cod_muni,departamento,municipio,anio,poblacion_total,poblacion_cabecera,poblacion_rural,pct_rural
05001,Antioquia,Medellín,2023,2518480.0,2469958.0,48522.0,1.93
05001,Antioquia,Medellín,2024,2524747.0,2476134.0,48613.0,1.93
05001,Antioquia,Medellín,2025,2528343.0,2479683.0,48660.0,1.92
05002,Antioquia,Abejorral,2023,21030.0,8350.0,12680.0,60.29
05002,Antioquia,Abejorral,2024,21121.0,8361.0,12760.0,60.41
05002,Antioquia,Abejorral,2025,21147.0,8450.0,12697.0,60.04
05004,Antioquia,Abriaquí,2023,2782.0,894.0,1888.0,67.86
05004,Antioquia,Abriaquí,2024,2810.0,898.0,1912.0,68.04
05004,Antioquia,Abriaquí,2025,2807.0,911.0,1896.0,67.55
05021,Antioquia,Alejandría,2023,5130.0,2863.0,2267.0,44.19
05021,Antioquia,Alejandría,2024,5196.0,2895.0,2301.0,44.28
05021,Antioquia,Alejandría,2025,5285.0,2966.0,2319.0,43.88
05030,Antioquia,Amagá,2023,32238.0,15753.0,16485.0,51.14
05030,Antioquia,Amagá,2024,32595.0,15881.0,16714.0,51.28
05030,Antioquia,Amagá,2025,32858.0,16131.0,16727.0,50.91
05031,Antioquia,Amalfi,2023,28334.0,16306.0,12028.0,42.45
05031,Antioquia,Amalfi,2024,28716.0,16464.0,12252.0,42.67
05031,Antioquia,Amalfi,2025,29054.0,16747.0,12307.0,42.36
05034,Antioquia,Andes,2023,44976.0,21906.0,23070.0,51.29
05034,Antioquia,Andes,2024,45212.0,21958.0,23254.0,51.43
05034,Antioquia,Andes,2025,45367.0,22197.0,23170.0,51.07
05036,Antioquia,Angelópolis,2023,6096.0,2465.0,3631.0,59.56
05036,Antioquia,Angelópolis,2024,6149.0,2468.0,3681.0,59.86
05036,Antioquia,Angelópolis,2025,6203.0,2530.0,3673.0,59.21
05038,Antioquia,Angostura,2023,12256.0,3021.0,9235.0,75.35
05038,Antioquia,Angostura,2024,12413.0,3058.0,9355.0,75.36
05038,Antioquia,Angostura,2025,12511.0,3144.0,9367.0,74.87
05040,Antioquia,Anorí,2023,20320.0,8935.0,11385.0,56.03
05040,Antioquia,Anorí,2024,20688.0,9076.0,11612.0,56.13
05040,Antioquia,Anorí,2025,21035.0,9307.0,11728.0,55.75
05042,Antioquia,Santafé de Antioquia,2023,27882.0,18024.0,9858.0,35.36
05042,Antioquia,Santafé de Antioquia,2024,28130.0,18137.0,9993.0,35.52
05042,Antioquia,Santafé de Antioquia,2025,28421.0,18411.0,10010.0,35.22
05044,Antioquia,Anzá,2023,7543.0,1532.0,6011.0,79.69
05044,Antioquia,Anzá,2024,7628.0,1563.0,6065.0,79.51
05044,Antioquia,Anzá,2025,7681.0,1602.0,6079.0,79.14
05045,Antioquia,Apartadó,2023,124339.0,103539.0,20800.0,16.73
05045,Antioquia,Apartadó,2024,124423.0,103476.0,20947.0,16.84
05045,Antioquia,Apartadó,2025,125203.0,104385.0,20818.0,16.63
05051,Antioquia,Arboletes,2023,31150.0,11620.0,19530.0,62.7
05051,Antioquia,Arboletes,2024,31449.0,11926.0,19523.0,62.08
05051,Antioquia,Arboletes,2025,31707.0,12212.0,19495.0,61.48
05055,Antioquia,Argelia,2023,8099.0,3819.0,4280.0,52.85
05055,Antioquia,Argelia,2024,8170.0,3833.0,4337.0,53.08
05055,Antioquia,Argelia,2025,8215.0,3893.0,4322.0,52.61
05059,Antioquia,Armenia,2023,5286.0,1888.0,3398.0,64.28
05059,Antioquia,Armenia,2024,5308.0,1897.0,3411.0,64.26
05059,Antioquia,Armenia,2025,5310.0,1917.0,3393.0,63.9
05079,Antioquia,Barbosa,2023,61506.0,25977.0,35529.0,57.77
05079,Antioquia,Barbosa,2024,62506.0,26506.0,36000.0,57.59
05079,Antioquia,Barbosa,2025,63455.0,27023.0,36432.0,57.41
05086,Antioquia,Belmira,2023,6149.0,1772.0,4377.0,71.18
05086,Antioquia,Belmira,2024,6193.0,1785.0,4408.0,71.18
05086,Antioquia,Belmira,2025,6151.0,1793.0,4358.0,70.85
05088,Antioquia,Bello,2023,584062.0,562204.0,21858.0,3.74
05088,Antioquia,Bello,2024,593344.0,571623.0,21721.0,3.66
05088,Antioquia,Bello,2025,601916.0,580365.0,21551.0,3.58
05091,Antioquia,Betania,2023,10686.0,3925.0,6761.0,63.27
05091,Antioquia,Betania,2024,10758.0,3945.0,6813.0,63.33
05091,Antioquia,Betania,2025,10751.0,3992.0,6759.0,62.87
05093,Antioquia,Betulia,2023,16667.0,4949.0,11718.0,70.31
05093,Antioquia,Betulia,2024,16861.0,5002.0,11859.0,70.33
05093,Antioquia,Betulia,2025,16980.0,5110.0,11870.0,69.91
05101,Antioquia,Ciudad Bolívar,2023,27252.0,16776.0,10476.0,38.44
05101,Antioquia,Ciudad Bolívar,2024,27391.0,16815.0,10576.0,38.61
05101,Antioquia,Ciudad Bolívar,2025,27573.0,17015.0,10558.0,38.29
05107,Antioquia,Briceño,2023,8041.0,2804.0,5237.0,65.13
05107,Antioquia,Briceño,2024,8023.0,2802.0,5221.0,65.08
05107,Antioquia,Briceño,2025,7957.0,2808.0,5149.0,64.71
05113,Antioquia,Buriticá,2023,10605.0,2772.0,7833.0,73.86
05113,Antioquia,Buriticá,2024,10848.0,2834.0,8014.0,73.88
05113,Antioquia,Buriticá,2025,11015.0,2928.0,8087.0,73.42
05120,Antioquia,Cáceres,2023,29240.0,6546.0,22694.0,77.61
05120,Antioquia,Cáceres,2024,29159.0,6711.0,22448.0,76.98
05120,Antioquia,Cáceres,2025,29067.0,6871.0,22196.0,76.36
05125,Antioquia,Caicedo,2023,8920.0,1994.0,6926.0,77.65
05125,Antioquia,Caicedo,2024,9036.0,2032.0,7004.0,77.51
05125,Antioquia,Caicedo,2025,9107.0,2083.0,7024.0,77.13
05129,Antioquia,Caldas,2023,87460.0,68906.0,18554.0,21.21
05129,Antioquia,Caldas,2024,88316.0,69639.0,18677.0,21.15
05129,Antioquia,Caldas,2025,89072.0,70292.0,18780.0,21.08
05134,Antioquia,Campamento,2023,9811.0,2914.0,6897.0,70.3
05134,Antioquia,Campamento,2024,9940.0,2965.0,6975.0,70.17
05134,Antioquia,Campamento,2025,10005.0,3029.0,6976.0,69.73
05138,Antioquia,Cañasgordas,2023,15570.0,5428.0,10142.0,65.14
05138,Antioquia,Cañasgordas,2024,15570.0,5417.0,10153.0,65.21
05138,Antioquia,Cañasgordas,2025,15470.0,5443.0,10027.0,64.82
05142,Antioquia,Caracolí,2023,4541.0,2792.0,1749.0,38.52
05142,Antioquia,Caracolí,2024,4538.0,2774.0,1764.0,38.87
05142,Antioquia,Caracolí,2025,4510.0,2770.0,1740.0,38.58
05145,Antioquia,Caramanta,2023,4590.0,2187.0,2403.0,52.35
05145,Antioquia,Caramanta,2024,4556.0,2166.0,2390.0,52.46
05145,Antioquia,Caramanta,2025,4499.0,2153.0,2346.0,52.14
05147,Antioquia,Carepa,2023,50303.0,36111.0,14192.0,28.21
05147,Antioquia,Carepa,2024,50543.0,36228.0,14315.0,28.32
05147,Antioquia,Carepa,2025,50952.0,36681.0,14271.0,28.01
05148,Antioquia,El Carmen de Viboral,2023,67061.0,39720.0,27341.0,40.77
05148,Antioquia,El Carmen de Viboral,2024,68325.0,40335.0,27990.0,40.97
05148,Antioquia,El Carmen de Viboral,2025,69588.0,41308.0,28280.0,40.64
05150,Antioquia,Carolina,2023,3976.0,3006.0,970.0,24.4
05150,Antioquia,Carolina,2024,3947.0,2977.0,970.0,24.58
05150,Antioquia,Carolina,2025,3942.0,2988.0,954.0,24.2
05154,Antioquia,Caucasia,2023,93262.0,82769.0,10493.0,11.25
05154,Antioquia,Caucasia,2024,93572.0,83300.0,10272.0,10.98
05154,Antioquia,Caucasia,2025,93843.0,83783.0,10060.0,10.72
05172,Antioquia,Chigorodó,2023,57067.0,47852.0,9215.0,16.15
05172,Antioquia,Chigorodó,2024,56758.0,47530.0,9228.0,16.26
05172,Antioquia,Chigorodó,2025,56738.0,47620.0,9118.0,16.07
05190,Antioquia,Cisneros,2023,10033.0,8780.0,1253.0,12.49
05190,Antioquia,Cisneros,2024,10040.0,8778.0,1262.0,12.57
05190,Antioquia,Cisneros,2025,10092.0,8840.0,1252.0,12.41
05197,Antioquia,Cocorná,2023,15981.0,7212.0,8769.0,54.87
05197,Antioquia,Cocorná,2024,16062.0,7233.0,8829.0,54.97
05197,Antioquia,Cocorná,2025,16089.0,7332.0,8757.0,54.43
05206,Antioquia,Concepción,2023,5052.0,2179.0,2873.0,56.87
05206,Antioquia,Concepción,2024,5108.0,2198.0,2910.0,56.97
05206,Antioquia,Concepción,2025,5112.0,2228.0,2884.0,56.42
05209,Antioquia,Concordia,2023,22061.0,7977.0,14084.0,63.84
05209,Antioquia,Concordia,2024,22182.0,8001.0,14181.0,63.93
05209,Antioquia,Concordia,2025,22163.0,8081.0,14082.0,63.54
05212,Antioquia,Copacabana,2023,88121.0,70448.0,17673.0,20.06
05212,Antioquia,Copacabana,2024,89546.0,71640.0,17906.0,20.0
05212,Antioquia,Copacabana,2025,90882.0,72771.0,18111.0,19.93
05234,Antioquia,Dabeiba,2023,24409.0,9908.0,14501.0,59.41
05234,Antioquia,Dabeiba,2024,24651.0,9967.0,14684.0,59.57
05234,Antioquia,Dabeiba,2025,24808.0,10136.0,14672.0,59.14
05237,Antioquia,Donmatías,2023,19621.0,12858.0,6763.0,34.47
05237,Antioquia,Donmatías,2024,19689.0,12869.0,6820.0,34.64
05237,Antioquia,Donmatías,2025,19793.0,12986.0,6807.0,34.39
05240,Antioquia,Ebéjico,2023,12553.0,2627.0,9926.0,79.07
05240,Antioquia,Ebéjico,2024,12627.0,2653.0,9974.0,78.99
05240,Antioquia,Ebéjico,2025,12612.0,2709.0,9903.0,78.52
05250,Antioquia,El Bagre,2023,55234.0,36839.0,18395.0,33.3
05250,Antioquia,El Bagre,2024,55742.0,37429.0,18313.0,32.85
05250,Antioquia,El Bagre,2025,56197.0,37980.0,18217.0,32.42
05264,Antioquia,Entrerríos,2023,12348.0,6475.0,5873.0,47.56
05264,Antioquia,Entrerríos,2024,12568.0,6559.0,6009.0,47.81
05264,Antioquia,Entrerríos,2025,12736.0,6699.0,6037.0,47.4
05266,Antioquia,Envigado,2023,256042.0,245070.0,10972.0,4.29
05266,Antioquia,Envigado,2024,260430.0,249487.0,10943.0,4.2
05266,Antioquia,Envigado,2025,264637.0,253737.0,10900.0,4.12
05282,Antioquia,Fredonia,2023,25957.0,8931.0,17026.0,65.59
05282,Antioquia,Fredonia,2024,26245.0,9012.0,17233.0,65.66
05282,Antioquia,Fredonia,2025,26401.0,9164.0,17237.0,65.29
05284,Antioquia,Frontino,2023,21588.0,9502.0,12086.0,55.98
05284,Antioquia,Frontino,2024,21716.0,9530.0,12186.0,56.12
05284,Antioquia,Frontino,2025,21778.0,9639.0,12139.0,55.74
05306,Antioquia,Giraldo,2023,6189.0,2426.0,3763.0,60.8
05306,Antioquia,Giraldo,2024,6331.0,2477.0,3854.0,60.88
05306,Antioquia,Giraldo,2025,6404.0,2533.0,3871.0,60.45
05308,Antioquia,Girardota,2023,59708.0,32607.0,27101.0,45.39
05308,Antioquia,Girardota,2024,60604.0,33172.0,27432.0,45.26
05308,Antioquia,Girardota,2025,61439.0,33686.0,27753.0,45.17
05310,Antioquia,Gómez Plata,2023,10215.0,5473.0,4742.0,46.42
05310,Antioquia,Gómez Plata,2024,10301.0,5510.0,4791.0,46.51
05310,Antioquia,Gómez Plata,2025,10373.0,5578.0,4795.0,46.23
05313,Antioquia,Granada,2023,10442.0,5803.0,4639.0,44.43
05313,Antioquia,Granada,2024,10463.0,5797.0,4666.0,44.6
05313,Antioquia,Granada,2025,10511.0,5844.0,4667.0,44.4
05315,Antioquia,Guadalupe,2023,6914.0,2511.0,4403.0,63.68
05315,Antioquia,Guadalupe,2024,6975.0,2522.0,4453.0,63.84
05315,Antioquia,Guadalupe,2025,7009.0,2562.0,4447.0,63.45
05318,Antioquia,Guarne,2023,62651.0,21869.0,40782.0,65.09
05318,Antioquia,Guarne,2024,64068.0,22315.0,41753.0,65.17
05318,Antioquia,Guarne,2025,65173.0,22966.0,42207.0,64.76
05321,Antioquia,Guatapé,2023,9368.0,6189.0,3179.0,33.93
05321,Antioquia,Guatapé,2024,9518.0,6273.0,3245.0,34.09
05321,Antioquia,Guatapé,2025,9695.0,6411.0,3284.0,33.87
05347,Antioquia,Heliconia,2023,5175.0,2329.0,2846.0,55.0
05347,Antioquia,Heliconia,2024,5126.0,2306.0,2820.0,55.01
05347,Antioquia,Heliconia,2025,5038.0,2289.0,2749.0,54.57
05353,Antioquia,Hispania,2023,5818.0,3753.0,2065.0,35.49
05353,Antioquia,Hispania,2024,5862.0,3780.0,2082.0,35.52
05353,Antioquia,Hispania,2025,5929.0,3839.0,2090.0,35.25
05360,Antioquia,Itagüí,2023,299320.0,270014.0,29306.0,9.79
05360,Antioquia,Itagüí,2024,302075.0,272712.0,29363.0,9.72
05360,Antioquia,Itagüí,2025,304527.0,275129.0,29398.0,9.65
05361,Antioquia,Ituango,2023,28961.0,8179.0,20782.0,71.76
05361,Antioquia,Ituango,2024,29342.0,8288.0,21054.0,71.75
05361,Antioquia,Ituango,2025,29515.0,8459.0,21056.0,71.34
05364,Antioquia,Jardín,2023,15227.0,8263.0,6964.0,45.73
05364,Antioquia,Jardín,2024,15350.0,8303.0,7047.0,45.91
05364,Antioquia,Jardín,2025,15433.0,8402.0,7031.0,45.56
05368,Antioquia,Jericó,2023,14215.0,8210.0,6005.0,42.24
05368,Antioquia,Jericó,2024,14317.0,8235.0,6082.0,42.48
05368,Antioquia,Jericó,2025,14376.0,8322.0,6054.0,42.11
05376,Antioquia,La Ceja,2023,71255.0,61656.0,9599.0,13.47
05376,Antioquia,La Ceja,2024,72033.0,62287.0,9746.0,13.53
05376,Antioquia,La Ceja,2025,73275.0,63489.0,9786.0,13.36
05380,Antioquia,La Estrella,2023,80676.0,68821.0,11855.0,14.69
05380,Antioquia,La Estrella,2024,81925.0,69914.0,12011.0,14.66
05380,Antioquia,La Estrella,2025,83089.0,70942.0,12147.0,14.62
05390,Antioquia,La Pintada,2023,8520.0,7607.0,913.0,10.72
05390,Antioquia,La Pintada,2024,8554.0,7634.0,920.0,10.76
05390,Antioquia,La Pintada,2025,8654.0,7727.0,927.0,10.71
05400,Antioquia,La Unión,2023,23399.0,14407.0,8992.0,38.43
05400,Antioquia,La Unión,2024,23718.0,14568.0,9150.0,38.58
05400,Antioquia,La Unión,2025,24057.0,14851.0,9206.0,38.27
05411,Antioquia,Liborina,2023,10675.0,2648.0,8027.0,75.19
05411,Antioquia,Liborina,2024,10817.0,2699.0,8118.0,75.05
05411,Antioquia,Liborina,2025,10854.0,2753.0,8101.0,74.64
05425,Antioquia,Maceo,2023,8725.0,3451.0,5274.0,60.45
05425,Antioquia,Maceo,2024,8808.0,3474.0,5334.0,60.56
05425,Antioquia,Maceo,2025,8873.0,3538.0,5335.0,60.13
05440,Antioquia,Marinilla,2023,71999.0,50767.0,21232.0,29.49
05440,Antioquia,Marinilla,2024,73095.0,51431.0,21664.0,29.64
05440,Antioquia,Marinilla,2025,74390.0,52542.0,21848.0,29.37
05467,Antioquia,Montebello,2023,6608.0,2031.0,4577.0,69.26
05467,Antioquia,Montebello,2024,6595.0,2035.0,4560.0,69.14
05467,Antioquia,Montebello,2025,6538.0,2045.0,4493.0,68.72
05475,Antioquia,Murindó,2023,5636.0,2071.0,3565.0,63.25
05475,Antioquia,Murindó,2024,5769.0,2103.0,3666.0,63.55
05475,Antioquia,Murindó,2025,5896.0,2170.0,3726.0,63.2
05480,Antioquia,Mutatá,2023,13895.0,5405.0,8490.0,61.1
05480,Antioquia,Mutatá,2024,13872.0,5387.0,8485.0,61.17
05480,Antioquia,Mutatá,2025,13821.0,5442.0,8379.0,60.63
05483,Antioquia,Nariño,2023,10787.0,3571.0,7216.0,66.9
05483,Antioquia,Nariño,2024,10906.0,3608.0,7298.0,66.92
05483,Antioquia,Nariño,2025,11000.0,3686.0,7314.0,66.49
05490,Antioquia,Necoclí,2023,42628.0,12026.0,30602.0,71.79
05490,Antioquia,Necoclí,2024,42718.0,12061.0,30657.0,71.77
05490,Antioquia,Necoclí,2025,42569.0,12212.0,30357.0,71.31
05495,Antioquia,Nechí,2023,28513.0,15666.0,12847.0,45.06
05495,Antioquia,Nechí,2024,28955.0,16054.0,12901.0,44.56
05495,Antioquia,Nechí,2025,29415.0,16464.0,12951.0,44.03
05501,Antioquia,Olaya,2023,3367.0,326.0,3041.0,90.32
05501,Antioquia,Olaya,2024,3431.0,351.0,3080.0,89.77
05501,Antioquia,Olaya,2025,3469.0,377.0,3092.0,89.13
05541,Antioquia,Peñol,2023,23147.0,12583.0,10564.0,45.64
05541,Antioquia,Peñol,2024,23491.0,12735.0,10756.0,45.79
05541,Antioquia,Peñol,2025,23827.0,13009.0,10818.0,45.4
05543,Antioquia,Peque,2023,8617.0,2690.0,5927.0,68.78
05543,Antioquia,Peque,2024,8733.0,2725.0,6008.0,68.8
05543,Antioquia,Peque,2025,8782.0,2779.0,6003.0,68.36
05576,Antioquia,Pueblorrico,2023,8983.0,4800.0,4183.0,46.57
05576,Antioquia,Pueblorrico,2024,9040.0,4805.0,4235.0,46.85
05576,Antioquia,Pueblorrico,2025,9053.0,4845.0,4208.0,46.48
05579,Antioquia,Puerto Berrío,2023,39383.0,33567.0,5816.0,14.77
05579,Antioquia,Puerto Berrío,2024,39164.0,33359.0,5805.0,14.82
05579,Antioquia,Puerto Berrío,2025,39192.0,33461.0,5731.0,14.62
05585,Antioquia,Puerto Nare,2023,15293.0,5130.0,10163.0,66.46
05585,Antioquia,Puerto Nare,2024,15465.0,5190.0,10275.0,66.44
05585,Antioquia,Puerto Nare,2025,15584.0,5304.0,10280.0,65.97
05591,Antioquia,Puerto Triunfo,2023,19661.0,3634.0,16027.0,81.52
05591,Antioquia,Puerto Triunfo,2024,20006.0,3735.0,16271.0,81.33
05591,Antioquia,Puerto Triunfo,2025,20173.0,3864.0,16309.0,80.85
05604,Antioquia,Remedios,2023,31804.0,13734.0,18070.0,56.82
05604,Antioquia,Remedios,2024,32457.0,13964.0,18493.0,56.98
05604,Antioquia,Remedios,2025,33021.0,14344.0,18677.0,56.56
05607,Antioquia,Retiro,2023,26306.0,14399.0,11907.0,45.26
05607,Antioquia,Retiro,2024,26766.0,14610.0,12156.0,45.42
05607,Antioquia,Retiro,2025,27218.0,14951.0,12267.0,45.07
05615,Antioquia,Rionegro,2023,149627.0,94064.0,55563.0,37.13
05615,Antioquia,Rionegro,2024,151872.0,95162.0,56710.0,37.34
05615,Antioquia,Rionegro,2025,154192.0,97065.0,57127.0,37.05
05628,Antioquia,Sabanalarga,2023,9692.0,3403.0,6289.0,64.89
05628,Antioquia,Sabanalarga,2024,9827.0,3448.0,6379.0,64.91
05628,Antioquia,Sabanalarga,2025,9909.0,3524.0,6385.0,64.44
05631,Antioquia,Sabaneta,2023,100767.0,86918.0,13849.0,13.74
05631,Antioquia,Sabaneta,2024,103765.0,89600.0,14165.0,13.65
05631,Antioquia,Sabaneta,2025,106652.0,92182.0,14470.0,13.57
05642,Antioquia,Salgar,2023,18844.0,7399.0,11445.0,60.74
05642,Antioquia,Salgar,2024,18915.0,7416.0,11499.0,60.79
05642,Antioquia,Salgar,2025,18925.0,7492.0,11433.0,60.41
05647,Antioquia,San Andrés de Cuerquía,2023,7389.0,3110.0,4279.0,57.91
05647,Antioquia,San Andrés de Cuerquía,2024,7406.0,3113.0,4293.0,57.97
05647,Antioquia,San Andrés de Cuerquía,2025,7402.0,3139.0,4263.0,57.59
05649,Antioquia,San Carlos,2023,16827.0,7827.0,9000.0,53.49
05649,Antioquia,San Carlos,2024,16912.0,7835.0,9077.0,53.67
05649,Antioquia,San Carlos,2025,16938.0,7906.0,9032.0,53.32
05652,Antioquia,San Francisco,2023,5960.0,2726.0,3234.0,54.26
05652,Antioquia,San Francisco,2024,6013.0,2736.0,3277.0,54.5
05652,Antioquia,San Francisco,2025,6058.0,2788.0,3270.0,53.98
05656,Antioquia,San Jerónimo,2023,17549.0,7989.0,9560.0,54.48
05656,Antioquia,San Jerónimo,2024,17982.0,8146.0,9836.0,54.7
05656,Antioquia,San Jerónimo,2025,18345.0,8380.0,9965.0,54.32
05658,Antioquia,San José de La Montaña,2023,3924.0,2536.0,1388.0,35.37
05658,Antioquia,San José de La Montaña,2024,3963.0,2561.0,1402.0,35.38
05658,Antioquia,San José de La Montaña,2025,4017.0,2599.0,1418.0,35.3
05659,Antioquia,San Juan de Urabá,2023,20094.0,7437.0,12657.0,62.99
05659,Antioquia,San Juan de Urabá,2024,20025.0,7531.0,12494.0,62.39
05659,Antioquia,San Juan de Urabá,2025,19946.0,7633.0,12313.0,61.73
05660,Antioquia,San Luis,2023,14066.0,8438.0,5628.0,40.01
05660,Antioquia,San Luis,2024,14242.0,8524.0,5718.0,40.15
05660,Antioquia,San Luis,2025,14447.0,8692.0,5755.0,39.84
05664,Antioquia,San Pedro de Los Milagros,2023,22311.0,12587.0,9724.0,43.58
05664,Antioquia,San Pedro de Los Milagros,2024,22297.0,12551.0,9746.0,43.71
05664,Antioquia,San Pedro de Los Milagros,2025,22287.0,12627.0,9660.0,43.34
05665,Antioquia,San Pedro de Urabá,2023,32182.0,14664.0,17518.0,54.43
05665,Antioquia,San Pedro de Urabá,2024,32352.0,14950.0,17402.0,53.79
05665,Antioquia,San Pedro de Urabá,2025,32471.0,15201.0,17270.0,53.19
05667,Antioquia,San Rafael,2023,16982.0,8749.0,8233.0,48.48
05667,Antioquia,San Rafael,2024,17222.0,8841.0,8381.0,48.66
05667,Antioquia,San Rafael,2025,17411.0,8991.0,8420.0,48.36
05670,Antioquia,San Roque,2023,23768.0,7812.0,15956.0,67.13
05670,Antioquia,San Roque,2024,24238.0,7971.0,16267.0,67.11
05670,Antioquia,San Roque,2025,24555.0,8183.0,16372.0,66.67
05674,Antioquia,San Vicente,2023,24116.0,6703.0,17413.0,72.21
05674,Antioquia,San Vicente,2024,24534.0,6842.0,17692.0,72.11
05674,Antioquia,San Vicente,2025,24776.0,7025.0,17751.0,71.65
05679,Antioquia,Santa Bárbara,2023,28829.0,13650.0,15179.0,52.65
05679,Antioquia,Santa Bárbara,2024,29171.0,13769.0,15402.0,52.8
05679,Antioquia,Santa Bárbara,2025,29470.0,14019.0,15451.0,52.43
05686,Antioquia,Santa Rosa de Osos,2023,39288.0,22342.0,16946.0,43.13
05686,Antioquia,Santa Rosa de Osos,2024,39788.0,22558.0,17230.0,43.3
05686,Antioquia,Santa Rosa de Osos,2025,40261.0,22963.0,17298.0,42.96
05690,Antioquia,Santo Domingo,2023,13254.0,3253.0,10001.0,75.46
05690,Antioquia,Santo Domingo,2024,13434.0,3314.0,10120.0,75.33
05690,Antioquia,Santo Domingo,2025,13488.0,3375.0,10113.0,74.98
05697,Antioquia,El Santuario,2023,38877.0,27915.0,10962.0,28.2
05697,Antioquia,El Santuario,2024,39396.0,28231.0,11165.0,28.34
05697,Antioquia,El Santuario,2025,39984.0,28762.0,11222.0,28.07
05736,Antioquia,Segovia,2023,39062.0,31845.0,7217.0,18.48
05736,Antioquia,Segovia,2024,39116.0,31846.0,7270.0,18.59
05736,Antioquia,Segovia,2025,39343.0,32112.0,7231.0,18.38
05756,Antioquia,Sonsón,2023,36248.0,17698.0,18550.0,51.18
05756,Antioquia,Sonsón,2024,36144.0,17569.0,18575.0,51.39
05756,Antioquia,Sonsón,2025,35980.0,17629.0,18351.0,51.0
05761,Antioquia,Sopetrán,2023,16164.0,7258.0,8906.0,55.1
05761,Antioquia,Sopetrán,2024,16366.0,7321.0,9045.0,55.27
05761,Antioquia,Sopetrán,2025,16523.0,7451.0,9072.0,54.91
05789,Antioquia,Támesis,2023,16637.0,7818.0,8819.0,53.01
05789,Antioquia,Támesis,2024,16676.0,7807.0,8869.0,53.18
05789,Antioquia,Támesis,2025,16674.0,7873.0,8801.0,52.78
05790,Antioquia,Tarazá,2023,28729.0,14668.0,14061.0,48.94
05790,Antioquia,Tarazá,2024,29027.0,14983.0,14044.0,48.38
05790,Antioquia,Tarazá,2025,29298.0,15278.0,14020.0,47.85
05792,Antioquia,Tarso,2023,6470.0,3618.0,2852.0,44.08
05792,Antioquia,Tarso,2024,6530.0,3639.0,2891.0,44.27
05792,Antioquia,Tarso,2025,6556.0,3684.0,2872.0,43.81
05809,Antioquia,Titiribí,2023,11348.0,5225.0,6123.0,53.96
05809,Antioquia,Titiribí,2024,11449.0,5263.0,6186.0,54.03
05809,Antioquia,Titiribí,2025,11537.0,5355.0,6182.0,53.58
05819,Antioquia,Toledo,2023,4905.0,1776.0,3129.0,63.79
05819,Antioquia,Toledo,2024,4867.0,1759.0,3108.0,63.86
05819,Antioquia,Toledo,2025,4824.0,1758.0,3066.0,63.56
05837,Antioquia,Turbo,2023,129280.0,52830.0,76450.0,59.14
05837,Antioquia,Turbo,2024,130019.0,52986.0,77033.0,59.25
05837,Antioquia,Turbo,2025,130233.0,53584.0,76649.0,58.86
05842,Antioquia,Uramita,2023,7345.0,2424.0,4921.0,67.0
05842,Antioquia,Uramita,2024,7406.0,2425.0,4981.0,67.26
05842,Antioquia,Uramita,2025,7455.0,2483.0,4972.0,66.69
05847,Antioquia,Urrao,2023,31559.0,17266.0,14293.0,45.29
05847,Antioquia,Urrao,2024,31776.0,17332.0,14444.0,45.46
05847,Antioquia,Urrao,2025,31988.0,17553.0,14435.0,45.13
05854,Antioquia,Valdivia,2023,14720.0,4271.0,10449.0,70.99
05854,Antioquia,Valdivia,2024,14927.0,4331.0,10596.0,70.99
05854,Antioquia,Valdivia,2025,15014.0,4414.0,10600.0,70.6
05856,Antioquia,Valparaíso,2023,6667.0,3882.0,2785.0,41.77
05856,Antioquia,Valparaíso,2024,6683.0,3888.0,2795.0,41.82
05856,Antioquia,Valparaíso,2025,6714.0,3924.0,2790.0,41.55
05858,Antioquia,Vegachí,2023,12114.0,8557.0,3557.0,29.36
05858,Antioquia,Vegachí,2024,12126.0,8554.0,3572.0,29.46
05858,Antioquia,Vegachí,2025,12160.0,8600.0,3560.0,29.28
05861,Antioquia,Venecia,2023,12222.0,5617.0,6605.0,54.04
05861,Antioquia,Venecia,2024,12343.0,5659.0,6684.0,54.15
05861,Antioquia,Venecia,2025,12412.0,5742.0,6670.0,53.74
05873,Antioquia,Vigía del Fuerte,2023,10815.0,3880.0,6935.0,64.12
05873,Antioquia,Vigía del Fuerte,2024,11150.0,3985.0,7165.0,64.26
05873,Antioquia,Vigía del Fuerte,2025,11430.0,4131.0,7299.0,63.86
05885,Antioquia,Yalí,2023,7729.0,3774.0,3955.0,51.17
05885,Antioquia,Yalí,2024,7746.0,3768.0,3978.0,51.36
05885,Antioquia,Yalí,2025,7719.0,3779.0,3940.0,51.04
05887,Antioquia,Yarumal,2023,41983.0,30099.0,11884.0,28.31
05887,Antioquia,Yarumal,2024,41862.0,29938.0,11924.0,28.48
05887,Antioquia,Yarumal,2025,41884.0,30065.0,11819.0,28.22
05890,Antioquia,Yolombó,2023,24454.0,7690.0,16764.0,68.55
05890,Antioquia,Yolombó,2024,24828.0,7798.0,17030.0,68.59
05890,Antioquia,Yolombó,2025,25038.0,7967.0,17071.0,68.18
05893,Antioquia,Yondó,2023,21255.0,11131.0,10124.0,47.63
05893,Antioquia,Yondó,2024,21677.0,11310.0,10367.0,47.82
05893,Antioquia,Yondó,2025,22061.0,11587.0,10474.0,47.48
05895,Antioquia,Zaragoza,2023,26283.0,12978.0,13305.0,50.62
05895,Antioquia,Zaragoza,2024,26532.0,13269.0,13263.0,49.99
05895,Antioquia,Zaragoza,2025,26785.0,13547.0,13238.0,49.42
08001,Atlántico,Barranquilla,2023,1277216.0,1276498.0,718.0,0.06
08001,Atlántico,Barranquilla,2024,1279120.0,1278419.0,701.0,0.05
08001,Atlántico,Barranquilla,2025,1279344.0,1278651.0,693.0,0.05
08078,Atlántico,Baranoa,2023,72072.0,60454.0,11618.0,16.12
08078,Atlántico,Baranoa,2024,73740.0,61971.0,11769.0,15.96
08078,Atlántico,Baranoa,2025,75389.0,63480.0,11909.0,15.8
08137,Atlántico,Campo de La Cruz,2023,26217.0,22842.0,3375.0,12.87
08137,Atlántico,Campo de La Cruz,2024,26781.0,23350.0,3431.0,12.81
08137,Atlántico,Campo de La Cruz,2025,27320.0,23858.0,3462.0,12.67
08141,Atlántico,Candelaria,2023,18647.0,13603.0,5044.0,27.05
08141,Atlántico,Candelaria,2024,19104.0,13976.0,5128.0,26.84
08141,Atlántico,Candelaria,2025,19516.0,14333.0,5183.0,26.56
08296,Atlántico,Galapa,2023,68313.0,63228.0,5085.0,7.44
08296,Atlántico,Galapa,2024,69030.0,63895.0,5135.0,7.44
08296,Atlántico,Galapa,2025,69643.0,64476.0,5167.0,7.42
08372,Atlántico,Juan de Acosta,2023,23545.0,15104.0,8441.0,35.85
08372,Atlántico,Juan de Acosta,2024,23939.0,15423.0,8516.0,35.57
08372,Atlántico,Juan de Acosta,2025,24309.0,15738.0,8571.0,35.26
08421,Atlántico,Luruaco,2023,31844.0,16657.0,15187.0,47.69
08421,Atlántico,Luruaco,2024,32443.0,17059.0,15384.0,47.42
08421,Atlántico,Luruaco,2025,33013.0,17460.0,15553.0,47.11
08433,Atlántico,Malambo,2023,146583.0,136564.0,10019.0,6.84
08433,Atlántico,Malambo,2024,149019.0,138844.0,10175.0,6.83
08433,Atlántico,Malambo,2025,151319.0,140986.0,10333.0,6.83
08436,Atlántico,Manatí,2023,22882.0,20248.0,2634.0,11.51
08436,Atlántico,Manatí,2024,23362.0,20695.0,2667.0,11.42
08436,Atlántico,Manatí,2025,23834.0,21126.0,2708.0,11.36
08520,Atlántico,Palmar de Varela,2023,33778.0,32487.0,1291.0,3.82
08520,Atlántico,Palmar de Varela,2024,34647.0,33333.0,1314.0,3.79
08520,Atlántico,Palmar de Varela,2025,35503.0,34184.0,1319.0,3.72
08549,Atlántico,Piojó,2023,7571.0,3348.0,4223.0,55.78
08549,Atlántico,Piojó,2024,7724.0,3449.0,4275.0,55.35
08549,Atlántico,Piojó,2025,7876.0,3536.0,4340.0,55.1
08558,Atlántico,Polonuevo,2023,20628.0,17308.0,3320.0,16.09
08558,Atlántico,Polonuevo,2024,21012.0,17678.0,3334.0,15.87
08558,Atlántico,Polonuevo,2025,21402.0,18032.0,3370.0,15.75
08560,Atlántico,Ponedera,2023,26657.0,15663.0,10994.0,41.24
08560,Atlántico,Ponedera,2024,27097.0,15990.0,11107.0,40.99
08560,Atlántico,Ponedera,2025,27507.0,16310.0,11197.0,40.71
08573,Atlántico,Puerto Colombia,2023,60841.0,53022.0,7819.0,12.85
08573,Atlántico,Puerto Colombia,2024,62582.0,54561.0,8021.0,12.82
08573,Atlántico,Puerto Colombia,2025,64226.0,56016.0,8210.0,12.78
08606,Atlántico,Repelón,2023,29382.0,20153.0,9229.0,31.41
08606,Atlántico,Repelón,2024,29894.0,20569.0,9325.0,31.19
08606,Atlántico,Repelón,2025,30377.0,20978.0,9399.0,30.94
08634,Atlántico,Sabanagrande,2023,37771.0,36084.0,1687.0,4.47
08634,Atlántico,Sabanagrande,2024,38726.0,37014.0,1712.0,4.42
08634,Atlántico,Sabanagrande,2025,39668.0,37931.0,1737.0,4.38
08638,Atlántico,Sabanalarga,2023,102557.0,77686.0,24871.0,24.25
08638,Atlántico,Sabanalarga,2024,103909.0,78949.0,24960.0,24.02
08638,Atlántico,Sabanalarga,2025,105157.0,80138.0,25019.0,23.79
08675,Atlántico,Santa Lucía,2023,18699.0,16132.0,2567.0,13.73
08675,Atlántico,Santa Lucía,2024,19147.0,16550.0,2597.0,13.56
08675,Atlántico,Santa Lucía,2025,19570.0,16944.0,2626.0,13.42
08685,Atlántico,Santo Tomás,2023,35083.0,33218.0,1865.0,5.32
08685,Atlántico,Santo Tomás,2024,36050.0,34146.0,1904.0,5.28
08685,Atlántico,Santo Tomás,2025,36989.0,35069.0,1920.0,5.19
08758,Atlántico,Soledad,2023,696982.0,695891.0,1091.0,0.16
08758,Atlántico,Soledad,2024,710269.0,709180.0,1089.0,0.15
08758,Atlántico,Soledad,2025,722845.0,721770.0,1075.0,0.15
08770,Atlántico,Suan,2023,13814.0,12984.0,830.0,6.01
08770,Atlántico,Suan,2024,14150.0,13300.0,850.0,6.01
08770,Atlántico,Suan,2025,14460.0,13606.0,854.0,5.91
08832,Atlántico,Tubará,2023,19692.0,10211.0,9481.0,48.15
08832,Atlántico,Tubará,2024,20017.0,10443.0,9574.0,47.83
08832,Atlántico,Tubará,2025,20309.0,10647.0,9662.0,47.57
08849,Atlántico,Usiacurí,2023,14627.0,13681.0,946.0,6.47
08849,Atlántico,Usiacurí,2024,15033.0,14073.0,960.0,6.39
08849,Atlántico,Usiacurí,2025,15458.0,14477.0,981.0,6.35
11001,"Bogotá, D.C.","Bogotá, D.C.",2023,7883928.0,7854783.0,29145.0,0.37
11001,"Bogotá, D.C.","Bogotá, D.C.",2024,7918660.0,7888813.0,29847.0,0.38
11001,"Bogotá, D.C.","Bogotá, D.C.",2025,7942867.0,7912359.0,30508.0,0.38
13001,Bolívar,Cartagena de Indias,2023,1008354.0,903072.0,105282.0,10.44
13001,Bolívar,Cartagena de Indias,2024,1010408.0,903895.0,106513.0,10.54
13001,Bolívar,Cartagena de Indias,2025,1011520.0,903881.0,107639.0,10.64
13006,Bolívar,Achí,2023,27083.0,6105.0,20978.0,77.46
13006,Bolívar,Achí,2024,27507.0,6148.0,21359.0,77.65
13006,Bolívar,Achí,2025,27912.0,6167.0,21745.0,77.91
13030,Bolívar,Altos del Rosario,2023,11439.0,3953.0,7486.0,65.44
13030,Bolívar,Altos del Rosario,2024,11401.0,3905.0,7496.0,65.75
13030,Bolívar,Altos del Rosario,2025,11343.0,3860.0,7483.0,65.97
13042,Bolívar,Arenal,2023,8394.0,5013.0,3381.0,40.28
13042,Bolívar,Arenal,2024,8533.0,5077.0,3456.0,40.5
13042,Bolívar,Arenal,2025,8668.0,5121.0,3547.0,40.92
13052,Bolívar,Arjona,2023,72954.0,57750.0,15204.0,20.84
13052,Bolívar,Arjona,2024,73374.0,57989.0,15385.0,20.97
13052,Bolívar,Arjona,2025,73747.0,58185.0,15562.0,21.1
13062,Bolívar,Arroyohondo,2023,8528.0,4853.0,3675.0,43.09
13062,Bolívar,Arroyohondo,2024,8531.0,4850.0,3681.0,43.15
13062,Bolívar,Arroyohondo,2025,8506.0,4835.0,3671.0,43.16
13074,Bolívar,Barranco de Loba,2023,16946.0,6390.0,10556.0,62.29
13074,Bolívar,Barranco de Loba,2024,17222.0,6459.0,10763.0,62.5
13074,Bolívar,Barranco de Loba,2025,17437.0,6507.0,10930.0,62.68
13140,Bolívar,Calamar,2023,24554.0,14031.0,10523.0,42.86
13140,Bolívar,Calamar,2024,24810.0,14196.0,10614.0,42.78
13140,Bolívar,Calamar,2025,25055.0,14350.0,10705.0,42.73
13160,Bolívar,Cantagallo,2023,8759.0,4852.0,3907.0,44.61
13160,Bolívar,Cantagallo,2024,8825.0,4894.0,3931.0,44.54
13160,Bolívar,Cantagallo,2025,8898.0,4927.0,3971.0,44.63
13188,Bolívar,Cicuco,2023,15393.0,10006.0,5387.0,35.0
13188,Bolívar,Cicuco,2024,15697.0,10210.0,5487.0,34.96
13188,Bolívar,Cicuco,2025,16002.0,10413.0,5589.0,34.93
13212,Bolívar,Córdoba,2023,17906.0,4345.0,13561.0,75.73
13212,Bolívar,Córdoba,2024,18180.0,4304.0,13876.0,76.33
13212,Bolívar,Córdoba,2025,18432.0,4254.0,14178.0,76.92
13222,Bolívar,Clemencia,2023,15729.0,13253.0,2476.0,15.74
13222,Bolívar,Clemencia,2024,15919.0,13390.0,2529.0,15.89
13222,Bolívar,Clemencia,2025,16097.0,13529.0,2568.0,15.95
13244,Bolívar,El Carmen de Bolívar,2023,75759.0,55270.0,20489.0,27.04
13244,Bolívar,El Carmen de Bolívar,2024,76463.0,55843.0,20620.0,26.97
13244,Bolívar,El Carmen de Bolívar,2025,77083.0,56338.0,20745.0,26.91
13248,Bolívar,El Guamo,2023,9484.0,5143.0,4341.0,45.77
13248,Bolívar,El Guamo,2024,9616.0,5199.0,4417.0,45.93
13248,Bolívar,El Guamo,2025,9728.0,5264.0,4464.0,45.89
13268,Bolívar,El Peñón,2023,8033.0,2895.0,5138.0,63.96
13268,Bolívar,El Peñón,2024,8018.0,2871.0,5147.0,64.19
13268,Bolívar,El Peñón,2025,7963.0,2826.0,5137.0,64.51
13300,Bolívar,Hatillo de Loba,2023,13169.0,3286.0,9883.0,75.05
13300,Bolívar,Hatillo de Loba,2024,13252.0,3291.0,9961.0,75.17
13300,Bolívar,Hatillo de Loba,2025,13333.0,3289.0,10044.0,75.33
13430,Bolívar,Magangué,2023,147082.0,101657.0,45425.0,30.88
13430,Bolívar,Magangué,2024,149065.0,103078.0,45987.0,30.85
13430,Bolívar,Magangué,2025,150929.0,104415.0,46514.0,30.82
13433,Bolívar,Mahates,2023,31171.0,11289.0,19882.0,63.78
13433,Bolívar,Mahates,2024,31676.0,11425.0,20251.0,63.93
13433,Bolívar,Mahates,2025,32192.0,11553.0,20639.0,64.11
13440,Bolívar,Margarita,2023,11610.0,1842.0,9768.0,84.13
13440,Bolívar,Margarita,2024,11721.0,1832.0,9889.0,84.37
13440,Bolívar,Margarita,2025,11800.0,1802.0,9998.0,84.73
13442,Bolívar,María La Baja,2023,48770.0,21500.0,27270.0,55.92
13442,Bolívar,María La Baja,2024,48970.0,21564.0,27406.0,55.96
13442,Bolívar,María La Baja,2025,49112.0,21621.0,27491.0,55.98
13458,Bolívar,Montecristo,2023,16560.0,3925.0,12635.0,76.3
13458,Bolívar,Montecristo,2024,16510.0,3880.0,12630.0,76.5
13458,Bolívar,Montecristo,2025,16435.0,3821.0,12614.0,76.75
13468,Bolívar,Mompós,2023,48118.0,24597.0,23521.0,48.88
13468,Bolívar,Mompós,2024,48552.0,24772.0,23780.0,48.98
13468,Bolívar,Mompós,2025,48932.0,24915.0,24017.0,49.08
13473,Bolívar,Morales,2023,25250.0,7875.0,17375.0,68.81
13473,Bolívar,Morales,2024,25591.0,7917.0,17674.0,69.06
13473,Bolívar,Morales,2025,25879.0,7942.0,17937.0,69.31
13490,Bolívar,Norosí,2023,12099.0,2808.0,9291.0,76.79
13490,Bolívar,Norosí,2024,12515.0,2873.0,9642.0,77.04
13490,Bolívar,Norosí,2025,12874.0,2909.0,9965.0,77.4
13549,Bolívar,Pinillos,2023,25684.0,3751.0,21933.0,85.4
13549,Bolívar,Pinillos,2024,25747.0,3686.0,22061.0,85.68
13549,Bolívar,Pinillos,2025,25818.0,3646.0,22172.0,85.88
13580,Bolívar,Regidor,2023,7662.0,4746.0,2916.0,38.06
13580,Bolívar,Regidor,2024,7810.0,4820.0,2990.0,38.28
13580,Bolívar,Regidor,2025,7915.0,4869.0,3046.0,38.48
13600,Bolívar,Río Viejo,2023,12091.0,5789.0,6302.0,52.12
13600,Bolívar,Río Viejo,2024,12277.0,5848.0,6429.0,52.37
13600,Bolívar,Río Viejo,2025,12476.0,5921.0,6555.0,52.54
13620,Bolívar,San Cristóbal,2023,9325.0,7195.0,2130.0,22.84
13620,Bolívar,San Cristóbal,2024,9542.0,7361.0,2181.0,22.86
13620,Bolívar,San Cristóbal,2025,9752.0,7525.0,2227.0,22.84
13647,Bolívar,San Estanislao,2023,20670.0,13952.0,6718.0,32.5
13647,Bolívar,San Estanislao,2024,21053.0,14202.0,6851.0,32.54
13647,Bolívar,San Estanislao,2025,21426.0,14457.0,6969.0,32.53
13650,Bolívar,San Fernando,2023,12821.0,2077.0,10744.0,83.8
13650,Bolívar,San Fernando,2024,12766.0,2031.0,10735.0,84.09
13650,Bolívar,San Fernando,2025,12713.0,2010.0,10703.0,84.19
13654,Bolívar,San Jacinto,2023,26737.0,23103.0,3634.0,13.59
13654,Bolívar,San Jacinto,2024,27176.0,23489.0,3687.0,13.57
13654,Bolívar,San Jacinto,2025,27614.0,23866.0,3748.0,13.57
13655,Bolívar,San Jacinto del Cauca,2023,10601.0,2667.0,7934.0,74.84
13655,Bolívar,San Jacinto del Cauca,2024,10708.0,2674.0,8034.0,75.03
13655,Bolívar,San Jacinto del Cauca,2025,10804.0,2682.0,8122.0,75.18
13657,Bolívar,San Juan Nepomuceno,2023,41331.0,30717.0,10614.0,25.68
13657,Bolívar,San Juan Nepomuceno,2024,42048.0,31269.0,10779.0,25.63
13657,Bolívar,San Juan Nepomuceno,2025,42699.0,31764.0,10935.0,25.61
13667,Bolívar,San Martín de Loba,2023,15833.0,7544.0,8289.0,52.35
13667,Bolívar,San Martín de Loba,2024,15853.0,7525.0,8328.0,52.53
13667,Bolívar,San Martín de Loba,2025,15866.0,7499.0,8367.0,52.74
13670,Bolívar,San Pablo,2023,28837.0,23015.0,5822.0,20.19
13670,Bolívar,San Pablo,2024,29026.0,23202.0,5824.0,20.06
13670,Bolívar,San Pablo,2025,29198.0,23392.0,5806.0,19.88
13673,Bolívar,Santa Catalina,2023,15100.0,5986.0,9114.0,60.36
13673,Bolívar,Santa Catalina,2024,15213.0,5997.0,9216.0,60.58
13673,Bolívar,Santa Catalina,2025,15319.0,5997.0,9322.0,60.85
13683,Bolívar,Santa Rosa,2023,22252.0,20295.0,1957.0,8.79
13683,Bolívar,Santa Rosa,2024,22371.0,20388.0,1983.0,8.86
13683,Bolívar,Santa Rosa,2025,22497.0,20475.0,2022.0,8.99
13688,Bolívar,Santa Rosa del Sur,2023,33641.0,20391.0,13250.0,39.39
13688,Bolívar,Santa Rosa del Sur,2024,33643.0,20427.0,13216.0,39.28
13688,Bolívar,Santa Rosa del Sur,2025,33630.0,20440.0,13190.0,39.22
13744,Bolívar,Simití,2023,18534.0,6108.0,12426.0,67.04
13744,Bolívar,Simití,2024,18510.0,6076.0,12434.0,67.17
13744,Bolívar,Simití,2025,18488.0,6052.0,12436.0,67.27
13760,Bolívar,Soplaviento,2023,12490.0,12275.0,215.0,1.72
13760,Bolívar,Soplaviento,2024,12824.0,12604.0,220.0,1.72
13760,Bolívar,Soplaviento,2025,13119.0,12897.0,222.0,1.69
13780,Bolívar,Talaigua Nuevo,2023,14720.0,7073.0,7647.0,51.95
13780,Bolívar,Talaigua Nuevo,2024,14965.0,7185.0,7780.0,51.99
13780,Bolívar,Talaigua Nuevo,2025,15225.0,7303.0,7922.0,52.03
13810,Bolívar,Tiquisio,2023,18567.0,6320.0,12247.0,65.96
13810,Bolívar,Tiquisio,2024,18535.0,6306.0,12229.0,65.98
13810,Bolívar,Tiquisio,2025,18489.0,6281.0,12208.0,66.03
13836,Bolívar,Turbaco,2023,122249.0,112511.0,9738.0,7.97
13836,Bolívar,Turbaco,2024,124939.0,114877.0,10062.0,8.05
13836,Bolívar,Turbaco,2025,127464.0,117090.0,10374.0,8.14
13838,Bolívar,Turbaná,2023,17523.0,13244.0,4279.0,24.42
13838,Bolívar,Turbaná,2024,17726.0,13369.0,4357.0,24.58
13838,Bolívar,Turbaná,2025,17881.0,13451.0,4430.0,24.77
13873,Bolívar,Villanueva,2023,28055.0,24324.0,3731.0,13.3
13873,Bolívar,Villanueva,2024,28802.0,24975.0,3827.0,13.29
13873,Bolívar,Villanueva,2025,29535.0,25607.0,3928.0,13.3
13894,Bolívar,Zambrano,2023,13112.0,11449.0,1663.0,12.68
13894,Bolívar,Zambrano,2024,13291.0,11614.0,1677.0,12.62
13894,Bolívar,Zambrano,2025,13477.0,11765.0,1712.0,12.7
15001,Boyacá,Tunja,2023,185748.0,177672.0,8076.0,4.35
15001,Boyacá,Tunja,2024,187765.0,179666.0,8099.0,4.31
15001,Boyacá,Tunja,2025,189660.0,181551.0,8109.0,4.28
15022,Boyacá,Almeida,2023,1846.0,370.0,1476.0,79.96
15022,Boyacá,Almeida,2024,1825.0,370.0,1455.0,79.73
15022,Boyacá,Almeida,2025,1807.0,378.0,1429.0,79.08
15047,Boyacá,Aquitania,2023,15450.0,6221.0,9229.0,59.73
15047,Boyacá,Aquitania,2024,15405.0,6247.0,9158.0,59.45
15047,Boyacá,Aquitania,2025,15363.0,6280.0,9083.0,59.12
15051,Boyacá,Arcabuco,2023,6292.0,2704.0,3588.0,57.02
15051,Boyacá,Arcabuco,2024,6370.0,2747.0,3623.0,56.88
15051,Boyacá,Arcabuco,2025,6459.0,2800.0,3659.0,56.65
15087,Boyacá,Belén,2023,7629.0,4761.0,2868.0,37.59
15087,Boyacá,Belén,2024,7638.0,4774.0,2864.0,37.5
15087,Boyacá,Belén,2025,7665.0,4814.0,2851.0,37.2
15090,Boyacá,Berbeo,2023,1619.0,454.0,1165.0,71.96
15090,Boyacá,Berbeo,2024,1645.0,484.0,1161.0,70.58
15090,Boyacá,Berbeo,2025,1652.0,480.0,1172.0,70.94
15092,Boyacá,Betéitiva,2023,1857.0,353.0,1504.0,80.99
15092,Boyacá,Betéitiva,2024,1825.0,349.0,1476.0,80.88
15092,Boyacá,Betéitiva,2025,1809.0,359.0,1450.0,80.15
15097,Boyacá,Boavita,2023,5171.0,2530.0,2641.0,51.07
15097,Boyacá,Boavita,2024,5145.0,2526.0,2619.0,50.9
15097,Boyacá,Boavita,2025,5178.0,2559.0,2619.0,50.58
15104,Boyacá,Boyacá,2023,5250.0,905.0,4345.0,82.76
15104,Boyacá,Boyacá,2024,5297.0,938.0,4359.0,82.29
15104,Boyacá,Boyacá,2025,5324.0,964.0,4360.0,81.89
15106,Boyacá,Briceño,2023,2259.0,560.0,1699.0,75.21
15106,Boyacá,Briceño,2024,2247.0,564.0,1683.0,74.9
15106,Boyacá,Briceño,2025,2254.0,572.0,1682.0,74.62
15109,Boyacá,Buenavista,2023,4512.0,899.0,3613.0,80.08
15109,Boyacá,Buenavista,2024,4509.0,912.0,3597.0,79.77
15109,Boyacá,Buenavista,2025,4518.0,929.0,3589.0,79.44
15114,Boyacá,Busbanzá,2023,1254.0,510.0,744.0,59.33
15114,Boyacá,Busbanzá,2024,1288.0,528.0,760.0,59.01
15114,Boyacá,Busbanzá,2025,1338.0,565.0,773.0,57.77
15131,Boyacá,Caldas,2023,2948.0,293.0,2655.0,90.06
15131,Boyacá,Caldas,2024,2893.0,299.0,2594.0,89.66
15131,Boyacá,Caldas,2025,2869.0,319.0,2550.0,88.88
15135,Boyacá,Campohermoso,2023,3177.0,881.0,2296.0,72.27
15135,Boyacá,Campohermoso,2024,3186.0,894.0,2292.0,71.94
15135,Boyacá,Campohermoso,2025,3209.0,904.0,2305.0,71.83
15162,Boyacá,Cerinza,2023,3620.0,1692.0,1928.0,53.26
15162,Boyacá,Cerinza,2024,3583.0,1698.0,1885.0,52.61
15162,Boyacá,Cerinza,2025,3545.0,1681.0,1864.0,52.58
15172,Boyacá,Chinavita,2023,3121.0,1265.0,1856.0,59.47
15172,Boyacá,Chinavita,2024,3093.0,1255.0,1838.0,59.42
15172,Boyacá,Chinavita,2025,3086.0,1259.0,1827.0,59.2
15176,Boyacá,Chiquinquirá,2023,57965.0,51192.0,6773.0,11.68
15176,Boyacá,Chiquinquirá,2024,58135.0,51393.0,6742.0,11.6
15176,Boyacá,Chiquinquirá,2025,58267.0,51547.0,6720.0,11.53
15180,Boyacá,Chiscas,2023,4074.0,992.0,3082.0,75.65
15180,Boyacá,Chiscas,2024,4078.0,1004.0,3074.0,75.38
15180,Boyacá,Chiscas,2025,4094.0,1018.0,3076.0,75.13
15183,Boyacá,Chita,2023,8209.0,2245.0,5964.0,72.65
15183,Boyacá,Chita,2024,8239.0,2282.0,5957.0,72.3
15183,Boyacá,Chita,2025,8237.0,2305.0,5932.0,72.02
15185,Boyacá,Chitaraque,2023,5967.0,1344.0,4623.0,77.48
15185,Boyacá,Chitaraque,2024,5961.0,1356.0,4605.0,77.25
15185,Boyacá,Chitaraque,2025,5969.0,1374.0,4595.0,76.98
15187,Boyacá,Chivatá,2023,2857.0,553.0,2304.0,80.64
15187,Boyacá,Chivatá,2024,2858.0,560.0,2298.0,80.41
15187,Boyacá,Chivatá,2025,2848.0,569.0,2279.0,80.02
15189,Boyacá,Ciénega,2023,4576.0,1318.0,3258.0,71.2
15189,Boyacá,Ciénega,2024,4535.0,1318.0,3217.0,70.94
15189,Boyacá,Ciénega,2025,4531.0,1333.0,3198.0,70.58
15204,Boyacá,Cómbita,2023,13419.0,1649.0,11770.0,87.71
15204,Boyacá,Cómbita,2024,13473.0,1703.0,11770.0,87.36
15204,Boyacá,Cómbita,2025,13517.0,1750.0,11767.0,87.05
15212,Boyacá,Coper,2023,3536.0,951.0,2585.0,73.11
15212,Boyacá,Coper,2024,3513.0,949.0,2564.0,72.99
15212,Boyacá,Coper,2025,3476.0,951.0,2525.0,72.64
15215,Boyacá,Corrales,2023,2546.0,1632.0,914.0,35.9
15215,Boyacá,Corrales,2024,2561.0,1636.0,925.0,36.12
15215,Boyacá,Corrales,2025,2570.0,1641.0,929.0,36.15
15218,Boyacá,Covarachía,2023,2863.0,578.0,2285.0,79.81
15218,Boyacá,Covarachía,2024,2873.0,595.0,2278.0,79.29
15218,Boyacá,Covarachía,2025,2867.0,597.0,2270.0,79.18
15223,Boyacá,Cubará,2023,12624.0,2929.0,9695.0,76.8
15223,Boyacá,Cubará,2024,12974.0,3052.0,9922.0,76.48
15223,Boyacá,Cubará,2025,13318.0,3189.0,10129.0,76.05
15224,Boyacá,Cucaita,2023,3793.0,1585.0,2208.0,58.21
15224,Boyacá,Cucaita,2024,3801.0,1596.0,2205.0,58.01
15224,Boyacá,Cucaita,2025,3808.0,1609.0,2199.0,57.75
15226,Boyacá,Cuítiva,2023,1839.0,297.0,1542.0,83.85
15226,Boyacá,Cuítiva,2024,1837.0,298.0,1539.0,83.78
15226,Boyacá,Cuítiva,2025,1843.0,308.0,1535.0,83.29
15232,Boyacá,Chíquiza,2023,4796.0,445.0,4351.0,90.72
15232,Boyacá,Chíquiza,2024,4813.0,474.0,4339.0,90.15
15232,Boyacá,Chíquiza,2025,4811.0,479.0,4332.0,90.04
15236,Boyacá,Chivor,2023,2651.0,760.0,1891.0,71.33
15236,Boyacá,Chivor,2024,2702.0,788.0,1914.0,70.84
15236,Boyacá,Chivor,2025,2723.0,790.0,1933.0,70.99
15238,Boyacá,Duitama,2023,132756.0,117982.0,14774.0,11.13
15238,Boyacá,Duitama,2024,134425.0,119550.0,14875.0,11.07
15238,Boyacá,Duitama,2025,135991.0,121050.0,14941.0,10.99
15244,Boyacá,El Cocuy,2023,4300.0,2361.0,1939.0,45.09
15244,Boyacá,El Cocuy,2024,4305.0,2375.0,1930.0,44.83
15244,Boyacá,El Cocuy,2025,4304.0,2372.0,1932.0,44.89
15248,Boyacá,El Espino,2023,3119.0,1448.0,1671.0,53.57
15248,Boyacá,El Espino,2024,3128.0,1467.0,1661.0,53.1
15248,Boyacá,El Espino,2025,3149.0,1472.0,1677.0,53.26
15272,Boyacá,Firavitoba,2023,7040.0,2743.0,4297.0,61.04
15272,Boyacá,Firavitoba,2024,7088.0,2774.0,4314.0,60.86
15272,Boyacá,Firavitoba,2025,7137.0,2821.0,4316.0,60.47
15276,Boyacá,Floresta,2023,3338.0,1282.0,2056.0,61.59
15276,Boyacá,Floresta,2024,3328.0,1292.0,2036.0,61.18
15276,Boyacá,Floresta,2025,3351.0,1309.0,2042.0,60.94
15293,Boyacá,Gachantivá,2023,2762.0,622.0,2140.0,77.48
15293,Boyacá,Gachantivá,2024,2765.0,635.0,2130.0,77.03
15293,Boyacá,Gachantivá,2025,2750.0,634.0,2116.0,76.95
15296,Boyacá,Gámeza,2023,4721.0,1371.0,3350.0,70.96
15296,Boyacá,Gámeza,2024,4687.0,1377.0,3310.0,70.62
15296,Boyacá,Gámeza,2025,4644.0,1376.0,3268.0,70.37
15299,Boyacá,Garagoa,2023,19114.0,13547.0,5567.0,29.13
15299,Boyacá,Garagoa,2024,19295.0,13705.0,5590.0,28.97
15299,Boyacá,Garagoa,2025,19470.0,13863.0,5607.0,28.8
15317,Boyacá,Guacamayas,2023,1828.0,651.0,1177.0,64.39
15317,Boyacá,Guacamayas,2024,1811.0,655.0,1156.0,63.83
15317,Boyacá,Guacamayas,2025,1814.0,661.0,1153.0,63.56
15322,Boyacá,Guateque,2023,11276.0,8142.0,3134.0,27.79
15322,Boyacá,Guateque,2024,11331.0,8189.0,3142.0,27.73
15322,Boyacá,Guateque,2025,11408.0,8264.0,3144.0,27.56
15325,Boyacá,Guayatá,2023,3476.0,1228.0,2248.0,64.67
15325,Boyacá,Guayatá,2024,3455.0,1228.0,2227.0,64.46
15325,Boyacá,Guayatá,2025,3473.0,1244.0,2229.0,64.18
15332,Boyacá,Güicán de La Sierra,2023,4352.0,1441.0,2911.0,66.89
15332,Boyacá,Güicán de La Sierra,2024,4383.0,1464.0,2919.0,66.6
15332,Boyacá,Güicán de La Sierra,2025,4359.0,1453.0,2906.0,66.67
15362,Boyacá,Iza,2023,1961.0,1206.0,755.0,38.5
15362,Boyacá,Iza,2024,1934.0,1194.0,740.0,38.26
15362,Boyacá,Iza,2025,1936.0,1203.0,733.0,37.86
15367,Boyacá,Jenesano,2023,7369.0,1924.0,5445.0,73.89
15367,Boyacá,Jenesano,2024,7401.0,1956.0,5445.0,73.57
15367,Boyacá,Jenesano,2025,7387.0,1971.0,5416.0,73.32
15368,Boyacá,Jericó,2023,4010.0,1359.0,2651.0,66.11
15368,Boyacá,Jericó,2024,4024.0,1369.0,2655.0,65.98
15368,Boyacá,Jericó,2025,4019.0,1384.0,2635.0,65.56
15377,Boyacá,Labranzagrande,2023,3727.0,1314.0,2413.0,64.74
15377,Boyacá,Labranzagrande,2024,3741.0,1338.0,2403.0,64.23
15377,Boyacá,Labranzagrande,2025,3766.0,1354.0,2412.0,64.05
15380,Boyacá,La Capilla,2023,2599.0,1045.0,1554.0,59.79
15380,Boyacá,La Capilla,2024,2586.0,1043.0,1543.0,59.67
15380,Boyacá,La Capilla,2025,2550.0,1048.0,1502.0,58.9
15401,Boyacá,La Victoria,2023,1140.0,435.0,705.0,61.84
15401,Boyacá,La Victoria,2024,1142.0,440.0,702.0,61.47
15401,Boyacá,La Victoria,2025,1150.0,449.0,701.0,60.96
15403,Boyacá,La Uvita,2023,2876.0,1333.0,1543.0,53.65
15403,Boyacá,La Uvita,2024,2854.0,1332.0,1522.0,53.33
15403,Boyacá,La Uvita,2025,2835.0,1334.0,1501.0,52.95
15407,Boyacá,Villa de Leyva,2023,18665.0,9467.0,9198.0,49.28
15407,Boyacá,Villa de Leyva,2024,19143.0,9748.0,9395.0,49.08
15407,Boyacá,Villa de Leyva,2025,19633.0,10053.0,9580.0,48.8
15425,Boyacá,Macanal,2023,5249.0,1321.0,3928.0,74.83
15425,Boyacá,Macanal,2024,5314.0,1366.0,3948.0,74.29
15425,Boyacá,Macanal,2025,5342.0,1385.0,3957.0,74.07
15442,Boyacá,Maripí,2023,5873.0,936.0,4937.0,84.06
15442,Boyacá,Maripí,2024,5887.0,953.0,4934.0,83.81
15442,Boyacá,Maripí,2025,5881.0,971.0,4910.0,83.49
15455,Boyacá,Miraflores,2023,9040.0,5598.0,3442.0,38.08
15455,Boyacá,Miraflores,2024,9038.0,5617.0,3421.0,37.85
15455,Boyacá,Miraflores,2025,9050.0,5641.0,3409.0,37.67
15464,Boyacá,Mongua,2023,4564.0,2043.0,2521.0,55.24
15464,Boyacá,Mongua,2024,4526.0,2032.0,2494.0,55.1
15464,Boyacá,Mongua,2025,4509.0,2032.0,2477.0,54.93
15466,Boyacá,Monguí,2023,4313.0,2374.0,1939.0,44.96
15466,Boyacá,Monguí,2024,4325.0,2393.0,1932.0,44.67
15466,Boyacá,Monguí,2025,4338.0,2403.0,1935.0,44.61
15469,Boyacá,Moniquirá,2023,23611.0,12599.0,11012.0,46.64
15469,Boyacá,Moniquirá,2024,23763.0,12732.0,11031.0,46.42
15469,Boyacá,Moniquirá,2025,23864.0,12838.0,11026.0,46.2
15476,Boyacá,Motavita,2023,5346.0,865.0,4481.0,83.82
15476,Boyacá,Motavita,2024,5281.0,873.0,4408.0,83.47
15476,Boyacá,Motavita,2025,5219.0,890.0,4329.0,82.95
15480,Boyacá,Muzo,2023,8308.0,5530.0,2778.0,33.44
15480,Boyacá,Muzo,2024,8228.0,5495.0,2733.0,33.22
15480,Boyacá,Muzo,2025,8125.0,5437.0,2688.0,33.08
15491,Boyacá,Nobsa,2023,16840.0,5702.0,11138.0,66.14
15491,Boyacá,Nobsa,2024,16962.0,5785.0,11177.0,65.89
15491,Boyacá,Nobsa,2025,17091.0,5878.0,11213.0,65.61
15494,Boyacá,Nuevo Colón,2023,5227.0,1139.0,4088.0,78.21
15494,Boyacá,Nuevo Colón,2024,5229.0,1157.0,4072.0,77.87
15494,Boyacá,Nuevo Colón,2025,5249.0,1181.0,4068.0,77.5
15500,Boyacá,Oicatá,2023,2907.0,480.0,2427.0,83.49
15500,Boyacá,Oicatá,2024,2929.0,494.0,2435.0,83.13
15500,Boyacá,Oicatá,2025,2926.0,492.0,2434.0,83.19
15507,Boyacá,Otanche,2023,8171.0,3765.0,4406.0,53.92
15507,Boyacá,Otanche,2024,8190.0,3794.0,4396.0,53.68
15507,Boyacá,Otanche,2025,8210.0,3835.0,4375.0,53.29
15511,Boyacá,Pachavita,2023,2330.0,549.0,1781.0,76.44
15511,Boyacá,Pachavita,2024,2301.0,543.0,1758.0,76.4
15511,Boyacá,Pachavita,2025,2281.0,554.0,1727.0,75.71
15514,Boyacá,Páez,2023,3359.0,1499.0,1860.0,55.37
15514,Boyacá,Páez,2024,3376.0,1505.0,1871.0,55.42
15514,Boyacá,Páez,2025,3376.0,1514.0,1862.0,55.15
15516,Boyacá,Paipa,2023,37228.0,23132.0,14096.0,37.86
15516,Boyacá,Paipa,2024,37880.0,23617.0,14263.0,37.65
15516,Boyacá,Paipa,2025,38533.0,24085.0,14448.0,37.5
15518,Boyacá,Pajarito,2023,2245.0,959.0,1286.0,57.28
15518,Boyacá,Pajarito,2024,2205.0,942.0,1263.0,57.28
15518,Boyacá,Pajarito,2025,2172.0,938.0,1234.0,56.81
15522,Boyacá,Panqueba,2023,1731.0,873.0,858.0,49.57
15522,Boyacá,Panqueba,2024,1725.0,872.0,853.0,49.45
15522,Boyacá,Panqueba,2025,1705.0,867.0,838.0,49.15
15531,Boyacá,Pauna,2023,7321.0,2308.0,5013.0,68.47
15531,Boyacá,Pauna,2024,7346.0,2336.0,5010.0,68.2
15531,Boyacá,Pauna,2025,7360.0,2368.0,4992.0,67.83
15533,Boyacá,Paya,2023,2746.0,599.0,2147.0,78.19
15533,Boyacá,Paya,2024,2735.0,611.0,2124.0,77.66
15533,Boyacá,Paya,2025,2776.0,652.0,2124.0,76.51
15537,Boyacá,Paz de Río,2023,4392.0,2918.0,1474.0,33.56
15537,Boyacá,Paz de Río,2024,4373.0,2920.0,1453.0,33.23
15537,Boyacá,Paz de Río,2025,4375.0,2926.0,1449.0,33.12
15542,Boyacá,Pesca,2023,6986.0,2448.0,4538.0,64.96
15542,Boyacá,Pesca,2024,7014.0,2480.0,4534.0,64.64
15542,Boyacá,Pesca,2025,7023.0,2501.0,4522.0,64.39
15550,Boyacá,Pisba,2023,1925.0,638.0,1287.0,66.86
15550,Boyacá,Pisba,2024,1951.0,649.0,1302.0,66.74
15550,Boyacá,Pisba,2025,1957.0,670.0,1287.0,65.76
15572,Boyacá,Puerto Boyacá,2023,47733.0,34467.0,13266.0,27.79
15572,Boyacá,Puerto Boyacá,2024,47787.0,34582.0,13205.0,27.63
15572,Boyacá,Puerto Boyacá,2025,47802.0,34659.0,13143.0,27.49
15580,Boyacá,Quípama,2023,4975.0,1472.0,3503.0,70.41
15580,Boyacá,Quípama,2024,5005.0,1491.0,3514.0,70.21
15580,Boyacá,Quípama,2025,5002.0,1508.0,3494.0,69.85
15599,Boyacá,Ramiriquí,2023,10116.0,4382.0,5734.0,56.68
15599,Boyacá,Ramiriquí,2024,10131.0,4412.0,5719.0,56.45
15599,Boyacá,Ramiriquí,2025,10118.0,4424.0,5694.0,56.28
15600,Boyacá,Ráquira,2023,8035.0,2623.0,5412.0,67.36
15600,Boyacá,Ráquira,2024,8043.0,2669.0,5374.0,66.82
15600,Boyacá,Ráquira,2025,8064.0,2714.0,5350.0,66.34
15621,Boyacá,Rondón,2023,2475.0,700.0,1775.0,71.72
15621,Boyacá,Rondón,2024,2467.0,700.0,1767.0,71.63
15621,Boyacá,Rondón,2025,2468.0,707.0,1761.0,71.35
15632,Boyacá,Saboyá,2023,14314.0,1338.0,12976.0,90.65
15632,Boyacá,Saboyá,2024,14424.0,1412.0,13012.0,90.21
15632,Boyacá,Saboyá,2025,14530.0,1466.0,13064.0,89.91
15638,Boyacá,Sáchica,2023,6130.0,3019.0,3111.0,50.75
15638,Boyacá,Sáchica,2024,6250.0,3090.0,3160.0,50.56
15638,Boyacá,Sáchica,2025,6356.0,3163.0,3193.0,50.24
15646,Boyacá,Samacá,2023,19212.0,7947.0,11265.0,58.64
15646,Boyacá,Samacá,2024,19327.0,8089.0,11238.0,58.15
15646,Boyacá,Samacá,2025,19427.0,8212.0,11215.0,57.73
15660,Boyacá,San Eduardo,2023,1685.0,796.0,889.0,52.76
15660,Boyacá,San Eduardo,2024,1672.0,796.0,876.0,52.39
15660,Boyacá,San Eduardo,2025,1660.0,790.0,870.0,52.41
15664,Boyacá,San José de Pare,2023,4878.0,1078.0,3800.0,77.9
15664,Boyacá,San José de Pare,2024,4871.0,1090.0,3781.0,77.62
15664,Boyacá,San José de Pare,2025,4825.0,1096.0,3729.0,77.28
15667,Boyacá,San Luis de Gaceno,2023,5363.0,2479.0,2884.0,53.78
15667,Boyacá,San Luis de Gaceno,2024,5304.0,2471.0,2833.0,53.41
15667,Boyacá,San Luis de Gaceno,2025,5277.0,2467.0,2810.0,53.25
15673,Boyacá,San Mateo,2023,3405.0,1317.0,2088.0,61.32
15673,Boyacá,San Mateo,2024,3397.0,1307.0,2090.0,61.52
15673,Boyacá,San Mateo,2025,3409.0,1332.0,2077.0,60.93
15676,Boyacá,San Miguel de Sema,2023,3074.0,492.0,2582.0,83.99
15676,Boyacá,San Miguel de Sema,2024,3081.0,503.0,2578.0,83.67
15676,Boyacá,San Miguel de Sema,2025,3081.0,514.0,2567.0,83.32
15681,Boyacá,San Pablo de Borbur,2023,6736.0,909.0,5827.0,86.51
15681,Boyacá,San Pablo de Borbur,2024,6772.0,937.0,5835.0,86.16
15681,Boyacá,San Pablo de Borbur,2025,6771.0,956.0,5815.0,85.88
15686,Boyacá,Santana,2023,7745.0,2756.0,4989.0,64.42
15686,Boyacá,Santana,2024,7746.0,2771.0,4975.0,64.23
15686,Boyacá,Santana,2025,7771.0,2805.0,4966.0,63.9
15690,Boyacá,Santa María,2023,3630.0,2192.0,1438.0,39.61
15690,Boyacá,Santa María,2024,3640.0,2204.0,1436.0,39.45
15690,Boyacá,Santa María,2025,3625.0,2204.0,1421.0,39.2
15693,Boyacá,Santa Rosa de Viterbo,2023,13415.0,8317.0,5098.0,38.0
15693,Boyacá,Santa Rosa de Viterbo,2024,13452.0,8363.0,5089.0,37.83
15693,Boyacá,Santa Rosa de Viterbo,2025,13468.0,8392.0,5076.0,37.69
15696,Boyacá,Santa Sofía,2023,3305.0,1133.0,2172.0,65.72
15696,Boyacá,Santa Sofía,2024,3338.0,1157.0,2181.0,65.34
15696,Boyacá,Santa Sofía,2025,3332.0,1158.0,2174.0,65.25
15720,Boyacá,Sativanorte,2023,2104.0,693.0,1411.0,67.06
15720,Boyacá,Sativanorte,2024,2080.0,693.0,1387.0,66.68
15720,Boyacá,Sativanorte,2025,2063.0,704.0,1359.0,65.87
15723,Boyacá,Sativasur,2023,1041.0,313.0,728.0,69.93
15723,Boyacá,Sativasur,2024,1055.0,325.0,730.0,69.19
15723,Boyacá,Sativasur,2025,1026.0,316.0,710.0,69.2
15740,Boyacá,Siachoque,2023,6885.0,1287.0,5598.0,81.31
15740,Boyacá,Siachoque,2024,6894.0,1317.0,5577.0,80.9
15740,Boyacá,Siachoque,2025,6891.0,1329.0,5562.0,80.71
15753,Boyacá,Soatá,2023,9258.0,6746.0,2512.0,27.13
15753,Boyacá,Soatá,2024,9285.0,6771.0,2514.0,27.08
15753,Boyacá,Soatá,2025,9269.0,6792.0,2477.0,26.72
15755,Boyacá,Socotá,2023,7428.0,1650.0,5778.0,77.79
15755,Boyacá,Socotá,2024,7460.0,1692.0,5768.0,77.32
15755,Boyacá,Socotá,2025,7477.0,1718.0,5759.0,77.02
15757,Boyacá,Socha,2023,8344.0,4599.0,3745.0,44.88
15757,Boyacá,Socha,2024,8424.0,4657.0,3767.0,44.72
15757,Boyacá,Socha,2025,8447.0,4687.0,3760.0,44.51
15759,Boyacá,Sogamoso,2023,135514.0,120294.0,15220.0,11.23
15759,Boyacá,Sogamoso,2024,136725.0,121448.0,15277.0,11.17
15759,Boyacá,Sogamoso,2025,137839.0,122524.0,15315.0,11.11
15761,Boyacá,Somondoco,2023,2967.0,735.0,2232.0,75.23
15761,Boyacá,Somondoco,2024,2963.0,732.0,2231.0,75.3
15761,Boyacá,Somondoco,2025,2980.0,763.0,2217.0,74.4
15762,Boyacá,Sora,2023,3154.0,579.0,2575.0,81.64
15762,Boyacá,Sora,2024,3150.0,571.0,2579.0,81.87
15762,Boyacá,Sora,2025,3170.0,602.0,2568.0,81.01
15763,Boyacá,Sotaquirá,2023,8139.0,1053.0,7086.0,87.06
15763,Boyacá,Sotaquirá,2024,8132.0,1095.0,7037.0,86.53
15763,Boyacá,Sotaquirá,2025,8086.0,1106.0,6980.0,86.32
15764,Boyacá,Soracá,2023,6143.0,1689.0,4454.0,72.51
15764,Boyacá,Soracá,2024,6179.0,1731.0,4448.0,71.99
15764,Boyacá,Soracá,2025,6213.0,1768.0,4445.0,71.54
15774,Boyacá,Susacón,2023,2771.0,677.0,2094.0,75.57
15774,Boyacá,Susacón,2024,2795.0,698.0,2097.0,75.03
15774,Boyacá,Susacón,2025,2783.0,689.0,2094.0,75.24
15776,Boyacá,Sutamarchán,2023,6285.0,2353.0,3932.0,62.56
15776,Boyacá,Sutamarchán,2024,6304.0,2395.0,3909.0,62.01
15776,Boyacá,Sutamarchán,2025,6315.0,2435.0,3880.0,61.44
15778,Boyacá,Sutatenza,2023,4239.0,835.0,3404.0,80.3
15778,Boyacá,Sutatenza,2024,4257.0,857.0,3400.0,79.87
15778,Boyacá,Sutatenza,2025,4250.0,868.0,3382.0,79.58
15790,Boyacá,Tasco,2023,6002.0,1807.0,4195.0,69.89
15790,Boyacá,Tasco,2024,6012.0,1826.0,4186.0,69.63
15790,Boyacá,Tasco,2025,6013.0,1840.0,4173.0,69.4
15798,Boyacá,Tenza,2023,3679.0,1168.0,2511.0,68.25
15798,Boyacá,Tenza,2024,3673.0,1171.0,2502.0,68.12
15798,Boyacá,Tenza,2025,3623.0,1169.0,2454.0,67.73
15804,Boyacá,Tibaná,2023,9116.0,1940.0,7176.0,78.72
15804,Boyacá,Tibaná,2024,9107.0,1980.0,7127.0,78.26
15804,Boyacá,Tibaná,2025,9095.0,1999.0,7096.0,78.02
15806,Boyacá,Tibasosa,2023,13521.0,4701.0,8820.0,65.23
15806,Boyacá,Tibasosa,2024,13579.0,4753.0,8826.0,65.0
15806,Boyacá,Tibasosa,2025,13648.0,4809.0,8839.0,64.76
15808,Boyacá,Tinjacá,2023,3516.0,878.0,2638.0,75.03
15808,Boyacá,Tinjacá,2024,3552.0,895.0,2657.0,74.8
15808,Boyacá,Tinjacá,2025,3607.0,933.0,2674.0,74.13
15810,Boyacá,Tipacoque,2023,3225.0,980.0,2245.0,69.61
15810,Boyacá,Tipacoque,2024,3217.0,987.0,2230.0,69.32
15810,Boyacá,Tipacoque,2025,3187.0,983.0,2204.0,69.16
15814,Boyacá,Toca,2023,8948.0,4515.0,4433.0,49.54
15814,Boyacá,Toca,2024,8960.0,4546.0,4414.0,49.26
15814,Boyacá,Toca,2025,8971.0,4585.0,4386.0,48.89
15816,Boyacá,Togüí,2023,4442.0,728.0,3714.0,83.61
15816,Boyacá,Togüí,2024,4440.0,742.0,3698.0,83.29
15816,Boyacá,Togüí,2025,4459.0,759.0,3700.0,82.98
15820,Boyacá,Tópaga,2023,3721.0,1156.0,2565.0,68.93
15820,Boyacá,Tópaga,2024,3720.0,1170.0,2550.0,68.55
15820,Boyacá,Tópaga,2025,3743.0,1191.0,2552.0,68.18
15822,Boyacá,Tota,2023,5172.0,977.0,4195.0,81.11
15822,Boyacá,Tota,2024,5161.0,995.0,4166.0,80.72
15822,Boyacá,Tota,2025,5146.0,1003.0,4143.0,80.51
15832,Boyacá,Tununguá,2023,1563.0,302.0,1261.0,80.68
15832,Boyacá,Tununguá,2024,1570.0,303.0,1267.0,80.7
15832,Boyacá,Tununguá,2025,1558.0,309.0,1249.0,80.17
15835,Boyacá,Turmequé,2023,5824.0,2099.0,3725.0,63.96
15835,Boyacá,Turmequé,2024,5756.0,2093.0,3663.0,63.64
15835,Boyacá,Turmequé,2025,5670.0,2067.0,3603.0,63.54
15837,Boyacá,Tuta,2023,8283.0,2551.0,5732.0,69.2
15837,Boyacá,Tuta,2024,8251.0,2571.0,5680.0,68.84
15837,Boyacá,Tuta,2025,8231.0,2597.0,5634.0,68.45
15839,Boyacá,Tutazá,2023,2041.0,200.0,1841.0,90.2
15839,Boyacá,Tutazá,2024,2021.0,202.0,1819.0,90.0
15839,Boyacá,Tutazá,2025,2015.0,216.0,1799.0,89.28
15842,Boyacá,Úmbita,2023,7694.0,1235.0,6459.0,83.95
15842,Boyacá,Úmbita,2024,7698.0,1253.0,6445.0,83.72
15842,Boyacá,Úmbita,2025,7722.0,1287.0,6435.0,83.33
15861,Boyacá,Ventaquemada,2023,16803.0,2917.0,13886.0,82.64
15861,Boyacá,Ventaquemada,2024,16977.0,3006.0,13971.0,82.29
15861,Boyacá,Ventaquemada,2025,17151.0,3101.0,14050.0,81.92
15879,Boyacá,Viracachá,2023,2887.0,484.0,2403.0,83.24
15879,Boyacá,Viracachá,2024,2910.0,501.0,2409.0,82.78
15879,Boyacá,Viracachá,2025,2913.0,513.0,2400.0,82.39
15897,Boyacá,Zetaquira,2023,4742.0,1319.0,3423.0,72.18
15897,Boyacá,Zetaquira,2024,4740.0,1338.0,3402.0,71.77
15897,Boyacá,Zetaquira,2025,4743.0,1348.0,3395.0,71.58
17001,Caldas,Manizales,2023,462721.0,436099.0,26622.0,5.75
17001,Caldas,Manizales,2024,467681.0,441288.0,26393.0,5.64
17001,Caldas,Manizales,2025,472087.0,445953.0,26134.0,5.54
17013,Caldas,Aguadas,2023,22845.0,12012.0,10833.0,47.42
17013,Caldas,Aguadas,2024,22674.0,12027.0,10647.0,46.96
17013,Caldas,Aguadas,2025,22505.0,12057.0,10448.0,46.43
17042,Caldas,Anserma,2023,37397.0,21689.0,15708.0,42.0
17042,Caldas,Anserma,2024,37428.0,21879.0,15549.0,41.54
17042,Caldas,Anserma,2025,37421.0,22043.0,15378.0,41.09
17050,Caldas,Aranzazu,2023,10801.0,7230.0,3571.0,33.06
17050,Caldas,Aranzazu,2024,10820.0,7293.0,3527.0,32.6
17050,Caldas,Aranzazu,2025,10797.0,7320.0,3477.0,32.2
17088,Caldas,Belalcázar,2023,10533.0,4814.0,5719.0,54.3
17088,Caldas,Belalcázar,2024,10467.0,4841.0,5626.0,53.75
17088,Caldas,Belalcázar,2025,10411.0,4885.0,5526.0,53.08
17174,Caldas,Chinchiná,2023,51146.0,45225.0,5921.0,11.58
17174,Caldas,Chinchiná,2024,51007.0,45190.0,5817.0,11.4
17174,Caldas,Chinchiná,2025,50770.0,45090.0,5680.0,11.19
17272,Caldas,Filadelfia,2023,11314.0,4124.0,7190.0,63.55
17272,Caldas,Filadelfia,2024,11182.0,4136.0,7046.0,63.01
17272,Caldas,Filadelfia,2025,11063.0,4160.0,6903.0,62.4
17380,Caldas,La Dorada,2023,72159.0,63262.0,8897.0,12.33
17380,Caldas,La Dorada,2024,72044.0,63268.0,8776.0,12.18
17380,Caldas,La Dorada,2025,71814.0,63190.0,8624.0,12.01
17388,Caldas,La Merced,2023,5910.0,2301.0,3609.0,61.07
17388,Caldas,La Merced,2024,5844.0,2319.0,3525.0,60.32
17388,Caldas,La Merced,2025,5773.0,2330.0,3443.0,59.64
17433,Caldas,Manzanares,2023,18371.0,10986.0,7385.0,40.2
17433,Caldas,Manzanares,2024,18375.0,11077.0,7298.0,39.72
17433,Caldas,Manzanares,2025,18367.0,11157.0,7210.0,39.26
17442,Caldas,Marmato,2023,9401.0,1263.0,8138.0,86.57
17442,Caldas,Marmato,2024,9394.0,1316.0,8078.0,85.99
17442,Caldas,Marmato,2025,9390.0,1380.0,8010.0,85.3
17444,Caldas,Marquetalia,2023,13625.0,6892.0,6733.0,49.42
17444,Caldas,Marquetalia,2024,13619.0,6973.0,6646.0,48.8
17444,Caldas,Marquetalia,2025,13618.0,7033.0,6585.0,48.36
17446,Caldas,Marulanda,2023,2683.0,885.0,1798.0,67.01
17446,Caldas,Marulanda,2024,2685.0,907.0,1778.0,66.22
17446,Caldas,Marulanda,2025,2689.0,925.0,1764.0,65.6
17486,Caldas,Neira,2023,21569.0,12470.0,9099.0,42.19
17486,Caldas,Neira,2024,21568.0,12580.0,8988.0,41.67
17486,Caldas,Neira,2025,21553.0,12683.0,8870.0,41.15
17495,Caldas,Norcasia,2023,6169.0,4229.0,1940.0,31.45
17495,Caldas,Norcasia,2024,6171.0,4258.0,1913.0,31.0
17495,Caldas,Norcasia,2025,6167.0,4272.0,1895.0,30.73
17513,Caldas,Pácora,2023,15757.0,7998.0,7759.0,49.24
17513,Caldas,Pácora,2024,15748.0,8065.0,7683.0,48.79
17513,Caldas,Pácora,2025,15713.0,8135.0,7578.0,48.23
17524,Caldas,Palestina,2023,16095.0,5584.0,10511.0,65.31
17524,Caldas,Palestina,2024,16059.0,5662.0,10397.0,64.74
17524,Caldas,Palestina,2025,16038.0,5761.0,10277.0,64.08
17541,Caldas,Pensilvania,2023,20535.0,8620.0,11915.0,58.02
17541,Caldas,Pensilvania,2024,20493.0,8720.0,11773.0,57.45
17541,Caldas,Pensilvania,2025,20473.0,8840.0,11633.0,56.82
17614,Caldas,Riosucio,2023,52456.0,19842.0,32614.0,62.17
17614,Caldas,Riosucio,2024,52440.0,20138.0,32302.0,61.6
17614,Caldas,Riosucio,2025,52327.0,20397.0,31930.0,61.02
17616,Caldas,Risaralda,2023,11177.0,4786.0,6391.0,57.18
17616,Caldas,Risaralda,2024,11157.0,4849.0,6308.0,56.54
17616,Caldas,Risaralda,2025,11130.0,4896.0,6234.0,56.01
17653,Caldas,Salamina,2023,19577.0,11840.0,7737.0,39.52
17653,Caldas,Salamina,2024,19511.0,11889.0,7622.0,39.07
17653,Caldas,Salamina,2025,19396.0,11912.0,7484.0,38.59
17662,Caldas,Samaná,2023,21127.0,6917.0,14210.0,67.26
17662,Caldas,Samaná,2024,21128.0,7060.0,14068.0,66.58
17662,Caldas,Samaná,2025,21073.0,7177.0,13896.0,65.94
17665,Caldas,San José,2023,5003.0,1467.0,3536.0,70.68
17665,Caldas,San José,2024,5002.0,1495.0,3507.0,70.11
17665,Caldas,San José,2025,4990.0,1527.0,3463.0,69.4
17777,Caldas,Supía,2023,31037.0,15253.0,15784.0,50.86
17777,Caldas,Supía,2024,31325.0,15563.0,15762.0,50.32
17777,Caldas,Supía,2025,31570.0,15843.0,15727.0,49.82
17867,Caldas,Victoria,2023,10846.0,4840.0,6006.0,55.38
17867,Caldas,Victoria,2024,10927.0,4936.0,5991.0,54.83
17867,Caldas,Victoria,2025,10986.0,5020.0,5966.0,54.31
17873,Caldas,Villamaría,2023,71547.0,63005.0,8542.0,11.94
17873,Caldas,Villamaría,2024,72649.0,64124.0,8525.0,11.73
17873,Caldas,Villamaría,2025,73653.0,65152.0,8501.0,11.54
17877,Caldas,Viterbo,2023,12769.0,10864.0,1905.0,14.92
17877,Caldas,Viterbo,2024,12728.0,10864.0,1864.0,14.64
17877,Caldas,Viterbo,2025,12676.0,10840.0,1836.0,14.48
18001,Caquetá,Florencia,2023,181642.0,159628.0,22014.0,12.12
18001,Caquetá,Florencia,2024,184170.0,161733.0,22437.0,12.18
18001,Caquetá,Florencia,2025,186497.0,163675.0,22822.0,12.24
18029,Caquetá,Albania,2023,4816.0,2272.0,2544.0,52.82
18029,Caquetá,Albania,2024,4833.0,2287.0,2546.0,52.68
18029,Caquetá,Albania,2025,4835.0,2278.0,2557.0,52.89
18094,Caquetá,Belén de Los Andaquíes,2023,11327.0,7007.0,4320.0,38.14
18094,Caquetá,Belén de Los Andaquíes,2024,11371.0,7032.0,4339.0,38.16
18094,Caquetá,Belén de Los Andaquíes,2025,11403.0,7040.0,4363.0,38.26
18150,Caquetá,Cartagena del Chairá,2023,31990.0,16554.0,15436.0,48.25
18150,Caquetá,Cartagena del Chairá,2024,32224.0,16661.0,15563.0,48.3
18150,Caquetá,Cartagena del Chairá,2025,32456.0,16757.0,15699.0,48.37
18205,Caquetá,Curillo,2023,7763.0,5393.0,2370.0,30.53
18205,Caquetá,Curillo,2024,7783.0,5396.0,2387.0,30.67
18205,Caquetá,Curillo,2025,7807.0,5402.0,2405.0,30.81
18247,Caquetá,El Doncello,2023,19748.0,13734.0,6014.0,30.45
18247,Caquetá,El Doncello,2024,19817.0,13760.0,6057.0,30.56
18247,Caquetá,El Doncello,2025,19860.0,13768.0,6092.0,30.67
18256,Caquetá,El Paujíl,2023,18748.0,9224.0,9524.0,50.8
18256,Caquetá,El Paujíl,2024,18838.0,9253.0,9585.0,50.88
18256,Caquetá,El Paujíl,2025,18896.0,9249.0,9647.0,51.05
18410,Caquetá,La Montañita,2023,15298.0,2770.0,12528.0,81.89
18410,Caquetá,La Montañita,2024,15382.0,2790.0,12592.0,81.86
18410,Caquetá,La Montañita,2025,15448.0,2806.0,12642.0,81.84
18460,Caquetá,Milán,2023,10139.0,1104.0,9035.0,89.11
18460,Caquetá,Milán,2024,10177.0,1115.0,9062.0,89.04
18460,Caquetá,Milán,2025,10250.0,1122.0,9128.0,89.05
18479,Caquetá,Morelia,2023,3786.0,2051.0,1735.0,45.83
18479,Caquetá,Morelia,2024,3807.0,2057.0,1750.0,45.97
18479,Caquetá,Morelia,2025,3805.0,2054.0,1751.0,46.02
18592,Caquetá,Puerto Rico,2023,27222.0,15097.0,12125.0,44.54
18592,Caquetá,Puerto Rico,2024,27339.0,15138.0,12201.0,44.63
18592,Caquetá,Puerto Rico,2025,27430.0,15160.0,12270.0,44.73
18610,Caquetá,San José del Fragua,2023,13186.0,6656.0,6530.0,49.52
18610,Caquetá,San José del Fragua,2024,13229.0,6665.0,6564.0,49.62
18610,Caquetá,San José del Fragua,2025,13270.0,6677.0,6593.0,49.68
18753,Caquetá,San Vicente del Caguán,2023,52279.0,24592.0,27687.0,52.96
18753,Caquetá,San Vicente del Caguán,2024,52473.0,24645.0,27828.0,53.03
18753,Caquetá,San Vicente del Caguán,2025,52672.0,24694.0,27978.0,53.12
18756,Caquetá,Solano,2023,10840.0,2720.0,8120.0,74.91
18756,Caquetá,Solano,2024,10830.0,2707.0,8123.0,75.0
18756,Caquetá,Solano,2025,10837.0,2713.0,8124.0,74.97
18785,Caquetá,Solita,2023,6362.0,3803.0,2559.0,40.22
18785,Caquetá,Solita,2024,6398.0,3818.0,2580.0,40.33
18785,Caquetá,Solita,2025,6412.0,3819.0,2593.0,40.44
18860,Caquetá,Valparaíso,2023,7125.0,2380.0,4745.0,66.6
18860,Caquetá,Valparaíso,2024,7156.0,2376.0,4780.0,66.8
18860,Caquetá,Valparaíso,2025,7163.0,2374.0,4789.0,66.86
19001,Cauca,Popayán,2023,344359.0,283978.0,60381.0,17.53
19001,Cauca,Popayán,2024,348444.0,286806.0,61638.0,17.69
19001,Cauca,Popayán,2025,352150.0,289308.0,62842.0,17.85
19022,Cauca,Almaguer,2023,18431.0,1124.0,17307.0,93.9
19022,Cauca,Almaguer,2024,18432.0,1090.0,17342.0,94.09
19022,Cauca,Almaguer,2025,18398.0,1042.0,17356.0,94.34
19050,Cauca,Argelia,2023,27251.0,2590.0,24661.0,90.5
19050,Cauca,Argelia,2024,27464.0,2567.0,24897.0,90.65
19050,Cauca,Argelia,2025,27672.0,2541.0,25131.0,90.82
19075,Cauca,Balboa,2023,22043.0,5492.0,16551.0,75.09
19075,Cauca,Balboa,2024,22220.0,5495.0,16725.0,75.27
19075,Cauca,Balboa,2025,22405.0,5509.0,16896.0,75.41
19100,Cauca,Bolívar,2023,38038.0,4663.0,33375.0,87.74
19100,Cauca,Bolívar,2024,38005.0,4537.0,33468.0,88.06
19100,Cauca,Bolívar,2025,37978.0,4450.0,33528.0,88.28
19110,Cauca,Buenos Aires,2023,32773.0,973.0,31800.0,97.03
19110,Cauca,Buenos Aires,2024,33003.0,929.0,32074.0,97.19
19110,Cauca,Buenos Aires,2025,33182.0,861.0,32321.0,97.41
19130,Cauca,Cajibío,2023,45170.0,1972.0,43198.0,95.63
19130,Cauca,Cajibío,2024,45786.0,1909.0,43877.0,95.83
19130,Cauca,Cajibío,2025,46390.0,1862.0,44528.0,95.99
19137,Cauca,Caldono,2023,43351.0,1920.0,41431.0,95.57
19137,Cauca,Caldono,2024,43991.0,1861.0,42130.0,95.77
19137,Cauca,Caldono,2025,44587.0,1808.0,42779.0,95.95
19142,Cauca,Caloto,2023,30947.0,5242.0,25705.0,83.06
19142,Cauca,Caloto,2024,31061.0,5212.0,25849.0,83.22
19142,Cauca,Caloto,2025,31162.0,5170.0,25992.0,83.41
19212,Cauca,Corinto,2023,26903.0,13282.0,13621.0,50.63
19212,Cauca,Corinto,2024,27157.0,13338.0,13819.0,50.89
19212,Cauca,Corinto,2025,27349.0,13349.0,14000.0,51.19
19256,Cauca,El Tambo,2023,56993.0,2767.0,54226.0,95.15
19256,Cauca,El Tambo,2024,57546.0,2689.0,54857.0,95.33
19256,Cauca,El Tambo,2025,58071.0,2614.0,55457.0,95.5
19290,Cauca,Florencia,2023,5195.0,1166.0,4029.0,77.56
19290,Cauca,Florencia,2024,5213.0,1164.0,4049.0,77.67
19290,Cauca,Florencia,2025,5194.0,1147.0,4047.0,77.92
19300,Cauca,Guachené,2023,20233.0,6583.0,13650.0,67.46
19300,Cauca,Guachené,2024,20320.0,6575.0,13745.0,67.64
19300,Cauca,Guachené,2025,20381.0,6549.0,13832.0,67.87
19318,Cauca,Guapi,2023,28979.0,14569.0,14410.0,49.73
19318,Cauca,Guapi,2024,29275.0,14689.0,14586.0,49.82
19318,Cauca,Guapi,2025,29530.0,14783.0,14747.0,49.94
19355,Cauca,Inzá,2023,29161.0,1057.0,28104.0,96.38
19355,Cauca,Inzá,2024,29139.0,996.0,28143.0,96.58
19355,Cauca,Inzá,2025,29134.0,958.0,28176.0,96.71
19364,Cauca,Jambaló,2023,18963.0,1853.0,17110.0,90.23
19364,Cauca,Jambaló,2024,19163.0,1837.0,17326.0,90.41
19364,Cauca,Jambaló,2025,19319.0,1811.0,17508.0,90.63
19392,Cauca,La Sierra,2023,11198.0,1794.0,9404.0,83.98
19392,Cauca,La Sierra,2024,11305.0,1793.0,9512.0,84.14
19392,Cauca,La Sierra,2025,11382.0,1780.0,9602.0,84.36
19397,Cauca,La Vega,2023,24447.0,801.0,23646.0,96.72
19397,Cauca,La Vega,2024,24423.0,765.0,23658.0,96.87
19397,Cauca,La Vega,2025,24396.0,717.0,23679.0,97.06
19418,Cauca,López de Micay,2023,19325.0,1788.0,17537.0,90.75
19418,Cauca,López de Micay,2024,19491.0,1775.0,17716.0,90.89
19418,Cauca,López de Micay,2025,19624.0,1745.0,17879.0,91.11
19450,Cauca,Mercaderes,2023,25249.0,6359.0,18890.0,74.81
19450,Cauca,Mercaderes,2024,25765.0,6428.0,19337.0,75.05
19450,Cauca,Mercaderes,2025,26270.0,6500.0,19770.0,75.26
19455,Cauca,Miranda,2023,32449.0,18453.0,13996.0,43.13
19455,Cauca,Miranda,2024,32570.0,18481.0,14089.0,43.26
19455,Cauca,Miranda,2025,32681.0,18493.0,14188.0,43.41
19473,Cauca,Morales,2023,43668.0,2373.0,41295.0,94.57
19473,Cauca,Morales,2024,44523.0,2333.0,42190.0,94.76
19473,Cauca,Morales,2025,45325.0,2294.0,43031.0,94.94
19513,Cauca,Padilla,2023,10466.0,4656.0,5810.0,55.51
19513,Cauca,Padilla,2024,10541.0,4667.0,5874.0,55.73
19513,Cauca,Padilla,2025,10584.0,4667.0,5917.0,55.91
19517,Cauca,Páez,2023,51411.0,2685.0,48726.0,94.78
19517,Cauca,Páez,2024,52403.0,2594.0,49809.0,95.05
19517,Cauca,Páez,2025,53393.0,2538.0,50855.0,95.25
19532,Cauca,Patía,2023,38560.0,13982.0,24578.0,63.74
19532,Cauca,Patía,2024,38915.0,14036.0,24879.0,63.93
19532,Cauca,Patía,2025,39198.0,14056.0,25142.0,64.14
19533,Cauca,Piamonte,2023,9579.0,2203.0,7376.0,77.0
19533,Cauca,Piamonte,2024,9705.0,2203.0,7502.0,77.3
19533,Cauca,Piamonte,2025,9839.0,2214.0,7625.0,77.5
19548,Cauca,Piendamó - Tunía,2023,42466.0,14463.0,28003.0,65.94
19548,Cauca,Piendamó - Tunía,2024,42676.0,14433.0,28243.0,66.18
19548,Cauca,Piendamó - Tunía,2025,42857.0,14390.0,28467.0,66.42
19573,Cauca,Puerto Tejada,2023,43275.0,37217.0,6058.0,14.0
19573,Cauca,Puerto Tejada,2024,43471.0,37318.0,6153.0,14.15
19573,Cauca,Puerto Tejada,2025,43622.0,37392.0,6230.0,14.28
19585,Cauca,Puracé,2023,17958.0,1614.0,16344.0,91.01
19585,Cauca,Puracé,2024,18062.0,1585.0,16477.0,91.22
19585,Cauca,Puracé,2025,18144.0,1556.0,16588.0,91.42
19622,Cauca,Rosas,2023,11917.0,1037.0,10880.0,91.3
19622,Cauca,Rosas,2024,12028.0,1039.0,10989.0,91.36
19622,Cauca,Rosas,2025,12121.0,1033.0,11088.0,91.48
19693,Cauca,San Sebastián,2023,10850.0,563.0,10287.0,94.81
19693,Cauca,San Sebastián,2024,10813.0,530.0,10283.0,95.1
19693,Cauca,San Sebastián,2025,10815.0,523.0,10292.0,95.16
19698,Cauca,Santander de Quilichao,2023,123743.0,57652.0,66091.0,53.41
19698,Cauca,Santander de Quilichao,2024,126198.0,58561.0,67637.0,53.6
19698,Cauca,Santander de Quilichao,2025,128547.0,59418.0,69129.0,53.78
19701,Cauca,Santa Rosa,2023,5349.0,634.0,4715.0,88.15
19701,Cauca,Santa Rosa,2024,5328.0,620.0,4708.0,88.36
19701,Cauca,Santa Rosa,2025,5326.0,603.0,4723.0,88.68
19743,Cauca,Silvia,2023,39515.0,4268.0,35247.0,89.2
19743,Cauca,Silvia,2024,39887.0,4202.0,35685.0,89.47
19743,Cauca,Silvia,2025,40219.0,4145.0,36074.0,89.69
19760,Cauca,Sotará Paispamba,2023,14492.0,462.0,14030.0,96.81
19760,Cauca,Sotará Paispamba,2024,14596.0,437.0,14159.0,97.01
19760,Cauca,Sotará Paispamba,2025,14713.0,424.0,14289.0,97.12
19780,Cauca,Suárez,2023,36370.0,6784.0,29586.0,81.35
19780,Cauca,Suárez,2024,37158.0,6817.0,30341.0,81.65
19780,Cauca,Suárez,2025,37875.0,6826.0,31049.0,81.98
19785,Cauca,Sucre,2023,9729.0,1611.0,8118.0,83.44
19785,Cauca,Sucre,2024,9756.0,1581.0,8175.0,83.79
19785,Cauca,Sucre,2025,9809.0,1588.0,8221.0,83.81
19807,Cauca,Timbío,2023,38080.0,15305.0,22775.0,59.81
19807,Cauca,Timbío,2024,38572.0,15440.0,23132.0,59.97
19807,Cauca,Timbío,2025,39064.0,15585.0,23479.0,60.1
19809,Cauca,Timbiquí,2023,28538.0,6642.0,21896.0,76.73
19809,Cauca,Timbiquí,2024,29010.0,6691.0,22319.0,76.94
19809,Cauca,Timbiquí,2025,29477.0,6745.0,22732.0,77.12
19821,Cauca,Toribío,2023,38643.0,2296.0,36347.0,94.06
19821,Cauca,Toribío,2024,39282.0,2254.0,37028.0,94.26
19821,Cauca,Toribío,2025,39914.0,2223.0,37691.0,94.43
19824,Cauca,Totoró,2023,26712.0,1192.0,25520.0,95.54
19824,Cauca,Totoró,2024,27100.0,1155.0,25945.0,95.74
19824,Cauca,Totoró,2025,27422.0,1123.0,26299.0,95.9
19845,Cauca,Villa Rica,2023,22966.0,15651.0,7315.0,31.85
19845,Cauca,Villa Rica,2024,23298.0,15843.0,7455.0,32.0
19845,Cauca,Villa Rica,2025,23629.0,16038.0,7591.0,32.13
20001,Cesar,Valledupar,2023,585985.0,514277.0,71708.0,12.24
20001,Cesar,Valledupar,2024,601259.0,527636.0,73623.0,12.24
20001,Cesar,Valledupar,2025,615987.0,540530.0,75457.0,12.25
20011,Cesar,Aguachica,2023,129255.0,112336.0,16919.0,13.09
20011,Cesar,Aguachica,2024,132237.0,114925.0,17312.0,13.09
20011,Cesar,Aguachica,2025,135087.0,117391.0,17696.0,13.1
20013,Cesar,Agustín Codazzi,2023,67188.0,52569.0,14619.0,21.76
20013,Cesar,Agustín Codazzi,2024,67850.0,53063.0,14787.0,21.79
20013,Cesar,Agustín Codazzi,2025,68390.0,53470.0,14920.0,21.82
20032,Cesar,Astrea,2023,22010.0,11569.0,10441.0,47.44
20032,Cesar,Astrea,2024,22144.0,11639.0,10505.0,47.44
20032,Cesar,Astrea,2025,22255.0,11701.0,10554.0,47.42
20045,Cesar,Becerril,2023,26218.0,19478.0,6740.0,25.71
20045,Cesar,Becerril,2024,26931.0,20006.0,6925.0,25.71
20045,Cesar,Becerril,2025,27594.0,20494.0,7100.0,25.73
20060,Cesar,Bosconia,2023,46702.0,43734.0,2968.0,6.36
20060,Cesar,Bosconia,2024,47690.0,44658.0,3032.0,6.36
20060,Cesar,Bosconia,2025,48639.0,45541.0,3098.0,6.37
20175,Cesar,Chimichagua,2023,37498.0,14812.0,22686.0,60.5
20175,Cesar,Chimichagua,2024,37732.0,14892.0,22840.0,60.53
20175,Cesar,Chimichagua,2025,37925.0,14947.0,22978.0,60.59
20178,Cesar,Chiriguaná,2023,31880.0,18837.0,13043.0,40.91
20178,Cesar,Chiriguaná,2024,32424.0,19158.0,13266.0,40.91
20178,Cesar,Chiriguaná,2025,32915.0,19440.0,13475.0,40.94
20228,Cesar,Curumaní,2023,43896.0,30809.0,13087.0,29.81
20228,Cesar,Curumaní,2024,44811.0,31458.0,13353.0,29.8
20228,Cesar,Curumaní,2025,45650.0,32055.0,13595.0,29.78
20238,Cesar,El Copey,2023,34255.0,25577.0,8678.0,25.33
20238,Cesar,El Copey,2024,34776.0,25973.0,8803.0,25.31
20238,Cesar,El Copey,2025,35248.0,26322.0,8926.0,25.32
20250,Cesar,El Paso,2023,44810.0,7868.0,36942.0,82.44
20250,Cesar,El Paso,2024,45704.0,8008.0,37696.0,82.48
20250,Cesar,El Paso,2025,46484.0,8100.0,38384.0,82.57
20295,Cesar,Gamarra,2023,16037.0,10442.0,5595.0,34.89
20295,Cesar,Gamarra,2024,16058.0,10454.0,5604.0,34.9
20295,Cesar,Gamarra,2025,16073.0,10466.0,5607.0,34.88
20310,Cesar,González,2023,4882.0,1462.0,3420.0,70.05
20310,Cesar,González,2024,4928.0,1470.0,3458.0,70.17
20310,Cesar,González,2025,5006.0,1488.0,3518.0,70.28
20383,Cesar,La Gloria,2023,19292.0,6675.0,12617.0,65.4
20383,Cesar,La Gloria,2024,19514.0,6751.0,12763.0,65.4
20383,Cesar,La Gloria,2025,19713.0,6820.0,12893.0,65.4
20400,Cesar,La Jagua de Ibirico,2023,57606.0,44084.0,13522.0,23.47
20400,Cesar,La Jagua de Ibirico,2024,58996.0,45159.0,13837.0,23.45
20400,Cesar,La Jagua de Ibirico,2025,60223.0,46118.0,14105.0,23.42
20443,Cesar,Manaure Balcón del Cesar,2023,11347.0,9400.0,1947.0,17.16
20443,Cesar,Manaure Balcón del Cesar,2024,11548.0,9571.0,1977.0,17.12
20443,Cesar,Manaure Balcón del Cesar,2025,11726.0,9722.0,2004.0,17.09
20517,Cesar,Pailitas,2023,20818.0,15493.0,5325.0,25.58
20517,Cesar,Pailitas,2024,21068.0,15679.0,5389.0,25.58
20517,Cesar,Pailitas,2025,21310.0,15857.0,5453.0,25.59
20550,Cesar,Pelaya,2023,23797.0,16419.0,7378.0,31.0
20550,Cesar,Pelaya,2024,24204.0,16685.0,7519.0,31.07
20550,Cesar,Pelaya,2025,24612.0,16973.0,7639.0,31.04
20570,Cesar,Pueblo Bello,2023,32893.0,10308.0,22585.0,68.66
20570,Cesar,Pueblo Bello,2024,33724.0,10555.0,23169.0,68.7
20570,Cesar,Pueblo Bello,2025,34527.0,10805.0,23722.0,68.71
20614,Cesar,Río de Oro,2023,19101.0,8788.0,10313.0,53.99
20614,Cesar,Río de Oro,2024,19390.0,8908.0,10482.0,54.06
20614,Cesar,Río de Oro,2025,19669.0,9025.0,10644.0,54.12
20621,Cesar,La Paz,2023,32153.0,22598.0,9555.0,29.72
20621,Cesar,La Paz,2024,32751.0,23014.0,9737.0,29.73
20621,Cesar,La Paz,2025,33287.0,23393.0,9894.0,29.72
20710,Cesar,San Alberto,2023,30543.0,24269.0,6274.0,20.54
20710,Cesar,San Alberto,2024,31199.0,24788.0,6411.0,20.55
20710,Cesar,San Alberto,2025,31811.0,25266.0,6545.0,20.57
20750,Cesar,San Diego,2023,22761.0,12341.0,10420.0,45.78
20750,Cesar,San Diego,2024,23324.0,12642.0,10682.0,45.8
20750,Cesar,San Diego,2025,23861.0,12919.0,10942.0,45.86
20770,Cesar,San Martín,2023,32446.0,17480.0,14966.0,46.13
20770,Cesar,San Martín,2024,33351.0,17950.0,15401.0,46.18
20770,Cesar,San Martín,2025,34220.0,18407.0,15813.0,46.21
20787,Cesar,Tamalameque,2023,16774.0,6625.0,10149.0,60.5
20787,Cesar,Tamalameque,2024,16871.0,6667.0,10204.0,60.48
20787,Cesar,Tamalameque,2025,16947.0,6698.0,10249.0,60.48
23001,Córdoba,Montería,2023,552371.0,433199.0,119172.0,21.57
23001,Córdoba,Montería,2024,563597.0,441790.0,121807.0,21.61
23001,Córdoba,Montería,2025,574570.0,450188.0,124382.0,21.65
23068,Córdoba,Ayapel,2023,49544.0,29079.0,20465.0,41.31
23068,Córdoba,Ayapel,2024,49883.0,29252.0,20631.0,41.36
23068,Córdoba,Ayapel,2025,50190.0,29417.0,20773.0,41.39
23079,Córdoba,Buenavista,2023,22164.0,8101.0,14063.0,63.45
23079,Córdoba,Buenavista,2024,22295.0,8131.0,14164.0,63.53
23079,Córdoba,Buenavista,2025,22410.0,8160.0,14250.0,63.59
23090,Córdoba,Canalete,2023,16271.0,4037.0,12234.0,75.19
23090,Córdoba,Canalete,2024,16420.0,4074.0,12346.0,75.19
23090,Córdoba,Canalete,2025,16518.0,4072.0,12446.0,75.35
23162,Córdoba,Cereté,2023,117379.0,65221.0,52158.0,44.44
23162,Córdoba,Cereté,2024,119389.0,66308.0,53081.0,44.46
23162,Córdoba,Cereté,2025,121334.0,67350.0,53984.0,44.49
23168,Córdoba,Chimá,2023,19166.0,3957.0,15209.0,79.35
23168,Córdoba,Chimá,2024,19407.0,3953.0,15454.0,79.63
23168,Córdoba,Chimá,2025,19635.0,3967.0,15668.0,79.8
23182,Córdoba,Chinú,2023,51590.0,21628.0,29962.0,58.08
23182,Córdoba,Chinú,2024,52071.0,21850.0,30221.0,58.04
23182,Córdoba,Chinú,2025,52515.0,22056.0,30459.0,58.0
23189,Córdoba,Ciénaga de Oro,2023,62210.0,22952.0,39258.0,63.11
23189,Córdoba,Ciénaga de Oro,2024,62594.0,23014.0,39580.0,63.23
23189,Córdoba,Ciénaga de Oro,2025,62919.0,23065.0,39854.0,63.34
23300,Córdoba,Cotorra,2023,21014.0,6561.0,14453.0,68.78
23300,Córdoba,Cotorra,2024,21334.0,6640.0,14694.0,68.88
23300,Córdoba,Cotorra,2025,21648.0,6724.0,14924.0,68.94
23350,Córdoba,La Apartada,2023,16087.0,12253.0,3834.0,23.83
23350,Córdoba,La Apartada,2024,16297.0,12401.0,3896.0,23.91
23350,Córdoba,La Apartada,2025,16498.0,12548.0,3950.0,23.94
23417,Córdoba,Lorica,2023,119776.0,57384.0,62392.0,52.09
23417,Córdoba,Lorica,2024,120346.0,57764.0,62582.0,52.0
23417,Córdoba,Lorica,2025,120798.0,58093.0,62705.0,51.91
23419,Córdoba,Los Córdobas,2023,19209.0,3768.0,15441.0,80.38
23419,Córdoba,Los Córdobas,2024,19217.0,3747.0,15470.0,80.5
23419,Córdoba,Los Córdobas,2025,19229.0,3737.0,15492.0,80.57
23464,Córdoba,Momil,2023,21867.0,13117.0,8750.0,40.01
23464,Córdoba,Momil,2024,22186.0,13321.0,8865.0,39.96
23464,Córdoba,Momil,2025,22486.0,13517.0,8969.0,39.89
23466,Córdoba,Montelíbano,2023,86707.0,64546.0,22161.0,25.56
23466,Córdoba,Montelíbano,2024,87467.0,65069.0,22398.0,25.61
23466,Córdoba,Montelíbano,2025,88139.0,65533.0,22606.0,25.65
23500,Córdoba,Moñitos,2023,32504.0,6915.0,25589.0,78.73
23500,Córdoba,Moñitos,2024,32846.0,6988.0,25858.0,78.72
23500,Córdoba,Moñitos,2025,33137.0,7039.0,26098.0,78.76
23555,Córdoba,Planeta Rica,2023,66266.0,42262.0,24004.0,36.22
23555,Córdoba,Planeta Rica,2024,66459.0,42355.0,24104.0,36.27
23555,Córdoba,Planeta Rica,2025,66591.0,42405.0,24186.0,36.32
23570,Córdoba,Pueblo Nuevo,2023,37711.0,10556.0,27155.0,72.01
23570,Córdoba,Pueblo Nuevo,2024,37976.0,10598.0,27378.0,72.09
23570,Córdoba,Pueblo Nuevo,2025,38206.0,10634.0,27572.0,72.17
23574,Córdoba,Puerto Escondido,2023,24584.0,4209.0,20375.0,82.88
23574,Córdoba,Puerto Escondido,2024,24650.0,4193.0,20457.0,82.99
23574,Córdoba,Puerto Escondido,2025,24698.0,4172.0,20526.0,83.11
23580,Córdoba,Puerto Libertador,2023,45186.0,13955.0,31231.0,69.12
23580,Córdoba,Puerto Libertador,2024,45697.0,14078.0,31619.0,69.19
23580,Córdoba,Puerto Libertador,2025,46166.0,14189.0,31977.0,69.27
23586,Córdoba,Purísima de La Concepción,2023,18835.0,7850.0,10985.0,58.32
23586,Córdoba,Purísima de La Concepción,2024,19091.0,7957.0,11134.0,58.32
23586,Córdoba,Purísima de La Concepción,2025,19309.0,8048.0,11261.0,58.32
23660,Córdoba,Sahagún,2023,117077.0,57379.0,59698.0,50.99
23660,Córdoba,Sahagún,2024,118572.0,58028.0,60544.0,51.06
23660,Córdoba,Sahagún,2025,119946.0,58613.0,61333.0,51.13
23670,Córdoba,San Andrés Sotavento,2023,51786.0,10750.0,41036.0,79.24
23670,Córdoba,San Andrés Sotavento,2024,52225.0,10863.0,41362.0,79.2
23670,Córdoba,San Andrés Sotavento,2025,52617.0,10965.0,41652.0,79.16
23672,Córdoba,San Antero,2023,38127.0,17881.0,20246.0,53.1
23672,Córdoba,San Antero,2024,38802.0,18217.0,20585.0,53.05
23672,Córdoba,San Antero,2025,39432.0,18533.0,20899.0,53.0
23675,Córdoba,San Bernardo del Viento,2023,40394.0,9932.0,30462.0,75.41
23675,Córdoba,San Bernardo del Viento,2024,40897.0,10009.0,30888.0,75.53
23675,Córdoba,San Bernardo del Viento,2025,41366.0,10064.0,31302.0,75.67
23678,Córdoba,San Carlos,2023,28531.0,4745.0,23786.0,83.37
23678,Córdoba,San Carlos,2024,28745.0,4766.0,23979.0,83.42
23678,Córdoba,San Carlos,2025,28909.0,4753.0,24156.0,83.56
23682,Córdoba,San José de Uré,2023,14981.0,5678.0,9303.0,62.1
23682,Córdoba,San José de Uré,2024,15244.0,5763.0,9481.0,62.19
23682,Córdoba,San José de Uré,2025,15495.0,5847.0,9648.0,62.27
23686,Córdoba,San Pelayo,2023,56999.0,9695.0,47304.0,82.99
23686,Córdoba,San Pelayo,2024,57804.0,9777.0,48027.0,83.09
23686,Córdoba,San Pelayo,2025,58534.0,9843.0,48691.0,83.18
23807,Córdoba,Tierralta,2023,99416.0,45364.0,54052.0,54.37
23807,Córdoba,Tierralta,2024,100490.0,45821.0,54669.0,54.4
23807,Córdoba,Tierralta,2025,101499.0,46250.0,55249.0,54.43
23815,Córdoba,Tuchín,2023,59341.0,8404.0,50937.0,85.84
23815,Córdoba,Tuchín,2024,60386.0,8534.0,51852.0,85.87
23815,Córdoba,Tuchín,2025,61361.0,8638.0,52723.0,85.92
23855,Córdoba,Valencia,2023,36658.0,16824.0,19834.0,54.11
23855,Córdoba,Valencia,2024,36721.0,16842.0,19879.0,54.14
23855,Córdoba,Valencia,2025,36752.0,16838.0,19914.0,54.18
25001,Cundinamarca,Agua de Dios,2023,11821.0,9414.0,2407.0,20.36
25001,Cundinamarca,Agua de Dios,2024,11820.0,9461.0,2359.0,19.96
25001,Cundinamarca,Agua de Dios,2025,11838.0,9512.0,2326.0,19.65
25019,Cundinamarca,Albán,2023,6868.0,2105.0,4763.0,69.35
25019,Cundinamarca,Albán,2024,6911.0,2184.0,4727.0,68.4
25019,Cundinamarca,Albán,2025,6980.0,2277.0,4703.0,67.38
25035,Cundinamarca,Anapoima,2023,16299.0,7226.0,9073.0,55.67
25035,Cundinamarca,Anapoima,2024,16635.0,7534.0,9101.0,54.71
25035,Cundinamarca,Anapoima,2025,16983.0,7843.0,9140.0,53.82
25040,Cundinamarca,Anolaima,2023,14484.0,5029.0,9455.0,65.28
25040,Cundinamarca,Anolaima,2024,14581.0,5197.0,9384.0,64.36
25040,Cundinamarca,Anolaima,2025,14673.0,5362.0,9311.0,63.46
25053,Cundinamarca,Arbeláez,2023,10803.0,4903.0,5900.0,54.61
25053,Cundinamarca,Arbeláez,2024,10753.0,4984.0,5769.0,53.65
25053,Cundinamarca,Arbeláez,2025,10712.0,5058.0,5654.0,52.78
25086,Cundinamarca,Beltrán,2023,1793.0,436.0,1357.0,75.68
25086,Cundinamarca,Beltrán,2024,1805.0,460.0,1345.0,74.52
25086,Cundinamarca,Beltrán,2025,1778.0,468.0,1310.0,73.68
25095,Cundinamarca,Bituima,2023,2463.0,547.0,1916.0,77.79
25095,Cundinamarca,Bituima,2024,2476.0,579.0,1897.0,76.62
25095,Cundinamarca,Bituima,2025,2466.0,603.0,1863.0,75.55
25099,Cundinamarca,Bojacá,2023,10690.0,8753.0,1937.0,18.12
25099,Cundinamarca,Bojacá,2024,10793.0,8893.0,1900.0,17.6
25099,Cundinamarca,Bojacá,2025,10927.0,9040.0,1887.0,17.27
25120,Cundinamarca,Cabrera,2023,4896.0,1299.0,3597.0,73.47
25120,Cundinamarca,Cabrera,2024,4887.0,1349.0,3538.0,72.4
25120,Cundinamarca,Cabrera,2025,4921.0,1403.0,3518.0,71.49
25123,Cundinamarca,Cachipay,2023,10296.0,4047.0,6249.0,60.69
25123,Cundinamarca,Cachipay,2024,10338.0,4155.0,6183.0,59.81
25123,Cundinamarca,Cachipay,2025,10378.0,4269.0,6109.0,58.86
25126,Cundinamarca,Cajicá,2023,114761.0,70891.0,43870.0,38.23
25126,Cundinamarca,Cajicá,2024,118870.0,73984.0,44886.0,37.76
25126,Cundinamarca,Cajicá,2025,122811.0,76974.0,45837.0,37.32
25148,Cundinamarca,Caparrapí,2023,11716.0,3426.0,8290.0,70.76
25148,Cundinamarca,Caparrapí,2024,11509.0,3477.0,8032.0,69.79
25148,Cundinamarca,Caparrapí,2025,11310.0,3527.0,7783.0,68.82
25151,Cundinamarca,Cáqueza,2023,17935.0,8846.0,9089.0,50.68
25151,Cundinamarca,Cáqueza,2024,18061.0,9064.0,8997.0,49.81
25151,Cundinamarca,Cáqueza,2025,18167.0,9273.0,8894.0,48.96
25154,Cundinamarca,Carmen de Carupa,2023,7753.0,2606.0,5147.0,66.39
25154,Cundinamarca,Carmen de Carupa,2024,7764.0,2698.0,5066.0,65.25
25154,Cundinamarca,Carmen de Carupa,2025,7771.0,2786.0,4985.0,64.15
25168,Cundinamarca,Chaguaní,2023,4338.0,1154.0,3184.0,73.4
25168,Cundinamarca,Chaguaní,2024,4366.0,1203.0,3163.0,72.45
25168,Cundinamarca,Chaguaní,2025,4381.0,1246.0,3135.0,71.56
25175,Cundinamarca,Chía,2023,165266.0,128294.0,36972.0,22.37
25175,Cundinamarca,Chía,2024,169539.0,132146.0,37393.0,22.06
25175,Cundinamarca,Chía,2025,173728.0,135940.0,37788.0,21.75
25178,Cundinamarca,Chipaque,2023,10055.0,3334.0,6721.0,66.84
25178,Cundinamarca,Chipaque,2024,10150.0,3460.0,6690.0,65.91
25178,Cundinamarca,Chipaque,2025,10204.0,3577.0,6627.0,64.95
25181,Cundinamarca,Choachí,2023,11252.0,4837.0,6415.0,57.01
25181,Cundinamarca,Choachí,2024,11283.0,4950.0,6333.0,56.13
25181,Cundinamarca,Choachí,2025,11285.0,5054.0,6231.0,55.21
25183,Cundinamarca,Chocontá,2023,21686.0,12420.0,9266.0,42.73
25183,Cundinamarca,Chocontá,2024,21836.0,12700.0,9136.0,41.84
25183,Cundinamarca,Chocontá,2025,21987.0,12972.0,9015.0,41.0
25200,Cundinamarca,Cogua,2023,24521.0,9769.0,14752.0,60.16
25200,Cundinamarca,Cogua,2024,24963.0,10187.0,14776.0,59.19
25200,Cundinamarca,Cogua,2025,25389.0,10607.0,14782.0,58.22
25214,Cundinamarca,Cota,2023,44875.0,26320.0,18555.0,41.35
25214,Cundinamarca,Cota,2024,46260.0,27365.0,18895.0,40.85
25214,Cundinamarca,Cota,2025,47586.0,28377.0,19209.0,40.37
25224,Cundinamarca,Cucunubá,2023,8153.0,1556.0,6597.0,80.92
25224,Cundinamarca,Cucunubá,2024,8234.0,1658.0,6576.0,79.86
25224,Cundinamarca,Cucunubá,2025,8325.0,1770.0,6555.0,78.74
25245,Cundinamarca,El Colegio,2023,26203.0,12418.0,13785.0,52.61
25245,Cundinamarca,El Colegio,2024,26618.0,12840.0,13778.0,51.76
25245,Cundinamarca,El Colegio,2025,27003.0,13256.0,13747.0,50.91
25258,Cundinamarca,El Peñón,2023,4736.0,803.0,3933.0,83.04
25258,Cundinamarca,El Peñón,2024,4710.0,840.0,3870.0,82.17
25258,Cundinamarca,El Peñón,2025,4735.0,919.0,3816.0,80.59
25260,Cundinamarca,El Rosal,2023,25863.0,23415.0,2448.0,9.47
25260,Cundinamarca,El Rosal,2024,26497.0,24074.0,2423.0,9.14
25260,Cundinamarca,El Rosal,2025,27092.0,24697.0,2395.0,8.84
25269,Cundinamarca,Facatativá,2023,158434.0,147166.0,11268.0,7.11
25269,Cundinamarca,Facatativá,2024,161874.0,150730.0,11144.0,6.88
25269,Cundinamarca,Facatativá,2025,165243.0,154228.0,11015.0,6.67
25279,Cundinamarca,Fómeque,2023,12320.0,6030.0,6290.0,51.06
25279,Cundinamarca,Fómeque,2024,12340.0,6153.0,6187.0,50.14
25279,Cundinamarca,Fómeque,2025,12359.0,6264.0,6095.0,49.32
25281,Cundinamarca,Fosca,2023,5666.0,1619.0,4047.0,71.43
25281,Cundinamarca,Fosca,2024,5631.0,1668.0,3963.0,70.38
25281,Cundinamarca,Fosca,2025,5597.0,1712.0,3885.0,69.41
25286,Cundinamarca,Funza,2023,114641.0,110436.0,4205.0,3.67
25286,Cundinamarca,Funza,2024,118457.0,114220.0,4237.0,3.58
25286,Cundinamarca,Funza,2025,122260.0,117991.0,4269.0,3.49
25288,Cundinamarca,Fúquene,2023,4973.0,345.0,4628.0,93.06
25288,Cundinamarca,Fúquene,2024,4961.0,395.0,4566.0,92.04
25288,Cundinamarca,Fúquene,2025,4948.0,453.0,4495.0,90.84
25290,Cundinamarca,Fusagasugá,2023,153894.0,132440.0,21454.0,13.94
25290,Cundinamarca,Fusagasugá,2024,156943.0,135615.0,21328.0,13.59
25290,Cundinamarca,Fusagasugá,2025,159944.0,138744.0,21200.0,13.25
25293,Cundinamarca,Gachalá,2023,4523.0,1760.0,2763.0,61.09
25293,Cundinamarca,Gachalá,2024,4548.0,1813.0,2735.0,60.14
25293,Cundinamarca,Gachalá,2025,4545.0,1853.0,2692.0,59.23
25295,Cundinamarca,Gachancipá,2023,20237.0,14426.0,5811.0,28.71
25295,Cundinamarca,Gachancipá,2024,20800.0,14967.0,5833.0,28.04
25295,Cundinamarca,Gachancipá,2025,21332.0,15490.0,5842.0,27.39
25297,Cundinamarca,Gachetá,2023,8593.0,3905.0,4688.0,54.56
25297,Cundinamarca,Gachetá,2024,8619.0,4001.0,4618.0,53.58
25297,Cundinamarca,Gachetá,2025,8618.0,4079.0,4539.0,52.67
25299,Cundinamarca,Gama,2023,3191.0,904.0,2287.0,71.67
25299,Cundinamarca,Gama,2024,3193.0,939.0,2254.0,70.59
25299,Cundinamarca,Gama,2025,3188.0,975.0,2213.0,69.42
25307,Cundinamarca,Girardot,2023,103443.0,99486.0,3957.0,3.83
25307,Cundinamarca,Girardot,2024,103831.0,99982.0,3849.0,3.71
25307,Cundinamarca,Girardot,2025,104137.0,100403.0,3734.0,3.59
25312,Cundinamarca,Granada,2023,7567.0,2323.0,5244.0,69.3
25312,Cundinamarca,Granada,2024,7614.0,2408.0,5206.0,68.37
25312,Cundinamarca,Granada,2025,7660.0,2506.0,5154.0,67.28
25317,Cundinamarca,Guachetá,2023,14515.0,7107.0,7408.0,51.04
25317,Cundinamarca,Guachetá,2024,14716.0,7317.0,7399.0,50.28
25317,Cundinamarca,Guachetá,2025,14913.0,7535.0,7378.0,49.47
25320,Cundinamarca,Guaduas,2023,30808.0,15268.0,15540.0,50.44
25320,Cundinamarca,Guaduas,2024,30787.0,15543.0,15244.0,49.51
25320,Cundinamarca,Guaduas,2025,30732.0,15798.0,14934.0,48.59
25322,Cundinamarca,Guasca,2023,17196.0,7796.0,9400.0,54.66
25322,Cundinamarca,Guasca,2024,17529.0,8114.0,9415.0,53.71
25322,Cundinamarca,Guasca,2025,17869.0,8439.0,9430.0,52.77
25324,Cundinamarca,Guataquí,2023,3092.0,1471.0,1621.0,52.43
25324,Cundinamarca,Guataquí,2024,3118.0,1512.0,1606.0,51.51
25324,Cundinamarca,Guataquí,2025,3153.0,1556.0,1597.0,50.65
25326,Cundinamarca,Guatavita,2023,6410.0,2568.0,3842.0,59.94
25326,Cundinamarca,Guatavita,2024,6391.0,2616.0,3775.0,59.07
25326,Cundinamarca,Guatavita,2025,6379.0,2669.0,3710.0,58.16
25328,Cundinamarca,Guayabal de Síquima,2023,4970.0,1373.0,3597.0,72.37
25328,Cundinamarca,Guayabal de Síquima,2024,5062.0,1443.0,3619.0,71.49
25328,Cundinamarca,Guayabal de Síquima,2025,5132.0,1516.0,3616.0,70.46
25335,Cundinamarca,Guayabetal,2023,6872.0,2494.0,4378.0,63.71
25335,Cundinamarca,Guayabetal,2024,6989.0,2606.0,4383.0,62.71
25335,Cundinamarca,Guayabetal,2025,7066.0,2705.0,4361.0,61.72
25339,Cundinamarca,Gutiérrez,2023,3493.0,1176.0,2317.0,66.33
25339,Cundinamarca,Gutiérrez,2024,3512.0,1218.0,2294.0,65.32
25339,Cundinamarca,Gutiérrez,2025,3520.0,1262.0,2258.0,64.15
25368,Cundinamarca,Jerusalén,2023,2191.0,866.0,1325.0,60.47
25368,Cundinamarca,Jerusalén,2024,2169.0,864.0,1305.0,60.17
25368,Cundinamarca,Jerusalén,2025,2135.0,877.0,1258.0,58.92
25372,Cundinamarca,Junín,2023,5229.0,1004.0,4225.0,80.8
25372,Cundinamarca,Junín,2024,5105.0,1031.0,4074.0,79.8
25372,Cundinamarca,Junín,2025,4976.0,1061.0,3915.0,78.68
25377,Cundinamarca,La Calera,2023,41416.0,16946.0,24470.0,59.08
25377,Cundinamarca,La Calera,2024,42445.0,17639.0,24806.0,58.44
25377,Cundinamarca,La Calera,2025,43453.0,18316.0,25137.0,57.85
25386,Cundinamarca,La Mesa,2023,36266.0,20590.0,15676.0,43.23
25386,Cundinamarca,La Mesa,2024,36901.0,21239.0,15662.0,42.44
25386,Cundinamarca,La Mesa,2025,37508.0,21897.0,15611.0,41.62
25394,Cundinamarca,La Palma,2023,9687.0,4634.0,5053.0,52.16
25394,Cundinamarca,La Palma,2024,9706.0,4721.0,4985.0,51.36
25394,Cundinamarca,La Palma,2025,9708.0,4812.0,4896.0,50.43
25398,Cundinamarca,La Peña,2023,6032.0,1300.0,4732.0,78.45
25398,Cundinamarca,La Peña,2024,6051.0,1384.0,4667.0,77.13
25398,Cundinamarca,La Peña,2025,6073.0,1454.0,4619.0,76.06
25402,Cundinamarca,La Vega,2023,18642.0,7776.0,10866.0,58.29
25402,Cundinamarca,La Vega,2024,18891.0,8055.0,10836.0,57.36
25402,Cundinamarca,La Vega,2025,19137.0,8343.0,10794.0,56.4
25407,Cundinamarca,Lenguazaque,2023,10547.0,3424.0,7123.0,67.54
25407,Cundinamarca,Lenguazaque,2024,10629.0,3561.0,7068.0,66.5
25407,Cundinamarca,Lenguazaque,2025,10670.0,3678.0,6992.0,65.53
25426,Cundinamarca,Machetá,2023,6250.0,1981.0,4269.0,68.3
25426,Cundinamarca,Machetá,2024,6273.0,2058.0,4215.0,67.19
25426,Cundinamarca,Machetá,2025,6280.0,2136.0,4144.0,65.99
25430,Cundinamarca,Madrid,2023,135299.0,128106.0,7193.0,5.32
25430,Cundinamarca,Madrid,2024,139289.0,132162.0,7127.0,5.12
25430,Cundinamarca,Madrid,2025,143090.0,136050.0,7040.0,4.92
25436,Cundinamarca,Manta,2023,3551.0,1128.0,2423.0,68.23
25436,Cundinamarca,Manta,2024,3502.0,1142.0,2360.0,67.39
25436,Cundinamarca,Manta,2025,3471.0,1173.0,2298.0,66.21
25438,Cundinamarca,Medina,2023,8449.0,4942.0,3507.0,41.51
25438,Cundinamarca,Medina,2024,8472.0,5036.0,3436.0,40.56
25438,Cundinamarca,Medina,2025,8517.0,5137.0,3380.0,39.69
25473,Cundinamarca,Mosquera,2023,167198.0,164069.0,3129.0,1.87
25473,Cundinamarca,Mosquera,2024,173675.0,170459.0,3216.0,1.85
25473,Cundinamarca,Mosquera,2025,179940.0,176658.0,3282.0,1.82
25483,Cundinamarca,Nariño,2023,2436.0,1782.0,654.0,26.85
25483,Cundinamarca,Nariño,2024,2462.0,1808.0,654.0,26.56
25483,Cundinamarca,Nariño,2025,2482.0,1834.0,648.0,26.11
25486,Cundinamarca,Nemocón,2023,14430.0,7573.0,6857.0,47.52
25486,Cundinamarca,Nemocón,2024,14659.0,7807.0,6852.0,46.74
25486,Cundinamarca,Nemocón,2025,14872.0,8033.0,6839.0,45.99
25488,Cundinamarca,Nilo,2023,11008.0,3353.0,7655.0,69.54
25488,Cundinamarca,Nilo,2024,11030.0,3483.0,7547.0,68.42
25488,Cundinamarca,Nilo,2025,11080.0,3624.0,7456.0,67.29
25489,Cundinamarca,Nimaima,2023,3662.0,908.0,2754.0,75.2
25489,Cundinamarca,Nimaima,2024,3674.0,960.0,2714.0,73.87
25489,Cundinamarca,Nimaima,2025,3672.0,996.0,2676.0,72.88
25491,Cundinamarca,Nocaima,2023,5752.0,2053.0,3699.0,64.31
25491,Cundinamarca,Nocaima,2024,5654.0,2072.0,3582.0,63.35
25491,Cundinamarca,Nocaima,2025,5578.0,2097.0,3481.0,62.41
25506,Cundinamarca,Venecia,2023,4463.0,1436.0,3027.0,67.82
25506,Cundinamarca,Venecia,2024,4505.0,1498.0,3007.0,66.75
25506,Cundinamarca,Venecia,2025,4528.0,1550.0,2978.0,65.77
25513,Cundinamarca,Pacho,2023,24965.0,14264.0,10701.0,42.86
25513,Cundinamarca,Pacho,2024,25018.0,14492.0,10526.0,42.07
25513,Cundinamarca,Pacho,2025,25021.0,14692.0,10329.0,41.28
25518,Cundinamarca,Paime,2023,3914.0,633.0,3281.0,83.83
25518,Cundinamarca,Paime,2024,3853.0,666.0,3187.0,82.71
25518,Cundinamarca,Paime,2025,3786.0,689.0,3097.0,81.8
25524,Cundinamarca,Pandi,2023,4954.0,1284.0,3670.0,74.08
25524,Cundinamarca,Pandi,2024,4941.0,1324.0,3617.0,73.2
25524,Cundinamarca,Pandi,2025,4908.0,1360.0,3548.0,72.29
25530,Cundinamarca,Paratebueno,2023,8775.0,4093.0,4682.0,53.36
25530,Cundinamarca,Paratebueno,2024,8841.0,4207.0,4634.0,52.41
25530,Cundinamarca,Paratebueno,2025,8881.0,4306.0,4575.0,51.51
25535,Cundinamarca,Pasca,2023,9337.0,3232.0,6105.0,65.39
25535,Cundinamarca,Pasca,2024,9386.0,3338.0,6048.0,64.44
25535,Cundinamarca,Pasca,2025,9394.0,3438.0,5956.0,63.4
25572,Cundinamarca,Puerto Salgar,2023,15732.0,11773.0,3959.0,25.17
25572,Cundinamarca,Puerto Salgar,2024,15771.0,11887.0,3884.0,24.63
25572,Cundinamarca,Puerto Salgar,2025,15799.0,11981.0,3818.0,24.17
25580,Cundinamarca,Pulí,2023,3597.0,884.0,2713.0,75.42
25580,Cundinamarca,Pulí,2024,3652.0,946.0,2706.0,74.1
25580,Cundinamarca,Pulí,2025,3686.0,997.0,2689.0,72.95
25592,Cundinamarca,Quebradanegra,2023,4906.0,666.0,4240.0,86.42
25592,Cundinamarca,Quebradanegra,2024,4922.0,719.0,4203.0,85.39
25592,Cundinamarca,Quebradanegra,2025,4939.0,775.0,4164.0,84.31
25594,Cundinamarca,Quetame,2023,5179.0,1659.0,3520.0,67.97
25594,Cundinamarca,Quetame,2024,5182.0,1703.0,3479.0,67.14
25594,Cundinamarca,Quetame,2025,5201.0,1771.0,3430.0,65.95
25596,Cundinamarca,Quipile,2023,5874.0,838.0,5036.0,85.73
25596,Cundinamarca,Quipile,2024,5777.0,898.0,4879.0,84.46
25596,Cundinamarca,Quipile,2025,5675.0,946.0,4729.0,83.33
25599,Cundinamarca,Apulo,2023,8557.0,3950.0,4607.0,53.84
25599,Cundinamarca,Apulo,2024,8624.0,4048.0,4576.0,53.06
25599,Cundinamarca,Apulo,2025,8666.0,4134.0,4532.0,52.3
25612,Cundinamarca,Ricaurte,2023,14851.0,8650.0,6201.0,41.75
25612,Cundinamarca,Ricaurte,2024,15191.0,8988.0,6203.0,40.83
25612,Cundinamarca,Ricaurte,2025,15535.0,9313.0,6222.0,40.05
25645,Cundinamarca,San Antonio del Tequendama,2023,12184.0,1463.0,10721.0,87.99
25645,Cundinamarca,San Antonio del Tequendama,2024,12208.0,1606.0,10602.0,86.84
25645,Cundinamarca,San Antonio del Tequendama,2025,12207.0,1748.0,10459.0,85.68
25649,Cundinamarca,San Bernardo,2023,8685.0,3942.0,4743.0,54.61
25649,Cundinamarca,San Bernardo,2024,8709.0,4014.0,4695.0,53.91
25649,Cundinamarca,San Bernardo,2025,8729.0,4101.0,4628.0,53.02
25653,Cundinamarca,San Cayetano,2023,4825.0,861.0,3964.0,82.16
25653,Cundinamarca,San Cayetano,2024,4839.0,926.0,3913.0,80.86
25653,Cundinamarca,San Cayetano,2025,4824.0,981.0,3843.0,79.66
25658,Cundinamarca,San Francisco,2023,12263.0,5543.0,6720.0,54.8
25658,Cundinamarca,San Francisco,2024,12563.0,5787.0,6776.0,53.94
25658,Cundinamarca,San Francisco,2025,12843.0,6023.0,6820.0,53.1
25662,Cundinamarca,San Juan de Rioseco,2023,8380.0,3359.0,5021.0,59.92
25662,Cundinamarca,San Juan de Rioseco,2024,8423.0,3442.0,4981.0,59.14
25662,Cundinamarca,San Juan de Rioseco,2025,8415.0,3504.0,4911.0,58.36
25718,Cundinamarca,Sasaima,2023,11267.0,3213.0,8054.0,71.48
25718,Cundinamarca,Sasaima,2024,11389.0,3370.0,8019.0,70.41
25718,Cundinamarca,Sasaima,2025,11447.0,3499.0,7948.0,69.43
25736,Cundinamarca,Sesquilé,2023,12522.0,4400.0,8122.0,64.86
25736,Cundinamarca,Sesquilé,2024,12723.0,4593.0,8130.0,63.9
25736,Cundinamarca,Sesquilé,2025,12897.0,4790.0,8107.0,62.86
25740,Cundinamarca,Sibaté,2023,39697.0,26104.0,13593.0,34.24
25740,Cundinamarca,Sibaté,2024,40013.0,26454.0,13559.0,33.89
25740,Cundinamarca,Sibaté,2025,40324.0,26793.0,13531.0,33.56
25743,Cundinamarca,Silvania,2023,22358.0,8089.0,14269.0,63.82
25743,Cundinamarca,Silvania,2024,22445.0,8332.0,14113.0,62.88
25743,Cundinamarca,Silvania,2025,22520.0,8566.0,13954.0,61.96
25745,Cundinamarca,Simijaca,2023,14074.0,8878.0,5196.0,36.92
25745,Cundinamarca,Simijaca,2024,14289.0,9124.0,5165.0,36.15
25745,Cundinamarca,Simijaca,2025,14487.0,9367.0,5120.0,35.34
25754,Cundinamarca,Soacha,2023,814670.0,807606.0,7064.0,0.87
25754,Cundinamarca,Soacha,2024,842579.0,835354.0,7225.0,0.86
25754,Cundinamarca,Soacha,2025,870077.0,862705.0,7372.0,0.85
25758,Cundinamarca,Sopó,2023,32323.0,20995.0,11328.0,35.05
25758,Cundinamarca,Sopó,2024,32937.0,21554.0,11383.0,34.56
25758,Cundinamarca,Sopó,2025,33511.0,22096.0,11415.0,34.06
25769,Cundinamarca,Subachoque,2023,17411.0,9231.0,8180.0,46.98
25769,Cundinamarca,Subachoque,2024,17703.0,9559.0,8144.0,46.0
25769,Cundinamarca,Subachoque,2025,17999.0,9890.0,8109.0,45.05
25772,Cundinamarca,Suesca,2023,18840.0,9329.0,9511.0,50.48
25772,Cundinamarca,Suesca,2024,19171.0,9679.0,9492.0,49.51
25772,Cundinamarca,Suesca,2025,19477.0,10009.0,9468.0,48.61
25777,Cundinamarca,Supatá,2023,5494.0,1963.0,3531.0,64.27
25777,Cundinamarca,Supatá,2024,5529.0,2025.0,3504.0,63.37
25777,Cundinamarca,Supatá,2025,5550.0,2086.0,3464.0,62.41
25779,Cundinamarca,Susa,2023,6582.0,2577.0,4005.0,60.85
25779,Cundinamarca,Susa,2024,6595.0,2649.0,3946.0,59.83
25779,Cundinamarca,Susa,2025,6595.0,2711.0,3884.0,58.89
25781,Cundinamarca,Sutatausa,2023,6616.0,2472.0,4144.0,62.64
25781,Cundinamarca,Sutatausa,2024,6727.0,2580.0,4147.0,61.65
25781,Cundinamarca,Sutatausa,2025,6869.0,2695.0,4174.0,60.77
25785,Cundinamarca,Tabio,2023,22727.0,7716.0,15011.0,66.05
25785,Cundinamarca,Tabio,2024,22884.0,7999.0,14885.0,65.05
25785,Cundinamarca,Tabio,2025,23025.0,8278.0,14747.0,64.05
25793,Cundinamarca,Tausa,2023,8491.0,1893.0,6598.0,77.71
25793,Cundinamarca,Tausa,2024,8560.0,2014.0,6546.0,76.47
25793,Cundinamarca,Tausa,2025,8602.0,2110.0,6492.0,75.47
25797,Cundinamarca,Tena,2023,10838.0,1141.0,9697.0,89.47
25797,Cundinamarca,Tena,2024,11062.0,1292.0,9770.0,88.32
25797,Cundinamarca,Tena,2025,11316.0,1463.0,9853.0,87.07
25799,Cundinamarca,Tenjo,2023,24235.0,11055.0,13180.0,54.38
25799,Cundinamarca,Tenjo,2024,24623.0,11500.0,13123.0,53.3
25799,Cundinamarca,Tenjo,2025,25014.0,11950.0,13064.0,52.23
25805,Cundinamarca,Tibacuy,2023,4301.0,690.0,3611.0,83.96
25805,Cundinamarca,Tibacuy,2024,4276.0,735.0,3541.0,82.81
25805,Cundinamarca,Tibacuy,2025,4265.0,775.0,3490.0,81.83
25807,Cundinamarca,Tibirita,2023,3323.0,681.0,2642.0,79.51
25807,Cundinamarca,Tibirita,2024,3346.0,715.0,2631.0,78.63
25807,Cundinamarca,Tibirita,2025,3376.0,764.0,2612.0,77.37
25815,Cundinamarca,Tocaima,2023,16028.0,10362.0,5666.0,35.35
25815,Cundinamarca,Tocaima,2024,16059.0,10468.0,5591.0,34.82
25815,Cundinamarca,Tocaima,2025,16083.0,10594.0,5489.0,34.13
25817,Cundinamarca,Tocancipá,2023,47128.0,20580.0,26548.0,56.33
25817,Cundinamarca,Tocancipá,2024,48367.0,21606.0,26761.0,55.33
25817,Cundinamarca,Tocancipá,2025,49532.0,22633.0,26899.0,54.31
25823,Cundinamarca,Topaipí,2023,4036.0,868.0,3168.0,78.49
25823,Cundinamarca,Topaipí,2024,3994.0,902.0,3092.0,77.42
25823,Cundinamarca,Topaipí,2025,3972.0,952.0,3020.0,76.03
25839,Cundinamarca,Ubalá,2023,7884.0,1828.0,6056.0,76.81
25839,Cundinamarca,Ubalá,2024,7889.0,1910.0,5979.0,75.79
25839,Cundinamarca,Ubalá,2025,7897.0,1986.0,5911.0,74.85
25841,Cundinamarca,Ubaque,2023,6886.0,1454.0,5432.0,78.88
25841,Cundinamarca,Ubaque,2024,6923.0,1541.0,5382.0,77.74
25841,Cundinamarca,Ubaque,2025,6934.0,1621.0,5313.0,76.62
25843,Cundinamarca,Villa de San Diego de Ubaté,2023,46613.0,36344.0,10269.0,22.03
25843,Cundinamarca,Villa de San Diego de Ubaté,2024,47305.0,37142.0,10163.0,21.48
25843,Cundinamarca,Villa de San Diego de Ubaté,2025,47985.0,37921.0,10064.0,20.97
25845,Cundinamarca,Une,2023,6779.0,3875.0,2904.0,42.84
25845,Cundinamarca,Une,2024,6730.0,3904.0,2826.0,41.99
25845,Cundinamarca,Une,2025,6670.0,3920.0,2750.0,41.23
25851,Cundinamarca,Útica,2023,4323.0,2613.0,1710.0,39.56
25851,Cundinamarca,Útica,2024,4342.0,2653.0,1689.0,38.9
25851,Cundinamarca,Útica,2025,4345.0,2680.0,1665.0,38.32
25862,Cundinamarca,Vergara,2023,6750.0,1490.0,5260.0,77.93
25862,Cundinamarca,Vergara,2024,6708.0,1551.0,5157.0,76.88
25862,Cundinamarca,Vergara,2025,6696.0,1625.0,5071.0,75.73
25867,Cundinamarca,Vianí,2023,4572.0,1742.0,2830.0,61.9
25867,Cundinamarca,Vianí,2024,4624.0,1807.0,2817.0,60.92
25867,Cundinamarca,Vianí,2025,4643.0,1857.0,2786.0,60.0
25871,Cundinamarca,Villagómez,2023,1663.0,654.0,1009.0,60.67
25871,Cundinamarca,Villagómez,2024,1645.0,664.0,981.0,59.64
25871,Cundinamarca,Villagómez,2025,1629.0,670.0,959.0,58.87
25873,Cundinamarca,Villapinzón,2023,18016.0,7600.0,10416.0,57.82
25873,Cundinamarca,Villapinzón,2024,18129.0,7798.0,10331.0,56.99
25873,Cundinamarca,Villapinzón,2025,18231.0,8025.0,10206.0,55.98
25875,Cundinamarca,Villeta,2023,28823.0,20480.0,8343.0,28.95
25875,Cundinamarca,Villeta,2024,29130.0,20852.0,8278.0,28.42
25875,Cundinamarca,Villeta,2025,29421.0,21228.0,8193.0,27.85
25878,Cundinamarca,Viotá,2023,13468.0,4901.0,8567.0,63.61
25878,Cundinamarca,Viotá,2024,13500.0,5029.0,8471.0,62.75
25878,Cundinamarca,Viotá,2025,13513.0,5178.0,8335.0,61.68
25885,Cundinamarca,Yacopí,2023,11413.0,3283.0,8130.0,71.23
25885,Cundinamarca,Yacopí,2024,11191.0,3334.0,7857.0,70.21
25885,Cundinamarca,Yacopí,2025,10996.0,3393.0,7603.0,69.14
25898,Cundinamarca,Zipacón,2023,4692.0,1466.0,3226.0,68.76
25898,Cundinamarca,Zipacón,2024,4679.0,1504.0,3175.0,67.86
25898,Cundinamarca,Zipacón,2025,4655.0,1545.0,3110.0,66.81
25899,Cundinamarca,Zipaquirá,2023,159790.0,125102.0,34688.0,21.71
25899,Cundinamarca,Zipaquirá,2024,163372.0,128264.0,35108.0,21.49
25899,Cundinamarca,Zipaquirá,2025,166810.0,131333.0,35477.0,21.27
27001,Chocó,Quibdó,2023,138336.0,119144.0,19192.0,13.87
27001,Chocó,Quibdó,2024,140076.0,120397.0,19679.0,14.05
27001,Chocó,Quibdó,2025,141778.0,121595.0,20183.0,14.24
27006,Chocó,Acandí,2023,15650.0,6885.0,8765.0,56.01
27006,Chocó,Acandí,2024,15963.0,6841.0,9122.0,57.14
27006,Chocó,Acandí,2025,16200.0,6846.0,9354.0,57.74
27025,Chocó,Alto Baudó,2023,28707.0,3274.0,25433.0,88.6
27025,Chocó,Alto Baudó,2024,28940.0,3237.0,25703.0,88.81
27025,Chocó,Alto Baudó,2025,29176.0,3208.0,25968.0,89.0
27050,Chocó,Atrato,2023,6356.0,2967.0,3389.0,53.32
27050,Chocó,Atrato,2024,6409.0,2973.0,3436.0,53.61
27050,Chocó,Atrato,2025,6464.0,2974.0,3490.0,53.99
27073,Chocó,Bagadó,2023,12213.0,2608.0,9605.0,78.65
27073,Chocó,Bagadó,2024,12471.0,2596.0,9875.0,79.18
27073,Chocó,Bagadó,2025,12701.0,2556.0,10145.0,79.88
27075,Chocó,Bahía Solano,2023,10654.0,6414.0,4240.0,39.8
27075,Chocó,Bahía Solano,2024,10756.0,6476.0,4280.0,39.79
27075,Chocó,Bahía Solano,2025,10867.0,6532.0,4335.0,39.89
27077,Chocó,Bajo Baudó,2023,33684.0,7399.0,26285.0,78.03
27077,Chocó,Bajo Baudó,2024,34197.0,7386.0,26811.0,78.4
27077,Chocó,Bajo Baudó,2025,34655.0,7359.0,27296.0,78.76
27099,Chocó,Bojayá,2023,12876.0,1074.0,11802.0,91.66
27099,Chocó,Bojayá,2024,13019.0,1050.0,11969.0,91.93
27099,Chocó,Bojayá,2025,13159.0,1027.0,12132.0,92.2
27135,Chocó,El Cantón del San Pablo,2023,6411.0,2929.0,3482.0,54.31
27135,Chocó,El Cantón del San Pablo,2024,6486.0,2951.0,3535.0,54.5
27135,Chocó,El Cantón del San Pablo,2025,6535.0,2959.0,3576.0,54.72
27150,Chocó,Carmen del Darién,2023,20965.0,2325.0,18640.0,88.91
27150,Chocó,Carmen del Darién,2024,21234.0,2285.0,18949.0,89.24
27150,Chocó,Carmen del Darién,2025,21470.0,2247.0,19223.0,89.53
27160,Chocó,Cértegui,2023,5911.0,3412.0,2499.0,42.28
27160,Chocó,Cértegui,2024,5986.0,3441.0,2545.0,42.52
27160,Chocó,Cértegui,2025,6038.0,3448.0,2590.0,42.89
27205,Chocó,Condoto,2023,12668.0,9789.0,2879.0,22.73
27205,Chocó,Condoto,2024,12664.0,9773.0,2891.0,22.83
27205,Chocó,Condoto,2025,12644.0,9745.0,2899.0,22.93
27245,Chocó,El Carmen de Atrato,2023,8553.0,2539.0,6014.0,70.31
27245,Chocó,El Carmen de Atrato,2024,8622.0,2547.0,6075.0,70.46
27245,Chocó,El Carmen de Atrato,2025,8704.0,2547.0,6157.0,70.74
27250,Chocó,El Litoral del San Juan,2023,25517.0,1835.0,23682.0,92.81
27250,Chocó,El Litoral del San Juan,2024,26236.0,1802.0,24434.0,93.13
27250,Chocó,El Litoral del San Juan,2025,26940.0,1770.0,25170.0,93.43
27361,Chocó,Istmina,2023,34462.0,25023.0,9439.0,27.39
27361,Chocó,Istmina,2024,35215.0,25507.0,9708.0,27.57
27361,Chocó,Istmina,2025,35971.0,26001.0,9970.0,27.72
27372,Chocó,Juradó,2023,8017.0,2863.0,5154.0,64.29
27372,Chocó,Juradó,2024,8260.0,2907.0,5353.0,64.81
27372,Chocó,Juradó,2025,8541.0,2981.0,5560.0,65.1
27413,Chocó,Lloró,2023,10241.0,3437.0,6804.0,66.44
27413,Chocó,Lloró,2024,10316.0,3436.0,6880.0,66.69
27413,Chocó,Lloró,2025,10407.0,3435.0,6972.0,66.99
27425,Chocó,Medio Atrato,2023,11079.0,868.0,10211.0,92.17
27425,Chocó,Medio Atrato,2024,11179.0,851.0,10328.0,92.39
27425,Chocó,Medio Atrato,2025,11265.0,825.0,10440.0,92.68
27430,Chocó,Medio Baudó,2023,16684.0,2338.0,14346.0,85.99
27430,Chocó,Medio Baudó,2024,17004.0,2324.0,14680.0,86.33
27430,Chocó,Medio Baudó,2025,17301.0,2310.0,14991.0,86.65
27450,Chocó,Medio San Juan,2023,11023.0,2643.0,8380.0,76.02
27450,Chocó,Medio San Juan,2024,11112.0,2639.0,8473.0,76.25
27450,Chocó,Medio San Juan,2025,11225.0,2634.0,8591.0,76.53
27491,Chocó,Nóvita,2023,9717.0,3681.0,6036.0,62.12
27491,Chocó,Nóvita,2024,9825.0,3697.0,6128.0,62.37
27491,Chocó,Nóvita,2025,9914.0,3701.0,6213.0,62.67
27493,Chocó,Nuevo Belén de Bajirá,2023,0.0,0.0,0.0,
27493,Chocó,Nuevo Belén de Bajirá,2024,29812.0,12412.0,17400.0,58.37
27493,Chocó,Nuevo Belén de Bajirá,2025,30214.0,12571.0,17643.0,58.39
27495,Chocó,Nuquí,2023,18287.0,1512.0,16775.0,91.73
27495,Chocó,Nuquí,2024,18555.0,1453.0,17102.0,92.17
27495,Chocó,Nuquí,2025,18766.0,1385.0,17381.0,92.62
27580,Chocó,Río Iró,2023,5706.0,1565.0,4141.0,72.57
27580,Chocó,Río Iró,2024,5747.0,1556.0,4191.0,72.93
27580,Chocó,Río Iró,2025,5807.0,1566.0,4241.0,73.03
27600,Chocó,Río Quito,2023,8401.0,2265.0,6136.0,73.04
27600,Chocó,Río Quito,2024,8434.0,2243.0,6191.0,73.41
27600,Chocó,Río Quito,2025,8446.0,2218.0,6228.0,73.74
27615,Chocó,Riosucio,2023,60070.0,14932.0,45138.0,75.14
27615,Chocó,Riosucio,2024,30082.0,14935.0,15147.0,50.35
27615,Chocó,Riosucio,2025,30268.0,14915.0,15353.0,50.72
27660,Chocó,San José del Palmar,2023,5149.0,1234.0,3915.0,76.03
27660,Chocó,San José del Palmar,2024,5164.0,1217.0,3947.0,76.43
27660,Chocó,San José del Palmar,2025,5130.0,1176.0,3954.0,77.08
27745,Chocó,Sipí,2023,3307.0,740.0,2567.0,77.62
27745,Chocó,Sipí,2024,3325.0,727.0,2598.0,78.14
27745,Chocó,Sipí,2025,3341.0,715.0,2626.0,78.6
27787,Chocó,Tadó,2023,18945.0,11244.0,7701.0,40.65
27787,Chocó,Tadó,2024,19134.0,11319.0,7815.0,40.84
27787,Chocó,Tadó,2025,19308.0,11386.0,7922.0,41.03
27800,Chocó,Unguía,2023,12717.0,3737.0,8980.0,70.61
27800,Chocó,Unguía,2024,12703.0,3608.0,9095.0,71.6
27800,Chocó,Unguía,2025,12599.0,3517.0,9082.0,72.09
27810,Chocó,Unión Panamericana,2023,7136.0,3030.0,4106.0,57.54
27810,Chocó,Unión Panamericana,2024,7202.0,3030.0,4172.0,57.93
27810,Chocó,Unión Panamericana,2025,7272.0,3038.0,4234.0,58.22
41001,Huila,Neiva,2023,390199.0,365394.0,24805.0,6.36
41001,Huila,Neiva,2024,396442.0,371176.0,25266.0,6.37
41001,Huila,Neiva,2025,402479.0,376767.0,25712.0,6.39
41006,Huila,Acevedo,2023,25768.0,4781.0,20987.0,81.45
41006,Huila,Acevedo,2024,25976.0,4804.0,21172.0,81.51
41006,Huila,Acevedo,2025,26133.0,4812.0,21321.0,81.59
41013,Huila,Agrado,2023,9209.0,5951.0,3258.0,35.38
41013,Huila,Agrado,2024,9282.0,5994.0,3288.0,35.42
41013,Huila,Agrado,2025,9337.0,6033.0,3304.0,35.39
41016,Huila,Aipe,2023,17039.0,11186.0,5853.0,34.35
41016,Huila,Aipe,2024,17200.0,11293.0,5907.0,34.34
41016,Huila,Aipe,2025,17368.0,11400.0,5968.0,34.36
41020,Huila,Algeciras,2023,22728.0,11044.0,11684.0,51.41
41020,Huila,Algeciras,2024,22769.0,11065.0,11704.0,51.4
41020,Huila,Algeciras,2025,22780.0,11076.0,11704.0,51.38
41026,Huila,Altamira,2023,4649.0,2602.0,2047.0,44.03
41026,Huila,Altamira,2024,4710.0,2637.0,2073.0,44.01
41026,Huila,Altamira,2025,4760.0,2665.0,2095.0,44.01
41078,Huila,Baraya,2023,8246.0,3916.0,4330.0,52.51
41078,Huila,Baraya,2024,8221.0,3901.0,4320.0,52.55
41078,Huila,Baraya,2025,8183.0,3884.0,4299.0,52.54
41132,Huila,Campoalegre,2023,31782.0,24244.0,7538.0,23.72
41132,Huila,Campoalegre,2024,31873.0,24313.0,7560.0,23.72
41132,Huila,Campoalegre,2025,31929.0,24351.0,7578.0,23.73
41206,Huila,Colombia,2023,7593.0,2231.0,5362.0,70.62
41206,Huila,Colombia,2024,7666.0,2253.0,5413.0,70.61
41206,Huila,Colombia,2025,7705.0,2245.0,5460.0,70.86
41244,Huila,Elías,2023,4619.0,1565.0,3054.0,66.12
41244,Huila,Elías,2024,4683.0,1591.0,3092.0,66.03
41244,Huila,Elías,2025,4766.0,1609.0,3157.0,66.24
41298,Huila,Garzón,2023,75551.0,40505.0,35046.0,46.39
41298,Huila,Garzón,2024,76079.0,40770.0,35309.0,46.41
41298,Huila,Garzón,2025,76558.0,40999.0,35559.0,46.45
41306,Huila,Gigante,2023,23919.0,9580.0,14339.0,59.95
41306,Huila,Gigante,2024,23760.0,9512.0,14248.0,59.97
41306,Huila,Gigante,2025,23562.0,9427.0,14135.0,59.99
41319,Huila,Guadalupe,2023,18423.0,5563.0,12860.0,69.8
41319,Huila,Guadalupe,2024,18490.0,5569.0,12921.0,69.88
41319,Huila,Guadalupe,2025,18554.0,5584.0,12970.0,69.9
41349,Huila,Hobo,2023,7878.0,6075.0,1803.0,22.89
41349,Huila,Hobo,2024,7995.0,6166.0,1829.0,22.88
41349,Huila,Hobo,2025,8082.0,6229.0,1853.0,22.93
41357,Huila,Íquira,2023,9639.0,2723.0,6916.0,71.75
41357,Huila,Íquira,2024,9715.0,2742.0,6973.0,71.78
41357,Huila,Íquira,2025,9791.0,2762.0,7029.0,71.79
41359,Huila,Isnos,2023,26316.0,6440.0,19876.0,75.53
41359,Huila,Isnos,2024,26521.0,6477.0,20044.0,75.58
41359,Huila,Isnos,2025,26685.0,6506.0,20179.0,75.62
41378,Huila,La Argentina,2023,13727.0,5174.0,8553.0,62.31
41378,Huila,La Argentina,2024,13876.0,5222.0,8654.0,62.37
41378,Huila,La Argentina,2025,14021.0,5277.0,8744.0,62.36
41396,Huila,La Plata,2023,66481.0,28013.0,38468.0,57.86
41396,Huila,La Plata,2024,67536.0,28424.0,39112.0,57.91
41396,Huila,La Plata,2025,68544.0,28832.0,39712.0,57.94
41483,Huila,Nátaga,2023,6899.0,2829.0,4070.0,58.99
41483,Huila,Nátaga,2024,7007.0,2874.0,4133.0,58.98
41483,Huila,Nátaga,2025,7050.0,2877.0,4173.0,59.19
41503,Huila,Oporapa,2023,12188.0,2416.0,9772.0,80.18
41503,Huila,Oporapa,2024,12309.0,2439.0,9870.0,80.19
41503,Huila,Oporapa,2025,12403.0,2447.0,9956.0,80.27
41518,Huila,Paicol,2023,7395.0,3122.0,4273.0,57.78
41518,Huila,Paicol,2024,7546.0,3178.0,4368.0,57.88
41518,Huila,Paicol,2025,7718.0,3243.0,4475.0,57.98
41524,Huila,Palermo,2023,26638.0,12653.0,13985.0,52.5
41524,Huila,Palermo,2024,26677.0,12667.0,14010.0,52.52
41524,Huila,Palermo,2025,26694.0,12663.0,14031.0,52.56
41530,Huila,Palestina,2023,11738.0,1805.0,9933.0,84.62
41530,Huila,Palestina,2024,11821.0,1798.0,10023.0,84.79
41530,Huila,Palestina,2025,11920.0,1799.0,10121.0,84.91
41548,Huila,Pital,2023,14516.0,5168.0,9348.0,64.4
41548,Huila,Pital,2024,14641.0,5212.0,9429.0,64.4
41548,Huila,Pital,2025,14761.0,5251.0,9510.0,64.43
41551,Huila,Pitalito,2023,138056.0,81314.0,56742.0,41.1
41551,Huila,Pitalito,2024,140776.0,82900.0,57876.0,41.11
41551,Huila,Pitalito,2025,143407.0,84418.0,58989.0,41.13
41615,Huila,Rivera,2023,27738.0,13311.0,14427.0,52.01
41615,Huila,Rivera,2024,28367.0,13600.0,14767.0,52.06
41615,Huila,Rivera,2025,28966.0,13877.0,15089.0,52.09
41660,Huila,Saladoblanco,2023,10721.0,1873.0,8848.0,82.53
41660,Huila,Saladoblanco,2024,10768.0,1883.0,8885.0,82.51
41660,Huila,Saladoblanco,2025,10798.0,1884.0,8914.0,82.55
41668,Huila,San Agustín,2023,35223.0,11848.0,23375.0,66.36
41668,Huila,San Agustín,2024,35620.0,11969.0,23651.0,66.4
41668,Huila,San Agustín,2025,36013.0,12078.0,23935.0,66.46
41676,Huila,Santa María,2023,10680.0,2571.0,8109.0,75.93
41676,Huila,Santa María,2024,10740.0,2575.0,8165.0,76.02
41676,Huila,Santa María,2025,10786.0,2584.0,8202.0,76.04
41770,Huila,Suaza,2023,25011.0,5016.0,19995.0,79.94
41770,Huila,Suaza,2024,25611.0,5126.0,20485.0,79.99
41770,Huila,Suaza,2025,26160.0,5215.0,20945.0,80.06
41791,Huila,Tarqui,2023,18481.0,5816.0,12665.0,68.53
41791,Huila,Tarqui,2024,18649.0,5856.0,12793.0,68.6
41791,Huila,Tarqui,2025,18837.0,5905.0,12932.0,68.65
41797,Huila,Tesalia,2023,11821.0,5867.0,5954.0,50.37
41797,Huila,Tesalia,2024,12047.0,5987.0,6060.0,50.3
41797,Huila,Tesalia,2025,12262.0,6092.0,6170.0,50.32
41799,Huila,Tello,2023,12371.0,5498.0,6873.0,55.56
41799,Huila,Tello,2024,12495.0,5559.0,6936.0,55.51
41799,Huila,Tello,2025,12561.0,5583.0,6978.0,55.55
41801,Huila,Teruel,2023,8223.0,4378.0,3845.0,46.76
41801,Huila,Teruel,2024,8237.0,4387.0,3850.0,46.74
41801,Huila,Teruel,2025,8265.0,4402.0,3863.0,46.74
41807,Huila,Timaná,2023,23015.0,8201.0,14814.0,64.37
41807,Huila,Timaná,2024,23228.0,8253.0,14975.0,64.47
41807,Huila,Timaná,2025,23418.0,8300.0,15118.0,64.56
41872,Huila,Villavieja,2023,7427.0,2471.0,4956.0,66.73
41872,Huila,Villavieja,2024,7418.0,2442.0,4976.0,67.08
41872,Huila,Villavieja,2025,7435.0,2457.0,4978.0,66.95
41885,Huila,Yaguará,2023,7975.0,6653.0,1322.0,16.58
41885,Huila,Yaguará,2024,8003.0,6677.0,1326.0,16.57
41885,Huila,Yaguará,2025,8037.0,6703.0,1334.0,16.6
44001,La Guajira,Riohacha,2023,207427.0,149689.0,57738.0,27.84
44001,La Guajira,Riohacha,2024,209292.0,151834.0,57458.0,27.45
44001,La Guajira,Riohacha,2025,210871.0,153756.0,57115.0,27.09
44035,La Guajira,Albania,2023,35050.0,20404.0,14646.0,41.79
44035,La Guajira,Albania,2024,35960.0,21064.0,14896.0,41.42
44035,La Guajira,Albania,2025,36852.0,21716.0,15136.0,41.07
44078,La Guajira,Barrancas,2023,41974.0,20191.0,21783.0,51.9
44078,La Guajira,Barrancas,2024,42798.0,20761.0,22037.0,51.49
44078,La Guajira,Barrancas,2025,43576.0,21314.0,22262.0,51.09
44090,La Guajira,Dibulla,2023,47219.0,7000.0,40219.0,85.18
44090,La Guajira,Dibulla,2024,48596.0,7325.0,41271.0,84.93
44090,La Guajira,Dibulla,2025,49910.0,7637.0,42273.0,84.7
44098,La Guajira,Distracción,2023,14217.0,6940.0,7277.0,51.19
44098,La Guajira,Distracción,2024,14277.0,7023.0,7254.0,50.81
44098,La Guajira,Distracción,2025,14353.0,7115.0,7238.0,50.43
44110,La Guajira,El Molino,2023,7552.0,7057.0,495.0,6.55
44110,La Guajira,El Molino,2024,7527.0,7054.0,473.0,6.28
44110,La Guajira,El Molino,2025,7508.0,7075.0,433.0,5.77
44279,La Guajira,Fonseca,2023,52263.0,46037.0,6226.0,11.91
44279,La Guajira,Fonseca,2024,53775.0,47504.0,6271.0,11.66
44279,La Guajira,Fonseca,2025,55201.0,48916.0,6285.0,11.39
44378,La Guajira,Hatonuevo,2023,22889.0,14499.0,8390.0,36.66
44378,La Guajira,Hatonuevo,2024,23232.0,14808.0,8424.0,36.26
44378,La Guajira,Hatonuevo,2025,23554.0,15087.0,8467.0,35.95
44420,La Guajira,La Jagua del Pilar,2023,4059.0,2659.0,1400.0,34.49
44420,La Guajira,La Jagua del Pilar,2024,4149.0,2726.0,1423.0,34.3
44420,La Guajira,La Jagua del Pilar,2025,4230.0,2806.0,1424.0,33.66
44430,La Guajira,Maicao,2023,203879.0,130484.0,73395.0,36.0
44430,La Guajira,Maicao,2024,208965.0,134438.0,74527.0,35.66
44430,La Guajira,Maicao,2025,213830.0,138263.0,75567.0,35.34
44560,La Guajira,Manaure,2023,95144.0,12316.0,82828.0,87.06
44560,La Guajira,Manaure,2024,96422.0,12796.0,83626.0,86.73
44560,La Guajira,Manaure,2025,97580.0,13237.0,84343.0,86.43
44650,La Guajira,San Juan del Cesar,2023,56381.0,39469.0,16912.0,30.0
44650,La Guajira,San Juan del Cesar,2024,57850.0,40728.0,17122.0,29.6
44650,La Guajira,San Juan del Cesar,2025,59279.0,41963.0,17316.0,29.21
44847,La Guajira,Uribia,2023,196169.0,11569.0,184600.0,94.1
44847,La Guajira,Uribia,2024,200665.0,12251.0,188414.0,93.89
44847,La Guajira,Uribia,2025,204947.0,12916.0,192031.0,93.7
44855,La Guajira,Urumita,2023,11534.0,10324.0,1210.0,10.49
44855,La Guajira,Urumita,2024,11700.0,10494.0,1206.0,10.31
44855,La Guajira,Urumita,2025,11868.0,10646.0,1222.0,10.3
44874,La Guajira,Villanueva,2023,32157.0,30451.0,1706.0,5.31
44874,La Guajira,Villanueva,2024,32651.0,30948.0,1703.0,5.22
44874,La Guajira,Villanueva,2025,33120.0,31417.0,1703.0,5.14
47001,Magdalena,Santa Marta,2023,565844.0,508115.0,57729.0,10.2
47001,Magdalena,Santa Marta,2024,574486.0,515343.0,59143.0,10.29
47001,Magdalena,Santa Marta,2025,582394.0,521897.0,60497.0,10.39
47030,Magdalena,Algarrobo,2023,18218.0,11550.0,6668.0,36.6
47030,Magdalena,Algarrobo,2024,18615.0,11754.0,6861.0,36.86
47030,Magdalena,Algarrobo,2025,18979.0,11936.0,7043.0,37.11
47053,Magdalena,Aracataca,2023,44032.0,25634.0,18398.0,41.78
47053,Magdalena,Aracataca,2024,44403.0,25713.0,18690.0,42.09
47053,Magdalena,Aracataca,2025,44719.0,25754.0,18965.0,42.41
47058,Magdalena,Ariguaní,2023,31599.0,19624.0,11975.0,37.9
47058,Magdalena,Ariguaní,2024,31525.0,19508.0,12017.0,38.12
47058,Magdalena,Ariguaní,2025,31412.0,19361.0,12051.0,38.36
47161,Magdalena,Cerro de San Antonio,2023,11175.0,6100.0,5075.0,45.41
47161,Magdalena,Cerro de San Antonio,2024,11374.0,6199.0,5175.0,45.5
47161,Magdalena,Cerro de San Antonio,2025,11570.0,6310.0,5260.0,45.46
47170,Magdalena,Chibolo,2023,25369.0,15880.0,9489.0,37.4
47170,Magdalena,Chibolo,2024,25934.0,16227.0,9707.0,37.43
47170,Magdalena,Chibolo,2025,26484.0,16546.0,9938.0,37.52
47189,Magdalena,Ciénaga,2023,135013.0,118795.0,16218.0,12.01
47189,Magdalena,Ciénaga,2024,136851.0,120328.0,16523.0,12.07
47189,Magdalena,Ciénaga,2025,138516.0,121710.0,16806.0,12.13
47205,Magdalena,Concordia,2023,11111.0,4341.0,6770.0,60.93
47205,Magdalena,Concordia,2024,11170.0,4351.0,6819.0,61.05
47205,Magdalena,Concordia,2025,11208.0,4354.0,6854.0,61.15
47245,Magdalena,El Banco,2023,74044.0,44737.0,29307.0,39.58
47245,Magdalena,El Banco,2024,75024.0,45016.0,30008.0,40.0
47245,Magdalena,El Banco,2025,75903.0,45221.0,30682.0,40.42
47258,Magdalena,El Piñón,2023,25696.0,8284.0,17412.0,67.76
47258,Magdalena,El Piñón,2024,26170.0,8398.0,17772.0,67.91
47258,Magdalena,El Piñón,2025,26580.0,8480.0,18100.0,68.1
47268,Magdalena,El Retén,2023,21186.0,16451.0,4735.0,22.35
47268,Magdalena,El Retén,2024,21274.0,16480.0,4794.0,22.53
47268,Magdalena,El Retén,2025,21323.0,16486.0,4837.0,22.68
47288,Magdalena,Fundación,2023,74427.0,62794.0,11633.0,15.63
47288,Magdalena,Fundación,2024,75360.0,63485.0,11875.0,15.76
47288,Magdalena,Fundación,2025,76213.0,64102.0,12111.0,15.89
47318,Magdalena,Guamal,2023,28615.0,8437.0,20178.0,70.52
47318,Magdalena,Guamal,2024,28668.0,8323.0,20345.0,70.97
47318,Magdalena,Guamal,2025,28658.0,8174.0,20484.0,71.48
47460,Magdalena,Nueva Granada,2023,22265.0,9073.0,13192.0,59.25
47460,Magdalena,Nueva Granada,2024,22650.0,9202.0,13448.0,59.37
47460,Magdalena,Nueva Granada,2025,23036.0,9323.0,13713.0,59.53
47541,Magdalena,Pedraza,2023,10125.0,3243.0,6882.0,67.97
47541,Magdalena,Pedraza,2024,10248.0,3243.0,7005.0,68.35
47541,Magdalena,Pedraza,2025,10329.0,3201.0,7128.0,69.01
47545,Magdalena,Pijiño del Carmen,2023,13813.0,6261.0,7552.0,54.67
47545,Magdalena,Pijiño del Carmen,2024,14019.0,6311.0,7708.0,54.98
47545,Magdalena,Pijiño del Carmen,2025,14229.0,6353.0,7876.0,55.35
47551,Magdalena,Pivijay,2023,40092.0,23347.0,16745.0,41.77
47551,Magdalena,Pivijay,2024,40406.0,23496.0,16910.0,41.85
47551,Magdalena,Pivijay,2025,40669.0,23611.0,17058.0,41.94
47555,Magdalena,Plato,2023,71190.0,54509.0,16681.0,23.43
47555,Magdalena,Plato,2024,72742.0,55697.0,17045.0,23.43
47555,Magdalena,Plato,2025,74242.0,56855.0,17387.0,23.42
47570,Magdalena,Puebloviejo,2023,33750.0,10434.0,23316.0,69.08
47570,Magdalena,Puebloviejo,2024,34162.0,10440.0,23722.0,69.44
47570,Magdalena,Puebloviejo,2025,34516.0,10409.0,24107.0,69.84
47605,Magdalena,Remolino,2023,13238.0,8577.0,4661.0,35.21
47605,Magdalena,Remolino,2024,13533.0,8756.0,4777.0,35.3
47605,Magdalena,Remolino,2025,13808.0,8925.0,4883.0,35.36
47660,Magdalena,Sabanas de San Ángel,2023,16608.0,4743.0,11865.0,71.44
47660,Magdalena,Sabanas de San Ángel,2024,16704.0,4740.0,11964.0,71.62
47660,Magdalena,Sabanas de San Ángel,2025,16760.0,4727.0,12033.0,71.8
47675,Magdalena,Salamina,2023,12346.0,8223.0,4123.0,33.4
47675,Magdalena,Salamina,2024,12611.0,8405.0,4206.0,33.35
47675,Magdalena,Salamina,2025,12861.0,8570.0,4291.0,33.36
47692,Magdalena,San Sebastián de Buenavista,2023,21652.0,6319.0,15333.0,70.82
47692,Magdalena,San Sebastián de Buenavista,2024,21808.0,6283.0,15525.0,71.19
47692,Magdalena,San Sebastián de Buenavista,2025,21943.0,6233.0,15710.0,71.59
47703,Magdalena,San Zenón,2023,13708.0,1416.0,12292.0,89.67
47703,Magdalena,San Zenón,2024,13973.0,1381.0,12592.0,90.12
47703,Magdalena,San Zenón,2025,14204.0,1335.0,12869.0,90.6
47707,Magdalena,Santa Ana,2023,27860.0,15599.0,12261.0,44.01
47707,Magdalena,Santa Ana,2024,28187.0,15764.0,12423.0,44.07
47707,Magdalena,Santa Ana,2025,28471.0,15925.0,12546.0,44.07
47720,Magdalena,Santa Bárbara de Pinto,2023,11012.0,6846.0,4166.0,37.83
47720,Magdalena,Santa Bárbara de Pinto,2024,11045.0,6855.0,4190.0,37.94
47720,Magdalena,Santa Bárbara de Pinto,2025,11028.0,6837.0,4191.0,38.0
47745,Magdalena,Sitionuevo,2023,28736.0,14837.0,13899.0,48.37
47745,Magdalena,Sitionuevo,2024,28889.0,14880.0,14009.0,48.49
47745,Magdalena,Sitionuevo,2025,28971.0,14881.0,14090.0,48.63
47798,Magdalena,Tenerife,2023,14254.0,6945.0,7309.0,51.28
47798,Magdalena,Tenerife,2024,14340.0,6976.0,7364.0,51.35
47798,Magdalena,Tenerife,2025,14447.0,6997.0,7450.0,51.57
47960,Magdalena,Zapayán,2023,10922.0,4176.0,6746.0,61.77
47960,Magdalena,Zapayán,2024,11061.0,4214.0,6847.0,61.9
47960,Magdalena,Zapayán,2025,11186.0,4237.0,6949.0,62.12
47980,Magdalena,Zona Bananera,2023,78127.0,3237.0,74890.0,95.86
47980,Magdalena,Zona Bananera,2024,79037.0,2897.0,76140.0,96.33
47980,Magdalena,Zona Bananera,2025,79848.0,2605.0,77243.0,96.74
50001,Meta,Villavicencio,2023,573473.0,528106.0,45367.0,7.91
50001,Meta,Villavicencio,2024,579176.0,533088.0,46088.0,7.96
50001,Meta,Villavicencio,2025,584389.0,537605.0,46784.0,8.01
50006,Meta,Acacías,2023,100048.0,75941.0,24107.0,24.1
50006,Meta,Acacías,2024,102025.0,77318.0,24707.0,24.22
50006,Meta,Acacías,2025,103943.0,78650.0,25293.0,24.33
50110,Meta,Barranca de Upía,2023,7559.0,5337.0,2222.0,29.4
50110,Meta,Barranca de Upía,2024,7750.0,5479.0,2271.0,29.3
50110,Meta,Barranca de Upía,2025,7922.0,5588.0,2334.0,29.46
50124,Meta,Cabuyaro,2023,6756.0,3334.0,3422.0,50.65
50124,Meta,Cabuyaro,2024,6865.0,3382.0,3483.0,50.74
50124,Meta,Cabuyaro,2025,6963.0,3415.0,3548.0,50.96
50150,Meta,Castilla la Nueva,2023,16831.0,6870.0,9961.0,59.18
50150,Meta,Castilla la Nueva,2024,17240.0,6995.0,10245.0,59.43
50150,Meta,Castilla la Nueva,2025,17622.0,7107.0,10515.0,59.67
50223,Meta,Cubarral,2023,7367.0,4837.0,2530.0,34.34
50223,Meta,Cubarral,2024,7436.0,4866.0,2570.0,34.56
50223,Meta,Cubarral,2025,7455.0,4890.0,2565.0,34.41
50226,Meta,Cumaral,2023,24360.0,15914.0,8446.0,34.67
50226,Meta,Cumaral,2024,24556.0,16019.0,8537.0,34.77
50226,Meta,Cumaral,2025,24710.0,16089.0,8621.0,34.89
50245,Meta,El Calvario,2023,1890.0,661.0,1229.0,65.03
50245,Meta,El Calvario,2024,1896.0,668.0,1228.0,64.77
50245,Meta,El Calvario,2025,1909.0,676.0,1233.0,64.59
50251,Meta,El Castillo,2023,8421.0,3179.0,5242.0,62.25
50251,Meta,El Castillo,2024,8473.0,3190.0,5283.0,62.35
50251,Meta,El Castillo,2025,8517.0,3199.0,5318.0,62.44
50270,Meta,El Dorado,2023,4114.0,1471.0,2643.0,64.24
50270,Meta,El Dorado,2024,4122.0,1466.0,2656.0,64.43
50270,Meta,El Dorado,2025,4145.0,1469.0,2676.0,64.56
50287,Meta,Fuente de Oro,2023,12796.0,7283.0,5513.0,43.08
50287,Meta,Fuente de Oro,2024,12853.0,7309.0,5544.0,43.13
50287,Meta,Fuente de Oro,2025,12922.0,7333.0,5589.0,43.25
50313,Meta,Granada,2023,73401.0,61571.0,11830.0,16.12
50313,Meta,Granada,2024,73899.0,61940.0,11959.0,16.18
50313,Meta,Granada,2025,74331.0,62227.0,12104.0,16.28
50318,Meta,Guamal,2023,15920.0,10712.0,5208.0,32.71
50318,Meta,Guamal,2024,16202.0,10881.0,5321.0,32.84
50318,Meta,Guamal,2025,16492.0,11051.0,5441.0,32.99
50325,Meta,Mapiripán,2023,7250.0,2438.0,4812.0,66.37
50325,Meta,Mapiripán,2024,7280.0,2440.0,4840.0,66.48
50325,Meta,Mapiripán,2025,7301.0,2425.0,4876.0,66.79
50330,Meta,Mesetas,2023,11721.0,4769.0,6952.0,59.31
50330,Meta,Mesetas,2024,11781.0,4774.0,7007.0,59.48
50330,Meta,Mesetas,2025,11873.0,4810.0,7063.0,59.49
50350,Meta,La Macarena,2023,29175.0,4732.0,24443.0,83.78
50350,Meta,La Macarena,2024,29571.0,4762.0,24809.0,83.9
50350,Meta,La Macarena,2025,29924.0,4759.0,25165.0,84.1
50370,Meta,Uribe,2023,9642.0,2102.0,7540.0,78.2
50370,Meta,Uribe,2024,9695.0,2102.0,7593.0,78.32
50370,Meta,Uribe,2025,9736.0,2101.0,7635.0,78.42
50400,Meta,Lejanías,2023,12100.0,5040.0,7060.0,58.35
50400,Meta,Lejanías,2024,12161.0,5054.0,7107.0,58.44
50400,Meta,Lejanías,2025,12229.0,5063.0,7166.0,58.6
50450,Meta,Puerto Concordia,2023,8650.0,3414.0,5236.0,60.53
50450,Meta,Puerto Concordia,2024,8692.0,3412.0,5280.0,60.75
50450,Meta,Puerto Concordia,2025,8729.0,3408.0,5321.0,60.96
50568,Meta,Puerto Gaitán,2023,51325.0,25293.0,26032.0,50.72
50568,Meta,Puerto Gaitán,2024,53006.0,26043.0,26963.0,50.87
50568,Meta,Puerto Gaitán,2025,54636.0,26755.0,27881.0,51.03
50573,Meta,Puerto López,2023,32019.0,19395.0,12624.0,39.43
50573,Meta,Puerto López,2024,32222.0,19476.0,12746.0,39.56
50573,Meta,Puerto López,2025,32366.0,19527.0,12839.0,39.67
50577,Meta,Puerto Lleras,2023,10682.0,4032.0,6650.0,62.25
50577,Meta,Puerto Lleras,2024,10704.0,4020.0,6684.0,62.44
50577,Meta,Puerto Lleras,2025,10723.0,4005.0,6718.0,62.65
50590,Meta,Puerto Rico,2023,13435.0,6647.0,6788.0,50.52
50590,Meta,Puerto Rico,2024,13492.0,6651.0,6841.0,50.7
50590,Meta,Puerto Rico,2025,13545.0,6667.0,6878.0,50.78
50606,Meta,Restrepo,2023,20804.0,13804.0,7000.0,33.65
50606,Meta,Restrepo,2024,21173.0,14014.0,7159.0,33.81
50606,Meta,Restrepo,2025,21525.0,14238.0,7287.0,33.85
50680,Meta,San Carlos de Guaroa,2023,14145.0,7178.0,6967.0,49.25
50680,Meta,San Carlos de Guaroa,2024,14424.0,7293.0,7131.0,49.44
50680,Meta,San Carlos de Guaroa,2025,14694.0,7418.0,7276.0,49.52
50683,Meta,San Juan de Arama,2023,9407.0,4558.0,4849.0,51.55
50683,Meta,San Juan de Arama,2024,9444.0,4570.0,4874.0,51.61
50683,Meta,San Juan de Arama,2025,9469.0,4566.0,4903.0,51.78
50686,Meta,San Juanito,2023,1387.0,748.0,639.0,46.07
50686,Meta,San Juanito,2024,1395.0,749.0,646.0,46.31
50686,Meta,San Juanito,2025,1393.0,745.0,648.0,46.52
50689,Meta,San Martín,2023,28182.0,20347.0,7835.0,27.8
50689,Meta,San Martín,2024,28332.0,20420.0,7912.0,27.93
50689,Meta,San Martín,2025,28448.0,20482.0,7966.0,28.0
50711,Meta,Vistahermosa,2023,18342.0,7766.0,10576.0,57.66
50711,Meta,Vistahermosa,2024,18421.0,7802.0,10619.0,57.65
50711,Meta,Vistahermosa,2025,18494.0,7828.0,10666.0,57.67
52001,Nariño,Pasto,2023,401996.0,313894.0,88102.0,21.92
52001,Nariño,Pasto,2024,403166.0,314869.0,88297.0,21.9
52001,Nariño,Pasto,2025,404102.0,315662.0,88440.0,21.89
52019,Nariño,Albán,2023,9631.0,2777.0,6854.0,71.17
52019,Nariño,Albán,2024,9628.0,2777.0,6851.0,71.16
52019,Nariño,Albán,2025,9627.0,2789.0,6838.0,71.03
52022,Nariño,Aldana,2023,7705.0,1650.0,6055.0,78.59
52022,Nariño,Aldana,2024,7748.0,1650.0,6098.0,78.7
52022,Nariño,Aldana,2025,7802.0,1669.0,6133.0,78.61
52036,Nariño,Ancuya,2023,8824.0,2152.0,6672.0,75.61
52036,Nariño,Ancuya,2024,8823.0,2165.0,6658.0,75.46
52036,Nariño,Ancuya,2025,8813.0,2169.0,6644.0,75.39
52051,Nariño,Arboleda,2023,8962.0,1251.0,7711.0,86.04
52051,Nariño,Arboleda,2024,9049.0,1253.0,7796.0,86.15
52051,Nariño,Arboleda,2025,9147.0,1276.0,7871.0,86.05
52079,Nariño,Barbacoas,2023,62594.0,13902.0,48692.0,77.79
52079,Nariño,Barbacoas,2024,63548.0,14157.0,49391.0,77.72
52079,Nariño,Barbacoas,2025,64392.0,14403.0,49989.0,77.63
52083,Nariño,Belén,2023,6307.0,3268.0,3039.0,48.18
52083,Nariño,Belén,2024,6288.0,3260.0,3028.0,48.16
52083,Nariño,Belén,2025,6278.0,3269.0,3009.0,47.93
52110,Nariño,Buesaco,2023,24892.0,6927.0,17965.0,72.17
52110,Nariño,Buesaco,2024,25040.0,6982.0,18058.0,72.12
52110,Nariño,Buesaco,2025,25192.0,7035.0,18157.0,72.07
52203,Nariño,Colón,2023,8537.0,1134.0,7403.0,86.72
52203,Nariño,Colón,2024,8501.0,1127.0,7374.0,86.74
52203,Nariño,Colón,2025,8510.0,1127.0,7383.0,86.76
52207,Nariño,Consacá,2023,14988.0,2366.0,12622.0,84.21
52207,Nariño,Consacá,2024,15175.0,2405.0,12770.0,84.15
52207,Nariño,Consacá,2025,15347.0,2432.0,12915.0,84.15
52210,Nariño,Contadero,2023,7485.0,1371.0,6114.0,81.68
52210,Nariño,Contadero,2024,7530.0,1380.0,6150.0,81.67
52210,Nariño,Contadero,2025,7554.0,1386.0,6168.0,81.65
52215,Nariño,Córdoba,2023,16553.0,3314.0,13239.0,79.98
52215,Nariño,Córdoba,2024,16735.0,3356.0,13379.0,79.95
52215,Nariño,Córdoba,2025,16936.0,3413.0,13523.0,79.85
52224,Nariño,Cuaspud Carlosama,2023,9777.0,2900.0,6877.0,70.34
52224,Nariño,Cuaspud Carlosama,2024,9889.0,2945.0,6944.0,70.22
52224,Nariño,Cuaspud Carlosama,2025,9995.0,2971.0,7024.0,70.28
52227,Nariño,Cumbal,2023,39843.0,7418.0,32425.0,81.38
52227,Nariño,Cumbal,2024,40406.0,7529.0,32877.0,81.37
52227,Nariño,Cumbal,2025,40971.0,7656.0,33315.0,81.31
52233,Nariño,Cumbitara,2023,5936.0,1671.0,4265.0,71.85
52233,Nariño,Cumbitara,2024,5948.0,1688.0,4260.0,71.62
52233,Nariño,Cumbitara,2025,5949.0,1691.0,4258.0,71.58
52240,Nariño,Chachagüí,2023,16229.0,4699.0,11530.0,71.05
52240,Nariño,Chachagüí,2024,16366.0,4751.0,11615.0,70.97
52240,Nariño,Chachagüí,2025,16474.0,4786.0,11688.0,70.95
52250,Nariño,El Charco,2023,22348.0,7407.0,14941.0,66.86
52250,Nariño,El Charco,2024,22396.0,7459.0,14937.0,66.69
52250,Nariño,El Charco,2025,22434.0,7484.0,14950.0,66.64
52254,Nariño,El Peñol,2023,7774.0,1443.0,6331.0,81.44
52254,Nariño,El Peñol,2024,7831.0,1456.0,6375.0,81.41
52254,Nariño,El Peñol,2025,7885.0,1470.0,6415.0,81.36
52256,Nariño,El Rosario,2023,12801.0,1898.0,10903.0,85.17
52256,Nariño,El Rosario,2024,12872.0,1915.0,10957.0,85.12
52256,Nariño,El Rosario,2025,12964.0,1944.0,11020.0,85.0
52258,Nariño,El Tablón de Gómez,2023,14631.0,1639.0,12992.0,88.8
52258,Nariño,El Tablón de Gómez,2024,14671.0,1639.0,13032.0,88.83
52258,Nariño,El Tablón de Gómez,2025,14702.0,1646.0,13056.0,88.8
52260,Nariño,El Tambo,2023,14518.0,5463.0,9055.0,62.37
52260,Nariño,El Tambo,2024,14548.0,5481.0,9067.0,62.32
52260,Nariño,El Tambo,2025,14560.0,5504.0,9056.0,62.2
52287,Nariño,Funes,2023,7417.0,3223.0,4194.0,56.55
52287,Nariño,Funes,2024,7441.0,3239.0,4202.0,56.47
52287,Nariño,Funes,2025,7452.0,3241.0,4211.0,56.51
52317,Nariño,Guachucal,2023,20338.0,3175.0,17163.0,84.39
52317,Nariño,Guachucal,2024,20468.0,3193.0,17275.0,84.4
52317,Nariño,Guachucal,2025,20577.0,3217.0,17360.0,84.37
52320,Nariño,Guaitarilla,2023,11582.0,4446.0,7136.0,61.61
52320,Nariño,Guaitarilla,2024,11604.0,4464.0,7140.0,61.53
52320,Nariño,Guaitarilla,2025,11593.0,4469.0,7124.0,61.45
52323,Nariño,Gualmatán,2023,7542.0,3213.0,4329.0,57.4
52323,Nariño,Gualmatán,2024,7609.0,3248.0,4361.0,57.31
52323,Nariño,Gualmatán,2025,7677.0,3291.0,4386.0,57.13
52352,Nariño,Iles,2023,7697.0,2164.0,5533.0,71.89
52352,Nariño,Iles,2024,7678.0,2165.0,5513.0,71.8
52352,Nariño,Iles,2025,7673.0,2176.0,5497.0,71.64
52354,Nariño,Imués,2023,7823.0,1077.0,6746.0,86.23
52354,Nariño,Imués,2024,7836.0,1078.0,6758.0,86.24
52354,Nariño,Imués,2025,7843.0,1081.0,6762.0,86.22
52356,Nariño,Ipiales,2023,120690.0,80545.0,40145.0,33.26
52356,Nariño,Ipiales,2024,121440.0,81095.0,40345.0,33.22
52356,Nariño,Ipiales,2025,122149.0,81612.0,40537.0,33.19
52378,Nariño,La Cruz,2023,19442.0,8392.0,11050.0,56.84
52378,Nariño,La Cruz,2024,19560.0,8451.0,11109.0,56.79
52378,Nariño,La Cruz,2025,19684.0,8524.0,11160.0,56.7
52381,Nariño,La Florida,2023,10113.0,2030.0,8083.0,79.93
52381,Nariño,La Florida,2024,10098.0,2042.0,8056.0,79.78
52381,Nariño,La Florida,2025,10097.0,2042.0,8055.0,79.78
52385,Nariño,La Llanada,2023,6569.0,3230.0,3339.0,50.83
52385,Nariño,La Llanada,2024,6565.0,3231.0,3334.0,50.78
52385,Nariño,La Llanada,2025,6575.0,3228.0,3347.0,50.9
52390,Nariño,La Tola,2023,7762.0,3091.0,4671.0,60.18
52390,Nariño,La Tola,2024,7838.0,3128.0,4710.0,60.09
52390,Nariño,La Tola,2025,7895.0,3153.0,4742.0,60.06
52399,Nariño,La Unión,2023,33941.0,13680.0,20261.0,59.69
52399,Nariño,La Unión,2024,34338.0,13843.0,20495.0,59.69
52399,Nariño,La Unión,2025,34707.0,14022.0,20685.0,59.6
52405,Nariño,Leiva,2023,9769.0,3058.0,6711.0,68.7
52405,Nariño,Leiva,2024,9779.0,3074.0,6705.0,68.57
52405,Nariño,Leiva,2025,9763.0,3078.0,6685.0,68.47
52411,Nariño,Linares,2023,10236.0,2252.0,7984.0,78.0
52411,Nariño,Linares,2024,10242.0,2267.0,7975.0,77.87
52411,Nariño,Linares,2025,10237.0,2277.0,7960.0,77.76
52418,Nariño,Los Andes,2023,9555.0,4508.0,5047.0,52.82
52418,Nariño,Los Andes,2024,9553.0,4514.0,5039.0,52.75
52418,Nariño,Los Andes,2025,9544.0,4515.0,5029.0,52.69
52427,Nariño,Magüí,2023,27528.0,8302.0,19226.0,69.84
52427,Nariño,Magüí,2024,27970.0,8464.0,19506.0,69.74
52427,Nariño,Magüí,2025,28377.0,8617.0,19760.0,69.63
52435,Nariño,Mallama,2023,8939.0,1234.0,7705.0,86.2
52435,Nariño,Mallama,2024,8934.0,1235.0,7699.0,86.18
52435,Nariño,Mallama,2025,8927.0,1247.0,7680.0,86.03
52473,Nariño,Mosquera,2023,12080.0,5694.0,6386.0,52.86
52473,Nariño,Mosquera,2024,12081.0,5718.0,6363.0,52.67
52473,Nariño,Mosquera,2025,12083.0,5718.0,6365.0,52.68
52480,Nariño,Nariño,2023,4501.0,2747.0,1754.0,38.97
52480,Nariño,Nariño,2024,4530.0,2760.0,1770.0,39.07
52480,Nariño,Nariño,2025,4540.0,2774.0,1766.0,38.9
52490,Nariño,Olaya Herrera,2023,26579.0,11594.0,14985.0,56.38
52490,Nariño,Olaya Herrera,2024,26822.0,11727.0,15095.0,56.28
52490,Nariño,Olaya Herrera,2025,27052.0,11853.0,15199.0,56.18
52506,Nariño,Ospina,2023,7115.0,2009.0,5106.0,71.76
52506,Nariño,Ospina,2024,7111.0,2016.0,5095.0,71.65
52506,Nariño,Ospina,2025,7099.0,2017.0,5082.0,71.59
52520,Nariño,Francisco Pizarro,2023,15441.0,6038.0,9403.0,60.9
52520,Nariño,Francisco Pizarro,2024,15667.0,6143.0,9524.0,60.79
52520,Nariño,Francisco Pizarro,2025,15906.0,6268.0,9638.0,60.59
52540,Nariño,Policarpa,2023,9897.0,2650.0,7247.0,73.22
52540,Nariño,Policarpa,2024,9905.0,2668.0,7237.0,73.06
52540,Nariño,Policarpa,2025,9869.0,2647.0,7222.0,73.18
52560,Nariño,Potosí,2023,10407.0,2167.0,8240.0,79.18
52560,Nariño,Potosí,2024,10402.0,2177.0,8225.0,79.07
52560,Nariño,Potosí,2025,10396.0,2187.0,8209.0,78.96
52565,Nariño,Providencia,2023,5569.0,1517.0,4052.0,72.76
52565,Nariño,Providencia,2024,5555.0,1510.0,4045.0,72.82
52565,Nariño,Providencia,2025,5571.0,1522.0,4049.0,72.68
52573,Nariño,Puerres,2023,8537.0,3514.0,5023.0,58.84
52573,Nariño,Puerres,2024,8534.0,3533.0,5001.0,58.6
52573,Nariño,Puerres,2025,8488.0,3515.0,4973.0,58.59
52585,Nariño,Pupiales,2023,17363.0,6255.0,11108.0,63.98
52585,Nariño,Pupiales,2024,17327.0,6270.0,11057.0,63.81
52585,Nariño,Pupiales,2025,17246.0,6241.0,11005.0,63.81
52612,Nariño,Ricaurte,2023,22060.0,2676.0,19384.0,87.87
52612,Nariño,Ricaurte,2024,22530.0,2729.0,19801.0,87.89
52612,Nariño,Ricaurte,2025,23033.0,2803.0,20230.0,87.83
52621,Nariño,Roberto Payán,2023,12406.0,3377.0,9029.0,72.78
52621,Nariño,Roberto Payán,2024,12427.0,3394.0,9033.0,72.69
52621,Nariño,Roberto Payán,2025,12462.0,3410.0,9052.0,72.64
52678,Nariño,Samaniego,2023,29411.0,9983.0,19428.0,66.06
52678,Nariño,Samaniego,2024,29401.0,10017.0,19384.0,65.93
52678,Nariño,Samaniego,2025,29386.0,10040.0,19346.0,65.83
52683,Nariño,Sandoná,2023,20820.0,10586.0,10234.0,49.15
52683,Nariño,Sandoná,2024,20826.0,10611.0,10215.0,49.05
52683,Nariño,Sandoná,2025,20804.0,10634.0,10170.0,48.88
52685,Nariño,San Bernardo,2023,9192.0,2623.0,6569.0,71.46
52685,Nariño,San Bernardo,2024,9192.0,2623.0,6569.0,71.46
52685,Nariño,San Bernardo,2025,9190.0,2627.0,6563.0,71.41
52687,Nariño,San Lorenzo,2023,18710.0,2249.0,16461.0,87.98
52687,Nariño,San Lorenzo,2024,18725.0,2257.0,16468.0,87.95
52687,Nariño,San Lorenzo,2025,18745.0,2264.0,16481.0,87.92
52693,Nariño,San Pablo,2023,15401.0,4123.0,11278.0,73.23
52693,Nariño,San Pablo,2024,15407.0,4140.0,11267.0,73.13
52693,Nariño,San Pablo,2025,15378.0,4129.0,11249.0,73.15
52694,Nariño,San Pedro de Cartago,2023,6834.0,833.0,6001.0,87.81
52694,Nariño,San Pedro de Cartago,2024,6842.0,842.0,6000.0,87.69
52694,Nariño,San Pedro de Cartago,2025,6820.0,845.0,5975.0,87.61
52696,Nariño,Santa Bárbara,2023,14020.0,3825.0,10195.0,72.72
52696,Nariño,Santa Bárbara,2024,14142.0,3874.0,10268.0,72.61
52696,Nariño,Santa Bárbara,2025,14254.0,3918.0,10336.0,72.51
52699,Nariño,Santacruz,2023,10664.0,1492.0,9172.0,86.01
52699,Nariño,Santacruz,2024,10666.0,1498.0,9168.0,85.96
52699,Nariño,Santacruz,2025,10646.0,1498.0,9148.0,85.93
52720,Nariño,Sapuyes,2023,7389.0,1455.0,5934.0,80.31
52720,Nariño,Sapuyes,2024,7368.0,1448.0,5920.0,80.35
52720,Nariño,Sapuyes,2025,7374.0,1444.0,5930.0,80.42
52786,Nariño,Taminango,2023,18310.0,4123.0,14187.0,77.48
52786,Nariño,Taminango,2024,18398.0,4161.0,14237.0,77.38
52786,Nariño,Taminango,2025,18438.0,4169.0,14269.0,77.39
52788,Nariño,Tangua,2023,14387.0,3002.0,11385.0,79.13
52788,Nariño,Tangua,2024,14521.0,3032.0,11489.0,79.12
52788,Nariño,Tangua,2025,14662.0,3076.0,11586.0,79.02
52835,Nariño,San Andrés de Tumaco,2023,269643.0,92509.0,177134.0,65.69
52835,Nariño,San Andrés de Tumaco,2024,272306.0,93709.0,178597.0,65.59
52835,Nariño,San Andrés de Tumaco,2025,274765.0,94823.0,179942.0,65.49
52838,Nariño,Túquerres,2023,46667.0,18153.0,28514.0,61.1
52838,Nariño,Túquerres,2024,47014.0,18319.0,28695.0,61.04
52838,Nariño,Túquerres,2025,47314.0,18462.0,28852.0,60.98
52885,Nariño,Yacuanquer,2023,11481.0,3517.0,7964.0,69.37
52885,Nariño,Yacuanquer,2024,11573.0,3555.0,8018.0,69.28
52885,Nariño,Yacuanquer,2025,11661.0,3575.0,8086.0,69.34
54001,Norte de Santander,San José de Cúcuta,2023,787444.0,757159.0,30285.0,3.85
54001,Norte de Santander,San José de Cúcuta,2024,790984.0,760344.0,30640.0,3.87
54001,Norte de Santander,San José de Cúcuta,2025,793211.0,762256.0,30955.0,3.9
54003,Norte de Santander,Ábrego,2023,35395.0,18284.0,17111.0,48.34
54003,Norte de Santander,Ábrego,2024,35875.0,18538.0,17337.0,48.33
54003,Norte de Santander,Ábrego,2025,36269.0,18751.0,17518.0,48.3
54051,Norte de Santander,Arboledas,2023,10489.0,2488.0,8001.0,76.28
54051,Norte de Santander,Arboledas,2024,10559.0,2503.0,8056.0,76.3
54051,Norte de Santander,Arboledas,2025,10639.0,2535.0,8104.0,76.17
54099,Norte de Santander,Bochalema,2023,9310.0,3471.0,5839.0,62.72
54099,Norte de Santander,Bochalema,2024,9467.0,3533.0,5934.0,62.68
54099,Norte de Santander,Bochalema,2025,9634.0,3597.0,6037.0,62.66
54109,Norte de Santander,Bucarasica,2023,7401.0,663.0,6738.0,91.04
54109,Norte de Santander,Bucarasica,2024,7559.0,681.0,6878.0,90.99
54109,Norte de Santander,Bucarasica,2025,7703.0,685.0,7018.0,91.11
54125,Norte de Santander,Cácota,2023,3090.0,1055.0,2035.0,65.86
54125,Norte de Santander,Cácota,2024,3121.0,1073.0,2048.0,65.62
54125,Norte de Santander,Cácota,2025,3144.0,1076.0,2068.0,65.78
54128,Norte de Santander,Cáchira,2023,12028.0,2078.0,9950.0,82.72
54128,Norte de Santander,Cáchira,2024,12099.0,2095.0,10004.0,82.68
54128,Norte de Santander,Cáchira,2025,12176.0,2110.0,10066.0,82.67
54172,Norte de Santander,Chinácota,2023,19692.0,12687.0,7005.0,35.57
54172,Norte de Santander,Chinácota,2024,20021.0,12876.0,7145.0,35.69
54172,Norte de Santander,Chinácota,2025,20355.0,13099.0,7256.0,35.65
54174,Norte de Santander,Chitagá,2023,13034.0,4957.0,8077.0,61.97
54174,Norte de Santander,Chitagá,2024,13208.0,5020.0,8188.0,61.99
54174,Norte de Santander,Chitagá,2025,13383.0,5085.0,8298.0,62.0
54206,Norte de Santander,Convención,2023,20702.0,8332.0,12370.0,59.75
54206,Norte de Santander,Convención,2024,20973.0,8438.0,12535.0,59.77
54206,Norte de Santander,Convención,2025,21228.0,8531.0,12697.0,59.81
54223,Norte de Santander,Cucutilla,2023,8588.0,1647.0,6941.0,80.82
54223,Norte de Santander,Cucutilla,2024,8603.0,1652.0,6951.0,80.8
54223,Norte de Santander,Cucutilla,2025,8586.0,1651.0,6935.0,80.77
54239,Norte de Santander,Durania,2023,4981.0,2450.0,2531.0,50.81
54239,Norte de Santander,Durania,2024,5044.0,2472.0,2572.0,50.99
54239,Norte de Santander,Durania,2025,5079.0,2496.0,2583.0,50.86
54245,Norte de Santander,El Carmen,2023,14657.0,2493.0,12164.0,82.99
54245,Norte de Santander,El Carmen,2024,14851.0,2529.0,12322.0,82.97
54245,Norte de Santander,El Carmen,2025,15027.0,2560.0,12467.0,82.96
54250,Norte de Santander,El Tarra,2023,25796.0,11147.0,14649.0,56.79
54250,Norte de Santander,El Tarra,2024,26769.0,11581.0,15188.0,56.74
54250,Norte de Santander,El Tarra,2025,27716.0,12002.0,15714.0,56.7
54261,Norte de Santander,El Zulia,2023,31132.0,18694.0,12438.0,39.95
54261,Norte de Santander,El Zulia,2024,31482.0,18843.0,12639.0,40.15
54261,Norte de Santander,El Zulia,2025,31833.0,19009.0,12824.0,40.29
54313,Norte de Santander,Gramalote,2023,8298.0,2828.0,5470.0,65.92
54313,Norte de Santander,Gramalote,2024,8430.0,2881.0,5549.0,65.82
54313,Norte de Santander,Gramalote,2025,8553.0,2915.0,5638.0,65.92
54344,Norte de Santander,Hacarí,2023,10724.0,1540.0,9184.0,85.64
54344,Norte de Santander,Hacarí,2024,10775.0,1562.0,9213.0,85.5
54344,Norte de Santander,Hacarí,2025,10791.0,1568.0,9223.0,85.47
54347,Norte de Santander,Herrán,2023,8172.0,1497.0,6675.0,81.68
54347,Norte de Santander,Herrán,2024,8388.0,1539.0,6849.0,81.65
54347,Norte de Santander,Herrán,2025,8602.0,1585.0,7017.0,81.57
54377,Norte de Santander,Labateca,2023,6926.0,1838.0,5088.0,73.46
54377,Norte de Santander,Labateca,2024,6999.0,1864.0,5135.0,73.37
54377,Norte de Santander,Labateca,2025,7049.0,1878.0,5171.0,73.36
54385,Norte de Santander,La Esperanza,2023,12419.0,1910.0,10509.0,84.62
54385,Norte de Santander,La Esperanza,2024,12516.0,1928.0,10588.0,84.6
54385,Norte de Santander,La Esperanza,2025,12579.0,1942.0,10637.0,84.56
54398,Norte de Santander,La Playa,2023,8472.0,1009.0,7463.0,88.09
54398,Norte de Santander,La Playa,2024,8582.0,1029.0,7553.0,88.01
54398,Norte de Santander,La Playa,2025,8668.0,1038.0,7630.0,88.02
54405,Norte de Santander,Los Patios,2023,102015.0,99218.0,2797.0,2.74
54405,Norte de Santander,Los Patios,2024,103208.0,100381.0,2827.0,2.74
54405,Norte de Santander,Los Patios,2025,104220.0,101368.0,2852.0,2.74
54418,Norte de Santander,Lourdes,2023,4463.0,2126.0,2337.0,52.36
54418,Norte de Santander,Lourdes,2024,4520.0,2145.0,2375.0,52.54
54418,Norte de Santander,Lourdes,2025,4584.0,2173.0,2411.0,52.6
54480,Norte de Santander,Mutiscua,2023,4593.0,896.0,3697.0,80.49
54480,Norte de Santander,Mutiscua,2024,4636.0,905.0,3731.0,80.48
54480,Norte de Santander,Mutiscua,2025,4668.0,904.0,3764.0,80.63
54498,Norte de Santander,Ocaña,2023,134317.0,120699.0,13618.0,10.14
54498,Norte de Santander,Ocaña,2024,136427.0,122585.0,13842.0,10.15
54498,Norte de Santander,Ocaña,2025,138352.0,124286.0,14066.0,10.17
54518,Norte de Santander,Pamplona,2023,52357.0,48493.0,3864.0,7.38
54518,Norte de Santander,Pamplona,2024,52427.0,48572.0,3855.0,7.35
54518,Norte de Santander,Pamplona,2025,52424.0,48573.0,3851.0,7.35
54520,Norte de Santander,Pamplonita,2023,6094.0,1295.0,4799.0,78.75
54520,Norte de Santander,Pamplonita,2024,6204.0,1316.0,4888.0,78.79
54520,Norte de Santander,Pamplonita,2025,6253.0,1318.0,4935.0,78.92
54553,Norte de Santander,Puerto Santander,2023,9452.0,8827.0,625.0,6.61
54553,Norte de Santander,Puerto Santander,2024,9525.0,8900.0,625.0,6.56
54553,Norte de Santander,Puerto Santander,2025,9563.0,8927.0,636.0,6.65
54599,Norte de Santander,Ragonvalia,2023,6562.0,3201.0,3361.0,51.22
54599,Norte de Santander,Ragonvalia,2024,6653.0,3247.0,3406.0,51.19
54599,Norte de Santander,Ragonvalia,2025,6736.0,3278.0,3458.0,51.34
54660,Norte de Santander,Salazar,2023,11316.0,4354.0,6962.0,61.52
54660,Norte de Santander,Salazar,2024,11438.0,4407.0,7031.0,61.47
54660,Norte de Santander,Salazar,2025,11551.0,4443.0,7108.0,61.54
54670,Norte de Santander,San Calixto,2023,13405.0,2463.0,10942.0,81.63
54670,Norte de Santander,San Calixto,2024,13579.0,2514.0,11065.0,81.49
54670,Norte de Santander,San Calixto,2025,13733.0,2551.0,11182.0,81.42
54673,Norte de Santander,San Cayetano,2023,8556.0,2709.0,5847.0,68.34
54673,Norte de Santander,San Cayetano,2024,8712.0,2739.0,5973.0,68.56
54673,Norte de Santander,San Cayetano,2025,8839.0,2774.0,6065.0,68.62
54680,Norte de Santander,Santiago,2023,3950.0,2080.0,1870.0,47.34
54680,Norte de Santander,Santiago,2024,4040.0,2118.0,1922.0,47.57
54680,Norte de Santander,Santiago,2025,4132.0,2165.0,1967.0,47.6
54720,Norte de Santander,Sardinata,2023,28123.0,10840.0,17283.0,61.46
54720,Norte de Santander,Sardinata,2024,28494.0,10987.0,17507.0,61.44
54720,Norte de Santander,Sardinata,2025,28815.0,11100.0,17715.0,61.48
54743,Norte de Santander,Silos,2023,7051.0,1045.0,6006.0,85.18
54743,Norte de Santander,Silos,2024,7166.0,1065.0,6101.0,85.14
54743,Norte de Santander,Silos,2025,7269.0,1076.0,6193.0,85.2
54800,Norte de Santander,Teorama,2023,18071.0,2949.0,15122.0,83.68
54800,Norte de Santander,Teorama,2024,18309.0,3008.0,15301.0,83.57
54800,Norte de Santander,Teorama,2025,18521.0,3048.0,15473.0,83.54
54810,Norte de Santander,Tibú,2023,65269.0,24146.0,41123.0,63.01
54810,Norte de Santander,Tibú,2024,67062.0,24793.0,42269.0,63.03
54810,Norte de Santander,Tibú,2025,68802.0,25420.0,43382.0,63.05
54820,Norte de Santander,Toledo,2023,17196.0,6016.0,11180.0,65.02
54820,Norte de Santander,Toledo,2024,17424.0,6095.0,11329.0,65.02
54820,Norte de Santander,Toledo,2025,17628.0,6168.0,11460.0,65.01
54871,Norte de Santander,Villa Caro,2023,5354.0,2407.0,2947.0,55.04
54871,Norte de Santander,Villa Caro,2024,5381.0,2408.0,2973.0,55.25
54871,Norte de Santander,Villa Caro,2025,5394.0,2415.0,2979.0,55.23
54874,Norte de Santander,Villa del Rosario,2023,121164.0,117339.0,3825.0,3.16
54874,Norte de Santander,Villa del Rosario,2024,123460.0,119552.0,3908.0,3.17
54874,Norte de Santander,Villa del Rosario,2025,125580.0,121588.0,3992.0,3.18
63001,Quindío,Armenia,2023,304311.0,296198.0,8113.0,2.67
63001,Quindío,Armenia,2024,305676.0,297493.0,8183.0,2.68
63001,Quindío,Armenia,2025,306682.0,298425.0,8257.0,2.69
63111,Quindío,Buenavista,2023,3185.0,1234.0,1951.0,61.26
63111,Quindío,Buenavista,2024,3199.0,1234.0,1965.0,61.43
63111,Quindío,Buenavista,2025,3178.0,1219.0,1959.0,61.64
63130,Quindío,Calarcá,2023,74465.0,57588.0,16877.0,22.66
63130,Quindío,Calarcá,2024,74545.0,57576.0,16969.0,22.76
63130,Quindío,Calarcá,2025,74536.0,57499.0,17037.0,22.86
63190,Quindío,Circasia,2023,28950.0,21619.0,7331.0,25.32
63190,Quindío,Circasia,2024,29013.0,21639.0,7374.0,25.42
63190,Quindío,Circasia,2025,29024.0,21620.0,7404.0,25.51
63212,Quindío,Córdoba,2023,5848.0,3474.0,2374.0,40.6
63212,Quindío,Córdoba,2024,5866.0,3482.0,2384.0,40.64
63212,Quindío,Córdoba,2025,5877.0,3485.0,2392.0,40.7
63272,Quindío,Filandia,2023,12417.0,6875.0,5542.0,44.63
63272,Quindío,Filandia,2024,12418.0,6861.0,5557.0,44.75
63272,Quindío,Filandia,2025,12398.0,6837.0,5561.0,44.85
63302,Quindío,Génova,2023,7704.0,4355.0,3349.0,43.47
63302,Quindío,Génova,2024,7723.0,4348.0,3375.0,43.7
63302,Quindío,Génova,2025,7718.0,4342.0,3376.0,43.74
63401,Quindío,La Tebaida,2023,33884.0,30457.0,3427.0,10.11
63401,Quindío,La Tebaida,2024,33885.0,30461.0,3424.0,10.1
63401,Quindío,La Tebaida,2025,33859.0,30434.0,3425.0,10.12
63470,Quindío,Montenegro,2023,37477.0,30734.0,6743.0,17.99
63470,Quindío,Montenegro,2024,37530.0,30757.0,6773.0,18.05
63470,Quindío,Montenegro,2025,37547.0,30743.0,6804.0,18.12
63548,Quindío,Pijao,2023,5360.0,3035.0,2325.0,43.38
63548,Quindío,Pijao,2024,5361.0,3029.0,2332.0,43.5
63548,Quindío,Pijao,2025,5351.0,3015.0,2336.0,43.66
63594,Quindío,Quimbaya,2023,31368.0,25463.0,5905.0,18.82
63594,Quindío,Quimbaya,2024,31400.0,25469.0,5931.0,18.89
63594,Quindío,Quimbaya,2025,31408.0,25438.0,5970.0,19.01
63690,Quindío,Salento,2023,10151.0,4214.0,5937.0,58.49
63690,Quindío,Salento,2024,10264.0,4244.0,6020.0,58.65
63690,Quindío,Salento,2025,10306.0,4256.0,6050.0,58.7
66001,Risaralda,Pereira,2023,484084.0,404531.0,79553.0,16.43
66001,Risaralda,Pereira,2024,486042.0,406831.0,79211.0,16.3
66001,Risaralda,Pereira,2025,487359.0,408608.0,78751.0,16.16
66045,Risaralda,Apía,2023,12760.0,5834.0,6926.0,54.28
66045,Risaralda,Apía,2024,12754.0,5877.0,6877.0,53.92
66045,Risaralda,Apía,2025,12753.0,5911.0,6842.0,53.65
66075,Risaralda,Balboa,2023,6654.0,1679.0,4975.0,74.77
66075,Risaralda,Balboa,2024,6647.0,1699.0,4948.0,74.44
66075,Risaralda,Balboa,2025,6630.0,1718.0,4912.0,74.09
66088,Risaralda,Belén de Umbría,2023,25385.0,13261.0,12124.0,47.76
66088,Risaralda,Belén de Umbría,2024,25391.0,13335.0,12056.0,47.48
66088,Risaralda,Belén de Umbría,2025,25361.0,13394.0,11967.0,47.19
66170,Risaralda,Dosquebradas,2023,236459.0,224939.0,11520.0,4.87
66170,Risaralda,Dosquebradas,2024,240061.0,228550.0,11511.0,4.8
66170,Risaralda,Dosquebradas,2025,243418.0,231932.0,11486.0,4.72
66318,Risaralda,Guática,2023,12585.0,3978.0,8607.0,68.39
66318,Risaralda,Guática,2024,12548.0,4005.0,8543.0,68.08
66318,Risaralda,Guática,2025,12526.0,4033.0,8493.0,67.8
66383,Risaralda,La Celia,2023,7740.0,3104.0,4636.0,59.9
66383,Risaralda,La Celia,2024,7749.0,3127.0,4622.0,59.65
66383,Risaralda,La Celia,2025,7733.0,3142.0,4591.0,59.37
66400,Risaralda,La Virginia,2023,28321.0,27670.0,651.0,2.3
66400,Risaralda,La Virginia,2024,28384.0,27738.0,646.0,2.28
66400,Risaralda,La Virginia,2025,28417.0,27774.0,643.0,2.26
66440,Risaralda,Marsella,2023,17389.0,9203.0,8186.0,47.08
66440,Risaralda,Marsella,2024,17421.0,9277.0,8144.0,46.75
66440,Risaralda,Marsella,2025,17379.0,9321.0,8058.0,46.37
66456,Risaralda,Mistrató,2023,18270.0,4500.0,13770.0,75.37
66456,Risaralda,Mistrató,2024,18387.0,4581.0,13806.0,75.09
66456,Risaralda,Mistrató,2025,18455.0,4644.0,13811.0,74.84
66572,Risaralda,Pueblo Rico,2023,18093.0,3429.0,14664.0,81.05
66572,Risaralda,Pueblo Rico,2024,18266.0,3506.0,14760.0,80.81
66572,Risaralda,Pueblo Rico,2025,18445.0,3597.0,14848.0,80.5
66594,Risaralda,Quinchía,2023,28256.0,8017.0,20239.0,71.63
66594,Risaralda,Quinchía,2024,28224.0,8100.0,20124.0,71.3
66594,Risaralda,Quinchía,2025,28154.0,8153.0,20001.0,71.04
66682,Risaralda,Santa Rosa de Cabal,2023,82318.0,68968.0,13350.0,16.22
66682,Risaralda,Santa Rosa de Cabal,2024,83030.0,69665.0,13365.0,16.1
66682,Risaralda,Santa Rosa de Cabal,2025,83602.0,70264.0,13338.0,15.95
66687,Risaralda,Santuario,2023,13024.0,6760.0,6264.0,48.1
66687,Risaralda,Santuario,2024,13026.0,6795.0,6231.0,47.84
66687,Risaralda,Santuario,2025,12993.0,6817.0,6176.0,47.53
68001,Santander,Bucaramanga,2023,612638.0,602080.0,10558.0,1.72
68001,Santander,Bucaramanga,2024,615463.0,604881.0,10582.0,1.72
68001,Santander,Bucaramanga,2025,617659.0,607060.0,10599.0,1.72
68013,Santander,Aguada,2023,1904.0,373.0,1531.0,80.41
68013,Santander,Aguada,2024,1891.0,382.0,1509.0,79.8
68013,Santander,Aguada,2025,1892.0,386.0,1506.0,79.6
68020,Santander,Albania,2023,4218.0,690.0,3528.0,83.64
68020,Santander,Albania,2024,4223.0,712.0,3511.0,83.14
68020,Santander,Albania,2025,4236.0,740.0,3496.0,82.53
68051,Santander,Aratoca,2023,8810.0,2765.0,6045.0,68.62
68051,Santander,Aratoca,2024,8824.0,2811.0,6013.0,68.14
68051,Santander,Aratoca,2025,8854.0,2876.0,5978.0,67.52
68077,Santander,Barbosa,2023,33402.0,25430.0,7972.0,23.87
68077,Santander,Barbosa,2024,33724.0,25737.0,7987.0,23.68
68077,Santander,Barbosa,2025,34021.0,26030.0,7991.0,23.49
68079,Santander,Barichara,2023,12392.0,3893.0,8499.0,68.58
68079,Santander,Barichara,2024,12657.0,4041.0,8616.0,68.07
68079,Santander,Barichara,2025,12935.0,4201.0,8734.0,67.52
68081,Santander,Barrancabermeja,2023,224011.0,196202.0,27809.0,12.41
68081,Santander,Barrancabermeja,2024,226559.0,198753.0,27806.0,12.27
68081,Santander,Barrancabermeja,2025,228836.0,201086.0,27750.0,12.13
68092,Santander,Betulia,2023,6664.0,1609.0,5055.0,75.86
68092,Santander,Betulia,2024,6747.0,1672.0,5075.0,75.22
68092,Santander,Betulia,2025,6835.0,1736.0,5099.0,74.6
68101,Santander,Bolívar,2023,11529.0,1842.0,9687.0,84.02
68101,Santander,Bolívar,2024,11558.0,1904.0,9654.0,83.53
68101,Santander,Bolívar,2025,11571.0,1957.0,9614.0,83.09
68121,Santander,Cabrera,2023,2092.0,467.0,1625.0,77.68
68121,Santander,Cabrera,2024,2117.0,490.0,1627.0,76.85
68121,Santander,Cabrera,2025,2135.0,511.0,1624.0,76.07
68132,Santander,California,2023,2425.0,1113.0,1312.0,54.1
68132,Santander,California,2024,2465.0,1145.0,1320.0,53.55
68132,Santander,California,2025,2498.0,1179.0,1319.0,52.8
68147,Santander,Capitanejo,2023,6123.0,3992.0,2131.0,34.8
68147,Santander,Capitanejo,2024,6215.0,4081.0,2134.0,34.34
68147,Santander,Capitanejo,2025,6279.0,4147.0,2132.0,33.95
68152,Santander,Carcasí,2023,4794.0,784.0,4010.0,83.65
68152,Santander,Carcasí,2024,4852.0,807.0,4045.0,83.37
68152,Santander,Carcasí,2025,4920.0,853.0,4067.0,82.66
68160,Santander,Cepitá,2023,2159.0,617.0,1542.0,71.42
68160,Santander,Cepitá,2024,2167.0,631.0,1536.0,70.88
68160,Santander,Cepitá,2025,2188.0,660.0,1528.0,69.84
68162,Santander,Cerrito,2023,7421.0,3852.0,3569.0,48.09
68162,Santander,Cerrito,2024,7482.0,3922.0,3560.0,47.58
68162,Santander,Cerrito,2025,7553.0,3989.0,3564.0,47.19
68167,Santander,Charalá,2023,13553.0,8330.0,5223.0,38.54
68167,Santander,Charalá,2024,13688.0,8479.0,5209.0,38.06
68167,Santander,Charalá,2025,13841.0,8624.0,5217.0,37.69
68169,Santander,Charta,2023,3233.0,888.0,2345.0,72.53
68169,Santander,Charta,2024,3252.0,908.0,2344.0,72.08
68169,Santander,Charta,2025,3298.0,943.0,2355.0,71.41
68176,Santander,Chimá,2023,3203.0,994.0,2209.0,68.97
68176,Santander,Chimá,2024,3243.0,1027.0,2216.0,68.33
68176,Santander,Chimá,2025,3283.0,1061.0,2222.0,67.68
68179,Santander,Chipatá,2023,5223.0,771.0,4452.0,85.24
68179,Santander,Chipatá,2024,5247.0,807.0,4440.0,84.62
68179,Santander,Chipatá,2025,5242.0,823.0,4419.0,84.3
68190,Santander,Cimitarra,2023,33725.0,15467.0,18258.0,54.14
68190,Santander,Cimitarra,2024,33782.0,15687.0,18095.0,53.56
68190,Santander,Cimitarra,2025,33830.0,15913.0,17917.0,52.96
68207,Santander,Concepción,2023,6092.0,3092.0,3000.0,49.24
68207,Santander,Concepción,2024,6125.0,3141.0,2984.0,48.72
68207,Santander,Concepción,2025,6116.0,3170.0,2946.0,48.17
68209,Santander,Confines,2023,3574.0,859.0,2715.0,75.97
68209,Santander,Confines,2024,3613.0,896.0,2717.0,75.2
68209,Santander,Confines,2025,3674.0,923.0,2751.0,74.88
68211,Santander,Contratación,2023,4082.0,3160.0,922.0,22.59
68211,Santander,Contratación,2024,4144.0,3213.0,931.0,22.47
68211,Santander,Contratación,2025,4199.0,3268.0,931.0,22.17
68217,Santander,Coromoro,2023,5594.0,949.0,4645.0,83.04
68217,Santander,Coromoro,2024,5662.0,997.0,4665.0,82.39
68217,Santander,Coromoro,2025,5715.0,1028.0,4687.0,82.01
68229,Santander,Curití,2023,14236.0,5415.0,8821.0,61.96
68229,Santander,Curití,2024,14441.0,5567.0,8874.0,61.45
68229,Santander,Curití,2025,14607.0,5703.0,8904.0,60.96
68235,Santander,El Carmen de Chucurí,2023,23852.0,3916.0,19936.0,83.58
68235,Santander,El Carmen de Chucurí,2024,24214.0,4134.0,20080.0,82.93
68235,Santander,El Carmen de Chucurí,2025,24554.0,4369.0,20185.0,82.21
68245,Santander,El Guacamayo,2023,2209.0,790.0,1419.0,64.24
68245,Santander,El Guacamayo,2024,2201.0,798.0,1403.0,63.74
68245,Santander,El Guacamayo,2025,2221.0,821.0,1400.0,63.03
68250,Santander,El Peñón,2023,5340.0,848.0,4492.0,84.12
68250,Santander,El Peñón,2024,5351.0,879.0,4472.0,83.57
68250,Santander,El Peñón,2025,5328.0,890.0,4438.0,83.3
68255,Santander,El Playón,2023,14985.0,8086.0,6899.0,46.04
68255,Santander,El Playón,2024,15124.0,8225.0,6899.0,45.62
68255,Santander,El Playón,2025,15214.0,8351.0,6863.0,45.11
68264,Santander,Encino,2023,2850.0,682.0,2168.0,76.07
68264,Santander,Encino,2024,2898.0,705.0,2193.0,75.67
68264,Santander,Encino,2025,2926.0,733.0,2193.0,74.95
68266,Santander,Enciso,2023,3860.0,1068.0,2792.0,72.33
68266,Santander,Enciso,2024,3921.0,1110.0,2811.0,71.69
68266,Santander,Enciso,2025,3960.0,1146.0,2814.0,71.06
68271,Santander,Florián,2023,5694.0,1427.0,4267.0,74.94
68271,Santander,Florián,2024,5703.0,1447.0,4256.0,74.63
68271,Santander,Florián,2025,5706.0,1472.0,4234.0,74.2
68276,Santander,Floridablanca,2023,310552.0,297918.0,12634.0,4.07
68276,Santander,Floridablanca,2024,312530.0,299847.0,12683.0,4.06
68276,Santander,Floridablanca,2025,314188.0,301466.0,12722.0,4.05
68296,Santander,Galán,2023,3069.0,935.0,2134.0,69.53
68296,Santander,Galán,2024,3063.0,959.0,2104.0,68.69
68296,Santander,Galán,2025,3079.0,988.0,2091.0,67.91
68298,Santander,Gámbita,2023,4110.0,777.0,3333.0,81.09
68298,Santander,Gámbita,2024,4110.0,803.0,3307.0,80.46
68298,Santander,Gámbita,2025,4111.0,810.0,3301.0,80.3
68307,Santander,Girón,2023,173400.0,153366.0,20034.0,11.55
68307,Santander,Girón,2024,175000.0,154875.0,20125.0,11.5
68307,Santander,Girón,2025,176444.0,156257.0,20187.0,11.44
68318,Santander,Guaca,2023,6621.0,1887.0,4734.0,71.5
68318,Santander,Guaca,2024,6668.0,1927.0,4741.0,71.1
68318,Santander,Guaca,2025,6754.0,1999.0,4755.0,70.4
68320,Santander,Guadalupe,2023,4602.0,1841.0,2761.0,60.0
68320,Santander,Guadalupe,2024,4608.0,1870.0,2738.0,59.42
68320,Santander,Guadalupe,2025,4615.0,1883.0,2732.0,59.2
68322,Santander,Guapotá,2023,2597.0,795.0,1802.0,69.39
68322,Santander,Guapotá,2024,2634.0,823.0,1811.0,68.75
68322,Santander,Guapotá,2025,2652.0,842.0,1810.0,68.25
68324,Santander,Guavatá,2023,4309.0,1172.0,3137.0,72.8
68324,Santander,Guavatá,2024,4326.0,1192.0,3134.0,72.45
68324,Santander,Guavatá,2025,4314.0,1206.0,3108.0,72.04
68327,Santander,Güepsa,2023,5508.0,3421.0,2087.0,37.89
68327,Santander,Güepsa,2024,5560.0,3482.0,2078.0,37.37
68327,Santander,Güepsa,2025,5613.0,3528.0,2085.0,37.15
68344,Santander,Hato,2023,2600.0,813.0,1787.0,68.73
68344,Santander,Hato,2024,2618.0,820.0,1798.0,68.68
68344,Santander,Hato,2025,2662.0,849.0,1813.0,68.11
68368,Santander,Jesús María,2023,3428.0,821.0,2607.0,76.05
68368,Santander,Jesús María,2024,3429.0,826.0,2603.0,75.91
68368,Santander,Jesús María,2025,3436.0,849.0,2587.0,75.29
68370,Santander,Jordán,2023,1531.0,190.0,1341.0,87.59
68370,Santander,Jordán,2024,1551.0,193.0,1358.0,87.56
68370,Santander,Jordán,2025,1564.0,195.0,1369.0,87.53
68377,Santander,La Belleza,2023,6321.0,1939.0,4382.0,69.32
68377,Santander,La Belleza,2024,6336.0,1970.0,4366.0,68.91
68377,Santander,La Belleza,2025,6341.0,2005.0,4336.0,68.38
68385,Santander,Landázuri,2023,10597.0,3567.0,7030.0,66.34
68385,Santander,Landázuri,2024,10619.0,3642.0,6977.0,65.7
68385,Santander,Landázuri,2025,10629.0,3682.0,6947.0,65.36
68397,Santander,La Paz,2023,5058.0,892.0,4166.0,82.36
68397,Santander,La Paz,2024,5075.0,911.0,4164.0,82.05
68397,Santander,La Paz,2025,5085.0,946.0,4139.0,81.4
68406,Santander,Lebrija,2023,49127.0,27987.0,21140.0,43.03
68406,Santander,Lebrija,2024,50221.0,28871.0,21350.0,42.51
68406,Santander,Lebrija,2025,51241.0,29724.0,21517.0,41.99
68418,Santander,Los Santos,2023,16430.0,2238.0,14192.0,86.38
68418,Santander,Los Santos,2024,16737.0,2375.0,14362.0,85.81
68418,Santander,Los Santos,2025,17016.0,2508.0,14508.0,85.26
68425,Santander,Macaravita,2023,2402.0,353.0,2049.0,85.3
68425,Santander,Macaravita,2024,2430.0,369.0,2061.0,84.81
68425,Santander,Macaravita,2025,2458.0,394.0,2064.0,83.97
68432,Santander,Málaga,2023,23449.0,20414.0,3035.0,12.94
68432,Santander,Málaga,2024,23796.0,20745.0,3051.0,12.82
68432,Santander,Málaga,2025,24116.0,21063.0,3053.0,12.66
68444,Santander,Matanza,2023,5543.0,1702.0,3841.0,69.29
68444,Santander,Matanza,2024,5607.0,1745.0,3862.0,68.88
68444,Santander,Matanza,2025,5673.0,1781.0,3892.0,68.61
68464,Santander,Mogotes,2023,11170.0,4664.0,6506.0,58.25
68464,Santander,Mogotes,2024,11185.0,4718.0,6467.0,57.82
68464,Santander,Mogotes,2025,11181.0,4780.0,6401.0,57.25
68468,Santander,Molagavita,2023,4614.0,789.0,3825.0,82.9
68468,Santander,Molagavita,2024,4660.0,822.0,3838.0,82.36
68468,Santander,Molagavita,2025,4716.0,850.0,3866.0,81.98
68498,Santander,Ocamonte,2023,6392.0,1058.0,5334.0,83.45
68498,Santander,Ocamonte,2024,6494.0,1120.0,5374.0,82.75
68498,Santander,Ocamonte,2025,6563.0,1169.0,5394.0,82.19
68500,Santander,Oiba,2023,11536.0,5388.0,6148.0,53.29
68500,Santander,Oiba,2024,11595.0,5468.0,6127.0,52.84
68500,Santander,Oiba,2025,11609.0,5534.0,6075.0,52.33
68502,Santander,Onzaga,2023,4657.0,1510.0,3147.0,67.58
68502,Santander,Onzaga,2024,4721.0,1551.0,3170.0,67.15
68502,Santander,Onzaga,2025,4764.0,1595.0,3169.0,66.52
68522,Santander,Palmar,2023,1521.0,568.0,953.0,62.66
68522,Santander,Palmar,2024,1523.0,567.0,956.0,62.77
68522,Santander,Palmar,2025,1545.0,583.0,962.0,62.27
68524,Santander,Palmas del Socorro,2023,2762.0,906.0,1856.0,67.2
68524,Santander,Palmas del Socorro,2024,2789.0,930.0,1859.0,66.65
68524,Santander,Palmas del Socorro,2025,2816.0,967.0,1849.0,65.66
68533,Santander,Páramo,2023,5382.0,1589.0,3793.0,70.48
68533,Santander,Páramo,2024,5496.0,1662.0,3834.0,69.76
68533,Santander,Páramo,2025,5581.0,1725.0,3856.0,69.09
68547,Santander,Piedecuesta,2023,187910.0,153965.0,33945.0,18.06
68547,Santander,Piedecuesta,2024,189863.0,155698.0,34165.0,17.99
68547,Santander,Piedecuesta,2025,191588.0,157236.0,34352.0,17.93
68549,Santander,Pinchote,2023,5905.0,1376.0,4529.0,76.7
68549,Santander,Pinchote,2024,6013.0,1447.0,4566.0,75.94
68549,Santander,Pinchote,2025,6088.0,1493.0,4595.0,75.48
68572,Santander,Puente Nacional,2023,15194.0,6031.0,9163.0,60.31
68572,Santander,Puente Nacional,2024,15257.0,6120.0,9137.0,59.89
68572,Santander,Puente Nacional,2025,15311.0,6209.0,9102.0,59.45
68573,Santander,Puerto Parra,2023,8745.0,3192.0,5553.0,63.5
68573,Santander,Puerto Parra,2024,8892.0,3288.0,5604.0,63.02
68573,Santander,Puerto Parra,2025,9045.0,3403.0,5642.0,62.38
68575,Santander,Puerto Wilches,2023,35802.0,18337.0,17465.0,48.78
68575,Santander,Puerto Wilches,2024,36099.0,18655.0,17444.0,48.32
68575,Santander,Puerto Wilches,2025,36359.0,18958.0,17401.0,47.86
68615,Santander,Rionegro,2023,27349.0,7187.0,20162.0,73.72
68615,Santander,Rionegro,2024,27251.0,7305.0,19946.0,73.19
68615,Santander,Rionegro,2025,27119.0,7408.0,19711.0,72.68
68655,Santander,Sabana de Torres,2023,37002.0,25775.0,11227.0,30.34
68655,Santander,Sabana de Torres,2024,37531.0,26265.0,11266.0,30.02
68655,Santander,Sabana de Torres,2025,38015.0,26734.0,11281.0,29.68
68669,Santander,San Andrés,2023,8926.0,3443.0,5483.0,61.43
68669,Santander,San Andrés,2024,8900.0,3475.0,5425.0,60.96
68669,Santander,San Andrés,2025,8842.0,3502.0,5340.0,60.39
68673,Santander,San Benito,2023,3012.0,354.0,2658.0,88.25
68673,Santander,San Benito,2024,3015.0,372.0,2643.0,87.66
68673,Santander,San Benito,2025,3017.0,382.0,2635.0,87.34
68679,Santander,San Gil,2023,66196.0,57954.0,8242.0,12.45
68679,Santander,San Gil,2024,67893.0,59525.0,8368.0,12.33
68679,Santander,San Gil,2025,69546.0,61067.0,8479.0,12.19
68682,Santander,San Joaquín,2023,2485.0,972.0,1513.0,60.89
68682,Santander,San Joaquín,2024,2525.0,1006.0,1519.0,60.16
68682,Santander,San Joaquín,2025,2565.0,1043.0,1522.0,59.34
68684,Santander,San José de Miranda,2023,4529.0,1039.0,3490.0,77.06
68684,Santander,San José de Miranda,2024,4519.0,1066.0,3453.0,76.41
68684,Santander,San José de Miranda,2025,4477.0,1066.0,3411.0,76.19
68686,Santander,San Miguel,2023,2674.0,750.0,1924.0,71.95
68686,Santander,San Miguel,2024,2665.0,762.0,1903.0,71.41
68686,Santander,San Miguel,2025,2654.0,774.0,1880.0,70.84
68689,Santander,San Vicente de Chucurí,2023,35598.0,13980.0,21618.0,60.73
68689,Santander,San Vicente de Chucurí,2024,35766.0,14232.0,21534.0,60.21
68689,Santander,San Vicente de Chucurí,2025,35892.0,14470.0,21422.0,59.68
68705,Santander,Santa Bárbara,2023,2598.0,315.0,2283.0,87.88
68705,Santander,Santa Bárbara,2024,2624.0,345.0,2279.0,86.85
68705,Santander,Santa Bárbara,2025,2655.0,370.0,2285.0,86.06
68720,Santander,Santa Helena del Opón,2023,3466.0,899.0,2567.0,74.06
68720,Santander,Santa Helena del Opón,2024,3472.0,920.0,2552.0,73.5
68720,Santander,Santa Helena del Opón,2025,3483.0,937.0,2546.0,73.1
68745,Santander,Simacota,2023,11324.0,2741.0,8583.0,75.79
68745,Santander,Simacota,2024,11483.0,2850.0,8633.0,75.18
68745,Santander,Simacota,2025,11626.0,2955.0,8671.0,74.58
68755,Santander,Socorro,2023,35860.0,29708.0,6152.0,17.16
68755,Santander,Socorro,2024,36336.0,30191.0,6145.0,16.91
68755,Santander,Socorro,2025,36807.0,30652.0,6155.0,16.72
68770,Santander,Suaita,2023,10247.0,2425.0,7822.0,76.33
68770,Santander,Suaita,2024,10286.0,2473.0,7813.0,75.96
68770,Santander,Suaita,2025,10295.0,2516.0,7779.0,75.56
68773,Santander,Sucre,2023,7357.0,728.0,6629.0,90.1
68773,Santander,Sucre,2024,7377.0,773.0,6604.0,89.52
68773,Santander,Sucre,2025,7389.0,799.0,6590.0,89.19
68780,Santander,Suratá,2023,4425.0,1116.0,3309.0,74.78
68780,Santander,Suratá,2024,4451.0,1140.0,3311.0,74.39
68780,Santander,Suratá,2025,4512.0,1184.0,3328.0,73.76
68820,Santander,Tona,2023,8246.0,757.0,7489.0,90.82
68820,Santander,Tona,2024,8362.0,826.0,7536.0,90.12
68820,Santander,Tona,2025,8439.0,875.0,7564.0,89.63
68855,Santander,Valle de San José,2023,6896.0,2876.0,4020.0,58.29
68855,Santander,Valle de San José,2024,7004.0,2954.0,4050.0,57.82
68855,Santander,Valle de San José,2025,7095.0,3030.0,4065.0,57.29
68861,Santander,Vélez,2023,26448.0,14939.0,11509.0,43.52
68861,Santander,Vélez,2024,26750.0,15129.0,11621.0,43.44
68861,Santander,Vélez,2025,27042.0,15335.0,11707.0,43.29
68867,Santander,Vetas,2023,2176.0,765.0,1411.0,64.84
68867,Santander,Vetas,2024,2162.0,765.0,1397.0,64.62
68867,Santander,Vetas,2025,2150.0,769.0,1381.0,64.23
68872,Santander,Villanueva,2023,8850.0,5404.0,3446.0,38.94
68872,Santander,Villanueva,2024,8989.0,5540.0,3449.0,38.37
68872,Santander,Villanueva,2025,9122.0,5659.0,3463.0,37.96
68895,Santander,Zapatoca,2023,10172.0,6846.0,3326.0,32.7
68895,Santander,Zapatoca,2024,10231.0,6919.0,3312.0,32.37
68895,Santander,Zapatoca,2025,10278.0,6992.0,3286.0,31.97
70001,Sucre,Sincelejo,2023,313864.0,278938.0,34926.0,11.13
70001,Sucre,Sincelejo,2024,319888.0,284215.0,35673.0,11.15
70001,Sucre,Sincelejo,2025,325685.0,289318.0,36367.0,11.17
70110,Sucre,Buenavista,2023,11714.0,9313.0,2401.0,20.5
70110,Sucre,Buenavista,2024,11927.0,9484.0,2443.0,20.48
70110,Sucre,Buenavista,2025,12123.0,9645.0,2478.0,20.44
70124,Sucre,Caimito,2023,17196.0,4227.0,12969.0,75.42
70124,Sucre,Caimito,2024,17498.0,4283.0,13215.0,75.52
70124,Sucre,Caimito,2025,17775.0,4333.0,13442.0,75.62
70204,Sucre,Coloso,2023,9861.0,4339.0,5522.0,56.0
70204,Sucre,Coloso,2024,10048.0,4413.0,5635.0,56.08
70204,Sucre,Coloso,2025,10243.0,4488.0,5755.0,56.18
70215,Sucre,Corozal,2023,75486.0,57475.0,18011.0,23.86
70215,Sucre,Corozal,2024,76816.0,58508.0,18308.0,23.83
70215,Sucre,Corozal,2025,78092.0,59492.0,18600.0,23.82
70221,Sucre,Coveñas,2023,21314.0,12828.0,8486.0,39.81
70221,Sucre,Coveñas,2024,21748.0,13088.0,8660.0,39.82
70221,Sucre,Coveñas,2025,22132.0,13322.0,8810.0,39.81
70230,Sucre,Chalán,2023,4804.0,3081.0,1723.0,35.87
70230,Sucre,Chalán,2024,4847.0,3105.0,1742.0,35.94
70230,Sucre,Chalán,2025,4888.0,3137.0,1751.0,35.82
70233,Sucre,El Roble,2023,10514.0,4591.0,5923.0,56.33
70233,Sucre,El Roble,2024,10586.0,4621.0,5965.0,56.35
70233,Sucre,El Roble,2025,10636.0,4649.0,5987.0,56.29
70235,Sucre,Galeras,2023,24728.0,13447.0,11281.0,45.62
70235,Sucre,Galeras,2024,25175.0,13692.0,11483.0,45.61
70235,Sucre,Galeras,2025,25568.0,13908.0,11660.0,45.6
70265,Sucre,Guaranda,2023,19288.0,7770.0,11518.0,59.72
70265,Sucre,Guaranda,2024,19509.0,7853.0,11656.0,59.75
70265,Sucre,Guaranda,2025,19707.0,7924.0,11783.0,59.79
70400,Sucre,La Unión,2023,13736.0,6613.0,7123.0,51.86
70400,Sucre,La Unión,2024,13950.0,6721.0,7229.0,51.82
70400,Sucre,La Unión,2025,14165.0,6821.0,7344.0,51.85
70418,Sucre,Los Palmitos,2023,25216.0,12271.0,12945.0,51.34
70418,Sucre,Los Palmitos,2024,25570.0,12426.0,13144.0,51.4
70418,Sucre,Los Palmitos,2025,25905.0,12586.0,13319.0,51.41
70429,Sucre,Majagual,2023,39705.0,11181.0,28524.0,71.84
70429,Sucre,Majagual,2024,40125.0,11289.0,28836.0,71.87
70429,Sucre,Majagual,2025,40501.0,11372.0,29129.0,71.92
70473,Sucre,Morroa,2023,16749.0,10126.0,6623.0,39.54
70473,Sucre,Morroa,2024,17030.0,10306.0,6724.0,39.48
70473,Sucre,Morroa,2025,17275.0,10454.0,6821.0,39.48
70508,Sucre,Ovejas,2023,24292.0,12199.0,12093.0,49.78
70508,Sucre,Ovejas,2024,24462.0,12295.0,12167.0,49.74
70508,Sucre,Ovejas,2025,24604.0,12365.0,12239.0,49.74
70523,Sucre,Palmito,2023,15825.0,5419.0,10406.0,65.76
70523,Sucre,Palmito,2024,16081.0,5494.0,10587.0,65.84
70523,Sucre,Palmito,2025,16362.0,5582.0,10780.0,65.88
70670,Sucre,Sampués,2023,52173.0,26447.0,25726.0,49.31
70670,Sucre,Sampués,2024,53083.0,26922.0,26161.0,49.28
70670,Sucre,Sampués,2025,53896.0,27344.0,26552.0,49.27
70678,Sucre,San Benito Abad,2023,31490.0,6438.0,25052.0,79.56
70678,Sucre,San Benito Abad,2024,31892.0,6487.0,25405.0,79.66
70678,Sucre,San Benito Abad,2025,32276.0,6533.0,25743.0,79.76
70702,Sucre,San Juan de Betulia,2023,14578.0,7394.0,7184.0,49.28
70702,Sucre,San Juan de Betulia,2024,14694.0,7440.0,7254.0,49.37
70702,Sucre,San Juan de Betulia,2025,14839.0,7501.0,7338.0,49.45
70708,Sucre,San Marcos,2023,63243.0,35239.0,28004.0,44.28
70708,Sucre,San Marcos,2024,64076.0,35686.0,28390.0,44.31
70708,Sucre,San Marcos,2025,64873.0,36102.0,28771.0,44.35
70713,Sucre,San Onofre,2023,52648.0,20401.0,32247.0,61.25
70713,Sucre,San Onofre,2024,52983.0,20534.0,32449.0,61.24
70713,Sucre,San Onofre,2025,53277.0,20646.0,32631.0,61.25
70717,Sucre,San Pedro,2023,20470.0,13386.0,7084.0,34.61
70717,Sucre,San Pedro,2024,20760.0,13571.0,7189.0,34.63
70717,Sucre,San Pedro,2025,21013.0,13741.0,7272.0,34.61
70742,Sucre,San Luis de Sincé,2023,32502.0,23827.0,8675.0,26.69
70742,Sucre,San Luis de Sincé,2024,32683.0,23951.0,8732.0,26.72
70742,Sucre,San Luis de Sincé,2025,32824.0,24063.0,8761.0,26.69
70771,Sucre,Sucre,2023,32930.0,7722.0,25208.0,76.55
70771,Sucre,Sucre,2024,33442.0,7759.0,25683.0,76.8
70771,Sucre,Sucre,2025,33927.0,7798.0,26129.0,77.02
70820,Sucre,Santiago de Tolú,2023,36887.0,29799.0,7088.0,19.22
70820,Sucre,Santiago de Tolú,2024,37512.0,30335.0,7177.0,19.13
70820,Sucre,Santiago de Tolú,2025,38136.0,30855.0,7281.0,19.09
70823,Sucre,Tolú Viejo,2023,22963.0,6997.0,15966.0,69.53
70823,Sucre,Tolú Viejo,2024,23190.0,7044.0,16146.0,69.62
70823,Sucre,Tolú Viejo,2025,23380.0,7086.0,16294.0,69.69
73001,Tolima,Ibagué,2023,548695.0,508954.0,39741.0,7.24
73001,Tolima,Ibagué,2024,552035.0,512022.0,40013.0,7.25
73001,Tolima,Ibagué,2025,554947.0,514685.0,40262.0,7.26
73024,Tolima,Alpujarra,2023,4751.0,2194.0,2557.0,53.82
73024,Tolima,Alpujarra,2024,4807.0,2236.0,2571.0,53.48
73024,Tolima,Alpujarra,2025,4852.0,2274.0,2578.0,53.13
73026,Tolima,Alvarado,2023,8835.0,3351.0,5484.0,62.07
73026,Tolima,Alvarado,2024,8855.0,3361.0,5494.0,62.04
73026,Tolima,Alvarado,2025,8846.0,3364.0,5482.0,61.97
73030,Tolima,Ambalema,2023,6740.0,5333.0,1407.0,20.88
73030,Tolima,Ambalema,2024,6761.0,5349.0,1412.0,20.88
73030,Tolima,Ambalema,2025,6761.0,5356.0,1405.0,20.78
73043,Tolima,Anzoátegui,2023,10537.0,1577.0,8960.0,85.03
73043,Tolima,Anzoátegui,2024,10590.0,1597.0,8993.0,84.92
73043,Tolima,Anzoátegui,2025,10635.0,1621.0,9014.0,84.76
73055,Tolima,Armero,2023,12812.0,8096.0,4716.0,36.81
73055,Tolima,Armero,2024,12831.0,8105.0,4726.0,36.83
73055,Tolima,Armero,2025,12822.0,8098.0,4724.0,36.84
73067,Tolima,Ataco,2023,20146.0,5387.0,14759.0,73.26
73067,Tolima,Ataco,2024,20279.0,5473.0,14806.0,73.01
73067,Tolima,Ataco,2025,20461.0,5591.0,14870.0,72.67
73124,Tolima,Cajamarca,2023,19017.0,9773.0,9244.0,48.61
73124,Tolima,Cajamarca,2024,19013.0,9817.0,9196.0,48.37
73124,Tolima,Cajamarca,2025,18986.0,9857.0,9129.0,48.08
73148,Tolima,Carmen de Apicalá,2023,10803.0,8124.0,2679.0,24.8
73148,Tolima,Carmen de Apicalá,2024,10895.0,8196.0,2699.0,24.77
73148,Tolima,Carmen de Apicalá,2025,10994.0,8268.0,2726.0,24.8
73152,Tolima,Casabianca,2023,6571.0,1769.0,4802.0,73.08
73152,Tolima,Casabianca,2024,6590.0,1772.0,4818.0,73.11
73152,Tolima,Casabianca,2025,6597.0,1773.0,4824.0,73.12
73168,Tolima,Chaparral,2023,52524.0,29935.0,22589.0,43.01
73168,Tolima,Chaparral,2024,52842.0,30147.0,22695.0,42.95
73168,Tolima,Chaparral,2025,53132.0,30337.0,22795.0,42.9
73200,Tolima,Coello,2023,8499.0,1580.0,6919.0,81.41
73200,Tolima,Coello,2024,8536.0,1598.0,6938.0,81.28
73200,Tolima,Coello,2025,8590.0,1622.0,6968.0,81.12
73217,Tolima,Coyaima,2023,23516.0,4162.0,19354.0,82.3
73217,Tolima,Coyaima,2024,23625.0,4220.0,19405.0,82.14
73217,Tolima,Coyaima,2025,23707.0,4248.0,19459.0,82.08
73226,Tolima,Cunday,2023,8984.0,2559.0,6425.0,71.52
73226,Tolima,Cunday,2024,9022.0,2578.0,6444.0,71.43
73226,Tolima,Cunday,2025,9057.0,2588.0,6469.0,71.43
73236,Tolima,Dolores,2023,8564.0,3555.0,5009.0,58.49
73236,Tolima,Dolores,2024,8594.0,3565.0,5029.0,58.52
73236,Tolima,Dolores,2025,8615.0,3590.0,5025.0,58.33
73268,Tolima,Espinal,2023,71609.0,51495.0,20114.0,28.09
73268,Tolima,Espinal,2024,71777.0,51636.0,20141.0,28.06
73268,Tolima,Espinal,2025,71888.0,51730.0,20158.0,28.04
73270,Tolima,Falan,2023,7922.0,1918.0,6004.0,75.79
73270,Tolima,Falan,2024,7948.0,1934.0,6014.0,75.67
73270,Tolima,Falan,2025,7980.0,1950.0,6030.0,75.56
73275,Tolima,Flandes,2023,28971.0,25054.0,3917.0,13.52
73275,Tolima,Flandes,2024,29056.0,25120.0,3936.0,13.55
73275,Tolima,Flandes,2025,29121.0,25182.0,3939.0,13.53
73283,Tolima,Fresno,2023,31745.0,16126.0,15619.0,49.2
73283,Tolima,Fresno,2024,31821.0,16183.0,15638.0,49.14
73283,Tolima,Fresno,2025,31853.0,16206.0,15647.0,49.12
73319,Tolima,Guamo,2023,33684.0,17098.0,16586.0,49.24
73319,Tolima,Guamo,2024,33796.0,17173.0,16623.0,49.19
73319,Tolima,Guamo,2025,33860.0,17224.0,16636.0,49.13
73347,Tolima,Herveo,2023,7622.0,2314.0,5308.0,69.64
73347,Tolima,Herveo,2024,7598.0,2320.0,5278.0,69.47
73347,Tolima,Herveo,2025,7588.0,2333.0,5255.0,69.25
73349,Tolima,Honda,2023,24915.0,23648.0,1267.0,5.09
73349,Tolima,Honda,2024,24953.0,23678.0,1275.0,5.11
73349,Tolima,Honda,2025,24969.0,23679.0,1290.0,5.17
73352,Tolima,Icononzo,2023,12361.0,3792.0,8569.0,69.32
73352,Tolima,Icononzo,2024,12415.0,3809.0,8606.0,69.32
73352,Tolima,Icononzo,2025,12460.0,3844.0,8616.0,69.15
73408,Tolima,Lérida,2023,18555.0,13808.0,4747.0,25.58
73408,Tolima,Lérida,2024,18514.0,13799.0,4715.0,25.47
73408,Tolima,Lérida,2025,18483.0,13771.0,4712.0,25.49
73411,Tolima,Líbano,2023,37413.0,24009.0,13404.0,35.83
73411,Tolima,Líbano,2024,37508.0,24080.0,13428.0,35.8
73411,Tolima,Líbano,2025,37588.0,24141.0,13447.0,35.77
73443,Tolima,Mariquita,2023,39801.0,29307.0,10494.0,26.37
73443,Tolima,Mariquita,2024,40114.0,29546.0,10568.0,26.34
73443,Tolima,Mariquita,2025,40392.0,29747.0,10645.0,26.35
73449,Tolima,Melgar,2023,38706.0,31489.0,7217.0,18.65
73449,Tolima,Melgar,2024,39096.0,31810.0,7286.0,18.64
73449,Tolima,Melgar,2025,39472.0,32122.0,7350.0,18.62
73461,Tolima,Murillo,2023,4248.0,1815.0,2433.0,57.27
73461,Tolima,Murillo,2024,4251.0,1821.0,2430.0,57.16
73461,Tolima,Murillo,2025,4232.0,1821.0,2411.0,56.97
73483,Tolima,Natagaima,2023,15596.0,8614.0,6982.0,44.77
73483,Tolima,Natagaima,2024,15717.0,8725.0,6992.0,44.49
73483,Tolima,Natagaima,2025,15879.0,8866.0,7013.0,44.17
73504,Tolima,Ortega,2023,36081.0,7521.0,28560.0,79.16
73504,Tolima,Ortega,2024,36303.0,7613.0,28690.0,79.03
73504,Tolima,Ortega,2025,36466.0,7692.0,28774.0,78.91
73520,Tolima,Palocabildo,2023,10080.0,3167.0,6913.0,68.58
73520,Tolima,Palocabildo,2024,10120.0,3179.0,6941.0,68.59
73520,Tolima,Palocabildo,2025,10174.0,3213.0,6961.0,68.42
73547,Tolima,Piedras,2023,7297.0,2506.0,4791.0,65.66
73547,Tolima,Piedras,2024,7393.0,2550.0,4843.0,65.51
73547,Tolima,Piedras,2025,7477.0,2575.0,4902.0,65.56
73555,Tolima,Planadas,2023,26845.0,7472.0,19373.0,72.17
73555,Tolima,Planadas,2024,27075.0,7626.0,19449.0,71.83
73555,Tolima,Planadas,2025,27270.0,7757.0,19513.0,71.55
73563,Tolima,Prado,2023,8630.0,3859.0,4771.0,55.28
73563,Tolima,Prado,2024,8623.0,3862.0,4761.0,55.21
73563,Tolima,Prado,2025,8634.0,3871.0,4763.0,55.17
73585,Tolima,Purificación,2023,23997.0,13591.0,10406.0,43.36
73585,Tolima,Purificación,2024,24074.0,13642.0,10432.0,43.33
73585,Tolima,Purificación,2025,24120.0,13686.0,10434.0,43.26
73616,Tolima,Rioblanco,2023,23669.0,4243.0,19426.0,82.07
73616,Tolima,Rioblanco,2024,23853.0,4339.0,19514.0,81.81
73616,Tolima,Rioblanco,2025,24014.0,4430.0,19584.0,81.55
73622,Tolima,Roncesvalles,2023,5607.0,1931.0,3676.0,65.56
73622,Tolima,Roncesvalles,2024,5609.0,1934.0,3675.0,65.52
73622,Tolima,Roncesvalles,2025,5642.0,1956.0,3686.0,65.33
73624,Tolima,Rovira,2023,22250.0,10536.0,11714.0,52.65
73624,Tolima,Rovira,2024,22305.0,10579.0,11726.0,52.57
73624,Tolima,Rovira,2025,22356.0,10624.0,11732.0,52.48
73671,Tolima,Saldaña,2023,14733.0,8682.0,6051.0,41.07
73671,Tolima,Saldaña,2024,14768.0,8716.0,6052.0,40.98
73671,Tolima,Saldaña,2025,14797.0,8741.0,6056.0,40.93
73675,Tolima,San Antonio,2023,13228.0,4512.0,8716.0,65.89
73675,Tolima,San Antonio,2024,13284.0,4543.0,8741.0,65.8
73675,Tolima,San Antonio,2025,13336.0,4577.0,8759.0,65.68
73678,Tolima,San Luis,2023,13922.0,3933.0,9989.0,71.75
73678,Tolima,San Luis,2024,13979.0,3974.0,10005.0,71.57
73678,Tolima,San Luis,2025,14022.0,3992.0,10030.0,71.53
73686,Tolima,Santa Isabel,2023,5925.0,2249.0,3676.0,62.04
73686,Tolima,Santa Isabel,2024,5933.0,2249.0,3684.0,62.09
73686,Tolima,Santa Isabel,2025,5940.0,2261.0,3679.0,61.94
73770,Tolima,Suárez,2023,3890.0,1601.0,2289.0,58.84
73770,Tolima,Suárez,2024,3916.0,1615.0,2301.0,58.76
73770,Tolima,Suárez,2025,3924.0,1621.0,2303.0,58.69
73854,Tolima,Valle de San Juan,2023,5467.0,2178.0,3289.0,60.16
73854,Tolima,Valle de San Juan,2024,5503.0,2201.0,3302.0,60.0
73854,Tolima,Valle de San Juan,2025,5511.0,2208.0,3303.0,59.93
73861,Tolima,Venadillo,2023,13023.0,8872.0,4151.0,31.87
73861,Tolima,Venadillo,2024,13031.0,8890.0,4141.0,31.78
73861,Tolima,Venadillo,2025,13072.0,8928.0,4144.0,31.7
73870,Tolima,Villahermosa,2023,9521.0,3491.0,6030.0,63.33
73870,Tolima,Villahermosa,2024,9556.0,3508.0,6048.0,63.29
73870,Tolima,Villahermosa,2025,9587.0,3524.0,6063.0,63.24
73873,Tolima,Villarrica,2023,5251.0,2027.0,3224.0,61.4
73873,Tolima,Villarrica,2024,5280.0,2038.0,3242.0,61.4
73873,Tolima,Villarrica,2025,5301.0,2049.0,3252.0,61.35
76001,Valle del Cauca,Cali,2023,2280485.0,2227822.0,52663.0,2.31
76001,Valle del Cauca,Cali,2024,2280171.0,2227444.0,52727.0,2.31
76001,Valle del Cauca,Cali,2025,2277296.0,2224562.0,52734.0,2.32
76020,Valle del Cauca,Alcalá,2023,14352.0,10637.0,3715.0,25.88
76020,Valle del Cauca,Alcalá,2024,14381.0,10700.0,3681.0,25.6
76020,Valle del Cauca,Alcalá,2025,14359.0,10727.0,3632.0,25.29
76036,Valle del Cauca,Andalucía,2023,24302.0,19227.0,5075.0,20.88
76036,Valle del Cauca,Andalucía,2024,24590.0,19507.0,5083.0,20.67
76036,Valle del Cauca,Andalucía,2025,24857.0,19771.0,5086.0,20.46
76041,Valle del Cauca,Ansermanuevo,2023,17884.0,10793.0,7091.0,39.65
76041,Valle del Cauca,Ansermanuevo,2024,17894.0,10882.0,7012.0,39.19
76041,Valle del Cauca,Ansermanuevo,2025,17879.0,10959.0,6920.0,38.7
76054,Valle del Cauca,Argelia,2023,5537.0,2992.0,2545.0,45.96
76054,Valle del Cauca,Argelia,2024,5543.0,3022.0,2521.0,45.48
76054,Valle del Cauca,Argelia,2025,5524.0,3044.0,2480.0,44.9
76100,Valle del Cauca,Bolívar,2023,16087.0,4838.0,11249.0,69.93
76100,Valle del Cauca,Bolívar,2024,16071.0,4904.0,11167.0,69.49
76100,Valle del Cauca,Bolívar,2025,16013.0,4960.0,11053.0,69.03
76109,Valle del Cauca,Buenaventura,2023,325233.0,252026.0,73207.0,22.51
76109,Valle del Cauca,Buenaventura,2024,328686.0,255539.0,73147.0,22.25
76109,Valle del Cauca,Buenaventura,2025,332054.0,259000.0,73054.0,22.0
76111,Valle del Cauca,Guadalajara de Buga,2023,131814.0,113684.0,18130.0,13.75
76111,Valle del Cauca,Guadalajara de Buga,2024,132138.0,114061.0,18077.0,13.68
76111,Valle del Cauca,Guadalajara de Buga,2025,132303.0,114306.0,17997.0,13.6
76113,Valle del Cauca,Bugalagrande,2023,25273.0,13526.0,11747.0,46.48
76113,Valle del Cauca,Bugalagrande,2024,25391.0,13661.0,11730.0,46.2
76113,Valle del Cauca,Bugalagrande,2025,25476.0,13792.0,11684.0,45.86
76122,Valle del Cauca,Caicedonia,2023,29956.0,25039.0,4917.0,16.41
76122,Valle del Cauca,Caicedonia,2024,30115.0,25212.0,4903.0,16.28
76122,Valle del Cauca,Caicedonia,2025,30193.0,25326.0,4867.0,16.12
76126,Valle del Cauca,Calima,2023,19054.0,12416.0,6638.0,34.84
76126,Valle del Cauca,Calima,2024,19194.0,12549.0,6645.0,34.62
76126,Valle del Cauca,Calima,2025,19313.0,12688.0,6625.0,34.3
76130,Valle del Cauca,Candelaria,2023,107848.0,27116.0,80732.0,74.86
76130,Valle del Cauca,Candelaria,2024,110619.0,27853.0,82766.0,74.82
76130,Valle del Cauca,Candelaria,2025,113360.0,28611.0,84749.0,74.76
76147,Valle del Cauca,Cartago,2023,141786.0,137139.0,4647.0,3.28
76147,Valle del Cauca,Cartago,2024,142792.0,138161.0,4631.0,3.24
76147,Valle del Cauca,Cartago,2025,143613.0,139000.0,4613.0,3.21
76233,Valle del Cauca,Dagua,2023,56463.0,12591.0,43872.0,77.7
76233,Valle del Cauca,Dagua,2024,57738.0,12920.0,44818.0,77.62
76233,Valle del Cauca,Dagua,2025,58952.0,13230.0,45722.0,77.56
76243,Valle del Cauca,El Águila,2023,9223.0,2613.0,6610.0,71.67
76243,Valle del Cauca,El Águila,2024,9210.0,2660.0,6550.0,71.12
76243,Valle del Cauca,El Águila,2025,9208.0,2696.0,6512.0,70.72
76246,Valle del Cauca,El Cairo,2023,7032.0,3398.0,3634.0,51.68
76246,Valle del Cauca,El Cairo,2024,7034.0,3422.0,3612.0,51.35
76246,Valle del Cauca,El Cairo,2025,7026.0,3451.0,3575.0,50.88
76248,Valle del Cauca,El Cerrito,2023,56919.0,36902.0,20017.0,35.17
76248,Valle del Cauca,El Cerrito,2024,56819.0,36994.0,19825.0,34.89
76248,Valle del Cauca,El Cerrito,2025,56653.0,37032.0,19621.0,34.63
76250,Valle del Cauca,El Dovio,2023,9192.0,5866.0,3326.0,36.18
76250,Valle del Cauca,El Dovio,2024,9256.0,5941.0,3315.0,35.81
76250,Valle del Cauca,El Dovio,2025,9279.0,5993.0,3286.0,35.41
76275,Valle del Cauca,Florida,2023,57700.0,40985.0,16715.0,28.97
76275,Valle del Cauca,Florida,2024,57543.0,41008.0,16535.0,28.74
76275,Valle del Cauca,Florida,2025,57327.0,40982.0,16345.0,28.51
76306,Valle del Cauca,Ginebra,2023,24033.0,11324.0,12709.0,52.88
76306,Valle del Cauca,Ginebra,2024,24240.0,11520.0,12720.0,52.48
76306,Valle del Cauca,Ginebra,2025,24396.0,11689.0,12707.0,52.09
76318,Valle del Cauca,Guacarí,2023,34412.0,21747.0,12665.0,36.8
76318,Valle del Cauca,Guacarí,2024,34561.0,21949.0,12612.0,36.49
76318,Valle del Cauca,Guacarí,2025,34676.0,22130.0,12546.0,36.18
76364,Valle del Cauca,Jamundí,2023,185865.0,142591.0,43274.0,23.28
76364,Valle del Cauca,Jamundí,2024,189878.0,145474.0,44404.0,23.39
76364,Valle del Cauca,Jamundí,2025,193630.0,148130.0,45500.0,23.5
76377,Valle del Cauca,La Cumbre,2023,17995.0,3537.0,14458.0,80.34
76377,Valle del Cauca,La Cumbre,2024,18290.0,3675.0,14615.0,79.91
76377,Valle del Cauca,La Cumbre,2025,18546.0,3801.0,14745.0,79.51
76400,Valle del Cauca,La Unión,2023,34763.0,28102.0,6661.0,19.16
76400,Valle del Cauca,La Unión,2024,34777.0,28181.0,6596.0,18.97
76400,Valle del Cauca,La Unión,2025,34778.0,28252.0,6526.0,18.76
76403,Valle del Cauca,La Victoria,2023,12632.0,9683.0,2949.0,23.35
76403,Valle del Cauca,La Victoria,2024,12681.0,9760.0,2921.0,23.03
76403,Valle del Cauca,La Victoria,2025,12723.0,9821.0,2902.0,22.81
76497,Valle del Cauca,Obando,2023,12583.0,9458.0,3125.0,24.84
76497,Valle del Cauca,Obando,2024,12572.0,9512.0,3060.0,24.34
76497,Valle del Cauca,Obando,2025,12595.0,9589.0,3006.0,23.87
76520,Valle del Cauca,Palmira,2023,375394.0,292421.0,82973.0,22.1
76520,Valle del Cauca,Palmira,2024,378446.0,294388.0,84058.0,22.21
76520,Valle del Cauca,Palmira,2025,380980.0,295944.0,85036.0,22.32
76563,Valle del Cauca,Pradera,2023,49549.0,43531.0,6018.0,12.15
76563,Valle del Cauca,Pradera,2024,49776.0,43799.0,5977.0,12.01
76563,Valle del Cauca,Pradera,2025,49973.0,44016.0,5957.0,11.92
76606,Valle del Cauca,Restrepo,2023,15868.0,10760.0,5108.0,32.19
76606,Valle del Cauca,Restrepo,2024,15926.0,10858.0,5068.0,31.82
76606,Valle del Cauca,Restrepo,2025,15994.0,10947.0,5047.0,31.56
76616,Valle del Cauca,Riofrío,2023,16061.0,7910.0,8151.0,50.75
76616,Valle del Cauca,Riofrío,2024,16128.0,7998.0,8130.0,50.41
76616,Valle del Cauca,Riofrío,2025,16173.0,8077.0,8096.0,50.06
76622,Valle del Cauca,Roldanillo,2023,38255.0,29489.0,8766.0,22.91
76622,Valle del Cauca,Roldanillo,2024,38443.0,29728.0,8715.0,22.67
76622,Valle del Cauca,Roldanillo,2025,38577.0,29926.0,8651.0,22.43
76670,Valle del Cauca,San Pedro,2023,17280.0,8163.0,9117.0,52.76
76670,Valle del Cauca,San Pedro,2024,17270.0,8257.0,9013.0,52.19
76670,Valle del Cauca,San Pedro,2025,17275.0,8364.0,8911.0,51.58
76736,Valle del Cauca,Sevilla,2023,43721.0,33703.0,10018.0,22.91
76736,Valle del Cauca,Sevilla,2024,43923.0,33944.0,9979.0,22.72
76736,Valle del Cauca,Sevilla,2025,44068.0,34152.0,9916.0,22.5
76823,Valle del Cauca,Toro,2023,14958.0,10372.0,4586.0,30.66
76823,Valle del Cauca,Toro,2024,14973.0,10431.0,4542.0,30.33
76823,Valle del Cauca,Toro,2025,14964.0,10483.0,4481.0,29.95
76828,Valle del Cauca,Trujillo,2023,19871.0,9705.0,10166.0,51.16
76828,Valle del Cauca,Trujillo,2024,19948.0,9828.0,10120.0,50.73
76828,Valle del Cauca,Trujillo,2025,20019.0,9951.0,10068.0,50.29
76834,Valle del Cauca,Tuluá,2023,223026.0,183838.0,39188.0,17.57
76834,Valle del Cauca,Tuluá,2024,224250.0,185147.0,39103.0,17.44
76834,Valle del Cauca,Tuluá,2025,225236.0,186263.0,38973.0,17.3
76845,Valle del Cauca,Ulloa,2023,5629.0,2637.0,2992.0,53.15
76845,Valle del Cauca,Ulloa,2024,5636.0,2664.0,2972.0,52.73
76845,Valle del Cauca,Ulloa,2025,5620.0,2670.0,2950.0,52.49
76863,Valle del Cauca,Versalles,2023,7457.0,4374.0,3083.0,41.34
76863,Valle del Cauca,Versalles,2024,7457.0,4414.0,3043.0,40.81
76863,Valle del Cauca,Versalles,2025,7441.0,4439.0,3002.0,40.34
76869,Valle del Cauca,Vijes,2023,13729.0,8837.0,4892.0,35.63
76869,Valle del Cauca,Vijes,2024,13893.0,8990.0,4903.0,35.29
76869,Valle del Cauca,Vijes,2025,14022.0,9134.0,4888.0,34.86
76890,Valle del Cauca,Yotoco,2023,16679.0,8960.0,7719.0,46.28
76890,Valle del Cauca,Yotoco,2024,16743.0,9049.0,7694.0,45.95
76890,Valle del Cauca,Yotoco,2025,16822.0,9147.0,7675.0,45.62
76892,Valle del Cauca,Yumbo,2023,113917.0,97585.0,16332.0,14.34
76892,Valle del Cauca,Yumbo,2024,114676.0,98128.0,16548.0,14.43
76892,Valle del Cauca,Yumbo,2025,115267.0,98535.0,16732.0,14.52
76895,Valle del Cauca,Zarzal,2023,43578.0,33557.0,10021.0,23.0
76895,Valle del Cauca,Zarzal,2024,43760.0,33791.0,9969.0,22.78
76895,Valle del Cauca,Zarzal,2025,43933.0,34007.0,9926.0,22.59
81001,Arauca,Arauca,2023,90162.0,77483.0,12679.0,14.06
81001,Arauca,Arauca,2024,90619.0,77810.0,12809.0,14.14
81001,Arauca,Arauca,2025,91017.0,78057.0,12960.0,14.24
81065,Arauca,Arauquita,2023,52947.0,14314.0,38633.0,72.97
81065,Arauca,Arauquita,2024,53319.0,14334.0,38985.0,73.12
81065,Arauca,Arauquita,2025,53636.0,14349.0,39287.0,73.25
81220,Arauca,Cravo Norte,2023,4130.0,2883.0,1247.0,30.19
81220,Arauca,Cravo Norte,2024,4135.0,2886.0,1249.0,30.21
81220,Arauca,Cravo Norte,2025,4162.0,2899.0,1263.0,30.35
81300,Arauca,Fortul,2023,19934.0,10738.0,9196.0,46.13
81300,Arauca,Fortul,2024,20073.0,10806.0,9267.0,46.17
81300,Arauca,Fortul,2025,20164.0,10846.0,9318.0,46.21
81591,Arauca,Puerto Rondón,2023,4635.0,3101.0,1534.0,33.1
81591,Arauca,Puerto Rondón,2024,4673.0,3116.0,1557.0,33.32
81591,Arauca,Puerto Rondón,2025,4692.0,3132.0,1560.0,33.25
81736,Arauca,Saravena,2023,58651.0,44213.0,14438.0,24.62
81736,Arauca,Saravena,2024,58996.0,44387.0,14609.0,24.76
81736,Arauca,Saravena,2025,59249.0,44489.0,14760.0,24.91
81794,Arauca,Tame,2023,45781.0,26805.0,18976.0,41.45
81794,Arauca,Tame,2024,46068.0,26847.0,19221.0,41.72
81794,Arauca,Tame,2025,46271.0,26852.0,19419.0,41.97
85001,Casanare,Yopal,2023,189187.0,162972.0,26215.0,13.86
85001,Casanare,Yopal,2024,192468.0,166045.0,26423.0,13.73
85001,Casanare,Yopal,2025,195600.0,168988.0,26612.0,13.61
85010,Casanare,Aguazul,2023,38978.0,28675.0,10303.0,26.43
85010,Casanare,Aguazul,2024,39218.0,28937.0,10281.0,26.22
85010,Casanare,Aguazul,2025,39364.0,29149.0,10215.0,25.95
85015,Casanare,Chámeza,2023,2669.0,1628.0,1041.0,39.0
85015,Casanare,Chámeza,2024,2691.0,1654.0,1037.0,38.54
85015,Casanare,Chámeza,2025,2695.0,1659.0,1036.0,38.44
85125,Casanare,Hato Corozal,2023,13017.0,5928.0,7089.0,54.46
85125,Casanare,Hato Corozal,2024,13104.0,6034.0,7070.0,53.95
85125,Casanare,Hato Corozal,2025,13153.0,6122.0,7031.0,53.46
85136,Casanare,La Salina,2023,1485.0,738.0,747.0,50.3
85136,Casanare,La Salina,2024,1518.0,763.0,755.0,49.74
85136,Casanare,La Salina,2025,1521.0,771.0,750.0,49.31
85139,Casanare,Maní,2023,19182.0,12936.0,6246.0,32.56
85139,Casanare,Maní,2024,19474.0,13194.0,6280.0,32.25
85139,Casanare,Maní,2025,19764.0,13447.0,6317.0,31.96
85162,Casanare,Monterrey,2023,18706.0,13353.0,5353.0,28.62
85162,Casanare,Monterrey,2024,18836.0,13495.0,5341.0,28.36
85162,Casanare,Monterrey,2025,18955.0,13638.0,5317.0,28.05
85225,Casanare,Nunchía,2023,9311.0,2254.0,7057.0,75.79
85225,Casanare,Nunchía,2024,9365.0,2320.0,7045.0,75.23
85225,Casanare,Nunchía,2025,9398.0,2364.0,7034.0,74.85
85230,Casanare,Orocué,2023,13947.0,6390.0,7557.0,54.18
85230,Casanare,Orocué,2024,14229.0,6564.0,7665.0,53.87
85230,Casanare,Orocué,2025,14484.0,6741.0,7743.0,53.46
85250,Casanare,Paz de Ariporo,2023,38285.0,26402.0,11883.0,31.04
85250,Casanare,Paz de Ariporo,2024,38468.0,26603.0,11865.0,30.84
85250,Casanare,Paz de Ariporo,2025,38638.0,26783.0,11855.0,30.68
85263,Casanare,Pore,2023,13212.0,7858.0,5354.0,40.52
85263,Casanare,Pore,2024,13407.0,8029.0,5378.0,40.11
85263,Casanare,Pore,2025,13575.0,8176.0,5399.0,39.77
85279,Casanare,Recetor,2023,1708.0,340.0,1368.0,80.09
85279,Casanare,Recetor,2024,1728.0,351.0,1377.0,79.69
85279,Casanare,Recetor,2025,1738.0,356.0,1382.0,79.52
85300,Casanare,Sabanalarga,2023,3811.0,1936.0,1875.0,49.2
85300,Casanare,Sabanalarga,2024,3836.0,1948.0,1888.0,49.22
85300,Casanare,Sabanalarga,2025,3855.0,1978.0,1877.0,48.69
85315,Casanare,Sácama,2023,2113.0,1100.0,1013.0,47.94
85315,Casanare,Sácama,2024,2125.0,1112.0,1013.0,47.67
85315,Casanare,Sácama,2025,2122.0,1127.0,995.0,46.89
85325,Casanare,San Luis de Palenque,2023,8927.0,3361.0,5566.0,62.35
85325,Casanare,San Luis de Palenque,2024,8976.0,3416.0,5560.0,61.94
85325,Casanare,San Luis de Palenque,2025,9035.0,3466.0,5569.0,61.64
85400,Casanare,Támara,2023,7255.0,1836.0,5419.0,74.69
85400,Casanare,Támara,2024,7293.0,1871.0,5422.0,74.35
85400,Casanare,Támara,2025,7331.0,1908.0,5423.0,73.97
85410,Casanare,Tauramena,2023,25625.0,16311.0,9314.0,36.35
85410,Casanare,Tauramena,2024,25904.0,16568.0,9336.0,36.04
85410,Casanare,Tauramena,2025,26170.0,16816.0,9354.0,35.74
85430,Casanare,Trinidad,2023,13954.0,7608.0,6346.0,45.48
85430,Casanare,Trinidad,2024,14036.0,7715.0,6321.0,45.03
85430,Casanare,Trinidad,2025,14109.0,7806.0,6303.0,44.67
85440,Casanare,Villanueva,2023,40090.0,30220.0,9870.0,24.62
85440,Casanare,Villanueva,2024,40889.0,30893.0,9996.0,24.45
85440,Casanare,Villanueva,2025,41658.0,31550.0,10108.0,24.26
86001,Putumayo,Mocoa,2023,64386.0,44803.0,19583.0,30.41
86001,Putumayo,Mocoa,2024,65766.0,45925.0,19841.0,30.17
86001,Putumayo,Mocoa,2025,67093.0,47015.0,20078.0,29.93
86219,Putumayo,Colón,2023,5721.0,3619.0,2102.0,36.74
86219,Putumayo,Colón,2024,5762.0,3659.0,2103.0,36.5
86219,Putumayo,Colón,2025,5827.0,3706.0,2121.0,36.4
86320,Putumayo,Orito,2023,38815.0,20658.0,18157.0,46.78
86320,Putumayo,Orito,2024,38938.0,20827.0,18111.0,46.51
86320,Putumayo,Orito,2025,39069.0,21002.0,18067.0,46.24
86568,Putumayo,Puerto Asís,2023,70548.0,42423.0,28125.0,39.87
86568,Putumayo,Puerto Asís,2024,71540.0,43088.0,28452.0,39.77
86568,Putumayo,Puerto Asís,2025,72516.0,43743.0,28773.0,39.68
86569,Putumayo,Puerto Caicedo,2023,17175.0,6812.0,10363.0,60.34
86569,Putumayo,Puerto Caicedo,2024,17329.0,6931.0,10398.0,60.0
86569,Putumayo,Puerto Caicedo,2025,17484.0,7037.0,10447.0,59.75
86571,Putumayo,Puerto Guzmán,2023,40257.0,5703.0,34554.0,85.83
86571,Putumayo,Puerto Guzmán,2024,41134.0,5911.0,35223.0,85.63
86571,Putumayo,Puerto Guzmán,2025,42038.0,6159.0,35879.0,85.35
86573,Putumayo,Puerto Leguízamo,2023,34982.0,15760.0,19222.0,54.95
86573,Putumayo,Puerto Leguízamo,2024,36170.0,16333.0,19837.0,54.84
86573,Putumayo,Puerto Leguízamo,2025,37304.0,16877.0,20427.0,54.76
86749,Putumayo,Sibundoy,2023,15868.0,10601.0,5267.0,33.19
86749,Putumayo,Sibundoy,2024,16037.0,10737.0,5300.0,33.05
86749,Putumayo,Sibundoy,2025,16194.0,10866.0,5328.0,32.9
86755,Putumayo,San Francisco,2023,5668.0,3427.0,2241.0,39.54
86755,Putumayo,San Francisco,2024,5670.0,3437.0,2233.0,39.38
86755,Putumayo,San Francisco,2025,5660.0,3450.0,2210.0,39.05
86757,Putumayo,San Miguel,2023,19475.0,5223.0,14252.0,73.18
86757,Putumayo,San Miguel,2024,19566.0,5293.0,14273.0,72.95
86757,Putumayo,San Miguel,2025,19661.0,5362.0,14299.0,72.73
86760,Putumayo,Santiago,2023,7292.0,3508.0,3784.0,51.89
86760,Putumayo,Santiago,2024,7308.0,3544.0,3764.0,51.51
86760,Putumayo,Santiago,2025,7298.0,3551.0,3747.0,51.34
86865,Putumayo,Valle del Guamuez,2023,34464.0,15597.0,18867.0,54.74
86865,Putumayo,Valle del Guamuez,2024,34604.0,15717.0,18887.0,54.58
86865,Putumayo,Valle del Guamuez,2025,34728.0,15831.0,18897.0,54.41
86885,Putumayo,Villagarzón,2023,25270.0,15385.0,9885.0,39.12
86885,Putumayo,Villagarzón,2024,25576.0,15648.0,9928.0,38.82
86885,Putumayo,Villagarzón,2025,25870.0,15907.0,9963.0,38.51
88001,"Archipiélago de San Andrés, Providencia y Santa Catalina",San Andrés,2023,56768.0,42775.0,13993.0,24.65
88001,"Archipiélago de San Andrés, Providencia y Santa Catalina",San Andrés,2024,56965.0,43108.0,13857.0,24.33
88001,"Archipiélago de San Andrés, Providencia y Santa Catalina",San Andrés,2025,57118.0,43422.0,13696.0,23.98
88564,"Archipiélago de San Andrés, Providencia y Santa Catalina",Providencia,2023,6239.0,3691.0,2548.0,40.84
88564,"Archipiélago de San Andrés, Providencia y Santa Catalina",Providencia,2024,6285.0,3745.0,2540.0,40.41
88564,"Archipiélago de San Andrés, Providencia y Santa Catalina",Providencia,2025,6320.0,3796.0,2524.0,39.94
91001,Amazonas,Leticia,2023,52369.0,37132.0,15237.0,29.1
91001,Amazonas,Leticia,2024,53059.0,37779.0,15280.0,28.8
91001,Amazonas,Leticia,2025,53670.0,38378.0,15292.0,28.49
91263,Amazonas,El Encanto (ANM),2023,2185.0,0.0,2185.0,100.0
91263,Amazonas,El Encanto (ANM),2024,2211.0,0.0,2211.0,100.0
91263,Amazonas,El Encanto (ANM),2025,2225.0,0.0,2225.0,100.0
91405,Amazonas,La Chorrera (ANM),2023,3107.0,0.0,3107.0,100.0
91405,Amazonas,La Chorrera (ANM),2024,3127.0,0.0,3127.0,100.0
91405,Amazonas,La Chorrera (ANM),2025,3156.0,0.0,3156.0,100.0
91407,Amazonas,La Pedrera (ANM),2023,4049.0,0.0,4049.0,100.0
91407,Amazonas,La Pedrera (ANM),2024,4073.0,0.0,4073.0,100.0
91407,Amazonas,La Pedrera (ANM),2025,4097.0,0.0,4097.0,100.0
91430,Amazonas,La Victoria (ANM),2023,678.0,0.0,678.0,100.0
91430,Amazonas,La Victoria (ANM),2024,681.0,0.0,681.0,100.0
91430,Amazonas,La Victoria (ANM),2025,682.0,0.0,682.0,100.0
91460,Amazonas,Miriti - Paraná (ANM),2023,2028.0,0.0,2028.0,100.0
91460,Amazonas,Miriti - Paraná (ANM),2024,2043.0,0.0,2043.0,100.0
91460,Amazonas,Miriti - Paraná (ANM),2025,2084.0,0.0,2084.0,100.0
91530,Amazonas,Puerto Alegría (ANM),2023,787.0,0.0,787.0,100.0
91530,Amazonas,Puerto Alegría (ANM),2024,793.0,0.0,793.0,100.0
91530,Amazonas,Puerto Alegría (ANM),2025,795.0,0.0,795.0,100.0
91536,Amazonas,Puerto Arica (ANM),2023,1067.0,0.0,1067.0,100.0
91536,Amazonas,Puerto Arica (ANM),2024,1067.0,0.0,1067.0,100.0
91536,Amazonas,Puerto Arica (ANM),2025,1080.0,0.0,1080.0,100.0
91540,Amazonas,Puerto Nariño,2023,10986.0,4181.0,6805.0,61.94
91540,Amazonas,Puerto Nariño,2024,11184.0,4313.0,6871.0,61.44
91540,Amazonas,Puerto Nariño,2025,11375.0,4453.0,6922.0,60.85
91669,Amazonas,Puerto Santander (ANM),2023,1843.0,0.0,1843.0,100.0
91669,Amazonas,Puerto Santander (ANM),2024,1853.0,0.0,1853.0,100.0
91669,Amazonas,Puerto Santander (ANM),2025,1860.0,0.0,1860.0,100.0
91798,Amazonas,Tarapacá (ANM),2023,3988.0,0.0,3988.0,100.0
91798,Amazonas,Tarapacá (ANM),2024,4018.0,0.0,4018.0,100.0
91798,Amazonas,Tarapacá (ANM),2025,4033.0,0.0,4033.0,100.0
94001,Guainía,Inírida,2023,37593.0,24845.0,12748.0,33.91
94001,Guainía,Inírida,2024,38710.0,25654.0,13056.0,33.73
94001,Guainía,Inírida,2025,39735.0,26396.0,13339.0,33.57
94343,Guainía,Barrancominas,2023,11030.0,1180.0,9850.0,89.3
94343,Guainía,Barrancominas,2024,11359.0,1226.0,10133.0,89.21
94343,Guainía,Barrancominas,2025,11709.0,1285.0,10424.0,89.03
94663,Guainía,Mapiripana (ANM),2023,0.0,0.0,0.0,
94663,Guainía,Mapiripana (ANM),2024,0.0,0.0,0.0,
94663,Guainía,Mapiripana (ANM),2025,0.0,0.0,0.0,
94883,Guainía,San Felipe (ANM),2023,1886.0,0.0,1886.0,100.0
94883,Guainía,San Felipe (ANM),2024,1926.0,0.0,1926.0,100.0
94883,Guainía,San Felipe (ANM),2025,1968.0,0.0,1968.0,100.0
94884,Guainía,Puerto Colombia (ANM),2023,1955.0,0.0,1955.0,100.0
94884,Guainía,Puerto Colombia (ANM),2024,1971.0,0.0,1971.0,100.0
94884,Guainía,Puerto Colombia (ANM),2025,1983.0,0.0,1983.0,100.0
94885,Guainía,La Guadalupe (ANM),2023,313.0,0.0,313.0,100.0
94885,Guainía,La Guadalupe (ANM),2024,319.0,0.0,319.0,100.0
94885,Guainía,La Guadalupe (ANM),2025,319.0,0.0,319.0,100.0
94886,Guainía,Cacahual (ANM),2023,908.0,0.0,908.0,100.0
94886,Guainía,Cacahual (ANM),2024,902.0,0.0,902.0,100.0
94886,Guainía,Cacahual (ANM),2025,914.0,0.0,914.0,100.0
94887,Guainía,Pana Pana (ANM),2023,1990.0,0.0,1990.0,100.0
94887,Guainía,Pana Pana (ANM),2024,2001.0,0.0,2001.0,100.0
94887,Guainía,Pana Pana (ANM),2025,2011.0,0.0,2011.0,100.0
94888,Guainía,Morichal (ANM),2023,1022.0,0.0,1022.0,100.0
94888,Guainía,Morichal (ANM),2024,1052.0,0.0,1052.0,100.0
94888,Guainía,Morichal (ANM),2025,1067.0,0.0,1067.0,100.0
95001,Guaviare,San José del Guaviare,2023,54140.0,37196.0,16944.0,31.3
95001,Guaviare,San José del Guaviare,2024,54315.0,37267.0,17048.0,31.39
95001,Guaviare,San José del Guaviare,2025,54434.0,37288.0,17146.0,31.5
95015,Guaviare,Calamar,2023,9819.0,4455.0,5364.0,54.63
95015,Guaviare,Calamar,2024,9862.0,4458.0,5404.0,54.8
95015,Guaviare,Calamar,2025,9885.0,4451.0,5434.0,54.97
95025,Guaviare,El Retorno,2023,13339.0,3410.0,9929.0,74.44
95025,Guaviare,El Retorno,2024,13324.0,3403.0,9921.0,74.46
95025,Guaviare,El Retorno,2025,13292.0,3383.0,9909.0,74.55
95200,Guaviare,Miraflores,2023,7020.0,1873.0,5147.0,73.32
95200,Guaviare,Miraflores,2024,7049.0,1873.0,5176.0,73.43
95200,Guaviare,Miraflores,2025,7085.0,1871.0,5214.0,73.59
97001,Vaupés,Mitú,2023,31550.0,9561.0,21989.0,69.7
97001,Vaupés,Mitú,2024,31810.0,9477.0,22333.0,70.21
97001,Vaupés,Mitú,2025,32040.0,9361.0,22679.0,70.78
97161,Vaupés,Carurú,2023,3006.0,1385.0,1621.0,53.93
97161,Vaupés,Carurú,2024,3025.0,1371.0,1654.0,54.68
97161,Vaupés,Carurú,2025,3030.0,1370.0,1660.0,54.79
97511,Vaupés,Pacoa (ANM),2023,4234.0,0.0,4234.0,100.0
97511,Vaupés,Pacoa (ANM),2024,4255.0,0.0,4255.0,100.0
97511,Vaupés,Pacoa (ANM),2025,4279.0,0.0,4279.0,100.0
97666,Vaupés,Taraira,2023,2743.0,1120.0,1623.0,59.17
97666,Vaupés,Taraira,2024,2831.0,1143.0,1688.0,59.63
97666,Vaupés,Taraira,2025,2918.0,1161.0,1757.0,60.21
97777,Vaupés,Papunahua (ANM),2023,759.0,0.0,759.0,100.0
97777,Vaupés,Papunahua (ANM),2024,768.0,0.0,768.0,100.0
97777,Vaupés,Papunahua (ANM),2025,763.0,0.0,763.0,100.0
97889,Vaupés,Yavaraté (ANM),2023,1091.0,0.0,1091.0,100.0
97889,Vaupés,Yavaraté (ANM),2024,1086.0,0.0,1086.0,100.0
97889,Vaupés,Yavaraté (ANM),2025,1112.0,0.0,1112.0,100.0
99001,Vichada,Puerto Carreño,2023,23536.0,17782.0,5754.0,24.45
99001,Vichada,Puerto Carreño,2024,23959.0,18094.0,5865.0,24.48
99001,Vichada,Puerto Carreño,2025,24341.0,18374.0,5967.0,24.51
99524,Vichada,La Primavera,2023,10549.0,6353.0,4196.0,39.78
99524,Vichada,La Primavera,2024,10603.0,6377.0,4226.0,39.86
99524,Vichada,La Primavera,2025,10672.0,6407.0,4265.0,39.96
99624,Vichada,Santa Rosalía,2023,4187.0,2566.0,1621.0,38.72
99624,Vichada,Santa Rosalía,2024,4170.0,2564.0,1606.0,38.51
99624,Vichada,Santa Rosalía,2025,4170.0,2557.0,1613.0,38.68
99773,Vichada,Cumaribo,2023,99157.0,3637.0,95520.0,96.33
99773,Vichada,Cumaribo,2024,104385.0,3741.0,100644.0,96.42
99773,Vichada,Cumaribo,2025,109555.0,3815.0,105740.0,96.52
