cod_muni,departamento,municipio,anio,mes,casos
05001,ANTIOQUIA,MEDELLIN,2023,1,83
05001,ANTIOQUIA,MEDELLIN,2023,2,76
05001,ANTIOQUIA,MEDELLIN,2023,3,102
05001,ANTIOQUIA,MEDELLIN,2023,4,97
05001,ANTIOQUIA,MEDELLIN,2023,5,97
05001,ANTIOQUIA,MEDELLIN,2023,6,43
05001,ANTIOQUIA,MEDELLIN,2023,7,63
05001,ANTIOQUIA,MEDELLIN,2023,8,74
05001,ANTIOQUIA,MEDELLIN,2023,9,75
05001,ANTIOQUIA,MEDELLIN,2023,10,76
05001,ANTIOQUIA,MEDELLIN,2023,11,79
05001,ANTIOQUIA,MEDELLIN,2023,12,76
05001,ANTIOQUIA,MEDELLIN,2024,1,66
05001,ANTIOQUIA,MEDELLIN,2024,2,74
05001,ANTIOQUIA,MEDELLIN,2024,3,61
05001,ANTIOQUIA,MEDELLIN,2024,4,60
05001,ANTIOQUIA,MEDELLIN,2024,5,64
05001,ANTIOQUIA,MEDELLIN,2024,6,58
05001,ANTIOQUIA,MEDELLIN,2024,7,77
05001,ANTIOQUIA,MEDELLIN,2024,8,96
05001,ANTIOQUIA,MEDELLIN,2024,9,103
05001,ANTIOQUIA,MEDELLIN,2024,10,112
05001,ANTIOQUIA,MEDELLIN,2024,11,105
05001,ANTIOQUIA,MEDELLIN,2024,12,74
05001,ANTIOQUIA,MEDELLIN,2025,1,43
05001,ANTIOQUIA,MEDELLIN,2025,2,61
05001,ANTIOQUIA,MEDELLIN,2025,3,60
05001,ANTIOQUIA,MEDELLIN,2025,4,57
05001,ANTIOQUIA,MEDELLIN,2025,5,86
05001,ANTIOQUIA,MEDELLIN,2025,6,88
05001,ANTIOQUIA,MEDELLIN,2025,7,103
05001,ANTIOQUIA,MEDELLIN,2025,8,103
05001,ANTIOQUIA,MEDELLIN,2025,9,102
05001,ANTIOQUIA,MEDELLIN,2025,10,97
05001,ANTIOQUIA,MEDELLIN,2025,11,101
05001,ANTIOQUIA,MEDELLIN,2025,12,71
05002,ANTIOQUIA,ABEJORRAL,2024,4,1
05002,ANTIOQUIA,ABEJORRAL,2024,5,1
05002,ANTIOQUIA,ABEJORRAL,2024,6,1
05002,ANTIOQUIA,ABEJORRAL,2024,7,1
05002,ANTIOQUIA,ABEJORRAL,2024,11,1
05002,ANTIOQUIA,ABEJORRAL,2025,7,1
05002,ANTIOQUIA,ABEJORRAL,2025,9,1
05021,ANTIOQUIA,ALEJANDRIA,2023,4,1
05021,ANTIOQUIA,ALEJANDRIA,2025,4,1
05030,ANTIOQUIA,AMAGA,2023,5,1
05030,ANTIOQUIA,AMAGA,2023,8,1
05030,ANTIOQUIA,AMAGA,2024,1,1
05030,ANTIOQUIA,AMAGA,2024,4,2
05030,ANTIOQUIA,AMAGA,2024,7,1
05030,ANTIOQUIA,AMAGA,2024,9,1
05030,ANTIOQUIA,AMAGA,2024,11,1
05030,ANTIOQUIA,AMAGA,2025,2,1
05030,ANTIOQUIA,AMAGA,2025,5,1
05030,ANTIOQUIA,AMAGA,2025,6,1
05030,ANTIOQUIA,AMAGA,2025,9,3
05030,ANTIOQUIA,AMAGA,2025,10,3
05030,ANTIOQUIA,AMAGA,2025,12,1
05031,ANTIOQUIA,AMALFI,2023,7,1
05031,ANTIOQUIA,AMALFI,2023,10,1
05031,ANTIOQUIA,AMALFI,2023,12,1
05031,ANTIOQUIA,AMALFI,2024,2,1
05031,ANTIOQUIA,AMALFI,2024,4,1
05031,ANTIOQUIA,AMALFI,2024,5,1
05031,ANTIOQUIA,AMALFI,2024,6,1
05031,ANTIOQUIA,AMALFI,2024,8,1
05031,ANTIOQUIA,AMALFI,2024,10,1
05031,ANTIOQUIA,AMALFI,2025,3,2
05031,ANTIOQUIA,AMALFI,2025,4,1
05031,ANTIOQUIA,AMALFI,2025,5,2
05031,ANTIOQUIA,AMALFI,2025,9,1
05031,ANTIOQUIA,AMALFI,2025,12,1
05034,ANTIOQUIA,ANDES,2023,2,2
05034,ANTIOQUIA,ANDES,2023,3,1
05034,ANTIOQUIA,ANDES,2023,4,2
05034,ANTIOQUIA,ANDES,2023,5,1
05034,ANTIOQUIA,ANDES,2023,7,1
05034,ANTIOQUIA,ANDES,2023,8,1
05034,ANTIOQUIA,ANDES,2023,10,1
05034,ANTIOQUIA,ANDES,2023,11,2
05034,ANTIOQUIA,ANDES,2024,1,2
05034,ANTIOQUIA,ANDES,2024,2,2
05034,ANTIOQUIA,ANDES,2024,3,1
05034,ANTIOQUIA,ANDES,2024,5,2
05034,ANTIOQUIA,ANDES,2024,6,4
05034,ANTIOQUIA,ANDES,2024,7,1
05034,ANTIOQUIA,ANDES,2024,8,1
05034,ANTIOQUIA,ANDES,2024,12,2
05034,ANTIOQUIA,ANDES,2025,3,2
05034,ANTIOQUIA,ANDES,2025,4,1
05034,ANTIOQUIA,ANDES,2025,5,1
05034,ANTIOQUIA,ANDES,2025,6,1
05034,ANTIOQUIA,ANDES,2025,8,4
05034,ANTIOQUIA,ANDES,2025,9,3
05034,ANTIOQUIA,ANDES,2025,11,2
05034,ANTIOQUIA,ANDES,2025,12,3
05036,ANTIOQUIA,ANGELOPOLIS,2023,2,1
05036,ANTIOQUIA,ANGELOPOLIS,2023,7,1
05036,ANTIOQUIA,ANGELOPOLIS,2024,8,1
05038,ANTIOQUIA,ANGOSTURA,2023,2,2
05038,ANTIOQUIA,ANGOSTURA,2023,4,2
05038,ANTIOQUIA,ANGOSTURA,2023,9,1
05038,ANTIOQUIA,ANGOSTURA,2023,12,1
05038,ANTIOQUIA,ANGOSTURA,2025,4,1
05038,ANTIOQUIA,ANGOSTURA,2025,12,2
05040,ANTIOQUIA,ANORI,2023,1,2
05040,ANTIOQUIA,ANORI,2023,5,1
05040,ANTIOQUIA,ANORI,2023,7,1
05040,ANTIOQUIA,ANORI,2023,9,1
05040,ANTIOQUIA,ANORI,2023,11,1
05040,ANTIOQUIA,ANORI,2023,12,1
05040,ANTIOQUIA,ANORI,2024,3,1
05040,ANTIOQUIA,ANORI,2024,5,1
05040,ANTIOQUIA,ANORI,2024,11,1
05040,ANTIOQUIA,ANORI,2025,4,1
05040,ANTIOQUIA,ANORI,2025,6,3
05042,ANTIOQUIA,SANTA FE DE ANTIOQUIA,2023,6,1
05042,ANTIOQUIA,SANTA FE DE ANTIOQUIA,2023,8,1
05042,ANTIOQUIA,SANTA FE DE ANTIOQUIA,2023,9,1
05042,ANTIOQUIA,SANTA FE DE ANTIOQUIA,2023,12,1
05042,ANTIOQUIA,SANTA FE DE ANTIOQUIA,2024,2,2
05042,ANTIOQUIA,SANTA FE DE ANTIOQUIA,2024,5,1
05042,ANTIOQUIA,SANTA FE DE ANTIOQUIA,2024,6,1
05042,ANTIOQUIA,SANTA FE DE ANTIOQUIA,2024,7,1
05042,ANTIOQUIA,SANTA FE DE ANTIOQUIA,2024,11,2
05042,ANTIOQUIA,SANTA FE DE ANTIOQUIA,2025,1,1
05042,ANTIOQUIA,SANTA FE DE ANTIOQUIA,2025,2,1
05042,ANTIOQUIA,SANTA FE DE ANTIOQUIA,2025,3,2
05042,ANTIOQUIA,SANTA FE DE ANTIOQUIA,2025,6,1
05042,ANTIOQUIA,SANTA FE DE ANTIOQUIA,2025,8,1
05042,ANTIOQUIA,SANTA FE DE ANTIOQUIA,2025,10,2
05042,ANTIOQUIA,SANTA FE DE ANTIOQUIA,2025,11,2
05044,ANTIOQUIA,ANZA,2025,1,1
05044,ANTIOQUIA,ANZA,2025,2,1
05044,ANTIOQUIA,ANZA,2025,8,1
05045,ANTIOQUIA,APARTADO,2023,1,1
05045,ANTIOQUIA,APARTADO,2023,2,1
05045,ANTIOQUIA,APARTADO,2023,4,2
05045,ANTIOQUIA,APARTADO,2023,5,1
05045,ANTIOQUIA,APARTADO,2023,6,3
05045,ANTIOQUIA,APARTADO,2023,10,1
05045,ANTIOQUIA,APARTADO,2023,12,1
05045,ANTIOQUIA,APARTADO,2024,1,2
05045,ANTIOQUIA,APARTADO,2024,3,2
05045,ANTIOQUIA,APARTADO,2024,6,1
05045,ANTIOQUIA,APARTADO,2024,7,2
05045,ANTIOQUIA,APARTADO,2024,9,1
05045,ANTIOQUIA,APARTADO,2024,11,2
05045,ANTIOQUIA,APARTADO,2024,12,3
05045,ANTIOQUIA,APARTADO,2025,3,1
05045,ANTIOQUIA,APARTADO,2025,4,1
05045,ANTIOQUIA,APARTADO,2025,5,1
05045,ANTIOQUIA,APARTADO,2025,6,1
05045,ANTIOQUIA,APARTADO,2025,7,1
05045,ANTIOQUIA,APARTADO,2025,10,2
05045,ANTIOQUIA,APARTADO,2025,12,1
05051,ANTIOQUIA,ARBOLETES,2023,8,1
05051,ANTIOQUIA,ARBOLETES,2024,2,1
05051,ANTIOQUIA,ARBOLETES,2024,3,1
05051,ANTIOQUIA,ARBOLETES,2024,9,2
05051,ANTIOQUIA,ARBOLETES,2025,6,2
05051,ANTIOQUIA,ARBOLETES,2025,7,1
05051,ANTIOQUIA,ARBOLETES,2025,9,1
05055,ANTIOQUIA,ARGELIA,2023,2,1
05055,ANTIOQUIA,ARGELIA,2023,3,1
05055,ANTIOQUIA,ARGELIA,2023,11,1
05055,ANTIOQUIA,ARGELIA,2024,6,1
05055,ANTIOQUIA,ARGELIA,2024,8,1
05055,ANTIOQUIA,ARGELIA,2024,9,1
05055,ANTIOQUIA,ARGELIA,2025,1,1
05059,ANTIOQUIA,ARMENIA,2023,2,1
05059,ANTIOQUIA,ARMENIA,2023,10,1
05059,ANTIOQUIA,ARMENIA,2023,12,1
05059,ANTIOQUIA,ARMENIA,2024,11,1
05079,ANTIOQUIA,BARBOSA,2023,1,2
05079,ANTIOQUIA,BARBOSA,2023,2,4
05079,ANTIOQUIA,BARBOSA,2023,3,1
05079,ANTIOQUIA,BARBOSA,2023,4,4
05079,ANTIOQUIA,BARBOSA,2023,5,3
05079,ANTIOQUIA,BARBOSA,2023,7,2
05079,ANTIOQUIA,BARBOSA,2023,8,2
05079,ANTIOQUIA,BARBOSA,2023,9,3
05079,ANTIOQUIA,BARBOSA,2023,10,2
05079,ANTIOQUIA,BARBOSA,2023,11,3
05079,ANTIOQUIA,BARBOSA,2023,12,2
05079,ANTIOQUIA,BARBOSA,2024,1,2
05079,ANTIOQUIA,BARBOSA,2024,3,2
05079,ANTIOQUIA,BARBOSA,2024,4,1
05079,ANTIOQUIA,BARBOSA,2024,5,1
05079,ANTIOQUIA,BARBOSA,2024,6,1
05079,ANTIOQUIA,BARBOSA,2024,7,1
05079,ANTIOQUIA,BARBOSA,2024,8,2
05079,ANTIOQUIA,BARBOSA,2024,9,1
05079,ANTIOQUIA,BARBOSA,2024,10,1
05079,ANTIOQUIA,BARBOSA,2024,11,1
05079,ANTIOQUIA,BARBOSA,2024,12,1
05079,ANTIOQUIA,BARBOSA,2025,1,2
05079,ANTIOQUIA,BARBOSA,2025,2,1
05079,ANTIOQUIA,BARBOSA,2025,3,3
05079,ANTIOQUIA,BARBOSA,2025,5,2
05079,ANTIOQUIA,BARBOSA,2025,6,2
05079,ANTIOQUIA,BARBOSA,2025,7,2
05079,ANTIOQUIA,BARBOSA,2025,10,1
05079,ANTIOQUIA,BARBOSA,2025,11,1
05086,ANTIOQUIA,BELMIRA,2023,6,1
05086,ANTIOQUIA,BELMIRA,2024,4,1
05088,ANTIOQUIA,BELLO,2023,1,24
05088,ANTIOQUIA,BELLO,2023,2,20
05088,ANTIOQUIA,BELLO,2023,3,20
05088,ANTIOQUIA,BELLO,2023,4,24
05088,ANTIOQUIA,BELLO,2023,5,19
05088,ANTIOQUIA,BELLO,2023,6,13
05088,ANTIOQUIA,BELLO,2023,7,16
05088,ANTIOQUIA,BELLO,2023,8,16
05088,ANTIOQUIA,BELLO,2023,9,29
05088,ANTIOQUIA,BELLO,2023,10,20
05088,ANTIOQUIA,BELLO,2023,11,19
05088,ANTIOQUIA,BELLO,2023,12,24
05088,ANTIOQUIA,BELLO,2024,1,13
05088,ANTIOQUIA,BELLO,2024,2,14
05088,ANTIOQUIA,BELLO,2024,3,17
05088,ANTIOQUIA,BELLO,2024,4,16
05088,ANTIOQUIA,BELLO,2024,5,16
05088,ANTIOQUIA,BELLO,2024,6,11
05088,ANTIOQUIA,BELLO,2024,7,13
05088,ANTIOQUIA,BELLO,2024,8,21
05088,ANTIOQUIA,BELLO,2024,9,21
05088,ANTIOQUIA,BELLO,2024,10,17
05088,ANTIOQUIA,BELLO,2024,11,19
05088,ANTIOQUIA,BELLO,2024,12,16
05088,ANTIOQUIA,BELLO,2025,1,11
05088,ANTIOQUIA,BELLO,2025,2,16
05088,ANTIOQUIA,BELLO,2025,3,18
05088,ANTIOQUIA,BELLO,2025,4,17
05088,ANTIOQUIA,BELLO,2025,5,10
05088,ANTIOQUIA,BELLO,2025,6,21
05088,ANTIOQUIA,BELLO,2025,7,23
05088,ANTIOQUIA,BELLO,2025,8,19
05088,ANTIOQUIA,BELLO,2025,9,16
05088,ANTIOQUIA,BELLO,2025,10,24
05088,ANTIOQUIA,BELLO,2025,11,22
05088,ANTIOQUIA,BELLO,2025,12,17
05091,ANTIOQUIA,BETANIA,2023,6,1
05091,ANTIOQUIA,BETANIA,2023,7,1
05091,ANTIOQUIA,BETANIA,2024,8,1
05091,ANTIOQUIA,BETANIA,2024,11,1
05091,ANTIOQUIA,BETANIA,2024,12,1
05091,ANTIOQUIA,BETANIA,2025,2,1
05091,ANTIOQUIA,BETANIA,2025,4,1
05091,ANTIOQUIA,BETANIA,2025,10,1
05093,ANTIOQUIA,BETULIA,2023,7,1
05093,ANTIOQUIA,BETULIA,2023,10,1
05093,ANTIOQUIA,BETULIA,2024,6,2
05093,ANTIOQUIA,BETULIA,2024,11,1
05093,ANTIOQUIA,BETULIA,2025,9,1
05101,ANTIOQUIA,CIUDAD BOLIVAR,2023,5,1
05101,ANTIOQUIA,CIUDAD BOLIVAR,2023,9,1
05101,ANTIOQUIA,CIUDAD BOLIVAR,2023,11,1
05101,ANTIOQUIA,CIUDAD BOLIVAR,2024,2,3
05101,ANTIOQUIA,CIUDAD BOLIVAR,2024,8,1
05101,ANTIOQUIA,CIUDAD BOLIVAR,2024,11,2
05101,ANTIOQUIA,CIUDAD BOLIVAR,2025,1,1
05101,ANTIOQUIA,CIUDAD BOLIVAR,2025,3,2
05101,ANTIOQUIA,CIUDAD BOLIVAR,2025,4,1
05101,ANTIOQUIA,CIUDAD BOLIVAR,2025,6,1
05101,ANTIOQUIA,CIUDAD BOLIVAR,2025,7,1
05101,ANTIOQUIA,CIUDAD BOLIVAR,2025,8,1
05101,ANTIOQUIA,CIUDAD BOLIVAR,2025,11,3
05107,ANTIOQUIA,BRICEÑO,2023,4,1
05107,ANTIOQUIA,BRICEÑO,2023,10,1
05107,ANTIOQUIA,BRICEÑO,2024,8,1
05107,ANTIOQUIA,BRICEÑO,2024,10,1
05107,ANTIOQUIA,BRICEÑO,2025,12,1
05113,ANTIOQUIA,BURITICA,2023,9,1
05113,ANTIOQUIA,BURITICA,2024,7,2
05113,ANTIOQUIA,BURITICA,2024,10,1
05113,ANTIOQUIA,BURITICA,2025,2,1
05120,ANTIOQUIA,CACERES,2023,2,1
05120,ANTIOQUIA,CACERES,2023,4,2
05120,ANTIOQUIA,CACERES,2023,8,1
05120,ANTIOQUIA,CACERES,2023,9,1
05120,ANTIOQUIA,CACERES,2023,12,1
05120,ANTIOQUIA,CACERES,2024,1,1
05120,ANTIOQUIA,CACERES,2024,2,1
05120,ANTIOQUIA,CACERES,2024,6,1
05120,ANTIOQUIA,CACERES,2024,9,2
05120,ANTIOQUIA,CACERES,2024,10,1
05120,ANTIOQUIA,CACERES,2024,11,1
05120,ANTIOQUIA,CACERES,2025,5,1
05120,ANTIOQUIA,CACERES,2025,6,1
05120,ANTIOQUIA,CACERES,2025,10,1
05125,ANTIOQUIA,CAICEDO,2023,3,1
05125,ANTIOQUIA,CAICEDO,2023,11,1
05125,ANTIOQUIA,CAICEDO,2024,2,1
05125,ANTIOQUIA,CAICEDO,2024,9,1
05125,ANTIOQUIA,CAICEDO,2025,2,1
05129,ANTIOQUIA,CALDAS,2023,1,8
05129,ANTIOQUIA,CALDAS,2023,2,1
05129,ANTIOQUIA,CALDAS,2023,3,3
05129,ANTIOQUIA,CALDAS,2023,4,3
05129,ANTIOQUIA,CALDAS,2023,5,1
05129,ANTIOQUIA,CALDAS,2023,6,1
05129,ANTIOQUIA,CALDAS,2023,7,1
05129,ANTIOQUIA,CALDAS,2023,8,3
05129,ANTIOQUIA,CALDAS,2023,9,3
05129,ANTIOQUIA,CALDAS,2023,10,2
05129,ANTIOQUIA,CALDAS,2023,11,3
05129,ANTIOQUIA,CALDAS,2023,12,3
05129,ANTIOQUIA,CALDAS,2024,1,2
05129,ANTIOQUIA,CALDAS,2024,2,1
05129,ANTIOQUIA,CALDAS,2024,3,3
05129,ANTIOQUIA,CALDAS,2024,4,2
05129,ANTIOQUIA,CALDAS,2024,5,3
05129,ANTIOQUIA,CALDAS,2024,6,1
05129,ANTIOQUIA,CALDAS,2024,7,1
05129,ANTIOQUIA,CALDAS,2024,8,2
05129,ANTIOQUIA,CALDAS,2024,9,2
05129,ANTIOQUIA,CALDAS,2024,10,2
05129,ANTIOQUIA,CALDAS,2024,11,7
05129,ANTIOQUIA,CALDAS,2025,2,5
05129,ANTIOQUIA,CALDAS,2025,3,3
05129,ANTIOQUIA,CALDAS,2025,4,4
05129,ANTIOQUIA,CALDAS,2025,5,2
05129,ANTIOQUIA,CALDAS,2025,6,2
05129,ANTIOQUIA,CALDAS,2025,7,1
05129,ANTIOQUIA,CALDAS,2025,8,5
05129,ANTIOQUIA,CALDAS,2025,9,5
05129,ANTIOQUIA,CALDAS,2025,10,5
05129,ANTIOQUIA,CALDAS,2025,11,3
05129,ANTIOQUIA,CALDAS,2025,12,2
05134,ANTIOQUIA,CAMPAMENTO,2023,1,1
05134,ANTIOQUIA,CAMPAMENTO,2023,12,1
05134,ANTIOQUIA,CAMPAMENTO,2024,5,1
05138,ANTIOQUIA,CAÑASGORDAS,2024,2,1
05138,ANTIOQUIA,CAÑASGORDAS,2024,7,1
05138,ANTIOQUIA,CAÑASGORDAS,2024,8,1
05138,ANTIOQUIA,CAÑASGORDAS,2025,9,1
05138,ANTIOQUIA,CAÑASGORDAS,2025,11,1
05142,ANTIOQUIA,CARACOLI,2024,7,2
05142,ANTIOQUIA,CARACOLI,2025,10,1
05145,ANTIOQUIA,CARAMANTA,2024,1,1
05145,ANTIOQUIA,CARAMANTA,2024,12,1
05147,ANTIOQUIA,CAREPA,2023,2,2
05147,ANTIOQUIA,CAREPA,2023,5,1
05147,ANTIOQUIA,CAREPA,2023,12,1
05147,ANTIOQUIA,CAREPA,2024,3,1
05147,ANTIOQUIA,CAREPA,2024,5,1
05147,ANTIOQUIA,CAREPA,2024,6,2
05147,ANTIOQUIA,CAREPA,2025,1,1
05147,ANTIOQUIA,CAREPA,2025,2,2
05147,ANTIOQUIA,CAREPA,2025,3,1
05147,ANTIOQUIA,CAREPA,2025,4,1
05147,ANTIOQUIA,CAREPA,2025,11,3
05147,ANTIOQUIA,CAREPA,2025,12,1
05148,ANTIOQUIA,EL CARMEN DE VIBORAL,2023,1,1
05148,ANTIOQUIA,EL CARMEN DE VIBORAL,2023,4,2
05148,ANTIOQUIA,EL CARMEN DE VIBORAL,2023,5,1
05148,ANTIOQUIA,EL CARMEN DE VIBORAL,2023,8,1
05148,ANTIOQUIA,EL CARMEN DE VIBORAL,2023,9,1
05148,ANTIOQUIA,EL CARMEN DE VIBORAL,2024,2,1
05148,ANTIOQUIA,EL CARMEN DE VIBORAL,2024,3,1
05148,ANTIOQUIA,EL CARMEN DE VIBORAL,2024,4,1
05148,ANTIOQUIA,EL CARMEN DE VIBORAL,2024,5,1
05148,ANTIOQUIA,EL CARMEN DE VIBORAL,2024,6,2
05148,ANTIOQUIA,EL CARMEN DE VIBORAL,2024,7,1
05148,ANTIOQUIA,EL CARMEN DE VIBORAL,2024,8,1
05148,ANTIOQUIA,EL CARMEN DE VIBORAL,2024,10,2
05148,ANTIOQUIA,EL CARMEN DE VIBORAL,2024,11,1
05148,ANTIOQUIA,EL CARMEN DE VIBORAL,2024,12,2
05148,ANTIOQUIA,EL CARMEN DE VIBORAL,2025,1,2
05148,ANTIOQUIA,EL CARMEN DE VIBORAL,2025,2,3
05148,ANTIOQUIA,EL CARMEN DE VIBORAL,2025,5,3
05148,ANTIOQUIA,EL CARMEN DE VIBORAL,2025,6,2
05148,ANTIOQUIA,EL CARMEN DE VIBORAL,2025,7,3
05148,ANTIOQUIA,EL CARMEN DE VIBORAL,2025,8,2
05148,ANTIOQUIA,EL CARMEN DE VIBORAL,2025,11,2
05148,ANTIOQUIA,EL CARMEN DE VIBORAL,2025,12,2
05150,ANTIOQUIA,CAROLINA,2023,3,2
05150,ANTIOQUIA,CAROLINA,2024,3,2
05150,ANTIOQUIA,CAROLINA,2025,2,1
05150,ANTIOQUIA,CAROLINA,2025,7,1
05150,ANTIOQUIA,CAROLINA,2025,11,1
05154,ANTIOQUIA,CAUCASIA,2023,1,1
05154,ANTIOQUIA,CAUCASIA,2023,3,3
05154,ANTIOQUIA,CAUCASIA,2023,5,1
05154,ANTIOQUIA,CAUCASIA,2023,6,1
05154,ANTIOQUIA,CAUCASIA,2023,7,2
05154,ANTIOQUIA,CAUCASIA,2023,8,3
05154,ANTIOQUIA,CAUCASIA,2023,9,1
05154,ANTIOQUIA,CAUCASIA,2023,10,1
05154,ANTIOQUIA,CAUCASIA,2023,11,3
05154,ANTIOQUIA,CAUCASIA,2023,12,2
05154,ANTIOQUIA,CAUCASIA,2024,1,1
05154,ANTIOQUIA,CAUCASIA,2024,2,4
05154,ANTIOQUIA,CAUCASIA,2024,3,1
05154,ANTIOQUIA,CAUCASIA,2024,4,2
05154,ANTIOQUIA,CAUCASIA,2024,6,2
05154,ANTIOQUIA,CAUCASIA,2024,7,4
05154,ANTIOQUIA,CAUCASIA,2024,8,2
05154,ANTIOQUIA,CAUCASIA,2024,9,2
05154,ANTIOQUIA,CAUCASIA,2024,10,3
05154,ANTIOQUIA,CAUCASIA,2024,11,3
05154,ANTIOQUIA,CAUCASIA,2024,12,1
05154,ANTIOQUIA,CAUCASIA,2025,1,2
05154,ANTIOQUIA,CAUCASIA,2025,3,4
05154,ANTIOQUIA,CAUCASIA,2025,4,3
05154,ANTIOQUIA,CAUCASIA,2025,5,1
05154,ANTIOQUIA,CAUCASIA,2025,7,4
05154,ANTIOQUIA,CAUCASIA,2025,8,3
05154,ANTIOQUIA,CAUCASIA,2025,9,4
05154,ANTIOQUIA,CAUCASIA,2025,11,2
05154,ANTIOQUIA,CAUCASIA,2025,12,1
05172,ANTIOQUIA,CHIGORODO,2023,3,1
05172,ANTIOQUIA,CHIGORODO,2023,6,1
05172,ANTIOQUIA,CHIGORODO,2023,7,1
05172,ANTIOQUIA,CHIGORODO,2024,1,1
05172,ANTIOQUIA,CHIGORODO,2024,2,1
05172,ANTIOQUIA,CHIGORODO,2024,5,1
05172,ANTIOQUIA,CHIGORODO,2024,6,1
05172,ANTIOQUIA,CHIGORODO,2024,8,1
05172,ANTIOQUIA,CHIGORODO,2024,9,1
05172,ANTIOQUIA,CHIGORODO,2024,10,1
05172,ANTIOQUIA,CHIGORODO,2024,11,2
05172,ANTIOQUIA,CHIGORODO,2024,12,1
05172,ANTIOQUIA,CHIGORODO,2025,5,1
05172,ANTIOQUIA,CHIGORODO,2025,6,1
05172,ANTIOQUIA,CHIGORODO,2025,7,1
05172,ANTIOQUIA,CHIGORODO,2025,9,1
05172,ANTIOQUIA,CHIGORODO,2025,11,1
05190,ANTIOQUIA,CISNEROS,2023,5,1
05190,ANTIOQUIA,CISNEROS,2023,7,1
05190,ANTIOQUIA,CISNEROS,2023,10,1
05190,ANTIOQUIA,CISNEROS,2023,11,1
05190,ANTIOQUIA,CISNEROS,2024,2,1
05190,ANTIOQUIA,CISNEROS,2024,3,1
05190,ANTIOQUIA,CISNEROS,2024,4,1
05190,ANTIOQUIA,CISNEROS,2024,8,1
05190,ANTIOQUIA,CISNEROS,2025,2,1
05190,ANTIOQUIA,CISNEROS,2025,3,2
05190,ANTIOQUIA,CISNEROS,2025,5,1
05190,ANTIOQUIA,CISNEROS,2025,11,1
05197,ANTIOQUIA,COCORNA,2023,1,1
05197,ANTIOQUIA,COCORNA,2023,12,1
05197,ANTIOQUIA,COCORNA,2024,3,1
05197,ANTIOQUIA,COCORNA,2024,10,1
05197,ANTIOQUIA,COCORNA,2024,11,1
05197,ANTIOQUIA,COCORNA,2025,3,1
05206,ANTIOQUIA,CONCEPCION,2024,6,1
05206,ANTIOQUIA,CONCEPCION,2024,10,1
05206,ANTIOQUIA,CONCEPCION,2025,5,1
05209,ANTIOQUIA,CONCORDIA,2024,3,1
05209,ANTIOQUIA,CONCORDIA,2025,2,1
05209,ANTIOQUIA,CONCORDIA,2025,3,1
05209,ANTIOQUIA,CONCORDIA,2025,10,1
05209,ANTIOQUIA,CONCORDIA,2025,12,1
05212,ANTIOQUIA,COPACABANA,2023,1,4
05212,ANTIOQUIA,COPACABANA,2023,2,3
05212,ANTIOQUIA,COPACABANA,2023,3,2
05212,ANTIOQUIA,COPACABANA,2023,4,5
05212,ANTIOQUIA,COPACABANA,2023,5,2
05212,ANTIOQUIA,COPACABANA,2023,6,3
05212,ANTIOQUIA,COPACABANA,2023,8,2
05212,ANTIOQUIA,COPACABANA,2023,9,2
05212,ANTIOQUIA,COPACABANA,2023,10,3
05212,ANTIOQUIA,COPACABANA,2023,11,2
05212,ANTIOQUIA,COPACABANA,2023,12,4
05212,ANTIOQUIA,COPACABANA,2024,1,5
05212,ANTIOQUIA,COPACABANA,2024,2,1
05212,ANTIOQUIA,COPACABANA,2024,3,3
05212,ANTIOQUIA,COPACABANA,2024,4,5
05212,ANTIOQUIA,COPACABANA,2024,6,1
05212,ANTIOQUIA,COPACABANA,2024,7,2
05212,ANTIOQUIA,COPACABANA,2024,9,3
05212,ANTIOQUIA,COPACABANA,2024,10,1
05212,ANTIOQUIA,COPACABANA,2024,11,2
05212,ANTIOQUIA,COPACABANA,2024,12,2
05212,ANTIOQUIA,COPACABANA,2025,1,2
05212,ANTIOQUIA,COPACABANA,2025,3,5
05212,ANTIOQUIA,COPACABANA,2025,4,2
05212,ANTIOQUIA,COPACABANA,2025,5,2
05212,ANTIOQUIA,COPACABANA,2025,6,2
05212,ANTIOQUIA,COPACABANA,2025,7,3
05212,ANTIOQUIA,COPACABANA,2025,8,1
05212,ANTIOQUIA,COPACABANA,2025,9,4
05212,ANTIOQUIA,COPACABANA,2025,10,2
05212,ANTIOQUIA,COPACABANA,2025,11,2
05212,ANTIOQUIA,COPACABANA,2025,12,1
05234,ANTIOQUIA,DABEIBA,2024,3,1
05234,ANTIOQUIA,DABEIBA,2024,6,1
05234,ANTIOQUIA,DABEIBA,2024,10,1
05234,ANTIOQUIA,DABEIBA,2025,10,1
05234,ANTIOQUIA,DABEIBA,2025,12,1
05237,ANTIOQUIA,DONMATIAS,2023,2,1
05237,ANTIOQUIA,DONMATIAS,2023,3,2
05237,ANTIOQUIA,DONMATIAS,2023,6,1
05237,ANTIOQUIA,DONMATIAS,2023,8,1
05237,ANTIOQUIA,DONMATIAS,2023,11,1
05237,ANTIOQUIA,DONMATIAS,2024,1,1
05237,ANTIOQUIA,DONMATIAS,2024,4,1
05237,ANTIOQUIA,DONMATIAS,2024,5,1
05237,ANTIOQUIA,DONMATIAS,2024,6,1
05237,ANTIOQUIA,DONMATIAS,2024,7,1
05237,ANTIOQUIA,DONMATIAS,2024,10,2
05237,ANTIOQUIA,DONMATIAS,2024,11,1
05237,ANTIOQUIA,DONMATIAS,2025,8,1
05237,ANTIOQUIA,DONMATIAS,2025,12,2
05240,ANTIOQUIA,EBEJICO,2023,11,1
05240,ANTIOQUIA,EBEJICO,2024,1,2
05240,ANTIOQUIA,EBEJICO,2024,7,1
05240,ANTIOQUIA,EBEJICO,2025,3,1
05240,ANTIOQUIA,EBEJICO,2025,5,3
05240,ANTIOQUIA,EBEJICO,2025,8,1
05240,ANTIOQUIA,EBEJICO,2025,9,1
05250,ANTIOQUIA,EL BAGRE,2023,1,2
05250,ANTIOQUIA,EL BAGRE,2023,3,1
05250,ANTIOQUIA,EL BAGRE,2023,6,1
05250,ANTIOQUIA,EL BAGRE,2023,7,1
05250,ANTIOQUIA,EL BAGRE,2023,8,1
05250,ANTIOQUIA,EL BAGRE,2023,9,2
05250,ANTIOQUIA,EL BAGRE,2023,10,2
05250,ANTIOQUIA,EL BAGRE,2024,9,2
05250,ANTIOQUIA,EL BAGRE,2024,10,1
05250,ANTIOQUIA,EL BAGRE,2025,3,1
05250,ANTIOQUIA,EL BAGRE,2025,4,1
05250,ANTIOQUIA,EL BAGRE,2025,7,1
05250,ANTIOQUIA,EL BAGRE,2025,10,1
05250,ANTIOQUIA,EL BAGRE,2025,12,2
05264,ANTIOQUIA,ENTRERRIOS,2023,10,1
05264,ANTIOQUIA,ENTRERRIOS,2023,11,1
05264,ANTIOQUIA,ENTRERRIOS,2025,4,1
05264,ANTIOQUIA,ENTRERRIOS,2025,6,1
05264,ANTIOQUIA,ENTRERRIOS,2025,11,1
05266,ANTIOQUIA,ENVIGADO,2023,1,5
05266,ANTIOQUIA,ENVIGADO,2023,2,5
05266,ANTIOQUIA,ENVIGADO,2023,3,6
05266,ANTIOQUIA,ENVIGADO,2023,4,8
05266,ANTIOQUIA,ENVIGADO,2023,5,8
05266,ANTIOQUIA,ENVIGADO,2023,6,2
05266,ANTIOQUIA,ENVIGADO,2023,7,1
05266,ANTIOQUIA,ENVIGADO,2023,8,1
05266,ANTIOQUIA,ENVIGADO,2023,9,1
05266,ANTIOQUIA,ENVIGADO,2023,10,5
05266,ANTIOQUIA,ENVIGADO,2023,11,3
05266,ANTIOQUIA,ENVIGADO,2023,12,5
05266,ANTIOQUIA,ENVIGADO,2024,1,4
05266,ANTIOQUIA,ENVIGADO,2024,2,4
05266,ANTIOQUIA,ENVIGADO,2024,3,4
05266,ANTIOQUIA,ENVIGADO,2024,4,3
05266,ANTIOQUIA,ENVIGADO,2024,5,6
05266,ANTIOQUIA,ENVIGADO,2024,6,1
05266,ANTIOQUIA,ENVIGADO,2024,7,6
05266,ANTIOQUIA,ENVIGADO,2024,8,6
05266,ANTIOQUIA,ENVIGADO,2024,9,9
05266,ANTIOQUIA,ENVIGADO,2024,10,1
05266,ANTIOQUIA,ENVIGADO,2024,11,11
05266,ANTIOQUIA,ENVIGADO,2024,12,1
05266,ANTIOQUIA,ENVIGADO,2025,1,4
05266,ANTIOQUIA,ENVIGADO,2025,2,4
05266,ANTIOQUIA,ENVIGADO,2025,3,5
05266,ANTIOQUIA,ENVIGADO,2025,4,4
05266,ANTIOQUIA,ENVIGADO,2025,5,4
05266,ANTIOQUIA,ENVIGADO,2025,6,6
05266,ANTIOQUIA,ENVIGADO,2025,7,4
05266,ANTIOQUIA,ENVIGADO,2025,8,6
05266,ANTIOQUIA,ENVIGADO,2025,9,5
05266,ANTIOQUIA,ENVIGADO,2025,10,6
05266,ANTIOQUIA,ENVIGADO,2025,11,3
05266,ANTIOQUIA,ENVIGADO,2025,12,2
05282,ANTIOQUIA,FREDONIA,2023,12,1
05282,ANTIOQUIA,FREDONIA,2024,1,1
05282,ANTIOQUIA,FREDONIA,2024,10,3
05282,ANTIOQUIA,FREDONIA,2024,11,2
05282,ANTIOQUIA,FREDONIA,2024,12,2
05282,ANTIOQUIA,FREDONIA,2025,2,1
05282,ANTIOQUIA,FREDONIA,2025,3,2
05282,ANTIOQUIA,FREDONIA,2025,6,2
05282,ANTIOQUIA,FREDONIA,2025,8,2
05282,ANTIOQUIA,FREDONIA,2025,11,1
05284,ANTIOQUIA,FRONTINO,2023,5,1
05284,ANTIOQUIA,FRONTINO,2024,8,3
05284,ANTIOQUIA,FRONTINO,2024,12,1
05284,ANTIOQUIA,FRONTINO,2025,3,1
05306,ANTIOQUIA,GIRALDO,2023,7,1
05306,ANTIOQUIA,GIRALDO,2024,6,1
05306,ANTIOQUIA,GIRALDO,2024,10,1
05306,ANTIOQUIA,GIRALDO,2025,8,1
05308,ANTIOQUIA,GIRARDOTA,2023,1,2
05308,ANTIOQUIA,GIRARDOTA,2023,2,1
05308,ANTIOQUIA,GIRARDOTA,2023,3,3
05308,ANTIOQUIA,GIRARDOTA,2023,4,3
05308,ANTIOQUIA,GIRARDOTA,2023,6,2
05308,ANTIOQUIA,GIRARDOTA,2023,8,2
05308,ANTIOQUIA,GIRARDOTA,2023,9,3
05308,ANTIOQUIA,GIRARDOTA,2023,10,1
05308,ANTIOQUIA,GIRARDOTA,2023,11,1
05308,ANTIOQUIA,GIRARDOTA,2023,12,1
05308,ANTIOQUIA,GIRARDOTA,2024,2,1
05308,ANTIOQUIA,GIRARDOTA,2024,4,5
05308,ANTIOQUIA,GIRARDOTA,2024,5,2
05308,ANTIOQUIA,GIRARDOTA,2024,6,2
05308,ANTIOQUIA,GIRARDOTA,2024,8,3
05308,ANTIOQUIA,GIRARDOTA,2024,9,1
05308,ANTIOQUIA,GIRARDOTA,2024,10,3
05308,ANTIOQUIA,GIRARDOTA,2024,11,3
05308,ANTIOQUIA,GIRARDOTA,2024,12,1
05308,ANTIOQUIA,GIRARDOTA,2025,1,1
05308,ANTIOQUIA,GIRARDOTA,2025,3,3
05308,ANTIOQUIA,GIRARDOTA,2025,5,5
05308,ANTIOQUIA,GIRARDOTA,2025,6,2
05308,ANTIOQUIA,GIRARDOTA,2025,7,5
05308,ANTIOQUIA,GIRARDOTA,2025,8,2
05308,ANTIOQUIA,GIRARDOTA,2025,9,5
05308,ANTIOQUIA,GIRARDOTA,2025,10,3
05308,ANTIOQUIA,GIRARDOTA,2025,11,3
05308,ANTIOQUIA,GIRARDOTA,2025,12,1
05310,ANTIOQUIA,GOMEZ PLATA,2024,1,1
05310,ANTIOQUIA,GOMEZ PLATA,2024,2,1
05310,ANTIOQUIA,GOMEZ PLATA,2024,5,1
05310,ANTIOQUIA,GOMEZ PLATA,2024,9,1
05310,ANTIOQUIA,GOMEZ PLATA,2024,11,1
05310,ANTIOQUIA,GOMEZ PLATA,2025,7,1
05310,ANTIOQUIA,GOMEZ PLATA,2025,10,1
05313,ANTIOQUIA,GRANADA,2023,5,1
05313,ANTIOQUIA,GRANADA,2023,11,1
05313,ANTIOQUIA,GRANADA,2024,3,2
05313,ANTIOQUIA,GRANADA,2024,6,3
05313,ANTIOQUIA,GRANADA,2024,9,1
05313,ANTIOQUIA,GRANADA,2025,3,1
05313,ANTIOQUIA,GRANADA,2025,5,2
05313,ANTIOQUIA,GRANADA,2025,7,1
05313,ANTIOQUIA,GRANADA,2025,10,1
05315,ANTIOQUIA,GUADALUPE,2023,12,1
05315,ANTIOQUIA,GUADALUPE,2024,4,1
05315,ANTIOQUIA,GUADALUPE,2024,10,1
05318,ANTIOQUIA,GUARNE,2023,2,2
05318,ANTIOQUIA,GUARNE,2023,3,2
05318,ANTIOQUIA,GUARNE,2023,4,1
05318,ANTIOQUIA,GUARNE,2023,6,1
05318,ANTIOQUIA,GUARNE,2023,8,1
05318,ANTIOQUIA,GUARNE,2023,10,1
05318,ANTIOQUIA,GUARNE,2023,11,1
05318,ANTIOQUIA,GUARNE,2023,12,1
05318,ANTIOQUIA,GUARNE,2024,1,1
05318,ANTIOQUIA,GUARNE,2024,2,1
05318,ANTIOQUIA,GUARNE,2024,3,1
05318,ANTIOQUIA,GUARNE,2024,4,3
05318,ANTIOQUIA,GUARNE,2024,7,2
05318,ANTIOQUIA,GUARNE,2024,8,1
05318,ANTIOQUIA,GUARNE,2024,9,2
05318,ANTIOQUIA,GUARNE,2024,11,1
05318,ANTIOQUIA,GUARNE,2025,1,2
05318,ANTIOQUIA,GUARNE,2025,3,2
05318,ANTIOQUIA,GUARNE,2025,4,2
05318,ANTIOQUIA,GUARNE,2025,5,2
05318,ANTIOQUIA,GUARNE,2025,6,3
05318,ANTIOQUIA,GUARNE,2025,7,1
05318,ANTIOQUIA,GUARNE,2025,8,6
05318,ANTIOQUIA,GUARNE,2025,9,3
05318,ANTIOQUIA,GUARNE,2025,10,2
05318,ANTIOQUIA,GUARNE,2025,11,3
05318,ANTIOQUIA,GUARNE,2025,12,2
05321,ANTIOQUIA,GUATAPE,2023,3,1
05321,ANTIOQUIA,GUATAPE,2023,4,1
05321,ANTIOQUIA,GUATAPE,2023,9,1
05321,ANTIOQUIA,GUATAPE,2023,12,1
05321,ANTIOQUIA,GUATAPE,2024,12,1
05321,ANTIOQUIA,GUATAPE,2025,3,1
05321,ANTIOQUIA,GUATAPE,2025,7,1
05321,ANTIOQUIA,GUATAPE,2025,9,2
05321,ANTIOQUIA,GUATAPE,2025,12,1
05347,ANTIOQUIA,HELICONIA,2023,8,1
05347,ANTIOQUIA,HELICONIA,2024,5,1
05347,ANTIOQUIA,HELICONIA,2024,7,1
05347,ANTIOQUIA,HELICONIA,2024,10,2
05347,ANTIOQUIA,HELICONIA,2024,12,1
05347,ANTIOQUIA,HELICONIA,2025,1,1
05347,ANTIOQUIA,HELICONIA,2025,2,1
05347,ANTIOQUIA,HELICONIA,2025,4,1
05353,ANTIOQUIA,HISPANIA,2023,6,1
05353,ANTIOQUIA,HISPANIA,2023,8,1
05353,ANTIOQUIA,HISPANIA,2024,5,3
05360,ANTIOQUIA,ITAGUI,2023,1,10
05360,ANTIOQUIA,ITAGUI,2023,2,18
05360,ANTIOQUIA,ITAGUI,2023,3,13
05360,ANTIOQUIA,ITAGUI,2023,4,15
05360,ANTIOQUIA,ITAGUI,2023,5,7
05360,ANTIOQUIA,ITAGUI,2023,6,4
05360,ANTIOQUIA,ITAGUI,2023,7,3
05360,ANTIOQUIA,ITAGUI,2023,8,4
05360,ANTIOQUIA,ITAGUI,2023,9,4
05360,ANTIOQUIA,ITAGUI,2023,10,9
05360,ANTIOQUIA,ITAGUI,2023,11,7
05360,ANTIOQUIA,ITAGUI,2023,12,7
05360,ANTIOQUIA,ITAGUI,2024,1,6
05360,ANTIOQUIA,ITAGUI,2024,2,5
05360,ANTIOQUIA,ITAGUI,2024,3,10
05360,ANTIOQUIA,ITAGUI,2024,4,8
05360,ANTIOQUIA,ITAGUI,2024,5,7
05360,ANTIOQUIA,ITAGUI,2024,6,5
05360,ANTIOQUIA,ITAGUI,2024,7,6
05360,ANTIOQUIA,ITAGUI,2024,8,5
05360,ANTIOQUIA,ITAGUI,2024,9,12
05360,ANTIOQUIA,ITAGUI,2024,10,14
05360,ANTIOQUIA,ITAGUI,2024,11,12
05360,ANTIOQUIA,ITAGUI,2024,12,9
05360,ANTIOQUIA,ITAGUI,2025,1,2
05360,ANTIOQUIA,ITAGUI,2025,2,7
05360,ANTIOQUIA,ITAGUI,2025,3,5
05360,ANTIOQUIA,ITAGUI,2025,4,6
05360,ANTIOQUIA,ITAGUI,2025,5,6
05360,ANTIOQUIA,ITAGUI,2025,6,8
05360,ANTIOQUIA,ITAGUI,2025,7,12
05360,ANTIOQUIA,ITAGUI,2025,8,10
05360,ANTIOQUIA,ITAGUI,2025,9,8
05360,ANTIOQUIA,ITAGUI,2025,10,11
05360,ANTIOQUIA,ITAGUI,2025,11,3
05360,ANTIOQUIA,ITAGUI,2025,12,3
05361,ANTIOQUIA,ITUANGO,2023,1,2
05361,ANTIOQUIA,ITUANGO,2023,2,1
05361,ANTIOQUIA,ITUANGO,2023,3,1
05361,ANTIOQUIA,ITUANGO,2023,9,1
05361,ANTIOQUIA,ITUANGO,2024,1,1
05361,ANTIOQUIA,ITUANGO,2024,3,2
05361,ANTIOQUIA,ITUANGO,2025,5,1
05361,ANTIOQUIA,ITUANGO,2025,8,1
05364,ANTIOQUIA,JARDIN,2023,4,1
05364,ANTIOQUIA,JARDIN,2023,8,2
05364,ANTIOQUIA,JARDIN,2023,10,1
05364,ANTIOQUIA,JARDIN,2024,1,1
05364,ANTIOQUIA,JARDIN,2024,5,1
05364,ANTIOQUIA,JARDIN,2024,10,1
05364,ANTIOQUIA,JARDIN,2024,12,2
05364,ANTIOQUIA,JARDIN,2025,1,1
05364,ANTIOQUIA,JARDIN,2025,2,1
05364,ANTIOQUIA,JARDIN,2025,6,1
05364,ANTIOQUIA,JARDIN,2025,7,2
05364,ANTIOQUIA,JARDIN,2025,8,2
05364,ANTIOQUIA,JARDIN,2025,11,1
05364,ANTIOQUIA,JARDIN,2025,12,1
05368,ANTIOQUIA,JERICO,2023,7,1
05368,ANTIOQUIA,JERICO,2023,9,1
05368,ANTIOQUIA,JERICO,2024,4,1
05368,ANTIOQUIA,JERICO,2024,8,2
05368,ANTIOQUIA,JERICO,2024,12,1
05368,ANTIOQUIA,JERICO,2025,5,1
05368,ANTIOQUIA,JERICO,2025,9,1
05368,ANTIOQUIA,JERICO,2025,11,1
05368,ANTIOQUIA,JERICO,2025,12,2
05376,ANTIOQUIA,LA CEJA,2023,1,1
05376,ANTIOQUIA,LA CEJA,2023,4,1
05376,ANTIOQUIA,LA CEJA,2023,5,2
05376,ANTIOQUIA,LA CEJA,2023,8,2
05376,ANTIOQUIA,LA CEJA,2023,9,1
05376,ANTIOQUIA,LA CEJA,2023,10,2
05376,ANTIOQUIA,LA CEJA,2023,11,4
05376,ANTIOQUIA,LA CEJA,2023,12,1
05376,ANTIOQUIA,LA CEJA,2024,2,1
05376,ANTIOQUIA,LA CEJA,2024,3,1
05376,ANTIOQUIA,LA CEJA,2024,4,1
05376,ANTIOQUIA,LA CEJA,2024,5,1
05376,ANTIOQUIA,LA CEJA,2024,8,1
05376,ANTIOQUIA,LA CEJA,2024,9,2
05376,ANTIOQUIA,LA CEJA,2024,10,3
05376,ANTIOQUIA,LA CEJA,2024,12,1
05376,ANTIOQUIA,LA CEJA,2025,1,1
05376,ANTIOQUIA,LA CEJA,2025,2,3
05376,ANTIOQUIA,LA CEJA,2025,3,4
05376,ANTIOQUIA,LA CEJA,2025,4,2
05376,ANTIOQUIA,LA CEJA,2025,5,4
05376,ANTIOQUIA,LA CEJA,2025,6,2
05376,ANTIOQUIA,LA CEJA,2025,7,2
05376,ANTIOQUIA,LA CEJA,2025,9,4
05376,ANTIOQUIA,LA CEJA,2025,10,2
05376,ANTIOQUIA,LA CEJA,2025,12,1
05380,ANTIOQUIA,LA ESTRELLA,2023,1,1
05380,ANTIOQUIA,LA ESTRELLA,2023,2,2
05380,ANTIOQUIA,LA ESTRELLA,2023,3,2
05380,ANTIOQUIA,LA ESTRELLA,2023,4,4
05380,ANTIOQUIA,LA ESTRELLA,2023,5,3
05380,ANTIOQUIA,LA ESTRELLA,2023,6,3
05380,ANTIOQUIA,LA ESTRELLA,2023,8,2
05380,ANTIOQUIA,LA ESTRELLA,2023,9,1
05380,ANTIOQUIA,LA ESTRELLA,2023,10,5
05380,ANTIOQUIA,LA ESTRELLA,2023,12,4
05380,ANTIOQUIA,LA ESTRELLA,2024,1,1
05380,ANTIOQUIA,LA ESTRELLA,2024,2,3
05380,ANTIOQUIA,LA ESTRELLA,2024,3,1
05380,ANTIOQUIA,LA ESTRELLA,2024,4,2
05380,ANTIOQUIA,LA ESTRELLA,2024,5,1
05380,ANTIOQUIA,LA ESTRELLA,2024,6,2
05380,ANTIOQUIA,LA ESTRELLA,2024,7,1
05380,ANTIOQUIA,LA ESTRELLA,2024,8,5
05380,ANTIOQUIA,LA ESTRELLA,2024,9,2
05380,ANTIOQUIA,LA ESTRELLA,2024,11,7
05380,ANTIOQUIA,LA ESTRELLA,2024,12,2
05380,ANTIOQUIA,LA ESTRELLA,2025,1,1
05380,ANTIOQUIA,LA ESTRELLA,2025,2,4
05380,ANTIOQUIA,LA ESTRELLA,2025,3,4
05380,ANTIOQUIA,LA ESTRELLA,2025,4,4
05380,ANTIOQUIA,LA ESTRELLA,2025,5,5
05380,ANTIOQUIA,LA ESTRELLA,2025,6,3
05380,ANTIOQUIA,LA ESTRELLA,2025,7,3
05380,ANTIOQUIA,LA ESTRELLA,2025,8,4
05380,ANTIOQUIA,LA ESTRELLA,2025,9,3
05380,ANTIOQUIA,LA ESTRELLA,2025,10,3
05380,ANTIOQUIA,LA ESTRELLA,2025,11,1
05380,ANTIOQUIA,LA ESTRELLA,2025,12,2
05390,ANTIOQUIA,LA PINTADA,2023,7,1
05390,ANTIOQUIA,LA PINTADA,2024,7,1
05390,ANTIOQUIA,LA PINTADA,2025,1,2
05390,ANTIOQUIA,LA PINTADA,2025,5,1
05390,ANTIOQUIA,LA PINTADA,2025,9,2
05390,ANTIOQUIA,LA PINTADA,2025,12,1
05400,ANTIOQUIA,LA UNION,2023,5,1
05400,ANTIOQUIA,LA UNION,2023,9,1
05400,ANTIOQUIA,LA UNION,2024,2,1
05400,ANTIOQUIA,LA UNION,2024,3,1
05400,ANTIOQUIA,LA UNION,2024,4,1
05400,ANTIOQUIA,LA UNION,2024,6,1
05400,ANTIOQUIA,LA UNION,2024,9,1
05400,ANTIOQUIA,LA UNION,2024,10,2
05400,ANTIOQUIA,LA UNION,2024,11,3
05400,ANTIOQUIA,LA UNION,2025,2,1
05400,ANTIOQUIA,LA UNION,2025,3,1
05400,ANTIOQUIA,LA UNION,2025,4,1
05400,ANTIOQUIA,LA UNION,2025,6,2
05400,ANTIOQUIA,LA UNION,2025,7,1
05400,ANTIOQUIA,LA UNION,2025,9,1
05411,ANTIOQUIA,LIBORINA,2023,10,1
05411,ANTIOQUIA,LIBORINA,2024,4,1
05411,ANTIOQUIA,LIBORINA,2024,7,1
05411,ANTIOQUIA,LIBORINA,2024,10,2
05411,ANTIOQUIA,LIBORINA,2024,11,1
05411,ANTIOQUIA,LIBORINA,2025,6,1
05425,ANTIOQUIA,MACEO,2023,5,1
05425,ANTIOQUIA,MACEO,2023,6,1
05425,ANTIOQUIA,MACEO,2023,9,1
05425,ANTIOQUIA,MACEO,2023,10,1
05425,ANTIOQUIA,MACEO,2023,12,2
05425,ANTIOQUIA,MACEO,2024,3,1
05425,ANTIOQUIA,MACEO,2024,5,1
05425,ANTIOQUIA,MACEO,2024,9,1
05425,ANTIOQUIA,MACEO,2024,12,1
05425,ANTIOQUIA,MACEO,2025,4,1
05425,ANTIOQUIA,MACEO,2025,5,1
05425,ANTIOQUIA,MACEO,2025,6,1
05425,ANTIOQUIA,MACEO,2025,7,1
05425,ANTIOQUIA,MACEO,2025,8,4
05440,ANTIOQUIA,MARINILLA,2023,1,2
05440,ANTIOQUIA,MARINILLA,2023,3,1
05440,ANTIOQUIA,MARINILLA,2023,5,3
05440,ANTIOQUIA,MARINILLA,2023,6,2
05440,ANTIOQUIA,MARINILLA,2023,8,1
05440,ANTIOQUIA,MARINILLA,2023,10,3
05440,ANTIOQUIA,MARINILLA,2023,11,1
05440,ANTIOQUIA,MARINILLA,2023,12,2
05440,ANTIOQUIA,MARINILLA,2024,2,2
05440,ANTIOQUIA,MARINILLA,2024,3,1
05440,ANTIOQUIA,MARINILLA,2024,4,2
05440,ANTIOQUIA,MARINILLA,2024,7,1
05440,ANTIOQUIA,MARINILLA,2024,10,3
05440,ANTIOQUIA,MARINILLA,2025,1,4
05440,ANTIOQUIA,MARINILLA,2025,3,1
05440,ANTIOQUIA,MARINILLA,2025,4,3
05440,ANTIOQUIA,MARINILLA,2025,5,2
05440,ANTIOQUIA,MARINILLA,2025,6,2
05440,ANTIOQUIA,MARINILLA,2025,7,2
05440,ANTIOQUIA,MARINILLA,2025,8,3
05440,ANTIOQUIA,MARINILLA,2025,9,1
05440,ANTIOQUIA,MARINILLA,2025,10,2
05440,ANTIOQUIA,MARINILLA,2025,11,2
05467,ANTIOQUIA,MONTEBELLO,2024,2,1
05467,ANTIOQUIA,MONTEBELLO,2024,6,1
05467,ANTIOQUIA,MONTEBELLO,2024,8,1
05467,ANTIOQUIA,MONTEBELLO,2024,9,1
05467,ANTIOQUIA,MONTEBELLO,2025,4,1
05467,ANTIOQUIA,MONTEBELLO,2025,7,1
05467,ANTIOQUIA,MONTEBELLO,2025,9,1
05467,ANTIOQUIA,MONTEBELLO,2025,10,1
05475,ANTIOQUIA,MURINDO,2023,6,1
05480,ANTIOQUIA,MUTATA,2023,3,1
05480,ANTIOQUIA,MUTATA,2023,6,1
05480,ANTIOQUIA,MUTATA,2025,9,1
05483,ANTIOQUIA,NARIÑO,2024,6,1
05483,ANTIOQUIA,NARIÑO,2024,7,1
05483,ANTIOQUIA,NARIÑO,2024,8,1
05483,ANTIOQUIA,NARIÑO,2024,10,2
05483,ANTIOQUIA,NARIÑO,2025,3,1
05483,ANTIOQUIA,NARIÑO,2025,4,1
05483,ANTIOQUIA,NARIÑO,2025,6,1
05483,ANTIOQUIA,NARIÑO,2025,10,1
05490,ANTIOQUIA,NECOCLI,2023,5,1
05490,ANTIOQUIA,NECOCLI,2023,6,1
05490,ANTIOQUIA,NECOCLI,2023,8,2
05490,ANTIOQUIA,NECOCLI,2023,12,1
05490,ANTIOQUIA,NECOCLI,2024,3,1
05490,ANTIOQUIA,NECOCLI,2024,5,1
05490,ANTIOQUIA,NECOCLI,2024,7,2
05490,ANTIOQUIA,NECOCLI,2024,8,1
05490,ANTIOQUIA,NECOCLI,2024,10,1
05490,ANTIOQUIA,NECOCLI,2025,11,2
05490,ANTIOQUIA,NECOCLI,2025,12,1
05495,ANTIOQUIA,NECHI,2023,3,1
05495,ANTIOQUIA,NECHI,2025,8,1
05495,ANTIOQUIA,NECHI,2025,9,1
05495,ANTIOQUIA,NECHI,2025,10,1
05501,ANTIOQUIA,OLAYA,2024,6,1
05501,ANTIOQUIA,OLAYA,2025,2,1
05541,ANTIOQUIA,PEÑOL,2023,1,1
05541,ANTIOQUIA,PEÑOL,2023,5,1
05541,ANTIOQUIA,PEÑOL,2023,6,1
05541,ANTIOQUIA,PEÑOL,2023,7,2
05541,ANTIOQUIA,PEÑOL,2023,10,1
05541,ANTIOQUIA,PEÑOL,2024,2,2
05541,ANTIOQUIA,PEÑOL,2024,6,1
05541,ANTIOQUIA,PEÑOL,2024,8,1
05541,ANTIOQUIA,PEÑOL,2024,11,3
05541,ANTIOQUIA,PEÑOL,2025,2,1
05541,ANTIOQUIA,PEÑOL,2025,3,1
05541,ANTIOQUIA,PEÑOL,2025,4,1
05541,ANTIOQUIA,PEÑOL,2025,11,1
05541,ANTIOQUIA,PEÑOL,2025,12,1
05543,ANTIOQUIA,PEQUE,2025,2,1
05576,ANTIOQUIA,PUEBLORRICO,2023,5,1
05576,ANTIOQUIA,PUEBLORRICO,2024,5,1
05576,ANTIOQUIA,PUEBLORRICO,2025,3,1
05576,ANTIOQUIA,PUEBLORRICO,2025,9,1
05579,ANTIOQUIA,PUERTO BERRIO,2023,1,2
05579,ANTIOQUIA,PUERTO BERRIO,2023,3,2
05579,ANTIOQUIA,PUERTO BERRIO,2023,5,1
05579,ANTIOQUIA,PUERTO BERRIO,2023,8,1
05579,ANTIOQUIA,PUERTO BERRIO,2023,9,1
05579,ANTIOQUIA,PUERTO BERRIO,2023,12,1
05579,ANTIOQUIA,PUERTO BERRIO,2024,1,1
05579,ANTIOQUIA,PUERTO BERRIO,2024,2,1
05579,ANTIOQUIA,PUERTO BERRIO,2024,5,1
05579,ANTIOQUIA,PUERTO BERRIO,2024,6,1
05579,ANTIOQUIA,PUERTO BERRIO,2024,7,1
05579,ANTIOQUIA,PUERTO BERRIO,2024,8,1
05579,ANTIOQUIA,PUERTO BERRIO,2024,9,3
05579,ANTIOQUIA,PUERTO BERRIO,2024,10,2
05579,ANTIOQUIA,PUERTO BERRIO,2024,11,1
05579,ANTIOQUIA,PUERTO BERRIO,2025,3,1
05579,ANTIOQUIA,PUERTO BERRIO,2025,4,1
05579,ANTIOQUIA,PUERTO BERRIO,2025,5,2
05579,ANTIOQUIA,PUERTO BERRIO,2025,6,2
05579,ANTIOQUIA,PUERTO BERRIO,2025,7,1
05579,ANTIOQUIA,PUERTO BERRIO,2025,11,2
05579,ANTIOQUIA,PUERTO BERRIO,2025,12,1
05585,ANTIOQUIA,PUERTO NARE,2025,4,1
05585,ANTIOQUIA,PUERTO NARE,2025,5,2
05591,ANTIOQUIA,PUERTO TRIUNFO,2023,3,2
05591,ANTIOQUIA,PUERTO TRIUNFO,2023,4,1
05591,ANTIOQUIA,PUERTO TRIUNFO,2023,8,2
05591,ANTIOQUIA,PUERTO TRIUNFO,2023,9,1
05591,ANTIOQUIA,PUERTO TRIUNFO,2024,3,2
05591,ANTIOQUIA,PUERTO TRIUNFO,2024,5,1
05591,ANTIOQUIA,PUERTO TRIUNFO,2024,7,2
05591,ANTIOQUIA,PUERTO TRIUNFO,2024,8,2
05591,ANTIOQUIA,PUERTO TRIUNFO,2025,1,1
05591,ANTIOQUIA,PUERTO TRIUNFO,2025,2,1
05591,ANTIOQUIA,PUERTO TRIUNFO,2025,3,1
05591,ANTIOQUIA,PUERTO TRIUNFO,2025,4,1
05591,ANTIOQUIA,PUERTO TRIUNFO,2025,8,1
05591,ANTIOQUIA,PUERTO TRIUNFO,2025,10,1
05591,ANTIOQUIA,PUERTO TRIUNFO,2025,12,1
05604,ANTIOQUIA,REMEDIOS,2023,4,1
05604,ANTIOQUIA,REMEDIOS,2023,5,1
05604,ANTIOQUIA,REMEDIOS,2023,6,1
05604,ANTIOQUIA,REMEDIOS,2023,9,1
05604,ANTIOQUIA,REMEDIOS,2023,10,1
05604,ANTIOQUIA,REMEDIOS,2024,3,1
05604,ANTIOQUIA,REMEDIOS,2024,4,2
05604,ANTIOQUIA,REMEDIOS,2024,6,1
05604,ANTIOQUIA,REMEDIOS,2024,9,2
05604,ANTIOQUIA,REMEDIOS,2024,11,1
05604,ANTIOQUIA,REMEDIOS,2025,1,1
05604,ANTIOQUIA,REMEDIOS,2025,2,1
05604,ANTIOQUIA,REMEDIOS,2025,3,1
05604,ANTIOQUIA,REMEDIOS,2025,5,1
05604,ANTIOQUIA,REMEDIOS,2025,6,1
05604,ANTIOQUIA,REMEDIOS,2025,8,1
05604,ANTIOQUIA,REMEDIOS,2025,9,2
05604,ANTIOQUIA,REMEDIOS,2025,10,1
05604,ANTIOQUIA,REMEDIOS,2025,11,2
05607,ANTIOQUIA,RETIRO,2023,1,1
05607,ANTIOQUIA,RETIRO,2023,2,1
05607,ANTIOQUIA,RETIRO,2023,10,1
05607,ANTIOQUIA,RETIRO,2024,1,2
05607,ANTIOQUIA,RETIRO,2024,2,2
05607,ANTIOQUIA,RETIRO,2024,3,1
05607,ANTIOQUIA,RETIRO,2024,5,2
05607,ANTIOQUIA,RETIRO,2024,7,2
05607,ANTIOQUIA,RETIRO,2024,8,1
05607,ANTIOQUIA,RETIRO,2024,10,1
05607,ANTIOQUIA,RETIRO,2025,1,1
05607,ANTIOQUIA,RETIRO,2025,2,4
05607,ANTIOQUIA,RETIRO,2025,3,2
05607,ANTIOQUIA,RETIRO,2025,6,1
05607,ANTIOQUIA,RETIRO,2025,7,1
05607,ANTIOQUIA,RETIRO,2025,11,3
05615,ANTIOQUIA,RIONEGRO,2023,1,3
05615,ANTIOQUIA,RIONEGRO,2023,2,2
05615,ANTIOQUIA,RIONEGRO,2023,3,3
05615,ANTIOQUIA,RIONEGRO,2023,5,1
05615,ANTIOQUIA,RIONEGRO,2023,6,1
05615,ANTIOQUIA,RIONEGRO,2023,7,2
05615,ANTIOQUIA,RIONEGRO,2023,8,4
05615,ANTIOQUIA,RIONEGRO,2023,9,2
05615,ANTIOQUIA,RIONEGRO,2023,10,1
05615,ANTIOQUIA,RIONEGRO,2023,11,5
05615,ANTIOQUIA,RIONEGRO,2023,12,1
05615,ANTIOQUIA,RIONEGRO,2024,2,1
05615,ANTIOQUIA,RIONEGRO,2024,3,2
05615,ANTIOQUIA,RIONEGRO,2024,4,3
05615,ANTIOQUIA,RIONEGRO,2024,5,4
05615,ANTIOQUIA,RIONEGRO,2024,6,4
05615,ANTIOQUIA,RIONEGRO,2024,7,3
05615,ANTIOQUIA,RIONEGRO,2024,8,5
05615,ANTIOQUIA,RIONEGRO,2024,9,6
05615,ANTIOQUIA,RIONEGRO,2024,10,7
05615,ANTIOQUIA,RIONEGRO,2024,11,8
05615,ANTIOQUIA,RIONEGRO,2024,12,3
05615,ANTIOQUIA,RIONEGRO,2025,1,7
05615,ANTIOQUIA,RIONEGRO,2025,2,3
05615,ANTIOQUIA,RIONEGRO,2025,3,9
05615,ANTIOQUIA,RIONEGRO,2025,4,11
05615,ANTIOQUIA,RIONEGRO,2025,5,10
05615,ANTIOQUIA,RIONEGRO,2025,6,6
05615,ANTIOQUIA,RIONEGRO,2025,7,6
05615,ANTIOQUIA,RIONEGRO,2025,8,7
05615,ANTIOQUIA,RIONEGRO,2025,9,9
05615,ANTIOQUIA,RIONEGRO,2025,10,10
05615,ANTIOQUIA,RIONEGRO,2025,11,5
05615,ANTIOQUIA,RIONEGRO,2025,12,5
05628,ANTIOQUIA,SABANALARGA,2024,2,1
05628,ANTIOQUIA,SABANALARGA,2024,10,1
05628,ANTIOQUIA,SABANALARGA,2025,4,1
05631,ANTIOQUIA,SABANETA,2023,1,3
05631,ANTIOQUIA,SABANETA,2023,2,1
05631,ANTIOQUIA,SABANETA,2023,3,6
05631,ANTIOQUIA,SABANETA,2023,4,4
05631,ANTIOQUIA,SABANETA,2023,5,6
05631,ANTIOQUIA,SABANETA,2023,6,6
05631,ANTIOQUIA,SABANETA,2023,7,3
05631,ANTIOQUIA,SABANETA,2023,8,2
05631,ANTIOQUIA,SABANETA,2023,9,3
05631,ANTIOQUIA,SABANETA,2023,10,3
05631,ANTIOQUIA,SABANETA,2023,11,3
05631,ANTIOQUIA,SABANETA,2023,12,3
05631,ANTIOQUIA,SABANETA,2024,1,3
05631,ANTIOQUIA,SABANETA,2024,3,5
05631,ANTIOQUIA,SABANETA,2024,4,3
05631,ANTIOQUIA,SABANETA,2024,5,2
05631,ANTIOQUIA,SABANETA,2024,6,2
05631,ANTIOQUIA,SABANETA,2024,7,2
05631,ANTIOQUIA,SABANETA,2024,8,1
05631,ANTIOQUIA,SABANETA,2024,9,4
05631,ANTIOQUIA,SABANETA,2024,10,6
05631,ANTIOQUIA,SABANETA,2024,11,3
05631,ANTIOQUIA,SABANETA,2024,12,5
05631,ANTIOQUIA,SABANETA,2025,2,5
05631,ANTIOQUIA,SABANETA,2025,3,2
05631,ANTIOQUIA,SABANETA,2025,4,2
05631,ANTIOQUIA,SABANETA,2025,5,2
05631,ANTIOQUIA,SABANETA,2025,6,4
05631,ANTIOQUIA,SABANETA,2025,7,5
05631,ANTIOQUIA,SABANETA,2025,8,4
05631,ANTIOQUIA,SABANETA,2025,9,2
05631,ANTIOQUIA,SABANETA,2025,10,5
05631,ANTIOQUIA,SABANETA,2025,11,1
05631,ANTIOQUIA,SABANETA,2025,12,2
05642,ANTIOQUIA,SALGAR,2023,2,1
05642,ANTIOQUIA,SALGAR,2024,11,1
05642,ANTIOQUIA,SALGAR,2024,12,1
05642,ANTIOQUIA,SALGAR,2025,11,1
05647,ANTIOQUIA,SAN ANDRES DE CUERQUIA,2023,12,1
05647,ANTIOQUIA,SAN ANDRES DE CUERQUIA,2024,2,1
05647,ANTIOQUIA,SAN ANDRES DE CUERQUIA,2024,5,3
05647,ANTIOQUIA,SAN ANDRES DE CUERQUIA,2024,6,1
05647,ANTIOQUIA,SAN ANDRES DE CUERQUIA,2025,5,1
05647,ANTIOQUIA,SAN ANDRES DE CUERQUIA,2025,8,1
05649,ANTIOQUIA,SAN CARLOS,2023,1,1
05649,ANTIOQUIA,SAN CARLOS,2023,5,1
05649,ANTIOQUIA,SAN CARLOS,2024,3,1
05649,ANTIOQUIA,SAN CARLOS,2024,5,1
05649,ANTIOQUIA,SAN CARLOS,2024,6,1
05649,ANTIOQUIA,SAN CARLOS,2024,7,1
05649,ANTIOQUIA,SAN CARLOS,2024,9,1
05649,ANTIOQUIA,SAN CARLOS,2024,10,1
05649,ANTIOQUIA,SAN CARLOS,2024,11,1
05649,ANTIOQUIA,SAN CARLOS,2025,9,1
05649,ANTIOQUIA,SAN CARLOS,2025,12,1
05652,ANTIOQUIA,SAN FRANCISCO,2023,2,1
05652,ANTIOQUIA,SAN FRANCISCO,2025,1,1
05652,ANTIOQUIA,SAN FRANCISCO,2025,3,1
05656,ANTIOQUIA,SAN JERONIMO,2023,4,1
05656,ANTIOQUIA,SAN JERONIMO,2023,11,1
05656,ANTIOQUIA,SAN JERONIMO,2024,3,1
05656,ANTIOQUIA,SAN JERONIMO,2024,4,1
05656,ANTIOQUIA,SAN JERONIMO,2024,5,1
05656,ANTIOQUIA,SAN JERONIMO,2024,7,1
05656,ANTIOQUIA,SAN JERONIMO,2024,8,1
05656,ANTIOQUIA,SAN JERONIMO,2024,12,1
05656,ANTIOQUIA,SAN JERONIMO,2025,2,1
05656,ANTIOQUIA,SAN JERONIMO,2025,3,1
05656,ANTIOQUIA,SAN JERONIMO,2025,9,1
05656,ANTIOQUIA,SAN JERONIMO,2025,10,1
05656,ANTIOQUIA,SAN JERONIMO,2025,11,1
05658,ANTIOQUIA,SAN JOSE DE LA MONTAÑA,2024,6,1
05658,ANTIOQUIA,SAN JOSE DE LA MONTAÑA,2025,8,1
05658,ANTIOQUIA,SAN JOSE DE LA MONTAÑA,2025,11,1
05659,ANTIOQUIA,SAN JUAN DE URABA,2024,11,1
05659,ANTIOQUIA,SAN JUAN DE URABA,2024,12,1
05659,ANTIOQUIA,SAN JUAN DE URABA,2025,3,1
05659,ANTIOQUIA,SAN JUAN DE URABA,2025,5,1
05659,ANTIOQUIA,SAN JUAN DE URABA,2025,10,1
05660,ANTIOQUIA,SAN LUIS,2023,3,1
05660,ANTIOQUIA,SAN LUIS,2024,2,3
05660,ANTIOQUIA,SAN LUIS,2024,4,2
05660,ANTIOQUIA,SAN LUIS,2024,5,1
05660,ANTIOQUIA,SAN LUIS,2025,2,2
05660,ANTIOQUIA,SAN LUIS,2025,7,1
05660,ANTIOQUIA,SAN LUIS,2025,10,1
05664,ANTIOQUIA,SAN PEDRO DE LOS MILAGROS,2023,1,1
05664,ANTIOQUIA,SAN PEDRO DE LOS MILAGROS,2023,2,1
05664,ANTIOQUIA,SAN PEDRO DE LOS MILAGROS,2023,6,1
05664,ANTIOQUIA,SAN PEDRO DE LOS MILAGROS,2023,7,2
05664,ANTIOQUIA,SAN PEDRO DE LOS MILAGROS,2023,9,1
05664,ANTIOQUIA,SAN PEDRO DE LOS MILAGROS,2023,12,1
05664,ANTIOQUIA,SAN PEDRO DE LOS MILAGROS,2024,2,2
05664,ANTIOQUIA,SAN PEDRO DE LOS MILAGROS,2024,3,1
05664,ANTIOQUIA,SAN PEDRO DE LOS MILAGROS,2024,7,3
05664,ANTIOQUIA,SAN PEDRO DE LOS MILAGROS,2024,8,2
05664,ANTIOQUIA,SAN PEDRO DE LOS MILAGROS,2024,9,3
05664,ANTIOQUIA,SAN PEDRO DE LOS MILAGROS,2024,10,2
05664,ANTIOQUIA,SAN PEDRO DE LOS MILAGROS,2024,11,1
05664,ANTIOQUIA,SAN PEDRO DE LOS MILAGROS,2024,12,1
05664,ANTIOQUIA,SAN PEDRO DE LOS MILAGROS,2025,1,1
05664,ANTIOQUIA,SAN PEDRO DE LOS MILAGROS,2025,6,1
05665,ANTIOQUIA,SAN PEDRO DE URABA,2023,3,1
05665,ANTIOQUIA,SAN PEDRO DE URABA,2023,8,1
05665,ANTIOQUIA,SAN PEDRO DE URABA,2024,3,1
05665,ANTIOQUIA,SAN PEDRO DE URABA,2024,11,1
05665,ANTIOQUIA,SAN PEDRO DE URABA,2025,4,1
05667,ANTIOQUIA,SAN RAFAEL,2023,4,1
05667,ANTIOQUIA,SAN RAFAEL,2023,9,1
05667,ANTIOQUIA,SAN RAFAEL,2023,10,1
05667,ANTIOQUIA,SAN RAFAEL,2024,2,1
05667,ANTIOQUIA,SAN RAFAEL,2024,6,1
05667,ANTIOQUIA,SAN RAFAEL,2024,11,1
05667,ANTIOQUIA,SAN RAFAEL,2024,12,1
05667,ANTIOQUIA,SAN RAFAEL,2025,2,1
05667,ANTIOQUIA,SAN RAFAEL,2025,5,1
05667,ANTIOQUIA,SAN RAFAEL,2025,9,1
05670,ANTIOQUIA,SAN ROQUE,2023,5,1
05670,ANTIOQUIA,SAN ROQUE,2023,6,1
05670,ANTIOQUIA,SAN ROQUE,2023,8,1
05670,ANTIOQUIA,SAN ROQUE,2023,12,2
05670,ANTIOQUIA,SAN ROQUE,2024,2,1
05670,ANTIOQUIA,SAN ROQUE,2024,3,1
05670,ANTIOQUIA,SAN ROQUE,2024,4,2
05670,ANTIOQUIA,SAN ROQUE,2024,10,1
05670,ANTIOQUIA,SAN ROQUE,2024,12,1
05670,ANTIOQUIA,SAN ROQUE,2025,3,1
05670,ANTIOQUIA,SAN ROQUE,2025,4,1
05670,ANTIOQUIA,SAN ROQUE,2025,5,1
05670,ANTIOQUIA,SAN ROQUE,2025,7,1
05670,ANTIOQUIA,SAN ROQUE,2025,8,2
05670,ANTIOQUIA,SAN ROQUE,2025,10,2
05674,ANTIOQUIA,SAN VICENTE FERRER,2023,6,1
05674,ANTIOQUIA,SAN VICENTE FERRER,2023,8,1
05674,ANTIOQUIA,SAN VICENTE FERRER,2023,9,1
05674,ANTIOQUIA,SAN VICENTE FERRER,2024,2,1
05674,ANTIOQUIA,SAN VICENTE FERRER,2024,8,1
05674,ANTIOQUIA,SAN VICENTE FERRER,2024,12,1
05674,ANTIOQUIA,SAN VICENTE FERRER,2025,1,1
05674,ANTIOQUIA,SAN VICENTE FERRER,2025,2,1
05674,ANTIOQUIA,SAN VICENTE FERRER,2025,8,1
05674,ANTIOQUIA,SAN VICENTE FERRER,2025,9,2
05679,ANTIOQUIA,SANTA BARBARA,2023,3,1
05679,ANTIOQUIA,SANTA BARBARA,2023,4,1
05679,ANTIOQUIA,SANTA BARBARA,2023,8,1
05679,ANTIOQUIA,SANTA BARBARA,2024,3,1
05679,ANTIOQUIA,SANTA BARBARA,2024,4,1
05679,ANTIOQUIA,SANTA BARBARA,2024,5,1
05679,ANTIOQUIA,SANTA BARBARA,2024,6,1
05679,ANTIOQUIA,SANTA BARBARA,2024,9,1
05679,ANTIOQUIA,SANTA BARBARA,2024,10,4
05679,ANTIOQUIA,SANTA BARBARA,2024,11,1
05679,ANTIOQUIA,SANTA BARBARA,2024,12,1
05679,ANTIOQUIA,SANTA BARBARA,2025,3,1
05679,ANTIOQUIA,SANTA BARBARA,2025,6,1
05679,ANTIOQUIA,SANTA BARBARA,2025,8,1
05679,ANTIOQUIA,SANTA BARBARA,2025,11,1
05679,ANTIOQUIA,SANTA BARBARA,2025,12,1
05686,ANTIOQUIA,SANTA ROSA DE OSOS,2023,1,1
05686,ANTIOQUIA,SANTA ROSA DE OSOS,2023,2,1
05686,ANTIOQUIA,SANTA ROSA DE OSOS,2023,3,2
05686,ANTIOQUIA,SANTA ROSA DE OSOS,2023,4,3
05686,ANTIOQUIA,SANTA ROSA DE OSOS,2023,7,1
05686,ANTIOQUIA,SANTA ROSA DE OSOS,2023,8,1
05686,ANTIOQUIA,SANTA ROSA DE OSOS,2023,9,2
05686,ANTIOQUIA,SANTA ROSA DE OSOS,2023,11,1
05686,ANTIOQUIA,SANTA ROSA DE OSOS,2024,2,1
05686,ANTIOQUIA,SANTA ROSA DE OSOS,2024,3,1
05686,ANTIOQUIA,SANTA ROSA DE OSOS,2024,4,2
05686,ANTIOQUIA,SANTA ROSA DE OSOS,2024,5,2
05686,ANTIOQUIA,SANTA ROSA DE OSOS,2024,6,2
05686,ANTIOQUIA,SANTA ROSA DE OSOS,2024,10,1
05686,ANTIOQUIA,SANTA ROSA DE OSOS,2024,11,1
05686,ANTIOQUIA,SANTA ROSA DE OSOS,2025,1,1
05686,ANTIOQUIA,SANTA ROSA DE OSOS,2025,2,1
05686,ANTIOQUIA,SANTA ROSA DE OSOS,2025,3,1
05686,ANTIOQUIA,SANTA ROSA DE OSOS,2025,7,2
05686,ANTIOQUIA,SANTA ROSA DE OSOS,2025,9,1
05686,ANTIOQUIA,SANTA ROSA DE OSOS,2025,10,2
05686,ANTIOQUIA,SANTA ROSA DE OSOS,2025,11,1
05690,ANTIOQUIA,SANTO DOMINGO,2023,4,1
05690,ANTIOQUIA,SANTO DOMINGO,2023,9,1
05690,ANTIOQUIA,SANTO DOMINGO,2024,5,1
05690,ANTIOQUIA,SANTO DOMINGO,2024,6,1
05690,ANTIOQUIA,SANTO DOMINGO,2024,7,1
05690,ANTIOQUIA,SANTO DOMINGO,2025,4,1
05690,ANTIOQUIA,SANTO DOMINGO,2025,11,1
05697,ANTIOQUIA,EL SANTUARIO,2023,4,1
05697,ANTIOQUIA,EL SANTUARIO,2023,7,1
05697,ANTIOQUIA,EL SANTUARIO,2023,11,1
05697,ANTIOQUIA,EL SANTUARIO,2024,1,2
05697,ANTIOQUIA,EL SANTUARIO,2024,5,1
05697,ANTIOQUIA,EL SANTUARIO,2024,10,3
05697,ANTIOQUIA,EL SANTUARIO,2024,11,1
05697,ANTIOQUIA,EL SANTUARIO,2025,1,3
05697,ANTIOQUIA,EL SANTUARIO,2025,2,2
05697,ANTIOQUIA,EL SANTUARIO,2025,4,1
05697,ANTIOQUIA,EL SANTUARIO,2025,7,1
05736,ANTIOQUIA,SEGOVIA,2023,5,4
05736,ANTIOQUIA,SEGOVIA,2023,10,1
05736,ANTIOQUIA,SEGOVIA,2024,2,1
05736,ANTIOQUIA,SEGOVIA,2024,6,2
05736,ANTIOQUIA,SEGOVIA,2024,7,2
05736,ANTIOQUIA,SEGOVIA,2024,9,2
05736,ANTIOQUIA,SEGOVIA,2025,1,2
05736,ANTIOQUIA,SEGOVIA,2025,2,1
05736,ANTIOQUIA,SEGOVIA,2025,3,2
05736,ANTIOQUIA,SEGOVIA,2025,4,3
05736,ANTIOQUIA,SEGOVIA,2025,5,1
05736,ANTIOQUIA,SEGOVIA,2025,6,2
05736,ANTIOQUIA,SEGOVIA,2025,7,1
05736,ANTIOQUIA,SEGOVIA,2025,8,2
05736,ANTIOQUIA,SEGOVIA,2025,9,2
05736,ANTIOQUIA,SEGOVIA,2025,10,2
05736,ANTIOQUIA,SEGOVIA,2025,11,1
05756,ANTIOQUIA,SONSON,2023,2,2
05756,ANTIOQUIA,SONSON,2023,6,1
05756,ANTIOQUIA,SONSON,2023,8,1
05756,ANTIOQUIA,SONSON,2023,11,1
05756,ANTIOQUIA,SONSON,2024,3,1
05756,ANTIOQUIA,SONSON,2024,7,2
05756,ANTIOQUIA,SONSON,2024,9,1
05756,ANTIOQUIA,SONSON,2025,3,1
05756,ANTIOQUIA,SONSON,2025,7,1
05756,ANTIOQUIA,SONSON,2025,8,4
05756,ANTIOQUIA,SONSON,2025,9,2
05761,ANTIOQUIA,SOPETRAN,2023,4,1
05761,ANTIOQUIA,SOPETRAN,2023,12,1
05761,ANTIOQUIA,SOPETRAN,2024,3,1
05761,ANTIOQUIA,SOPETRAN,2024,4,2
05761,ANTIOQUIA,SOPETRAN,2024,6,1
05761,ANTIOQUIA,SOPETRAN,2024,9,1
05761,ANTIOQUIA,SOPETRAN,2024,11,1
05761,ANTIOQUIA,SOPETRAN,2025,1,1
05761,ANTIOQUIA,SOPETRAN,2025,9,1
05761,ANTIOQUIA,SOPETRAN,2025,10,1
05761,ANTIOQUIA,SOPETRAN,2025,11,1
05761,ANTIOQUIA,SOPETRAN,2025,12,1
05789,ANTIOQUIA,TAMESIS,2023,9,1
05789,ANTIOQUIA,TAMESIS,2024,10,1
05789,ANTIOQUIA,TAMESIS,2025,8,1
05790,ANTIOQUIA,TARAZA,2023,2,1
05790,ANTIOQUIA,TARAZA,2023,3,2
05790,ANTIOQUIA,TARAZA,2023,4,1
05790,ANTIOQUIA,TARAZA,2023,6,1
05790,ANTIOQUIA,TARAZA,2023,7,1
05790,ANTIOQUIA,TARAZA,2023,8,1
05790,ANTIOQUIA,TARAZA,2024,4,1
05790,ANTIOQUIA,TARAZA,2025,2,1
05790,ANTIOQUIA,TARAZA,2025,5,1
05790,ANTIOQUIA,TARAZA,2025,7,1
05790,ANTIOQUIA,TARAZA,2025,12,1
05792,ANTIOQUIA,TARSO,2024,6,1
05792,ANTIOQUIA,TARSO,2025,7,1
05792,ANTIOQUIA,TARSO,2025,11,1
05809,ANTIOQUIA,TITIRIBI,2023,2,1
05809,ANTIOQUIA,TITIRIBI,2023,10,1
05809,ANTIOQUIA,TITIRIBI,2024,3,1
05809,ANTIOQUIA,TITIRIBI,2024,4,1
05809,ANTIOQUIA,TITIRIBI,2024,7,1
05809,ANTIOQUIA,TITIRIBI,2024,11,1
05809,ANTIOQUIA,TITIRIBI,2024,12,1
05809,ANTIOQUIA,TITIRIBI,2025,5,1
05809,ANTIOQUIA,TITIRIBI,2025,11,1
05809,ANTIOQUIA,TITIRIBI,2025,12,1
05819,ANTIOQUIA,TOLEDO,2023,1,1
05819,ANTIOQUIA,TOLEDO,2024,2,3
05819,ANTIOQUIA,TOLEDO,2024,4,1
05819,ANTIOQUIA,TOLEDO,2024,9,1
05819,ANTIOQUIA,TOLEDO,2025,5,1
05819,ANTIOQUIA,TOLEDO,2025,9,1
05819,ANTIOQUIA,TOLEDO,2025,10,1
05819,ANTIOQUIA,TOLEDO,2025,12,1
05837,ANTIOQUIA,TURBO,2023,1,1
05837,ANTIOQUIA,TURBO,2023,6,2
05837,ANTIOQUIA,TURBO,2023,9,1
05837,ANTIOQUIA,TURBO,2023,10,2
05837,ANTIOQUIA,TURBO,2023,11,1
05837,ANTIOQUIA,TURBO,2024,1,2
05837,ANTIOQUIA,TURBO,2024,2,1
05837,ANTIOQUIA,TURBO,2024,3,1
05837,ANTIOQUIA,TURBO,2024,4,1
05837,ANTIOQUIA,TURBO,2024,5,1
05837,ANTIOQUIA,TURBO,2024,6,2
05837,ANTIOQUIA,TURBO,2024,7,1
05837,ANTIOQUIA,TURBO,2024,9,2
05837,ANTIOQUIA,TURBO,2024,10,1
05837,ANTIOQUIA,TURBO,2024,11,1
05837,ANTIOQUIA,TURBO,2025,1,2
05837,ANTIOQUIA,TURBO,2025,2,2
05837,ANTIOQUIA,TURBO,2025,3,2
05837,ANTIOQUIA,TURBO,2025,5,1
05837,ANTIOQUIA,TURBO,2025,6,1
05837,ANTIOQUIA,TURBO,2025,7,1
05837,ANTIOQUIA,TURBO,2025,8,1
05837,ANTIOQUIA,TURBO,2025,10,1
05842,ANTIOQUIA,URAMITA,2023,10,1
05842,ANTIOQUIA,URAMITA,2023,12,2
05842,ANTIOQUIA,URAMITA,2024,5,1
05847,ANTIOQUIA,URRAO,2023,4,1
05847,ANTIOQUIA,URRAO,2023,5,1
05847,ANTIOQUIA,URRAO,2023,6,2
05847,ANTIOQUIA,URRAO,2023,8,1
05847,ANTIOQUIA,URRAO,2023,10,1
05847,ANTIOQUIA,URRAO,2023,12,2
05847,ANTIOQUIA,URRAO,2024,1,1
05847,ANTIOQUIA,URRAO,2024,11,1
05847,ANTIOQUIA,URRAO,2024,12,1
05847,ANTIOQUIA,URRAO,2025,2,2
05847,ANTIOQUIA,URRAO,2025,4,1
05847,ANTIOQUIA,URRAO,2025,5,1
05847,ANTIOQUIA,URRAO,2025,7,1
05847,ANTIOQUIA,URRAO,2025,12,1
05854,ANTIOQUIA,VALDIVIA,2023,6,1
05854,ANTIOQUIA,VALDIVIA,2023,10,1
05854,ANTIOQUIA,VALDIVIA,2024,3,1
05854,ANTIOQUIA,VALDIVIA,2024,9,1
05854,ANTIOQUIA,VALDIVIA,2024,10,1
05854,ANTIOQUIA,VALDIVIA,2025,1,2
05854,ANTIOQUIA,VALDIVIA,2025,7,1
05856,ANTIOQUIA,VALPARAISO,2024,5,1
05856,ANTIOQUIA,VALPARAISO,2025,1,1
05858,ANTIOQUIA,VEGACHI,2023,2,1
05858,ANTIOQUIA,VEGACHI,2023,3,2
05858,ANTIOQUIA,VEGACHI,2023,6,1
05858,ANTIOQUIA,VEGACHI,2023,10,1
05858,ANTIOQUIA,VEGACHI,2024,3,1
05858,ANTIOQUIA,VEGACHI,2024,8,1
05858,ANTIOQUIA,VEGACHI,2024,10,2
05858,ANTIOQUIA,VEGACHI,2024,11,1
05858,ANTIOQUIA,VEGACHI,2025,2,1
05858,ANTIOQUIA,VEGACHI,2025,5,1
05858,ANTIOQUIA,VEGACHI,2025,7,1
05858,ANTIOQUIA,VEGACHI,2025,8,1
05858,ANTIOQUIA,VEGACHI,2025,9,1
05858,ANTIOQUIA,VEGACHI,2025,10,1
05858,ANTIOQUIA,VEGACHI,2025,11,1
05858,ANTIOQUIA,VEGACHI,2025,12,1
05861,ANTIOQUIA,VENECIA,2024,6,1
05861,ANTIOQUIA,VENECIA,2024,7,1
05861,ANTIOQUIA,VENECIA,2024,8,1
05861,ANTIOQUIA,VENECIA,2025,3,3
05885,ANTIOQUIA,YALI,2023,4,1
05885,ANTIOQUIA,YALI,2023,7,1
05885,ANTIOQUIA,YALI,2024,8,3
05885,ANTIOQUIA,YALI,2024,11,2
05885,ANTIOQUIA,YALI,2025,6,1
05887,ANTIOQUIA,YARUMAL,2023,1,1
05887,ANTIOQUIA,YARUMAL,2023,2,1
05887,ANTIOQUIA,YARUMAL,2023,3,1
05887,ANTIOQUIA,YARUMAL,2023,4,3
05887,ANTIOQUIA,YARUMAL,2023,5,2
05887,ANTIOQUIA,YARUMAL,2023,7,1
05887,ANTIOQUIA,YARUMAL,2023,8,1
05887,ANTIOQUIA,YARUMAL,2023,9,2
05887,ANTIOQUIA,YARUMAL,2023,10,2
05887,ANTIOQUIA,YARUMAL,2023,11,4
05887,ANTIOQUIA,YARUMAL,2024,3,1
05887,ANTIOQUIA,YARUMAL,2024,4,2
05887,ANTIOQUIA,YARUMAL,2024,5,4
05887,ANTIOQUIA,YARUMAL,2024,7,5
05887,ANTIOQUIA,YARUMAL,2024,8,1
05887,ANTIOQUIA,YARUMAL,2024,9,1
05887,ANTIOQUIA,YARUMAL,2024,10,2
05887,ANTIOQUIA,YARUMAL,2025,1,1
05887,ANTIOQUIA,YARUMAL,2025,2,2
05887,ANTIOQUIA,YARUMAL,2025,3,2
05887,ANTIOQUIA,YARUMAL,2025,7,1
05887,ANTIOQUIA,YARUMAL,2025,9,1
05887,ANTIOQUIA,YARUMAL,2025,10,3
05887,ANTIOQUIA,YARUMAL,2025,11,2
05890,ANTIOQUIA,YOLOMBO,2023,2,1
05890,ANTIOQUIA,YOLOMBO,2023,4,2
05890,ANTIOQUIA,YOLOMBO,2023,5,1
05890,ANTIOQUIA,YOLOMBO,2023,7,1
05890,ANTIOQUIA,YOLOMBO,2023,8,1
05890,ANTIOQUIA,YOLOMBO,2023,10,1
05890,ANTIOQUIA,YOLOMBO,2023,11,1
05890,ANTIOQUIA,YOLOMBO,2023,12,1
05890,ANTIOQUIA,YOLOMBO,2024,1,3
05890,ANTIOQUIA,YOLOMBO,2024,3,1
05890,ANTIOQUIA,YOLOMBO,2024,4,1
05890,ANTIOQUIA,YOLOMBO,2024,5,1
05890,ANTIOQUIA,YOLOMBO,2024,6,1
05890,ANTIOQUIA,YOLOMBO,2024,7,1
05890,ANTIOQUIA,YOLOMBO,2024,8,2
05890,ANTIOQUIA,YOLOMBO,2025,1,1
05890,ANTIOQUIA,YOLOMBO,2025,4,1
05890,ANTIOQUIA,YOLOMBO,2025,5,2
05890,ANTIOQUIA,YOLOMBO,2025,6,1
05890,ANTIOQUIA,YOLOMBO,2025,10,1
05890,ANTIOQUIA,YOLOMBO,2025,11,1
05893,ANTIOQUIA,YONDO,2023,1,1
05893,ANTIOQUIA,YONDO,2023,4,2
05893,ANTIOQUIA,YONDO,2023,5,1
05893,ANTIOQUIA,YONDO,2023,10,1
05893,ANTIOQUIA,YONDO,2024,1,1
05893,ANTIOQUIA,YONDO,2024,4,1
05893,ANTIOQUIA,YONDO,2024,6,1
05893,ANTIOQUIA,YONDO,2024,8,1
05893,ANTIOQUIA,YONDO,2024,9,1
05893,ANTIOQUIA,YONDO,2024,11,1
05893,ANTIOQUIA,YONDO,2025,8,2
05893,ANTIOQUIA,YONDO,2025,9,2
05893,ANTIOQUIA,YONDO,2025,11,2
05895,ANTIOQUIA,ZARAGOZA,2023,3,1
05895,ANTIOQUIA,ZARAGOZA,2023,5,1
05895,ANTIOQUIA,ZARAGOZA,2023,6,1
05895,ANTIOQUIA,ZARAGOZA,2024,3,1
05895,ANTIOQUIA,ZARAGOZA,2025,4,1
05895,ANTIOQUIA,ZARAGOZA,2025,10,1
05895,ANTIOQUIA,ZARAGOZA,2025,12,1
08001,ATLANTICO,BARRANQUILLA,2023,1,24
08001,ATLANTICO,BARRANQUILLA,2023,2,37
08001,ATLANTICO,BARRANQUILLA,2023,3,61
08001,ATLANTICO,BARRANQUILLA,2023,4,42
08001,ATLANTICO,BARRANQUILLA,2023,5,55
08001,ATLANTICO,BARRANQUILLA,2023,6,83
08001,ATLANTICO,BARRANQUILLA,2023,7,74
08001,ATLANTICO,BARRANQUILLA,2023,8,105
08001,ATLANTICO,BARRANQUILLA,2023,9,108
08001,ATLANTICO,BARRANQUILLA,2023,10,119
08001,ATLANTICO,BARRANQUILLA,2023,11,91
08001,ATLANTICO,BARRANQUILLA,2023,12,78
08001,ATLANTICO,BARRANQUILLA,2024,1,45
08001,ATLANTICO,BARRANQUILLA,2024,2,39
08001,ATLANTICO,BARRANQUILLA,2024,3,65
08001,ATLANTICO,BARRANQUILLA,2024,4,56
08001,ATLANTICO,BARRANQUILLA,2024,5,103
08001,ATLANTICO,BARRANQUILLA,2024,6,65
08001,ATLANTICO,BARRANQUILLA,2024,7,90
08001,ATLANTICO,BARRANQUILLA,2024,8,84
08001,ATLANTICO,BARRANQUILLA,2024,9,86
08001,ATLANTICO,BARRANQUILLA,2024,10,95
08001,ATLANTICO,BARRANQUILLA,2024,11,79
08001,ATLANTICO,BARRANQUILLA,2024,12,78
08001,ATLANTICO,BARRANQUILLA,2025,1,62
08001,ATLANTICO,BARRANQUILLA,2025,2,33
08001,ATLANTICO,BARRANQUILLA,2025,3,49
08001,ATLANTICO,BARRANQUILLA,2025,4,69
08001,ATLANTICO,BARRANQUILLA,2025,5,73
08001,ATLANTICO,BARRANQUILLA,2025,6,65
08001,ATLANTICO,BARRANQUILLA,2025,7,89
08001,ATLANTICO,BARRANQUILLA,2025,8,75
08001,ATLANTICO,BARRANQUILLA,2025,9,58
08001,ATLANTICO,BARRANQUILLA,2025,10,54
08001,ATLANTICO,BARRANQUILLA,2025,11,48
08001,ATLANTICO,BARRANQUILLA,2025,12,54
08078,ATLANTICO,BARANOA,2023,2,2
08078,ATLANTICO,BARANOA,2023,9,1
08078,ATLANTICO,BARANOA,2023,11,2
08078,ATLANTICO,BARANOA,2024,2,1
08078,ATLANTICO,BARANOA,2024,5,1
08078,ATLANTICO,BARANOA,2024,6,5
08078,ATLANTICO,BARANOA,2024,7,1
08078,ATLANTICO,BARANOA,2024,8,5
08078,ATLANTICO,BARANOA,2024,9,2
08078,ATLANTICO,BARANOA,2024,10,2
08078,ATLANTICO,BARANOA,2024,11,1
08078,ATLANTICO,BARANOA,2024,12,4
08078,ATLANTICO,BARANOA,2025,5,1
08078,ATLANTICO,BARANOA,2025,6,1
08078,ATLANTICO,BARANOA,2025,7,2
08078,ATLANTICO,BARANOA,2025,8,3
08078,ATLANTICO,BARANOA,2025,11,4
08137,ATLANTICO,CAMPO DE LA CRUZ,2023,6,1
08137,ATLANTICO,CAMPO DE LA CRUZ,2024,1,1
08137,ATLANTICO,CAMPO DE LA CRUZ,2024,2,1
08137,ATLANTICO,CAMPO DE LA CRUZ,2024,8,1
08137,ATLANTICO,CAMPO DE LA CRUZ,2024,11,1
08137,ATLANTICO,CAMPO DE LA CRUZ,2025,1,1
08137,ATLANTICO,CAMPO DE LA CRUZ,2025,6,1
08137,ATLANTICO,CAMPO DE LA CRUZ,2025,7,1
08137,ATLANTICO,CAMPO DE LA CRUZ,2025,8,1
08141,ATLANTICO,CANDELARIA,2023,6,1
08141,ATLANTICO,CANDELARIA,2023,11,1
08141,ATLANTICO,CANDELARIA,2024,8,1
08141,ATLANTICO,CANDELARIA,2025,7,2
08296,ATLANTICO,GALAPA,2023,1,3
08296,ATLANTICO,GALAPA,2023,3,4
08296,ATLANTICO,GALAPA,2023,4,3
08296,ATLANTICO,GALAPA,2023,5,3
08296,ATLANTICO,GALAPA,2023,6,1
08296,ATLANTICO,GALAPA,2023,7,1
08296,ATLANTICO,GALAPA,2023,8,2
08296,ATLANTICO,GALAPA,2023,9,2
08296,ATLANTICO,GALAPA,2023,10,1
08296,ATLANTICO,GALAPA,2023,11,1
08296,ATLANTICO,GALAPA,2023,12,1
08296,ATLANTICO,GALAPA,2024,1,1
08296,ATLANTICO,GALAPA,2024,2,1
08296,ATLANTICO,GALAPA,2024,3,3
08296,ATLANTICO,GALAPA,2024,5,1
08296,ATLANTICO,GALAPA,2024,6,1
08296,ATLANTICO,GALAPA,2024,7,1
08296,ATLANTICO,GALAPA,2024,8,1
08296,ATLANTICO,GALAPA,2024,10,4
08296,ATLANTICO,GALAPA,2024,11,4
08296,ATLANTICO,GALAPA,2024,12,6
08296,ATLANTICO,GALAPA,2025,4,2
08296,ATLANTICO,GALAPA,2025,5,1
08296,ATLANTICO,GALAPA,2025,6,1
08296,ATLANTICO,GALAPA,2025,8,3
08296,ATLANTICO,GALAPA,2025,9,2
08296,ATLANTICO,GALAPA,2025,10,1
08296,ATLANTICO,GALAPA,2025,11,1
08296,ATLANTICO,GALAPA,2025,12,1
08372,ATLANTICO,JUAN DE ACOSTA,2023,2,1
08372,ATLANTICO,JUAN DE ACOSTA,2023,11,2
08372,ATLANTICO,JUAN DE ACOSTA,2024,2,1
08372,ATLANTICO,JUAN DE ACOSTA,2024,3,1
08372,ATLANTICO,JUAN DE ACOSTA,2024,5,1
08372,ATLANTICO,JUAN DE ACOSTA,2024,6,2
08372,ATLANTICO,JUAN DE ACOSTA,2024,8,3
08372,ATLANTICO,JUAN DE ACOSTA,2025,4,1
08372,ATLANTICO,JUAN DE ACOSTA,2025,8,1
08372,ATLANTICO,JUAN DE ACOSTA,2025,10,2
08372,ATLANTICO,JUAN DE ACOSTA,2025,12,2
08421,ATLANTICO,LURUACO,2023,7,1
08421,ATLANTICO,LURUACO,2023,10,2
08421,ATLANTICO,LURUACO,2024,3,1
08421,ATLANTICO,LURUACO,2024,6,1
08421,ATLANTICO,LURUACO,2025,1,1
08421,ATLANTICO,LURUACO,2025,6,1
08421,ATLANTICO,LURUACO,2025,10,1
08433,ATLANTICO,MALAMBO,2023,1,3
08433,ATLANTICO,MALAMBO,2023,2,3
08433,ATLANTICO,MALAMBO,2023,3,4
08433,ATLANTICO,MALAMBO,2023,4,4
08433,ATLANTICO,MALAMBO,2023,5,3
08433,ATLANTICO,MALAMBO,2023,6,7
08433,ATLANTICO,MALAMBO,2023,7,7
08433,ATLANTICO,MALAMBO,2023,8,6
08433,ATLANTICO,MALAMBO,2023,9,8
08433,ATLANTICO,MALAMBO,2023,10,12
08433,ATLANTICO,MALAMBO,2023,11,5
08433,ATLANTICO,MALAMBO,2023,12,4
08433,ATLANTICO,MALAMBO,2024,1,6
08433,ATLANTICO,MALAMBO,2024,2,5
08433,ATLANTICO,MALAMBO,2024,3,5
08433,ATLANTICO,MALAMBO,2024,4,6
08433,ATLANTICO,MALAMBO,2024,5,10
08433,ATLANTICO,MALAMBO,2024,6,2
08433,ATLANTICO,MALAMBO,2024,7,10
08433,ATLANTICO,MALAMBO,2024,8,5
08433,ATLANTICO,MALAMBO,2024,9,9
08433,ATLANTICO,MALAMBO,2024,10,11
08433,ATLANTICO,MALAMBO,2024,11,8
08433,ATLANTICO,MALAMBO,2024,12,9
08433,ATLANTICO,MALAMBO,2025,1,7
08433,ATLANTICO,MALAMBO,2025,2,4
08433,ATLANTICO,MALAMBO,2025,3,3
08433,ATLANTICO,MALAMBO,2025,4,3
08433,ATLANTICO,MALAMBO,2025,5,10
08433,ATLANTICO,MALAMBO,2025,6,6
08433,ATLANTICO,MALAMBO,2025,7,9
08433,ATLANTICO,MALAMBO,2025,8,8
08433,ATLANTICO,MALAMBO,2025,9,8
08433,ATLANTICO,MALAMBO,2025,10,11
08433,ATLANTICO,MALAMBO,2025,11,3
08433,ATLANTICO,MALAMBO,2025,12,4
08436,ATLANTICO,MANATI,2023,4,1
08436,ATLANTICO,MANATI,2023,5,1
08436,ATLANTICO,MANATI,2023,7,1
08436,ATLANTICO,MANATI,2023,11,1
08436,ATLANTICO,MANATI,2024,3,1
08436,ATLANTICO,MANATI,2024,5,1
08436,ATLANTICO,MANATI,2024,10,1
08436,ATLANTICO,MANATI,2024,12,1
08436,ATLANTICO,MANATI,2025,9,1
08436,ATLANTICO,MANATI,2025,12,1
08520,ATLANTICO,PALMAR DE VARELA,2023,7,1
08520,ATLANTICO,PALMAR DE VARELA,2023,8,1
08520,ATLANTICO,PALMAR DE VARELA,2023,10,1
08520,ATLANTICO,PALMAR DE VARELA,2023,12,1
08520,ATLANTICO,PALMAR DE VARELA,2024,5,1
08520,ATLANTICO,PALMAR DE VARELA,2024,11,2
08520,ATLANTICO,PALMAR DE VARELA,2025,3,1
08520,ATLANTICO,PALMAR DE VARELA,2025,5,1
08520,ATLANTICO,PALMAR DE VARELA,2025,8,1
08549,ATLANTICO,PIOJO,2024,7,3
08549,ATLANTICO,PIOJO,2024,10,1
08549,ATLANTICO,PIOJO,2025,5,1
08549,ATLANTICO,PIOJO,2025,8,1
08549,ATLANTICO,PIOJO,2025,10,1
08558,ATLANTICO,POLONUEVO,2023,9,1
08558,ATLANTICO,POLONUEVO,2023,12,1
08558,ATLANTICO,POLONUEVO,2024,3,1
08558,ATLANTICO,POLONUEVO,2024,5,1
08558,ATLANTICO,POLONUEVO,2024,7,1
08558,ATLANTICO,POLONUEVO,2024,10,2
08558,ATLANTICO,POLONUEVO,2024,11,2
08558,ATLANTICO,POLONUEVO,2025,5,1
08558,ATLANTICO,POLONUEVO,2025,7,1
08558,ATLANTICO,POLONUEVO,2025,10,2
08558,ATLANTICO,POLONUEVO,2025,12,2
08560,ATLANTICO,PONEDERA,2023,3,1
08560,ATLANTICO,PONEDERA,2023,9,1
08560,ATLANTICO,PONEDERA,2023,12,1
08560,ATLANTICO,PONEDERA,2024,2,1
08560,ATLANTICO,PONEDERA,2024,11,1
08560,ATLANTICO,PONEDERA,2024,12,1
08560,ATLANTICO,PONEDERA,2025,1,1
08573,ATLANTICO,PUERTO COLOMBIA,2023,1,1
08573,ATLANTICO,PUERTO COLOMBIA,2023,5,1
08573,ATLANTICO,PUERTO COLOMBIA,2023,6,1
08573,ATLANTICO,PUERTO COLOMBIA,2023,7,1
08573,ATLANTICO,PUERTO COLOMBIA,2023,8,3
08573,ATLANTICO,PUERTO COLOMBIA,2023,9,5
08573,ATLANTICO,PUERTO COLOMBIA,2023,10,3
08573,ATLANTICO,PUERTO COLOMBIA,2023,11,3
08573,ATLANTICO,PUERTO COLOMBIA,2023,12,2
08573,ATLANTICO,PUERTO COLOMBIA,2024,1,2
08573,ATLANTICO,PUERTO COLOMBIA,2024,2,1
08573,ATLANTICO,PUERTO COLOMBIA,2024,3,1
08573,ATLANTICO,PUERTO COLOMBIA,2024,5,1
08573,ATLANTICO,PUERTO COLOMBIA,2024,7,2
08573,ATLANTICO,PUERTO COLOMBIA,2024,8,3
08573,ATLANTICO,PUERTO COLOMBIA,2024,9,4
08573,ATLANTICO,PUERTO COLOMBIA,2024,10,4
08573,ATLANTICO,PUERTO COLOMBIA,2024,12,2
08573,ATLANTICO,PUERTO COLOMBIA,2025,1,1
08573,ATLANTICO,PUERTO COLOMBIA,2025,2,2
08573,ATLANTICO,PUERTO COLOMBIA,2025,3,1
08573,ATLANTICO,PUERTO COLOMBIA,2025,4,2
08573,ATLANTICO,PUERTO COLOMBIA,2025,5,3
08573,ATLANTICO,PUERTO COLOMBIA,2025,7,2
08573,ATLANTICO,PUERTO COLOMBIA,2025,8,3
08573,ATLANTICO,PUERTO COLOMBIA,2025,9,2
08573,ATLANTICO,PUERTO COLOMBIA,2025,10,1
08573,ATLANTICO,PUERTO COLOMBIA,2025,12,1
08606,ATLANTICO,REPELON,2023,4,2
08606,ATLANTICO,REPELON,2023,11,1
08606,ATLANTICO,REPELON,2024,4,2
08606,ATLANTICO,REPELON,2024,9,1
08606,ATLANTICO,REPELON,2025,7,1
08634,ATLANTICO,SABANAGRANDE,2023,7,2
08634,ATLANTICO,SABANAGRANDE,2023,8,1
08634,ATLANTICO,SABANAGRANDE,2023,9,1
08634,ATLANTICO,SABANAGRANDE,2023,10,1
08634,ATLANTICO,SABANAGRANDE,2023,11,2
08634,ATLANTICO,SABANAGRANDE,2024,3,2
08634,ATLANTICO,SABANAGRANDE,2024,4,2
08634,ATLANTICO,SABANAGRANDE,2024,5,1
08634,ATLANTICO,SABANAGRANDE,2024,6,1
08634,ATLANTICO,SABANAGRANDE,2024,7,1
08634,ATLANTICO,SABANAGRANDE,2024,8,2
08634,ATLANTICO,SABANAGRANDE,2024,9,1
08634,ATLANTICO,SABANAGRANDE,2024,10,1
08634,ATLANTICO,SABANAGRANDE,2024,11,2
08634,ATLANTICO,SABANAGRANDE,2024,12,3
08634,ATLANTICO,SABANAGRANDE,2025,1,1
08634,ATLANTICO,SABANAGRANDE,2025,3,2
08634,ATLANTICO,SABANAGRANDE,2025,4,1
08634,ATLANTICO,SABANAGRANDE,2025,6,1
08634,ATLANTICO,SABANAGRANDE,2025,7,1
08634,ATLANTICO,SABANAGRANDE,2025,8,1
08634,ATLANTICO,SABANAGRANDE,2025,10,1
08634,ATLANTICO,SABANAGRANDE,2025,11,2
08634,ATLANTICO,SABANAGRANDE,2025,12,1
08638,ATLANTICO,SABANALARGA,2023,2,2
08638,ATLANTICO,SABANALARGA,2023,3,2
08638,ATLANTICO,SABANALARGA,2023,4,1
08638,ATLANTICO,SABANALARGA,2023,5,3
08638,ATLANTICO,SABANALARGA,2023,6,2
08638,ATLANTICO,SABANALARGA,2023,7,4
08638,ATLANTICO,SABANALARGA,2023,8,3
08638,ATLANTICO,SABANALARGA,2023,9,3
08638,ATLANTICO,SABANALARGA,2023,11,2
08638,ATLANTICO,SABANALARGA,2023,12,2
08638,ATLANTICO,SABANALARGA,2024,1,2
08638,ATLANTICO,SABANALARGA,2024,3,1
08638,ATLANTICO,SABANALARGA,2024,4,2
08638,ATLANTICO,SABANALARGA,2024,6,2
08638,ATLANTICO,SABANALARGA,2024,7,5
08638,ATLANTICO,SABANALARGA,2024,8,3
08638,ATLANTICO,SABANALARGA,2024,9,4
08638,ATLANTICO,SABANALARGA,2024,10,3
08638,ATLANTICO,SABANALARGA,2024,11,4
08638,ATLANTICO,SABANALARGA,2024,12,6
08638,ATLANTICO,SABANALARGA,2025,1,1
08638,ATLANTICO,SABANALARGA,2025,2,1
08638,ATLANTICO,SABANALARGA,2025,3,1
08638,ATLANTICO,SABANALARGA,2025,4,2
08638,ATLANTICO,SABANALARGA,2025,5,3
08638,ATLANTICO,SABANALARGA,2025,6,2
08638,ATLANTICO,SABANALARGA,2025,8,1
08638,ATLANTICO,SABANALARGA,2025,10,3
08638,ATLANTICO,SABANALARGA,2025,11,2
08638,ATLANTICO,SABANALARGA,2025,12,1
08675,ATLANTICO,SANTA LUCIA,2023,9,1
08675,ATLANTICO,SANTA LUCIA,2024,12,1
08675,ATLANTICO,SANTA LUCIA,2025,2,1
08675,ATLANTICO,SANTA LUCIA,2025,4,1
08675,ATLANTICO,SANTA LUCIA,2025,12,1
08685,ATLANTICO,SANTO TOMAS,2023,6,1
08685,ATLANTICO,SANTO TOMAS,2023,9,1
08685,ATLANTICO,SANTO TOMAS,2023,11,1
08685,ATLANTICO,SANTO TOMAS,2024,9,2
08685,ATLANTICO,SANTO TOMAS,2024,10,1
08685,ATLANTICO,SANTO TOMAS,2024,12,2
08685,ATLANTICO,SANTO TOMAS,2025,1,1
08685,ATLANTICO,SANTO TOMAS,2025,2,1
08685,ATLANTICO,SANTO TOMAS,2025,5,1
08685,ATLANTICO,SANTO TOMAS,2025,8,1
08758,ATLANTICO,SOLEDAD,2023,1,8
08758,ATLANTICO,SOLEDAD,2023,2,12
08758,ATLANTICO,SOLEDAD,2023,3,12
08758,ATLANTICO,SOLEDAD,2023,4,24
08758,ATLANTICO,SOLEDAD,2023,5,19
08758,ATLANTICO,SOLEDAD,2023,6,24
08758,ATLANTICO,SOLEDAD,2023,7,27
08758,ATLANTICO,SOLEDAD,2023,8,28
08758,ATLANTICO,SOLEDAD,2023,9,44
08758,ATLANTICO,SOLEDAD,2023,10,38
08758,ATLANTICO,SOLEDAD,2023,11,42
08758,ATLANTICO,SOLEDAD,2023,12,30
08758,ATLANTICO,SOLEDAD,2024,1,16
08758,ATLANTICO,SOLEDAD,2024,2,18
08758,ATLANTICO,SOLEDAD,2024,3,34
08758,ATLANTICO,SOLEDAD,2024,4,37
08758,ATLANTICO,SOLEDAD,2024,5,38
08758,ATLANTICO,SOLEDAD,2024,6,15
08758,ATLANTICO,SOLEDAD,2024,7,30
08758,ATLANTICO,SOLEDAD,2024,8,40
08758,ATLANTICO,SOLEDAD,2024,9,33
08758,ATLANTICO,SOLEDAD,2024,10,29
08758,ATLANTICO,SOLEDAD,2024,11,30
08758,ATLANTICO,SOLEDAD,2024,12,31
08758,ATLANTICO,SOLEDAD,2025,1,18
08758,ATLANTICO,SOLEDAD,2025,2,14
08758,ATLANTICO,SOLEDAD,2025,3,14
08758,ATLANTICO,SOLEDAD,2025,4,19
08758,ATLANTICO,SOLEDAD,2025,5,40
08758,ATLANTICO,SOLEDAD,2025,6,27
08758,ATLANTICO,SOLEDAD,2025,7,40
08758,ATLANTICO,SOLEDAD,2025,8,35
08758,ATLANTICO,SOLEDAD,2025,9,26
08758,ATLANTICO,SOLEDAD,2025,10,35
08758,ATLANTICO,SOLEDAD,2025,11,28
08758,ATLANTICO,SOLEDAD,2025,12,17
08770,ATLANTICO,SUAN,2023,3,1
08770,ATLANTICO,SUAN,2024,4,1
08770,ATLANTICO,SUAN,2024,8,1
08770,ATLANTICO,SUAN,2025,5,1
08770,ATLANTICO,SUAN,2025,6,1
08770,ATLANTICO,SUAN,2025,7,2
08832,ATLANTICO,TUBARA,2023,2,1
08832,ATLANTICO,TUBARA,2023,10,2
08832,ATLANTICO,TUBARA,2024,7,1
08832,ATLANTICO,TUBARA,2024,12,1
08832,ATLANTICO,TUBARA,2025,1,1
08832,ATLANTICO,TUBARA,2025,4,1
08832,ATLANTICO,TUBARA,2025,12,1
08849,ATLANTICO,USIACURI,2024,6,1
08849,ATLANTICO,USIACURI,2024,8,1
08849,ATLANTICO,USIACURI,2024,10,1
08849,ATLANTICO,USIACURI,2025,9,1
11001,BOGOTA D.C.,BOGOTA D.C.,2023,1,76
11001,BOGOTA D.C.,BOGOTA D.C.,2023,2,113
11001,BOGOTA D.C.,BOGOTA D.C.,2023,3,103
11001,BOGOTA D.C.,BOGOTA D.C.,2023,4,98
11001,BOGOTA D.C.,BOGOTA D.C.,2023,5,128
11001,BOGOTA D.C.,BOGOTA D.C.,2023,6,109
11001,BOGOTA D.C.,BOGOTA D.C.,2023,7,124
11001,BOGOTA D.C.,BOGOTA D.C.,2023,8,116
11001,BOGOTA D.C.,BOGOTA D.C.,2023,9,125
11001,BOGOTA D.C.,BOGOTA D.C.,2023,10,149
11001,BOGOTA D.C.,BOGOTA D.C.,2023,11,213
11001,BOGOTA D.C.,BOGOTA D.C.,2023,12,173
11001,BOGOTA D.C.,BOGOTA D.C.,2024,1,131
11001,BOGOTA D.C.,BOGOTA D.C.,2024,2,167
11001,BOGOTA D.C.,BOGOTA D.C.,2024,3,224
11001,BOGOTA D.C.,BOGOTA D.C.,2024,4,225
11001,BOGOTA D.C.,BOGOTA D.C.,2024,5,233
11001,BOGOTA D.C.,BOGOTA D.C.,2024,6,181
11001,BOGOTA D.C.,BOGOTA D.C.,2024,7,222
11001,BOGOTA D.C.,BOGOTA D.C.,2024,8,245
11001,BOGOTA D.C.,BOGOTA D.C.,2024,9,228
11001,BOGOTA D.C.,BOGOTA D.C.,2024,10,250
11001,BOGOTA D.C.,BOGOTA D.C.,2024,11,264
11001,BOGOTA D.C.,BOGOTA D.C.,2024,12,271
11001,BOGOTA D.C.,BOGOTA D.C.,2025,1,172
11001,BOGOTA D.C.,BOGOTA D.C.,2025,2,165
11001,BOGOTA D.C.,BOGOTA D.C.,2025,3,170
11001,BOGOTA D.C.,BOGOTA D.C.,2025,4,156
11001,BOGOTA D.C.,BOGOTA D.C.,2025,5,179
11001,BOGOTA D.C.,BOGOTA D.C.,2025,6,241
11001,BOGOTA D.C.,BOGOTA D.C.,2025,7,174
11001,BOGOTA D.C.,BOGOTA D.C.,2025,8,213
11001,BOGOTA D.C.,BOGOTA D.C.,2025,9,199
11001,BOGOTA D.C.,BOGOTA D.C.,2025,10,194
11001,BOGOTA D.C.,BOGOTA D.C.,2025,11,209
11001,BOGOTA D.C.,BOGOTA D.C.,2025,12,156
13001,BOLIVAR,CARTAGENA DE INDIAS,2023,1,2
13001,BOLIVAR,CARTAGENA DE INDIAS,2023,2,7
13001,BOLIVAR,CARTAGENA DE INDIAS,2023,3,4
13001,BOLIVAR,CARTAGENA DE INDIAS,2023,4,5
13001,BOLIVAR,CARTAGENA DE INDIAS,2023,5,4
13001,BOLIVAR,CARTAGENA DE INDIAS,2023,6,7
13001,BOLIVAR,CARTAGENA DE INDIAS,2023,7,6
13001,BOLIVAR,CARTAGENA DE INDIAS,2023,8,6
13001,BOLIVAR,CARTAGENA DE INDIAS,2023,9,20
13001,BOLIVAR,CARTAGENA DE INDIAS,2023,10,22
13001,BOLIVAR,CARTAGENA DE INDIAS,2023,11,28
13001,BOLIVAR,CARTAGENA DE INDIAS,2023,12,23
13001,BOLIVAR,CARTAGENA DE INDIAS,2024,1,16
13001,BOLIVAR,CARTAGENA DE INDIAS,2024,2,17
13001,BOLIVAR,CARTAGENA DE INDIAS,2024,3,13
13001,BOLIVAR,CARTAGENA DE INDIAS,2024,4,11
13001,BOLIVAR,CARTAGENA DE INDIAS,2024,5,10
13001,BOLIVAR,CARTAGENA DE INDIAS,2024,6,10
13001,BOLIVAR,CARTAGENA DE INDIAS,2024,7,13
13001,BOLIVAR,CARTAGENA DE INDIAS,2024,8,18
13001,BOLIVAR,CARTAGENA DE INDIAS,2024,9,13
13001,BOLIVAR,CARTAGENA DE INDIAS,2024,10,20
13001,BOLIVAR,CARTAGENA DE INDIAS,2024,11,19
13001,BOLIVAR,CARTAGENA DE INDIAS,2024,12,37
13001,BOLIVAR,CARTAGENA DE INDIAS,2025,1,16
13001,BOLIVAR,CARTAGENA DE INDIAS,2025,2,21
13001,BOLIVAR,CARTAGENA DE INDIAS,2025,3,12
13001,BOLIVAR,CARTAGENA DE INDIAS,2025,4,23
13001,BOLIVAR,CARTAGENA DE INDIAS,2025,5,34
13001,BOLIVAR,CARTAGENA DE INDIAS,2025,6,33
13001,BOLIVAR,CARTAGENA DE INDIAS,2025,7,37
13001,BOLIVAR,CARTAGENA DE INDIAS,2025,8,45
13001,BOLIVAR,CARTAGENA DE INDIAS,2025,9,39
13001,BOLIVAR,CARTAGENA DE INDIAS,2025,10,39
13001,BOLIVAR,CARTAGENA DE INDIAS,2025,11,35
13001,BOLIVAR,CARTAGENA DE INDIAS,2025,12,45
13006,BOLIVAR,ACHI,2023,8,2
13006,BOLIVAR,ACHI,2023,9,1
13006,BOLIVAR,ACHI,2023,10,1
13006,BOLIVAR,ACHI,2025,5,1
13006,BOLIVAR,ACHI,2025,8,1
13006,BOLIVAR,ACHI,2025,9,1
13006,BOLIVAR,ACHI,2025,10,1
13006,BOLIVAR,ACHI,2025,11,1
13030,BOLIVAR,ALTOS DEL ROSARIO,2025,10,1
13042,BOLIVAR,ARENAL,2023,11,2
13042,BOLIVAR,ARENAL,2024,3,1
13042,BOLIVAR,ARENAL,2024,11,1
13042,BOLIVAR,ARENAL,2025,10,2
13042,BOLIVAR,ARENAL,2025,12,1
13052,BOLIVAR,ARJONA,2023,1,1
13052,BOLIVAR,ARJONA,2023,4,1
13052,BOLIVAR,ARJONA,2023,7,1
13052,BOLIVAR,ARJONA,2023,9,2
13052,BOLIVAR,ARJONA,2023,10,2
13052,BOLIVAR,ARJONA,2024,4,1
13052,BOLIVAR,ARJONA,2024,6,1
13052,BOLIVAR,ARJONA,2024,10,1
13052,BOLIVAR,ARJONA,2024,11,2
13052,BOLIVAR,ARJONA,2024,12,1
13052,BOLIVAR,ARJONA,2025,6,5
13052,BOLIVAR,ARJONA,2025,8,2
13052,BOLIVAR,ARJONA,2025,11,1
13052,BOLIVAR,ARJONA,2025,12,2
13062,BOLIVAR,ARROYOHONDO,2023,8,1
13062,BOLIVAR,ARROYOHONDO,2023,9,1
13062,BOLIVAR,ARROYOHONDO,2023,10,1
13062,BOLIVAR,ARROYOHONDO,2023,11,1
13062,BOLIVAR,ARROYOHONDO,2023,12,1
13062,BOLIVAR,ARROYOHONDO,2025,11,1
13074,BOLIVAR,BARRANCO DE LOBA,2023,4,1
13074,BOLIVAR,BARRANCO DE LOBA,2023,6,1
13074,BOLIVAR,BARRANCO DE LOBA,2023,7,1
13074,BOLIVAR,BARRANCO DE LOBA,2024,4,1
13074,BOLIVAR,BARRANCO DE LOBA,2024,7,2
13074,BOLIVAR,BARRANCO DE LOBA,2024,11,1
13074,BOLIVAR,BARRANCO DE LOBA,2025,8,1
13074,BOLIVAR,BARRANCO DE LOBA,2025,12,1
13140,BOLIVAR,CALAMAR,2023,5,1
13140,BOLIVAR,CALAMAR,2023,11,2
13140,BOLIVAR,CALAMAR,2025,4,1
13160,BOLIVAR,CANTAGALLO,2023,7,1
13160,BOLIVAR,CANTAGALLO,2023,8,1
13160,BOLIVAR,CANTAGALLO,2023,9,1
13160,BOLIVAR,CANTAGALLO,2023,12,1
13160,BOLIVAR,CANTAGALLO,2024,10,1
13160,BOLIVAR,CANTAGALLO,2024,11,2
13160,BOLIVAR,CANTAGALLO,2025,9,1
13160,BOLIVAR,CANTAGALLO,2025,10,1
13160,BOLIVAR,CANTAGALLO,2025,12,1
13188,BOLIVAR,CICUCO,2023,11,1
13188,BOLIVAR,CICUCO,2024,12,1
13188,BOLIVAR,CICUCO,2025,12,1
13212,BOLIVAR,CORDOBA,2024,4,1
13212,BOLIVAR,CORDOBA,2024,8,1
13212,BOLIVAR,CORDOBA,2024,11,1
13212,BOLIVAR,CORDOBA,2025,2,1
13212,BOLIVAR,CORDOBA,2025,4,1
13212,BOLIVAR,CORDOBA,2025,5,1
13212,BOLIVAR,CORDOBA,2025,12,1
13222,BOLIVAR,CLEMENCIA,2023,1,1
13222,BOLIVAR,CLEMENCIA,2023,11,1
13222,BOLIVAR,CLEMENCIA,2024,3,1
13222,BOLIVAR,CLEMENCIA,2024,9,1
13222,BOLIVAR,CLEMENCIA,2025,8,1
13244,BOLIVAR,EL CARMEN DE BOLIVAR,2023,2,1
13244,BOLIVAR,EL CARMEN DE BOLIVAR,2023,5,2
13244,BOLIVAR,EL CARMEN DE BOLIVAR,2023,6,3
13244,BOLIVAR,EL CARMEN DE BOLIVAR,2023,8,2
13244,BOLIVAR,EL CARMEN DE BOLIVAR,2023,9,1
13244,BOLIVAR,EL CARMEN DE BOLIVAR,2023,10,1
13244,BOLIVAR,EL CARMEN DE BOLIVAR,2023,11,3
13244,BOLIVAR,EL CARMEN DE BOLIVAR,2023,12,1
13244,BOLIVAR,EL CARMEN DE BOLIVAR,2024,1,2
13244,BOLIVAR,EL CARMEN DE BOLIVAR,2024,6,1
13244,BOLIVAR,EL CARMEN DE BOLIVAR,2024,8,3
13244,BOLIVAR,EL CARMEN DE BOLIVAR,2024,10,1
13244,BOLIVAR,EL CARMEN DE BOLIVAR,2024,11,2
13244,BOLIVAR,EL CARMEN DE BOLIVAR,2025,1,1
13244,BOLIVAR,EL CARMEN DE BOLIVAR,2025,3,1
13244,BOLIVAR,EL CARMEN DE BOLIVAR,2025,4,1
13244,BOLIVAR,EL CARMEN DE BOLIVAR,2025,5,1
13244,BOLIVAR,EL CARMEN DE BOLIVAR,2025,6,1
13244,BOLIVAR,EL CARMEN DE BOLIVAR,2025,8,5
13244,BOLIVAR,EL CARMEN DE BOLIVAR,2025,9,5
13244,BOLIVAR,EL CARMEN DE BOLIVAR,2025,10,2
13244,BOLIVAR,EL CARMEN DE BOLIVAR,2025,11,1
13248,BOLIVAR,EL GUAMO,2023,12,1
13248,BOLIVAR,EL GUAMO,2024,6,1
13248,BOLIVAR,EL GUAMO,2025,2,1
13268,BOLIVAR,EL PEÑON,2023,2,1
13268,BOLIVAR,EL PEÑON,2024,7,1
13268,BOLIVAR,EL PEÑON,2025,5,1
13268,BOLIVAR,EL PEÑON,2025,8,2
13268,BOLIVAR,EL PEÑON,2025,9,1
13300,BOLIVAR,HATILLO DE LOBA,2024,5,1
13300,BOLIVAR,HATILLO DE LOBA,2024,11,1
13300,BOLIVAR,HATILLO DE LOBA,2025,5,1
13300,BOLIVAR,HATILLO DE LOBA,2025,6,1
13300,BOLIVAR,HATILLO DE LOBA,2025,7,1
13300,BOLIVAR,HATILLO DE LOBA,2025,12,1
13430,BOLIVAR,MAGANGUE,2023,3,1
13430,BOLIVAR,MAGANGUE,2023,8,2
13430,BOLIVAR,MAGANGUE,2023,9,1
13430,BOLIVAR,MAGANGUE,2023,10,1
13430,BOLIVAR,MAGANGUE,2023,12,3
13430,BOLIVAR,MAGANGUE,2024,1,2
13430,BOLIVAR,MAGANGUE,2024,2,2
13430,BOLIVAR,MAGANGUE,2024,3,1
13430,BOLIVAR,MAGANGUE,2024,4,1
13430,BOLIVAR,MAGANGUE,2024,5,1
13430,BOLIVAR,MAGANGUE,2024,7,3
13430,BOLIVAR,MAGANGUE,2024,8,3
13430,BOLIVAR,MAGANGUE,2024,11,1
13430,BOLIVAR,MAGANGUE,2024,12,3
13430,BOLIVAR,MAGANGUE,2025,1,4
13430,BOLIVAR,MAGANGUE,2025,2,1
13430,BOLIVAR,MAGANGUE,2025,3,2
13430,BOLIVAR,MAGANGUE,2025,4,4
13430,BOLIVAR,MAGANGUE,2025,6,1
13430,BOLIVAR,MAGANGUE,2025,7,1
13430,BOLIVAR,MAGANGUE,2025,8,1
13430,BOLIVAR,MAGANGUE,2025,9,1
13430,BOLIVAR,MAGANGUE,2025,10,3
13430,BOLIVAR,MAGANGUE,2025,11,1
13430,BOLIVAR,MAGANGUE,2025,12,1
13433,BOLIVAR,MAHATES,2023,9,1
13433,BOLIVAR,MAHATES,2023,12,1
13433,BOLIVAR,MAHATES,2024,1,1
13433,BOLIVAR,MAHATES,2024,3,1
13433,BOLIVAR,MAHATES,2024,12,1
13433,BOLIVAR,MAHATES,2025,3,1
13433,BOLIVAR,MAHATES,2025,4,1
13433,BOLIVAR,MAHATES,2025,7,1
13433,BOLIVAR,MAHATES,2025,11,1
13440,BOLIVAR,MARGARITA,2024,8,1
13442,BOLIVAR,MARIA LA BAJA,2023,2,1
13442,BOLIVAR,MARIA LA BAJA,2023,3,1
13442,BOLIVAR,MARIA LA BAJA,2023,4,1
13442,BOLIVAR,MARIA LA BAJA,2023,6,1
13442,BOLIVAR,MARIA LA BAJA,2023,10,1
13442,BOLIVAR,MARIA LA BAJA,2023,11,1
13442,BOLIVAR,MARIA LA BAJA,2023,12,4
13442,BOLIVAR,MARIA LA BAJA,2024,2,1
13442,BOLIVAR,MARIA LA BAJA,2024,4,2
13442,BOLIVAR,MARIA LA BAJA,2024,5,1
13442,BOLIVAR,MARIA LA BAJA,2024,6,1
13442,BOLIVAR,MARIA LA BAJA,2024,8,1
13442,BOLIVAR,MARIA LA BAJA,2024,11,1
13442,BOLIVAR,MARIA LA BAJA,2025,1,1
13442,BOLIVAR,MARIA LA BAJA,2025,4,1
13442,BOLIVAR,MARIA LA BAJA,2025,9,1
13442,BOLIVAR,MARIA LA BAJA,2025,12,1
13458,BOLIVAR,MONTECRISTO,2024,9,1
13458,BOLIVAR,MONTECRISTO,2025,8,1
13468,BOLIVAR,SANTA CRUZ DE MOMPOX,2023,1,1
13468,BOLIVAR,SANTA CRUZ DE MOMPOX,2023,3,2
13468,BOLIVAR,SANTA CRUZ DE MOMPOX,2023,4,1
13468,BOLIVAR,SANTA CRUZ DE MOMPOX,2023,10,1
13468,BOLIVAR,SANTA CRUZ DE MOMPOX,2023,11,1
13468,BOLIVAR,SANTA CRUZ DE MOMPOX,2024,9,1
13468,BOLIVAR,SANTA CRUZ DE MOMPOX,2024,12,1
13468,BOLIVAR,SANTA CRUZ DE MOMPOX,2025,1,1
13468,BOLIVAR,SANTA CRUZ DE MOMPOX,2025,7,1
13468,BOLIVAR,SANTA CRUZ DE MOMPOX,2025,8,5
13468,BOLIVAR,SANTA CRUZ DE MOMPOX,2025,11,1
13473,BOLIVAR,MORALES,2023,7,1
13473,BOLIVAR,MORALES,2023,11,1
13473,BOLIVAR,MORALES,2023,12,1
13473,BOLIVAR,MORALES,2024,1,1
13473,BOLIVAR,MORALES,2024,10,1
13473,BOLIVAR,MORALES,2024,12,1
13473,BOLIVAR,MORALES,2025,1,1
13473,BOLIVAR,MORALES,2025,5,1
13473,BOLIVAR,MORALES,2025,9,1
13473,BOLIVAR,MORALES,2025,11,2
13490,BOLIVAR,NOROSI,2024,1,1
13490,BOLIVAR,NOROSI,2024,4,1
13490,BOLIVAR,NOROSI,2025,4,1
13490,BOLIVAR,NOROSI,2025,6,2
13490,BOLIVAR,NOROSI,2025,8,1
13549,BOLIVAR,PINILLOS,2023,6,1
13549,BOLIVAR,PINILLOS,2024,10,1
13549,BOLIVAR,PINILLOS,2025,7,2
13580,BOLIVAR,REGIDOR,2023,8,1
13580,BOLIVAR,REGIDOR,2023,12,1
13580,BOLIVAR,REGIDOR,2024,1,1
13580,BOLIVAR,REGIDOR,2024,4,1
13580,BOLIVAR,REGIDOR,2024,5,1
13580,BOLIVAR,REGIDOR,2024,8,1
13580,BOLIVAR,REGIDOR,2024,10,1
13580,BOLIVAR,REGIDOR,2025,3,1
13600,BOLIVAR,RIO VIEJO,2023,2,1
13600,BOLIVAR,RIO VIEJO,2023,9,1
13600,BOLIVAR,RIO VIEJO,2023,12,2
13600,BOLIVAR,RIO VIEJO,2024,1,2
13600,BOLIVAR,RIO VIEJO,2024,4,1
13600,BOLIVAR,RIO VIEJO,2024,10,1
13600,BOLIVAR,RIO VIEJO,2025,3,1
13600,BOLIVAR,RIO VIEJO,2025,9,1
13600,BOLIVAR,RIO VIEJO,2025,10,1
13600,BOLIVAR,RIO VIEJO,2025,12,2
13620,BOLIVAR,SAN CRISTOBAL,2023,8,1
13620,BOLIVAR,SAN CRISTOBAL,2024,12,1
13620,BOLIVAR,SAN CRISTOBAL,2025,7,1
13620,BOLIVAR,SAN CRISTOBAL,2025,11,1
13620,BOLIVAR,SAN CRISTOBAL,2025,12,1
13647,BOLIVAR,SAN ESTANISLAO,2025,3,1
13647,BOLIVAR,SAN ESTANISLAO,2025,7,1
13650,BOLIVAR,SAN FERNANDO,2024,9,1
13654,BOLIVAR,SAN JACINTO,2023,3,1
13654,BOLIVAR,SAN JACINTO,2023,9,1
13654,BOLIVAR,SAN JACINTO,2023,10,1
13654,BOLIVAR,SAN JACINTO,2023,11,1
13654,BOLIVAR,SAN JACINTO,2024,1,1
13654,BOLIVAR,SAN JACINTO,2024,6,1
13654,BOLIVAR,SAN JACINTO,2024,10,1
13654,BOLIVAR,SAN JACINTO,2025,2,1
13654,BOLIVAR,SAN JACINTO,2025,8,2
13654,BOLIVAR,SAN JACINTO,2025,11,6
13655,BOLIVAR,SAN JACINTO DEL CAUCA,2024,7,1
13655,BOLIVAR,SAN JACINTO DEL CAUCA,2025,7,1
13655,BOLIVAR,SAN JACINTO DEL CAUCA,2025,8,1
13655,BOLIVAR,SAN JACINTO DEL CAUCA,2025,9,1
13657,BOLIVAR,SAN JUAN NEPOMUCENO,2023,5,1
13657,BOLIVAR,SAN JUAN NEPOMUCENO,2023,8,1
13657,BOLIVAR,SAN JUAN NEPOMUCENO,2023,9,1
13657,BOLIVAR,SAN JUAN NEPOMUCENO,2023,10,1
13657,BOLIVAR,SAN JUAN NEPOMUCENO,2024,8,1
13657,BOLIVAR,SAN JUAN NEPOMUCENO,2025,5,1
13657,BOLIVAR,SAN JUAN NEPOMUCENO,2025,6,2
13657,BOLIVAR,SAN JUAN NEPOMUCENO,2025,7,1
13657,BOLIVAR,SAN JUAN NEPOMUCENO,2025,8,1
13657,BOLIVAR,SAN JUAN NEPOMUCENO,2025,9,1
13657,BOLIVAR,SAN JUAN NEPOMUCENO,2025,10,1
13667,BOLIVAR,SAN MARTIN DE LOBA,2023,1,1
13667,BOLIVAR,SAN MARTIN DE LOBA,2023,9,1
13667,BOLIVAR,SAN MARTIN DE LOBA,2023,11,1
13667,BOLIVAR,SAN MARTIN DE LOBA,2024,12,2
13667,BOLIVAR,SAN MARTIN DE LOBA,2025,5,1
13667,BOLIVAR,SAN MARTIN DE LOBA,2025,6,1
13667,BOLIVAR,SAN MARTIN DE LOBA,2025,8,1
13667,BOLIVAR,SAN MARTIN DE LOBA,2025,9,3
13667,BOLIVAR,SAN MARTIN DE LOBA,2025,10,1
13670,BOLIVAR,SAN PABLO,2023,4,1
13670,BOLIVAR,SAN PABLO,2023,5,2
13670,BOLIVAR,SAN PABLO,2023,6,1
13670,BOLIVAR,SAN PABLO,2023,7,1
13670,BOLIVAR,SAN PABLO,2023,8,2
13670,BOLIVAR,SAN PABLO,2023,9,2
13670,BOLIVAR,SAN PABLO,2023,11,1
13670,BOLIVAR,SAN PABLO,2024,11,1
13670,BOLIVAR,SAN PABLO,2024,12,1
13670,BOLIVAR,SAN PABLO,2025,5,1
13670,BOLIVAR,SAN PABLO,2025,7,1
13670,BOLIVAR,SAN PABLO,2025,8,1
13670,BOLIVAR,SAN PABLO,2025,9,2
13670,BOLIVAR,SAN PABLO,2025,10,1
13670,BOLIVAR,SAN PABLO,2025,12,1
13673,BOLIVAR,SANTA CATALINA,2023,6,1
13673,BOLIVAR,SANTA CATALINA,2024,3,1
13673,BOLIVAR,SANTA CATALINA,2024,7,1
13673,BOLIVAR,SANTA CATALINA,2024,11,1
13673,BOLIVAR,SANTA CATALINA,2025,4,1
13673,BOLIVAR,SANTA CATALINA,2025,5,1
13673,BOLIVAR,SANTA CATALINA,2025,7,1
13683,BOLIVAR,SANTA ROSA,2023,1,1
13683,BOLIVAR,SANTA ROSA,2023,10,1
13683,BOLIVAR,SANTA ROSA,2024,4,1
13683,BOLIVAR,SANTA ROSA,2024,6,1
13683,BOLIVAR,SANTA ROSA,2024,8,2
13683,BOLIVAR,SANTA ROSA,2024,11,1
13683,BOLIVAR,SANTA ROSA,2024,12,1
13683,BOLIVAR,SANTA ROSA,2025,3,2
13683,BOLIVAR,SANTA ROSA,2025,4,1
13683,BOLIVAR,SANTA ROSA,2025,5,2
13683,BOLIVAR,SANTA ROSA,2025,6,2
13683,BOLIVAR,SANTA ROSA,2025,8,1
13683,BOLIVAR,SANTA ROSA,2025,11,1
13688,BOLIVAR,SANTA ROSA DEL SUR,2023,6,2
13688,BOLIVAR,SANTA ROSA DEL SUR,2023,9,1
13688,BOLIVAR,SANTA ROSA DEL SUR,2023,11,2
13688,BOLIVAR,SANTA ROSA DEL SUR,2024,2,2
13688,BOLIVAR,SANTA ROSA DEL SUR,2024,4,1
13688,BOLIVAR,SANTA ROSA DEL SUR,2024,6,1
13688,BOLIVAR,SANTA ROSA DEL SUR,2024,9,1
13688,BOLIVAR,SANTA ROSA DEL SUR,2025,2,1
13688,BOLIVAR,SANTA ROSA DEL SUR,2025,5,1
13688,BOLIVAR,SANTA ROSA DEL SUR,2025,7,1
13688,BOLIVAR,SANTA ROSA DEL SUR,2025,8,2
13688,BOLIVAR,SANTA ROSA DEL SUR,2025,9,1
13688,BOLIVAR,SANTA ROSA DEL SUR,2025,12,1
13744,BOLIVAR,SIMITI,2023,1,1
13744,BOLIVAR,SIMITI,2023,2,1
13744,BOLIVAR,SIMITI,2023,5,1
13744,BOLIVAR,SIMITI,2023,7,1
13744,BOLIVAR,SIMITI,2023,9,1
13744,BOLIVAR,SIMITI,2023,12,1
13744,BOLIVAR,SIMITI,2024,4,1
13744,BOLIVAR,SIMITI,2025,1,1
13744,BOLIVAR,SIMITI,2025,4,1
13744,BOLIVAR,SIMITI,2025,5,1
13780,BOLIVAR,TALAIGUA NUEVO,2024,12,1
13780,BOLIVAR,TALAIGUA NUEVO,2025,9,1
13810,BOLIVAR,TIQUISIO,2024,12,1
13810,BOLIVAR,TIQUISIO,2025,7,1
13836,BOLIVAR,TURBACO,2023,1,1
13836,BOLIVAR,TURBACO,2023,4,1
13836,BOLIVAR,TURBACO,2023,5,1
13836,BOLIVAR,TURBACO,2023,8,1
13836,BOLIVAR,TURBACO,2023,10,4
13836,BOLIVAR,TURBACO,2023,11,1
13836,BOLIVAR,TURBACO,2024,2,2
13836,BOLIVAR,TURBACO,2024,3,3
13836,BOLIVAR,TURBACO,2024,4,4
13836,BOLIVAR,TURBACO,2024,6,2
13836,BOLIVAR,TURBACO,2024,10,2
13836,BOLIVAR,TURBACO,2024,11,1
13836,BOLIVAR,TURBACO,2024,12,4
13836,BOLIVAR,TURBACO,2025,1,1
13836,BOLIVAR,TURBACO,2025,3,1
13836,BOLIVAR,TURBACO,2025,5,3
13836,BOLIVAR,TURBACO,2025,6,4
13836,BOLIVAR,TURBACO,2025,7,6
13836,BOLIVAR,TURBACO,2025,8,5
13836,BOLIVAR,TURBACO,2025,9,6
13836,BOLIVAR,TURBACO,2025,10,4
13836,BOLIVAR,TURBACO,2025,11,5
13836,BOLIVAR,TURBACO,2025,12,10
13838,BOLIVAR,TURBANA,2023,11,1
13838,BOLIVAR,TURBANA,2025,6,1
13838,BOLIVAR,TURBANA,2025,7,1
13838,BOLIVAR,TURBANA,2025,11,1
13873,BOLIVAR,VILLANUEVA,2023,7,1
13873,BOLIVAR,VILLANUEVA,2023,8,1
13873,BOLIVAR,VILLANUEVA,2024,5,1
13873,BOLIVAR,VILLANUEVA,2024,8,1
13873,BOLIVAR,VILLANUEVA,2024,9,3
13873,BOLIVAR,VILLANUEVA,2024,10,1
13873,BOLIVAR,VILLANUEVA,2024,11,1
13873,BOLIVAR,VILLANUEVA,2025,2,2
13873,BOLIVAR,VILLANUEVA,2025,3,1
13873,BOLIVAR,VILLANUEVA,2025,6,1
13873,BOLIVAR,VILLANUEVA,2025,8,1
13873,BOLIVAR,VILLANUEVA,2025,9,1
13873,BOLIVAR,VILLANUEVA,2025,11,1
13894,BOLIVAR,ZAMBRANO,2023,8,1
13894,BOLIVAR,ZAMBRANO,2023,11,1
13894,BOLIVAR,ZAMBRANO,2024,3,1
13894,BOLIVAR,ZAMBRANO,2025,2,1
13894,BOLIVAR,ZAMBRANO,2025,6,1
13894,BOLIVAR,ZAMBRANO,2025,12,1
15001,BOYACA,TUNJA,2023,1,2
15001,BOYACA,TUNJA,2023,2,5
15001,BOYACA,TUNJA,2023,3,6
15001,BOYACA,TUNJA,2023,4,1
15001,BOYACA,TUNJA,2023,5,2
15001,BOYACA,TUNJA,2023,6,6
15001,BOYACA,TUNJA,2023,7,3
15001,BOYACA,TUNJA,2023,8,5
15001,BOYACA,TUNJA,2023,9,4
15001,BOYACA,TUNJA,2023,10,6
15001,BOYACA,TUNJA,2023,11,3
15001,BOYACA,TUNJA,2023,12,3
15001,BOYACA,TUNJA,2024,1,2
15001,BOYACA,TUNJA,2024,2,4
15001,BOYACA,TUNJA,2024,3,3
15001,BOYACA,TUNJA,2024,4,1
15001,BOYACA,TUNJA,2024,5,2
15001,BOYACA,TUNJA,2024,7,1
15001,BOYACA,TUNJA,2024,8,2
15001,BOYACA,TUNJA,2024,9,3
15001,BOYACA,TUNJA,2024,10,4
15001,BOYACA,TUNJA,2024,11,2
15001,BOYACA,TUNJA,2024,12,6
15001,BOYACA,TUNJA,2025,1,1
15001,BOYACA,TUNJA,2025,2,1
15001,BOYACA,TUNJA,2025,3,3
15001,BOYACA,TUNJA,2025,5,5
15001,BOYACA,TUNJA,2025,6,7
15001,BOYACA,TUNJA,2025,7,4
15001,BOYACA,TUNJA,2025,8,8
15001,BOYACA,TUNJA,2025,9,6
15001,BOYACA,TUNJA,2025,10,10
15001,BOYACA,TUNJA,2025,11,7
15001,BOYACA,TUNJA,2025,12,5
15051,BOYACA,ARCABUCO,2023,7,1
15051,BOYACA,ARCABUCO,2024,10,1
15087,BOYACA,BELEN,2024,9,1
15087,BOYACA,BELEN,2024,10,1
15087,BOYACA,BELEN,2024,12,1
15087,BOYACA,BELEN,2025,2,1
15104,BOYACA,BOYACA,2024,10,1
15131,BOYACA,CALDAS,2023,9,1
15131,BOYACA,CALDAS,2024,9,1
15131,BOYACA,CALDAS,2025,1,1
15131,BOYACA,CALDAS,2025,11,1
15172,BOYACA,CHINAVITA,2024,8,1
15172,BOYACA,CHINAVITA,2024,12,1
15176,BOYACA,CHIQUINQUIRA,2023,2,1
15176,BOYACA,CHIQUINQUIRA,2023,3,1
15176,BOYACA,CHIQUINQUIRA,2023,5,1
15176,BOYACA,CHIQUINQUIRA,2023,6,2
15176,BOYACA,CHIQUINQUIRA,2023,7,1
15176,BOYACA,CHIQUINQUIRA,2023,10,3
15176,BOYACA,CHIQUINQUIRA,2023,11,2
15176,BOYACA,CHIQUINQUIRA,2023,12,1
15176,BOYACA,CHIQUINQUIRA,2024,5,1
15176,BOYACA,CHIQUINQUIRA,2024,8,1
15176,BOYACA,CHIQUINQUIRA,2024,10,2
15176,BOYACA,CHIQUINQUIRA,2024,11,2
15176,BOYACA,CHIQUINQUIRA,2025,1,1
15176,BOYACA,CHIQUINQUIRA,2025,5,1
15176,BOYACA,CHIQUINQUIRA,2025,7,2
15176,BOYACA,CHIQUINQUIRA,2025,11,2
15176,BOYACA,CHIQUINQUIRA,2025,12,1
15180,BOYACA,CHISCAS,2023,2,1
15183,BOYACA,CHITA,2023,11,1
15183,BOYACA,CHITA,2025,5,1
15183,BOYACA,CHITA,2025,7,1
15183,BOYACA,CHITA,2025,8,1
15183,BOYACA,CHITA,2025,9,1
15183,BOYACA,CHITA,2025,10,1
15187,BOYACA,CHIVATA,2024,2,1
15187,BOYACA,CHIVATA,2025,11,1
15189,BOYACA,CIENEGA,2023,5,1
15204,BOYACA,COMBITA,2023,1,1
15204,BOYACA,COMBITA,2023,2,4
15204,BOYACA,COMBITA,2023,3,3
15204,BOYACA,COMBITA,2023,4,3
15204,BOYACA,COMBITA,2023,5,2
15204,BOYACA,COMBITA,2023,6,2
15204,BOYACA,COMBITA,2023,7,3
15204,BOYACA,COMBITA,2023,9,3
15204,BOYACA,COMBITA,2023,10,3
15204,BOYACA,COMBITA,2023,11,1
15204,BOYACA,COMBITA,2023,12,2
15204,BOYACA,COMBITA,2024,2,2
15204,BOYACA,COMBITA,2024,3,1
15204,BOYACA,COMBITA,2024,5,1
15204,BOYACA,COMBITA,2024,6,1
15204,BOYACA,COMBITA,2024,7,4
15204,BOYACA,COMBITA,2024,8,1
15204,BOYACA,COMBITA,2024,9,1
15204,BOYACA,COMBITA,2024,11,1
15204,BOYACA,COMBITA,2024,12,3
15204,BOYACA,COMBITA,2025,2,2
15204,BOYACA,COMBITA,2025,4,2
15204,BOYACA,COMBITA,2025,5,2
15204,BOYACA,COMBITA,2025,8,3
15204,BOYACA,COMBITA,2025,9,4
15204,BOYACA,COMBITA,2025,10,1
15204,BOYACA,COMBITA,2025,12,3
15215,BOYACA,CORRALES,2025,10,1
15232,BOYACA,CHIQUIZA,2025,10,1
15238,BOYACA,DUITAMA,2023,1,3
15238,BOYACA,DUITAMA,2023,2,4
15238,BOYACA,DUITAMA,2023,3,1
15238,BOYACA,DUITAMA,2023,5,2
15238,BOYACA,DUITAMA,2023,8,2
15238,BOYACA,DUITAMA,2023,9,3
15238,BOYACA,DUITAMA,2023,10,3
15238,BOYACA,DUITAMA,2023,11,3
15238,BOYACA,DUITAMA,2023,12,1
15238,BOYACA,DUITAMA,2024,1,3
15238,BOYACA,DUITAMA,2024,2,1
15238,BOYACA,DUITAMA,2024,4,2
15238,BOYACA,DUITAMA,2024,5,1
15238,BOYACA,DUITAMA,2024,6,1
15238,BOYACA,DUITAMA,2024,7,1
15238,BOYACA,DUITAMA,2024,8,3
15238,BOYACA,DUITAMA,2024,9,5
15238,BOYACA,DUITAMA,2024,10,4
15238,BOYACA,DUITAMA,2024,11,5
15238,BOYACA,DUITAMA,2024,12,2
15238,BOYACA,DUITAMA,2025,2,2
15238,BOYACA,DUITAMA,2025,3,3
15238,BOYACA,DUITAMA,2025,5,3
15238,BOYACA,DUITAMA,2025,6,1
15238,BOYACA,DUITAMA,2025,7,3
15238,BOYACA,DUITAMA,2025,9,1
15238,BOYACA,DUITAMA,2025,10,3
15238,BOYACA,DUITAMA,2025,11,2
15238,BOYACA,DUITAMA,2025,12,3
15272,BOYACA,FIRAVITOBA,2023,12,1
15272,BOYACA,FIRAVITOBA,2025,4,1
15296,BOYACA,GAMEZA,2023,10,1
15299,BOYACA,GARAGOA,2024,1,1
15299,BOYACA,GARAGOA,2024,7,1
15299,BOYACA,GARAGOA,2024,11,1
15299,BOYACA,GARAGOA,2025,1,1
15317,BOYACA,GUACAMAYAS,2025,8,1
15322,BOYACA,GUATEQUE,2023,1,1
15322,BOYACA,GUATEQUE,2023,6,1
15322,BOYACA,GUATEQUE,2024,12,2
15322,BOYACA,GUATEQUE,2025,6,1
15332,BOYACA,GÜICAN DE LA SIERRA,2025,9,1
15362,BOYACA,IZA,2025,7,1
15367,BOYACA,JENESANO,2023,12,1
15367,BOYACA,JENESANO,2025,10,1
15377,BOYACA,LABRANZAGRANDE,2023,2,1
15377,BOYACA,LABRANZAGRANDE,2024,8,1
15377,BOYACA,LABRANZAGRANDE,2025,4,1
15377,BOYACA,LABRANZAGRANDE,2025,6,1
15377,BOYACA,LABRANZAGRANDE,2025,7,1
15380,BOYACA,LA CAPILLA,2023,11,1
15380,BOYACA,LA CAPILLA,2025,8,1
15403,BOYACA,LA UVITA,2023,9,2
15407,BOYACA,VILLA DE LEYVA,2023,1,1
15407,BOYACA,VILLA DE LEYVA,2023,9,1
15407,BOYACA,VILLA DE LEYVA,2024,1,1
15407,BOYACA,VILLA DE LEYVA,2024,3,2
15407,BOYACA,VILLA DE LEYVA,2025,3,1
15407,BOYACA,VILLA DE LEYVA,2025,4,1
15407,BOYACA,VILLA DE LEYVA,2025,7,1
15407,BOYACA,VILLA DE LEYVA,2025,8,1
15407,BOYACA,VILLA DE LEYVA,2025,10,1
15407,BOYACA,VILLA DE LEYVA,2025,11,1
15442,BOYACA,MARIPI,2023,4,1
15464,BOYACA,MONGUA,2024,3,1
15464,BOYACA,MONGUA,2025,6,1
15466,BOYACA,MONGUI,2024,8,1
15469,BOYACA,MONIQUIRA,2023,1,1
15469,BOYACA,MONIQUIRA,2023,2,1
15469,BOYACA,MONIQUIRA,2023,10,1
15469,BOYACA,MONIQUIRA,2024,3,1
15469,BOYACA,MONIQUIRA,2024,12,1
15469,BOYACA,MONIQUIRA,2025,6,1
15469,BOYACA,MONIQUIRA,2025,9,1
15491,BOYACA,NOBSA,2023,3,1
15491,BOYACA,NOBSA,2024,9,1
15494,BOYACA,NUEVO COLON,2025,7,1
15500,BOYACA,OICATA,2023,7,1
15500,BOYACA,OICATA,2024,2,1
15500,BOYACA,OICATA,2025,2,1
15500,BOYACA,OICATA,2025,8,1
15500,BOYACA,OICATA,2025,10,1
15507,BOYACA,OTANCHE,2023,6,1
15514,BOYACA,PAEZ,2023,11,1
15516,BOYACA,PAIPA,2023,1,1
15516,BOYACA,PAIPA,2023,3,1
15516,BOYACA,PAIPA,2023,6,1
15516,BOYACA,PAIPA,2023,8,1
15516,BOYACA,PAIPA,2023,10,1
15516,BOYACA,PAIPA,2023,12,1
15516,BOYACA,PAIPA,2024,5,2
15516,BOYACA,PAIPA,2025,1,1
15516,BOYACA,PAIPA,2025,3,2
15516,BOYACA,PAIPA,2025,5,1
15516,BOYACA,PAIPA,2025,9,1
15516,BOYACA,PAIPA,2025,10,1
15518,BOYACA,PAJARITO,2025,1,1
15518,BOYACA,PAJARITO,2025,8,1
15531,BOYACA,PAUNA,2024,9,1
15531,BOYACA,PAUNA,2025,9,1
15542,BOYACA,PESCA,2024,5,1
15542,BOYACA,PESCA,2025,10,1
15572,BOYACA,PUERTO BOYACA,2023,11,1
15572,BOYACA,PUERTO BOYACA,2023,12,1
15572,BOYACA,PUERTO BOYACA,2024,1,1
15572,BOYACA,PUERTO BOYACA,2024,6,1
15572,BOYACA,PUERTO BOYACA,2025,2,1
15572,BOYACA,PUERTO BOYACA,2025,3,1
15572,BOYACA,PUERTO BOYACA,2025,6,1
15572,BOYACA,PUERTO BOYACA,2025,7,2
15572,BOYACA,PUERTO BOYACA,2025,8,3
15572,BOYACA,PUERTO BOYACA,2025,9,1
15572,BOYACA,PUERTO BOYACA,2025,10,1
15580,BOYACA,QUIPAMA,2024,4,1
15599,BOYACA,RAMIRIQUI,2023,10,1
15599,BOYACA,RAMIRIQUI,2025,2,1
15599,BOYACA,RAMIRIQUI,2025,4,1
15600,BOYACA,RAQUIRA,2023,5,1
15600,BOYACA,RAQUIRA,2023,8,1
15600,BOYACA,RAQUIRA,2025,6,1
15632,BOYACA,SABOYA,2024,10,1
15632,BOYACA,SABOYA,2024,11,1
15632,BOYACA,SABOYA,2025,4,1
15638,BOYACA,SACHICA,2024,9,1
15646,BOYACA,SAMACA,2023,3,1
15646,BOYACA,SAMACA,2023,11,1
15646,BOYACA,SAMACA,2024,2,1
15646,BOYACA,SAMACA,2024,3,2
15646,BOYACA,SAMACA,2024,7,1
15667,BOYACA,SAN LUIS DE GACENO,2025,4,1
15673,BOYACA,SAN MATEO,2023,11,1
15673,BOYACA,SAN MATEO,2024,5,1
15673,BOYACA,SAN MATEO,2025,10,1
15681,BOYACA,SAN PABLO DE BORBUR,2023,9,1
15681,BOYACA,SAN PABLO DE BORBUR,2025,12,1
15686,BOYACA,SANTANA,2023,1,1
15693,BOYACA,SANTA ROSA DE VITERBO,2024,3,1
15693,BOYACA,SANTA ROSA DE VITERBO,2024,5,1
15693,BOYACA,SANTA ROSA DE VITERBO,2024,7,1
15693,BOYACA,SANTA ROSA DE VITERBO,2024,10,1
15693,BOYACA,SANTA ROSA DE VITERBO,2024,11,1
15693,BOYACA,SANTA ROSA DE VITERBO,2025,1,1
15693,BOYACA,SANTA ROSA DE VITERBO,2025,4,1
15693,BOYACA,SANTA ROSA DE VITERBO,2025,9,1
15720,BOYACA,SATIVANORTE,2023,6,1
15723,BOYACA,SATIVASUR,2025,5,1
15740,BOYACA,SIACHOQUE,2023,12,1
15753,BOYACA,SOATA,2024,1,1
15753,BOYACA,SOATA,2025,9,1
15755,BOYACA,SOCOTA,2023,3,1
15755,BOYACA,SOCOTA,2023,9,1
15755,BOYACA,SOCOTA,2024,11,1
15755,BOYACA,SOCOTA,2025,9,1
15757,BOYACA,SOCHA,2024,8,1
15757,BOYACA,SOCHA,2025,3,1
15757,BOYACA,SOCHA,2025,4,1
15757,BOYACA,SOCHA,2025,11,1
15759,BOYACA,SOGAMOSO,2023,2,2
15759,BOYACA,SOGAMOSO,2023,3,3
15759,BOYACA,SOGAMOSO,2023,4,4
15759,BOYACA,SOGAMOSO,2023,5,4
15759,BOYACA,SOGAMOSO,2023,6,4
15759,BOYACA,SOGAMOSO,2023,7,4
15759,BOYACA,SOGAMOSO,2023,8,2
15759,BOYACA,SOGAMOSO,2023,9,7
15759,BOYACA,SOGAMOSO,2023,10,1
15759,BOYACA,SOGAMOSO,2023,11,1
15759,BOYACA,SOGAMOSO,2023,12,2
15759,BOYACA,SOGAMOSO,2024,1,2
15759,BOYACA,SOGAMOSO,2024,2,2
15759,BOYACA,SOGAMOSO,2024,3,2
15759,BOYACA,SOGAMOSO,2024,5,2
15759,BOYACA,SOGAMOSO,2024,6,1
15759,BOYACA,SOGAMOSO,2024,7,2
15759,BOYACA,SOGAMOSO,2024,8,1
15759,BOYACA,SOGAMOSO,2024,9,3
15759,BOYACA,SOGAMOSO,2024,10,2
15759,BOYACA,SOGAMOSO,2024,11,3
15759,BOYACA,SOGAMOSO,2024,12,3
15759,BOYACA,SOGAMOSO,2025,1,1
15759,BOYACA,SOGAMOSO,2025,3,1
15759,BOYACA,SOGAMOSO,2025,4,1
15759,BOYACA,SOGAMOSO,2025,5,1
15759,BOYACA,SOGAMOSO,2025,6,2
15759,BOYACA,SOGAMOSO,2025,7,1
15759,BOYACA,SOGAMOSO,2025,8,2
15759,BOYACA,SOGAMOSO,2025,9,2
15759,BOYACA,SOGAMOSO,2025,10,1
15759,BOYACA,SOGAMOSO,2025,11,2
15759,BOYACA,SOGAMOSO,2025,12,3
15761,BOYACA,SOMONDOCO,2023,12,1
15763,BOYACA,SOTAQUIRA,2023,2,1
15763,BOYACA,SOTAQUIRA,2023,7,1
15763,BOYACA,SOTAQUIRA,2023,11,1
15763,BOYACA,SOTAQUIRA,2024,1,2
15763,BOYACA,SOTAQUIRA,2024,2,1
15764,BOYACA,SORACA,2023,3,1
15778,BOYACA,SUTATENZA,2024,11,1
15778,BOYACA,SUTATENZA,2024,12,2
15804,BOYACA,TIBANA,2024,3,1
15804,BOYACA,TIBANA,2025,8,1
15806,BOYACA,TIBASOSA,2023,1,1
15806,BOYACA,TIBASOSA,2023,7,1
15806,BOYACA,TIBASOSA,2023,12,1
15806,BOYACA,TIBASOSA,2024,11,1
15806,BOYACA,TIBASOSA,2025,9,2
15816,BOYACA,TOGÜI,2025,10,1
15837,BOYACA,TUTA,2023,1,7
15837,BOYACA,TUTA,2023,2,4
15837,BOYACA,TUTA,2023,3,4
15837,BOYACA,TUTA,2023,4,2
15837,BOYACA,TUTA,2023,5,5
15837,BOYACA,TUTA,2023,6,4
15837,BOYACA,TUTA,2023,7,3
15837,BOYACA,TUTA,2023,8,1
15837,BOYACA,TUTA,2023,9,1
15837,BOYACA,TUTA,2023,10,1
15837,BOYACA,TUTA,2023,11,1
15837,BOYACA,TUTA,2024,1,4
15837,BOYACA,TUTA,2024,2,4
15837,BOYACA,TUTA,2024,3,3
15837,BOYACA,TUTA,2024,5,5
15837,BOYACA,TUTA,2024,6,2
15837,BOYACA,TUTA,2024,7,2
15837,BOYACA,TUTA,2025,1,2
15837,BOYACA,TUTA,2025,2,2
15837,BOYACA,TUTA,2025,3,2
15837,BOYACA,TUTA,2025,4,2
15837,BOYACA,TUTA,2025,5,1
15837,BOYACA,TUTA,2025,6,1
15837,BOYACA,TUTA,2025,7,2
15837,BOYACA,TUTA,2025,8,2
15837,BOYACA,TUTA,2025,9,4
15842,BOYACA,UMBITA,2024,5,1
15861,BOYACA,VENTAQUEMADA,2024,8,1
15861,BOYACA,VENTAQUEMADA,2024,11,1
15897,BOYACA,ZETAQUIRA,2023,11,1
15897,BOYACA,ZETAQUIRA,2024,7,1
17001,CALDAS,MANIZALES,2023,1,5
17001,CALDAS,MANIZALES,2023,2,4
17001,CALDAS,MANIZALES,2023,3,2
17001,CALDAS,MANIZALES,2023,4,4
17001,CALDAS,MANIZALES,2023,5,2
17001,CALDAS,MANIZALES,2023,6,3
17001,CALDAS,MANIZALES,2023,7,4
17001,CALDAS,MANIZALES,2023,9,3
17001,CALDAS,MANIZALES,2023,10,3
17001,CALDAS,MANIZALES,2023,11,3
17001,CALDAS,MANIZALES,2023,12,4
17001,CALDAS,MANIZALES,2024,1,6
17001,CALDAS,MANIZALES,2024,2,3
17001,CALDAS,MANIZALES,2024,3,3
17001,CALDAS,MANIZALES,2024,4,4
17001,CALDAS,MANIZALES,2024,5,7
17001,CALDAS,MANIZALES,2024,6,1
17001,CALDAS,MANIZALES,2024,7,7
17001,CALDAS,MANIZALES,2024,8,3
17001,CALDAS,MANIZALES,2024,9,5
17001,CALDAS,MANIZALES,2024,10,2
17001,CALDAS,MANIZALES,2024,11,3
17001,CALDAS,MANIZALES,2024,12,3
17001,CALDAS,MANIZALES,2025,1,2
17001,CALDAS,MANIZALES,2025,2,1
17001,CALDAS,MANIZALES,2025,3,1
17001,CALDAS,MANIZALES,2025,4,3
17001,CALDAS,MANIZALES,2025,5,2
17001,CALDAS,MANIZALES,2025,6,3
17001,CALDAS,MANIZALES,2025,7,5
17001,CALDAS,MANIZALES,2025,8,5
17001,CALDAS,MANIZALES,2025,9,3
17001,CALDAS,MANIZALES,2025,10,5
17001,CALDAS,MANIZALES,2025,11,1
17001,CALDAS,MANIZALES,2025,12,8
17042,CALDAS,ANSERMA,2023,5,1
17042,CALDAS,ANSERMA,2023,9,1
17042,CALDAS,ANSERMA,2024,1,1
17042,CALDAS,ANSERMA,2024,2,1
17042,CALDAS,ANSERMA,2024,9,1
17042,CALDAS,ANSERMA,2025,10,1
17088,CALDAS,BELALCAZAR,2023,4,1
17088,CALDAS,BELALCAZAR,2023,10,1
17088,CALDAS,BELALCAZAR,2023,12,2
17088,CALDAS,BELALCAZAR,2024,2,1
17088,CALDAS,BELALCAZAR,2025,5,1
17174,CALDAS,CHINCHINA,2023,5,1
17174,CALDAS,CHINCHINA,2023,6,1
17174,CALDAS,CHINCHINA,2023,12,1
17174,CALDAS,CHINCHINA,2024,10,1
17174,CALDAS,CHINCHINA,2025,3,1
17174,CALDAS,CHINCHINA,2025,4,1
17174,CALDAS,CHINCHINA,2025,7,1
17174,CALDAS,CHINCHINA,2025,9,1
17174,CALDAS,CHINCHINA,2025,11,1
17174,CALDAS,CHINCHINA,2025,12,1
17272,CALDAS,FILADELFIA,2023,8,1
17380,CALDAS,LA DORADA,2023,1,2
17380,CALDAS,LA DORADA,2023,3,1
17380,CALDAS,LA DORADA,2023,4,2
17380,CALDAS,LA DORADA,2023,5,1
17380,CALDAS,LA DORADA,2023,6,2
17380,CALDAS,LA DORADA,2023,7,2
17380,CALDAS,LA DORADA,2023,8,3
17380,CALDAS,LA DORADA,2023,10,2
17380,CALDAS,LA DORADA,2023,12,1
17380,CALDAS,LA DORADA,2024,1,3
17380,CALDAS,LA DORADA,2024,2,3
17380,CALDAS,LA DORADA,2024,4,1
17380,CALDAS,LA DORADA,2024,5,6
17380,CALDAS,LA DORADA,2024,6,3
17380,CALDAS,LA DORADA,2024,7,3
17380,CALDAS,LA DORADA,2024,8,1
17380,CALDAS,LA DORADA,2024,9,1
17380,CALDAS,LA DORADA,2024,12,1
17380,CALDAS,LA DORADA,2025,1,5
17380,CALDAS,LA DORADA,2025,2,2
17380,CALDAS,LA DORADA,2025,3,3
17380,CALDAS,LA DORADA,2025,5,1
17380,CALDAS,LA DORADA,2025,7,2
17380,CALDAS,LA DORADA,2025,8,1
17380,CALDAS,LA DORADA,2025,9,2
17380,CALDAS,LA DORADA,2025,10,3
17380,CALDAS,LA DORADA,2025,11,2
17388,CALDAS,LA MERCED,2024,6,1
17433,CALDAS,MANZANARES,2024,11,1
17442,CALDAS,MARMATO,2023,6,1
17442,CALDAS,MARMATO,2025,2,1
17442,CALDAS,MARMATO,2025,12,1
17444,CALDAS,MARQUETALIA,2025,9,1
17486,CALDAS,NEIRA,2023,2,1
17486,CALDAS,NEIRA,2023,10,1
17486,CALDAS,NEIRA,2023,11,1
17486,CALDAS,NEIRA,2024,10,1
17486,CALDAS,NEIRA,2025,11,1
17495,CALDAS,NORCASIA,2024,1,1
17495,CALDAS,NORCASIA,2024,6,1
17495,CALDAS,NORCASIA,2025,7,1
17513,CALDAS,PACORA,2023,6,1
17513,CALDAS,PACORA,2024,10,1
17524,CALDAS,PALESTINA,2023,8,1
17524,CALDAS,PALESTINA,2024,8,1
17524,CALDAS,PALESTINA,2025,2,1
17524,CALDAS,PALESTINA,2025,5,1
17524,CALDAS,PALESTINA,2025,7,1
17541,CALDAS,PENSILVANIA,2023,1,1
17541,CALDAS,PENSILVANIA,2023,2,1
17541,CALDAS,PENSILVANIA,2023,3,1
17541,CALDAS,PENSILVANIA,2024,9,2
17614,CALDAS,RIOSUCIO,2023,5,1
17614,CALDAS,RIOSUCIO,2023,9,1
17614,CALDAS,RIOSUCIO,2023,10,1
17614,CALDAS,RIOSUCIO,2023,11,1
17614,CALDAS,RIOSUCIO,2023,12,1
17614,CALDAS,RIOSUCIO,2024,2,3
17614,CALDAS,RIOSUCIO,2024,11,1
17614,CALDAS,RIOSUCIO,2025,3,1
17614,CALDAS,RIOSUCIO,2025,5,1
17614,CALDAS,RIOSUCIO,2025,6,2
17614,CALDAS,RIOSUCIO,2025,9,1
17616,CALDAS,RISARALDA,2025,11,1
17653,CALDAS,SALAMINA,2023,9,1
17653,CALDAS,SALAMINA,2023,12,1
17653,CALDAS,SALAMINA,2025,7,1
17653,CALDAS,SALAMINA,2025,12,1
17662,CALDAS,SAMANA,2024,5,1
17662,CALDAS,SAMANA,2025,1,1
17662,CALDAS,SAMANA,2025,6,1
17662,CALDAS,SAMANA,2025,10,1
17777,CALDAS,SUPIA,2023,3,1
17777,CALDAS,SUPIA,2023,4,1
17777,CALDAS,SUPIA,2023,11,1
17777,CALDAS,SUPIA,2024,1,1
17777,CALDAS,SUPIA,2024,4,1
17777,CALDAS,SUPIA,2024,5,1
17777,CALDAS,SUPIA,2025,1,1
17777,CALDAS,SUPIA,2025,4,1
17777,CALDAS,SUPIA,2025,9,1
17777,CALDAS,SUPIA,2025,10,1
17777,CALDAS,SUPIA,2025,11,1
17777,CALDAS,SUPIA,2025,12,1
17867,CALDAS,VICTORIA,2025,7,1
17873,CALDAS,VILLAMARIA,2023,1,1
17873,CALDAS,VILLAMARIA,2023,6,2
17873,CALDAS,VILLAMARIA,2023,9,2
17873,CALDAS,VILLAMARIA,2023,10,1
17873,CALDAS,VILLAMARIA,2023,11,2
17873,CALDAS,VILLAMARIA,2024,3,1
17873,CALDAS,VILLAMARIA,2024,5,1
17873,CALDAS,VILLAMARIA,2024,11,1
17873,CALDAS,VILLAMARIA,2024,12,2
17873,CALDAS,VILLAMARIA,2025,1,3
17873,CALDAS,VILLAMARIA,2025,6,1
17873,CALDAS,VILLAMARIA,2025,8,1
17877,CALDAS,VITERBO,2023,7,1
17877,CALDAS,VITERBO,2023,9,1
17877,CALDAS,VITERBO,2024,7,2
18001,CAQUETA,FLORENCIA,2023,1,4
18001,CAQUETA,FLORENCIA,2023,2,1
18001,CAQUETA,FLORENCIA,2023,3,1
18001,CAQUETA,FLORENCIA,2023,4,1
18001,CAQUETA,FLORENCIA,2023,5,2
18001,CAQUETA,FLORENCIA,2023,6,2
18001,CAQUETA,FLORENCIA,2023,7,2
18001,CAQUETA,FLORENCIA,2023,8,5
18001,CAQUETA,FLORENCIA,2023,9,4
18001,CAQUETA,FLORENCIA,2023,10,8
18001,CAQUETA,FLORENCIA,2023,11,8
18001,CAQUETA,FLORENCIA,2023,12,5
18001,CAQUETA,FLORENCIA,2024,1,4
18001,CAQUETA,FLORENCIA,2024,2,4
18001,CAQUETA,FLORENCIA,2024,3,3
18001,CAQUETA,FLORENCIA,2024,4,3
18001,CAQUETA,FLORENCIA,2024,5,8
18001,CAQUETA,FLORENCIA,2024,6,8
18001,CAQUETA,FLORENCIA,2024,7,10
18001,CAQUETA,FLORENCIA,2024,8,7
18001,CAQUETA,FLORENCIA,2024,9,7
18001,CAQUETA,FLORENCIA,2024,10,14
18001,CAQUETA,FLORENCIA,2024,11,10
18001,CAQUETA,FLORENCIA,2024,12,8
18001,CAQUETA,FLORENCIA,2025,1,7
18001,CAQUETA,FLORENCIA,2025,2,7
18001,CAQUETA,FLORENCIA,2025,3,7
18001,CAQUETA,FLORENCIA,2025,4,8
18001,CAQUETA,FLORENCIA,2025,5,6
18001,CAQUETA,FLORENCIA,2025,6,4
18001,CAQUETA,FLORENCIA,2025,7,7
18001,CAQUETA,FLORENCIA,2025,8,4
18001,CAQUETA,FLORENCIA,2025,9,14
18001,CAQUETA,FLORENCIA,2025,10,7
18001,CAQUETA,FLORENCIA,2025,11,7
18001,CAQUETA,FLORENCIA,2025,12,4
18029,CAQUETA,ALBANIA,2024,8,1
18029,CAQUETA,ALBANIA,2025,9,1
18029,CAQUETA,ALBANIA,2025,10,1
18094,CAQUETA,BELEN DE LOS ANDAQUIES,2024,8,1
18150,CAQUETA,CARTAGENA DEL CHAIRA,2023,2,1
18150,CAQUETA,CARTAGENA DEL CHAIRA,2023,3,1
18150,CAQUETA,CARTAGENA DEL CHAIRA,2023,7,1
18150,CAQUETA,CARTAGENA DEL CHAIRA,2024,2,1
18150,CAQUETA,CARTAGENA DEL CHAIRA,2024,7,1
18150,CAQUETA,CARTAGENA DEL CHAIRA,2024,9,1
18150,CAQUETA,CARTAGENA DEL CHAIRA,2024,11,1
18150,CAQUETA,CARTAGENA DEL CHAIRA,2024,12,1
18150,CAQUETA,CARTAGENA DEL CHAIRA,2025,1,1
18150,CAQUETA,CARTAGENA DEL CHAIRA,2025,3,1
18150,CAQUETA,CARTAGENA DEL CHAIRA,2025,4,1
18150,CAQUETA,CARTAGENA DEL CHAIRA,2025,5,1
18150,CAQUETA,CARTAGENA DEL CHAIRA,2025,6,1
18150,CAQUETA,CARTAGENA DEL CHAIRA,2025,7,1
18150,CAQUETA,CARTAGENA DEL CHAIRA,2025,10,1
18150,CAQUETA,CARTAGENA DEL CHAIRA,2025,11,2
18150,CAQUETA,CARTAGENA DEL CHAIRA,2025,12,2
18205,CAQUETA,CURILLO,2023,11,2
18205,CAQUETA,CURILLO,2024,8,1
18205,CAQUETA,CURILLO,2025,2,1
18205,CAQUETA,CURILLO,2025,3,2
18205,CAQUETA,CURILLO,2025,7,1
18247,CAQUETA,EL DONCELLO,2023,1,1
18247,CAQUETA,EL DONCELLO,2023,10,1
18247,CAQUETA,EL DONCELLO,2024,2,1
18247,CAQUETA,EL DONCELLO,2024,3,1
18247,CAQUETA,EL DONCELLO,2024,5,2
18247,CAQUETA,EL DONCELLO,2025,1,1
18247,CAQUETA,EL DONCELLO,2025,2,1
18247,CAQUETA,EL DONCELLO,2025,6,2
18247,CAQUETA,EL DONCELLO,2025,7,1
18247,CAQUETA,EL DONCELLO,2025,8,1
18256,CAQUETA,EL PAUJIL,2024,1,1
18256,CAQUETA,EL PAUJIL,2024,5,2
18256,CAQUETA,EL PAUJIL,2025,7,1
18256,CAQUETA,EL PAUJIL,2025,9,1
18410,CAQUETA,LA MONTAÑITA,2023,6,1
18410,CAQUETA,LA MONTAÑITA,2023,11,1
18410,CAQUETA,LA MONTAÑITA,2024,1,1
18410,CAQUETA,LA MONTAÑITA,2024,10,1
18410,CAQUETA,LA MONTAÑITA,2025,1,1
18410,CAQUETA,LA MONTAÑITA,2025,7,1
18410,CAQUETA,LA MONTAÑITA,2025,8,1
18460,CAQUETA,MILAN,2024,1,1
18460,CAQUETA,MILAN,2024,3,2
18460,CAQUETA,MILAN,2024,4,1
18460,CAQUETA,MILAN,2024,6,1
18460,CAQUETA,MILAN,2025,4,1
18460,CAQUETA,MILAN,2025,8,1
18460,CAQUETA,MILAN,2025,10,1
18479,CAQUETA,MORELIA,2023,1,1
18479,CAQUETA,MORELIA,2023,10,1
18479,CAQUETA,MORELIA,2023,12,1
18479,CAQUETA,MORELIA,2024,7,1
18479,CAQUETA,MORELIA,2025,3,1
18479,CAQUETA,MORELIA,2025,4,1
18592,CAQUETA,PUERTO RICO,2023,3,1
18592,CAQUETA,PUERTO RICO,2023,11,1
18592,CAQUETA,PUERTO RICO,2023,12,1
18592,CAQUETA,PUERTO RICO,2024,1,1
18592,CAQUETA,PUERTO RICO,2024,6,1
18592,CAQUETA,PUERTO RICO,2024,7,1
18592,CAQUETA,PUERTO RICO,2024,12,2
18592,CAQUETA,PUERTO RICO,2025,6,1
18592,CAQUETA,PUERTO RICO,2025,10,2
18610,CAQUETA,SAN JOSE DEL FRAGUA,2023,8,1
18610,CAQUETA,SAN JOSE DEL FRAGUA,2023,11,2
18610,CAQUETA,SAN JOSE DEL FRAGUA,2024,2,1
18610,CAQUETA,SAN JOSE DEL FRAGUA,2024,12,1
18610,CAQUETA,SAN JOSE DEL FRAGUA,2025,8,1
18753,CAQUETA,SAN VICENTE DEL CAGUAN,2023,3,1
18753,CAQUETA,SAN VICENTE DEL CAGUAN,2023,7,1
18753,CAQUETA,SAN VICENTE DEL CAGUAN,2023,10,1
18753,CAQUETA,SAN VICENTE DEL CAGUAN,2023,11,3
18753,CAQUETA,SAN VICENTE DEL CAGUAN,2024,1,1
18753,CAQUETA,SAN VICENTE DEL CAGUAN,2024,2,4
18753,CAQUETA,SAN VICENTE DEL CAGUAN,2024,3,1
18753,CAQUETA,SAN VICENTE DEL CAGUAN,2024,4,2
18753,CAQUETA,SAN VICENTE DEL CAGUAN,2024,5,1
18753,CAQUETA,SAN VICENTE DEL CAGUAN,2024,6,2
18753,CAQUETA,SAN VICENTE DEL CAGUAN,2024,7,2
18753,CAQUETA,SAN VICENTE DEL CAGUAN,2024,8,1
18753,CAQUETA,SAN VICENTE DEL CAGUAN,2024,9,2
18753,CAQUETA,SAN VICENTE DEL CAGUAN,2024,10,1
18753,CAQUETA,SAN VICENTE DEL CAGUAN,2025,1,1
18753,CAQUETA,SAN VICENTE DEL CAGUAN,2025,4,1
18753,CAQUETA,SAN VICENTE DEL CAGUAN,2025,5,3
18753,CAQUETA,SAN VICENTE DEL CAGUAN,2025,6,2
18753,CAQUETA,SAN VICENTE DEL CAGUAN,2025,7,1
18753,CAQUETA,SAN VICENTE DEL CAGUAN,2025,9,1
18753,CAQUETA,SAN VICENTE DEL CAGUAN,2025,12,2
18756,CAQUETA,SOLANO,2023,11,1
18756,CAQUETA,SOLANO,2024,3,1
18756,CAQUETA,SOLANO,2024,7,1
18756,CAQUETA,SOLANO,2024,10,1
18756,CAQUETA,SOLANO,2025,7,1
18785,CAQUETA,SOLITA,2023,2,1
18785,CAQUETA,SOLITA,2023,12,1
18785,CAQUETA,SOLITA,2024,7,1
18785,CAQUETA,SOLITA,2024,12,2
18785,CAQUETA,SOLITA,2025,4,1
18785,CAQUETA,SOLITA,2025,7,1
18860,CAQUETA,VALPARAISO,2023,7,1
18860,CAQUETA,VALPARAISO,2024,5,2
18860,CAQUETA,VALPARAISO,2024,8,1
18860,CAQUETA,VALPARAISO,2025,3,1
18860,CAQUETA,VALPARAISO,2025,4,1
18860,CAQUETA,VALPARAISO,2025,8,1
18860,CAQUETA,VALPARAISO,2025,10,1
19001,CAUCA,POPAYAN,2023,1,9
19001,CAUCA,POPAYAN,2023,2,8
19001,CAUCA,POPAYAN,2023,3,23
19001,CAUCA,POPAYAN,2023,4,14
19001,CAUCA,POPAYAN,2023,5,12
19001,CAUCA,POPAYAN,2023,6,10
19001,CAUCA,POPAYAN,2023,7,9
19001,CAUCA,POPAYAN,2023,8,13
19001,CAUCA,POPAYAN,2023,9,12
19001,CAUCA,POPAYAN,2023,10,17
19001,CAUCA,POPAYAN,2023,11,13
19001,CAUCA,POPAYAN,2023,12,8
19001,CAUCA,POPAYAN,2024,1,12
19001,CAUCA,POPAYAN,2024,2,11
19001,CAUCA,POPAYAN,2024,3,20
19001,CAUCA,POPAYAN,2024,4,17
19001,CAUCA,POPAYAN,2024,5,20
19001,CAUCA,POPAYAN,2024,6,10
19001,CAUCA,POPAYAN,2024,7,12
19001,CAUCA,POPAYAN,2024,8,11
19001,CAUCA,POPAYAN,2024,9,9
19001,CAUCA,POPAYAN,2024,10,20
19001,CAUCA,POPAYAN,2024,11,14
19001,CAUCA,POPAYAN,2024,12,16
19001,CAUCA,POPAYAN,2025,1,15
19001,CAUCA,POPAYAN,2025,2,15
19001,CAUCA,POPAYAN,2025,3,8
19001,CAUCA,POPAYAN,2025,4,10
19001,CAUCA,POPAYAN,2025,5,14
19001,CAUCA,POPAYAN,2025,6,8
19001,CAUCA,POPAYAN,2025,7,19
19001,CAUCA,POPAYAN,2025,8,10
19001,CAUCA,POPAYAN,2025,9,14
19001,CAUCA,POPAYAN,2025,10,25
19001,CAUCA,POPAYAN,2025,11,20
19001,CAUCA,POPAYAN,2025,12,15
19022,CAUCA,ALMAGUER,2023,1,1
19022,CAUCA,ALMAGUER,2023,7,1
19022,CAUCA,ALMAGUER,2023,9,1
19022,CAUCA,ALMAGUER,2024,1,1
19022,CAUCA,ALMAGUER,2024,5,1
19022,CAUCA,ALMAGUER,2025,9,1
19022,CAUCA,ALMAGUER,2025,11,1
19050,CAUCA,ARGELIA,2023,7,1
19050,CAUCA,ARGELIA,2024,2,1
19050,CAUCA,ARGELIA,2024,4,2
19050,CAUCA,ARGELIA,2024,7,1
19050,CAUCA,ARGELIA,2025,4,1
19050,CAUCA,ARGELIA,2025,7,1
19050,CAUCA,ARGELIA,2025,9,1
19075,CAUCA,BALBOA,2023,5,1
19075,CAUCA,BALBOA,2023,10,1
19075,CAUCA,BALBOA,2024,1,1
19075,CAUCA,BALBOA,2024,5,3
19075,CAUCA,BALBOA,2024,6,1
19100,CAUCA,BOLIVAR,2023,2,1
19100,CAUCA,BOLIVAR,2023,5,1
19100,CAUCA,BOLIVAR,2023,6,1
19100,CAUCA,BOLIVAR,2023,9,1
19100,CAUCA,BOLIVAR,2023,10,1
19100,CAUCA,BOLIVAR,2023,12,1
19100,CAUCA,BOLIVAR,2024,4,2
19100,CAUCA,BOLIVAR,2025,2,1
19100,CAUCA,BOLIVAR,2025,3,1
19100,CAUCA,BOLIVAR,2025,6,1
19100,CAUCA,BOLIVAR,2025,7,1
19110,CAUCA,BUENOS AIRES,2023,6,1
19110,CAUCA,BUENOS AIRES,2023,10,1
19110,CAUCA,BUENOS AIRES,2024,2,1
19110,CAUCA,BUENOS AIRES,2024,7,1
19110,CAUCA,BUENOS AIRES,2024,10,2
19110,CAUCA,BUENOS AIRES,2025,8,1
19110,CAUCA,BUENOS AIRES,2025,9,1
19110,CAUCA,BUENOS AIRES,2025,11,1
19130,CAUCA,CAJIBIO,2023,3,1
19130,CAUCA,CAJIBIO,2023,4,2
19130,CAUCA,CAJIBIO,2023,5,2
19130,CAUCA,CAJIBIO,2023,6,1
19130,CAUCA,CAJIBIO,2023,8,1
19130,CAUCA,CAJIBIO,2023,10,5
19130,CAUCA,CAJIBIO,2023,11,2
19130,CAUCA,CAJIBIO,2023,12,3
19130,CAUCA,CAJIBIO,2024,1,1
19130,CAUCA,CAJIBIO,2024,2,1
19130,CAUCA,CAJIBIO,2024,3,2
19130,CAUCA,CAJIBIO,2024,4,1
19130,CAUCA,CAJIBIO,2024,6,2
19130,CAUCA,CAJIBIO,2024,7,1
19130,CAUCA,CAJIBIO,2024,8,1
19130,CAUCA,CAJIBIO,2024,9,1
19130,CAUCA,CAJIBIO,2024,10,1
19130,CAUCA,CAJIBIO,2024,11,2
19130,CAUCA,CAJIBIO,2024,12,2
19130,CAUCA,CAJIBIO,2025,1,2
19130,CAUCA,CAJIBIO,2025,4,1
19130,CAUCA,CAJIBIO,2025,7,2
19130,CAUCA,CAJIBIO,2025,8,3
19130,CAUCA,CAJIBIO,2025,10,1
19130,CAUCA,CAJIBIO,2025,11,1
19137,CAUCA,CALDONO,2023,2,1
19137,CAUCA,CALDONO,2023,3,1
19137,CAUCA,CALDONO,2023,4,1
19137,CAUCA,CALDONO,2023,9,1
19137,CAUCA,CALDONO,2023,10,1
19137,CAUCA,CALDONO,2023,12,2
19137,CAUCA,CALDONO,2024,1,2
19137,CAUCA,CALDONO,2024,2,2
19137,CAUCA,CALDONO,2024,4,1
19137,CAUCA,CALDONO,2024,5,1
19137,CAUCA,CALDONO,2024,6,2
19137,CAUCA,CALDONO,2024,8,2
19137,CAUCA,CALDONO,2025,2,1
19137,CAUCA,CALDONO,2025,4,1
19137,CAUCA,CALDONO,2025,5,2
19137,CAUCA,CALDONO,2025,7,1
19137,CAUCA,CALDONO,2025,9,4
19137,CAUCA,CALDONO,2025,10,1
19137,CAUCA,CALDONO,2025,11,1
19142,CAUCA,CALOTO,2023,2,1
19142,CAUCA,CALOTO,2023,3,1
19142,CAUCA,CALOTO,2023,4,1
19142,CAUCA,CALOTO,2023,5,1
19142,CAUCA,CALOTO,2023,7,1
19142,CAUCA,CALOTO,2023,8,1
19142,CAUCA,CALOTO,2023,9,1
19142,CAUCA,CALOTO,2023,11,2
19142,CAUCA,CALOTO,2024,1,2
19142,CAUCA,CALOTO,2024,3,1
19142,CAUCA,CALOTO,2024,4,3
19142,CAUCA,CALOTO,2024,5,1
19142,CAUCA,CALOTO,2024,6,3
19142,CAUCA,CALOTO,2024,7,3
19142,CAUCA,CALOTO,2024,10,1
19142,CAUCA,CALOTO,2024,11,1
19142,CAUCA,CALOTO,2024,12,3
19142,CAUCA,CALOTO,2025,2,1
19142,CAUCA,CALOTO,2025,3,1
19142,CAUCA,CALOTO,2025,6,1
19142,CAUCA,CALOTO,2025,7,3
19142,CAUCA,CALOTO,2025,9,1
19142,CAUCA,CALOTO,2025,11,1
19142,CAUCA,CALOTO,2025,12,1
19212,CAUCA,CORINTO,2023,2,2
19212,CAUCA,CORINTO,2023,3,1
19212,CAUCA,CORINTO,2023,4,1
19212,CAUCA,CORINTO,2023,5,2
19212,CAUCA,CORINTO,2023,6,1
19212,CAUCA,CORINTO,2023,11,1
19212,CAUCA,CORINTO,2024,3,1
19212,CAUCA,CORINTO,2024,4,1
19212,CAUCA,CORINTO,2024,6,1
19212,CAUCA,CORINTO,2024,8,2
19212,CAUCA,CORINTO,2024,9,1
19212,CAUCA,CORINTO,2024,10,2
19212,CAUCA,CORINTO,2024,12,1
19212,CAUCA,CORINTO,2025,8,1
19212,CAUCA,CORINTO,2025,10,1
19212,CAUCA,CORINTO,2025,12,1
19256,CAUCA,EL TAMBO,2023,1,3
19256,CAUCA,EL TAMBO,2023,2,3
19256,CAUCA,EL TAMBO,2023,3,2
19256,CAUCA,EL TAMBO,2023,5,1
19256,CAUCA,EL TAMBO,2023,6,1
19256,CAUCA,EL TAMBO,2023,7,1
19256,CAUCA,EL TAMBO,2023,8,1
19256,CAUCA,EL TAMBO,2023,9,2
19256,CAUCA,EL TAMBO,2023,10,1
19256,CAUCA,EL TAMBO,2023,11,1
19256,CAUCA,EL TAMBO,2023,12,2
19256,CAUCA,EL TAMBO,2024,1,2
19256,CAUCA,EL TAMBO,2024,4,1
19256,CAUCA,EL TAMBO,2024,6,1
19256,CAUCA,EL TAMBO,2024,8,2
19256,CAUCA,EL TAMBO,2024,9,1
19256,CAUCA,EL TAMBO,2025,1,1
19256,CAUCA,EL TAMBO,2025,2,2
19256,CAUCA,EL TAMBO,2025,7,1
19256,CAUCA,EL TAMBO,2025,10,3
19256,CAUCA,EL TAMBO,2025,12,1
19290,CAUCA,FLORENCIA,2023,2,1
19290,CAUCA,FLORENCIA,2023,6,1
19290,CAUCA,FLORENCIA,2025,4,1
19300,CAUCA,GUACHENE,2023,2,1
19300,CAUCA,GUACHENE,2023,5,3
19300,CAUCA,GUACHENE,2023,7,1
19300,CAUCA,GUACHENE,2023,9,1
19300,CAUCA,GUACHENE,2023,10,1
19300,CAUCA,GUACHENE,2023,12,1
19300,CAUCA,GUACHENE,2024,5,1
19300,CAUCA,GUACHENE,2024,9,1
19300,CAUCA,GUACHENE,2025,1,1
19318,CAUCA,GUAPI,2023,2,1
19318,CAUCA,GUAPI,2023,3,1
19318,CAUCA,GUAPI,2023,5,1
19318,CAUCA,GUAPI,2023,11,1
19318,CAUCA,GUAPI,2024,2,1
19318,CAUCA,GUAPI,2024,5,1
19318,CAUCA,GUAPI,2024,6,1
19318,CAUCA,GUAPI,2024,8,2
19318,CAUCA,GUAPI,2025,2,1
19355,CAUCA,INZA,2023,4,1
19355,CAUCA,INZA,2023,6,1
19355,CAUCA,INZA,2023,7,2
19355,CAUCA,INZA,2023,8,5
19355,CAUCA,INZA,2023,9,1
19355,CAUCA,INZA,2023,10,2
19355,CAUCA,INZA,2023,11,2
19355,CAUCA,INZA,2023,12,1
19355,CAUCA,INZA,2024,3,1
19355,CAUCA,INZA,2024,4,2
19355,CAUCA,INZA,2024,5,1
19355,CAUCA,INZA,2024,6,1
19355,CAUCA,INZA,2024,8,3
19355,CAUCA,INZA,2024,12,1
19355,CAUCA,INZA,2025,2,1
19355,CAUCA,INZA,2025,5,1
19355,CAUCA,INZA,2025,6,1
19355,CAUCA,INZA,2025,9,1
19355,CAUCA,INZA,2025,10,1
19355,CAUCA,INZA,2025,11,1
19355,CAUCA,INZA,2025,12,1
19364,CAUCA,JAMBALO,2024,6,1
19364,CAUCA,JAMBALO,2024,7,1
19364,CAUCA,JAMBALO,2024,8,1
19364,CAUCA,JAMBALO,2025,1,1
19364,CAUCA,JAMBALO,2025,8,1
19364,CAUCA,JAMBALO,2025,9,1
19364,CAUCA,JAMBALO,2025,12,1
19392,CAUCA,LA SIERRA,2023,11,1
19392,CAUCA,LA SIERRA,2024,6,1
19397,CAUCA,LA VEGA,2023,1,1
19397,CAUCA,LA VEGA,2023,6,1
19397,CAUCA,LA VEGA,2023,9,1
19397,CAUCA,LA VEGA,2023,11,1
19397,CAUCA,LA VEGA,2023,12,1
19397,CAUCA,LA VEGA,2024,5,1
19397,CAUCA,LA VEGA,2024,6,2
19397,CAUCA,LA VEGA,2024,10,1
19397,CAUCA,LA VEGA,2025,2,1
19397,CAUCA,LA VEGA,2025,6,1
19397,CAUCA,LA VEGA,2025,8,1
19397,CAUCA,LA VEGA,2025,9,1
19418,CAUCA,LOPEZ DE MICAY,2023,5,1
19418,CAUCA,LOPEZ DE MICAY,2023,10,1
19418,CAUCA,LOPEZ DE MICAY,2025,5,1
19418,CAUCA,LOPEZ DE MICAY,2025,7,1
19418,CAUCA,LOPEZ DE MICAY,2025,9,1
19450,CAUCA,MERCADERES,2023,1,2
19450,CAUCA,MERCADERES,2023,2,3
19450,CAUCA,MERCADERES,2023,5,1
19450,CAUCA,MERCADERES,2023,12,1
19450,CAUCA,MERCADERES,2024,3,1
19450,CAUCA,MERCADERES,2024,12,1
19450,CAUCA,MERCADERES,2025,3,2
19450,CAUCA,MERCADERES,2025,5,1
19450,CAUCA,MERCADERES,2025,7,1
19450,CAUCA,MERCADERES,2025,9,1
19450,CAUCA,MERCADERES,2025,10,1
19455,CAUCA,MIRANDA,2023,1,2
19455,CAUCA,MIRANDA,2023,4,2
19455,CAUCA,MIRANDA,2023,5,2
19455,CAUCA,MIRANDA,2023,8,1
19455,CAUCA,MIRANDA,2023,9,1
19455,CAUCA,MIRANDA,2023,10,1
19455,CAUCA,MIRANDA,2023,11,1
19455,CAUCA,MIRANDA,2023,12,3
19455,CAUCA,MIRANDA,2024,3,1
19455,CAUCA,MIRANDA,2024,4,3
19455,CAUCA,MIRANDA,2024,6,1
19455,CAUCA,MIRANDA,2024,7,2
19455,CAUCA,MIRANDA,2024,10,1
19455,CAUCA,MIRANDA,2024,11,2
19455,CAUCA,MIRANDA,2025,2,1
19455,CAUCA,MIRANDA,2025,3,1
19455,CAUCA,MIRANDA,2025,4,1
19455,CAUCA,MIRANDA,2025,9,2
19455,CAUCA,MIRANDA,2025,10,1
19455,CAUCA,MIRANDA,2025,11,1
19473,CAUCA,MORALES,2023,2,1
19473,CAUCA,MORALES,2023,5,1
19473,CAUCA,MORALES,2023,8,1
19473,CAUCA,MORALES,2023,10,2
19473,CAUCA,MORALES,2024,2,1
19473,CAUCA,MORALES,2024,3,1
19473,CAUCA,MORALES,2024,7,1
19473,CAUCA,MORALES,2024,8,2
19473,CAUCA,MORALES,2024,10,1
19473,CAUCA,MORALES,2025,6,1
19473,CAUCA,MORALES,2025,11,1
19513,CAUCA,PADILLA,2023,9,1
19513,CAUCA,PADILLA,2024,4,1
19513,CAUCA,PADILLA,2025,2,1
19513,CAUCA,PADILLA,2025,9,1
19517,CAUCA,PAEZ,2023,1,2
19517,CAUCA,PAEZ,2023,2,1
19517,CAUCA,PAEZ,2023,3,1
19517,CAUCA,PAEZ,2023,4,2
19517,CAUCA,PAEZ,2023,5,1
19517,CAUCA,PAEZ,2023,8,2
19517,CAUCA,PAEZ,2023,10,1
19517,CAUCA,PAEZ,2023,12,1
19517,CAUCA,PAEZ,2024,2,1
19517,CAUCA,PAEZ,2024,4,1
19517,CAUCA,PAEZ,2024,6,1
19517,CAUCA,PAEZ,2024,7,2
19517,CAUCA,PAEZ,2024,9,1
19517,CAUCA,PAEZ,2025,5,1
19532,CAUCA,PATIA,2023,2,1
19532,CAUCA,PATIA,2023,5,1
19532,CAUCA,PATIA,2023,6,1
19532,CAUCA,PATIA,2023,9,2
19532,CAUCA,PATIA,2023,10,2
19532,CAUCA,PATIA,2023,11,1
19532,CAUCA,PATIA,2023,12,1
19532,CAUCA,PATIA,2024,3,2
19532,CAUCA,PATIA,2024,4,2
19532,CAUCA,PATIA,2024,8,2
19532,CAUCA,PATIA,2024,9,3
19532,CAUCA,PATIA,2025,4,2
19532,CAUCA,PATIA,2025,5,1
19532,CAUCA,PATIA,2025,6,1
19532,CAUCA,PATIA,2025,7,4
19532,CAUCA,PATIA,2025,9,2
19533,CAUCA,PIAMONTE,2023,2,1
19533,CAUCA,PIAMONTE,2024,6,1
19548,CAUCA,PIENDAMO - TUNIA,2023,1,2
19548,CAUCA,PIENDAMO - TUNIA,2023,3,3
19548,CAUCA,PIENDAMO - TUNIA,2023,5,1
19548,CAUCA,PIENDAMO - TUNIA,2023,6,2
19548,CAUCA,PIENDAMO - TUNIA,2023,7,1
19548,CAUCA,PIENDAMO - TUNIA,2023,8,1
19548,CAUCA,PIENDAMO - TUNIA,2023,9,2
19548,CAUCA,PIENDAMO - TUNIA,2023,10,2
19548,CAUCA,PIENDAMO - TUNIA,2023,11,2
19548,CAUCA,PIENDAMO - TUNIA,2023,12,1
19548,CAUCA,PIENDAMO - TUNIA,2024,1,3
19548,CAUCA,PIENDAMO - TUNIA,2024,2,1
19548,CAUCA,PIENDAMO - TUNIA,2024,3,2
19548,CAUCA,PIENDAMO - TUNIA,2024,5,3
19548,CAUCA,PIENDAMO - TUNIA,2024,6,2
19548,CAUCA,PIENDAMO - TUNIA,2024,7,1
19548,CAUCA,PIENDAMO - TUNIA,2024,8,2
19548,CAUCA,PIENDAMO - TUNIA,2024,10,1
19548,CAUCA,PIENDAMO - TUNIA,2024,11,2
19548,CAUCA,PIENDAMO - TUNIA,2025,1,1
19548,CAUCA,PIENDAMO - TUNIA,2025,4,1
19548,CAUCA,PIENDAMO - TUNIA,2025,5,1
19548,CAUCA,PIENDAMO - TUNIA,2025,6,2
19548,CAUCA,PIENDAMO - TUNIA,2025,7,1
19548,CAUCA,PIENDAMO - TUNIA,2025,9,1
19548,CAUCA,PIENDAMO - TUNIA,2025,10,3
19548,CAUCA,PIENDAMO - TUNIA,2025,11,1
19573,CAUCA,PUERTO TEJADA,2023,2,1
19573,CAUCA,PUERTO TEJADA,2023,4,1
19573,CAUCA,PUERTO TEJADA,2023,8,1
19573,CAUCA,PUERTO TEJADA,2023,9,1
19573,CAUCA,PUERTO TEJADA,2023,11,2
19573,CAUCA,PUERTO TEJADA,2024,2,2
19573,CAUCA,PUERTO TEJADA,2024,3,2
19573,CAUCA,PUERTO TEJADA,2024,5,2
19573,CAUCA,PUERTO TEJADA,2024,7,3
19573,CAUCA,PUERTO TEJADA,2024,9,1
19573,CAUCA,PUERTO TEJADA,2025,2,2
19573,CAUCA,PUERTO TEJADA,2025,3,1
19573,CAUCA,PUERTO TEJADA,2025,4,4
19573,CAUCA,PUERTO TEJADA,2025,6,1
19573,CAUCA,PUERTO TEJADA,2025,7,1
19573,CAUCA,PUERTO TEJADA,2025,9,2
19573,CAUCA,PUERTO TEJADA,2025,11,1
19585,CAUCA,PURACE,2023,2,1
19585,CAUCA,PURACE,2023,8,1
19585,CAUCA,PURACE,2023,9,2
19585,CAUCA,PURACE,2023,12,1
19585,CAUCA,PURACE,2024,1,1
19585,CAUCA,PURACE,2025,1,1
19585,CAUCA,PURACE,2025,4,1
19585,CAUCA,PURACE,2025,5,1
19585,CAUCA,PURACE,2025,7,1
19585,CAUCA,PURACE,2025,10,2
19585,CAUCA,PURACE,2025,11,1
19622,CAUCA,ROSAS,2023,2,1
19622,CAUCA,ROSAS,2023,5,1
19622,CAUCA,ROSAS,2023,12,1
19622,CAUCA,ROSAS,2024,2,1
19622,CAUCA,ROSAS,2024,3,2
19622,CAUCA,ROSAS,2024,9,1
19622,CAUCA,ROSAS,2024,10,1
19622,CAUCA,ROSAS,2024,11,2
19622,CAUCA,ROSAS,2025,1,1
19622,CAUCA,ROSAS,2025,2,1
19622,CAUCA,ROSAS,2025,7,1
19622,CAUCA,ROSAS,2025,10,1
19693,CAUCA,SAN SEBASTIAN,2024,3,1
19693,CAUCA,SAN SEBASTIAN,2024,9,1
19693,CAUCA,SAN SEBASTIAN,2025,7,1
19698,CAUCA,SANTANDER DE QUILICHAO,2023,1,2
19698,CAUCA,SANTANDER DE QUILICHAO,2023,2,5
19698,CAUCA,SANTANDER DE QUILICHAO,2023,3,3
19698,CAUCA,SANTANDER DE QUILICHAO,2023,4,6
19698,CAUCA,SANTANDER DE QUILICHAO,2023,5,7
19698,CAUCA,SANTANDER DE QUILICHAO,2023,6,5
19698,CAUCA,SANTANDER DE QUILICHAO,2023,7,4
19698,CAUCA,SANTANDER DE QUILICHAO,2023,8,4
19698,CAUCA,SANTANDER DE QUILICHAO,2023,9,8
19698,CAUCA,SANTANDER DE QUILICHAO,2023,10,1
19698,CAUCA,SANTANDER DE QUILICHAO,2023,11,4
19698,CAUCA,SANTANDER DE QUILICHAO,2023,12,2
19698,CAUCA,SANTANDER DE QUILICHAO,2024,1,4
19698,CAUCA,SANTANDER DE QUILICHAO,2024,2,4
19698,CAUCA,SANTANDER DE QUILICHAO,2024,3,1
19698,CAUCA,SANTANDER DE QUILICHAO,2024,4,1
19698,CAUCA,SANTANDER DE QUILICHAO,2024,5,3
19698,CAUCA,SANTANDER DE QUILICHAO,2024,6,3
19698,CAUCA,SANTANDER DE QUILICHAO,2024,7,6
19698,CAUCA,SANTANDER DE QUILICHAO,2024,8,1
19698,CAUCA,SANTANDER DE QUILICHAO,2024,9,3
19698,CAUCA,SANTANDER DE QUILICHAO,2024,10,5
19698,CAUCA,SANTANDER DE QUILICHAO,2024,11,2
19698,CAUCA,SANTANDER DE QUILICHAO,2024,12,8
19698,CAUCA,SANTANDER DE QUILICHAO,2025,1,2
19698,CAUCA,SANTANDER DE QUILICHAO,2025,2,3
19698,CAUCA,SANTANDER DE QUILICHAO,2025,3,11
19698,CAUCA,SANTANDER DE QUILICHAO,2025,4,3
19698,CAUCA,SANTANDER DE QUILICHAO,2025,5,3
19698,CAUCA,SANTANDER DE QUILICHAO,2025,6,2
19698,CAUCA,SANTANDER DE QUILICHAO,2025,7,3
19698,CAUCA,SANTANDER DE QUILICHAO,2025,8,2
19698,CAUCA,SANTANDER DE QUILICHAO,2025,9,1
19698,CAUCA,SANTANDER DE QUILICHAO,2025,10,5
19698,CAUCA,SANTANDER DE QUILICHAO,2025,11,6
19698,CAUCA,SANTANDER DE QUILICHAO,2025,12,2
19701,CAUCA,SANTA ROSA,2023,3,1
19701,CAUCA,SANTA ROSA,2023,10,1
19701,CAUCA,SANTA ROSA,2024,6,1
19701,CAUCA,SANTA ROSA,2025,5,1
19743,CAUCA,SILVIA,2023,1,1
19743,CAUCA,SILVIA,2023,4,1
19743,CAUCA,SILVIA,2023,5,1
19743,CAUCA,SILVIA,2023,8,1
19743,CAUCA,SILVIA,2024,1,1
19743,CAUCA,SILVIA,2024,2,2
19743,CAUCA,SILVIA,2024,3,3
19743,CAUCA,SILVIA,2024,4,1
19743,CAUCA,SILVIA,2024,5,1
19743,CAUCA,SILVIA,2024,11,3
19743,CAUCA,SILVIA,2024,12,1
19743,CAUCA,SILVIA,2025,1,2
19743,CAUCA,SILVIA,2025,2,1
19743,CAUCA,SILVIA,2025,4,2
19743,CAUCA,SILVIA,2025,5,1
19743,CAUCA,SILVIA,2025,10,1
19743,CAUCA,SILVIA,2025,12,2
19760,CAUCA,SOTARA PAISPAMBA,2023,4,1
19760,CAUCA,SOTARA PAISPAMBA,2023,8,1
19760,CAUCA,SOTARA PAISPAMBA,2023,10,1
19760,CAUCA,SOTARA PAISPAMBA,2023,11,2
19760,CAUCA,SOTARA PAISPAMBA,2024,6,1
19760,CAUCA,SOTARA PAISPAMBA,2024,7,1
19760,CAUCA,SOTARA PAISPAMBA,2024,12,1
19760,CAUCA,SOTARA PAISPAMBA,2025,1,1
19760,CAUCA,SOTARA PAISPAMBA,2025,2,1
19760,CAUCA,SOTARA PAISPAMBA,2025,5,1
19780,CAUCA,SUAREZ,2023,4,2
19780,CAUCA,SUAREZ,2023,5,2
19780,CAUCA,SUAREZ,2023,9,1
19780,CAUCA,SUAREZ,2023,10,2
19780,CAUCA,SUAREZ,2023,11,1
19780,CAUCA,SUAREZ,2024,2,1
19780,CAUCA,SUAREZ,2024,8,2
19780,CAUCA,SUAREZ,2025,2,2
19780,CAUCA,SUAREZ,2025,9,1
19785,CAUCA,SUCRE,2025,6,1
19807,CAUCA,TIMBIO,2023,1,1
19807,CAUCA,TIMBIO,2023,4,1
19807,CAUCA,TIMBIO,2023,5,1
19807,CAUCA,TIMBIO,2023,8,2
19807,CAUCA,TIMBIO,2023,9,2
19807,CAUCA,TIMBIO,2023,10,1
19807,CAUCA,TIMBIO,2023,11,1
19807,CAUCA,TIMBIO,2023,12,1
19807,CAUCA,TIMBIO,2024,2,1
19807,CAUCA,TIMBIO,2024,3,1
19807,CAUCA,TIMBIO,2024,5,1
19807,CAUCA,TIMBIO,2024,6,2
19807,CAUCA,TIMBIO,2024,7,4
19807,CAUCA,TIMBIO,2024,8,1
19807,CAUCA,TIMBIO,2024,9,3
19807,CAUCA,TIMBIO,2024,10,1
19807,CAUCA,TIMBIO,2024,11,2
19807,CAUCA,TIMBIO,2024,12,1
19807,CAUCA,TIMBIO,2025,1,2
19807,CAUCA,TIMBIO,2025,3,1
19807,CAUCA,TIMBIO,2025,4,1
19807,CAUCA,TIMBIO,2025,5,1
19807,CAUCA,TIMBIO,2025,6,2
19807,CAUCA,TIMBIO,2025,7,4
19807,CAUCA,TIMBIO,2025,8,4
19807,CAUCA,TIMBIO,2025,9,2
19807,CAUCA,TIMBIO,2025,10,2
19807,CAUCA,TIMBIO,2025,11,2
19807,CAUCA,TIMBIO,2025,12,2
19809,CAUCA,TIMBIQUI,2023,1,1
19809,CAUCA,TIMBIQUI,2023,4,1
19809,CAUCA,TIMBIQUI,2024,4,2
19809,CAUCA,TIMBIQUI,2024,6,1
19809,CAUCA,TIMBIQUI,2025,4,3
19809,CAUCA,TIMBIQUI,2025,9,1
19821,CAUCA,TORIBIO,2023,1,1
19821,CAUCA,TORIBIO,2023,2,1
19821,CAUCA,TORIBIO,2023,3,1
19821,CAUCA,TORIBIO,2023,8,1
19821,CAUCA,TORIBIO,2023,10,1
19821,CAUCA,TORIBIO,2024,1,1
19821,CAUCA,TORIBIO,2024,5,3
19821,CAUCA,TORIBIO,2024,8,1
19821,CAUCA,TORIBIO,2024,9,1
19821,CAUCA,TORIBIO,2024,11,1
19821,CAUCA,TORIBIO,2025,1,1
19821,CAUCA,TORIBIO,2025,11,1
19824,CAUCA,TOTORO,2023,3,2
19824,CAUCA,TOTORO,2023,4,1
19824,CAUCA,TOTORO,2023,5,1
19824,CAUCA,TOTORO,2023,6,1
19824,CAUCA,TOTORO,2023,8,1
19824,CAUCA,TOTORO,2023,12,1
19824,CAUCA,TOTORO,2024,5,1
19824,CAUCA,TOTORO,2024,6,1
19824,CAUCA,TOTORO,2024,7,2
19824,CAUCA,TOTORO,2024,8,2
19824,CAUCA,TOTORO,2024,12,2
19824,CAUCA,TOTORO,2025,1,1
19824,CAUCA,TOTORO,2025,3,1
19824,CAUCA,TOTORO,2025,4,5
19824,CAUCA,TOTORO,2025,7,3
19824,CAUCA,TOTORO,2025,10,1
19824,CAUCA,TOTORO,2025,11,1
19824,CAUCA,TOTORO,2025,12,1
19845,CAUCA,VILLA RICA,2023,2,1
19845,CAUCA,VILLA RICA,2023,9,1
19845,CAUCA,VILLA RICA,2023,10,1
19845,CAUCA,VILLA RICA,2023,11,1
19845,CAUCA,VILLA RICA,2023,12,1
19845,CAUCA,VILLA RICA,2024,3,2
19845,CAUCA,VILLA RICA,2024,5,1
19845,CAUCA,VILLA RICA,2024,7,1
19845,CAUCA,VILLA RICA,2024,9,1
19845,CAUCA,VILLA RICA,2025,3,1
19845,CAUCA,VILLA RICA,2025,6,1
19845,CAUCA,VILLA RICA,2025,8,1
19845,CAUCA,VILLA RICA,2025,9,2
19845,CAUCA,VILLA RICA,2025,10,1
20001,CESAR,VALLEDUPAR,2023,1,3
20001,CESAR,VALLEDUPAR,2023,2,4
20001,CESAR,VALLEDUPAR,2023,3,8
20001,CESAR,VALLEDUPAR,2023,4,4
20001,CESAR,VALLEDUPAR,2023,5,8
20001,CESAR,VALLEDUPAR,2023,6,6
20001,CESAR,VALLEDUPAR,2023,7,7
20001,CESAR,VALLEDUPAR,2023,8,12
20001,CESAR,VALLEDUPAR,2023,9,8
20001,CESAR,VALLEDUPAR,2023,10,16
20001,CESAR,VALLEDUPAR,2023,11,11
20001,CESAR,VALLEDUPAR,2023,12,14
20001,CESAR,VALLEDUPAR,2024,1,12
20001,CESAR,VALLEDUPAR,2024,2,19
20001,CESAR,VALLEDUPAR,2024,3,17
20001,CESAR,VALLEDUPAR,2024,4,19
20001,CESAR,VALLEDUPAR,2024,5,19
20001,CESAR,VALLEDUPAR,2024,6,12
20001,CESAR,VALLEDUPAR,2024,7,19
20001,CESAR,VALLEDUPAR,2024,8,10
20001,CESAR,VALLEDUPAR,2024,9,12
20001,CESAR,VALLEDUPAR,2024,10,8
20001,CESAR,VALLEDUPAR,2024,11,5
20001,CESAR,VALLEDUPAR,2024,12,14
20001,CESAR,VALLEDUPAR,2025,1,13
20001,CESAR,VALLEDUPAR,2025,2,18
20001,CESAR,VALLEDUPAR,2025,3,15
20001,CESAR,VALLEDUPAR,2025,4,8
20001,CESAR,VALLEDUPAR,2025,5,20
20001,CESAR,VALLEDUPAR,2025,6,14
20001,CESAR,VALLEDUPAR,2025,7,20
20001,CESAR,VALLEDUPAR,2025,8,16
20001,CESAR,VALLEDUPAR,2025,9,14
20001,CESAR,VALLEDUPAR,2025,10,16
20001,CESAR,VALLEDUPAR,2025,11,17
20001,CESAR,VALLEDUPAR,2025,12,19
20011,CESAR,AGUACHICA,2023,1,1
20011,CESAR,AGUACHICA,2023,2,1
20011,CESAR,AGUACHICA,2023,3,2
20011,CESAR,AGUACHICA,2023,4,2
20011,CESAR,AGUACHICA,2023,5,1
20011,CESAR,AGUACHICA,2023,6,2
20011,CESAR,AGUACHICA,2023,9,3
20011,CESAR,AGUACHICA,2023,10,3
20011,CESAR,AGUACHICA,2023,11,5
20011,CESAR,AGUACHICA,2023,12,1
20011,CESAR,AGUACHICA,2024,1,2
20011,CESAR,AGUACHICA,2024,2,4
20011,CESAR,AGUACHICA,2024,3,2
20011,CESAR,AGUACHICA,2024,4,1
20011,CESAR,AGUACHICA,2024,5,4
20011,CESAR,AGUACHICA,2024,6,5
20011,CESAR,AGUACHICA,2024,7,3
20011,CESAR,AGUACHICA,2024,8,2
20011,CESAR,AGUACHICA,2024,9,2
20011,CESAR,AGUACHICA,2024,10,2
20011,CESAR,AGUACHICA,2024,12,2
20011,CESAR,AGUACHICA,2025,1,5
20011,CESAR,AGUACHICA,2025,3,2
20011,CESAR,AGUACHICA,2025,4,3
20011,CESAR,AGUACHICA,2025,5,1
20011,CESAR,AGUACHICA,2025,6,3
20011,CESAR,AGUACHICA,2025,7,4
20011,CESAR,AGUACHICA,2025,8,1
20011,CESAR,AGUACHICA,2025,9,1
20011,CESAR,AGUACHICA,2025,10,1
20011,CESAR,AGUACHICA,2025,11,2
20011,CESAR,AGUACHICA,2025,12,2
20013,CESAR,AGUSTIN CODAZZI,2023,1,2
20013,CESAR,AGUSTIN CODAZZI,2023,5,2
20013,CESAR,AGUSTIN CODAZZI,2023,7,1
20013,CESAR,AGUSTIN CODAZZI,2023,9,3
20013,CESAR,AGUSTIN CODAZZI,2023,10,4
20013,CESAR,AGUSTIN CODAZZI,2023,11,2
20013,CESAR,AGUSTIN CODAZZI,2024,2,5
20013,CESAR,AGUSTIN CODAZZI,2024,3,2
20013,CESAR,AGUSTIN CODAZZI,2024,5,6
20013,CESAR,AGUSTIN CODAZZI,2024,6,4
20013,CESAR,AGUSTIN CODAZZI,2024,7,2
20013,CESAR,AGUSTIN CODAZZI,2024,9,1
20013,CESAR,AGUSTIN CODAZZI,2024,10,4
20013,CESAR,AGUSTIN CODAZZI,2024,11,1
20013,CESAR,AGUSTIN CODAZZI,2024,12,3
20013,CESAR,AGUSTIN CODAZZI,2025,1,1
20013,CESAR,AGUSTIN CODAZZI,2025,2,4
20013,CESAR,AGUSTIN CODAZZI,2025,3,3
20013,CESAR,AGUSTIN CODAZZI,2025,5,2
20013,CESAR,AGUSTIN CODAZZI,2025,6,1
20013,CESAR,AGUSTIN CODAZZI,2025,8,2
20013,CESAR,AGUSTIN CODAZZI,2025,9,1
20013,CESAR,AGUSTIN CODAZZI,2025,12,1
20032,CESAR,ASTREA,2023,5,1
20032,CESAR,ASTREA,2023,8,1
20032,CESAR,ASTREA,2023,9,1
20032,CESAR,ASTREA,2024,5,2
20032,CESAR,ASTREA,2025,1,1
20032,CESAR,ASTREA,2025,9,1
20032,CESAR,ASTREA,2025,11,1
20045,CESAR,BECERRIL,2023,1,1
20045,CESAR,BECERRIL,2023,6,1
20045,CESAR,BECERRIL,2024,5,1
20045,CESAR,BECERRIL,2024,10,1
20045,CESAR,BECERRIL,2025,2,2
20045,CESAR,BECERRIL,2025,3,1
20045,CESAR,BECERRIL,2025,4,1
20045,CESAR,BECERRIL,2025,5,1
20045,CESAR,BECERRIL,2025,6,2
20045,CESAR,BECERRIL,2025,7,3
20045,CESAR,BECERRIL,2025,9,1
20045,CESAR,BECERRIL,2025,11,2
20045,CESAR,BECERRIL,2025,12,3
20060,CESAR,BOSCONIA,2023,3,3
20060,CESAR,BOSCONIA,2023,6,1
20060,CESAR,BOSCONIA,2023,11,1
20060,CESAR,BOSCONIA,2023,12,3
20060,CESAR,BOSCONIA,2024,1,1
20060,CESAR,BOSCONIA,2024,4,1
20060,CESAR,BOSCONIA,2024,5,5
20060,CESAR,BOSCONIA,2024,6,1
20060,CESAR,BOSCONIA,2024,7,1
20060,CESAR,BOSCONIA,2024,9,2
20060,CESAR,BOSCONIA,2024,11,3
20060,CESAR,BOSCONIA,2025,1,1
20060,CESAR,BOSCONIA,2025,2,1
20060,CESAR,BOSCONIA,2025,3,2
20060,CESAR,BOSCONIA,2025,5,1
20060,CESAR,BOSCONIA,2025,6,2
20060,CESAR,BOSCONIA,2025,8,1
20060,CESAR,BOSCONIA,2025,9,2
20060,CESAR,BOSCONIA,2025,11,1
20060,CESAR,BOSCONIA,2025,12,1
20175,CESAR,CHIMICHAGUA,2023,5,1
20175,CESAR,CHIMICHAGUA,2023,6,1
20175,CESAR,CHIMICHAGUA,2023,7,3
20175,CESAR,CHIMICHAGUA,2023,8,1
20175,CESAR,CHIMICHAGUA,2023,9,3
20175,CESAR,CHIMICHAGUA,2023,11,1
20175,CESAR,CHIMICHAGUA,2024,1,1
20175,CESAR,CHIMICHAGUA,2024,5,1
20175,CESAR,CHIMICHAGUA,2024,7,1
20175,CESAR,CHIMICHAGUA,2025,2,1
20175,CESAR,CHIMICHAGUA,2025,5,1
20175,CESAR,CHIMICHAGUA,2025,6,1
20175,CESAR,CHIMICHAGUA,2025,10,3
20178,CESAR,CHIRIGUANA,2023,3,1
20178,CESAR,CHIRIGUANA,2023,4,1
20178,CESAR,CHIRIGUANA,2023,5,1
20178,CESAR,CHIRIGUANA,2023,10,1
20178,CESAR,CHIRIGUANA,2023,11,2
20178,CESAR,CHIRIGUANA,2024,1,2
20178,CESAR,CHIRIGUANA,2024,3,1
20178,CESAR,CHIRIGUANA,2024,5,1
20178,CESAR,CHIRIGUANA,2024,6,1
20178,CESAR,CHIRIGUANA,2024,11,1
20178,CESAR,CHIRIGUANA,2025,4,1
20178,CESAR,CHIRIGUANA,2025,5,1
20178,CESAR,CHIRIGUANA,2025,6,3
20178,CESAR,CHIRIGUANA,2025,7,4
20178,CESAR,CHIRIGUANA,2025,8,1
20178,CESAR,CHIRIGUANA,2025,9,2
20178,CESAR,CHIRIGUANA,2025,10,1
20228,CESAR,CURUMANI,2023,2,1
20228,CESAR,CURUMANI,2023,12,1
20228,CESAR,CURUMANI,2024,1,2
20228,CESAR,CURUMANI,2024,12,2
20228,CESAR,CURUMANI,2025,8,1
20238,CESAR,EL COPEY,2023,7,1
20238,CESAR,EL COPEY,2023,9,1
20238,CESAR,EL COPEY,2023,10,1
20238,CESAR,EL COPEY,2023,12,1
20238,CESAR,EL COPEY,2024,1,1
20238,CESAR,EL COPEY,2024,3,1
20238,CESAR,EL COPEY,2024,4,3
20238,CESAR,EL COPEY,2024,5,1
20238,CESAR,EL COPEY,2024,7,3
20238,CESAR,EL COPEY,2024,8,1
20238,CESAR,EL COPEY,2024,10,1
20238,CESAR,EL COPEY,2024,11,2
20238,CESAR,EL COPEY,2024,12,2
20238,CESAR,EL COPEY,2025,1,2
20238,CESAR,EL COPEY,2025,3,1
20238,CESAR,EL COPEY,2025,5,1
20238,CESAR,EL COPEY,2025,6,1
20238,CESAR,EL COPEY,2025,8,1
20238,CESAR,EL COPEY,2025,9,1
20238,CESAR,EL COPEY,2025,11,1
20238,CESAR,EL COPEY,2025,12,1
20250,CESAR,EL PASO,2023,6,1
20250,CESAR,EL PASO,2023,8,1
20250,CESAR,EL PASO,2023,9,2
20250,CESAR,EL PASO,2023,10,1
20250,CESAR,EL PASO,2023,12,1
20250,CESAR,EL PASO,2024,1,1
20250,CESAR,EL PASO,2024,2,1
20250,CESAR,EL PASO,2024,3,2
20250,CESAR,EL PASO,2024,4,1
20250,CESAR,EL PASO,2024,5,1
20250,CESAR,EL PASO,2024,6,2
20250,CESAR,EL PASO,2024,7,3
20250,CESAR,EL PASO,2024,9,1
20250,CESAR,EL PASO,2024,11,1
20250,CESAR,EL PASO,2025,1,1
20250,CESAR,EL PASO,2025,3,2
20250,CESAR,EL PASO,2025,6,3
20250,CESAR,EL PASO,2025,8,1
20250,CESAR,EL PASO,2025,11,1
20250,CESAR,EL PASO,2025,12,1
20295,CESAR,GAMARRA,2023,1,1
20295,CESAR,GAMARRA,2024,7,1
20295,CESAR,GAMARRA,2024,8,1
20295,CESAR,GAMARRA,2024,10,2
20295,CESAR,GAMARRA,2024,12,1
20295,CESAR,GAMARRA,2025,6,2
20295,CESAR,GAMARRA,2025,8,1
20295,CESAR,GAMARRA,2025,10,1
20310,CESAR,GONZALEZ,2023,6,1
20310,CESAR,GONZALEZ,2024,1,1
20310,CESAR,GONZALEZ,2024,9,1
20310,CESAR,GONZALEZ,2024,10,1
20383,CESAR,LA GLORIA,2023,3,1
20383,CESAR,LA GLORIA,2023,4,1
20383,CESAR,LA GLORIA,2023,6,1
20383,CESAR,LA GLORIA,2023,7,1
20383,CESAR,LA GLORIA,2023,9,1
20383,CESAR,LA GLORIA,2023,12,1
20383,CESAR,LA GLORIA,2024,1,3
20383,CESAR,LA GLORIA,2024,2,2
20383,CESAR,LA GLORIA,2024,5,1
20383,CESAR,LA GLORIA,2024,10,2
20383,CESAR,LA GLORIA,2025,4,2
20383,CESAR,LA GLORIA,2025,8,1
20400,CESAR,LA JAGUA DE IBIRICO,2023,2,1
20400,CESAR,LA JAGUA DE IBIRICO,2023,5,1
20400,CESAR,LA JAGUA DE IBIRICO,2023,6,3
20400,CESAR,LA JAGUA DE IBIRICO,2023,8,1
20400,CESAR,LA JAGUA DE IBIRICO,2023,12,3
20400,CESAR,LA JAGUA DE IBIRICO,2024,1,1
20400,CESAR,LA JAGUA DE IBIRICO,2024,2,2
20400,CESAR,LA JAGUA DE IBIRICO,2024,3,1
20400,CESAR,LA JAGUA DE IBIRICO,2024,4,1
20400,CESAR,LA JAGUA DE IBIRICO,2024,5,1
20400,CESAR,LA JAGUA DE IBIRICO,2024,6,1
20400,CESAR,LA JAGUA DE IBIRICO,2024,7,1
20400,CESAR,LA JAGUA DE IBIRICO,2024,8,1
20400,CESAR,LA JAGUA DE IBIRICO,2024,12,1
20400,CESAR,LA JAGUA DE IBIRICO,2025,1,2
20400,CESAR,LA JAGUA DE IBIRICO,2025,2,1
20400,CESAR,LA JAGUA DE IBIRICO,2025,3,2
20400,CESAR,LA JAGUA DE IBIRICO,2025,4,1
20400,CESAR,LA JAGUA DE IBIRICO,2025,5,2
20400,CESAR,LA JAGUA DE IBIRICO,2025,6,5
20400,CESAR,LA JAGUA DE IBIRICO,2025,8,1
20400,CESAR,LA JAGUA DE IBIRICO,2025,11,3
20400,CESAR,LA JAGUA DE IBIRICO,2025,12,2
20443,CESAR,MANAURE BALCON DEL CESAR,2023,8,1
20443,CESAR,MANAURE BALCON DEL CESAR,2024,8,1
20443,CESAR,MANAURE BALCON DEL CESAR,2024,12,1
20443,CESAR,MANAURE BALCON DEL CESAR,2025,1,1
20443,CESAR,MANAURE BALCON DEL CESAR,2025,8,1
20517,CESAR,PAILITAS,2023,2,1
20517,CESAR,PAILITAS,2023,3,1
20517,CESAR,PAILITAS,2023,7,1
20517,CESAR,PAILITAS,2023,8,1
20517,CESAR,PAILITAS,2023,12,1
20517,CESAR,PAILITAS,2024,1,1
20517,CESAR,PAILITAS,2024,4,2
20517,CESAR,PAILITAS,2024,5,3
20517,CESAR,PAILITAS,2024,10,1
20517,CESAR,PAILITAS,2024,11,1
20517,CESAR,PAILITAS,2025,1,2
20517,CESAR,PAILITAS,2025,5,1
20517,CESAR,PAILITAS,2025,6,1
20517,CESAR,PAILITAS,2025,8,1
20517,CESAR,PAILITAS,2025,10,2
20517,CESAR,PAILITAS,2025,11,3
20550,CESAR,PELAYA,2023,7,1
20550,CESAR,PELAYA,2023,9,1
20550,CESAR,PELAYA,2023,10,1
20550,CESAR,PELAYA,2023,12,1
20550,CESAR,PELAYA,2024,1,3
20550,CESAR,PELAYA,2024,5,1
20550,CESAR,PELAYA,2024,6,1
20550,CESAR,PELAYA,2024,10,2
20550,CESAR,PELAYA,2025,6,1
20550,CESAR,PELAYA,2025,8,1
20550,CESAR,PELAYA,2025,9,1
20570,CESAR,PUEBLO BELLO,2024,2,2
20570,CESAR,PUEBLO BELLO,2024,3,1
20570,CESAR,PUEBLO BELLO,2024,9,1
20570,CESAR,PUEBLO BELLO,2025,2,1
20570,CESAR,PUEBLO BELLO,2025,3,1
20570,CESAR,PUEBLO BELLO,2025,7,1
20570,CESAR,PUEBLO BELLO,2025,10,2
20614,CESAR,RIO DE ORO,2023,3,1
20614,CESAR,RIO DE ORO,2023,8,2
20614,CESAR,RIO DE ORO,2023,10,1
20614,CESAR,RIO DE ORO,2023,11,1
20614,CESAR,RIO DE ORO,2024,8,1
20614,CESAR,RIO DE ORO,2025,3,1
20614,CESAR,RIO DE ORO,2025,7,1
20614,CESAR,RIO DE ORO,2025,12,1
20621,CESAR,LA PAZ,2023,11,1
20621,CESAR,LA PAZ,2024,2,1
20621,CESAR,LA PAZ,2024,5,1
20621,CESAR,LA PAZ,2024,6,2
20621,CESAR,LA PAZ,2024,7,1
20621,CESAR,LA PAZ,2024,9,2
20621,CESAR,LA PAZ,2024,12,1
20621,CESAR,LA PAZ,2025,2,2
20621,CESAR,LA PAZ,2025,8,3
20621,CESAR,LA PAZ,2025,10,1
20621,CESAR,LA PAZ,2025,12,1
20710,CESAR,SAN ALBERTO,2023,1,1
20710,CESAR,SAN ALBERTO,2023,3,1
20710,CESAR,SAN ALBERTO,2023,7,4
20710,CESAR,SAN ALBERTO,2023,9,1
20710,CESAR,SAN ALBERTO,2023,10,1
20710,CESAR,SAN ALBERTO,2024,1,2
20710,CESAR,SAN ALBERTO,2024,2,1
20710,CESAR,SAN ALBERTO,2024,6,1
20710,CESAR,SAN ALBERTO,2024,7,1
20710,CESAR,SAN ALBERTO,2024,11,2
20710,CESAR,SAN ALBERTO,2025,2,1
20710,CESAR,SAN ALBERTO,2025,3,3
20710,CESAR,SAN ALBERTO,2025,4,2
20710,CESAR,SAN ALBERTO,2025,5,4
20710,CESAR,SAN ALBERTO,2025,6,1
20710,CESAR,SAN ALBERTO,2025,7,2
20710,CESAR,SAN ALBERTO,2025,9,3
20710,CESAR,SAN ALBERTO,2025,10,1
20710,CESAR,SAN ALBERTO,2025,11,1
20710,CESAR,SAN ALBERTO,2025,12,1
20750,CESAR,SAN DIEGO,2023,5,1
20750,CESAR,SAN DIEGO,2023,11,1
20750,CESAR,SAN DIEGO,2024,2,1
20750,CESAR,SAN DIEGO,2024,3,1
20750,CESAR,SAN DIEGO,2024,5,1
20750,CESAR,SAN DIEGO,2024,8,3
20750,CESAR,SAN DIEGO,2024,11,1
20750,CESAR,SAN DIEGO,2025,7,1
20750,CESAR,SAN DIEGO,2025,8,1
20750,CESAR,SAN DIEGO,2025,10,2
20750,CESAR,SAN DIEGO,2025,12,2
20770,CESAR,SAN MARTIN,2023,3,1
20770,CESAR,SAN MARTIN,2023,8,1
20770,CESAR,SAN MARTIN,2023,11,1
20770,CESAR,SAN MARTIN,2024,1,1
20770,CESAR,SAN MARTIN,2024,2,1
20770,CESAR,SAN MARTIN,2024,3,1
20770,CESAR,SAN MARTIN,2024,5,1
20770,CESAR,SAN MARTIN,2024,6,1
20770,CESAR,SAN MARTIN,2024,7,1
20770,CESAR,SAN MARTIN,2024,10,1
20770,CESAR,SAN MARTIN,2025,2,1
20770,CESAR,SAN MARTIN,2025,5,1
20770,CESAR,SAN MARTIN,2025,6,3
20770,CESAR,SAN MARTIN,2025,7,1
20770,CESAR,SAN MARTIN,2025,8,1
20770,CESAR,SAN MARTIN,2025,12,2
20787,CESAR,TAMALAMEQUE,2023,2,1
20787,CESAR,TAMALAMEQUE,2024,1,1
20787,CESAR,TAMALAMEQUE,2024,2,1
20787,CESAR,TAMALAMEQUE,2024,5,1
20787,CESAR,TAMALAMEQUE,2024,10,1
20787,CESAR,TAMALAMEQUE,2025,1,1
23001,CORDOBA,MONTERIA,2023,1,6
23001,CORDOBA,MONTERIA,2023,2,3
23001,CORDOBA,MONTERIA,2023,3,3
23001,CORDOBA,MONTERIA,2023,4,2
23001,CORDOBA,MONTERIA,2023,5,2
23001,CORDOBA,MONTERIA,2023,7,3
23001,CORDOBA,MONTERIA,2023,8,4
23001,CORDOBA,MONTERIA,2023,9,7
23001,CORDOBA,MONTERIA,2023,10,5
23001,CORDOBA,MONTERIA,2023,11,6
23001,CORDOBA,MONTERIA,2023,12,4
23001,CORDOBA,MONTERIA,2024,1,4
23001,CORDOBA,MONTERIA,2024,2,2
23001,CORDOBA,MONTERIA,2024,3,3
23001,CORDOBA,MONTERIA,2024,4,2
23001,CORDOBA,MONTERIA,2024,5,5
23001,CORDOBA,MONTERIA,2024,6,4
23001,CORDOBA,MONTERIA,2024,7,5
23001,CORDOBA,MONTERIA,2024,8,4
23001,CORDOBA,MONTERIA,2024,9,5
23001,CORDOBA,MONTERIA,2024,10,6
23001,CORDOBA,MONTERIA,2024,11,3
23001,CORDOBA,MONTERIA,2024,12,4
23001,CORDOBA,MONTERIA,2025,1,1
23001,CORDOBA,MONTERIA,2025,2,5
23001,CORDOBA,MONTERIA,2025,3,4
23001,CORDOBA,MONTERIA,2025,4,6
23001,CORDOBA,MONTERIA,2025,5,7
23001,CORDOBA,MONTERIA,2025,6,1
23001,CORDOBA,MONTERIA,2025,7,5
23001,CORDOBA,MONTERIA,2025,8,3
23001,CORDOBA,MONTERIA,2025,9,5
23001,CORDOBA,MONTERIA,2025,10,2
23001,CORDOBA,MONTERIA,2025,11,4
23001,CORDOBA,MONTERIA,2025,12,5
23068,CORDOBA,AYAPEL,2023,6,1
23068,CORDOBA,AYAPEL,2023,11,1
23068,CORDOBA,AYAPEL,2024,10,1
23068,CORDOBA,AYAPEL,2025,6,1
23068,CORDOBA,AYAPEL,2025,8,1
23068,CORDOBA,AYAPEL,2025,9,1
23068,CORDOBA,AYAPEL,2025,11,1
23079,CORDOBA,BUENAVISTA,2023,4,1
23079,CORDOBA,BUENAVISTA,2023,9,1
23079,CORDOBA,BUENAVISTA,2023,12,1
23079,CORDOBA,BUENAVISTA,2024,6,2
23079,CORDOBA,BUENAVISTA,2025,6,1
23079,CORDOBA,BUENAVISTA,2025,8,1
23079,CORDOBA,BUENAVISTA,2025,12,1
23090,CORDOBA,CANALETE,2024,5,1
23090,CORDOBA,CANALETE,2024,11,1
23162,CORDOBA,CERETE,2023,6,1
23162,CORDOBA,CERETE,2023,7,1
23162,CORDOBA,CERETE,2023,8,1
23162,CORDOBA,CERETE,2023,10,1
23162,CORDOBA,CERETE,2023,12,2
23162,CORDOBA,CERETE,2024,1,1
23162,CORDOBA,CERETE,2024,4,1
23162,CORDOBA,CERETE,2024,8,1
23162,CORDOBA,CERETE,2024,10,2
23162,CORDOBA,CERETE,2024,11,1
23162,CORDOBA,CERETE,2024,12,1
23162,CORDOBA,CERETE,2025,3,1
23162,CORDOBA,CERETE,2025,5,1
23162,CORDOBA,CERETE,2025,6,1
23162,CORDOBA,CERETE,2025,9,1
23168,CORDOBA,CHIMA,2024,9,1
23168,CORDOBA,CHIMA,2025,12,1
23182,CORDOBA,CHINU,2023,4,1
23182,CORDOBA,CHINU,2023,10,1
23182,CORDOBA,CHINU,2024,12,1
23182,CORDOBA,CHINU,2025,8,1
23182,CORDOBA,CHINU,2025,11,1
23189,CORDOBA,CIENAGA DE ORO,2023,3,1
23189,CORDOBA,CIENAGA DE ORO,2023,8,1
23189,CORDOBA,CIENAGA DE ORO,2023,11,1
23189,CORDOBA,CIENAGA DE ORO,2024,1,1
23189,CORDOBA,CIENAGA DE ORO,2024,10,1
23189,CORDOBA,CIENAGA DE ORO,2025,7,1
23189,CORDOBA,CIENAGA DE ORO,2025,8,2
23300,CORDOBA,COTORRA,2023,1,1
23300,CORDOBA,COTORRA,2023,3,1
23300,CORDOBA,COTORRA,2025,6,1
23300,CORDOBA,COTORRA,2025,7,1
23350,CORDOBA,LA APARTADA,2023,4,1
23350,CORDOBA,LA APARTADA,2024,3,1
23350,CORDOBA,LA APARTADA,2025,4,1
23350,CORDOBA,LA APARTADA,2025,9,1
23417,CORDOBA,LORICA,2023,3,1
23417,CORDOBA,LORICA,2023,9,1
23417,CORDOBA,LORICA,2024,9,1
23417,CORDOBA,LORICA,2024,11,1
23417,CORDOBA,LORICA,2025,1,2
23417,CORDOBA,LORICA,2025,9,1
23419,CORDOBA,LOS CORDOBAS,2023,10,2
23466,CORDOBA,MONTELIBANO,2023,12,1
23466,CORDOBA,MONTELIBANO,2024,2,2
23466,CORDOBA,MONTELIBANO,2024,3,4
23466,CORDOBA,MONTELIBANO,2024,5,1
23466,CORDOBA,MONTELIBANO,2024,12,1
23466,CORDOBA,MONTELIBANO,2025,1,2
23466,CORDOBA,MONTELIBANO,2025,2,1
23466,CORDOBA,MONTELIBANO,2025,7,1
23466,CORDOBA,MONTELIBANO,2025,9,1
23466,CORDOBA,MONTELIBANO,2025,11,1
23466,CORDOBA,MONTELIBANO,2025,12,2
23500,CORDOBA,MOÑITOS,2025,7,1
23555,CORDOBA,PLANETA RICA,2023,2,1
23555,CORDOBA,PLANETA RICA,2023,7,1
23555,CORDOBA,PLANETA RICA,2023,10,1
23555,CORDOBA,PLANETA RICA,2023,11,1
23555,CORDOBA,PLANETA RICA,2024,3,1
23555,CORDOBA,PLANETA RICA,2024,8,1
23555,CORDOBA,PLANETA RICA,2024,9,1
23555,CORDOBA,PLANETA RICA,2025,1,1
23555,CORDOBA,PLANETA RICA,2025,5,1
23555,CORDOBA,PLANETA RICA,2025,6,1
23570,CORDOBA,PUEBLO NUEVO,2023,6,1
23570,CORDOBA,PUEBLO NUEVO,2024,2,1
23570,CORDOBA,PUEBLO NUEVO,2024,9,1
23574,CORDOBA,PUERTO ESCONDIDO,2023,6,1
23574,CORDOBA,PUERTO ESCONDIDO,2025,7,1
23580,CORDOBA,PUERTO LIBERTADOR,2023,12,1
23580,CORDOBA,PUERTO LIBERTADOR,2024,4,1
23580,CORDOBA,PUERTO LIBERTADOR,2025,8,1
23660,CORDOBA,SAHAGUN,2023,8,2
23660,CORDOBA,SAHAGUN,2023,11,1
23660,CORDOBA,SAHAGUN,2024,11,1
23660,CORDOBA,SAHAGUN,2024,12,1
23660,CORDOBA,SAHAGUN,2025,8,1
23660,CORDOBA,SAHAGUN,2025,9,1
23660,CORDOBA,SAHAGUN,2025,11,1
23660,CORDOBA,SAHAGUN,2025,12,1
23672,CORDOBA,SAN ANTERO,2023,8,1
23672,CORDOBA,SAN ANTERO,2024,4,1
23672,CORDOBA,SAN ANTERO,2025,7,1
23675,CORDOBA,SAN BERNARDO DEL VIENTO,2023,11,2
23675,CORDOBA,SAN BERNARDO DEL VIENTO,2024,3,1
23675,CORDOBA,SAN BERNARDO DEL VIENTO,2024,11,1
23675,CORDOBA,SAN BERNARDO DEL VIENTO,2025,1,1
23678,CORDOBA,SAN CARLOS,2023,8,1
23678,CORDOBA,SAN CARLOS,2023,10,1
23682,CORDOBA,SAN JOSE DE URE,2025,2,1
23686,CORDOBA,SAN PELAYO,2023,3,1
23686,CORDOBA,SAN PELAYO,2023,11,1
23686,CORDOBA,SAN PELAYO,2024,9,1
23686,CORDOBA,SAN PELAYO,2024,11,1
23807,CORDOBA,TIERRALTA,2023,1,1
23807,CORDOBA,TIERRALTA,2023,6,1
23807,CORDOBA,TIERRALTA,2023,7,1
23807,CORDOBA,TIERRALTA,2024,4,1
23807,CORDOBA,TIERRALTA,2024,9,1
23807,CORDOBA,TIERRALTA,2025,4,1
23807,CORDOBA,TIERRALTA,2025,10,2
23807,CORDOBA,TIERRALTA,2025,11,1
23815,CORDOBA,TUCHIN,2024,2,1
23815,CORDOBA,TUCHIN,2024,8,1
23855,CORDOBA,VALENCIA,2024,2,1
25001,CUNDINAMARCA,AGUA DE DIOS,2023,8,1
25001,CUNDINAMARCA,AGUA DE DIOS,2024,5,1
25019,CUNDINAMARCA,ALBAN,2023,9,1
25019,CUNDINAMARCA,ALBAN,2023,12,2
25019,CUNDINAMARCA,ALBAN,2024,10,1
25019,CUNDINAMARCA,ALBAN,2024,11,1
25019,CUNDINAMARCA,ALBAN,2025,1,1
25019,CUNDINAMARCA,ALBAN,2025,8,1
25035,CUNDINAMARCA,ANAPOIMA,2023,8,1
25035,CUNDINAMARCA,ANAPOIMA,2024,2,1
25040,CUNDINAMARCA,ANOLAIMA,2023,2,1
25040,CUNDINAMARCA,ANOLAIMA,2023,10,2
25040,CUNDINAMARCA,ANOLAIMA,2023,12,2
25040,CUNDINAMARCA,ANOLAIMA,2024,2,1
25040,CUNDINAMARCA,ANOLAIMA,2024,9,1
25040,CUNDINAMARCA,ANOLAIMA,2025,5,1
25053,CUNDINAMARCA,ARBELAEZ,2023,4,1
25053,CUNDINAMARCA,ARBELAEZ,2023,5,1
25053,CUNDINAMARCA,ARBELAEZ,2023,11,1
25053,CUNDINAMARCA,ARBELAEZ,2024,11,1
25053,CUNDINAMARCA,ARBELAEZ,2025,9,1
25086,CUNDINAMARCA,BELTRAN,2024,10,1
25099,CUNDINAMARCA,BOJACA,2023,9,1
25099,CUNDINAMARCA,BOJACA,2025,6,1
25099,CUNDINAMARCA,BOJACA,2025,8,1
25099,CUNDINAMARCA,BOJACA,2025,12,1
25120,CUNDINAMARCA,CABRERA,2023,11,1
25120,CUNDINAMARCA,CABRERA,2025,1,1
25123,CUNDINAMARCA,CACHIPAY,2025,1,1
25123,CUNDINAMARCA,CACHIPAY,2025,3,1
25123,CUNDINAMARCA,CACHIPAY,2025,12,1
25126,CUNDINAMARCA,CAJICA,2023,1,1
25126,CUNDINAMARCA,CAJICA,2023,5,1
25126,CUNDINAMARCA,CAJICA,2023,6,1
25126,CUNDINAMARCA,CAJICA,2023,8,1
25126,CUNDINAMARCA,CAJICA,2023,9,3
25126,CUNDINAMARCA,CAJICA,2023,11,3
25126,CUNDINAMARCA,CAJICA,2023,12,2
25126,CUNDINAMARCA,CAJICA,2024,1,1
25126,CUNDINAMARCA,CAJICA,2024,3,1
25126,CUNDINAMARCA,CAJICA,2024,6,1
25126,CUNDINAMARCA,CAJICA,2024,7,1
25126,CUNDINAMARCA,CAJICA,2024,8,3
25126,CUNDINAMARCA,CAJICA,2024,10,1
25126,CUNDINAMARCA,CAJICA,2024,11,3
25126,CUNDINAMARCA,CAJICA,2024,12,1
25126,CUNDINAMARCA,CAJICA,2025,1,1
25126,CUNDINAMARCA,CAJICA,2025,3,1
25126,CUNDINAMARCA,CAJICA,2025,7,1
25126,CUNDINAMARCA,CAJICA,2025,10,1
25126,CUNDINAMARCA,CAJICA,2025,11,2
25126,CUNDINAMARCA,CAJICA,2025,12,1
25148,CUNDINAMARCA,CAPARRAPI,2023,11,1
25148,CUNDINAMARCA,CAPARRAPI,2024,3,1
25151,CUNDINAMARCA,CAQUEZA,2024,12,2
25151,CUNDINAMARCA,CAQUEZA,2025,9,1
25154,CUNDINAMARCA,CARMEN DE CARUPA,2023,11,1
25168,CUNDINAMARCA,CHAGUANI,2024,9,1
25168,CUNDINAMARCA,CHAGUANI,2024,12,2
25175,CUNDINAMARCA,CHIA,2023,1,3
25175,CUNDINAMARCA,CHIA,2023,2,2
25175,CUNDINAMARCA,CHIA,2023,3,1
25175,CUNDINAMARCA,CHIA,2023,6,3
25175,CUNDINAMARCA,CHIA,2023,7,1
25175,CUNDINAMARCA,CHIA,2023,8,2
25175,CUNDINAMARCA,CHIA,2023,9,1
25175,CUNDINAMARCA,CHIA,2023,12,4
25175,CUNDINAMARCA,CHIA,2024,1,2
25175,CUNDINAMARCA,CHIA,2024,3,2
25175,CUNDINAMARCA,CHIA,2024,4,1
25175,CUNDINAMARCA,CHIA,2024,5,2
25175,CUNDINAMARCA,CHIA,2024,6,1
25175,CUNDINAMARCA,CHIA,2024,7,2
25175,CUNDINAMARCA,CHIA,2024,8,2
25175,CUNDINAMARCA,CHIA,2024,10,1
25175,CUNDINAMARCA,CHIA,2024,11,3
25175,CUNDINAMARCA,CHIA,2024,12,3
25175,CUNDINAMARCA,CHIA,2025,1,1
25175,CUNDINAMARCA,CHIA,2025,3,1
25175,CUNDINAMARCA,CHIA,2025,5,1
25175,CUNDINAMARCA,CHIA,2025,6,1
25175,CUNDINAMARCA,CHIA,2025,7,4
25175,CUNDINAMARCA,CHIA,2025,8,2
25175,CUNDINAMARCA,CHIA,2025,9,3
25175,CUNDINAMARCA,CHIA,2025,10,6
25175,CUNDINAMARCA,CHIA,2025,11,2
25175,CUNDINAMARCA,CHIA,2025,12,3
25178,CUNDINAMARCA,CHIPAQUE,2024,6,1
25178,CUNDINAMARCA,CHIPAQUE,2024,9,1
25178,CUNDINAMARCA,CHIPAQUE,2024,11,1
25178,CUNDINAMARCA,CHIPAQUE,2024,12,1
25178,CUNDINAMARCA,CHIPAQUE,2025,3,1
25181,CUNDINAMARCA,CHOACHI,2023,10,1
25181,CUNDINAMARCA,CHOACHI,2023,11,1
25181,CUNDINAMARCA,CHOACHI,2023,12,1
25181,CUNDINAMARCA,CHOACHI,2024,3,1
25181,CUNDINAMARCA,CHOACHI,2024,4,1
25181,CUNDINAMARCA,CHOACHI,2024,6,1
25181,CUNDINAMARCA,CHOACHI,2024,8,3
25181,CUNDINAMARCA,CHOACHI,2024,9,1
25181,CUNDINAMARCA,CHOACHI,2025,2,1
25181,CUNDINAMARCA,CHOACHI,2025,3,1
25181,CUNDINAMARCA,CHOACHI,2025,5,1
25181,CUNDINAMARCA,CHOACHI,2025,8,1
25181,CUNDINAMARCA,CHOACHI,2025,9,1
25181,CUNDINAMARCA,CHOACHI,2025,10,3
25183,CUNDINAMARCA,CHOCONTA,2023,4,1
25183,CUNDINAMARCA,CHOCONTA,2023,6,1
25183,CUNDINAMARCA,CHOCONTA,2023,7,1
25183,CUNDINAMARCA,CHOCONTA,2023,9,1
25183,CUNDINAMARCA,CHOCONTA,2023,10,2
25183,CUNDINAMARCA,CHOCONTA,2024,1,1
25183,CUNDINAMARCA,CHOCONTA,2024,2,1
25183,CUNDINAMARCA,CHOCONTA,2024,9,1
25183,CUNDINAMARCA,CHOCONTA,2024,10,1
25183,CUNDINAMARCA,CHOCONTA,2025,6,1
25183,CUNDINAMARCA,CHOCONTA,2025,7,1
25183,CUNDINAMARCA,CHOCONTA,2025,10,1
25200,CUNDINAMARCA,COGUA,2023,7,2
25200,CUNDINAMARCA,COGUA,2025,11,2
25200,CUNDINAMARCA,COGUA,2025,12,1
25214,CUNDINAMARCA,COTA,2023,4,1
25214,CUNDINAMARCA,COTA,2023,6,1
25214,CUNDINAMARCA,COTA,2023,10,1
25214,CUNDINAMARCA,COTA,2023,11,1
25214,CUNDINAMARCA,COTA,2023,12,2
25214,CUNDINAMARCA,COTA,2024,5,1
25214,CUNDINAMARCA,COTA,2024,8,2
25214,CUNDINAMARCA,COTA,2025,4,1
25214,CUNDINAMARCA,COTA,2025,11,2
25214,CUNDINAMARCA,COTA,2025,12,2
25224,CUNDINAMARCA,CUCUNUBA,2023,9,1
25224,CUNDINAMARCA,CUCUNUBA,2023,11,1
25224,CUNDINAMARCA,CUCUNUBA,2023,12,1
25224,CUNDINAMARCA,CUCUNUBA,2024,10,1
25245,CUNDINAMARCA,EL COLEGIO,2023,4,1
25245,CUNDINAMARCA,EL COLEGIO,2023,11,1
25245,CUNDINAMARCA,EL COLEGIO,2024,7,1
25245,CUNDINAMARCA,EL COLEGIO,2025,7,1
25258,CUNDINAMARCA,EL PEÑON,2023,11,1
25260,CUNDINAMARCA,EL ROSAL,2023,3,1
25260,CUNDINAMARCA,EL ROSAL,2023,6,4
25260,CUNDINAMARCA,EL ROSAL,2023,8,1
25260,CUNDINAMARCA,EL ROSAL,2024,3,1
25260,CUNDINAMARCA,EL ROSAL,2024,4,1
25260,CUNDINAMARCA,EL ROSAL,2024,6,1
25260,CUNDINAMARCA,EL ROSAL,2025,1,1
25260,CUNDINAMARCA,EL ROSAL,2025,9,2
25260,CUNDINAMARCA,EL ROSAL,2025,12,1
25269,CUNDINAMARCA,FACATATIVA,2023,2,1
25269,CUNDINAMARCA,FACATATIVA,2023,3,1
25269,CUNDINAMARCA,FACATATIVA,2023,4,1
25269,CUNDINAMARCA,FACATATIVA,2023,5,2
25269,CUNDINAMARCA,FACATATIVA,2023,6,2
25269,CUNDINAMARCA,FACATATIVA,2023,10,3
25269,CUNDINAMARCA,FACATATIVA,2023,11,4
25269,CUNDINAMARCA,FACATATIVA,2023,12,2
25269,CUNDINAMARCA,FACATATIVA,2024,2,2
25269,CUNDINAMARCA,FACATATIVA,2024,6,1
25269,CUNDINAMARCA,FACATATIVA,2024,7,1
25269,CUNDINAMARCA,FACATATIVA,2024,8,3
25269,CUNDINAMARCA,FACATATIVA,2024,9,1
25269,CUNDINAMARCA,FACATATIVA,2024,10,1
25269,CUNDINAMARCA,FACATATIVA,2024,12,1
25269,CUNDINAMARCA,FACATATIVA,2025,1,1
25269,CUNDINAMARCA,FACATATIVA,2025,4,1
25269,CUNDINAMARCA,FACATATIVA,2025,5,1
25269,CUNDINAMARCA,FACATATIVA,2025,6,2
25269,CUNDINAMARCA,FACATATIVA,2025,7,1
25269,CUNDINAMARCA,FACATATIVA,2025,9,2
25269,CUNDINAMARCA,FACATATIVA,2025,11,1
25269,CUNDINAMARCA,FACATATIVA,2025,12,2
25279,CUNDINAMARCA,FOMEQUE,2023,6,1
25281,CUNDINAMARCA,FOSCA,2023,2,1
25286,CUNDINAMARCA,FUNZA,2023,3,1
25286,CUNDINAMARCA,FUNZA,2023,4,2
25286,CUNDINAMARCA,FUNZA,2023,8,2
25286,CUNDINAMARCA,FUNZA,2023,9,1
25286,CUNDINAMARCA,FUNZA,2023,10,2
25286,CUNDINAMARCA,FUNZA,2023,11,1
25286,CUNDINAMARCA,FUNZA,2023,12,4
25286,CUNDINAMARCA,FUNZA,2024,3,1
25286,CUNDINAMARCA,FUNZA,2024,4,1
25286,CUNDINAMARCA,FUNZA,2024,5,1
25286,CUNDINAMARCA,FUNZA,2024,6,1
25286,CUNDINAMARCA,FUNZA,2024,11,1
25286,CUNDINAMARCA,FUNZA,2024,12,1
25286,CUNDINAMARCA,FUNZA,2025,1,1
25286,CUNDINAMARCA,FUNZA,2025,2,1
25286,CUNDINAMARCA,FUNZA,2025,3,1
25286,CUNDINAMARCA,FUNZA,2025,4,1
25286,CUNDINAMARCA,FUNZA,2025,7,1
25286,CUNDINAMARCA,FUNZA,2025,8,1
25286,CUNDINAMARCA,FUNZA,2025,9,1
25286,CUNDINAMARCA,FUNZA,2025,10,1
25286,CUNDINAMARCA,FUNZA,2025,12,3
25288,CUNDINAMARCA,FUQUENE,2023,8,1
25290,CUNDINAMARCA,FUSAGASUGA,2023,1,2
25290,CUNDINAMARCA,FUSAGASUGA,2023,2,1
25290,CUNDINAMARCA,FUSAGASUGA,2023,3,1
25290,CUNDINAMARCA,FUSAGASUGA,2023,4,1
25290,CUNDINAMARCA,FUSAGASUGA,2023,5,3
25290,CUNDINAMARCA,FUSAGASUGA,2023,6,2
25290,CUNDINAMARCA,FUSAGASUGA,2023,7,3
25290,CUNDINAMARCA,FUSAGASUGA,2023,10,4
25290,CUNDINAMARCA,FUSAGASUGA,2023,11,1
25290,CUNDINAMARCA,FUSAGASUGA,2023,12,2
25290,CUNDINAMARCA,FUSAGASUGA,2024,1,1
25290,CUNDINAMARCA,FUSAGASUGA,2024,2,1
25290,CUNDINAMARCA,FUSAGASUGA,2024,3,2
25290,CUNDINAMARCA,FUSAGASUGA,2024,5,1
25290,CUNDINAMARCA,FUSAGASUGA,2024,6,3
25290,CUNDINAMARCA,FUSAGASUGA,2024,8,1
25290,CUNDINAMARCA,FUSAGASUGA,2024,10,4
25290,CUNDINAMARCA,FUSAGASUGA,2024,11,2
25290,CUNDINAMARCA,FUSAGASUGA,2024,12,1
25290,CUNDINAMARCA,FUSAGASUGA,2025,1,2
25290,CUNDINAMARCA,FUSAGASUGA,2025,3,3
25290,CUNDINAMARCA,FUSAGASUGA,2025,5,1
25290,CUNDINAMARCA,FUSAGASUGA,2025,6,2
25290,CUNDINAMARCA,FUSAGASUGA,2025,9,1
25290,CUNDINAMARCA,FUSAGASUGA,2025,11,10
25290,CUNDINAMARCA,FUSAGASUGA,2025,12,1
25293,CUNDINAMARCA,GACHALA,2025,8,1
25295,CUNDINAMARCA,GACHANCIPA,2023,7,1
25295,CUNDINAMARCA,GACHANCIPA,2023,12,1
25295,CUNDINAMARCA,GACHANCIPA,2024,4,1
25295,CUNDINAMARCA,GACHANCIPA,2024,12,1
25297,CUNDINAMARCA,GACHETA,2023,3,1
25297,CUNDINAMARCA,GACHETA,2024,2,1
25299,CUNDINAMARCA,GAMA,2023,6,1
25307,CUNDINAMARCA,GIRARDOT,2023,4,1
25307,CUNDINAMARCA,GIRARDOT,2023,6,1
25307,CUNDINAMARCA,GIRARDOT,2023,9,1
25307,CUNDINAMARCA,GIRARDOT,2023,10,1
25307,CUNDINAMARCA,GIRARDOT,2023,11,2
25307,CUNDINAMARCA,GIRARDOT,2024,2,1
25307,CUNDINAMARCA,GIRARDOT,2024,5,1
25307,CUNDINAMARCA,GIRARDOT,2024,7,1
25307,CUNDINAMARCA,GIRARDOT,2024,9,1
25307,CUNDINAMARCA,GIRARDOT,2024,10,2
25307,CUNDINAMARCA,GIRARDOT,2024,11,1
25307,CUNDINAMARCA,GIRARDOT,2024,12,2
25307,CUNDINAMARCA,GIRARDOT,2025,2,1
25307,CUNDINAMARCA,GIRARDOT,2025,3,1
25307,CUNDINAMARCA,GIRARDOT,2025,5,1
25307,CUNDINAMARCA,GIRARDOT,2025,6,3
25307,CUNDINAMARCA,GIRARDOT,2025,8,1
25307,CUNDINAMARCA,GIRARDOT,2025,10,1
25307,CUNDINAMARCA,GIRARDOT,2025,11,5
25307,CUNDINAMARCA,GIRARDOT,2025,12,3
25312,CUNDINAMARCA,GRANADA,2024,5,1
25312,CUNDINAMARCA,GRANADA,2024,6,1
25312,CUNDINAMARCA,GRANADA,2024,7,1
25312,CUNDINAMARCA,GRANADA,2024,8,1
25312,CUNDINAMARCA,GRANADA,2024,9,1
25312,CUNDINAMARCA,GRANADA,2024,12,1
25312,CUNDINAMARCA,GRANADA,2025,3,1
25312,CUNDINAMARCA,GRANADA,2025,7,1
25312,CUNDINAMARCA,GRANADA,2025,10,1
25320,CUNDINAMARCA,GUADUAS,2023,2,1
25320,CUNDINAMARCA,GUADUAS,2023,4,1
25320,CUNDINAMARCA,GUADUAS,2023,5,1
25320,CUNDINAMARCA,GUADUAS,2023,7,1
25320,CUNDINAMARCA,GUADUAS,2023,9,1
25320,CUNDINAMARCA,GUADUAS,2023,10,2
25320,CUNDINAMARCA,GUADUAS,2023,12,1
25320,CUNDINAMARCA,GUADUAS,2024,1,1
25320,CUNDINAMARCA,GUADUAS,2024,4,1
25320,CUNDINAMARCA,GUADUAS,2024,7,3
25320,CUNDINAMARCA,GUADUAS,2024,9,2
25320,CUNDINAMARCA,GUADUAS,2024,10,1
25320,CUNDINAMARCA,GUADUAS,2024,11,1
25320,CUNDINAMARCA,GUADUAS,2025,11,2
25322,CUNDINAMARCA,GUASCA,2023,3,1
25322,CUNDINAMARCA,GUASCA,2023,11,1
25322,CUNDINAMARCA,GUASCA,2024,9,2
25322,CUNDINAMARCA,GUASCA,2025,7,1
25322,CUNDINAMARCA,GUASCA,2025,11,1
25326,CUNDINAMARCA,GUATAVITA,2023,4,1
25326,CUNDINAMARCA,GUATAVITA,2023,8,1
25326,CUNDINAMARCA,GUATAVITA,2023,9,1
25326,CUNDINAMARCA,GUATAVITA,2025,12,1
25328,CUNDINAMARCA,GUAYABAL DE SIQUIMA,2024,2,1
25335,CUNDINAMARCA,GUAYABETAL,2023,10,1
25335,CUNDINAMARCA,GUAYABETAL,2023,11,1
25339,CUNDINAMARCA,GUTIERREZ,2023,6,1
25368,CUNDINAMARCA,JERUSALEN,2024,12,1
25377,CUNDINAMARCA,LA CALERA,2023,8,1
25377,CUNDINAMARCA,LA CALERA,2024,1,1
25377,CUNDINAMARCA,LA CALERA,2024,6,1
25377,CUNDINAMARCA,LA CALERA,2024,9,1
25377,CUNDINAMARCA,LA CALERA,2024,10,2
25377,CUNDINAMARCA,LA CALERA,2024,12,2
25377,CUNDINAMARCA,LA CALERA,2025,1,1
25377,CUNDINAMARCA,LA CALERA,2025,4,1
25377,CUNDINAMARCA,LA CALERA,2025,6,1
25377,CUNDINAMARCA,LA CALERA,2025,7,2
25377,CUNDINAMARCA,LA CALERA,2025,8,3
25377,CUNDINAMARCA,LA CALERA,2025,9,7
25377,CUNDINAMARCA,LA CALERA,2025,10,4
25377,CUNDINAMARCA,LA CALERA,2025,11,3
25377,CUNDINAMARCA,LA CALERA,2025,12,2
25386,CUNDINAMARCA,LA MESA,2023,1,1
25386,CUNDINAMARCA,LA MESA,2023,7,1
25386,CUNDINAMARCA,LA MESA,2023,8,1
25386,CUNDINAMARCA,LA MESA,2023,9,1
25386,CUNDINAMARCA,LA MESA,2024,5,1
25386,CUNDINAMARCA,LA MESA,2024,7,2
25386,CUNDINAMARCA,LA MESA,2024,10,1
25386,CUNDINAMARCA,LA MESA,2025,9,1
25386,CUNDINAMARCA,LA MESA,2025,11,2
25394,CUNDINAMARCA,LA PALMA,2023,6,1
25394,CUNDINAMARCA,LA PALMA,2024,2,1
25394,CUNDINAMARCA,LA PALMA,2025,6,1
25398,CUNDINAMARCA,LA PEÑA,2023,6,1
25402,CUNDINAMARCA,LA VEGA,2023,1,1
25402,CUNDINAMARCA,LA VEGA,2023,3,1
25402,CUNDINAMARCA,LA VEGA,2023,5,1
25402,CUNDINAMARCA,LA VEGA,2023,6,1
25402,CUNDINAMARCA,LA VEGA,2023,8,1
25402,CUNDINAMARCA,LA VEGA,2023,11,1
25402,CUNDINAMARCA,LA VEGA,2024,1,1
25402,CUNDINAMARCA,LA VEGA,2024,5,1
25402,CUNDINAMARCA,LA VEGA,2024,6,1
25402,CUNDINAMARCA,LA VEGA,2024,11,1
25426,CUNDINAMARCA,MACHETA,2023,3,1
25426,CUNDINAMARCA,MACHETA,2023,10,2
25426,CUNDINAMARCA,MACHETA,2023,12,2
25430,CUNDINAMARCA,MADRID,2023,1,1
25430,CUNDINAMARCA,MADRID,2023,3,2
25430,CUNDINAMARCA,MADRID,2023,4,1
25430,CUNDINAMARCA,MADRID,2023,5,1
25430,CUNDINAMARCA,MADRID,2023,6,1
25430,CUNDINAMARCA,MADRID,2023,8,1
25430,CUNDINAMARCA,MADRID,2023,9,2
25430,CUNDINAMARCA,MADRID,2023,10,1
25430,CUNDINAMARCA,MADRID,2023,11,1
25430,CUNDINAMARCA,MADRID,2023,12,3
25430,CUNDINAMARCA,MADRID,2024,1,1
25430,CUNDINAMARCA,MADRID,2024,2,1
25430,CUNDINAMARCA,MADRID,2024,3,1
25430,CUNDINAMARCA,MADRID,2024,4,1
25430,CUNDINAMARCA,MADRID,2024,5,1
25430,CUNDINAMARCA,MADRID,2024,7,1
25430,CUNDINAMARCA,MADRID,2024,8,1
25430,CUNDINAMARCA,MADRID,2024,10,2
25430,CUNDINAMARCA,MADRID,2024,11,2
25430,CUNDINAMARCA,MADRID,2024,12,3
25430,CUNDINAMARCA,MADRID,2025,4,1
25430,CUNDINAMARCA,MADRID,2025,5,2
25430,CUNDINAMARCA,MADRID,2025,7,3
25430,CUNDINAMARCA,MADRID,2025,9,1
25430,CUNDINAMARCA,MADRID,2025,10,3
25430,CUNDINAMARCA,MADRID,2025,11,1
25430,CUNDINAMARCA,MADRID,2025,12,3
25436,CUNDINAMARCA,MANTA,2023,1,2
25436,CUNDINAMARCA,MANTA,2023,3,1
25436,CUNDINAMARCA,MANTA,2025,2,1
25436,CUNDINAMARCA,MANTA,2025,5,1
25438,CUNDINAMARCA,MEDINA,2023,1,1
25438,CUNDINAMARCA,MEDINA,2023,5,1
25438,CUNDINAMARCA,MEDINA,2023,8,1
25438,CUNDINAMARCA,MEDINA,2024,3,1
25438,CUNDINAMARCA,MEDINA,2024,10,1
25438,CUNDINAMARCA,MEDINA,2025,3,1
25438,CUNDINAMARCA,MEDINA,2025,5,1
25473,CUNDINAMARCA,MOSQUERA,2023,1,3
25473,CUNDINAMARCA,MOSQUERA,2023,3,2
25473,CUNDINAMARCA,MOSQUERA,2023,5,1
25473,CUNDINAMARCA,MOSQUERA,2023,6,2
25473,CUNDINAMARCA,MOSQUERA,2023,7,1
25473,CUNDINAMARCA,MOSQUERA,2023,8,2
25473,CUNDINAMARCA,MOSQUERA,2023,9,1
25473,CUNDINAMARCA,MOSQUERA,2023,11,3
25473,CUNDINAMARCA,MOSQUERA,2023,12,4
25473,CUNDINAMARCA,MOSQUERA,2024,1,1
25473,CUNDINAMARCA,MOSQUERA,2024,3,2
25473,CUNDINAMARCA,MOSQUERA,2024,4,5
25473,CUNDINAMARCA,MOSQUERA,2024,7,1
25473,CUNDINAMARCA,MOSQUERA,2024,9,1
25473,CUNDINAMARCA,MOSQUERA,2024,10,2
25473,CUNDINAMARCA,MOSQUERA,2024,11,3
25473,CUNDINAMARCA,MOSQUERA,2024,12,2
25473,CUNDINAMARCA,MOSQUERA,2025,1,1
25473,CUNDINAMARCA,MOSQUERA,2025,2,2
25473,CUNDINAMARCA,MOSQUERA,2025,4,1
25473,CUNDINAMARCA,MOSQUERA,2025,7,3
25473,CUNDINAMARCA,MOSQUERA,2025,8,4
25473,CUNDINAMARCA,MOSQUERA,2025,9,1
25473,CUNDINAMARCA,MOSQUERA,2025,10,2
25473,CUNDINAMARCA,MOSQUERA,2025,11,2
25473,CUNDINAMARCA,MOSQUERA,2025,12,4
25486,CUNDINAMARCA,NEMOCON,2023,10,1
25486,CUNDINAMARCA,NEMOCON,2024,7,1
25488,CUNDINAMARCA,NILO,2024,3,1
25488,CUNDINAMARCA,NILO,2024,6,1
25488,CUNDINAMARCA,NILO,2024,12,1
25489,CUNDINAMARCA,NIMAIMA,2023,9,1
25489,CUNDINAMARCA,NIMAIMA,2023,11,1
25491,CUNDINAMARCA,NOCAIMA,2023,2,1
25491,CUNDINAMARCA,NOCAIMA,2024,11,1
25506,CUNDINAMARCA,VENECIA,2024,2,1
25513,CUNDINAMARCA,PACHO,2023,1,1
25513,CUNDINAMARCA,PACHO,2023,5,2
25513,CUNDINAMARCA,PACHO,2023,7,1
25513,CUNDINAMARCA,PACHO,2023,8,3
25513,CUNDINAMARCA,PACHO,2023,9,1
25513,CUNDINAMARCA,PACHO,2023,10,1
25513,CUNDINAMARCA,PACHO,2024,2,1
25513,CUNDINAMARCA,PACHO,2024,7,1
25513,CUNDINAMARCA,PACHO,2024,8,1
25513,CUNDINAMARCA,PACHO,2024,11,2
25513,CUNDINAMARCA,PACHO,2025,7,1
25513,CUNDINAMARCA,PACHO,2025,8,1
25513,CUNDINAMARCA,PACHO,2025,9,2
25513,CUNDINAMARCA,PACHO,2025,12,1
25518,CUNDINAMARCA,PAIME,2024,5,1
25524,CUNDINAMARCA,PANDI,2023,5,2
25524,CUNDINAMARCA,PANDI,2024,10,1
25524,CUNDINAMARCA,PANDI,2025,10,1
25530,CUNDINAMARCA,PARATEBUENO,2023,1,1
25530,CUNDINAMARCA,PARATEBUENO,2023,11,2
25530,CUNDINAMARCA,PARATEBUENO,2024,3,1
25530,CUNDINAMARCA,PARATEBUENO,2024,6,1
25530,CUNDINAMARCA,PARATEBUENO,2025,1,1
25530,CUNDINAMARCA,PARATEBUENO,2025,4,1
25530,CUNDINAMARCA,PARATEBUENO,2025,7,1
25535,CUNDINAMARCA,PASCA,2023,1,1
25535,CUNDINAMARCA,PASCA,2023,5,1
25535,CUNDINAMARCA,PASCA,2023,7,1
25535,CUNDINAMARCA,PASCA,2023,8,1
25535,CUNDINAMARCA,PASCA,2023,12,1
25535,CUNDINAMARCA,PASCA,2024,6,1
25572,CUNDINAMARCA,PUERTO SALGAR,2023,4,1
25572,CUNDINAMARCA,PUERTO SALGAR,2023,8,1
25572,CUNDINAMARCA,PUERTO SALGAR,2024,7,1
25572,CUNDINAMARCA,PUERTO SALGAR,2025,3,1
25572,CUNDINAMARCA,PUERTO SALGAR,2025,11,2
25596,CUNDINAMARCA,QUIPILE,2023,8,1
25596,CUNDINAMARCA,QUIPILE,2023,12,1
25596,CUNDINAMARCA,QUIPILE,2024,8,1
25599,CUNDINAMARCA,APULO,2023,7,1
25612,CUNDINAMARCA,RICAURTE,2023,1,1
25612,CUNDINAMARCA,RICAURTE,2023,4,1
25612,CUNDINAMARCA,RICAURTE,2023,6,1
25612,CUNDINAMARCA,RICAURTE,2024,11,1
25612,CUNDINAMARCA,RICAURTE,2024,12,1
25612,CUNDINAMARCA,RICAURTE,2025,8,2
25645,CUNDINAMARCA,SAN ANTONIO DEL TEQUENDAMA,2023,2,1
25645,CUNDINAMARCA,SAN ANTONIO DEL TEQUENDAMA,2024,7,1
25645,CUNDINAMARCA,SAN ANTONIO DEL TEQUENDAMA,2024,8,1
25645,CUNDINAMARCA,SAN ANTONIO DEL TEQUENDAMA,2024,9,2
25645,CUNDINAMARCA,SAN ANTONIO DEL TEQUENDAMA,2025,7,1
25645,CUNDINAMARCA,SAN ANTONIO DEL TEQUENDAMA,2025,8,2
25645,CUNDINAMARCA,SAN ANTONIO DEL TEQUENDAMA,2025,12,1
25658,CUNDINAMARCA,SAN FRANCISCO,2023,8,1
25658,CUNDINAMARCA,SAN FRANCISCO,2024,5,1
25658,CUNDINAMARCA,SAN FRANCISCO,2024,7,1
25658,CUNDINAMARCA,SAN FRANCISCO,2025,1,1
25658,CUNDINAMARCA,SAN FRANCISCO,2025,5,1
25658,CUNDINAMARCA,SAN FRANCISCO,2025,6,2
25658,CUNDINAMARCA,SAN FRANCISCO,2025,7,1
25658,CUNDINAMARCA,SAN FRANCISCO,2025,9,1
25662,CUNDINAMARCA,SAN JUAN DE RIOSECO,2023,4,1
25718,CUNDINAMARCA,SASAIMA,2023,7,1
25718,CUNDINAMARCA,SASAIMA,2025,6,1
25718,CUNDINAMARCA,SASAIMA,2025,8,1
25736,CUNDINAMARCA,SESQUILE,2023,9,1
25736,CUNDINAMARCA,SESQUILE,2024,10,2
25736,CUNDINAMARCA,SESQUILE,2025,2,1
25740,CUNDINAMARCA,SIBATE,2023,5,1
25740,CUNDINAMARCA,SIBATE,2023,7,2
25740,CUNDINAMARCA,SIBATE,2023,9,1
25740,CUNDINAMARCA,SIBATE,2024,5,1
25740,CUNDINAMARCA,SIBATE,2024,6,2
25740,CUNDINAMARCA,SIBATE,2024,9,1
25740,CUNDINAMARCA,SIBATE,2024,10,1
25740,CUNDINAMARCA,SIBATE,2024,11,1
25740,CUNDINAMARCA,SIBATE,2024,12,1
25740,CUNDINAMARCA,SIBATE,2025,2,1
25740,CUNDINAMARCA,SIBATE,2025,3,1
25740,CUNDINAMARCA,SIBATE,2025,5,2
25740,CUNDINAMARCA,SIBATE,2025,6,1
25740,CUNDINAMARCA,SIBATE,2025,8,1
25740,CUNDINAMARCA,SIBATE,2025,9,2
25740,CUNDINAMARCA,SIBATE,2025,10,3
25740,CUNDINAMARCA,SIBATE,2025,12,1
25743,CUNDINAMARCA,SILVANIA,2023,8,1
25743,CUNDINAMARCA,SILVANIA,2023,9,4
25743,CUNDINAMARCA,SILVANIA,2024,10,1
25743,CUNDINAMARCA,SILVANIA,2025,2,2
25743,CUNDINAMARCA,SILVANIA,2025,3,1
25743,CUNDINAMARCA,SILVANIA,2025,8,3
25745,CUNDINAMARCA,SIMIJACA,2024,9,1
25745,CUNDINAMARCA,SIMIJACA,2025,7,1
25754,CUNDINAMARCA,SOACHA,2023,1,3
25754,CUNDINAMARCA,SOACHA,2023,2,4
25754,CUNDINAMARCA,SOACHA,2023,3,2
25754,CUNDINAMARCA,SOACHA,2023,4,2
25754,CUNDINAMARCA,SOACHA,2023,5,4
25754,CUNDINAMARCA,SOACHA,2023,6,5
25754,CUNDINAMARCA,SOACHA,2023,7,7
25754,CUNDINAMARCA,SOACHA,2023,8,6
25754,CUNDINAMARCA,SOACHA,2023,9,8
25754,CUNDINAMARCA,SOACHA,2023,10,8
25754,CUNDINAMARCA,SOACHA,2023,11,8
25754,CUNDINAMARCA,SOACHA,2023,12,17
25754,CUNDINAMARCA,SOACHA,2024,1,2
25754,CUNDINAMARCA,SOACHA,2024,2,5
25754,CUNDINAMARCA,SOACHA,2024,3,4
25754,CUNDINAMARCA,SOACHA,2024,4,7
25754,CUNDINAMARCA,SOACHA,2024,5,2
25754,CUNDINAMARCA,SOACHA,2024,6,6
25754,CUNDINAMARCA,SOACHA,2024,7,5
25754,CUNDINAMARCA,SOACHA,2024,8,2
25754,CUNDINAMARCA,SOACHA,2024,9,7
25754,CUNDINAMARCA,SOACHA,2024,10,3
25754,CUNDINAMARCA,SOACHA,2024,11,8
25754,CUNDINAMARCA,SOACHA,2024,12,13
25754,CUNDINAMARCA,SOACHA,2025,1,4
25754,CUNDINAMARCA,SOACHA,2025,2,5
25754,CUNDINAMARCA,SOACHA,2025,3,2
25754,CUNDINAMARCA,SOACHA,2025,4,1
25754,CUNDINAMARCA,SOACHA,2025,5,3
25754,CUNDINAMARCA,SOACHA,2025,6,4
25754,CUNDINAMARCA,SOACHA,2025,7,4
25754,CUNDINAMARCA,SOACHA,2025,8,6
25754,CUNDINAMARCA,SOACHA,2025,9,5
25754,CUNDINAMARCA,SOACHA,2025,10,6
25754,CUNDINAMARCA,SOACHA,2025,11,8
25754,CUNDINAMARCA,SOACHA,2025,12,20
25758,CUNDINAMARCA,SOPO,2023,1,1
25758,CUNDINAMARCA,SOPO,2023,2,1
25758,CUNDINAMARCA,SOPO,2023,6,1
25758,CUNDINAMARCA,SOPO,2023,7,1
25758,CUNDINAMARCA,SOPO,2024,9,1
25758,CUNDINAMARCA,SOPO,2024,11,1
25758,CUNDINAMARCA,SOPO,2024,12,1
25758,CUNDINAMARCA,SOPO,2025,7,1
25758,CUNDINAMARCA,SOPO,2025,8,2
25758,CUNDINAMARCA,SOPO,2025,10,1
25769,CUNDINAMARCA,SUBACHOQUE,2024,1,1
25769,CUNDINAMARCA,SUBACHOQUE,2024,8,3
25769,CUNDINAMARCA,SUBACHOQUE,2024,11,1
25769,CUNDINAMARCA,SUBACHOQUE,2024,12,1
25769,CUNDINAMARCA,SUBACHOQUE,2025,5,1
25769,CUNDINAMARCA,SUBACHOQUE,2025,7,1
25769,CUNDINAMARCA,SUBACHOQUE,2025,9,3
25769,CUNDINAMARCA,SUBACHOQUE,2025,10,2
25769,CUNDINAMARCA,SUBACHOQUE,2025,12,1
25772,CUNDINAMARCA,SUESCA,2023,5,1
25772,CUNDINAMARCA,SUESCA,2024,12,1
25777,CUNDINAMARCA,SUPATA,2025,7,1
25779,CUNDINAMARCA,SUSA,2024,7,1
25785,CUNDINAMARCA,TABIO,2023,5,1
25785,CUNDINAMARCA,TABIO,2023,8,1
25785,CUNDINAMARCA,TABIO,2024,3,1
25785,CUNDINAMARCA,TABIO,2024,7,1
25785,CUNDINAMARCA,TABIO,2024,10,1
25785,CUNDINAMARCA,TABIO,2025,3,1
25785,CUNDINAMARCA,TABIO,2025,5,1
25785,CUNDINAMARCA,TABIO,2025,6,2
25785,CUNDINAMARCA,TABIO,2025,12,1
25797,CUNDINAMARCA,TENA,2024,9,1
25799,CUNDINAMARCA,TENJO,2023,10,1
25799,CUNDINAMARCA,TENJO,2023,12,1
25799,CUNDINAMARCA,TENJO,2024,2,1
25799,CUNDINAMARCA,TENJO,2024,4,1
25799,CUNDINAMARCA,TENJO,2024,10,1
25799,CUNDINAMARCA,TENJO,2024,11,1
25799,CUNDINAMARCA,TENJO,2025,4,1
25799,CUNDINAMARCA,TENJO,2025,8,1
25799,CUNDINAMARCA,TENJO,2025,9,2
25805,CUNDINAMARCA,TIBACUY,2023,7,1
25805,CUNDINAMARCA,TIBACUY,2023,10,1
25805,CUNDINAMARCA,TIBACUY,2024,5,1
25805,CUNDINAMARCA,TIBACUY,2024,9,1
25805,CUNDINAMARCA,TIBACUY,2025,5,1
25807,CUNDINAMARCA,TIBIRITA,2023,10,1
25815,CUNDINAMARCA,TOCAIMA,2023,2,1
25815,CUNDINAMARCA,TOCAIMA,2024,2,1
25815,CUNDINAMARCA,TOCAIMA,2025,11,1
25815,CUNDINAMARCA,TOCAIMA,2025,12,1
25817,CUNDINAMARCA,TOCANCIPA,2023,1,2
25817,CUNDINAMARCA,TOCANCIPA,2023,3,1
25817,CUNDINAMARCA,TOCANCIPA,2023,5,2
25817,CUNDINAMARCA,TOCANCIPA,2023,8,1
25817,CUNDINAMARCA,TOCANCIPA,2023,11,2
25817,CUNDINAMARCA,TOCANCIPA,2024,2,1
25817,CUNDINAMARCA,TOCANCIPA,2024,10,1
25817,CUNDINAMARCA,TOCANCIPA,2025,3,1
25817,CUNDINAMARCA,TOCANCIPA,2025,5,2
25817,CUNDINAMARCA,TOCANCIPA,2025,12,3
25823,CUNDINAMARCA,TOPAIPI,2023,5,1
25839,CUNDINAMARCA,UBALA,2024,10,1
25841,CUNDINAMARCA,UBAQUE,2024,3,1
25841,CUNDINAMARCA,UBAQUE,2025,12,1
25843,CUNDINAMARCA,VILLA DE SAN DIEGO DE UBATE,2023,2,1
25843,CUNDINAMARCA,VILLA DE SAN DIEGO DE UBATE,2023,6,1
25843,CUNDINAMARCA,VILLA DE SAN DIEGO DE UBATE,2023,11,1
25843,CUNDINAMARCA,VILLA DE SAN DIEGO DE UBATE,2024,3,1
25843,CUNDINAMARCA,VILLA DE SAN DIEGO DE UBATE,2024,6,1
25843,CUNDINAMARCA,VILLA DE SAN DIEGO DE UBATE,2024,11,2
25843,CUNDINAMARCA,VILLA DE SAN DIEGO DE UBATE,2024,12,1
25843,CUNDINAMARCA,VILLA DE SAN DIEGO DE UBATE,2025,1,1
25843,CUNDINAMARCA,VILLA DE SAN DIEGO DE UBATE,2025,7,1
25843,CUNDINAMARCA,VILLA DE SAN DIEGO DE UBATE,2025,11,1
25843,CUNDINAMARCA,VILLA DE SAN DIEGO DE UBATE,2025,12,1
25845,CUNDINAMARCA,UNE,2023,9,1
25845,CUNDINAMARCA,UNE,2024,11,1
25845,CUNDINAMARCA,UNE,2025,4,1
25845,CUNDINAMARCA,UNE,2025,11,1
25851,CUNDINAMARCA,UTICA,2024,2,1
25862,CUNDINAMARCA,VERGARA,2023,11,1
25862,CUNDINAMARCA,VERGARA,2025,4,1
25867,CUNDINAMARCA,VIANI,2024,4,1
25871,CUNDINAMARCA,VILLAGOMEZ,2023,4,1
25871,CUNDINAMARCA,VILLAGOMEZ,2024,8,1
25873,CUNDINAMARCA,VILLAPINZON,2023,7,1
25873,CUNDINAMARCA,VILLAPINZON,2024,11,1
25875,CUNDINAMARCA,VILLETA,2023,1,1
25875,CUNDINAMARCA,VILLETA,2023,2,1
25875,CUNDINAMARCA,VILLETA,2023,5,1
25875,CUNDINAMARCA,VILLETA,2023,7,1
25875,CUNDINAMARCA,VILLETA,2023,8,1
25875,CUNDINAMARCA,VILLETA,2023,11,1
25875,CUNDINAMARCA,VILLETA,2024,3,1
25875,CUNDINAMARCA,VILLETA,2024,4,1
25875,CUNDINAMARCA,VILLETA,2024,7,1
25875,CUNDINAMARCA,VILLETA,2024,9,1
25875,CUNDINAMARCA,VILLETA,2024,10,2
25875,CUNDINAMARCA,VILLETA,2024,12,1
25875,CUNDINAMARCA,VILLETA,2025,5,2
25875,CUNDINAMARCA,VILLETA,2025,6,2
25875,CUNDINAMARCA,VILLETA,2025,8,1
25875,CUNDINAMARCA,VILLETA,2025,9,1
25875,CUNDINAMARCA,VILLETA,2025,10,1
25875,CUNDINAMARCA,VILLETA,2025,11,2
25875,CUNDINAMARCA,VILLETA,2025,12,2
25878,CUNDINAMARCA,VIOTA,2023,11,1
25878,CUNDINAMARCA,VIOTA,2024,6,1
25878,CUNDINAMARCA,VIOTA,2024,11,1
25878,CUNDINAMARCA,VIOTA,2025,1,1
25878,CUNDINAMARCA,VIOTA,2025,3,1
25878,CUNDINAMARCA,VIOTA,2025,4,1
25878,CUNDINAMARCA,VIOTA,2025,5,1
25878,CUNDINAMARCA,VIOTA,2025,7,1
25878,CUNDINAMARCA,VIOTA,2025,9,2
25878,CUNDINAMARCA,VIOTA,2025,10,1
25878,CUNDINAMARCA,VIOTA,2025,12,1
25885,CUNDINAMARCA,YACOPI,2023,1,1
25898,CUNDINAMARCA,ZIPACON,2025,1,1
25899,CUNDINAMARCA,ZIPAQUIRA,2023,1,4
25899,CUNDINAMARCA,ZIPAQUIRA,2023,2,1
25899,CUNDINAMARCA,ZIPAQUIRA,2023,3,1
25899,CUNDINAMARCA,ZIPAQUIRA,2023,4,1
25899,CUNDINAMARCA,ZIPAQUIRA,2023,5,1
25899,CUNDINAMARCA,ZIPAQUIRA,2023,6,1
25899,CUNDINAMARCA,ZIPAQUIRA,2023,7,2
25899,CUNDINAMARCA,ZIPAQUIRA,2023,9,1
25899,CUNDINAMARCA,ZIPAQUIRA,2023,10,1
25899,CUNDINAMARCA,ZIPAQUIRA,2023,11,2
25899,CUNDINAMARCA,ZIPAQUIRA,2023,12,2
25899,CUNDINAMARCA,ZIPAQUIRA,2024,1,2
25899,CUNDINAMARCA,ZIPAQUIRA,2024,3,2
25899,CUNDINAMARCA,ZIPAQUIRA,2024,4,3
25899,CUNDINAMARCA,ZIPAQUIRA,2024,5,2
25899,CUNDINAMARCA,ZIPAQUIRA,2024,6,2
25899,CUNDINAMARCA,ZIPAQUIRA,2024,7,1
25899,CUNDINAMARCA,ZIPAQUIRA,2024,8,1
25899,CUNDINAMARCA,ZIPAQUIRA,2024,10,1
25899,CUNDINAMARCA,ZIPAQUIRA,2024,11,2
25899,CUNDINAMARCA,ZIPAQUIRA,2024,12,4
25899,CUNDINAMARCA,ZIPAQUIRA,2025,3,1
25899,CUNDINAMARCA,ZIPAQUIRA,2025,5,1
25899,CUNDINAMARCA,ZIPAQUIRA,2025,8,2
25899,CUNDINAMARCA,ZIPAQUIRA,2025,9,5
25899,CUNDINAMARCA,ZIPAQUIRA,2025,11,2
25899,CUNDINAMARCA,ZIPAQUIRA,2025,12,4
27001,CHOCO,QUIBDO,2023,1,20
27001,CHOCO,QUIBDO,2023,2,26
27001,CHOCO,QUIBDO,2023,3,18
27001,CHOCO,QUIBDO,2023,4,25
27001,CHOCO,QUIBDO,2023,5,16
27001,CHOCO,QUIBDO,2023,6,15
27001,CHOCO,QUIBDO,2023,7,31
27001,CHOCO,QUIBDO,2023,8,30
27001,CHOCO,QUIBDO,2023,9,29
27001,CHOCO,QUIBDO,2023,10,34
27001,CHOCO,QUIBDO,2023,11,33
27001,CHOCO,QUIBDO,2023,12,24
27001,CHOCO,QUIBDO,2024,1,16
27001,CHOCO,QUIBDO,2024,2,24
27001,CHOCO,QUIBDO,2024,3,17
27001,CHOCO,QUIBDO,2024,4,26
27001,CHOCO,QUIBDO,2024,5,31
27001,CHOCO,QUIBDO,2024,6,13
27001,CHOCO,QUIBDO,2024,7,43
27001,CHOCO,QUIBDO,2024,8,32
27001,CHOCO,QUIBDO,2024,9,27
27001,CHOCO,QUIBDO,2024,10,25
27001,CHOCO,QUIBDO,2024,11,28
27001,CHOCO,QUIBDO,2024,12,27
27001,CHOCO,QUIBDO,2025,1,19
27001,CHOCO,QUIBDO,2025,2,22
27001,CHOCO,QUIBDO,2025,3,21
27001,CHOCO,QUIBDO,2025,4,17
27001,CHOCO,QUIBDO,2025,5,14
27001,CHOCO,QUIBDO,2025,6,15
27001,CHOCO,QUIBDO,2025,7,15
27001,CHOCO,QUIBDO,2025,8,15
27001,CHOCO,QUIBDO,2025,9,13
27001,CHOCO,QUIBDO,2025,10,16
27001,CHOCO,QUIBDO,2025,11,14
27001,CHOCO,QUIBDO,2025,12,6
27006,CHOCO,ACANDI,2023,10,1
27006,CHOCO,ACANDI,2023,11,1
27006,CHOCO,ACANDI,2024,8,1
27006,CHOCO,ACANDI,2025,5,1
27025,CHOCO,ALTO BAUDO,2023,3,1
27025,CHOCO,ALTO BAUDO,2024,6,1
27025,CHOCO,ALTO BAUDO,2024,7,1
27050,CHOCO,ATRATO,2023,10,1
27050,CHOCO,ATRATO,2024,1,1
27050,CHOCO,ATRATO,2024,4,1
27050,CHOCO,ATRATO,2024,8,1
27050,CHOCO,ATRATO,2025,2,1
27050,CHOCO,ATRATO,2025,4,2
27050,CHOCO,ATRATO,2025,9,1
27050,CHOCO,ATRATO,2025,12,1
27073,CHOCO,BAGADO,2023,4,2
27073,CHOCO,BAGADO,2023,6,1
27073,CHOCO,BAGADO,2024,1,1
27073,CHOCO,BAGADO,2024,2,1
27073,CHOCO,BAGADO,2024,7,1
27075,CHOCO,BAHIA SOLANO,2023,2,1
27075,CHOCO,BAHIA SOLANO,2023,4,1
27075,CHOCO,BAHIA SOLANO,2023,7,1
27075,CHOCO,BAHIA SOLANO,2023,9,1
27075,CHOCO,BAHIA SOLANO,2023,12,1
27075,CHOCO,BAHIA SOLANO,2024,2,2
27075,CHOCO,BAHIA SOLANO,2024,5,1
27075,CHOCO,BAHIA SOLANO,2024,6,2
27075,CHOCO,BAHIA SOLANO,2024,9,1
27075,CHOCO,BAHIA SOLANO,2024,11,2
27075,CHOCO,BAHIA SOLANO,2024,12,2
27075,CHOCO,BAHIA SOLANO,2025,4,1
27075,CHOCO,BAHIA SOLANO,2025,9,2
27077,CHOCO,BAJO BAUDO,2023,4,2
27077,CHOCO,BAJO BAUDO,2023,8,1
27077,CHOCO,BAJO BAUDO,2024,2,2
27077,CHOCO,BAJO BAUDO,2024,3,1
27077,CHOCO,BAJO BAUDO,2024,8,1
27077,CHOCO,BAJO BAUDO,2024,10,1
27077,CHOCO,BAJO BAUDO,2024,11,1
27077,CHOCO,BAJO BAUDO,2025,2,1
27077,CHOCO,BAJO BAUDO,2025,5,1
27077,CHOCO,BAJO BAUDO,2025,9,1
27099,CHOCO,BOJAYA,2023,8,2
27099,CHOCO,BOJAYA,2024,1,1
27099,CHOCO,BOJAYA,2024,11,1
27099,CHOCO,BOJAYA,2025,3,1
27099,CHOCO,BOJAYA,2025,7,1
27135,CHOCO,EL CANTON DEL SAN PABLO,2023,5,1
27135,CHOCO,EL CANTON DEL SAN PABLO,2024,3,1
27135,CHOCO,EL CANTON DEL SAN PABLO,2024,7,1
27135,CHOCO,EL CANTON DEL SAN PABLO,2024,12,1
27150,CHOCO,CARMEN DEL DARIEN,2024,3,1
27150,CHOCO,CARMEN DEL DARIEN,2024,8,1
27150,CHOCO,CARMEN DEL DARIEN,2025,6,1
27160,CHOCO,CERTEGUI,2023,5,1
27160,CHOCO,CERTEGUI,2025,2,1
27205,CHOCO,CONDOTO,2023,2,1
27205,CHOCO,CONDOTO,2023,8,1
27205,CHOCO,CONDOTO,2023,9,2
27205,CHOCO,CONDOTO,2024,3,1
27205,CHOCO,CONDOTO,2024,4,1
27205,CHOCO,CONDOTO,2024,7,1
27205,CHOCO,CONDOTO,2025,5,1
27205,CHOCO,CONDOTO,2025,10,1
27205,CHOCO,CONDOTO,2025,11,1
27245,CHOCO,EL CARMEN DE ATRATO,2023,1,1
27245,CHOCO,EL CARMEN DE ATRATO,2023,5,1
27245,CHOCO,EL CARMEN DE ATRATO,2023,8,1
27245,CHOCO,EL CARMEN DE ATRATO,2024,3,1
27245,CHOCO,EL CARMEN DE ATRATO,2024,4,2
27245,CHOCO,EL CARMEN DE ATRATO,2024,10,3
27245,CHOCO,EL CARMEN DE ATRATO,2024,11,1
27245,CHOCO,EL CARMEN DE ATRATO,2025,2,2
27245,CHOCO,EL CARMEN DE ATRATO,2025,3,1
27245,CHOCO,EL CARMEN DE ATRATO,2025,4,1
27245,CHOCO,EL CARMEN DE ATRATO,2025,9,1
27245,CHOCO,EL CARMEN DE ATRATO,2025,11,1
27250,CHOCO,EL LITORAL DEL SAN JUAN,2023,6,1
27250,CHOCO,EL LITORAL DEL SAN JUAN,2023,9,1
27250,CHOCO,EL LITORAL DEL SAN JUAN,2023,10,1
27250,CHOCO,EL LITORAL DEL SAN JUAN,2024,1,1
27250,CHOCO,EL LITORAL DEL SAN JUAN,2024,12,1
27250,CHOCO,EL LITORAL DEL SAN JUAN,2025,8,1
27250,CHOCO,EL LITORAL DEL SAN JUAN,2025,9,1
27361,CHOCO,ISTMINA,2023,1,2
27361,CHOCO,ISTMINA,2023,2,2
27361,CHOCO,ISTMINA,2023,3,7
27361,CHOCO,ISTMINA,2023,5,3
27361,CHOCO,ISTMINA,2023,6,1
27361,CHOCO,ISTMINA,2023,7,2
27361,CHOCO,ISTMINA,2023,8,2
27361,CHOCO,ISTMINA,2023,9,1
27361,CHOCO,ISTMINA,2023,12,1
27361,CHOCO,ISTMINA,2024,2,1
27361,CHOCO,ISTMINA,2024,3,1
27361,CHOCO,ISTMINA,2024,5,1
27361,CHOCO,ISTMINA,2024,8,2
27361,CHOCO,ISTMINA,2024,9,1
27361,CHOCO,ISTMINA,2024,11,2
27361,CHOCO,ISTMINA,2025,1,2
27361,CHOCO,ISTMINA,2025,2,3
27361,CHOCO,ISTMINA,2025,3,1
27361,CHOCO,ISTMINA,2025,4,1
27361,CHOCO,ISTMINA,2025,7,1
27361,CHOCO,ISTMINA,2025,8,1
27361,CHOCO,ISTMINA,2025,10,2
27361,CHOCO,ISTMINA,2025,12,2
27372,CHOCO,JURADO,2024,2,1
27372,CHOCO,JURADO,2024,9,1
27413,CHOCO,LLORO,2023,5,1
27413,CHOCO,LLORO,2023,6,1
27413,CHOCO,LLORO,2023,11,1
27413,CHOCO,LLORO,2024,2,1
27413,CHOCO,LLORO,2024,7,1
27413,CHOCO,LLORO,2024,8,1
27413,CHOCO,LLORO,2024,9,1
27413,CHOCO,LLORO,2024,10,1
27413,CHOCO,LLORO,2025,4,2
27413,CHOCO,LLORO,2025,5,1
27413,CHOCO,LLORO,2025,10,2
27425,CHOCO,MEDIO ATRATO,2024,6,1
27425,CHOCO,MEDIO ATRATO,2024,11,1
27430,CHOCO,MEDIO BAUDO,2023,2,1
27430,CHOCO,MEDIO BAUDO,2023,10,1
27450,CHOCO,MEDIO SAN JUAN,2023,9,1
27450,CHOCO,MEDIO SAN JUAN,2024,5,1
27450,CHOCO,MEDIO SAN JUAN,2024,6,1
27450,CHOCO,MEDIO SAN JUAN,2025,4,1
27450,CHOCO,MEDIO SAN JUAN,2025,12,1
27491,CHOCO,NOVITA,2023,4,1
27491,CHOCO,NOVITA,2024,9,1
27491,CHOCO,NOVITA,2025,1,1
27491,CHOCO,NOVITA,2025,2,1
27491,CHOCO,NOVITA,2025,4,1
27495,CHOCO,NUQUI,2023,1,1
27495,CHOCO,NUQUI,2023,2,1
27495,CHOCO,NUQUI,2023,8,1
27495,CHOCO,NUQUI,2024,7,2
27495,CHOCO,NUQUI,2024,8,1
27495,CHOCO,NUQUI,2025,3,1
27495,CHOCO,NUQUI,2025,7,1
27600,CHOCO,RIO QUITO,2023,2,1
27600,CHOCO,RIO QUITO,2025,4,1
27600,CHOCO,RIO QUITO,2025,5,1
27615,CHOCO,RIOSUCIO,2023,3,3
27615,CHOCO,RIOSUCIO,2023,9,1
27615,CHOCO,RIOSUCIO,2023,10,1
27615,CHOCO,RIOSUCIO,2024,2,2
27615,CHOCO,RIOSUCIO,2024,3,1
27615,CHOCO,RIOSUCIO,2024,11,1
27615,CHOCO,RIOSUCIO,2025,9,1
27615,CHOCO,RIOSUCIO,2025,10,1
27660,CHOCO,SAN JOSE DEL PALMAR,2025,2,1
27787,CHOCO,TADO,2023,2,3
27787,CHOCO,TADO,2023,4,1
27787,CHOCO,TADO,2023,5,1
27787,CHOCO,TADO,2023,6,2
27787,CHOCO,TADO,2023,8,5
27787,CHOCO,TADO,2023,9,2
27787,CHOCO,TADO,2023,10,1
27787,CHOCO,TADO,2023,12,1
27787,CHOCO,TADO,2024,2,1
27787,CHOCO,TADO,2024,4,2
27787,CHOCO,TADO,2024,5,1
27787,CHOCO,TADO,2024,6,1
27787,CHOCO,TADO,2024,11,1
27787,CHOCO,TADO,2025,1,1
27787,CHOCO,TADO,2025,3,1
27787,CHOCO,TADO,2025,4,3
27800,CHOCO,UNGUIA,2024,10,1
27800,CHOCO,UNGUIA,2025,5,1
27800,CHOCO,UNGUIA,2025,10,1
27810,CHOCO,UNION PANAMERICANA,2023,6,1
27810,CHOCO,UNION PANAMERICANA,2023,8,1
27810,CHOCO,UNION PANAMERICANA,2024,4,1
27810,CHOCO,UNION PANAMERICANA,2025,1,1
27810,CHOCO,UNION PANAMERICANA,2025,8,1
27810,CHOCO,UNION PANAMERICANA,2025,10,1
41001,HUILA,NEIVA,2023,1,2
41001,HUILA,NEIVA,2023,2,4
41001,HUILA,NEIVA,2023,3,1
41001,HUILA,NEIVA,2023,4,6
41001,HUILA,NEIVA,2023,5,5
41001,HUILA,NEIVA,2023,6,3
41001,HUILA,NEIVA,2023,7,5
41001,HUILA,NEIVA,2023,8,4
41001,HUILA,NEIVA,2023,9,12
41001,HUILA,NEIVA,2023,10,12
41001,HUILA,NEIVA,2023,11,24
41001,HUILA,NEIVA,2023,12,18
41001,HUILA,NEIVA,2024,1,15
41001,HUILA,NEIVA,2024,2,11
41001,HUILA,NEIVA,2024,3,8
41001,HUILA,NEIVA,2024,4,16
41001,HUILA,NEIVA,2024,5,8
41001,HUILA,NEIVA,2024,6,9
41001,HUILA,NEIVA,2024,7,12
41001,HUILA,NEIVA,2024,8,7
41001,HUILA,NEIVA,2024,9,7
41001,HUILA,NEIVA,2024,10,9
41001,HUILA,NEIVA,2024,11,8
41001,HUILA,NEIVA,2024,12,5
41001,HUILA,NEIVA,2025,1,7
41001,HUILA,NEIVA,2025,2,3
41001,HUILA,NEIVA,2025,3,8
41001,HUILA,NEIVA,2025,4,7
41001,HUILA,NEIVA,2025,5,10
41001,HUILA,NEIVA,2025,6,13
41001,HUILA,NEIVA,2025,7,19
41001,HUILA,NEIVA,2025,8,16
41001,HUILA,NEIVA,2025,9,11
41001,HUILA,NEIVA,2025,10,15
41001,HUILA,NEIVA,2025,11,13
41001,HUILA,NEIVA,2025,12,5
41006,HUILA,ACEVEDO,2023,8,1
41006,HUILA,ACEVEDO,2023,10,1
41006,HUILA,ACEVEDO,2023,11,3
41006,HUILA,ACEVEDO,2024,3,1
41006,HUILA,ACEVEDO,2024,4,2
41006,HUILA,ACEVEDO,2024,5,2
41006,HUILA,ACEVEDO,2024,9,1
41006,HUILA,ACEVEDO,2024,10,1
41006,HUILA,ACEVEDO,2024,11,1
41006,HUILA,ACEVEDO,2025,3,1
41006,HUILA,ACEVEDO,2025,6,2
41006,HUILA,ACEVEDO,2025,7,1
41006,HUILA,ACEVEDO,2025,10,2
41013,HUILA,AGRADO,2023,7,1
41013,HUILA,AGRADO,2023,10,1
41013,HUILA,AGRADO,2023,11,1
41013,HUILA,AGRADO,2024,1,1
41013,HUILA,AGRADO,2024,5,1
41016,HUILA,AIPE,2023,9,1
41016,HUILA,AIPE,2023,12,1
41016,HUILA,AIPE,2024,5,1
41016,HUILA,AIPE,2024,7,2
41016,HUILA,AIPE,2024,8,1
41016,HUILA,AIPE,2024,9,1
41016,HUILA,AIPE,2024,10,1
41016,HUILA,AIPE,2025,1,1
41016,HUILA,AIPE,2025,2,2
41016,HUILA,AIPE,2025,3,1
41016,HUILA,AIPE,2025,4,1
41016,HUILA,AIPE,2025,5,1
41016,HUILA,AIPE,2025,6,2
41016,HUILA,AIPE,2025,8,2
41016,HUILA,AIPE,2025,11,1
41020,HUILA,ALGECIRAS,2023,3,1
41020,HUILA,ALGECIRAS,2023,6,1
41020,HUILA,ALGECIRAS,2023,7,2
41020,HUILA,ALGECIRAS,2023,8,1
41020,HUILA,ALGECIRAS,2023,9,1
41020,HUILA,ALGECIRAS,2023,10,2
41020,HUILA,ALGECIRAS,2023,11,4
41020,HUILA,ALGECIRAS,2023,12,3
41020,HUILA,ALGECIRAS,2024,2,4
41020,HUILA,ALGECIRAS,2024,3,2
41020,HUILA,ALGECIRAS,2024,4,2
41020,HUILA,ALGECIRAS,2024,5,1
41020,HUILA,ALGECIRAS,2024,6,1
41020,HUILA,ALGECIRAS,2024,8,1
41020,HUILA,ALGECIRAS,2024,9,4
41020,HUILA,ALGECIRAS,2024,11,1
41020,HUILA,ALGECIRAS,2025,5,1
41020,HUILA,ALGECIRAS,2025,6,1
41020,HUILA,ALGECIRAS,2025,8,2
41020,HUILA,ALGECIRAS,2025,10,1
41020,HUILA,ALGECIRAS,2025,12,1
41026,HUILA,ALTAMIRA,2023,9,1
41026,HUILA,ALTAMIRA,2023,12,1
41078,HUILA,BARAYA,2024,1,1
41078,HUILA,BARAYA,2025,5,2
41078,HUILA,BARAYA,2025,8,1
41078,HUILA,BARAYA,2025,11,1
41132,HUILA,CAMPOALEGRE,2023,1,1
41132,HUILA,CAMPOALEGRE,2023,4,1
41132,HUILA,CAMPOALEGRE,2023,9,2
41132,HUILA,CAMPOALEGRE,2023,10,1
41132,HUILA,CAMPOALEGRE,2023,12,1
41132,HUILA,CAMPOALEGRE,2024,1,2
41132,HUILA,CAMPOALEGRE,2024,4,2
41132,HUILA,CAMPOALEGRE,2024,5,1
41132,HUILA,CAMPOALEGRE,2024,6,2
41132,HUILA,CAMPOALEGRE,2024,7,1
41132,HUILA,CAMPOALEGRE,2024,8,1
41132,HUILA,CAMPOALEGRE,2024,9,2
41132,HUILA,CAMPOALEGRE,2024,10,1
41132,HUILA,CAMPOALEGRE,2024,11,1
41132,HUILA,CAMPOALEGRE,2024,12,1
41132,HUILA,CAMPOALEGRE,2025,3,1
41132,HUILA,CAMPOALEGRE,2025,4,1
41132,HUILA,CAMPOALEGRE,2025,5,1
41132,HUILA,CAMPOALEGRE,2025,7,1
41132,HUILA,CAMPOALEGRE,2025,8,2
41132,HUILA,CAMPOALEGRE,2025,9,2
41132,HUILA,CAMPOALEGRE,2025,11,1
41132,HUILA,CAMPOALEGRE,2025,12,2
41206,HUILA,COLOMBIA,2025,4,1
41206,HUILA,COLOMBIA,2025,5,1
41244,HUILA,ELIAS,2023,5,1
41244,HUILA,ELIAS,2023,10,1
41298,HUILA,GARZON,2023,1,2
41298,HUILA,GARZON,2023,5,1
41298,HUILA,GARZON,2023,7,2
41298,HUILA,GARZON,2023,8,3
41298,HUILA,GARZON,2023,9,2
41298,HUILA,GARZON,2023,10,3
41298,HUILA,GARZON,2023,11,6
41298,HUILA,GARZON,2023,12,5
41298,HUILA,GARZON,2024,1,3
41298,HUILA,GARZON,2024,2,1
41298,HUILA,GARZON,2024,3,1
41298,HUILA,GARZON,2024,4,4
41298,HUILA,GARZON,2024,5,4
41298,HUILA,GARZON,2024,6,3
41298,HUILA,GARZON,2024,7,2
41298,HUILA,GARZON,2024,8,2
41298,HUILA,GARZON,2024,10,1
41298,HUILA,GARZON,2024,11,2
41298,HUILA,GARZON,2025,2,3
41298,HUILA,GARZON,2025,3,4
41298,HUILA,GARZON,2025,5,1
41298,HUILA,GARZON,2025,6,1
41298,HUILA,GARZON,2025,7,1
41298,HUILA,GARZON,2025,8,1
41298,HUILA,GARZON,2025,9,4
41298,HUILA,GARZON,2025,10,3
41298,HUILA,GARZON,2025,12,2
41306,HUILA,GIGANTE,2023,2,1
41306,HUILA,GIGANTE,2023,8,1
41306,HUILA,GIGANTE,2023,10,1
41306,HUILA,GIGANTE,2024,2,1
41306,HUILA,GIGANTE,2024,5,1
41306,HUILA,GIGANTE,2024,6,1
41306,HUILA,GIGANTE,2024,7,1
41306,HUILA,GIGANTE,2024,10,4
41306,HUILA,GIGANTE,2024,11,2
41306,HUILA,GIGANTE,2025,2,1
41306,HUILA,GIGANTE,2025,3,1
41306,HUILA,GIGANTE,2025,7,1
41306,HUILA,GIGANTE,2025,9,1
41306,HUILA,GIGANTE,2025,10,2
41319,HUILA,GUADALUPE,2024,1,2
41319,HUILA,GUADALUPE,2024,2,1
41319,HUILA,GUADALUPE,2024,5,1
41319,HUILA,GUADALUPE,2024,9,1
41319,HUILA,GUADALUPE,2024,11,1
41319,HUILA,GUADALUPE,2025,1,1
41319,HUILA,GUADALUPE,2025,3,1
41319,HUILA,GUADALUPE,2025,9,2
41349,HUILA,HOBO,2023,9,2
41349,HUILA,HOBO,2024,4,1
41349,HUILA,HOBO,2024,5,2
41349,HUILA,HOBO,2024,8,2
41349,HUILA,HOBO,2024,9,1
41349,HUILA,HOBO,2025,4,1
41349,HUILA,HOBO,2025,5,1
41349,HUILA,HOBO,2025,6,1
41349,HUILA,HOBO,2025,7,1
41349,HUILA,HOBO,2025,8,1
41349,HUILA,HOBO,2025,9,1
41349,HUILA,HOBO,2025,10,1
41357,HUILA,IQUIRA,2023,3,1
41357,HUILA,IQUIRA,2023,8,1
41357,HUILA,IQUIRA,2023,11,1
41357,HUILA,IQUIRA,2023,12,1
41357,HUILA,IQUIRA,2024,8,2
41359,HUILA,ISNOS,2023,4,1
41359,HUILA,ISNOS,2023,10,1
41359,HUILA,ISNOS,2024,4,1
41359,HUILA,ISNOS,2024,6,1
41359,HUILA,ISNOS,2024,9,2
41359,HUILA,ISNOS,2024,10,2
41359,HUILA,ISNOS,2025,4,2
41378,HUILA,LA ARGENTINA,2023,5,1
41378,HUILA,LA ARGENTINA,2023,9,1
41378,HUILA,LA ARGENTINA,2024,4,1
41378,HUILA,LA ARGENTINA,2025,8,1
41378,HUILA,LA ARGENTINA,2025,11,1
41396,HUILA,LA PLATA,2023,7,3
41396,HUILA,LA PLATA,2023,8,2
41396,HUILA,LA PLATA,2023,9,3
41396,HUILA,LA PLATA,2023,10,2
41396,HUILA,LA PLATA,2023,11,4
41396,HUILA,LA PLATA,2023,12,3
41396,HUILA,LA PLATA,2024,2,5
41396,HUILA,LA PLATA,2024,3,1
41396,HUILA,LA PLATA,2024,4,3
41396,HUILA,LA PLATA,2024,5,2
41396,HUILA,LA PLATA,2024,8,2
41396,HUILA,LA PLATA,2024,9,2
41396,HUILA,LA PLATA,2024,10,4
41396,HUILA,LA PLATA,2024,11,5
41396,HUILA,LA PLATA,2024,12,1
41396,HUILA,LA PLATA,2025,1,2
41396,HUILA,LA PLATA,2025,2,1
41396,HUILA,LA PLATA,2025,3,2
41396,HUILA,LA PLATA,2025,5,2
41396,HUILA,LA PLATA,2025,6,2
41396,HUILA,LA PLATA,2025,7,3
41396,HUILA,LA PLATA,2025,8,5
41396,HUILA,LA PLATA,2025,9,4
41396,HUILA,LA PLATA,2025,10,1
41396,HUILA,LA PLATA,2025,11,1
41396,HUILA,LA PLATA,2025,12,3
41483,HUILA,NATAGA,2023,11,1
41483,HUILA,NATAGA,2024,1,2
41483,HUILA,NATAGA,2024,10,1
41503,HUILA,OPORAPA,2025,9,1
41518,HUILA,PAICOL,2023,8,1
41518,HUILA,PAICOL,2024,9,1
41518,HUILA,PAICOL,2024,10,2
41518,HUILA,PAICOL,2025,4,2
41518,HUILA,PAICOL,2025,9,1
41524,HUILA,PALERMO,2023,2,1
41524,HUILA,PALERMO,2023,3,1
41524,HUILA,PALERMO,2023,9,2
41524,HUILA,PALERMO,2023,10,1
41524,HUILA,PALERMO,2024,1,3
41524,HUILA,PALERMO,2024,4,1
41524,HUILA,PALERMO,2024,7,4
41524,HUILA,PALERMO,2024,9,2
41524,HUILA,PALERMO,2024,10,1
41524,HUILA,PALERMO,2025,2,1
41524,HUILA,PALERMO,2025,4,1
41524,HUILA,PALERMO,2025,5,2
41524,HUILA,PALERMO,2025,6,1
41524,HUILA,PALERMO,2025,7,1
41524,HUILA,PALERMO,2025,8,4
41524,HUILA,PALERMO,2025,9,1
41530,HUILA,PALESTINA,2023,8,1
41530,HUILA,PALESTINA,2023,12,1
41530,HUILA,PALESTINA,2024,10,1
41530,HUILA,PALESTINA,2025,1,1
41530,HUILA,PALESTINA,2025,7,1
41530,HUILA,PALESTINA,2025,10,1
41548,HUILA,PITAL,2023,11,3
41548,HUILA,PITAL,2023,12,2
41548,HUILA,PITAL,2024,1,1
41548,HUILA,PITAL,2025,11,1
41551,HUILA,PITALITO,2023,1,1
41551,HUILA,PITALITO,2023,2,2
41551,HUILA,PITALITO,2023,3,1
41551,HUILA,PITALITO,2023,4,2
41551,HUILA,PITALITO,2023,6,2
41551,HUILA,PITALITO,2023,8,6
41551,HUILA,PITALITO,2023,9,6
41551,HUILA,PITALITO,2023,10,10
41551,HUILA,PITALITO,2023,11,4
41551,HUILA,PITALITO,2023,12,7
41551,HUILA,PITALITO,2024,1,3
41551,HUILA,PITALITO,2024,2,3
41551,HUILA,PITALITO,2024,3,2
41551,HUILA,PITALITO,2024,4,2
41551,HUILA,PITALITO,2024,5,1
41551,HUILA,PITALITO,2024,6,2
41551,HUILA,PITALITO,2024,7,2
41551,HUILA,PITALITO,2024,8,2
41551,HUILA,PITALITO,2024,9,3
41551,HUILA,PITALITO,2024,10,2
41551,HUILA,PITALITO,2024,11,7
41551,HUILA,PITALITO,2024,12,2
41551,HUILA,PITALITO,2025,1,6
41551,HUILA,PITALITO,2025,2,4
41551,HUILA,PITALITO,2025,3,5
41551,HUILA,PITALITO,2025,4,3
41551,HUILA,PITALITO,2025,5,7
41551,HUILA,PITALITO,2025,6,6
41551,HUILA,PITALITO,2025,7,3
41551,HUILA,PITALITO,2025,8,8
41551,HUILA,PITALITO,2025,9,2
41551,HUILA,PITALITO,2025,10,3
41551,HUILA,PITALITO,2025,11,2
41551,HUILA,PITALITO,2025,12,8
41615,HUILA,RIVERA,2023,10,2
41615,HUILA,RIVERA,2023,11,1
41615,HUILA,RIVERA,2023,12,1
41615,HUILA,RIVERA,2024,3,2
41615,HUILA,RIVERA,2024,4,2
41615,HUILA,RIVERA,2024,5,2
41615,HUILA,RIVERA,2024,7,2
41615,HUILA,RIVERA,2024,8,1
41615,HUILA,RIVERA,2024,9,2
41615,HUILA,RIVERA,2024,10,1
41615,HUILA,RIVERA,2024,12,1
41615,HUILA,RIVERA,2025,1,2
41615,HUILA,RIVERA,2025,2,3
41615,HUILA,RIVERA,2025,4,1
41615,HUILA,RIVERA,2025,5,3
41615,HUILA,RIVERA,2025,6,1
41615,HUILA,RIVERA,2025,7,1
41615,HUILA,RIVERA,2025,9,3
41615,HUILA,RIVERA,2025,10,2
41615,HUILA,RIVERA,2025,11,3
41615,HUILA,RIVERA,2025,12,1
41660,HUILA,SALADOBLANCO,2023,8,1
41660,HUILA,SALADOBLANCO,2023,11,2
41668,HUILA,SAN AGUSTIN,2023,6,1
41668,HUILA,SAN AGUSTIN,2023,8,1
41668,HUILA,SAN AGUSTIN,2023,10,1
41668,HUILA,SAN AGUSTIN,2023,11,1
41668,HUILA,SAN AGUSTIN,2024,5,1
41668,HUILA,SAN AGUSTIN,2025,3,2
41668,HUILA,SAN AGUSTIN,2025,5,2
41668,HUILA,SAN AGUSTIN,2025,12,1
41676,HUILA,SANTA MARIA,2024,2,1
41676,HUILA,SANTA MARIA,2024,9,1
41676,HUILA,SANTA MARIA,2025,4,1
41676,HUILA,SANTA MARIA,2025,7,1
41676,HUILA,SANTA MARIA,2025,8,1
41676,HUILA,SANTA MARIA,2025,9,1
41770,HUILA,SUAZA,2023,2,2
41770,HUILA,SUAZA,2023,10,1
41770,HUILA,SUAZA,2023,11,2
41770,HUILA,SUAZA,2024,1,1
41770,HUILA,SUAZA,2024,2,3
41770,HUILA,SUAZA,2024,7,1
41770,HUILA,SUAZA,2024,8,2
41770,HUILA,SUAZA,2024,9,1
41770,HUILA,SUAZA,2024,10,1
41770,HUILA,SUAZA,2025,3,2
41770,HUILA,SUAZA,2025,4,1
41770,HUILA,SUAZA,2025,10,1
41770,HUILA,SUAZA,2025,11,2
41770,HUILA,SUAZA,2025,12,1
41791,HUILA,TARQUI,2023,4,1
41791,HUILA,TARQUI,2023,11,1
41791,HUILA,TARQUI,2024,4,1
41791,HUILA,TARQUI,2024,6,1
41791,HUILA,TARQUI,2025,10,2
41791,HUILA,TARQUI,2025,11,1
41797,HUILA,TESALIA,2023,9,1
41797,HUILA,TESALIA,2023,10,1
41797,HUILA,TESALIA,2023,11,1
41797,HUILA,TESALIA,2024,1,1
41797,HUILA,TESALIA,2024,5,1
41797,HUILA,TESALIA,2024,9,1
41797,HUILA,TESALIA,2024,10,1
41797,HUILA,TESALIA,2025,3,2
41797,HUILA,TESALIA,2025,5,1
41797,HUILA,TESALIA,2025,10,1
41797,HUILA,TESALIA,2025,12,1
41799,HUILA,TELLO,2023,4,1
41799,HUILA,TELLO,2023,9,1
41799,HUILA,TELLO,2023,10,1
41799,HUILA,TELLO,2024,2,1
41799,HUILA,TELLO,2024,3,1
41799,HUILA,TELLO,2024,4,3
41799,HUILA,TELLO,2024,8,1
41799,HUILA,TELLO,2024,9,1
41799,HUILA,TELLO,2024,10,1
41799,HUILA,TELLO,2025,1,1
41799,HUILA,TELLO,2025,4,1
41799,HUILA,TELLO,2025,10,1
41801,HUILA,TERUEL,2023,9,1
41801,HUILA,TERUEL,2023,12,1
41801,HUILA,TERUEL,2024,2,1
41801,HUILA,TERUEL,2024,4,1
41801,HUILA,TERUEL,2024,6,1
41801,HUILA,TERUEL,2024,7,1
41801,HUILA,TERUEL,2025,4,1
41801,HUILA,TERUEL,2025,9,1
41801,HUILA,TERUEL,2025,10,1
41807,HUILA,TIMANA,2023,9,1
41807,HUILA,TIMANA,2024,1,2
41807,HUILA,TIMANA,2024,2,1
41807,HUILA,TIMANA,2024,10,1
41807,HUILA,TIMANA,2024,11,1
41807,HUILA,TIMANA,2025,4,1
41807,HUILA,TIMANA,2025,5,1
41807,HUILA,TIMANA,2025,8,1
41807,HUILA,TIMANA,2025,9,3
41872,HUILA,VILLAVIEJA,2023,6,1
41872,HUILA,VILLAVIEJA,2023,8,2
41872,HUILA,VILLAVIEJA,2023,9,1
41872,HUILA,VILLAVIEJA,2024,5,3
41872,HUILA,VILLAVIEJA,2025,1,1
41872,HUILA,VILLAVIEJA,2025,3,1
41872,HUILA,VILLAVIEJA,2025,6,2
41872,HUILA,VILLAVIEJA,2025,7,1
41885,HUILA,YAGUARA,2023,7,1
41885,HUILA,YAGUARA,2023,10,1
41885,HUILA,YAGUARA,2023,11,2
41885,HUILA,YAGUARA,2024,3,1
41885,HUILA,YAGUARA,2024,6,1
41885,HUILA,YAGUARA,2025,2,1
41885,HUILA,YAGUARA,2025,3,1
41885,HUILA,YAGUARA,2025,4,2
41885,HUILA,YAGUARA,2025,6,1
41885,HUILA,YAGUARA,2025,9,1
44001,LA GUAJIRA,RIOHACHA,2023,1,2
44001,LA GUAJIRA,RIOHACHA,2023,3,2
44001,LA GUAJIRA,RIOHACHA,2023,4,3
44001,LA GUAJIRA,RIOHACHA,2023,5,3
44001,LA GUAJIRA,RIOHACHA,2023,7,1
44001,LA GUAJIRA,RIOHACHA,2023,8,2
44001,LA GUAJIRA,RIOHACHA,2023,9,2
44001,LA GUAJIRA,RIOHACHA,2023,10,1
44001,LA GUAJIRA,RIOHACHA,2023,11,2
44001,LA GUAJIRA,RIOHACHA,2023,12,6
44001,LA GUAJIRA,RIOHACHA,2024,1,4
44001,LA GUAJIRA,RIOHACHA,2024,2,3
44001,LA GUAJIRA,RIOHACHA,2024,3,3
44001,LA GUAJIRA,RIOHACHA,2024,4,2
44001,LA GUAJIRA,RIOHACHA,2024,5,2
44001,LA GUAJIRA,RIOHACHA,2024,6,7
44001,LA GUAJIRA,RIOHACHA,2024,7,6
44001,LA GUAJIRA,RIOHACHA,2024,8,10
44001,LA GUAJIRA,RIOHACHA,2024,9,3
44001,LA GUAJIRA,RIOHACHA,2024,10,9
44001,LA GUAJIRA,RIOHACHA,2024,11,3
44001,LA GUAJIRA,RIOHACHA,2024,12,8
44001,LA GUAJIRA,RIOHACHA,2025,1,3
44001,LA GUAJIRA,RIOHACHA,2025,2,3
44001,LA GUAJIRA,RIOHACHA,2025,3,3
44001,LA GUAJIRA,RIOHACHA,2025,4,4
44001,LA GUAJIRA,RIOHACHA,2025,5,8
44001,LA GUAJIRA,RIOHACHA,2025,6,2
44001,LA GUAJIRA,RIOHACHA,2025,7,8
44001,LA GUAJIRA,RIOHACHA,2025,8,5
44001,LA GUAJIRA,RIOHACHA,2025,9,12
44001,LA GUAJIRA,RIOHACHA,2025,10,4
44001,LA GUAJIRA,RIOHACHA,2025,11,11
44001,LA GUAJIRA,RIOHACHA,2025,12,8
44035,LA GUAJIRA,ALBANIA,2023,10,1
44035,LA GUAJIRA,ALBANIA,2024,12,1
44035,LA GUAJIRA,ALBANIA,2025,10,1
44078,LA GUAJIRA,BARRANCAS,2023,5,1
44078,LA GUAJIRA,BARRANCAS,2023,10,1
44078,LA GUAJIRA,BARRANCAS,2024,2,2
44078,LA GUAJIRA,BARRANCAS,2024,6,1
44078,LA GUAJIRA,BARRANCAS,2024,7,1
44078,LA GUAJIRA,BARRANCAS,2024,8,3
44078,LA GUAJIRA,BARRANCAS,2024,11,2
44078,LA GUAJIRA,BARRANCAS,2024,12,1
44078,LA GUAJIRA,BARRANCAS,2025,2,1
44078,LA GUAJIRA,BARRANCAS,2025,5,1
44078,LA GUAJIRA,BARRANCAS,2025,7,2
44078,LA GUAJIRA,BARRANCAS,2025,8,2
44078,LA GUAJIRA,BARRANCAS,2025,12,2
44090,LA GUAJIRA,DIBULLA,2023,1,1
44090,LA GUAJIRA,DIBULLA,2023,2,1
44090,LA GUAJIRA,DIBULLA,2023,10,1
44090,LA GUAJIRA,DIBULLA,2023,11,2
44090,LA GUAJIRA,DIBULLA,2024,1,1
44090,LA GUAJIRA,DIBULLA,2024,2,1
44090,LA GUAJIRA,DIBULLA,2024,3,1
44090,LA GUAJIRA,DIBULLA,2024,6,2
44090,LA GUAJIRA,DIBULLA,2024,7,1
44090,LA GUAJIRA,DIBULLA,2024,8,1
44090,LA GUAJIRA,DIBULLA,2024,11,4
44090,LA GUAJIRA,DIBULLA,2025,1,1
44090,LA GUAJIRA,DIBULLA,2025,5,1
44090,LA GUAJIRA,DIBULLA,2025,8,1
44090,LA GUAJIRA,DIBULLA,2025,9,1
44090,LA GUAJIRA,DIBULLA,2025,12,1
44098,LA GUAJIRA,DISTRACCION,2024,2,2
44098,LA GUAJIRA,DISTRACCION,2025,2,1
44110,LA GUAJIRA,EL MOLINO,2023,12,1
44110,LA GUAJIRA,EL MOLINO,2024,3,1
44110,LA GUAJIRA,EL MOLINO,2025,9,1
44279,LA GUAJIRA,FONSECA,2023,8,1
44279,LA GUAJIRA,FONSECA,2023,9,1
44279,LA GUAJIRA,FONSECA,2023,11,1
44279,LA GUAJIRA,FONSECA,2024,1,3
44279,LA GUAJIRA,FONSECA,2024,3,1
44279,LA GUAJIRA,FONSECA,2024,10,2
44279,LA GUAJIRA,FONSECA,2024,11,2
44279,LA GUAJIRA,FONSECA,2024,12,2
44279,LA GUAJIRA,FONSECA,2025,3,1
44279,LA GUAJIRA,FONSECA,2025,9,1
44279,LA GUAJIRA,FONSECA,2025,10,1
44279,LA GUAJIRA,FONSECA,2025,12,2
44378,LA GUAJIRA,HATONUEVO,2024,10,1
44378,LA GUAJIRA,HATONUEVO,2024,12,1
44378,LA GUAJIRA,HATONUEVO,2025,6,1
44378,LA GUAJIRA,HATONUEVO,2025,12,2
44420,LA GUAJIRA,LA JAGUA DEL PILAR,2024,9,1
44420,LA GUAJIRA,LA JAGUA DEL PILAR,2025,10,1
44430,LA GUAJIRA,MAICAO,2023,2,1
44430,LA GUAJIRA,MAICAO,2023,5,1
44430,LA GUAJIRA,MAICAO,2023,6,2
44430,LA GUAJIRA,MAICAO,2023,7,1
44430,LA GUAJIRA,MAICAO,2023,10,1
44430,LA GUAJIRA,MAICAO,2023,11,2
44430,LA GUAJIRA,MAICAO,2023,12,5
44430,LA GUAJIRA,MAICAO,2024,1,4
44430,LA GUAJIRA,MAICAO,2024,2,1
44430,LA GUAJIRA,MAICAO,2024,3,2
44430,LA GUAJIRA,MAICAO,2024,4,2
44430,LA GUAJIRA,MAICAO,2024,5,1
44430,LA GUAJIRA,MAICAO,2024,6,2
44430,LA GUAJIRA,MAICAO,2024,9,1
44430,LA GUAJIRA,MAICAO,2024,10,4
44430,LA GUAJIRA,MAICAO,2024,11,1
44430,LA GUAJIRA,MAICAO,2024,12,5
44430,LA GUAJIRA,MAICAO,2025,1,1
44430,LA GUAJIRA,MAICAO,2025,2,2
44430,LA GUAJIRA,MAICAO,2025,3,2
44430,LA GUAJIRA,MAICAO,2025,5,1
44430,LA GUAJIRA,MAICAO,2025,6,2
44430,LA GUAJIRA,MAICAO,2025,8,3
44430,LA GUAJIRA,MAICAO,2025,10,11
44430,LA GUAJIRA,MAICAO,2025,11,4
44430,LA GUAJIRA,MAICAO,2025,12,10
44560,LA GUAJIRA,MANAURE,2023,12,1
44560,LA GUAJIRA,MANAURE,2024,10,1
44560,LA GUAJIRA,MANAURE,2024,12,1
44560,LA GUAJIRA,MANAURE,2025,10,1
44650,LA GUAJIRA,SAN JUAN DEL CESAR,2023,4,2
44650,LA GUAJIRA,SAN JUAN DEL CESAR,2023,5,1
44650,LA GUAJIRA,SAN JUAN DEL CESAR,2023,11,1
44650,LA GUAJIRA,SAN JUAN DEL CESAR,2024,4,1
44650,LA GUAJIRA,SAN JUAN DEL CESAR,2024,6,1
44650,LA GUAJIRA,SAN JUAN DEL CESAR,2024,10,1
44650,LA GUAJIRA,SAN JUAN DEL CESAR,2024,12,1
44650,LA GUAJIRA,SAN JUAN DEL CESAR,2025,7,2
44650,LA GUAJIRA,SAN JUAN DEL CESAR,2025,8,1
44650,LA GUAJIRA,SAN JUAN DEL CESAR,2025,10,1
44650,LA GUAJIRA,SAN JUAN DEL CESAR,2025,12,1
44847,LA GUAJIRA,URIBIA,2023,3,1
44847,LA GUAJIRA,URIBIA,2023,6,1
44847,LA GUAJIRA,URIBIA,2024,3,1
44847,LA GUAJIRA,URIBIA,2024,9,1
44847,LA GUAJIRA,URIBIA,2024,10,2
44847,LA GUAJIRA,URIBIA,2024,12,1
44847,LA GUAJIRA,URIBIA,2025,4,1
44847,LA GUAJIRA,URIBIA,2025,7,2
44847,LA GUAJIRA,URIBIA,2025,8,1
44847,LA GUAJIRA,URIBIA,2025,9,3
44847,LA GUAJIRA,URIBIA,2025,10,2
44847,LA GUAJIRA,URIBIA,2025,11,2
44855,LA GUAJIRA,URUMITA,2024,7,1
44855,LA GUAJIRA,URUMITA,2025,7,1
44855,LA GUAJIRA,URUMITA,2025,9,1
44855,LA GUAJIRA,URUMITA,2025,12,1
44874,LA GUAJIRA,VILLANUEVA,2025,2,1
44874,LA GUAJIRA,VILLANUEVA,2025,10,1
44874,LA GUAJIRA,VILLANUEVA,2025,12,1
47001,MAGDALENA,SANTA MARTA,2023,1,10
47001,MAGDALENA,SANTA MARTA,2023,2,6
47001,MAGDALENA,SANTA MARTA,2023,3,6
47001,MAGDALENA,SANTA MARTA,2023,4,16
47001,MAGDALENA,SANTA MARTA,2023,5,9
47001,MAGDALENA,SANTA MARTA,2023,6,13
47001,MAGDALENA,SANTA MARTA,2023,7,19
47001,MAGDALENA,SANTA MARTA,2023,8,10
47001,MAGDALENA,SANTA MARTA,2023,9,8
47001,MAGDALENA,SANTA MARTA,2023,10,13
47001,MAGDALENA,SANTA MARTA,2023,11,12
47001,MAGDALENA,SANTA MARTA,2023,12,12
47001,MAGDALENA,SANTA MARTA,2024,1,12
47001,MAGDALENA,SANTA MARTA,2024,2,13
47001,MAGDALENA,SANTA MARTA,2024,3,7
47001,MAGDALENA,SANTA MARTA,2024,4,7
47001,MAGDALENA,SANTA MARTA,2024,5,6
47001,MAGDALENA,SANTA MARTA,2024,6,12
47001,MAGDALENA,SANTA MARTA,2024,7,16
47001,MAGDALENA,SANTA MARTA,2024,8,12
47001,MAGDALENA,SANTA MARTA,2024,9,19
47001,MAGDALENA,SANTA MARTA,2024,10,20
47001,MAGDALENA,SANTA MARTA,2024,11,26
47001,MAGDALENA,SANTA MARTA,2024,12,23
47001,MAGDALENA,SANTA MARTA,2025,1,8
47001,MAGDALENA,SANTA MARTA,2025,2,5
47001,MAGDALENA,SANTA MARTA,2025,3,11
47001,MAGDALENA,SANTA MARTA,2025,4,15
47001,MAGDALENA,SANTA MARTA,2025,5,12
47001,MAGDALENA,SANTA MARTA,2025,6,11
47001,MAGDALENA,SANTA MARTA,2025,7,9
47001,MAGDALENA,SANTA MARTA,2025,8,13
47001,MAGDALENA,SANTA MARTA,2025,9,21
47001,MAGDALENA,SANTA MARTA,2025,10,14
47001,MAGDALENA,SANTA MARTA,2025,11,17
47001,MAGDALENA,SANTA MARTA,2025,12,18
47030,MAGDALENA,ALGARROBO,2024,2,1
47030,MAGDALENA,ALGARROBO,2024,7,1
47030,MAGDALENA,ALGARROBO,2024,11,3
47030,MAGDALENA,ALGARROBO,2025,10,1
47053,MAGDALENA,ARACATACA,2023,2,1
47053,MAGDALENA,ARACATACA,2023,12,1
47053,MAGDALENA,ARACATACA,2024,9,2
47053,MAGDALENA,ARACATACA,2024,10,1
47053,MAGDALENA,ARACATACA,2024,12,2
47053,MAGDALENA,ARACATACA,2025,1,1
47053,MAGDALENA,ARACATACA,2025,2,1
47053,MAGDALENA,ARACATACA,2025,3,2
47053,MAGDALENA,ARACATACA,2025,4,1
47053,MAGDALENA,ARACATACA,2025,9,2
47053,MAGDALENA,ARACATACA,2025,12,1
47058,MAGDALENA,ARIGUANI,2023,1,1
47058,MAGDALENA,ARIGUANI,2023,2,1
47058,MAGDALENA,ARIGUANI,2023,5,1
47058,MAGDALENA,ARIGUANI,2023,6,1
47058,MAGDALENA,ARIGUANI,2024,1,1
47058,MAGDALENA,ARIGUANI,2024,2,1
47058,MAGDALENA,ARIGUANI,2024,5,1
47058,MAGDALENA,ARIGUANI,2024,7,1
47058,MAGDALENA,ARIGUANI,2024,10,1
47058,MAGDALENA,ARIGUANI,2024,11,1
47058,MAGDALENA,ARIGUANI,2024,12,1
47058,MAGDALENA,ARIGUANI,2025,1,1
47058,MAGDALENA,ARIGUANI,2025,4,1
47058,MAGDALENA,ARIGUANI,2025,5,1
47058,MAGDALENA,ARIGUANI,2025,6,1
47058,MAGDALENA,ARIGUANI,2025,7,1
47058,MAGDALENA,ARIGUANI,2025,11,1
47161,MAGDALENA,CERRO DE SAN ANTONIO,2023,8,1
47170,MAGDALENA,CHIVOLO,2023,2,1
47170,MAGDALENA,CHIVOLO,2023,9,1
47170,MAGDALENA,CHIVOLO,2023,12,1
47170,MAGDALENA,CHIVOLO,2024,7,1
47170,MAGDALENA,CHIVOLO,2024,9,1
47170,MAGDALENA,CHIVOLO,2025,2,1
47170,MAGDALENA,CHIVOLO,2025,3,1
47170,MAGDALENA,CHIVOLO,2025,4,1
47189,MAGDALENA,CIENAGA,2023,1,3
47189,MAGDALENA,CIENAGA,2023,3,1
47189,MAGDALENA,CIENAGA,2023,4,1
47189,MAGDALENA,CIENAGA,2023,5,1
47189,MAGDALENA,CIENAGA,2023,6,1
47189,MAGDALENA,CIENAGA,2023,9,2
47189,MAGDALENA,CIENAGA,2023,10,2
47189,MAGDALENA,CIENAGA,2023,11,3
47189,MAGDALENA,CIENAGA,2024,1,1
47189,MAGDALENA,CIENAGA,2024,3,2
47189,MAGDALENA,CIENAGA,2024,4,3
47189,MAGDALENA,CIENAGA,2024,5,3
47189,MAGDALENA,CIENAGA,2024,6,2
47189,MAGDALENA,CIENAGA,2024,7,1
47189,MAGDALENA,CIENAGA,2024,8,3
47189,MAGDALENA,CIENAGA,2024,9,2
47189,MAGDALENA,CIENAGA,2024,10,4
47189,MAGDALENA,CIENAGA,2024,11,6
47189,MAGDALENA,CIENAGA,2024,12,2
47189,MAGDALENA,CIENAGA,2025,1,3
47189,MAGDALENA,CIENAGA,2025,2,2
47189,MAGDALENA,CIENAGA,2025,4,1
47189,MAGDALENA,CIENAGA,2025,5,2
47189,MAGDALENA,CIENAGA,2025,6,5
47189,MAGDALENA,CIENAGA,2025,7,3
47189,MAGDALENA,CIENAGA,2025,8,4
47189,MAGDALENA,CIENAGA,2025,9,1
47189,MAGDALENA,CIENAGA,2025,10,5
47189,MAGDALENA,CIENAGA,2025,11,4
47189,MAGDALENA,CIENAGA,2025,12,1
47205,MAGDALENA,CONCORDIA,2023,11,1
47205,MAGDALENA,CONCORDIA,2024,2,1
47245,MAGDALENA,EL BANCO,2023,3,1
47245,MAGDALENA,EL BANCO,2023,4,1
47245,MAGDALENA,EL BANCO,2024,2,1
47245,MAGDALENA,EL BANCO,2024,11,2
47245,MAGDALENA,EL BANCO,2025,1,2
47245,MAGDALENA,EL BANCO,2025,5,1
47245,MAGDALENA,EL BANCO,2025,8,1
47258,MAGDALENA,EL PIÑON,2023,2,1
47258,MAGDALENA,EL PIÑON,2023,4,1
47258,MAGDALENA,EL PIÑON,2023,7,1
47258,MAGDALENA,EL PIÑON,2024,1,1
47258,MAGDALENA,EL PIÑON,2024,11,1
47268,MAGDALENA,EL RETEN,2023,2,1
47268,MAGDALENA,EL RETEN,2023,3,1
47268,MAGDALENA,EL RETEN,2023,11,1
47268,MAGDALENA,EL RETEN,2024,3,3
47268,MAGDALENA,EL RETEN,2024,4,1
47268,MAGDALENA,EL RETEN,2024,6,1
47268,MAGDALENA,EL RETEN,2024,7,1
47268,MAGDALENA,EL RETEN,2024,12,1
47268,MAGDALENA,EL RETEN,2025,1,1
47268,MAGDALENA,EL RETEN,2025,2,3
47268,MAGDALENA,EL RETEN,2025,3,1
47268,MAGDALENA,EL RETEN,2025,4,1
47268,MAGDALENA,EL RETEN,2025,5,1
47268,MAGDALENA,EL RETEN,2025,6,4
47268,MAGDALENA,EL RETEN,2025,7,1
47268,MAGDALENA,EL RETEN,2025,11,3
47288,MAGDALENA,FUNDACION,2023,1,2
47288,MAGDALENA,FUNDACION,2023,3,2
47288,MAGDALENA,FUNDACION,2023,6,3
47288,MAGDALENA,FUNDACION,2023,7,1
47288,MAGDALENA,FUNDACION,2023,10,1
47288,MAGDALENA,FUNDACION,2023,12,2
47288,MAGDALENA,FUNDACION,2024,1,1
47288,MAGDALENA,FUNDACION,2024,3,1
47288,MAGDALENA,FUNDACION,2024,4,1
47288,MAGDALENA,FUNDACION,2024,5,1
47288,MAGDALENA,FUNDACION,2024,6,1
47288,MAGDALENA,FUNDACION,2024,7,3
47288,MAGDALENA,FUNDACION,2024,9,4
47288,MAGDALENA,FUNDACION,2024,10,2
47288,MAGDALENA,FUNDACION,2024,11,6
47288,MAGDALENA,FUNDACION,2024,12,2
47288,MAGDALENA,FUNDACION,2025,1,3
47288,MAGDALENA,FUNDACION,2025,2,4
47288,MAGDALENA,FUNDACION,2025,3,3
47288,MAGDALENA,FUNDACION,2025,4,1
47288,MAGDALENA,FUNDACION,2025,5,3
47288,MAGDALENA,FUNDACION,2025,7,1
47288,MAGDALENA,FUNDACION,2025,8,2
47288,MAGDALENA,FUNDACION,2025,9,4
47288,MAGDALENA,FUNDACION,2025,10,2
47288,MAGDALENA,FUNDACION,2025,11,3
47288,MAGDALENA,FUNDACION,2025,12,1
47318,MAGDALENA,GUAMAL,2023,7,1
47318,MAGDALENA,GUAMAL,2024,9,1
47318,MAGDALENA,GUAMAL,2024,11,1
47318,MAGDALENA,GUAMAL,2024,12,1
47318,MAGDALENA,GUAMAL,2025,4,2
47318,MAGDALENA,GUAMAL,2025,7,1
47460,MAGDALENA,NUEVA GRANADA,2023,1,1
47460,MAGDALENA,NUEVA GRANADA,2023,2,1
47460,MAGDALENA,NUEVA GRANADA,2023,9,2
47460,MAGDALENA,NUEVA GRANADA,2024,4,1
47460,MAGDALENA,NUEVA GRANADA,2024,5,1
47460,MAGDALENA,NUEVA GRANADA,2024,12,1
47460,MAGDALENA,NUEVA GRANADA,2025,3,1
47460,MAGDALENA,NUEVA GRANADA,2025,6,1
47541,MAGDALENA,PEDRAZA,2024,4,1
47545,MAGDALENA,PIJIÑO DEL CARMEN,2024,1,1
47545,MAGDALENA,PIJIÑO DEL CARMEN,2024,4,1
47545,MAGDALENA,PIJIÑO DEL CARMEN,2024,6,1
47545,MAGDALENA,PIJIÑO DEL CARMEN,2025,6,1
47551,MAGDALENA,PIVIJAY,2023,4,1
47551,MAGDALENA,PIVIJAY,2023,12,2
47551,MAGDALENA,PIVIJAY,2024,2,2
47551,MAGDALENA,PIVIJAY,2024,4,1
47551,MAGDALENA,PIVIJAY,2024,5,2
47551,MAGDALENA,PIVIJAY,2024,8,1
47551,MAGDALENA,PIVIJAY,2024,12,1
47551,MAGDALENA,PIVIJAY,2025,3,2
47551,MAGDALENA,PIVIJAY,2025,4,1
47551,MAGDALENA,PIVIJAY,2025,5,2
47551,MAGDALENA,PIVIJAY,2025,6,2
47551,MAGDALENA,PIVIJAY,2025,8,1
47551,MAGDALENA,PIVIJAY,2025,10,3
47555,MAGDALENA,PLATO,2023,1,1
47555,MAGDALENA,PLATO,2023,2,1
47555,MAGDALENA,PLATO,2023,3,2
47555,MAGDALENA,PLATO,2023,4,1
47555,MAGDALENA,PLATO,2023,9,1
47555,MAGDALENA,PLATO,2023,10,1
47555,MAGDALENA,PLATO,2024,3,1
47555,MAGDALENA,PLATO,2024,4,1
47555,MAGDALENA,PLATO,2024,6,1
47555,MAGDALENA,PLATO,2024,7,1
47555,MAGDALENA,PLATO,2024,8,2
47555,MAGDALENA,PLATO,2024,9,1
47555,MAGDALENA,PLATO,2024,10,1
47555,MAGDALENA,PLATO,2025,1,1
47555,MAGDALENA,PLATO,2025,2,1
47555,MAGDALENA,PLATO,2025,4,2
47555,MAGDALENA,PLATO,2025,9,1
47555,MAGDALENA,PLATO,2025,11,1
47570,MAGDALENA,PUEBLOVIEJO,2023,1,2
47570,MAGDALENA,PUEBLOVIEJO,2023,9,1
47570,MAGDALENA,PUEBLOVIEJO,2024,3,1
47570,MAGDALENA,PUEBLOVIEJO,2024,6,1
47570,MAGDALENA,PUEBLOVIEJO,2025,6,1
47605,MAGDALENA,REMOLINO,2023,6,1
47605,MAGDALENA,REMOLINO,2023,9,1
47605,MAGDALENA,REMOLINO,2023,10,2
47605,MAGDALENA,REMOLINO,2024,7,1
47605,MAGDALENA,REMOLINO,2025,2,1
47605,MAGDALENA,REMOLINO,2025,3,1
47605,MAGDALENA,REMOLINO,2025,7,1
47605,MAGDALENA,REMOLINO,2025,10,1
47605,MAGDALENA,REMOLINO,2025,12,1
47660,MAGDALENA,SABANAS DE SAN ANGEL,2023,3,1
47660,MAGDALENA,SABANAS DE SAN ANGEL,2023,10,2
47660,MAGDALENA,SABANAS DE SAN ANGEL,2024,4,1
47660,MAGDALENA,SABANAS DE SAN ANGEL,2025,3,2
47660,MAGDALENA,SABANAS DE SAN ANGEL,2025,4,1
47660,MAGDALENA,SABANAS DE SAN ANGEL,2025,5,1
47660,MAGDALENA,SABANAS DE SAN ANGEL,2025,6,1
47660,MAGDALENA,SABANAS DE SAN ANGEL,2025,9,1
47660,MAGDALENA,SABANAS DE SAN ANGEL,2025,11,1
47675,MAGDALENA,SALAMINA,2023,2,1
47675,MAGDALENA,SALAMINA,2024,11,1
47675,MAGDALENA,SALAMINA,2025,2,1
47692,MAGDALENA,SAN SEBASTIAN DE BUENAVISTA,2023,5,1
47692,MAGDALENA,SAN SEBASTIAN DE BUENAVISTA,2023,8,1
47692,MAGDALENA,SAN SEBASTIAN DE BUENAVISTA,2023,11,1
47692,MAGDALENA,SAN SEBASTIAN DE BUENAVISTA,2024,10,1
47692,MAGDALENA,SAN SEBASTIAN DE BUENAVISTA,2025,2,1
47703,MAGDALENA,SAN ZENON,2023,4,1
47703,MAGDALENA,SAN ZENON,2024,9,1
47707,MAGDALENA,SANTA ANA,2024,2,1
47707,MAGDALENA,SANTA ANA,2024,7,1
47707,MAGDALENA,SANTA ANA,2024,9,1
47707,MAGDALENA,SANTA ANA,2024,11,2
47707,MAGDALENA,SANTA ANA,2025,3,1
47707,MAGDALENA,SANTA ANA,2025,7,1
47720,MAGDALENA,SANTA BARBARA DE PINTO,2024,5,1
47720,MAGDALENA,SANTA BARBARA DE PINTO,2024,11,1
47720,MAGDALENA,SANTA BARBARA DE PINTO,2025,9,1
47720,MAGDALENA,SANTA BARBARA DE PINTO,2025,11,1
47745,MAGDALENA,SITIONUEVO,2023,6,1
47745,MAGDALENA,SITIONUEVO,2024,7,1
47745,MAGDALENA,SITIONUEVO,2024,8,1
47745,MAGDALENA,SITIONUEVO,2024,9,2
47745,MAGDALENA,SITIONUEVO,2024,12,2
47745,MAGDALENA,SITIONUEVO,2025,6,1
47745,MAGDALENA,SITIONUEVO,2025,9,1
47745,MAGDALENA,SITIONUEVO,2025,11,1
47798,MAGDALENA,TENERIFE,2023,12,1
47798,MAGDALENA,TENERIFE,2024,2,1
47798,MAGDALENA,TENERIFE,2025,2,1
47960,MAGDALENA,ZAPAYAN,2024,4,1
47980,MAGDALENA,ZONA BANANERA,2023,2,2
47980,MAGDALENA,ZONA BANANERA,2023,3,1
47980,MAGDALENA,ZONA BANANERA,2023,5,2
47980,MAGDALENA,ZONA BANANERA,2023,7,2
47980,MAGDALENA,ZONA BANANERA,2023,10,1
47980,MAGDALENA,ZONA BANANERA,2023,11,1
47980,MAGDALENA,ZONA BANANERA,2023,12,2
47980,MAGDALENA,ZONA BANANERA,2024,4,1
47980,MAGDALENA,ZONA BANANERA,2024,6,1
47980,MAGDALENA,ZONA BANANERA,2024,7,2
47980,MAGDALENA,ZONA BANANERA,2024,8,2
47980,MAGDALENA,ZONA BANANERA,2024,9,2
47980,MAGDALENA,ZONA BANANERA,2024,12,1
47980,MAGDALENA,ZONA BANANERA,2025,2,3
47980,MAGDALENA,ZONA BANANERA,2025,3,1
47980,MAGDALENA,ZONA BANANERA,2025,4,1
47980,MAGDALENA,ZONA BANANERA,2025,5,5
47980,MAGDALENA,ZONA BANANERA,2025,6,1
47980,MAGDALENA,ZONA BANANERA,2025,9,2
47980,MAGDALENA,ZONA BANANERA,2025,10,1
47980,MAGDALENA,ZONA BANANERA,2025,11,3
47980,MAGDALENA,ZONA BANANERA,2025,12,2
50001,META,VILLAVICENCIO,2023,1,18
50001,META,VILLAVICENCIO,2023,2,19
50001,META,VILLAVICENCIO,2023,3,24
50001,META,VILLAVICENCIO,2023,4,24
50001,META,VILLAVICENCIO,2023,5,24
50001,META,VILLAVICENCIO,2023,6,14
50001,META,VILLAVICENCIO,2023,7,10
50001,META,VILLAVICENCIO,2023,8,15
50001,META,VILLAVICENCIO,2023,9,24
50001,META,VILLAVICENCIO,2023,10,16
50001,META,VILLAVICENCIO,2023,11,27
50001,META,VILLAVICENCIO,2023,12,29
50001,META,VILLAVICENCIO,2024,1,25
50001,META,VILLAVICENCIO,2024,2,25
50001,META,VILLAVICENCIO,2024,3,30
50001,META,VILLAVICENCIO,2024,4,25
50001,META,VILLAVICENCIO,2024,5,37
50001,META,VILLAVICENCIO,2024,6,45
50001,META,VILLAVICENCIO,2024,7,51
50001,META,VILLAVICENCIO,2024,8,55
50001,META,VILLAVICENCIO,2024,9,42
50001,META,VILLAVICENCIO,2024,10,36
50001,META,VILLAVICENCIO,2024,11,24
50001,META,VILLAVICENCIO,2024,12,27
50001,META,VILLAVICENCIO,2025,1,23
50001,META,VILLAVICENCIO,2025,2,21
50001,META,VILLAVICENCIO,2025,3,18
50001,META,VILLAVICENCIO,2025,4,21
50001,META,VILLAVICENCIO,2025,5,25
50001,META,VILLAVICENCIO,2025,6,17
50001,META,VILLAVICENCIO,2025,7,30
50001,META,VILLAVICENCIO,2025,8,25
50001,META,VILLAVICENCIO,2025,9,38
50001,META,VILLAVICENCIO,2025,10,53
50001,META,VILLAVICENCIO,2025,11,34
50001,META,VILLAVICENCIO,2025,12,36
50006,META,ACACIAS,2023,1,3
50006,META,ACACIAS,2023,2,1
50006,META,ACACIAS,2023,3,7
50006,META,ACACIAS,2023,5,2
50006,META,ACACIAS,2023,6,5
50006,META,ACACIAS,2023,7,4
50006,META,ACACIAS,2023,8,2
50006,META,ACACIAS,2023,9,6
50006,META,ACACIAS,2023,10,6
50006,META,ACACIAS,2023,11,6
50006,META,ACACIAS,2023,12,2
50006,META,ACACIAS,2024,1,3
50006,META,ACACIAS,2024,2,5
50006,META,ACACIAS,2024,3,5
50006,META,ACACIAS,2024,4,7
50006,META,ACACIAS,2024,5,12
50006,META,ACACIAS,2024,6,12
50006,META,ACACIAS,2024,7,6
50006,META,ACACIAS,2024,8,1
50006,META,ACACIAS,2024,9,7
50006,META,ACACIAS,2024,10,6
50006,META,ACACIAS,2024,11,3
50006,META,ACACIAS,2025,1,2
50006,META,ACACIAS,2025,2,2
50006,META,ACACIAS,2025,3,2
50006,META,ACACIAS,2025,4,7
50006,META,ACACIAS,2025,5,3
50006,META,ACACIAS,2025,6,8
50006,META,ACACIAS,2025,7,8
50006,META,ACACIAS,2025,8,11
50006,META,ACACIAS,2025,9,6
50006,META,ACACIAS,2025,10,9
50006,META,ACACIAS,2025,11,5
50006,META,ACACIAS,2025,12,6
50110,META,BARRANCA DE UPIA,2023,6,1
50110,META,BARRANCA DE UPIA,2024,8,1
50110,META,BARRANCA DE UPIA,2024,10,1
50110,META,BARRANCA DE UPIA,2025,4,1
50110,META,BARRANCA DE UPIA,2025,12,1
50124,META,CABUYARO,2023,2,1
50124,META,CABUYARO,2025,5,1
50124,META,CABUYARO,2025,6,1
50124,META,CABUYARO,2025,8,1
50150,META,CASTILLA LA NUEVA,2023,3,2
50150,META,CASTILLA LA NUEVA,2023,5,2
50150,META,CASTILLA LA NUEVA,2023,7,1
50150,META,CASTILLA LA NUEVA,2023,10,1
50150,META,CASTILLA LA NUEVA,2024,3,1
50150,META,CASTILLA LA NUEVA,2024,6,3
50150,META,CASTILLA LA NUEVA,2024,8,3
50150,META,CASTILLA LA NUEVA,2025,5,1
50150,META,CASTILLA LA NUEVA,2025,8,1
50150,META,CASTILLA LA NUEVA,2025,10,1
50150,META,CASTILLA LA NUEVA,2025,11,2
50150,META,CASTILLA LA NUEVA,2025,12,1
50223,META,CUBARRAL,2023,2,1
50223,META,CUBARRAL,2024,7,1
50223,META,CUBARRAL,2024,9,1
50223,META,CUBARRAL,2024,12,1
50223,META,CUBARRAL,2025,4,1
50223,META,CUBARRAL,2025,9,1
50223,META,CUBARRAL,2025,11,1
50226,META,CUMARAL,2023,2,1
50226,META,CUMARAL,2023,3,2
50226,META,CUMARAL,2023,6,1
50226,META,CUMARAL,2023,8,1
50226,META,CUMARAL,2023,10,2
50226,META,CUMARAL,2023,12,1
50226,META,CUMARAL,2024,2,4
50226,META,CUMARAL,2024,3,4
50226,META,CUMARAL,2024,4,1
50226,META,CUMARAL,2024,5,7
50226,META,CUMARAL,2024,7,2
50226,META,CUMARAL,2024,8,2
50226,META,CUMARAL,2024,10,1
50226,META,CUMARAL,2024,11,1
50226,META,CUMARAL,2025,5,2
50226,META,CUMARAL,2025,7,3
50226,META,CUMARAL,2025,8,4
50226,META,CUMARAL,2025,9,1
50226,META,CUMARAL,2025,10,1
50226,META,CUMARAL,2025,11,1
50226,META,CUMARAL,2025,12,1
50245,META,EL CALVARIO,2023,4,1
50245,META,EL CALVARIO,2024,2,1
50245,META,EL CALVARIO,2025,8,1
50251,META,EL CASTILLO,2023,2,1
50251,META,EL CASTILLO,2023,6,1
50251,META,EL CASTILLO,2023,7,2
50251,META,EL CASTILLO,2023,9,1
50251,META,EL CASTILLO,2023,10,1
50251,META,EL CASTILLO,2023,11,1
50251,META,EL CASTILLO,2024,1,2
50251,META,EL CASTILLO,2024,4,1
50251,META,EL CASTILLO,2024,6,1
50251,META,EL CASTILLO,2024,7,1
50251,META,EL CASTILLO,2024,8,1
50251,META,EL CASTILLO,2024,10,1
50251,META,EL CASTILLO,2025,1,1
50251,META,EL CASTILLO,2025,2,1
50251,META,EL CASTILLO,2025,3,1
50251,META,EL CASTILLO,2025,5,1
50251,META,EL CASTILLO,2025,6,1
50251,META,EL CASTILLO,2025,7,1
50270,META,EL DORADO,2023,5,1
50270,META,EL DORADO,2025,8,1
50287,META,FUENTE DE ORO,2023,1,1
50287,META,FUENTE DE ORO,2023,4,1
50287,META,FUENTE DE ORO,2023,6,1
50287,META,FUENTE DE ORO,2023,8,3
50287,META,FUENTE DE ORO,2023,9,2
50287,META,FUENTE DE ORO,2024,3,1
50287,META,FUENTE DE ORO,2024,5,1
50287,META,FUENTE DE ORO,2024,6,1
50287,META,FUENTE DE ORO,2024,7,4
50287,META,FUENTE DE ORO,2024,10,1
50287,META,FUENTE DE ORO,2024,11,1
50287,META,FUENTE DE ORO,2025,2,1
50287,META,FUENTE DE ORO,2025,3,1
50287,META,FUENTE DE ORO,2025,5,1
50287,META,FUENTE DE ORO,2025,7,2
50287,META,FUENTE DE ORO,2025,8,1
50287,META,FUENTE DE ORO,2025,9,1
50287,META,FUENTE DE ORO,2025,10,1
50287,META,FUENTE DE ORO,2025,11,1
50287,META,FUENTE DE ORO,2025,12,3
50313,META,GRANADA,2023,1,6
50313,META,GRANADA,2023,2,8
50313,META,GRANADA,2023,3,1
50313,META,GRANADA,2023,4,6
50313,META,GRANADA,2023,5,3
50313,META,GRANADA,2023,6,3
50313,META,GRANADA,2023,7,5
50313,META,GRANADA,2023,8,1
50313,META,GRANADA,2023,9,3
50313,META,GRANADA,2023,10,4
50313,META,GRANADA,2023,11,1
50313,META,GRANADA,2023,12,8
50313,META,GRANADA,2024,1,7
50313,META,GRANADA,2024,2,4
50313,META,GRANADA,2024,3,3
50313,META,GRANADA,2024,4,6
50313,META,GRANADA,2024,5,9
50313,META,GRANADA,2024,6,11
50313,META,GRANADA,2024,7,6
50313,META,GRANADA,2024,8,8
50313,META,GRANADA,2024,9,8
50313,META,GRANADA,2024,10,4
50313,META,GRANADA,2024,11,10
50313,META,GRANADA,2024,12,4
50313,META,GRANADA,2025,1,3
50313,META,GRANADA,2025,2,2
50313,META,GRANADA,2025,3,5
50313,META,GRANADA,2025,4,4
50313,META,GRANADA,2025,5,8
50313,META,GRANADA,2025,6,11
50313,META,GRANADA,2025,7,11
50313,META,GRANADA,2025,8,12
50313,META,GRANADA,2025,9,13
50313,META,GRANADA,2025,10,29
50313,META,GRANADA,2025,11,11
50313,META,GRANADA,2025,12,10
50318,META,GUAMAL,2023,2,2
50318,META,GUAMAL,2023,6,3
50318,META,GUAMAL,2023,9,2
50318,META,GUAMAL,2024,4,1
50318,META,GUAMAL,2024,5,1
50318,META,GUAMAL,2024,6,3
50318,META,GUAMAL,2024,7,2
50318,META,GUAMAL,2024,8,2
50318,META,GUAMAL,2024,9,1
50318,META,GUAMAL,2024,10,1
50318,META,GUAMAL,2024,11,1
50318,META,GUAMAL,2025,2,1
50318,META,GUAMAL,2025,5,1
50318,META,GUAMAL,2025,6,2
50318,META,GUAMAL,2025,9,1
50318,META,GUAMAL,2025,10,5
50318,META,GUAMAL,2025,11,1
50325,META,MAPIRIPAN,2023,2,1
50325,META,MAPIRIPAN,2023,7,2
50325,META,MAPIRIPAN,2023,12,2
50325,META,MAPIRIPAN,2024,1,1
50325,META,MAPIRIPAN,2024,2,1
50325,META,MAPIRIPAN,2024,4,1
50325,META,MAPIRIPAN,2024,6,1
50325,META,MAPIRIPAN,2024,8,1
50325,META,MAPIRIPAN,2024,9,1
50325,META,MAPIRIPAN,2024,11,1
50325,META,MAPIRIPAN,2025,1,1
50325,META,MAPIRIPAN,2025,3,1
50330,META,MESETAS,2023,3,1
50330,META,MESETAS,2023,9,1
50330,META,MESETAS,2023,10,3
50330,META,MESETAS,2023,11,3
50330,META,MESETAS,2023,12,3
50330,META,MESETAS,2024,2,2
50330,META,MESETAS,2024,5,3
50330,META,MESETAS,2024,6,3
50330,META,MESETAS,2024,7,1
50330,META,MESETAS,2024,8,1
50330,META,MESETAS,2024,9,1
50330,META,MESETAS,2025,1,2
50330,META,MESETAS,2025,3,3
50330,META,MESETAS,2025,4,1
50330,META,MESETAS,2025,6,2
50350,META,LA MACARENA,2023,2,3
50350,META,LA MACARENA,2023,3,1
50350,META,LA MACARENA,2023,4,2
50350,META,LA MACARENA,2023,5,1
50350,META,LA MACARENA,2023,6,1
50350,META,LA MACARENA,2023,8,1
50350,META,LA MACARENA,2024,1,1
50350,META,LA MACARENA,2024,2,1
50350,META,LA MACARENA,2024,4,1
50350,META,LA MACARENA,2024,9,1
50350,META,LA MACARENA,2024,10,1
50370,META,URIBE,2023,1,2
50370,META,URIBE,2023,3,3
50370,META,URIBE,2023,6,1
50370,META,URIBE,2023,8,2
50370,META,URIBE,2023,9,2
50370,META,URIBE,2024,3,1
50370,META,URIBE,2024,4,2
50370,META,URIBE,2024,7,2
50370,META,URIBE,2024,8,1
50370,META,URIBE,2024,12,1
50370,META,URIBE,2025,1,1
50370,META,URIBE,2025,4,1
50370,META,URIBE,2025,6,1
50370,META,URIBE,2025,8,1
50370,META,URIBE,2025,10,1
50400,META,LEJANIAS,2023,2,2
50400,META,LEJANIAS,2023,4,1
50400,META,LEJANIAS,2023,5,1
50400,META,LEJANIAS,2023,8,1
50400,META,LEJANIAS,2023,9,2
50400,META,LEJANIAS,2023,10,1
50400,META,LEJANIAS,2023,11,1
50400,META,LEJANIAS,2023,12,1
50400,META,LEJANIAS,2024,1,1
50400,META,LEJANIAS,2024,4,1
50400,META,LEJANIAS,2024,5,1
50400,META,LEJANIAS,2024,6,3
50400,META,LEJANIAS,2024,7,2
50400,META,LEJANIAS,2024,8,2
50400,META,LEJANIAS,2024,10,1
50400,META,LEJANIAS,2024,11,4
50400,META,LEJANIAS,2024,12,1
50400,META,LEJANIAS,2025,1,2
50400,META,LEJANIAS,2025,2,1
50400,META,LEJANIAS,2025,5,2
50400,META,LEJANIAS,2025,6,1
50400,META,LEJANIAS,2025,8,1
50400,META,LEJANIAS,2025,9,1
50400,META,LEJANIAS,2025,10,2
50400,META,LEJANIAS,2025,11,2
50450,META,PUERTO CONCORDIA,2023,1,1
50450,META,PUERTO CONCORDIA,2023,4,1
50450,META,PUERTO CONCORDIA,2024,1,4
50450,META,PUERTO CONCORDIA,2024,5,1
50450,META,PUERTO CONCORDIA,2024,7,2
50450,META,PUERTO CONCORDIA,2024,8,1
50450,META,PUERTO CONCORDIA,2024,9,1
50450,META,PUERTO CONCORDIA,2024,11,1
50450,META,PUERTO CONCORDIA,2024,12,1
50450,META,PUERTO CONCORDIA,2025,3,1
50450,META,PUERTO CONCORDIA,2025,5,1
50450,META,PUERTO CONCORDIA,2025,6,1
50568,META,PUERTO GAITAN,2023,1,1
50568,META,PUERTO GAITAN,2023,2,1
50568,META,PUERTO GAITAN,2023,4,2
50568,META,PUERTO GAITAN,2023,5,4
50568,META,PUERTO GAITAN,2023,6,1
50568,META,PUERTO GAITAN,2023,7,2
50568,META,PUERTO GAITAN,2023,8,1
50568,META,PUERTO GAITAN,2023,9,3
50568,META,PUERTO GAITAN,2023,10,2
50568,META,PUERTO GAITAN,2023,11,2
50568,META,PUERTO GAITAN,2023,12,7
50568,META,PUERTO GAITAN,2024,1,6
50568,META,PUERTO GAITAN,2024,2,7
50568,META,PUERTO GAITAN,2024,3,5
50568,META,PUERTO GAITAN,2024,4,4
50568,META,PUERTO GAITAN,2024,6,2
50568,META,PUERTO GAITAN,2024,7,2
50568,META,PUERTO GAITAN,2024,8,2
50568,META,PUERTO GAITAN,2024,9,3
50568,META,PUERTO GAITAN,2025,1,2
50568,META,PUERTO GAITAN,2025,2,4
50568,META,PUERTO GAITAN,2025,3,2
50568,META,PUERTO GAITAN,2025,4,4
50568,META,PUERTO GAITAN,2025,5,3
50568,META,PUERTO GAITAN,2025,6,4
50568,META,PUERTO GAITAN,2025,7,4
50568,META,PUERTO GAITAN,2025,8,5
50568,META,PUERTO GAITAN,2025,9,5
50568,META,PUERTO GAITAN,2025,11,1
50568,META,PUERTO GAITAN,2025,12,1
50573,META,PUERTO LOPEZ,2023,1,2
50573,META,PUERTO LOPEZ,2023,2,1
50573,META,PUERTO LOPEZ,2023,3,1
50573,META,PUERTO LOPEZ,2023,5,1
50573,META,PUERTO LOPEZ,2023,6,1
50573,META,PUERTO LOPEZ,2023,10,3
50573,META,PUERTO LOPEZ,2023,12,1
50573,META,PUERTO LOPEZ,2024,2,2
50573,META,PUERTO LOPEZ,2024,3,2
50573,META,PUERTO LOPEZ,2024,4,1
50573,META,PUERTO LOPEZ,2024,5,1
50573,META,PUERTO LOPEZ,2024,7,1
50573,META,PUERTO LOPEZ,2024,8,1
50573,META,PUERTO LOPEZ,2024,9,1
50573,META,PUERTO LOPEZ,2024,10,1
50573,META,PUERTO LOPEZ,2024,11,1
50573,META,PUERTO LOPEZ,2025,1,1
50573,META,PUERTO LOPEZ,2025,2,1
50573,META,PUERTO LOPEZ,2025,4,1
50573,META,PUERTO LOPEZ,2025,5,2
50573,META,PUERTO LOPEZ,2025,6,2
50573,META,PUERTO LOPEZ,2025,7,3
50573,META,PUERTO LOPEZ,2025,8,1
50573,META,PUERTO LOPEZ,2025,10,3
50573,META,PUERTO LOPEZ,2025,11,1
50573,META,PUERTO LOPEZ,2025,12,2
50577,META,PUERTO LLERAS,2023,8,1
50577,META,PUERTO LLERAS,2023,9,1
50577,META,PUERTO LLERAS,2023,11,1
50577,META,PUERTO LLERAS,2024,1,3
50577,META,PUERTO LLERAS,2024,4,3
50577,META,PUERTO LLERAS,2024,5,1
50577,META,PUERTO LLERAS,2024,6,1
50577,META,PUERTO LLERAS,2024,7,2
50577,META,PUERTO LLERAS,2024,8,2
50577,META,PUERTO LLERAS,2024,9,1
50577,META,PUERTO LLERAS,2024,10,1
50577,META,PUERTO LLERAS,2024,11,3
50577,META,PUERTO LLERAS,2024,12,1
50577,META,PUERTO LLERAS,2025,1,2
50577,META,PUERTO LLERAS,2025,2,2
50577,META,PUERTO LLERAS,2025,3,1
50577,META,PUERTO LLERAS,2025,4,4
50577,META,PUERTO LLERAS,2025,5,1
50577,META,PUERTO LLERAS,2025,9,3
50577,META,PUERTO LLERAS,2025,10,1
50577,META,PUERTO LLERAS,2025,12,2
50590,META,PUERTO RICO,2023,2,1
50590,META,PUERTO RICO,2023,3,1
50590,META,PUERTO RICO,2023,9,1
50590,META,PUERTO RICO,2023,12,2
50590,META,PUERTO RICO,2024,4,1
50590,META,PUERTO RICO,2024,5,1
50590,META,PUERTO RICO,2024,6,1
50590,META,PUERTO RICO,2024,7,2
50590,META,PUERTO RICO,2024,9,1
50590,META,PUERTO RICO,2024,12,1
50590,META,PUERTO RICO,2025,1,1
50590,META,PUERTO RICO,2025,2,1
50590,META,PUERTO RICO,2025,3,2
50590,META,PUERTO RICO,2025,4,3
50590,META,PUERTO RICO,2025,6,2
50590,META,PUERTO RICO,2025,7,3
50590,META,PUERTO RICO,2025,8,2
50606,META,RESTREPO,2023,4,1
50606,META,RESTREPO,2023,6,1
50606,META,RESTREPO,2023,7,1
50606,META,RESTREPO,2023,9,1
50606,META,RESTREPO,2023,10,1
50606,META,RESTREPO,2023,12,3
50606,META,RESTREPO,2024,3,1
50606,META,RESTREPO,2024,4,1
50606,META,RESTREPO,2024,6,1
50606,META,RESTREPO,2024,7,1
50606,META,RESTREPO,2024,8,2
50606,META,RESTREPO,2024,9,1
50606,META,RESTREPO,2024,10,4
50606,META,RESTREPO,2025,1,2
50606,META,RESTREPO,2025,4,1
50606,META,RESTREPO,2025,6,1
50606,META,RESTREPO,2025,8,4
50606,META,RESTREPO,2025,9,1
50680,META,SAN CARLOS DE GUAROA,2023,1,1
50680,META,SAN CARLOS DE GUAROA,2023,3,1
50680,META,SAN CARLOS DE GUAROA,2023,9,1
50680,META,SAN CARLOS DE GUAROA,2023,10,1
50680,META,SAN CARLOS DE GUAROA,2023,12,1
50680,META,SAN CARLOS DE GUAROA,2024,1,1
50680,META,SAN CARLOS DE GUAROA,2024,2,1
50680,META,SAN CARLOS DE GUAROA,2024,4,1
50680,META,SAN CARLOS DE GUAROA,2024,6,1
50680,META,SAN CARLOS DE GUAROA,2024,7,2
50680,META,SAN CARLOS DE GUAROA,2024,10,1
50680,META,SAN CARLOS DE GUAROA,2024,12,1
50680,META,SAN CARLOS DE GUAROA,2025,2,1
50680,META,SAN CARLOS DE GUAROA,2025,3,1
50680,META,SAN CARLOS DE GUAROA,2025,6,1
50680,META,SAN CARLOS DE GUAROA,2025,7,1
50680,META,SAN CARLOS DE GUAROA,2025,12,2
50683,META,SAN JUAN DE ARAMA,2023,9,1
50683,META,SAN JUAN DE ARAMA,2023,10,2
50683,META,SAN JUAN DE ARAMA,2023,11,1
50683,META,SAN JUAN DE ARAMA,2024,1,1
50683,META,SAN JUAN DE ARAMA,2024,5,1
50683,META,SAN JUAN DE ARAMA,2024,7,1
50683,META,SAN JUAN DE ARAMA,2024,8,2
50683,META,SAN JUAN DE ARAMA,2024,9,5
50683,META,SAN JUAN DE ARAMA,2024,10,3
50683,META,SAN JUAN DE ARAMA,2024,12,1
50683,META,SAN JUAN DE ARAMA,2025,1,1
50683,META,SAN JUAN DE ARAMA,2025,2,2
50683,META,SAN JUAN DE ARAMA,2025,3,1
50683,META,SAN JUAN DE ARAMA,2025,5,1
50683,META,SAN JUAN DE ARAMA,2025,6,1
50683,META,SAN JUAN DE ARAMA,2025,7,1
50683,META,SAN JUAN DE ARAMA,2025,8,1
50683,META,SAN JUAN DE ARAMA,2025,9,1
50683,META,SAN JUAN DE ARAMA,2025,10,1
50683,META,SAN JUAN DE ARAMA,2025,11,1
50686,META,SAN JUANITO,2024,5,1
50689,META,SAN MARTIN,2023,1,2
50689,META,SAN MARTIN,2023,2,2
50689,META,SAN MARTIN,2023,4,2
50689,META,SAN MARTIN,2023,8,1
50689,META,SAN MARTIN,2023,9,2
50689,META,SAN MARTIN,2023,10,1
50689,META,SAN MARTIN,2023,11,1
50689,META,SAN MARTIN,2023,12,1
50689,META,SAN MARTIN,2024,1,1
50689,META,SAN MARTIN,2024,2,2
50689,META,SAN MARTIN,2024,3,1
50689,META,SAN MARTIN,2024,4,2
50689,META,SAN MARTIN,2024,6,2
50689,META,SAN MARTIN,2024,7,2
50689,META,SAN MARTIN,2024,8,1
50689,META,SAN MARTIN,2024,9,1
50689,META,SAN MARTIN,2024,10,1
50689,META,SAN MARTIN,2025,1,1
50689,META,SAN MARTIN,2025,2,1
50689,META,SAN MARTIN,2025,4,4
50689,META,SAN MARTIN,2025,5,1
50689,META,SAN MARTIN,2025,6,1
50689,META,SAN MARTIN,2025,7,4
50689,META,SAN MARTIN,2025,8,3
50689,META,SAN MARTIN,2025,9,5
50689,META,SAN MARTIN,2025,10,5
50689,META,SAN MARTIN,2025,12,3
50711,META,VISTAHERMOSA,2023,1,1
50711,META,VISTAHERMOSA,2023,2,1
50711,META,VISTAHERMOSA,2023,4,1
50711,META,VISTAHERMOSA,2023,5,1
50711,META,VISTAHERMOSA,2023,7,3
50711,META,VISTAHERMOSA,2023,8,2
50711,META,VISTAHERMOSA,2023,9,1
50711,META,VISTAHERMOSA,2023,10,2
50711,META,VISTAHERMOSA,2023,11,1
50711,META,VISTAHERMOSA,2023,12,2
50711,META,VISTAHERMOSA,2024,1,1
50711,META,VISTAHERMOSA,2024,2,1
50711,META,VISTAHERMOSA,2024,3,2
50711,META,VISTAHERMOSA,2024,4,1
50711,META,VISTAHERMOSA,2024,5,1
50711,META,VISTAHERMOSA,2024,6,1
50711,META,VISTAHERMOSA,2024,7,1
50711,META,VISTAHERMOSA,2024,8,4
50711,META,VISTAHERMOSA,2024,9,1
50711,META,VISTAHERMOSA,2024,11,3
50711,META,VISTAHERMOSA,2025,2,1
50711,META,VISTAHERMOSA,2025,5,2
50711,META,VISTAHERMOSA,2025,7,1
50711,META,VISTAHERMOSA,2025,12,1
52001,NARIÑO,PASTO,2023,1,4
52001,NARIÑO,PASTO,2023,2,1
52001,NARIÑO,PASTO,2023,3,1
52001,NARIÑO,PASTO,2023,4,1
52001,NARIÑO,PASTO,2023,5,4
52001,NARIÑO,PASTO,2023,6,1
52001,NARIÑO,PASTO,2023,7,3
52001,NARIÑO,PASTO,2023,8,5
52001,NARIÑO,PASTO,2023,9,12
52001,NARIÑO,PASTO,2023,10,8
52001,NARIÑO,PASTO,2023,11,4
52001,NARIÑO,PASTO,2023,12,8
52001,NARIÑO,PASTO,2024,1,2
52001,NARIÑO,PASTO,2024,2,2
52001,NARIÑO,PASTO,2024,3,5
52001,NARIÑO,PASTO,2024,4,3
52001,NARIÑO,PASTO,2024,5,3
52001,NARIÑO,PASTO,2024,6,5
52001,NARIÑO,PASTO,2024,7,1
52001,NARIÑO,PASTO,2024,8,2
52001,NARIÑO,PASTO,2024,9,3
52001,NARIÑO,PASTO,2024,10,4
52001,NARIÑO,PASTO,2024,11,8
52001,NARIÑO,PASTO,2024,12,6
52001,NARIÑO,PASTO,2025,1,2
52001,NARIÑO,PASTO,2025,2,1
52001,NARIÑO,PASTO,2025,3,2
52001,NARIÑO,PASTO,2025,5,6
52001,NARIÑO,PASTO,2025,6,5
52001,NARIÑO,PASTO,2025,7,4
52001,NARIÑO,PASTO,2025,8,8
52001,NARIÑO,PASTO,2025,9,6
52001,NARIÑO,PASTO,2025,10,8
52001,NARIÑO,PASTO,2025,11,8
52001,NARIÑO,PASTO,2025,12,15
52019,NARIÑO,ALBAN,2023,10,1
52019,NARIÑO,ALBAN,2023,11,1
52019,NARIÑO,ALBAN,2024,7,1
52019,NARIÑO,ALBAN,2025,8,1
52022,NARIÑO,ALDANA,2025,2,1
52022,NARIÑO,ALDANA,2025,7,1
52036,NARIÑO,ANCUYA,2025,9,1
52051,NARIÑO,ARBOLEDA,2025,11,1
52079,NARIÑO,BARBACOAS,2023,3,1
52079,NARIÑO,BARBACOAS,2023,4,1
52079,NARIÑO,BARBACOAS,2023,5,1
52079,NARIÑO,BARBACOAS,2023,7,1
52079,NARIÑO,BARBACOAS,2023,9,1
52079,NARIÑO,BARBACOAS,2023,12,2
52079,NARIÑO,BARBACOAS,2024,1,1
52079,NARIÑO,BARBACOAS,2024,2,2
52079,NARIÑO,BARBACOAS,2024,4,2
52079,NARIÑO,BARBACOAS,2024,6,2
52079,NARIÑO,BARBACOAS,2024,8,2
52079,NARIÑO,BARBACOAS,2024,9,1
52079,NARIÑO,BARBACOAS,2025,5,1
52079,NARIÑO,BARBACOAS,2025,6,1
52079,NARIÑO,BARBACOAS,2025,7,1
52079,NARIÑO,BARBACOAS,2025,10,1
52079,NARIÑO,BARBACOAS,2025,12,1
52083,NARIÑO,BELEN,2023,6,1
52110,NARIÑO,BUESACO,2023,6,1
52110,NARIÑO,BUESACO,2025,10,1
52207,NARIÑO,CONSACA,2024,7,1
52207,NARIÑO,CONSACA,2025,4,1
52207,NARIÑO,CONSACA,2025,6,1
52207,NARIÑO,CONSACA,2025,7,1
52215,NARIÑO,CORDOBA,2023,6,1
52215,NARIÑO,CORDOBA,2024,5,1
52215,NARIÑO,CORDOBA,2024,10,1
52227,NARIÑO,CUMBAL,2023,5,1
52227,NARIÑO,CUMBAL,2024,2,1
52227,NARIÑO,CUMBAL,2024,4,1
52227,NARIÑO,CUMBAL,2024,5,1
52227,NARIÑO,CUMBAL,2024,6,1
52227,NARIÑO,CUMBAL,2024,8,1
52227,NARIÑO,CUMBAL,2025,1,1
52227,NARIÑO,CUMBAL,2025,3,1
52227,NARIÑO,CUMBAL,2025,8,1
52227,NARIÑO,CUMBAL,2025,9,1
52227,NARIÑO,CUMBAL,2025,10,1
52227,NARIÑO,CUMBAL,2025,11,1
52227,NARIÑO,CUMBAL,2025,12,1
52240,NARIÑO,CHACHAGÜI,2024,5,1
52250,NARIÑO,EL CHARCO,2023,2,1
52250,NARIÑO,EL CHARCO,2023,12,1
52250,NARIÑO,EL CHARCO,2024,2,2
52250,NARIÑO,EL CHARCO,2024,3,1
52250,NARIÑO,EL CHARCO,2024,6,2
52250,NARIÑO,EL CHARCO,2024,8,1
52250,NARIÑO,EL CHARCO,2024,11,2
52250,NARIÑO,EL CHARCO,2025,1,1
52250,NARIÑO,EL CHARCO,2025,4,1
52250,NARIÑO,EL CHARCO,2025,5,1
52250,NARIÑO,EL CHARCO,2025,8,1
52250,NARIÑO,EL CHARCO,2025,10,2
52250,NARIÑO,EL CHARCO,2025,12,1
52254,NARIÑO,EL PEÑOL,2024,11,1
52254,NARIÑO,EL PEÑOL,2025,5,1
52256,NARIÑO,EL ROSARIO,2023,8,1
52256,NARIÑO,EL ROSARIO,2025,9,1
52258,NARIÑO,EL TABLON DE GOMEZ,2025,10,1
52260,NARIÑO,EL TAMBO,2024,3,1
52260,NARIÑO,EL TAMBO,2024,7,1
52260,NARIÑO,EL TAMBO,2024,8,1
52260,NARIÑO,EL TAMBO,2024,11,4
52260,NARIÑO,EL TAMBO,2024,12,1
52260,NARIÑO,EL TAMBO,2025,6,1
52260,NARIÑO,EL TAMBO,2025,7,1
52260,NARIÑO,EL TAMBO,2025,12,1
52287,NARIÑO,FUNES,2023,11,1
52287,NARIÑO,FUNES,2024,12,1
52317,NARIÑO,GUACHUCAL,2023,1,1
52317,NARIÑO,GUACHUCAL,2023,4,1
52317,NARIÑO,GUACHUCAL,2024,6,1
52317,NARIÑO,GUACHUCAL,2025,4,1
52317,NARIÑO,GUACHUCAL,2025,12,2
52320,NARIÑO,GUAITARILLA,2023,12,1
52320,NARIÑO,GUAITARILLA,2025,11,2
52352,NARIÑO,ILES,2024,8,1
52356,NARIÑO,IPIALES,2023,1,1
52356,NARIÑO,IPIALES,2023,3,2
52356,NARIÑO,IPIALES,2023,4,2
52356,NARIÑO,IPIALES,2023,5,1
52356,NARIÑO,IPIALES,2023,6,1
52356,NARIÑO,IPIALES,2023,7,1
52356,NARIÑO,IPIALES,2023,8,1
52356,NARIÑO,IPIALES,2023,10,1
52356,NARIÑO,IPIALES,2023,11,1
52356,NARIÑO,IPIALES,2023,12,1
52356,NARIÑO,IPIALES,2024,1,1
52356,NARIÑO,IPIALES,2024,2,2
52356,NARIÑO,IPIALES,2024,4,1
52356,NARIÑO,IPIALES,2024,5,5
52356,NARIÑO,IPIALES,2024,6,2
52356,NARIÑO,IPIALES,2024,7,1
52356,NARIÑO,IPIALES,2024,8,3
52356,NARIÑO,IPIALES,2024,9,2
52356,NARIÑO,IPIALES,2024,10,1
52356,NARIÑO,IPIALES,2024,11,3
52356,NARIÑO,IPIALES,2024,12,2
52356,NARIÑO,IPIALES,2025,1,2
52356,NARIÑO,IPIALES,2025,2,1
52356,NARIÑO,IPIALES,2025,3,1
52356,NARIÑO,IPIALES,2025,4,1
52356,NARIÑO,IPIALES,2025,5,4
52356,NARIÑO,IPIALES,2025,6,2
52356,NARIÑO,IPIALES,2025,7,4
52356,NARIÑO,IPIALES,2025,8,4
52356,NARIÑO,IPIALES,2025,9,1
52356,NARIÑO,IPIALES,2025,10,3
52356,NARIÑO,IPIALES,2025,11,4
52356,NARIÑO,IPIALES,2025,12,1
52378,NARIÑO,LA CRUZ,2023,4,1
52378,NARIÑO,LA CRUZ,2023,7,1
52378,NARIÑO,LA CRUZ,2024,2,1
52378,NARIÑO,LA CRUZ,2024,3,1
52378,NARIÑO,LA CRUZ,2025,11,2
52381,NARIÑO,LA FLORIDA,2024,6,1
52381,NARIÑO,LA FLORIDA,2024,9,1
52381,NARIÑO,LA FLORIDA,2025,6,1
52381,NARIÑO,LA FLORIDA,2025,9,1
52385,NARIÑO,LA LLANADA,2024,4,1
52385,NARIÑO,LA LLANADA,2024,5,1
52385,NARIÑO,LA LLANADA,2025,1,1
52390,NARIÑO,LA TOLA,2024,3,1
52390,NARIÑO,LA TOLA,2024,11,1
52390,NARIÑO,LA TOLA,2025,4,1
52399,NARIÑO,LA UNION,2023,2,1
52399,NARIÑO,LA UNION,2023,5,1
52399,NARIÑO,LA UNION,2023,8,1
52399,NARIÑO,LA UNION,2023,10,1
52399,NARIÑO,LA UNION,2023,11,1
52399,NARIÑO,LA UNION,2024,1,1
52399,NARIÑO,LA UNION,2025,4,1
52399,NARIÑO,LA UNION,2025,5,2
52399,NARIÑO,LA UNION,2025,8,1
52399,NARIÑO,LA UNION,2025,12,1
52405,NARIÑO,LEIVA,2023,10,1
52405,NARIÑO,LEIVA,2025,9,1
52411,NARIÑO,LINARES,2023,3,1
52411,NARIÑO,LINARES,2023,12,1
52411,NARIÑO,LINARES,2024,9,1
52418,NARIÑO,LOS ANDES,2023,10,1
52418,NARIÑO,LOS ANDES,2023,11,1
52418,NARIÑO,LOS ANDES,2024,10,1
52427,NARIÑO,MAGÜI,2024,6,1
52427,NARIÑO,MAGÜI,2024,11,2
52427,NARIÑO,MAGÜI,2025,1,1
52435,NARIÑO,MALLAMA,2023,4,1
52435,NARIÑO,MALLAMA,2023,12,1
52435,NARIÑO,MALLAMA,2024,1,2
52435,NARIÑO,MALLAMA,2024,4,1
52435,NARIÑO,MALLAMA,2024,5,1
52435,NARIÑO,MALLAMA,2024,9,1
52435,NARIÑO,MALLAMA,2024,12,2
52435,NARIÑO,MALLAMA,2025,2,1
52435,NARIÑO,MALLAMA,2025,3,2
52435,NARIÑO,MALLAMA,2025,7,2
52435,NARIÑO,MALLAMA,2025,11,1
52490,NARIÑO,OLAYA HERRERA,2024,4,1
52490,NARIÑO,OLAYA HERRERA,2024,5,1
52490,NARIÑO,OLAYA HERRERA,2025,5,1
52490,NARIÑO,OLAYA HERRERA,2025,10,1
52506,NARIÑO,OSPINA,2024,9,1
52520,NARIÑO,FRANCISCO PIZARRO,2024,4,1
52520,NARIÑO,FRANCISCO PIZARRO,2025,9,1
52540,NARIÑO,POLICARPA,2023,6,1
52540,NARIÑO,POLICARPA,2023,11,2
52540,NARIÑO,POLICARPA,2024,2,1
52540,NARIÑO,POLICARPA,2024,12,2
52540,NARIÑO,POLICARPA,2025,2,1
52540,NARIÑO,POLICARPA,2025,5,1
52560,NARIÑO,POTOSI,2024,5,1
52560,NARIÑO,POTOSI,2025,8,1
52565,NARIÑO,PROVIDENCIA,2025,3,1
52573,NARIÑO,PUERRES,2023,10,1
52573,NARIÑO,PUERRES,2025,5,1
52573,NARIÑO,PUERRES,2025,11,1
52585,NARIÑO,PUPIALES,2024,10,1
52612,NARIÑO,RICAURTE,2023,2,1
52612,NARIÑO,RICAURTE,2023,5,2
52612,NARIÑO,RICAURTE,2023,8,2
52612,NARIÑO,RICAURTE,2023,10,1
52612,NARIÑO,RICAURTE,2023,11,2
52612,NARIÑO,RICAURTE,2023,12,1
52612,NARIÑO,RICAURTE,2024,3,1
52612,NARIÑO,RICAURTE,2024,4,1
52612,NARIÑO,RICAURTE,2024,5,3
52612,NARIÑO,RICAURTE,2024,7,4
52612,NARIÑO,RICAURTE,2024,11,1
52612,NARIÑO,RICAURTE,2024,12,1
52612,NARIÑO,RICAURTE,2025,1,1
52612,NARIÑO,RICAURTE,2025,3,3
52612,NARIÑO,RICAURTE,2025,4,1
52612,NARIÑO,RICAURTE,2025,5,2
52612,NARIÑO,RICAURTE,2025,6,3
52612,NARIÑO,RICAURTE,2025,7,1
52612,NARIÑO,RICAURTE,2025,8,3
52612,NARIÑO,RICAURTE,2025,10,2
52612,NARIÑO,RICAURTE,2025,11,2
52621,NARIÑO,ROBERTO PAYAN,2023,10,1
52621,NARIÑO,ROBERTO PAYAN,2023,11,1
52678,NARIÑO,SAMANIEGO,2023,9,1
52678,NARIÑO,SAMANIEGO,2023,11,1
52678,NARIÑO,SAMANIEGO,2024,1,1
52678,NARIÑO,SAMANIEGO,2025,2,1
52678,NARIÑO,SAMANIEGO,2025,4,1
52678,NARIÑO,SAMANIEGO,2025,5,1
52678,NARIÑO,SAMANIEGO,2025,10,1
52678,NARIÑO,SAMANIEGO,2025,12,1
52683,NARIÑO,SANDONA,2024,3,2
52683,NARIÑO,SANDONA,2024,4,3
52683,NARIÑO,SANDONA,2025,1,1
52683,NARIÑO,SANDONA,2025,2,1
52683,NARIÑO,SANDONA,2025,3,1
52683,NARIÑO,SANDONA,2025,7,1
52683,NARIÑO,SANDONA,2025,8,1
52683,NARIÑO,SANDONA,2025,9,1
52685,NARIÑO,SAN BERNARDO,2023,11,2
52685,NARIÑO,SAN BERNARDO,2024,2,1
52685,NARIÑO,SAN BERNARDO,2025,5,1
52687,NARIÑO,SAN LORENZO,2023,1,1
52687,NARIÑO,SAN LORENZO,2024,11,1
52687,NARIÑO,SAN LORENZO,2025,4,1
52687,NARIÑO,SAN LORENZO,2025,7,1
52687,NARIÑO,SAN LORENZO,2025,9,1
52693,NARIÑO,SAN PABLO,2024,2,1
52693,NARIÑO,SAN PABLO,2025,3,1
52693,NARIÑO,SAN PABLO,2025,7,1
52693,NARIÑO,SAN PABLO,2025,11,1
52694,NARIÑO,SAN PEDRO DE CARTAGO,2024,3,1
52696,NARIÑO,SANTA BARBARA,2024,10,1
52696,NARIÑO,SANTA BARBARA,2025,2,1
52696,NARIÑO,SANTA BARBARA,2025,5,1
52699,NARIÑO,SANTACRUZ,2023,4,1
52699,NARIÑO,SANTACRUZ,2023,5,1
52699,NARIÑO,SANTACRUZ,2024,9,1
52786,NARIÑO,TAMINANGO,2023,3,1
52786,NARIÑO,TAMINANGO,2023,4,1
52786,NARIÑO,TAMINANGO,2023,7,1
52786,NARIÑO,TAMINANGO,2023,10,2
52786,NARIÑO,TAMINANGO,2024,5,1
52786,NARIÑO,TAMINANGO,2024,8,2
52786,NARIÑO,TAMINANGO,2024,11,1
52786,NARIÑO,TAMINANGO,2025,4,1
52786,NARIÑO,TAMINANGO,2025,7,1
52786,NARIÑO,TAMINANGO,2025,9,1
52786,NARIÑO,TAMINANGO,2025,10,1
52788,NARIÑO,TANGUA,2023,4,1
52788,NARIÑO,TANGUA,2023,7,1
52788,NARIÑO,TANGUA,2025,10,1
52835,NARIÑO,SAN ANDRES DE TUMACO,2023,1,2
52835,NARIÑO,SAN ANDRES DE TUMACO,2023,2,1
52835,NARIÑO,SAN ANDRES DE TUMACO,2023,4,2
52835,NARIÑO,SAN ANDRES DE TUMACO,2023,5,3
52835,NARIÑO,SAN ANDRES DE TUMACO,2023,6,1
52835,NARIÑO,SAN ANDRES DE TUMACO,2023,7,3
52835,NARIÑO,SAN ANDRES DE TUMACO,2023,8,2
52835,NARIÑO,SAN ANDRES DE TUMACO,2023,9,2
52835,NARIÑO,SAN ANDRES DE TUMACO,2023,10,1
52835,NARIÑO,SAN ANDRES DE TUMACO,2023,11,7
52835,NARIÑO,SAN ANDRES DE TUMACO,2023,12,1
52835,NARIÑO,SAN ANDRES DE TUMACO,2024,1,2
52835,NARIÑO,SAN ANDRES DE TUMACO,2024,2,2
52835,NARIÑO,SAN ANDRES DE TUMACO,2024,3,5
52835,NARIÑO,SAN ANDRES DE TUMACO,2024,4,3
52835,NARIÑO,SAN ANDRES DE TUMACO,2024,5,4
52835,NARIÑO,SAN ANDRES DE TUMACO,2024,6,2
52835,NARIÑO,SAN ANDRES DE TUMACO,2024,7,3
52835,NARIÑO,SAN ANDRES DE TUMACO,2024,8,5
52835,NARIÑO,SAN ANDRES DE TUMACO,2024,9,3
52835,NARIÑO,SAN ANDRES DE TUMACO,2024,10,4
52835,NARIÑO,SAN ANDRES DE TUMACO,2024,11,6
52835,NARIÑO,SAN ANDRES DE TUMACO,2024,12,4
52835,NARIÑO,SAN ANDRES DE TUMACO,2025,1,3
52835,NARIÑO,SAN ANDRES DE TUMACO,2025,2,4
52835,NARIÑO,SAN ANDRES DE TUMACO,2025,3,4
52835,NARIÑO,SAN ANDRES DE TUMACO,2025,4,2
52835,NARIÑO,SAN ANDRES DE TUMACO,2025,5,3
52835,NARIÑO,SAN ANDRES DE TUMACO,2025,6,7
52835,NARIÑO,SAN ANDRES DE TUMACO,2025,7,3
52835,NARIÑO,SAN ANDRES DE TUMACO,2025,8,6
52835,NARIÑO,SAN ANDRES DE TUMACO,2025,9,1
52835,NARIÑO,SAN ANDRES DE TUMACO,2025,10,2
52835,NARIÑO,SAN ANDRES DE TUMACO,2025,11,2
52838,NARIÑO,TUQUERRES,2023,3,1
52838,NARIÑO,TUQUERRES,2023,8,1
52838,NARIÑO,TUQUERRES,2023,10,2
52838,NARIÑO,TUQUERRES,2023,11,1
52838,NARIÑO,TUQUERRES,2024,6,1
52838,NARIÑO,TUQUERRES,2024,8,1
52838,NARIÑO,TUQUERRES,2024,9,1
52838,NARIÑO,TUQUERRES,2024,12,1
52838,NARIÑO,TUQUERRES,2025,6,2
52885,NARIÑO,YACUANQUER,2024,11,1
52885,NARIÑO,YACUANQUER,2025,8,1
54001,NORTE DE SANTANDER,CUCUTA,2023,1,18
54001,NORTE DE SANTANDER,CUCUTA,2023,2,25
54001,NORTE DE SANTANDER,CUCUTA,2023,3,39
54001,NORTE DE SANTANDER,CUCUTA,2023,4,34
54001,NORTE DE SANTANDER,CUCUTA,2023,5,33
54001,NORTE DE SANTANDER,CUCUTA,2023,6,34
54001,NORTE DE SANTANDER,CUCUTA,2023,7,23
54001,NORTE DE SANTANDER,CUCUTA,2023,8,25
54001,NORTE DE SANTANDER,CUCUTA,2023,9,31
54001,NORTE DE SANTANDER,CUCUTA,2023,10,20
54001,NORTE DE SANTANDER,CUCUTA,2023,11,21
54001,NORTE DE SANTANDER,CUCUTA,2023,12,24
54001,NORTE DE SANTANDER,CUCUTA,2024,1,18
54001,NORTE DE SANTANDER,CUCUTA,2024,2,17
54001,NORTE DE SANTANDER,CUCUTA,2024,3,17
54001,NORTE DE SANTANDER,CUCUTA,2024,4,23
54001,NORTE DE SANTANDER,CUCUTA,2024,5,22
54001,NORTE DE SANTANDER,CUCUTA,2024,6,22
54001,NORTE DE SANTANDER,CUCUTA,2024,7,26
54001,NORTE DE SANTANDER,CUCUTA,2024,8,28
54001,NORTE DE SANTANDER,CUCUTA,2024,9,26
54001,NORTE DE SANTANDER,CUCUTA,2024,10,29
54001,NORTE DE SANTANDER,CUCUTA,2024,11,30
54001,NORTE DE SANTANDER,CUCUTA,2024,12,38
54001,NORTE DE SANTANDER,CUCUTA,2025,1,20
54001,NORTE DE SANTANDER,CUCUTA,2025,2,38
54001,NORTE DE SANTANDER,CUCUTA,2025,3,23
54001,NORTE DE SANTANDER,CUCUTA,2025,4,22
54001,NORTE DE SANTANDER,CUCUTA,2025,5,16
54001,NORTE DE SANTANDER,CUCUTA,2025,6,22
54001,NORTE DE SANTANDER,CUCUTA,2025,7,16
54001,NORTE DE SANTANDER,CUCUTA,2025,8,17
54001,NORTE DE SANTANDER,CUCUTA,2025,9,22
54001,NORTE DE SANTANDER,CUCUTA,2025,10,21
54001,NORTE DE SANTANDER,CUCUTA,2025,11,22
54001,NORTE DE SANTANDER,CUCUTA,2025,12,34
54003,NORTE DE SANTANDER,ABREGO,2023,1,1
54003,NORTE DE SANTANDER,ABREGO,2023,2,1
54003,NORTE DE SANTANDER,ABREGO,2023,3,1
54003,NORTE DE SANTANDER,ABREGO,2023,4,1
54003,NORTE DE SANTANDER,ABREGO,2023,5,1
54003,NORTE DE SANTANDER,ABREGO,2023,6,1
54003,NORTE DE SANTANDER,ABREGO,2023,8,1
54003,NORTE DE SANTANDER,ABREGO,2024,1,1
54003,NORTE DE SANTANDER,ABREGO,2024,3,1
54003,NORTE DE SANTANDER,ABREGO,2024,4,1
54003,NORTE DE SANTANDER,ABREGO,2024,5,1
54003,NORTE DE SANTANDER,ABREGO,2024,7,1
54003,NORTE DE SANTANDER,ABREGO,2024,8,3
54003,NORTE DE SANTANDER,ABREGO,2024,9,2
54003,NORTE DE SANTANDER,ABREGO,2024,11,2
54003,NORTE DE SANTANDER,ABREGO,2025,1,2
54003,NORTE DE SANTANDER,ABREGO,2025,3,1
54003,NORTE DE SANTANDER,ABREGO,2025,4,1
54003,NORTE DE SANTANDER,ABREGO,2025,6,2
54003,NORTE DE SANTANDER,ABREGO,2025,7,2
54003,NORTE DE SANTANDER,ABREGO,2025,9,1
54051,NORTE DE SANTANDER,ARBOLEDAS,2023,8,1
54051,NORTE DE SANTANDER,ARBOLEDAS,2024,3,2
54051,NORTE DE SANTANDER,ARBOLEDAS,2024,10,2
54099,NORTE DE SANTANDER,BOCHALEMA,2023,5,1
54099,NORTE DE SANTANDER,BOCHALEMA,2023,6,1
54099,NORTE DE SANTANDER,BOCHALEMA,2023,7,2
54099,NORTE DE SANTANDER,BOCHALEMA,2023,8,1
54099,NORTE DE SANTANDER,BOCHALEMA,2023,9,1
54099,NORTE DE SANTANDER,BOCHALEMA,2024,6,1
54099,NORTE DE SANTANDER,BOCHALEMA,2025,11,1
54109,NORTE DE SANTANDER,BUCARASICA,2023,1,1
54109,NORTE DE SANTANDER,BUCARASICA,2023,2,1
54109,NORTE DE SANTANDER,BUCARASICA,2023,4,1
54109,NORTE DE SANTANDER,BUCARASICA,2025,3,1
54109,NORTE DE SANTANDER,BUCARASICA,2025,5,1
54109,NORTE DE SANTANDER,BUCARASICA,2025,8,1
54109,NORTE DE SANTANDER,BUCARASICA,2025,9,1
54109,NORTE DE SANTANDER,BUCARASICA,2025,10,1
54109,NORTE DE SANTANDER,BUCARASICA,2025,11,1
54109,NORTE DE SANTANDER,BUCARASICA,2025,12,1
54125,NORTE DE SANTANDER,CACOTA,2025,6,1
54128,NORTE DE SANTANDER,CACHIRA,2024,4,1
54128,NORTE DE SANTANDER,CACHIRA,2024,7,1
54172,NORTE DE SANTANDER,CHINACOTA,2023,6,1
54172,NORTE DE SANTANDER,CHINACOTA,2023,9,1
54172,NORTE DE SANTANDER,CHINACOTA,2023,12,1
54172,NORTE DE SANTANDER,CHINACOTA,2024,3,1
54172,NORTE DE SANTANDER,CHINACOTA,2024,5,1
54172,NORTE DE SANTANDER,CHINACOTA,2024,8,1
54172,NORTE DE SANTANDER,CHINACOTA,2024,9,1
54172,NORTE DE SANTANDER,CHINACOTA,2025,2,1
54172,NORTE DE SANTANDER,CHINACOTA,2025,5,1
54172,NORTE DE SANTANDER,CHINACOTA,2025,6,1
54172,NORTE DE SANTANDER,CHINACOTA,2025,8,1
54172,NORTE DE SANTANDER,CHINACOTA,2025,9,2
54172,NORTE DE SANTANDER,CHINACOTA,2025,11,2
54174,NORTE DE SANTANDER,CHITAGA,2023,4,1
54174,NORTE DE SANTANDER,CHITAGA,2023,12,1
54174,NORTE DE SANTANDER,CHITAGA,2024,1,1
54174,NORTE DE SANTANDER,CHITAGA,2024,6,1
54174,NORTE DE SANTANDER,CHITAGA,2025,4,1
54174,NORTE DE SANTANDER,CHITAGA,2025,5,1
54174,NORTE DE SANTANDER,CHITAGA,2025,6,1
54174,NORTE DE SANTANDER,CHITAGA,2025,11,2
54206,NORTE DE SANTANDER,CONVENCION,2023,1,3
54206,NORTE DE SANTANDER,CONVENCION,2023,3,1
54206,NORTE DE SANTANDER,CONVENCION,2023,5,1
54206,NORTE DE SANTANDER,CONVENCION,2023,8,1
54206,NORTE DE SANTANDER,CONVENCION,2024,1,1
54206,NORTE DE SANTANDER,CONVENCION,2024,2,2
54206,NORTE DE SANTANDER,CONVENCION,2024,3,1
54206,NORTE DE SANTANDER,CONVENCION,2024,8,1
54206,NORTE DE SANTANDER,CONVENCION,2024,9,1
54206,NORTE DE SANTANDER,CONVENCION,2024,11,1
54206,NORTE DE SANTANDER,CONVENCION,2025,11,1
54206,NORTE DE SANTANDER,CONVENCION,2025,12,1
54223,NORTE DE SANTANDER,CUCUTILLA,2024,9,1
54223,NORTE DE SANTANDER,CUCUTILLA,2025,10,2
54239,NORTE DE SANTANDER,DURANIA,2023,6,2
54239,NORTE DE SANTANDER,DURANIA,2023,7,1
54239,NORTE DE SANTANDER,DURANIA,2023,9,1
54239,NORTE DE SANTANDER,DURANIA,2023,10,1
54239,NORTE DE SANTANDER,DURANIA,2024,11,1
54239,NORTE DE SANTANDER,DURANIA,2025,1,1
54245,NORTE DE SANTANDER,EL CARMEN,2023,1,1
54245,NORTE DE SANTANDER,EL CARMEN,2023,5,1
54245,NORTE DE SANTANDER,EL CARMEN,2023,7,1
54245,NORTE DE SANTANDER,EL CARMEN,2023,8,1
54245,NORTE DE SANTANDER,EL CARMEN,2024,2,1
54245,NORTE DE SANTANDER,EL CARMEN,2025,5,1
54245,NORTE DE SANTANDER,EL CARMEN,2025,7,1
54245,NORTE DE SANTANDER,EL CARMEN,2025,8,1
54250,NORTE DE SANTANDER,EL TARRA,2023,1,1
54250,NORTE DE SANTANDER,EL TARRA,2023,2,1
54250,NORTE DE SANTANDER,EL TARRA,2023,7,1
54250,NORTE DE SANTANDER,EL TARRA,2023,12,1
54250,NORTE DE SANTANDER,EL TARRA,2024,2,1
54250,NORTE DE SANTANDER,EL TARRA,2024,3,1
54250,NORTE DE SANTANDER,EL TARRA,2025,1,4
54250,NORTE DE SANTANDER,EL TARRA,2025,4,1
54250,NORTE DE SANTANDER,EL TARRA,2025,5,2
54250,NORTE DE SANTANDER,EL TARRA,2025,7,1
54250,NORTE DE SANTANDER,EL TARRA,2025,9,1
54250,NORTE DE SANTANDER,EL TARRA,2025,11,2
54261,NORTE DE SANTANDER,EL ZULIA,2023,1,2
54261,NORTE DE SANTANDER,EL ZULIA,2023,2,2
54261,NORTE DE SANTANDER,EL ZULIA,2023,4,2
54261,NORTE DE SANTANDER,EL ZULIA,2023,5,4
54261,NORTE DE SANTANDER,EL ZULIA,2023,6,4
54261,NORTE DE SANTANDER,EL ZULIA,2023,7,7
54261,NORTE DE SANTANDER,EL ZULIA,2023,8,2
54261,NORTE DE SANTANDER,EL ZULIA,2023,9,4
54261,NORTE DE SANTANDER,EL ZULIA,2023,11,2
54261,NORTE DE SANTANDER,EL ZULIA,2024,1,2
54261,NORTE DE SANTANDER,EL ZULIA,2024,2,3
54261,NORTE DE SANTANDER,EL ZULIA,2024,3,1
54261,NORTE DE SANTANDER,EL ZULIA,2024,4,1
54261,NORTE DE SANTANDER,EL ZULIA,2024,6,4
54261,NORTE DE SANTANDER,EL ZULIA,2024,7,3
54261,NORTE DE SANTANDER,EL ZULIA,2024,8,3
54261,NORTE DE SANTANDER,EL ZULIA,2024,9,5
54261,NORTE DE SANTANDER,EL ZULIA,2024,10,3
54261,NORTE DE SANTANDER,EL ZULIA,2024,11,2
54261,NORTE DE SANTANDER,EL ZULIA,2024,12,2
54261,NORTE DE SANTANDER,EL ZULIA,2025,1,2
54261,NORTE DE SANTANDER,EL ZULIA,2025,2,3
54261,NORTE DE SANTANDER,EL ZULIA,2025,3,3
54261,NORTE DE SANTANDER,EL ZULIA,2025,4,2
54261,NORTE DE SANTANDER,EL ZULIA,2025,6,1
54261,NORTE DE SANTANDER,EL ZULIA,2025,10,1
54261,NORTE DE SANTANDER,EL ZULIA,2025,11,2
54261,NORTE DE SANTANDER,EL ZULIA,2025,12,2
54313,NORTE DE SANTANDER,GRAMALOTE,2023,12,1
54344,NORTE DE SANTANDER,HACARI,2023,5,1
54344,NORTE DE SANTANDER,HACARI,2023,6,1
54344,NORTE DE SANTANDER,HACARI,2023,10,1
54344,NORTE DE SANTANDER,HACARI,2024,6,1
54344,NORTE DE SANTANDER,HACARI,2024,7,1
54344,NORTE DE SANTANDER,HACARI,2024,9,1
54344,NORTE DE SANTANDER,HACARI,2025,1,1
54347,NORTE DE SANTANDER,HERRAN,2023,6,1
54347,NORTE DE SANTANDER,HERRAN,2025,7,1
54377,NORTE DE SANTANDER,LABATECA,2024,1,1
54377,NORTE DE SANTANDER,LABATECA,2024,8,1
54377,NORTE DE SANTANDER,LABATECA,2024,10,1
54385,NORTE DE SANTANDER,LA ESPERANZA,2023,2,1
54385,NORTE DE SANTANDER,LA ESPERANZA,2023,3,1
54385,NORTE DE SANTANDER,LA ESPERANZA,2023,7,1
54385,NORTE DE SANTANDER,LA ESPERANZA,2024,2,1
54385,NORTE DE SANTANDER,LA ESPERANZA,2024,10,1
54385,NORTE DE SANTANDER,LA ESPERANZA,2025,8,1
54385,NORTE DE SANTANDER,LA ESPERANZA,2025,12,2
54398,NORTE DE SANTANDER,LA PLAYA,2023,2,1
54398,NORTE DE SANTANDER,LA PLAYA,2023,3,1
54398,NORTE DE SANTANDER,LA PLAYA,2023,10,1
54398,NORTE DE SANTANDER,LA PLAYA,2023,11,1
54398,NORTE DE SANTANDER,LA PLAYA,2024,5,1
54398,NORTE DE SANTANDER,LA PLAYA,2024,9,1
54398,NORTE DE SANTANDER,LA PLAYA,2024,10,1
54398,NORTE DE SANTANDER,LA PLAYA,2025,3,2
54398,NORTE DE SANTANDER,LA PLAYA,2025,5,1
54405,NORTE DE SANTANDER,LOS PATIOS,2023,1,1
54405,NORTE DE SANTANDER,LOS PATIOS,2023,2,1
54405,NORTE DE SANTANDER,LOS PATIOS,2023,3,3
54405,NORTE DE SANTANDER,LOS PATIOS,2023,4,2
54405,NORTE DE SANTANDER,LOS PATIOS,2023,5,5
54405,NORTE DE SANTANDER,LOS PATIOS,2023,6,4
54405,NORTE DE SANTANDER,LOS PATIOS,2023,7,6
54405,NORTE DE SANTANDER,LOS PATIOS,2023,8,2
54405,NORTE DE SANTANDER,LOS PATIOS,2023,9,1
54405,NORTE DE SANTANDER,LOS PATIOS,2023,10,1
54405,NORTE DE SANTANDER,LOS PATIOS,2023,11,1
54405,NORTE DE SANTANDER,LOS PATIOS,2023,12,4
54405,NORTE DE SANTANDER,LOS PATIOS,2024,1,1
54405,NORTE DE SANTANDER,LOS PATIOS,2024,2,2
54405,NORTE DE SANTANDER,LOS PATIOS,2024,4,1
54405,NORTE DE SANTANDER,LOS PATIOS,2024,5,3
54405,NORTE DE SANTANDER,LOS PATIOS,2024,6,1
54405,NORTE DE SANTANDER,LOS PATIOS,2024,7,3
54405,NORTE DE SANTANDER,LOS PATIOS,2024,8,1
54405,NORTE DE SANTANDER,LOS PATIOS,2024,10,4
54405,NORTE DE SANTANDER,LOS PATIOS,2024,11,2
54405,NORTE DE SANTANDER,LOS PATIOS,2024,12,4
54405,NORTE DE SANTANDER,LOS PATIOS,2025,1,1
54405,NORTE DE SANTANDER,LOS PATIOS,2025,2,1
54405,NORTE DE SANTANDER,LOS PATIOS,2025,3,4
54405,NORTE DE SANTANDER,LOS PATIOS,2025,4,2
54405,NORTE DE SANTANDER,LOS PATIOS,2025,6,1
54405,NORTE DE SANTANDER,LOS PATIOS,2025,7,2
54405,NORTE DE SANTANDER,LOS PATIOS,2025,8,5
54405,NORTE DE SANTANDER,LOS PATIOS,2025,10,1
54405,NORTE DE SANTANDER,LOS PATIOS,2025,11,1
54405,NORTE DE SANTANDER,LOS PATIOS,2025,12,3
54418,NORTE DE SANTANDER,LOURDES,2024,3,1
54418,NORTE DE SANTANDER,LOURDES,2024,4,1
54418,NORTE DE SANTANDER,LOURDES,2024,9,1
54480,NORTE DE SANTANDER,MUTISCUA,2024,2,1
54498,NORTE DE SANTANDER,OCAÑA,2023,1,1
54498,NORTE DE SANTANDER,OCAÑA,2023,2,5
54498,NORTE DE SANTANDER,OCAÑA,2023,3,2
54498,NORTE DE SANTANDER,OCAÑA,2023,4,1
54498,NORTE DE SANTANDER,OCAÑA,2023,5,3
54498,NORTE DE SANTANDER,OCAÑA,2023,6,5
54498,NORTE DE SANTANDER,OCAÑA,2023,7,5
54498,NORTE DE SANTANDER,OCAÑA,2023,8,5
54498,NORTE DE SANTANDER,OCAÑA,2023,9,2
54498,NORTE DE SANTANDER,OCAÑA,2023,10,3
54498,NORTE DE SANTANDER,OCAÑA,2023,11,4
54498,NORTE DE SANTANDER,OCAÑA,2023,12,6
54498,NORTE DE SANTANDER,OCAÑA,2024,1,6
54498,NORTE DE SANTANDER,OCAÑA,2024,2,1
54498,NORTE DE SANTANDER,OCAÑA,2024,3,4
54498,NORTE DE SANTANDER,OCAÑA,2024,4,5
54498,NORTE DE SANTANDER,OCAÑA,2024,5,5
54498,NORTE DE SANTANDER,OCAÑA,2024,6,9
54498,NORTE DE SANTANDER,OCAÑA,2024,7,4
54498,NORTE DE SANTANDER,OCAÑA,2024,8,3
54498,NORTE DE SANTANDER,OCAÑA,2024,9,3
54498,NORTE DE SANTANDER,OCAÑA,2024,10,4
54498,NORTE DE SANTANDER,OCAÑA,2024,11,2
54498,NORTE DE SANTANDER,OCAÑA,2024,12,4
54498,NORTE DE SANTANDER,OCAÑA,2025,1,3
54498,NORTE DE SANTANDER,OCAÑA,2025,2,3
54498,NORTE DE SANTANDER,OCAÑA,2025,3,5
54498,NORTE DE SANTANDER,OCAÑA,2025,4,5
54498,NORTE DE SANTANDER,OCAÑA,2025,5,10
54498,NORTE DE SANTANDER,OCAÑA,2025,6,4
54498,NORTE DE SANTANDER,OCAÑA,2025,7,6
54498,NORTE DE SANTANDER,OCAÑA,2025,8,7
54498,NORTE DE SANTANDER,OCAÑA,2025,9,4
54498,NORTE DE SANTANDER,OCAÑA,2025,10,7
54498,NORTE DE SANTANDER,OCAÑA,2025,11,4
54498,NORTE DE SANTANDER,OCAÑA,2025,12,4
54518,NORTE DE SANTANDER,PAMPLONA,2023,1,1
54518,NORTE DE SANTANDER,PAMPLONA,2023,4,4
54518,NORTE DE SANTANDER,PAMPLONA,2023,5,1
54518,NORTE DE SANTANDER,PAMPLONA,2023,7,2
54518,NORTE DE SANTANDER,PAMPLONA,2023,10,1
54518,NORTE DE SANTANDER,PAMPLONA,2023,11,2
54518,NORTE DE SANTANDER,PAMPLONA,2024,3,2
54518,NORTE DE SANTANDER,PAMPLONA,2024,4,2
54518,NORTE DE SANTANDER,PAMPLONA,2024,5,2
54518,NORTE DE SANTANDER,PAMPLONA,2024,6,4
54518,NORTE DE SANTANDER,PAMPLONA,2024,7,1
54518,NORTE DE SANTANDER,PAMPLONA,2024,8,1
54518,NORTE DE SANTANDER,PAMPLONA,2024,9,4
54518,NORTE DE SANTANDER,PAMPLONA,2024,10,1
54518,NORTE DE SANTANDER,PAMPLONA,2024,11,1
54518,NORTE DE SANTANDER,PAMPLONA,2024,12,2
54518,NORTE DE SANTANDER,PAMPLONA,2025,1,1
54518,NORTE DE SANTANDER,PAMPLONA,2025,2,2
54518,NORTE DE SANTANDER,PAMPLONA,2025,3,2
54518,NORTE DE SANTANDER,PAMPLONA,2025,4,2
54518,NORTE DE SANTANDER,PAMPLONA,2025,5,1
54518,NORTE DE SANTANDER,PAMPLONA,2025,6,3
54518,NORTE DE SANTANDER,PAMPLONA,2025,7,1
54518,NORTE DE SANTANDER,PAMPLONA,2025,8,2
54518,NORTE DE SANTANDER,PAMPLONA,2025,9,3
54518,NORTE DE SANTANDER,PAMPLONA,2025,11,2
54518,NORTE DE SANTANDER,PAMPLONA,2025,12,1
54520,NORTE DE SANTANDER,PAMPLONITA,2023,12,1
54520,NORTE DE SANTANDER,PAMPLONITA,2024,2,1
54520,NORTE DE SANTANDER,PAMPLONITA,2024,6,1
54520,NORTE DE SANTANDER,PAMPLONITA,2025,2,1
54520,NORTE DE SANTANDER,PAMPLONITA,2025,3,1
54520,NORTE DE SANTANDER,PAMPLONITA,2025,9,3
54553,NORTE DE SANTANDER,PUERTO SANTANDER,2023,1,1
54553,NORTE DE SANTANDER,PUERTO SANTANDER,2023,2,1
54553,NORTE DE SANTANDER,PUERTO SANTANDER,2023,3,1
54553,NORTE DE SANTANDER,PUERTO SANTANDER,2023,4,1
54553,NORTE DE SANTANDER,PUERTO SANTANDER,2023,5,1
54553,NORTE DE SANTANDER,PUERTO SANTANDER,2023,6,1
54553,NORTE DE SANTANDER,PUERTO SANTANDER,2023,8,1
54553,NORTE DE SANTANDER,PUERTO SANTANDER,2023,9,1
54553,NORTE DE SANTANDER,PUERTO SANTANDER,2023,11,1
54553,NORTE DE SANTANDER,PUERTO SANTANDER,2024,1,1
54553,NORTE DE SANTANDER,PUERTO SANTANDER,2024,2,1
54553,NORTE DE SANTANDER,PUERTO SANTANDER,2024,3,1
54553,NORTE DE SANTANDER,PUERTO SANTANDER,2024,4,1
54553,NORTE DE SANTANDER,PUERTO SANTANDER,2024,8,1
54553,NORTE DE SANTANDER,PUERTO SANTANDER,2025,3,1
54553,NORTE DE SANTANDER,PUERTO SANTANDER,2025,12,1
54599,NORTE DE SANTANDER,RAGONVALIA,2023,1,1
54599,NORTE DE SANTANDER,RAGONVALIA,2024,6,1
54599,NORTE DE SANTANDER,RAGONVALIA,2024,8,1
54599,NORTE DE SANTANDER,RAGONVALIA,2025,2,1
54599,NORTE DE SANTANDER,RAGONVALIA,2025,9,2
54660,NORTE DE SANTANDER,SALAZAR,2023,11,2
54660,NORTE DE SANTANDER,SALAZAR,2024,2,1
54660,NORTE DE SANTANDER,SALAZAR,2024,12,1
54660,NORTE DE SANTANDER,SALAZAR,2025,7,1
54660,NORTE DE SANTANDER,SALAZAR,2025,12,1
54670,NORTE DE SANTANDER,SAN CALIXTO,2023,1,1
54670,NORTE DE SANTANDER,SAN CALIXTO,2023,2,1
54670,NORTE DE SANTANDER,SAN CALIXTO,2023,12,1
54670,NORTE DE SANTANDER,SAN CALIXTO,2025,4,1
54670,NORTE DE SANTANDER,SAN CALIXTO,2025,7,1
54673,NORTE DE SANTANDER,SAN CAYETANO,2023,2,1
54673,NORTE DE SANTANDER,SAN CAYETANO,2023,3,2
54673,NORTE DE SANTANDER,SAN CAYETANO,2024,6,2
54673,NORTE DE SANTANDER,SAN CAYETANO,2024,7,1
54673,NORTE DE SANTANDER,SAN CAYETANO,2024,9,1
54673,NORTE DE SANTANDER,SAN CAYETANO,2024,11,1
54673,NORTE DE SANTANDER,SAN CAYETANO,2025,1,1
54673,NORTE DE SANTANDER,SAN CAYETANO,2025,8,1
54673,NORTE DE SANTANDER,SAN CAYETANO,2025,12,1
54680,NORTE DE SANTANDER,SANTIAGO,2023,4,1
54680,NORTE DE SANTANDER,SANTIAGO,2024,2,1
54680,NORTE DE SANTANDER,SANTIAGO,2024,4,1
54680,NORTE DE SANTANDER,SANTIAGO,2024,5,1
54680,NORTE DE SANTANDER,SANTIAGO,2024,9,1
54680,NORTE DE SANTANDER,SANTIAGO,2025,2,1
54680,NORTE DE SANTANDER,SANTIAGO,2025,10,1
54720,NORTE DE SANTANDER,SARDINATA,2023,1,1
54720,NORTE DE SANTANDER,SARDINATA,2023,2,2
54720,NORTE DE SANTANDER,SARDINATA,2023,3,1
54720,NORTE DE SANTANDER,SARDINATA,2023,4,3
54720,NORTE DE SANTANDER,SARDINATA,2023,5,2
54720,NORTE DE SANTANDER,SARDINATA,2023,6,5
54720,NORTE DE SANTANDER,SARDINATA,2023,8,1
54720,NORTE DE SANTANDER,SARDINATA,2023,9,3
54720,NORTE DE SANTANDER,SARDINATA,2023,10,3
54720,NORTE DE SANTANDER,SARDINATA,2023,12,1
54720,NORTE DE SANTANDER,SARDINATA,2024,1,1
54720,NORTE DE SANTANDER,SARDINATA,2024,2,1
54720,NORTE DE SANTANDER,SARDINATA,2024,3,1
54720,NORTE DE SANTANDER,SARDINATA,2024,4,1
54720,NORTE DE SANTANDER,SARDINATA,2024,5,1
54720,NORTE DE SANTANDER,SARDINATA,2024,8,1
54720,NORTE DE SANTANDER,SARDINATA,2024,9,1
54720,NORTE DE SANTANDER,SARDINATA,2024,10,1
54720,NORTE DE SANTANDER,SARDINATA,2024,11,1
54720,NORTE DE SANTANDER,SARDINATA,2024,12,2
54720,NORTE DE SANTANDER,SARDINATA,2025,1,2
54720,NORTE DE SANTANDER,SARDINATA,2025,5,2
54720,NORTE DE SANTANDER,SARDINATA,2025,7,4
54720,NORTE DE SANTANDER,SARDINATA,2025,8,1
54720,NORTE DE SANTANDER,SARDINATA,2025,9,2
54720,NORTE DE SANTANDER,SARDINATA,2025,10,1
54720,NORTE DE SANTANDER,SARDINATA,2025,11,1
54720,NORTE DE SANTANDER,SARDINATA,2025,12,1
54743,NORTE DE SANTANDER,SILOS,2023,10,1
54743,NORTE DE SANTANDER,SILOS,2024,2,1
54800,NORTE DE SANTANDER,TEORAMA,2023,3,2
54800,NORTE DE SANTANDER,TEORAMA,2023,8,1
54800,NORTE DE SANTANDER,TEORAMA,2023,9,1
54800,NORTE DE SANTANDER,TEORAMA,2024,5,1
54810,NORTE DE SANTANDER,TIBU,2023,1,4
54810,NORTE DE SANTANDER,TIBU,2023,2,1
54810,NORTE DE SANTANDER,TIBU,2023,3,3
54810,NORTE DE SANTANDER,TIBU,2023,4,1
54810,NORTE DE SANTANDER,TIBU,2023,5,2
54810,NORTE DE SANTANDER,TIBU,2023,6,3
54810,NORTE DE SANTANDER,TIBU,2023,7,3
54810,NORTE DE SANTANDER,TIBU,2023,8,3
54810,NORTE DE SANTANDER,TIBU,2023,10,2
54810,NORTE DE SANTANDER,TIBU,2023,11,1
54810,NORTE DE SANTANDER,TIBU,2023,12,1
54810,NORTE DE SANTANDER,TIBU,2024,1,2
54810,NORTE DE SANTANDER,TIBU,2024,2,1
54810,NORTE DE SANTANDER,TIBU,2024,4,2
54810,NORTE DE SANTANDER,TIBU,2024,5,3
54810,NORTE DE SANTANDER,TIBU,2024,6,3
54810,NORTE DE SANTANDER,TIBU,2024,8,2
54810,NORTE DE SANTANDER,TIBU,2024,9,2
54810,NORTE DE SANTANDER,TIBU,2024,10,1
54810,NORTE DE SANTANDER,TIBU,2024,11,1
54810,NORTE DE SANTANDER,TIBU,2024,12,1
54810,NORTE DE SANTANDER,TIBU,2025,1,1
54810,NORTE DE SANTANDER,TIBU,2025,2,1
54810,NORTE DE SANTANDER,TIBU,2025,4,1
54810,NORTE DE SANTANDER,TIBU,2025,5,1
54810,NORTE DE SANTANDER,TIBU,2025,6,1
54810,NORTE DE SANTANDER,TIBU,2025,7,3
54810,NORTE DE SANTANDER,TIBU,2025,9,3
54810,NORTE DE SANTANDER,TIBU,2025,10,1
54810,NORTE DE SANTANDER,TIBU,2025,11,3
54810,NORTE DE SANTANDER,TIBU,2025,12,2
54820,NORTE DE SANTANDER,TOLEDO,2023,4,1
54820,NORTE DE SANTANDER,TOLEDO,2023,12,1
54820,NORTE DE SANTANDER,TOLEDO,2024,5,1
54820,NORTE DE SANTANDER,TOLEDO,2024,6,1
54820,NORTE DE SANTANDER,TOLEDO,2024,7,1
54820,NORTE DE SANTANDER,TOLEDO,2025,1,1
54820,NORTE DE SANTANDER,TOLEDO,2025,5,1
54820,NORTE DE SANTANDER,TOLEDO,2025,10,1
54874,NORTE DE SANTANDER,VILLA DEL ROSARIO,2023,1,6
54874,NORTE DE SANTANDER,VILLA DEL ROSARIO,2023,2,8
54874,NORTE DE SANTANDER,VILLA DEL ROSARIO,2023,3,6
54874,NORTE DE SANTANDER,VILLA DEL ROSARIO,2023,4,2
54874,NORTE DE SANTANDER,VILLA DEL ROSARIO,2023,5,7
54874,NORTE DE SANTANDER,VILLA DEL ROSARIO,2023,6,5
54874,NORTE DE SANTANDER,VILLA DEL ROSARIO,2023,7,4
54874,NORTE DE SANTANDER,VILLA DEL ROSARIO,2023,8,5
54874,NORTE DE SANTANDER,VILLA DEL ROSARIO,2023,9,3
54874,NORTE DE SANTANDER,VILLA DEL ROSARIO,2023,10,1
54874,NORTE DE SANTANDER,VILLA DEL ROSARIO,2023,12,3
54874,NORTE DE SANTANDER,VILLA DEL ROSARIO,2024,1,3
54874,NORTE DE SANTANDER,VILLA DEL ROSARIO,2024,2,2
54874,NORTE DE SANTANDER,VILLA DEL ROSARIO,2024,3,2
54874,NORTE DE SANTANDER,VILLA DEL ROSARIO,2024,4,1
54874,NORTE DE SANTANDER,VILLA DEL ROSARIO,2024,5,1
54874,NORTE DE SANTANDER,VILLA DEL ROSARIO,2024,6,2
54874,NORTE DE SANTANDER,VILLA DEL ROSARIO,2024,7,5
54874,NORTE DE SANTANDER,VILLA DEL ROSARIO,2024,8,9
54874,NORTE DE SANTANDER,VILLA DEL ROSARIO,2024,9,3
54874,NORTE DE SANTANDER,VILLA DEL ROSARIO,2024,10,3
54874,NORTE DE SANTANDER,VILLA DEL ROSARIO,2024,11,5
54874,NORTE DE SANTANDER,VILLA DEL ROSARIO,2024,12,2
54874,NORTE DE SANTANDER,VILLA DEL ROSARIO,2025,1,4
54874,NORTE DE SANTANDER,VILLA DEL ROSARIO,2025,2,2
54874,NORTE DE SANTANDER,VILLA DEL ROSARIO,2025,3,1
54874,NORTE DE SANTANDER,VILLA DEL ROSARIO,2025,4,3
54874,NORTE DE SANTANDER,VILLA DEL ROSARIO,2025,5,7
54874,NORTE DE SANTANDER,VILLA DEL ROSARIO,2025,6,5
54874,NORTE DE SANTANDER,VILLA DEL ROSARIO,2025,7,3
54874,NORTE DE SANTANDER,VILLA DEL ROSARIO,2025,8,2
54874,NORTE DE SANTANDER,VILLA DEL ROSARIO,2025,9,1
54874,NORTE DE SANTANDER,VILLA DEL ROSARIO,2025,10,3
54874,NORTE DE SANTANDER,VILLA DEL ROSARIO,2025,11,5
54874,NORTE DE SANTANDER,VILLA DEL ROSARIO,2025,12,1
63001,QUINDIO,ARMENIA,2023,1,3
63001,QUINDIO,ARMENIA,2023,2,5
63001,QUINDIO,ARMENIA,2023,3,8
63001,QUINDIO,ARMENIA,2023,4,4
63001,QUINDIO,ARMENIA,2023,5,4
63001,QUINDIO,ARMENIA,2023,6,3
63001,QUINDIO,ARMENIA,2023,7,3
63001,QUINDIO,ARMENIA,2023,8,6
63001,QUINDIO,ARMENIA,2023,9,4
63001,QUINDIO,ARMENIA,2023,10,7
63001,QUINDIO,ARMENIA,2023,11,10
63001,QUINDIO,ARMENIA,2023,12,4
63001,QUINDIO,ARMENIA,2024,1,4
63001,QUINDIO,ARMENIA,2024,2,5
63001,QUINDIO,ARMENIA,2024,3,8
63001,QUINDIO,ARMENIA,2024,4,3
63001,QUINDIO,ARMENIA,2024,5,3
63001,QUINDIO,ARMENIA,2024,6,10
63001,QUINDIO,ARMENIA,2024,7,3
63001,QUINDIO,ARMENIA,2024,8,3
63001,QUINDIO,ARMENIA,2024,9,7
63001,QUINDIO,ARMENIA,2024,10,6
63001,QUINDIO,ARMENIA,2024,11,4
63001,QUINDIO,ARMENIA,2024,12,8
63001,QUINDIO,ARMENIA,2025,1,3
63001,QUINDIO,ARMENIA,2025,2,2
63001,QUINDIO,ARMENIA,2025,3,7
63001,QUINDIO,ARMENIA,2025,4,8
63001,QUINDIO,ARMENIA,2025,5,4
63001,QUINDIO,ARMENIA,2025,6,5
63001,QUINDIO,ARMENIA,2025,7,5
63001,QUINDIO,ARMENIA,2025,8,6
63001,QUINDIO,ARMENIA,2025,9,11
63001,QUINDIO,ARMENIA,2025,10,9
63001,QUINDIO,ARMENIA,2025,11,2
63001,QUINDIO,ARMENIA,2025,12,7
63111,QUINDIO,BUENAVISTA,2023,9,1
63111,QUINDIO,BUENAVISTA,2023,10,1
63130,QUINDIO,CALARCA,2023,3,2
63130,QUINDIO,CALARCA,2023,6,1
63130,QUINDIO,CALARCA,2023,8,1
63130,QUINDIO,CALARCA,2023,10,2
63130,QUINDIO,CALARCA,2023,12,1
63130,QUINDIO,CALARCA,2024,2,2
63130,QUINDIO,CALARCA,2024,5,1
63130,QUINDIO,CALARCA,2024,8,3
63130,QUINDIO,CALARCA,2024,9,3
63130,QUINDIO,CALARCA,2024,12,1
63130,QUINDIO,CALARCA,2025,3,1
63130,QUINDIO,CALARCA,2025,4,2
63130,QUINDIO,CALARCA,2025,5,1
63130,QUINDIO,CALARCA,2025,7,3
63130,QUINDIO,CALARCA,2025,9,1
63130,QUINDIO,CALARCA,2025,10,1
63130,QUINDIO,CALARCA,2025,11,7
63130,QUINDIO,CALARCA,2025,12,2
63190,QUINDIO,CIRCASIA,2023,3,1
63190,QUINDIO,CIRCASIA,2023,5,1
63190,QUINDIO,CIRCASIA,2023,8,2
63190,QUINDIO,CIRCASIA,2023,9,1
63190,QUINDIO,CIRCASIA,2023,10,1
63190,QUINDIO,CIRCASIA,2023,11,1
63190,QUINDIO,CIRCASIA,2023,12,1
63190,QUINDIO,CIRCASIA,2024,7,1
63190,QUINDIO,CIRCASIA,2024,8,1
63190,QUINDIO,CIRCASIA,2024,9,1
63190,QUINDIO,CIRCASIA,2024,10,1
63190,QUINDIO,CIRCASIA,2024,11,1
63190,QUINDIO,CIRCASIA,2025,4,1
63190,QUINDIO,CIRCASIA,2025,5,1
63190,QUINDIO,CIRCASIA,2025,6,1
63190,QUINDIO,CIRCASIA,2025,9,1
63190,QUINDIO,CIRCASIA,2025,10,1
63212,QUINDIO,CORDOBA,2023,10,1
63212,QUINDIO,CORDOBA,2025,3,1
63272,QUINDIO,FILANDIA,2023,9,1
63272,QUINDIO,FILANDIA,2023,11,1
63272,QUINDIO,FILANDIA,2023,12,1
63272,QUINDIO,FILANDIA,2025,1,1
63272,QUINDIO,FILANDIA,2025,2,1
63272,QUINDIO,FILANDIA,2025,4,1
63272,QUINDIO,FILANDIA,2025,6,1
63272,QUINDIO,FILANDIA,2025,11,1
63302,QUINDIO,GENOVA,2023,6,1
63302,QUINDIO,GENOVA,2023,9,1
63302,QUINDIO,GENOVA,2024,4,1
63302,QUINDIO,GENOVA,2024,8,1
63302,QUINDIO,GENOVA,2024,9,1
63302,QUINDIO,GENOVA,2024,10,1
63302,QUINDIO,GENOVA,2024,11,1
63302,QUINDIO,GENOVA,2024,12,2
63302,QUINDIO,GENOVA,2025,9,1
63401,QUINDIO,LA TEBAIDA,2024,3,1
63401,QUINDIO,LA TEBAIDA,2024,6,1
63401,QUINDIO,LA TEBAIDA,2024,7,1
63401,QUINDIO,LA TEBAIDA,2024,9,1
63401,QUINDIO,LA TEBAIDA,2024,10,1
63401,QUINDIO,LA TEBAIDA,2025,4,3
63401,QUINDIO,LA TEBAIDA,2025,7,1
63401,QUINDIO,LA TEBAIDA,2025,8,1
63401,QUINDIO,LA TEBAIDA,2025,10,2
63401,QUINDIO,LA TEBAIDA,2025,11,1
63470,QUINDIO,MONTENEGRO,2023,1,3
63470,QUINDIO,MONTENEGRO,2023,2,1
63470,QUINDIO,MONTENEGRO,2023,3,1
63470,QUINDIO,MONTENEGRO,2023,4,3
63470,QUINDIO,MONTENEGRO,2023,5,1
63470,QUINDIO,MONTENEGRO,2023,6,1
63470,QUINDIO,MONTENEGRO,2023,7,3
63470,QUINDIO,MONTENEGRO,2023,10,1
63470,QUINDIO,MONTENEGRO,2023,11,2
63470,QUINDIO,MONTENEGRO,2024,2,1
63470,QUINDIO,MONTENEGRO,2024,4,1
63470,QUINDIO,MONTENEGRO,2024,5,2
63470,QUINDIO,MONTENEGRO,2024,6,2
63470,QUINDIO,MONTENEGRO,2025,3,2
63470,QUINDIO,MONTENEGRO,2025,4,1
63470,QUINDIO,MONTENEGRO,2025,5,1
63470,QUINDIO,MONTENEGRO,2025,6,1
63470,QUINDIO,MONTENEGRO,2025,9,1
63470,QUINDIO,MONTENEGRO,2025,11,1
63470,QUINDIO,MONTENEGRO,2025,12,1
63548,QUINDIO,PIJAO,2024,5,2
63548,QUINDIO,PIJAO,2024,7,1
63548,QUINDIO,PIJAO,2024,10,1
63548,QUINDIO,PIJAO,2025,7,1
63548,QUINDIO,PIJAO,2025,11,1
63594,QUINDIO,QUIMBAYA,2023,4,2
63594,QUINDIO,QUIMBAYA,2023,8,1
63594,QUINDIO,QUIMBAYA,2023,12,2
63594,QUINDIO,QUIMBAYA,2024,1,2
63594,QUINDIO,QUIMBAYA,2024,4,1
63594,QUINDIO,QUIMBAYA,2024,5,1
63594,QUINDIO,QUIMBAYA,2025,2,1
63594,QUINDIO,QUIMBAYA,2025,3,1
63594,QUINDIO,QUIMBAYA,2025,8,2
63594,QUINDIO,QUIMBAYA,2025,9,3
63690,QUINDIO,SALENTO,2023,1,1
63690,QUINDIO,SALENTO,2023,6,1
63690,QUINDIO,SALENTO,2024,1,1
63690,QUINDIO,SALENTO,2024,2,1
66001,RISARALDA,PEREIRA,2023,1,4
66001,RISARALDA,PEREIRA,2023,2,2
66001,RISARALDA,PEREIRA,2023,3,2
66001,RISARALDA,PEREIRA,2023,5,2
66001,RISARALDA,PEREIRA,2023,6,4
66001,RISARALDA,PEREIRA,2023,7,1
66001,RISARALDA,PEREIRA,2023,8,3
66001,RISARALDA,PEREIRA,2023,9,5
66001,RISARALDA,PEREIRA,2023,10,4
66001,RISARALDA,PEREIRA,2023,11,9
66001,RISARALDA,PEREIRA,2023,12,10
66001,RISARALDA,PEREIRA,2024,1,10
66001,RISARALDA,PEREIRA,2024,2,4
66001,RISARALDA,PEREIRA,2024,3,5
66001,RISARALDA,PEREIRA,2024,4,12
66001,RISARALDA,PEREIRA,2024,5,5
66001,RISARALDA,PEREIRA,2024,6,4
66001,RISARALDA,PEREIRA,2024,7,5
66001,RISARALDA,PEREIRA,2024,8,4
66001,RISARALDA,PEREIRA,2024,9,15
66001,RISARALDA,PEREIRA,2024,10,9
66001,RISARALDA,PEREIRA,2024,11,13
66001,RISARALDA,PEREIRA,2024,12,12
66001,RISARALDA,PEREIRA,2025,1,6
66001,RISARALDA,PEREIRA,2025,2,8
66001,RISARALDA,PEREIRA,2025,3,4
66001,RISARALDA,PEREIRA,2025,4,7
66001,RISARALDA,PEREIRA,2025,5,8
66001,RISARALDA,PEREIRA,2025,6,14
66001,RISARALDA,PEREIRA,2025,7,10
66001,RISARALDA,PEREIRA,2025,8,12
66001,RISARALDA,PEREIRA,2025,9,9
66001,RISARALDA,PEREIRA,2025,10,6
66001,RISARALDA,PEREIRA,2025,11,7
66001,RISARALDA,PEREIRA,2025,12,16
66045,RISARALDA,APIA,2024,1,1
66045,RISARALDA,APIA,2025,5,2
66045,RISARALDA,APIA,2025,9,3
66075,RISARALDA,BALBOA,2023,8,1
66075,RISARALDA,BALBOA,2023,12,1
66075,RISARALDA,BALBOA,2024,4,1
66075,RISARALDA,BALBOA,2024,6,1
66075,RISARALDA,BALBOA,2025,5,2
66088,RISARALDA,BELEN DE UMBRIA,2023,1,1
66088,RISARALDA,BELEN DE UMBRIA,2023,7,1
66088,RISARALDA,BELEN DE UMBRIA,2023,8,1
66088,RISARALDA,BELEN DE UMBRIA,2023,12,2
66088,RISARALDA,BELEN DE UMBRIA,2024,9,1
66088,RISARALDA,BELEN DE UMBRIA,2025,6,1
66088,RISARALDA,BELEN DE UMBRIA,2025,7,2
66088,RISARALDA,BELEN DE UMBRIA,2025,10,1
66088,RISARALDA,BELEN DE UMBRIA,2025,12,2
66170,RISARALDA,DOSQUEBRADAS,2023,1,1
66170,RISARALDA,DOSQUEBRADAS,2023,3,1
66170,RISARALDA,DOSQUEBRADAS,2023,6,3
66170,RISARALDA,DOSQUEBRADAS,2023,10,3
66170,RISARALDA,DOSQUEBRADAS,2023,11,3
66170,RISARALDA,DOSQUEBRADAS,2023,12,6
66170,RISARALDA,DOSQUEBRADAS,2024,1,7
66170,RISARALDA,DOSQUEBRADAS,2024,2,1
66170,RISARALDA,DOSQUEBRADAS,2024,3,3
66170,RISARALDA,DOSQUEBRADAS,2024,4,3
66170,RISARALDA,DOSQUEBRADAS,2024,5,2
66170,RISARALDA,DOSQUEBRADAS,2024,6,1
66170,RISARALDA,DOSQUEBRADAS,2024,8,3
66170,RISARALDA,DOSQUEBRADAS,2024,9,4
66170,RISARALDA,DOSQUEBRADAS,2024,10,1
66170,RISARALDA,DOSQUEBRADAS,2024,11,2
66170,RISARALDA,DOSQUEBRADAS,2024,12,1
66170,RISARALDA,DOSQUEBRADAS,2025,1,2
66170,RISARALDA,DOSQUEBRADAS,2025,2,1
66170,RISARALDA,DOSQUEBRADAS,2025,3,7
66170,RISARALDA,DOSQUEBRADAS,2025,5,5
66170,RISARALDA,DOSQUEBRADAS,2025,6,1
66170,RISARALDA,DOSQUEBRADAS,2025,7,2
66170,RISARALDA,DOSQUEBRADAS,2025,8,3
66170,RISARALDA,DOSQUEBRADAS,2025,9,6
66170,RISARALDA,DOSQUEBRADAS,2025,10,2
66170,RISARALDA,DOSQUEBRADAS,2025,11,3
66170,RISARALDA,DOSQUEBRADAS,2025,12,5
66318,RISARALDA,GUATICA,2023,12,1
66318,RISARALDA,GUATICA,2025,1,1
66318,RISARALDA,GUATICA,2025,4,1
66318,RISARALDA,GUATICA,2025,11,1
66318,RISARALDA,GUATICA,2025,12,1
66383,RISARALDA,LA CELIA,2024,2,1
66383,RISARALDA,LA CELIA,2024,10,1
66400,RISARALDA,LA VIRGINIA,2023,3,1
66400,RISARALDA,LA VIRGINIA,2023,7,1
66400,RISARALDA,LA VIRGINIA,2023,11,1
66400,RISARALDA,LA VIRGINIA,2023,12,1
66400,RISARALDA,LA VIRGINIA,2024,2,3
66400,RISARALDA,LA VIRGINIA,2024,12,1
66400,RISARALDA,LA VIRGINIA,2025,1,2
66400,RISARALDA,LA VIRGINIA,2025,4,2
66400,RISARALDA,LA VIRGINIA,2025,6,1
66400,RISARALDA,LA VIRGINIA,2025,7,1
66400,RISARALDA,LA VIRGINIA,2025,8,1
66400,RISARALDA,LA VIRGINIA,2025,12,1
66440,RISARALDA,MARSELLA,2024,3,1
66440,RISARALDA,MARSELLA,2024,5,1
66440,RISARALDA,MARSELLA,2024,12,1
66440,RISARALDA,MARSELLA,2025,4,2
66440,RISARALDA,MARSELLA,2025,10,1
66440,RISARALDA,MARSELLA,2025,11,1
66456,RISARALDA,MISTRATO,2025,9,1
66456,RISARALDA,MISTRATO,2025,10,1
66572,RISARALDA,PUEBLO RICO,2023,10,1
66572,RISARALDA,PUEBLO RICO,2024,2,1
66572,RISARALDA,PUEBLO RICO,2024,4,1
66572,RISARALDA,PUEBLO RICO,2024,9,1
66572,RISARALDA,PUEBLO RICO,2024,11,2
66572,RISARALDA,PUEBLO RICO,2025,5,2
66594,RISARALDA,QUINCHIA,2023,1,1
66594,RISARALDA,QUINCHIA,2023,8,1
66594,RISARALDA,QUINCHIA,2024,6,1
66594,RISARALDA,QUINCHIA,2024,11,1
66594,RISARALDA,QUINCHIA,2025,10,1
66594,RISARALDA,QUINCHIA,2025,11,1
66682,RISARALDA,SANTA ROSA DE CABAL,2023,3,1
66682,RISARALDA,SANTA ROSA DE CABAL,2023,11,1
66682,RISARALDA,SANTA ROSA DE CABAL,2024,1,1
66682,RISARALDA,SANTA ROSA DE CABAL,2024,2,5
66682,RISARALDA,SANTA ROSA DE CABAL,2024,4,1
66682,RISARALDA,SANTA ROSA DE CABAL,2024,5,1
66682,RISARALDA,SANTA ROSA DE CABAL,2024,6,1
66682,RISARALDA,SANTA ROSA DE CABAL,2024,8,5
66682,RISARALDA,SANTA ROSA DE CABAL,2024,9,1
66682,RISARALDA,SANTA ROSA DE CABAL,2024,11,1
66682,RISARALDA,SANTA ROSA DE CABAL,2024,12,4
66682,RISARALDA,SANTA ROSA DE CABAL,2025,1,2
66682,RISARALDA,SANTA ROSA DE CABAL,2025,2,1
66682,RISARALDA,SANTA ROSA DE CABAL,2025,4,1
66682,RISARALDA,SANTA ROSA DE CABAL,2025,6,1
66682,RISARALDA,SANTA ROSA DE CABAL,2025,9,2
66682,RISARALDA,SANTA ROSA DE CABAL,2025,10,4
66682,RISARALDA,SANTA ROSA DE CABAL,2025,11,1
66682,RISARALDA,SANTA ROSA DE CABAL,2025,12,3
66687,RISARALDA,SANTUARIO,2023,12,1
66687,RISARALDA,SANTUARIO,2024,4,1
66687,RISARALDA,SANTUARIO,2024,8,1
66687,RISARALDA,SANTUARIO,2025,4,1
68001,SANTANDER,BUCARAMANGA,2023,1,6
68001,SANTANDER,BUCARAMANGA,2023,2,2
68001,SANTANDER,BUCARAMANGA,2023,3,5
68001,SANTANDER,BUCARAMANGA,2023,4,4
68001,SANTANDER,BUCARAMANGA,2023,5,5
68001,SANTANDER,BUCARAMANGA,2023,6,5
68001,SANTANDER,BUCARAMANGA,2023,7,11
68001,SANTANDER,BUCARAMANGA,2023,8,6
68001,SANTANDER,BUCARAMANGA,2023,9,8
68001,SANTANDER,BUCARAMANGA,2023,10,13
68001,SANTANDER,BUCARAMANGA,2023,11,4
68001,SANTANDER,BUCARAMANGA,2023,12,12
68001,SANTANDER,BUCARAMANGA,2024,1,7
68001,SANTANDER,BUCARAMANGA,2024,2,9
68001,SANTANDER,BUCARAMANGA,2024,3,7
68001,SANTANDER,BUCARAMANGA,2024,4,6
68001,SANTANDER,BUCARAMANGA,2024,5,9
68001,SANTANDER,BUCARAMANGA,2024,6,4
68001,SANTANDER,BUCARAMANGA,2024,7,10
68001,SANTANDER,BUCARAMANGA,2024,8,9
68001,SANTANDER,BUCARAMANGA,2024,9,6
68001,SANTANDER,BUCARAMANGA,2024,10,6
68001,SANTANDER,BUCARAMANGA,2024,11,8
68001,SANTANDER,BUCARAMANGA,2024,12,15
68001,SANTANDER,BUCARAMANGA,2025,1,12
68001,SANTANDER,BUCARAMANGA,2025,2,5
68001,SANTANDER,BUCARAMANGA,2025,3,7
68001,SANTANDER,BUCARAMANGA,2025,4,3
68001,SANTANDER,BUCARAMANGA,2025,5,17
68001,SANTANDER,BUCARAMANGA,2025,6,8
68001,SANTANDER,BUCARAMANGA,2025,7,8
68001,SANTANDER,BUCARAMANGA,2025,8,15
68001,SANTANDER,BUCARAMANGA,2025,9,6
68001,SANTANDER,BUCARAMANGA,2025,10,12
68001,SANTANDER,BUCARAMANGA,2025,11,9
68001,SANTANDER,BUCARAMANGA,2025,12,12
68013,SANTANDER,AGUADA,2025,8,1
68020,SANTANDER,ALBANIA,2024,12,1
68077,SANTANDER,BARBOSA,2023,8,1
68077,SANTANDER,BARBOSA,2023,10,1
68077,SANTANDER,BARBOSA,2023,12,2
68077,SANTANDER,BARBOSA,2024,6,1
68077,SANTANDER,BARBOSA,2024,8,1
68077,SANTANDER,BARBOSA,2024,11,1
68077,SANTANDER,BARBOSA,2024,12,2
68077,SANTANDER,BARBOSA,2025,1,1
68077,SANTANDER,BARBOSA,2025,2,1
68077,SANTANDER,BARBOSA,2025,10,1
68079,SANTANDER,BARICHARA,2024,5,1
68079,SANTANDER,BARICHARA,2025,10,1
68081,SANTANDER,BARRANCABERMEJA,2023,1,4
68081,SANTANDER,BARRANCABERMEJA,2023,2,3
68081,SANTANDER,BARRANCABERMEJA,2023,3,3
68081,SANTANDER,BARRANCABERMEJA,2023,5,3
68081,SANTANDER,BARRANCABERMEJA,2023,8,8
68081,SANTANDER,BARRANCABERMEJA,2023,9,5
68081,SANTANDER,BARRANCABERMEJA,2023,10,3
68081,SANTANDER,BARRANCABERMEJA,2023,11,7
68081,SANTANDER,BARRANCABERMEJA,2023,12,5
68081,SANTANDER,BARRANCABERMEJA,2024,1,3
68081,SANTANDER,BARRANCABERMEJA,2024,2,6
68081,SANTANDER,BARRANCABERMEJA,2024,3,6
68081,SANTANDER,BARRANCABERMEJA,2024,4,3
68081,SANTANDER,BARRANCABERMEJA,2024,5,5
68081,SANTANDER,BARRANCABERMEJA,2024,6,4
68081,SANTANDER,BARRANCABERMEJA,2024,7,3
68081,SANTANDER,BARRANCABERMEJA,2024,8,7
68081,SANTANDER,BARRANCABERMEJA,2024,9,5
68081,SANTANDER,BARRANCABERMEJA,2024,10,9
68081,SANTANDER,BARRANCABERMEJA,2024,11,13
68081,SANTANDER,BARRANCABERMEJA,2024,12,8
68081,SANTANDER,BARRANCABERMEJA,2025,1,9
68081,SANTANDER,BARRANCABERMEJA,2025,2,5
68081,SANTANDER,BARRANCABERMEJA,2025,3,8
68081,SANTANDER,BARRANCABERMEJA,2025,4,4
68081,SANTANDER,BARRANCABERMEJA,2025,5,11
68081,SANTANDER,BARRANCABERMEJA,2025,6,11
68081,SANTANDER,BARRANCABERMEJA,2025,7,20
68081,SANTANDER,BARRANCABERMEJA,2025,8,12
68081,SANTANDER,BARRANCABERMEJA,2025,9,10
68081,SANTANDER,BARRANCABERMEJA,2025,10,14
68081,SANTANDER,BARRANCABERMEJA,2025,11,4
68081,SANTANDER,BARRANCABERMEJA,2025,12,9
68092,SANTANDER,BETULIA,2025,10,2
68101,SANTANDER,BOLIVAR,2024,4,1
68101,SANTANDER,BOLIVAR,2024,7,1
68101,SANTANDER,BOLIVAR,2024,10,1
68101,SANTANDER,BOLIVAR,2025,7,2
68101,SANTANDER,BOLIVAR,2025,11,1
68147,SANTANDER,CAPITANEJO,2023,12,1
68147,SANTANDER,CAPITANEJO,2024,11,1
68167,SANTANDER,CHARALA,2023,4,1
68167,SANTANDER,CHARALA,2024,7,1
68167,SANTANDER,CHARALA,2024,8,2
68167,SANTANDER,CHARALA,2025,11,1
68190,SANTANDER,CIMITARRA,2023,3,1
68190,SANTANDER,CIMITARRA,2023,8,1
68190,SANTANDER,CIMITARRA,2023,9,1
68190,SANTANDER,CIMITARRA,2023,10,1
68190,SANTANDER,CIMITARRA,2023,11,1
68190,SANTANDER,CIMITARRA,2024,9,1
68190,SANTANDER,CIMITARRA,2025,1,1
68190,SANTANDER,CIMITARRA,2025,6,1
68207,SANTANDER,CONCEPCION,2023,11,1
68211,SANTANDER,CONTRATACION,2023,6,1
68211,SANTANDER,CONTRATACION,2024,8,1
68217,SANTANDER,COROMORO,2023,7,1
68217,SANTANDER,COROMORO,2024,12,1
68217,SANTANDER,COROMORO,2025,8,1
68245,SANTANDER,EL GUACAMAYO,2025,2,1
68250,SANTANDER,EL PEÑON,2025,12,1
68255,SANTANDER,EL PLAYON,2023,10,1
68255,SANTANDER,EL PLAYON,2025,1,1
68255,SANTANDER,EL PLAYON,2025,3,1
68255,SANTANDER,EL PLAYON,2025,9,1
68255,SANTANDER,EL PLAYON,2025,12,1
68264,SANTANDER,ENCINO,2025,10,1
68266,SANTANDER,ENCISO,2025,10,1
68276,SANTANDER,FLORIDABLANCA,2023,1,1
68276,SANTANDER,FLORIDABLANCA,2023,2,3
68276,SANTANDER,FLORIDABLANCA,2023,3,2
68276,SANTANDER,FLORIDABLANCA,2023,4,3
68276,SANTANDER,FLORIDABLANCA,2023,5,1
68276,SANTANDER,FLORIDABLANCA,2023,6,1
68276,SANTANDER,FLORIDABLANCA,2023,7,4
68276,SANTANDER,FLORIDABLANCA,2023,10,1
68276,SANTANDER,FLORIDABLANCA,2023,11,5
68276,SANTANDER,FLORIDABLANCA,2023,12,6
68276,SANTANDER,FLORIDABLANCA,2024,1,3
68276,SANTANDER,FLORIDABLANCA,2024,2,1
68276,SANTANDER,FLORIDABLANCA,2024,3,8
68276,SANTANDER,FLORIDABLANCA,2024,4,2
68276,SANTANDER,FLORIDABLANCA,2024,5,2
68276,SANTANDER,FLORIDABLANCA,2024,6,1
68276,SANTANDER,FLORIDABLANCA,2024,7,4
68276,SANTANDER,FLORIDABLANCA,2024,8,3
68276,SANTANDER,FLORIDABLANCA,2024,9,2
68276,SANTANDER,FLORIDABLANCA,2024,10,4
68276,SANTANDER,FLORIDABLANCA,2024,11,3
68276,SANTANDER,FLORIDABLANCA,2024,12,4
68276,SANTANDER,FLORIDABLANCA,2025,1,2
68276,SANTANDER,FLORIDABLANCA,2025,3,4
68276,SANTANDER,FLORIDABLANCA,2025,4,2
68276,SANTANDER,FLORIDABLANCA,2025,5,9
68276,SANTANDER,FLORIDABLANCA,2025,6,4
68276,SANTANDER,FLORIDABLANCA,2025,7,3
68276,SANTANDER,FLORIDABLANCA,2025,8,4
68276,SANTANDER,FLORIDABLANCA,2025,9,2
68276,SANTANDER,FLORIDABLANCA,2025,10,7
68276,SANTANDER,FLORIDABLANCA,2025,12,3
68307,SANTANDER,GIRON,2023,1,1
68307,SANTANDER,GIRON,2023,2,4
68307,SANTANDER,GIRON,2023,3,1
68307,SANTANDER,GIRON,2023,4,1
68307,SANTANDER,GIRON,2023,5,4
68307,SANTANDER,GIRON,2023,6,1
68307,SANTANDER,GIRON,2023,7,3
68307,SANTANDER,GIRON,2023,9,2
68307,SANTANDER,GIRON,2023,10,1
68307,SANTANDER,GIRON,2023,11,4
68307,SANTANDER,GIRON,2023,12,5
68307,SANTANDER,GIRON,2024,1,1
68307,SANTANDER,GIRON,2024,3,1
68307,SANTANDER,GIRON,2024,4,1
68307,SANTANDER,GIRON,2024,5,3
68307,SANTANDER,GIRON,2024,6,1
68307,SANTANDER,GIRON,2024,7,4
68307,SANTANDER,GIRON,2024,8,1
68307,SANTANDER,GIRON,2024,9,1
68307,SANTANDER,GIRON,2024,10,4
68307,SANTANDER,GIRON,2024,11,3
68307,SANTANDER,GIRON,2024,12,4
68307,SANTANDER,GIRON,2025,2,1
68307,SANTANDER,GIRON,2025,3,2
68307,SANTANDER,GIRON,2025,4,1
68307,SANTANDER,GIRON,2025,5,3
68307,SANTANDER,GIRON,2025,6,2
68307,SANTANDER,GIRON,2025,7,4
68307,SANTANDER,GIRON,2025,8,2
68307,SANTANDER,GIRON,2025,10,2
68307,SANTANDER,GIRON,2025,11,7
68307,SANTANDER,GIRON,2025,12,2
68318,SANTANDER,GUACA,2024,9,1
68320,SANTANDER,GUADALUPE,2025,10,1
68327,SANTANDER,GÜEPSA,2023,11,1
68344,SANTANDER,HATO,2023,10,1
68377,SANTANDER,LA BELLEZA,2024,11,1
68397,SANTANDER,LA PAZ,2025,2,1
68406,SANTANDER,LEBRIJA,2023,5,2
68406,SANTANDER,LEBRIJA,2023,8,1
68406,SANTANDER,LEBRIJA,2023,10,1
68406,SANTANDER,LEBRIJA,2023,11,2
68406,SANTANDER,LEBRIJA,2023,12,2
68406,SANTANDER,LEBRIJA,2024,1,1
68406,SANTANDER,LEBRIJA,2024,2,1
68406,SANTANDER,LEBRIJA,2024,5,2
68406,SANTANDER,LEBRIJA,2024,6,1
68406,SANTANDER,LEBRIJA,2025,2,1
68406,SANTANDER,LEBRIJA,2025,3,2
68406,SANTANDER,LEBRIJA,2025,6,2
68406,SANTANDER,LEBRIJA,2025,7,1
68406,SANTANDER,LEBRIJA,2025,8,1
68406,SANTANDER,LEBRIJA,2025,9,1
68406,SANTANDER,LEBRIJA,2025,11,1
68406,SANTANDER,LEBRIJA,2025,12,2
68418,SANTANDER,LOS SANTOS,2023,3,1
68418,SANTANDER,LOS SANTOS,2024,11,2
68418,SANTANDER,LOS SANTOS,2025,5,1
68432,SANTANDER,MALAGA,2024,8,1
68432,SANTANDER,MALAGA,2024,11,2
68432,SANTANDER,MALAGA,2025,6,2
68432,SANTANDER,MALAGA,2025,10,1
68464,SANTANDER,MOGOTES,2024,3,2
68464,SANTANDER,MOGOTES,2024,12,1
68498,SANTANDER,OCAMONTE,2024,9,1
68500,SANTANDER,OIBA,2024,1,1
68500,SANTANDER,OIBA,2024,7,1
68502,SANTANDER,ONZAGA,2025,10,1
68547,SANTANDER,PIEDECUESTA,2023,1,1
68547,SANTANDER,PIEDECUESTA,2023,5,1
68547,SANTANDER,PIEDECUESTA,2023,6,2
68547,SANTANDER,PIEDECUESTA,2023,7,1
68547,SANTANDER,PIEDECUESTA,2023,9,2
68547,SANTANDER,PIEDECUESTA,2023,11,2
68547,SANTANDER,PIEDECUESTA,2024,1,1
68547,SANTANDER,PIEDECUESTA,2024,3,1
68547,SANTANDER,PIEDECUESTA,2024,4,1
68547,SANTANDER,PIEDECUESTA,2024,6,4
68547,SANTANDER,PIEDECUESTA,2024,7,1
68547,SANTANDER,PIEDECUESTA,2024,8,4
68547,SANTANDER,PIEDECUESTA,2024,9,4
68547,SANTANDER,PIEDECUESTA,2024,11,2
68547,SANTANDER,PIEDECUESTA,2024,12,2
68547,SANTANDER,PIEDECUESTA,2025,1,1
68547,SANTANDER,PIEDECUESTA,2025,3,4
68547,SANTANDER,PIEDECUESTA,2025,4,3
68547,SANTANDER,PIEDECUESTA,2025,5,3
68547,SANTANDER,PIEDECUESTA,2025,6,2
68547,SANTANDER,PIEDECUESTA,2025,7,7
68547,SANTANDER,PIEDECUESTA,2025,8,5
68547,SANTANDER,PIEDECUESTA,2025,9,1
68547,SANTANDER,PIEDECUESTA,2025,10,4
68547,SANTANDER,PIEDECUESTA,2025,11,2
68549,SANTANDER,PINCHOTE,2025,6,1
68572,SANTANDER,PUENTE NACIONAL,2024,12,1
68572,SANTANDER,PUENTE NACIONAL,2025,11,1
68573,SANTANDER,PUERTO PARRA,2024,1,1
68573,SANTANDER,PUERTO PARRA,2025,3,1
68573,SANTANDER,PUERTO PARRA,2025,7,1
68573,SANTANDER,PUERTO PARRA,2025,9,2
68573,SANTANDER,PUERTO PARRA,2025,12,1
68575,SANTANDER,PUERTO WILCHES,2023,3,1
68575,SANTANDER,PUERTO WILCHES,2023,7,1
68575,SANTANDER,PUERTO WILCHES,2023,8,1
68575,SANTANDER,PUERTO WILCHES,2023,10,2
68575,SANTANDER,PUERTO WILCHES,2023,11,2
68575,SANTANDER,PUERTO WILCHES,2023,12,3
68575,SANTANDER,PUERTO WILCHES,2024,3,1
68575,SANTANDER,PUERTO WILCHES,2024,4,2
68575,SANTANDER,PUERTO WILCHES,2024,5,1
68575,SANTANDER,PUERTO WILCHES,2024,8,2
68575,SANTANDER,PUERTO WILCHES,2024,10,1
68575,SANTANDER,PUERTO WILCHES,2025,1,1
68575,SANTANDER,PUERTO WILCHES,2025,2,1
68575,SANTANDER,PUERTO WILCHES,2025,6,1
68575,SANTANDER,PUERTO WILCHES,2025,7,1
68575,SANTANDER,PUERTO WILCHES,2025,8,1
68575,SANTANDER,PUERTO WILCHES,2025,10,2
68575,SANTANDER,PUERTO WILCHES,2025,11,2
68575,SANTANDER,PUERTO WILCHES,2025,12,1
68615,SANTANDER,RIONEGRO,2023,2,2
68615,SANTANDER,RIONEGRO,2023,7,1
68615,SANTANDER,RIONEGRO,2023,8,2
68615,SANTANDER,RIONEGRO,2023,11,1
68615,SANTANDER,RIONEGRO,2024,1,1
68615,SANTANDER,RIONEGRO,2024,5,1
68615,SANTANDER,RIONEGRO,2024,7,1
68615,SANTANDER,RIONEGRO,2024,10,1
68615,SANTANDER,RIONEGRO,2024,12,1
68615,SANTANDER,RIONEGRO,2025,5,1
68615,SANTANDER,RIONEGRO,2025,9,2
68615,SANTANDER,RIONEGRO,2025,11,2
68615,SANTANDER,RIONEGRO,2025,12,1
68655,SANTANDER,SABANA DE TORRES,2023,9,1
68655,SANTANDER,SABANA DE TORRES,2023,11,1
68655,SANTANDER,SABANA DE TORRES,2023,12,1
68655,SANTANDER,SABANA DE TORRES,2024,2,1
68655,SANTANDER,SABANA DE TORRES,2024,4,1
68655,SANTANDER,SABANA DE TORRES,2024,5,1
68655,SANTANDER,SABANA DE TORRES,2024,10,1
68655,SANTANDER,SABANA DE TORRES,2024,11,3
68655,SANTANDER,SABANA DE TORRES,2024,12,2
68655,SANTANDER,SABANA DE TORRES,2025,2,1
68655,SANTANDER,SABANA DE TORRES,2025,5,2
68655,SANTANDER,SABANA DE TORRES,2025,7,1
68655,SANTANDER,SABANA DE TORRES,2025,8,2
68655,SANTANDER,SABANA DE TORRES,2025,10,1
68655,SANTANDER,SABANA DE TORRES,2025,11,1
68655,SANTANDER,SABANA DE TORRES,2025,12,1
68679,SANTANDER,SAN GIL,2024,5,1
68679,SANTANDER,SAN GIL,2024,9,1
68679,SANTANDER,SAN GIL,2024,10,3
68679,SANTANDER,SAN GIL,2024,11,1
68679,SANTANDER,SAN GIL,2025,1,1
68679,SANTANDER,SAN GIL,2025,4,1
68679,SANTANDER,SAN GIL,2025,5,1
68679,SANTANDER,SAN GIL,2025,7,1
68679,SANTANDER,SAN GIL,2025,9,2
68679,SANTANDER,SAN GIL,2025,10,2
68679,SANTANDER,SAN GIL,2025,11,1
68684,SANTANDER,SAN JOSE DE MIRANDA,2025,10,1
68689,SANTANDER,SAN VICENTE DE CHUCURI,2023,6,1
68689,SANTANDER,SAN VICENTE DE CHUCURI,2023,8,1
68689,SANTANDER,SAN VICENTE DE CHUCURI,2023,11,1
68689,SANTANDER,SAN VICENTE DE CHUCURI,2023,12,1
68689,SANTANDER,SAN VICENTE DE CHUCURI,2024,4,1
68689,SANTANDER,SAN VICENTE DE CHUCURI,2024,5,2
68689,SANTANDER,SAN VICENTE DE CHUCURI,2024,11,1
68689,SANTANDER,SAN VICENTE DE CHUCURI,2024,12,1
68689,SANTANDER,SAN VICENTE DE CHUCURI,2025,8,1
68689,SANTANDER,SAN VICENTE DE CHUCURI,2025,9,2
68689,SANTANDER,SAN VICENTE DE CHUCURI,2025,10,1
68745,SANTANDER,SIMACOTA,2023,1,1
68745,SANTANDER,SIMACOTA,2023,3,1
68745,SANTANDER,SIMACOTA,2024,8,1
68745,SANTANDER,SIMACOTA,2024,9,1
68745,SANTANDER,SIMACOTA,2024,12,1
68745,SANTANDER,SIMACOTA,2025,2,1
68755,SANTANDER,SOCORRO,2023,6,1
68755,SANTANDER,SOCORRO,2023,8,1
68755,SANTANDER,SOCORRO,2023,9,1
68755,SANTANDER,SOCORRO,2023,10,1
68755,SANTANDER,SOCORRO,2024,11,1
68755,SANTANDER,SOCORRO,2025,4,1
68755,SANTANDER,SOCORRO,2025,10,1
68770,SANTANDER,SUAITA,2023,1,1
68770,SANTANDER,SUAITA,2023,6,1
68773,SANTANDER,SUCRE,2025,8,1
68780,SANTANDER,SURATA,2023,1,1
68780,SANTANDER,SURATA,2023,10,1
68780,SANTANDER,SURATA,2024,2,1
68820,SANTANDER,TONA,2023,11,1
68820,SANTANDER,TONA,2025,8,1
68861,SANTANDER,VELEZ,2023,3,1
68861,SANTANDER,VELEZ,2024,11,1
68861,SANTANDER,VELEZ,2025,5,1
68861,SANTANDER,VELEZ,2025,9,2
68867,SANTANDER,VETAS,2025,2,1
68872,SANTANDER,VILLANUEVA,2023,12,1
70001,SUCRE,SINCELEJO,2023,1,5
70001,SUCRE,SINCELEJO,2023,2,5
70001,SUCRE,SINCELEJO,2023,3,3
70001,SUCRE,SINCELEJO,2023,4,5
70001,SUCRE,SINCELEJO,2023,5,5
70001,SUCRE,SINCELEJO,2023,6,4
70001,SUCRE,SINCELEJO,2023,7,4
70001,SUCRE,SINCELEJO,2023,8,5
70001,SUCRE,SINCELEJO,2023,9,4
70001,SUCRE,SINCELEJO,2023,10,5
70001,SUCRE,SINCELEJO,2023,11,4
70001,SUCRE,SINCELEJO,2023,12,2
70001,SUCRE,SINCELEJO,2024,1,6
70001,SUCRE,SINCELEJO,2024,2,6
70001,SUCRE,SINCELEJO,2024,3,2
70001,SUCRE,SINCELEJO,2024,4,4
70001,SUCRE,SINCELEJO,2024,5,2
70001,SUCRE,SINCELEJO,2024,6,4
70001,SUCRE,SINCELEJO,2024,7,6
70001,SUCRE,SINCELEJO,2024,8,7
70001,SUCRE,SINCELEJO,2024,9,9
70001,SUCRE,SINCELEJO,2024,10,10
70001,SUCRE,SINCELEJO,2024,11,5
70001,SUCRE,SINCELEJO,2024,12,10
70001,SUCRE,SINCELEJO,2025,1,16
70001,SUCRE,SINCELEJO,2025,2,9
70001,SUCRE,SINCELEJO,2025,3,11
70001,SUCRE,SINCELEJO,2025,4,10
70001,SUCRE,SINCELEJO,2025,5,4
70001,SUCRE,SINCELEJO,2025,6,6
70001,SUCRE,SINCELEJO,2025,7,3
70001,SUCRE,SINCELEJO,2025,8,5
70001,SUCRE,SINCELEJO,2025,9,7
70001,SUCRE,SINCELEJO,2025,10,9
70001,SUCRE,SINCELEJO,2025,11,8
70001,SUCRE,SINCELEJO,2025,12,9
70110,SUCRE,BUENAVISTA,2024,6,1
70110,SUCRE,BUENAVISTA,2025,1,1
70110,SUCRE,BUENAVISTA,2025,8,1
70124,SUCRE,CAIMITO,2023,9,1
70124,SUCRE,CAIMITO,2024,12,1
70124,SUCRE,CAIMITO,2025,7,1
70204,SUCRE,COLOSO,2023,8,1
70204,SUCRE,COLOSO,2024,2,1
70204,SUCRE,COLOSO,2024,4,1
70204,SUCRE,COLOSO,2024,5,1
70204,SUCRE,COLOSO,2024,9,2
70204,SUCRE,COLOSO,2025,10,1
70215,SUCRE,COROZAL,2023,1,1
70215,SUCRE,COROZAL,2023,4,1
70215,SUCRE,COROZAL,2023,11,3
70215,SUCRE,COROZAL,2023,12,1
70215,SUCRE,COROZAL,2024,1,1
70215,SUCRE,COROZAL,2024,3,6
70215,SUCRE,COROZAL,2024,4,1
70215,SUCRE,COROZAL,2024,5,1
70215,SUCRE,COROZAL,2024,6,1
70215,SUCRE,COROZAL,2024,8,1
70215,SUCRE,COROZAL,2024,9,3
70215,SUCRE,COROZAL,2024,12,2
70215,SUCRE,COROZAL,2025,2,1
70215,SUCRE,COROZAL,2025,4,2
70215,SUCRE,COROZAL,2025,5,1
70215,SUCRE,COROZAL,2025,6,2
70215,SUCRE,COROZAL,2025,8,3
70215,SUCRE,COROZAL,2025,11,2
70215,SUCRE,COROZAL,2025,12,2
70221,SUCRE,COVEÑAS,2023,1,1
70221,SUCRE,COVEÑAS,2023,11,1
70221,SUCRE,COVEÑAS,2024,5,1
70221,SUCRE,COVEÑAS,2024,9,1
70221,SUCRE,COVEÑAS,2024,10,2
70221,SUCRE,COVEÑAS,2024,11,4
70221,SUCRE,COVEÑAS,2025,4,1
70221,SUCRE,COVEÑAS,2025,5,2
70221,SUCRE,COVEÑAS,2025,6,1
70221,SUCRE,COVEÑAS,2025,7,1
70221,SUCRE,COVEÑAS,2025,10,1
70221,SUCRE,COVEÑAS,2025,11,3
70230,SUCRE,CHALAN,2024,7,1
70230,SUCRE,CHALAN,2024,8,1
70233,SUCRE,EL ROBLE,2024,7,1
70233,SUCRE,EL ROBLE,2025,2,1
70233,SUCRE,EL ROBLE,2025,11,1
70233,SUCRE,EL ROBLE,2025,12,1
70235,SUCRE,GALERAS,2023,6,1
70265,SUCRE,GUARANDA,2023,3,1
70265,SUCRE,GUARANDA,2025,7,1
70265,SUCRE,GUARANDA,2025,8,1
70265,SUCRE,GUARANDA,2025,12,1
70400,SUCRE,LA UNION,2023,3,1
70400,SUCRE,LA UNION,2024,7,1
70400,SUCRE,LA UNION,2025,4,2
70400,SUCRE,LA UNION,2025,7,1
70400,SUCRE,LA UNION,2025,11,1
70418,SUCRE,LOS PALMITOS,2023,2,1
70418,SUCRE,LOS PALMITOS,2023,3,1
70418,SUCRE,LOS PALMITOS,2023,5,1
70418,SUCRE,LOS PALMITOS,2024,7,2
70418,SUCRE,LOS PALMITOS,2025,9,1
70418,SUCRE,LOS PALMITOS,2025,12,1
70429,SUCRE,MAJAGUAL,2023,1,1
70429,SUCRE,MAJAGUAL,2023,6,1
70429,SUCRE,MAJAGUAL,2023,10,1
70429,SUCRE,MAJAGUAL,2024,1,1
70429,SUCRE,MAJAGUAL,2024,9,1
70429,SUCRE,MAJAGUAL,2024,10,1
70429,SUCRE,MAJAGUAL,2025,1,1
70429,SUCRE,MAJAGUAL,2025,2,1
70429,SUCRE,MAJAGUAL,2025,9,1
70429,SUCRE,MAJAGUAL,2025,10,3
70473,SUCRE,MORROA,2024,1,2
70473,SUCRE,MORROA,2024,4,1
70473,SUCRE,MORROA,2024,12,1
70473,SUCRE,MORROA,2025,2,1
70473,SUCRE,MORROA,2025,3,2
70508,SUCRE,OVEJAS,2023,3,1
70508,SUCRE,OVEJAS,2023,7,1
70508,SUCRE,OVEJAS,2024,7,3
70508,SUCRE,OVEJAS,2024,8,2
70508,SUCRE,OVEJAS,2024,11,1
70508,SUCRE,OVEJAS,2025,2,2
70508,SUCRE,OVEJAS,2025,3,1
70508,SUCRE,OVEJAS,2025,6,1
70508,SUCRE,OVEJAS,2025,8,2
70508,SUCRE,OVEJAS,2025,9,1
70508,SUCRE,OVEJAS,2025,11,1
70508,SUCRE,OVEJAS,2025,12,1
70523,SUCRE,PALMITO,2023,7,1
70523,SUCRE,PALMITO,2024,2,1
70523,SUCRE,PALMITO,2024,5,2
70523,SUCRE,PALMITO,2024,7,2
70523,SUCRE,PALMITO,2024,10,1
70523,SUCRE,PALMITO,2025,1,1
70523,SUCRE,PALMITO,2025,3,1
70670,SUCRE,SAMPUES,2024,2,1
70670,SUCRE,SAMPUES,2024,3,1
70670,SUCRE,SAMPUES,2024,6,1
70670,SUCRE,SAMPUES,2024,7,1
70670,SUCRE,SAMPUES,2024,12,1
70670,SUCRE,SAMPUES,2025,1,1
70670,SUCRE,SAMPUES,2025,8,2
70670,SUCRE,SAMPUES,2025,9,1
70670,SUCRE,SAMPUES,2025,10,2
70670,SUCRE,SAMPUES,2025,11,1
70670,SUCRE,SAMPUES,2025,12,1
70678,SUCRE,SAN BENITO ABAD,2023,1,1
70678,SUCRE,SAN BENITO ABAD,2024,10,1
70678,SUCRE,SAN BENITO ABAD,2024,12,1
70678,SUCRE,SAN BENITO ABAD,2025,2,1
70678,SUCRE,SAN BENITO ABAD,2025,3,1
70678,SUCRE,SAN BENITO ABAD,2025,11,1
70678,SUCRE,SAN BENITO ABAD,2025,12,1
70702,SUCRE,SAN JUAN DE BETULIA,2024,6,1
70702,SUCRE,SAN JUAN DE BETULIA,2024,7,2
70702,SUCRE,SAN JUAN DE BETULIA,2024,10,1
70708,SUCRE,SAN MARCOS,2023,1,1
70708,SUCRE,SAN MARCOS,2023,3,1
70708,SUCRE,SAN MARCOS,2024,1,1
70708,SUCRE,SAN MARCOS,2024,6,1
70708,SUCRE,SAN MARCOS,2024,10,2
70708,SUCRE,SAN MARCOS,2024,11,1
70708,SUCRE,SAN MARCOS,2024,12,1
70708,SUCRE,SAN MARCOS,2025,4,1
70708,SUCRE,SAN MARCOS,2025,6,1
70708,SUCRE,SAN MARCOS,2025,8,1
70708,SUCRE,SAN MARCOS,2025,11,1
70713,SUCRE,SAN ONOFRE,2023,3,1
70713,SUCRE,SAN ONOFRE,2023,5,1
70713,SUCRE,SAN ONOFRE,2023,8,2
70713,SUCRE,SAN ONOFRE,2023,11,1
70713,SUCRE,SAN ONOFRE,2024,5,1
70713,SUCRE,SAN ONOFRE,2024,7,1
70713,SUCRE,SAN ONOFRE,2024,8,1
70713,SUCRE,SAN ONOFRE,2024,9,1
70713,SUCRE,SAN ONOFRE,2024,10,1
70713,SUCRE,SAN ONOFRE,2025,3,1
70713,SUCRE,SAN ONOFRE,2025,5,1
70717,SUCRE,SAN PEDRO,2023,3,1
70717,SUCRE,SAN PEDRO,2023,6,1
70717,SUCRE,SAN PEDRO,2024,3,1
70717,SUCRE,SAN PEDRO,2024,7,2
70717,SUCRE,SAN PEDRO,2024,8,1
70717,SUCRE,SAN PEDRO,2024,11,1
70717,SUCRE,SAN PEDRO,2025,1,2
70717,SUCRE,SAN PEDRO,2025,2,2
70717,SUCRE,SAN PEDRO,2025,3,2
70717,SUCRE,SAN PEDRO,2025,4,1
70717,SUCRE,SAN PEDRO,2025,6,1
70717,SUCRE,SAN PEDRO,2025,11,1
70742,SUCRE,SAN LUIS DE SINCE,2023,1,1
70742,SUCRE,SAN LUIS DE SINCE,2023,5,1
70742,SUCRE,SAN LUIS DE SINCE,2023,11,1
70742,SUCRE,SAN LUIS DE SINCE,2024,5,1
70742,SUCRE,SAN LUIS DE SINCE,2024,6,1
70742,SUCRE,SAN LUIS DE SINCE,2024,7,1
70742,SUCRE,SAN LUIS DE SINCE,2024,8,1
70742,SUCRE,SAN LUIS DE SINCE,2024,9,1
70742,SUCRE,SAN LUIS DE SINCE,2025,1,2
70742,SUCRE,SAN LUIS DE SINCE,2025,2,2
70742,SUCRE,SAN LUIS DE SINCE,2025,5,2
70742,SUCRE,SAN LUIS DE SINCE,2025,7,1
70742,SUCRE,SAN LUIS DE SINCE,2025,8,1
70742,SUCRE,SAN LUIS DE SINCE,2025,10,2
70742,SUCRE,SAN LUIS DE SINCE,2025,11,1
70742,SUCRE,SAN LUIS DE SINCE,2025,12,2
70771,SUCRE,SUCRE,2024,1,1
70771,SUCRE,SUCRE,2024,12,1
70771,SUCRE,SUCRE,2025,5,1
70771,SUCRE,SUCRE,2025,9,1
70771,SUCRE,SUCRE,2025,11,1
70771,SUCRE,SUCRE,2025,12,1
70820,SUCRE,SANTIAGO DE TOLU,2023,8,1
70820,SUCRE,SANTIAGO DE TOLU,2023,11,1
70820,SUCRE,SANTIAGO DE TOLU,2024,5,1
70820,SUCRE,SANTIAGO DE TOLU,2024,10,1
70820,SUCRE,SANTIAGO DE TOLU,2025,1,1
70820,SUCRE,SANTIAGO DE TOLU,2025,4,1
70820,SUCRE,SANTIAGO DE TOLU,2025,6,1
70820,SUCRE,SANTIAGO DE TOLU,2025,8,1
70820,SUCRE,SANTIAGO DE TOLU,2025,11,1
70820,SUCRE,SANTIAGO DE TOLU,2025,12,1
70823,SUCRE,SAN JOSE DE TOLUVIEJO,2023,1,1
70823,SUCRE,SAN JOSE DE TOLUVIEJO,2023,12,2
70823,SUCRE,SAN JOSE DE TOLUVIEJO,2024,2,1
70823,SUCRE,SAN JOSE DE TOLUVIEJO,2024,5,1
70823,SUCRE,SAN JOSE DE TOLUVIEJO,2024,9,2
70823,SUCRE,SAN JOSE DE TOLUVIEJO,2024,10,1
70823,SUCRE,SAN JOSE DE TOLUVIEJO,2024,11,1
70823,SUCRE,SAN JOSE DE TOLUVIEJO,2025,3,1
70823,SUCRE,SAN JOSE DE TOLUVIEJO,2025,5,1
70823,SUCRE,SAN JOSE DE TOLUVIEJO,2025,7,1
73001,TOLIMA,IBAGUE,2023,1,12
73001,TOLIMA,IBAGUE,2023,2,7
73001,TOLIMA,IBAGUE,2023,3,9
73001,TOLIMA,IBAGUE,2023,4,5
73001,TOLIMA,IBAGUE,2023,5,16
73001,TOLIMA,IBAGUE,2023,6,3
73001,TOLIMA,IBAGUE,2023,7,15
73001,TOLIMA,IBAGUE,2023,8,11
73001,TOLIMA,IBAGUE,2023,9,8
73001,TOLIMA,IBAGUE,2023,10,9
73001,TOLIMA,IBAGUE,2023,11,12
73001,TOLIMA,IBAGUE,2023,12,11
73001,TOLIMA,IBAGUE,2024,1,7
73001,TOLIMA,IBAGUE,2024,2,13
73001,TOLIMA,IBAGUE,2024,3,9
73001,TOLIMA,IBAGUE,2024,4,15
73001,TOLIMA,IBAGUE,2024,5,16
73001,TOLIMA,IBAGUE,2024,6,23
73001,TOLIMA,IBAGUE,2024,7,17
73001,TOLIMA,IBAGUE,2024,8,30
73001,TOLIMA,IBAGUE,2024,9,22
73001,TOLIMA,IBAGUE,2024,10,26
73001,TOLIMA,IBAGUE,2024,11,24
73001,TOLIMA,IBAGUE,2024,12,20
73001,TOLIMA,IBAGUE,2025,1,13
73001,TOLIMA,IBAGUE,2025,2,19
73001,TOLIMA,IBAGUE,2025,3,12
73001,TOLIMA,IBAGUE,2025,4,6
73001,TOLIMA,IBAGUE,2025,5,11
73001,TOLIMA,IBAGUE,2025,6,10
73001,TOLIMA,IBAGUE,2025,7,7
73001,TOLIMA,IBAGUE,2025,8,15
73001,TOLIMA,IBAGUE,2025,9,15
73001,TOLIMA,IBAGUE,2025,10,27
73001,TOLIMA,IBAGUE,2025,11,13
73001,TOLIMA,IBAGUE,2025,12,17
73024,TOLIMA,ALPUJARRA,2023,5,1
73024,TOLIMA,ALPUJARRA,2024,3,1
73026,TOLIMA,ALVARADO,2023,7,1
73026,TOLIMA,ALVARADO,2023,8,1
73026,TOLIMA,ALVARADO,2023,11,1
73026,TOLIMA,ALVARADO,2024,8,1
73026,TOLIMA,ALVARADO,2024,9,2
73026,TOLIMA,ALVARADO,2024,10,1
73026,TOLIMA,ALVARADO,2024,11,1
73030,TOLIMA,AMBALEMA,2023,1,1
73030,TOLIMA,AMBALEMA,2024,9,1
73030,TOLIMA,AMBALEMA,2024,10,1
73030,TOLIMA,AMBALEMA,2025,7,1
73030,TOLIMA,AMBALEMA,2025,8,1
73030,TOLIMA,AMBALEMA,2025,11,1
73043,TOLIMA,ANZOATEGUI,2023,6,1
73043,TOLIMA,ANZOATEGUI,2023,10,1
73043,TOLIMA,ANZOATEGUI,2024,5,1
73043,TOLIMA,ANZOATEGUI,2024,10,1
73043,TOLIMA,ANZOATEGUI,2024,11,2
73055,TOLIMA,ARMERO,2023,9,1
73055,TOLIMA,ARMERO,2024,10,3
73055,TOLIMA,ARMERO,2025,4,1
73055,TOLIMA,ARMERO,2025,11,1
73067,TOLIMA,ATACO,2023,3,1
73067,TOLIMA,ATACO,2023,9,1
73067,TOLIMA,ATACO,2023,10,1
73067,TOLIMA,ATACO,2024,3,1
73067,TOLIMA,ATACO,2024,12,1
73067,TOLIMA,ATACO,2025,10,1
73124,TOLIMA,CAJAMARCA,2023,7,1
73124,TOLIMA,CAJAMARCA,2024,1,1
73124,TOLIMA,CAJAMARCA,2024,2,1
73124,TOLIMA,CAJAMARCA,2024,3,1
73124,TOLIMA,CAJAMARCA,2024,6,3
73124,TOLIMA,CAJAMARCA,2024,7,1
73124,TOLIMA,CAJAMARCA,2024,11,1
73124,TOLIMA,CAJAMARCA,2025,2,1
73124,TOLIMA,CAJAMARCA,2025,5,2
73124,TOLIMA,CAJAMARCA,2025,6,1
73124,TOLIMA,CAJAMARCA,2025,9,1
73124,TOLIMA,CAJAMARCA,2025,10,3
73124,TOLIMA,CAJAMARCA,2025,11,1
73148,TOLIMA,CARMEN DE APICALA,2023,5,2
73148,TOLIMA,CARMEN DE APICALA,2023,8,1
73148,TOLIMA,CARMEN DE APICALA,2023,12,1
73148,TOLIMA,CARMEN DE APICALA,2024,1,1
73148,TOLIMA,CARMEN DE APICALA,2024,6,1
73148,TOLIMA,CARMEN DE APICALA,2025,3,1
73148,TOLIMA,CARMEN DE APICALA,2025,12,1
73152,TOLIMA,CASABIANCA,2024,10,1
73152,TOLIMA,CASABIANCA,2025,1,1
73168,TOLIMA,CHAPARRAL,2023,1,4
73168,TOLIMA,CHAPARRAL,2023,2,3
73168,TOLIMA,CHAPARRAL,2023,3,1
73168,TOLIMA,CHAPARRAL,2023,5,1
73168,TOLIMA,CHAPARRAL,2023,6,1
73168,TOLIMA,CHAPARRAL,2023,8,3
73168,TOLIMA,CHAPARRAL,2023,9,3
73168,TOLIMA,CHAPARRAL,2023,10,3
73168,TOLIMA,CHAPARRAL,2023,11,2
73168,TOLIMA,CHAPARRAL,2023,12,2
73168,TOLIMA,CHAPARRAL,2024,1,1
73168,TOLIMA,CHAPARRAL,2024,2,6
73168,TOLIMA,CHAPARRAL,2024,3,2
73168,TOLIMA,CHAPARRAL,2024,4,4
73168,TOLIMA,CHAPARRAL,2024,5,3
73168,TOLIMA,CHAPARRAL,2024,6,5
73168,TOLIMA,CHAPARRAL,2024,7,2
73168,TOLIMA,CHAPARRAL,2024,8,1
73168,TOLIMA,CHAPARRAL,2024,9,1
73168,TOLIMA,CHAPARRAL,2024,10,4
73168,TOLIMA,CHAPARRAL,2024,11,5
73168,TOLIMA,CHAPARRAL,2024,12,1
73168,TOLIMA,CHAPARRAL,2025,1,1
73168,TOLIMA,CHAPARRAL,2025,2,1
73168,TOLIMA,CHAPARRAL,2025,3,2
73168,TOLIMA,CHAPARRAL,2025,5,1
73168,TOLIMA,CHAPARRAL,2025,7,1
73168,TOLIMA,CHAPARRAL,2025,9,2
73168,TOLIMA,CHAPARRAL,2025,10,1
73168,TOLIMA,CHAPARRAL,2025,11,2
73168,TOLIMA,CHAPARRAL,2025,12,1
73200,TOLIMA,COELLO,2024,6,1
73200,TOLIMA,COELLO,2025,2,1
73217,TOLIMA,COYAIMA,2023,2,1
73217,TOLIMA,COYAIMA,2023,11,1
73217,TOLIMA,COYAIMA,2023,12,2
73217,TOLIMA,COYAIMA,2024,5,1
73217,TOLIMA,COYAIMA,2024,7,1
73217,TOLIMA,COYAIMA,2025,11,2
73226,TOLIMA,CUNDAY,2023,10,1
73226,TOLIMA,CUNDAY,2023,12,1
73226,TOLIMA,CUNDAY,2024,1,1
73226,TOLIMA,CUNDAY,2025,8,1
73236,TOLIMA,DOLORES,2024,3,1
73236,TOLIMA,DOLORES,2024,6,2
73236,TOLIMA,DOLORES,2025,11,1
73268,TOLIMA,ESPINAL,2023,2,1
73268,TOLIMA,ESPINAL,2023,3,1
73268,TOLIMA,ESPINAL,2023,5,2
73268,TOLIMA,ESPINAL,2023,6,1
73268,TOLIMA,ESPINAL,2023,7,1
73268,TOLIMA,ESPINAL,2023,8,2
73268,TOLIMA,ESPINAL,2023,9,3
73268,TOLIMA,ESPINAL,2023,10,4
73268,TOLIMA,ESPINAL,2023,11,3
73268,TOLIMA,ESPINAL,2023,12,4
73268,TOLIMA,ESPINAL,2024,1,1
73268,TOLIMA,ESPINAL,2024,2,3
73268,TOLIMA,ESPINAL,2024,3,1
73268,TOLIMA,ESPINAL,2024,5,3
73268,TOLIMA,ESPINAL,2024,6,2
73268,TOLIMA,ESPINAL,2024,8,3
73268,TOLIMA,ESPINAL,2024,9,2
73268,TOLIMA,ESPINAL,2024,10,3
73268,TOLIMA,ESPINAL,2024,11,3
73268,TOLIMA,ESPINAL,2025,1,1
73268,TOLIMA,ESPINAL,2025,2,2
73268,TOLIMA,ESPINAL,2025,3,2
73268,TOLIMA,ESPINAL,2025,4,2
73268,TOLIMA,ESPINAL,2025,5,1
73268,TOLIMA,ESPINAL,2025,6,2
73268,TOLIMA,ESPINAL,2025,7,2
73268,TOLIMA,ESPINAL,2025,8,4
73268,TOLIMA,ESPINAL,2025,10,1
73268,TOLIMA,ESPINAL,2025,11,8
73268,TOLIMA,ESPINAL,2025,12,3
73270,TOLIMA,FALAN,2023,12,1
73270,TOLIMA,FALAN,2024,1,1
73270,TOLIMA,FALAN,2024,6,1
73270,TOLIMA,FALAN,2024,10,1
73270,TOLIMA,FALAN,2025,9,1
73270,TOLIMA,FALAN,2025,11,1
73275,TOLIMA,FLANDES,2023,7,1
73275,TOLIMA,FLANDES,2023,11,1
73275,TOLIMA,FLANDES,2024,1,1
73275,TOLIMA,FLANDES,2024,3,1
73275,TOLIMA,FLANDES,2024,10,2
73275,TOLIMA,FLANDES,2025,12,1
73283,TOLIMA,FRESNO,2023,5,2
73283,TOLIMA,FRESNO,2023,8,1
73283,TOLIMA,FRESNO,2023,9,1
73283,TOLIMA,FRESNO,2023,12,1
73283,TOLIMA,FRESNO,2024,2,1
73283,TOLIMA,FRESNO,2025,4,2
73283,TOLIMA,FRESNO,2025,7,1
73319,TOLIMA,GUAMO,2023,4,1
73319,TOLIMA,GUAMO,2023,7,1
73319,TOLIMA,GUAMO,2023,9,1
73319,TOLIMA,GUAMO,2023,10,1
73319,TOLIMA,GUAMO,2023,11,3
73319,TOLIMA,GUAMO,2023,12,1
73319,TOLIMA,GUAMO,2024,3,1
73319,TOLIMA,GUAMO,2024,6,2
73319,TOLIMA,GUAMO,2024,7,1
73319,TOLIMA,GUAMO,2024,9,1
73319,TOLIMA,GUAMO,2024,10,5
73319,TOLIMA,GUAMO,2024,11,3
73319,TOLIMA,GUAMO,2024,12,1
73319,TOLIMA,GUAMO,2025,1,1
73319,TOLIMA,GUAMO,2025,2,1
73319,TOLIMA,GUAMO,2025,4,1
73319,TOLIMA,GUAMO,2025,7,1
73319,TOLIMA,GUAMO,2025,9,2
73319,TOLIMA,GUAMO,2025,10,1
73319,TOLIMA,GUAMO,2025,11,1
73319,TOLIMA,GUAMO,2025,12,2
73347,TOLIMA,HERVEO,2023,7,1
73347,TOLIMA,HERVEO,2025,12,1
73349,TOLIMA,HONDA,2023,1,1
73349,TOLIMA,HONDA,2023,2,1
73349,TOLIMA,HONDA,2023,4,2
73349,TOLIMA,HONDA,2023,7,1
73349,TOLIMA,HONDA,2023,8,1
73349,TOLIMA,HONDA,2023,9,2
73349,TOLIMA,HONDA,2023,11,1
73349,TOLIMA,HONDA,2024,1,1
73349,TOLIMA,HONDA,2024,2,1
73349,TOLIMA,HONDA,2024,3,2
73349,TOLIMA,HONDA,2024,5,1
73349,TOLIMA,HONDA,2024,8,2
73349,TOLIMA,HONDA,2024,9,1
73349,TOLIMA,HONDA,2024,10,1
73349,TOLIMA,HONDA,2024,11,1
73349,TOLIMA,HONDA,2024,12,2
73349,TOLIMA,HONDA,2025,1,1
73349,TOLIMA,HONDA,2025,4,1
73349,TOLIMA,HONDA,2025,10,2
73349,TOLIMA,HONDA,2025,11,3
73349,TOLIMA,HONDA,2025,12,1
73352,TOLIMA,ICONONZO,2023,4,1
73352,TOLIMA,ICONONZO,2024,2,1
73352,TOLIMA,ICONONZO,2024,8,1
73352,TOLIMA,ICONONZO,2024,9,1
73352,TOLIMA,ICONONZO,2025,3,1
73352,TOLIMA,ICONONZO,2025,4,1
73352,TOLIMA,ICONONZO,2025,9,2
73352,TOLIMA,ICONONZO,2025,12,2
73408,TOLIMA,LERIDA,2023,3,1
73408,TOLIMA,LERIDA,2023,7,2
73408,TOLIMA,LERIDA,2023,10,2
73408,TOLIMA,LERIDA,2023,12,1
73408,TOLIMA,LERIDA,2024,3,1
73408,TOLIMA,LERIDA,2024,4,1
73408,TOLIMA,LERIDA,2024,6,1
73408,TOLIMA,LERIDA,2024,11,2
73408,TOLIMA,LERIDA,2024,12,1
73408,TOLIMA,LERIDA,2025,1,1
73408,TOLIMA,LERIDA,2025,4,1
73408,TOLIMA,LERIDA,2025,7,1
73408,TOLIMA,LERIDA,2025,8,1
73411,TOLIMA,LIBANO,2023,1,1
73411,TOLIMA,LIBANO,2023,2,1
73411,TOLIMA,LIBANO,2023,8,1
73411,TOLIMA,LIBANO,2023,10,1
73411,TOLIMA,LIBANO,2023,11,2
73411,TOLIMA,LIBANO,2024,1,1
73411,TOLIMA,LIBANO,2024,3,1
73411,TOLIMA,LIBANO,2024,5,1
73411,TOLIMA,LIBANO,2024,6,1
73411,TOLIMA,LIBANO,2024,9,4
73411,TOLIMA,LIBANO,2024,10,2
73411,TOLIMA,LIBANO,2024,11,3
73411,TOLIMA,LIBANO,2024,12,1
73411,TOLIMA,LIBANO,2025,2,1
73411,TOLIMA,LIBANO,2025,5,2
73411,TOLIMA,LIBANO,2025,7,3
73411,TOLIMA,LIBANO,2025,8,1
73411,TOLIMA,LIBANO,2025,9,1
73411,TOLIMA,LIBANO,2025,11,5
73411,TOLIMA,LIBANO,2025,12,1
73443,TOLIMA,SAN SEBASTIAN DE MARIQUITA,2023,4,2
73443,TOLIMA,SAN SEBASTIAN DE MARIQUITA,2023,6,2
73443,TOLIMA,SAN SEBASTIAN DE MARIQUITA,2023,7,4
73443,TOLIMA,SAN SEBASTIAN DE MARIQUITA,2023,8,2
73443,TOLIMA,SAN SEBASTIAN DE MARIQUITA,2023,9,2
73443,TOLIMA,SAN SEBASTIAN DE MARIQUITA,2023,10,2
73443,TOLIMA,SAN SEBASTIAN DE MARIQUITA,2023,11,1
73443,TOLIMA,SAN SEBASTIAN DE MARIQUITA,2024,1,1
73443,TOLIMA,SAN SEBASTIAN DE MARIQUITA,2024,2,1
73443,TOLIMA,SAN SEBASTIAN DE MARIQUITA,2024,3,5
73443,TOLIMA,SAN SEBASTIAN DE MARIQUITA,2024,4,1
73443,TOLIMA,SAN SEBASTIAN DE MARIQUITA,2024,5,3
73443,TOLIMA,SAN SEBASTIAN DE MARIQUITA,2024,6,1
73443,TOLIMA,SAN SEBASTIAN DE MARIQUITA,2024,7,2
73443,TOLIMA,SAN SEBASTIAN DE MARIQUITA,2024,8,1
73443,TOLIMA,SAN SEBASTIAN DE MARIQUITA,2024,9,1
73443,TOLIMA,SAN SEBASTIAN DE MARIQUITA,2024,10,2
73443,TOLIMA,SAN SEBASTIAN DE MARIQUITA,2024,11,1
73443,TOLIMA,SAN SEBASTIAN DE MARIQUITA,2024,12,2
73443,TOLIMA,SAN SEBASTIAN DE MARIQUITA,2025,1,1
73443,TOLIMA,SAN SEBASTIAN DE MARIQUITA,2025,3,4
73443,TOLIMA,SAN SEBASTIAN DE MARIQUITA,2025,6,1
73443,TOLIMA,SAN SEBASTIAN DE MARIQUITA,2025,7,1
73443,TOLIMA,SAN SEBASTIAN DE MARIQUITA,2025,9,1
73443,TOLIMA,SAN SEBASTIAN DE MARIQUITA,2025,10,2
73449,TOLIMA,MELGAR,2023,8,1
73449,TOLIMA,MELGAR,2023,9,1
73449,TOLIMA,MELGAR,2023,11,1
73449,TOLIMA,MELGAR,2024,4,2
73449,TOLIMA,MELGAR,2024,6,1
73449,TOLIMA,MELGAR,2024,7,3
73449,TOLIMA,MELGAR,2024,8,2
73449,TOLIMA,MELGAR,2024,9,6
73449,TOLIMA,MELGAR,2024,10,2
73449,TOLIMA,MELGAR,2024,12,2
73449,TOLIMA,MELGAR,2025,1,1
73449,TOLIMA,MELGAR,2025,2,1
73449,TOLIMA,MELGAR,2025,11,1
73449,TOLIMA,MELGAR,2025,12,1
73461,TOLIMA,MURILLO,2023,5,1
73461,TOLIMA,MURILLO,2024,3,1
73461,TOLIMA,MURILLO,2024,4,1
73461,TOLIMA,MURILLO,2024,5,1
73461,TOLIMA,MURILLO,2024,7,1
73461,TOLIMA,MURILLO,2024,8,1
73461,TOLIMA,MURILLO,2025,4,1
73483,TOLIMA,NATAGAIMA,2024,4,1
73483,TOLIMA,NATAGAIMA,2024,6,3
73483,TOLIMA,NATAGAIMA,2024,8,2
73483,TOLIMA,NATAGAIMA,2024,10,1
73483,TOLIMA,NATAGAIMA,2025,1,1
73483,TOLIMA,NATAGAIMA,2025,8,1
73504,TOLIMA,ORTEGA,2023,1,1
73504,TOLIMA,ORTEGA,2023,11,1
73504,TOLIMA,ORTEGA,2024,6,1
73504,TOLIMA,ORTEGA,2024,10,1
73504,TOLIMA,ORTEGA,2024,11,1
73504,TOLIMA,ORTEGA,2025,2,1
73504,TOLIMA,ORTEGA,2025,8,1
73504,TOLIMA,ORTEGA,2025,10,1
73504,TOLIMA,ORTEGA,2025,11,1
73504,TOLIMA,ORTEGA,2025,12,1
73520,TOLIMA,PALOCABILDO,2024,1,1
73520,TOLIMA,PALOCABILDO,2024,7,1
73520,TOLIMA,PALOCABILDO,2024,8,1
73520,TOLIMA,PALOCABILDO,2025,8,1
73520,TOLIMA,PALOCABILDO,2025,11,1
73547,TOLIMA,PIEDRAS,2024,4,1
73547,TOLIMA,PIEDRAS,2024,6,1
73547,TOLIMA,PIEDRAS,2024,9,1
73547,TOLIMA,PIEDRAS,2025,9,1
73555,TOLIMA,PLANADAS,2023,10,1
73555,TOLIMA,PLANADAS,2023,11,3
73555,TOLIMA,PLANADAS,2024,2,1
73555,TOLIMA,PLANADAS,2024,3,2
73555,TOLIMA,PLANADAS,2024,9,1
73555,TOLIMA,PLANADAS,2024,10,1
73555,TOLIMA,PLANADAS,2024,11,2
73555,TOLIMA,PLANADAS,2025,1,1
73555,TOLIMA,PLANADAS,2025,9,1
73555,TOLIMA,PLANADAS,2025,10,1
73555,TOLIMA,PLANADAS,2025,11,1
73563,TOLIMA,PRADO,2023,8,1
73563,TOLIMA,PRADO,2023,10,2
73563,TOLIMA,PRADO,2024,2,1
73563,TOLIMA,PRADO,2024,8,2
73563,TOLIMA,PRADO,2024,9,2
73563,TOLIMA,PRADO,2024,11,1
73563,TOLIMA,PRADO,2025,6,2
73563,TOLIMA,PRADO,2025,7,1
73563,TOLIMA,PRADO,2025,9,1
73563,TOLIMA,PRADO,2025,12,1
73585,TOLIMA,PURIFICACION,2023,10,1
73585,TOLIMA,PURIFICACION,2025,2,1
73585,TOLIMA,PURIFICACION,2025,3,1
73585,TOLIMA,PURIFICACION,2025,5,1
73585,TOLIMA,PURIFICACION,2025,7,1
73585,TOLIMA,PURIFICACION,2025,9,1
73616,TOLIMA,RIOBLANCO,2023,1,1
73616,TOLIMA,RIOBLANCO,2023,8,1
73616,TOLIMA,RIOBLANCO,2023,10,2
73616,TOLIMA,RIOBLANCO,2023,11,2
73616,TOLIMA,RIOBLANCO,2023,12,1
73616,TOLIMA,RIOBLANCO,2024,2,1
73616,TOLIMA,RIOBLANCO,2024,6,2
73616,TOLIMA,RIOBLANCO,2024,8,1
73616,TOLIMA,RIOBLANCO,2024,11,2
73616,TOLIMA,RIOBLANCO,2025,2,1
73616,TOLIMA,RIOBLANCO,2025,7,1
73622,TOLIMA,RONCESVALLES,2023,8,1
73622,TOLIMA,RONCESVALLES,2024,12,1
73622,TOLIMA,RONCESVALLES,2025,3,1
73622,TOLIMA,RONCESVALLES,2025,6,1
73624,TOLIMA,ROVIRA,2023,4,1
73624,TOLIMA,ROVIRA,2023,5,1
73624,TOLIMA,ROVIRA,2023,6,1
73624,TOLIMA,ROVIRA,2023,8,2
73624,TOLIMA,ROVIRA,2023,10,1
73624,TOLIMA,ROVIRA,2023,12,3
73624,TOLIMA,ROVIRA,2024,2,1
73624,TOLIMA,ROVIRA,2024,3,3
73624,TOLIMA,ROVIRA,2024,6,1
73624,TOLIMA,ROVIRA,2024,10,1
73624,TOLIMA,ROVIRA,2024,11,2
73624,TOLIMA,ROVIRA,2024,12,3
73624,TOLIMA,ROVIRA,2025,2,1
73624,TOLIMA,ROVIRA,2025,3,1
73624,TOLIMA,ROVIRA,2025,8,1
73671,TOLIMA,SALDAÑA,2023,1,1
73671,TOLIMA,SALDAÑA,2023,6,1
73671,TOLIMA,SALDAÑA,2023,7,1
73671,TOLIMA,SALDAÑA,2023,12,1
73671,TOLIMA,SALDAÑA,2024,6,3
73671,TOLIMA,SALDAÑA,2024,7,2
73671,TOLIMA,SALDAÑA,2024,9,1
73671,TOLIMA,SALDAÑA,2024,12,1
73671,TOLIMA,SALDAÑA,2025,2,1
73671,TOLIMA,SALDAÑA,2025,3,1
73671,TOLIMA,SALDAÑA,2025,7,3
73671,TOLIMA,SALDAÑA,2025,10,1
73675,TOLIMA,SAN ANTONIO,2023,7,1
73675,TOLIMA,SAN ANTONIO,2023,9,1
73675,TOLIMA,SAN ANTONIO,2023,11,1
73675,TOLIMA,SAN ANTONIO,2024,3,2
73675,TOLIMA,SAN ANTONIO,2024,4,1
73675,TOLIMA,SAN ANTONIO,2024,6,1
73675,TOLIMA,SAN ANTONIO,2024,7,1
73675,TOLIMA,SAN ANTONIO,2025,1,1
73675,TOLIMA,SAN ANTONIO,2025,5,2
73675,TOLIMA,SAN ANTONIO,2025,7,1
73675,TOLIMA,SAN ANTONIO,2025,8,1
73675,TOLIMA,SAN ANTONIO,2025,10,1
73675,TOLIMA,SAN ANTONIO,2025,11,1
73678,TOLIMA,SAN LUIS,2023,11,1
73678,TOLIMA,SAN LUIS,2024,1,2
73678,TOLIMA,SAN LUIS,2024,2,1
73678,TOLIMA,SAN LUIS,2024,3,2
73678,TOLIMA,SAN LUIS,2024,5,1
73678,TOLIMA,SAN LUIS,2024,6,1
73678,TOLIMA,SAN LUIS,2025,7,1
73678,TOLIMA,SAN LUIS,2025,9,1
73678,TOLIMA,SAN LUIS,2025,12,1
73686,TOLIMA,SANTA ISABEL,2023,4,1
73686,TOLIMA,SANTA ISABEL,2024,7,1
73686,TOLIMA,SANTA ISABEL,2024,10,1
73686,TOLIMA,SANTA ISABEL,2025,10,1
73686,TOLIMA,SANTA ISABEL,2025,12,1
73770,TOLIMA,SUAREZ,2025,6,1
73770,TOLIMA,SUAREZ,2025,12,1
73854,TOLIMA,VALLE DE SAN JUAN,2023,1,1
73854,TOLIMA,VALLE DE SAN JUAN,2024,7,1
73854,TOLIMA,VALLE DE SAN JUAN,2025,2,1
73854,TOLIMA,VALLE DE SAN JUAN,2025,3,1
73854,TOLIMA,VALLE DE SAN JUAN,2025,11,1
73861,TOLIMA,VENADILLO,2023,1,1
73861,TOLIMA,VENADILLO,2023,6,1
73861,TOLIMA,VENADILLO,2023,10,1
73861,TOLIMA,VENADILLO,2023,11,1
73861,TOLIMA,VENADILLO,2024,5,1
73861,TOLIMA,VENADILLO,2024,8,1
73861,TOLIMA,VENADILLO,2024,9,3
73861,TOLIMA,VENADILLO,2024,11,2
73861,TOLIMA,VENADILLO,2024,12,1
73861,TOLIMA,VENADILLO,2025,4,1
73861,TOLIMA,VENADILLO,2025,11,1
73861,TOLIMA,VENADILLO,2025,12,1
73870,TOLIMA,VILLAHERMOSA,2023,2,2
73870,TOLIMA,VILLAHERMOSA,2023,7,1
73870,TOLIMA,VILLAHERMOSA,2023,9,1
73870,TOLIMA,VILLAHERMOSA,2024,6,2
73870,TOLIMA,VILLAHERMOSA,2025,2,1
73873,TOLIMA,VILLARRICA,2024,12,1
73873,TOLIMA,VILLARRICA,2025,10,1
76001,VALLE DEL CAUCA,CALI,2023,1,27
76001,VALLE DEL CAUCA,CALI,2023,2,14
76001,VALLE DEL CAUCA,CALI,2023,3,28
76001,VALLE DEL CAUCA,CALI,2023,4,19
76001,VALLE DEL CAUCA,CALI,2023,5,33
76001,VALLE DEL CAUCA,CALI,2023,6,38
76001,VALLE DEL CAUCA,CALI,2023,7,37
76001,VALLE DEL CAUCA,CALI,2023,8,59
76001,VALLE DEL CAUCA,CALI,2023,9,50
76001,VALLE DEL CAUCA,CALI,2023,10,47
76001,VALLE DEL CAUCA,CALI,2023,11,51
76001,VALLE DEL CAUCA,CALI,2023,12,65
76001,VALLE DEL CAUCA,CALI,2024,1,19
76001,VALLE DEL CAUCA,CALI,2024,2,15
76001,VALLE DEL CAUCA,CALI,2024,3,18
76001,VALLE DEL CAUCA,CALI,2024,4,20
76001,VALLE DEL CAUCA,CALI,2024,5,33
76001,VALLE DEL CAUCA,CALI,2024,6,43
76001,VALLE DEL CAUCA,CALI,2024,7,47
76001,VALLE DEL CAUCA,CALI,2024,8,59
76001,VALLE DEL CAUCA,CALI,2024,9,71
76001,VALLE DEL CAUCA,CALI,2024,10,57
76001,VALLE DEL CAUCA,CALI,2024,11,50
76001,VALLE DEL CAUCA,CALI,2024,12,40
76001,VALLE DEL CAUCA,CALI,2025,1,21
76001,VALLE DEL CAUCA,CALI,2025,2,16
76001,VALLE DEL CAUCA,CALI,2025,3,35
76001,VALLE DEL CAUCA,CALI,2025,4,14
76001,VALLE DEL CAUCA,CALI,2025,5,26
76001,VALLE DEL CAUCA,CALI,2025,6,28
76001,VALLE DEL CAUCA,CALI,2025,7,39
76001,VALLE DEL CAUCA,CALI,2025,8,51
76001,VALLE DEL CAUCA,CALI,2025,9,42
76001,VALLE DEL CAUCA,CALI,2025,10,52
76001,VALLE DEL CAUCA,CALI,2025,11,65
76001,VALLE DEL CAUCA,CALI,2025,12,46
76020,VALLE DEL CAUCA,ALCALA,2023,10,1
76020,VALLE DEL CAUCA,ALCALA,2023,11,1
76020,VALLE DEL CAUCA,ALCALA,2023,12,1
76020,VALLE DEL CAUCA,ALCALA,2025,9,1
76036,VALLE DEL CAUCA,ANDALUCIA,2023,9,1
76036,VALLE DEL CAUCA,ANDALUCIA,2023,11,2
76036,VALLE DEL CAUCA,ANDALUCIA,2023,12,1
76036,VALLE DEL CAUCA,ANDALUCIA,2024,2,1
76036,VALLE DEL CAUCA,ANDALUCIA,2024,8,1
76036,VALLE DEL CAUCA,ANDALUCIA,2024,12,4
76036,VALLE DEL CAUCA,ANDALUCIA,2025,1,1
76036,VALLE DEL CAUCA,ANDALUCIA,2025,2,1
76036,VALLE DEL CAUCA,ANDALUCIA,2025,3,1
76036,VALLE DEL CAUCA,ANDALUCIA,2025,4,1
76036,VALLE DEL CAUCA,ANDALUCIA,2025,6,1
76036,VALLE DEL CAUCA,ANDALUCIA,2025,8,2
76036,VALLE DEL CAUCA,ANDALUCIA,2025,10,1
76036,VALLE DEL CAUCA,ANDALUCIA,2025,11,1
76036,VALLE DEL CAUCA,ANDALUCIA,2025,12,1
76041,VALLE DEL CAUCA,ANSERMANUEVO,2023,11,2
76041,VALLE DEL CAUCA,ANSERMANUEVO,2024,3,1
76041,VALLE DEL CAUCA,ANSERMANUEVO,2024,6,1
76041,VALLE DEL CAUCA,ANSERMANUEVO,2024,11,1
76054,VALLE DEL CAUCA,ARGELIA,2023,9,1
76054,VALLE DEL CAUCA,ARGELIA,2024,12,1
76100,VALLE DEL CAUCA,BOLIVAR,2023,11,1
76100,VALLE DEL CAUCA,BOLIVAR,2024,1,1
76100,VALLE DEL CAUCA,BOLIVAR,2024,6,3
76100,VALLE DEL CAUCA,BOLIVAR,2024,8,1
76100,VALLE DEL CAUCA,BOLIVAR,2025,3,1
76100,VALLE DEL CAUCA,BOLIVAR,2025,8,1
76100,VALLE DEL CAUCA,BOLIVAR,2025,9,2
76100,VALLE DEL CAUCA,BOLIVAR,2025,10,1
76100,VALLE DEL CAUCA,BOLIVAR,2025,11,1
76109,VALLE DEL CAUCA,BUENAVENTURA,2023,1,16
76109,VALLE DEL CAUCA,BUENAVENTURA,2023,2,5
76109,VALLE DEL CAUCA,BUENAVENTURA,2023,3,21
76109,VALLE DEL CAUCA,BUENAVENTURA,2023,4,10
76109,VALLE DEL CAUCA,BUENAVENTURA,2023,5,22
76109,VALLE DEL CAUCA,BUENAVENTURA,2023,6,9
76109,VALLE DEL CAUCA,BUENAVENTURA,2023,7,10
76109,VALLE DEL CAUCA,BUENAVENTURA,2023,8,21
76109,VALLE DEL CAUCA,BUENAVENTURA,2023,9,12
76109,VALLE DEL CAUCA,BUENAVENTURA,2023,10,9
76109,VALLE DEL CAUCA,BUENAVENTURA,2023,11,8
76109,VALLE DEL CAUCA,BUENAVENTURA,2023,12,15
76109,VALLE DEL CAUCA,BUENAVENTURA,2024,1,9
76109,VALLE DEL CAUCA,BUENAVENTURA,2024,2,21
76109,VALLE DEL CAUCA,BUENAVENTURA,2024,3,9
76109,VALLE DEL CAUCA,BUENAVENTURA,2024,4,16
76109,VALLE DEL CAUCA,BUENAVENTURA,2024,5,18
76109,VALLE DEL CAUCA,BUENAVENTURA,2024,6,16
76109,VALLE DEL CAUCA,BUENAVENTURA,2024,7,17
76109,VALLE DEL CAUCA,BUENAVENTURA,2024,8,13
76109,VALLE DEL CAUCA,BUENAVENTURA,2024,9,10
76109,VALLE DEL CAUCA,BUENAVENTURA,2024,10,7
76109,VALLE DEL CAUCA,BUENAVENTURA,2024,11,5
76109,VALLE DEL CAUCA,BUENAVENTURA,2024,12,15
76109,VALLE DEL CAUCA,BUENAVENTURA,2025,1,12
76109,VALLE DEL CAUCA,BUENAVENTURA,2025,2,14
76109,VALLE DEL CAUCA,BUENAVENTURA,2025,3,5
76109,VALLE DEL CAUCA,BUENAVENTURA,2025,4,13
76109,VALLE DEL CAUCA,BUENAVENTURA,2025,5,8
76109,VALLE DEL CAUCA,BUENAVENTURA,2025,6,5
76109,VALLE DEL CAUCA,BUENAVENTURA,2025,7,10
76109,VALLE DEL CAUCA,BUENAVENTURA,2025,8,7
76109,VALLE DEL CAUCA,BUENAVENTURA,2025,9,8
76109,VALLE DEL CAUCA,BUENAVENTURA,2025,10,10
76109,VALLE DEL CAUCA,BUENAVENTURA,2025,11,11
76109,VALLE DEL CAUCA,BUENAVENTURA,2025,12,9
76111,VALLE DEL CAUCA,GUADALAJARA DE BUGA,2023,1,1
76111,VALLE DEL CAUCA,GUADALAJARA DE BUGA,2023,3,1
76111,VALLE DEL CAUCA,GUADALAJARA DE BUGA,2023,4,1
76111,VALLE DEL CAUCA,GUADALAJARA DE BUGA,2023,6,1
76111,VALLE DEL CAUCA,GUADALAJARA DE BUGA,2023,7,1
76111,VALLE DEL CAUCA,GUADALAJARA DE BUGA,2023,8,4
76111,VALLE DEL CAUCA,GUADALAJARA DE BUGA,2023,9,4
76111,VALLE DEL CAUCA,GUADALAJARA DE BUGA,2023,10,5
76111,VALLE DEL CAUCA,GUADALAJARA DE BUGA,2023,11,2
76111,VALLE DEL CAUCA,GUADALAJARA DE BUGA,2023,12,2
76111,VALLE DEL CAUCA,GUADALAJARA DE BUGA,2024,1,4
76111,VALLE DEL CAUCA,GUADALAJARA DE BUGA,2024,2,3
76111,VALLE DEL CAUCA,GUADALAJARA DE BUGA,2024,3,1
76111,VALLE DEL CAUCA,GUADALAJARA DE BUGA,2024,4,1
76111,VALLE DEL CAUCA,GUADALAJARA DE BUGA,2024,5,3
76111,VALLE DEL CAUCA,GUADALAJARA DE BUGA,2024,6,6
76111,VALLE DEL CAUCA,GUADALAJARA DE BUGA,2024,7,8
76111,VALLE DEL CAUCA,GUADALAJARA DE BUGA,2024,8,6
76111,VALLE DEL CAUCA,GUADALAJARA DE BUGA,2024,9,3
76111,VALLE DEL CAUCA,GUADALAJARA DE BUGA,2024,10,4
76111,VALLE DEL CAUCA,GUADALAJARA DE BUGA,2024,11,2
76111,VALLE DEL CAUCA,GUADALAJARA DE BUGA,2024,12,2
76111,VALLE DEL CAUCA,GUADALAJARA DE BUGA,2025,1,5
76111,VALLE DEL CAUCA,GUADALAJARA DE BUGA,2025,2,4
76111,VALLE DEL CAUCA,GUADALAJARA DE BUGA,2025,3,2
76111,VALLE DEL CAUCA,GUADALAJARA DE BUGA,2025,4,3
76111,VALLE DEL CAUCA,GUADALAJARA DE BUGA,2025,5,3
76111,VALLE DEL CAUCA,GUADALAJARA DE BUGA,2025,6,5
76111,VALLE DEL CAUCA,GUADALAJARA DE BUGA,2025,7,2
76111,VALLE DEL CAUCA,GUADALAJARA DE BUGA,2025,8,2
76111,VALLE DEL CAUCA,GUADALAJARA DE BUGA,2025,9,3
76111,VALLE DEL CAUCA,GUADALAJARA DE BUGA,2025,10,2
76111,VALLE DEL CAUCA,GUADALAJARA DE BUGA,2025,11,3
76111,VALLE DEL CAUCA,GUADALAJARA DE BUGA,2025,12,1
76113,VALLE DEL CAUCA,BUGALAGRANDE,2023,7,1
76113,VALLE DEL CAUCA,BUGALAGRANDE,2023,8,1
76113,VALLE DEL CAUCA,BUGALAGRANDE,2023,10,1
76113,VALLE DEL CAUCA,BUGALAGRANDE,2023,12,3
76113,VALLE DEL CAUCA,BUGALAGRANDE,2024,2,2
76113,VALLE DEL CAUCA,BUGALAGRANDE,2024,3,1
76113,VALLE DEL CAUCA,BUGALAGRANDE,2024,4,1
76113,VALLE DEL CAUCA,BUGALAGRANDE,2024,5,1
76113,VALLE DEL CAUCA,BUGALAGRANDE,2024,6,2
76113,VALLE DEL CAUCA,BUGALAGRANDE,2024,9,1
76113,VALLE DEL CAUCA,BUGALAGRANDE,2024,10,1
76113,VALLE DEL CAUCA,BUGALAGRANDE,2024,11,1
76113,VALLE DEL CAUCA,BUGALAGRANDE,2025,7,1
76113,VALLE DEL CAUCA,BUGALAGRANDE,2025,8,1
76122,VALLE DEL CAUCA,CAICEDONIA,2023,1,1
76122,VALLE DEL CAUCA,CAICEDONIA,2023,10,1
76122,VALLE DEL CAUCA,CAICEDONIA,2024,6,1
76122,VALLE DEL CAUCA,CAICEDONIA,2024,10,1
76122,VALLE DEL CAUCA,CAICEDONIA,2025,1,1
76122,VALLE DEL CAUCA,CAICEDONIA,2025,3,1
76122,VALLE DEL CAUCA,CAICEDONIA,2025,6,1
76122,VALLE DEL CAUCA,CAICEDONIA,2025,7,1
76122,VALLE DEL CAUCA,CAICEDONIA,2025,8,2
76122,VALLE DEL CAUCA,CAICEDONIA,2025,9,2
76122,VALLE DEL CAUCA,CAICEDONIA,2025,11,1
76126,VALLE DEL CAUCA,CALIMA,2023,1,1
76126,VALLE DEL CAUCA,CALIMA,2023,5,1
76126,VALLE DEL CAUCA,CALIMA,2023,11,3
76126,VALLE DEL CAUCA,CALIMA,2024,4,1
76126,VALLE DEL CAUCA,CALIMA,2024,6,1
76126,VALLE DEL CAUCA,CALIMA,2024,7,1
76126,VALLE DEL CAUCA,CALIMA,2024,12,1
76126,VALLE DEL CAUCA,CALIMA,2025,3,1
76126,VALLE DEL CAUCA,CALIMA,2025,5,2
76126,VALLE DEL CAUCA,CALIMA,2025,6,1
76126,VALLE DEL CAUCA,CALIMA,2025,9,2
76126,VALLE DEL CAUCA,CALIMA,2025,11,1
76130,VALLE DEL CAUCA,CANDELARIA,2023,1,1
76130,VALLE DEL CAUCA,CANDELARIA,2023,3,2
76130,VALLE DEL CAUCA,CANDELARIA,2023,4,1
76130,VALLE DEL CAUCA,CANDELARIA,2023,5,2
76130,VALLE DEL CAUCA,CANDELARIA,2023,7,3
76130,VALLE DEL CAUCA,CANDELARIA,2023,8,2
76130,VALLE DEL CAUCA,CANDELARIA,2023,9,1
76130,VALLE DEL CAUCA,CANDELARIA,2023,10,1
76130,VALLE DEL CAUCA,CANDELARIA,2023,11,1
76130,VALLE DEL CAUCA,CANDELARIA,2023,12,1
76130,VALLE DEL CAUCA,CANDELARIA,2024,1,3
76130,VALLE DEL CAUCA,CANDELARIA,2024,4,1
76130,VALLE DEL CAUCA,CANDELARIA,2024,6,1
76130,VALLE DEL CAUCA,CANDELARIA,2024,7,5
76130,VALLE DEL CAUCA,CANDELARIA,2024,8,2
76130,VALLE DEL CAUCA,CANDELARIA,2024,9,2
76130,VALLE DEL CAUCA,CANDELARIA,2024,11,1
76130,VALLE DEL CAUCA,CANDELARIA,2024,12,3
76130,VALLE DEL CAUCA,CANDELARIA,2025,1,1
76130,VALLE DEL CAUCA,CANDELARIA,2025,3,3
76130,VALLE DEL CAUCA,CANDELARIA,2025,4,1
76130,VALLE DEL CAUCA,CANDELARIA,2025,5,1
76130,VALLE DEL CAUCA,CANDELARIA,2025,6,1
76130,VALLE DEL CAUCA,CANDELARIA,2025,7,2
76130,VALLE DEL CAUCA,CANDELARIA,2025,8,2
76130,VALLE DEL CAUCA,CANDELARIA,2025,9,2
76130,VALLE DEL CAUCA,CANDELARIA,2025,10,2
76130,VALLE DEL CAUCA,CANDELARIA,2025,11,3
76130,VALLE DEL CAUCA,CANDELARIA,2025,12,5
76147,VALLE DEL CAUCA,CARTAGO,2023,1,1
76147,VALLE DEL CAUCA,CARTAGO,2023,2,1
76147,VALLE DEL CAUCA,CARTAGO,2023,4,1
76147,VALLE DEL CAUCA,CARTAGO,2023,5,2
76147,VALLE DEL CAUCA,CARTAGO,2023,6,2
76147,VALLE DEL CAUCA,CARTAGO,2023,8,3
76147,VALLE DEL CAUCA,CARTAGO,2023,9,2
76147,VALLE DEL CAUCA,CARTAGO,2023,10,4
76147,VALLE DEL CAUCA,CARTAGO,2023,11,1
76147,VALLE DEL CAUCA,CARTAGO,2023,12,8
76147,VALLE DEL CAUCA,CARTAGO,2024,1,2
76147,VALLE DEL CAUCA,CARTAGO,2024,2,1
76147,VALLE DEL CAUCA,CARTAGO,2024,3,1
76147,VALLE DEL CAUCA,CARTAGO,2024,4,2
76147,VALLE DEL CAUCA,CARTAGO,2024,5,1
76147,VALLE DEL CAUCA,CARTAGO,2024,6,4
76147,VALLE DEL CAUCA,CARTAGO,2024,7,1
76147,VALLE DEL CAUCA,CARTAGO,2024,8,5
76147,VALLE DEL CAUCA,CARTAGO,2024,9,2
76147,VALLE DEL CAUCA,CARTAGO,2024,10,2
76147,VALLE DEL CAUCA,CARTAGO,2024,11,2
76147,VALLE DEL CAUCA,CARTAGO,2024,12,2
76147,VALLE DEL CAUCA,CARTAGO,2025,1,1
76147,VALLE DEL CAUCA,CARTAGO,2025,3,2
76147,VALLE DEL CAUCA,CARTAGO,2025,4,1
76147,VALLE DEL CAUCA,CARTAGO,2025,5,5
76147,VALLE DEL CAUCA,CARTAGO,2025,6,3
76147,VALLE DEL CAUCA,CARTAGO,2025,7,3
76147,VALLE DEL CAUCA,CARTAGO,2025,8,3
76147,VALLE DEL CAUCA,CARTAGO,2025,9,4
76147,VALLE DEL CAUCA,CARTAGO,2025,10,2
76147,VALLE DEL CAUCA,CARTAGO,2025,11,2
76147,VALLE DEL CAUCA,CARTAGO,2025,12,2
76233,VALLE DEL CAUCA,DAGUA,2023,1,1
76233,VALLE DEL CAUCA,DAGUA,2023,3,1
76233,VALLE DEL CAUCA,DAGUA,2023,4,2
76233,VALLE DEL CAUCA,DAGUA,2023,5,2
76233,VALLE DEL CAUCA,DAGUA,2023,7,1
76233,VALLE DEL CAUCA,DAGUA,2023,8,2
76233,VALLE DEL CAUCA,DAGUA,2023,9,2
76233,VALLE DEL CAUCA,DAGUA,2023,10,1
76233,VALLE DEL CAUCA,DAGUA,2023,11,3
76233,VALLE DEL CAUCA,DAGUA,2024,1,3
76233,VALLE DEL CAUCA,DAGUA,2024,2,2
76233,VALLE DEL CAUCA,DAGUA,2024,3,2
76233,VALLE DEL CAUCA,DAGUA,2024,4,1
76233,VALLE DEL CAUCA,DAGUA,2024,5,2
76233,VALLE DEL CAUCA,DAGUA,2024,6,2
76233,VALLE DEL CAUCA,DAGUA,2024,7,1
76233,VALLE DEL CAUCA,DAGUA,2024,8,1
76233,VALLE DEL CAUCA,DAGUA,2024,9,1
76233,VALLE DEL CAUCA,DAGUA,2024,10,2
76233,VALLE DEL CAUCA,DAGUA,2024,11,4
76233,VALLE DEL CAUCA,DAGUA,2024,12,2
76233,VALLE DEL CAUCA,DAGUA,2025,1,3
76233,VALLE DEL CAUCA,DAGUA,2025,7,1
76233,VALLE DEL CAUCA,DAGUA,2025,8,5
76233,VALLE DEL CAUCA,DAGUA,2025,10,1
76233,VALLE DEL CAUCA,DAGUA,2025,11,1
76243,VALLE DEL CAUCA,EL AGUILA,2023,1,2
76243,VALLE DEL CAUCA,EL AGUILA,2025,12,1
76246,VALLE DEL CAUCA,EL CAIRO,2024,8,1
76248,VALLE DEL CAUCA,EL CERRITO,2023,1,1
76248,VALLE DEL CAUCA,EL CERRITO,2023,3,1
76248,VALLE DEL CAUCA,EL CERRITO,2023,7,3
76248,VALLE DEL CAUCA,EL CERRITO,2023,9,1
76248,VALLE DEL CAUCA,EL CERRITO,2023,10,3
76248,VALLE DEL CAUCA,EL CERRITO,2023,11,1
76248,VALLE DEL CAUCA,EL CERRITO,2023,12,1
76248,VALLE DEL CAUCA,EL CERRITO,2024,1,1
76248,VALLE DEL CAUCA,EL CERRITO,2024,2,1
76248,VALLE DEL CAUCA,EL CERRITO,2024,4,1
76248,VALLE DEL CAUCA,EL CERRITO,2024,5,2
76248,VALLE DEL CAUCA,EL CERRITO,2024,6,1
76248,VALLE DEL CAUCA,EL CERRITO,2024,7,3
76248,VALLE DEL CAUCA,EL CERRITO,2024,8,1
76248,VALLE DEL CAUCA,EL CERRITO,2024,9,2
76248,VALLE DEL CAUCA,EL CERRITO,2024,10,2
76248,VALLE DEL CAUCA,EL CERRITO,2024,11,1
76248,VALLE DEL CAUCA,EL CERRITO,2024,12,2
76248,VALLE DEL CAUCA,EL CERRITO,2025,1,3
76248,VALLE DEL CAUCA,EL CERRITO,2025,2,1
76248,VALLE DEL CAUCA,EL CERRITO,2025,3,1
76248,VALLE DEL CAUCA,EL CERRITO,2025,4,1
76248,VALLE DEL CAUCA,EL CERRITO,2025,6,1
76248,VALLE DEL CAUCA,EL CERRITO,2025,7,4
76248,VALLE DEL CAUCA,EL CERRITO,2025,8,1
76248,VALLE DEL CAUCA,EL CERRITO,2025,11,4
76248,VALLE DEL CAUCA,EL CERRITO,2025,12,2
76250,VALLE DEL CAUCA,EL DOVIO,2024,4,1
76250,VALLE DEL CAUCA,EL DOVIO,2025,3,1
76250,VALLE DEL CAUCA,EL DOVIO,2025,4,1
76250,VALLE DEL CAUCA,EL DOVIO,2025,7,2
76275,VALLE DEL CAUCA,FLORIDA,2023,1,2
76275,VALLE DEL CAUCA,FLORIDA,2023,3,2
76275,VALLE DEL CAUCA,FLORIDA,2023,4,2
76275,VALLE DEL CAUCA,FLORIDA,2023,6,2
76275,VALLE DEL CAUCA,FLORIDA,2023,7,2
76275,VALLE DEL CAUCA,FLORIDA,2023,8,4
76275,VALLE DEL CAUCA,FLORIDA,2023,11,7
76275,VALLE DEL CAUCA,FLORIDA,2023,12,1
76275,VALLE DEL CAUCA,FLORIDA,2024,1,2
76275,VALLE DEL CAUCA,FLORIDA,2024,2,1
76275,VALLE DEL CAUCA,FLORIDA,2024,4,1
76275,VALLE DEL CAUCA,FLORIDA,2024,6,3
76275,VALLE DEL CAUCA,FLORIDA,2024,7,4
76275,VALLE DEL CAUCA,FLORIDA,2024,8,2
76275,VALLE DEL CAUCA,FLORIDA,2024,9,3
76275,VALLE DEL CAUCA,FLORIDA,2024,11,4
76275,VALLE DEL CAUCA,FLORIDA,2024,12,1
76275,VALLE DEL CAUCA,FLORIDA,2025,1,1
76275,VALLE DEL CAUCA,FLORIDA,2025,2,2
76275,VALLE DEL CAUCA,FLORIDA,2025,3,4
76275,VALLE DEL CAUCA,FLORIDA,2025,4,2
76275,VALLE DEL CAUCA,FLORIDA,2025,5,1
76275,VALLE DEL CAUCA,FLORIDA,2025,6,4
76275,VALLE DEL CAUCA,FLORIDA,2025,7,1
76275,VALLE DEL CAUCA,FLORIDA,2025,9,3
76275,VALLE DEL CAUCA,FLORIDA,2025,10,3
76275,VALLE DEL CAUCA,FLORIDA,2025,11,1
76306,VALLE DEL CAUCA,GINEBRA,2023,2,1
76306,VALLE DEL CAUCA,GINEBRA,2023,3,1
76306,VALLE DEL CAUCA,GINEBRA,2023,4,1
76306,VALLE DEL CAUCA,GINEBRA,2023,5,1
76306,VALLE DEL CAUCA,GINEBRA,2023,6,1
76306,VALLE DEL CAUCA,GINEBRA,2023,7,1
76306,VALLE DEL CAUCA,GINEBRA,2023,8,4
76306,VALLE DEL CAUCA,GINEBRA,2023,9,2
76306,VALLE DEL CAUCA,GINEBRA,2023,10,1
76306,VALLE DEL CAUCA,GINEBRA,2023,11,3
76306,VALLE DEL CAUCA,GINEBRA,2023,12,4
76306,VALLE DEL CAUCA,GINEBRA,2024,1,1
76306,VALLE DEL CAUCA,GINEBRA,2024,3,1
76306,VALLE DEL CAUCA,GINEBRA,2024,7,1
76306,VALLE DEL CAUCA,GINEBRA,2024,9,1
76306,VALLE DEL CAUCA,GINEBRA,2024,10,4
76306,VALLE DEL CAUCA,GINEBRA,2025,1,1
76306,VALLE DEL CAUCA,GINEBRA,2025,4,1
76306,VALLE DEL CAUCA,GINEBRA,2025,5,1
76306,VALLE DEL CAUCA,GINEBRA,2025,6,3
76306,VALLE DEL CAUCA,GINEBRA,2025,7,1
76306,VALLE DEL CAUCA,GINEBRA,2025,9,2
76306,VALLE DEL CAUCA,GINEBRA,2025,10,1
76318,VALLE DEL CAUCA,GUACARI,2023,10,1
76318,VALLE DEL CAUCA,GUACARI,2023,11,1
76318,VALLE DEL CAUCA,GUACARI,2023,12,2
76318,VALLE DEL CAUCA,GUACARI,2024,2,2
76318,VALLE DEL CAUCA,GUACARI,2024,4,1
76318,VALLE DEL CAUCA,GUACARI,2024,5,3
76318,VALLE DEL CAUCA,GUACARI,2024,6,1
76318,VALLE DEL CAUCA,GUACARI,2024,7,3
76318,VALLE DEL CAUCA,GUACARI,2024,8,2
76318,VALLE DEL CAUCA,GUACARI,2024,9,1
76318,VALLE DEL CAUCA,GUACARI,2024,10,6
76318,VALLE DEL CAUCA,GUACARI,2024,12,1
76318,VALLE DEL CAUCA,GUACARI,2025,3,1
76318,VALLE DEL CAUCA,GUACARI,2025,4,1
76318,VALLE DEL CAUCA,GUACARI,2025,6,1
76318,VALLE DEL CAUCA,GUACARI,2025,7,1
76318,VALLE DEL CAUCA,GUACARI,2025,9,1
76318,VALLE DEL CAUCA,GUACARI,2025,11,1
76364,VALLE DEL CAUCA,JAMUNDI,2023,1,2
76364,VALLE DEL CAUCA,JAMUNDI,2023,2,4
76364,VALLE DEL CAUCA,JAMUNDI,2023,3,5
76364,VALLE DEL CAUCA,JAMUNDI,2023,4,2
76364,VALLE DEL CAUCA,JAMUNDI,2023,5,2
76364,VALLE DEL CAUCA,JAMUNDI,2023,6,2
76364,VALLE DEL CAUCA,JAMUNDI,2023,7,4
76364,VALLE DEL CAUCA,JAMUNDI,2023,8,5
76364,VALLE DEL CAUCA,JAMUNDI,2023,9,8
76364,VALLE DEL CAUCA,JAMUNDI,2023,10,4
76364,VALLE DEL CAUCA,JAMUNDI,2023,11,12
76364,VALLE DEL CAUCA,JAMUNDI,2023,12,8
76364,VALLE DEL CAUCA,JAMUNDI,2024,1,4
76364,VALLE DEL CAUCA,JAMUNDI,2024,2,4
76364,VALLE DEL CAUCA,JAMUNDI,2024,3,5
76364,VALLE DEL CAUCA,JAMUNDI,2024,4,3
76364,VALLE DEL CAUCA,JAMUNDI,2024,5,8
76364,VALLE DEL CAUCA,JAMUNDI,2024,6,7
76364,VALLE DEL CAUCA,JAMUNDI,2024,7,5
76364,VALLE DEL CAUCA,JAMUNDI,2024,8,8
76364,VALLE DEL CAUCA,JAMUNDI,2024,9,6
76364,VALLE DEL CAUCA,JAMUNDI,2024,10,3
76364,VALLE DEL CAUCA,JAMUNDI,2024,11,7
76364,VALLE DEL CAUCA,JAMUNDI,2024,12,3
76364,VALLE DEL CAUCA,JAMUNDI,2025,1,3
76364,VALLE DEL CAUCA,JAMUNDI,2025,2,1
76364,VALLE DEL CAUCA,JAMUNDI,2025,3,1
76364,VALLE DEL CAUCA,JAMUNDI,2025,4,1
76364,VALLE DEL CAUCA,JAMUNDI,2025,5,4
76364,VALLE DEL CAUCA,JAMUNDI,2025,6,5
76364,VALLE DEL CAUCA,JAMUNDI,2025,7,3
76364,VALLE DEL CAUCA,JAMUNDI,2025,8,8
76364,VALLE DEL CAUCA,JAMUNDI,2025,9,7
76364,VALLE DEL CAUCA,JAMUNDI,2025,10,9
76364,VALLE DEL CAUCA,JAMUNDI,2025,11,4
76364,VALLE DEL CAUCA,JAMUNDI,2025,12,6
76377,VALLE DEL CAUCA,LA CUMBRE,2023,9,1
76377,VALLE DEL CAUCA,LA CUMBRE,2024,1,1
76377,VALLE DEL CAUCA,LA CUMBRE,2024,2,1
76377,VALLE DEL CAUCA,LA CUMBRE,2024,4,1
76377,VALLE DEL CAUCA,LA CUMBRE,2024,8,1
76377,VALLE DEL CAUCA,LA CUMBRE,2024,9,1
76377,VALLE DEL CAUCA,LA CUMBRE,2024,12,1
76377,VALLE DEL CAUCA,LA CUMBRE,2025,1,1
76377,VALLE DEL CAUCA,LA CUMBRE,2025,4,1
76377,VALLE DEL CAUCA,LA CUMBRE,2025,9,1
76400,VALLE DEL CAUCA,LA UNION,2023,1,1
76400,VALLE DEL CAUCA,LA UNION,2023,4,1
76400,VALLE DEL CAUCA,LA UNION,2023,9,1
76400,VALLE DEL CAUCA,LA UNION,2023,10,1
76400,VALLE DEL CAUCA,LA UNION,2023,11,1
76400,VALLE DEL CAUCA,LA UNION,2023,12,2
76400,VALLE DEL CAUCA,LA UNION,2024,1,3
76400,VALLE DEL CAUCA,LA UNION,2024,2,1
76400,VALLE DEL CAUCA,LA UNION,2024,3,1
76400,VALLE DEL CAUCA,LA UNION,2024,4,2
76400,VALLE DEL CAUCA,LA UNION,2024,5,2
76400,VALLE DEL CAUCA,LA UNION,2024,6,2
76400,VALLE DEL CAUCA,LA UNION,2024,7,1
76400,VALLE DEL CAUCA,LA UNION,2024,8,2
76400,VALLE DEL CAUCA,LA UNION,2024,9,4
76400,VALLE DEL CAUCA,LA UNION,2024,10,3
76400,VALLE DEL CAUCA,LA UNION,2024,11,7
76400,VALLE DEL CAUCA,LA UNION,2024,12,5
76400,VALLE DEL CAUCA,LA UNION,2025,1,1
76400,VALLE DEL CAUCA,LA UNION,2025,2,1
76400,VALLE DEL CAUCA,LA UNION,2025,3,3
76400,VALLE DEL CAUCA,LA UNION,2025,4,1
76400,VALLE DEL CAUCA,LA UNION,2025,5,2
76400,VALLE DEL CAUCA,LA UNION,2025,8,2
76400,VALLE DEL CAUCA,LA UNION,2025,9,2
76400,VALLE DEL CAUCA,LA UNION,2025,10,2
76400,VALLE DEL CAUCA,LA UNION,2025,12,2
76403,VALLE DEL CAUCA,LA VICTORIA,2023,7,1
76403,VALLE DEL CAUCA,LA VICTORIA,2023,12,1
76403,VALLE DEL CAUCA,LA VICTORIA,2024,8,2
76403,VALLE DEL CAUCA,LA VICTORIA,2024,9,1
76403,VALLE DEL CAUCA,LA VICTORIA,2025,2,1
76403,VALLE DEL CAUCA,LA VICTORIA,2025,3,1
76403,VALLE DEL CAUCA,LA VICTORIA,2025,8,1
76403,VALLE DEL CAUCA,LA VICTORIA,2025,9,2
76403,VALLE DEL CAUCA,LA VICTORIA,2025,10,2
76403,VALLE DEL CAUCA,LA VICTORIA,2025,11,1
76497,VALLE DEL CAUCA,OBANDO,2023,7,1
76497,VALLE DEL CAUCA,OBANDO,2023,9,2
76497,VALLE DEL CAUCA,OBANDO,2024,7,1
76497,VALLE DEL CAUCA,OBANDO,2024,8,1
76497,VALLE DEL CAUCA,OBANDO,2024,9,1
76497,VALLE DEL CAUCA,OBANDO,2024,11,1
76497,VALLE DEL CAUCA,OBANDO,2025,6,1
76497,VALLE DEL CAUCA,OBANDO,2025,8,3
76520,VALLE DEL CAUCA,PALMIRA,2023,1,1
76520,VALLE DEL CAUCA,PALMIRA,2023,2,6
76520,VALLE DEL CAUCA,PALMIRA,2023,3,11
76520,VALLE DEL CAUCA,PALMIRA,2023,4,10
76520,VALLE DEL CAUCA,PALMIRA,2023,5,8
76520,VALLE DEL CAUCA,PALMIRA,2023,6,5
76520,VALLE DEL CAUCA,PALMIRA,2023,7,3
76520,VALLE DEL CAUCA,PALMIRA,2023,8,5
76520,VALLE DEL CAUCA,PALMIRA,2023,9,4
76520,VALLE DEL CAUCA,PALMIRA,2023,10,2
76520,VALLE DEL CAUCA,PALMIRA,2023,11,10
76520,VALLE DEL CAUCA,PALMIRA,2023,12,7
76520,VALLE DEL CAUCA,PALMIRA,2024,1,1
76520,VALLE DEL CAUCA,PALMIRA,2024,2,9
76520,VALLE DEL CAUCA,PALMIRA,2024,3,7
76520,VALLE DEL CAUCA,PALMIRA,2024,4,6
76520,VALLE DEL CAUCA,PALMIRA,2024,5,8
76520,VALLE DEL CAUCA,PALMIRA,2024,6,12
76520,VALLE DEL CAUCA,PALMIRA,2024,7,3
76520,VALLE DEL CAUCA,PALMIRA,2024,8,7
76520,VALLE DEL CAUCA,PALMIRA,2024,9,6
76520,VALLE DEL CAUCA,PALMIRA,2024,10,12
76520,VALLE DEL CAUCA,PALMIRA,2024,11,17
76520,VALLE DEL CAUCA,PALMIRA,2024,12,8
76520,VALLE DEL CAUCA,PALMIRA,2025,1,5
76520,VALLE DEL CAUCA,PALMIRA,2025,2,8
76520,VALLE DEL CAUCA,PALMIRA,2025,3,6
76520,VALLE DEL CAUCA,PALMIRA,2025,4,8
76520,VALLE DEL CAUCA,PALMIRA,2025,5,8
76520,VALLE DEL CAUCA,PALMIRA,2025,6,8
76520,VALLE DEL CAUCA,PALMIRA,2025,7,10
76520,VALLE DEL CAUCA,PALMIRA,2025,8,6
76520,VALLE DEL CAUCA,PALMIRA,2025,9,11
76520,VALLE DEL CAUCA,PALMIRA,2025,10,11
76520,VALLE DEL CAUCA,PALMIRA,2025,11,10
76520,VALLE DEL CAUCA,PALMIRA,2025,12,5
76563,VALLE DEL CAUCA,PRADERA,2023,1,1
76563,VALLE DEL CAUCA,PRADERA,2023,3,3
76563,VALLE DEL CAUCA,PRADERA,2023,4,1
76563,VALLE DEL CAUCA,PRADERA,2023,6,1
76563,VALLE DEL CAUCA,PRADERA,2023,7,2
76563,VALLE DEL CAUCA,PRADERA,2023,8,2
76563,VALLE DEL CAUCA,PRADERA,2023,9,2
76563,VALLE DEL CAUCA,PRADERA,2023,10,1
76563,VALLE DEL CAUCA,PRADERA,2023,11,1
76563,VALLE DEL CAUCA,PRADERA,2024,1,1
76563,VALLE DEL CAUCA,PRADERA,2024,2,1
76563,VALLE DEL CAUCA,PRADERA,2024,3,2
76563,VALLE DEL CAUCA,PRADERA,2024,4,2
76563,VALLE DEL CAUCA,PRADERA,2024,5,1
76563,VALLE DEL CAUCA,PRADERA,2024,8,3
76563,VALLE DEL CAUCA,PRADERA,2024,9,4
76563,VALLE DEL CAUCA,PRADERA,2024,11,1
76563,VALLE DEL CAUCA,PRADERA,2024,12,4
76563,VALLE DEL CAUCA,PRADERA,2025,1,2
76563,VALLE DEL CAUCA,PRADERA,2025,2,1
76563,VALLE DEL CAUCA,PRADERA,2025,6,3
76563,VALLE DEL CAUCA,PRADERA,2025,8,1
76563,VALLE DEL CAUCA,PRADERA,2025,10,3
76563,VALLE DEL CAUCA,PRADERA,2025,11,2
76606,VALLE DEL CAUCA,RESTREPO,2023,5,2
76606,VALLE DEL CAUCA,RESTREPO,2024,8,3
76606,VALLE DEL CAUCA,RESTREPO,2025,2,1
76606,VALLE DEL CAUCA,RESTREPO,2025,3,1
76606,VALLE DEL CAUCA,RESTREPO,2025,4,1
76606,VALLE DEL CAUCA,RESTREPO,2025,5,1
76606,VALLE DEL CAUCA,RESTREPO,2025,9,1
76606,VALLE DEL CAUCA,RESTREPO,2025,11,1
76606,VALLE DEL CAUCA,RESTREPO,2025,12,1
76616,VALLE DEL CAUCA,RIOFRIO,2023,4,1
76616,VALLE DEL CAUCA,RIOFRIO,2023,8,1
76616,VALLE DEL CAUCA,RIOFRIO,2023,12,1
76616,VALLE DEL CAUCA,RIOFRIO,2024,1,1
76616,VALLE DEL CAUCA,RIOFRIO,2024,7,1
76616,VALLE DEL CAUCA,RIOFRIO,2024,8,1
76616,VALLE DEL CAUCA,RIOFRIO,2024,9,2
76616,VALLE DEL CAUCA,RIOFRIO,2024,12,1
76616,VALLE DEL CAUCA,RIOFRIO,2025,1,2
76616,VALLE DEL CAUCA,RIOFRIO,2025,4,1
76616,VALLE DEL CAUCA,RIOFRIO,2025,8,1
76616,VALLE DEL CAUCA,RIOFRIO,2025,9,1
76616,VALLE DEL CAUCA,RIOFRIO,2025,10,1
76616,VALLE DEL CAUCA,RIOFRIO,2025,12,2
76622,VALLE DEL CAUCA,ROLDANILLO,2023,6,1
76622,VALLE DEL CAUCA,ROLDANILLO,2023,9,1
76622,VALLE DEL CAUCA,ROLDANILLO,2023,10,1
76622,VALLE DEL CAUCA,ROLDANILLO,2024,1,1
76622,VALLE DEL CAUCA,ROLDANILLO,2024,3,1
76622,VALLE DEL CAUCA,ROLDANILLO,2024,5,1
76622,VALLE DEL CAUCA,ROLDANILLO,2024,6,1
76622,VALLE DEL CAUCA,ROLDANILLO,2024,12,2
76622,VALLE DEL CAUCA,ROLDANILLO,2025,4,1
76622,VALLE DEL CAUCA,ROLDANILLO,2025,5,4
76622,VALLE DEL CAUCA,ROLDANILLO,2025,8,1
76622,VALLE DEL CAUCA,ROLDANILLO,2025,9,1
76622,VALLE DEL CAUCA,ROLDANILLO,2025,11,1
76670,VALLE DEL CAUCA,SAN PEDRO,2023,4,1
76670,VALLE DEL CAUCA,SAN PEDRO,2023,9,1
76670,VALLE DEL CAUCA,SAN PEDRO,2023,12,3
76670,VALLE DEL CAUCA,SAN PEDRO,2024,6,1
76670,VALLE DEL CAUCA,SAN PEDRO,2024,7,1
76670,VALLE DEL CAUCA,SAN PEDRO,2024,9,2
76670,VALLE DEL CAUCA,SAN PEDRO,2025,1,1
76670,VALLE DEL CAUCA,SAN PEDRO,2025,4,1
76670,VALLE DEL CAUCA,SAN PEDRO,2025,6,1
76670,VALLE DEL CAUCA,SAN PEDRO,2025,8,1
76670,VALLE DEL CAUCA,SAN PEDRO,2025,9,1
76670,VALLE DEL CAUCA,SAN PEDRO,2025,12,3
76736,VALLE DEL CAUCA,SEVILLA,2023,1,1
76736,VALLE DEL CAUCA,SEVILLA,2023,8,3
76736,VALLE DEL CAUCA,SEVILLA,2023,9,2
76736,VALLE DEL CAUCA,SEVILLA,2023,11,1
76736,VALLE DEL CAUCA,SEVILLA,2023,12,1
76736,VALLE DEL CAUCA,SEVILLA,2024,4,2
76736,VALLE DEL CAUCA,SEVILLA,2024,6,1
76736,VALLE DEL CAUCA,SEVILLA,2024,7,4
76736,VALLE DEL CAUCA,SEVILLA,2024,8,5
76736,VALLE DEL CAUCA,SEVILLA,2024,9,1
76736,VALLE DEL CAUCA,SEVILLA,2024,10,1
76736,VALLE DEL CAUCA,SEVILLA,2024,11,2
76736,VALLE DEL CAUCA,SEVILLA,2025,2,1
76736,VALLE DEL CAUCA,SEVILLA,2025,3,1
76736,VALLE DEL CAUCA,SEVILLA,2025,4,1
76736,VALLE DEL CAUCA,SEVILLA,2025,5,3
76736,VALLE DEL CAUCA,SEVILLA,2025,6,1
76736,VALLE DEL CAUCA,SEVILLA,2025,8,1
76736,VALLE DEL CAUCA,SEVILLA,2025,9,1
76736,VALLE DEL CAUCA,SEVILLA,2025,10,2
76736,VALLE DEL CAUCA,SEVILLA,2025,11,4
76736,VALLE DEL CAUCA,SEVILLA,2025,12,2
76823,VALLE DEL CAUCA,TORO,2023,4,1
76823,VALLE DEL CAUCA,TORO,2023,11,1
76823,VALLE DEL CAUCA,TORO,2024,3,2
76823,VALLE DEL CAUCA,TORO,2024,4,1
76823,VALLE DEL CAUCA,TORO,2024,7,1
76823,VALLE DEL CAUCA,TORO,2024,8,1
76823,VALLE DEL CAUCA,TORO,2024,9,1
76823,VALLE DEL CAUCA,TORO,2024,10,1
76823,VALLE DEL CAUCA,TORO,2024,12,1
76823,VALLE DEL CAUCA,TORO,2025,1,1
76823,VALLE DEL CAUCA,TORO,2025,3,2
76823,VALLE DEL CAUCA,TORO,2025,6,2
76823,VALLE DEL CAUCA,TORO,2025,7,1
76823,VALLE DEL CAUCA,TORO,2025,9,1
76823,VALLE DEL CAUCA,TORO,2025,12,1
76828,VALLE DEL CAUCA,TRUJILLO,2023,8,1
76828,VALLE DEL CAUCA,TRUJILLO,2023,10,1
76828,VALLE DEL CAUCA,TRUJILLO,2023,11,1
76828,VALLE DEL CAUCA,TRUJILLO,2024,4,1
76828,VALLE DEL CAUCA,TRUJILLO,2024,5,2
76828,VALLE DEL CAUCA,TRUJILLO,2024,7,1
76828,VALLE DEL CAUCA,TRUJILLO,2024,8,2
76828,VALLE DEL CAUCA,TRUJILLO,2024,9,2
76828,VALLE DEL CAUCA,TRUJILLO,2024,10,2
76828,VALLE DEL CAUCA,TRUJILLO,2024,12,1
76828,VALLE DEL CAUCA,TRUJILLO,2025,1,1
76828,VALLE DEL CAUCA,TRUJILLO,2025,7,1
76828,VALLE DEL CAUCA,TRUJILLO,2025,9,1
76828,VALLE DEL CAUCA,TRUJILLO,2025,10,1
76828,VALLE DEL CAUCA,TRUJILLO,2025,12,2
76834,VALLE DEL CAUCA,TULUA,2023,1,10
76834,VALLE DEL CAUCA,TULUA,2023,2,4
76834,VALLE DEL CAUCA,TULUA,2023,3,4
76834,VALLE DEL CAUCA,TULUA,2023,4,9
76834,VALLE DEL CAUCA,TULUA,2023,5,7
76834,VALLE DEL CAUCA,TULUA,2023,6,4
76834,VALLE DEL CAUCA,TULUA,2023,7,6
76834,VALLE DEL CAUCA,TULUA,2023,8,10
76834,VALLE DEL CAUCA,TULUA,2023,9,19
76834,VALLE DEL CAUCA,TULUA,2023,10,6
76834,VALLE DEL CAUCA,TULUA,2023,11,19
76834,VALLE DEL CAUCA,TULUA,2023,12,13
76834,VALLE DEL CAUCA,TULUA,2024,1,11
76834,VALLE DEL CAUCA,TULUA,2024,2,14
76834,VALLE DEL CAUCA,TULUA,2024,3,10
76834,VALLE DEL CAUCA,TULUA,2024,4,7
76834,VALLE DEL CAUCA,TULUA,2024,5,17
76834,VALLE DEL CAUCA,TULUA,2024,6,15
76834,VALLE DEL CAUCA,TULUA,2024,7,10
76834,VALLE DEL CAUCA,TULUA,2024,8,13
76834,VALLE DEL CAUCA,TULUA,2024,9,10
76834,VALLE DEL CAUCA,TULUA,2024,10,7
76834,VALLE DEL CAUCA,TULUA,2024,11,7
76834,VALLE DEL CAUCA,TULUA,2024,12,3
76834,VALLE DEL CAUCA,TULUA,2025,1,8
76834,VALLE DEL CAUCA,TULUA,2025,2,12
76834,VALLE DEL CAUCA,TULUA,2025,3,8
76834,VALLE DEL CAUCA,TULUA,2025,4,6
76834,VALLE DEL CAUCA,TULUA,2025,5,10
76834,VALLE DEL CAUCA,TULUA,2025,6,9
76834,VALLE DEL CAUCA,TULUA,2025,7,13
76834,VALLE DEL CAUCA,TULUA,2025,8,13
76834,VALLE DEL CAUCA,TULUA,2025,9,10
76834,VALLE DEL CAUCA,TULUA,2025,10,9
76834,VALLE DEL CAUCA,TULUA,2025,11,11
76834,VALLE DEL CAUCA,TULUA,2025,12,4
76845,VALLE DEL CAUCA,ULLOA,2023,8,1
76863,VALLE DEL CAUCA,VERSALLES,2023,12,1
76863,VALLE DEL CAUCA,VERSALLES,2024,6,1
76863,VALLE DEL CAUCA,VERSALLES,2024,8,1
76863,VALLE DEL CAUCA,VERSALLES,2025,3,1
76863,VALLE DEL CAUCA,VERSALLES,2025,5,1
76863,VALLE DEL CAUCA,VERSALLES,2025,6,1
76863,VALLE DEL CAUCA,VERSALLES,2025,7,1
76863,VALLE DEL CAUCA,VERSALLES,2025,12,1
76869,VALLE DEL CAUCA,VIJES,2023,7,1
76869,VALLE DEL CAUCA,VIJES,2025,7,1
76890,VALLE DEL CAUCA,YOTOCO,2023,2,1
76890,VALLE DEL CAUCA,YOTOCO,2024,7,1
76890,VALLE DEL CAUCA,YOTOCO,2024,8,1
76890,VALLE DEL CAUCA,YOTOCO,2024,9,1
76890,VALLE DEL CAUCA,YOTOCO,2025,3,1
76890,VALLE DEL CAUCA,YOTOCO,2025,5,1
76890,VALLE DEL CAUCA,YOTOCO,2025,7,2
76890,VALLE DEL CAUCA,YOTOCO,2025,11,1
76892,VALLE DEL CAUCA,YUMBO,2023,1,1
76892,VALLE DEL CAUCA,YUMBO,2023,3,1
76892,VALLE DEL CAUCA,YUMBO,2023,4,4
76892,VALLE DEL CAUCA,YUMBO,2023,5,1
76892,VALLE DEL CAUCA,YUMBO,2023,7,3
76892,VALLE DEL CAUCA,YUMBO,2023,8,2
76892,VALLE DEL CAUCA,YUMBO,2023,9,3
76892,VALLE DEL CAUCA,YUMBO,2023,10,1
76892,VALLE DEL CAUCA,YUMBO,2023,11,2
76892,VALLE DEL CAUCA,YUMBO,2023,12,5
76892,VALLE DEL CAUCA,YUMBO,2024,1,1
76892,VALLE DEL CAUCA,YUMBO,2024,2,3
76892,VALLE DEL CAUCA,YUMBO,2024,4,1
76892,VALLE DEL CAUCA,YUMBO,2024,5,2
76892,VALLE DEL CAUCA,YUMBO,2024,6,3
76892,VALLE DEL CAUCA,YUMBO,2024,7,1
76892,VALLE DEL CAUCA,YUMBO,2024,9,5
76892,VALLE DEL CAUCA,YUMBO,2024,10,2
76892,VALLE DEL CAUCA,YUMBO,2024,11,5
76892,VALLE DEL CAUCA,YUMBO,2024,12,2
76892,VALLE DEL CAUCA,YUMBO,2025,2,1
76892,VALLE DEL CAUCA,YUMBO,2025,5,3
76892,VALLE DEL CAUCA,YUMBO,2025,6,1
76892,VALLE DEL CAUCA,YUMBO,2025,7,4
76892,VALLE DEL CAUCA,YUMBO,2025,8,1
76892,VALLE DEL CAUCA,YUMBO,2025,9,1
76892,VALLE DEL CAUCA,YUMBO,2025,10,1
76892,VALLE DEL CAUCA,YUMBO,2025,11,2
76892,VALLE DEL CAUCA,YUMBO,2025,12,3
76895,VALLE DEL CAUCA,ZARZAL,2023,1,2
76895,VALLE DEL CAUCA,ZARZAL,2023,2,1
76895,VALLE DEL CAUCA,ZARZAL,2023,9,1
76895,VALLE DEL CAUCA,ZARZAL,2023,10,2
76895,VALLE DEL CAUCA,ZARZAL,2023,12,1
76895,VALLE DEL CAUCA,ZARZAL,2024,1,1
76895,VALLE DEL CAUCA,ZARZAL,2024,2,1
76895,VALLE DEL CAUCA,ZARZAL,2024,5,2
76895,VALLE DEL CAUCA,ZARZAL,2024,6,2
76895,VALLE DEL CAUCA,ZARZAL,2024,7,1
76895,VALLE DEL CAUCA,ZARZAL,2024,9,2
76895,VALLE DEL CAUCA,ZARZAL,2024,10,3
76895,VALLE DEL CAUCA,ZARZAL,2024,11,1
76895,VALLE DEL CAUCA,ZARZAL,2025,1,1
76895,VALLE DEL CAUCA,ZARZAL,2025,2,1
76895,VALLE DEL CAUCA,ZARZAL,2025,5,1
76895,VALLE DEL CAUCA,ZARZAL,2025,6,3
76895,VALLE DEL CAUCA,ZARZAL,2025,7,1
76895,VALLE DEL CAUCA,ZARZAL,2025,9,1
76895,VALLE DEL CAUCA,ZARZAL,2025,11,1
76895,VALLE DEL CAUCA,ZARZAL,2025,12,2
81001,ARAUCA,ARAUCA,2023,1,6
81001,ARAUCA,ARAUCA,2023,2,1
81001,ARAUCA,ARAUCA,2023,3,6
81001,ARAUCA,ARAUCA,2023,4,1
81001,ARAUCA,ARAUCA,2023,5,2
81001,ARAUCA,ARAUCA,2023,6,6
81001,ARAUCA,ARAUCA,2023,7,3
81001,ARAUCA,ARAUCA,2023,8,2
81001,ARAUCA,ARAUCA,2023,9,2
81001,ARAUCA,ARAUCA,2023,10,2
81001,ARAUCA,ARAUCA,2023,11,4
81001,ARAUCA,ARAUCA,2023,12,7
81001,ARAUCA,ARAUCA,2024,1,5
81001,ARAUCA,ARAUCA,2024,2,5
81001,ARAUCA,ARAUCA,2024,4,4
81001,ARAUCA,ARAUCA,2024,5,1
81001,ARAUCA,ARAUCA,2024,6,3
81001,ARAUCA,ARAUCA,2024,7,2
81001,ARAUCA,ARAUCA,2024,8,4
81001,ARAUCA,ARAUCA,2024,10,3
81001,ARAUCA,ARAUCA,2024,11,3
81001,ARAUCA,ARAUCA,2024,12,6
81001,ARAUCA,ARAUCA,2025,1,2
81001,ARAUCA,ARAUCA,2025,2,3
81001,ARAUCA,ARAUCA,2025,3,4
81001,ARAUCA,ARAUCA,2025,4,2
81001,ARAUCA,ARAUCA,2025,5,6
81001,ARAUCA,ARAUCA,2025,6,4
81001,ARAUCA,ARAUCA,2025,7,1
81001,ARAUCA,ARAUCA,2025,8,4
81001,ARAUCA,ARAUCA,2025,9,3
81001,ARAUCA,ARAUCA,2025,10,4
81001,ARAUCA,ARAUCA,2025,11,6
81001,ARAUCA,ARAUCA,2025,12,8
81065,ARAUCA,ARAUQUITA,2023,8,1
81065,ARAUCA,ARAUQUITA,2023,11,1
81065,ARAUCA,ARAUQUITA,2023,12,1
81065,ARAUCA,ARAUQUITA,2024,2,1
81065,ARAUCA,ARAUQUITA,2024,5,1
81065,ARAUCA,ARAUQUITA,2024,7,1
81065,ARAUCA,ARAUQUITA,2024,8,1
81065,ARAUCA,ARAUQUITA,2024,9,1
81065,ARAUCA,ARAUQUITA,2024,10,2
81065,ARAUCA,ARAUQUITA,2025,6,1
81065,ARAUCA,ARAUQUITA,2025,7,3
81065,ARAUCA,ARAUQUITA,2025,9,1
81065,ARAUCA,ARAUQUITA,2025,10,2
81065,ARAUCA,ARAUQUITA,2025,11,1
81065,ARAUCA,ARAUQUITA,2025,12,1
81220,ARAUCA,CRAVO NORTE,2023,8,1
81220,ARAUCA,CRAVO NORTE,2023,11,1
81220,ARAUCA,CRAVO NORTE,2024,2,1
81220,ARAUCA,CRAVO NORTE,2024,6,1
81220,ARAUCA,CRAVO NORTE,2024,9,1
81220,ARAUCA,CRAVO NORTE,2024,10,1
81220,ARAUCA,CRAVO NORTE,2025,2,1
81300,ARAUCA,FORTUL,2023,1,1
81300,ARAUCA,FORTUL,2023,4,1
81300,ARAUCA,FORTUL,2023,5,1
81300,ARAUCA,FORTUL,2023,8,1
81300,ARAUCA,FORTUL,2023,12,1
81300,ARAUCA,FORTUL,2024,1,1
81300,ARAUCA,FORTUL,2024,2,3
81300,ARAUCA,FORTUL,2024,9,2
81300,ARAUCA,FORTUL,2024,11,1
81300,ARAUCA,FORTUL,2024,12,1
81300,ARAUCA,FORTUL,2025,3,1
81300,ARAUCA,FORTUL,2025,7,1
81300,ARAUCA,FORTUL,2025,9,1
81300,ARAUCA,FORTUL,2025,10,2
81591,ARAUCA,PUERTO RONDON,2023,6,2
81591,ARAUCA,PUERTO RONDON,2024,1,1
81591,ARAUCA,PUERTO RONDON,2024,3,1
81591,ARAUCA,PUERTO RONDON,2025,11,1
81736,ARAUCA,SARAVENA,2023,1,1
81736,ARAUCA,SARAVENA,2023,2,1
81736,ARAUCA,SARAVENA,2023,4,1
81736,ARAUCA,SARAVENA,2023,6,1
81736,ARAUCA,SARAVENA,2023,10,1
81736,ARAUCA,SARAVENA,2024,1,1
81736,ARAUCA,SARAVENA,2024,3,1
81736,ARAUCA,SARAVENA,2024,4,2
81736,ARAUCA,SARAVENA,2024,5,2
81736,ARAUCA,SARAVENA,2024,7,1
81736,ARAUCA,SARAVENA,2024,9,1
81736,ARAUCA,SARAVENA,2024,11,2
81736,ARAUCA,SARAVENA,2025,4,1
81736,ARAUCA,SARAVENA,2025,7,1
81736,ARAUCA,SARAVENA,2025,8,1
81736,ARAUCA,SARAVENA,2025,9,3
81736,ARAUCA,SARAVENA,2025,11,1
81736,ARAUCA,SARAVENA,2025,12,2
81794,ARAUCA,TAME,2023,2,3
81794,ARAUCA,TAME,2023,3,1
81794,ARAUCA,TAME,2023,5,1
81794,ARAUCA,TAME,2023,6,2
81794,ARAUCA,TAME,2023,8,1
81794,ARAUCA,TAME,2023,10,4
81794,ARAUCA,TAME,2023,11,2
81794,ARAUCA,TAME,2023,12,2
81794,ARAUCA,TAME,2024,3,1
81794,ARAUCA,TAME,2024,5,2
81794,ARAUCA,TAME,2024,6,1
81794,ARAUCA,TAME,2024,9,2
81794,ARAUCA,TAME,2024,10,2
81794,ARAUCA,TAME,2025,1,2
81794,ARAUCA,TAME,2025,9,1
81794,ARAUCA,TAME,2025,10,1
81794,ARAUCA,TAME,2025,12,2
85001,CASANARE,YOPAL,2023,1,1
85001,CASANARE,YOPAL,2023,4,2
85001,CASANARE,YOPAL,2023,6,5
85001,CASANARE,YOPAL,2023,8,4
85001,CASANARE,YOPAL,2023,9,1
85001,CASANARE,YOPAL,2023,10,2
85001,CASANARE,YOPAL,2023,11,8
85001,CASANARE,YOPAL,2023,12,10
85001,CASANARE,YOPAL,2024,1,3
85001,CASANARE,YOPAL,2024,2,2
85001,CASANARE,YOPAL,2024,3,2
85001,CASANARE,YOPAL,2024,4,8
85001,CASANARE,YOPAL,2024,5,3
85001,CASANARE,YOPAL,2024,6,5
85001,CASANARE,YOPAL,2024,7,4
85001,CASANARE,YOPAL,2024,8,9
85001,CASANARE,YOPAL,2024,9,8
85001,CASANARE,YOPAL,2024,10,7
85001,CASANARE,YOPAL,2024,11,11
85001,CASANARE,YOPAL,2024,12,5
85001,CASANARE,YOPAL,2025,1,1
85001,CASANARE,YOPAL,2025,2,2
85001,CASANARE,YOPAL,2025,3,2
85001,CASANARE,YOPAL,2025,5,2
85001,CASANARE,YOPAL,2025,6,4
85001,CASANARE,YOPAL,2025,7,7
85001,CASANARE,YOPAL,2025,8,8
85001,CASANARE,YOPAL,2025,9,5
85001,CASANARE,YOPAL,2025,10,7
85001,CASANARE,YOPAL,2025,11,5
85001,CASANARE,YOPAL,2025,12,4
85010,CASANARE,AGUAZUL,2023,10,2
85010,CASANARE,AGUAZUL,2023,12,2
85010,CASANARE,AGUAZUL,2024,2,1
85010,CASANARE,AGUAZUL,2024,6,1
85010,CASANARE,AGUAZUL,2024,8,1
85010,CASANARE,AGUAZUL,2024,9,2
85010,CASANARE,AGUAZUL,2024,11,4
85010,CASANARE,AGUAZUL,2024,12,1
85010,CASANARE,AGUAZUL,2025,4,1
85010,CASANARE,AGUAZUL,2025,9,1
85010,CASANARE,AGUAZUL,2025,10,1
85010,CASANARE,AGUAZUL,2025,11,1
85010,CASANARE,AGUAZUL,2025,12,1
85015,CASANARE,CHAMEZA,2023,5,1
85125,CASANARE,HATO COROZAL,2023,4,1
85125,CASANARE,HATO COROZAL,2023,5,1
85125,CASANARE,HATO COROZAL,2023,11,2
85125,CASANARE,HATO COROZAL,2024,9,1
85125,CASANARE,HATO COROZAL,2024,11,1
85125,CASANARE,HATO COROZAL,2024,12,1
85125,CASANARE,HATO COROZAL,2025,3,1
85125,CASANARE,HATO COROZAL,2025,8,2
85125,CASANARE,HATO COROZAL,2025,9,1
85125,CASANARE,HATO COROZAL,2025,10,1
85125,CASANARE,HATO COROZAL,2025,11,1
85139,CASANARE,MANI,2023,12,3
85139,CASANARE,MANI,2024,4,1
85139,CASANARE,MANI,2024,7,1
85139,CASANARE,MANI,2024,8,1
85139,CASANARE,MANI,2024,10,1
85139,CASANARE,MANI,2025,4,2
85139,CASANARE,MANI,2025,5,1
85139,CASANARE,MANI,2025,9,2
85139,CASANARE,MANI,2025,12,1
85162,CASANARE,MONTERREY,2023,11,4
85162,CASANARE,MONTERREY,2024,4,1
85162,CASANARE,MONTERREY,2024,7,1
85162,CASANARE,MONTERREY,2024,9,2
85162,CASANARE,MONTERREY,2024,10,1
85162,CASANARE,MONTERREY,2024,11,2
85162,CASANARE,MONTERREY,2025,3,1
85162,CASANARE,MONTERREY,2025,4,2
85162,CASANARE,MONTERREY,2025,5,1
85162,CASANARE,MONTERREY,2025,7,5
85162,CASANARE,MONTERREY,2025,8,1
85225,CASANARE,NUNCHIA,2023,12,1
85225,CASANARE,NUNCHIA,2024,9,1
85225,CASANARE,NUNCHIA,2024,11,1
85225,CASANARE,NUNCHIA,2025,8,1
85225,CASANARE,NUNCHIA,2025,11,1
85230,CASANARE,OROCUE,2023,5,1
85230,CASANARE,OROCUE,2023,10,2
85230,CASANARE,OROCUE,2024,5,1
85230,CASANARE,OROCUE,2024,8,2
85230,CASANARE,OROCUE,2025,2,1
85230,CASANARE,OROCUE,2025,8,2
85230,CASANARE,OROCUE,2025,10,1
85250,CASANARE,PAZ DE ARIPORO,2023,8,1
85250,CASANARE,PAZ DE ARIPORO,2023,9,1
85250,CASANARE,PAZ DE ARIPORO,2023,12,2
85250,CASANARE,PAZ DE ARIPORO,2024,1,1
85250,CASANARE,PAZ DE ARIPORO,2024,2,2
85250,CASANARE,PAZ DE ARIPORO,2024,7,1
85250,CASANARE,PAZ DE ARIPORO,2024,9,3
85250,CASANARE,PAZ DE ARIPORO,2024,10,3
85250,CASANARE,PAZ DE ARIPORO,2024,11,1
85250,CASANARE,PAZ DE ARIPORO,2024,12,5
85250,CASANARE,PAZ DE ARIPORO,2025,2,1
85250,CASANARE,PAZ DE ARIPORO,2025,3,1
85250,CASANARE,PAZ DE ARIPORO,2025,4,1
85250,CASANARE,PAZ DE ARIPORO,2025,5,1
85250,CASANARE,PAZ DE ARIPORO,2025,6,1
85250,CASANARE,PAZ DE ARIPORO,2025,7,3
85250,CASANARE,PAZ DE ARIPORO,2025,8,1
85250,CASANARE,PAZ DE ARIPORO,2025,11,1
85250,CASANARE,PAZ DE ARIPORO,2025,12,2
85263,CASANARE,PORE,2023,8,1
85263,CASANARE,PORE,2023,9,2
85263,CASANARE,PORE,2023,10,1
85263,CASANARE,PORE,2023,11,2
85263,CASANARE,PORE,2024,2,1
85263,CASANARE,PORE,2024,9,2
85263,CASANARE,PORE,2024,10,1
85263,CASANARE,PORE,2025,6,3
85263,CASANARE,PORE,2025,9,1
85263,CASANARE,PORE,2025,11,1
85263,CASANARE,PORE,2025,12,1
85279,CASANARE,RECETOR,2025,9,1
85315,CASANARE,SACAMA,2024,3,1
85325,CASANARE,SAN LUIS DE PALENQUE,2023,4,1
85325,CASANARE,SAN LUIS DE PALENQUE,2023,9,1
85325,CASANARE,SAN LUIS DE PALENQUE,2023,11,1
85325,CASANARE,SAN LUIS DE PALENQUE,2025,7,1
85400,CASANARE,TAMARA,2025,1,1
85400,CASANARE,TAMARA,2025,10,1
85400,CASANARE,TAMARA,2025,11,2
85400,CASANARE,TAMARA,2025,12,1
85410,CASANARE,TAURAMENA,2023,11,1
85410,CASANARE,TAURAMENA,2023,12,1
85410,CASANARE,TAURAMENA,2024,2,1
85410,CASANARE,TAURAMENA,2024,4,1
85410,CASANARE,TAURAMENA,2024,5,1
85410,CASANARE,TAURAMENA,2024,7,2
85410,CASANARE,TAURAMENA,2024,8,2
85410,CASANARE,TAURAMENA,2024,11,1
85410,CASANARE,TAURAMENA,2025,2,2
85410,CASANARE,TAURAMENA,2025,6,2
85410,CASANARE,TAURAMENA,2025,10,4
85410,CASANARE,TAURAMENA,2025,12,1
85430,CASANARE,TRINIDAD,2023,10,1
85430,CASANARE,TRINIDAD,2023,11,1
85430,CASANARE,TRINIDAD,2024,7,1
85430,CASANARE,TRINIDAD,2024,9,1
85430,CASANARE,TRINIDAD,2024,12,1
85430,CASANARE,TRINIDAD,2025,2,1
85430,CASANARE,TRINIDAD,2025,7,1
85430,CASANARE,TRINIDAD,2025,10,3
85430,CASANARE,TRINIDAD,2025,11,1
85440,CASANARE,VILLANUEVA,2023,2,1
85440,CASANARE,VILLANUEVA,2023,4,1
85440,CASANARE,VILLANUEVA,2023,6,1
85440,CASANARE,VILLANUEVA,2023,7,3
85440,CASANARE,VILLANUEVA,2023,9,1
85440,CASANARE,VILLANUEVA,2023,10,2
85440,CASANARE,VILLANUEVA,2023,11,1
85440,CASANARE,VILLANUEVA,2023,12,2
85440,CASANARE,VILLANUEVA,2024,1,1
85440,CASANARE,VILLANUEVA,2024,2,1
85440,CASANARE,VILLANUEVA,2024,4,1
85440,CASANARE,VILLANUEVA,2024,5,2
85440,CASANARE,VILLANUEVA,2024,7,1
85440,CASANARE,VILLANUEVA,2024,9,1
85440,CASANARE,VILLANUEVA,2024,10,2
85440,CASANARE,VILLANUEVA,2024,12,1
85440,CASANARE,VILLANUEVA,2025,3,2
85440,CASANARE,VILLANUEVA,2025,6,6
85440,CASANARE,VILLANUEVA,2025,11,2
85440,CASANARE,VILLANUEVA,2025,12,2
86001,PUTUMAYO,MOCOA,2023,1,2
86001,PUTUMAYO,MOCOA,2023,4,2
86001,PUTUMAYO,MOCOA,2023,5,4
86001,PUTUMAYO,MOCOA,2023,8,1
86001,PUTUMAYO,MOCOA,2023,9,3
86001,PUTUMAYO,MOCOA,2023,11,3
86001,PUTUMAYO,MOCOA,2023,12,4
86001,PUTUMAYO,MOCOA,2024,1,3
86001,PUTUMAYO,MOCOA,2024,2,3
86001,PUTUMAYO,MOCOA,2024,3,1
86001,PUTUMAYO,MOCOA,2024,4,2
86001,PUTUMAYO,MOCOA,2024,5,1
86001,PUTUMAYO,MOCOA,2024,6,1
86001,PUTUMAYO,MOCOA,2024,8,3
86001,PUTUMAYO,MOCOA,2024,9,1
86001,PUTUMAYO,MOCOA,2024,10,2
86001,PUTUMAYO,MOCOA,2024,11,1
86001,PUTUMAYO,MOCOA,2024,12,1
86001,PUTUMAYO,MOCOA,2025,1,2
86001,PUTUMAYO,MOCOA,2025,2,4
86001,PUTUMAYO,MOCOA,2025,3,2
86001,PUTUMAYO,MOCOA,2025,5,1
86001,PUTUMAYO,MOCOA,2025,6,3
86001,PUTUMAYO,MOCOA,2025,7,1
86001,PUTUMAYO,MOCOA,2025,9,1
86001,PUTUMAYO,MOCOA,2025,12,1
86320,PUTUMAYO,ORITO,2023,1,1
86320,PUTUMAYO,ORITO,2023,4,1
86320,PUTUMAYO,ORITO,2023,8,3
86320,PUTUMAYO,ORITO,2023,9,2
86320,PUTUMAYO,ORITO,2023,10,2
86320,PUTUMAYO,ORITO,2023,11,1
86320,PUTUMAYO,ORITO,2023,12,3
86320,PUTUMAYO,ORITO,2024,2,3
86320,PUTUMAYO,ORITO,2024,8,1
86320,PUTUMAYO,ORITO,2024,9,1
86320,PUTUMAYO,ORITO,2024,11,1
86320,PUTUMAYO,ORITO,2024,12,1
86320,PUTUMAYO,ORITO,2025,5,1
86320,PUTUMAYO,ORITO,2025,6,2
86320,PUTUMAYO,ORITO,2025,10,1
86320,PUTUMAYO,ORITO,2025,12,1
86568,PUTUMAYO,PUERTO ASIS,2023,1,2
86568,PUTUMAYO,PUERTO ASIS,2023,2,1
86568,PUTUMAYO,PUERTO ASIS,2023,3,3
86568,PUTUMAYO,PUERTO ASIS,2023,4,3
86568,PUTUMAYO,PUERTO ASIS,2023,5,1
86568,PUTUMAYO,PUERTO ASIS,2023,8,5
86568,PUTUMAYO,PUERTO ASIS,2023,9,1
86568,PUTUMAYO,PUERTO ASIS,2023,10,2
86568,PUTUMAYO,PUERTO ASIS,2023,11,3
86568,PUTUMAYO,PUERTO ASIS,2023,12,2
86568,PUTUMAYO,PUERTO ASIS,2024,1,2
86568,PUTUMAYO,PUERTO ASIS,2024,2,1
86568,PUTUMAYO,PUERTO ASIS,2024,3,2
86568,PUTUMAYO,PUERTO ASIS,2024,4,1
86568,PUTUMAYO,PUERTO ASIS,2024,5,2
86568,PUTUMAYO,PUERTO ASIS,2024,6,2
86568,PUTUMAYO,PUERTO ASIS,2024,7,1
86568,PUTUMAYO,PUERTO ASIS,2024,12,1
86568,PUTUMAYO,PUERTO ASIS,2025,2,1
86568,PUTUMAYO,PUERTO ASIS,2025,3,1
86568,PUTUMAYO,PUERTO ASIS,2025,4,2
86568,PUTUMAYO,PUERTO ASIS,2025,5,1
86568,PUTUMAYO,PUERTO ASIS,2025,6,1
86568,PUTUMAYO,PUERTO ASIS,2025,8,1
86568,PUTUMAYO,PUERTO ASIS,2025,9,1
86568,PUTUMAYO,PUERTO ASIS,2025,10,1
86568,PUTUMAYO,PUERTO ASIS,2025,11,1
86568,PUTUMAYO,PUERTO ASIS,2025,12,1
86569,PUTUMAYO,PUERTO CAICEDO,2023,10,1
86569,PUTUMAYO,PUERTO CAICEDO,2024,3,1
86569,PUTUMAYO,PUERTO CAICEDO,2024,6,1
86569,PUTUMAYO,PUERTO CAICEDO,2024,11,1
86569,PUTUMAYO,PUERTO CAICEDO,2025,4,1
86569,PUTUMAYO,PUERTO CAICEDO,2025,9,1
86569,PUTUMAYO,PUERTO CAICEDO,2025,12,1
86571,PUTUMAYO,PUERTO GUZMAN,2024,4,1
86571,PUTUMAYO,PUERTO GUZMAN,2024,6,1
86571,PUTUMAYO,PUERTO GUZMAN,2025,1,1
86571,PUTUMAYO,PUERTO GUZMAN,2025,4,1
86571,PUTUMAYO,PUERTO GUZMAN,2025,8,1
86573,PUTUMAYO,PUERTO LEGUIZAMO,2023,2,2
86573,PUTUMAYO,PUERTO LEGUIZAMO,2023,6,1
86573,PUTUMAYO,PUERTO LEGUIZAMO,2023,7,1
86573,PUTUMAYO,PUERTO LEGUIZAMO,2023,9,1
86573,PUTUMAYO,PUERTO LEGUIZAMO,2023,12,1
86573,PUTUMAYO,PUERTO LEGUIZAMO,2024,1,1
86573,PUTUMAYO,PUERTO LEGUIZAMO,2024,7,1
86573,PUTUMAYO,PUERTO LEGUIZAMO,2024,9,1
86749,PUTUMAYO,SIBUNDOY,2023,4,1
86749,PUTUMAYO,SIBUNDOY,2024,5,1
86749,PUTUMAYO,SIBUNDOY,2025,2,1
86749,PUTUMAYO,SIBUNDOY,2025,4,1
86749,PUTUMAYO,SIBUNDOY,2025,10,1
86757,PUTUMAYO,SAN MIGUEL,2023,3,1
86757,PUTUMAYO,SAN MIGUEL,2024,7,1
86757,PUTUMAYO,SAN MIGUEL,2025,12,1
86760,PUTUMAYO,SANTIAGO,2024,3,1
86865,PUTUMAYO,VALLE DEL GUAMUEZ,2023,7,1
86865,PUTUMAYO,VALLE DEL GUAMUEZ,2023,11,1
86865,PUTUMAYO,VALLE DEL GUAMUEZ,2023,12,1
86865,PUTUMAYO,VALLE DEL GUAMUEZ,2024,2,1
86865,PUTUMAYO,VALLE DEL GUAMUEZ,2024,4,1
86865,PUTUMAYO,VALLE DEL GUAMUEZ,2024,6,2
86865,PUTUMAYO,VALLE DEL GUAMUEZ,2024,12,1
86865,PUTUMAYO,VALLE DEL GUAMUEZ,2025,5,2
86865,PUTUMAYO,VALLE DEL GUAMUEZ,2025,6,1
86865,PUTUMAYO,VALLE DEL GUAMUEZ,2025,7,2
86865,PUTUMAYO,VALLE DEL GUAMUEZ,2025,8,1
86865,PUTUMAYO,VALLE DEL GUAMUEZ,2025,11,1
86865,PUTUMAYO,VALLE DEL GUAMUEZ,2025,12,2
86885,PUTUMAYO,VILLAGARZON,2023,2,1
86885,PUTUMAYO,VILLAGARZON,2023,4,1
86885,PUTUMAYO,VILLAGARZON,2023,6,1
86885,PUTUMAYO,VILLAGARZON,2023,7,1
86885,PUTUMAYO,VILLAGARZON,2023,10,2
86885,PUTUMAYO,VILLAGARZON,2023,12,1
86885,PUTUMAYO,VILLAGARZON,2024,2,3
86885,PUTUMAYO,VILLAGARZON,2024,6,1
86885,PUTUMAYO,VILLAGARZON,2024,7,1
86885,PUTUMAYO,VILLAGARZON,2024,10,1
86885,PUTUMAYO,VILLAGARZON,2024,12,2
86885,PUTUMAYO,VILLAGARZON,2025,2,3
86885,PUTUMAYO,VILLAGARZON,2025,3,2
86885,PUTUMAYO,VILLAGARZON,2025,4,1
86885,PUTUMAYO,VILLAGARZON,2025,5,1
86885,PUTUMAYO,VILLAGARZON,2025,8,1
88001,SAN ANDRES ISLAS,SAN ANDRES,2023,2,1
88001,SAN ANDRES ISLAS,SAN ANDRES,2023,3,1
88001,SAN ANDRES ISLAS,SAN ANDRES,2023,5,1
88001,SAN ANDRES ISLAS,SAN ANDRES,2023,6,1
88001,SAN ANDRES ISLAS,SAN ANDRES,2023,7,2
88001,SAN ANDRES ISLAS,SAN ANDRES,2023,9,5
88001,SAN ANDRES ISLAS,SAN ANDRES,2023,10,1
88001,SAN ANDRES ISLAS,SAN ANDRES,2023,11,1
88001,SAN ANDRES ISLAS,SAN ANDRES,2023,12,1
88001,SAN ANDRES ISLAS,SAN ANDRES,2024,3,1
88001,SAN ANDRES ISLAS,SAN ANDRES,2024,8,1
88001,SAN ANDRES ISLAS,SAN ANDRES,2024,10,1
88001,SAN ANDRES ISLAS,SAN ANDRES,2024,12,1
88001,SAN ANDRES ISLAS,SAN ANDRES,2025,2,1
88001,SAN ANDRES ISLAS,SAN ANDRES,2025,5,1
88001,SAN ANDRES ISLAS,SAN ANDRES,2025,10,2
88564,SAN ANDRES ISLAS,PROVIDENCIA,2023,9,1
88564,SAN ANDRES ISLAS,PROVIDENCIA,2025,11,1
91001,AMAZONAS,LETICIA,2023,12,1
91001,AMAZONAS,LETICIA,2024,10,1
91407,AMAZONAS,LA PEDRERA,2025,9,1
94001,GUAINIA,INIRIDA,2023,5,1
94001,GUAINIA,INIRIDA,2023,7,1
94001,GUAINIA,INIRIDA,2023,10,1
94001,GUAINIA,INIRIDA,2024,7,1
94001,GUAINIA,INIRIDA,2024,8,1
94001,GUAINIA,INIRIDA,2024,10,1
94001,GUAINIA,INIRIDA,2024,12,2
94001,GUAINIA,INIRIDA,2025,2,2
94001,GUAINIA,INIRIDA,2025,6,1
94001,GUAINIA,INIRIDA,2025,8,2
94001,GUAINIA,INIRIDA,2025,9,1
94001,GUAINIA,INIRIDA,2025,12,1
95001,GUAVIARE,SAN JOSE DEL GUAVIARE,2023,1,1
95001,GUAVIARE,SAN JOSE DEL GUAVIARE,2023,2,4
95001,GUAVIARE,SAN JOSE DEL GUAVIARE,2023,3,4
95001,GUAVIARE,SAN JOSE DEL GUAVIARE,2023,4,6
95001,GUAVIARE,SAN JOSE DEL GUAVIARE,2023,5,2
95001,GUAVIARE,SAN JOSE DEL GUAVIARE,2023,7,3
95001,GUAVIARE,SAN JOSE DEL GUAVIARE,2023,8,3
95001,GUAVIARE,SAN JOSE DEL GUAVIARE,2023,9,9
95001,GUAVIARE,SAN JOSE DEL GUAVIARE,2023,10,5
95001,GUAVIARE,SAN JOSE DEL GUAVIARE,2023,11,5
95001,GUAVIARE,SAN JOSE DEL GUAVIARE,2023,12,6
95001,GUAVIARE,SAN JOSE DEL GUAVIARE,2024,1,2
95001,GUAVIARE,SAN JOSE DEL GUAVIARE,2024,2,4
95001,GUAVIARE,SAN JOSE DEL GUAVIARE,2024,3,4
95001,GUAVIARE,SAN JOSE DEL GUAVIARE,2024,4,4
95001,GUAVIARE,SAN JOSE DEL GUAVIARE,2024,5,4
95001,GUAVIARE,SAN JOSE DEL GUAVIARE,2024,6,6
95001,GUAVIARE,SAN JOSE DEL GUAVIARE,2024,7,3
95001,GUAVIARE,SAN JOSE DEL GUAVIARE,2024,8,5
95001,GUAVIARE,SAN JOSE DEL GUAVIARE,2024,9,2
95001,GUAVIARE,SAN JOSE DEL GUAVIARE,2024,10,1
95001,GUAVIARE,SAN JOSE DEL GUAVIARE,2024,11,5
95001,GUAVIARE,SAN JOSE DEL GUAVIARE,2024,12,2
95001,GUAVIARE,SAN JOSE DEL GUAVIARE,2025,1,9
95001,GUAVIARE,SAN JOSE DEL GUAVIARE,2025,2,6
95001,GUAVIARE,SAN JOSE DEL GUAVIARE,2025,3,3
95001,GUAVIARE,SAN JOSE DEL GUAVIARE,2025,4,4
95001,GUAVIARE,SAN JOSE DEL GUAVIARE,2025,5,3
95001,GUAVIARE,SAN JOSE DEL GUAVIARE,2025,6,5
95001,GUAVIARE,SAN JOSE DEL GUAVIARE,2025,7,2
95001,GUAVIARE,SAN JOSE DEL GUAVIARE,2025,8,5
95001,GUAVIARE,SAN JOSE DEL GUAVIARE,2025,9,2
95001,GUAVIARE,SAN JOSE DEL GUAVIARE,2025,10,4
95001,GUAVIARE,SAN JOSE DEL GUAVIARE,2025,11,2
95001,GUAVIARE,SAN JOSE DEL GUAVIARE,2025,12,2
95015,GUAVIARE,CALAMAR,2023,1,2
95015,GUAVIARE,CALAMAR,2023,2,1
95015,GUAVIARE,CALAMAR,2023,3,3
95015,GUAVIARE,CALAMAR,2024,1,1
95015,GUAVIARE,CALAMAR,2024,5,1
95015,GUAVIARE,CALAMAR,2024,7,1
95015,GUAVIARE,CALAMAR,2025,5,2
95015,GUAVIARE,CALAMAR,2025,9,1
95025,GUAVIARE,EL RETORNO,2023,1,2
95025,GUAVIARE,EL RETORNO,2023,2,2
95025,GUAVIARE,EL RETORNO,2023,3,3
95025,GUAVIARE,EL RETORNO,2023,5,1
95025,GUAVIARE,EL RETORNO,2023,6,1
95025,GUAVIARE,EL RETORNO,2023,12,1
95025,GUAVIARE,EL RETORNO,2024,3,1
95025,GUAVIARE,EL RETORNO,2024,7,1
95025,GUAVIARE,EL RETORNO,2025,7,2
95025,GUAVIARE,EL RETORNO,2025,9,1
95200,GUAVIARE,MIRAFLORES,2023,3,1
95200,GUAVIARE,MIRAFLORES,2023,6,1
95200,GUAVIARE,MIRAFLORES,2023,11,1
95200,GUAVIARE,MIRAFLORES,2025,5,1
95200,GUAVIARE,MIRAFLORES,2025,7,1
95200,GUAVIARE,MIRAFLORES,2025,8,1
97001,VAUPES,MITU,2023,1,2
97001,VAUPES,MITU,2023,6,1
97001,VAUPES,MITU,2023,11,1
97001,VAUPES,MITU,2024,7,1
97001,VAUPES,MITU,2024,9,1
97001,VAUPES,MITU,2025,6,1
97001,VAUPES,MITU,2025,10,1
99001,VICHADA,PUERTO CARREÑO,2023,1,1
99001,VICHADA,PUERTO CARREÑO,2023,2,1
99001,VICHADA,PUERTO CARREÑO,2023,4,1
99001,VICHADA,PUERTO CARREÑO,2023,7,2
99001,VICHADA,PUERTO CARREÑO,2023,8,1
99001,VICHADA,PUERTO CARREÑO,2023,10,1
99001,VICHADA,PUERTO CARREÑO,2023,12,2
99001,VICHADA,PUERTO CARREÑO,2024,1,1
99001,VICHADA,PUERTO CARREÑO,2024,2,2
99001,VICHADA,PUERTO CARREÑO,2024,9,1
99001,VICHADA,PUERTO CARREÑO,2025,4,1
99001,VICHADA,PUERTO CARREÑO,2025,5,1
99001,VICHADA,PUERTO CARREÑO,2025,6,2
99001,VICHADA,PUERTO CARREÑO,2025,8,6
99001,VICHADA,PUERTO CARREÑO,2025,11,2
99524,VICHADA,LA PRIMAVERA,2025,2,2
99524,VICHADA,LA PRIMAVERA,2025,5,2
99524,VICHADA,LA PRIMAVERA,2025,7,1
99524,VICHADA,LA PRIMAVERA,2025,8,1
99524,VICHADA,LA PRIMAVERA,2025,10,1
99524,VICHADA,LA PRIMAVERA,2025,12,1
99624,VICHADA,SANTA ROSALIA,2025,1,1
99773,VICHADA,CUMARIBO,2023,4,1
99773,VICHADA,CUMARIBO,2023,7,1
99773,VICHADA,CUMARIBO,2024,4,1
99773,VICHADA,CUMARIBO,2024,10,1
99773,VICHADA,CUMARIBO,2024,11,1
99773,VICHADA,CUMARIBO,2025,3,1
99773,VICHADA,CUMARIBO,2025,4,2
99773,VICHADA,CUMARIBO,2025,6,1
99773,VICHADA,CUMARIBO,2025,9,1
99773,VICHADA,CUMARIBO,2025,10,2
