"cod_muni","anio","mes","capturas"
"17614","2010","8","2"
"23068","2010","8","24"
"25612","2010","8","11"
"27050","2010","8","1"
"27425","2010","8","1"
"44430","2010","8","5"
"54377","2010","8","8"
"05670","2010","9","5"
"08573","2010","9","8"
"15455","2010","9","3"
"23068","2010","9","44"
"52540","2010","9","1"
"54003","2010","9","2"
"54498","2010","9","2"
"54518","2010","9","6"
"85263","2010","9","6"
"95001","2010","9","5"
"05031","2010","10","28"
"05120","2010","10","3"
"05154","2010","10","5"
"05604","2010","10","1"
"05670","2010","10","20"
"05674","2010","10","2"
"05736","2010","10","5"
"05895","2010","10","8"
"23068","2010","10","7"
"23660","2010","10","1"
"41615","2010","10","4"
"41872","2010","10","4"
"52540","2010","10","2"
"54174","2010","10","1"
"68307","2010","10","2"
"70708","2010","10","12"
"86571","2010","10","13"
"94001","2010","10","1"
"05604","2010","11","3"
"15764","2010","11","5"
"23068","2010","11","4"
"27135","2010","11","6"
"05031","2010","12","13"
"05040","2010","12","4"
"05051","2010","12","2"
"05120","2010","12","6"
"05250","2010","12","2"
"05585","2010","12","9"
"05604","2010","12","5"
"05649","2010","12","1"
"05670","2010","12","21"
"05885","2010","12","9"
"05893","2010","12","2"
"05895","2010","12","8"
"17486","2010","12","5"
"19698","2010","12","4"
"23068","2010","12","13"
"25200","2010","12","9"
"66594","2010","12","5"
"68307","2010","12","8"
"73124","2010","12","1"
"05031","2011","1","6"
"05120","2011","1","9"
"05154","2011","1","3"
"05206","2011","1","1"
"05250","2011","1","2"
"05670","2011","1","2"
"05736","2011","1","28"
"20001","2011","1","5"
"20228","2011","1","3"
"23068","2011","1","49"
"23580","2011","1","10"
"27001","2011","1","3"
"66001","2011","1","7"
"68276","2011","1","1"
"70508","2011","1","6"
"70708","2011","1","10"
"70713","2011","1","2"
"70823","2011","1","1"
"73268","2011","1","1"
"76111","2011","1","2"
"05051","2011","2","1"
"05142","2011","2","9"
"05250","2011","2","8"
"05310","2011","2","2"
"05604","2011","2","9"
"05736","2011","2","18"
"05790","2011","2","1"
"05895","2011","2","2"
"15599","2011","2","8"
"15816","2011","2","2"
"18001","2011","2","2"
"20178","2011","2","5"
"23068","2011","2","36"
"23350","2011","2","4"
"23580","2011","2","12"
"23660","2011","2","1"
"25297","2011","2","2"
"27001","2011","2","6"
"27361","2011","2","5"
"41615","2011","2","4"
"47980","2011","2","5"
"54172","2011","2","5"
"68266","2011","2","5"
"70124","2011","2","3"
"70708","2011","2","8"
"85010","2011","2","1"
"05051","2011","3","1"
"05154","2011","3","5"
"05206","2011","3","4"
"05790","2011","3","10"
"05887","2011","3","4"
"05895","2011","3","2"
"13001","2011","3","4"
"13490","2011","3","6"
"13667","2011","3","2"
"13810","2011","3","5"
"15507","2011","3","4"
"15693","2011","3","4"
"15755","2011","3","4"
"17486","2011","3","6"
"18001","2011","3","4"
"20175","2011","3","8"
"20443","2011","3","6"
"20621","2011","3","10"
"23068","2011","3","79"
"25293","2011","3","13"
"25297","2011","3","2"
"47980","2011","3","20"
"52001","2011","3","3"
"54518","2011","3","3"
"63690","2011","3","1"
"66001","2011","3","2"
"68081","2011","3","3"
"68547","2011","3","2"
"68575","2011","3","3"
"76109","2011","3","1"
"86219","2011","3","10"
"11001","2011","4","3"
"13490","2011","4","2"
"18001","2011","4","2"
"20250","2011","4","2"
"20517","2011","4","2"
"23068","2011","4","19"
"23580","2011","4","4"
"25307","2011","4","2"
"25899","2011","4","16"
"27787","2011","4","3"
"41132","2011","4","8"
"50226","2011","4","1"
"63212","2011","4","3"
"68081","2011","4","2"
"85001","2011","4","3"
"85010","2011","4","7"
"95001","2011","4","5"
"05051","2011","5","1"
"05895","2011","5","33"
"17486","2011","5","15"
"17777","2011","5","3"
"20621","2011","5","3"
"23068","2011","5","14"
"23466","2011","5","3"
"23586","2011","5","4"
"27050","2011","5","3"
"54810","2011","5","9"
"63001","2011","5","5"
"63470","2011","5","5"
"70418","2011","5","1"
"76100","2011","5","4"
"85263","2011","5","1"
"86001","2011","5","6"
"05113","2011","6","5"
"15572","2011","6","12"
"17042","2011","6","10"
"19698","2011","6","3"
"20621","2011","6","3"
"23068","2011","6","5"
"41524","2011","6","1"
"54518","2011","6","3"
"68615","2011","6","2"
"70429","2011","6","1"
"70508","2011","6","5"
"70823","2011","6","2"
"76001","2011","6","13"
"76109","2011","6","7"
"76364","2011","6","2"
"95001","2011","6","2"
"05604","2011","7","3"
"13667","2011","7","7"
"20228","2011","7","3"
"23068","2011","7","8"
"23580","2011","7","1"
"27810","2011","7","2"
"41797","2011","7","2"
"52788","2011","7","1"
"54720","2011","7","3"
"63212","2011","7","3"
"70508","2011","7","5"
"70708","2011","7","1"
"73861","2011","7","2"
"76892","2011","7","23"
"85250","2011","7","2"
"86320","2011","7","1"
"86571","2011","7","6"
"05120","2011","8","7"
"05154","2011","8","10"
"05310","2011","8","11"
"05736","2011","8","1"
"15572","2011","8","6"
"15757","2011","8","2"
"15759","2011","8","1"
"18001","2011","8","1"
"20001","2011","8","6"
"20517","2011","8","5"
"20621","2011","8","4"
"23068","2011","8","11"
"23419","2011","8","3"
"25572","2011","8","3"
"27050","2011","8","2"
"41872","2011","8","2"
"41885","2011","8","3"
"44001","2011","8","6"
"44279","2011","8","3"
"44430","2011","8","2"
"44650","2011","8","3"
"44874","2011","8","4"
"47980","2011","8","8"
"50450","2011","8","2"
"63212","2011","8","2"
"70204","2011","8","5"
"86001","2011","8","2"
"86568","2011","8","2"
"05667","2011","9","2"
"05736","2011","9","9"
"05890","2011","9","11"
"13667","2011","9","1"
"15814","2011","9","1"
"17013","2011","9","3"
"20443","2011","9","4"
"20517","2011","9","1"
"23068","2011","9","10"
"27810","2011","9","5"
"41132","2011","9","2"
"41524","2011","9","2"
"41801","2011","9","4"
"44098","2011","9","5"
"47980","2011","9","3"
"54810","2011","9","3"
"54820","2011","9","3"
"66001","2011","9","5"
"68498","2011","9","2"
"68684","2011","9","4"
"70508","2011","9","6"
"73030","2011","9","5"
"76306","2011","9","2"
"86573","2011","9","2"
"86865","2011","9","9"
"94001","2011","9","1"
"05113","2011","10","4"
"05313","2011","10","4"
"05490","2011","10","1"
"05674","2011","10","2"
"13244","2011","10","5"
"13490","2011","10","17"
"17873","2011","10","28"
"20001","2011","10","3"
"20621","2011","10","4"
"23555","2011","10","18"
"23580","2011","10","19"
"27160","2011","10","2"
"41078","2011","10","5"
"54239","2011","10","2"
"54820","2011","10","1"
"94001","2011","10","2"
"05120","2011","11","8"
"05649","2011","11","2"
"05670","2011","11","5"
"15106","2011","11","2"
"23090","2011","11","2"
"23417","2011","11","7"
"44279","2011","11","2"
"54518","2011","11","6"
"99624","2011","11","2"
"11001","2011","12","3"
"76001","2011","12","5"
"05079","2012","1","2"
"05234","2012","1","1"
"08573","2012","1","3"
"13490","2012","1","47"
"13600","2012","1","1"
"15097","2012","1","9"
"15572","2012","1","7"
"15757","2012","1","2"
"17867","2012","1","1"
"20001","2012","1","4"
"20228","2012","1","1"
"20295","2012","1","4"
"20550","2012","1","2"
"25269","2012","1","3"
"25368","2012","1","8"
"25740","2012","1","7"
"25754","2012","1","6"
"41001","2012","1","4"
"44090","2012","1","6"
"44279","2012","1","1"
"44430","2012","1","1"
"44874","2012","1","1"
"47980","2012","1","1"
"52001","2012","1","2"
"52885","2012","1","5"
"54125","2012","1","1"
"54172","2012","1","3"
"54518","2012","1","9"
"54720","2012","1","10"
"63690","2012","1","6"
"68162","2012","1","1"
"68190","2012","1","5"
"68655","2012","1","3"
"70230","2012","1","6"
"70400","2012","1","9"
"70508","2012","1","8"
"76001","2012","1","25"
"76233","2012","1","9"
"85230","2012","1","5"
"86885","2012","1","8"
"91001","2012","1","2"
"05308","2012","2","5"
"05495","2012","2","3"
"05667","2012","2","5"
"05887","2012","2","5"
"05893","2012","2","5"
"15097","2012","2","3"
"15507","2012","2","3"
"15599","2012","2","4"
"15757","2012","2","1"
"15759","2012","2","1"
"15804","2012","2","3"
"15810","2012","2","1"
"17867","2012","2","4"
"19698","2012","2","6"
"20001","2012","2","3"
"20011","2012","2","2"
"20517","2012","2","3"
"23068","2012","2","32"
"23580","2012","2","13"
"25279","2012","2","3"
"25754","2012","2","16"
"41016","2012","2","2"
"41524","2012","2","3"
"41676","2012","2","4"
"47001","2012","2","6"
"47980","2012","2","2"
"50150","2012","2","2"
"52036","2012","2","2"
"52203","2012","2","29"
"52540","2012","2","2"
"52693","2012","2","2"
"54172","2012","2","3"
"54720","2012","2","1"
"63130","2012","2","3"
"63212","2012","2","3"
"63401","2012","2","4"
"63470","2012","2","3"
"63548","2012","2","3"
"63594","2012","2","2"
"68266","2012","2","3"
"68575","2012","2","1"
"68655","2012","2","8"
"70230","2012","2","3"
"70508","2012","2","14"
"73030","2012","2","2"
"73443","2012","2","4"
"76606","2012","2","2"
"86001","2012","2","1"
"86320","2012","2","1"
"86885","2012","2","11"
"97001","2012","2","2"
"05031","2012","3","4"
"05120","2012","3","9"
"05206","2012","3","8"
"05321","2012","3","5"
"05604","2012","3","11"
"13744","2012","3","8"
"15224","2012","3","1"
"15507","2012","3","3"
"15814","2012","3","2"
"18001","2012","3","6"
"20443","2012","3","2"
"23068","2012","3","32"
"23419","2012","3","1"
"23580","2012","3","20"
"23660","2012","3","1"
"25612","2012","3","7"
"25758","2012","3","6"
"27001","2012","3","3"
"27160","2012","3","2"
"44078","2012","3","1"
"44430","2012","3","4"
"47001","2012","3","13"
"50223","2012","3","5"
"54099","2012","3","4"
"54720","2012","3","6"
"68207","2012","3","2"
"68266","2012","3","3"
"68464","2012","3","4"
"68684","2012","3","2"
"70215","2012","3","1"
"70418","2012","3","2"
"70508","2012","3","10"
"70717","2012","3","3"
"73030","2012","3","1"
"73168","2012","3","1"
"76109","2012","3","14"
"05250","2012","4","15"
"15572","2012","4","6"
"17272","2012","4","13"
"17614","2012","4","2"
"19318","2012","4","4"
"23068","2012","4","13"
"23660","2012","4","1"
"23807","2012","4","1"
"27160","2012","4","6"
"27491","2012","4","3"
"27787","2012","4","4"
"41551","2012","4","3"
"44090","2012","4","15"
"52001","2012","4","1"
"54518","2012","4","3"
"66318","2012","4","3"
"66682","2012","4","6"
"68684","2012","4","4"
"70708","2012","4","2"
"73270","2012","4","4"
"76109","2012","4","10"
"86568","2012","4","4"
"05021","2012","5","5"
"05079","2012","5","2"
"05091","2012","5","1"
"05120","2012","5","11"
"05234","2012","5","3"
"05250","2012","5","6"
"05667","2012","5","2"
"05686","2012","5","11"
"05736","2012","5","9"
"13490","2012","5","18"
"15097","2012","5","12"
"19698","2012","5","4"
"20011","2012","5","9"
"23068","2012","5","20"
"23580","2012","5","2"
"25754","2012","5","2"
"25758","2012","5","3"
"41551","2012","5","3"
"41885","2012","5","4"
"52885","2012","5","13"
"54125","2012","5","8"
"54480","2012","5","2"
"54720","2012","5","4"
"68655","2012","5","2"
"70110","2012","5","4"
"70215","2012","5","3"
"70230","2012","5","2"
"70508","2012","5","10"
"70670","2012","5","3"
"70708","2012","5","9"
"70823","2012","5","6"
"73168","2012","5","5"
"86320","2012","5","3"
"05031","2012","6","4"
"05079","2012","6","2"
"05390","2012","6","8"
"05579","2012","6","4"
"08638","2012","6","2"
"15097","2012","6","2"
"17614","2012","6","4"
"18001","2012","6","6"
"19532","2012","6","7"
"20011","2012","6","2"
"20614","2012","6","3"
"23466","2012","6","11"
"23580","2012","6","1"
"23675","2012","6","1"
"23682","2012","6","14"
"25297","2012","6","2"
"25885","2012","6","8"
"27787","2012","6","4"
"27810","2012","6","8"
"41872","2012","6","5"
"52427","2012","6","21"
"63001","2012","6","2"
"63470","2012","6","8"
"66001","2012","6","2"
"66682","2012","6","15"
"68655","2012","6","2"
"68684","2012","6","5"
"70215","2012","6","4"
"70418","2012","6","1"
"70717","2012","6","3"
"73217","2012","6","2"
"76233","2012","6","9"
"85410","2012","6","3"
"86320","2012","6","2"
"97001","2012","6","6"
"05079","2012","7","4"
"05736","2012","7","5"
"13667","2012","7","2"
"17442","2012","7","6"
"17495","2012","7","3"
"20001","2012","7","6"
"23068","2012","7","12"
"47001","2012","7","2"
"52001","2012","7","17"
"52693","2012","7","2"
"52699","2012","7","11"
"63401","2012","7","5"
"66682","2012","7","11"
"68307","2012","7","12"
"70508","2012","7","6"
"70742","2012","7","5"
"73001","2012","7","7"
"76109","2012","7","5"
"88564","2012","7","5"
"05079","2012","8","3"
"05585","2012","8","10"
"05790","2012","8","8"
"18001","2012","8","3"
"19001","2012","8","1"
"20011","2012","8","1"
"23182","2012","8","1"
"23189","2012","8","6"
"25426","2012","8","1"
"27361","2012","8","6"
"27810","2012","8","2"
"44090","2012","8","5"
"44378","2012","8","4"
"44650","2012","8","1"
"47001","2012","8","9"
"47288","2012","8","2"
"52233","2012","8","13"
"52786","2012","8","1"
"54003","2012","8","4"
"54239","2012","8","10"
"63001","2012","8","1"
"63130","2012","8","3"
"70230","2012","8","3"
"70418","2012","8","3"
"70708","2012","8","11"
"73067","2012","8","2"
"73443","2012","8","2"
"76834","2012","8","1"
"86573","2012","8","12"
"05579","2012","9","11"
"05674","2012","9","4"
"17614","2012","9","23"
"18001","2012","9","3"
"19001","2012","9","2"
"19698","2012","9","20"
"20011","2012","9","6"
"20550","2012","9","1"
"23068","2012","9","19"
"23189","2012","9","9"
"23660","2012","9","3"
"25740","2012","9","2"
"25875","2012","9","2"
"41551","2012","9","1"
"50001","2012","9","2"
"52001","2012","9","1"
"52786","2012","9","1"
"54239","2012","9","4"
"63212","2012","9","2"
"63690","2012","9","1"
"66318","2012","9","5"
"68190","2012","9","5"
"68464","2012","9","4"
"70230","2012","9","1"
"70418","2012","9","2"
"70708","2012","9","2"
"70717","2012","9","3"
"73861","2012","9","2"
"86001","2012","9","1"
"86568","2012","9","2"
"88564","2012","9","1"
"05079","2012","10","4"
"05847","2012","10","7"
"05858","2012","10","9"
"15425","2012","10","4"
"17662","2012","10","7"
"20011","2012","10","2"
"20517","2012","10","2"
"23189","2012","10","6"
"41396","2012","10","9"
"41551","2012","10","14"
"44078","2012","10","1"
"50001","2012","10","4"
"52110","2012","10","3"
"52540","2012","10","2"
"63470","2012","10","1"
"66440","2012","10","4"
"68101","2012","10","9"
"68385","2012","10","8"
"68615","2012","10","5"
"70215","2012","10","1"
"70418","2012","10","2"
"70473","2012","10","5"
"70717","2012","10","2"
"76001","2012","10","12"
"76869","2012","10","3"
"76892","2012","10","6"
"86885","2012","10","3"
"91001","2012","10","3"
"05113","2012","11","4"
"05667","2012","11","3"
"11001","2012","11","21"
"17388","2012","11","3"
"20517","2012","11","2"
"20787","2012","11","3"
"68147","2012","11","7"
"70823","2012","11","23"
"73217","2012","11","5"
"76869","2012","11","1"
"76892","2012","11","5"
"86001","2012","11","8"
"17042","2012","12","23"
"73217","2012","12","9"
"73861","2012","12","4"
"05031","2013","1","1"
"05113","2013","1","2"
"05154","2013","1","4"
"13670","2013","1","1"
"13780","2013","1","5"
"15572","2013","1","5"
"23068","2013","1","20"
"23660","2013","1","13"
"41518","2013","1","3"
"41797","2013","1","7"
"52885","2013","1","6"
"54518","2013","1","4"
"63001","2013","1","3"
"66682","2013","1","6"
"68266","2013","1","2"
"70230","2013","1","5"
"73168","2013","1","3"
"73861","2013","1","2"
"76233","2013","1","2"
"86001","2013","1","2"
"05308","2013","2","7"
"05670","2013","2","8"
"08832","2013","2","2"
"11001","2013","2","1"
"15507","2013","2","8"
"15511","2013","2","3"
"15572","2013","2","8"
"15673","2013","2","4"
"15757","2013","2","3"
"15837","2013","2","3"
"17042","2013","2","9"
"18256","2013","2","2"
"19256","2013","2","2"
"23068","2013","2","7"
"23189","2013","2","3"
"23555","2013","2","7"
"25099","2013","2","8"
"41524","2013","2","10"
"44001","2013","2","4"
"47001","2013","2","9"
"47288","2013","2","5"
"50223","2013","2","4"
"52036","2013","2","4"
"52233","2013","2","1"
"52378","2013","2","11"
"54051","2013","2","6"
"54172","2013","2","3"
"66594","2013","2","8"
"68190","2013","2","13"
"70215","2013","2","2"
"70230","2013","2","5"
"70418","2013","2","7"
"70473","2013","2","7"
"70508","2013","2","7"
"70523","2013","2","2"
"70717","2013","2","3"
"73067","2013","2","7"
"73217","2013","2","3"
"73686","2013","2","2"
"76001","2013","2","10"
"76109","2013","2","6"
"76111","2013","2","2"
"76306","2013","2","3"
"76869","2013","2","8"
"76895","2013","2","11"
"05091","2013","3","3"
"05113","2013","3","1"
"05284","2013","3","2"
"05658","2013","3","3"
"11001","2013","3","1"
"15367","2013","3","4"
"15757","2013","3","2"
"15842","2013","3","6"
"17614","2013","3","4"
"20228","2013","3","1"
"20750","2013","3","10"
"23068","2013","3","34"
"23660","2013","3","2"
"25740","2013","3","2"
"25851","2013","3","3"
"47001","2013","3","22"
"52260","2013","3","2"
"63594","2013","3","2"
"66001","2013","3","1"
"66440","2013","3","6"
"66682","2013","3","8"
"68266","2013","3","6"
"68385","2013","3","2"
"68432","2013","3","2"
"70230","2013","3","6"
"70418","2013","3","3"
"70473","2013","3","11"
"70508","2013","3","13"
"70708","2013","3","4"
"73067","2013","3","2"
"76001","2013","3","50"
"76233","2013","3","3"
"05120","2013","4","2"
"05308","2013","4","3"
"05313","2013","4","1"
"13490","2013","4","3"
"13600","2013","4","2"
"13667","2013","4","1"
"15236","2013","4","7"
"15367","2013","4","2"
"15861","2013","4","2"
"17013","2013","4","29"
"17495","2013","4","2"
"19397","2013","4","3"
"23068","2013","4","9"
"23682","2013","4","5"
"25754","2013","4","2"
"27491","2013","4","1"
"41001","2013","4","3"
"47053","2013","4","9"
"52036","2013","4","3"
"52683","2013","4","2"
"52685","2013","4","6"
"52720","2013","4","5"
"54239","2013","4","13"
"54720","2013","4","14"
"66682","2013","4","6"
"68101","2013","4","1"
"68867","2013","4","3"
"70215","2013","4","2"
"70230","2013","4","2"
"70508","2013","4","4"
"73067","2013","4","3"
"73168","2013","4","4"
"73770","2013","4","4"
"76100","2013","4","2"
"76111","2013","4","11"
"76233","2013","4","16"
"05240","2013","5","1"
"05579","2013","5","3"
"05895","2013","5","1"
"08685","2013","5","3"
"13074","2013","5","1"
"15403","2013","5","3"
"15774","2013","5","4"
"15804","2013","5","2"
"17614","2013","5","30"
"23580","2013","5","5"
"25438","2013","5","10"
"25473","2013","5","11"
"25758","2013","5","5"
"41551","2013","5","1"
"52110","2013","5","4"
"52480","2013","5","4"
"52885","2013","5","4"
"66001","2013","5","2"
"70233","2013","5","1"
"70823","2013","5","19"
"73168","2013","5","4"
"73861","2013","5","3"
"76109","2013","5","7"
"76111","2013","5","2"
"88564","2013","5","1"
"91001","2013","5","7"
"05154","2013","6","19"
"05308","2013","6","3"
"05690","2013","6","3"
"15403","2013","6","6"
"15507","2013","6","2"
"15599","2013","6","5"
"18756","2013","6","19"
"19698","2013","6","1"
"20060","2013","6","1"
"23068","2013","6","8"
"27491","2013","6","5"
"41799","2013","6","1"
"44650","2013","6","1"
"47001","2013","6","3"
"50287","2013","6","2"
"52260","2013","6","2"
"52786","2013","6","4"
"52885","2013","6","2"
"54261","2013","6","1"
"54720","2013","6","23"
"63001","2013","6","5"
"63690","2013","6","2"
"68655","2013","6","2"
"73268","2013","6","10"
"76109","2013","6","5"
"76126","2013","6","4"
"76233","2013","6","2"
"86001","2013","6","3"
"05790","2013","7","7"
"05854","2013","7","7"
"13074","2013","7","2"
"13688","2013","7","2"
"17380","2013","7","1"
"20001","2013","7","3"
"20228","2013","7","1"
"23189","2013","7","9"
"47288","2013","7","5"
"47980","2013","7","3"
"52210","2013","7","3"
"66001","2013","7","2"
"68162","2013","7","2"
"68655","2013","7","5"
"68705","2013","7","2"
"73217","2013","7","7"
"73283","2013","7","1"
"73585","2013","7","2"
"76109","2013","7","1"
"76113","2013","7","3"
"76147","2013","7","2"
"85250","2013","7","3"
"05364","2013","8","3"
"05585","2013","8","10"
"20013","2013","8","2"
"20045","2013","8","3"
"20400","2013","8","2"
"23807","2013","8","1"
"47980","2013","8","3"
"66682","2013","8","6"
"70215","2013","8","2"
"73168","2013","8","7"
"76111","2013","8","8"
"76520","2013","8","6"
"17088","2013","9","7"
"17541","2013","9","2"
"20228","2013","9","1"
"25758","2013","9","2"
"50680","2013","9","3"
"63594","2013","9","1"
"68684","2013","9","4"
"73678","2013","9","4"
"73686","2013","9","4"
"76111","2013","9","13"
"15097","2013","10","3"
"15244","2013","10","2"
"17013","2013","10","10"
"17777","2013","10","6"
"17867","2013","10","2"
"25740","2013","10","5"
"25899","2013","10","7"
"44078","2013","10","4"
"52786","2013","10","2"
"52885","2013","10","4"
"63690","2013","10","5"
"68406","2013","10","7"
"73861","2013","10","5"
"76834","2013","10","2"
"94001","2013","10","11"
"05031","2013","11","4"
"05154","2013","11","2"
"05390","2013","11","4"
"05591","2013","11","2"
"05660","2013","11","6"
"05861","2013","11","4"
"18756","2013","11","2"
"23068","2013","11","14"
"23189","2013","11","6"
"23807","2013","11","2"
"25572","2013","11","3"
"41518","2013","11","2"
"52786","2013","11","2"
"70823","2013","11","1"
"73217","2013","11","1"
"76109","2013","11","2"
"86571","2013","11","7"
"05234","2013","12","10"
"05579","2013","12","2"
"47980","2013","12","3"
"52435","2013","12","1"
"54001","2013","12","4"
"54720","2013","12","15"
"68207","2013","12","1"
"68266","2013","12","2"
"73217","2013","12","1"
"05250","2014","1","7"
"13688","2014","1","4"
"15238","2014","1","3"
"15673","2014","1","10"
"15810","2014","1","5"
"19137","2014","1","4"
"20228","2014","1","3"
"20750","2014","1","4"
"23068","2014","1","10"
"23855","2014","1","6"
"25899","2014","1","22"
"41797","2014","1","8"
"41872","2014","1","2"
"44650","2014","1","1"
"44855","2014","1","1"
"47980","2014","1","9"
"52210","2014","1","4"
"52885","2014","1","2"
"54003","2014","1","6"
"66440","2014","1","2"
"68190","2014","1","3"
"68432","2014","1","4"
"70001","2014","1","1"
"70204","2014","1","6"
"70418","2014","1","2"
"73030","2014","1","4"
"73411","2014","1","2"
"73624","2014","1","3"
"73770","2014","1","4"
"86885","2014","1","3"
"91001","2014","1","1"
"99001","2014","1","11"
"05040","2014","2","1"
"05113","2014","2","1"
"05250","2014","2","3"
"13667","2014","2","6"
"15599","2014","2","4"
"15753","2014","2","5"
"15842","2014","2","6"
"17614","2014","2","11"
"19698","2014","2","1"
"20011","2014","2","2"
"20517","2014","2","1"
"23162","2014","2","6"
"25426","2014","2","3"
"41132","2014","2","5"
"41524","2014","2","2"
"41885","2014","2","2"
"44090","2014","2","2"
"52210","2014","2","2"
"52685","2014","2","4"
"52885","2014","2","4"
"54680","2014","2","10"
"63690","2014","2","3"
"66440","2014","2","2"
"68207","2014","2","3"
"68432","2014","2","4"
"70124","2014","2","2"
"70230","2014","2","2"
"70823","2014","2","12"
"76001","2014","2","10"
"76109","2014","2","5"
"86573","2014","2","7"
"05237","2014","3","16"
"05579","2014","3","8"
"05686","2014","3","12"
"05858","2014","3","3"
"15804","2014","3","3"
"17272","2014","3","18"
"20295","2014","3","4"
"23189","2014","3","1"
"23417","2014","3","2"
"23466","2014","3","3"
"23555","2014","3","1"
"25224","2014","3","11"
"25307","2014","3","3"
"27001","2014","3","1"
"41306","2014","3","2"
"41349","2014","3","3"
"41551","2014","3","1"
"47001","2014","3","15"
"50573","2014","3","5"
"52019","2014","3","2"
"52685","2014","3","4"
"52885","2014","3","21"
"54498","2014","3","4"
"66682","2014","3","3"
"68190","2014","3","4"
"68207","2014","3","2"
"70110","2014","3","2"
"70230","2014","3","7"
"70418","2014","3","2"
"70508","2014","3","1"
"70678","2014","3","3"
"76001","2014","3","1"
"76520","2014","3","2"
"81001","2014","3","6"
"86885","2014","3","3"
"05113","2014","4","1"
"05579","2014","4","4"
"13688","2014","4","7"
"15757","2014","4","3"
"15774","2014","4","5"
"19100","2014","4","1"
"20517","2014","4","1"
"23068","2014","4","22"
"23660","2014","4","2"
"27787","2014","4","3"
"41872","2014","4","1"
"47980","2014","4","3"
"52540","2014","4","4"
"52685","2014","4","4"
"52786","2014","4","3"
"52838","2014","4","5"
"54261","2014","4","11"
"54810","2014","4","3"
"63212","2014","4","1"
"66594","2014","4","3"
"70230","2014","4","4"
"70418","2014","4","12"
"70508","2014","4","3"
"73168","2014","4","4"
"81001","2014","4","2"
"97001","2014","4","7"
"05113","2014","5","1"
"05125","2014","5","3"
"05234","2014","5","6"
"05736","2014","5","4"
"05790","2014","5","10"
"05893","2014","5","3"
"13468","2014","5","2"
"13657","2014","5","3"
"13688","2014","5","3"
"15001","2014","5","9"
"15861","2014","5","3"
"17495","2014","5","3"
"17777","2014","5","4"
"19256","2014","5","2"
"23466","2014","5","8"
"23682","2014","5","2"
"25426","2014","5","3"
"41770","2014","5","6"
"47189","2014","5","14"
"52019","2014","5","4"
"52036","2014","5","5"
"52051","2014","5","3"
"52260","2014","5","3"
"52287","2014","5","1"
"52683","2014","5","2"
"54518","2014","5","3"
"54660","2014","5","9"
"54720","2014","5","26"
"54810","2014","5","3"
"66572","2014","5","2"
"66682","2014","5","1"
"68190","2014","5","1"
"68207","2014","5","8"
"68655","2014","5","2"
"70230","2014","5","2"
"70418","2014","5","2"
"73217","2014","5","4"
"76233","2014","5","1"
"05031","2014","6","5"
"05051","2014","6","3"
"05120","2014","6","5"
"05895","2014","6","3"
"15001","2014","6","2"
"15403","2014","6","2"
"17001","2014","6","2"
"20011","2014","6","2"
"23001","2014","6","2"
"23068","2014","6","14"
"23162","2014","6","1"
"23660","2014","6","1"
"23678","2014","6","1"
"25758","2014","6","6"
"52019","2014","6","2"
"52207","2014","6","4"
"52540","2014","6","4"
"52885","2014","6","6"
"54518","2014","6","10"
"54720","2014","6","15"
"68266","2014","6","2"
"68655","2014","6","2"
"70418","2014","6","2"
"73152","2014","6","1"
"73483","2014","6","1"
"76130","2014","6","1"
"94001","2014","6","10"
"05001","2014","7","3"
"05079","2014","7","3"
"05154","2014","7","1"
"05234","2014","7","2"
"05361","2014","7","2"
"05585","2014","7","16"
"05690","2014","7","4"
"05736","2014","7","4"
"05761","2014","7","6"
"05895","2014","7","14"
"17513","2014","7","12"
"19110","2014","7","5"
"20001","2014","7","3"
"23068","2014","7","4"
"54480","2014","7","11"
"54720","2014","7","16"
"66594","2014","7","2"
"68684","2014","7","3"
"73408","2014","7","8"
"76001","2014","7","2"
"76130","2014","7","1"
"76233","2014","7","1"
"94001","2014","7","4"
"05031","2014","8","12"
"05088","2014","8","1"
"05113","2014","8","2"
"05604","2014","8","2"
"15087","2014","8","3"
"15367","2014","8","4"
"20228","2014","8","1"
"23001","2014","8","5"
"23068","2014","8","22"
"25307","2014","8","5"
"41001","2014","8","4"
"44090","2014","8","1"
"47001","2014","8","22"
"47980","2014","8","3"
"50150","2014","8","2"
"52019","2014","8","6"
"52079","2014","8","2"
"52621","2014","8","1"
"52683","2014","8","3"
"54553","2014","8","8"
"54673","2014","8","8"
"63130","2014","8","2"
"73217","2014","8","5"
"76233","2014","8","4"
"91001","2014","8","10"
"05313","2014","9","5"
"05579","2014","9","3"
"05686","2014","9","1"
"13074","2014","9","16"
"15236","2014","9","3"
"15842","2014","9","3"
"19450","2014","9","1"
"19622","2014","9","7"
"19701","2014","9","3"
"23162","2014","9","1"
"25740","2014","9","2"
"27787","2014","9","6"
"41132","2014","9","2"
"41396","2014","9","3"
"41551","2014","9","3"
"44279","2014","9","1"
"54172","2014","9","2"
"68464","2014","9","2"
"70418","2014","9","3"
"73283","2014","9","4"
"73349","2014","9","2"
"73443","2014","9","2"
"86569","2014","9","1"
"05154","2014","10","4"
"05190","2014","10","5"
"05212","2014","10","3"
"15842","2014","10","1"
"17174","2014","10","1"
"17614","2014","10","5"
"19300","2014","10","1"
"19785","2014","10","1"
"20228","2014","10","2"
"23068","2014","10","4"
"25326","2014","10","1"
"27787","2014","10","5"
"47189","2014","10","8"
"47980","2014","10","19"
"52240","2014","10","4"
"54001","2014","10","7"
"54003","2014","10","7"
"68780","2014","10","2"
"70418","2014","10","2"
"86571","2014","10","4"
"91001","2014","10","18"
"05079","2014","11","1"
"05120","2014","11","11"
"05154","2014","11","11"
"05250","2014","11","18"
"05495","2014","11","9"
"05579","2014","11","1"
"05604","2014","11","8"
"05615","2014","11","1"
"05690","2014","11","6"
"05736","2014","11","35"
"05790","2014","11","7"
"05895","2014","11","7"
"15187","2014","11","5"
"15236","2014","11","5"
"15759","2014","11","5"
"19698","2014","11","38"
"23068","2014","11","26"
"23189","2014","11","5"
"23570","2014","11","4"
"25307","2014","11","5"
"25754","2014","11","5"
"41349","2014","11","2"
"41668","2014","11","4"
"44090","2014","11","2"
"54003","2014","11","3"
"54261","2014","11","28"
"66088","2014","11","1"
"73678","2014","11","4"
"76001","2014","11","2"
"76364","2014","11","4"
"76892","2014","11","11"
"76895","2014","11","4"
"91001","2014","11","8"
"99773","2014","11","2"
"05120","2014","12","6"
"05154","2014","12","23"
"05234","2014","12","2"
"05250","2014","12","4"
"05368","2014","12","1"
"05579","2014","12","1"
"05604","2014","12","3"
"05736","2014","12","2"
"05890","2014","12","4"
"05893","2014","12","3"
"05895","2014","12","16"
"15759","2014","12","4"
"17013","2014","12","2"
"20011","2014","12","3"
"23068","2014","12","30"
"27050","2014","12","12"
"27787","2014","12","3"
"52885","2014","12","13"
"54261","2014","12","6"
"73349","2014","12","1"
"76130","2014","12","9"
"76364","2014","12","6"
"76892","2014","12","4"
"05031","2015","1","10"
"05120","2015","1","27"
"05154","2015","1","33"
"05234","2015","1","4"
"05250","2015","1","1"
"05467","2015","1","3"
"05480","2015","1","2"
"05690","2015","1","9"
"05790","2015","1","11"
"05895","2015","1","5"
"13688","2015","1","2"
"13744","2015","1","12"
"15187","2015","1","18"
"15673","2015","1","2"
"15757","2015","1","10"
"15810","2015","1","3"
"19785","2015","1","1"
"23068","2015","1","32"
"23678","2015","1","3"
"25823","2015","1","4"
"27006","2015","1","7"
"41132","2015","1","4"
"41551","2015","1","2"
"41885","2015","1","2"
"44650","2015","1","7"
"47001","2015","1","4"
"47980","2015","1","4"
"50226","2015","1","2"
"52001","2015","1","4"
"52019","2015","1","4"
"52354","2015","1","1"
"52838","2015","1","1"
"54239","2015","1","4"
"54261","2015","1","7"
"54498","2015","1","3"
"54673","2015","1","1"
"68464","2015","1","2"
"70110","2015","1","2"
"70670","2015","1","4"
"73408","2015","1","13"
"76001","2015","1","2"
"76364","2015","1","8"
"76520","2015","1","2"
"76616","2015","1","9"
"05042","2015","2","15"
"05079","2015","2","2"
"05113","2015","2","5"
"05120","2015","2","4"
"05125","2015","2","5"
"05154","2015","2","13"
"05172","2015","2","1"
"05234","2015","2","19"
"05411","2015","2","4"
"05425","2015","2","2"
"05480","2015","2","1"
"05495","2015","2","14"
"05604","2015","2","8"
"05658","2015","2","1"
"05670","2015","2","12"
"05690","2015","2","3"
"05890","2015","2","4"
"13688","2015","2","10"
"15092","2015","2","9"
"15204","2015","2","1"
"15236","2015","2","3"
"15491","2015","2","2"
"15806","2015","2","7"
"18029","2015","2","8"
"19532","2015","2","11"
"19622","2015","2","1"
"19698","2015","2","11"
"19785","2015","2","1"
"20011","2015","2","2"
"20238","2015","2","6"
"20383","2015","2","13"
"23068","2015","2","11"
"23417","2015","2","1"
"23678","2015","2","2"
"25407","2015","2","5"
"25754","2015","2","3"
"27050","2015","2","2"
"27800","2015","2","6"
"41298","2015","2","1"
"41524","2015","2","1"
"44090","2015","2","7"
"47001","2015","2","5"
"47053","2015","2","2"
"47980","2015","2","6"
"52352","2015","2","3"
"52506","2015","2","1"
"54261","2015","2","21"
"54673","2015","2","3"
"54810","2015","2","3"
"66088","2015","2","2"
"68464","2015","2","3"
"68655","2015","2","6"
"68745","2015","2","8"
"70508","2015","2","2"
"73678","2015","2","2"
"76001","2015","2","7"
"76111","2015","2","4"
"76364","2015","2","5"
"76520","2015","2","4"
"85230","2015","2","4"
"86885","2015","2","3"
"91001","2015","2","3"
"05001","2015","3","1"
"05038","2015","3","10"
"05042","2015","3","4"
"05113","2015","3","7"
"05120","2015","3","13"
"05154","2015","3","6"
"05237","2015","3","14"
"05250","2015","3","7"
"05264","2015","3","2"
"05847","2015","3","3"
"05854","2015","3","5"
"05895","2015","3","2"
"13647","2015","3","4"
"15224","2015","3","3"
"15757","2015","3","3"
"15861","2015","3","5"
"17001","2015","3","53"
"17013","2015","3","11"
"17380","2015","3","2"
"17486","2015","3","3"
"19809","2015","3","10"
"20250","2015","3","6"
"20550","2015","3","1"
"23068","2015","3","6"
"23350","2015","3","4"
"23570","2015","3","4"
"25297","2015","3","1"
"25407","2015","3","5"
"27135","2015","3","12"
"41016","2015","3","6"
"44001","2015","3","6"
"44090","2015","3","4"
"44874","2015","3","3"
"47001","2015","3","3"
"47288","2015","3","12"
"47980","2015","3","5"
"50711","2015","3","2"
"54680","2015","3","6"
"70508","2015","3","1"
"73055","2015","3","2"
"73067","2015","3","2"
"76130","2015","3","5"
"76364","2015","3","4"
"91001","2015","3","1"
"99773","2015","3","11"
"05079","2015","4","4"
"05120","2015","4","6"
"05125","2015","4","2"
"05250","2015","4","4"
"05495","2015","4","4"
"05670","2015","4","11"
"05686","2015","4","12"
"05895","2015","4","22"
"13300","2015","4","4"
"13647","2015","4","1"
"13667","2015","4","3"
"15804","2015","4","2"
"17614","2015","4","26"
"19300","2015","4","1"
"19450","2015","4","3"
"23068","2015","4","37"
"23660","2015","4","3"
"23678","2015","4","3"
"25486","2015","4","8"
"25758","2015","4","2"
"25772","2015","4","10"
"25817","2015","4","5"
"27001","2015","4","1"
"27413","2015","4","5"
"41524","2015","4","4"
"41676","2015","4","2"
"47001","2015","4","11"
"47980","2015","4","4"
"50223","2015","4","2"
"52207","2015","4","4"
"52687","2015","4","1"
"52885","2015","4","3"
"54874","2015","4","1"
"63111","2015","4","9"
"68190","2015","4","4"
"73861","2015","4","4"
"76001","2015","4","4"
"76130","2015","4","2"
"76248","2015","4","2"
"76377","2015","4","4"
"76520","2015","4","12"
"05031","2015","5","4"
"05079","2015","5","5"
"05113","2015","5","4"
"05120","2015","5","18"
"05495","2015","5","1"
"05579","2015","5","7"
"05895","2015","5","4"
"08573","2015","5","7"
"13300","2015","5","3"
"13647","2015","5","3"
"13780","2015","5","7"
"13873","2015","5","5"
"15236","2015","5","1"
"17380","2015","5","10"
"19300","2015","5","1"
"19701","2015","5","4"
"23068","2015","5","15"
"23162","2015","5","1"
"23678","2015","5","2"
"23682","2015","5","9"
"27006","2015","5","3"
"27050","2015","5","9"
"41524","2015","5","1"
"47001","2015","5","21"
"47058","2015","5","3"
"52210","2015","5","3"
"54239","2015","5","2"
"54673","2015","5","5"
"68547","2015","5","2"
"70473","2015","5","1"
"76275","2015","5","8"
"76622","2015","5","3"
"94001","2015","5","47"
"05002","2015","6","3"
"05079","2015","6","14"
"05138","2015","6","13"
"05154","2015","6","1"
"05658","2015","6","3"
"17001","2015","6","4"
"17614","2015","6","3"
"19785","2015","6","1"
"20011","2015","6","1"
"20238","2015","6","3"
"23068","2015","6","56"
"23678","2015","6","2"
"25200","2015","6","5"
"25758","2015","6","7"
"25899","2015","6","9"
"27001","2015","6","10"
"41797","2015","6","1"
"47980","2015","6","9"
"52685","2015","6","4"
"52885","2015","6","2"
"54518","2015","6","4"
"68190","2015","6","4"
"73283","2015","6","5"
"73861","2015","6","7"
"76001","2015","6","1"
"76111","2015","6","3"
"76520","2015","6","4"
"94001","2015","6","6"
"95001","2015","6","6"
"05113","2015","7","16"
"05120","2015","7","3"
"05250","2015","7","2"
"05306","2015","7","1"
"05390","2015","7","1"
"15494","2015","7","2"
"17013","2015","7","2"
"17388","2015","7","7"
"17873","2015","7","18"
"23068","2015","7","17"
"23350","2015","7","2"
"25899","2015","7","10"
"27135","2015","7","12"
"27150","2015","7","7"
"47001","2015","7","3"
"50223","2015","7","6"
"54680","2015","7","20"
"63470","2015","7","2"
"68655","2015","7","11"
"73001","2015","7","7"
"76364","2015","7","1"
"76616","2015","7","6"
"97001","2015","7","11"
"05120","2015","8","3"
"05125","2015","8","3"
"05154","2015","8","22"
"05579","2015","8","9"
"15759","2015","8","6"
"17272","2015","8","11"
"19110","2015","8","3"
"25781","2015","8","4"
"25899","2015","8","6"
"27006","2015","8","1"
"27600","2015","8","8"
"47001","2015","8","5"
"52678","2015","8","2"
"54660","2015","8","28"
"54680","2015","8","9"
"66594","2015","8","3"
"68001","2015","8","1"
"68307","2015","8","1"
"68655","2015","8","1"
"76001","2015","8","2"
"76109","2015","8","7"
"76233","2015","8","4"
"94001","2015","8","3"
"05042","2015","9","10"
"05113","2015","9","8"
"05120","2015","9","21"
"05154","2015","9","7"
"05690","2015","9","5"
"11001","2015","9","1"
"13810","2015","9","2"
"17867","2015","9","8"
"19785","2015","9","5"
"20001","2015","9","2"
"23001","2015","9","7"
"23068","2015","9","3"
"23678","2015","9","1"
"25754","2015","9","4"
"27160","2015","9","2"
"44650","2015","9","3"
"47001","2015","9","5"
"52435","2015","9","2"
"54261","2015","9","26"
"68266","2015","9","15"
"68464","2015","9","1"
"68655","2015","9","7"
"70473","2015","9","3"
"70713","2015","9","2"
"73283","2015","9","2"
"73411","2015","9","3"
"76520","2015","9","6"
"05079","2015","10","1"
"05113","2015","10","2"
"05154","2015","10","6"
"05250","2015","10","5"
"05670","2015","10","6"
"15236","2015","10","4"
"15572","2015","10","5"
"17662","2015","10","3"
"20228","2015","10","4"
"23068","2015","10","3"
"25224","2015","10","1"
"25269","2015","10","6"
"25740","2015","10","1"
"27361","2015","10","1"
"27600","2015","10","4"
"47001","2015","10","6"
"68081","2015","10","6"
"73043","2015","10","4"
"73067","2015","10","8"
"76001","2015","10","4"
"76109","2015","10","6"
"05079","2015","11","6"
"05113","2015","11","3"
"05120","2015","11","5"
"05138","2015","11","1"
"05154","2015","11","7"
"05234","2015","11","13"
"11001","2015","11","7"
"15001","2015","11","1"
"23068","2015","11","3"
"25754","2015","11","3"
"25843","2015","11","1"
"27073","2015","11","2"
"41615","2015","11","2"
"47980","2015","11","1"
"52699","2015","11","4"
"52838","2015","11","3"
"54498","2015","11","4"
"76109","2015","11","6"
"99773","2015","11","22"
"05154","2015","12","5"
"13688","2015","12","14"
"19300","2015","12","1"
"25817","2015","12","3"
"41524","2015","12","2"
"47001","2015","12","6"
"54001","2015","12","7"
"91001","2015","12","6"
"95001","2015","12","4"
"05079","2016","1","3"
"05113","2016","1","1"
"05120","2016","1","2"
"05154","2016","1","36"
"05190","2016","1","4"
"05197","2016","1","2"
"05306","2016","1","2"
"05585","2016","1","2"
"05652","2016","1","2"
"05686","2016","1","5"
"05895","2016","1","2"
"17272","2016","1","43"
"17380","2016","1","4"
"17614","2016","1","1"
"20060","2016","1","7"
"23068","2016","1","35"
"23570","2016","1","5"
"23678","2016","1","3"
"23807","2016","1","6"
"25099","2016","1","6"
"25269","2016","1","4"
"25430","2016","1","2"
"25754","2016","1","7"
"27001","2016","1","5"
"27050","2016","1","6"
"47001","2016","1","7"
"47980","2016","1","15"
"54003","2016","1","5"
"54498","2016","1","1"
"54680","2016","1","1"
"54720","2016","1","9"
"68167","2016","1","2"
"68655","2016","1","5"
"73168","2016","1","3"
"73411","2016","1","2"
"76001","2016","1","1"
"76520","2016","1","12"
"86885","2016","1","6"
"91001","2016","1","1"
"94001","2016","1","4"
"97001","2016","1","2"
"99001","2016","1","1"
"99773","2016","1","1"
"05079","2016","2","10"
"05120","2016","2","21"
"05154","2016","2","29"
"05190","2016","2","2"
"05658","2016","2","4"
"05887","2016","2","1"
"11001","2016","2","10"
"13468","2016","2","9"
"19256","2016","2","4"
"20228","2016","2","2"
"23068","2016","2","4"
"23350","2016","2","4"
"23466","2016","2","1"
"23580","2016","2","4"
"23660","2016","2","1"
"27150","2016","2","4"
"27800","2016","2","4"
"41016","2016","2","2"
"41298","2016","2","2"
"41306","2016","2","2"
"41396","2016","2","2"
"44560","2016","2","2"
"47001","2016","2","12"
"52683","2016","2","3"
"52885","2016","2","3"
"54001","2016","2","1"
"54099","2016","2","7"
"54680","2016","2","8"
"54720","2016","2","14"
"63130","2016","2","2"
"68190","2016","2","6"
"68276","2016","2","3"
"68464","2016","2","2"
"68500","2016","2","3"
"68655","2016","2","4"
"70204","2016","2","8"
"73067","2016","2","5"
"73483","2016","2","1"
"76036","2016","2","1"
"76109","2016","2","6"
"76111","2016","2","4"
"76130","2016","2","1"
"76233","2016","2","3"
"76616","2016","2","9"
"85410","2016","2","1"
"85440","2016","2","3"
"05031","2016","3","8"
"05079","2016","3","27"
"05120","2016","3","4"
"05234","2016","3","14"
"05308","2016","3","2"
"05313","2016","3","3"
"05411","2016","3","5"
"05890","2016","3","5"
"08372","2016","3","5"
"08433","2016","3","5"
"15001","2016","3","4"
"15236","2016","3","3"
"19300","2016","3","1"
"20178","2016","3","17"
"23660","2016","3","1"
"25754","2016","3","3"
"27006","2016","3","4"
"27135","2016","3","4"
"27810","2016","3","7"
"41016","2016","3","10"
"41132","2016","3","14"
"41244","2016","3","2"
"41770","2016","3","2"
"41791","2016","3","10"
"47001","2016","3","2"
"50223","2016","3","2"
"52207","2016","3","5"
"52354","2016","3","3"
"54001","2016","3","10"
"54261","2016","3","6"
"54673","2016","3","4"
"54720","2016","3","11"
"68190","2016","3","2"
"68615","2016","3","1"
"68655","2016","3","5"
"73270","2016","3","3"
"73411","2016","3","3"
"76233","2016","3","7"
"76306","2016","3","6"
"76670","2016","3","2"
"76869","2016","3","2"
"86571","2016","3","4"
"94001","2016","3","4"
"05031","2016","4","1"
"05079","2016","4","17"
"05154","2016","4","7"
"05212","2016","4","18"
"05308","2016","4","42"
"05380","2016","4","2"
"05495","2016","4","4"
"05667","2016","4","40"
"05790","2016","4","2"
"05856","2016","4","1"
"08296","2016","4","4"
"08372","2016","4","6"
"11001","2016","4","7"
"13780","2016","4","1"
"15296","2016","4","6"
"17013","2016","4","20"
"19698","2016","4","9"
"20060","2016","4","4"
"23068","2016","4","32"
"23555","2016","4","1"
"23580","2016","4","9"
"25377","2016","4","2"
"25407","2016","4","3"
"27361","2016","4","6"
"27600","2016","4","5"
"41615","2016","4","21"
"41668","2016","4","4"
"47001","2016","4","2"
"47288","2016","4","5"
"52207","2016","4","5"
"52352","2016","4","1"
"52720","2016","4","3"
"54498","2016","4","1"
"54680","2016","4","15"
"68547","2016","4","2"
"70418","2016","4","5"
"70508","2016","4","3"
"73067","2016","4","3"
"73408","2016","4","1"
"73411","2016","4","4"
"76001","2016","4","1"
"76041","2016","4","1"
"76233","2016","4","2"
"76318","2016","4","1"
"76377","2016","4","2"
"86571","2016","4","6"
"86885","2016","4","9"
"91798","2016","4","1"
"94001","2016","4","24"
"05001","2016","5","1"
"05079","2016","5","7"
"05113","2016","5","6"
"05120","2016","5","10"
"05172","2016","5","2"
"05308","2016","5","2"
"05390","2016","5","2"
"05480","2016","5","4"
"05674","2016","5","3"
"05895","2016","5","2"
"13244","2016","5","3"
"13300","2016","5","5"
"13490","2016","5","1"
"17873","2016","5","2"
"18756","2016","5","19"
"19698","2016","5","4"
"20238","2016","5","6"
"23068","2016","5","28"
"23555","2016","5","6"
"23580","2016","5","19"
"23660","2016","5","2"
"25200","2016","5","5"
"25843","2016","5","1"
"27001","2016","5","2"
"27050","2016","5","1"
"27450","2016","5","3"
"41001","2016","5","2"
"41524","2016","5","7"
"41551","2016","5","5"
"41799","2016","5","3"
"44650","2016","5","2"
"47001","2016","5","12"
"50573","2016","5","1"
"52001","2016","5","4"
"52207","2016","5","3"
"52838","2016","5","1"
"52885","2016","5","4"
"68147","2016","5","2"
"68207","2016","5","2"
"70473","2016","5","11"
"73408","2016","5","4"
"76001","2016","5","5"
"76377","2016","5","2"
"76736","2016","5","12"
"86573","2016","5","7"
"91001","2016","5","2"
"91540","2016","5","1"
"05021","2016","6","6"
"05031","2016","6","2"
"05113","2016","6","11"
"05120","2016","6","5"
"05264","2016","6","3"
"05390","2016","6","4"
"05686","2016","6","3"
"05756","2016","6","9"
"08372","2016","6","2"
"08433","2016","6","4"
"15759","2016","6","2"
"15861","2016","6","8"
"17867","2016","6","9"
"19698","2016","6","2"
"19809","2016","6","3"
"20228","2016","6","4"
"20238","2016","6","4"
"23068","2016","6","8"
"23466","2016","6","9"
"23555","2016","6","2"
"23682","2016","6","4"
"25183","2016","6","2"
"27150","2016","6","1"
"27361","2016","6","9"
"41298","2016","6","3"
"41799","2016","6","3"
"44110","2016","6","2"
"44430","2016","6","2"
"47001","2016","6","5"
"52573","2016","6","1"
"54553","2016","6","6"
"54673","2016","6","6"
"66088","2016","6","7"
"68162","2016","6","1"
"68307","2016","6","2"
"68464","2016","6","1"
"68655","2016","6","1"
"70215","2016","6","2"
"70717","2016","6","1"
"73319","2016","6","5"
"76001","2016","6","12"
"99001","2016","6","1"
"05001","2016","7","1"
"05030","2016","7","2"
"05079","2016","7","14"
"05113","2016","7","17"
"05284","2016","7","5"
"05380","2016","7","1"
"05390","2016","7","5"
"05660","2016","7","1"
"05736","2016","7","2"
"05890","2016","7","5"
"13458","2016","7","2"
"20238","2016","7","4"
"23068","2016","7","2"
"23678","2016","7","1"
"25200","2016","7","8"
"25740","2016","7","6"
"27001","2016","7","12"
"27361","2016","7","9"
"27787","2016","7","13"
"47189","2016","7","9"
"47980","2016","7","7"
"52399","2016","7","3"
"52540","2016","7","2"
"66572","2016","7","1"
"70508","2016","7","2"
"73055","2016","7","4"
"73270","2016","7","3"
"73443","2016","7","2"
"76001","2016","7","6"
"76122","2016","7","1"
"76869","2016","7","1"
"05031","2016","8","4"
"05042","2016","8","4"
"05120","2016","8","6"
"05142","2016","8","4"
"05190","2016","8","5"
"05212","2016","8","13"
"05250","2016","8","8"
"05310","2016","8","1"
"05679","2016","8","4"
"05895","2016","8","3"
"08296","2016","8","11"
"08433","2016","8","5"
"08638","2016","8","4"
"13074","2016","8","2"
"17042","2016","8","21"
"17380","2016","8","2"
"19698","2016","8","7"
"19809","2016","8","2"
"23068","2016","8","18"
"23466","2016","8","4"
"23555","2016","8","3"
"23682","2016","8","2"
"25099","2016","8","7"
"25740","2016","8","4"
"27001","2016","8","6"
"27413","2016","8","9"
"27787","2016","8","5"
"41132","2016","8","1"
"41668","2016","8","7"
"44110","2016","8","2"
"47001","2016","8","4"
"47189","2016","8","2"
"52320","2016","8","4"
"52720","2016","8","4"
"52838","2016","8","2"
"54261","2016","8","6"
"54518","2016","8","3"
"70418","2016","8","1"
"70823","2016","8","4"
"73168","2016","8","2"
"73854","2016","8","10"
"76113","2016","8","4"
"76520","2016","8","3"
"76895","2016","8","2"
"85125","2016","8","2"
"85440","2016","8","3"
"05031","2016","9","2"
"05079","2016","9","9"
"05113","2016","9","6"
"05120","2016","9","21"
"05154","2016","9","14"
"05250","2016","9","3"
"05660","2016","9","3"
"05679","2016","9","3"
"05890","2016","9","2"
"08421","2016","9","2"
"08433","2016","9","1"
"08606","2016","9","3"
"08638","2016","9","3"
"11001","2016","9","7"
"15861","2016","9","7"
"20011","2016","9","6"
"20614","2016","9","2"
"23068","2016","9","7"
"23570","2016","9","5"
"25873","2016","9","9"
"27787","2016","9","7"
"41001","2016","9","3"
"41797","2016","9","1"
"41872","2016","9","6"
"47001","2016","9","7"
"47189","2016","9","5"
"50245","2016","9","2"
"52835","2016","9","2"
"54001","2016","9","6"
"54174","2016","9","29"
"54261","2016","9","8"
"68081","2016","9","3"
"68190","2016","9","2"
"68324","2016","9","2"
"70508","2016","9","4"
"73043","2016","9","2"
"73055","2016","9","2"
"73443","2016","9","9"
"76275","2016","9","18"
"76616","2016","9","3"
"76736","2016","9","5"
"76834","2016","9","8"
"76869","2016","9","7"
"86569","2016","9","5"
"86571","2016","9","1"
"97001","2016","9","6"
"05004","2016","10","9"
"05038","2016","10","6"
"05113","2016","10","1"
"05308","2016","10","14"
"05411","2016","10","9"
"05667","2016","10","9"
"05670","2016","10","6"
"23068","2016","10","29"
"23189","2016","10","2"
"23580","2016","10","5"
"25781","2016","10","2"
"41396","2016","10","1"
"44279","2016","10","2"
"47001","2016","10","1"
"47189","2016","10","2"
"52399","2016","10","2"
"54239","2016","10","2"
"54261","2016","10","14"
"68190","2016","10","2"
"73067","2016","10","2"
"73443","2016","10","3"
"76109","2016","10","5"
"76364","2016","10","5"
"76520","2016","10","6"
"94001","2016","10","6"
"05079","2016","11","4"
"05390","2016","11","2"
"05411","2016","11","4"
"05790","2016","11","12"
"08296","2016","11","5"
"13006","2016","11","3"
"13430","2016","11","7"
"15236","2016","11","3"
"20238","2016","11","4"
"25297","2016","11","3"
"25377","2016","11","3"
"27787","2016","11","6"
"50400","2016","11","1"
"54003","2016","11","2"
"54680","2016","11","22"
"63401","2016","11","4"
"68001","2016","11","8"
"68575","2016","11","4"
"70110","2016","11","6"
"70508","2016","11","1"
"73283","2016","11","3"
"73443","2016","11","5"
"76001","2016","11","41"
"76109","2016","11","14"
"86219","2016","11","2"
"05380","2016","12","2"
"17380","2016","12","2"
"23678","2016","12","5"
"41359","2016","12","2"
"47707","2016","12","15"
"50606","2016","12","7"
"54261","2016","12","7"
"54680","2016","12","14"
"68001","2016","12","1"
"76616","2016","12","2"
"86569","2016","12","5"
"05002","2017","1","7"
"05031","2017","1","4"
"05079","2017","1","5"
"05145","2017","1","1"
"05380","2017","1","2"
"05467","2017","1","1"
"05585","2017","1","3"
"05674","2017","1","4"
"05686","2017","1","2"
"05895","2017","1","11"
"13780","2017","1","4"
"15226","2017","1","2"
"15681","2017","1","2"
"18094","2017","1","13"
"20001","2017","1","12"
"20228","2017","1","2"
"23678","2017","1","1"
"25297","2017","1","2"
"25372","2017","1","2"
"25793","2017","1","4"
"25899","2017","1","7"
"47189","2017","1","3"
"52019","2017","1","4"
"52885","2017","1","2"
"54553","2017","1","1"
"63470","2017","1","6"
"68464","2017","1","7"
"70429","2017","1","1"
"70508","2017","1","7"
"70823","2017","1","3"
"76520","2017","1","5"
"86573","2017","1","2"
"05001","2017","2","8"
"05004","2017","2","13"
"05021","2017","2","12"
"05038","2017","2","4"
"05042","2017","2","8"
"05142","2017","2","2"
"05154","2017","2","38"
"05172","2017","2","9"
"05206","2017","2","3"
"05376","2017","2","1"
"05604","2017","2","6"
"05670","2017","2","8"
"13468","2017","2","4"
"17001","2017","2","3"
"18610","2017","2","1"
"23068","2017","2","7"
"23466","2017","2","10"
"23555","2017","2","1"
"23570","2017","2","3"
"23682","2017","2","5"
"25148","2017","2","6"
"25320","2017","2","9"
"27205","2017","2","5"
"27491","2017","2","5"
"41078","2017","2","2"
"41551","2017","2","9"
"41797","2017","2","3"
"47001","2017","2","8"
"50318","2017","2","3"
"52001","2017","2","2"
"52110","2017","2","4"
"52685","2017","2","7"
"52885","2017","2","3"
"54001","2017","2","6"
"54680","2017","2","2"
"68147","2017","2","4"
"68432","2017","2","2"
"70215","2017","2","1"
"70418","2017","2","7"
"70508","2017","2","10"
"70823","2017","2","1"
"73067","2017","2","4"
"73152","2017","2","6"
"73168","2017","2","4"
"73270","2017","2","2"
"73319","2017","2","4"
"76109","2017","2","7"
"76275","2017","2","10"
"76736","2017","2","4"
"85139","2017","2","3"
"86001","2017","2","2"
"86885","2017","2","2"
"91001","2017","2","4"
"91669","2017","2","8"
"94001","2017","2","9"
"99773","2017","2","1"
"05038","2017","3","4"
"05079","2017","3","6"
"05147","2017","3","1"
"05154","2017","3","3"
"05172","2017","3","2"
"05234","2017","3","14"
"05604","2017","3","4"
"05686","2017","3","9"
"05761","2017","3","2"
"05858","2017","3","2"
"05890","2017","3","10"
"08638","2017","3","16"
"13670","2017","3","7"
"15681","2017","3","1"
"17388","2017","3","3"
"17442","2017","3","3"
"18785","2017","3","4"
"19110","2017","3","7"
"19256","2017","3","3"
"20178","2017","3","2"
"23068","2017","3","15"
"23466","2017","3","2"
"23580","2017","3","12"
"23678","2017","3","1"
"23682","2017","3","1"
"23807","2017","3","1"
"23855","2017","3","2"
"25019","2017","3","4"
"25148","2017","3","17"
"25718","2017","3","4"
"25740","2017","3","2"
"25899","2017","3","12"
"27205","2017","3","8"
"27413","2017","3","7"
"27491","2017","3","8"
"27810","2017","3","2"
"41006","2017","3","1"
"41132","2017","3","5"
"44035","2017","3","3"
"44874","2017","3","5"
"47001","2017","3","1"
"54051","2017","3","2"
"54498","2017","3","2"
"54680","2017","3","9"
"54720","2017","3","2"
"68464","2017","3","2"
"70204","2017","3","4"
"70429","2017","3","2"
"70508","2017","3","5"
"70708","2017","3","3"
"70771","2017","3","1"
"73483","2017","3","22"
"73854","2017","3","2"
"76001","2017","3","4"
"76520","2017","3","2"
"76736","2017","3","4"
"86885","2017","3","2"
"05002","2017","4","1"
"05031","2017","4","4"
"05038","2017","4","4"
"05079","2017","4","5"
"05120","2017","4","19"
"05154","2017","4","10"
"05308","2017","4","3"
"05425","2017","4","4"
"05670","2017","4","10"
"05789","2017","4","5"
"05890","2017","4","4"
"08001","2017","4","5"
"13780","2017","4","7"
"19022","2017","4","1"
"19256","2017","4","7"
"19392","2017","4","7"
"23580","2017","4","4"
"23807","2017","4","4"
"25592","2017","4","5"
"25823","2017","4","5"
"25898","2017","4","6"
"27050","2017","4","10"
"27135","2017","4","1"
"27205","2017","4","8"
"27491","2017","4","17"
"41244","2017","4","1"
"44650","2017","4","2"
"47001","2017","4","6"
"47189","2017","4","12"
"47551","2017","4","2"
"52001","2017","4","6"
"52885","2017","4","2"
"54001","2017","4","15"
"54261","2017","4","13"
"68132","2017","4","2"
"68444","2017","4","3"
"70265","2017","4","2"
"70473","2017","4","1"
"86569","2017","4","19"
"91001","2017","4","7"
"05031","2017","5","2"
"05120","2017","5","3"
"05142","2017","5","1"
"05172","2017","5","5"
"05308","2017","5","2"
"05670","2017","5","8"
"05761","2017","5","1"
"08141","2017","5","3"
"08421","2017","5","6"
"13744","2017","5","3"
"15681","2017","5","5"
"17662","2017","5","2"
"18001","2017","5","2"
"19110","2017","5","2"
"20001","2017","5","17"
"23678","2017","5","1"
"25473","2017","5","7"
"25658","2017","5","5"
"25754","2017","5","3"
"44098","2017","5","2"
"44279","2017","5","1"
"54001","2017","5","12"
"54125","2017","5","1"
"54174","2017","5","10"
"68132","2017","5","1"
"68464","2017","5","1"
"70473","2017","5","1"
"70508","2017","5","2"
"70713","2017","5","4"
"70717","2017","5","2"
"73283","2017","5","3"
"76041","2017","5","4"
"76109","2017","5","8"
"76364","2017","5","9"
"76622","2017","5","2"
"86569","2017","5","1"
"86571","2017","5","3"
"91001","2017","5","3"
"91536","2017","5","6"
"94001","2017","5","1"
"05031","2017","6","2"
"05038","2017","6","1"
"05079","2017","6","17"
"05120","2017","6","4"
"05154","2017","6","3"
"05315","2017","6","3"
"05670","2017","6","6"
"08296","2017","6","4"
"08372","2017","6","2"
"08638","2017","6","4"
"13468","2017","6","2"
"13654","2017","6","5"
"15516","2017","6","9"
"17873","2017","6","2"
"19256","2017","6","2"
"23068","2017","6","8"
"23189","2017","6","3"
"23678","2017","6","5"
"23682","2017","6","9"
"23815","2017","6","1"
"25772","2017","6","11"
"27001","2017","6","4"
"27413","2017","6","5"
"41016","2017","6","3"
"47707","2017","6","3"
"52110","2017","6","2"
"54001","2017","6","3"
"54377","2017","6","2"
"54518","2017","6","9"
"54720","2017","6","1"
"68147","2017","6","1"
"68266","2017","6","1"
"68307","2017","6","4"
"68867","2017","6","2"
"70429","2017","6","2"
"70508","2017","6","3"
"76109","2017","6","8"
"76248","2017","6","7"
"86568","2017","6","2"
"86569","2017","6","2"
"05042","2017","7","8"
"05120","2017","7","1"
"05154","2017","7","22"
"05190","2017","7","2"
"05264","2017","7","1"
"05579","2017","7","3"
"05895","2017","7","9"
"13654","2017","7","2"
"13838","2017","7","7"
"15215","2017","7","3"
"17614","2017","7","11"
"23068","2017","7","24"
"23182","2017","7","1"
"23570","2017","7","3"
"25260","2017","7","4"
"25572","2017","7","1"
"25769","2017","7","3"
"27413","2017","7","9"
"52001","2017","7","4"
"52427","2017","7","1"
"54261","2017","7","3"
"54673","2017","7","2"
"68081","2017","7","1"
"70429","2017","7","1"
"70473","2017","7","8"
"70508","2017","7","2"
"76109","2017","7","14"
"76318","2017","7","12"
"86001","2017","7","2"
"86569","2017","7","1"
"95001","2017","7","10"
"05031","2017","8","15"
"05040","2017","8","7"
"05079","2017","8","25"
"05120","2017","8","2"
"05190","2017","8","1"
"05250","2017","8","4"
"05495","2017","8","3"
"05579","2017","8","14"
"05670","2017","8","2"
"05861","2017","8","5"
"05890","2017","8","1"
"05893","2017","8","5"
"08549","2017","8","5"
"13657","2017","8","1"
"15681","2017","8","1"
"17013","2017","8","3"
"23068","2017","8","12"
"23555","2017","8","6"
"23570","2017","8","4"
"23682","2017","8","2"
"23807","2017","8","6"
"25394","2017","8","5"
"25592","2017","8","3"
"25772","2017","8","5"
"41298","2017","8","2"
"41799","2017","8","2"
"44874","2017","8","1"
"47703","2017","8","2"
"52001","2017","8","3"
"52788","2017","8","4"
"54498","2017","8","3"
"54720","2017","8","1"
"66594","2017","8","3"
"66682","2017","8","4"
"68001","2017","8","5"
"70204","2017","8","3"
"70473","2017","8","3"
"70508","2017","8","2"
"70823","2017","8","3"
"76001","2017","8","1"
"76109","2017","8","4"
"76113","2017","8","1"
"76306","2017","8","3"
"76834","2017","8","10"
"86569","2017","8","11"
"86885","2017","8","1"
"95001","2017","8","13"
"05031","2017","9","16"
"05040","2017","9","3"
"05154","2017","9","2"
"05607","2017","9","2"
"05679","2017","9","1"
"05854","2017","9","5"
"05858","2017","9","1"
"05895","2017","9","2"
"13140","2017","9","1"
"13440","2017","9","1"
"13654","2017","9","2"
"17042","2017","9","8"
"17380","2017","9","3"
"17867","2017","9","3"
"18785","2017","9","2"
"20228","2017","9","2"
"23068","2017","9","25"
"23417","2017","9","1"
"23815","2017","9","1"
"27050","2017","9","2"
"27600","2017","9","8"
"27787","2017","9","4"
"54261","2017","9","4"
"66682","2017","9","4"
"68655","2017","9","6"
"76001","2017","9","4"
"76109","2017","9","3"
"76736","2017","9","3"
"76834","2017","9","2"
"95001","2017","9","1"
"05079","2017","10","5"
"05120","2017","10","13"
"05670","2017","10","2"
"05895","2017","10","4"
"11001","2017","10","3"
"13244","2017","10","6"
"13468","2017","10","1"
"13654","2017","10","2"
"15542","2017","10","5"
"15764","2017","10","6"
"19532","2017","10","2"
"23068","2017","10","19"
"23417","2017","10","1"
"23580","2017","10","2"
"23682","2017","10","32"
"25740","2017","10","2"
"44090","2017","10","8"
"52540","2017","10","4"
"54239","2017","10","6"
"54261","2017","10","28"
"54680","2017","10","10"
"70265","2017","10","5"
"70771","2017","10","1"
"76001","2017","10","4"
"76306","2017","10","12"
"94001","2017","10","10"
"95001","2017","10","2"
"05310","2017","11","3"
"05854","2017","11","7"
"08296","2017","11","8"
"13440","2017","11","1"
"13894","2017","11","1"
"15104","2017","11","7"
"17614","2017","11","3"
"17777","2017","11","2"
"19001","2017","11","5"
"19130","2017","11","1"
"19701","2017","11","1"
"20238","2017","11","3"
"25224","2017","11","3"
"25899","2017","11","11"
"27361","2017","11","3"
"27491","2017","11","4"
"41298","2017","11","3"
"41797","2017","11","2"
"44001","2017","11","3"
"66001","2017","11","10"
"70265","2017","11","1"
"70508","2017","11","2"
"73055","2017","11","2"
"73283","2017","11","3"
"76001","2017","11","5"
"76041","2017","11","10"
"76109","2017","11","5"
"86001","2017","11","1"
"05059","2017","12","1"
"05079","2017","12","2"
"05197","2017","12","6"
"05250","2017","12","32"
"05306","2017","12","4"
"05308","2017","12","4"
"05895","2017","12","31"
"13468","2017","12","2"
"15368","2017","12","25"
"27001","2017","12","2"
"27600","2017","12","1"
"27810","2017","12","2"
"41615","2017","12","3"
"41797","2017","12","2"
"54239","2017","12","9"
"70473","2017","12","5"
"73443","2017","12","4"
"76001","2017","12","17"
"76736","2017","12","1"
"05079","2018","1","3"
"05154","2018","1","3"
"05190","2018","1","1"
"05585","2018","1","9"
"05670","2018","1","2"
"05756","2018","1","4"
"05790","2018","1","9"
"08141","2018","1","4"
"13468","2018","1","5"
"13657","2018","1","3"
"13894","2018","1","10"
"17614","2018","1","5"
"19701","2018","1","4"
"23068","2018","1","13"
"23580","2018","1","2"
"23682","2018","1","5"
"23807","2018","1","1"
"25899","2018","1","4"
"27006","2018","1","8"
"41551","2018","1","1"
"41797","2018","1","2"
"41872","2018","1","4"
"54001","2018","1","10"
"54239","2018","1","10"
"54680","2018","1","7"
"68266","2018","1","2"
"70230","2018","1","3"
"70429","2018","1","2"
"73616","2018","1","2"
"76001","2018","1","12"
"76109","2018","1","9"
"76834","2018","1","9"
"86001","2018","1","4"
"05031","2018","2","2"
"05308","2018","2","6"
"05313","2018","2","2"
"05890","2018","2","6"
"05893","2018","2","4"
"05895","2018","2","2"
"08606","2018","2","3"
"13468","2018","2","7"
"13780","2018","2","2"
"15466","2018","2","12"
"17614","2018","2","8"
"18753","2018","2","5"
"19110","2018","2","3"
"19532","2018","2","1"
"19701","2018","2","2"
"23068","2018","2","1"
"23555","2018","2","2"
"23807","2018","2","1"
"25658","2018","2","7"
"41872","2018","2","3"
"44001","2018","2","3"
"54261","2018","2","10"
"54498","2018","2","5"
"54680","2018","2","12"
"54720","2018","2","13"
"68655","2018","2","4"
"73675","2018","2","3"
"76001","2018","2","2"
"76109","2018","2","3"
"76233","2018","2","3"
"86573","2018","2","1"
"94001","2018","2","4"
"95001","2018","2","4"
"05031","2018","3","3"
"05038","2018","3","2"
"05079","2018","3","5"
"05142","2018","3","2"
"05579","2018","3","16"
"05604","2018","3","6"
"05670","2018","3","4"
"05887","2018","3","6"
"08001","2018","3","1"
"08638","2018","3","5"
"13430","2018","3","12"
"13433","2018","3","2"
"13657","2018","3","1"
"13838","2018","3","3"
"15646","2018","3","27"
"15761","2018","3","4"
"15835","2018","3","3"
"18756","2018","3","3"
"20228","2018","3","1"
"23068","2018","3","2"
"23419","2018","3","2"
"23466","2018","3","8"
"23570","2018","3","1"
"25402","2018","3","5"
"41551","2018","3","1"
"41872","2018","3","3"
"52356","2018","3","4"
"54518","2018","3","3"
"68271","2018","3","2"
"68307","2018","3","6"
"73217","2018","3","11"
"73319","2018","3","5"
"73349","2018","3","2"
"76109","2018","3","9"
"76736","2018","3","1"
"86568","2018","3","1"
"05021","2018","4","6"
"05031","2018","4","8"
"05113","2018","4","2"
"05120","2018","4","12"
"05154","2018","4","1"
"05308","2018","4","4"
"05495","2018","4","5"
"05585","2018","4","4"
"05604","2018","4","4"
"05649","2018","4","4"
"05658","2018","4","5"
"05667","2018","4","3"
"05736","2018","4","1"
"05887","2018","4","6"
"08372","2018","4","4"
"08638","2018","4","9"
"08758","2018","4","7"
"13430","2018","4","4"
"15814","2018","4","4"
"15822","2018","4","4"
"19533","2018","4","3"
"23068","2018","4","4"
"23419","2018","4","3"
"25224","2018","4","11"
"25817","2018","4","6"
"25899","2018","4","5"
"27413","2018","4","2"
"41676","2018","4","4"
"44090","2018","4","10"
"54385","2018","4","3"
"68132","2018","4","1"
"68385","2018","4","3"
"68773","2018","4","2"
"70742","2018","4","1"
"73055","2018","4","1"
"73678","2018","4","12"
"05212","2018","5","4"
"05250","2018","5","22"
"05604","2018","5","7"
"05607","2018","5","5"
"05736","2018","5","2"
"05756","2018","5","4"
"13468","2018","5","4"
"13657","2018","5","4"
"17614","2018","5","22"
"19256","2018","5","3"
"19450","2018","5","3"
"23678","2018","5","2"
"23682","2018","5","1"
"23807","2018","5","1"
"25513","2018","5","1"
"27001","2018","5","6"
"41298","2018","5","2"
"54261","2018","5","3"
"54405","2018","5","6"
"68147","2018","5","4"
"68464","2018","5","1"
"70508","2018","5","1"
"94001","2018","5","1"
"05031","2018","6","1"
"05040","2018","6","17"
"05079","2018","6","5"
"05206","2018","6","4"
"05364","2018","6","2"
"05380","2018","6","1"
"05579","2018","6","5"
"05591","2018","6","5"
"05674","2018","6","2"
"05690","2018","6","9"
"05837","2018","6","4"
"05887","2018","6","1"
"13688","2018","6","1"
"19698","2018","6","6"
"23068","2018","6","4"
"23570","2018","6","5"
"25224","2018","6","7"
"25402","2018","6","4"
"25407","2018","6","2"
"41872","2018","6","2"
"47001","2018","6","2"
"52788","2018","6","2"
"54385","2018","6","2"
"54553","2018","6","8"
"68132","2018","6","2"
"73270","2018","6","3"
"73283","2018","6","3"
"76001","2018","6","3"
"76041","2018","6","4"
"05079","2018","7","1"
"05604","2018","7","5"
"05736","2018","7","11"
"05854","2018","7","6"
"05887","2018","7","6"
"08001","2018","7","2"
"08758","2018","7","2"
"15516","2018","7","6"
"17174","2018","7","3"
"19110","2018","7","3"
"23068","2018","7","6"
"23417","2018","7","1"
"23570","2018","7","6"
"25269","2018","7","11"
"25297","2018","7","6"
"25875","2018","7","2"
"47001","2018","7","1"
"52207","2018","7","2"
"52411","2018","7","3"
"66594","2018","7","1"
"68575","2018","7","4"
"76001","2018","7","13"
"76130","2018","7","3"
"76248","2018","7","4"
"85001","2018","7","2"
"86001","2018","7","3"
"86749","2018","7","4"
"05079","2018","8","4"
"05147","2018","8","1"
"05380","2018","8","1"
"05736","2018","8","11"
"05790","2018","8","14"
"05890","2018","8","2"
"08001","2018","8","1"
"13062","2018","8","1"
"15580","2018","8","3"
"17013","2018","8","2"
"23068","2018","8","19"
"23555","2018","8","1"
"25407","2018","8","8"
"25885","2018","8","12"
"27787","2018","8","4"
"27810","2018","8","3"
"41551","2018","8","2"
"52356","2018","8","3"
"54261","2018","8","35"
"66456","2018","8","9"
"68190","2018","8","9"
"68575","2018","8","5"
"68679","2018","8","1"
"68682","2018","8","2"
"73001","2018","8","1"
"73443","2018","8","6"
"05040","2018","9","11"
"05120","2018","9","15"
"05250","2018","9","1"
"05604","2018","9","6"
"05690","2018","9","1"
"05736","2018","9","3"
"05895","2018","9","36"
"13140","2018","9","4"
"13430","2018","9","4"
"15580","2018","9","2"
"17042","2018","9","18"
"17388","2018","9","6"
"19110","2018","9","4"
"20001","2018","9","3"
"23068","2018","9","4"
"23580","2018","9","2"
"23682","2018","9","4"
"25407","2018","9","2"
"27413","2018","9","5"
"27787","2018","9","2"
"44650","2018","9","3"
"47707","2018","9","1"
"52210","2018","9","4"
"52685","2018","9","2"
"70001","2018","9","1"
"70233","2018","9","2"
"76001","2018","9","2"
"76109","2018","9","1"
"76890","2018","9","10"
"76892","2018","9","4"
"81065","2018","9","3"
"99001","2018","9","9"
"99773","2018","9","9"
"05031","2018","10","9"
"05120","2018","10","9"
"05250","2018","10","1"
"05579","2018","10","4"
"05690","2018","10","9"
"05736","2018","10","7"
"13074","2018","10","5"
"13654","2018","10","3"
"15600","2018","10","35"
"20060","2018","10","2"
"23068","2018","10","5"
"23682","2018","10","13"
"25407","2018","10","29"
"25899","2018","10","1"
"27800","2018","10","8"
"41001","2018","10","3"
"41872","2018","10","3"
"52356","2018","10","5"
"54261","2018","10","8"
"54660","2018","10","4"
"70473","2018","10","3"
"70820","2018","10","7"
"70823","2018","10","6"
"73270","2018","10","4"
"76001","2018","10","4"
"94001","2018","10","5"
"99773","2018","10","3"
"05113","2018","11","6"
"05120","2018","11","8"
"05670","2018","11","4"
"05686","2018","11","10"
"05736","2018","11","3"
"05790","2018","11","24"
"05895","2018","11","4"
"15480","2018","11","5"
"15778","2018","11","6"
"19785","2018","11","1"
"23682","2018","11","8"
"25019","2018","11","1"
"25899","2018","11","4"
"27810","2018","11","4"
"41359","2018","11","3"
"52687","2018","11","5"
"70708","2018","11","10"
"70820","2018","11","2"
"73861","2018","11","3"
"76041","2018","11","4"
"76364","2018","11","6"
"91001","2018","11","11"
"91798","2018","11","6"
"94001","2018","11","7"
"05120","2018","12","7"
"05197","2018","12","4"
"05250","2018","12","3"
"05585","2018","12","3"
"05670","2018","12","2"
"05690","2018","12","4"
"05756","2018","12","11"
"13430","2018","12","2"
"15531","2018","12","3"
"19532","2018","12","10"
"23068","2018","12","10"
"23466","2018","12","1"
"25899","2018","12","2"
"27001","2018","12","1"
"41001","2018","12","1"
"54261","2018","12","6"
"63470","2018","12","1"
"68190","2018","12","2"
"73411","2018","12","4"
"76233","2018","12","9"
"76306","2018","12","2"
"05079","2019","1","4"
"05113","2019","1","2"
"05585","2019","1","2"
"05670","2019","1","10"
"05686","2019","1","2"
"05790","2019","1","31"
"05858","2019","1","13"
"19110","2019","1","2"
"23350","2019","1","1"
"27001","2019","1","5"
"27050","2019","1","9"
"66594","2019","1","3"
"68684","2019","1","4"
"70473","2019","1","1"
"70508","2019","1","3"
"73347","2019","1","1"
"73408","2019","1","4"
"76109","2019","1","5"
"86569","2019","1","10"
"86885","2019","1","3"
"91669","2019","1","9"
"05021","2019","2","4"
"05036","2019","2","2"
"05040","2019","2","4"
"05079","2019","2","4"
"05120","2019","2","9"
"05154","2019","2","7"
"05190","2019","2","14"
"05266","2019","2","1"
"05604","2019","2","3"
"05667","2019","2","1"
"05670","2019","2","4"
"05690","2019","2","4"
"05736","2019","2","2"
"05887","2019","2","9"
"05893","2019","2","3"
"08078","2019","2","1"
"08549","2019","2","7"
"15572","2019","2","2"
"15580","2019","2","2"
"15837","2019","2","5"
"17446","2019","2","4"
"25019","2019","2","3"
"25885","2019","2","2"
"25899","2019","2","3"
"41797","2019","2","6"
"41885","2019","2","4"
"52001","2019","2","8"
"52051","2019","2","3"
"54261","2019","2","22"
"54720","2019","2","7"
"68147","2019","2","2"
"68190","2019","2","1"
"68266","2019","2","1"
"68655","2019","2","2"
"73268","2019","2","1"
"73347","2019","2","4"
"73678","2019","2","2"
"76834","2019","2","10"
"76869","2019","2","4"
"85410","2019","2","4"
"99001","2019","2","5"
"05031","2019","3","2"
"05038","2019","3","4"
"05045","2019","3","2"
"05055","2019","3","2"
"05079","2019","3","4"
"05113","2019","3","1"
"05120","2019","3","5"
"05142","2019","3","9"
"05250","2019","3","3"
"05284","2019","3","5"
"05310","2019","3","5"
"05604","2019","3","5"
"05647","2019","3","2"
"05736","2019","3","8"
"05847","2019","3","1"
"05895","2019","3","7"
"08421","2019","3","6"
"08433","2019","3","5"
"15238","2019","3","2"
"15723","2019","3","36"
"17388","2019","3","6"
"17867","2019","3","5"
"18610","2019","3","5"
"23068","2019","3","20"
"25407","2019","3","15"
"25513","2019","3","1"
"27800","2019","3","8"
"44874","2019","3","1"
"47001","2019","3","1"
"47555","2019","3","1"
"54174","2019","3","10"
"54261","2019","3","3"
"68101","2019","3","7"
"68132","2019","3","2"
"70265","2019","3","3"
"73319","2019","3","2"
"73861","2019","3","2"
"76736","2019","3","5"
"86569","2019","3","3"
"91001","2019","3","1"
"95001","2019","3","2"
"05001","2019","4","1"
"05030","2019","4","1"
"05031","2019","4","2"
"05045","2019","4","3"
"05079","2019","4","11"
"05190","2019","4","4"
"05250","2019","4","7"
"05495","2019","4","1"
"05604","2019","4","9"
"05670","2019","4","4"
"05690","2019","4","4"
"05736","2019","4","6"
"05790","2019","4","16"
"08141","2019","4","2"
"15759","2019","4","5"
"17777","2019","4","3"
"19300","2019","4","1"
"23068","2019","4","5"
"23162","2019","4","2"
"23682","2019","4","16"
"25394","2019","4","4"
"27150","2019","4","6"
"41551","2019","4","1"
"50330","2019","4","4"
"54261","2019","4","10"
"54720","2019","4","19"
"68684","2019","4","2"
"68867","2019","4","1"
"70708","2019","4","5"
"73678","2019","4","7"
"76109","2019","4","18"
"76364","2019","4","4"
"86569","2019","4","1"
"86885","2019","4","1"
"05038","2019","5","3"
"05154","2019","5","1"
"05190","2019","5","1"
"05308","2019","5","2"
"05495","2019","5","7"
"05585","2019","5","4"
"05604","2019","5","4"
"05667","2019","5","4"
"05674","2019","5","3"
"05690","2019","5","12"
"05790","2019","5","8"
"08296","2019","5","5"
"08758","2019","5","4"
"15097","2019","5","7"
"17614","2019","5","7"
"17873","2019","5","7"
"18610","2019","5","1"
"19548","2019","5","2"
"19807","2019","5","1"
"20517","2019","5","4"
"23068","2019","5","1"
"23682","2019","5","6"
"25183","2019","5","6"
"25317","2019","5","2"
"25407","2019","5","19"
"25754","2019","5","6"
"25851","2019","5","8"
"25873","2019","5","53"
"52678","2019","5","2"
"54001","2019","5","8"
"54498","2019","5","2"
"68266","2019","5","3"
"68464","2019","5","2"
"68684","2019","5","3"
"76001","2019","5","1"
"76109","2019","5","1"
"76111","2019","5","3"
"76890","2019","5","7"
"76892","2019","5","4"
"91001","2019","5","1"
"05030","2019","6","5"
"05031","2019","6","1"
"05040","2019","6","1"
"05079","2019","6","3"
"05120","2019","6","6"
"05154","2019","6","7"
"05308","2019","6","11"
"05376","2019","6","2"
"05495","2019","6","6"
"05604","2019","6","9"
"05667","2019","6","2"
"05736","2019","6","7"
"05893","2019","6","3"
"08634","2019","6","5"
"13430","2019","6","2"
"13654","2019","6","6"
"15272","2019","6","8"
"15759","2019","6","3"
"17614","2019","6","4"
"17777","2019","6","10"
"19256","2019","6","5"
"19845","2019","6","2"
"23068","2019","6","19"
"25019","2019","6","3"
"25224","2019","6","13"
"25407","2019","6","9"
"25885","2019","6","3"
"41013","2019","6","7"
"44560","2019","6","1"
"50568","2019","6","1"
"54261","2019","6","5"
"54720","2019","6","1"
"76109","2019","6","1"
"76111","2019","6","3"
"76306","2019","6","1"
"05079","2019","7","2"
"05113","2019","7","2"
"05120","2019","7","8"
"05154","2019","7","8"
"05306","2019","7","1"
"05670","2019","7","2"
"05690","2019","7","4"
"05790","2019","7","4"
"08078","2019","7","5"
"08685","2019","7","3"
"08832","2019","7","3"
"17001","2019","7","7"
"19698","2019","7","2"
"20011","2019","7","4"
"23580","2019","7","5"
"25286","2019","7","5"
"47001","2019","7","6"
"52411","2019","7","4"
"54001","2019","7","4"
"54261","2019","7","18"
"76001","2019","7","2"
"81736","2019","7","8"
"86568","2019","7","1"
"86573","2019","7","2"
"94001","2019","7","1"
"05120","2019","8","6"
"05308","2019","8","5"
"05604","2019","8","6"
"05649","2019","8","6"
"05670","2019","8","5"
"05790","2019","8","14"
"05890","2019","8","9"
"08078","2019","8","5"
"13490","2019","8","3"
"17442","2019","8","28"
"18205","2019","8","3"
"18610","2019","8","3"
"19845","2019","8","4"
"23807","2019","8","3"
"25148","2019","8","6"
"27006","2019","8","2"
"41001","2019","8","6"
"54001","2019","8","2"
"68385","2019","8","2"
"73686","2019","8","3"
"73861","2019","8","3"
"86573","2019","8","1"
"97001","2019","8","25"
"05604","2019","9","4"
"13688","2019","9","2"
"17777","2019","9","15"
"20001","2019","9","2"
"20060","2019","9","2"
"25402","2019","9","5"
"25718","2019","9","3"
"25754","2019","9","1"
"27001","2019","9","3"
"27135","2019","9","4"
"41797","2019","9","1"
"47189","2019","9","7"
"86573","2019","9","1"
"05001","2019","10","1"
"05120","2019","10","12"
"05250","2019","10","1"
"05308","2019","10","3"
"05649","2019","10","5"
"05667","2019","10","2"
"18029","2019","10","3"
"19100","2019","10","1"
"20001","2019","10","11"
"20517","2019","10","2"
"73678","2019","10","2"
"86573","2019","10","5"
"05079","2019","11","1"
"05308","2019","11","4"
"05649","2019","11","3"
"08421","2019","11","2"
"08832","2019","11","1"
"19698","2019","11","5"
"41551","2019","11","1"
"54673","2019","11","4"
"66594","2019","11","6"
"76001","2019","11","10"
"81736","2019","11","4"
"05042","2019","12","3"
"05079","2019","12","5"
"05495","2019","12","1"
"18205","2019","12","5"
"73001","2019","12","1"
"76001","2019","12","4"
"76892","2019","12","4"
"86569","2019","12","6"
"05021","2020","1","5"
"05086","2020","1","3"
"05604","2020","1","18"
"05649","2020","1","4"
"05686","2020","1","3"
"05736","2020","1","3"
"05847","2020","1","1"
"05895","2020","1","5"
"11001","2020","1","10"
"13244","2020","1","3"
"17088","2020","1","3"
"17614","2020","1","19"
"17662","2020","1","2"
"17867","2020","1","3"
"20001","2020","1","2"
"50287","2020","1","3"
"54001","2020","1","2"
"54261","2020","1","5"
"54405","2020","1","4"
"66682","2020","1","6"
"68147","2020","1","2"
"68190","2020","1","4"
"68266","2020","1","2"
"70523","2020","1","3"
"73408","2020","1","4"
"73411","2020","1","9"
"76001","2020","1","2"
"05021","2020","2","6"
"05079","2020","2","12"
"05113","2020","2","1"
"05190","2020","2","3"
"05250","2020","2","1"
"05604","2020","2","2"
"05649","2020","2","5"
"05670","2020","2","2"
"08372","2020","2","3"
"08573","2020","2","4"
"17013","2020","2","12"
"17380","2020","2","8"
"17777","2020","2","22"
"18460","2020","2","2"
"19100","2020","2","6"
"23001","2020","2","3"
"23162","2020","2","4"
"23466","2020","2","2"
"23555","2020","2","1"
"25394","2020","2","6"
"41551","2020","2","1"
"41797","2020","2","2"
"44090","2020","2","3"
"47980","2020","2","3"
"54261","2020","2","2"
"54720","2020","2","17"
"68147","2020","2","5"
"68190","2020","2","1"
"70265","2020","2","11"
"70429","2020","2","4"
"73001","2020","2","4"
"73030","2020","2","1"
"76001","2020","2","2"
"76403","2020","2","8"
"76895","2020","2","5"
"95001","2020","2","1"
"05030","2020","3","8"
"05055","2020","3","2"
"05079","2020","3","5"
"05120","2020","3","19"
"05190","2020","3","2"
"05250","2020","3","1"
"05308","2020","3","18"
"05604","2020","3","4"
"05670","2020","3","16"
"05761","2020","3","6"
"05858","2020","3","1"
"05895","2020","3","8"
"08372","2020","3","2"
"08421","2020","3","6"
"18756","2020","3","2"
"25320","2020","3","5"
"25754","2020","3","3"
"50330","2020","3","3"
"54001","2020","3","2"
"54051","2020","3","2"
"66440","2020","3","2"
"68190","2020","3","2"
"68686","2020","3","12"
"70508","2020","3","3"
"73001","2020","3","11"
"73067","2020","3","6"
"73124","2020","3","6"
"76001","2020","3","7"
"76834","2020","3","3"
"86755","2020","3","1"
"05113","2020","4","1"
"05120","2020","4","11"
"05154","2020","4","4"
"05607","2020","4","3"
"05736","2020","4","7"
"05858","2020","4","5"
"13430","2020","4","2"
"17001","2020","4","1"
"17777","2020","4","9"
"25772","2020","4","2"
"25839","2020","4","2"
"41524","2020","4","5"
"68190","2020","4","2"
"70110","2020","4","2"
"76001","2020","4","6"
"05055","2020","5","2"
"05079","2020","5","2"
"05113","2020","5","39"
"05120","2020","5","2"
"05234","2020","5","14"
"05306","2020","5","1"
"05649","2020","5","6"
"05736","2020","5","5"
"05761","2020","5","3"
"08141","2020","5","4"
"15464","2020","5","3"
"15820","2020","5","7"
"17001","2020","5","6"
"17272","2020","5","4"
"17380","2020","5","6"
"17662","2020","5","1"
"17665","2020","5","2"
"23001","2020","5","1"
"25772","2020","5","1"
"41885","2020","5","1"
"47288","2020","5","3"
"54001","2020","5","12"
"54174","2020","5","1"
"54261","2020","5","6"
"73217","2020","5","28"
"73283","2020","5","6"
"73408","2020","5","1"
"76001","2020","5","1"
"76109","2020","5","2"
"76364","2020","5","5"
"86568","2020","5","3"
"86885","2020","5","2"
"95001","2020","5","3"
"05055","2020","6","3"
"05079","2020","6","4"
"05093","2020","6","2"
"05142","2020","6","4"
"05234","2020","6","15"
"05284","2020","6","2"
"05306","2020","6","2"
"05308","2020","6","5"
"05604","2020","6","5"
"05649","2020","6","2"
"08421","2020","6","4"
"17088","2020","6","3"
"17272","2020","6","16"
"17388","2020","6","11"
"17777","2020","6","3"
"18205","2020","6","2"
"19573","2020","6","1"
"23068","2020","6","3"
"25224","2020","6","2"
"25407","2020","6","1"
"41551","2020","6","2"
"41668","2020","6","2"
"47001","2020","6","6"
"47268","2020","6","7"
"54261","2020","6","6"
"54673","2020","6","5"
"63690","2020","6","4"
"66594","2020","6","3"
"68001","2020","6","6"
"68190","2020","6","1"
"68686","2020","6","2"
"70110","2020","6","2"
"73408","2020","6","7"
"76109","2020","6","4"
"76318","2020","6","2"
"76520","2020","6","9"
"85001","2020","6","2"
"05079","2020","7","16"
"05138","2020","7","5"
"05190","2020","7","7"
"05585","2020","7","1"
"05604","2020","7","11"
"05670","2020","7","6"
"05690","2020","7","2"
"05895","2020","7","2"
"08296","2020","7","5"
"11001","2020","7","1"
"13744","2020","7","6"
"15176","2020","7","2"
"15820","2020","7","6"
"17001","2020","7","6"
"17486","2020","7","2"
"17495","2020","7","2"
"17777","2020","7","11"
"18205","2020","7","2"
"19110","2020","7","1"
"19698","2020","7","21"
"19780","2020","7","2"
"20228","2020","7","4"
"23068","2020","7","3"
"25224","2020","7","4"
"27001","2020","7","1"
"41396","2020","7","1"
"44560","2020","7","3"
"50330","2020","7","4"
"52885","2020","7","3"
"54099","2020","7","5"
"54680","2020","7","5"
"63111","2020","7","1"
"66594","2020","7","10"
"73268","2020","7","2"
"76001","2020","7","1"
"76100","2020","7","6"
"76890","2020","7","4"
"86001","2020","7","2"
"99001","2020","7","1"
"99773","2020","7","3"
"05031","2020","8","4"
"05113","2020","8","5"
"05154","2020","8","4"
"05237","2020","8","6"
"05308","2020","8","10"
"05310","2020","8","1"
"05604","2020","8","5"
"05649","2020","8","3"
"05660","2020","8","6"
"05670","2020","8","17"
"05790","2020","8","7"
"11001","2020","8","7"
"17013","2020","8","6"
"17380","2020","8","4"
"18001","2020","8","1"
"18205","2020","8","3"
"19622","2020","8","11"
"19698","2020","8","2"
"20001","2020","8","9"
"20238","2020","8","2"
"23466","2020","8","5"
"41132","2020","8","3"
"41349","2020","8","2"
"41668","2020","8","4"
"52079","2020","8","1"
"54261","2020","8","9"
"66001","2020","8","1"
"68132","2020","8","12"
"68266","2020","8","3"
"73055","2020","8","9"
"73067","2020","8","10"
"73283","2020","8","9"
"73408","2020","8","3"
"86885","2020","8","9"
"91001","2020","8","2"
"91407","2020","8","1"
"05079","2020","9","2"
"05113","2020","9","11"
"05120","2020","9","11"
"05250","2020","9","6"
"05308","2020","9","9"
"05690","2020","9","4"
"05790","2020","9","1"
"05895","2020","9","11"
"15362","2020","9","2"
"15516","2020","9","2"
"15572","2020","9","2"
"15673","2020","9","11"
"17614","2020","9","3"
"17662","2020","9","2"
"19698","2020","9","9"
"20011","2020","9","17"
"23555","2020","9","19"
"25224","2020","9","10"
"25407","2020","9","11"
"27050","2020","9","2"
"27150","2020","9","2"
"27361","2020","9","1"
"27615","2020","9","2"
"41132","2020","9","3"
"41524","2020","9","2"
"41615","2020","9","4"
"41797","2020","9","4"
"47001","2020","9","4"
"47288","2020","9","5"
"52694","2020","9","1"
"54001","2020","9","10"
"54720","2020","9","10"
"66456","2020","9","1"
"68001","2020","9","3"
"68575","2020","9","10"
"73411","2020","9","3"
"76001","2020","9","4"
"76041","2020","9","2"
"76109","2020","9","1"
"76890","2020","9","5"
"05079","2020","10","5"
"05120","2020","10","19"
"05250","2020","10","13"
"05495","2020","10","8"
"05604","2020","10","5"
"05670","2020","10","32"
"05736","2020","10","10"
"05790","2020","10","3"
"05895","2020","10","5"
"13657","2020","10","1"
"13838","2020","10","4"
"17042","2020","10","7"
"19100","2020","10","5"
"19532","2020","10","5"
"19698","2020","10","7"
"20001","2020","10","1"
"27810","2020","10","5"
"44090","2020","10","9"
"52051","2020","10","1"
"52699","2020","10","10"
"54261","2020","10","8"
"54553","2020","10","5"
"66594","2020","10","3"
"68001","2020","10","12"
"68385","2020","10","3"
"68615","2020","10","3"
"76001","2020","10","3"
"76113","2020","10","5"
"76275","2020","10","1"
"85250","2020","10","5"
"86885","2020","10","2"
"05004","2020","11","1"
"05113","2020","11","7"
"05120","2020","11","4"
"05197","2020","11","2"
"05234","2020","11","7"
"05318","2020","11","2"
"05579","2020","11","3"
"05604","2020","11","6"
"05690","2020","11","2"
"05842","2020","11","1"
"05847","2020","11","1"
"08296","2020","11","3"
"08638","2020","11","8"
"15097","2020","11","11"
"15516","2020","11","3"
"17662","2020","11","4"
"19256","2020","11","1"
"41001","2020","11","3"
"41396","2020","11","2"
"52001","2020","11","9"
"54001","2020","11","10"
"54125","2020","11","7"
"54553","2020","11","1"
"68001","2020","11","4"
"68132","2020","11","6"
"68307","2020","11","1"
"85001","2020","11","3"
"94001","2020","11","1"
"05113","2020","12","45"
"05120","2020","12","7"
"05579","2020","12","3"
"05585","2020","12","2"
"05604","2020","12","10"
"05674","2020","12","3"
"05790","2020","12","15"
"05887","2020","12","1"
"13688","2020","12","5"
"13744","2020","12","2"
"17495","2020","12","4"
"17867","2020","12","6"
"25200","2020","12","12"
"25875","2020","12","2"
"41132","2020","12","2"
"54099","2020","12","4"
"68001","2020","12","3"
"68132","2020","12","3"
"73067","2020","12","1"
"73168","2020","12","1"
"76001","2020","12","4"
"76275","2020","12","2"
"76306","2020","12","4"
"05031","2021","1","12"
"05079","2021","1","4"
"05113","2021","1","9"
"05120","2021","1","5"
"05154","2021","1","7"
"05237","2021","1","4"
"05308","2021","1","11"
"05604","2021","1","4"
"13244","2021","1","5"
"13670","2021","1","2"
"17001","2021","1","1"
"17486","2021","1","23"
"17495","2021","1","1"
"19698","2021","1","5"
"23682","2021","1","3"
"27600","2021","1","2"
"41524","2021","1","2"
"54001","2021","1","4"
"54261","2021","1","17"
"54660","2021","1","6"
"68001","2021","1","13"
"68147","2021","1","3"
"68190","2021","1","5"
"68406","2021","1","2"
"68468","2021","1","5"
"70233","2021","1","5"
"70523","2021","1","4"
"73067","2021","1","6"
"73686","2021","1","15"
"76275","2021","1","1"
"05021","2021","2","2"
"05030","2021","2","4"
"05031","2021","2","3"
"05059","2021","2","5"
"05113","2021","2","54"
"05120","2021","2","18"
"05206","2021","2","2"
"05250","2021","2","17"
"05495","2021","2","34"
"05579","2021","2","5"
"05670","2021","2","14"
"05674","2021","2","2"
"05736","2021","2","5"
"05756","2021","2","5"
"05790","2021","2","11"
"05861","2021","2","2"
"08372","2021","2","2"
"08421","2021","2","13"
"11001","2021","2","1"
"13006","2021","2","6"
"13062","2021","2","4"
"13430","2021","2","2"
"15822","2021","2","1"
"17272","2021","2","6"
"17486","2021","2","9"
"17614","2021","2","6"
"18205","2021","2","2"
"18610","2021","2","2"
"19698","2021","2","8"
"20001","2021","2","8"
"20011","2021","2","6"
"20621","2021","2","1"
"20710","2021","2","6"
"25320","2021","2","5"
"25873","2021","2","5"
"27050","2021","2","2"
"27160","2021","2","2"
"27810","2021","2","2"
"44090","2021","2","6"
"47001","2021","2","4"
"47980","2021","2","1"
"52240","2021","2","5"
"52687","2021","2","3"
"54001","2021","2","1"
"54261","2021","2","12"
"54553","2021","2","18"
"66400","2021","2","3"
"66440","2021","2","3"
"68001","2021","2","10"
"68266","2021","2","3"
"68406","2021","2","7"
"68686","2021","2","2"
"68689","2021","2","2"
"73055","2021","2","2"
"73347","2021","2","2"
"73678","2021","2","3"
"76001","2021","2","10"
"76147","2021","2","6"
"76834","2021","2","1"
"05120","2021","3","15"
"05154","2021","3","3"
"05308","2021","3","5"
"05310","2021","3","2"
"05425","2021","3","3"
"05591","2021","3","2"
"05604","2021","3","9"
"05674","2021","3","4"
"05736","2021","3","9"
"08372","2021","3","2"
"13490","2021","3","2"
"13655","2021","3","18"
"15368","2021","3","13"
"15516","2021","3","2"
"15820","2021","3","2"
"17380","2021","3","3"
"17614","2021","3","5"
"17867","2021","3","3"
"18247","2021","3","3"
"19110","2021","3","10"
"19392","2021","3","8"
"19698","2021","3","4"
"23068","2021","3","7"
"23580","2021","3","16"
"25407","2021","3","6"
"25488","2021","3","3"
"27160","2021","3","2"
"27810","2021","3","2"
"41668","2021","3","1"
"44090","2021","3","3"
"47001","2021","3","3"
"52435","2021","3","1"
"54125","2021","3","4"
"54174","2021","3","10"
"54660","2021","3","9"
"68001","2021","3","9"
"70508","2021","3","2"
"76001","2021","3","3"
"76130","2021","3","4"
"76248","2021","3","1"
"76520","2021","3","1"
"86569","2021","3","2"
"88001","2021","3","2"
"05113","2021","4","7"
"05120","2021","4","9"
"05234","2021","4","8"
"05604","2021","4","5"
"05736","2021","4","5"
"17042","2021","4","8"
"18029","2021","4","3"
"18205","2021","4","3"
"20001","2021","4","1"
"23079","2021","4","1"
"23678","2021","4","4"
"25326","2021","4","5"
"25754","2021","4","6"
"27160","2021","4","2"
"27600","2021","4","5"
"52378","2021","4","2"
"52693","2021","4","1"
"68266","2021","4","3"
"68468","2021","4","2"
"68684","2021","4","2"
"76001","2021","4","9"
"76109","2021","4","4"
"76275","2021","4","1"
"86885","2021","4","1"
"05030","2021","5","4"
"05113","2021","5","6"
"05604","2021","5","6"
"15820","2021","5","4"
"17486","2021","5","4"
"17867","2021","5","5"
"68385","2021","5","3"
"73443","2021","5","1"
"05001","2021","6","7"
"05021","2021","6","2"
"05038","2021","6","5"
"05045","2021","6","4"
"05113","2021","6","2"
"05120","2021","6","10"
"05604","2021","6","21"
"05670","2021","6","3"
"05736","2021","6","6"
"13670","2021","6","3"
"17486","2021","6","2"
"23168","2021","6","3"
"23417","2021","6","3"
"25873","2021","6","2"
"50400","2021","6","3"
"50711","2021","6","3"
"52354","2021","6","3"
"54174","2021","6","5"
"54239","2021","6","3"
"66594","2021","6","1"
"68001","2021","6","4"
"68132","2021","6","5"
"68266","2021","6","7"
"68406","2021","6","3"
"68684","2021","6","2"
"70523","2021","6","1"
"05030","2021","7","3"
"05107","2021","7","8"
"05113","2021","7","20"
"05120","2021","7","12"
"05145","2021","7","2"
"05234","2021","7","15"
"05674","2021","7","4"
"05736","2021","7","14"
"05890","2021","7","2"
"08421","2021","7","3"
"15757","2021","7","6"
"17495","2021","7","7"
"17662","2021","7","6"
"17867","2021","7","3"
"18001","2021","7","1"
"19698","2021","7","4"
"20614","2021","7","6"
"23182","2021","7","1"
"23580","2021","7","5"
"25224","2021","7","10"
"25754","2021","7","8"
"27160","2021","7","3"
"54874","2021","7","5"
"68132","2021","7","1"
"70473","2021","7","3"
"86885","2021","7","8"
"94001","2021","7","2"
"05031","2021","8","5"
"05604","2021","8","8"
"05660","2021","8","4"
"05736","2021","8","7"
"05761","2021","8","6"
"05790","2021","8","7"
"05895","2021","8","7"
"08141","2021","8","2"
"08296","2021","8","2"
"15516","2021","8","2"
"15757","2021","8","10"
"15820","2021","8","3"
"17867","2021","8","5"
"18610","2021","8","4"
"20001","2021","8","3"
"20011","2021","8","3"
"41524","2021","8","2"
"47692","2021","8","1"
"52240","2021","8","3"
"52258","2021","8","4"
"68001","2021","8","3"
"68132","2021","8","5"
"68385","2021","8","1"
"68655","2021","8","2"
"68686","2021","8","2"
"76001","2021","8","1"
"86749","2021","8","2"
"05113","2021","9","49"
"05604","2021","9","11"
"05649","2021","9","2"
"05736","2021","9","9"
"08638","2021","9","8"
"13683","2021","9","3"
"15480","2021","9","3"
"15580","2021","9","3"
"15673","2021","9","9"
"18029","2021","9","1"
"20238","2021","9","2"
"23580","2021","9","5"
"52885","2021","9","3"
"54125","2021","9","2"
"54174","2021","9","2"
"54261","2021","9","14"
"54553","2021","9","7"
"54660","2021","9","11"
"66594","2021","9","5"
"68001","2021","9","7"
"70473","2021","9","3"
"76001","2021","9","2"
"05107","2021","10","2"
"05113","2021","10","3"
"05120","2021","10","2"
"05604","2021","10","11"
"05736","2021","10","3"
"05790","2021","10","5"
"05887","2021","10","2"
"13744","2021","10","5"
"17442","2021","10","22"
"17777","2021","10","16"
"17867","2021","10","2"
"19698","2021","10","29"
"19809","2021","10","7"
"23466","2021","10","4"
"52256","2021","10","2"
"68001","2021","10","6"
"68081","2021","10","1"
"68132","2021","10","1"
"76890","2021","10","1"
"05001","2021","11","19"
"05113","2021","11","7"
"05120","2021","11","9"
"05495","2021","11","14"
"05604","2021","11","2"
"05736","2021","11","4"
"13670","2021","11","3"
"17042","2021","11","2"
"23189","2021","11","3"
"23580","2021","11","6"
"25740","2021","11","16"
"52079","2021","11","5"
"54001","2021","11","7"
"68132","2021","11","1"
"68266","2021","11","4"
"68406","2021","11","2"
"68780","2021","11","7"
"68867","2021","11","6"
"70823","2021","11","1"
"76892","2021","11","9"
"86568","2021","11","4"
"05154","2021","12","6"
"05250","2021","12","8"
"05604","2021","12","16"
"05895","2021","12","5"
"08001","2021","12","1"
"08141","2021","12","4"
"13670","2021","12","6"
"23580","2021","12","4"
"25224","2021","12","11"
"25843","2021","12","1"
"47001","2021","12","3"
"52352","2021","12","2"
"54239","2021","12","4"
"68001","2021","12","5"
"68190","2021","12","1"
"68385","2021","12","5"
"68686","2021","12","2"
"70233","2021","12","1"
"70418","2021","12","7"
"70473","2021","12","3"
"70823","2021","12","1"
"73408","2021","12","2"
"76892","2021","12","1"
"95001","2021","12","1"
"05154","2022","1","10"
"05604","2022","1","8"
"05690","2022","1","4"
"05736","2022","1","2"
"08421","2022","1","6"
"15516","2022","1","1"
"17867","2022","1","3"
"54001","2022","1","23"
"68001","2022","1","3"
"68684","2022","1","3"
"73067","2022","1","7"
"73408","2022","1","3"
"76147","2022","1","2"
"76520","2022","1","4"
"76616","2022","1","3"
"95001","2022","1","3"
"05079","2022","2","3"
"05250","2022","2","5"
"05390","2022","2","10"
"05847","2022","2","1"
"11001","2022","2","1"
"15580","2022","2","2"
"17042","2022","2","15"
"17614","2022","2","25"
"19698","2022","2","35"
"23580","2022","2","2"
"44090","2022","2","6"
"47555","2022","2","4"
"52036","2022","2","3"
"54001","2022","2","2"
"68001","2022","2","9"
"68190","2022","2","3"
"68207","2022","2","4"
"68264","2022","2","4"
"68686","2022","2","3"
"68867","2022","2","4"
"70678","2022","2","1"
"76001","2022","2","1"
"86568","2022","2","1"
"86885","2022","2","3"
"05021","2022","3","3"
"05088","2022","3","3"
"05585","2022","3","3"
"05604","2022","3","13"
"05690","2022","3","4"
"05736","2022","3","3"
"05887","2022","3","4"
"08372","2022","3","3"
"08638","2022","3","2"
"13001","2022","3","4"
"13430","2022","3","2"
"15368","2022","3","3"
"15572","2022","3","1"
"15600","2022","3","2"
"17867","2022","3","2"
"23068","2022","3","4"
"23464","2022","3","5"
"25224","2022","3","7"
"27361","2022","3","6"
"44090","2022","3","3"
"47980","2022","3","15"
"50226","2022","3","3"
"50568","2022","3","5"
"52399","2022","3","4"
"68001","2022","3","12"
"68077","2022","3","1"
"68385","2022","3","1"
"68684","2022","3","10"
"70221","2022","3","1"
"73055","2022","3","3"
"86320","2022","3","1"
"86569","2022","3","2"
"91001","2022","3","3"
"05120","2022","4","4"
"05604","2022","4","8"
"05736","2022","4","3"
"05790","2022","4","12"
"13549","2022","4","1"
"15097","2022","4","4"
"15516","2022","4","7"
"15820","2022","4","3"
"17867","2022","4","3"
"19533","2022","4","3"
"23580","2022","4","2"
"23660","2022","4","2"
"25181","2022","4","3"
"25320","2022","4","8"
"47001","2022","4","3"
"47555","2022","4","2"
"54125","2022","4","2"
"54553","2022","4","8"
"68001","2022","4","13"
"68132","2022","4","1"
"68684","2022","4","4"
"76890","2022","4","7"
"94001","2022","4","1"
"05154","2022","5","1"
"05604","2022","5","16"
"05887","2022","5","2"
"08421","2022","5","1"
"17614","2022","5","9"
"20238","2022","5","4"
"23555","2022","5","1"
"25297","2022","5","4"
"54099","2022","5","2"
"68001","2022","5","6"
"68190","2022","5","3"
"68684","2022","5","7"
"76616","2022","5","2"
"05120","2022","6","11"
"05206","2022","6","4"
"05234","2022","6","2"
"05250","2022","6","2"
"05495","2022","6","3"
"05604","2022","6","1"
"05847","2022","6","1"
"05890","2022","6","1"
"08421","2022","6","1"
"08638","2022","6","10"
"15296","2022","6","3"
"15757","2022","6","6"
"17001","2022","6","1"
"17777","2022","6","8"
"23682","2022","6","5"
"41016","2022","6","1"
"41797","2022","6","4"
"47001","2022","6","10"
"54261","2022","6","21"
"54518","2022","6","7"
"68001","2022","6","5"
"68264","2022","6","3"
"68385","2022","6","3"
"68615","2022","6","3"
"68684","2022","6","7"
"68686","2022","6","1"
"70001","2022","6","6"
"70233","2022","6","6"
"73270","2022","6","1"
"73520","2022","6","1"
"94001","2022","6","3"
"05001","2022","7","1"
"05002","2022","7","4"
"05120","2022","7","6"
"05154","2022","7","1"
"05686","2022","7","5"
"13430","2022","7","3"
"13620","2022","7","3"
"15861","2022","7","9"
"17777","2022","7","12"
"17867","2022","7","2"
"18205","2022","7","3"
"50001","2022","7","5"
"68001","2022","7","15"
"68132","2022","7","14"
"68684","2022","7","4"
"86568","2022","7","1"
"99773","2022","7","6"
"05002","2022","8","4"
"05030","2022","8","4"
"05055","2022","8","3"
"05079","2022","8","1"
"05154","2022","8","3"
"05690","2022","8","4"
"05736","2022","8","4"
"08421","2022","8","4"
"15820","2022","8","3"
"17486","2022","8","8"
"27001","2022","8","2"
"27361","2022","8","1"
"50006","2022","8","2"
"54553","2022","8","14"
"73168","2022","8","2"
"86568","2022","8","4"
"94001","2022","8","2"
"05154","2022","9","6"
"05197","2022","9","6"
"05237","2022","9","2"
"05308","2022","9","4"
"05604","2022","9","5"
"05690","2022","9","6"
"13006","2022","9","1"
"15516","2022","9","9"
"17867","2022","9","2"
"19698","2022","9","3"
"19807","2022","9","2"
"23168","2022","9","2"
"25407","2022","9","4"
"25754","2022","9","11"
"41524","2022","9","12"
"47555","2022","9","2"
"47570","2022","9","1"
"52356","2022","9","5"
"54174","2022","9","4"
"66682","2022","9","10"
"68001","2022","9","4"
"73861","2022","9","3"
"76001","2022","9","1"
"91001","2022","9","6"
"05055","2022","10","5"
"05690","2022","10","5"
"08296","2022","10","4"
"13430","2022","10","9"
"15542","2022","10","1"
"17013","2022","10","2"
"17513","2022","10","8"
"18610","2022","10","8"
"25224","2022","10","6"
"41770","2022","10","1"
"47555","2022","10","2"
"52352","2022","10","3"
"54001","2022","10","8"
"54660","2022","10","5"
"68001","2022","10","2"
"68684","2022","10","8"
"70233","2022","10","6"
"70473","2022","10","2"
"86885","2022","10","2"
"05197","2022","11","4"
"05690","2022","11","2"
"05736","2022","11","11"
"08141","2022","11","9"
"08372","2022","11","5"
"15690","2022","11","4"
"17272","2022","11","4"
"20001","2022","11","1"
"20178","2022","11","2"
"23855","2022","11","2"
"25320","2022","11","4"
"25483","2022","11","3"
"27160","2022","11","2"
"44001","2022","11","3"
"47980","2022","11","3"
"52683","2022","11","2"
"66440","2022","11","2"
"68001","2022","11","2"
"68385","2022","11","3"
"68655","2022","11","4"
"68684","2022","11","1"
"91669","2022","11","6"
"05154","2022","12","1"
"05604","2022","12","35"
"05736","2022","12","28"
"19698","2022","12","28"
"25754","2022","12","4"
"52885","2022","12","6"
"68867","2022","12","3"
"05079","2023","1","4"
"05604","2023","1","9"
"05652","2023","1","8"
"05697","2023","1","8"
"05736","2023","1","5"
"15223","2023","1","2"
"17042","2023","1","13"
"17380","2023","1","2"
"17867","2023","1","1"
"20238","2023","1","5"
"23580","2023","1","4"
"25754","2023","1","2"
"44090","2023","1","2"
"47288","2023","1","7"
"68001","2023","1","6"
"68655","2023","1","1"
"73270","2023","1","10"
"76616","2023","1","1"
"95001","2023","1","2"
"05079","2023","2","4"
"05107","2023","2","7"
"05154","2023","2","2"
"05206","2023","2","4"
"05390","2023","2","4"
"05604","2023","2","8"
"05736","2023","2","6"
"05756","2023","2","2"
"05887","2023","2","2"
"17042","2023","2","1"
"18001","2023","2","2"
"19698","2023","2","5"
"20238","2023","2","1"
"23182","2023","2","2"
"23580","2023","2","7"
"23682","2023","2","4"
"25320","2023","2","15"
"25436","2023","2","4"
"47555","2023","2","2"
"47980","2023","2","1"
"52699","2023","2","1"
"54518","2023","2","4"
"68385","2023","2","5"
"68575","2023","2","3"
"68684","2023","2","3"
"68686","2023","2","6"
"73168","2023","2","3"
"76001","2023","2","2"
"86885","2023","2","2"
"97001","2023","2","4"
"05002","2023","3","2"
"05591","2023","3","2"
"05690","2023","3","5"
"05736","2023","3","2"
"08421","2023","3","3"
"08606","2023","3","4"
"15296","2023","3","5"
"15600","2023","3","1"
"17001","2023","3","4"
"19698","2023","3","13"
"20011","2023","3","1"
"23580","2023","3","2"
"41001","2023","3","1"
"47001","2023","3","1"
"47555","2023","3","2"
"50001","2023","3","2"
"52079","2023","3","7"
"54001","2023","3","16"
"54518","2023","3","4"
"54660","2023","3","6"
"66682","2023","3","3"
"68001","2023","3","13"
"68207","2023","3","4"
"68266","2023","3","5"
"68385","2023","3","2"
"68684","2023","3","2"
"68861","2023","3","5"
"05190","2023","4","8"
"05591","2023","4","4"
"05670","2023","4","2"
"05674","2023","4","6"
"05890","2023","4","3"
"08141","2023","4","2"
"11001","2023","4","1"
"15176","2023","4","1"
"17042","2023","4","20"
"17614","2023","4","2"
"17867","2023","4","2"
"19698","2023","4","17"
"23580","2023","4","1"
"25407","2023","4","4"
"41349","2023","4","4"
"52720","2023","4","3"
"54001","2023","4","13"
"54099","2023","4","3"
"54673","2023","4","4"
"66682","2023","4","5"
"68147","2023","4","4"
"68179","2023","4","5"
"68207","2023","4","4"
"68385","2023","4","2"
"68655","2023","4","2"
"68684","2023","4","5"
"70418","2023","4","2"
"70473","2023","4","1"
"73067","2023","4","6"
"76001","2023","4","1"
"76318","2023","4","2"
"88001","2023","4","2"
"05055","2023","5","4"
"05088","2023","5","18"
"05154","2023","5","4"
"05411","2023","5","3"
"05604","2023","5","26"
"05736","2023","5","17"
"08606","2023","5","2"
"15600","2023","5","16"
"15822","2023","5","3"
"15837","2023","5","2"
"17867","2023","5","3"
"23815","2023","5","3"
"47555","2023","5","3"
"50001","2023","5","1"
"66088","2023","5","8"
"68001","2023","5","2"
"68266","2023","5","5"
"68684","2023","5","4"
"68861","2023","5","2"
"70473","2023","5","3"
"70523","2023","5","3"
"70820","2023","5","5"
"85001","2023","5","1"
"85010","2023","5","2"
"85410","2023","5","4"
"86885","2023","5","1"
"05079","2023","6","6"
"05154","2023","6","5"
"05467","2023","6","7"
"05604","2023","6","9"
"05736","2023","6","1"
"08573","2023","6","2"
"15097","2023","6","8"
"15755","2023","6","3"
"17001","2023","6","4"
"17042","2023","6","6"
"19698","2023","6","4"
"20550","2023","6","6"
"23580","2023","6","2"
"44090","2023","6","4"
"47001","2023","6","7"
"54001","2023","6","5"
"54520","2023","6","3"
"68001","2023","6","2"
"68684","2023","6","7"
"68867","2023","6","2"
"94001","2023","6","3"
"05154","2023","7","3"
"05604","2023","7","8"
"05736","2023","7","8"
"11001","2023","7","2"
"17042","2023","7","4"
"19533","2023","7","3"
"20228","2023","7","2"
"25224","2023","7","1"
"25407","2023","7","1"
"41797","2023","7","2"
"50330","2023","7","2"
"54377","2023","7","6"
"54518","2023","7","6"
"68001","2023","7","5"
"68266","2023","7","2"
"68307","2023","7","7"
"68686","2023","7","4"
"76122","2023","7","1"
"86885","2023","7","1"
"05113","2023","8","2"
"05308","2023","8","5"
"05690","2023","8","4"
"05736","2023","8","3"
"08296","2023","8","5"
"17013","2023","8","2"
"23586","2023","8","2"
"25407","2023","8","7"
"47001","2023","8","1"
"50573","2023","8","1"
"52260","2023","8","2"
"52435","2023","8","3"
"54001","2023","8","26"
"54673","2023","8","6"
"66682","2023","8","3"
"68162","2023","8","10"
"70215","2023","8","4"
"70473","2023","8","2"
"73270","2023","8","2"
"76109","2023","8","1"
"94001","2023","8","3"
"05585","2023","9","2"
"05856","2023","9","7"
"23580","2023","9","2"
"23586","2023","9","4"
"47001","2023","9","8"
"54125","2023","9","15"
"54520","2023","9","5"
"54660","2023","9","13"
"54680","2023","9","13"
"68001","2023","9","4"
"68081","2023","9","3"
"68190","2023","9","4"
"68684","2023","9","6"
"73067","2023","9","3"
"73168","2023","9","2"
"76001","2023","9","2"
"76616","2023","9","3"
"81001","2023","9","1"
"86001","2023","9","11"
"86571","2023","9","2"
"88001","2023","9","3"
"94001","2023","9","4"
"05154","2023","10","2"
"05237","2023","10","2"
"05250","2023","10","6"
"05308","2023","10","6"
"05604","2023","10","7"
"05690","2023","10","2"
"05736","2023","10","4"
"05856","2023","10","4"
"08372","2023","10","4"
"13670","2023","10","4"
"17486","2023","10","2"
"19698","2023","10","2"
"25307","2023","10","3"
"25572","2023","10","4"
"44090","2023","10","4"
"47001","2023","10","1"
"47980","2023","10","2"
"54001","2023","10","6"
"68001","2023","10","5"
"76834","2023","10","10"
"94001","2023","10","3"
"05113","2023","11","4"
"05736","2023","11","6"
"17001","2023","11","1"
"17614","2023","11","12"
"17662","2023","11","2"
"23466","2023","11","2"
"47189","2023","11","2"
"52110","2023","11","2"
"54405","2023","11","1"
"54518","2023","11","3"
"66001","2023","11","5"
"68001","2023","11","6"
"68266","2023","11","2"
"68385","2023","11","5"
"68464","2023","11","8"
"70233","2023","11","1"
"76001","2023","11","15"
"76834","2023","11","2"
"05034","2023","12","2"
"05120","2023","12","11"
"15759","2023","12","3"
"17614","2023","12","4"
"27361","2023","12","1"
"68152","2023","12","5"
"73217","2023","12","2"
"76001","2023","12","7"
"76306","2023","12","10"
"05079","2024","1","2"
"05113","2024","1","2"
"05120","2024","1","11"
"05604","2024","1","17"
"05861","2024","1","16"
"05890","2024","1","4"
"15442","2024","1","6"
"15572","2024","1","2"
"15757","2024","1","5"
"17614","2024","1","3"
"17867","2024","1","4"
"23068","2024","1","6"
"23580","2024","1","3"
"25307","2024","1","1"
"41006","2024","1","1"
"47980","2024","1","2"
"54001","2024","1","9"
"54660","2024","1","6"
"68207","2024","1","8"
"68266","2024","1","2"
"68385","2024","1","1"
"68655","2024","1","5"
"68684","2024","1","4"
"70508","2024","1","1"
"95001","2024","1","2"
"05034","2024","2","12"
"05079","2024","2","8"
"05113","2024","2","3"
"05129","2024","2","1"
"05154","2024","2","9"
"05206","2024","2","3"
"05237","2024","2","4"
"05250","2024","2","3"
"05282","2024","2","5"
"05364","2024","2","4"
"05390","2024","2","2"
"05495","2024","2","1"
"05585","2024","2","3"
"05604","2024","2","24"
"05664","2024","2","2"
"05890","2024","2","5"
"08638","2024","2","4"
"13430","2024","2","2"
"15236","2024","2","6"
"17001","2024","2","7"
"17042","2024","2","11"
"18001","2024","2","1"
"19698","2024","2","4"
"23068","2024","2","1"
"23807","2024","2","1"
"41551","2024","2","1"
"41668","2024","2","2"
"44090","2024","2","8"
"47980","2024","2","4"
"50573","2024","2","2"
"54001","2024","2","4"
"54125","2024","2","16"
"54261","2024","2","2"
"54518","2024","2","2"
"54660","2024","2","1"
"66682","2024","2","8"
"68001","2024","2","9"
"68081","2024","2","3"
"68132","2024","2","2"
"68147","2024","2","3"
"68207","2024","2","4"
"68266","2024","2","2"
"68655","2024","2","2"
"68684","2024","2","5"
"68686","2024","2","1"
"73067","2024","2","3"
"73168","2024","2","1"
"73270","2024","2","2"
"73443","2024","2","5"
"81001","2024","2","1"
"95001","2024","2","10"
"99001","2024","2","1"
"05079","2024","3","7"
"05368","2024","3","1"
"05649","2024","3","4"
"05674","2024","3","2"
"11001","2024","3","1"
"15516","2024","3","6"
"17614","2024","3","9"
"20001","2024","3","13"
"23466","2024","3","3"
"23580","2024","3","4"
"25407","2024","3","7"
"41001","2024","3","1"
"41797","2024","3","1"
"54520","2024","3","20"
"54680","2024","3","5"
"54820","2024","3","7"
"54874","2024","3","15"
"68001","2024","3","3"
"68132","2024","3","3"
"68266","2024","3","2"
"68615","2024","3","2"
"68684","2024","3","10"
"68686","2024","3","2"
"68755","2024","3","2"
"73067","2024","3","1"
"73168","2024","3","3"
"76364","2024","3","4"
"86001","2024","3","7"
"86885","2024","3","2"
"05079","2024","4","6"
"05154","2024","4","1"
"05237","2024","4","4"
"05282","2024","4","2"
"05390","2024","4","4"
"15755","2024","4","1"
"17042","2024","4","3"
"17380","2024","4","4"
"17442","2024","4","12"
"20621","2024","4","2"
"25001","2024","4","4"
"25317","2024","4","7"
"25407","2024","4","2"
"25754","2024","4","1"
"47058","2024","4","1"
"47555","2024","4","5"
"50568","2024","4","7"
"52001","2024","4","2"
"52207","2024","4","2"
"54680","2024","4","5"
"54874","2024","4","6"
"66318","2024","4","1"
"68001","2024","4","9"
"68132","2024","4","1"
"68385","2024","4","5"
"68464","2024","4","3"
"68655","2024","4","4"
"68684","2024","4","4"
"97001","2024","4","2"
"05055","2024","5","4"
"05120","2024","5","6"
"05585","2024","5","3"
"05690","2024","5","3"
"05890","2024","5","3"
"08433","2024","5","3"
"08549","2024","5","2"
"13001","2024","5","1"
"15442","2024","5","6"
"15646","2024","5","1"
"17001","2024","5","2"
"17042","2024","5","5"
"17662","2024","5","1"
"18205","2024","5","2"
"20178","2024","5","6"
"25224","2024","5","9"
"47551","2024","5","4"
"54125","2024","5","5"
"54520","2024","5","17"
"63212","2024","5","6"
"68001","2024","5","13"
"68385","2024","5","3"
"76001","2024","5","3"
"76364","2024","5","1"
"76520","2024","5","4"
"05129","2024","6","4"
"05674","2024","6","3"
"08001","2024","6","5"
"18029","2024","6","1"
"19698","2024","6","2"
"25407","2024","6","4"
"54001","2024","6","15"
"54520","2024","6","2"
"68001","2024","6","7"
"76001","2024","6","1"
"86568","2024","6","3"
"05001","2024","7","1"
"05079","2024","7","3"
"05120","2024","7","11"
"05154","2024","7","3"
"05353","2024","7","3"
"05390","2024","7","2"
"05890","2024","7","3"
"15572","2024","7","2"
"17614","2024","7","7"
"20400","2024","7","6"
"25407","2024","7","3"
"41349","2024","7","9"
"50330","2024","7","5"
"68001","2024","7","7"
"68132","2024","7","1"
"68684","2024","7","11"
"88564","2024","7","1"
"05390","2024","8","1"
"05604","2024","8","4"
"05660","2024","8","1"
"17042","2024","8","14"
"17442","2024","8","10"
"23580","2024","8","6"
"25224","2024","8","1"
"54001","2024","8","15"
"54660","2024","8","7"
"54680","2024","8","3"
"68001","2024","8","8"
"68385","2024","8","6"
"68655","2024","8","3"
"68684","2024","8","3"
"05079","2024","9","7"
"05154","2024","9","1"
"08638","2024","9","2"
"17442","2024","9","1"
"19698","2024","9","1"
"52207","2024","9","4"
"54001","2024","9","6"
"68500","2024","9","2"
"68684","2024","9","3"
"73624","2024","9","3"
"73854","2024","9","3"
"76001","2024","9","15"
"76616","2024","9","2"
"99773","2024","9","6"
"05001","2024","10","8"
"08520","2024","10","3"
"25740","2024","10","1"
"41132","2024","10","5"
"50270","2024","10","3"
"70473","2024","10","1"
"76001","2024","10","2"
"76147","2024","10","1"
"86885","2024","10","1"
"94001","2024","10","5"
"99773","2024","10","1"
"05001","2024","11","4"
"05604","2024","11","9"
"05670","2024","11","6"
"05736","2024","11","8"
"05887","2024","11","7"
"08421","2024","11","4"
"15296","2024","11","2"
"15516","2024","11","7"
"17486","2024","11","6"
"19450","2024","11","1"
"54261","2024","11","1"
"68001","2024","11","1"
"68547","2024","11","7"
"73678","2024","11","2"
"76001","2024","11","1"
"76622","2024","11","5"
"86569","2024","11","1"
"94001","2024","11","3"
"95001","2024","11","1"
"99773","2024","11","3"
"05001","2024","12","1"
"05040","2024","12","4"
"05604","2024","12","7"
"05736","2024","12","4"
"08573","2024","12","5"
"20011","2024","12","2"
"27810","2024","12","1"
"41298","2024","12","2"
"54553","2024","12","14"
"66001","2024","12","1"
"68655","2024","12","5"
"76890","2024","12","3"
"94001","2024","12","3"
"05002","2025","1","3"
"05079","2025","1","4"
"05154","2025","1","6"
"05604","2025","1","16"
"05736","2025","1","13"
"08001","2025","1","2"
"08549","2025","1","3"
"08685","2025","1","4"
"15572","2025","1","8"
"17042","2025","1","4"
"23586","2025","1","2"
"23672","2025","1","1"
"25662","2025","1","6"
"27615","2025","1","10"
"41349","2025","1","2"
"44001","2025","1","4"
"54001","2025","1","32"
"54518","2025","1","4"
"54874","2025","1","12"
"63470","2025","1","1"
"66456","2025","1","4"
"66594","2025","1","7"
"68385","2025","1","6"
"68500","2025","1","6"
"68655","2025","1","2"
"68684","2025","1","3"
"73217","2025","1","8"
"76001","2025","1","4"
"76109","2025","1","1"
"76520","2025","1","5"
"05154","2025","2","6"
"05237","2025","2","1"
"05425","2025","2","4"
"05585","2025","2","3"
"05670","2025","2","1"
"15572","2025","2","2"
"17001","2025","2","8"
"17042","2025","2","3"
"17614","2025","2","11"
"17662","2025","2","2"
"17777","2025","2","4"
"25407","2025","2","9"
"25779","2025","2","4"
"41797","2025","2","2"
"50400","2025","2","2"
"54518","2025","2","7"
"54520","2025","2","7"
"66318","2025","2","2"
"68001","2025","2","3"
"68464","2025","2","4"
"68655","2025","2","3"
"68684","2025","2","8"
"68686","2025","2","6"
"68755","2025","2","3"
"68867","2025","2","2"
"68872","2025","2","3"
"73001","2025","2","4"
"73067","2025","2","8"
"76001","2025","2","2"
"76834","2025","2","5"
"94001","2025","2","1"
"05079","2025","3","2"
"05284","2025","3","3"
"05579","2025","3","12"
"08573","2025","3","1"
"11001","2025","3","1"
"13683","2025","3","12"
"17042","2025","3","8"
"19698","2025","3","7"
"20011","2025","3","5"
"20178","2025","3","2"
"23001","2025","3","2"
"23466","2025","3","4"
"23580","2025","3","2"
"23675","2025","3","1"
"23807","2025","3","3"
"25224","2025","3","6"
"25320","2025","3","5"
"25486","2025","3","4"
"41524","2025","3","2"
"44078","2025","3","3"
"44090","2025","3","17"
"47001","2025","3","3"
"47555","2025","3","2"
"50001","2025","3","6"
"52260","2025","3","4"
"52356","2025","3","1"
"68147","2025","3","2"
"68655","2025","3","2"
"68679","2025","3","1"
"76520","2025","3","2"
"86569","2025","3","3"
"05030","2025","4","3"
"05031","2025","4","3"
"05079","2025","4","6"
"05197","2025","4","3"
"05425","2025","4","4"
"08001","2025","4","3"
"15820","2025","4","10"
"17867","2025","4","2"
"41349","2025","4","2"
"47980","2025","4","8"
"50689","2025","4","1"
"54099","2025","4","13"
"54553","2025","4","5"
"54680","2025","4","6"
"68132","2025","4","4"
"68190","2025","4","2"
"68385","2025","4","4"
"68655","2025","4","3"
"68686","2025","4","5"
"73461","2025","4","1"
"76001","2025","4","2"
"76520","2025","4","15"
"94001","2025","4","8"
"05055","2025","5","7"
"05579","2025","5","16"
"05736","2025","5","1"
"08296","2025","5","1"
"20383","2025","5","1"
"23182","2025","5","5"
"23580","2025","5","4"
"25407","2025","5","2"
"50001","2025","5","3"
"54099","2025","5","4"
"54518","2025","5","1"
"66440","2025","5","4"
"68132","2025","5","12"
"68655","2025","5","4"
"68686","2025","5","5"
"73686","2025","5","3"
"86320","2025","5","1"
"05002","2025","6","4"
"05055","2025","6","4"
"05079","2025","6","6"
"05113","2025","6","1"
"05150","2025","6","6"
"05308","2025","6","14"
"05736","2025","6","25"
"08001","2025","6","2"
"08638","2025","6","1"
"11001","2025","6","1"
"15097","2025","6","4"
"15516","2025","6","1"
"15600","2025","6","5"
"17042","2025","6","15"
"17873","2025","6","2"
"25200","2025","6","14"
"25772","2025","6","7"
"25899","2025","6","2"
"52203","2025","6","2"
"54518","2025","6","6"
"66594","2025","6","3"
"68001","2025","6","3"
"68307","2025","6","1"
"68385","2025","6","2"
"68444","2025","6","2"
"68464","2025","6","1"
"68655","2025","6","5"
"86569","2025","6","2"
"88564","2025","6","1"
"94001","2025","6","2"
"97001","2025","6","2"
"05079","2025","7","2"
"05390","2025","7","5"
"05686","2025","7","4"
"05690","2025","7","3"
"05789","2025","7","14"
"11001","2025","7","2"
"15176","2025","7","1"
"17777","2025","7","8"
"19418","2025","7","7"
"23675","2025","7","2"
"25245","2025","7","3"
"25407","2025","7","1"
"25486","2025","7","1"
"27001","2025","7","9"
"41001","2025","7","4"
"41349","2025","7","5"
"41551","2025","7","2"
"41807","2025","7","2"
"47001","2025","7","1"
"50001","2025","7","2"
"54099","2025","7","5"
"54520","2025","7","3"
"66001","2025","7","1"
"68001","2025","7","8"
"68132","2025","7","1"
"68207","2025","7","1"
"68655","2025","7","1"
"73001","2025","7","4"
"73067","2025","7","2"
"73671","2025","7","3"
"73770","2025","7","5"
"76001","2025","7","7"
"76520","2025","7","4"
"88001","2025","7","1"
"94883","2025","7","1"
"05030","2025","8","7"
"05079","2025","8","4"
"05154","2025","8","6"
"05197","2025","8","1"
"05604","2025","8","6"
"05607","2025","8","2"
"05686","2025","8","16"
"05736","2025","8","13"
"11001","2025","8","4"
"13001","2025","8","2"
"15681","2025","8","1"
"17174","2025","8","16"
"17380","2025","8","5"
"17662","2025","8","5"
"17777","2025","8","7"
"19698","2025","8","2"
"23189","2025","8","3"
"25486","2025","8","3"
"27600","2025","8","13"
"41349","2025","8","1"
"54001","2025","8","4"
"54099","2025","8","2"
"54172","2025","8","1"
"54518","2025","8","8"
"66088","2025","8","1"
"68001","2025","8","7"
"68132","2025","8","1"
"68655","2025","8","3"
"70473","2025","8","2"
"73067","2025","8","6"
"73678","2025","8","4"
"86569","2025","8","2"
"94001","2025","8","2"
"05001","2025","9","6"
"05154","2025","9","28"
"05237","2025","9","3"
"05308","2025","9","4"
"05425","2025","9","5"
"05649","2025","9","1"
"05674","2025","9","6"
"05792","2025","9","4"
"08001","2025","9","2"
"15531","2025","9","3"
"18610","2025","9","3"
"18785","2025","9","4"
"20001","2025","9","1"
"23672","2025","9","1"
"25612","2025","9","1"
"25743","2025","9","5"
"27006","2025","9","15"
"41001","2025","9","2"
"41016","2025","9","4"
"41026","2025","9","4"
"41349","2025","9","2"
"44560","2025","9","2"
"47555","2025","9","2"
"47745","2025","9","2"
"50223","2025","9","4"
"54125","2025","9","9"
"54518","2025","9","4"
"54520","2025","9","2"
"63470","2025","9","1"
"68001","2025","9","6"
"68101","2025","9","2"
"68176","2025","9","1"
"68266","2025","9","1"
"68655","2025","9","3"
"70473","2025","9","1"
"70508","2025","9","2"
"73067","2025","9","8"
"73411","2025","9","7"
"76834","2025","9","2"
"05113","2025","10","4"
"05154","2025","10","6"
"05197","2025","10","3"
"05649","2025","10","10"
"05686","2025","10","3"
"15790","2025","10","2"
"17001","2025","10","5"
"17442","2025","10","2"
"17777","2025","10","11"
"25224","2025","10","2"
"25486","2025","10","2"
"41016","2025","10","3"
"41551","2025","10","2"
"41885","2025","10","2"
"54518","2025","10","2"
"68001","2025","10","3"
"68307","2025","10","2"
"68444","2025","10","2"
"68686","2025","10","5"
"70473","2025","10","1"
"76001","2025","10","3"
"76111","2025","10","1"
"76147","2025","10","10"
"05031","2025","11","4"
"05055","2025","11","5"
"05480","2025","11","4"
"05604","2025","11","1"
"05686","2025","11","4"
"05690","2025","11","9"
"11001","2025","11","3"
"15681","2025","11","9"
"17042","2025","11","3"
"18150","2025","11","6"
"18610","2025","11","2"
"20001","2025","11","2"
"20621","2025","11","4"
"23168","2025","11","2"
"23815","2025","11","4"
"25224","2025","11","1"
"25317","2025","11","1"
"25407","2025","11","3"
"25843","2025","11","4"
"44090","2025","11","2"
"50223","2025","11","1"
"54518","2025","11","1"
"54520","2025","11","1"
"66594","2025","11","1"
"68001","2025","11","3"
"68132","2025","11","1"
"68190","2025","11","1"
"68385","2025","11","4"
"68615","2025","11","1"
"73555","2025","11","6"
"94343","2025","11","2"
"05055","2025","12","9"
"05847","2025","12","18"
"11001","2025","12","1"
"15466","2025","12","2"
"15572","2025","12","1"
"41026","2025","12","1"
"54520","2025","12","1"
"70508","2025","12","1"
"73168","2025","12","2"
"05042","2026","1","1"
"05055","2026","1","2"
"05079","2026","1","5"
"05154","2026","1","3"
"05206","2026","1","2"
"05237","2026","1","5"
"05282","2026","1","4"
"05308","2026","1","2"
"05585","2026","1","5"
"08685","2026","1","4"
"13836","2026","1","1"
"17001","2026","1","3"
"17614","2026","1","15"
"25224","2026","1","3"
"25513","2026","1","2"
"27001","2026","1","1"
"41797","2026","1","4"
"41872","2026","1","1"
"50223","2026","1","2"
"50330","2026","1","3"
"54520","2026","1","5"
"68001","2026","1","7"
"68655","2026","1","2"
"73168","2026","1","3"
"76318","2026","1","4"
"76834","2026","1","2"
"94001","2026","1","1"
"05001","2026","2","2"
"05021","2026","2","2"
"05079","2026","2","6"
"05154","2026","2","5"
"05282","2026","2","14"
"05652","2026","2","3"
"05873","2026","2","1"
"05890","2026","2","8"
"13744","2026","2","4"
"15097","2026","2","4"
"15681","2026","2","5"
"17001","2026","2","5"
"17777","2026","2","13"
"17867","2026","2","1"
"18756","2026","2","2"
"20787","2026","2","5"
"23660","2026","2","1"
"23672","2026","2","1"
"23815","2026","2","2"
"25743","2026","2","2"
"27001","2026","2","9"
"27810","2026","2","8"
"41132","2026","2","2"
"41668","2026","2","1"
"41885","2026","2","4"
"44650","2026","2","4"
"50270","2026","2","4"
"52203","2026","2","1"
"54518","2026","2","6"
"66318","2026","2","5"
"66440","2026","2","2"
"66594","2026","2","7"
"66682","2026","2","3"
"68001","2026","2","4"
"68266","2026","2","2"
"68307","2026","2","11"
"68385","2026","2","3"
"68444","2026","2","2"
"68655","2026","2","2"
"73686","2026","2","1"
"76001","2026","2","10"
"76520","2026","2","9"
"86320","2026","2","2"
"86568","2026","2","2"
"05031","2026","3","10"
"05172","2026","3","32"
"05495","2026","3","1"
"05649","2026","3","4"
"05686","2026","3","5"
"05736","2026","3","5"
"05756","2026","3","2"
"08573","2026","3","7"
"15600","2026","3","3"
"17042","2026","3","2"
"20013","2026","3","4"
"20383","2026","3","2"
"20400","2026","3","7"
"23001","2026","3","1"
"25754","2026","3","2"
"25823","2026","3","2"
"41016","2026","3","1"
"54099","2026","3","6"
"54518","2026","3","3"
"66456","2026","3","5"
"68001","2026","3","4"
"68385","2026","3","2"
"70508","2026","3","1"
"73067","2026","3","5"
"73217","2026","3","12"
"86749","2026","3","5"
"86885","2026","3","4"
"99001","2026","3","2"
"05079","2026","4","3"
"05264","2026","4","1"
"05670","2026","4","4"
"05690","2026","4","2"
"08001","2026","4","2"
"08685","2026","4","2"
"15001","2026","4","1"
"17867","2026","4","6"
"19698","2026","4","11"
"20178","2026","4","1"
"20383","2026","4","2"
"25224","2026","4","1"
"25320","2026","4","6"
"25662","2026","4","1"
"25885","2026","4","3"
"50001","2026","4","4"
"54001","2026","4","3"
"54518","2026","4","2"
"54673","2026","4","23"
"66594","2026","4","2"
"68001","2026","4","5"
"68190","2026","4","4"
"73270","2026","4","4"
"86568","2026","4","2"
"86569","2026","4","1"
"86571","2026","4","1"
"86885","2026","4","4"
"05045","2026","5","5"
"05113","2026","5","1"
"05120","2026","5","4"
"05154","2026","5","3"
"05282","2026","5","21"
"05308","2026","5","4"
"05591","2026","5","1"
"05697","2026","5","2"
"05890","2026","5","2"
"11001","2026","5","2"
"13688","2026","5","7"
"15442","2026","5","2"
"15755","2026","5","9"
"15757","2026","5","2"
"17042","2026","5","3"
"17442","2026","5","1"
"17614","2026","5","18"
"17867","2026","5","3"
"18592","2026","5","3"
"23672","2026","5","2"
"25317","2026","5","2"
"25513","2026","5","2"
"41132","2026","5","4"
"41885","2026","5","1"
"47980","2026","5","3"
"52399","2026","5","4"
"54518","2026","5","15"
"66088","2026","5","5"
"68001","2026","5","8"
"68385","2026","5","3"
"68406","2026","5","2"
"70508","2026","5","1"
"73443","2026","5","4"
"86219","2026","5","4"
"99001","2026","5","3"
"05031","2026","6","13"
"05042","2026","6","2"
"05240","2026","6","8"
"05390","2026","6","5"
"05667","2026","6","2"
"05674","2026","6","7"
"05690","2026","6","3"
"05736","2026","6","4"
"08606","2026","6","2"
"15861","2026","6","3"
"17174","2026","6","7"
"17777","2026","6","1"
"18592","2026","6","5"
"19698","2026","6","4"
"20011","2026","6","1"
"20045","2026","6","7"
"20178","2026","6","2"
"20383","2026","6","5"
"20517","2026","6","1"
"20550","2026","6","1"
"25290","2026","6","2"
"25317","2026","6","2"
"27001","2026","6","5"
"27615","2026","6","6"
"41306","2026","6","6"
"41885","2026","6","2"
"50318","2026","6","2"
"54001","2026","6","5"
"54385","2026","6","1"
"54518","2026","6","3"
"54520","2026","6","1"
"68001","2026","6","10"
"68385","2026","6","1"
"68655","2026","6","4"
"76001","2026","6","1"
"86569","2026","6","1"
"05001","2026","7","7"
"05031","2026","7","4"
"05079","2026","7","4"
"05154","2026","7","4"
"05237","2026","7","6"
"05308","2026","7","10"
"05585","2026","7","3"
"05664","2026","7","1"
"05670","2026","7","3"
"05686","2026","7","3"
"08573","2026","7","2"
"15296","2026","7","1"
"15442","2026","7","12"
"17001","2026","7","3"
"17042","2026","7","5"
"17380","2026","7","1"
"17777","2026","7","1"
"17867","2026","7","1"
"19780","2026","7","1"
"20250","2026","7","4"
"20383","2026","7","1"
"20787","2026","7","3"
"25290","2026","7","2"
"25407","2026","7","1"
"41001","2026","7","1"
"41524","2026","7","2"
"41801","2026","7","4"
"41885","2026","7","5"
"54001","2026","7","3"
"54518","2026","7","2"
"54520","2026","7","11"
"68001","2026","7","9"
"68385","2026","7","3"
"68655","2026","7","6"
"73217","2026","7","3"
"76001","2026","7","2"
"86885","2026","7","2"
"94001","2026","7","1"
"95001","2026","7","4"
