"cod_muni","anio","mes","clase_de_bien","unidad_de_medida","cantidad"
"23068","2010","8","RETROEXCAVADORA - MINERIA","UNIDAD","1"
"27425","2010","8","RETROEXCAVADORA - MINERIA","UNIDAD","4"
"05670","2010","9","RETROEXCAVADORA - MINERIA","UNIDAD","1"
"05690","2010","9","RETROEXCAVADORA - MINERIA","UNIDAD","2"
"05847","2010","9","RETROEXCAVADORA - MINERIA","UNIDAD","4"
"23068","2010","9","RETROEXCAVADORA - MINERIA","UNIDAD","8"
"05031","2010","10","RETROEXCAVADORA - MINERIA","UNIDAD","12"
"05120","2010","10","RETROEXCAVADORA - MINERIA","UNIDAD","1"
"23068","2010","10","RETROEXCAVADORA - MINERIA","UNIDAD","1"
"27001","2010","10","RETROEXCAVADORA - MINERIA","UNIDAD","1"
"41615","2010","10","RETROEXCAVADORA - MINERIA","UNIDAD","2"
"41872","2010","10","RETROEXCAVADORA - MINERIA","UNIDAD","1"
"86571","2010","10","RETROEXCAVADORA - MINERIA","UNIDAD","2"
"05034","2010","11","RETROEXCAVADORA - MINERIA","UNIDAD","2"
"05315","2010","11","RETROEXCAVADORA - MINERIA","UNIDAD","1"
"05885","2010","11","RETROEXCAVADORA - MINERIA","UNIDAD","1"
"23068","2010","11","RETROEXCAVADORA - MINERIA","UNIDAD","1"
"27135","2010","11","RETROEXCAVADORA - MINERIA","UNIDAD","3"
"05031","2010","12","RETROEXCAVADORA - MINERIA","UNIDAD","8"
"05113","2010","12","RETROEXCAVADORA - MINERIA","UNIDAD","6"
"05120","2010","12","RETROEXCAVADORA - MINERIA","UNIDAD","1"
"05585","2010","12","RETROEXCAVADORA - MINERIA","UNIDAD","1"
"05649","2010","12","RETROEXCAVADORA - MINERIA","UNIDAD","1"
"05670","2010","12","TRITURADORA - MINERIA","UNIDAD","15"
"05895","2010","12","RETROEXCAVADORA - MINERIA","UNIDAD","2"
"17486","2010","12","RETROEXCAVADORA - MINERIA","UNIDAD","2"
"23068","2010","12","RETROEXCAVADORA - MINERIA","UNIDAD","4"
"05031","2011","1","CLASIFICADORA - MINERIA","UNIDAD","1"
"05031","2011","1","RETROEXCAVADORA - MINERIA","UNIDAD","3"
"05120","2011","1","BULDOZER - MINERIA","UNIDAD","1"
"05120","2011","1","RETROEXCAVADORA - MINERIA","UNIDAD","4"
"05206","2011","1","CLASIFICADORA - MINERIA","UNIDAD","1"
"05206","2011","1","RETROEXCAVADORA - MINERIA","UNIDAD","2"
"05250","2011","1","RETROEXCAVADORA - MINERIA","UNIDAD","1"
"05628","2011","1","RETROEXCAVADORA - MINERIA","UNIDAD","2"
"05736","2011","1","RETROEXCAVADORA - MINERIA","UNIDAD","1"
"05887","2011","1","DRAGA (MINERIA) - MINERIA","UNIDAD","2"
"23580","2011","1","DRAGA (MINERIA) - MINERIA","UNIDAD","4"
"23580","2011","1","RETROEXCAVADORA - MINERIA","UNIDAD","1"
"27001","2011","1","RETROEXCAVADORA - MINERIA","UNIDAD","2"
"27160","2011","1","RETROEXCAVADORA - MINERIA","UNIDAD","1"
"05031","2011","2","DRAGA (MINERIA) - MINERIA","UNIDAD","4"
"05120","2011","2","CLASIFICADORA - MINERIA","UNIDAD","1"
"05250","2011","2","DRAGA (MINERIA) - MINERIA","UNIDAD","8"
"05604","2011","2","CLASIFICADORA - MINERIA","UNIDAD","1"
"05604","2011","2","DRAGA (MINERIA) - MINERIA","UNIDAD","2"
"05604","2011","2","RETROEXCAVADORA - MINERIA","UNIDAD","1"
"05628","2011","2","RETROEXCAVADORA - MINERIA","UNIDAD","1"
"05736","2011","2","RETROEXCAVADORA - MINERIA","UNIDAD","1"
"05790","2011","2","RETROEXCAVADORA - MINERIA","UNIDAD","1"
"15816","2011","2","RETROEXCAVADORA - MINERIA","UNIDAD","1"
"23580","2011","2","CLASIFICADORA - MINERIA","UNIDAD","1"
"27001","2011","2","RETROEXCAVADORA - MINERIA","UNIDAD","3"
"27361","2011","2","RETROEXCAVADORA - MINERIA","UNIDAD","4"
"41615","2011","2","DRAGA (MINERIA) - MINERIA","UNIDAD","6"
"41615","2011","2","RETROEXCAVADORA - MINERIA","UNIDAD","13"
"47980","2011","2","RETROEXCAVADORA - MINERIA","UNIDAD","1"
"54498","2011","2","RETROEXCAVADORA - MINERIA","UNIDAD","1"
"76001","2011","2","TRITURADORA - MINERIA","UNIDAD","1"
"05154","2011","3","CLASIFICADORA - MINERIA","UNIDAD","1"
"05154","2011","3","RETROEXCAVADORA - MINERIA","UNIDAD","3"
"05206","2011","3","CLASIFICADORA - MINERIA","UNIDAD","1"
"05206","2011","3","RETROEXCAVADORA - MINERIA","UNIDAD","2"
"05790","2011","3","CLASIFICADORA - MINERIA","UNIDAD","1"
"05790","2011","3","RETROEXCAVADORA - MINERIA","UNIDAD","10"
"05895","2011","3","DRAGA (MINERIA) - MINERIA","UNIDAD","1"
"13001","2011","3","RETROEXCAVADORA - MINERIA","UNIDAD","1"
"13490","2011","3","CLASIFICADORA - MINERIA","UNIDAD","1"
"13490","2011","3","RETROEXCAVADORA - MINERIA","UNIDAD","4"
"13667","2011","3","RETROEXCAVADORA - MINERIA","UNIDAD","1"
"13810","2011","3","RETROEXCAVADORA - MINERIA","UNIDAD","2"
"47980","2011","3","RETROEXCAVADORA - MINERIA","UNIDAD","2"
"68081","2011","3","RETROEXCAVADORA - MINERIA","UNIDAD","1"
"68575","2011","3","RETROEXCAVADORA - MINERIA","UNIDAD","1"
"05670","2011","4","DRAGA (MINERIA) - MINERIA","UNIDAD","1"
"05887","2011","4","DRAGA (MINERIA) - MINERIA","UNIDAD","1"
"05890","2011","4","DRAGA (MINERIA) - MINERIA","UNIDAD","1"
"13490","2011","4","RETROEXCAVADORA - MINERIA","UNIDAD","2"
"27787","2011","4","RETROEXCAVADORA - MINERIA","UNIDAD","2"
"85010","2011","4","RETROEXCAVADORA - MINERIA","UNIDAD","1"
"95001","2011","4","DRAGA (MINERIA) - MINERIA","UNIDAD","1"
"05120","2011","5","DRAGA (MINERIA) - MINERIA","UNIDAD","1"
"05390","2011","5","CLASIFICADORA - MINERIA","UNIDAD","1"
"05667","2011","5","CLASIFICADORA - MINERIA","UNIDAD","1"
"05670","2011","5","DRAGA (MINERIA) - MINERIA","UNIDAD","1"
"05895","2011","5","RETROEXCAVADORA - MINERIA","UNIDAD","14"
"27050","2011","5","RETROEXCAVADORA - MINERIA","UNIDAD","1"
"85263","2011","5","RETROEXCAVADORA - MINERIA","UNIDAD","1"
"05113","2011","6","RETROEXCAVADORA - MINERIA","UNIDAD","3"
"05483","2011","6","CLASIFICADORA - MINERIA","UNIDAD","1"
"05483","2011","6","RETROEXCAVADORA - MINERIA","UNIDAD","2"
"05642","2011","6","CLASIFICADORA - MINERIA","UNIDAD","1"
"05642","2011","6","DRAGA (MINERIA) - MINERIA","UNIDAD","2"
"15572","2011","6","CLASIFICADORA - MINERIA","UNIDAD","1"
"15572","2011","6","RETROEXCAVADORA - MINERIA","UNIDAD","1"
"23068","2011","6","RETROEXCAVADORA - MINERIA","UNIDAD","1"
"41132","2011","6","RETROEXCAVADORA - MINERIA","UNIDAD","2"
"41524","2011","6","DRAGA (MINERIA) - MINERIA","UNIDAD","1"
"76109","2011","6","DRAGA (MINERIA) - MINERIA","UNIDAD","3"
"95001","2011","6","RETROEXCAVADORA - MINERIA","UNIDAD","1"
"05425","2011","7","DRAGA (MINERIA) - MINERIA","UNIDAD","1"
"05670","2011","7","CLASIFICADORA - MINERIA","UNIDAD","1"
"05670","2011","7","DRAGA (MINERIA) - MINERIA","UNIDAD","1"
"13667","2011","7","RETROEXCAVADORA - MINERIA","UNIDAD","1"
"27810","2011","7","RETROEXCAVADORA - MINERIA","UNIDAD","1"
"54720","2011","7","RETROEXCAVADORA - MINERIA","UNIDAD","1"
"86320","2011","7","RETROEXCAVADORA - MINERIA","UNIDAD","1"
"05154","2011","8","RETROEXCAVADORA - MINERIA","UNIDAD","4"
"05591","2011","8","DRAGA (MINERIA) - MINERIA","UNIDAD","1"
"18001","2011","8","RETROEXCAVADORA - MINERIA","UNIDAD","1"
"25572","2011","8","RETROEXCAVADORA - MINERIA","UNIDAD","3"
"27050","2011","8","RETROEXCAVADORA - MINERIA","UNIDAD","2"
"41885","2011","8","CLASIFICADORA - MINERIA","UNIDAD","2"
"41885","2011","8","DRAGA (MINERIA) - MINERIA","UNIDAD","2"
"73001","2011","8","DRAGA (MINERIA) - MINERIA","UNIDAD","1"
"86568","2011","8","RETROEXCAVADORA - MINERIA","UNIDAD","2"
"05031","2011","9","MEZCLADORA - MINERIA","UNIDAD","2"
"05031","2011","9","RETROEXCAVADORA - MINERIA","UNIDAD","1"
"05667","2011","9","DRAGA (MINERIA) - MINERIA","UNIDAD","1"
"05670","2011","9","DRAGA (MINERIA) - MINERIA","UNIDAD","1"
"05890","2011","9","CLASIFICADORA - MINERIA","UNIDAD","2"
"05890","2011","9","DRAGA (MINERIA) - MINERIA","UNIDAD","1"
"05890","2011","9","RETROEXCAVADORA - MINERIA","UNIDAD","4"
"17013","2011","9","DRAGA (MINERIA) - MINERIA","UNIDAD","1"
"23068","2011","9","RETROEXCAVADORA - MINERIA","UNIDAD","1"
"27810","2011","9","RETROEXCAVADORA - MINERIA","UNIDAD","3"
"41132","2011","9","CLASIFICADORA - MINERIA","UNIDAD","1"
"41132","2011","9","DRAGA (MINERIA) - MINERIA","UNIDAD","1"
"41801","2011","9","RETROEXCAVADORA - MINERIA","UNIDAD","1"
"05125","2011","10","DRAGA (MINERIA) - MINERIA","UNIDAD","1"
"05313","2011","10","RETROEXCAVADORA - MINERIA","UNIDAD","5"
"05390","2011","10","DRAGA (MINERIA) - MINERIA","UNIDAD","2"
"05490","2011","10","RETROEXCAVADORA - MINERIA","UNIDAD","1"
"13490","2011","10","CLASIFICADORA - MINERIA","UNIDAD","2"
"13490","2011","10","RETROEXCAVADORA - MINERIA","UNIDAD","1"
"20621","2011","10","RETROEXCAVADORA - MINERIA","UNIDAD","1"
"23580","2011","10","CLASIFICADORA - MINERIA","UNIDAD","1"
"23580","2011","10","DRAGA (MINERIA) - MINERIA","UNIDAD","4"
"23580","2011","10","RETROEXCAVADORA - MINERIA","UNIDAD","7"
"27160","2011","10","RETROEXCAVADORA - MINERIA","UNIDAD","2"
"05120","2011","11","DRAGA (MINERIA) - MINERIA","UNIDAD","1"
"05120","2011","11","RETROEXCAVADORA - MINERIA","UNIDAD","6"
"05190","2011","11","DRAGA (MINERIA) - MINERIA","UNIDAD","1"
"05649","2011","11","DRAGA (MINERIA) - MINERIA","UNIDAD","1"
"05670","2011","11","CLASIFICADORA - MINERIA","UNIDAD","1"
"05670","2011","11","RETROEXCAVADORA - MINERIA","UNIDAD","2"
"73504","2011","11","CLASIFICADORA - MINERIA","UNIDAD","2"
"73504","2011","11","DRAGA (MINERIA) - MINERIA","UNIDAD","1"
"73504","2011","11","RETROEXCAVADORA - MINERIA","UNIDAD","1"
"99624","2011","11","RETROEXCAVADORA - MINERIA","UNIDAD","1"
"05315","2011","12","RETROEXCAVADORA - MINERIA","UNIDAD","1"
"66383","2011","12","RETROEXCAVADORA - MINERIA","UNIDAD","1"
"94001","2011","12","DRAGA (MINERIA) - MINERIA","UNIDAD","2"
"05030","2012","1","BULDOZER - MINERIA","UNIDAD","1"
"05030","2012","1","RETROEXCAVADORA - MINERIA","UNIDAD","1"
"05031","2012","1","RETROEXCAVADORA - MINERIA","UNIDAD","1"
"05034","2012","1","RETROEXCAVADORA - MINERIA","UNIDAD","1"
"05040","2012","1","RETROEXCAVADORA - MINERIA","UNIDAD","1"
"05079","2012","1","DRAGA (MINERIA) - MINERIA","UNIDAD","2"
"05154","2012","1","RETROEXCAVADORA - MINERIA","UNIDAD","9"
"05172","2012","1","RETROEXCAVADORA - MINERIA","UNIDAD","1"
"05190","2012","1","CLASIFICADORA - MINERIA","UNIDAD","1"
"05190","2012","1","RETROEXCAVADORA - MINERIA","UNIDAD","1"
"05250","2012","1","RETROEXCAVADORA - MINERIA","UNIDAD","5"
"05282","2012","1","BULDOZER - MINERIA","UNIDAD","1"
"05282","2012","1","RETROEXCAVADORA - MINERIA","UNIDAD","4"
"05425","2012","1","DRAGA (MINERIA) - MINERIA","UNIDAD","2"
"05440","2012","1","RETROEXCAVADORA - MINERIA","UNIDAD","4"
"05585","2012","1","DRAGA (MINERIA) - MINERIA","UNIDAD","2"
"05585","2012","1","RETROEXCAVADORA - MINERIA","UNIDAD","2"
"05591","2012","1","RETROEXCAVADORA - MINERIA","UNIDAD","3"
"05670","2012","1","RETROEXCAVADORA - MINERIA","UNIDAD","1"
"05686","2012","1","RETROEXCAVADORA - MINERIA","UNIDAD","1"
"05690","2012","1","RETROEXCAVADORA - MINERIA","UNIDAD","1"
"05697","2012","1","RETROEXCAVADORA - MINERIA","UNIDAD","1"
"05736","2012","1","RETROEXCAVADORA - MINERIA","UNIDAD","1"
"05790","2012","1","RETROEXCAVADORA - MINERIA","UNIDAD","1"
"05809","2012","1","RETROEXCAVADORA - MINERIA","UNIDAD","1"
"05837","2012","1","RETROEXCAVADORA - MINERIA","UNIDAD","2"
"05854","2012","1","CLASIFICADORA - MINERIA","UNIDAD","1"
"05887","2012","1","RETROEXCAVADORA - MINERIA","UNIDAD","1"
"05895","2012","1","RETROEXCAVADORA - MINERIA","UNIDAD","9"
"08573","2012","1","BULDOZER - MINERIA","UNIDAD","2"
"08573","2012","1","RETROEXCAVADORA - MINERIA","UNIDAD","3"
"13052","2012","1","RETROEXCAVADORA - MINERIA","UNIDAD","2"
"13244","2012","1","BULDOZER - MINERIA","UNIDAD","1"
"13244","2012","1","RETROEXCAVADORA - MINERIA","UNIDAD","5"
"13490","2012","1","CLASIFICADORA - MINERIA","UNIDAD","7"
"13490","2012","1","DRAGA (MINERIA) - MINERIA","UNIDAD","1"
"13490","2012","1","RETROEXCAVADORA - MINERIA","UNIDAD","8"
"13580","2012","1","RETROEXCAVADORA - MINERIA","UNIDAD","4"
"13600","2012","1","RETROEXCAVADORA - MINERIA","UNIDAD","4"
"13655","2012","1","CLASIFICADORA - MINERIA","UNIDAD","2"
"13655","2012","1","RETROEXCAVADORA - MINERIA","UNIDAD","2"
"13667","2012","1","RETROEXCAVADORA - MINERIA","UNIDAD","1"
"13744","2012","1","RETROEXCAVADORA - MINERIA","UNIDAD","3"
"15572","2012","1","RETROEXCAVADORA - MINERIA","UNIDAD","1"
"17001","2012","1","BULDOZER - MINERIA","UNIDAD","4"
"17001","2012","1","RETROEXCAVADORA - MINERIA","UNIDAD","2"
"17174","2012","1","RETROEXCAVADORA - MINERIA","UNIDAD","3"
"17380","2012","1","RETROEXCAVADORA - MINERIA","UNIDAD","1"
"17662","2012","1","DRAGA (MINERIA) - MINERIA","UNIDAD","1"
"17867","2012","1","DRAGA (MINERIA) - MINERIA","UNIDAD","1"
"19698","2012","1","CLASIFICADORA - MINERIA","UNIDAD","2"
"19698","2012","1","RETROEXCAVADORA - MINERIA","UNIDAD","2"
"20013","2012","1","RETROEXCAVADORA - MINERIA","UNIDAD","1"
"23068","2012","1","DRAGA (MINERIA) - MINERIA","UNIDAD","6"
"23068","2012","1","RETROEXCAVADORA - MINERIA","UNIDAD","20"
"23580","2012","1","DRAGA (MINERIA) - MINERIA","UNIDAD","1"
"23580","2012","1","RETROEXCAVADORA - MINERIA","UNIDAD","9"
"25281","2012","1","RETROEXCAVADORA - MINERIA","UNIDAD","1"
"25740","2012","1","RETROEXCAVADORA - MINERIA","UNIDAD","2"
"25754","2012","1","RETROEXCAVADORA - MINERIA","UNIDAD","2"
"25839","2012","1","RETROEXCAVADORA - MINERIA","UNIDAD","2"
"25843","2012","1","RETROEXCAVADORA - MINERIA","UNIDAD","1"
"27050","2012","1","BULDOZER - MINERIA","UNIDAD","1"
"27050","2012","1","CLASIFICADORA - MINERIA","UNIDAD","2"
"27050","2012","1","RETROEXCAVADORA - MINERIA","UNIDAD","7"
"41001","2012","1","BULDOZER - MINERIA","UNIDAD","1"
"41001","2012","1","RETROEXCAVADORA - MINERIA","UNIDAD","1"
"41016","2012","1","CLASIFICADORA - MINERIA","UNIDAD","4"
"50318","2012","1","RETROEXCAVADORA - MINERIA","UNIDAD","1"
"52001","2012","1","RETROEXCAVADORA - MINERIA","UNIDAD","3"
"52051","2012","1","RETROEXCAVADORA - MINERIA","UNIDAD","1"
"52079","2012","1","RETROEXCAVADORA - MINERIA","UNIDAD","1"
"52250","2012","1","RETROEXCAVADORA - MINERIA","UNIDAD","1"
"52352","2012","1","RETROEXCAVADORA - MINERIA","UNIDAD","1"
"52352","2012","1","TRITURADORA - MINERIA","UNIDAD","1"
"52696","2012","1","RETROEXCAVADORA - MINERIA","UNIDAD","2"
"63302","2012","1","RETROEXCAVADORA - MINERIA","UNIDAD","2"
"63594","2012","1","DRAGA (MINERIA) - MINERIA","UNIDAD","2"
"66088","2012","1","RETROEXCAVADORA - MINERIA","UNIDAD","1"
"66383","2012","1","RETROEXCAVADORA - MINERIA","UNIDAD","1"
"66682","2012","1","RETROEXCAVADORA - MINERIA","UNIDAD","1"
"68190","2012","1","RETROEXCAVADORA - MINERIA","UNIDAD","1"
"68572","2012","1","RETROEXCAVADORA - MINERIA","UNIDAD","2"
"68575","2012","1","BULDOZER - MINERIA","UNIDAD","1"
"68575","2012","1","RETROEXCAVADORA - MINERIA","UNIDAD","3"
"68780","2012","1","RETROEXCAVADORA - MINERIA","UNIDAD","1"
"70508","2012","1","RETROEXCAVADORA - MINERIA","UNIDAD","2"
"76109","2012","1","RETROEXCAVADORA - MINERIA","UNIDAD","9"
"76233","2012","1","CLASIFICADORA - MINERIA","UNIDAD","3"
"76233","2012","1","DRAGA (MINERIA) - MINERIA","UNIDAD","2"
"76233","2012","1","RETROEXCAVADORA - MINERIA","UNIDAD","2"
"76520","2012","1","DRAGA (MINERIA) - MINERIA","UNIDAD","2"
"85230","2012","1","DRAGA (MINERIA) - MINERIA","UNIDAD","1"
"91001","2012","1","DRAGA (MINERIA) - MINERIA","UNIDAD","2"
"94001","2012","1","DRAGA (MINERIA) - MINERIA","UNIDAD","5"
"05147","2012","2","RETROEXCAVADORA - MINERIA","UNIDAD","1"
"05250","2012","2","BULDOZER - MINERIA","UNIDAD","1"
"05315","2012","2","CLASIFICADORA - MINERIA","UNIDAD","1"
"05490","2012","2","RETROEXCAVADORA - MINERIA","UNIDAD","1"
"05495","2012","2","RETROEXCAVADORA - MINERIA","UNIDAD","2"
"05660","2012","2","CLASIFICADORA - MINERIA","UNIDAD","2"
"05660","2012","2","RETROEXCAVADORA - MINERIA","UNIDAD","2"
"05667","2012","2","CLASIFICADORA - MINERIA","UNIDAD","1"
"05667","2012","2","RETROEXCAVADORA - MINERIA","UNIDAD","1"
"05837","2012","2","RETROEXCAVADORA - MINERIA","UNIDAD","2"
"05885","2012","2","RETROEXCAVADORA - MINERIA","UNIDAD","2"
"05893","2012","2","RETROEXCAVADORA - MINERIA","UNIDAD","1"
"13580","2012","2","RETROEXCAVADORA - MINERIA","UNIDAD","1"
"15599","2012","2","RETROEXCAVADORA - MINERIA","UNIDAD","1"
"17867","2012","2","RETROEXCAVADORA - MINERIA","UNIDAD","4"
"19698","2012","2","RETROEXCAVADORA - MINERIA","UNIDAD","3"
"20011","2012","2","RETROEXCAVADORA - MINERIA","UNIDAD","1"
"20443","2012","2","RETROEXCAVADORA - MINERIA","UNIDAD","1"
"20517","2012","2","RETROEXCAVADORA - MINERIA","UNIDAD","1"
"23580","2012","2","DRAGA (MINERIA) - MINERIA","UNIDAD","1"
"25754","2012","2","BULDOZER - MINERIA","UNIDAD","2"
"25754","2012","2","RETROEXCAVADORA - MINERIA","UNIDAD","8"
"27001","2012","2","RETROEXCAVADORA - MINERIA","UNIDAD","5"
"27361","2012","2","RETROEXCAVADORA - MINERIA","UNIDAD","5"
"27787","2012","2","DRAGA (MINERIA) - MINERIA","UNIDAD","2"
"27810","2012","2","RETROEXCAVADORA - MINERIA","UNIDAD","5"
"41524","2012","2","CLASIFICADORA - MINERIA","UNIDAD","3"
"50150","2012","2","RETROEXCAVADORA - MINERIA","UNIDAD","2"
"50318","2012","2","RETROEXCAVADORA - MINERIA","UNIDAD","1"
"52540","2012","2","CLASIFICADORA - MINERIA","UNIDAD","2"
"52540","2012","2","RETROEXCAVADORA - MINERIA","UNIDAD","1"
"54720","2012","2","RETROEXCAVADORA - MINERIA","UNIDAD","1"
"68575","2012","2","RETROEXCAVADORA - MINERIA","UNIDAD","1"
"68655","2012","2","RETROEXCAVADORA - MINERIA","UNIDAD","1"
"73408","2012","2","RETROEXCAVADORA - MINERIA","UNIDAD","1"
"73443","2012","2","DRAGA (MINERIA) - MINERIA","UNIDAD","4"
"86001","2012","2","RETROEXCAVADORA - MINERIA","UNIDAD","1"
"86320","2012","2","DRAGA (MINERIA) - MINERIA","UNIDAD","1"
"86885","2012","2","RETROEXCAVADORA - MINERIA","UNIDAD","5"
"05031","2012","3","CLASIFICADORA - MINERIA","UNIDAD","1"
"05031","2012","3","RETROEXCAVADORA - MINERIA","UNIDAD","3"
"05045","2012","3","RETROEXCAVADORA - MINERIA","UNIDAD","1"
"05147","2012","3","RETROEXCAVADORA - MINERIA","UNIDAD","2"
"05206","2012","3","CLASIFICADORA - MINERIA","UNIDAD","2"
"05206","2012","3","RETROEXCAVADORA - MINERIA","UNIDAD","1"
"05604","2012","3","RETROEXCAVADORA - MINERIA","UNIDAD","1"
"13580","2012","3","RETROEXCAVADORA - MINERIA","UNIDAD","2"
"13600","2012","3","RETROEXCAVADORA - MINERIA","UNIDAD","1"
"13744","2012","3","CLASIFICADORA - MINERIA","UNIDAD","4"
"13744","2012","3","DRAGA (MINERIA) - MINERIA","UNIDAD","4"
"13744","2012","3","RETROEXCAVADORA - MINERIA","UNIDAD","1"
"23580","2012","3","RETROEXCAVADORA - MINERIA","UNIDAD","3"
"25612","2012","3","RETROEXCAVADORA - MINERIA","UNIDAD","1"
"27001","2012","3","RETROEXCAVADORA - MINERIA","UNIDAD","2"
"27160","2012","3","RETROEXCAVADORA - MINERIA","UNIDAD","4"
"27787","2012","3","RETROEXCAVADORA - MINERIA","UNIDAD","1"
"44078","2012","3","RETROEXCAVADORA - MINERIA","UNIDAD","1"
"50223","2012","3","DRAGA (MINERIA) - MINERIA","UNIDAD","1"
"52001","2012","3","RETROEXCAVADORA - MINERIA","UNIDAD","4"
"52233","2012","3","TRITURADORA - MINERIA","UNIDAD","2"
"54099","2012","3","RETROEXCAVADORA - MINERIA","UNIDAD","1"
"66687","2012","3","RETROEXCAVADORA - MINERIA","UNIDAD","1"
"73030","2012","3","RETROEXCAVADORA - MINERIA","UNIDAD","1"
"76109","2012","3","RETROEXCAVADORA - MINERIA","UNIDAD","4"
"76233","2012","3","RETROEXCAVADORA - MINERIA","UNIDAD","1"
"85010","2012","3","RETROEXCAVADORA - MINERIA","UNIDAD","1"
"05250","2012","4","DRAGA (MINERIA) - MINERIA","UNIDAD","8"
"05480","2012","4","RETROEXCAVADORA - MINERIA","UNIDAD","1"
"05674","2012","4","TRITURADORA - MINERIA","UNIDAD","1"
"05858","2012","4","CLASIFICADORA - MINERIA","UNIDAD","1"
"19318","2012","4","CLASIFICADORA - MINERIA","UNIDAD","2"
"19318","2012","4","RETROEXCAVADORA - MINERIA","UNIDAD","1"
"19809","2012","4","RETROEXCAVADORA - MINERIA","UNIDAD","1"
"23068","2012","4","DRAGA (MINERIA) - MINERIA","UNIDAD","5"
"27160","2012","4","CLASIFICADORA - MINERIA","UNIDAD","1"
"27160","2012","4","DRAGA (MINERIA) - MINERIA","UNIDAD","1"
"27361","2012","4","RETROEXCAVADORA - MINERIA","UNIDAD","5"
"27491","2012","4","RETROEXCAVADORA - MINERIA","UNIDAD","4"
"27787","2012","4","CLASIFICADORA - MINERIA","UNIDAD","1"
"27787","2012","4","RETROEXCAVADORA - MINERIA","UNIDAD","2"
"27810","2012","4","RETROEXCAVADORA - MINERIA","UNIDAD","5"
"73270","2012","4","DRAGA (MINERIA) - MINERIA","UNIDAD","2"
"76109","2012","4","RETROEXCAVADORA - MINERIA","UNIDAD","1"
"76233","2012","4","RETROEXCAVADORA - MINERIA","UNIDAD","1"
"05021","2012","5","RETROEXCAVADORA - MINERIA","UNIDAD","1"
"05120","2012","5","CLASIFICADORA - MINERIA","UNIDAD","3"
"05120","2012","5","RETROEXCAVADORA - MINERIA","UNIDAD","4"
"05234","2012","5","CLASIFICADORA - MINERIA","UNIDAD","2"
"05234","2012","5","RETROEXCAVADORA - MINERIA","UNIDAD","2"
"05250","2012","5","DRAGA (MINERIA) - MINERIA","UNIDAD","3"
"05667","2012","5","CLASIFICADORA - MINERIA","UNIDAD","2"
"05667","2012","5","RETROEXCAVADORA - MINERIA","UNIDAD","2"
"05686","2012","5","RETROEXCAVADORA - MINERIA","UNIDAD","1"
"13490","2012","5","CLASIFICADORA - MINERIA","UNIDAD","2"
"13490","2012","5","DRAGA (MINERIA) - MINERIA","UNIDAD","1"
"13490","2012","5","RETROEXCAVADORA - MINERIA","UNIDAD","3"
"19698","2012","5","CLASIFICADORA - MINERIA","UNIDAD","2"
"19698","2012","5","RETROEXCAVADORA - MINERIA","UNIDAD","2"
"23068","2012","5","DRAGA (MINERIA) - MINERIA","UNIDAD","3"
"23068","2012","5","RETROEXCAVADORA - MINERIA","UNIDAD","3"
"25754","2012","5","RETROEXCAVADORA - MINERIA","UNIDAD","1"
"27361","2012","5","DRAGA (MINERIA) - MINERIA","UNIDAD","2"
"27361","2012","5","RETROEXCAVADORA - MINERIA","UNIDAD","1"
"41551","2012","5","RETROEXCAVADORA - MINERIA","UNIDAD","1"
"41885","2012","5","CLASIFICADORA - MINERIA","UNIDAD","1"
"41885","2012","5","RETROEXCAVADORA - MINERIA","UNIDAD","2"
"76109","2012","5","RETROEXCAVADORA - MINERIA","UNIDAD","6"
"76563","2012","5","RETROEXCAVADORA - MINERIA","UNIDAD","1"
"86320","2012","5","RETROEXCAVADORA - MINERIA","UNIDAD","2"
"05031","2012","6","DRAGA (MINERIA) - MINERIA","UNIDAD","2"
"05042","2012","6","CLASIFICADORA - MINERIA","UNIDAD","1"
"05120","2012","6","RETROEXCAVADORA - MINERIA","UNIDAD","2"
"05318","2012","6","RETROEXCAVADORA - MINERIA","UNIDAD","1"
"05390","2012","6","DRAGA (MINERIA) - MINERIA","UNIDAD","1"
"05579","2012","6","RETROEXCAVADORA - MINERIA","UNIDAD","1"
"08638","2012","6","RETROEXCAVADORA - MINERIA","UNIDAD","1"
"13600","2012","6","RETROEXCAVADORA - MINERIA","UNIDAD","1"
"23466","2012","6","RETROEXCAVADORA - MINERIA","UNIDAD","2"
"23580","2012","6","DRAGA (MINERIA) - MINERIA","UNIDAD","1"
"23682","2012","6","RETROEXCAVADORA - MINERIA","UNIDAD","1"
"27205","2012","6","RETROEXCAVADORA - MINERIA","UNIDAD","13"
"27361","2012","6","DRAGA (MINERIA) - MINERIA","UNIDAD","1"
"27361","2012","6","RETROEXCAVADORA - MINERIA","UNIDAD","3"
"27787","2012","6","CLASIFICADORA - MINERIA","UNIDAD","2"
"27787","2012","6","RETROEXCAVADORA - MINERIA","UNIDAD","5"
"27810","2012","6","DRAGA (MINERIA) - MINERIA","UNIDAD","1"
"27810","2012","6","RETROEXCAVADORA - MINERIA","UNIDAD","1"
"41797","2012","6","DRAGA (MINERIA) - MINERIA","UNIDAD","1"
"50006","2012","6","RETROEXCAVADORA - MINERIA","UNIDAD","1"
"66075","2012","6","RETROEXCAVADORA - MINERIA","UNIDAD","2"
"66687","2012","6","RETROEXCAVADORA - MINERIA","UNIDAD","1"
"68655","2012","6","RETROEXCAVADORA - MINERIA","UNIDAD","1"
"70717","2012","6","RETROEXCAVADORA - MINERIA","UNIDAD","1"
"76233","2012","6","DRAGA (MINERIA) - MINERIA","UNIDAD","2"
"85410","2012","6","RETROEXCAVADORA - MINERIA","UNIDAD","1"
"86320","2012","6","RETROEXCAVADORA - MINERIA","UNIDAD","1"
"05034","2012","7","DRAGA (MINERIA) - MINERIA","UNIDAD","1"
"05120","2012","7","RETROEXCAVADORA - MINERIA","UNIDAD","5"
"05147","2012","7","RETROEXCAVADORA - MINERIA","UNIDAD","2"
"05206","2012","7","CLASIFICADORA - MINERIA","UNIDAD","4"
"05206","2012","7","DRAGA (MINERIA) - MINERIA","UNIDAD","4"
"05390","2012","7","DRAGA (MINERIA) - MINERIA","UNIDAD","3"
"05591","2012","7","CLASIFICADORA - MINERIA","UNIDAD","1"
"05591","2012","7","RETROEXCAVADORA - MINERIA","UNIDAD","1"
"05660","2012","7","DRAGA (MINERIA) - MINERIA","UNIDAD","1"
"05736","2012","7","CLASIFICADORA - MINERIA","UNIDAD","1"
"05736","2012","7","RETROEXCAVADORA - MINERIA","UNIDAD","2"
"05837","2012","7","RETROEXCAVADORA - MINERIA","UNIDAD","1"
"13580","2012","7","RETROEXCAVADORA - MINERIA","UNIDAD","2"
"13600","2012","7","RETROEXCAVADORA - MINERIA","UNIDAD","3"
"13667","2012","7","BULDOZER - MINERIA","UNIDAD","1"
"13667","2012","7","RETROEXCAVADORA - MINERIA","UNIDAD","6"
"13744","2012","7","RETROEXCAVADORA - MINERIA","UNIDAD","2"
"17495","2012","7","RETROEXCAVADORA - MINERIA","UNIDAD","1"
"50223","2012","7","RETROEXCAVADORA - MINERIA","UNIDAD","1"
"50711","2012","7","RETROEXCAVADORA - MINERIA","UNIDAD","1"
"73408","2012","7","DRAGA (MINERIA) - MINERIA","UNIDAD","1"
"76109","2012","7","CLASIFICADORA - MINERIA","UNIDAD","1"
"76109","2012","7","RETROEXCAVADORA - MINERIA","UNIDAD","2"
"76275","2012","7","BULDOZER - MINERIA","UNIDAD","2"
"05045","2012","8","RETROEXCAVADORA - MINERIA","UNIDAD","1"
"05079","2012","8","DRAGA (MINERIA) - MINERIA","UNIDAD","2"
"05120","2012","8","RETROEXCAVADORA - MINERIA","UNIDAD","4"
"05364","2012","8","DRAGA (MINERIA) - MINERIA","UNIDAD","1"
"05585","2012","8","RETROEXCAVADORA - MINERIA","UNIDAD","2"
"05670","2012","8","DRAGA (MINERIA) - MINERIA","UNIDAD","1"
"05790","2012","8","RETROEXCAVADORA - MINERIA","UNIDAD","5"
"05847","2012","8","RETROEXCAVADORA - MINERIA","UNIDAD","3"
"13458","2012","8","RETROEXCAVADORA - MINERIA","UNIDAD","10"
"13490","2012","8","CLASIFICADORA - MINERIA","UNIDAD","2"
"13490","2012","8","RETROEXCAVADORA - MINERIA","UNIDAD","5"
"13600","2012","8","RETROEXCAVADORA - MINERIA","UNIDAD","1"
"13667","2012","8","RETROEXCAVADORA - MINERIA","UNIDAD","3"
"18001","2012","8","BULDOZER - MINERIA","UNIDAD","1"
"19809","2012","8","CLASIFICADORA - MINERIA","UNIDAD","2"
"19809","2012","8","RETROEXCAVADORA - MINERIA","UNIDAD","3"
"23182","2012","8","RETROEXCAVADORA - MINERIA","UNIDAD","1"
"27810","2012","8","CLASIFICADORA - MINERIA","UNIDAD","2"
"27810","2012","8","RETROEXCAVADORA - MINERIA","UNIDAD","2"
"41013","2012","8","CLASIFICADORA - MINERIA","UNIDAD","1"
"41013","2012","8","RETROEXCAVADORA - MINERIA","UNIDAD","3"
"50568","2012","8","RETROEXCAVADORA - MINERIA","UNIDAD","1"
"54385","2012","8","RETROEXCAVADORA - MINERIA","UNIDAD","1"
"68092","2012","8","RETROEXCAVADORA - MINERIA","UNIDAD","1"
"76834","2012","8","RETROEXCAVADORA - MINERIA","UNIDAD","1"
"05190","2012","9","DRAGA (MINERIA) - MINERIA","UNIDAD","1"
"05604","2012","9","RETROEXCAVADORA - MINERIA","UNIDAD","1"
"05670","2012","9","DRAGA (MINERIA) - MINERIA","UNIDAD","1"
"05674","2012","9","DRAGA (MINERIA) - MINERIA","UNIDAD","3"
"05790","2012","9","RETROEXCAVADORA - MINERIA","UNIDAD","2"
"05890","2012","9","CLASIFICADORA - MINERIA","UNIDAD","1"
"05890","2012","9","RETROEXCAVADORA - MINERIA","UNIDAD","1"
"13490","2012","9","RETROEXCAVADORA - MINERIA","UNIDAD","1"
"13600","2012","9","BULDOZER - MINERIA","UNIDAD","1"
"18001","2012","9","BULDOZER - MINERIA","UNIDAD","1"
"19001","2012","9","RETROEXCAVADORA - MINERIA","UNIDAD","1"
"19698","2012","9","RETROEXCAVADORA - MINERIA","UNIDAD","6"
"23068","2012","9","DRAGA (MINERIA) - MINERIA","UNIDAD","1"
"23068","2012","9","RETROEXCAVADORA - MINERIA","UNIDAD","4"
"23660","2012","9","RETROEXCAVADORA - MINERIA","UNIDAD","1"
"41797","2012","9","CLASIFICADORA - MINERIA","UNIDAD","2"
"50001","2012","9","RETROEXCAVADORA - MINERIA","UNIDAD","2"
"05147","2012","10","RETROEXCAVADORA - MINERIA","UNIDAD","1"
"05154","2012","10","RETROEXCAVADORA - MINERIA","UNIDAD","1"
"05480","2012","10","RETROEXCAVADORA - MINERIA","UNIDAD","1"
"05649","2012","10","DRAGA (MINERIA) - MINERIA","UNIDAD","1"
"05847","2012","10","CLASIFICADORA - MINERIA","UNIDAD","1"
"05847","2012","10","RETROEXCAVADORA - MINERIA","UNIDAD","2"
"05858","2012","10","CLASIFICADORA - MINERIA","UNIDAD","1"
"05858","2012","10","DRAGA (MINERIA) - MINERIA","UNIDAD","2"
"05858","2012","10","RETROEXCAVADORA - MINERIA","UNIDAD","1"
"13440","2012","10","RETROEXCAVADORA - MINERIA","UNIDAD","1"
"13600","2012","10","BULDOZER - MINERIA","UNIDAD","1"
"13600","2012","10","RETROEXCAVADORA - MINERIA","UNIDAD","1"
"17662","2012","10","RETROEXCAVADORA - MINERIA","UNIDAD","2"
"20517","2012","10","RETROEXCAVADORA - MINERIA","UNIDAD","1"
"27787","2012","10","CLASIFICADORA - MINERIA","UNIDAD","10"
"27787","2012","10","DRAGA (MINERIA) - MINERIA","UNIDAD","1"
"27787","2012","10","RETROEXCAVADORA - MINERIA","UNIDAD","6"
"41551","2012","10","RETROEXCAVADORA - MINERIA","UNIDAD","3"
"47030","2012","10","RETROEXCAVADORA - MINERIA","UNIDAD","1"
"50001","2012","10","RETROEXCAVADORA - MINERIA","UNIDAD","3"
"52001","2012","10","RETROEXCAVADORA - MINERIA","UNIDAD","1"
"63470","2012","10","DRAGA (MINERIA) - MINERIA","UNIDAD","3"
"68190","2012","10","RETROEXCAVADORA - MINERIA","UNIDAD","1"
"68385","2012","10","RETROEXCAVADORA - MINERIA","UNIDAD","2"
"70523","2012","10","RETROEXCAVADORA - MINERIA","UNIDAD","1"
"73055","2012","10","DRAGA (MINERIA) - MINERIA","UNIDAD","1"
"73168","2012","10","RETROEXCAVADORA - MINERIA","UNIDAD","1"
"76400","2012","10","RETROEXCAVADORA - MINERIA","UNIDAD","3"
"76869","2012","10","BULDOZER - MINERIA","UNIDAD","1"
"76869","2012","10","DRAGA (MINERIA) - MINERIA","UNIDAD","1"
"05667","2012","11","CLASIFICADORA - MINERIA","UNIDAD","1"
"05667","2012","11","RETROEXCAVADORA - MINERIA","UNIDAD","1"
"05736","2012","11","RETROEXCAVADORA - MINERIA","UNIDAD","1"
"76233","2012","11","DRAGA (MINERIA) - MINERIA","UNIDAD","1"
"86001","2012","11","DRAGA (MINERIA) - MINERIA","UNIDAD","1"
"52699","2012","12","CLASIFICADORA - MINERIA","UNIDAD","2"
"05030","2013","1","RETROEXCAVADORA - MINERIA","UNIDAD","1"
"05031","2013","1","CLASIFICADORA - MINERIA","UNIDAD","1"
"05086","2013","1","CLASIFICADORA - MINERIA","UNIDAD","2"
"05086","2013","1","DRAGA (MINERIA) - MINERIA","UNIDAD","1"
"05390","2013","1","RETROEXCAVADORA - MINERIA","UNIDAD","1"
"05690","2013","1","CLASIFICADORA - MINERIA","UNIDAD","1"
"05885","2013","1","RETROEXCAVADORA - MINERIA","UNIDAD","1"
"13490","2013","1","RETROEXCAVADORA - MINERIA","UNIDAD","1"
"13600","2013","1","RETROEXCAVADORA - MINERIA","UNIDAD","1"
"15542","2013","1","RETROEXCAVADORA - MINERIA","UNIDAD","1"
"66572","2013","1","RETROEXCAVADORA - MINERIA","UNIDAD","2"
"68615","2013","1","BULDOZER - MINERIA","UNIDAD","1"
"76233","2013","1","DRAGA (MINERIA) - MINERIA","UNIDAD","1"
"05120","2013","2","RETROEXCAVADORA - MINERIA","UNIDAD","1"
"05313","2013","2","DRAGA (MINERIA) - MINERIA","UNIDAD","1"
"05480","2013","2","RETROEXCAVADORA - MINERIA","UNIDAD","3"
"05670","2013","2","CLASIFICADORA - MINERIA","UNIDAD","2"
"05670","2013","2","RETROEXCAVADORA - MINERIA","UNIDAD","2"
"05690","2013","2","DRAGA (MINERIA) - MINERIA","UNIDAD","1"
"08832","2013","2","RETROEXCAVADORA - MINERIA","UNIDAD","1"
"13600","2013","2","RETROEXCAVADORA - MINERIA","UNIDAD","4"
"18256","2013","2","RETROEXCAVADORA - MINERIA","UNIDAD","1"
"19256","2013","2","RETROEXCAVADORA - MINERIA","UNIDAD","1"
"23068","2013","2","RETROEXCAVADORA - MINERIA","UNIDAD","2"
"23555","2013","2","RETROEXCAVADORA - MINERIA","UNIDAD","2"
"27001","2013","2","DRAGA (MINERIA) - MINERIA","UNIDAD","1"
"50573","2013","2","RETROEXCAVADORA - MINERIA","UNIDAD","1"
"52240","2013","2","RETROEXCAVADORA - MINERIA","UNIDAD","1"
"66456","2013","2","RETROEXCAVADORA - MINERIA","UNIDAD","1"
"68575","2013","2","RETROEXCAVADORA - MINERIA","UNIDAD","1"
"70473","2013","2","RETROEXCAVADORA - MINERIA","UNIDAD","1"
"73067","2013","2","DRAGA (MINERIA) - MINERIA","UNIDAD","1"
"73217","2013","2","DRAGA (MINERIA) - MINERIA","UNIDAD","3"
"73686","2013","2","DRAGA (MINERIA) - MINERIA","UNIDAD","2"
"76109","2013","2","RETROEXCAVADORA - MINERIA","UNIDAD","2"
"76111","2013","2","RETROEXCAVADORA - MINERIA","UNIDAD","1"
"76306","2013","2","RETROEXCAVADORA - MINERIA","UNIDAD","1"
"76895","2013","2","RETROEXCAVADORA - MINERIA","UNIDAD","1"
"05120","2013","3","CLASIFICADORA - MINERIA","UNIDAD","1"
"05120","2013","3","DRAGA (MINERIA) - MINERIA","UNIDAD","1"
"05480","2013","3","RETROEXCAVADORA - MINERIA","UNIDAD","4"
"05658","2013","3","DRAGA (MINERIA) - MINERIA","UNIDAD","1"
"05690","2013","3","DRAGA (MINERIA) - MINERIA","UNIDAD","2"
"05690","2013","3","TRITURADORA - MINERIA","UNIDAD","1"
"05890","2013","3","CLASIFICADORA - MINERIA","UNIDAD","1"
"05890","2013","3","RETROEXCAVADORA - MINERIA","UNIDAD","1"
"13667","2013","3","RETROEXCAVADORA - MINERIA","UNIDAD","1"
"17614","2013","3","RETROEXCAVADORA - MINERIA","UNIDAD","1"
"23068","2013","3","BULDOZER - MINERIA","UNIDAD","1"
"23068","2013","3","CLASIFICADORA - MINERIA","UNIDAD","1"
"23068","2013","3","RETROEXCAVADORA - MINERIA","UNIDAD","5"
"25740","2013","3","RETROEXCAVADORA - MINERIA","UNIDAD","1"
"27361","2013","3","RETROEXCAVADORA - MINERIA","UNIDAD","4"
"27787","2013","3","RETROEXCAVADORA - MINERIA","UNIDAD","4"
"27810","2013","3","RETROEXCAVADORA - MINERIA","UNIDAD","9"
"52001","2013","3","RETROEXCAVADORA - MINERIA","UNIDAD","1"
"52260","2013","3","CLASIFICADORA - MINERIA","UNIDAD","1"
"52260","2013","3","RETROEXCAVADORA - MINERIA","UNIDAD","1"
"63594","2013","3","DRAGA (MINERIA) - MINERIA","UNIDAD","2"
"66088","2013","3","RETROEXCAVADORA - MINERIA","UNIDAD","2"
"66572","2013","3","RETROEXCAVADORA - MINERIA","UNIDAD","1"
"05120","2013","4","RETROEXCAVADORA - MINERIA","UNIDAD","7"
"05313","2013","4","RETROEXCAVADORA - MINERIA","UNIDAD","2"
"05842","2013","4","DRAGA (MINERIA) - MINERIA","UNIDAD","1"
"13600","2013","4","RETROEXCAVADORA - MINERIA","UNIDAD","6"
"13667","2013","4","RETROEXCAVADORA - MINERIA","UNIDAD","1"
"15238","2013","4","RETROEXCAVADORA - MINERIA","UNIDAD","1"
"15516","2013","4","TRITURADORA - MINERIA","UNIDAD","1"
"17495","2013","4","RETROEXCAVADORA - MINERIA","UNIDAD","2"
"19397","2013","4","CLASIFICADORA - MINERIA","UNIDAD","1"
"19397","2013","4","RETROEXCAVADORA - MINERIA","UNIDAD","3"
"23068","2013","4","RETROEXCAVADORA - MINERIA","UNIDAD","5"
"23682","2013","4","RETROEXCAVADORA - MINERIA","UNIDAD","2"
"25754","2013","4","BULDOZER - MINERIA","UNIDAD","1"
"25754","2013","4","RETROEXCAVADORA - MINERIA","UNIDAD","2"
"27491","2013","4","RETROEXCAVADORA - MINERIA","UNIDAD","3"
"27810","2013","4","RETROEXCAVADORA - MINERIA","UNIDAD","5"
"41001","2013","4","RETROEXCAVADORA - MINERIA","UNIDAD","1"
"50313","2013","4","RETROEXCAVADORA - MINERIA","UNIDAD","1"
"52001","2013","4","CLASIFICADORA - MINERIA","UNIDAD","1"
"52001","2013","4","RETROEXCAVADORA - MINERIA","UNIDAD","1"
"52001","2013","4","TRITURADORA - MINERIA","UNIDAD","3"
"52540","2013","4","RETROEXCAVADORA - MINERIA","UNIDAD","1"
"52685","2013","4","RETROEXCAVADORA - MINERIA","UNIDAD","1"
"63594","2013","4","DRAGA (MINERIA) - MINERIA","UNIDAD","1"
"66572","2013","4","RETROEXCAVADORA - MINERIA","UNIDAD","1"
"66682","2013","4","RETROEXCAVADORA - MINERIA","UNIDAD","1"
"70473","2013","4","BULDOZER - MINERIA","UNIDAD","1"
"05120","2013","5","RETROEXCAVADORA - MINERIA","UNIDAD","2"
"05579","2013","5","RETROEXCAVADORA - MINERIA","UNIDAD","1"
"05690","2013","5","DRAGA (MINERIA) - MINERIA","UNIDAD","1"
"05895","2013","5","RETROEXCAVADORA - MINERIA","UNIDAD","3"
"08685","2013","5","RETROEXCAVADORA - MINERIA","UNIDAD","1"
"15001","2013","5","RETROEXCAVADORA - MINERIA","UNIDAD","1"
"17614","2013","5","CLASIFICADORA - MINERIA","UNIDAD","2"
"23580","2013","5","RETROEXCAVADORA - MINERIA","UNIDAD","2"
"25473","2013","5","BULDOZER - MINERIA","UNIDAD","1"
"25473","2013","5","RETROEXCAVADORA - MINERIA","UNIDAD","9"
"27413","2013","5","CLASIFICADORA - MINERIA","UNIDAD","1"
"27413","2013","5","RETROEXCAVADORA - MINERIA","UNIDAD","3"
"41551","2013","5","RETROEXCAVADORA - MINERIA","UNIDAD","1"
"50573","2013","5","RETROEXCAVADORA - MINERIA","UNIDAD","1"
"52435","2013","5","RETROEXCAVADORA - MINERIA","UNIDAD","1"
"70233","2013","5","RETROEXCAVADORA - MINERIA","UNIDAD","1"
"70823","2013","5","TRITURADORA - MINERIA","UNIDAD","1"
"73168","2013","5","RETROEXCAVADORA - MINERIA","UNIDAD","1"
"76109","2013","5","RETROEXCAVADORA - MINERIA","UNIDAD","3"
"91001","2013","5","DRAGA (MINERIA) - MINERIA","UNIDAD","2"
"05120","2013","6","RETROEXCAVADORA - MINERIA","UNIDAD","2"
"05237","2013","6","RETROEXCAVADORA - MINERIA","UNIDAD","1"
"05604","2013","6","DRAGA (MINERIA) - MINERIA","UNIDAD","1"
"05604","2013","6","RETROEXCAVADORA - MINERIA","UNIDAD","2"
"05649","2013","6","RETROEXCAVADORA - MINERIA","UNIDAD","1"
"05885","2013","6","RETROEXCAVADORA - MINERIA","UNIDAD","1"
"15204","2013","6","RETROEXCAVADORA - MINERIA","UNIDAD","1"
"17001","2013","6","RETROEXCAVADORA - MINERIA","UNIDAD","3"
"19698","2013","6","RETROEXCAVADORA - MINERIA","UNIDAD","1"
"23068","2013","6","RETROEXCAVADORA - MINERIA","UNIDAD","1"
"41799","2013","6","RETROEXCAVADORA - MINERIA","UNIDAD","1"
"44650","2013","6","RETROEXCAVADORA - MINERIA","UNIDAD","1"
"50287","2013","6","RETROEXCAVADORA - MINERIA","UNIDAD","1"
"50568","2013","6","RETROEXCAVADORA - MINERIA","UNIDAD","1"
"52260","2013","6","RETROEXCAVADORA - MINERIA","UNIDAD","1"
"52786","2013","6","RETROEXCAVADORA - MINERIA","UNIDAD","2"
"52835","2013","6","RETROEXCAVADORA - MINERIA","UNIDAD","1"
"63001","2013","6","RETROEXCAVADORA - MINERIA","UNIDAD","1"
"63690","2013","6","RETROEXCAVADORA - MINERIA","UNIDAD","1"
"68655","2013","6","RETROEXCAVADORA - MINERIA","UNIDAD","1"
"73268","2013","6","CLASIFICADORA - MINERIA","UNIDAD","4"
"76109","2013","6","CLASIFICADORA - MINERIA","UNIDAD","1"
"76109","2013","6","RETROEXCAVADORA - MINERIA","UNIDAD","4"
"76122","2013","6","RETROEXCAVADORA - MINERIA","UNIDAD","1"
"76126","2013","6","RETROEXCAVADORA - MINERIA","UNIDAD","1"
"86001","2013","6","RETROEXCAVADORA - MINERIA","UNIDAD","1"
"05604","2013","7","DRAGA (MINERIA) - MINERIA","UNIDAD","1"
"05686","2013","7","RETROEXCAVADORA - MINERIA","UNIDAD","1"
"05736","2013","7","RETROEXCAVADORA - MINERIA","UNIDAD","1"
"05790","2013","7","RETROEXCAVADORA - MINERIA","UNIDAD","1"
"05854","2013","7","RETROEXCAVADORA - MINERIA","UNIDAD","2"
"13688","2013","7","RETROEXCAVADORA - MINERIA","UNIDAD","1"
"17380","2013","7","CLASIFICADORA - MINERIA","UNIDAD","3"
"17380","2013","7","RETROEXCAVADORA - MINERIA","UNIDAD","2"
"47980","2013","7","RETROEXCAVADORA - MINERIA","UNIDAD","1"
"50313","2013","7","BULDOZER - MINERIA","UNIDAD","1"
"52210","2013","7","RETROEXCAVADORA - MINERIA","UNIDAD","1"
"52786","2013","7","RETROEXCAVADORA - MINERIA","UNIDAD","2"
"52835","2013","7","RETROEXCAVADORA - MINERIA","UNIDAD","1"
"68655","2013","7","RETROEXCAVADORA - MINERIA","UNIDAD","1"
"68705","2013","7","RETROEXCAVADORA - MINERIA","UNIDAD","1"
"70233","2013","7","RETROEXCAVADORA - MINERIA","UNIDAD","1"
"76109","2013","7","CLASIFICADORA - MINERIA","UNIDAD","1"
"76109","2013","7","RETROEXCAVADORA - MINERIA","UNIDAD","2"
"76113","2013","7","RETROEXCAVADORA - MINERIA","UNIDAD","2"
"76147","2013","7","RETROEXCAVADORA - MINERIA","UNIDAD","3"
"85250","2013","7","RETROEXCAVADORA - MINERIA","UNIDAD","1"
"05364","2013","8","DRAGA (MINERIA) - MINERIA","UNIDAD","1"
"05585","2013","8","RETROEXCAVADORA - MINERIA","UNIDAD","1"
"05604","2013","8","RETROEXCAVADORA - MINERIA","UNIDAD","3"
"15204","2013","8","RETROEXCAVADORA - MINERIA","UNIDAD","1"
"20400","2013","8","RETROEXCAVADORA - MINERIA","UNIDAD","1"
"27491","2013","8","RETROEXCAVADORA - MINERIA","UNIDAD","5"
"47980","2013","8","CLASIFICADORA - MINERIA","UNIDAD","1"
"47980","2013","8","RETROEXCAVADORA - MINERIA","UNIDAD","2"
"73443","2013","8","RETROEXCAVADORA - MINERIA","UNIDAD","1"
"76520","2013","8","RETROEXCAVADORA - MINERIA","UNIDAD","1"
"91001","2013","8","DRAGA (MINERIA) - MINERIA","UNIDAD","1"
"05313","2013","9","DRAGA (MINERIA) - MINERIA","UNIDAD","1"
"05604","2013","9","RETROEXCAVADORA - MINERIA","UNIDAD","1"
"05607","2013","9","DRAGA (MINERIA) - MINERIA","UNIDAD","1"
"17088","2013","9","CLASIFICADORA - MINERIA","UNIDAD","1"
"17088","2013","9","RETROEXCAVADORA - MINERIA","UNIDAD","3"
"27006","2013","9","CLASIFICADORA - MINERIA","UNIDAD","1"
"27006","2013","9","RETROEXCAVADORA - MINERIA","UNIDAD","1"
"50680","2013","9","RETROEXCAVADORA - MINERIA","UNIDAD","1"
"52786","2013","9","RETROEXCAVADORA - MINERIA","UNIDAD","3"
"63594","2013","9","DRAGA (MINERIA) - MINERIA","UNIDAD","1"
"70001","2013","9","RETROEXCAVADORA - MINERIA","UNIDAD","1"
"73678","2013","9","CLASIFICADORA - MINERIA","UNIDAD","1"
"73678","2013","9","DRAGA (MINERIA) - MINERIA","UNIDAD","1"
"05483","2013","10","RETROEXCAVADORA - MINERIA","UNIDAD","2"
"05819","2013","10","RETROEXCAVADORA - MINERIA","UNIDAD","1"
"05887","2013","10","DRAGA (MINERIA) - MINERIA","UNIDAD","1"
"17013","2013","10","CLASIFICADORA - MINERIA","UNIDAD","4"
"17013","2013","10","DRAGA (MINERIA) - MINERIA","UNIDAD","1"
"17777","2013","10","CLASIFICADORA - MINERIA","UNIDAD","1"
"17777","2013","10","RETROEXCAVADORA - MINERIA","UNIDAD","3"
"25740","2013","10","RETROEXCAVADORA - MINERIA","UNIDAD","1"
"41676","2013","10","TRITURADORA - MINERIA","UNIDAD","1"
"52250","2013","10","RETROEXCAVADORA - MINERIA","UNIDAD","2"
"52786","2013","10","RETROEXCAVADORA - MINERIA","UNIDAD","3"
"76834","2013","10","RETROEXCAVADORA - MINERIA","UNIDAD","1"
"05480","2013","11","RETROEXCAVADORA - MINERIA","UNIDAD","1"
"23068","2013","11","RETROEXCAVADORA - MINERIA","UNIDAD","2"
"27001","2013","11","DRAGA (MINERIA) - MINERIA","UNIDAD","1"
"52079","2013","11","RETROEXCAVADORA - MINERIA","UNIDAD","2"
"52786","2013","11","RETROEXCAVADORA - MINERIA","UNIDAD","1"
"70823","2013","11","RETROEXCAVADORA - MINERIA","UNIDAD","1"
"73217","2013","11","DRAGA (MINERIA) - MINERIA","UNIDAD","1"
"76109","2013","11","RETROEXCAVADORA - MINERIA","UNIDAD","4"
"86571","2013","11","RETROEXCAVADORA - MINERIA","UNIDAD","3"
"05234","2013","12","DRAGA (MINERIA) - MINERIA","UNIDAD","1"
"05234","2013","12","RETROEXCAVADORA - MINERIA","UNIDAD","2"
"05579","2013","12","CLASIFICADORA - MINERIA","UNIDAD","1"
"05579","2013","12","RETROEXCAVADORA - MINERIA","UNIDAD","1"
"13490","2013","12","DRAGA (MINERIA) - MINERIA","UNIDAD","4"
"13490","2013","12","RETROEXCAVADORA - MINERIA","UNIDAD","1"
"47980","2013","12","CLASIFICADORA - MINERIA","UNIDAD","1"
"47980","2013","12","RETROEXCAVADORA - MINERIA","UNIDAD","2"
"76109","2013","12","RETROEXCAVADORA - MINERIA","UNIDAD","1"
"05031","2014","1","RETROEXCAVADORA - MINERIA","UNIDAD","1"
"05120","2014","1","RETROEXCAVADORA - MINERIA","UNIDAD","1"
"05190","2014","1","RETROEXCAVADORA - MINERIA","UNIDAD","1"
"05250","2014","1","RETROEXCAVADORA - MINERIA","UNIDAD","2"
"05679","2014","1","RETROEXCAVADORA - MINERIA","UNIDAD","1"
"05686","2014","1","DRAGA (MINERIA) - MINERIA","UNIDAD","1"
"05686","2014","1","RETROEXCAVADORA - MINERIA","UNIDAD","2"
"05690","2014","1","BULDOZER - MINERIA","UNIDAD","1"
"05690","2014","1","RETROEXCAVADORA - MINERIA","UNIDAD","3"
"05756","2014","1","RETROEXCAVADORA - MINERIA","UNIDAD","1"
"05809","2014","1","RETROEXCAVADORA - MINERIA","UNIDAD","1"
"13688","2014","1","RETROEXCAVADORA - MINERIA","UNIDAD","1"
"19137","2014","1","RETROEXCAVADORA - MINERIA","UNIDAD","2"
"19698","2014","1","RETROEXCAVADORA - MINERIA","UNIDAD","1"
"23068","2014","1","RETROEXCAVADORA - MINERIA","UNIDAD","4"
"23162","2014","1","BULDOZER - MINERIA","UNIDAD","1"
"23855","2014","1","RETROEXCAVADORA - MINERIA","UNIDAD","1"
"25175","2014","1","RETROEXCAVADORA - MINERIA","UNIDAD","1"
"25286","2014","1","RETROEXCAVADORA - MINERIA","UNIDAD","1"
"25295","2014","1","RETROEXCAVADORA - MINERIA","UNIDAD","1"
"25377","2014","1","RETROEXCAVADORA - MINERIA","UNIDAD","2"
"25473","2014","1","RETROEXCAVADORA - MINERIA","UNIDAD","1"
"25718","2014","1","RETROEXCAVADORA - MINERIA","UNIDAD","1"
"25799","2014","1","RETROEXCAVADORA - MINERIA","UNIDAD","1"
"27361","2014","1","RETROEXCAVADORA - MINERIA","UNIDAD","5"
"41551","2014","1","RETROEXCAVADORA - MINERIA","UNIDAD","2"
"44110","2014","1","RETROEXCAVADORA - MINERIA","UNIDAD","1"
"44855","2014","1","RETROEXCAVADORA - MINERIA","UNIDAD","1"
"47980","2014","1","CLASIFICADORA - MINERIA","UNIDAD","1"
"47980","2014","1","RETROEXCAVADORA - MINERIA","UNIDAD","3"
"50001","2014","1","RETROEXCAVADORA - MINERIA","UNIDAD","1"
"50006","2014","1","RETROEXCAVADORA - MINERIA","UNIDAD","1"
"50313","2014","1","RETROEXCAVADORA - MINERIA","UNIDAD","1"
"52210","2014","1","CLASIFICADORA - MINERIA","UNIDAD","1"
"52210","2014","1","RETROEXCAVADORA - MINERIA","UNIDAD","2"
"52835","2014","1","BULDOZER - MINERIA","UNIDAD","1"
"54498","2014","1","RETROEXCAVADORA - MINERIA","UNIDAD","2"
"63130","2014","1","RETROEXCAVADORA - MINERIA","UNIDAD","1"
"63190","2014","1","RETROEXCAVADORA - MINERIA","UNIDAD","1"
"63401","2014","1","RETROEXCAVADORA - MINERIA","UNIDAD","1"
"63548","2014","1","RETROEXCAVADORA - MINERIA","UNIDAD","1"
"66075","2014","1","RETROEXCAVADORA - MINERIA","UNIDAD","1"
"66170","2014","1","BULDOZER - MINERIA","UNIDAD","1"
"66682","2014","1","RETROEXCAVADORA - MINERIA","UNIDAD","1"
"68190","2014","1","RETROEXCAVADORA - MINERIA","UNIDAD","1"
"70717","2014","1","RETROEXCAVADORA - MINERIA","UNIDAD","1"
"73268","2014","1","RETROEXCAVADORA - MINERIA","UNIDAD","2"
"73349","2014","1","RETROEXCAVADORA - MINERIA","UNIDAD","2"
"73449","2014","1","RETROEXCAVADORA - MINERIA","UNIDAD","1"
"73770","2014","1","RETROEXCAVADORA - MINERIA","UNIDAD","1"
"76109","2014","1","CLASIFICADORA - MINERIA","UNIDAD","2"
"76109","2014","1","RETROEXCAVADORA - MINERIA","UNIDAD","2"
"76233","2014","1","RETROEXCAVADORA - MINERIA","UNIDAD","1"
"76736","2014","1","RETROEXCAVADORA - MINERIA","UNIDAD","1"
"76890","2014","1","RETROEXCAVADORA - MINERIA","UNIDAD","5"
"76895","2014","1","RETROEXCAVADORA - MINERIA","UNIDAD","3"
"86885","2014","1","DRAGA (MINERIA) - MINERIA","UNIDAD","1"
"86885","2014","1","RETROEXCAVADORA - MINERIA","UNIDAD","1"
"91001","2014","1","DRAGA (MINERIA) - MINERIA","UNIDAD","3"
"05021","2014","2","CLASIFICADORA - MINERIA","UNIDAD","1"
"05031","2014","2","DRAGA (MINERIA) - MINERIA","UNIDAD","1"
"05040","2014","2","RETROEXCAVADORA - MINERIA","UNIDAD","1"
"05045","2014","2","RETROEXCAVADORA - MINERIA","UNIDAD","1"
"05154","2014","2","RETROEXCAVADORA - MINERIA","UNIDAD","2"
"05172","2014","2","CLASIFICADORA - MINERIA","UNIDAD","1"
"05172","2014","2","RETROEXCAVADORA - MINERIA","UNIDAD","1"
"05237","2014","2","RETROEXCAVADORA - MINERIA","UNIDAD","1"
"05490","2014","2","RETROEXCAVADORA - MINERIA","UNIDAD","1"
"05585","2014","2","RETROEXCAVADORA - MINERIA","UNIDAD","2"
"05591","2014","2","RETROEXCAVADORA - MINERIA","UNIDAD","1"
"05686","2014","2","CLASIFICADORA - MINERIA","UNIDAD","1"
"05686","2014","2","DRAGA (MINERIA) - MINERIA","UNIDAD","1"
"05690","2014","2","RETROEXCAVADORA - MINERIA","UNIDAD","1"
"05697","2014","2","RETROEXCAVADORA - MINERIA","UNIDAD","2"
"05790","2014","2","RETROEXCAVADORA - MINERIA","UNIDAD","2"
"05854","2014","2","RETROEXCAVADORA - MINERIA","UNIDAD","1"
"13052","2014","2","RETROEXCAVADORA - MINERIA","UNIDAD","1"
"13244","2014","2","BULDOZER - MINERIA","UNIDAD","1"
"13667","2014","2","RETROEXCAVADORA - MINERIA","UNIDAD","5"
"15753","2014","2","TRITURADORA - MINERIA","UNIDAD","1"
"17614","2014","2","CLASIFICADORA - MINERIA","UNIDAD","1"
"18001","2014","2","RETROEXCAVADORA - MINERIA","UNIDAD","1"
"19698","2014","2","RETROEXCAVADORA - MINERIA","UNIDAD","1"
"19845","2014","2","RETROEXCAVADORA - MINERIA","UNIDAD","1"
"25175","2014","2","RETROEXCAVADORA - MINERIA","UNIDAD","1"
"25178","2014","2","RETROEXCAVADORA - MINERIA","UNIDAD","3"
"25183","2014","2","BULDOZER - MINERIA","UNIDAD","1"
"25183","2014","2","RETROEXCAVADORA - MINERIA","UNIDAD","1"
"25200","2014","2","RETROEXCAVADORA - MINERIA","UNIDAD","1"
"25286","2014","2","RETROEXCAVADORA - MINERIA","UNIDAD","1"
"25290","2014","2","RETROEXCAVADORA - MINERIA","UNIDAD","1"
"25386","2014","2","BULDOZER - MINERIA","UNIDAD","1"
"25402","2014","2","RETROEXCAVADORA - MINERIA","UNIDAD","2"
"25740","2014","2","RETROEXCAVADORA - MINERIA","UNIDAD","1"
"25799","2014","2","RETROEXCAVADORA - MINERIA","UNIDAD","2"
"27413","2014","2","RETROEXCAVADORA - MINERIA","UNIDAD","1"
"41524","2014","2","DRAGA (MINERIA) - MINERIA","UNIDAD","1"
"44001","2014","2","RETROEXCAVADORA - MINERIA","UNIDAD","3"
"44378","2014","2","RETROEXCAVADORA - MINERIA","UNIDAD","1"
"50001","2014","2","RETROEXCAVADORA - MINERIA","UNIDAD","3"
"50006","2014","2","RETROEXCAVADORA - MINERIA","UNIDAD","1"
"50318","2014","2","RETROEXCAVADORA - MINERIA","UNIDAD","1"
"50573","2014","2","BULDOZER - MINERIA","UNIDAD","1"
"50689","2014","2","RETROEXCAVADORA - MINERIA","UNIDAD","1"
"52210","2014","2","RETROEXCAVADORA - MINERIA","UNIDAD","1"
"52786","2014","2","RETROEXCAVADORA - MINERIA","UNIDAD","3"
"54498","2014","2","RETROEXCAVADORA - MINERIA","UNIDAD","1"
"54518","2014","2","BULDOZER - MINERIA","UNIDAD","1"
"54720","2014","2","BULDOZER - MINERIA","UNIDAD","1"
"63130","2014","2","RETROEXCAVADORA - MINERIA","UNIDAD","1"
"66001","2014","2","BULDOZER - MINERIA","UNIDAD","1"
"66088","2014","2","RETROEXCAVADORA - MINERIA","UNIDAD","1"
"66170","2014","2","BULDOZER - MINERIA","UNIDAD","1"
"66170","2014","2","RETROEXCAVADORA - MINERIA","UNIDAD","1"
"68081","2014","2","RETROEXCAVADORA - MINERIA","UNIDAD","1"
"68573","2014","2","BULDOZER - MINERIA","UNIDAD","1"
"68573","2014","2","RETROEXCAVADORA - MINERIA","UNIDAD","1"
"68655","2014","2","RETROEXCAVADORA - MINERIA","UNIDAD","1"
"70124","2014","2","RETROEXCAVADORA - MINERIA","UNIDAD","1"
"76109","2014","2","RETROEXCAVADORA - MINERIA","UNIDAD","5"
"76233","2014","2","RETROEXCAVADORA - MINERIA","UNIDAD","3"
"76248","2014","2","RETROEXCAVADORA - MINERIA","UNIDAD","1"
"76403","2014","2","RETROEXCAVADORA - MINERIA","UNIDAD","1"
"76890","2014","2","RETROEXCAVADORA - MINERIA","UNIDAD","1"
"86568","2014","2","BULDOZER - MINERIA","UNIDAD","1"
"91001","2014","2","DRAGA (MINERIA) - MINERIA","UNIDAD","4"
"05101","2014","3","RETROEXCAVADORA - MINERIA","UNIDAD","1"
"05154","2014","3","RETROEXCAVADORA - MINERIA","UNIDAD","3"
"05172","2014","3","DRAGA (MINERIA) - MINERIA","UNIDAD","2"
"05190","2014","3","RETROEXCAVADORA - MINERIA","UNIDAD","1"
"05212","2014","3","RETROEXCAVADORA - MINERIA","UNIDAD","1"
"05234","2014","3","CLASIFICADORA - MINERIA","UNIDAD","3"
"05234","2014","3","DRAGA (MINERIA) - MINERIA","UNIDAD","1"
"05234","2014","3","RETROEXCAVADORA - MINERIA","UNIDAD","2"
"05250","2014","3","DRAGA (MINERIA) - MINERIA","UNIDAD","2"
"05250","2014","3","RETROEXCAVADORA - MINERIA","UNIDAD","2"
"05313","2014","3","DRAGA (MINERIA) - MINERIA","UNIDAD","1"
"05579","2014","3","RETROEXCAVADORA - MINERIA","UNIDAD","2"
"05686","2014","3","CLASIFICADORA - MINERIA","UNIDAD","2"
"05686","2014","3","DRAGA (MINERIA) - MINERIA","UNIDAD","3"
"05686","2014","3","RETROEXCAVADORA - MINERIA","UNIDAD","1"
"05690","2014","3","RETROEXCAVADORA - MINERIA","UNIDAD","1"
"05697","2014","3","RETROEXCAVADORA - MINERIA","UNIDAD","1"
"05837","2014","3","RETROEXCAVADORA - MINERIA","UNIDAD","2"
"05854","2014","3","DRAGA (MINERIA) - MINERIA","UNIDAD","1"
"05854","2014","3","RETROEXCAVADORA - MINERIA","UNIDAD","1"
"05885","2014","3","DRAGA (MINERIA) - MINERIA","UNIDAD","2"
"05887","2014","3","RETROEXCAVADORA - MINERIA","UNIDAD","2"
"13052","2014","3","BULDOZER - MINERIA","UNIDAD","1"
"13052","2014","3","RETROEXCAVADORA - MINERIA","UNIDAD","1"
"13244","2014","3","RETROEXCAVADORA - MINERIA","UNIDAD","1"
"13490","2014","3","RETROEXCAVADORA - MINERIA","UNIDAD","1"
"13667","2014","3","DRAGA (MINERIA) - MINERIA","UNIDAD","6"
"13683","2014","3","RETROEXCAVADORA - MINERIA","UNIDAD","1"
"17272","2014","3","CLASIFICADORA - MINERIA","UNIDAD","2"
"20295","2014","3","RETROEXCAVADORA - MINERIA","UNIDAD","2"
"23417","2014","3","RETROEXCAVADORA - MINERIA","UNIDAD","1"
"23555","2014","3","BULDOZER - MINERIA","UNIDAD","1"
"27787","2014","3","RETROEXCAVADORA - MINERIA","UNIDAD","1"
"41357","2014","3","TRITURADORA - MINERIA","UNIDAD","1"
"41797","2014","3","BULDOZER - MINERIA","UNIDAD","2"
"41797","2014","3","RETROEXCAVADORA - MINERIA","UNIDAD","6"
"47980","2014","3","CLASIFICADORA - MINERIA","UNIDAD","1"
"47980","2014","3","RETROEXCAVADORA - MINERIA","UNIDAD","2"
"50001","2014","3","RETROEXCAVADORA - MINERIA","UNIDAD","2"
"50313","2014","3","RETROEXCAVADORA - MINERIA","UNIDAD","1"
"50573","2014","3","RETROEXCAVADORA - MINERIA","UNIDAD","4"
"52685","2014","3","RETROEXCAVADORA - MINERIA","UNIDAD","2"
"52786","2014","3","RETROEXCAVADORA - MINERIA","UNIDAD","3"
"52885","2014","3","RETROEXCAVADORA - MINERIA","UNIDAD","3"
"54720","2014","3","RETROEXCAVADORA - MINERIA","UNIDAD","1"
"63130","2014","3","RETROEXCAVADORA - MINERIA","UNIDAD","3"
"63272","2014","3","RETROEXCAVADORA - MINERIA","UNIDAD","1"
"63401","2014","3","BULDOZER - MINERIA","UNIDAD","2"
"63401","2014","3","RETROEXCAVADORA - MINERIA","UNIDAD","2"
"66001","2014","3","RETROEXCAVADORA - MINERIA","UNIDAD","1"
"68081","2014","3","RETROEXCAVADORA - MINERIA","UNIDAD","1"
"68255","2014","3","RETROEXCAVADORA - MINERIA","UNIDAD","1"
"68573","2014","3","RETROEXCAVADORA - MINERIA","UNIDAD","1"
"70678","2014","3","BULDOZER - MINERIA","UNIDAD","1"
"70678","2014","3","RETROEXCAVADORA - MINERIA","UNIDAD","1"
"73055","2014","3","RETROEXCAVADORA - MINERIA","UNIDAD","1"
"73124","2014","3","RETROEXCAVADORA - MINERIA","UNIDAD","3"
"73449","2014","3","RETROEXCAVADORA - MINERIA","UNIDAD","1"
"73547","2014","3","BULDOZER - MINERIA","UNIDAD","1"
"73671","2014","3","DRAGA (MINERIA) - MINERIA","UNIDAD","1"
"76275","2014","3","RETROEXCAVADORA - MINERIA","UNIDAD","2"
"76890","2014","3","BULDOZER - MINERIA","UNIDAD","1"
"76895","2014","3","RETROEXCAVADORA - MINERIA","UNIDAD","1"
"86885","2014","3","DRAGA (MINERIA) - MINERIA","UNIDAD","1"
"86885","2014","3","RETROEXCAVADORA - MINERIA","UNIDAD","1"
"91001","2014","3","DRAGA (MINERIA) - MINERIA","UNIDAD","1"
"05147","2014","4","RETROEXCAVADORA - MINERIA","UNIDAD","1"
"05579","2014","4","CLASIFICADORA - MINERIA","UNIDAD","1"
"05579","2014","4","RETROEXCAVADORA - MINERIA","UNIDAD","1"
"05604","2014","4","RETROEXCAVADORA - MINERIA","UNIDAD","1"
"13810","2014","4","RETROEXCAVADORA - MINERIA","UNIDAD","1"
"20400","2014","4","RETROEXCAVADORA - MINERIA","UNIDAD","1"
"23068","2014","4","DRAGA (MINERIA) - MINERIA","UNIDAD","2"
"23068","2014","4","RETROEXCAVADORA - MINERIA","UNIDAD","3"
"27787","2014","4","CLASIFICADORA - MINERIA","UNIDAD","1"
"27787","2014","4","RETROEXCAVADORA - MINERIA","UNIDAD","3"
"47980","2014","4","RETROEXCAVADORA - MINERIA","UNIDAD","1"
"50001","2014","4","BULDOZER - MINERIA","UNIDAD","1"
"50001","2014","4","RETROEXCAVADORA - MINERIA","UNIDAD","3"
"50573","2014","4","RETROEXCAVADORA - MINERIA","UNIDAD","1"
"52250","2014","4","CLASIFICADORA - MINERIA","UNIDAD","1"
"52250","2014","4","RETROEXCAVADORA - MINERIA","UNIDAD","1"
"52786","2014","4","RETROEXCAVADORA - MINERIA","UNIDAD","2"
"52835","2014","4","RETROEXCAVADORA - MINERIA","UNIDAD","1"
"52838","2014","4","RETROEXCAVADORA - MINERIA","UNIDAD","2"
"54172","2014","4","RETROEXCAVADORA - MINERIA","UNIDAD","1"
"63401","2014","4","RETROEXCAVADORA - MINERIA","UNIDAD","1"
"73168","2014","4","RETROEXCAVADORA - MINERIA","UNIDAD","1"
"05113","2014","5","CLASIFICADORA - MINERIA","UNIDAD","1"
"05234","2014","5","CLASIFICADORA - MINERIA","UNIDAD","1"
"05234","2014","5","RETROEXCAVADORA - MINERIA","UNIDAD","1"
"05390","2014","5","DRAGA (MINERIA) - MINERIA","UNIDAD","1"
"05579","2014","5","CLASIFICADORA - MINERIA","UNIDAD","1"
"05579","2014","5","RETROEXCAVADORA - MINERIA","UNIDAD","1"
"05591","2014","5","DRAGA (MINERIA) - MINERIA","UNIDAD","1"
"05885","2014","5","DRAGA (MINERIA) - MINERIA","UNIDAD","1"
"05890","2014","5","DRAGA (MINERIA) - MINERIA","UNIDAD","4"
"05893","2014","5","RETROEXCAVADORA - MINERIA","UNIDAD","1"
"17777","2014","5","RETROEXCAVADORA - MINERIA","UNIDAD","2"
"19698","2014","5","RETROEXCAVADORA - MINERIA","UNIDAD","1"
"41770","2014","5","BULDOZER - MINERIA","UNIDAD","1"
"47189","2014","5","RETROEXCAVADORA - MINERIA","UNIDAD","1"
"52079","2014","5","RETROEXCAVADORA - MINERIA","UNIDAD","2"
"54172","2014","5","RETROEXCAVADORA - MINERIA","UNIDAD","1"
"54518","2014","5","RETROEXCAVADORA - MINERIA","UNIDAD","1"
"68655","2014","5","RETROEXCAVADORA - MINERIA","UNIDAD","1"
"73678","2014","5","RETROEXCAVADORA - MINERIA","UNIDAD","1"
"76109","2014","5","DRAGA (MINERIA) - MINERIA","UNIDAD","2"
"76109","2014","5","RETROEXCAVADORA - MINERIA","UNIDAD","1"
"85001","2014","5","BULDOZER - MINERIA","UNIDAD","1"
"85001","2014","5","RETROEXCAVADORA - MINERIA","UNIDAD","1"
"05031","2014","6","CLASIFICADORA - MINERIA","UNIDAD","1"
"05031","2014","6","RETROEXCAVADORA - MINERIA","UNIDAD","2"
"05120","2014","6","RETROEXCAVADORA - MINERIA","UNIDAD","3"
"05142","2014","6","RETROEXCAVADORA - MINERIA","UNIDAD","1"
"13442","2014","6","RETROEXCAVADORA - MINERIA","UNIDAD","1"
"13667","2014","6","DRAGA (MINERIA) - MINERIA","UNIDAD","2"
"17001","2014","6","RETROEXCAVADORA - MINERIA","UNIDAD","1"
"25758","2014","6","RETROEXCAVADORA - MINERIA","UNIDAD","4"
"27787","2014","6","RETROEXCAVADORA - MINERIA","UNIDAD","1"
"47980","2014","6","CLASIFICADORA - MINERIA","UNIDAD","1"
"47980","2014","6","RETROEXCAVADORA - MINERIA","UNIDAD","2"
"50689","2014","6","BULDOZER - MINERIA","UNIDAD","1"
"50689","2014","6","RETROEXCAVADORA - MINERIA","UNIDAD","1"
"52540","2014","6","RETROEXCAVADORA - MINERIA","UNIDAD","1"
"73152","2014","6","TRITURADORA - MINERIA","UNIDAD","1"
"73483","2014","6","RETROEXCAVADORA - MINERIA","UNIDAD","1"
"76130","2014","6","RETROEXCAVADORA - MINERIA","UNIDAD","1"
"05079","2014","7","DRAGA (MINERIA) - MINERIA","UNIDAD","1"
"05234","2014","7","RETROEXCAVADORA - MINERIA","UNIDAD","1"
"05585","2014","7","DRAGA (MINERIA) - MINERIA","UNIDAD","4"
"05585","2014","7","RETROEXCAVADORA - MINERIA","UNIDAD","4"
"05890","2014","7","RETROEXCAVADORA - MINERIA","UNIDAD","2"
"05895","2014","7","RETROEXCAVADORA - MINERIA","UNIDAD","5"
"17001","2014","7","RETROEXCAVADORA - MINERIA","UNIDAD","1"
"17513","2014","7","CLASIFICADORA - MINERIA","UNIDAD","1"
"17513","2014","7","DRAGA (MINERIA) - MINERIA","UNIDAD","2"
"19110","2014","7","RETROEXCAVADORA - MINERIA","UNIDAD","7"
"27800","2014","7","CLASIFICADORA - MINERIA","UNIDAD","1"
"27800","2014","7","RETROEXCAVADORA - MINERIA","UNIDAD","2"
"50313","2014","7","BULDOZER - MINERIA","UNIDAD","1"
"66045","2014","7","RETROEXCAVADORA - MINERIA","UNIDAD","1"
"66440","2014","7","RETROEXCAVADORA - MINERIA","UNIDAD","1"
"66572","2014","7","RETROEXCAVADORA - MINERIA","UNIDAD","1"
"73408","2014","7","CLASIFICADORA - MINERIA","UNIDAD","1"
"73408","2014","7","RETROEXCAVADORA - MINERIA","UNIDAD","1"
"76130","2014","7","RETROEXCAVADORA - MINERIA","UNIDAD","1"
"94001","2014","7","RETROEXCAVADORA - MINERIA","UNIDAD","1"
"05031","2014","8","CLASIFICADORA - MINERIA","UNIDAD","2"
"05031","2014","8","DRAGA (MINERIA) - MINERIA","UNIDAD","2"
"05031","2014","8","RETROEXCAVADORA - MINERIA","UNIDAD","2"
"05044","2014","8","TRITURADORA - MINERIA","UNIDAD","1"
"13667","2014","8","RETROEXCAVADORA - MINERIA","UNIDAD","1"
"23001","2014","8","DRAGA (MINERIA) - MINERIA","UNIDAD","1"
"23001","2014","8","RETROEXCAVADORA - MINERIA","UNIDAD","2"
"41615","2014","8","RETROEXCAVADORA - MINERIA","UNIDAD","1"
"54673","2014","8","RETROEXCAVADORA - MINERIA","UNIDAD","1"
"63401","2014","8","RETROEXCAVADORA - MINERIA","UNIDAD","1"
"73217","2014","8","DRAGA (MINERIA) - MINERIA","UNIDAD","1"
"76109","2014","8","RETROEXCAVADORA - MINERIA","UNIDAD","1"
"76248","2014","8","RETROEXCAVADORA - MINERIA","UNIDAD","1"
"91001","2014","8","DRAGA (MINERIA) - MINERIA","UNIDAD","2"
"05154","2014","9","RETROEXCAVADORA - MINERIA","UNIDAD","1"
"05237","2014","9","RETROEXCAVADORA - MINERIA","UNIDAD","1"
"05313","2014","9","CLASIFICADORA - MINERIA","UNIDAD","1"
"05313","2014","9","RETROEXCAVADORA - MINERIA","UNIDAD","2"
"05690","2014","9","DRAGA (MINERIA) - MINERIA","UNIDAD","1"
"13074","2014","9","RETROEXCAVADORA - MINERIA","UNIDAD","1"
"19450","2014","9","RETROEXCAVADORA - MINERIA","UNIDAD","1"
"19450","2014","9","TRITURADORA - MINERIA","UNIDAD","1"
"19622","2014","9","RETROEXCAVADORA - MINERIA","UNIDAD","1"
"25740","2014","9","RETROEXCAVADORA - MINERIA","UNIDAD","1"
"27787","2014","9","RETROEXCAVADORA - MINERIA","UNIDAD","1"
"41396","2014","9","RETROEXCAVADORA - MINERIA","UNIDAD","1"
"52573","2014","9","RETROEXCAVADORA - MINERIA","UNIDAD","1"
"70418","2014","9","RETROEXCAVADORA - MINERIA","UNIDAD","1"
"73443","2014","9","DRAGA (MINERIA) - MINERIA","UNIDAD","1"
"86569","2014","9","RETROEXCAVADORA - MINERIA","UNIDAD","1"
"05154","2014","10","CLASIFICADORA - MINERIA","UNIDAD","1"
"05154","2014","10","DRAGA (MINERIA) - MINERIA","UNIDAD","3"
"05154","2014","10","RETROEXCAVADORA - MINERIA","UNIDAD","3"
"05212","2014","10","RETROEXCAVADORA - MINERIA","UNIDAD","1"
"05313","2014","10","DRAGA (MINERIA) - MINERIA","UNIDAD","1"
"05495","2014","10","DRAGA (MINERIA) - MINERIA","UNIDAD","1"
"05658","2014","10","DRAGA (MINERIA) - MINERIA","UNIDAD","2"
"17174","2014","10","DRAGA (MINERIA) - MINERIA","UNIDAD","1"
"17486","2014","10","RETROEXCAVADORA - MINERIA","UNIDAD","3"
"17524","2014","10","RETROEXCAVADORA - MINERIA","UNIDAD","1"
"17614","2014","10","CLASIFICADORA - MINERIA","UNIDAD","1"
"19824","2014","10","RETROEXCAVADORA - MINERIA","UNIDAD","1"
"23068","2014","10","RETROEXCAVADORA - MINERIA","UNIDAD","6"
"27787","2014","10","RETROEXCAVADORA - MINERIA","UNIDAD","1"
"27800","2014","10","RETROEXCAVADORA - MINERIA","UNIDAD","1"
"47189","2014","10","DRAGA (MINERIA) - MINERIA","UNIDAD","1"
"68780","2014","10","RETROEXCAVADORA - MINERIA","UNIDAD","1"
"70418","2014","10","RETROEXCAVADORA - MINERIA","UNIDAD","1"
"86571","2014","10","DRAGA (MINERIA) - MINERIA","UNIDAD","3"
"91001","2014","10","DRAGA (MINERIA) - MINERIA","UNIDAD","5"
"05031","2014","11","DRAGA (MINERIA) - MINERIA","UNIDAD","1"
"05079","2014","11","DRAGA (MINERIA) - MINERIA","UNIDAD","3"
"05579","2014","11","CLASIFICADORA - MINERIA","UNIDAD","1"
"05579","2014","11","RETROEXCAVADORA - MINERIA","UNIDAD","3"
"05604","2014","11","RETROEXCAVADORA - MINERIA","UNIDAD","1"
"05660","2014","11","RETROEXCAVADORA - MINERIA","UNIDAD","1"
"05686","2014","11","DRAGA (MINERIA) - MINERIA","UNIDAD","1"
"05690","2014","11","CLASIFICADORA - MINERIA","UNIDAD","1"
"05690","2014","11","RETROEXCAVADORA - MINERIA","UNIDAD","2"
"05790","2014","11","RETROEXCAVADORA - MINERIA","UNIDAD","1"
"19001","2014","11","RETROEXCAVADORA - MINERIA","UNIDAD","1"
"19698","2014","11","CLASIFICADORA - MINERIA","UNIDAD","2"
"23068","2014","11","BULDOZER - MINERIA","UNIDAD","1"
"23068","2014","11","RETROEXCAVADORA - MINERIA","UNIDAD","8"
"25307","2014","11","BULDOZER - MINERIA","UNIDAD","3"
"25754","2014","11","BULDOZER - MINERIA","UNIDAD","2"
"25754","2014","11","RETROEXCAVADORA - MINERIA","UNIDAD","10"
"41349","2014","11","RETROEXCAVADORA - MINERIA","UNIDAD","1"
"44090","2014","11","RETROEXCAVADORA - MINERIA","UNIDAD","1"
"73319","2014","11","RETROEXCAVADORA - MINERIA","UNIDAD","2"
"76248","2014","11","RETROEXCAVADORA - MINERIA","UNIDAD","1"
"76364","2014","11","DRAGA (MINERIA) - MINERIA","UNIDAD","1"
"76892","2014","11","RETROEXCAVADORA - MINERIA","UNIDAD","1"
"76895","2014","11","RETROEXCAVADORA - MINERIA","UNIDAD","1"
"91001","2014","11","DRAGA (MINERIA) - MINERIA","UNIDAD","1"
"05079","2014","12","DRAGA (MINERIA) - MINERIA","UNIDAD","1"
"05120","2014","12","DRAGA (MINERIA) - MINERIA","UNIDAD","2"
"05154","2014","12","DRAGA (MINERIA) - MINERIA","UNIDAD","4"
"05154","2014","12","RETROEXCAVADORA - MINERIA","UNIDAD","1"
"05368","2014","12","DRAGA (MINERIA) - MINERIA","UNIDAD","1"
"05579","2014","12","CLASIFICADORA - MINERIA","UNIDAD","1"
"05579","2014","12","RETROEXCAVADORA - MINERIA","UNIDAD","2"
"05604","2014","12","DRAGA (MINERIA) - MINERIA","UNIDAD","2"
"05604","2014","12","RETROEXCAVADORA - MINERIA","UNIDAD","1"
"05890","2014","12","CLASIFICADORA - MINERIA","UNIDAD","1"
"05890","2014","12","DRAGA (MINERIA) - MINERIA","UNIDAD","2"
"05890","2014","12","RETROEXCAVADORA - MINERIA","UNIDAD","1"
"05893","2014","12","CLASIFICADORA - MINERIA","UNIDAD","1"
"05893","2014","12","RETROEXCAVADORA - MINERIA","UNIDAD","1"
"05895","2014","12","DRAGA (MINERIA) - MINERIA","UNIDAD","1"
"19110","2014","12","CLASIFICADORA - MINERIA","UNIDAD","2"
"19698","2014","12","RETROEXCAVADORA - MINERIA","UNIDAD","1"
"19785","2014","12","CLASIFICADORA - MINERIA","UNIDAD","1"
"19785","2014","12","DRAGA (MINERIA) - MINERIA","UNIDAD","2"
"19785","2014","12","RETROEXCAVADORA - MINERIA","UNIDAD","2"
"23068","2014","12","RETROEXCAVADORA - MINERIA","UNIDAD","6"
"27050","2014","12","DRAGA (MINERIA) - MINERIA","UNIDAD","1"
"27050","2014","12","RETROEXCAVADORA - MINERIA","UNIDAD","1"
"27073","2014","12","RETROEXCAVADORA - MINERIA","UNIDAD","3"
"73349","2014","12","RETROEXCAVADORA - MINERIA","UNIDAD","1"
"76403","2014","12","RETROEXCAVADORA - MINERIA","UNIDAD","1"
"81001","2014","12","RETROEXCAVADORA - MINERIA","UNIDAD","1"
"91001","2014","12","DRAGA (MINERIA) - MINERIA","UNIDAD","2"
"05079","2015","1","DRAGA (MINERIA) - MINERIA","UNIDAD","2"
"05120","2015","1","DRAGA (MINERIA) - MINERIA","UNIDAD","2"
"05120","2015","1","RETROEXCAVADORA - MINERIA","UNIDAD","1"
"05154","2015","1","RETROEXCAVADORA - MINERIA","UNIDAD","6"
"05467","2015","1","DRAGA (MINERIA) - MINERIA","UNIDAD","1"
"05690","2015","1","DRAGA (MINERIA) - MINERIA","UNIDAD","5"
"05790","2015","1","RETROEXCAVADORA - MINERIA","UNIDAD","3"
"13430","2015","1","RETROEXCAVADORA - MINERIA","UNIDAD","1"
"13468","2015","1","RETROEXCAVADORA - MINERIA","UNIDAD","2"
"13667","2015","1","DRAGA (MINERIA) - MINERIA","UNIDAD","3"
"13667","2015","1","RETROEXCAVADORA - MINERIA","UNIDAD","2"
"13688","2015","1","DRAGA (MINERIA) - MINERIA","UNIDAD","1"
"13744","2015","1","DRAGA (MINERIA) - MINERIA","UNIDAD","4"
"19785","2015","1","CLASIFICADORA - MINERIA","UNIDAD","2"
"19785","2015","1","DRAGA (MINERIA) - MINERIA","UNIDAD","1"
"25823","2015","1","RETROEXCAVADORA - MINERIA","UNIDAD","6"
"41132","2015","1","RETROEXCAVADORA - MINERIA","UNIDAD","1"
"41551","2015","1","RETROEXCAVADORA - MINERIA","UNIDAD","1"
"47980","2015","1","RETROEXCAVADORA - MINERIA","UNIDAD","1"
"50226","2015","1","RETROEXCAVADORA - MINERIA","UNIDAD","1"
"52838","2015","1","RETROEXCAVADORA - MINERIA","UNIDAD","1"
"54673","2015","1","RETROEXCAVADORA - MINERIA","UNIDAD","1"
"70670","2015","1","RETROEXCAVADORA - MINERIA","UNIDAD","1"
"73408","2015","1","CLASIFICADORA - MINERIA","UNIDAD","4"
"73408","2015","1","RETROEXCAVADORA - MINERIA","UNIDAD","1"
"76364","2015","1","DRAGA (MINERIA) - MINERIA","UNIDAD","1"
"76364","2015","1","RETROEXCAVADORA - MINERIA","UNIDAD","1"
"76520","2015","1","RETROEXCAVADORA - MINERIA","UNIDAD","1"
"76895","2015","1","RETROEXCAVADORA - MINERIA","UNIDAD","1"
"05079","2015","2","DRAGA (MINERIA) - MINERIA","UNIDAD","2"
"05120","2015","2","RETROEXCAVADORA - MINERIA","UNIDAD","2"
"05495","2015","2","RETROEXCAVADORA - MINERIA","UNIDAD","1"
"05604","2015","2","CLASIFICADORA - MINERIA","UNIDAD","1"
"05604","2015","2","DRAGA (MINERIA) - MINERIA","UNIDAD","3"
"05604","2015","2","RETROEXCAVADORA - MINERIA","UNIDAD","1"
"05670","2015","2","RETROEXCAVADORA - MINERIA","UNIDAD","1"
"05890","2015","2","DRAGA (MINERIA) - MINERIA","UNIDAD","4"
"05895","2015","2","RETROEXCAVADORA - MINERIA","UNIDAD","1"
"13074","2015","2","RETROEXCAVADORA - MINERIA","UNIDAD","2"
"13430","2015","2","RETROEXCAVADORA - MINERIA","UNIDAD","2"
"13667","2015","2","RETROEXCAVADORA - MINERIA","UNIDAD","3"
"13688","2015","2","RETROEXCAVADORA - MINERIA","UNIDAD","4"
"13744","2015","2","RETROEXCAVADORA - MINERIA","UNIDAD","1"
"15204","2015","2","BULDOZER - MINERIA","UNIDAD","1"
"15204","2015","2","RETROEXCAVADORA - MINERIA","UNIDAD","1"
"15491","2015","2","RETROEXCAVADORA - MINERIA","UNIDAD","1"
"15806","2015","2","RETROEXCAVADORA - MINERIA","UNIDAD","4"
"18029","2015","2","RETROEXCAVADORA - MINERIA","UNIDAD","1"
"18785","2015","2","DRAGA (MINERIA) - MINERIA","UNIDAD","7"
"19785","2015","2","RETROEXCAVADORA - MINERIA","UNIDAD","7"
"20383","2015","2","RETROEXCAVADORA - MINERIA","UNIDAD","1"
"25754","2015","2","RETROEXCAVADORA - MINERIA","UNIDAD","1"
"27800","2015","2","CLASIFICADORA - MINERIA","UNIDAD","2"
"27800","2015","2","RETROEXCAVADORA - MINERIA","UNIDAD","1"
"41298","2015","2","RETROEXCAVADORA - MINERIA","UNIDAD","1"
"41524","2015","2","RETROEXCAVADORA - MINERIA","UNIDAD","1"
"52110","2015","2","BULDOZER - MINERIA","UNIDAD","1"
"52110","2015","2","RETROEXCAVADORA - MINERIA","UNIDAD","2"
"52207","2015","2","RETROEXCAVADORA - MINERIA","UNIDAD","2"
"52352","2015","2","CLASIFICADORA - MINERIA","UNIDAD","1"
"52352","2015","2","RETROEXCAVADORA - MINERIA","UNIDAD","4"
"52506","2015","2","RETROEXCAVADORA - MINERIA","UNIDAD","2"
"52540","2015","2","RETROEXCAVADORA - MINERIA","UNIDAD","1"
"54261","2015","2","RETROEXCAVADORA - MINERIA","UNIDAD","1"
"68745","2015","2","RETROEXCAVADORA - MINERIA","UNIDAD","1"
"70508","2015","2","RETROEXCAVADORA - MINERIA","UNIDAD","1"
"76400","2015","2","RETROEXCAVADORA - MINERIA","UNIDAD","1"
"76403","2015","2","RETROEXCAVADORA - MINERIA","UNIDAD","1"
"76520","2015","2","RETROEXCAVADORA - MINERIA","UNIDAD","1"
"85230","2015","2","RETROEXCAVADORA - MINERIA","UNIDAD","1"
"91001","2015","2","DRAGA (MINERIA) - MINERIA","UNIDAD","3"
"05031","2015","3","RETROEXCAVADORA - MINERIA","UNIDAD","1"
"05038","2015","3","DRAGA (MINERIA) - MINERIA","UNIDAD","1"
"05120","2015","3","CLASIFICADORA - MINERIA","UNIDAD","1"
"05120","2015","3","RETROEXCAVADORA - MINERIA","UNIDAD","6"
"05142","2015","3","DRAGA (MINERIA) - MINERIA","UNIDAD","1"
"05250","2015","3","RETROEXCAVADORA - MINERIA","UNIDAD","2"
"05890","2015","3","RETROEXCAVADORA - MINERIA","UNIDAD","4"
"05895","2015","3","RETROEXCAVADORA - MINERIA","UNIDAD","1"
"13430","2015","3","RETROEXCAVADORA - MINERIA","UNIDAD","1"
"17013","2015","3","DRAGA (MINERIA) - MINERIA","UNIDAD","6"
"17380","2015","3","BULDOZER - MINERIA","UNIDAD","1"
"23350","2015","3","RETROEXCAVADORA - MINERIA","UNIDAD","1"
"27135","2015","3","DRAGA (MINERIA) - MINERIA","UNIDAD","2"
"27135","2015","3","RETROEXCAVADORA - MINERIA","UNIDAD","2"
"41016","2015","3","RETROEXCAVADORA - MINERIA","UNIDAD","1"
"44001","2015","3","RETROEXCAVADORA - MINERIA","UNIDAD","1"
"50711","2015","3","RETROEXCAVADORA - MINERIA","UNIDAD","1"
"52685","2015","3","RETROEXCAVADORA - MINERIA","UNIDAD","1"
"76100","2015","3","RETROEXCAVADORA - MINERIA","UNIDAD","1"
"05120","2015","4","CLASIFICADORA - MINERIA","UNIDAD","7"
"05120","2015","4","DRAGA (MINERIA) - MINERIA","UNIDAD","5"
"05670","2015","4","CLASIFICADORA - MINERIA","UNIDAD","1"
"05670","2015","4","RETROEXCAVADORA - MINERIA","UNIDAD","1"
"05686","2015","4","CLASIFICADORA - MINERIA","UNIDAD","1"
"05686","2015","4","DRAGA (MINERIA) - MINERIA","UNIDAD","2"
"05686","2015","4","RETROEXCAVADORA - MINERIA","UNIDAD","1"
"05895","2015","4","RETROEXCAVADORA - MINERIA","UNIDAD","1"
"13600","2015","4","RETROEXCAVADORA - MINERIA","UNIDAD","1"
"13667","2015","4","RETROEXCAVADORA - MINERIA","UNIDAD","1"
"19450","2015","4","RETROEXCAVADORA - MINERIA","UNIDAD","1"
"19450","2015","4","TRITURADORA - MINERIA","UNIDAD","1"
"23068","2015","4","RETROEXCAVADORA - MINERIA","UNIDAD","4"
"25758","2015","4","RETROEXCAVADORA - MINERIA","UNIDAD","1"
"27413","2015","4","RETROEXCAVADORA - MINERIA","UNIDAD","2"
"41524","2015","4","RETROEXCAVADORA - MINERIA","UNIDAD","1"
"50223","2015","4","RETROEXCAVADORA - MINERIA","UNIDAD","1"
"52354","2015","4","RETROEXCAVADORA - MINERIA","UNIDAD","1"
"76109","2015","4","CLASIFICADORA - MINERIA","UNIDAD","5"
"76109","2015","4","RETROEXCAVADORA - MINERIA","UNIDAD","5"
"76130","2015","4","RETROEXCAVADORA - MINERIA","UNIDAD","1"
"76248","2015","4","RETROEXCAVADORA - MINERIA","UNIDAD","1"
"76377","2015","4","RETROEXCAVADORA - MINERIA","UNIDAD","1"
"86885","2015","4","DRAGA (MINERIA) - MINERIA","UNIDAD","1"
"05031","2015","5","CLASIFICADORA - MINERIA","UNIDAD","1"
"05031","2015","5","RETROEXCAVADORA - MINERIA","UNIDAD","2"
"05079","2015","5","DRAGA (MINERIA) - MINERIA","UNIDAD","1"
"05154","2015","5","RETROEXCAVADORA - MINERIA","UNIDAD","1"
"05495","2015","5","RETROEXCAVADORA - MINERIA","UNIDAD","1"
"05579","2015","5","RETROEXCAVADORA - MINERIA","UNIDAD","3"
"05756","2015","5","DRAGA (MINERIA) - MINERIA","UNIDAD","2"
"08573","2015","5","RETROEXCAVADORA - MINERIA","UNIDAD","4"
"23068","2015","5","RETROEXCAVADORA - MINERIA","UNIDAD","1"
"23682","2015","5","RETROEXCAVADORA - MINERIA","UNIDAD","1"
"25307","2015","5","RETROEXCAVADORA - MINERIA","UNIDAD","4"
"27006","2015","5","RETROEXCAVADORA - MINERIA","UNIDAD","2"
"27050","2015","5","DRAGA (MINERIA) - MINERIA","UNIDAD","1"
"27050","2015","5","RETROEXCAVADORA - MINERIA","UNIDAD","1"
"52210","2015","5","RETROEXCAVADORA - MINERIA","UNIDAD","3"
"52573","2015","5","RETROEXCAVADORA - MINERIA","UNIDAD","1"
"70473","2015","5","RETROEXCAVADORA - MINERIA","UNIDAD","1"
"76041","2015","5","RETROEXCAVADORA - MINERIA","UNIDAD","1"
"76895","2015","5","RETROEXCAVADORA - MINERIA","UNIDAD","1"
"05154","2015","6","DRAGA (MINERIA) - MINERIA","UNIDAD","21"
"05154","2015","6","RETROEXCAVADORA - MINERIA","UNIDAD","2"
"05495","2015","6","RETROEXCAVADORA - MINERIA","UNIDAD","1"
"05658","2015","6","DRAGA (MINERIA) - MINERIA","UNIDAD","1"
"05790","2015","6","RETROEXCAVADORA - MINERIA","UNIDAD","9"
"17614","2015","6","DRAGA (MINERIA) - MINERIA","UNIDAD","1"
"19573","2015","6","RETROEXCAVADORA - MINERIA","UNIDAD","1"
"20011","2015","6","RETROEXCAVADORA - MINERIA","UNIDAD","1"
"23068","2015","6","DRAGA (MINERIA) - MINERIA","UNIDAD","8"
"25200","2015","6","BULDOZER - MINERIA","UNIDAD","3"
"25200","2015","6","RETROEXCAVADORA - MINERIA","UNIDAD","11"
"27001","2015","6","DRAGA (MINERIA) - MINERIA","UNIDAD","2"
"27001","2015","6","RETROEXCAVADORA - MINERIA","UNIDAD","1"
"41026","2015","6","RETROEXCAVADORA - MINERIA","UNIDAD","1"
"41797","2015","6","RETROEXCAVADORA - MINERIA","UNIDAD","1"
"52250","2015","6","DRAGA (MINERIA) - MINERIA","UNIDAD","1"
"73055","2015","6","RETROEXCAVADORA - MINERIA","UNIDAD","1"
"73283","2015","6","DRAGA (MINERIA) - MINERIA","UNIDAD","3"
"73861","2015","6","RETROEXCAVADORA - MINERIA","UNIDAD","1"
"76111","2015","6","CLASIFICADORA - MINERIA","UNIDAD","1"
"76111","2015","6","RETROEXCAVADORA - MINERIA","UNIDAD","1"
"94001","2015","6","DRAGA (MINERIA) - MINERIA","UNIDAD","1"
"05120","2015","7","RETROEXCAVADORA - MINERIA","UNIDAD","5"
"05154","2015","7","DRAGA (MINERIA) - MINERIA","UNIDAD","5"
"05495","2015","7","RETROEXCAVADORA - MINERIA","UNIDAD","1"
"17013","2015","7","TRITURADORA - MINERIA","UNIDAD","3"
"19698","2015","7","CLASIFICADORA - MINERIA","UNIDAD","2"
"23068","2015","7","DRAGA (MINERIA) - MINERIA","UNIDAD","6"
"23068","2015","7","RETROEXCAVADORA - MINERIA","UNIDAD","1"
"23350","2015","7","DRAGA (MINERIA) - MINERIA","UNIDAD","6"
"27135","2015","7","RETROEXCAVADORA - MINERIA","UNIDAD","1"
"27150","2015","7","CLASIFICADORA - MINERIA","UNIDAD","1"
"27150","2015","7","DRAGA (MINERIA) - MINERIA","UNIDAD","1"
"27150","2015","7","RETROEXCAVADORA - MINERIA","UNIDAD","1"
"68307","2015","7","RETROEXCAVADORA - MINERIA","UNIDAD","1"
"68655","2015","7","RETROEXCAVADORA - MINERIA","UNIDAD","2"
"76364","2015","7","DRAGA (MINERIA) - MINERIA","UNIDAD","1"
"76622","2015","7","RETROEXCAVADORA - MINERIA","UNIDAD","1"
"86320","2015","7","RETROEXCAVADORA - MINERIA","UNIDAD","1"
"97001","2015","7","DRAGA (MINERIA) - MINERIA","UNIDAD","2"
"05120","2015","8","CLASIFICADORA - MINERIA","UNIDAD","1"
"05120","2015","8","RETROEXCAVADORA - MINERIA","UNIDAD","1"
"05154","2015","8","CLASIFICADORA - MINERIA","UNIDAD","2"
"05154","2015","8","DRAGA (MINERIA) - MINERIA","UNIDAD","3"
"05154","2015","8","RETROEXCAVADORA - MINERIA","UNIDAD","2"
"05858","2015","8","DRAGA (MINERIA) - MINERIA","UNIDAD","1"
"13074","2015","8","RETROEXCAVADORA - MINERIA","UNIDAD","1"
"25781","2015","8","RETROEXCAVADORA - MINERIA","UNIDAD","2"
"27600","2015","8","DRAGA (MINERIA) - MINERIA","UNIDAD","1"
"27600","2015","8","RETROEXCAVADORA - MINERIA","UNIDAD","1"
"52678","2015","8","CLASIFICADORA - MINERIA","UNIDAD","1"
"52678","2015","8","RETROEXCAVADORA - MINERIA","UNIDAD","3"
"52678","2015","8","TRITURADORA - MINERIA","UNIDAD","1"
"68655","2015","8","RETROEXCAVADORA - MINERIA","UNIDAD","1"
"76100","2015","8","RETROEXCAVADORA - MINERIA","UNIDAD","1"
"76233","2015","8","DRAGA (MINERIA) - MINERIA","UNIDAD","2"
"76834","2015","8","RETROEXCAVADORA - MINERIA","UNIDAD","1"
"94001","2015","8","DRAGA (MINERIA) - MINERIA","UNIDAD","1"
"95001","2015","8","RETROEXCAVADORA - MINERIA","UNIDAD","1"
"05120","2015","9","CLASIFICADORA - MINERIA","UNIDAD","1"
"05120","2015","9","RETROEXCAVADORA - MINERIA","UNIDAD","3"
"05154","2015","9","RETROEXCAVADORA - MINERIA","UNIDAD","1"
"05604","2015","9","RETROEXCAVADORA - MINERIA","UNIDAD","1"
"05756","2015","9","DRAGA (MINERIA) - MINERIA","UNIDAD","2"
"05858","2015","9","CLASIFICADORA - MINERIA","UNIDAD","2"
"05858","2015","9","RETROEXCAVADORA - MINERIA","UNIDAD","3"
"13600","2015","9","DRAGA (MINERIA) - MINERIA","UNIDAD","2"
"13600","2015","9","RETROEXCAVADORA - MINERIA","UNIDAD","1"
"13810","2015","9","RETROEXCAVADORA - MINERIA","UNIDAD","1"
"17777","2015","9","RETROEXCAVADORA - MINERIA","UNIDAD","1"
"17867","2015","9","DRAGA (MINERIA) - MINERIA","UNIDAD","1"
"19785","2015","9","RETROEXCAVADORA - MINERIA","UNIDAD","3"
"23001","2015","9","DRAGA (MINERIA) - MINERIA","UNIDAD","1"
"25754","2015","9","RETROEXCAVADORA - MINERIA","UNIDAD","2"
"27160","2015","9","RETROEXCAVADORA - MINERIA","UNIDAD","1"
"52435","2015","9","RETROEXCAVADORA - MINERIA","UNIDAD","1"
"68655","2015","9","RETROEXCAVADORA - MINERIA","UNIDAD","1"
"73067","2015","9","DRAGA (MINERIA) - MINERIA","UNIDAD","1"
"73283","2015","9","DRAGA (MINERIA) - MINERIA","UNIDAD","1"
"73411","2015","9","DRAGA (MINERIA) - MINERIA","UNIDAD","1"
"76111","2015","9","RETROEXCAVADORA - MINERIA","UNIDAD","1"
"76520","2015","9","RETROEXCAVADORA - MINERIA","UNIDAD","1"
"86885","2015","9","RETROEXCAVADORA - MINERIA","UNIDAD","1"
"05154","2015","10","DRAGA (MINERIA) - MINERIA","UNIDAD","1"
"05250","2015","10","RETROEXCAVADORA - MINERIA","UNIDAD","1"
"05604","2015","10","DRAGA (MINERIA) - MINERIA","UNIDAD","1"
"05670","2015","10","DRAGA (MINERIA) - MINERIA","UNIDAD","3"
"19300","2015","10","RETROEXCAVADORA - MINERIA","UNIDAD","3"
"25224","2015","10","RETROEXCAVADORA - MINERIA","UNIDAD","1"
"27361","2015","10","CLASIFICADORA - MINERIA","UNIDAD","1"
"27361","2015","10","RETROEXCAVADORA - MINERIA","UNIDAD","1"
"27600","2015","10","DRAGA (MINERIA) - MINERIA","UNIDAD","1"
"41359","2015","10","RETROEXCAVADORA - MINERIA","UNIDAD","1"
"68081","2015","10","RETROEXCAVADORA - MINERIA","UNIDAD","1"
"73067","2015","10","RETROEXCAVADORA - MINERIA","UNIDAD","1"
"76616","2015","10","RETROEXCAVADORA - MINERIA","UNIDAD","1"
"05690","2015","11","CLASIFICADORA - MINERIA","UNIDAD","1"
"05690","2015","11","RETROEXCAVADORA - MINERIA","UNIDAD","2"
"08078","2015","11","RETROEXCAVADORA - MINERIA","UNIDAD","2"
"08296","2015","11","RETROEXCAVADORA - MINERIA","UNIDAD","4"
"11001","2015","11","RETROEXCAVADORA - MINERIA","UNIDAD","3"
"19450","2015","11","RETROEXCAVADORA - MINERIA","UNIDAD","1"
"19450","2015","11","TRITURADORA - MINERIA","UNIDAD","1"
"23068","2015","11","RETROEXCAVADORA - MINERIA","UNIDAD","3"
"25754","2015","11","RETROEXCAVADORA - MINERIA","UNIDAD","1"
"52699","2015","11","RETROEXCAVADORA - MINERIA","UNIDAD","2"
"52838","2015","11","RETROEXCAVADORA - MINERIA","UNIDAD","1"
"76109","2015","11","RETROEXCAVADORA - MINERIA","UNIDAD","8"
"99773","2015","11","DRAGA (MINERIA) - MINERIA","UNIDAD","9"
"05154","2015","12","CLASIFICADORA - MINERIA","UNIDAD","1"
"05154","2015","12","RETROEXCAVADORA - MINERIA","UNIDAD","2"
"05313","2015","12","RETROEXCAVADORA - MINERIA","UNIDAD","1"
"13688","2015","12","DRAGA (MINERIA) - MINERIA","UNIDAD","8"
"25817","2015","12","RETROEXCAVADORA - MINERIA","UNIDAD","2"
"95001","2015","12","DRAGA (MINERIA) - MINERIA","UNIDAD","1"
"05120","2016","1","DRAGA (MINERIA) - MINERIA","UNIDAD","7"
"05120","2016","1","RETROEXCAVADORA - MINERIA","UNIDAD","2"
"05154","2016","1","DRAGA (MINERIA) - MINERIA","UNIDAD","6"
"05154","2016","1","RETROEXCAVADORA - MINERIA","UNIDAD","2"
"05190","2016","1","RETROEXCAVADORA - MINERIA","UNIDAD","2"
"05495","2016","1","RETROEXCAVADORA - MINERIA","UNIDAD","1"
"05604","2016","1","DRAGA (MINERIA) - MINERIA","UNIDAD","2"
"05604","2016","1","RETROEXCAVADORA - MINERIA","UNIDAD","1"
"05890","2016","1","DRAGA (MINERIA) - MINERIA","UNIDAD","1"
"05895","2016","1","DRAGA (MINERIA) - MINERIA","UNIDAD","3"
"13688","2016","1","DRAGA (MINERIA) - MINERIA","UNIDAD","2"
"19100","2016","1","RETROEXCAVADORA - MINERIA","UNIDAD","1"
"19450","2016","1","CLASIFICADORA - MINERIA","UNIDAD","1"
"19450","2016","1","RETROEXCAVADORA - MINERIA","UNIDAD","5"
"20060","2016","1","RETROEXCAVADORA - MINERIA","UNIDAD","1"
"23068","2016","1","DRAGA (MINERIA) - MINERIA","UNIDAD","18"
"23068","2016","1","RETROEXCAVADORA - MINERIA","UNIDAD","15"
"23807","2016","1","RETROEXCAVADORA - MINERIA","UNIDAD","1"
"25430","2016","1","RETROEXCAVADORA - MINERIA","UNIDAD","1"
"27001","2016","1","DRAGA (MINERIA) - MINERIA","UNIDAD","2"
"27050","2016","1","DRAGA (MINERIA) - MINERIA","UNIDAD","1"
"27050","2016","1","RETROEXCAVADORA - MINERIA","UNIDAD","1"
"52427","2016","1","RETROEXCAVADORA - MINERIA","UNIDAD","1"
"76001","2016","1","TRITURADORA - MINERIA","UNIDAD","9"
"76109","2016","1","TRITURADORA - MINERIA","UNIDAD","4"
"05120","2016","2","DRAGA (MINERIA) - MINERIA","UNIDAD","3"
"05120","2016","2","RETROEXCAVADORA - MINERIA","UNIDAD","2"
"05154","2016","2","DRAGA (MINERIA) - MINERIA","UNIDAD","12"
"05154","2016","2","RETROEXCAVADORA - MINERIA","UNIDAD","1"
"05250","2016","2","CLASIFICADORA - MINERIA","UNIDAD","1"
"05250","2016","2","RETROEXCAVADORA - MINERIA","UNIDAD","1"
"05604","2016","2","CLASIFICADORA - MINERIA","UNIDAD","1"
"05604","2016","2","DRAGA (MINERIA) - MINERIA","UNIDAD","4"
"05604","2016","2","RETROEXCAVADORA - MINERIA","UNIDAD","10"
"05736","2016","2","DRAGA (MINERIA) - MINERIA","UNIDAD","3"
"05736","2016","2","RETROEXCAVADORA - MINERIA","UNIDAD","2"
"05858","2016","2","RETROEXCAVADORA - MINERIA","UNIDAD","5"
"11001","2016","2","RETROEXCAVADORA - MINERIA","UNIDAD","1"
"13667","2016","2","CLASIFICADORA - MINERIA","UNIDAD","3"
"13667","2016","2","RETROEXCAVADORA - MINERIA","UNIDAD","2"
"19256","2016","2","RETROEXCAVADORA - MINERIA","UNIDAD","1"
"23068","2016","2","DRAGA (MINERIA) - MINERIA","UNIDAD","1"
"23068","2016","2","RETROEXCAVADORA - MINERIA","UNIDAD","1"
"23350","2016","2","DRAGA (MINERIA) - MINERIA","UNIDAD","2"
"27800","2016","2","CLASIFICADORA - MINERIA","UNIDAD","1"
"27800","2016","2","RETROEXCAVADORA - MINERIA","UNIDAD","1"
"41016","2016","2","RETROEXCAVADORA - MINERIA","UNIDAD","1"
"41298","2016","2","RETROEXCAVADORA - MINERIA","UNIDAD","1"
"41306","2016","2","RETROEXCAVADORA - MINERIA","UNIDAD","1"
"44560","2016","2","RETROEXCAVADORA - MINERIA","UNIDAD","1"
"47001","2016","2","BULDOZER - MINERIA","UNIDAD","1"
"47001","2016","2","RETROEXCAVADORA - MINERIA","UNIDAD","1"
"54001","2016","2","RETROEXCAVADORA - MINERIA","UNIDAD","1"
"68190","2016","2","RETROEXCAVADORA - MINERIA","UNIDAD","1"
"68655","2016","2","RETROEXCAVADORA - MINERIA","UNIDAD","1"
"76001","2016","2","TRITURADORA - MINERIA","UNIDAD","3"
"76036","2016","2","RETROEXCAVADORA - MINERIA","UNIDAD","1"
"76109","2016","2","RETROEXCAVADORA - MINERIA","UNIDAD","10"
"76130","2016","2","RETROEXCAVADORA - MINERIA","UNIDAD","1"
"85410","2016","2","RETROEXCAVADORA - MINERIA","UNIDAD","1"
"05079","2016","3","DRAGA (MINERIA) - MINERIA","UNIDAD","2"
"05120","2016","3","RETROEXCAVADORA - MINERIA","UNIDAD","1"
"05154","2016","3","DRAGA (MINERIA) - MINERIA","UNIDAD","10"
"05234","2016","3","RETROEXCAVADORA - MINERIA","UNIDAD","1"
"05604","2016","3","CLASIFICADORA - MINERIA","UNIDAD","2"
"05604","2016","3","RETROEXCAVADORA - MINERIA","UNIDAD","3"
"05686","2016","3","CLASIFICADORA - MINERIA","UNIDAD","1"
"08372","2016","3","BULDOZER - MINERIA","UNIDAD","1"
"08433","2016","3","RETROEXCAVADORA - MINERIA","UNIDAD","1"
"15001","2016","3","RETROEXCAVADORA - MINERIA","UNIDAD","2"
"19397","2016","3","RETROEXCAVADORA - MINERIA","UNIDAD","1"
"20178","2016","3","RETROEXCAVADORA - MINERIA","UNIDAD","2"
"23068","2016","3","RETROEXCAVADORA - MINERIA","UNIDAD","1"
"23350","2016","3","DRAGA (MINERIA) - MINERIA","UNIDAD","1"
"25740","2016","3","RETROEXCAVADORA - MINERIA","UNIDAD","3"
"27001","2016","3","DRAGA (MINERIA) - MINERIA","UNIDAD","3"
"27001","2016","3","RETROEXCAVADORA - MINERIA","UNIDAD","3"
"27006","2016","3","RETROEXCAVADORA - MINERIA","UNIDAD","1"
"27135","2016","3","DRAGA (MINERIA) - MINERIA","UNIDAD","2"
"27600","2016","3","DRAGA (MINERIA) - MINERIA","UNIDAD","3"
"27600","2016","3","RETROEXCAVADORA - MINERIA","UNIDAD","3"
"27810","2016","3","RETROEXCAVADORA - MINERIA","UNIDAD","1"
"41001","2016","3","DRAGA (MINERIA) - MINERIA","UNIDAD","1"
"41001","2016","3","RETROEXCAVADORA - MINERIA","UNIDAD","1"
"41244","2016","3","RETROEXCAVADORA - MINERIA","UNIDAD","1"
"50223","2016","3","RETROEXCAVADORA - MINERIA","UNIDAD","1"
"54001","2016","3","RETROEXCAVADORA - MINERIA","UNIDAD","1"
"68081","2016","3","RETROEXCAVADORA - MINERIA","UNIDAD","1"
"70001","2016","3","RETROEXCAVADORA - MINERIA","UNIDAD","1"
"73270","2016","3","DRAGA (MINERIA) - MINERIA","UNIDAD","1"
"73270","2016","3","RETROEXCAVADORA - MINERIA","UNIDAD","1"
"73411","2016","3","RETROEXCAVADORA - MINERIA","UNIDAD","1"
"76306","2016","3","CLASIFICADORA - MINERIA","UNIDAD","2"
"76306","2016","3","RETROEXCAVADORA - MINERIA","UNIDAD","4"
"05040","2016","4","DRAGA (MINERIA) - MINERIA","UNIDAD","3"
"05040","2016","4","RETROEXCAVADORA - MINERIA","UNIDAD","2"
"05079","2016","4","DRAGA (MINERIA) - MINERIA","UNIDAD","1"
"05120","2016","4","RETROEXCAVADORA - MINERIA","UNIDAD","1"
"05154","2016","4","DRAGA (MINERIA) - MINERIA","UNIDAD","6"
"05212","2016","4","RETROEXCAVADORA - MINERIA","UNIDAD","1"
"05495","2016","4","DRAGA (MINERIA) - MINERIA","UNIDAD","1"
"05604","2016","4","RETROEXCAVADORA - MINERIA","UNIDAD","1"
"05736","2016","4","CLASIFICADORA - MINERIA","UNIDAD","2"
"05736","2016","4","RETROEXCAVADORA - MINERIA","UNIDAD","2"
"08296","2016","4","RETROEXCAVADORA - MINERIA","UNIDAD","3"
"17013","2016","4","CLASIFICADORA - MINERIA","UNIDAD","1"
"17013","2016","4","DRAGA (MINERIA) - MINERIA","UNIDAD","3"
"19450","2016","4","CLASIFICADORA - MINERIA","UNIDAD","3"
"19450","2016","4","DRAGA (MINERIA) - MINERIA","UNIDAD","1"
"19450","2016","4","RETROEXCAVADORA - MINERIA","UNIDAD","24"
"20060","2016","4","RETROEXCAVADORA - MINERIA","UNIDAD","2"
"20060","2016","4","TRITURADORA - MINERIA","UNIDAD","1"
"23068","2016","4","DRAGA (MINERIA) - MINERIA","UNIDAD","28"
"23068","2016","4","RETROEXCAVADORA - MINERIA","UNIDAD","10"
"23580","2016","4","RETROEXCAVADORA - MINERIA","UNIDAD","1"
"25377","2016","4","RETROEXCAVADORA - MINERIA","UNIDAD","2"
"25899","2016","4","RETROEXCAVADORA - MINERIA","UNIDAD","2"
"27361","2016","4","CLASIFICADORA - MINERIA","UNIDAD","1"
"27361","2016","4","RETROEXCAVADORA - MINERIA","UNIDAD","3"
"27600","2016","4","DRAGA (MINERIA) - MINERIA","UNIDAD","1"
"52352","2016","4","BULDOZER - MINERIA","UNIDAD","1"
"52720","2016","4","RETROEXCAVADORA - MINERIA","UNIDAD","1"
"73443","2016","4","DRAGA (MINERIA) - MINERIA","UNIDAD","1"
"76001","2016","4","TRITURADORA - MINERIA","UNIDAD","3"
"76041","2016","4","RETROEXCAVADORA - MINERIA","UNIDAD","1"
"76318","2016","4","RETROEXCAVADORA - MINERIA","UNIDAD","1"
"91798","2016","4","DRAGA (MINERIA) - MINERIA","UNIDAD","2"
"94001","2016","4","DRAGA (MINERIA) - MINERIA","UNIDAD","1"
"05079","2016","5","DRAGA (MINERIA) - MINERIA","UNIDAD","1"
"05113","2016","5","DRAGA (MINERIA) - MINERIA","UNIDAD","1"
"05154","2016","5","RETROEXCAVADORA - MINERIA","UNIDAD","1"
"05172","2016","5","DRAGA (MINERIA) - MINERIA","UNIDAD","2"
"05480","2016","5","DRAGA (MINERIA) - MINERIA","UNIDAD","2"
"05736","2016","5","DRAGA (MINERIA) - MINERIA","UNIDAD","1"
"05895","2016","5","CLASIFICADORA - MINERIA","UNIDAD","1"
"05895","2016","5","DRAGA (MINERIA) - MINERIA","UNIDAD","1"
"05895","2016","5","RETROEXCAVADORA - MINERIA","UNIDAD","3"
"13600","2016","5","RETROEXCAVADORA - MINERIA","UNIDAD","5"
"18205","2016","5","DRAGA (MINERIA) - MINERIA","UNIDAD","3"
"18756","2016","5","DRAGA (MINERIA) - MINERIA","UNIDAD","9"
"18756","2016","5","RETROEXCAVADORA - MINERIA","UNIDAD","0"
"19300","2016","5","CLASIFICADORA - MINERIA","UNIDAD","1"
"19450","2016","5","RETROEXCAVADORA - MINERIA","UNIDAD","9"
"23068","2016","5","DRAGA (MINERIA) - MINERIA","UNIDAD","3"
"23068","2016","5","RETROEXCAVADORA - MINERIA","UNIDAD","3"
"23580","2016","5","DRAGA (MINERIA) - MINERIA","UNIDAD","3"
"25126","2016","5","RETROEXCAVADORA - MINERIA","UNIDAD","2"
"27001","2016","5","RETROEXCAVADORA - MINERIA","UNIDAD","3"
"27050","2016","5","RETROEXCAVADORA - MINERIA","UNIDAD","2"
"27361","2016","5","RETROEXCAVADORA - MINERIA","UNIDAD","8"
"41001","2016","5","DRAGA (MINERIA) - MINERIA","UNIDAD","2"
"41001","2016","5","RETROEXCAVADORA - MINERIA","UNIDAD","1"
"41885","2016","5","DRAGA (MINERIA) - MINERIA","UNIDAD","3"
"47001","2016","5","RETROEXCAVADORA - MINERIA","UNIDAD","1"
"52356","2016","5","RETROEXCAVADORA - MINERIA","UNIDAD","1"
"52696","2016","5","DRAGA (MINERIA) - MINERIA","UNIDAD","1"
"73408","2016","5","RETROEXCAVADORA - MINERIA","UNIDAD","2"
"73408","2016","5","TRITURADORA - MINERIA","UNIDAD","1"
"86571","2016","5","CLASIFICADORA - MINERIA","UNIDAD","2"
"86571","2016","5","DRAGA (MINERIA) - MINERIA","UNIDAD","2"
"86573","2016","5","DRAGA (MINERIA) - MINERIA","UNIDAD","1"
"91001","2016","5","DRAGA (MINERIA) - MINERIA","UNIDAD","1"
"05120","2016","6","DRAGA (MINERIA) - MINERIA","UNIDAD","6"
"05120","2016","6","RETROEXCAVADORA - MINERIA","UNIDAD","4"
"05154","2016","6","RETROEXCAVADORA - MINERIA","UNIDAD","1"
"05264","2016","6","DRAGA (MINERIA) - MINERIA","UNIDAD","1"
"05690","2016","6","TRITURADORA - MINERIA","UNIDAD","1"
"08433","2016","6","RETROEXCAVADORA - MINERIA","UNIDAD","1"
"17867","2016","6","DRAGA (MINERIA) - MINERIA","UNIDAD","3"
"18205","2016","6","DRAGA (MINERIA) - MINERIA","UNIDAD","1"
"19450","2016","6","CLASIFICADORA - MINERIA","UNIDAD","1"
"19450","2016","6","DRAGA (MINERIA) - MINERIA","UNIDAD","4"
"19450","2016","6","MEZCLADORA - MINERIA","UNIDAD","3"
"19450","2016","6","RETROEXCAVADORA - MINERIA","UNIDAD","4"
"20228","2016","6","RETROEXCAVADORA - MINERIA","UNIDAD","1"
"23068","2016","6","DRAGA (MINERIA) - MINERIA","UNIDAD","1"
"23068","2016","6","RETROEXCAVADORA - MINERIA","UNIDAD","2"
"23466","2016","6","RETROEXCAVADORA - MINERIA","UNIDAD","2"
"23580","2016","6","CLASIFICADORA - MINERIA","UNIDAD","1"
"23580","2016","6","DRAGA (MINERIA) - MINERIA","UNIDAD","1"
"23682","2016","6","RETROEXCAVADORA - MINERIA","UNIDAD","1"
"27150","2016","6","RETROEXCAVADORA - MINERIA","UNIDAD","2"
"27413","2016","6","DRAGA (MINERIA) - MINERIA","UNIDAD","1"
"27413","2016","6","RETROEXCAVADORA - MINERIA","UNIDAD","4"
"54553","2016","6","RETROEXCAVADORA - MINERIA","UNIDAD","1"
"86573","2016","6","DRAGA (MINERIA) - MINERIA","UNIDAD","1"
"05001","2016","7","RETROEXCAVADORA - MINERIA","UNIDAD","1"
"13458","2016","7","RETROEXCAVADORA - MINERIA","UNIDAD","5"
"13688","2016","7","RETROEXCAVADORA - MINERIA","UNIDAD","5"
"17524","2016","7","RETROEXCAVADORA - MINERIA","UNIDAD","1"
"20238","2016","7","RETROEXCAVADORA - MINERIA","UNIDAD","1"
"23068","2016","7","DRAGA (MINERIA) - MINERIA","UNIDAD","1"
"23068","2016","7","RETROEXCAVADORA - MINERIA","UNIDAD","4"
"23580","2016","7","DRAGA (MINERIA) - MINERIA","UNIDAD","1"
"27001","2016","7","RETROEXCAVADORA - MINERIA","UNIDAD","2"
"27361","2016","7","RETROEXCAVADORA - MINERIA","UNIDAD","1"
"27413","2016","7","DRAGA (MINERIA) - MINERIA","UNIDAD","1"
"27787","2016","7","CLASIFICADORA - MINERIA","UNIDAD","1"
"27787","2016","7","DRAGA (MINERIA) - MINERIA","UNIDAD","1"
"27787","2016","7","RETROEXCAVADORA - MINERIA","UNIDAD","3"
"52540","2016","7","DRAGA (MINERIA) - MINERIA","UNIDAD","1"
"66572","2016","7","RETROEXCAVADORA - MINERIA","UNIDAD","2"
"73055","2016","7","DRAGA (MINERIA) - MINERIA","UNIDAD","1"
"73270","2016","7","DRAGA (MINERIA) - MINERIA","UNIDAD","2"
"73443","2016","7","DRAGA (MINERIA) - MINERIA","UNIDAD","1"
"76001","2016","7","TRITURADORA - MINERIA","UNIDAD","2"
"76122","2016","7","RETROEXCAVADORA - MINERIA","UNIDAD","3"
"76890","2016","7","RETROEXCAVADORA - MINERIA","UNIDAD","2"
"05031","2016","8","RETROEXCAVADORA - MINERIA","UNIDAD","1"
"05101","2016","8","DRAGA (MINERIA) - MINERIA","UNIDAD","2"
"05120","2016","8","DRAGA (MINERIA) - MINERIA","UNIDAD","3"
"05154","2016","8","DRAGA (MINERIA) - MINERIA","UNIDAD","10"
"05212","2016","8","DRAGA (MINERIA) - MINERIA","UNIDAD","3"
"05250","2016","8","RETROEXCAVADORA - MINERIA","UNIDAD","1"
"05310","2016","8","TRITURADORA - MINERIA","UNIDAD","1"
"05895","2016","8","DRAGA (MINERIA) - MINERIA","UNIDAD","1"
"08296","2016","8","RETROEXCAVADORA - MINERIA","UNIDAD","3"
"08638","2016","8","BULDOZER - MINERIA","UNIDAD","1"
"08638","2016","8","RETROEXCAVADORA - MINERIA","UNIDAD","1"
"18205","2016","8","DRAGA (MINERIA) - MINERIA","UNIDAD","3"
"19450","2016","8","RETROEXCAVADORA - MINERIA","UNIDAD","2"
"19809","2016","8","DRAGA (MINERIA) - MINERIA","UNIDAD","2"
"19809","2016","8","RETROEXCAVADORA - MINERIA","UNIDAD","26"
"23068","2016","8","RETROEXCAVADORA - MINERIA","UNIDAD","2"
"23466","2016","8","RETROEXCAVADORA - MINERIA","UNIDAD","1"
"27001","2016","8","CLASIFICADORA - MINERIA","UNIDAD","1"
"27001","2016","8","RETROEXCAVADORA - MINERIA","UNIDAD","2"
"27413","2016","8","RETROEXCAVADORA - MINERIA","UNIDAD","1"
"27787","2016","8","DRAGA (MINERIA) - MINERIA","UNIDAD","1"
"27787","2016","8","RETROEXCAVADORA - MINERIA","UNIDAD","2"
"41132","2016","8","RETROEXCAVADORA - MINERIA","UNIDAD","1"
"41668","2016","8","RETROEXCAVADORA - MINERIA","UNIDAD","1"
"52699","2016","8","TRITURADORA - MINERIA","UNIDAD","1"
"52720","2016","8","RETROEXCAVADORA - MINERIA","UNIDAD","1"
"54261","2016","8","RETROEXCAVADORA - MINERIA","UNIDAD","1"
"73283","2016","8","DRAGA (MINERIA) - MINERIA","UNIDAD","1"
"73854","2016","8","TRITURADORA - MINERIA","UNIDAD","1"
"76109","2016","8","DRAGA (MINERIA) - MINERIA","UNIDAD","1"
"76895","2016","8","RETROEXCAVADORA - MINERIA","UNIDAD","1"
"86573","2016","8","DRAGA (MINERIA) - MINERIA","UNIDAD","3"
"05031","2016","9","CLASIFICADORA - MINERIA","UNIDAD","1"
"05031","2016","9","RETROEXCAVADORA - MINERIA","UNIDAD","1"
"05044","2016","9","TRITURADORA - MINERIA","UNIDAD","1"
"05120","2016","9","DRAGA (MINERIA) - MINERIA","UNIDAD","3"
"05120","2016","9","RETROEXCAVADORA - MINERIA","UNIDAD","4"
"05154","2016","9","DRAGA (MINERIA) - MINERIA","UNIDAD","4"
"05660","2016","9","DRAGA (MINERIA) - MINERIA","UNIDAD","1"
"05679","2016","9","TRITURADORA - MINERIA","UNIDAD","1"
"08421","2016","9","RETROEXCAVADORA - MINERIA","UNIDAD","1"
"08606","2016","9","RETROEXCAVADORA - MINERIA","UNIDAD","1"
"08638","2016","9","RETROEXCAVADORA - MINERIA","UNIDAD","1"
"11001","2016","9","BULDOZER - MINERIA","UNIDAD","2"
"23068","2016","9","DRAGA (MINERIA) - MINERIA","UNIDAD","9"
"23068","2016","9","RETROEXCAVADORA - MINERIA","UNIDAD","5"
"23580","2016","9","RETROEXCAVADORA - MINERIA","UNIDAD","1"
"27001","2016","9","RETROEXCAVADORA - MINERIA","UNIDAD","7"
"27073","2016","9","RETROEXCAVADORA - MINERIA","UNIDAD","4"
"27135","2016","9","DRAGA (MINERIA) - MINERIA","UNIDAD","6"
"27135","2016","9","RETROEXCAVADORA - MINERIA","UNIDAD","3"
"27491","2016","9","RETROEXCAVADORA - MINERIA","UNIDAD","10"
"27787","2016","9","DRAGA (MINERIA) - MINERIA","UNIDAD","1"
"27787","2016","9","RETROEXCAVADORA - MINERIA","UNIDAD","2"
"47001","2016","9","BULDOZER - MINERIA","UNIDAD","1"
"47001","2016","9","RETROEXCAVADORA - MINERIA","UNIDAD","2"
"47189","2016","9","CLASIFICADORA - MINERIA","UNIDAD","1"
"47189","2016","9","RETROEXCAVADORA - MINERIA","UNIDAD","1"
"52224","2016","9","RETROEXCAVADORA - MINERIA","UNIDAD","1"
"52835","2016","9","RETROEXCAVADORA - MINERIA","UNIDAD","1"
"73055","2016","9","DRAGA (MINERIA) - MINERIA","UNIDAD","1"
"76834","2016","9","RETROEXCAVADORA - MINERIA","UNIDAD","1"
"76869","2016","9","DRAGA (MINERIA) - MINERIA","UNIDAD","1"
"86569","2016","9","DRAGA (MINERIA) - MINERIA","UNIDAD","4"
"91001","2016","9","DRAGA (MINERIA) - MINERIA","UNIDAD","1"
"91798","2016","9","DRAGA (MINERIA) - MINERIA","UNIDAD","1"
"05038","2016","10","CLASIFICADORA - MINERIA","UNIDAD","1"
"05038","2016","10","DRAGA (MINERIA) - MINERIA","UNIDAD","1"
"05038","2016","10","RETROEXCAVADORA - MINERIA","UNIDAD","1"
"05120","2016","10","DRAGA (MINERIA) - MINERIA","UNIDAD","5"
"05190","2016","10","CLASIFICADORA - MINERIA","UNIDAD","1"
"05667","2016","10","RETROEXCAVADORA - MINERIA","UNIDAD","1"
"05667","2016","10","TRITURADORA - MINERIA","UNIDAD","5"
"05756","2016","10","RETROEXCAVADORA - MINERIA","UNIDAD","1"
"17495","2016","10","CLASIFICADORA - MINERIA","UNIDAD","1"
"17495","2016","10","RETROEXCAVADORA - MINERIA","UNIDAD","1"
"23068","2016","10","DRAGA (MINERIA) - MINERIA","UNIDAD","23"
"23068","2016","10","RETROEXCAVADORA - MINERIA","UNIDAD","8"
"23079","2016","10","DRAGA (MINERIA) - MINERIA","UNIDAD","2"
"23580","2016","10","DRAGA (MINERIA) - MINERIA","UNIDAD","1"
"23580","2016","10","RETROEXCAVADORA - MINERIA","UNIDAD","2"
"25781","2016","10","RETROEXCAVADORA - MINERIA","UNIDAD","4"
"47001","2016","10","RETROEXCAVADORA - MINERIA","UNIDAD","1"
"52079","2016","10","RETROEXCAVADORA - MINERIA","UNIDAD","13"
"52427","2016","10","DRAGA (MINERIA) - MINERIA","UNIDAD","1"
"52427","2016","10","RETROEXCAVADORA - MINERIA","UNIDAD","3"
"73001","2016","10","MEZCLADORA - MINERIA","UNIDAD","1"
"73001","2016","10","TRITURADORA - MINERIA","UNIDAD","1"
"76520","2016","10","DRAGA (MINERIA) - MINERIA","UNIDAD","1"
"91001","2016","10","DRAGA (MINERIA) - MINERIA","UNIDAD","3"
"05079","2016","11","RETROEXCAVADORA - MINERIA","UNIDAD","2"
"05120","2016","11","DRAGA (MINERIA) - MINERIA","UNIDAD","5"
"05120","2016","11","RETROEXCAVADORA - MINERIA","UNIDAD","1"
"17867","2016","11","RETROEXCAVADORA - MINERIA","UNIDAD","3"
"20238","2016","11","RETROEXCAVADORA - MINERIA","UNIDAD","1"
"23068","2016","11","DRAGA (MINERIA) - MINERIA","UNIDAD","2"
"27787","2016","11","RETROEXCAVADORA - MINERIA","UNIDAD","3"
"50400","2016","11","RETROEXCAVADORA - MINERIA","UNIDAD","1"
"68081","2016","11","RETROEXCAVADORA - MINERIA","UNIDAD","1"
"68575","2016","11","DRAGA (MINERIA) - MINERIA","UNIDAD","1"
"73443","2016","11","DRAGA (MINERIA) - MINERIA","UNIDAD","2"
"76001","2016","11","DRAGA (MINERIA) - MINERIA","UNIDAD","2"
"86219","2016","11","RETROEXCAVADORA - MINERIA","UNIDAD","1"
"91001","2016","11","DRAGA (MINERIA) - MINERIA","UNIDAD","2"
"95200","2016","11","DRAGA (MINERIA) - MINERIA","UNIDAD","2"
"13600","2016","12","DRAGA (MINERIA) - MINERIA","UNIDAD","2"
"13600","2016","12","RETROEXCAVADORA - MINERIA","UNIDAD","6"
"41359","2016","12","RETROEXCAVADORA - MINERIA","UNIDAD","1"
"47707","2016","12","RETROEXCAVADORA - MINERIA","UNIDAD","2"
"50606","2016","12","RETROEXCAVADORA - MINERIA","UNIDAD","2"
"52835","2016","12","RETROEXCAVADORA - MINERIA","UNIDAD","1"
"76616","2016","12","DRAGA (MINERIA) - MINERIA","UNIDAD","1"
"76616","2016","12","RETROEXCAVADORA - MINERIA","UNIDAD","2"
"05031","2017","1","RETROEXCAVADORA - MINERIA","UNIDAD","2"
"05038","2017","1","DRAGA (MINERIA) - MINERIA","UNIDAD","1"
"05670","2017","1","DRAGA (MINERIA) - MINERIA","UNIDAD","1"
"05674","2017","1","RETROEXCAVADORA - MINERIA","UNIDAD","2"
"05690","2017","1","CLASIFICADORA - MINERIA","UNIDAD","13"
"05887","2017","1","DRAGA (MINERIA) - MINERIA","UNIDAD","2"
"15226","2017","1","RETROEXCAVADORA - MINERIA","UNIDAD","1"
"18756","2017","1","DRAGA (MINERIA) - MINERIA","UNIDAD","1"
"20001","2017","1","RETROEXCAVADORA - MINERIA","UNIDAD","4"
"23068","2017","1","DRAGA (MINERIA) - MINERIA","UNIDAD","2"
"25297","2017","1","RETROEXCAVADORA - MINERIA","UNIDAD","1"
"25899","2017","1","RETROEXCAVADORA - MINERIA","UNIDAD","1"
"47189","2017","1","RETROEXCAVADORA - MINERIA","UNIDAD","2"
"68464","2017","1","RETROEXCAVADORA - MINERIA","UNIDAD","1"
"76001","2017","1","TRITURADORA - MINERIA","UNIDAD","5"
"86573","2017","1","DRAGA (MINERIA) - MINERIA","UNIDAD","2"
"91798","2017","1","DRAGA (MINERIA) - MINERIA","UNIDAD","1"
"05120","2017","2","DRAGA (MINERIA) - MINERIA","UNIDAD","3"
"05120","2017","2","RETROEXCAVADORA - MINERIA","UNIDAD","3"
"05142","2017","2","DRAGA (MINERIA) - MINERIA","UNIDAD","1"
"05154","2017","2","RETROEXCAVADORA - MINERIA","UNIDAD","2"
"05206","2017","2","DRAGA (MINERIA) - MINERIA","UNIDAD","1"
"05313","2017","2","DRAGA (MINERIA) - MINERIA","UNIDAD","3"
"05604","2017","2","DRAGA (MINERIA) - MINERIA","UNIDAD","5"
"05670","2017","2","DRAGA (MINERIA) - MINERIA","UNIDAD","2"
"17042","2017","2","RETROEXCAVADORA - MINERIA","UNIDAD","1"
"18610","2017","2","DRAGA (MINERIA) - MINERIA","UNIDAD","2"
"18756","2017","2","DRAGA (MINERIA) - MINERIA","UNIDAD","1"
"19110","2017","2","RETROEXCAVADORA - MINERIA","UNIDAD","2"
"23068","2017","2","RETROEXCAVADORA - MINERIA","UNIDAD","1"
"23466","2017","2","RETROEXCAVADORA - MINERIA","UNIDAD","1"
"23682","2017","2","RETROEXCAVADORA - MINERIA","UNIDAD","4"
"25148","2017","2","RETROEXCAVADORA - MINERIA","UNIDAD","2"
"27205","2017","2","RETROEXCAVADORA - MINERIA","UNIDAD","2"
"27425","2017","2","DRAGA (MINERIA) - MINERIA","UNIDAD","20"
"27425","2017","2","RETROEXCAVADORA - MINERIA","UNIDAD","14"
"41078","2017","2","RETROEXCAVADORA - MINERIA","UNIDAD","1"
"41551","2017","2","RETROEXCAVADORA - MINERIA","UNIDAD","1"
"50318","2017","2","RETROEXCAVADORA - MINERIA","UNIDAD","1"
"73270","2017","2","RETROEXCAVADORA - MINERIA","UNIDAD","1"
"76001","2017","2","TRITURADORA - MINERIA","UNIDAD","1"
"76130","2017","2","RETROEXCAVADORA - MINERIA","UNIDAD","1"
"76736","2017","2","RETROEXCAVADORA - MINERIA","UNIDAD","1"
"85139","2017","2","RETROEXCAVADORA - MINERIA","UNIDAD","1"
"86001","2017","2","RETROEXCAVADORA - MINERIA","UNIDAD","1"
"91669","2017","2","DRAGA (MINERIA) - MINERIA","UNIDAD","7"
"94001","2017","2","DRAGA (MINERIA) - MINERIA","UNIDAD","1"
"05120","2017","3","DRAGA (MINERIA) - MINERIA","UNIDAD","1"
"05234","2017","3","RETROEXCAVADORA - MINERIA","UNIDAD","2"
"05604","2017","3","DRAGA (MINERIA) - MINERIA","UNIDAD","21"
"05604","2017","3","RETROEXCAVADORA - MINERIA","UNIDAD","7"
"05890","2017","3","DRAGA (MINERIA) - MINERIA","UNIDAD","5"
"08638","2017","3","RETROEXCAVADORA - MINERIA","UNIDAD","2"
"13458","2017","3","DRAGA (MINERIA) - MINERIA","UNIDAD","2"
"13458","2017","3","RETROEXCAVADORA - MINERIA","UNIDAD","2"
"13670","2017","3","DRAGA (MINERIA) - MINERIA","UNIDAD","10"
"13670","2017","3","RETROEXCAVADORA - MINERIA","UNIDAD","3"
"18785","2017","3","DRAGA (MINERIA) - MINERIA","UNIDAD","4"
"18785","2017","3","MEZCLADORA - MINERIA","UNIDAD","1"
"19256","2017","3","RETROEXCAVADORA - MINERIA","UNIDAD","1"
"20001","2017","3","RETROEXCAVADORA - MINERIA","UNIDAD","1"
"23466","2017","3","DRAGA (MINERIA) - MINERIA","UNIDAD","1"
"23580","2017","3","RETROEXCAVADORA - MINERIA","UNIDAD","4"
"23855","2017","3","RETROEXCAVADORA - MINERIA","UNIDAD","1"
"25019","2017","3","RETROEXCAVADORA - MINERIA","UNIDAD","1"
"25148","2017","3","RETROEXCAVADORA - MINERIA","UNIDAD","1"
"25718","2017","3","RETROEXCAVADORA - MINERIA","UNIDAD","1"
"25754","2017","3","BULDOZER - MINERIA","UNIDAD","1"
"25754","2017","3","RETROEXCAVADORA - MINERIA","UNIDAD","10"
"27205","2017","3","CLASIFICADORA - MINERIA","UNIDAD","2"
"27205","2017","3","RETROEXCAVADORA - MINERIA","UNIDAD","1"
"27413","2017","3","RETROEXCAVADORA - MINERIA","UNIDAD","1"
"27491","2017","3","DRAGA (MINERIA) - MINERIA","UNIDAD","1"
"27491","2017","3","RETROEXCAVADORA - MINERIA","UNIDAD","1"
"41006","2017","3","RETROEXCAVADORA - MINERIA","UNIDAD","1"
"52354","2017","3","RETROEXCAVADORA - MINERIA","UNIDAD","1"
"73854","2017","3","TRITURADORA - MINERIA","UNIDAD","1"
"76109","2017","3","CLASIFICADORA - MINERIA","UNIDAD","3"
"76109","2017","3","DRAGA (MINERIA) - MINERIA","UNIDAD","4"
"76109","2017","3","RETROEXCAVADORA - MINERIA","UNIDAD","5"
"76520","2017","3","DRAGA (MINERIA) - MINERIA","UNIDAD","1"
"05031","2017","4","DRAGA (MINERIA) - MINERIA","UNIDAD","1"
"05079","2017","4","DRAGA (MINERIA) - MINERIA","UNIDAD","2"
"05120","2017","4","RETROEXCAVADORA - MINERIA","UNIDAD","2"
"05154","2017","4","DRAGA (MINERIA) - MINERIA","UNIDAD","1"
"05154","2017","4","RETROEXCAVADORA - MINERIA","UNIDAD","1"
"05425","2017","4","DRAGA (MINERIA) - MINERIA","UNIDAD","2"
"05667","2017","4","DRAGA (MINERIA) - MINERIA","UNIDAD","1"
"05670","2017","4","DRAGA (MINERIA) - MINERIA","UNIDAD","3"
"05890","2017","4","DRAGA (MINERIA) - MINERIA","UNIDAD","4"
"08001","2017","4","RETROEXCAVADORA - MINERIA","UNIDAD","2"
"11001","2017","4","RETROEXCAVADORA - MINERIA","UNIDAD","1"
"19256","2017","4","DRAGA (MINERIA) - MINERIA","UNIDAD","2"
"23580","2017","4","RETROEXCAVADORA - MINERIA","UNIDAD","1"
"23807","2017","4","RETROEXCAVADORA - MINERIA","UNIDAD","1"
"25592","2017","4","BULDOZER - MINERIA","UNIDAD","1"
"25592","2017","4","RETROEXCAVADORA - MINERIA","UNIDAD","1"
"25662","2017","4","RETROEXCAVADORA - MINERIA","UNIDAD","1"
"25754","2017","4","RETROEXCAVADORA - MINERIA","UNIDAD","5"
"25758","2017","4","BULDOZER - MINERIA","UNIDAD","1"
"25758","2017","4","RETROEXCAVADORA - MINERIA","UNIDAD","1"
"25845","2017","4","RETROEXCAVADORA - MINERIA","UNIDAD","1"
"27050","2017","4","DRAGA (MINERIA) - MINERIA","UNIDAD","1"
"27050","2017","4","RETROEXCAVADORA - MINERIA","UNIDAD","1"
"27491","2017","4","CLASIFICADORA - MINERIA","UNIDAD","1"
"27491","2017","4","RETROEXCAVADORA - MINERIA","UNIDAD","2"
"41244","2017","4","RETROEXCAVADORA - MINERIA","UNIDAD","1"
"41885","2017","4","DRAGA (MINERIA) - MINERIA","UNIDAD","1"
"47551","2017","4","RETROEXCAVADORA - MINERIA","UNIDAD","2"
"52001","2017","4","RETROEXCAVADORA - MINERIA","UNIDAD","1"
"76041","2017","4","DRAGA (MINERIA) - MINERIA","UNIDAD","1"
"86569","2017","4","DRAGA (MINERIA) - MINERIA","UNIDAD","10"
"91001","2017","4","DRAGA (MINERIA) - MINERIA","UNIDAD","3"
"05120","2017","5","RETROEXCAVADORA - MINERIA","UNIDAD","4"
"05142","2017","5","DRAGA (MINERIA) - MINERIA","UNIDAD","1"
"05154","2017","5","DRAGA (MINERIA) - MINERIA","UNIDAD","4"
"05154","2017","5","RETROEXCAVADORA - MINERIA","UNIDAD","2"
"05172","2017","5","CLASIFICADORA - MINERIA","UNIDAD","1"
"05172","2017","5","DRAGA (MINERIA) - MINERIA","UNIDAD","1"
"05172","2017","5","RETROEXCAVADORA - MINERIA","UNIDAD","1"
"05670","2017","5","DRAGA (MINERIA) - MINERIA","UNIDAD","2"
"05670","2017","5","RETROEXCAVADORA - MINERIA","UNIDAD","1"
"08141","2017","5","BULDOZER - MINERIA","UNIDAD","1"
"08141","2017","5","RETROEXCAVADORA - MINERIA","UNIDAD","1"
"08421","2017","5","CLASIFICADORA - MINERIA","UNIDAD","1"
"08421","2017","5","RETROEXCAVADORA - MINERIA","UNIDAD","4"
"08758","2017","5","RETROEXCAVADORA - MINERIA","UNIDAD","1"
"11001","2017","5","RETROEXCAVADORA - MINERIA","UNIDAD","2"
"18001","2017","5","RETROEXCAVADORA - MINERIA","UNIDAD","1"
"18610","2017","5","RETROEXCAVADORA - MINERIA","UNIDAD","1"
"18756","2017","5","DRAGA (MINERIA) - MINERIA","UNIDAD","2"
"19001","2017","5","BULDOZER - MINERIA","UNIDAD","1"
"19001","2017","5","RETROEXCAVADORA - MINERIA","UNIDAD","1"
"19318","2017","5","RETROEXCAVADORA - MINERIA","UNIDAD","4"
"19698","2017","5","RETROEXCAVADORA - MINERIA","UNIDAD","1"
"20001","2017","5","RETROEXCAVADORA - MINERIA","UNIDAD","4"
"23068","2017","5","DRAGA (MINERIA) - MINERIA","UNIDAD","1"
"23068","2017","5","RETROEXCAVADORA - MINERIA","UNIDAD","1"
"25473","2017","5","RETROEXCAVADORA - MINERIA","UNIDAD","4"
"25658","2017","5","RETROEXCAVADORA - MINERIA","UNIDAD","3"
"25754","2017","5","BULDOZER - MINERIA","UNIDAD","2"
"25754","2017","5","RETROEXCAVADORA - MINERIA","UNIDAD","3"
"25754","2017","5","TRITURADORA - MINERIA","UNIDAD","3"
"25758","2017","5","RETROEXCAVADORA - MINERIA","UNIDAD","2"
"54001","2017","5","RETROEXCAVADORA - MINERIA","UNIDAD","1"
"70713","2017","5","RETROEXCAVADORA - MINERIA","UNIDAD","1"
"73283","2017","5","DRAGA (MINERIA) - MINERIA","UNIDAD","1"
"76001","2017","5","DRAGA (MINERIA) - MINERIA","UNIDAD","1"
"76041","2017","5","DRAGA (MINERIA) - MINERIA","UNIDAD","2"
"76109","2017","5","DRAGA (MINERIA) - MINERIA","UNIDAD","26"
"76364","2017","5","DRAGA (MINERIA) - MINERIA","UNIDAD","2"
"76364","2017","5","RETROEXCAVADORA - MINERIA","UNIDAD","1"
"76622","2017","5","RETROEXCAVADORA - MINERIA","UNIDAD","1"
"86569","2017","5","DRAGA (MINERIA) - MINERIA","UNIDAD","1"
"86573","2017","5","DRAGA (MINERIA) - MINERIA","UNIDAD","6"
"91001","2017","5","DRAGA (MINERIA) - MINERIA","UNIDAD","2"
"91536","2017","5","DRAGA (MINERIA) - MINERIA","UNIDAD","2"
"05031","2017","6","DRAGA (MINERIA) - MINERIA","UNIDAD","1"
"05120","2017","6","DRAGA (MINERIA) - MINERIA","UNIDAD","2"
"05154","2017","6","DRAGA (MINERIA) - MINERIA","UNIDAD","2"
"05154","2017","6","RETROEXCAVADORA - MINERIA","UNIDAD","1"
"05250","2017","6","DRAGA (MINERIA) - MINERIA","UNIDAD","5"
"05315","2017","6","RETROEXCAVADORA - MINERIA","UNIDAD","1"
"05670","2017","6","DRAGA (MINERIA) - MINERIA","UNIDAD","5"
"05690","2017","6","DRAGA (MINERIA) - MINERIA","UNIDAD","2"
"08296","2017","6","RETROEXCAVADORA - MINERIA","UNIDAD","1"
"08638","2017","6","RETROEXCAVADORA - MINERIA","UNIDAD","1"
"11001","2017","6","BULDOZER - MINERIA","UNIDAD","1"
"11001","2017","6","RETROEXCAVADORA - MINERIA","UNIDAD","1"
"19256","2017","6","DRAGA (MINERIA) - MINERIA","UNIDAD","2"
"19450","2017","6","RETROEXCAVADORA - MINERIA","UNIDAD","1"
"23068","2017","6","DRAGA (MINERIA) - MINERIA","UNIDAD","6"
"23682","2017","6","CLASIFICADORA - MINERIA","UNIDAD","1"
"23682","2017","6","RETROEXCAVADORA - MINERIA","UNIDAD","1"
"25269","2017","6","RETROEXCAVADORA - MINERIA","UNIDAD","1"
"27001","2017","6","DRAGA (MINERIA) - MINERIA","UNIDAD","1"
"27001","2017","6","RETROEXCAVADORA - MINERIA","UNIDAD","1"
"27413","2017","6","RETROEXCAVADORA - MINERIA","UNIDAD","2"
"27600","2017","6","CLASIFICADORA - MINERIA","UNIDAD","1"
"27600","2017","6","DRAGA (MINERIA) - MINERIA","UNIDAD","17"
"27600","2017","6","RETROEXCAVADORA - MINERIA","UNIDAD","6"
"27810","2017","6","DRAGA (MINERIA) - MINERIA","UNIDAD","8"
"27810","2017","6","RETROEXCAVADORA - MINERIA","UNIDAD","1"
"68307","2017","6","BULDOZER - MINERIA","UNIDAD","1"
"68307","2017","6","RETROEXCAVADORA - MINERIA","UNIDAD","1"
"76001","2017","6","DRAGA (MINERIA) - MINERIA","UNIDAD","4"
"05120","2017","7","DRAGA (MINERIA) - MINERIA","UNIDAD","1"
"05154","2017","7","DRAGA (MINERIA) - MINERIA","UNIDAD","2"
"05154","2017","7","RETROEXCAVADORA - MINERIA","UNIDAD","1"
"05190","2017","7","DRAGA (MINERIA) - MINERIA","UNIDAD","1"
"05250","2017","7","DRAGA (MINERIA) - MINERIA","UNIDAD","1"
"05306","2017","7","RETROEXCAVADORA - MINERIA","UNIDAD","1"
"05579","2017","7","DRAGA (MINERIA) - MINERIA","UNIDAD","1"
"23068","2017","7","DRAGA (MINERIA) - MINERIA","UNIDAD","3"
"23068","2017","7","RETROEXCAVADORA - MINERIA","UNIDAD","1"
"25260","2017","7","RETROEXCAVADORA - MINERIA","UNIDAD","1"
"25781","2017","7","RETROEXCAVADORA - MINERIA","UNIDAD","2"
"27050","2017","7","DRAGA (MINERIA) - MINERIA","UNIDAD","2"
"27413","2017","7","DRAGA (MINERIA) - MINERIA","UNIDAD","2"
"52427","2017","7","RETROEXCAVADORA - MINERIA","UNIDAD","4"
"68081","2017","7","RETROEXCAVADORA - MINERIA","UNIDAD","1"
"70429","2017","7","RETROEXCAVADORA - MINERIA","UNIDAD","1"
"76364","2017","7","DRAGA (MINERIA) - MINERIA","UNIDAD","3"
"91798","2017","7","DRAGA (MINERIA) - MINERIA","UNIDAD","8"
"95001","2017","7","DRAGA (MINERIA) - MINERIA","UNIDAD","1"
"05040","2017","8","RETROEXCAVADORA - MINERIA","UNIDAD","1"
"05079","2017","8","DRAGA (MINERIA) - MINERIA","UNIDAD","4"
"05154","2017","8","DRAGA (MINERIA) - MINERIA","UNIDAD","1"
"05190","2017","8","DRAGA (MINERIA) - MINERIA","UNIDAD","1"
"05495","2017","8","DRAGA (MINERIA) - MINERIA","UNIDAD","2"
"05579","2017","8","RETROEXCAVADORA - MINERIA","UNIDAD","3"
"05893","2017","8","DRAGA (MINERIA) - MINERIA","UNIDAD","2"
"05893","2017","8","RETROEXCAVADORA - MINERIA","UNIDAD","1"
"13490","2017","8","RETROEXCAVADORA - MINERIA","UNIDAD","5"
"18756","2017","8","DRAGA (MINERIA) - MINERIA","UNIDAD","1"
"19573","2017","8","DRAGA (MINERIA) - MINERIA","UNIDAD","4"
"23068","2017","8","DRAGA (MINERIA) - MINERIA","UNIDAD","5"
"23555","2017","8","RETROEXCAVADORA - MINERIA","UNIDAD","1"
"23682","2017","8","DRAGA (MINERIA) - MINERIA","UNIDAD","1"
"23682","2017","8","RETROEXCAVADORA - MINERIA","UNIDAD","2"
"23807","2017","8","BULDOZER - MINERIA","UNIDAD","1"
"23807","2017","8","RETROEXCAVADORA - MINERIA","UNIDAD","3"
"25175","2017","8","RETROEXCAVADORA - MINERIA","UNIDAD","3"
"25754","2017","8","RETROEXCAVADORA - MINERIA","UNIDAD","10"
"41298","2017","8","RETROEXCAVADORA - MINERIA","UNIDAD","1"
"76001","2017","8","BULDOZER - MINERIA","UNIDAD","1"
"76001","2017","8","RETROEXCAVADORA - MINERIA","UNIDAD","1"
"76130","2017","8","DRAGA (MINERIA) - MINERIA","UNIDAD","3"
"76364","2017","8","DRAGA (MINERIA) - MINERIA","UNIDAD","1"
"76520","2017","8","DRAGA (MINERIA) - MINERIA","UNIDAD","3"
"86573","2017","8","DRAGA (MINERIA) - MINERIA","UNIDAD","3"
"86885","2017","8","CLASIFICADORA - MINERIA","UNIDAD","1"
"86885","2017","8","DRAGA (MINERIA) - MINERIA","UNIDAD","1"
"05031","2017","9","RETROEXCAVADORA - MINERIA","UNIDAD","2"
"05154","2017","9","DRAGA (MINERIA) - MINERIA","UNIDAD","1"
"05495","2017","9","DRAGA (MINERIA) - MINERIA","UNIDAD","1"
"05670","2017","9","DRAGA (MINERIA) - MINERIA","UNIDAD","1"
"05873","2017","9","DRAGA (MINERIA) - MINERIA","UNIDAD","2"
"05895","2017","9","DRAGA (MINERIA) - MINERIA","UNIDAD","1"
"05895","2017","9","RETROEXCAVADORA - MINERIA","UNIDAD","1"
"08638","2017","9","RETROEXCAVADORA - MINERIA","UNIDAD","1"
"11001","2017","9","RETROEXCAVADORA - MINERIA","UNIDAD","3"
"17380","2017","9","DRAGA (MINERIA) - MINERIA","UNIDAD","1"
"17380","2017","9","RETROEXCAVADORA - MINERIA","UNIDAD","3"
"17867","2017","9","RETROEXCAVADORA - MINERIA","UNIDAD","3"
"18785","2017","9","DRAGA (MINERIA) - MINERIA","UNIDAD","1"
"19397","2017","9","DRAGA (MINERIA) - MINERIA","UNIDAD","2"
"25126","2017","9","RETROEXCAVADORA - MINERIA","UNIDAD","1"
"25899","2017","9","RETROEXCAVADORA - MINERIA","UNIDAD","4"
"27001","2017","9","RETROEXCAVADORA - MINERIA","UNIDAD","1"
"27600","2017","9","DRAGA (MINERIA) - MINERIA","UNIDAD","2"
"27600","2017","9","RETROEXCAVADORA - MINERIA","UNIDAD","2"
"27787","2017","9","DRAGA (MINERIA) - MINERIA","UNIDAD","1"
"27787","2017","9","RETROEXCAVADORA - MINERIA","UNIDAD","1"
"68655","2017","9","DRAGA (MINERIA) - MINERIA","UNIDAD","3"
"73043","2017","9","TRITURADORA - MINERIA","UNIDAD","3"
"76869","2017","9","DRAGA (MINERIA) - MINERIA","UNIDAD","1"
"76892","2017","9","RETROEXCAVADORA - MINERIA","UNIDAD","1"
"86568","2017","9","DRAGA (MINERIA) - MINERIA","UNIDAD","3"
"86569","2017","9","DRAGA (MINERIA) - MINERIA","UNIDAD","7"
"05120","2017","10","RETROEXCAVADORA - MINERIA","UNIDAD","1"
"05154","2017","10","DRAGA (MINERIA) - MINERIA","UNIDAD","3"
"05154","2017","10","RETROEXCAVADORA - MINERIA","UNIDAD","5"
"05895","2017","10","DRAGA (MINERIA) - MINERIA","UNIDAD","1"
"05895","2017","10","RETROEXCAVADORA - MINERIA","UNIDAD","1"
"11001","2017","10","RETROEXCAVADORA - MINERIA","UNIDAD","2"
"15542","2017","10","RETROEXCAVADORA - MINERIA","UNIDAD","1"
"17495","2017","10","DRAGA (MINERIA) - MINERIA","UNIDAD","2"
"17662","2017","10","DRAGA (MINERIA) - MINERIA","UNIDAD","7"
"17662","2017","10","RETROEXCAVADORA - MINERIA","UNIDAD","1"
"19532","2017","10","CLASIFICADORA - MINERIA","UNIDAD","1"
"19532","2017","10","TRITURADORA - MINERIA","UNIDAD","18"
"23068","2017","10","DRAGA (MINERIA) - MINERIA","UNIDAD","4"
"23580","2017","10","DRAGA (MINERIA) - MINERIA","UNIDAD","2"
"25754","2017","10","RETROEXCAVADORA - MINERIA","UNIDAD","1"
"25899","2017","10","RETROEXCAVADORA - MINERIA","UNIDAD","1"
"27050","2017","10","DRAGA (MINERIA) - MINERIA","UNIDAD","2"
"27050","2017","10","RETROEXCAVADORA - MINERIA","UNIDAD","2"
"27135","2017","10","RETROEXCAVADORA - MINERIA","UNIDAD","1"
"27600","2017","10","DRAGA (MINERIA) - MINERIA","UNIDAD","6"
"27600","2017","10","RETROEXCAVADORA - MINERIA","UNIDAD","8"
"52540","2017","10","RETROEXCAVADORA - MINERIA","UNIDAD","1"
"70771","2017","10","RETROEXCAVADORA - MINERIA","UNIDAD","1"
"76109","2017","10","CLASIFICADORA - MINERIA","UNIDAD","1"
"76109","2017","10","DRAGA (MINERIA) - MINERIA","UNIDAD","1"
"76109","2017","10","RETROEXCAVADORA - MINERIA","UNIDAD","1"
"94001","2017","10","DRAGA (MINERIA) - MINERIA","UNIDAD","7"
"94343","2017","10","DRAGA (MINERIA) - MINERIA","UNIDAD","1"
"05120","2017","11","RETROEXCAVADORA - MINERIA","UNIDAD","2"
"05154","2017","11","DRAGA (MINERIA) - MINERIA","UNIDAD","2"
"05154","2017","11","RETROEXCAVADORA - MINERIA","UNIDAD","3"
"08296","2017","11","BULDOZER - MINERIA","UNIDAD","1"
"08296","2017","11","CLASIFICADORA - MINERIA","UNIDAD","1"
"08296","2017","11","RETROEXCAVADORA - MINERIA","UNIDAD","2"
"08573","2017","11","BULDOZER - MINERIA","UNIDAD","1"
"11001","2017","11","RETROEXCAVADORA - MINERIA","UNIDAD","2"
"19701","2017","11","RETROEXCAVADORA - MINERIA","UNIDAD","1"
"25200","2017","11","RETROEXCAVADORA - MINERIA","UNIDAD","1"
"25224","2017","11","RETROEXCAVADORA - MINERIA","UNIDAD","1"
"25407","2017","11","RETROEXCAVADORA - MINERIA","UNIDAD","2"
"27491","2017","11","CLASIFICADORA - MINERIA","UNIDAD","1"
"27491","2017","11","RETROEXCAVADORA - MINERIA","UNIDAD","2"
"52835","2017","11","DRAGA (MINERIA) - MINERIA","UNIDAD","1"
"70508","2017","11","RETROEXCAVADORA - MINERIA","UNIDAD","1"
"73055","2017","11","DRAGA (MINERIA) - MINERIA","UNIDAD","1"
"76041","2017","11","DRAGA (MINERIA) - MINERIA","UNIDAD","2"
"76109","2017","11","DRAGA (MINERIA) - MINERIA","UNIDAD","2"
"86001","2017","11","RETROEXCAVADORA - MINERIA","UNIDAD","1"
"05079","2017","12","DRAGA (MINERIA) - MINERIA","UNIDAD","1"
"05113","2017","12","RETROEXCAVADORA - MINERIA","UNIDAD","1"
"05154","2017","12","DRAGA (MINERIA) - MINERIA","UNIDAD","3"
"05154","2017","12","RETROEXCAVADORA - MINERIA","UNIDAD","1"
"05197","2017","12","DRAGA (MINERIA) - MINERIA","UNIDAD","3"
"05250","2017","12","DRAGA (MINERIA) - MINERIA","UNIDAD","8"
"05250","2017","12","RETROEXCAVADORA - MINERIA","UNIDAD","4"
"05790","2017","12","RETROEXCAVADORA - MINERIA","UNIDAD","5"
"18785","2017","12","DRAGA (MINERIA) - MINERIA","UNIDAD","2"
"23068","2017","12","DRAGA (MINERIA) - MINERIA","UNIDAD","6"
"27001","2017","12","DRAGA (MINERIA) - MINERIA","UNIDAD","1"
"27001","2017","12","RETROEXCAVADORA - MINERIA","UNIDAD","1"
"27787","2017","12","RETROEXCAVADORA - MINERIA","UNIDAD","1"
"52079","2017","12","DRAGA (MINERIA) - MINERIA","UNIDAD","1"
"05120","2018","1","RETROEXCAVADORA - MINERIA","UNIDAD","1"
"05154","2018","1","DRAGA (MINERIA) - MINERIA","UNIDAD","4"
"05154","2018","1","RETROEXCAVADORA - MINERIA","UNIDAD","2"
"05670","2018","1","DRAGA (MINERIA) - MINERIA","UNIDAD","1"
"05756","2018","1","RETROEXCAVADORA - MINERIA","UNIDAD","1"
"05847","2018","1","CLASIFICADORA - MINERIA","UNIDAD","1"
"05847","2018","1","RETROEXCAVADORA - MINERIA","UNIDAD","1"
"05895","2018","1","DRAGA (MINERIA) - MINERIA","UNIDAD","2"
"08141","2018","1","RETROEXCAVADORA - MINERIA","UNIDAD","1"
"15272","2018","1","RETROEXCAVADORA - MINERIA","UNIDAD","1"
"18205","2018","1","DRAGA (MINERIA) - MINERIA","UNIDAD","5"
"23580","2018","1","DRAGA (MINERIA) - MINERIA","UNIDAD","2"
"23682","2018","1","RETROEXCAVADORA - MINERIA","UNIDAD","1"
"23807","2018","1","RETROEXCAVADORA - MINERIA","UNIDAD","1"
"25099","2018","1","RETROEXCAVADORA - MINERIA","UNIDAD","2"
"25473","2018","1","RETROEXCAVADORA - MINERIA","UNIDAD","6"
"27001","2018","1","RETROEXCAVADORA - MINERIA","UNIDAD","2"
"27006","2018","1","CLASIFICADORA - MINERIA","UNIDAD","1"
"27006","2018","1","RETROEXCAVADORA - MINERIA","UNIDAD","1"
"27050","2018","1","RETROEXCAVADORA - MINERIA","UNIDAD","2"
"50318","2018","1","RETROEXCAVADORA - MINERIA","UNIDAD","1"
"50590","2018","1","DRAGA (MINERIA) - MINERIA","UNIDAD","2"
"68266","2018","1","RETROEXCAVADORA - MINERIA","UNIDAD","1"
"76109","2018","1","DRAGA (MINERIA) - MINERIA","UNIDAD","2"
"86569","2018","1","CLASIFICADORA - MINERIA","UNIDAD","1"
"94001","2018","1","DRAGA (MINERIA) - MINERIA","UNIDAD","1"
"99001","2018","1","DRAGA (MINERIA) - MINERIA","UNIDAD","1"
"05154","2018","2","DRAGA (MINERIA) - MINERIA","UNIDAD","1"
"05154","2018","2","RETROEXCAVADORA - MINERIA","UNIDAD","2"
"05250","2018","2","DRAGA (MINERIA) - MINERIA","UNIDAD","4"
"05670","2018","2","DRAGA (MINERIA) - MINERIA","UNIDAD","3"
"05890","2018","2","RETROEXCAVADORA - MINERIA","UNIDAD","1"
"05893","2018","2","RETROEXCAVADORA - MINERIA","UNIDAD","1"
"11001","2018","2","RETROEXCAVADORA - MINERIA","UNIDAD","5"
"15542","2018","2","RETROEXCAVADORA - MINERIA","UNIDAD","1"
"18753","2018","2","BULDOZER - MINERIA","UNIDAD","1"
"19532","2018","2","RETROEXCAVADORA - MINERIA","UNIDAD","1"
"23807","2018","2","RETROEXCAVADORA - MINERIA","UNIDAD","1"
"25175","2018","2","RETROEXCAVADORA - MINERIA","UNIDAD","3"
"25473","2018","2","RETROEXCAVADORA - MINERIA","UNIDAD","1"
"25817","2018","2","RETROEXCAVADORA - MINERIA","UNIDAD","1"
"27001","2018","2","DRAGA (MINERIA) - MINERIA","UNIDAD","1"
"27006","2018","2","CLASIFICADORA - MINERIA","UNIDAD","4"
"27006","2018","2","DRAGA (MINERIA) - MINERIA","UNIDAD","1"
"27006","2018","2","RETROEXCAVADORA - MINERIA","UNIDAD","2"
"27787","2018","2","RETROEXCAVADORA - MINERIA","UNIDAD","1"
"50689","2018","2","RETROEXCAVADORA - MINERIA","UNIDAD","2"
"86568","2018","2","CLASIFICADORA - MINERIA","UNIDAD","3"
"86568","2018","2","DRAGA (MINERIA) - MINERIA","UNIDAD","2"
"86569","2018","2","DRAGA (MINERIA) - MINERIA","UNIDAD","2"
"91001","2018","2","DRAGA (MINERIA) - MINERIA","UNIDAD","2"
"94001","2018","2","DRAGA (MINERIA) - MINERIA","UNIDAD","1"
"95001","2018","2","RETROEXCAVADORA - MINERIA","UNIDAD","1"
"05031","2018","3","DRAGA (MINERIA) - MINERIA","UNIDAD","2"
"05040","2018","3","RETROEXCAVADORA - MINERIA","UNIDAD","2"
"05120","2018","3","BULDOZER - MINERIA","UNIDAD","1"
"05120","2018","3","RETROEXCAVADORA - MINERIA","UNIDAD","2"
"05142","2018","3","DRAGA (MINERIA) - MINERIA","UNIDAD","2"
"05154","2018","3","DRAGA (MINERIA) - MINERIA","UNIDAD","4"
"05250","2018","3","DRAGA (MINERIA) - MINERIA","UNIDAD","1"
"05579","2018","3","DRAGA (MINERIA) - MINERIA","UNIDAD","3"
"05604","2018","3","RETROEXCAVADORA - MINERIA","UNIDAD","1"
"05670","2018","3","DRAGA (MINERIA) - MINERIA","UNIDAD","2"
"08638","2018","3","RETROEXCAVADORA - MINERIA","UNIDAD","1"
"13838","2018","3","RETROEXCAVADORA - MINERIA","UNIDAD","1"
"15542","2018","3","RETROEXCAVADORA - MINERIA","UNIDAD","2"
"15806","2018","3","RETROEXCAVADORA - MINERIA","UNIDAD","2"
"18756","2018","3","DRAGA (MINERIA) - MINERIA","UNIDAD","10"
"19533","2018","3","DRAGA (MINERIA) - MINERIA","UNIDAD","1"
"41551","2018","3","BULDOZER - MINERIA","UNIDAD","1"
"41551","2018","3","RETROEXCAVADORA - MINERIA","UNIDAD","1"
"52079","2018","3","RETROEXCAVADORA - MINERIA","UNIDAD","1"
"73349","2018","3","RETROEXCAVADORA - MINERIA","UNIDAD","1"
"76109","2018","3","DRAGA (MINERIA) - MINERIA","UNIDAD","2"
"76109","2018","3","RETROEXCAVADORA - MINERIA","UNIDAD","2"
"86568","2018","3","CLASIFICADORA - MINERIA","UNIDAD","2"
"86568","2018","3","DRAGA (MINERIA) - MINERIA","UNIDAD","5"
"86569","2018","3","CLASIFICADORA - MINERIA","UNIDAD","1"
"86569","2018","3","DRAGA (MINERIA) - MINERIA","UNIDAD","7"
"91798","2018","3","DRAGA (MINERIA) - MINERIA","UNIDAD","2"
"05120","2018","4","RETROEXCAVADORA - MINERIA","UNIDAD","3"
"05790","2018","4","RETROEXCAVADORA - MINERIA","UNIDAD","2"
"08638","2018","4","RETROEXCAVADORA - MINERIA","UNIDAD","1"
"15542","2018","4","RETROEXCAVADORA - MINERIA","UNIDAD","1"
"15759","2018","4","RETROEXCAVADORA - MINERIA","UNIDAD","3"
"15814","2018","4","BULDOZER - MINERIA","UNIDAD","1"
"15814","2018","4","RETROEXCAVADORA - MINERIA","UNIDAD","1"
"17867","2018","4","DRAGA (MINERIA) - MINERIA","UNIDAD","1"
"18756","2018","4","DRAGA (MINERIA) - MINERIA","UNIDAD","1"
"19533","2018","4","DRAGA (MINERIA) - MINERIA","UNIDAD","1"
"25183","2018","4","RETROEXCAVADORA - MINERIA","UNIDAD","1"
"27001","2018","4","RETROEXCAVADORA - MINERIA","UNIDAD","2"
"27413","2018","4","RETROEXCAVADORA - MINERIA","UNIDAD","1"
"27600","2018","4","DRAGA (MINERIA) - MINERIA","UNIDAD","8"
"27600","2018","4","RETROEXCAVADORA - MINERIA","UNIDAD","1"
"73678","2018","4","RETROEXCAVADORA - MINERIA","UNIDAD","2"
"05120","2018","5","RETROEXCAVADORA - MINERIA","UNIDAD","1"
"05604","2018","5","RETROEXCAVADORA - MINERIA","UNIDAD","1"
"05607","2018","5","RETROEXCAVADORA - MINERIA","UNIDAD","1"
"05697","2018","5","DRAGA (MINERIA) - MINERIA","UNIDAD","1"
"05756","2018","5","DRAGA (MINERIA) - MINERIA","UNIDAD","7"
"05790","2018","5","RETROEXCAVADORA - MINERIA","UNIDAD","1"
"15272","2018","5","RETROEXCAVADORA - MINERIA","UNIDAD","3"
"18205","2018","5","DRAGA (MINERIA) - MINERIA","UNIDAD","2"
"19450","2018","5","RETROEXCAVADORA - MINERIA","UNIDAD","7"
"23807","2018","5","RETROEXCAVADORA - MINERIA","UNIDAD","1"
"25407","2018","5","RETROEXCAVADORA - MINERIA","UNIDAD","1"
"27001","2018","5","DRAGA (MINERIA) - MINERIA","UNIDAD","4"
"27491","2018","5","RETROEXCAVADORA - MINERIA","UNIDAD","6"
"27600","2018","5","DRAGA (MINERIA) - MINERIA","UNIDAD","12"
"27600","2018","5","RETROEXCAVADORA - MINERIA","UNIDAD","3"
"94001","2018","5","DRAGA (MINERIA) - MINERIA","UNIDAD","4"
"05031","2018","6","DRAGA (MINERIA) - MINERIA","UNIDAD","1"
"05120","2018","6","RETROEXCAVADORA - MINERIA","UNIDAD","1"
"05250","2018","6","DRAGA (MINERIA) - MINERIA","UNIDAD","1"
"05495","2018","6","DRAGA (MINERIA) - MINERIA","UNIDAD","1"
"05591","2018","6","DRAGA (MINERIA) - MINERIA","UNIDAD","1"
"05790","2018","6","RETROEXCAVADORA - MINERIA","UNIDAD","1"
"19212","2018","6","BULDOZER - MINERIA","UNIDAD","1"
"23068","2018","6","DRAGA (MINERIA) - MINERIA","UNIDAD","1"
"25200","2018","6","RETROEXCAVADORA - MINERIA","UNIDAD","1"
"25407","2018","6","RETROEXCAVADORA - MINERIA","UNIDAD","3"
"27001","2018","6","DRAGA (MINERIA) - MINERIA","UNIDAD","3"
"52079","2018","6","RETROEXCAVADORA - MINERIA","UNIDAD","9"
"73283","2018","6","DRAGA (MINERIA) - MINERIA","UNIDAD","1"
"76041","2018","6","DRAGA (MINERIA) - MINERIA","UNIDAD","1"
"76109","2018","6","DRAGA (MINERIA) - MINERIA","UNIDAD","10"
"05042","2018","7","CLASIFICADORA - MINERIA","UNIDAD","4"
"05042","2018","7","DRAGA (MINERIA) - MINERIA","UNIDAD","4"
"05154","2018","7","DRAGA (MINERIA) - MINERIA","UNIDAD","14"
"05250","2018","7","DRAGA (MINERIA) - MINERIA","UNIDAD","1"
"05736","2018","7","CLASIFICADORA - MINERIA","UNIDAD","2"
"05736","2018","7","RETROEXCAVADORA - MINERIA","UNIDAD","2"
"05756","2018","7","TRITURADORA - MINERIA","UNIDAD","1"
"19418","2018","7","RETROEXCAVADORA - MINERIA","UNIDAD","14"
"23068","2018","7","DRAGA (MINERIA) - MINERIA","UNIDAD","4"
"23417","2018","7","RETROEXCAVADORA - MINERIA","UNIDAD","1"
"25126","2018","7","RETROEXCAVADORA - MINERIA","UNIDAD","1"
"25269","2018","7","RETROEXCAVADORA - MINERIA","UNIDAD","2"
"25875","2018","7","RETROEXCAVADORA - MINERIA","UNIDAD","1"
"25899","2018","7","BULDOZER - MINERIA","UNIDAD","1"
"27001","2018","7","DRAGA (MINERIA) - MINERIA","UNIDAD","2"
"27600","2018","7","DRAGA (MINERIA) - MINERIA","UNIDAD","2"
"68575","2018","7","BULDOZER - MINERIA","UNIDAD","3"
"73055","2018","7","DRAGA (MINERIA) - MINERIA","UNIDAD","1"
"76001","2018","7","TRITURADORA - MINERIA","UNIDAD","1"
"76130","2018","7","BULDOZER - MINERIA","UNIDAD","1"
"76130","2018","7","RETROEXCAVADORA - MINERIA","UNIDAD","3"
"76248","2018","7","RETROEXCAVADORA - MINERIA","UNIDAD","1"
"85001","2018","7","RETROEXCAVADORA - MINERIA","UNIDAD","1"
"86571","2018","7","DRAGA (MINERIA) - MINERIA","UNIDAD","1"
"94001","2018","7","DRAGA (MINERIA) - MINERIA","UNIDAD","4"
"94883","2018","7","DRAGA (MINERIA) - MINERIA","UNIDAD","4"
"05079","2018","8","DRAGA (MINERIA) - MINERIA","UNIDAD","1"
"05250","2018","8","DRAGA (MINERIA) - MINERIA","UNIDAD","4"
"05250","2018","8","RETROEXCAVADORA - MINERIA","UNIDAD","3"
"05890","2018","8","DRAGA (MINERIA) - MINERIA","UNIDAD","2"
"05895","2018","8","DRAGA (MINERIA) - MINERIA","UNIDAD","1"
"05895","2018","8","RETROEXCAVADORA - MINERIA","UNIDAD","1"
"08436","2018","8","RETROEXCAVADORA - MINERIA","UNIDAD","1"
"11001","2018","8","RETROEXCAVADORA - MINERIA","UNIDAD","2"
"17013","2018","8","RETROEXCAVADORA - MINERIA","UNIDAD","1"
"19110","2018","8","RETROEXCAVADORA - MINERIA","UNIDAD","1"
"23068","2018","8","DRAGA (MINERIA) - MINERIA","UNIDAD","15"
"23068","2018","8","RETROEXCAVADORA - MINERIA","UNIDAD","4"
"25175","2018","8","RETROEXCAVADORA - MINERIA","UNIDAD","3"
"25200","2018","8","RETROEXCAVADORA - MINERIA","UNIDAD","1"
"25326","2018","8","RETROEXCAVADORA - MINERIA","UNIDAD","1"
"27050","2018","8","BULDOZER - MINERIA","UNIDAD","1"
"27050","2018","8","RETROEXCAVADORA - MINERIA","UNIDAD","3"
"41551","2018","8","RETROEXCAVADORA - MINERIA","UNIDAD","2"
"66456","2018","8","DRAGA (MINERIA) - MINERIA","UNIDAD","3"
"68190","2018","8","RETROEXCAVADORA - MINERIA","UNIDAD","1"
"68575","2018","8","RETROEXCAVADORA - MINERIA","UNIDAD","1"
"73001","2018","8","TRITURADORA - MINERIA","UNIDAD","1"
"76364","2018","8","RETROEXCAVADORA - MINERIA","UNIDAD","5"
"76364","2018","8","TRITURADORA - MINERIA","UNIDAD","2"
"91798","2018","8","DRAGA (MINERIA) - MINERIA","UNIDAD","3"
"05154","2018","9","DRAGA (MINERIA) - MINERIA","UNIDAD","1"
"05154","2018","9","RETROEXCAVADORA - MINERIA","UNIDAD","2"
"05250","2018","9","DRAGA (MINERIA) - MINERIA","UNIDAD","6"
"05250","2018","9","RETROEXCAVADORA - MINERIA","UNIDAD","7"
"05411","2018","9","RETROEXCAVADORA - MINERIA","UNIDAD","1"
"05679","2018","9","DRAGA (MINERIA) - MINERIA","UNIDAD","3"
"05679","2018","9","RETROEXCAVADORA - MINERIA","UNIDAD","5"
"05690","2018","9","RETROEXCAVADORA - MINERIA","UNIDAD","1"
"05736","2018","9","RETROEXCAVADORA - MINERIA","UNIDAD","1"
"05895","2018","9","DRAGA (MINERIA) - MINERIA","UNIDAD","2"
"05895","2018","9","RETROEXCAVADORA - MINERIA","UNIDAD","3"
"18205","2018","9","DRAGA (MINERIA) - MINERIA","UNIDAD","2"
"23068","2018","9","DRAGA (MINERIA) - MINERIA","UNIDAD","1"
"23580","2018","9","DRAGA (MINERIA) - MINERIA","UNIDAD","1"
"23682","2018","9","RETROEXCAVADORA - MINERIA","UNIDAD","1"
"25200","2018","9","RETROEXCAVADORA - MINERIA","UNIDAD","4"
"25899","2018","9","RETROEXCAVADORA - MINERIA","UNIDAD","1"
"27001","2018","9","DRAGA (MINERIA) - MINERIA","UNIDAD","4"
"27001","2018","9","RETROEXCAVADORA - MINERIA","UNIDAD","1"
"27075","2018","9","RETROEXCAVADORA - MINERIA","UNIDAD","1"
"27413","2018","9","CLASIFICADORA - MINERIA","UNIDAD","1"
"27810","2018","9","RETROEXCAVADORA - MINERIA","UNIDAD","1"
"52233","2018","9","DRAGA (MINERIA) - MINERIA","UNIDAD","3"
"70001","2018","9","RETROEXCAVADORA - MINERIA","UNIDAD","1"
"70233","2018","9","RETROEXCAVADORA - MINERIA","UNIDAD","1"
"76001","2018","9","TRITURADORA - MINERIA","UNIDAD","2"
"86569","2018","9","DRAGA (MINERIA) - MINERIA","UNIDAD","6"
"86573","2018","9","DRAGA (MINERIA) - MINERIA","UNIDAD","4"
"99001","2018","9","DRAGA (MINERIA) - MINERIA","UNIDAD","1"
"99773","2018","9","DRAGA (MINERIA) - MINERIA","UNIDAD","1"
"05120","2018","10","RETROEXCAVADORA - MINERIA","UNIDAD","2"
"05154","2018","10","RETROEXCAVADORA - MINERIA","UNIDAD","4"
"05250","2018","10","DRAGA (MINERIA) - MINERIA","UNIDAD","13"
"05250","2018","10","RETROEXCAVADORA - MINERIA","UNIDAD","7"
"05579","2018","10","RETROEXCAVADORA - MINERIA","UNIDAD","1"
"05736","2018","10","RETROEXCAVADORA - MINERIA","UNIDAD","1"
"13074","2018","10","RETROEXCAVADORA - MINERIA","UNIDAD","1"
"18205","2018","10","DRAGA (MINERIA) - MINERIA","UNIDAD","3"
"23068","2018","10","DRAGA (MINERIA) - MINERIA","UNIDAD","1"
"25200","2018","10","RETROEXCAVADORA - MINERIA","UNIDAD","3"
"27001","2018","10","RETROEXCAVADORA - MINERIA","UNIDAD","1"
"27600","2018","10","DRAGA (MINERIA) - MINERIA","UNIDAD","5"
"27600","2018","10","RETROEXCAVADORA - MINERIA","UNIDAD","1"
"73270","2018","10","DRAGA (MINERIA) - MINERIA","UNIDAD","1"
"94001","2018","10","DRAGA (MINERIA) - MINERIA","UNIDAD","3"
"99773","2018","10","DRAGA (MINERIA) - MINERIA","UNIDAD","1"
"05031","2018","11","DRAGA (MINERIA) - MINERIA","UNIDAD","1"
"05031","2018","11","RETROEXCAVADORA - MINERIA","UNIDAD","2"
"05040","2018","11","DRAGA (MINERIA) - MINERIA","UNIDAD","1"
"05040","2018","11","RETROEXCAVADORA - MINERIA","UNIDAD","2"
"05113","2018","11","BULDOZER - MINERIA","UNIDAD","1"
"05113","2018","11","RETROEXCAVADORA - MINERIA","UNIDAD","2"
"05250","2018","11","DRAGA (MINERIA) - MINERIA","UNIDAD","5"
"05250","2018","11","RETROEXCAVADORA - MINERIA","UNIDAD","4"
"05670","2018","11","DRAGA (MINERIA) - MINERIA","UNIDAD","2"
"05895","2018","11","DRAGA (MINERIA) - MINERIA","UNIDAD","6"
"05895","2018","11","RETROEXCAVADORA - MINERIA","UNIDAD","3"
"23068","2018","11","DRAGA (MINERIA) - MINERIA","UNIDAD","1"
"25200","2018","11","RETROEXCAVADORA - MINERIA","UNIDAD","1"
"27001","2018","11","DRAGA (MINERIA) - MINERIA","UNIDAD","2"
"52687","2018","11","TRITURADORA - MINERIA","UNIDAD","2"
"70265","2018","11","DRAGA (MINERIA) - MINERIA","UNIDAD","1"
"76041","2018","11","RETROEXCAVADORA - MINERIA","UNIDAD","1"
"86001","2018","11","DRAGA (MINERIA) - MINERIA","UNIDAD","1"
"86568","2018","11","CLASIFICADORA - MINERIA","UNIDAD","5"
"86568","2018","11","DRAGA (MINERIA) - MINERIA","UNIDAD","5"
"91669","2018","11","DRAGA (MINERIA) - MINERIA","UNIDAD","4"
"91798","2018","11","DRAGA (MINERIA) - MINERIA","UNIDAD","1"
"94001","2018","11","DRAGA (MINERIA) - MINERIA","UNIDAD","1"
"05113","2018","12","RETROEXCAVADORA - MINERIA","UNIDAD","1"
"05120","2018","12","RETROEXCAVADORA - MINERIA","UNIDAD","5"
"05154","2018","12","DRAGA (MINERIA) - MINERIA","UNIDAD","4"
"05154","2018","12","RETROEXCAVADORA - MINERIA","UNIDAD","2"
"05250","2018","12","DRAGA (MINERIA) - MINERIA","UNIDAD","3"
"05250","2018","12","RETROEXCAVADORA - MINERIA","UNIDAD","3"
"05495","2018","12","DRAGA (MINERIA) - MINERIA","UNIDAD","1"
"05670","2018","12","DRAGA (MINERIA) - MINERIA","UNIDAD","1"
"05790","2018","12","RETROEXCAVADORA - MINERIA","UNIDAD","5"
"05895","2018","12","DRAGA (MINERIA) - MINERIA","UNIDAD","8"
"05895","2018","12","RETROEXCAVADORA - MINERIA","UNIDAD","9"
"15531","2018","12","RETROEXCAVADORA - MINERIA","UNIDAD","1"
"18756","2018","12","CLASIFICADORA - MINERIA","UNIDAD","2"
"18756","2018","12","DRAGA (MINERIA) - MINERIA","UNIDAD","2"
"23068","2018","12","DRAGA (MINERIA) - MINERIA","UNIDAD","13"
"23068","2018","12","RETROEXCAVADORA - MINERIA","UNIDAD","6"
"27001","2018","12","DRAGA (MINERIA) - MINERIA","UNIDAD","2"
"27135","2018","12","DRAGA (MINERIA) - MINERIA","UNIDAD","5"
"27135","2018","12","RETROEXCAVADORA - MINERIA","UNIDAD","1"
"68190","2018","12","RETROEXCAVADORA - MINERIA","UNIDAD","1"
"76001","2018","12","TRITURADORA - MINERIA","UNIDAD","2"
"86568","2018","12","CLASIFICADORA - MINERIA","UNIDAD","3"
"86568","2018","12","DRAGA (MINERIA) - MINERIA","UNIDAD","5"
"86569","2018","12","DRAGA (MINERIA) - MINERIA","UNIDAD","1"
"94001","2018","12","DRAGA (MINERIA) - MINERIA","UNIDAD","2"
"05154","2019","1","DRAGA (MINERIA) - MINERIA","UNIDAD","2"
"05495","2019","1","DRAGA (MINERIA) - MINERIA","UNIDAD","6"
"05495","2019","1","RETROEXCAVADORA - MINERIA","UNIDAD","7"
"05670","2019","1","DRAGA (MINERIA) - MINERIA","UNIDAD","3"
"05756","2019","1","RETROEXCAVADORA - MINERIA","UNIDAD","1"
"05858","2019","1","DRAGA (MINERIA) - MINERIA","UNIDAD","6"
"05858","2019","1","RETROEXCAVADORA - MINERIA","UNIDAD","1"
"05895","2019","1","DRAGA (MINERIA) - MINERIA","UNIDAD","6"
"05895","2019","1","RETROEXCAVADORA - MINERIA","UNIDAD","2"
"17380","2019","1","RETROEXCAVADORA - MINERIA","UNIDAD","2"
"19110","2019","1","DRAGA (MINERIA) - MINERIA","UNIDAD","1"
"25126","2019","1","RETROEXCAVADORA - MINERIA","UNIDAD","11"
"25175","2019","1","RETROEXCAVADORA - MINERIA","UNIDAD","4"
"25200","2019","1","RETROEXCAVADORA - MINERIA","UNIDAD","2"
"25295","2019","1","RETROEXCAVADORA - MINERIA","UNIDAD","3"
"25407","2019","1","RETROEXCAVADORA - MINERIA","UNIDAD","1"
"25758","2019","1","RETROEXCAVADORA - MINERIA","UNIDAD","2"
"25785","2019","1","RETROEXCAVADORA - MINERIA","UNIDAD","3"
"25793","2019","1","RETROEXCAVADORA - MINERIA","UNIDAD","1"
"25899","2019","1","RETROEXCAVADORA - MINERIA","UNIDAD","1"
"27050","2019","1","DRAGA (MINERIA) - MINERIA","UNIDAD","3"
"27050","2019","1","RETROEXCAVADORA - MINERIA","UNIDAD","3"
"27787","2019","1","DRAGA (MINERIA) - MINERIA","UNIDAD","1"
"27787","2019","1","RETROEXCAVADORA - MINERIA","UNIDAD","1"
"66594","2019","1","RETROEXCAVADORA - MINERIA","UNIDAD","1"
"73408","2019","1","DRAGA (MINERIA) - MINERIA","UNIDAD","1"
"73408","2019","1","RETROEXCAVADORA - MINERIA","UNIDAD","1"
"76001","2019","1","BULDOZER - MINERIA","UNIDAD","1"
"76001","2019","1","RETROEXCAVADORA - MINERIA","UNIDAD","2"
"76109","2019","1","DRAGA (MINERIA) - MINERIA","UNIDAD","1"
"76109","2019","1","RETROEXCAVADORA - MINERIA","UNIDAD","1"
"76869","2019","1","RETROEXCAVADORA - MINERIA","UNIDAD","1"
"86568","2019","1","DRAGA (MINERIA) - MINERIA","UNIDAD","2"
"86569","2019","1","DRAGA (MINERIA) - MINERIA","UNIDAD","1"
"86885","2019","1","DRAGA (MINERIA) - MINERIA","UNIDAD","1"
"91669","2019","1","DRAGA (MINERIA) - MINERIA","UNIDAD","4"
"05021","2019","2","DRAGA (MINERIA) - MINERIA","UNIDAD","2"
"05040","2019","2","DRAGA (MINERIA) - MINERIA","UNIDAD","1"
"05040","2019","2","RETROEXCAVADORA - MINERIA","UNIDAD","1"
"05120","2019","2","DRAGA (MINERIA) - MINERIA","UNIDAD","2"
"05120","2019","2","RETROEXCAVADORA - MINERIA","UNIDAD","7"
"05154","2019","2","CLASIFICADORA - MINERIA","UNIDAD","4"
"05154","2019","2","DRAGA (MINERIA) - MINERIA","UNIDAD","5"
"05154","2019","2","RETROEXCAVADORA - MINERIA","UNIDAD","7"
"05250","2019","2","DRAGA (MINERIA) - MINERIA","UNIDAD","7"
"05306","2019","2","BULDOZER - MINERIA","UNIDAD","2"
"05306","2019","2","RETROEXCAVADORA - MINERIA","UNIDAD","1"
"05495","2019","2","DRAGA (MINERIA) - MINERIA","UNIDAD","6"
"05495","2019","2","RETROEXCAVADORA - MINERIA","UNIDAD","2"
"05790","2019","2","RETROEXCAVADORA - MINERIA","UNIDAD","1"
"05895","2019","2","DRAGA (MINERIA) - MINERIA","UNIDAD","10"
"05895","2019","2","RETROEXCAVADORA - MINERIA","UNIDAD","3"
"17380","2019","2","RETROEXCAVADORA - MINERIA","UNIDAD","5"
"17446","2019","2","TRITURADORA - MINERIA","UNIDAD","1"
"17495","2019","2","DRAGA (MINERIA) - MINERIA","UNIDAD","1"
"17495","2019","2","RETROEXCAVADORA - MINERIA","UNIDAD","1"
"17867","2019","2","RETROEXCAVADORA - MINERIA","UNIDAD","4"
"25572","2019","2","RETROEXCAVADORA - MINERIA","UNIDAD","2"
"27001","2019","2","DRAGA (MINERIA) - MINERIA","UNIDAD","1"
"27001","2019","2","RETROEXCAVADORA - MINERIA","UNIDAD","1"
"27050","2019","2","RETROEXCAVADORA - MINERIA","UNIDAD","1"
"27361","2019","2","DRAGA (MINERIA) - MINERIA","UNIDAD","3"
"27361","2019","2","RETROEXCAVADORA - MINERIA","UNIDAD","2"
"27413","2019","2","RETROEXCAVADORA - MINERIA","UNIDAD","1"
"27787","2019","2","DRAGA (MINERIA) - MINERIA","UNIDAD","1"
"27787","2019","2","RETROEXCAVADORA - MINERIA","UNIDAD","1"
"27810","2019","2","DRAGA (MINERIA) - MINERIA","UNIDAD","3"
"27810","2019","2","RETROEXCAVADORA - MINERIA","UNIDAD","2"
"68190","2019","2","RETROEXCAVADORA - MINERIA","UNIDAD","1"
"68655","2019","2","RETROEXCAVADORA - MINERIA","UNIDAD","2"
"76834","2019","2","DRAGA (MINERIA) - MINERIA","UNIDAD","1"
"85410","2019","2","RETROEXCAVADORA - MINERIA","UNIDAD","1"
"86568","2019","2","DRAGA (MINERIA) - MINERIA","UNIDAD","7"
"86569","2019","2","DRAGA (MINERIA) - MINERIA","UNIDAD","1"
"86571","2019","2","DRAGA (MINERIA) - MINERIA","UNIDAD","1"
"86573","2019","2","DRAGA (MINERIA) - MINERIA","UNIDAD","3"
"94001","2019","2","DRAGA (MINERIA) - MINERIA","UNIDAD","6"
"99001","2019","2","RETROEXCAVADORA - MINERIA","UNIDAD","1"
"05120","2019","3","DRAGA (MINERIA) - MINERIA","UNIDAD","13"
"05120","2019","3","RETROEXCAVADORA - MINERIA","UNIDAD","4"
"05154","2019","3","DRAGA (MINERIA) - MINERIA","UNIDAD","5"
"05154","2019","3","RETROEXCAVADORA - MINERIA","UNIDAD","1"
"05250","2019","3","DRAGA (MINERIA) - MINERIA","UNIDAD","2"
"05495","2019","3","DRAGA (MINERIA) - MINERIA","UNIDAD","4"
"05591","2019","3","RETROEXCAVADORA - MINERIA","UNIDAD","2"
"05647","2019","3","CLASIFICADORA - MINERIA","UNIDAD","1"
"05647","2019","3","RETROEXCAVADORA - MINERIA","UNIDAD","2"
"05790","2019","3","RETROEXCAVADORA - MINERIA","UNIDAD","2"
"05854","2019","3","RETROEXCAVADORA - MINERIA","UNIDAD","2"
"05873","2019","3","DRAGA (MINERIA) - MINERIA","UNIDAD","1"
"05895","2019","3","DRAGA (MINERIA) - MINERIA","UNIDAD","1"
"08433","2019","3","RETROEXCAVADORA - MINERIA","UNIDAD","1"
"15572","2019","3","RETROEXCAVADORA - MINERIA","UNIDAD","2"
"17867","2019","3","DRAGA (MINERIA) - MINERIA","UNIDAD","1"
"23068","2019","3","DRAGA (MINERIA) - MINERIA","UNIDAD","7"
"23068","2019","3","RETROEXCAVADORA - MINERIA","UNIDAD","3"
"25513","2019","3","RETROEXCAVADORA - MINERIA","UNIDAD","1"
"25572","2019","3","RETROEXCAVADORA - MINERIA","UNIDAD","2"
"27001","2019","3","DRAGA (MINERIA) - MINERIA","UNIDAD","3"
"27001","2019","3","RETROEXCAVADORA - MINERIA","UNIDAD","1"
"27050","2019","3","DRAGA (MINERIA) - MINERIA","UNIDAD","2"
"27050","2019","3","RETROEXCAVADORA - MINERIA","UNIDAD","2"
"27160","2019","3","RETROEXCAVADORA - MINERIA","UNIDAD","1"
"27600","2019","3","DRAGA (MINERIA) - MINERIA","UNIDAD","15"
"27600","2019","3","RETROEXCAVADORA - MINERIA","UNIDAD","10"
"50689","2019","3","RETROEXCAVADORA - MINERIA","UNIDAD","1"
"63470","2019","3","DRAGA (MINERIA) - MINERIA","UNIDAD","1"
"68101","2019","3","RETROEXCAVADORA - MINERIA","UNIDAD","1"
"73319","2019","3","RETROEXCAVADORA - MINERIA","UNIDAD","1"
"86885","2019","3","DRAGA (MINERIA) - MINERIA","UNIDAD","3"
"95001","2019","3","DRAGA (MINERIA) - MINERIA","UNIDAD","1"
"05045","2019","4","RETROEXCAVADORA - MINERIA","UNIDAD","1"
"05120","2019","4","RETROEXCAVADORA - MINERIA","UNIDAD","2"
"05154","2019","4","DRAGA (MINERIA) - MINERIA","UNIDAD","11"
"05154","2019","4","RETROEXCAVADORA - MINERIA","UNIDAD","12"
"05495","2019","4","DRAGA (MINERIA) - MINERIA","UNIDAD","3"
"05670","2019","4","DRAGA (MINERIA) - MINERIA","UNIDAD","6"
"05670","2019","4","RETROEXCAVADORA - MINERIA","UNIDAD","1"
"05736","2019","4","CLASIFICADORA - MINERIA","UNIDAD","1"
"05790","2019","4","RETROEXCAVADORA - MINERIA","UNIDAD","1"
"05873","2019","4","DRAGA (MINERIA) - MINERIA","UNIDAD","1"
"05895","2019","4","DRAGA (MINERIA) - MINERIA","UNIDAD","2"
"08141","2019","4","RETROEXCAVADORA - MINERIA","UNIDAD","1"
"17380","2019","4","RETROEXCAVADORA - MINERIA","UNIDAD","2"
"17495","2019","4","RETROEXCAVADORA - MINERIA","UNIDAD","1"
"18756","2019","4","DRAGA (MINERIA) - MINERIA","UNIDAD","4"
"19300","2019","4","RETROEXCAVADORA - MINERIA","UNIDAD","1"
"23682","2019","4","RETROEXCAVADORA - MINERIA","UNIDAD","1"
"27050","2019","4","RETROEXCAVADORA - MINERIA","UNIDAD","1"
"27150","2019","4","DRAGA (MINERIA) - MINERIA","UNIDAD","2"
"27150","2019","4","RETROEXCAVADORA - MINERIA","UNIDAD","1"
"27245","2019","4","RETROEXCAVADORA - MINERIA","UNIDAD","1"
"27787","2019","4","RETROEXCAVADORA - MINERIA","UNIDAD","2"
"27810","2019","4","RETROEXCAVADORA - MINERIA","UNIDAD","2"
"41551","2019","4","RETROEXCAVADORA - MINERIA","UNIDAD","1"
"50006","2019","4","RETROEXCAVADORA - MINERIA","UNIDAD","1"
"50330","2019","4","DRAGA (MINERIA) - MINERIA","UNIDAD","1"
"73678","2019","4","RETROEXCAVADORA - MINERIA","UNIDAD","2"
"76109","2019","4","DRAGA (MINERIA) - MINERIA","UNIDAD","1"
"86569","2019","4","DRAGA (MINERIA) - MINERIA","UNIDAD","2"
"05154","2019","5","DRAGA (MINERIA) - MINERIA","UNIDAD","6"
"05154","2019","5","RETROEXCAVADORA - MINERIA","UNIDAD","1"
"05250","2019","5","DRAGA (MINERIA) - MINERIA","UNIDAD","44"
"05495","2019","5","DRAGA (MINERIA) - MINERIA","UNIDAD","1"
"05585","2019","5","RETROEXCAVADORA - MINERIA","UNIDAD","2"
"05667","2019","5","DRAGA (MINERIA) - MINERIA","UNIDAD","2"
"05674","2019","5","RETROEXCAVADORA - MINERIA","UNIDAD","1"
"05790","2019","5","RETROEXCAVADORA - MINERIA","UNIDAD","1"
"08296","2019","5","RETROEXCAVADORA - MINERIA","UNIDAD","4"
"11001","2019","5","RETROEXCAVADORA - MINERIA","UNIDAD","5"
"17380","2019","5","RETROEXCAVADORA - MINERIA","UNIDAD","1"
"17614","2019","5","CLASIFICADORA - MINERIA","UNIDAD","1"
"19418","2019","5","RETROEXCAVADORA - MINERIA","UNIDAD","6"
"23068","2019","5","DRAGA (MINERIA) - MINERIA","UNIDAD","3"
"27050","2019","5","DRAGA (MINERIA) - MINERIA","UNIDAD","3"
"27077","2019","5","DRAGA (MINERIA) - MINERIA","UNIDAD","1"
"47980","2019","5","DRAGA (MINERIA) - MINERIA","UNIDAD","1"
"52240","2019","5","RETROEXCAVADORA - MINERIA","UNIDAD","1"
"68464","2019","5","RETROEXCAVADORA - MINERIA","UNIDAD","1"
"73001","2019","5","RETROEXCAVADORA - MINERIA","UNIDAD","1"
"73217","2019","5","RETROEXCAVADORA - MINERIA","UNIDAD","1"
"76890","2019","5","RETROEXCAVADORA - MINERIA","UNIDAD","1"
"76892","2019","5","RETROEXCAVADORA - MINERIA","UNIDAD","1"
"86568","2019","5","DRAGA (MINERIA) - MINERIA","UNIDAD","1"
"95001","2019","5","DRAGA (MINERIA) - MINERIA","UNIDAD","1"
"05031","2019","6","DRAGA (MINERIA) - MINERIA","UNIDAD","1"
"05031","2019","6","RETROEXCAVADORA - MINERIA","UNIDAD","1"
"05040","2019","6","DRAGA (MINERIA) - MINERIA","UNIDAD","1"
"05040","2019","6","RETROEXCAVADORA - MINERIA","UNIDAD","1"
"05120","2019","6","DRAGA (MINERIA) - MINERIA","UNIDAD","3"
"05120","2019","6","RETROEXCAVADORA - MINERIA","UNIDAD","3"
"05138","2019","6","TRITURADORA - MINERIA","UNIDAD","1"
"05154","2019","6","DRAGA (MINERIA) - MINERIA","UNIDAD","2"
"05250","2019","6","DRAGA (MINERIA) - MINERIA","UNIDAD","13"
"05376","2019","6","DRAGA (MINERIA) - MINERIA","UNIDAD","2"
"05495","2019","6","DRAGA (MINERIA) - MINERIA","UNIDAD","3"
"05591","2019","6","RETROEXCAVADORA - MINERIA","UNIDAD","2"
"05604","2019","6","RETROEXCAVADORA - MINERIA","UNIDAD","2"
"05790","2019","6","RETROEXCAVADORA - MINERIA","UNIDAD","1"
"05895","2019","6","DRAGA (MINERIA) - MINERIA","UNIDAD","5"
"13654","2019","6","DRAGA (MINERIA) - MINERIA","UNIDAD","5"
"15759","2019","6","RETROEXCAVADORA - MINERIA","UNIDAD","1"
"17380","2019","6","RETROEXCAVADORA - MINERIA","UNIDAD","3"
"19845","2019","6","RETROEXCAVADORA - MINERIA","UNIDAD","2"
"25572","2019","6","RETROEXCAVADORA - MINERIA","UNIDAD","2"
"41013","2019","6","RETROEXCAVADORA - MINERIA","UNIDAD","1"
"86571","2019","6","DRAGA (MINERIA) - MINERIA","UNIDAD","1"
"86573","2019","6","DRAGA (MINERIA) - MINERIA","UNIDAD","1"
"05079","2019","7","DRAGA (MINERIA) - MINERIA","UNIDAD","1"
"05120","2019","7","DRAGA (MINERIA) - MINERIA","UNIDAD","9"
"05120","2019","7","RETROEXCAVADORA - MINERIA","UNIDAD","2"
"05154","2019","7","DRAGA (MINERIA) - MINERIA","UNIDAD","13"
"05390","2019","7","DRAGA (MINERIA) - MINERIA","UNIDAD","1"
"05495","2019","7","DRAGA (MINERIA) - MINERIA","UNIDAD","7"
"05790","2019","7","CLASIFICADORA - MINERIA","UNIDAD","1"
"05790","2019","7","RETROEXCAVADORA - MINERIA","UNIDAD","1"
"08685","2019","7","BULDOZER - MINERIA","UNIDAD","1"
"08832","2019","7","RETROEXCAVADORA - MINERIA","UNIDAD","1"
"19418","2019","7","RETROEXCAVADORA - MINERIA","UNIDAD","6"
"19450","2019","7","CLASIFICADORA - MINERIA","UNIDAD","1"
"19450","2019","7","RETROEXCAVADORA - MINERIA","UNIDAD","8"
"19533","2019","7","DRAGA (MINERIA) - MINERIA","UNIDAD","2"
"23068","2019","7","DRAGA (MINERIA) - MINERIA","UNIDAD","16"
"23580","2019","7","DRAGA (MINERIA) - MINERIA","UNIDAD","1"
"23807","2019","7","RETROEXCAVADORA - MINERIA","UNIDAD","3"
"41026","2019","7","RETROEXCAVADORA - MINERIA","UNIDAD","1"
"41615","2019","7","RETROEXCAVADORA - MINERIA","UNIDAD","1"
"50325","2019","7","DRAGA (MINERIA) - MINERIA","UNIDAD","1"
"76001","2019","7","RETROEXCAVADORA - MINERIA","UNIDAD","1"
"76109","2019","7","CLASIFICADORA - MINERIA","UNIDAD","1"
"76109","2019","7","RETROEXCAVADORA - MINERIA","UNIDAD","9"
"76377","2019","7","BULDOZER - MINERIA","UNIDAD","1"
"81736","2019","7","RETROEXCAVADORA - MINERIA","UNIDAD","2"
"86569","2019","7","DRAGA (MINERIA) - MINERIA","UNIDAD","1"
"86571","2019","7","DRAGA (MINERIA) - MINERIA","UNIDAD","1"
"94001","2019","7","DRAGA (MINERIA) - MINERIA","UNIDAD","2"
"99001","2019","7","DRAGA (MINERIA) - MINERIA","UNIDAD","1"
"05120","2019","8","DRAGA (MINERIA) - MINERIA","UNIDAD","3"
"05120","2019","8","RETROEXCAVADORA - MINERIA","UNIDAD","1"
"05148","2019","8","DRAGA (MINERIA) - MINERIA","UNIDAD","6"
"05148","2019","8","TRITURADORA - MINERIA","UNIDAD","1"
"05154","2019","8","DRAGA (MINERIA) - MINERIA","UNIDAD","15"
"05154","2019","8","RETROEXCAVADORA - MINERIA","UNIDAD","1"
"05495","2019","8","DRAGA (MINERIA) - MINERIA","UNIDAD","7"
"05495","2019","8","RETROEXCAVADORA - MINERIA","UNIDAD","1"
"05873","2019","8","DRAGA (MINERIA) - MINERIA","UNIDAD","1"
"08078","2019","8","RETROEXCAVADORA - MINERIA","UNIDAD","1"
"11001","2019","8","RETROEXCAVADORA - MINERIA","UNIDAD","1"
"13490","2019","8","RETROEXCAVADORA - MINERIA","UNIDAD","1"
"13654","2019","8","DRAGA (MINERIA) - MINERIA","UNIDAD","2"
"17442","2019","8","CLASIFICADORA - MINERIA","UNIDAD","1"
"17442","2019","8","RETROEXCAVADORA - MINERIA","UNIDAD","2"
"18205","2019","8","DRAGA (MINERIA) - MINERIA","UNIDAD","3"
"23068","2019","8","DRAGA (MINERIA) - MINERIA","UNIDAD","20"
"25148","2019","8","RETROEXCAVADORA - MINERIA","UNIDAD","1"
"27001","2019","8","RETROEXCAVADORA - MINERIA","UNIDAD","1"
"27006","2019","8","DRAGA (MINERIA) - MINERIA","UNIDAD","1"
"41001","2019","8","BULDOZER - MINERIA","UNIDAD","1"
"41001","2019","8","TRITURADORA - MINERIA","UNIDAD","1"
"73861","2019","8","RETROEXCAVADORA - MINERIA","UNIDAD","1"
"76109","2019","8","RETROEXCAVADORA - MINERIA","UNIDAD","1"
"97001","2019","8","DRAGA (MINERIA) - MINERIA","UNIDAD","2"
"05031","2019","9","RETROEXCAVADORA - MINERIA","UNIDAD","2"
"05120","2019","9","DRAGA (MINERIA) - MINERIA","UNIDAD","8"
"05250","2019","9","DRAGA (MINERIA) - MINERIA","UNIDAD","3"
"05250","2019","9","RETROEXCAVADORA - MINERIA","UNIDAD","2"
"17777","2019","9","CLASIFICADORA - MINERIA","UNIDAD","1"
"19809","2019","9","RETROEXCAVADORA - MINERIA","UNIDAD","14"
"20001","2019","9","RETROEXCAVADORA - MINERIA","UNIDAD","1"
"20045","2019","9","RETROEXCAVADORA - MINERIA","UNIDAD","1"
"20060","2019","9","RETROEXCAVADORA - MINERIA","UNIDAD","1"
"23555","2019","9","DRAGA (MINERIA) - MINERIA","UNIDAD","4"
"23555","2019","9","RETROEXCAVADORA - MINERIA","UNIDAD","1"
"27001","2019","9","RETROEXCAVADORA - MINERIA","UNIDAD","1"
"27135","2019","9","DRAGA (MINERIA) - MINERIA","UNIDAD","1"
"27135","2019","9","RETROEXCAVADORA - MINERIA","UNIDAD","1"
"27160","2019","9","DRAGA (MINERIA) - MINERIA","UNIDAD","5"
"27600","2019","9","DRAGA (MINERIA) - MINERIA","UNIDAD","4"
"27600","2019","9","RETROEXCAVADORA - MINERIA","UNIDAD","1"
"52427","2019","9","DRAGA (MINERIA) - MINERIA","UNIDAD","3"
"52427","2019","9","RETROEXCAVADORA - MINERIA","UNIDAD","11"
"76109","2019","9","RETROEXCAVADORA - MINERIA","UNIDAD","1"
"99773","2019","9","DRAGA (MINERIA) - MINERIA","UNIDAD","1"
"05120","2019","10","CLASIFICADORA - MINERIA","UNIDAD","1"
"05120","2019","10","DRAGA (MINERIA) - MINERIA","UNIDAD","12"
"05120","2019","10","RETROEXCAVADORA - MINERIA","UNIDAD","4"
"05154","2019","10","DRAGA (MINERIA) - MINERIA","UNIDAD","11"
"05154","2019","10","RETROEXCAVADORA - MINERIA","UNIDAD","2"
"05475","2019","10","DRAGA (MINERIA) - MINERIA","UNIDAD","1"
"05475","2019","10","RETROEXCAVADORA - MINERIA","UNIDAD","2"
"05495","2019","10","DRAGA (MINERIA) - MINERIA","UNIDAD","1"
"05649","2019","10","DRAGA (MINERIA) - MINERIA","UNIDAD","3"
"05667","2019","10","DRAGA (MINERIA) - MINERIA","UNIDAD","1"
"05756","2019","10","DRAGA (MINERIA) - MINERIA","UNIDAD","1"
"05890","2019","10","DRAGA (MINERIA) - MINERIA","UNIDAD","3"
"18205","2019","10","DRAGA (MINERIA) - MINERIA","UNIDAD","4"
"20001","2019","10","BULDOZER - MINERIA","UNIDAD","1"
"20001","2019","10","RETROEXCAVADORA - MINERIA","UNIDAD","2"
"23500","2019","10","RETROEXCAVADORA - MINERIA","UNIDAD","1"
"27800","2019","10","RETROEXCAVADORA - MINERIA","UNIDAD","1"
"86001","2019","10","DRAGA (MINERIA) - MINERIA","UNIDAD","1"
"86568","2019","10","CLASIFICADORA - MINERIA","UNIDAD","8"
"86568","2019","10","DRAGA (MINERIA) - MINERIA","UNIDAD","12"
"86573","2019","10","DRAGA (MINERIA) - MINERIA","UNIDAD","1"
"05120","2019","11","CLASIFICADORA - MINERIA","UNIDAD","1"
"05120","2019","11","DRAGA (MINERIA) - MINERIA","UNIDAD","6"
"05120","2019","11","RETROEXCAVADORA - MINERIA","UNIDAD","3"
"05154","2019","11","DRAGA (MINERIA) - MINERIA","UNIDAD","2"
"05495","2019","11","DRAGA (MINERIA) - MINERIA","UNIDAD","11"
"05649","2019","11","DRAGA (MINERIA) - MINERIA","UNIDAD","1"
"05667","2019","11","DRAGA (MINERIA) - MINERIA","UNIDAD","2"
"05667","2019","11","RETROEXCAVADORA - MINERIA","UNIDAD","1"
"05670","2019","11","DRAGA (MINERIA) - MINERIA","UNIDAD","7"
"05670","2019","11","RETROEXCAVADORA - MINERIA","UNIDAD","1"
"08421","2019","11","RETROEXCAVADORA - MINERIA","UNIDAD","4"
"18610","2019","11","DRAGA (MINERIA) - MINERIA","UNIDAD","5"
"41551","2019","11","RETROEXCAVADORA - MINERIA","UNIDAD","1"
"76109","2019","11","RETROEXCAVADORA - MINERIA","UNIDAD","1"
"86001","2019","11","DRAGA (MINERIA) - MINERIA","UNIDAD","5"
"86568","2019","11","DRAGA (MINERIA) - MINERIA","UNIDAD","2"
"86569","2019","11","DRAGA (MINERIA) - MINERIA","UNIDAD","5"
"05113","2019","12","TRITURADORA - MINERIA","UNIDAD","1"
"05120","2019","12","DRAGA (MINERIA) - MINERIA","UNIDAD","11"
"05154","2019","12","DRAGA (MINERIA) - MINERIA","UNIDAD","6"
"05154","2019","12","RETROEXCAVADORA - MINERIA","UNIDAD","1"
"05425","2019","12","DRAGA (MINERIA) - MINERIA","UNIDAD","3"
"05480","2019","12","RETROEXCAVADORA - MINERIA","UNIDAD","1"
"05495","2019","12","DRAGA (MINERIA) - MINERIA","UNIDAD","15"
"05670","2019","12","DRAGA (MINERIA) - MINERIA","UNIDAD","3"
"05790","2019","12","DRAGA (MINERIA) - MINERIA","UNIDAD","1"
"05790","2019","12","RETROEXCAVADORA - MINERIA","UNIDAD","5"
"05890","2019","12","DRAGA (MINERIA) - MINERIA","UNIDAD","3"
"13600","2019","12","RETROEXCAVADORA - MINERIA","UNIDAD","2"
"20400","2019","12","RETROEXCAVADORA - MINERIA","UNIDAD","1"
"23580","2019","12","DRAGA (MINERIA) - MINERIA","UNIDAD","1"
"25486","2019","12","RETROEXCAVADORA - MINERIA","UNIDAD","1"
"27001","2019","12","RETROEXCAVADORA - MINERIA","UNIDAD","1"
"86568","2019","12","DRAGA (MINERIA) - MINERIA","UNIDAD","2"
"05021","2020","1","DRAGA (MINERIA) - MINERIA","UNIDAD","1"
"05120","2020","1","DRAGA (MINERIA) - MINERIA","UNIDAD","37"
"05120","2020","1","RETROEXCAVADORA - MINERIA","UNIDAD","2"
"05154","2020","1","DRAGA (MINERIA) - MINERIA","UNIDAD","15"
"05154","2020","1","RETROEXCAVADORA - MINERIA","UNIDAD","5"
"05495","2020","1","DRAGA (MINERIA) - MINERIA","UNIDAD","8"
"05604","2020","1","CLASIFICADORA - MINERIA","UNIDAD","1"
"05604","2020","1","DRAGA (MINERIA) - MINERIA","UNIDAD","2"
"05604","2020","1","RETROEXCAVADORA - MINERIA","UNIDAD","1"
"05649","2020","1","DRAGA (MINERIA) - MINERIA","UNIDAD","4"
"05670","2020","1","DRAGA (MINERIA) - MINERIA","UNIDAD","6"
"05790","2020","1","DRAGA (MINERIA) - MINERIA","UNIDAD","3"
"05854","2020","1","DRAGA (MINERIA) - MINERIA","UNIDAD","1"
"05895","2020","1","DRAGA (MINERIA) - MINERIA","UNIDAD","1"
"08606","2020","1","RETROEXCAVADORA - MINERIA","UNIDAD","1"
"11001","2020","1","BULDOZER - MINERIA","UNIDAD","1"
"11001","2020","1","RETROEXCAVADORA - MINERIA","UNIDAD","1"
"13670","2020","1","DRAGA (MINERIA) - MINERIA","UNIDAD","3"
"13670","2020","1","RETROEXCAVADORA - MINERIA","UNIDAD","8"
"17867","2020","1","DRAGA (MINERIA) - MINERIA","UNIDAD","1"
"18756","2020","1","DRAGA (MINERIA) - MINERIA","UNIDAD","1"
"27600","2020","1","DRAGA (MINERIA) - MINERIA","UNIDAD","3"
"27600","2020","1","RETROEXCAVADORA - MINERIA","UNIDAD","8"
"50287","2020","1","RETROEXCAVADORA - MINERIA","UNIDAD","1"
"68190","2020","1","RETROEXCAVADORA - MINERIA","UNIDAD","1"
"70508","2020","1","DRAGA (MINERIA) - MINERIA","UNIDAD","1"
"73408","2020","1","RETROEXCAVADORA - MINERIA","UNIDAD","1"
"05021","2020","2","DRAGA (MINERIA) - MINERIA","UNIDAD","1"
"05113","2020","2","TRITURADORA - MINERIA","UNIDAD","36"
"05120","2020","2","DRAGA (MINERIA) - MINERIA","UNIDAD","40"
"05120","2020","2","RETROEXCAVADORA - MINERIA","UNIDAD","1"
"05154","2020","2","DRAGA (MINERIA) - MINERIA","UNIDAD","12"
"05154","2020","2","RETROEXCAVADORA - MINERIA","UNIDAD","2"
"05495","2020","2","DRAGA (MINERIA) - MINERIA","UNIDAD","3"
"05495","2020","2","RETROEXCAVADORA - MINERIA","UNIDAD","2"
"05790","2020","2","DRAGA (MINERIA) - MINERIA","UNIDAD","1"
"05890","2020","2","DRAGA (MINERIA) - MINERIA","UNIDAD","1"
"13006","2020","2","DRAGA (MINERIA) - MINERIA","UNIDAD","3"
"17013","2020","2","CLASIFICADORA - MINERIA","UNIDAD","1"
"17013","2020","2","RETROEXCAVADORA - MINERIA","UNIDAD","2"
"17777","2020","2","CLASIFICADORA - MINERIA","UNIDAD","2"
"17777","2020","2","RETROEXCAVADORA - MINERIA","UNIDAD","1"
"17867","2020","2","DRAGA (MINERIA) - MINERIA","UNIDAD","1"
"18460","2020","2","RETROEXCAVADORA - MINERIA","UNIDAD","1"
"23001","2020","2","RETROEXCAVADORA - MINERIA","UNIDAD","1"
"27800","2020","2","RETROEXCAVADORA - MINERIA","UNIDAD","1"
"52621","2020","2","RETROEXCAVADORA - MINERIA","UNIDAD","13"
"68190","2020","2","RETROEXCAVADORA - MINERIA","UNIDAD","1"
"70265","2020","2","DRAGA (MINERIA) - MINERIA","UNIDAD","1"
"73030","2020","2","CLASIFICADORA - MINERIA","UNIDAD","1"
"73030","2020","2","DRAGA (MINERIA) - MINERIA","UNIDAD","1"
"76869","2020","2","DRAGA (MINERIA) - MINERIA","UNIDAD","2"
"91263","2020","2","DRAGA (MINERIA) - MINERIA","UNIDAD","2"
"05120","2020","3","DRAGA (MINERIA) - MINERIA","UNIDAD","14"
"05120","2020","3","RETROEXCAVADORA - MINERIA","UNIDAD","2"
"05138","2020","3","TRITURADORA - MINERIA","UNIDAD","30"
"05154","2020","3","RETROEXCAVADORA - MINERIA","UNIDAD","2"
"05172","2020","3","RETROEXCAVADORA - MINERIA","UNIDAD","2"
"05495","2020","3","RETROEXCAVADORA - MINERIA","UNIDAD","8"
"05667","2020","3","DRAGA (MINERIA) - MINERIA","UNIDAD","2"
"05670","2020","3","DRAGA (MINERIA) - MINERIA","UNIDAD","2"
"05670","2020","3","RETROEXCAVADORA - MINERIA","UNIDAD","1"
"05890","2020","3","DRAGA (MINERIA) - MINERIA","UNIDAD","2"
"05895","2020","3","RETROEXCAVADORA - MINERIA","UNIDAD","1"
"68190","2020","3","RETROEXCAVADORA - MINERIA","UNIDAD","1"
"86568","2020","3","CLASIFICADORA - MINERIA","UNIDAD","5"
"86568","2020","3","DRAGA (MINERIA) - MINERIA","UNIDAD","3"
"86573","2020","3","DRAGA (MINERIA) - MINERIA","UNIDAD","1"
"91263","2020","3","DRAGA (MINERIA) - MINERIA","UNIDAD","4"
"05120","2020","4","DRAGA (MINERIA) - MINERIA","UNIDAD","29"
"05120","2020","4","RETROEXCAVADORA - MINERIA","UNIDAD","4"
"05154","2020","4","DRAGA (MINERIA) - MINERIA","UNIDAD","27"
"05154","2020","4","RETROEXCAVADORA - MINERIA","UNIDAD","1"
"05234","2020","4","CLASIFICADORA - MINERIA","UNIDAD","2"
"05234","2020","4","DRAGA (MINERIA) - MINERIA","UNIDAD","4"
"05234","2020","4","RETROEXCAVADORA - MINERIA","UNIDAD","1"
"05475","2020","4","DRAGA (MINERIA) - MINERIA","UNIDAD","3"
"05495","2020","4","RETROEXCAVADORA - MINERIA","UNIDAD","2"
"05670","2020","4","DRAGA (MINERIA) - MINERIA","UNIDAD","1"
"05736","2020","4","CLASIFICADORA - MINERIA","UNIDAD","1"
"05736","2020","4","DRAGA (MINERIA) - MINERIA","UNIDAD","1"
"05736","2020","4","RETROEXCAVADORA - MINERIA","UNIDAD","1"
"05790","2020","4","RETROEXCAVADORA - MINERIA","UNIDAD","1"
"15537","2020","4","RETROEXCAVADORA - MINERIA","UNIDAD","6"
"15757","2020","4","RETROEXCAVADORA - MINERIA","UNIDAD","1"
"23068","2020","4","RETROEXCAVADORA - MINERIA","UNIDAD","2"
"68190","2020","4","RETROEXCAVADORA - MINERIA","UNIDAD","1"
"76109","2020","4","DRAGA (MINERIA) - MINERIA","UNIDAD","1"
"76109","2020","4","RETROEXCAVADORA - MINERIA","UNIDAD","6"
"91263","2020","4","DRAGA (MINERIA) - MINERIA","UNIDAD","2"
"91530","2020","4","DRAGA (MINERIA) - MINERIA","UNIDAD","1"
"05113","2020","5","TRITURADORA - MINERIA","UNIDAD","1"
"05120","2020","5","DRAGA (MINERIA) - MINERIA","UNIDAD","6"
"05154","2020","5","DRAGA (MINERIA) - MINERIA","UNIDAD","2"
"05154","2020","5","RETROEXCAVADORA - MINERIA","UNIDAD","1"
"05234","2020","5","CLASIFICADORA - MINERIA","UNIDAD","6"
"05234","2020","5","MEZCLADORA - MINERIA","UNIDAD","7"
"05234","2020","5","RETROEXCAVADORA - MINERIA","UNIDAD","1"
"05234","2020","5","TRITURADORA - MINERIA","UNIDAD","35"
"05425","2020","5","DRAGA (MINERIA) - MINERIA","UNIDAD","2"
"05495","2020","5","DRAGA (MINERIA) - MINERIA","UNIDAD","2"
"05649","2020","5","DRAGA (MINERIA) - MINERIA","UNIDAD","1"
"05670","2020","5","DRAGA (MINERIA) - MINERIA","UNIDAD","10"
"05756","2020","5","RETROEXCAVADORA - MINERIA","UNIDAD","6"
"05873","2020","5","DRAGA (MINERIA) - MINERIA","UNIDAD","1"
"05890","2020","5","DRAGA (MINERIA) - MINERIA","UNIDAD","2"
"17272","2020","5","CLASIFICADORA - MINERIA","UNIDAD","2"
"17665","2020","5","RETROEXCAVADORA - MINERIA","UNIDAD","1"
"19809","2020","5","RETROEXCAVADORA - MINERIA","UNIDAD","8"
"23660","2020","5","RETROEXCAVADORA - MINERIA","UNIDAD","1"
"23815","2020","5","RETROEXCAVADORA - MINERIA","UNIDAD","1"
"25200","2020","5","RETROEXCAVADORA - MINERIA","UNIDAD","4"
"25817","2020","5","RETROEXCAVADORA - MINERIA","UNIDAD","1"
"27001","2020","5","DRAGA (MINERIA) - MINERIA","UNIDAD","3"
"27001","2020","5","RETROEXCAVADORA - MINERIA","UNIDAD","6"
"86568","2020","5","DRAGA (MINERIA) - MINERIA","UNIDAD","3"
"86569","2020","5","DRAGA (MINERIA) - MINERIA","UNIDAD","1"
"05031","2020","6","RETROEXCAVADORA - MINERIA","UNIDAD","1"
"05120","2020","6","DRAGA (MINERIA) - MINERIA","UNIDAD","16"
"05120","2020","6","RETROEXCAVADORA - MINERIA","UNIDAD","4"
"05148","2020","6","DRAGA (MINERIA) - MINERIA","UNIDAD","3"
"05154","2020","6","DRAGA (MINERIA) - MINERIA","UNIDAD","17"
"05197","2020","6","DRAGA (MINERIA) - MINERIA","UNIDAD","2"
"05234","2020","6","CLASIFICADORA - MINERIA","UNIDAD","1"
"05234","2020","6","TRITURADORA - MINERIA","UNIDAD","11"
"05250","2020","6","DRAGA (MINERIA) - MINERIA","UNIDAD","4"
"05250","2020","6","RETROEXCAVADORA - MINERIA","UNIDAD","3"
"05425","2020","6","DRAGA (MINERIA) - MINERIA","UNIDAD","6"
"05604","2020","6","DRAGA (MINERIA) - MINERIA","UNIDAD","3"
"05649","2020","6","DRAGA (MINERIA) - MINERIA","UNIDAD","5"
"08296","2020","6","RETROEXCAVADORA - MINERIA","UNIDAD","1"
"17088","2020","6","RETROEXCAVADORA - MINERIA","UNIDAD","1"
"17388","2020","6","CLASIFICADORA - MINERIA","UNIDAD","1"
"17388","2020","6","RETROEXCAVADORA - MINERIA","UNIDAD","3"
"17777","2020","6","CLASIFICADORA - MINERIA","UNIDAD","1"
"19698","2020","6","DRAGA (MINERIA) - MINERIA","UNIDAD","3"
"23580","2020","6","DRAGA (MINERIA) - MINERIA","UNIDAD","3"
"41132","2020","6","DRAGA (MINERIA) - MINERIA","UNIDAD","1"
"41551","2020","6","RETROEXCAVADORA - MINERIA","UNIDAD","1"
"63690","2020","6","CLASIFICADORA - MINERIA","UNIDAD","1"
"86001","2020","6","RETROEXCAVADORA - MINERIA","UNIDAD","2"
"86569","2020","6","DRAGA (MINERIA) - MINERIA","UNIDAD","3"
"94343","2020","6","DRAGA (MINERIA) - MINERIA","UNIDAD","2"
"94888","2020","6","DRAGA (MINERIA) - MINERIA","UNIDAD","2"
"05038","2020","7","DRAGA (MINERIA) - MINERIA","UNIDAD","1"
"05120","2020","7","DRAGA (MINERIA) - MINERIA","UNIDAD","1"
"05120","2020","7","RETROEXCAVADORA - MINERIA","UNIDAD","2"
"05604","2020","7","CLASIFICADORA - MINERIA","UNIDAD","3"
"05604","2020","7","DRAGA (MINERIA) - MINERIA","UNIDAD","3"
"05604","2020","7","RETROEXCAVADORA - MINERIA","UNIDAD","5"
"05649","2020","7","DRAGA (MINERIA) - MINERIA","UNIDAD","1"
"05649","2020","7","RETROEXCAVADORA - MINERIA","UNIDAD","1"
"05667","2020","7","RETROEXCAVADORA - MINERIA","UNIDAD","1"
"05670","2020","7","DRAGA (MINERIA) - MINERIA","UNIDAD","4"
"05670","2020","7","RETROEXCAVADORA - MINERIA","UNIDAD","1"
"05873","2020","7","DRAGA (MINERIA) - MINERIA","UNIDAD","1"
"05895","2020","7","DRAGA (MINERIA) - MINERIA","UNIDAD","2"
"05895","2020","7","RETROEXCAVADORA - MINERIA","UNIDAD","1"
"11001","2020","7","RETROEXCAVADORA - MINERIA","UNIDAD","1"
"13006","2020","7","DRAGA (MINERIA) - MINERIA","UNIDAD","2"
"13490","2020","7","DRAGA (MINERIA) - MINERIA","UNIDAD","1"
"13744","2020","7","RETROEXCAVADORA - MINERIA","UNIDAD","1"
"15176","2020","7","RETROEXCAVADORA - MINERIA","UNIDAD","1"
"17495","2020","7","DRAGA (MINERIA) - MINERIA","UNIDAD","1"
"17495","2020","7","RETROEXCAVADORA - MINERIA","UNIDAD","3"
"18205","2020","7","DRAGA (MINERIA) - MINERIA","UNIDAD","5"
"19418","2020","7","CLASIFICADORA - MINERIA","UNIDAD","1"
"19418","2020","7","RETROEXCAVADORA - MINERIA","UNIDAD","6"
"23068","2020","7","DRAGA (MINERIA) - MINERIA","UNIDAD","5"
"23068","2020","7","RETROEXCAVADORA - MINERIA","UNIDAD","2"
"27001","2020","7","RETROEXCAVADORA - MINERIA","UNIDAD","1"
"27600","2020","7","DRAGA (MINERIA) - MINERIA","UNIDAD","9"
"27600","2020","7","RETROEXCAVADORA - MINERIA","UNIDAD","5"
"41396","2020","7","RETROEXCAVADORA - MINERIA","UNIDAD","1"
"70265","2020","7","DRAGA (MINERIA) - MINERIA","UNIDAD","2"
"76100","2020","7","RETROEXCAVADORA - MINERIA","UNIDAD","1"
"05120","2020","8","DRAGA (MINERIA) - MINERIA","UNIDAD","5"
"05154","2020","8","DRAGA (MINERIA) - MINERIA","UNIDAD","2"
"05237","2020","8","DRAGA (MINERIA) - MINERIA","UNIDAD","3"
"05495","2020","8","DRAGA (MINERIA) - MINERIA","UNIDAD","8"
"05604","2020","8","CLASIFICADORA - MINERIA","UNIDAD","1"
"05604","2020","8","RETROEXCAVADORA - MINERIA","UNIDAD","2"
"05660","2020","8","DRAGA (MINERIA) - MINERIA","UNIDAD","9"
"05667","2020","8","DRAGA (MINERIA) - MINERIA","UNIDAD","4"
"05890","2020","8","DRAGA (MINERIA) - MINERIA","UNIDAD","18"
"11001","2020","8","RETROEXCAVADORA - MINERIA","UNIDAD","2"
"13006","2020","8","DRAGA (MINERIA) - MINERIA","UNIDAD","1"
"17013","2020","8","CLASIFICADORA - MINERIA","UNIDAD","1"
"17013","2020","8","RETROEXCAVADORA - MINERIA","UNIDAD","2"
"18001","2020","8","RETROEXCAVADORA - MINERIA","UNIDAD","1"
"18205","2020","8","DRAGA (MINERIA) - MINERIA","UNIDAD","10"
"19622","2020","8","TRITURADORA - MINERIA","UNIDAD","11"
"20001","2020","8","RETROEXCAVADORA - MINERIA","UNIDAD","1"
"23466","2020","8","DRAGA (MINERIA) - MINERIA","UNIDAD","1"
"23555","2020","8","DRAGA (MINERIA) - MINERIA","UNIDAD","1"
"23555","2020","8","RETROEXCAVADORA - MINERIA","UNIDAD","1"
"23815","2020","8","RETROEXCAVADORA - MINERIA","UNIDAD","1"
"27001","2020","8","DRAGA (MINERIA) - MINERIA","UNIDAD","6"
"27001","2020","8","RETROEXCAVADORA - MINERIA","UNIDAD","1"
"27135","2020","8","RETROEXCAVADORA - MINERIA","UNIDAD","2"
"27205","2020","8","DRAGA (MINERIA) - MINERIA","UNIDAD","2"
"41298","2020","8","RETROEXCAVADORA - MINERIA","UNIDAD","1"
"41668","2020","8","RETROEXCAVADORA - MINERIA","UNIDAD","2"
"52079","2020","8","RETROEXCAVADORA - MINERIA","UNIDAD","9"
"73055","2020","8","DRAGA (MINERIA) - MINERIA","UNIDAD","2"
"73067","2020","8","DRAGA (MINERIA) - MINERIA","UNIDAD","1"
"76892","2020","8","RETROEXCAVADORA - MINERIA","UNIDAD","1"
"86568","2020","8","DRAGA (MINERIA) - MINERIA","UNIDAD","2"
"91407","2020","8","DRAGA (MINERIA) - MINERIA","UNIDAD","10"
"91798","2020","8","DRAGA (MINERIA) - MINERIA","UNIDAD","10"
"05031","2020","9","RETROEXCAVADORA - MINERIA","UNIDAD","1"
"05154","2020","9","DRAGA (MINERIA) - MINERIA","UNIDAD","2"
"05250","2020","9","BULDOZER - MINERIA","UNIDAD","1"
"05667","2020","9","DRAGA (MINERIA) - MINERIA","UNIDAD","1"
"05670","2020","9","DRAGA (MINERIA) - MINERIA","UNIDAD","1"
"05670","2020","9","RETROEXCAVADORA - MINERIA","UNIDAD","2"
"05690","2020","9","CLASIFICADORA - MINERIA","UNIDAD","3"
"05885","2020","9","DRAGA (MINERIA) - MINERIA","UNIDAD","5"
"05885","2020","9","RETROEXCAVADORA - MINERIA","UNIDAD","2"
"05890","2020","9","DRAGA (MINERIA) - MINERIA","UNIDAD","4"
"05890","2020","9","RETROEXCAVADORA - MINERIA","UNIDAD","1"
"05895","2020","9","DRAGA (MINERIA) - MINERIA","UNIDAD","1"
"05895","2020","9","RETROEXCAVADORA - MINERIA","UNIDAD","1"
"13006","2020","9","DRAGA (MINERIA) - MINERIA","UNIDAD","3"
"25873","2020","9","RETROEXCAVADORA - MINERIA","UNIDAD","1"
"27205","2020","9","RETROEXCAVADORA - MINERIA","UNIDAD","2"
"27615","2020","9","DRAGA (MINERIA) - MINERIA","UNIDAD","4"
"50318","2020","9","RETROEXCAVADORA - MINERIA","UNIDAD","1"
"52001","2020","9","RETROEXCAVADORA - MINERIA","UNIDAD","1"
"73067","2020","9","DRAGA (MINERIA) - MINERIA","UNIDAD","1"
"86568","2020","9","DRAGA (MINERIA) - MINERIA","UNIDAD","1"
"05120","2020","10","DRAGA (MINERIA) - MINERIA","UNIDAD","7"
"05197","2020","10","DRAGA (MINERIA) - MINERIA","UNIDAD","1"
"05250","2020","10","DRAGA (MINERIA) - MINERIA","UNIDAD","2"
"05250","2020","10","RETROEXCAVADORA - MINERIA","UNIDAD","1"
"05495","2020","10","DRAGA (MINERIA) - MINERIA","UNIDAD","6"
"05604","2020","10","CLASIFICADORA - MINERIA","UNIDAD","1"
"05604","2020","10","DRAGA (MINERIA) - MINERIA","UNIDAD","3"
"05604","2020","10","RETROEXCAVADORA - MINERIA","UNIDAD","1"
"05736","2020","10","CLASIFICADORA - MINERIA","UNIDAD","2"
"05736","2020","10","DRAGA (MINERIA) - MINERIA","UNIDAD","2"
"05736","2020","10","RETROEXCAVADORA - MINERIA","UNIDAD","2"
"11001","2020","10","RETROEXCAVADORA - MINERIA","UNIDAD","2"
"13006","2020","10","DRAGA (MINERIA) - MINERIA","UNIDAD","1"
"13838","2020","10","RETROEXCAVADORA - MINERIA","UNIDAD","1"
"19100","2020","10","DRAGA (MINERIA) - MINERIA","UNIDAD","3"
"19100","2020","10","RETROEXCAVADORA - MINERIA","UNIDAD","1"
"19532","2020","10","CLASIFICADORA - MINERIA","UNIDAD","1"
"19532","2020","10","DRAGA (MINERIA) - MINERIA","UNIDAD","3"
"27205","2020","10","RETROEXCAVADORA - MINERIA","UNIDAD","1"
"27491","2020","10","RETROEXCAVADORA - MINERIA","UNIDAD","1"
"73030","2020","10","TRITURADORA - MINERIA","UNIDAD","1"
"76113","2020","10","RETROEXCAVADORA - MINERIA","UNIDAD","1"
"86569","2020","10","CLASIFICADORA - MINERIA","UNIDAD","1"
"86569","2020","10","DRAGA (MINERIA) - MINERIA","UNIDAD","2"
"86885","2020","10","CLASIFICADORA - MINERIA","UNIDAD","1"
"91263","2020","10","DRAGA (MINERIA) - MINERIA","UNIDAD","7"
"05021","2020","11","DRAGA (MINERIA) - MINERIA","UNIDAD","1"
"05021","2020","11","RETROEXCAVADORA - MINERIA","UNIDAD","1"
"05113","2020","11","TRITURADORA - MINERIA","UNIDAD","2"
"05120","2020","11","DRAGA (MINERIA) - MINERIA","UNIDAD","4"
"05120","2020","11","RETROEXCAVADORA - MINERIA","UNIDAD","14"
"05197","2020","11","DRAGA (MINERIA) - MINERIA","UNIDAD","2"
"05234","2020","11","CLASIFICADORA - MINERIA","UNIDAD","3"
"05234","2020","11","MEZCLADORA - MINERIA","UNIDAD","6"
"05250","2020","11","DRAGA (MINERIA) - MINERIA","UNIDAD","7"
"05310","2020","11","DRAGA (MINERIA) - MINERIA","UNIDAD","3"
"05604","2020","11","CLASIFICADORA - MINERIA","UNIDAD","1"
"05604","2020","11","DRAGA (MINERIA) - MINERIA","UNIDAD","1"
"05604","2020","11","RETROEXCAVADORA - MINERIA","UNIDAD","1"
"05670","2020","11","DRAGA (MINERIA) - MINERIA","UNIDAD","3"
"05690","2020","11","DRAGA (MINERIA) - MINERIA","UNIDAD","3"
"05690","2020","11","RETROEXCAVADORA - MINERIA","UNIDAD","1"
"05790","2020","11","DRAGA (MINERIA) - MINERIA","UNIDAD","1"
"05790","2020","11","RETROEXCAVADORA - MINERIA","UNIDAD","2"
"05842","2020","11","MEZCLADORA - MINERIA","UNIDAD","35"
"05842","2020","11","RETROEXCAVADORA - MINERIA","UNIDAD","1"
"05890","2020","11","DRAGA (MINERIA) - MINERIA","UNIDAD","5"
"08141","2020","11","RETROEXCAVADORA - MINERIA","UNIDAD","1"
"08296","2020","11","BULDOZER - MINERIA","UNIDAD","1"
"08296","2020","11","RETROEXCAVADORA - MINERIA","UNIDAD","1"
"13006","2020","11","BULDOZER - MINERIA","UNIDAD","1"
"13458","2020","11","RETROEXCAVADORA - MINERIA","UNIDAD","1"
"13600","2020","11","RETROEXCAVADORA - MINERIA","UNIDAD","4"
"17653","2020","11","RETROEXCAVADORA - MINERIA","UNIDAD","1"
"18205","2020","11","DRAGA (MINERIA) - MINERIA","UNIDAD","4"
"18756","2020","11","DRAGA (MINERIA) - MINERIA","UNIDAD","1"
"20001","2020","11","RETROEXCAVADORA - MINERIA","UNIDAD","1"
"23807","2020","11","RETROEXCAVADORA - MINERIA","UNIDAD","1"
"27001","2020","11","RETROEXCAVADORA - MINERIA","UNIDAD","2"
"27006","2020","11","DRAGA (MINERIA) - MINERIA","UNIDAD","1"
"27600","2020","11","RETROEXCAVADORA - MINERIA","UNIDAD","1"
"27810","2020","11","RETROEXCAVADORA - MINERIA","UNIDAD","1"
"41396","2020","11","RETROEXCAVADORA - MINERIA","UNIDAD","1"
"85001","2020","11","RETROEXCAVADORA - MINERIA","UNIDAD","1"
"86001","2020","11","RETROEXCAVADORA - MINERIA","UNIDAD","1"
"86568","2020","11","DRAGA (MINERIA) - MINERIA","UNIDAD","1"
"86573","2020","11","DRAGA (MINERIA) - MINERIA","UNIDAD","1"
"05120","2020","12","DRAGA (MINERIA) - MINERIA","UNIDAD","3"
"05120","2020","12","RETROEXCAVADORA - MINERIA","UNIDAD","2"
"05142","2020","12","DRAGA (MINERIA) - MINERIA","UNIDAD","3"
"05154","2020","12","DRAGA (MINERIA) - MINERIA","UNIDAD","1"
"05495","2020","12","DRAGA (MINERIA) - MINERIA","UNIDAD","5"
"05585","2020","12","RETROEXCAVADORA - MINERIA","UNIDAD","8"
"05604","2020","12","CLASIFICADORA - MINERIA","UNIDAD","2"
"05604","2020","12","DRAGA (MINERIA) - MINERIA","UNIDAD","2"
"05604","2020","12","RETROEXCAVADORA - MINERIA","UNIDAD","2"
"05670","2020","12","RETROEXCAVADORA - MINERIA","UNIDAD","1"
"05890","2020","12","DRAGA (MINERIA) - MINERIA","UNIDAD","1"
"11001","2020","12","RETROEXCAVADORA - MINERIA","UNIDAD","1"
"17867","2020","12","CLASIFICADORA - MINERIA","UNIDAD","1"
"17867","2020","12","RETROEXCAVADORA - MINERIA","UNIDAD","1"
"23555","2020","12","DRAGA (MINERIA) - MINERIA","UNIDAD","4"
"23807","2020","12","RETROEXCAVADORA - MINERIA","UNIDAD","1"
"27001","2020","12","RETROEXCAVADORA - MINERIA","UNIDAD","2"
"27050","2020","12","RETROEXCAVADORA - MINERIA","UNIDAD","1"
"27600","2020","12","DRAGA (MINERIA) - MINERIA","UNIDAD","4"
"27600","2020","12","RETROEXCAVADORA - MINERIA","UNIDAD","4"
"76001","2020","12","RETROEXCAVADORA - MINERIA","UNIDAD","1"
"86568","2020","12","DRAGA (MINERIA) - MINERIA","UNIDAD","3"
"94001","2020","12","DRAGA (MINERIA) - MINERIA","UNIDAD","1"
"05079","2021","1","DRAGA (MINERIA) - MINERIA","UNIDAD","1"
"05120","2021","1","DRAGA (MINERIA) - MINERIA","UNIDAD","4"
"05120","2021","1","RETROEXCAVADORA - MINERIA","UNIDAD","4"
"05142","2021","1","DRAGA (MINERIA) - MINERIA","UNIDAD","2"
"05154","2021","1","DRAGA (MINERIA) - MINERIA","UNIDAD","4"
"05154","2021","1","RETROEXCAVADORA - MINERIA","UNIDAD","2"
"05237","2021","1","CLASIFICADORA - MINERIA","UNIDAD","1"
"05250","2021","1","DRAGA (MINERIA) - MINERIA","UNIDAD","2"
"05308","2021","1","CLASIFICADORA - MINERIA","UNIDAD","6"
"05495","2021","1","DRAGA (MINERIA) - MINERIA","UNIDAD","26"
"05604","2021","1","CLASIFICADORA - MINERIA","UNIDAD","1"
"05604","2021","1","DRAGA (MINERIA) - MINERIA","UNIDAD","1"
"05604","2021","1","RETROEXCAVADORA - MINERIA","UNIDAD","1"
"05670","2021","1","RETROEXCAVADORA - MINERIA","UNIDAD","1"
"05890","2021","1","DRAGA (MINERIA) - MINERIA","UNIDAD","4"
"05890","2021","1","RETROEXCAVADORA - MINERIA","UNIDAD","1"
"11001","2021","1","RETROEXCAVADORA - MINERIA","UNIDAD","3"
"13244","2021","1","RETROEXCAVADORA - MINERIA","UNIDAD","1"
"13600","2021","1","BULDOZER - MINERIA","UNIDAD","1"
"17001","2021","1","RETROEXCAVADORA - MINERIA","UNIDAD","1"
"17380","2021","1","RETROEXCAVADORA - MINERIA","UNIDAD","1"
"17486","2021","1","CLASIFICADORA - MINERIA","UNIDAD","2"
"23682","2021","1","DRAGA (MINERIA) - MINERIA","UNIDAD","1"
"25386","2021","1","RETROEXCAVADORA - MINERIA","UNIDAD","1"
"27001","2021","1","RETROEXCAVADORA - MINERIA","UNIDAD","2"
"27135","2021","1","RETROEXCAVADORA - MINERIA","UNIDAD","1"
"27600","2021","1","DRAGA (MINERIA) - MINERIA","UNIDAD","8"
"27600","2021","1","RETROEXCAVADORA - MINERIA","UNIDAD","6"
"27787","2021","1","DRAGA (MINERIA) - MINERIA","UNIDAD","1"
"41524","2021","1","DRAGA (MINERIA) - MINERIA","UNIDAD","1"
"50313","2021","1","RETROEXCAVADORA - MINERIA","UNIDAD","1"
"73067","2021","1","DRAGA (MINERIA) - MINERIA","UNIDAD","2"
"73686","2021","1","CLASIFICADORA - MINERIA","UNIDAD","2"
"05120","2021","2","DRAGA (MINERIA) - MINERIA","UNIDAD","4"
"05120","2021","2","RETROEXCAVADORA - MINERIA","UNIDAD","4"
"05154","2021","2","CLASIFICADORA - MINERIA","UNIDAD","1"
"05154","2021","2","DRAGA (MINERIA) - MINERIA","UNIDAD","5"
"05250","2021","2","DRAGA (MINERIA) - MINERIA","UNIDAD","3"
"05250","2021","2","RETROEXCAVADORA - MINERIA","UNIDAD","1"
"05480","2021","2","RETROEXCAVADORA - MINERIA","UNIDAD","1"
"05495","2021","2","DRAGA (MINERIA) - MINERIA","UNIDAD","15"
"05495","2021","2","RETROEXCAVADORA - MINERIA","UNIDAD","2"
"05670","2021","2","DRAGA (MINERIA) - MINERIA","UNIDAD","2"
"05690","2021","2","DRAGA (MINERIA) - MINERIA","UNIDAD","4"
"05736","2021","2","CLASIFICADORA - MINERIA","UNIDAD","1"
"05736","2021","2","RETROEXCAVADORA - MINERIA","UNIDAD","2"
"05756","2021","2","DRAGA (MINERIA) - MINERIA","UNIDAD","3"
"05756","2021","2","RETROEXCAVADORA - MINERIA","UNIDAD","3"
"05890","2021","2","DRAGA (MINERIA) - MINERIA","UNIDAD","18"
"05890","2021","2","RETROEXCAVADORA - MINERIA","UNIDAD","6"
"08001","2021","2","RETROEXCAVADORA - MINERIA","UNIDAD","1"
"08421","2021","2","BULDOZER - MINERIA","UNIDAD","3"
"08421","2021","2","RETROEXCAVADORA - MINERIA","UNIDAD","8"
"11001","2021","2","RETROEXCAVADORA - MINERIA","UNIDAD","1"
"13006","2021","2","DRAGA (MINERIA) - MINERIA","UNIDAD","8"
"13006","2021","2","RETROEXCAVADORA - MINERIA","UNIDAD","1"
"13458","2021","2","DRAGA (MINERIA) - MINERIA","UNIDAD","1"
"13490","2021","2","RETROEXCAVADORA - MINERIA","UNIDAD","1"
"15822","2021","2","RETROEXCAVADORA - MINERIA","UNIDAD","1"
"17380","2021","2","RETROEXCAVADORA - MINERIA","UNIDAD","1"
"17486","2021","2","DRAGA (MINERIA) - MINERIA","UNIDAD","1"
"17486","2021","2","TRITURADORA - MINERIA","UNIDAD","1"
"17614","2021","2","RETROEXCAVADORA - MINERIA","UNIDAD","1"
"18610","2021","2","DRAGA (MINERIA) - MINERIA","UNIDAD","8"
"18785","2021","2","DRAGA (MINERIA) - MINERIA","UNIDAD","1"
"19100","2021","2","RETROEXCAVADORA - MINERIA","UNIDAD","2"
"19100","2021","2","TRITURADORA - MINERIA","UNIDAD","1"
"19698","2021","2","DRAGA (MINERIA) - MINERIA","UNIDAD","7"
"20001","2021","2","RETROEXCAVADORA - MINERIA","UNIDAD","3"
"20621","2021","2","RETROEXCAVADORA - MINERIA","UNIDAD","1"
"20710","2021","2","RETROEXCAVADORA - MINERIA","UNIDAD","1"
"25386","2021","2","RETROEXCAVADORA - MINERIA","UNIDAD","1"
"27050","2021","2","RETROEXCAVADORA - MINERIA","UNIDAD","2"
"27160","2021","2","RETROEXCAVADORA - MINERIA","UNIDAD","2"
"27491","2021","2","RETROEXCAVADORA - MINERIA","UNIDAD","4"
"27600","2021","2","DRAGA (MINERIA) - MINERIA","UNIDAD","4"
"27600","2021","2","RETROEXCAVADORA - MINERIA","UNIDAD","1"
"27810","2021","2","RETROEXCAVADORA - MINERIA","UNIDAD","2"
"68001","2021","2","RETROEXCAVADORA - MINERIA","UNIDAD","2"
"73055","2021","2","RETROEXCAVADORA - MINERIA","UNIDAD","1"
"73347","2021","2","RETROEXCAVADORA - MINERIA","UNIDAD","1"
"76834","2021","2","DRAGA (MINERIA) - MINERIA","UNIDAD","1"
"05120","2021","3","DRAGA (MINERIA) - MINERIA","UNIDAD","1"
"05154","2021","3","DRAGA (MINERIA) - MINERIA","UNIDAD","1"
"05495","2021","3","DRAGA (MINERIA) - MINERIA","UNIDAD","10"
"05495","2021","3","RETROEXCAVADORA - MINERIA","UNIDAD","3"
"05585","2021","3","DRAGA (MINERIA) - MINERIA","UNIDAD","2"
"05585","2021","3","RETROEXCAVADORA - MINERIA","UNIDAD","2"
"05604","2021","3","CLASIFICADORA - MINERIA","UNIDAD","1"
"05604","2021","3","DRAGA (MINERIA) - MINERIA","UNIDAD","1"
"05604","2021","3","RETROEXCAVADORA - MINERIA","UNIDAD","1"
"05670","2021","3","DRAGA (MINERIA) - MINERIA","UNIDAD","3"
"05736","2021","3","CLASIFICADORA - MINERIA","UNIDAD","1"
"05736","2021","3","DRAGA (MINERIA) - MINERIA","UNIDAD","2"
"05736","2021","3","RETROEXCAVADORA - MINERIA","UNIDAD","1"
"05893","2021","3","DRAGA (MINERIA) - MINERIA","UNIDAD","1"
"05895","2021","3","CLASIFICADORA - MINERIA","UNIDAD","6"
"05895","2021","3","RETROEXCAVADORA - MINERIA","UNIDAD","14"
"08421","2021","3","RETROEXCAVADORA - MINERIA","UNIDAD","1"
"11001","2021","3","RETROEXCAVADORA - MINERIA","UNIDAD","3"
"13006","2021","3","RETROEXCAVADORA - MINERIA","UNIDAD","3"
"13490","2021","3","RETROEXCAVADORA - MINERIA","UNIDAD","4"
"13655","2021","3","DRAGA (MINERIA) - MINERIA","UNIDAD","20"
"17380","2021","3","RETROEXCAVADORA - MINERIA","UNIDAD","1"
"17614","2021","3","CLASIFICADORA - MINERIA","UNIDAD","2"
"17614","2021","3","DRAGA (MINERIA) - MINERIA","UNIDAD","2"
"17867","2021","3","DRAGA (MINERIA) - MINERIA","UNIDAD","1"
"19392","2021","3","TRITURADORA - MINERIA","UNIDAD","1"
"19701","2021","3","RETROEXCAVADORA - MINERIA","UNIDAD","1"
"20383","2021","3","BULDOZER - MINERIA","UNIDAD","1"
"23580","2021","3","DRAGA (MINERIA) - MINERIA","UNIDAD","4"
"25873","2021","3","RETROEXCAVADORA - MINERIA","UNIDAD","1"
"27160","2021","3","DRAGA (MINERIA) - MINERIA","UNIDAD","3"
"27160","2021","3","RETROEXCAVADORA - MINERIA","UNIDAD","3"
"27491","2021","3","RETROEXCAVADORA - MINERIA","UNIDAD","1"
"27600","2021","3","DRAGA (MINERIA) - MINERIA","UNIDAD","2"
"50683","2021","3","BULDOZER - MINERIA","UNIDAD","1"
"54174","2021","3","RETROEXCAVADORA - MINERIA","UNIDAD","1"
"76248","2021","3","RETROEXCAVADORA - MINERIA","UNIDAD","1"
"76520","2021","3","RETROEXCAVADORA - MINERIA","UNIDAD","1"
"76834","2021","3","RETROEXCAVADORA - MINERIA","UNIDAD","1"
"05113","2021","4","RETROEXCAVADORA - MINERIA","UNIDAD","1"
"05250","2021","4","DRAGA (MINERIA) - MINERIA","UNIDAD","1"
"05250","2021","4","RETROEXCAVADORA - MINERIA","UNIDAD","1"
"05495","2021","4","DRAGA (MINERIA) - MINERIA","UNIDAD","2"
"05495","2021","4","RETROEXCAVADORA - MINERIA","UNIDAD","5"
"05604","2021","4","CLASIFICADORA - MINERIA","UNIDAD","1"
"05604","2021","4","RETROEXCAVADORA - MINERIA","UNIDAD","1"
"05670","2021","4","DRAGA (MINERIA) - MINERIA","UNIDAD","1"
"05736","2021","4","CLASIFICADORA - MINERIA","UNIDAD","1"
"05736","2021","4","RETROEXCAVADORA - MINERIA","UNIDAD","2"
"05890","2021","4","DRAGA (MINERIA) - MINERIA","UNIDAD","1"
"11001","2021","4","BULDOZER - MINERIA","UNIDAD","1"
"11001","2021","4","RETROEXCAVADORA - MINERIA","UNIDAD","2"
"13490","2021","4","DRAGA (MINERIA) - MINERIA","UNIDAD","12"
"13490","2021","4","MEZCLADORA - MINERIA","UNIDAD","1"
"13490","2021","4","RETROEXCAVADORA - MINERIA","UNIDAD","8"
"13600","2021","4","DRAGA (MINERIA) - MINERIA","UNIDAD","6"
"13600","2021","4","MEZCLADORA - MINERIA","UNIDAD","1"
"13600","2021","4","RETROEXCAVADORA - MINERIA","UNIDAD","4"
"17042","2021","4","CLASIFICADORA - MINERIA","UNIDAD","3"
"18029","2021","4","DRAGA (MINERIA) - MINERIA","UNIDAD","5"
"19256","2021","4","RETROEXCAVADORA - MINERIA","UNIDAD","1"
"20001","2021","4","RETROEXCAVADORA - MINERIA","UNIDAD","1"
"25797","2021","4","RETROEXCAVADORA - MINERIA","UNIDAD","1"
"27050","2021","4","DRAGA (MINERIA) - MINERIA","UNIDAD","1"
"27050","2021","4","RETROEXCAVADORA - MINERIA","UNIDAD","1"
"27600","2021","4","CLASIFICADORA - MINERIA","UNIDAD","1"
"27600","2021","4","RETROEXCAVADORA - MINERIA","UNIDAD","1"
"27787","2021","4","RETROEXCAVADORA - MINERIA","UNIDAD","1"
"50318","2021","4","RETROEXCAVADORA - MINERIA","UNIDAD","1"
"52427","2021","4","RETROEXCAVADORA - MINERIA","UNIDAD","6"
"52621","2021","4","RETROEXCAVADORA - MINERIA","UNIDAD","6"
"76869","2021","4","RETROEXCAVADORA - MINERIA","UNIDAD","2"
"86001","2021","4","RETROEXCAVADORA - MINERIA","UNIDAD","2"
"91263","2021","4","DRAGA (MINERIA) - MINERIA","UNIDAD","1"
"05250","2021","5","RETROEXCAVADORA - MINERIA","UNIDAD","1"
"05495","2021","5","DRAGA (MINERIA) - MINERIA","UNIDAD","1"
"05495","2021","5","RETROEXCAVADORA - MINERIA","UNIDAD","4"
"05604","2021","5","CLASIFICADORA - MINERIA","UNIDAD","3"
"05604","2021","5","RETROEXCAVADORA - MINERIA","UNIDAD","1"
"13600","2021","5","RETROEXCAVADORA - MINERIA","UNIDAD","1"
"17486","2021","5","RETROEXCAVADORA - MINERIA","UNIDAD","1"
"17867","2021","5","DRAGA (MINERIA) - MINERIA","UNIDAD","3"
"27001","2021","5","RETROEXCAVADORA - MINERIA","UNIDAD","1"
"27160","2021","5","DRAGA (MINERIA) - MINERIA","UNIDAD","2"
"27160","2021","5","RETROEXCAVADORA - MINERIA","UNIDAD","2"
"27205","2021","5","RETROEXCAVADORA - MINERIA","UNIDAD","2"
"63130","2021","5","RETROEXCAVADORA - MINERIA","UNIDAD","1"
"73443","2021","5","DRAGA (MINERIA) - MINERIA","UNIDAD","1"
"05021","2021","6","DRAGA (MINERIA) - MINERIA","UNIDAD","1"
"05038","2021","6","RETROEXCAVADORA - MINERIA","UNIDAD","1"
"05045","2021","6","RETROEXCAVADORA - MINERIA","UNIDAD","1"
"05113","2021","6","RETROEXCAVADORA - MINERIA","UNIDAD","1"
"05480","2021","6","RETROEXCAVADORA - MINERIA","UNIDAD","1"
"05495","2021","6","DRAGA (MINERIA) - MINERIA","UNIDAD","2"
"05585","2021","6","RETROEXCAVADORA - MINERIA","UNIDAD","1"
"05604","2021","6","CLASIFICADORA - MINERIA","UNIDAD","3"
"05604","2021","6","DRAGA (MINERIA) - MINERIA","UNIDAD","2"
"05604","2021","6","RETROEXCAVADORA - MINERIA","UNIDAD","3"
"05736","2021","6","CLASIFICADORA - MINERIA","UNIDAD","1"
"05736","2021","6","DRAGA (MINERIA) - MINERIA","UNIDAD","1"
"05736","2021","6","RETROEXCAVADORA - MINERIA","UNIDAD","1"
"15224","2021","6","RETROEXCAVADORA - MINERIA","UNIDAD","2"
"18205","2021","6","DRAGA (MINERIA) - MINERIA","UNIDAD","2"
"27600","2021","6","DRAGA (MINERIA) - MINERIA","UNIDAD","8"
"50001","2021","6","MEZCLADORA - MINERIA","UNIDAD","1"
"52354","2021","6","RETROEXCAVADORA - MINERIA","UNIDAD","1"
"66594","2021","6","RETROEXCAVADORA - MINERIA","UNIDAD","1"
"05113","2021","7","RETROEXCAVADORA - MINERIA","UNIDAD","1"
"05120","2021","7","DRAGA (MINERIA) - MINERIA","UNIDAD","1"
"05145","2021","7","DRAGA (MINERIA) - MINERIA","UNIDAD","1"
"05495","2021","7","DRAGA (MINERIA) - MINERIA","UNIDAD","16"
"05736","2021","7","CLASIFICADORA - MINERIA","UNIDAD","1"
"05736","2021","7","RETROEXCAVADORA - MINERIA","UNIDAD","1"
"05890","2021","7","DRAGA (MINERIA) - MINERIA","UNIDAD","2"
"05895","2021","7","RETROEXCAVADORA - MINERIA","UNIDAD","1"
"13160","2021","7","RETROEXCAVADORA - MINERIA","UNIDAD","1"
"15476","2021","7","RETROEXCAVADORA - MINERIA","UNIDAD","1"
"17495","2021","7","CLASIFICADORA - MINERIA","UNIDAD","8"
"17495","2021","7","DRAGA (MINERIA) - MINERIA","UNIDAD","8"
"17662","2021","7","CLASIFICADORA - MINERIA","UNIDAD","1"
"17662","2021","7","TRITURADORA - MINERIA","UNIDAD","1"
"23182","2021","7","RETROEXCAVADORA - MINERIA","UNIDAD","1"
"27001","2021","7","CLASIFICADORA - MINERIA","UNIDAD","2"
"27001","2021","7","DRAGA (MINERIA) - MINERIA","UNIDAD","2"
"27001","2021","7","RETROEXCAVADORA - MINERIA","UNIDAD","2"
"27491","2021","7","DRAGA (MINERIA) - MINERIA","UNIDAD","1"
"27491","2021","7","RETROEXCAVADORA - MINERIA","UNIDAD","4"
"41132","2021","7","RETROEXCAVADORA - MINERIA","UNIDAD","1"
"91263","2021","7","DRAGA (MINERIA) - MINERIA","UNIDAD","3"
"94001","2021","7","DRAGA (MINERIA) - MINERIA","UNIDAD","2"
"05120","2021","8","RETROEXCAVADORA - MINERIA","UNIDAD","4"
"05154","2021","8","DRAGA (MINERIA) - MINERIA","UNIDAD","2"
"05250","2021","8","DRAGA (MINERIA) - MINERIA","UNIDAD","5"
"05480","2021","8","RETROEXCAVADORA - MINERIA","UNIDAD","1"
"05495","2021","8","DRAGA (MINERIA) - MINERIA","UNIDAD","5"
"05495","2021","8","RETROEXCAVADORA - MINERIA","UNIDAD","3"
"05585","2021","8","DRAGA (MINERIA) - MINERIA","UNIDAD","4"
"05585","2021","8","RETROEXCAVADORA - MINERIA","UNIDAD","2"
"05604","2021","8","CLASIFICADORA - MINERIA","UNIDAD","2"
"05604","2021","8","DRAGA (MINERIA) - MINERIA","UNIDAD","2"
"05604","2021","8","RETROEXCAVADORA - MINERIA","UNIDAD","2"
"05660","2021","8","DRAGA (MINERIA) - MINERIA","UNIDAD","2"
"05670","2021","8","DRAGA (MINERIA) - MINERIA","UNIDAD","5"
"05670","2021","8","MEZCLADORA - MINERIA","UNIDAD","8"
"05670","2021","8","RETROEXCAVADORA - MINERIA","UNIDAD","2"
"05690","2021","8","DRAGA (MINERIA) - MINERIA","UNIDAD","4"
"05893","2021","8","DRAGA (MINERIA) - MINERIA","UNIDAD","4"
"05895","2021","8","DRAGA (MINERIA) - MINERIA","UNIDAD","1"
"05895","2021","8","RETROEXCAVADORA - MINERIA","UNIDAD","1"
"08141","2021","8","RETROEXCAVADORA - MINERIA","UNIDAD","1"
"08296","2021","8","RETROEXCAVADORA - MINERIA","UNIDAD","3"
"11001","2021","8","RETROEXCAVADORA - MINERIA","UNIDAD","3"
"13006","2021","8","RETROEXCAVADORA - MINERIA","UNIDAD","3"
"15516","2021","8","RETROEXCAVADORA - MINERIA","UNIDAD","1"
"15839","2021","8","RETROEXCAVADORA - MINERIA","UNIDAD","1"
"17867","2021","8","CLASIFICADORA - MINERIA","UNIDAD","2"
"18610","2021","8","RETROEXCAVADORA - MINERIA","UNIDAD","1"
"19533","2021","8","DRAGA (MINERIA) - MINERIA","UNIDAD","3"
"19533","2021","8","RETROEXCAVADORA - MINERIA","UNIDAD","1"
"20001","2021","8","RETROEXCAVADORA - MINERIA","UNIDAD","2"
"23466","2021","8","DRAGA (MINERIA) - MINERIA","UNIDAD","1"
"23580","2021","8","DRAGA (MINERIA) - MINERIA","UNIDAD","1"
"25736","2021","8","RETROEXCAVADORA - MINERIA","UNIDAD","1"
"25797","2021","8","RETROEXCAVADORA - MINERIA","UNIDAD","2"
"27001","2021","8","RETROEXCAVADORA - MINERIA","UNIDAD","6"
"27135","2021","8","DRAGA (MINERIA) - MINERIA","UNIDAD","2"
"27135","2021","8","RETROEXCAVADORA - MINERIA","UNIDAD","1"
"27580","2021","8","DRAGA (MINERIA) - MINERIA","UNIDAD","2"
"50325","2021","8","BULDOZER - MINERIA","UNIDAD","1"
"52473","2021","8","DRAGA (MINERIA) - MINERIA","UNIDAD","2"
"05142","2021","9","DRAGA (MINERIA) - MINERIA","UNIDAD","5"
"05206","2021","9","DRAGA (MINERIA) - MINERIA","UNIDAD","3"
"05310","2021","9","DRAGA (MINERIA) - MINERIA","UNIDAD","6"
"05425","2021","9","DRAGA (MINERIA) - MINERIA","UNIDAD","8"
"05495","2021","9","DRAGA (MINERIA) - MINERIA","UNIDAD","4"
"05495","2021","9","RETROEXCAVADORA - MINERIA","UNIDAD","2"
"05604","2021","9","CLASIFICADORA - MINERIA","UNIDAD","2"
"05604","2021","9","DRAGA (MINERIA) - MINERIA","UNIDAD","3"
"05604","2021","9","RETROEXCAVADORA - MINERIA","UNIDAD","3"
"05649","2021","9","DRAGA (MINERIA) - MINERIA","UNIDAD","8"
"05670","2021","9","DRAGA (MINERIA) - MINERIA","UNIDAD","3"
"05690","2021","9","DRAGA (MINERIA) - MINERIA","UNIDAD","4"
"05736","2021","9","CLASIFICADORA - MINERIA","UNIDAD","1"
"05736","2021","9","RETROEXCAVADORA - MINERIA","UNIDAD","1"
"05890","2021","9","DRAGA (MINERIA) - MINERIA","UNIDAD","6"
"13006","2021","9","RETROEXCAVADORA - MINERIA","UNIDAD","2"
"13006","2021","9","TRITURADORA - MINERIA","UNIDAD","1"
"15001","2021","9","RETROEXCAVADORA - MINERIA","UNIDAD","1"
"18029","2021","9","DRAGA (MINERIA) - MINERIA","UNIDAD","1"
"18205","2021","9","CLASIFICADORA - MINERIA","UNIDAD","8"
"18205","2021","9","DRAGA (MINERIA) - MINERIA","UNIDAD","6"
"20238","2021","9","RETROEXCAVADORA - MINERIA","UNIDAD","2"
"23580","2021","9","DRAGA (MINERIA) - MINERIA","UNIDAD","1"
"25797","2021","9","RETROEXCAVADORA - MINERIA","UNIDAD","2"
"27160","2021","9","CLASIFICADORA - MINERIA","UNIDAD","1"
"27160","2021","9","DRAGA (MINERIA) - MINERIA","UNIDAD","1"
"86885","2021","9","DRAGA (MINERIA) - MINERIA","UNIDAD","2"
"05107","2021","10","CLASIFICADORA - MINERIA","UNIDAD","1"
"05107","2021","10","RETROEXCAVADORA - MINERIA","UNIDAD","2"
"05120","2021","10","DRAGA (MINERIA) - MINERIA","UNIDAD","12"
"05120","2021","10","RETROEXCAVADORA - MINERIA","UNIDAD","4"
"05142","2021","10","DRAGA (MINERIA) - MINERIA","UNIDAD","9"
"05142","2021","10","RETROEXCAVADORA - MINERIA","UNIDAD","2"
"05154","2021","10","DRAGA (MINERIA) - MINERIA","UNIDAD","26"
"05250","2021","10","DRAGA (MINERIA) - MINERIA","UNIDAD","1"
"05495","2021","10","DRAGA (MINERIA) - MINERIA","UNIDAD","12"
"05495","2021","10","RETROEXCAVADORA - MINERIA","UNIDAD","5"
"05579","2021","10","DRAGA (MINERIA) - MINERIA","UNIDAD","10"
"05604","2021","10","CLASIFICADORA - MINERIA","UNIDAD","1"
"05604","2021","10","DRAGA (MINERIA) - MINERIA","UNIDAD","2"
"05604","2021","10","RETROEXCAVADORA - MINERIA","UNIDAD","1"
"05670","2021","10","DRAGA (MINERIA) - MINERIA","UNIDAD","25"
"05670","2021","10","RETROEXCAVADORA - MINERIA","UNIDAD","4"
"05736","2021","10","DRAGA (MINERIA) - MINERIA","UNIDAD","1"
"05856","2021","10","DRAGA (MINERIA) - MINERIA","UNIDAD","3"
"05856","2021","10","RETROEXCAVADORA - MINERIA","UNIDAD","4"
"05887","2021","10","RETROEXCAVADORA - MINERIA","UNIDAD","2"
"05895","2021","10","DRAGA (MINERIA) - MINERIA","UNIDAD","1"
"11001","2021","10","RETROEXCAVADORA - MINERIA","UNIDAD","3"
"13600","2021","10","RETROEXCAVADORA - MINERIA","UNIDAD","1"
"23466","2021","10","RETROEXCAVADORA - MINERIA","UNIDAD","1"
"25286","2021","10","RETROEXCAVADORA - MINERIA","UNIDAD","3"
"27135","2021","10","DRAGA (MINERIA) - MINERIA","UNIDAD","3"
"27600","2021","10","DRAGA (MINERIA) - MINERIA","UNIDAD","3"
"52256","2021","10","RETROEXCAVADORA - MINERIA","UNIDAD","1"
"68861","2021","10","RETROEXCAVADORA - MINERIA","UNIDAD","1"
"70204","2021","10","RETROEXCAVADORA - MINERIA","UNIDAD","1"
"86573","2021","10","DRAGA (MINERIA) - MINERIA","UNIDAD","3"
"86885","2021","10","CLASIFICADORA - MINERIA","UNIDAD","3"
"86885","2021","10","DRAGA (MINERIA) - MINERIA","UNIDAD","3"
"91530","2021","10","DRAGA (MINERIA) - MINERIA","UNIDAD","2"
"94001","2021","10","DRAGA (MINERIA) - MINERIA","UNIDAD","5"
"05250","2021","11","DRAGA (MINERIA) - MINERIA","UNIDAD","1"
"05495","2021","11","DRAGA (MINERIA) - MINERIA","UNIDAD","18"
"05495","2021","11","MEZCLADORA - MINERIA","UNIDAD","1"
"05495","2021","11","RETROEXCAVADORA - MINERIA","UNIDAD","1"
"05604","2021","11","CLASIFICADORA - MINERIA","UNIDAD","1"
"05604","2021","11","RETROEXCAVADORA - MINERIA","UNIDAD","1"
"05670","2021","11","DRAGA (MINERIA) - MINERIA","UNIDAD","2"
"05670","2021","11","RETROEXCAVADORA - MINERIA","UNIDAD","3"
"05690","2021","11","DRAGA (MINERIA) - MINERIA","UNIDAD","2"
"05690","2021","11","RETROEXCAVADORA - MINERIA","UNIDAD","2"
"05736","2021","11","CLASIFICADORA - MINERIA","UNIDAD","2"
"05736","2021","11","DRAGA (MINERIA) - MINERIA","UNIDAD","1"
"05736","2021","11","RETROEXCAVADORA - MINERIA","UNIDAD","2"
"05895","2021","11","DRAGA (MINERIA) - MINERIA","UNIDAD","1"
"13006","2021","11","DRAGA (MINERIA) - MINERIA","UNIDAD","2"
"13006","2021","11","RETROEXCAVADORA - MINERIA","UNIDAD","3"
"13600","2021","11","RETROEXCAVADORA - MINERIA","UNIDAD","6"
"13655","2021","11","DRAGA (MINERIA) - MINERIA","UNIDAD","3"
"13744","2021","11","BULDOZER - MINERIA","UNIDAD","1"
"13744","2021","11","RETROEXCAVADORA - MINERIA","UNIDAD","7"
"15516","2021","11","RETROEXCAVADORA - MINERIA","UNIDAD","1"
"19533","2021","11","CLASIFICADORA - MINERIA","UNIDAD","3"
"19533","2021","11","DRAGA (MINERIA) - MINERIA","UNIDAD","3"
"23189","2021","11","RETROEXCAVADORA - MINERIA","UNIDAD","2"
"23580","2021","11","RETROEXCAVADORA - MINERIA","UNIDAD","1"
"25290","2021","11","RETROEXCAVADORA - MINERIA","UNIDAD","1"
"25386","2021","11","RETROEXCAVADORA - MINERIA","UNIDAD","1"
"27001","2021","11","DRAGA (MINERIA) - MINERIA","UNIDAD","3"
"27001","2021","11","RETROEXCAVADORA - MINERIA","UNIDAD","1"
"27491","2021","11","RETROEXCAVADORA - MINERIA","UNIDAD","1"
"27600","2021","11","DRAGA (MINERIA) - MINERIA","UNIDAD","3"
"76109","2021","11","RETROEXCAVADORA - MINERIA","UNIDAD","1"
"76109","2021","11","TRITURADORA - MINERIA","UNIDAD","1"
"86568","2021","11","DRAGA (MINERIA) - MINERIA","UNIDAD","2"
"86885","2021","11","DRAGA (MINERIA) - MINERIA","UNIDAD","1"
"94343","2021","11","DRAGA (MINERIA) - MINERIA","UNIDAD","3"
"05495","2021","12","BULDOZER - MINERIA","UNIDAD","1"
"05495","2021","12","DRAGA (MINERIA) - MINERIA","UNIDAD","6"
"05495","2021","12","RETROEXCAVADORA - MINERIA","UNIDAD","3"
"05604","2021","12","CLASIFICADORA - MINERIA","UNIDAD","2"
"05604","2021","12","DRAGA (MINERIA) - MINERIA","UNIDAD","7"
"05604","2021","12","RETROEXCAVADORA - MINERIA","UNIDAD","4"
"08141","2021","12","RETROEXCAVADORA - MINERIA","UNIDAD","1"
"13006","2021","12","RETROEXCAVADORA - MINERIA","UNIDAD","2"
"13655","2021","12","DRAGA (MINERIA) - MINERIA","UNIDAD","1"
"13655","2021","12","RETROEXCAVADORA - MINERIA","UNIDAD","1"
"25407","2021","12","RETROEXCAVADORA - MINERIA","UNIDAD","3"
"27001","2021","12","RETROEXCAVADORA - MINERIA","UNIDAD","3"
"27135","2021","12","DRAGA (MINERIA) - MINERIA","UNIDAD","2"
"27135","2021","12","RETROEXCAVADORA - MINERIA","UNIDAD","1"
"52352","2021","12","RETROEXCAVADORA - MINERIA","UNIDAD","2"
"52427","2021","12","RETROEXCAVADORA - MINERIA","UNIDAD","5"
"05120","2022","1","DRAGA (MINERIA) - MINERIA","UNIDAD","3"
"05425","2022","1","DRAGA (MINERIA) - MINERIA","UNIDAD","14"
"05425","2022","1","RETROEXCAVADORA - MINERIA","UNIDAD","2"
"05480","2022","1","RETROEXCAVADORA - MINERIA","UNIDAD","1"
"05490","2022","1","RETROEXCAVADORA - MINERIA","UNIDAD","1"
"05495","2022","1","DRAGA (MINERIA) - MINERIA","UNIDAD","5"
"05495","2022","1","EXCAVADORA - MINERIA","UNIDAD","2"
"05495","2022","1","RETROEXCAVADORA - MINERIA","UNIDAD","1"
"05670","2022","1","DRAGA (MINERIA) - MINERIA","UNIDAD","41"
"05670","2022","1","RETROEXCAVADORA - MINERIA","UNIDAD","5"
"05736","2022","1","CLASIFICADORA - MINERIA","UNIDAD","1"
"05736","2022","1","RETROEXCAVADORA - MINERIA","UNIDAD","1"
"05887","2022","1","RETROEXCAVADORA - MINERIA","UNIDAD","1"
"08421","2022","1","RETROEXCAVADORA - MINERIA","UNIDAD","5"
"13654","2022","1","DRAGA (MINERIA) - MINERIA","UNIDAD","2"
"15516","2022","1","RETROEXCAVADORA - MINERIA","UNIDAD","1"
"23580","2022","1","DRAGA (MINERIA) - MINERIA","UNIDAD","2"
"27425","2022","1","DRAGA (MINERIA) - MINERIA","UNIDAD","1"
"27787","2022","1","EXCAVADORA - MINERIA","UNIDAD","1"
"27787","2022","1","RETROEXCAVADORA - MINERIA","UNIDAD","1"
"76520","2022","1","RETROEXCAVADORA - MINERIA","UNIDAD","1"
"76616","2022","1","CLASIFICADORA - MINERIA","UNIDAD","1"
"86573","2022","1","DRAGA (MINERIA) - MINERIA","UNIDAD","2"
"95001","2022","1","RETROEXCAVADORA - MINERIA","UNIDAD","1"
"05120","2022","2","DRAGA (MINERIA) - MINERIA","UNIDAD","3"
"05154","2022","2","DRAGA (MINERIA) - MINERIA","UNIDAD","10"
"05390","2022","2","RETROEXCAVADORA - MINERIA","UNIDAD","2"
"05495","2022","2","DRAGA (MINERIA) - MINERIA","UNIDAD","5"
"05495","2022","2","EXCAVADORA - MINERIA","UNIDAD","2"
"05495","2022","2","RETROEXCAVADORA - MINERIA","UNIDAD","2"
"05670","2022","2","RETROEXCAVADORA - MINERIA","UNIDAD","2"
"05736","2022","2","CLASIFICADORA - MINERIA","UNIDAD","1"
"05736","2022","2","RETROEXCAVADORA - MINERIA","UNIDAD","2"
"05887","2022","2","RETROEXCAVADORA - MINERIA","UNIDAD","3"
"05890","2022","2","RETROEXCAVADORA - MINERIA","UNIDAD","1"
"11001","2022","2","RETROEXCAVADORA - MINERIA","UNIDAD","1"
"13006","2022","2","DRAGA (MINERIA) - MINERIA","UNIDAD","1"
"13654","2022","2","DRAGA (MINERIA) - MINERIA","UNIDAD","1"
"13654","2022","2","RETROEXCAVADORA - MINERIA","UNIDAD","1"
"17042","2022","2","CLASIFICADORA - MINERIA","UNIDAD","2"
"17042","2022","2","TRITURADORA - MINERIA","UNIDAD","1"
"17513","2022","2","CLASIFICADORA - MINERIA","UNIDAD","1"
"17513","2022","2","DRAGA (MINERIA) - MINERIA","UNIDAD","1"
"17614","2022","2","CLASIFICADORA - MINERIA","UNIDAD","1"
"19698","2022","2","DRAGA (MINERIA) - MINERIA","UNIDAD","2"
"23580","2022","2","DRAGA (MINERIA) - MINERIA","UNIDAD","1"
"27001","2022","2","DRAGA (MINERIA) - MINERIA","UNIDAD","1"
"27001","2022","2","DRAGA TIPO DRAGON - MINERIA","UNIDAD","2"
"27001","2022","2","EXCAVADORA - MINERIA","UNIDAD","3"
"27413","2022","2","CLASIFICADORA - MINERIA","UNIDAD","1"
"27413","2022","2","EXCAVADORA - MINERIA","UNIDAD","3"
"27425","2022","2","RETROEXCAVADORA - MINERIA","UNIDAD","6"
"50006","2022","2","BULDOZER - MINERIA","UNIDAD","1"
"50325","2022","2","BULDOZER - MINERIA","UNIDAD","1"
"86568","2022","2","DRAGA (MINERIA) - MINERIA","UNIDAD","7"
"86885","2022","2","DRAGA (MINERIA) - MINERIA","UNIDAD","2"
"05088","2022","3","RETROEXCAVADORA - MINERIA","UNIDAD","12"
"05120","2022","3","DRAGA (MINERIA) - MINERIA","UNIDAD","10"
"05250","2022","3","DRAGA (MINERIA) - MINERIA","UNIDAD","1"
"05495","2022","3","DRAGA (MINERIA) - MINERIA","UNIDAD","10"
"05495","2022","3","RETROEXCAVADORA - MINERIA","UNIDAD","1"
"05585","2022","3","RETROEXCAVADORA - MINERIA","UNIDAD","1"
"05604","2022","3","DRAGA (MINERIA) - MINERIA","UNIDAD","3"
"05670","2022","3","DRAGA (MINERIA) - MINERIA","UNIDAD","8"
"05670","2022","3","RETROEXCAVADORA - MINERIA","UNIDAD","1"
"05736","2022","3","CLASIFICADORA - MINERIA","UNIDAD","2"
"05736","2022","3","DRAGA (MINERIA) - MINERIA","UNIDAD","2"
"05736","2022","3","RETROEXCAVADORA - MINERIA","UNIDAD","2"
"08638","2022","3","RETROEXCAVADORA - MINERIA","UNIDAD","1"
"11001","2022","3","BULDOZER - MINERIA","UNIDAD","6"
"11001","2022","3","EXCAVADORA - MINERIA","UNIDAD","9"
"13006","2022","3","DRAGA TIPO DRAGON - MINERIA","UNIDAD","1"
"17380","2022","3","TRITURADORA - MINERIA","UNIDAD","1"
"17662","2022","3","CLASIFICADORA - MINERIA","UNIDAD","7"
"17662","2022","3","DRAGA (MINERIA) - MINERIA","UNIDAD","7"
"17867","2022","3","CLASIFICADORA - MINERIA","UNIDAD","1"
"17867","2022","3","DRAGA (MINERIA) - MINERIA","UNIDAD","1"
"17867","2022","3","RETROEXCAVADORA - MINERIA","UNIDAD","1"
"18205","2022","3","DRAGA (MINERIA) - MINERIA","UNIDAD","5"
"20295","2022","3","EXCAVADORA - MINERIA","UNIDAD","1"
"20295","2022","3","RETROEXCAVADORA - MINERIA","UNIDAD","1"
"23464","2022","3","EXCAVADORA - MINERIA","UNIDAD","2"
"25286","2022","3","BULDOZER - MINERIA","UNIDAD","1"
"25286","2022","3","RETROEXCAVADORA - MINERIA","UNIDAD","1"
"25386","2022","3","RETROEXCAVADORA - MINERIA","UNIDAD","2"
"27135","2022","3","DRAGA (MINERIA) - MINERIA","UNIDAD","2"
"27135","2022","3","DRAGA TIPO DRAGON - MINERIA","UNIDAD","1"
"27135","2022","3","EXCAVADORA - MINERIA","UNIDAD","2"
"50001","2022","3","RETROEXCAVADORA - MINERIA","UNIDAD","1"
"50226","2022","3","RETROEXCAVADORA - MINERIA","UNIDAD","1"
"50568","2022","3","RETROEXCAVADORA - MINERIA","UNIDAD","1"
"54250","2022","3","DRAGA TIPO DRAGON - MINERIA","UNIDAD","1"
"54720","2022","3","DRAGA TIPO DRAGON - MINERIA","UNIDAD","1"
"54720","2022","3","MEZCLADORA - MINERIA","UNIDAD","5"
"70221","2022","3","EXCAVADORA - MINERIA","UNIDAD","2"
"73055","2022","3","RETROEXCAVADORA - MINERIA","UNIDAD","1"
"86320","2022","3","RETROEXCAVADORA - MINERIA","UNIDAD","1"
"86573","2022","3","DRAGA (MINERIA) - MINERIA","UNIDAD","1"
"91798","2022","3","DRAGA TIPO DRAGON - MINERIA","UNIDAD","3"
"05120","2022","4","DRAGA (MINERIA) - MINERIA","UNIDAD","12"
"05154","2022","4","DRAGA (MINERIA) - MINERIA","UNIDAD","3"
"05250","2022","4","DRAGA (MINERIA) - MINERIA","UNIDAD","4"
"05250","2022","4","EXCAVADORA - MINERIA","UNIDAD","2"
"05250","2022","4","RETROEXCAVADORA - MINERIA","UNIDAD","1"
"05425","2022","4","DRAGA (MINERIA) - MINERIA","UNIDAD","5"
"05495","2022","4","DRAGA (MINERIA) - MINERIA","UNIDAD","4"
"05495","2022","4","DRAGA TIPO DRAGON - MINERIA","UNIDAD","1"
"05495","2022","4","EXCAVADORA - MINERIA","UNIDAD","2"
"05495","2022","4","RETROEXCAVADORA - MINERIA","UNIDAD","3"
"05585","2022","4","DRAGA (MINERIA) - MINERIA","UNIDAD","1"
"05585","2022","4","RETROEXCAVADORA - MINERIA","UNIDAD","4"
"05604","2022","4","CLASIFICADORA - MINERIA","UNIDAD","2"
"05604","2022","4","DRAGA (MINERIA) - MINERIA","UNIDAD","1"
"05604","2022","4","RETROEXCAVADORA - MINERIA","UNIDAD","2"
"05736","2022","4","CLASIFICADORA - MINERIA","UNIDAD","2"
"05736","2022","4","DRAGA (MINERIA) - MINERIA","UNIDAD","1"
"05736","2022","4","RETROEXCAVADORA - MINERIA","UNIDAD","1"
"05790","2022","4","DRAGA (MINERIA) - MINERIA","UNIDAD","6"
"05885","2022","4","DRAGA (MINERIA) - MINERIA","UNIDAD","2"
"13006","2022","4","RETROEXCAVADORA - MINERIA","UNIDAD","1"
"13670","2022","4","DRAGA (MINERIA) - MINERIA","UNIDAD","1"
"17867","2022","4","DRAGA (MINERIA) - MINERIA","UNIDAD","1"
"17867","2022","4","DRAGA TIPO DRAGON - MINERIA","UNIDAD","1"
"17867","2022","4","EXCAVADORA - MINERIA","UNIDAD","1"
"27001","2022","4","BULDOZER - MINERIA","UNIDAD","1"
"27160","2022","4","DRAGA TIPO DRAGON - MINERIA","UNIDAD","3"
"27425","2022","4","EXCAVADORA - MINERIA","UNIDAD","1"
"76109","2022","4","TRITURADORA - MINERIA","UNIDAD","1"
"76890","2022","4","RETROEXCAVADORA - MINERIA","UNIDAD","1"
"86568","2022","4","DRAGA TIPO DRAGON - MINERIA","UNIDAD","3"
"94001","2022","4","DRAGA (MINERIA) - MINERIA","UNIDAD","4"
"05120","2022","5","DRAGA (MINERIA) - MINERIA","UNIDAD","21"
"05120","2022","5","EXCAVADORA - MINERIA","UNIDAD","2"
"05120","2022","5","RETROEXCAVADORA - MINERIA","UNIDAD","4"
"05142","2022","5","DRAGA (MINERIA) - MINERIA","UNIDAD","6"
"05142","2022","5","EXCAVADORA - MINERIA","UNIDAD","1"
"05142","2022","5","RETROEXCAVADORA - MINERIA","UNIDAD","1"
"05250","2022","5","RETROEXCAVADORA - MINERIA","UNIDAD","1"
"05495","2022","5","EXCAVADORA - MINERIA","UNIDAD","1"
"05495","2022","5","RETROEXCAVADORA - MINERIA","UNIDAD","1"
"05604","2022","5","CLASIFICADORA - MINERIA","UNIDAD","2"
"05604","2022","5","DRAGA (MINERIA) - MINERIA","UNIDAD","1"
"05604","2022","5","RETROEXCAVADORA - MINERIA","UNIDAD","2"
"05670","2022","5","RETROEXCAVADORA - MINERIA","UNIDAD","1"
"05887","2022","5","RETROEXCAVADORA - MINERIA","UNIDAD","1"
"05895","2022","5","BULDOZER - MINERIA","UNIDAD","1"
"05895","2022","5","DRAGA (MINERIA) - MINERIA","UNIDAD","3"
"05895","2022","5","RETROEXCAVADORA - MINERIA","UNIDAD","8"
"08421","2022","5","RETROEXCAVADORA - MINERIA","UNIDAD","1"
"11001","2022","5","BULDOZER - MINERIA","UNIDAD","2"
"11001","2022","5","EXCAVADORA - MINERIA","UNIDAD","2"
"17777","2022","5","RETROEXCAVADORA - MINERIA","UNIDAD","1"
"27001","2022","5","EXCAVADORA - MINERIA","UNIDAD","1"
"27413","2022","5","CLASIFICADORA - MINERIA","UNIDAD","2"
"27413","2022","5","EXCAVADORA - MINERIA","UNIDAD","3"
"27600","2022","5","DRAGA (MINERIA) - MINERIA","UNIDAD","2"
"27600","2022","5","DRAGA TIPO DRAGON - MINERIA","UNIDAD","2"
"68190","2022","5","RETROEXCAVADORA - MINERIA","UNIDAD","1"
"76616","2022","5","CLASIFICADORA - MINERIA","UNIDAD","2"
"05120","2022","6","DRAGA (MINERIA) - MINERIA","UNIDAD","8"
"05142","2022","6","DRAGA (MINERIA) - MINERIA","UNIDAD","3"
"05154","2022","6","DRAGA (MINERIA) - MINERIA","UNIDAD","17"
"05495","2022","6","DRAGA (MINERIA) - MINERIA","UNIDAD","1"
"05495","2022","6","DRAGA TIPO DRAGON - MINERIA","UNIDAD","1"
"05495","2022","6","RETROEXCAVADORA - MINERIA","UNIDAD","2"
"05579","2022","6","DRAGA (MINERIA) - MINERIA","UNIDAD","67"
"05604","2022","6","DRAGA (MINERIA) - MINERIA","UNIDAD","3"
"05670","2022","6","DRAGA (MINERIA) - MINERIA","UNIDAD","3"
"05847","2022","6","RETROEXCAVADORA - MINERIA","UNIDAD","1"
"08421","2022","6","EXCAVADORA - MINERIA","UNIDAD","3"
"08638","2022","6","RETROEXCAVADORA - MINERIA","UNIDAD","1"
"11001","2022","6","BULDOZER - MINERIA","UNIDAD","2"
"11001","2022","6","RETROEXCAVADORA - MINERIA","UNIDAD","2"
"13006","2022","6","DRAGA (MINERIA) - MINERIA","UNIDAD","1"
"13654","2022","6","EXCAVADORA - MINERIA","UNIDAD","2"
"17777","2022","6","CLASIFICADORA - MINERIA","UNIDAD","1"
"17777","2022","6","TRITURADORA - MINERIA","UNIDAD","2"
"17873","2022","6","RETROEXCAVADORA - MINERIA","UNIDAD","2"
"25320","2022","6","EXCAVADORA - MINERIA","UNIDAD","1"
"27001","2022","6","DRAGA (MINERIA) - MINERIA","UNIDAD","3"
"27001","2022","6","RETROEXCAVADORA - MINERIA","UNIDAD","8"
"27425","2022","6","EXCAVADORA - MINERIA","UNIDAD","1"
"41013","2022","6","RETROEXCAVADORA - MINERIA","UNIDAD","1"
"41016","2022","6","RETROEXCAVADORA - MINERIA","UNIDAD","1"
"68684","2022","6","RETROEXCAVADORA - MINERIA","UNIDAD","1"
"76109","2022","6","CLASIFICADORA - MINERIA","UNIDAD","3"
"76109","2022","6","DRAGA (MINERIA) - MINERIA","UNIDAD","8"
"76109","2022","6","RETROEXCAVADORA - MINERIA","UNIDAD","6"
"94001","2022","6","DRAGA (MINERIA) - MINERIA","UNIDAD","1"
"05002","2022","7","DRAGA (MINERIA) - MINERIA","UNIDAD","2"
"05120","2022","7","DRAGA (MINERIA) - MINERIA","UNIDAD","3"
"05250","2022","7","DRAGA (MINERIA) - MINERIA","UNIDAD","7"
"05495","2022","7","DRAGA (MINERIA) - MINERIA","UNIDAD","11"
"05495","2022","7","EXCAVADORA - MINERIA","UNIDAD","2"
"05495","2022","7","RETROEXCAVADORA - MINERIA","UNIDAD","3"
"05667","2022","7","DRAGA (MINERIA) - MINERIA","UNIDAD","1"
"05667","2022","7","MEZCLADORA - MINERIA","UNIDAD","1"
"05670","2022","7","DRAGA (MINERIA) - MINERIA","UNIDAD","36"
"05670","2022","7","RETROEXCAVADORA - MINERIA","UNIDAD","13"
"11001","2022","7","EXCAVADORA - MINERIA","UNIDAD","2"
"13430","2022","7","RETROEXCAVADORA - MINERIA","UNIDAD","1"
"13620","2022","7","EXCAVADORA - MINERIA","UNIDAD","2"
"17777","2022","7","CLASIFICADORA - MINERIA","UNIDAD","1"
"17867","2022","7","DRAGA (MINERIA) - MINERIA","UNIDAD","1"
"18150","2022","7","MEZCLADORA - MINERIA","UNIDAD","1"
"18205","2022","7","DRAGA (MINERIA) - MINERIA","UNIDAD","6"
"19450","2022","7","CLASIFICADORA - MINERIA","UNIDAD","1"
"19450","2022","7","RETROEXCAVADORA - MINERIA","UNIDAD","1"
"20228","2022","7","RETROEXCAVADORA - MINERIA","UNIDAD","1"
"27135","2022","7","DRAGA TIPO DRAGON - MINERIA","UNIDAD","1"
"27135","2022","7","EXCAVADORA - MINERIA","UNIDAD","1"
"27250","2022","7","CLASIFICADORA - MINERIA","UNIDAD","12"
"27361","2022","7","RETROEXCAVADORA - MINERIA","UNIDAD","4"
"27787","2022","7","EXCAVADORA - MINERIA","UNIDAD","1"
"52696","2022","7","EXCAVADORA - MINERIA","UNIDAD","1"
"54245","2022","7","MEZCLADORA - MINERIA","UNIDAD","6"
"95001","2022","7","DRAGA (MINERIA) - MINERIA","UNIDAD","1"
"05002","2022","8","DRAGA (MINERIA) - MINERIA","UNIDAD","5"
"05120","2022","8","DRAGA (MINERIA) - MINERIA","UNIDAD","5"
"05250","2022","8","DRAGA (MINERIA) - MINERIA","UNIDAD","9"
"05495","2022","8","DRAGA (MINERIA) - MINERIA","UNIDAD","23"
"05495","2022","8","EXCAVADORA - MINERIA","UNIDAD","1"
"05495","2022","8","RETROEXCAVADORA - MINERIA","UNIDAD","1"
"05736","2022","8","CLASIFICADORA - MINERIA","UNIDAD","1"
"05736","2022","8","DRAGA (MINERIA) - MINERIA","UNIDAD","1"
"05736","2022","8","RETROEXCAVADORA - MINERIA","UNIDAD","1"
"05885","2022","8","DRAGA (MINERIA) - MINERIA","UNIDAD","1"
"11001","2022","8","BULDOZER - MINERIA","UNIDAD","1"
"13006","2022","8","DRAGA (MINERIA) - MINERIA","UNIDAD","1"
"13006","2022","8","EXCAVADORA - MINERIA","UNIDAD","1"
"13654","2022","8","DRAGA (MINERIA) - MINERIA","UNIDAD","5"
"17486","2022","8","CLASIFICADORA - MINERIA","UNIDAD","1"
"17486","2022","8","MEZCLADORA - MINERIA","UNIDAD","1"
"17495","2022","8","CLASIFICADORA - MINERIA","UNIDAD","6"
"17495","2022","8","DRAGA (MINERIA) - MINERIA","UNIDAD","6"
"17662","2022","8","CLASIFICADORA - MINERIA","UNIDAD","5"
"17662","2022","8","DRAGA (MINERIA) - MINERIA","UNIDAD","5"
"20238","2022","8","RETROEXCAVADORA - MINERIA","UNIDAD","1"
"27001","2022","8","CLASIFICADORA - MINERIA","UNIDAD","1"
"27001","2022","8","DRAGA (MINERIA) - MINERIA","UNIDAD","6"
"27001","2022","8","RETROEXCAVADORA - MINERIA","UNIDAD","2"
"27600","2022","8","DRAGA (MINERIA) - MINERIA","UNIDAD","1"
"27787","2022","8","EXCAVADORA - MINERIA","UNIDAD","1"
"50006","2022","8","RETROEXCAVADORA - MINERIA","UNIDAD","1"
"52079","2022","8","EXCAVADORA - MINERIA","UNIDAD","1"
"54810","2022","8","DRAGA TIPO DRAGON - MINERIA","UNIDAD","2"
"68276","2022","8","TRITURADORA - MINERIA","UNIDAD","2"
"73168","2022","8","DRAGA (MINERIA) - MINERIA","UNIDAD","1"
"86568","2022","8","DRAGA (MINERIA) - MINERIA","UNIDAD","4"
"94001","2022","8","DRAGA (MINERIA) - MINERIA","UNIDAD","2"
"05120","2022","9","DRAGA (MINERIA) - MINERIA","UNIDAD","1"
"05120","2022","9","DRAGA TIPO BUZO - MINERIA","UNIDAD","4"
"05120","2022","9","RETROEXCAVADORA - MINERIA","UNIDAD","2"
"05142","2022","9","DRAGA (MINERIA) - MINERIA","UNIDAD","4"
"05142","2022","9","DRAGA TIPO BUZO - MINERIA","UNIDAD","1"
"05142","2022","9","RETROEXCAVADORA - MINERIA","UNIDAD","1"
"05154","2022","9","DRAGA TIPO BUZO - MINERIA","UNIDAD","1"
"05237","2022","9","DRAGA (MINERIA) - MINERIA","UNIDAD","3"
"05250","2022","9","DRAGA (MINERIA) - MINERIA","UNIDAD","1"
"05250","2022","9","DRAGA TIPO DRAGON - MINERIA","UNIDAD","1"
"05250","2022","9","EXCAVADORA - MINERIA","UNIDAD","1"
"05250","2022","9","RETROEXCAVADORA - MINERIA","UNIDAD","1"
"05495","2022","9","DRAGA (MINERIA) - MINERIA","UNIDAD","13"
"05495","2022","9","EXCAVADORA - MINERIA","UNIDAD","3"
"05585","2022","9","DRAGA TIPO BUZO - MINERIA","UNIDAD","7"
"05585","2022","9","RETROEXCAVADORA - MINERIA","UNIDAD","2"
"05604","2022","9","CLASIFICADORA - MINERIA","UNIDAD","1"
"05604","2022","9","DRAGA (MINERIA) - MINERIA","UNIDAD","2"
"05604","2022","9","RETROEXCAVADORA - MINERIA","UNIDAD","1"
"05670","2022","9","DRAGA TIPO BUZO - MINERIA","UNIDAD","3"
"05670","2022","9","RETROEXCAVADORA - MINERIA","UNIDAD","1"
"05690","2022","9","DRAGA (MINERIA) - MINERIA","UNIDAD","1"
"05885","2022","9","DRAGA TIPO BUZO - MINERIA","UNIDAD","34"
"05885","2022","9","RETROEXCAVADORA - MINERIA","UNIDAD","2"
"05890","2022","9","CLASIFICADORA - MINERIA","UNIDAD","1"
"05890","2022","9","DRAGA TIPO BUZO - MINERIA","UNIDAD","8"
"05890","2022","9","RETROEXCAVADORA - MINERIA","UNIDAD","2"
"05895","2022","9","DRAGA (MINERIA) - MINERIA","UNIDAD","1"
"05895","2022","9","EXCAVADORA - MINERIA","UNIDAD","1"
"05895","2022","9","RETROEXCAVADORA - MINERIA","UNIDAD","1"
"13006","2022","9","BULDOZER - MINERIA","UNIDAD","1"
"13006","2022","9","DRAGA (MINERIA) - MINERIA","UNIDAD","2"
"13006","2022","9","RETROEXCAVADORA - MINERIA","UNIDAD","2"
"17495","2022","9","DRAGA (MINERIA) - MINERIA","UNIDAD","8"
"17867","2022","9","CLASIFICADORA - MINERIA","UNIDAD","1"
"17867","2022","9","DRAGA (MINERIA) - MINERIA","UNIDAD","1"
"17867","2022","9","DRAGA TIPO BUZO - MINERIA","UNIDAD","1"
"23068","2022","9","DRAGA TIPO BUZO - MINERIA","UNIDAD","3"
"23068","2022","9","RETROEXCAVADORA - MINERIA","UNIDAD","2"
"23168","2022","9","EXCAVADORA - MINERIA","UNIDAD","2"
"25407","2022","9","EXCAVADORA - MINERIA","UNIDAD","3"
"25407","2022","9","RETROEXCAVADORA - MINERIA","UNIDAD","1"
"27001","2022","9","CLASIFICADORA - MINERIA","UNIDAD","1"
"27001","2022","9","DRAGA (MINERIA) - MINERIA","UNIDAD","4"
"27001","2022","9","DRAGA TIPO DRAGON - MINERIA","UNIDAD","3"
"27001","2022","9","RETROEXCAVADORA - MINERIA","UNIDAD","3"
"27135","2022","9","DRAGA TIPO DRAGON - MINERIA","UNIDAD","3"
"27135","2022","9","EXCAVADORA - MINERIA","UNIDAD","1"
"52356","2022","9","RETROEXCAVADORA - MINERIA","UNIDAD","1"
"73030","2022","9","DRAGA (MINERIA) - MINERIA","UNIDAD","1"
"73861","2022","9","DRAGA (MINERIA) - MINERIA","UNIDAD","1"
"76109","2022","9","CLASIFICADORA - MINERIA","UNIDAD","5"
"76109","2022","9","DRAGA TIPO BUZO - MINERIA","UNIDAD","7"
"76109","2022","9","RETROEXCAVADORA - MINERIA","UNIDAD","2"
"86568","2022","9","DRAGA TIPO DRAGON - MINERIA","UNIDAD","2"
"91001","2022","9","DRAGA (MINERIA) - MINERIA","UNIDAD","4"
"91001","2022","9","MEZCLADORA - MINERIA","UNIDAD","13"
"91263","2022","9","DRAGA (MINERIA) - MINERIA","UNIDAD","1"
"91536","2022","9","DRAGA (MINERIA) - MINERIA","UNIDAD","2"
"05142","2022","10","DRAGA (MINERIA) - MINERIA","UNIDAD","3"
"05142","2022","10","DRAGA TIPO BUZO - MINERIA","UNIDAD","3"
"05495","2022","10","EXCAVADORA - MINERIA","UNIDAD","1"
"05579","2022","10","DRAGA TIPO BUZO - MINERIA","UNIDAD","8"
"05604","2022","10","DRAGA (MINERIA) - MINERIA","UNIDAD","3"
"05649","2022","10","DRAGA TIPO BUZO - MINERIA","UNIDAD","6"
"05649","2022","10","RETROEXCAVADORA - MINERIA","UNIDAD","1"
"05670","2022","10","DRAGA TIPO BUZO - MINERIA","UNIDAD","1"
"05670","2022","10","RETROEXCAVADORA - MINERIA","UNIDAD","2"
"05690","2022","10","DRAGA (MINERIA) - MINERIA","UNIDAD","1"
"05890","2022","10","RETROEXCAVADORA - MINERIA","UNIDAD","2"
"08296","2022","10","EXCAVADORA - MINERIA","UNIDAD","1"
"11001","2022","10","BULDOZER - MINERIA","UNIDAD","1"
"11001","2022","10","EXCAVADORA - MINERIA","UNIDAD","1"
"17013","2022","10","CLASIFICADORA - MINERIA","UNIDAD","1"
"17013","2022","10","DRAGA (MINERIA) - MINERIA","UNIDAD","1"
"17013","2022","10","DRAGA TIPO BUZO - MINERIA","UNIDAD","1"
"17013","2022","10","MEZCLADORA - MINERIA","UNIDAD","1"
"17513","2022","10","CLASIFICADORA - MINERIA","UNIDAD","2"
"17513","2022","10","DRAGA TIPO BUZO - MINERIA","UNIDAD","1"
"18150","2022","10","MEZCLADORA - MINERIA","UNIDAD","1"
"18610","2022","10","DRAGA (MINERIA) - MINERIA","UNIDAD","4"
"20178","2022","10","RETROEXCAVADORA - MINERIA","UNIDAD","2"
"27135","2022","10","DRAGA TIPO DRAGON - MINERIA","UNIDAD","3"
"27160","2022","10","DRAGA TIPO DRAGON - MINERIA","UNIDAD","1"
"27160","2022","10","EXCAVADORA - MINERIA","UNIDAD","1"
"27600","2022","10","DRAGA TIPO DRAGON - MINERIA","UNIDAD","1"
"52352","2022","10","RETROEXCAVADORA - MINERIA","UNIDAD","1"
"52427","2022","10","CLASIFICADORA - MINERIA","UNIDAD","5"
"52427","2022","10","EXCAVADORA - MINERIA","UNIDAD","5"
"85001","2022","10","MEZCLADORA - MINERIA","UNIDAD","1"
"86569","2022","10","CLASIFICADORA - MINERIA","UNIDAD","1"
"86569","2022","10","DRAGA (MINERIA) - MINERIA","UNIDAD","2"
"91001","2022","10","DRAGA TIPO DRAGON - MINERIA","UNIDAD","7"
"05604","2022","11","DRAGA TIPO BUZO - MINERIA","UNIDAD","2"
"05604","2022","11","RETROEXCAVADORA - MINERIA","UNIDAD","1"
"05670","2022","11","DRAGA (MINERIA) - MINERIA","UNIDAD","4"
"05670","2022","11","DRAGA TIPO BUZO - MINERIA","UNIDAD","1"
"05690","2022","11","DRAGA (MINERIA) - MINERIA","UNIDAD","1"
"05756","2022","11","CLASIFICADORA - MINERIA","UNIDAD","1"
"05756","2022","11","RETROEXCAVADORA - MINERIA","UNIDAD","1"
"05858","2022","11","DRAGA TIPO BUZO - MINERIA","UNIDAD","1"
"05885","2022","11","DRAGA TIPO BUZO - MINERIA","UNIDAD","2"
"05890","2022","11","CLASIFICADORA - MINERIA","UNIDAD","1"
"05890","2022","11","DRAGA (MINERIA) - MINERIA","UNIDAD","1"
"05890","2022","11","RETROEXCAVADORA - MINERIA","UNIDAD","1"
"08141","2022","11","EXCAVADORA - MINERIA","UNIDAD","1"
"17272","2022","11","CLASIFICADORA - MINERIA","UNIDAD","5"
"17495","2022","11","CLASIFICADORA - MINERIA","UNIDAD","30"
"17495","2022","11","RETROEXCAVADORA - MINERIA","UNIDAD","1"
"17662","2022","11","RETROEXCAVADORA - MINERIA","UNIDAD","3"
"23189","2022","11","RETROEXCAVADORA - MINERIA","UNIDAD","1"
"23855","2022","11","RETROEXCAVADORA - MINERIA","UNIDAD","1"
"25407","2022","11","EXCAVADORA - MINERIA","UNIDAD","1"
"25483","2022","11","RETROEXCAVADORA - MINERIA","UNIDAD","1"
"27001","2022","11","DRAGA (MINERIA) - MINERIA","UNIDAD","1"
"27160","2022","11","DRAGA TIPO BUZO - MINERIA","UNIDAD","8"
"27160","2022","11","RETROEXCAVADORA - MINERIA","UNIDAD","2"
"27413","2022","11","DRAGA (MINERIA) - MINERIA","UNIDAD","1"
"27413","2022","11","EXCAVADORA - MINERIA","UNIDAD","1"
"27600","2022","11","DRAGA TIPO DRAGON - MINERIA","UNIDAD","4"
"27600","2022","11","EXCAVADORA - MINERIA","UNIDAD","1"
"27787","2022","11","EXCAVADORA - MINERIA","UNIDAD","1"
"50325","2022","11","BULDOZER - MINERIA","UNIDAD","1"
"52683","2022","11","RETROEXCAVADORA - MINERIA","UNIDAD","1"
"66440","2022","11","DRAGA (MINERIA) - MINERIA","UNIDAD","2"
"68655","2022","11","CLASIFICADORA - MINERIA","UNIDAD","1"
"68655","2022","11","RETROEXCAVADORA - MINERIA","UNIDAD","1"
"76892","2022","11","RETROEXCAVADORA - MINERIA","UNIDAD","1"
"86001","2022","11","RETROEXCAVADORA - MINERIA","UNIDAD","6"
"86571","2022","11","EXCAVADORA - MINERIA","UNIDAD","3"
"91669","2022","11","DRAGA (MINERIA) - MINERIA","UNIDAD","4"
"91798","2022","11","DRAGA (MINERIA) - MINERIA","UNIDAD","1"
"94001","2022","11","DRAGA (MINERIA) - MINERIA","UNIDAD","1"
"05670","2022","12","BULDOZER - MINERIA","UNIDAD","1"
"05670","2022","12","RETROEXCAVADORA - MINERIA","UNIDAD","3"
"13670","2022","12","EXCAVADORA - MINERIA","UNIDAD","1"
"13744","2022","12","DRAGA TIPO DRAGON - MINERIA","UNIDAD","1"
"13744","2022","12","RETROEXCAVADORA - MINERIA","UNIDAD","2"
"23068","2022","12","DRAGA TIPO BUZO - MINERIA","UNIDAD","6"
"27001","2022","12","RETROEXCAVADORA - MINERIA","UNIDAD","1"
"27135","2022","12","DRAGA TIPO BUZO - MINERIA","UNIDAD","8"
"27425","2022","12","RETROEXCAVADORA - MINERIA","UNIDAD","5"
"50318","2022","12","TRITURADORA - MINERIA","UNIDAD","1"
"86001","2022","12","DRAGA (MINERIA) - MINERIA","UNIDAD","2"
"91536","2022","12","DRAGA (MINERIA) - MINERIA","UNIDAD","5"
"94001","2022","12","DRAGA (MINERIA) - MINERIA","UNIDAD","5"
"05142","2023","1","DRAGA TIPO BUZO - MINERIA","UNIDAD","45"
"05142","2023","1","RETROEXCAVADORA - MINERIA","UNIDAD","5"
"05154","2023","1","DRAGA (MINERIA) - MINERIA","UNIDAD","1"
"05425","2023","1","DRAGA TIPO BUZO - MINERIA","UNIDAD","2"
"05495","2023","1","EXCAVADORA - MINERIA","UNIDAD","1"
"05604","2023","1","DRAGA (MINERIA) - MINERIA","UNIDAD","2"
"05604","2023","1","RETROEXCAVADORA - MINERIA","UNIDAD","1"
"05649","2023","1","DRAGA (MINERIA) - MINERIA","UNIDAD","6"
"05652","2023","1","DRAGA (MINERIA) - MINERIA","UNIDAD","3"
"05652","2023","1","EXCAVADORA - MINERIA","UNIDAD","4"
"05670","2023","1","DRAGA TIPO BUZO - MINERIA","UNIDAD","17"
"05697","2023","1","RETROEXCAVADORA - MINERIA","UNIDAD","4"
"11001","2023","1","EXCAVADORA - MINERIA","UNIDAD","1"
"15600","2023","1","RETROEXCAVADORA - MINERIA","UNIDAD","1"
"17867","2023","1","DRAGA (MINERIA) - MINERIA","UNIDAD","1"
"18756","2023","1","DRAGA (MINERIA) - MINERIA","UNIDAD","1"
"25797","2023","1","RETROEXCAVADORA - MINERIA","UNIDAD","1"
"27001","2023","1","RETROEXCAVADORA - MINERIA","UNIDAD","1"
"27600","2023","1","DRAGA TIPO DRAGON - MINERIA","UNIDAD","1"
"27600","2023","1","RETROEXCAVADORA - MINERIA","UNIDAD","2"
"27787","2023","1","EXCAVADORA - MINERIA","UNIDAD","1"
"27787","2023","1","RETROEXCAVADORA - MINERIA","UNIDAD","1"
"41551","2023","1","RETROEXCAVADORA - MINERIA","UNIDAD","1"
"47001","2023","1","RETROEXCAVADORA - MINERIA","UNIDAD","2"
"47288","2023","1","RETROEXCAVADORA - MINERIA","UNIDAD","1"
"50006","2023","1","EXCAVADORA - MINERIA","UNIDAD","1"
"50313","2023","1","TRITURADORA - MINERIA","UNIDAD","1"
"50689","2023","1","BULDOZER - MINERIA","UNIDAD","1"
"52427","2023","1","EXCAVADORA - MINERIA","UNIDAD","5"
"52621","2023","1","EXCAVADORA - MINERIA","UNIDAD","3"
"68081","2023","1","RETROEXCAVADORA - MINERIA","UNIDAD","1"
"73270","2023","1","MEZCLADORA - MINERIA","UNIDAD","1"
"73678","2023","1","RETROEXCAVADORA - MINERIA","UNIDAD","1"
"76109","2023","1","CLASIFICADORA - MINERIA","UNIDAD","2"
"76109","2023","1","EXCAVADORA - MINERIA","UNIDAD","1"
"76109","2023","1","RETROEXCAVADORA - MINERIA","UNIDAD","3"
"86001","2023","1","CLASIFICADORA - MINERIA","UNIDAD","1"
"94001","2023","1","DRAGA (MINERIA) - MINERIA","UNIDAD","1"
"95001","2023","1","RETROEXCAVADORA - MINERIA","UNIDAD","1"
"05079","2023","2","DRAGA (MINERIA) - MINERIA","UNIDAD","1"
"05079","2023","2","DRAGA TIPO BUZO - MINERIA","UNIDAD","5"
"05107","2023","2","RETROEXCAVADORA - MINERIA","UNIDAD","1"
"05113","2023","2","RETROEXCAVADORA - MINERIA","UNIDAD","1"
"05142","2023","2","DRAGA (MINERIA) - MINERIA","UNIDAD","71"
"05142","2023","2","DRAGA TIPO BUZO - MINERIA","UNIDAD","5"
"05145","2023","2","RETROEXCAVADORA - MINERIA","UNIDAD","2"
"05390","2023","2","RETROEXCAVADORA - MINERIA","UNIDAD","2"
"05425","2023","2","DRAGA TIPO BUZO - MINERIA","UNIDAD","10"
"05483","2023","2","CLASIFICADORA - MINERIA","UNIDAD","1"
"05483","2023","2","EXCAVADORA - MINERIA","UNIDAD","2"
"05591","2023","2","RETROEXCAVADORA - MINERIA","UNIDAD","1"
"05604","2023","2","CLASIFICADORA - MINERIA","UNIDAD","1"
"05604","2023","2","RETROEXCAVADORA - MINERIA","UNIDAD","1"
"05649","2023","2","CLASIFICADORA - MINERIA","UNIDAD","1"
"05649","2023","2","DRAGA (MINERIA) - MINERIA","UNIDAD","10"
"05649","2023","2","EXCAVADORA - MINERIA","UNIDAD","2"
"05670","2023","2","DRAGA (MINERIA) - MINERIA","UNIDAD","1"
"05670","2023","2","DRAGA TIPO BUZO - MINERIA","UNIDAD","1"
"05670","2023","2","RETROEXCAVADORA - MINERIA","UNIDAD","3"
"05690","2023","2","DRAGA TIPO BUZO - MINERIA","UNIDAD","2"
"05887","2023","2","RETROEXCAVADORA - MINERIA","UNIDAD","1"
"05890","2023","2","RETROEXCAVADORA - MINERIA","UNIDAD","3"
"11001","2023","2","RETROEXCAVADORA - MINERIA","UNIDAD","1"
"15808","2023","2","RETROEXCAVADORA - MINERIA","UNIDAD","1"
"18247","2023","2","RETROEXCAVADORA - MINERIA","UNIDAD","1"
"20238","2023","2","EXCAVADORA - MINERIA","UNIDAD","2"
"23182","2023","2","RETROEXCAVADORA - MINERIA","UNIDAD","1"
"23580","2023","2","DRAGA (MINERIA) - MINERIA","UNIDAD","1"
"23660","2023","2","RETROEXCAVADORA - MINERIA","UNIDAD","1"
"25307","2023","2","RETROEXCAVADORA - MINERIA","UNIDAD","1"
"25386","2023","2","RETROEXCAVADORA - MINERIA","UNIDAD","1"
"27050","2023","2","DRAGA TIPO BUZO - MINERIA","UNIDAD","1"
"27050","2023","2","EXCAVADORA - MINERIA","UNIDAD","2"
"27050","2023","2","RETROEXCAVADORA - MINERIA","UNIDAD","2"
"27135","2023","2","DRAGA TIPO DRAGON - MINERIA","UNIDAD","1"
"27135","2023","2","RETROEXCAVADORA - MINERIA","UNIDAD","6"
"27413","2023","2","DRAGA TIPO DRAGON - MINERIA","UNIDAD","1"
"27413","2023","2","EXCAVADORA - MINERIA","UNIDAD","1"
"50150","2023","2","EXCAVADORA - MINERIA","UNIDAD","1"
"52699","2023","2","RETROEXCAVADORA - MINERIA","UNIDAD","1"
"68575","2023","2","CLASIFICADORA - MINERIA","UNIDAD","2"
"68575","2023","2","RETROEXCAVADORA - MINERIA","UNIDAD","1"
"86320","2023","2","RETROEXCAVADORA - MINERIA","UNIDAD","1"
"86885","2023","2","DRAGA (MINERIA) - MINERIA","UNIDAD","2"
"05425","2023","3","DRAGA (MINERIA) - MINERIA","UNIDAD","8"
"05495","2023","3","DRAGA TIPO DRAGON - MINERIA","UNIDAD","9"
"05579","2023","3","DRAGA TIPO BUZO - MINERIA","UNIDAD","4"
"05579","2023","3","RETROEXCAVADORA - MINERIA","UNIDAD","8"
"05585","2023","3","DRAGA TIPO BUZO - MINERIA","UNIDAD","3"
"05585","2023","3","RETROEXCAVADORA - MINERIA","UNIDAD","2"
"05670","2023","3","DRAGA TIPO BUZO - MINERIA","UNIDAD","8"
"05690","2023","3","RETROEXCAVADORA - MINERIA","UNIDAD","1"
"05885","2023","3","DRAGA TIPO BUZO - MINERIA","UNIDAD","3"
"05885","2023","3","RETROEXCAVADORA - MINERIA","UNIDAD","4"
"05895","2023","3","DRAGA TIPO DRAGON - MINERIA","UNIDAD","3"
"11001","2023","3","RETROEXCAVADORA - MINERIA","UNIDAD","1"
"13458","2023","3","EXCAVADORA - MINERIA","UNIDAD","7"
"15051","2023","3","RETROEXCAVADORA - MINERIA","UNIDAD","1"
"15600","2023","3","RETROEXCAVADORA - MINERIA","UNIDAD","1"
"17495","2023","3","DRAGA (MINERIA) - MINERIA","UNIDAD","2"
"17495","2023","3","EXCAVADORA - MINERIA","UNIDAD","1"
"17495","2023","3","RETROEXCAVADORA - MINERIA","UNIDAD","1"
"17614","2023","3","CLASIFICADORA - MINERIA","UNIDAD","1"
"17867","2023","3","DRAGA (MINERIA) - MINERIA","UNIDAD","1"
"17873","2023","3","RETROEXCAVADORA - MINERIA","UNIDAD","2"
"18756","2023","3","DRAGA (MINERIA) - MINERIA","UNIDAD","2"
"25386","2023","3","RETROEXCAVADORA - MINERIA","UNIDAD","2"
"25426","2023","3","RETROEXCAVADORA - MINERIA","UNIDAD","1"
"25797","2023","3","RETROEXCAVADORA - MINERIA","UNIDAD","1"
"27001","2023","3","EXCAVADORA - MINERIA","UNIDAD","1"
"27001","2023","3","RETROEXCAVADORA - MINERIA","UNIDAD","1"
"27425","2023","3","DRAGA (MINERIA) - MINERIA","UNIDAD","2"
"27425","2023","3","DRAGA TIPO DRAGON - MINERIA","UNIDAD","5"
"27425","2023","3","EXCAVADORA - MINERIA","UNIDAD","1"
"27491","2023","3","RETROEXCAVADORA - MINERIA","UNIDAD","1"
"27600","2023","3","DRAGA TIPO DRAGON - MINERIA","UNIDAD","4"
"27600","2023","3","RETROEXCAVADORA - MINERIA","UNIDAD","1"
"27615","2023","3","DRAGA TIPO DRAGON - MINERIA","UNIDAD","4"
"27615","2023","3","EXCAVADORA - MINERIA","UNIDAD","1"
"27787","2023","3","RETROEXCAVADORA - MINERIA","UNIDAD","2"
"27810","2023","3","RETROEXCAVADORA - MINERIA","UNIDAD","1"
"41551","2023","3","RETROEXCAVADORA - MINERIA","UNIDAD","1"
"47001","2023","3","RETROEXCAVADORA - MINERIA","UNIDAD","1"
"50001","2023","3","BULDOZER - MINERIA","UNIDAD","1"
"50150","2023","3","RETROEXCAVADORA - MINERIA","UNIDAD","1"
"50313","2023","3","RETROEXCAVADORA - MINERIA","UNIDAD","1"
"50318","2023","3","RETROEXCAVADORA - MINERIA","UNIDAD","1"
"50711","2023","3","BULDOZER - MINERIA","UNIDAD","1"
"52079","2023","3","RETROEXCAVADORA - MINERIA","UNIDAD","1"
"52356","2023","3","RETROEXCAVADORA - MINERIA","UNIDAD","1"
"66001","2023","3","BULDOZER - MINERIA","UNIDAD","1"
"66001","2023","3","RETROEXCAVADORA - MINERIA","UNIDAD","1"
"66088","2023","3","RETROEXCAVADORA - MINERIA","UNIDAD","1"
"68001","2023","3","CLASIFICADORA - MINERIA","UNIDAD","3"
"76109","2023","3","DRAGA (MINERIA) - MINERIA","UNIDAD","4"
"86865","2023","3","RETROEXCAVADORA - MINERIA","UNIDAD","1"
"94001","2023","3","DRAGA (MINERIA) - MINERIA","UNIDAD","1"
"94883","2023","3","DRAGA (MINERIA) - MINERIA","UNIDAD","1"
"99001","2023","3","RETROEXCAVADORA - MINERIA","UNIDAD","1"
"05120","2023","4","RETROEXCAVADORA - MINERIA","UNIDAD","1"
"05282","2023","4","BULDOZER - MINERIA","UNIDAD","1"
"05282","2023","4","RETROEXCAVADORA - MINERIA","UNIDAD","2"
"05579","2023","4","DRAGA (MINERIA) - MINERIA","UNIDAD","4"
"05579","2023","4","EXCAVADORA - MINERIA","UNIDAD","1"
"05660","2023","4","EXCAVADORA - MINERIA","UNIDAD","2"
"05670","2023","4","DRAGA (MINERIA) - MINERIA","UNIDAD","1"
"05670","2023","4","DRAGA TIPO BUZO - MINERIA","UNIDAD","2"
"05690","2023","4","RETROEXCAVADORA - MINERIA","UNIDAD","1"
"05858","2023","4","RETROEXCAVADORA - MINERIA","UNIDAD","2"
"05890","2023","4","RETROEXCAVADORA - MINERIA","UNIDAD","3"
"08141","2023","4","EXCAVADORA - MINERIA","UNIDAD","1"
"08141","2023","4","RETROEXCAVADORA - MINERIA","UNIDAD","1"
"15176","2023","4","RETROEXCAVADORA - MINERIA","UNIDAD","1"
"15204","2023","4","RETROEXCAVADORA - MINERIA","UNIDAD","1"
"17867","2023","4","DRAGA (MINERIA) - MINERIA","UNIDAD","1"
"18205","2023","4","DRAGA (MINERIA) - MINERIA","UNIDAD","1"
"18785","2023","4","DRAGA (MINERIA) - MINERIA","UNIDAD","2"
"19318","2023","4","CLASIFICADORA - MINERIA","UNIDAD","7"
"19318","2023","4","DRAGA (MINERIA) - MINERIA","UNIDAD","1"
"19698","2023","4","DRAGA (MINERIA) - MINERIA","UNIDAD","1"
"25386","2023","4","RETROEXCAVADORA - MINERIA","UNIDAD","1"
"27001","2023","4","RETROEXCAVADORA - MINERIA","UNIDAD","2"
"27160","2023","4","DRAGA TIPO DRAGON - MINERIA","UNIDAD","2"
"27160","2023","4","RETROEXCAVADORA - MINERIA","UNIDAD","1"
"27600","2023","4","DRAGA TIPO DRAGON - MINERIA","UNIDAD","4"
"27810","2023","4","RETROEXCAVADORA - MINERIA","UNIDAD","1"
"44078","2023","4","RETROEXCAVADORA - MINERIA","UNIDAD","1"
"50006","2023","4","RETROEXCAVADORA - MINERIA","UNIDAD","1"
"52079","2023","4","EXCAVADORA - MINERIA","UNIDAD","3"
"52490","2023","4","DRAGA (MINERIA) - MINERIA","UNIDAD","1"
"66001","2023","4","RETROEXCAVADORA - MINERIA","UNIDAD","1"
"66318","2023","4","RETROEXCAVADORA - MINERIA","UNIDAD","1"
"68179","2023","4","RETROEXCAVADORA - MINERIA","UNIDAD","1"
"76318","2023","4","EXCAVADORA - MINERIA","UNIDAD","1"
"86001","2023","4","RETROEXCAVADORA - MINERIA","UNIDAD","1"
"86571","2023","4","CLASIFICADORA - MINERIA","UNIDAD","1"
"86571","2023","4","DRAGA (MINERIA) - MINERIA","UNIDAD","3"
"86573","2023","4","DRAGA (MINERIA) - MINERIA","UNIDAD","1"
"91798","2023","4","DRAGA (MINERIA) - MINERIA","UNIDAD","3"
"05088","2023","5","RETROEXCAVADORA - MINERIA","UNIDAD","3"
"05120","2023","5","RETROEXCAVADORA - MINERIA","UNIDAD","1"
"05154","2023","5","DRAGA (MINERIA) - MINERIA","UNIDAD","2"
"05284","2023","5","RETROEXCAVADORA - MINERIA","UNIDAD","4"
"05425","2023","5","DRAGA TIPO BUZO - MINERIA","UNIDAD","3"
"05425","2023","5","RETROEXCAVADORA - MINERIA","UNIDAD","2"
"05670","2023","5","RETROEXCAVADORA - MINERIA","UNIDAD","1"
"05885","2023","5","DRAGA TIPO BUZO - MINERIA","UNIDAD","3"
"05885","2023","5","RETROEXCAVADORA - MINERIA","UNIDAD","1"
"05890","2023","5","RETROEXCAVADORA - MINERIA","UNIDAD","2"
"08606","2023","5","RETROEXCAVADORA - MINERIA","UNIDAD","1"
"13458","2023","5","EXCAVADORA - MINERIA","UNIDAD","5"
"13688","2023","5","RETROEXCAVADORA - MINERIA","UNIDAD","5"
"17867","2023","5","DRAGA (MINERIA) - MINERIA","UNIDAD","1"
"17867","2023","5","DRAGA TIPO BUZO - MINERIA","UNIDAD","1"
"19418","2023","5","CLASIFICADORA - MINERIA","UNIDAD","4"
"19418","2023","5","EXCAVADORA - MINERIA","UNIDAD","4"
"25797","2023","5","RETROEXCAVADORA - MINERIA","UNIDAD","1"
"25899","2023","5","BULDOZER - MINERIA","UNIDAD","1"
"27001","2023","5","CLASIFICADORA - MINERIA","UNIDAD","1"
"27001","2023","5","DRAGA (MINERIA) - MINERIA","UNIDAD","1"
"27001","2023","5","RETROEXCAVADORA - MINERIA","UNIDAD","2"
"27160","2023","5","DRAGA TIPO DRAGON - MINERIA","UNIDAD","3"
"27491","2023","5","RETROEXCAVADORA - MINERIA","UNIDAD","3"
"27810","2023","5","DRAGA TIPO DRAGON - MINERIA","UNIDAD","2"
"27810","2023","5","RETROEXCAVADORA - MINERIA","UNIDAD","1"
"41797","2023","5","CLASIFICADORA - MINERIA","UNIDAD","1"
"41797","2023","5","RETROEXCAVADORA - MINERIA","UNIDAD","1"
"41807","2023","5","RETROEXCAVADORA - MINERIA","UNIDAD","1"
"50006","2023","5","RETROEXCAVADORA - MINERIA","UNIDAD","2"
"50124","2023","5","BULDOZER - MINERIA","UNIDAD","1"
"63470","2023","5","DRAGA TIPO BUZO - MINERIA","UNIDAD","1"
"66075","2023","5","RETROEXCAVADORA - MINERIA","UNIDAD","1"
"68266","2023","5","RETROEXCAVADORA - MINERIA","UNIDAD","1"
"76001","2023","5","TRITURADORA - MINERIA","UNIDAD","2"
"86573","2023","5","DRAGA (MINERIA) - MINERIA","UNIDAD","1"
"86885","2023","5","CLASIFICADORA - MINERIA","UNIDAD","1"
"86885","2023","5","DRAGA (MINERIA) - MINERIA","UNIDAD","1"
"94001","2023","5","DRAGA (MINERIA) - MINERIA","UNIDAD","3"
"05113","2023","6","RETROEXCAVADORA - MINERIA","UNIDAD","2"
"05154","2023","6","DRAGA (MINERIA) - MINERIA","UNIDAD","2"
"05190","2023","6","RETROEXCAVADORA - MINERIA","UNIDAD","3"
"05467","2023","6","DRAGA (MINERIA) - MINERIA","UNIDAD","1"
"05585","2023","6","DRAGA (MINERIA) - MINERIA","UNIDAD","3"
"05585","2023","6","RETROEXCAVADORA - MINERIA","UNIDAD","1"
"05604","2023","6","DRAGA (MINERIA) - MINERIA","UNIDAD","2"
"08573","2023","6","RETROEXCAVADORA - MINERIA","UNIDAD","1"
"13006","2023","6","EXCAVADORA - MINERIA","UNIDAD","1"
"13580","2023","6","RETROEXCAVADORA - MINERIA","UNIDAD","1"
"15572","2023","6","DRAGA (MINERIA) - MINERIA","UNIDAD","6"
"15572","2023","6","RETROEXCAVADORA - MINERIA","UNIDAD","2"
"17042","2023","6","CLASIFICADORA - MINERIA","UNIDAD","2"
"18001","2023","6","RETROEXCAVADORA - MINERIA","UNIDAD","1"
"25290","2023","6","RETROEXCAVADORA - MINERIA","UNIDAD","1"
"27001","2023","6","RETROEXCAVADORA - MINERIA","UNIDAD","2"
"27413","2023","6","DRAGA TIPO DRAGON - MINERIA","UNIDAD","1"
"27600","2023","6","DRAGA TIPO DRAGON - MINERIA","UNIDAD","2"
"27787","2023","6","RETROEXCAVADORA - MINERIA","UNIDAD","7"
"44090","2023","6","TRITURADORA - MINERIA","UNIDAD","1"
"66170","2023","6","BULDOZER - MINERIA","UNIDAD","1"
"68001","2023","6","CLASIFICADORA - MINERIA","UNIDAD","1"
"68081","2023","6","RETROEXCAVADORA - MINERIA","UNIDAD","1"
"73217","2023","6","CLASIFICADORA - MINERIA","UNIDAD","1"
"86001","2023","6","RETROEXCAVADORA - MINERIA","UNIDAD","1"
"86320","2023","6","RETROEXCAVADORA - MINERIA","UNIDAD","1"
"86568","2023","6","DRAGA (MINERIA) - MINERIA","UNIDAD","1"
"94001","2023","6","DRAGA (MINERIA) - MINERIA","UNIDAD","5"
"94343","2023","6","DRAGA (MINERIA) - MINERIA","UNIDAD","1"
"05142","2023","7","DRAGA (MINERIA) - MINERIA","UNIDAD","3"
"05142","2023","7","DRAGA TIPO BUZO - MINERIA","UNIDAD","4"
"05154","2023","7","DRAGA (MINERIA) - MINERIA","UNIDAD","2"
"05154","2023","7","DRAGA TIPO BUZO - MINERIA","UNIDAD","3"
"05250","2023","7","DRAGA TIPO DRAGON - MINERIA","UNIDAD","6"
"05250","2023","7","RETROEXCAVADORA - MINERIA","UNIDAD","8"
"05495","2023","7","EXCAVADORA - MINERIA","UNIDAD","1"
"05604","2023","7","CLASIFICADORA - MINERIA","UNIDAD","3"
"05604","2023","7","DRAGA (MINERIA) - MINERIA","UNIDAD","1"
"05604","2023","7","DRAGA TIPO BUZO - MINERIA","UNIDAD","12"
"05604","2023","7","EXCAVADORA - MINERIA","UNIDAD","2"
"05604","2023","7","RETROEXCAVADORA - MINERIA","UNIDAD","1"
"05670","2023","7","DRAGA (MINERIA) - MINERIA","UNIDAD","1"
"05670","2023","7","DRAGA TIPO BUZO - MINERIA","UNIDAD","8"
"05736","2023","7","CLASIFICADORA - MINERIA","UNIDAD","1"
"05736","2023","7","DRAGA (MINERIA) - MINERIA","UNIDAD","1"
"05736","2023","7","DRAGA TIPO BUZO - MINERIA","UNIDAD","1"
"05736","2023","7","EXCAVADORA - MINERIA","UNIDAD","3"
"05885","2023","7","DRAGA TIPO BUZO - MINERIA","UNIDAD","2"
"05895","2023","7","DRAGA (MINERIA) - MINERIA","UNIDAD","1"
"05895","2023","7","DRAGA TIPO DRAGON - MINERIA","UNIDAD","4"
"13006","2023","7","EXCAVADORA - MINERIA","UNIDAD","1"
"18756","2023","7","DRAGA (MINERIA) - MINERIA","UNIDAD","1"
"19533","2023","7","EXCAVADORA - MINERIA","UNIDAD","1"
"25386","2023","7","RETROEXCAVADORA - MINERIA","UNIDAD","1"
"25407","2023","7","EXCAVADORA - MINERIA","UNIDAD","1"
"27001","2023","7","RETROEXCAVADORA - MINERIA","UNIDAD","3"
"27050","2023","7","BULDOZER - MINERIA","UNIDAD","1"
"27050","2023","7","DRAGA TIPO BUZO - MINERIA","UNIDAD","5"
"27050","2023","7","DRAGA TIPO DRAGON - MINERIA","UNIDAD","1"
"27050","2023","7","EXCAVADORA - MINERIA","UNIDAD","1"
"27050","2023","7","RETROEXCAVADORA - MINERIA","UNIDAD","1"
"27160","2023","7","DRAGA TIPO BUZO - MINERIA","UNIDAD","13"
"27160","2023","7","RETROEXCAVADORA - MINERIA","UNIDAD","1"
"27413","2023","7","DRAGA (MINERIA) - MINERIA","UNIDAD","1"
"27413","2023","7","DRAGA TIPO DRAGON - MINERIA","UNIDAD","1"
"27600","2023","7","DRAGA TIPO DRAGON - MINERIA","UNIDAD","4"
"27600","2023","7","RETROEXCAVADORA - MINERIA","UNIDAD","1"
"47189","2023","7","RETROEXCAVADORA - MINERIA","UNIDAD","1"
"50150","2023","7","RETROEXCAVADORA - MINERIA","UNIDAD","1"
"68755","2023","7","RETROEXCAVADORA - MINERIA","UNIDAD","1"
"86571","2023","7","DRAGA (MINERIA) - MINERIA","UNIDAD","1"
"86573","2023","7","DRAGA (MINERIA) - MINERIA","UNIDAD","1"
"05021","2023","8","DRAGA (MINERIA) - MINERIA","UNIDAD","4"
"05142","2023","8","DRAGA (MINERIA) - MINERIA","UNIDAD","2"
"05154","2023","8","DRAGA (MINERIA) - MINERIA","UNIDAD","18"
"05250","2023","8","DRAGA (MINERIA) - MINERIA","UNIDAD","2"
"05604","2023","8","DRAGA (MINERIA) - MINERIA","UNIDAD","3"
"05667","2023","8","DRAGA (MINERIA) - MINERIA","UNIDAD","4"
"05670","2023","8","DRAGA TIPO BUZO - MINERIA","UNIDAD","2"
"05890","2023","8","DRAGA TIPO BUZO - MINERIA","UNIDAD","1"
"08296","2023","8","BULDOZER - MINERIA","UNIDAD","1"
"08296","2023","8","RETROEXCAVADORA - MINERIA","UNIDAD","2"
"11001","2023","8","RETROEXCAVADORA - MINERIA","UNIDAD","1"
"15272","2023","8","RETROEXCAVADORA - MINERIA","UNIDAD","1"
"17013","2023","8","CLASIFICADORA - MINERIA","UNIDAD","5"
"17013","2023","8","DRAGA TIPO BUZO - MINERIA","UNIDAD","5"
"17013","2023","8","RETROEXCAVADORA - MINERIA","UNIDAD","1"
"18001","2023","8","RETROEXCAVADORA - MINERIA","UNIDAD","2"
"19318","2023","8","DRAGA TIPO DRAGON - MINERIA","UNIDAD","2"
"19318","2023","8","EXCAVADORA - MINERIA","UNIDAD","2"
"23068","2023","8","DRAGA (MINERIA) - MINERIA","UNIDAD","2"
"25290","2023","8","RETROEXCAVADORA - MINERIA","UNIDAD","2"
"25307","2023","8","RETROEXCAVADORA - MINERIA","UNIDAD","1"
"25386","2023","8","RETROEXCAVADORA - MINERIA","UNIDAD","2"
"27001","2023","8","BULDOZER - MINERIA","UNIDAD","1"
"27001","2023","8","DRAGA (MINERIA) - MINERIA","UNIDAD","1"
"27001","2023","8","DRAGA TIPO BUZO - MINERIA","UNIDAD","16"
"27001","2023","8","DRAGA TIPO DRAGON - MINERIA","UNIDAD","2"
"27001","2023","8","EXCAVADORA - MINERIA","UNIDAD","3"
"27001","2023","8","RETROEXCAVADORA - MINERIA","UNIDAD","2"
"27160","2023","8","DRAGA TIPO DRAGON - MINERIA","UNIDAD","1"
"27425","2023","8","RETROEXCAVADORA - MINERIA","UNIDAD","2"
"27600","2023","8","DRAGA TIPO DRAGON - MINERIA","UNIDAD","4"
"50318","2023","8","RETROEXCAVADORA - MINERIA","UNIDAD","1"
"52260","2023","8","RETROEXCAVADORA - MINERIA","UNIDAD","1"
"52427","2023","8","EXCAVADORA - MINERIA","UNIDAD","6"
"52435","2023","8","RETROEXCAVADORA - MINERIA","UNIDAD","1"
"66001","2023","8","RETROEXCAVADORA - MINERIA","UNIDAD","1"
"66682","2023","8","BULDOZER - MINERIA","UNIDAD","1"
"70742","2023","8","RETROEXCAVADORA - MINERIA","UNIDAD","1"
"76109","2023","8","CLASIFICADORA - MINERIA","UNIDAD","1"
"76109","2023","8","EXCAVADORA - MINERIA","UNIDAD","1"
"81001","2023","8","TRITURADORA - MINERIA","UNIDAD","1"
"94001","2023","8","DRAGA (MINERIA) - MINERIA","UNIDAD","3"
"05120","2023","9","DRAGA (MINERIA) - MINERIA","UNIDAD","7"
"05120","2023","9","EXCAVADORA - MINERIA","UNIDAD","1"
"05154","2023","9","DRAGA (MINERIA) - MINERIA","UNIDAD","10"
"05154","2023","9","RETROEXCAVADORA - MINERIA","UNIDAD","3"
"05306","2023","9","TRITURADORA - MINERIA","UNIDAD","3"
"05585","2023","9","DRAGA (MINERIA) - MINERIA","UNIDAD","3"
"05585","2023","9","RETROEXCAVADORA - MINERIA","UNIDAD","1"
"05604","2023","9","DRAGA (MINERIA) - MINERIA","UNIDAD","6"
"05856","2023","9","DRAGA (MINERIA) - MINERIA","UNIDAD","1"
"08078","2023","9","RETROEXCAVADORA - MINERIA","UNIDAD","1"
"11001","2023","9","CLASIFICADORA - MINERIA","UNIDAD","1"
"11001","2023","9","EXCAVADORA - MINERIA","UNIDAD","1"
"11001","2023","9","RETROEXCAVADORA - MINERIA","UNIDAD","1"
"13006","2023","9","DRAGA (MINERIA) - MINERIA","UNIDAD","2"
"13006","2023","9","EXCAVADORA - MINERIA","UNIDAD","1"
"13580","2023","9","EXCAVADORA - MINERIA","UNIDAD","1"
"15572","2023","9","DRAGA (MINERIA) - MINERIA","UNIDAD","4"
"15572","2023","9","RETROEXCAVADORA - MINERIA","UNIDAD","3"
"17001","2023","9","RETROEXCAVADORA - MINERIA","UNIDAD","1"
"17495","2023","9","EXCAVADORA - MINERIA","UNIDAD","2"
"19418","2023","9","RETROEXCAVADORA - MINERIA","UNIDAD","3"
"23586","2023","9","RETROEXCAVADORA - MINERIA","UNIDAD","1"
"23807","2023","9","RETROEXCAVADORA - MINERIA","UNIDAD","1"
"25183","2023","9","RETROEXCAVADORA - MINERIA","UNIDAD","1"
"25899","2023","9","RETROEXCAVADORA - MINERIA","UNIDAD","1"
"27413","2023","9","DRAGA TIPO DRAGON - MINERIA","UNIDAD","1"
"27800","2023","9","MEZCLADORA - MINERIA","UNIDAD","12"
"50001","2023","9","RETROEXCAVADORA - MINERIA","UNIDAD","1"
"52696","2023","9","EXCAVADORA - MINERIA","UNIDAD","3"
"68081","2023","9","RETROEXCAVADORA - MINERIA","UNIDAD","2"
"68190","2023","9","RETROEXCAVADORA - MINERIA","UNIDAD","1"
"70742","2023","9","RETROEXCAVADORA - MINERIA","UNIDAD","1"
"73168","2023","9","DRAGA (MINERIA) - MINERIA","UNIDAD","1"
"86568","2023","9","RETROEXCAVADORA - MINERIA","UNIDAD","1"
"86571","2023","9","RETROEXCAVADORA - MINERIA","UNIDAD","1"
"05142","2023","10","DRAGA TIPO BUZO - MINERIA","UNIDAD","2"
"05154","2023","10","DRAGA (MINERIA) - MINERIA","UNIDAD","2"
"05250","2023","10","DRAGA (MINERIA) - MINERIA","UNIDAD","9"
"05425","2023","10","DRAGA TIPO BUZO - MINERIA","UNIDAD","2"
"05579","2023","10","DRAGA (MINERIA) - MINERIA","UNIDAD","4"
"05604","2023","10","CLASIFICADORA - MINERIA","UNIDAD","1"
"05604","2023","10","DRAGA (MINERIA) - MINERIA","UNIDAD","2"
"05604","2023","10","RETROEXCAVADORA - MINERIA","UNIDAD","2"
"05670","2023","10","DRAGA (MINERIA) - MINERIA","UNIDAD","1"
"05670","2023","10","DRAGA TIPO BUZO - MINERIA","UNIDAD","6"
"05670","2023","10","RETROEXCAVADORA - MINERIA","UNIDAD","1"
"05736","2023","10","CLASIFICADORA - MINERIA","UNIDAD","1"
"05736","2023","10","EXCAVADORA - MINERIA","UNIDAD","1"
"05858","2023","10","CLASIFICADORA - MINERIA","UNIDAD","2"
"05858","2023","10","DRAGA TIPO BUZO - MINERIA","UNIDAD","1"
"05858","2023","10","RETROEXCAVADORA - MINERIA","UNIDAD","2"
"05885","2023","10","DRAGA TIPO BUZO - MINERIA","UNIDAD","4"
"08078","2023","10","RETROEXCAVADORA - MINERIA","UNIDAD","2"
"13430","2023","10","BULDOZER - MINERIA","UNIDAD","1"
"13430","2023","10","RETROEXCAVADORA - MINERIA","UNIDAD","1"
"13670","2023","10","CLASIFICADORA - MINERIA","UNIDAD","1"
"13670","2023","10","TRITURADORA - MINERIA","UNIDAD","1"
"17486","2023","10","DRAGA (MINERIA) - MINERIA","UNIDAD","1"
"17486","2023","10","DRAGA TIPO BUZO - MINERIA","UNIDAD","1"
"18205","2023","10","DRAGA (MINERIA) - MINERIA","UNIDAD","3"
"19698","2023","10","DRAGA TIPO BUZO - MINERIA","UNIDAD","6"
"20383","2023","10","RETROEXCAVADORA - MINERIA","UNIDAD","1"
"25290","2023","10","RETROEXCAVADORA - MINERIA","UNIDAD","1"
"25386","2023","10","RETROEXCAVADORA - MINERIA","UNIDAD","3"
"27001","2023","10","RETROEXCAVADORA - MINERIA","UNIDAD","3"
"27135","2023","10","RETROEXCAVADORA - MINERIA","UNIDAD","1"
"27600","2023","10","DRAGA TIPO DRAGON - MINERIA","UNIDAD","1"
"27600","2023","10","RETROEXCAVADORA - MINERIA","UNIDAD","1"
"27810","2023","10","RETROEXCAVADORA - MINERIA","UNIDAD","1"
"52356","2023","10","RETROEXCAVADORA - MINERIA","UNIDAD","1"
"66075","2023","10","RETROEXCAVADORA - MINERIA","UNIDAD","1"
"66687","2023","10","RETROEXCAVADORA - MINERIA","UNIDAD","1"
"68081","2023","10","RETROEXCAVADORA - MINERIA","UNIDAD","1"
"70204","2023","10","RETROEXCAVADORA - MINERIA","UNIDAD","1"
"73678","2023","10","RETROEXCAVADORA - MINERIA","UNIDAD","1"
"86001","2023","10","RETROEXCAVADORA - MINERIA","UNIDAD","1"
"86320","2023","10","RETROEXCAVADORA - MINERIA","UNIDAD","1"
"94001","2023","10","DRAGA (MINERIA) - MINERIA","UNIDAD","1"
"95025","2023","10","BULDOZER - MINERIA","UNIDAD","1"
"05113","2023","11","RETROEXCAVADORA - MINERIA","UNIDAD","1"
"05154","2023","11","DRAGA (MINERIA) - MINERIA","UNIDAD","2"
"05585","2023","11","DRAGA (MINERIA) - MINERIA","UNIDAD","10"
"05670","2023","11","DRAGA TIPO BUZO - MINERIA","UNIDAD","1"
"08078","2023","11","RETROEXCAVADORA - MINERIA","UNIDAD","1"
"11001","2023","11","EXCAVADORA - MINERIA","UNIDAD","1"
"11001","2023","11","RETROEXCAVADORA - MINERIA","UNIDAD","1"
"13006","2023","11","DRAGA (MINERIA) - MINERIA","UNIDAD","1"
"17272","2023","11","DRAGA TIPO BUZO - MINERIA","UNIDAD","3"
"18205","2023","11","DRAGA (MINERIA) - MINERIA","UNIDAD","3"
"18756","2023","11","DRAGA (MINERIA) - MINERIA","UNIDAD","1"
"19418","2023","11","EXCAVADORA - MINERIA","UNIDAD","4"
"27001","2023","11","CLASIFICADORA - MINERIA","UNIDAD","3"
"27001","2023","11","DRAGA TIPO DRAGON - MINERIA","UNIDAD","2"
"27160","2023","11","DRAGA TIPO DRAGON - MINERIA","UNIDAD","2"
"27160","2023","11","RETROEXCAVADORA - MINERIA","UNIDAD","2"
"70742","2023","11","RETROEXCAVADORA - MINERIA","UNIDAD","1"
"76147","2023","11","DRAGA (MINERIA) - MINERIA","UNIDAD","1"
"76834","2023","11","RETROEXCAVADORA - MINERIA","UNIDAD","1"
"91798","2023","11","DRAGA (MINERIA) - MINERIA","UNIDAD","3"
"94001","2023","11","DRAGA (MINERIA) - MINERIA","UNIDAD","2"
"94883","2023","11","DRAGA (MINERIA) - MINERIA","UNIDAD","1"
"05154","2023","12","DRAGA (MINERIA) - MINERIA","UNIDAD","1"
"05579","2023","12","DRAGA (MINERIA) - MINERIA","UNIDAD","10"
"05579","2023","12","DRAGA TIPO BUZO - MINERIA","UNIDAD","8"
"05604","2023","12","CLASIFICADORA - MINERIA","UNIDAD","1"
"05604","2023","12","EXCAVADORA - MINERIA","UNIDAD","1"
"05885","2023","12","DRAGA TIPO BUZO - MINERIA","UNIDAD","2"
"13549","2023","12","EXCAVADORA - MINERIA","UNIDAD","1"
"18205","2023","12","DRAGA (MINERIA) - MINERIA","UNIDAD","2"
"19455","2023","12","RETROEXCAVADORA - MINERIA","UNIDAD","1"
"25386","2023","12","RETROEXCAVADORA - MINERIA","UNIDAD","1"
"27810","2023","12","RETROEXCAVADORA - MINERIA","UNIDAD","1"
"73217","2023","12","CLASIFICADORA - MINERIA","UNIDAD","1"
"73217","2023","12","DRAGA (MINERIA) - MINERIA","UNIDAD","1"
"91001","2023","12","DRAGA TIPO DRAGON - MINERIA","UNIDAD","12"
"94001","2023","12","DRAGA (MINERIA) - MINERIA","UNIDAD","1"
"05142","2024","1","DRAGA TIPO BUZO - MINERIA","UNIDAD","10"
"05154","2024","1","DRAGA (MINERIA) - MINERIA","UNIDAD","3"
"05282","2024","1","DRAGA TIPO BUZO - MINERIA","UNIDAD","3"
"05425","2024","1","DRAGA TIPO BUZO - MINERIA","UNIDAD","3"
"05579","2024","1","DRAGA (MINERIA) - MINERIA","UNIDAD","3"
"05579","2024","1","EXCAVADORA - MINERIA","UNIDAD","1"
"05604","2024","1","DRAGA (MINERIA) - MINERIA","UNIDAD","3"
"05604","2024","1","DRAGA TIPO BUZO - MINERIA","UNIDAD","4"
"05604","2024","1","RETROEXCAVADORA - MINERIA","UNIDAD","1"
"05670","2024","1","DRAGA TIPO BUZO - MINERIA","UNIDAD","8"
"05690","2024","1","DRAGA (MINERIA) - MINERIA","UNIDAD","2"
"05736","2024","1","DRAGA (MINERIA) - MINERIA","UNIDAD","1"
"05736","2024","1","DRAGA TIPO BUZO - MINERIA","UNIDAD","2"
"05736","2024","1","RETROEXCAVADORA - MINERIA","UNIDAD","7"
"05861","2024","1","DRAGA (MINERIA) - MINERIA","UNIDAD","9"
"15051","2024","1","RETROEXCAVADORA - MINERIA","UNIDAD","1"
"15646","2024","1","RETROEXCAVADORA - MINERIA","UNIDAD","1"
"17272","2024","1","RETROEXCAVADORA - MINERIA","UNIDAD","1"
"17867","2024","1","DRAGA (MINERIA) - MINERIA","UNIDAD","1"
"18001","2024","1","RETROEXCAVADORA - MINERIA","UNIDAD","1"
"18479","2024","1","EXCAVADORA - MINERIA","UNIDAD","1"
"20383","2024","1","RETROEXCAVADORA - MINERIA","UNIDAD","1"
"25245","2024","1","RETROEXCAVADORA - MINERIA","UNIDAD","1"
"25386","2024","1","RETROEXCAVADORA - MINERIA","UNIDAD","1"
"25426","2024","1","RETROEXCAVADORA - MINERIA","UNIDAD","1"
"25772","2024","1","RETROEXCAVADORA - MINERIA","UNIDAD","1"
"27001","2024","1","DRAGA TIPO BUZO - MINERIA","UNIDAD","6"
"27001","2024","1","RETROEXCAVADORA - MINERIA","UNIDAD","2"
"27787","2024","1","EXCAVADORA - MINERIA","UNIDAD","2"
"47001","2024","1","RETROEXCAVADORA - MINERIA","UNIDAD","1"
"47205","2024","1","RETROEXCAVADORA - MINERIA","UNIDAD","1"
"66001","2024","1","BULDOZER - MINERIA","UNIDAD","1"
"66045","2024","1","RETROEXCAVADORA - MINERIA","UNIDAD","1"
"66075","2024","1","RETROEXCAVADORA - MINERIA","UNIDAD","1"
"66088","2024","1","RETROEXCAVADORA - MINERIA","UNIDAD","1"
"66318","2024","1","RETROEXCAVADORA - MINERIA","UNIDAD","1"
"66456","2024","1","RETROEXCAVADORA - MINERIA","UNIDAD","1"
"66572","2024","1","RETROEXCAVADORA - MINERIA","UNIDAD","1"
"66594","2024","1","RETROEXCAVADORA - MINERIA","UNIDAD","1"
"68655","2024","1","CLASIFICADORA - MINERIA","UNIDAD","1"
"68655","2024","1","RETROEXCAVADORA - MINERIA","UNIDAD","3"
"88001","2024","1","RETROEXCAVADORA - MINERIA","UNIDAD","1"
"95001","2024","1","RETROEXCAVADORA - MINERIA","UNIDAD","1"
"05001","2024","2","RETROEXCAVADORA - MINERIA","UNIDAD","1"
"05154","2024","2","DRAGA (MINERIA) - MINERIA","UNIDAD","7"
"05318","2024","2","RETROEXCAVADORA - MINERIA","UNIDAD","1"
"05364","2024","2","DRAGA (MINERIA) - MINERIA","UNIDAD","4"
"05495","2024","2","DRAGA (MINERIA) - MINERIA","UNIDAD","1"
"05604","2024","2","DRAGA TIPO BUZO - MINERIA","UNIDAD","13"
"05604","2024","2","RETROEXCAVADORA - MINERIA","UNIDAD","7"
"05670","2024","2","DRAGA TIPO BUZO - MINERIA","UNIDAD","4"
"05670","2024","2","RETROEXCAVADORA - MINERIA","UNIDAD","2"
"08078","2024","2","EXCAVADORA - MINERIA","UNIDAD","1"
"08832","2024","2","RETROEXCAVADORA - MINERIA","UNIDAD","1"
"11001","2024","2","RETROEXCAVADORA - MINERIA","UNIDAD","1"
"13001","2024","2","RETROEXCAVADORA - MINERIA","UNIDAD","1"
"13430","2024","2","RETROEXCAVADORA - MINERIA","UNIDAD","1"
"13549","2024","2","RETROEXCAVADORA - MINERIA","UNIDAD","1"
"13600","2024","2","RETROEXCAVADORA - MINERIA","UNIDAD","1"
"18001","2024","2","BULDOZER - MINERIA","UNIDAD","1"
"18001","2024","2","RETROEXCAVADORA - MINERIA","UNIDAD","1"
"18756","2024","2","DRAGA (MINERIA) - MINERIA","UNIDAD","2"
"19001","2024","2","BULDOZER - MINERIA","UNIDAD","1"
"19418","2024","2","DRAGA TIPO DRAGON - MINERIA","UNIDAD","1"
"19418","2024","2","RETROEXCAVADORA - MINERIA","UNIDAD","8"
"19698","2024","2","CLASIFICADORA - MINERIA","UNIDAD","3"
"23807","2024","2","RETROEXCAVADORA - MINERIA","UNIDAD","1"
"25386","2024","2","RETROEXCAVADORA - MINERIA","UNIDAD","1"
"25402","2024","2","RETROEXCAVADORA - MINERIA","UNIDAD","1"
"25740","2024","2","RETROEXCAVADORA - MINERIA","UNIDAD","3"
"25758","2024","2","RETROEXCAVADORA - MINERIA","UNIDAD","1"
"25862","2024","2","RETROEXCAVADORA - MINERIA","UNIDAD","1"
"27001","2024","2","BULDOZER - MINERIA","UNIDAD","1"
"27001","2024","2","DRAGA (MINERIA) - MINERIA","UNIDAD","5"
"27001","2024","2","DRAGA TIPO BUZO - MINERIA","UNIDAD","16"
"27001","2024","2","DRAGA TIPO DRAGON - MINERIA","UNIDAD","2"
"27001","2024","2","EXCAVADORA - MINERIA","UNIDAD","1"
"27001","2024","2","RETROEXCAVADORA - MINERIA","UNIDAD","8"
"27050","2024","2","DRAGA TIPO BUZO - MINERIA","UNIDAD","5"
"27050","2024","2","EXCAVADORA - MINERIA","UNIDAD","3"
"27077","2024","2","CLASIFICADORA - MINERIA","UNIDAD","1"
"27135","2024","2","DRAGA (MINERIA) - MINERIA","UNIDAD","2"
"27135","2024","2","DRAGA TIPO DRAGON - MINERIA","UNIDAD","1"
"27135","2024","2","EXCAVADORA - MINERIA","UNIDAD","1"
"27150","2024","2","EXCAVADORA - MINERIA","UNIDAD","1"
"27150","2024","2","RETROEXCAVADORA - MINERIA","UNIDAD","1"
"27160","2024","2","DRAGA TIPO DRAGON - MINERIA","UNIDAD","4"
"27205","2024","2","EXCAVADORA - MINERIA","UNIDAD","3"
"27245","2024","2","RETROEXCAVADORA - MINERIA","UNIDAD","1"
"27361","2024","2","DRAGA (MINERIA) - MINERIA","UNIDAD","1"
"27361","2024","2","EXCAVADORA - MINERIA","UNIDAD","1"
"27600","2024","2","DRAGA TIPO DRAGON - MINERIA","UNIDAD","2"
"27787","2024","2","EXCAVADORA - MINERIA","UNIDAD","1"
"27810","2024","2","CLASIFICADORA - MINERIA","UNIDAD","1"
"27810","2024","2","DRAGA TIPO DRAGON - MINERIA","UNIDAD","2"
"41551","2024","2","RETROEXCAVADORA - MINERIA","UNIDAD","1"
"41668","2024","2","RETROEXCAVADORA - MINERIA","UNIDAD","1"
"50001","2024","2","RETROEXCAVADORA - MINERIA","UNIDAD","1"
"50573","2024","2","RETROEXCAVADORA - MINERIA","UNIDAD","1"
"52427","2024","2","RETROEXCAVADORA - MINERIA","UNIDAD","1"
"66001","2024","2","BULDOZER - MINERIA","UNIDAD","1"
"66001","2024","2","DRAGA TIPO BUZO - MINERIA","UNIDAD","2"
"66001","2024","2","RETROEXCAVADORA - MINERIA","UNIDAD","4"
"66088","2024","2","RETROEXCAVADORA - MINERIA","UNIDAD","1"
"66170","2024","2","BULDOZER - MINERIA","UNIDAD","1"
"66572","2024","2","RETROEXCAVADORA - MINERIA","UNIDAD","1"
"66682","2024","2","RETROEXCAVADORA - MINERIA","UNIDAD","1"
"68081","2024","2","EXCAVADORA - MINERIA","UNIDAD","1"
"68573","2024","2","RETROEXCAVADORA - MINERIA","UNIDAD","1"
"68655","2024","2","DRAGA (MINERIA) - MINERIA","UNIDAD","2"
"70742","2024","2","RETROEXCAVADORA - MINERIA","UNIDAD","1"
"73067","2024","2","DRAGA (MINERIA) - MINERIA","UNIDAD","1"
"73443","2024","2","CLASIFICADORA - MINERIA","UNIDAD","2"
"76109","2024","2","RETROEXCAVADORA - MINERIA","UNIDAD","2"
"86320","2024","2","RETROEXCAVADORA - MINERIA","UNIDAD","1"
"95001","2024","2","BULDOZER - MINERIA","UNIDAD","1"
"95001","2024","2","RETROEXCAVADORA - MINERIA","UNIDAD","1"
"05091","2024","3","DRAGA TIPO BUZO - MINERIA","UNIDAD","1"
"05154","2024","3","DRAGA (MINERIA) - MINERIA","UNIDAD","3"
"05368","2024","3","DRAGA TIPO BUZO - MINERIA","UNIDAD","2"
"05495","2024","3","DRAGA TIPO DRAGON - MINERIA","UNIDAD","6"
"05495","2024","3","EXCAVADORA - MINERIA","UNIDAD","1"
"05495","2024","3","RETROEXCAVADORA - MINERIA","UNIDAD","3"
"05579","2024","3","DRAGA (MINERIA) - MINERIA","UNIDAD","3"
"05579","2024","3","DRAGA TIPO BUZO - MINERIA","UNIDAD","12"
"05579","2024","3","RETROEXCAVADORA - MINERIA","UNIDAD","2"
"05604","2024","3","DRAGA TIPO BUZO - MINERIA","UNIDAD","3"
"05649","2024","3","DRAGA (MINERIA) - MINERIA","UNIDAD","7"
"05792","2024","3","DRAGA TIPO BUZO - MINERIA","UNIDAD","1"
"05847","2024","3","RETROEXCAVADORA - MINERIA","UNIDAD","1"
"05861","2024","3","DRAGA TIPO BUZO - MINERIA","UNIDAD","5"
"08078","2024","3","RETROEXCAVADORA - MINERIA","UNIDAD","5"
"13673","2024","3","RETROEXCAVADORA - MINERIA","UNIDAD","1"
"13683","2024","3","RETROEXCAVADORA - MINERIA","UNIDAD","1"
"15507","2024","3","RETROEXCAVADORA - MINERIA","UNIDAD","1"
"15681","2024","3","RETROEXCAVADORA - MINERIA","UNIDAD","1"
"17873","2024","3","RETROEXCAVADORA - MINERIA","UNIDAD","3"
"18001","2024","3","RETROEXCAVADORA - MINERIA","UNIDAD","1"
"19318","2024","3","EXCAVADORA - MINERIA","UNIDAD","3"
"19698","2024","3","DRAGA (MINERIA) - MINERIA","UNIDAD","1"
"20001","2024","3","RETROEXCAVADORA - MINERIA","UNIDAD","2"
"25386","2024","3","RETROEXCAVADORA - MINERIA","UNIDAD","3"
"27001","2024","3","DRAGA TIPO BUZO - MINERIA","UNIDAD","1"
"27001","2024","3","DRAGA TIPO DRAGON - MINERIA","UNIDAD","1"
"27001","2024","3","EXCAVADORA - MINERIA","UNIDAD","3"
"27787","2024","3","EXCAVADORA - MINERIA","UNIDAD","1"
"66001","2024","3","RETROEXCAVADORA - MINERIA","UNIDAD","1"
"66682","2024","3","RETROEXCAVADORA - MINERIA","UNIDAD","1"
"76364","2024","3","DRAGA (MINERIA) - MINERIA","UNIDAD","3"
"86573","2024","3","DRAGA (MINERIA) - MINERIA","UNIDAD","2"
"86885","2024","3","DRAGA (MINERIA) - MINERIA","UNIDAD","1"
"91798","2024","3","DRAGA (MINERIA) - MINERIA","UNIDAD","16"
"05079","2024","4","DRAGA (MINERIA) - MINERIA","UNIDAD","1"
"05079","2024","4","DRAGA TIPO BUZO - MINERIA","UNIDAD","1"
"05142","2024","4","DRAGA TIPO BUZO - MINERIA","UNIDAD","3"
"05206","2024","4","DRAGA (MINERIA) - MINERIA","UNIDAD","1"
"05212","2024","4","RETROEXCAVADORA - MINERIA","UNIDAD","1"
"05282","2024","4","DRAGA (MINERIA) - MINERIA","UNIDAD","2"
"05282","2024","4","RETROEXCAVADORA - MINERIA","UNIDAD","1"
"05390","2024","4","DRAGA (MINERIA) - MINERIA","UNIDAD","2"
"05390","2024","4","DRAGA TIPO BUZO - MINERIA","UNIDAD","4"
"05390","2024","4","RETROEXCAVADORA - MINERIA","UNIDAD","3"
"05585","2024","4","DRAGA (MINERIA) - MINERIA","UNIDAD","5"
"05585","2024","4","RETROEXCAVADORA - MINERIA","UNIDAD","3"
"05604","2024","4","DRAGA (MINERIA) - MINERIA","UNIDAD","11"
"05604","2024","4","DRAGA TIPO BUZO - MINERIA","UNIDAD","1"
"05670","2024","4","DRAGA TIPO BUZO - MINERIA","UNIDAD","15"
"05670","2024","4","RETROEXCAVADORA - MINERIA","UNIDAD","3"
"05690","2024","4","DRAGA TIPO BUZO - MINERIA","UNIDAD","1"
"05690","2024","4","RETROEXCAVADORA - MINERIA","UNIDAD","6"
"05856","2024","4","DRAGA TIPO BUZO - MINERIA","UNIDAD","1"
"05858","2024","4","DRAGA TIPO BUZO - MINERIA","UNIDAD","2"
"05885","2024","4","DRAGA TIPO BUZO - MINERIA","UNIDAD","3"
"05885","2024","4","RETROEXCAVADORA - MINERIA","UNIDAD","1"
"08078","2024","4","RETROEXCAVADORA - MINERIA","UNIDAD","3"
"08634","2024","4","RETROEXCAVADORA - MINERIA","UNIDAD","1"
"08685","2024","4","RETROEXCAVADORA - MINERIA","UNIDAD","1"
"13600","2024","4","RETROEXCAVADORA - MINERIA","UNIDAD","1"
"15507","2024","4","RETROEXCAVADORA - MINERIA","UNIDAD","1"
"15632","2024","4","RETROEXCAVADORA - MINERIA","UNIDAD","1"
"15681","2024","4","RETROEXCAVADORA - MINERIA","UNIDAD","1"
"17013","2024","4","DRAGA TIPO BUZO - MINERIA","UNIDAD","1"
"17380","2024","4","RETROEXCAVADORA - MINERIA","UNIDAD","1"
"17495","2024","4","CLASIFICADORA - MINERIA","UNIDAD","1"
"17495","2024","4","EXCAVADORA - MINERIA","UNIDAD","2"
"17867","2024","4","DRAGA (MINERIA) - MINERIA","UNIDAD","4"
"18001","2024","4","RETROEXCAVADORA - MINERIA","UNIDAD","2"
"19532","2024","4","EXCAVADORA - MINERIA","UNIDAD","3"
"20517","2024","4","EXCAVADORA - MINERIA","UNIDAD","1"
"20517","2024","4","RETROEXCAVADORA - MINERIA","UNIDAD","1"
"25200","2024","4","RETROEXCAVADORA - MINERIA","UNIDAD","1"
"25386","2024","4","RETROEXCAVADORA - MINERIA","UNIDAD","2"
"25407","2024","4","RETROEXCAVADORA - MINERIA","UNIDAD","2"
"25899","2024","4","RETROEXCAVADORA - MINERIA","UNIDAD","1"
"27001","2024","4","DRAGA TIPO BUZO - MINERIA","UNIDAD","4"
"27073","2024","4","DRAGA (MINERIA) - MINERIA","UNIDAD","2"
"27245","2024","4","DRAGA (MINERIA) - MINERIA","UNIDAD","1"
"27787","2024","4","EXCAVADORA - MINERIA","UNIDAD","2"
"27810","2024","4","EXCAVADORA - MINERIA","UNIDAD","1"
"47189","2024","4","EXCAVADORA - MINERIA","UNIDAD","1"
"50006","2024","4","BULDOZER - MINERIA","UNIDAD","1"
"50711","2024","4","BULDOZER - MINERIA","UNIDAD","2"
"50711","2024","4","EXCAVADORA - MINERIA","UNIDAD","1"
"63130","2024","4","DRAGA (MINERIA) - MINERIA","UNIDAD","2"
"66001","2024","4","BULDOZER - MINERIA","UNIDAD","2"
"66001","2024","4","RETROEXCAVADORA - MINERIA","UNIDAD","2"
"68081","2024","4","RETROEXCAVADORA - MINERIA","UNIDAD","2"
"68179","2024","4","RETROEXCAVADORA - MINERIA","UNIDAD","1"
"68655","2024","4","RETROEXCAVADORA - MINERIA","UNIDAD","1"
"70742","2024","4","RETROEXCAVADORA - MINERIA","UNIDAD","2"
"73001","2024","4","RETROEXCAVADORA - MINERIA","UNIDAD","1"
"73275","2024","4","RETROEXCAVADORA - MINERIA","UNIDAD","1"
"73443","2024","4","CLASIFICADORA - MINERIA","UNIDAD","1"
"73678","2024","4","RETROEXCAVADORA - MINERIA","UNIDAD","1"
"76109","2024","4","EXCAVADORA - MINERIA","UNIDAD","6"
"86001","2024","4","RETROEXCAVADORA - MINERIA","UNIDAD","1"
"86320","2024","4","RETROEXCAVADORA - MINERIA","UNIDAD","1"
"86569","2024","4","CLASIFICADORA - MINERIA","UNIDAD","2"
"86569","2024","4","DRAGA (MINERIA) - MINERIA","UNIDAD","5"
"86569","2024","4","MEZCLADORA - MINERIA","UNIDAD","6"
"94001","2024","4","DRAGA (MINERIA) - MINERIA","UNIDAD","1"
"95001","2024","4","BULDOZER - MINERIA","UNIDAD","1"
"95001","2024","4","RETROEXCAVADORA - MINERIA","UNIDAD","1"
"97001","2024","4","TRITURADORA - MINERIA","UNIDAD","1"
"05031","2024","5","RETROEXCAVADORA - MINERIA","UNIDAD","5"
"05034","2024","5","DRAGA TIPO BUZO - MINERIA","UNIDAD","2"
"05079","2024","5","DRAGA (MINERIA) - MINERIA","UNIDAD","2"
"05120","2024","5","CLASIFICADORA - MINERIA","UNIDAD","1"
"05129","2024","5","RETROEXCAVADORA - MINERIA","UNIDAD","2"
"05154","2024","5","DRAGA (MINERIA) - MINERIA","UNIDAD","1"
"05154","2024","5","DRAGA TIPO DRAGON - MINERIA","UNIDAD","1"
"05154","2024","5","EXCAVADORA - MINERIA","UNIDAD","1"
"05390","2024","5","DRAGA (MINERIA) - MINERIA","UNIDAD","1"
"05667","2024","5","RETROEXCAVADORA - MINERIA","UNIDAD","2"
"05670","2024","5","DRAGA TIPO BUZO - MINERIA","UNIDAD","6"
"05690","2024","5","RETROEXCAVADORA - MINERIA","UNIDAD","4"
"05756","2024","5","RETROEXCAVADORA - MINERIA","UNIDAD","1"
"05890","2024","5","DRAGA TIPO BUZO - MINERIA","UNIDAD","10"
"08634","2024","5","RETROEXCAVADORA - MINERIA","UNIDAD","1"
"13670","2024","5","RETROEXCAVADORA - MINERIA","UNIDAD","2"
"13744","2024","5","RETROEXCAVADORA - MINERIA","UNIDAD","2"
"15681","2024","5","RETROEXCAVADORA - MINERIA","UNIDAD","1"
"17042","2024","5","DRAGA (MINERIA) - MINERIA","UNIDAD","1"
"17388","2024","5","RETROEXCAVADORA - MINERIA","UNIDAD","1"
"17662","2024","5","DRAGA TIPO BUZO - MINERIA","UNIDAD","6"
"18205","2024","5","RETROEXCAVADORA - MINERIA","UNIDAD","1"
"18756","2024","5","DRAGA (MINERIA) - MINERIA","UNIDAD","4"
"20178","2024","5","RETROEXCAVADORA - MINERIA","UNIDAD","1"
"25290","2024","5","RETROEXCAVADORA - MINERIA","UNIDAD","2"
"25320","2024","5","RETROEXCAVADORA - MINERIA","UNIDAD","1"
"25386","2024","5","RETROEXCAVADORA - MINERIA","UNIDAD","3"
"25612","2024","5","RETROEXCAVADORA - MINERIA","UNIDAD","2"
"25797","2024","5","RETROEXCAVADORA - MINERIA","UNIDAD","2"
"27001","2024","5","DRAGA TIPO BUZO - MINERIA","UNIDAD","15"
"27001","2024","5","EXCAVADORA - MINERIA","UNIDAD","4"
"27001","2024","5","RETROEXCAVADORA - MINERIA","UNIDAD","3"
"27135","2024","5","CLASIFICADORA - MINERIA","UNIDAD","1"
"27491","2024","5","CLASIFICADORA - MINERIA","UNIDAD","1"
"27600","2024","5","DRAGA TIPO DRAGON - MINERIA","UNIDAD","2"
"27615","2024","5","RETROEXCAVADORA - MINERIA","UNIDAD","3"
"27810","2024","5","DRAGA TIPO DRAGON - MINERIA","UNIDAD","2"
"50124","2024","5","TRITURADORA - MINERIA","UNIDAD","1"
"50223","2024","5","DRAGA (MINERIA) - MINERIA","UNIDAD","1"
"54520","2024","5","RETROEXCAVADORA - MINERIA","UNIDAD","1"
"54673","2024","5","RETROEXCAVADORA - MINERIA","UNIDAD","1"
"68081","2024","5","RETROEXCAVADORA - MINERIA","UNIDAD","1"
"68547","2024","5","RETROEXCAVADORA - MINERIA","UNIDAD","1"
"68679","2024","5","RETROEXCAVADORA - MINERIA","UNIDAD","1"
"68755","2024","5","RETROEXCAVADORA - MINERIA","UNIDAD","1"
"76001","2024","5","TRITURADORA - MINERIA","UNIDAD","4"
"76130","2024","5","RETROEXCAVADORA - MINERIA","UNIDAD","1"
"76520","2024","5","DRAGA (MINERIA) - MINERIA","UNIDAD","1"
"86320","2024","5","CLASIFICADORA - MINERIA","UNIDAD","1"
"86320","2024","5","RETROEXCAVADORA - MINERIA","UNIDAD","2"
"95001","2024","5","DRAGA (MINERIA) - MINERIA","UNIDAD","1"
"05129","2024","6","RETROEXCAVADORA - MINERIA","UNIDAD","1"
"05212","2024","6","RETROEXCAVADORA - MINERIA","UNIDAD","1"
"05604","2024","6","DRAGA TIPO BUZO - MINERIA","UNIDAD","1"
"05604","2024","6","EXCAVADORA - MINERIA","UNIDAD","2"
"05604","2024","6","RETROEXCAVADORA - MINERIA","UNIDAD","1"
"05736","2024","6","DRAGA TIPO BUZO - MINERIA","UNIDAD","2"
"11001","2024","6","RETROEXCAVADORA - MINERIA","UNIDAD","1"
"15600","2024","6","RETROEXCAVADORA - MINERIA","UNIDAD","1"
"17495","2024","6","RETROEXCAVADORA - MINERIA","UNIDAD","1"
"18479","2024","6","EXCAVADORA - MINERIA","UNIDAD","1"
"18610","2024","6","DRAGA (MINERIA) - MINERIA","UNIDAD","1"
"18756","2024","6","DRAGA (MINERIA) - MINERIA","UNIDAD","1"
"19001","2024","6","RETROEXCAVADORA - MINERIA","UNIDAD","1"
"19418","2024","6","DRAGA TIPO BUZO - MINERIA","UNIDAD","1"
"19418","2024","6","EXCAVADORA - MINERIA","UNIDAD","3"
"25290","2024","6","RETROEXCAVADORA - MINERIA","UNIDAD","1"
"25386","2024","6","RETROEXCAVADORA - MINERIA","UNIDAD","1"
"25797","2024","6","RETROEXCAVADORA - MINERIA","UNIDAD","3"
"25817","2024","6","RETROEXCAVADORA - MINERIA","UNIDAD","1"
"27001","2024","6","DRAGA TIPO BUZO - MINERIA","UNIDAD","11"
"27600","2024","6","DRAGA TIPO DRAGON - MINERIA","UNIDAD","7"
"27600","2024","6","EXCAVADORA - MINERIA","UNIDAD","1"
"27615","2024","6","RETROEXCAVADORA - MINERIA","UNIDAD","1"
"27810","2024","6","DRAGA TIPO DRAGON - MINERIA","UNIDAD","4"
"50223","2024","6","DRAGA (MINERIA) - MINERIA","UNIDAD","1"
"66001","2024","6","RETROEXCAVADORA - MINERIA","UNIDAD","1"
"66170","2024","6","RETROEXCAVADORA - MINERIA","UNIDAD","1"
"68081","2024","6","RETROEXCAVADORA - MINERIA","UNIDAD","2"
"68855","2024","6","RETROEXCAVADORA - MINERIA","UNIDAD","1"
"76834","2024","6","RETROEXCAVADORA - MINERIA","UNIDAD","2"
"86320","2024","6","RETROEXCAVADORA - MINERIA","UNIDAD","2"
"86568","2024","6","RETROEXCAVADORA - MINERIA","UNIDAD","1"
"86571","2024","6","DRAGA (MINERIA) - MINERIA","UNIDAD","1"
"86573","2024","6","DRAGA (MINERIA) - MINERIA","UNIDAD","1"
"91798","2024","6","DRAGA (MINERIA) - MINERIA","UNIDAD","3"
"94001","2024","6","DRAGA (MINERIA) - MINERIA","UNIDAD","3"
"05021","2024","7","EXCAVADORA - MINERIA","UNIDAD","1"
"05079","2024","7","CLASIFICADORA - MINERIA","UNIDAD","2"
"05079","2024","7","DRAGA (MINERIA) - MINERIA","UNIDAD","2"
"05142","2024","7","DRAGA TIPO BUZO - MINERIA","UNIDAD","3"
"05145","2024","7","TRITURADORA - MINERIA","UNIDAD","1"
"05154","2024","7","EXCAVADORA - MINERIA","UNIDAD","2"
"05206","2024","7","DRAGA (MINERIA) - MINERIA","UNIDAD","4"
"05206","2024","7","EXCAVADORA - MINERIA","UNIDAD","1"
"05390","2024","7","DRAGA TIPO BUZO - MINERIA","UNIDAD","2"
"05585","2024","7","DRAGA (MINERIA) - MINERIA","UNIDAD","5"
"05585","2024","7","EXCAVADORA - MINERIA","UNIDAD","1"
"05585","2024","7","RETROEXCAVADORA - MINERIA","UNIDAD","1"
"05604","2024","7","DRAGA (MINERIA) - MINERIA","UNIDAD","7"
"05604","2024","7","EXCAVADORA - MINERIA","UNIDAD","4"
"05615","2024","7","RETROEXCAVADORA - MINERIA","UNIDAD","1"
"05856","2024","7","DRAGA TIPO BUZO - MINERIA","UNIDAD","1"
"05890","2024","7","DRAGA TIPO BUZO - MINERIA","UNIDAD","3"
"05890","2024","7","EXCAVADORA - MINERIA","UNIDAD","1"
"13001","2024","7","RETROEXCAVADORA - MINERIA","UNIDAD","1"
"15131","2024","7","EXCAVADORA - MINERIA","UNIDAD","1"
"15572","2024","7","DRAGA TIPO BUZO - MINERIA","UNIDAD","1"
"15572","2024","7","RETROEXCAVADORA - MINERIA","UNIDAD","1"
"18205","2024","7","DRAGA (MINERIA) - MINERIA","UNIDAD","4"
"18479","2024","7","EXCAVADORA - MINERIA","UNIDAD","1"
"18610","2024","7","DRAGA (MINERIA) - MINERIA","UNIDAD","2"
"19418","2024","7","DRAGA (MINERIA) - MINERIA","UNIDAD","2"
"19418","2024","7","EXCAVADORA - MINERIA","UNIDAD","7"
"19533","2024","7","EXCAVADORA - MINERIA","UNIDAD","5"
"19845","2024","7","DRAGA (MINERIA) - MINERIA","UNIDAD","11"
"25307","2024","7","RETROEXCAVADORA - MINERIA","UNIDAD","1"
"25377","2024","7","RETROEXCAVADORA - MINERIA","UNIDAD","2"
"25386","2024","7","RETROEXCAVADORA - MINERIA","UNIDAD","2"
"25407","2024","7","EXCAVADORA - MINERIA","UNIDAD","2"
"25407","2024","7","RETROEXCAVADORA - MINERIA","UNIDAD","1"
"25797","2024","7","RETROEXCAVADORA - MINERIA","UNIDAD","2"
"27001","2024","7","DRAGA (MINERIA) - MINERIA","UNIDAD","3"
"27001","2024","7","DRAGA TIPO BUZO - MINERIA","UNIDAD","5"
"27001","2024","7","RETROEXCAVADORA - MINERIA","UNIDAD","7"
"27160","2024","7","DRAGA TIPO BUZO - MINERIA","UNIDAD","1"
"27160","2024","7","DRAGA TIPO DRAGON - MINERIA","UNIDAD","1"
"27160","2024","7","RETROEXCAVADORA - MINERIA","UNIDAD","4"
"27450","2024","7","RETROEXCAVADORA - MINERIA","UNIDAD","1"
"41551","2024","7","EXCAVADORA - MINERIA","UNIDAD","1"
"50006","2024","7","RETROEXCAVADORA - MINERIA","UNIDAD","1"
"50330","2024","7","RETROEXCAVADORA - MINERIA","UNIDAD","1"
"68575","2024","7","BULDOZER - MINERIA","UNIDAD","1"
"68575","2024","7","EXCAVADORA - MINERIA","UNIDAD","2"
"760101","2024","7","DRAGA (MINERIA) - MINERIA","UNIDAD","25"
"76109","2024","7","RETROEXCAVADORA - MINERIA","UNIDAD","3"
"86001","2024","7","RETROEXCAVADORA - MINERIA","UNIDAD","1"
"86573","2024","7","RETROEXCAVADORA - MINERIA","UNIDAD","5"
"99773","2024","7","DRAGA (MINERIA) - MINERIA","UNIDAD","1"
"05001","2024","8","EXCAVADORA - MINERIA","UNIDAD","3"
"05113","2024","8","EXCAVADORA - MINERIA","UNIDAD","1"
"05142","2024","8","DRAGA TIPO BUZO - MINERIA","UNIDAD","4"
"05364","2024","8","RETROEXCAVADORA - MINERIA","UNIDAD","1"
"05390","2024","8","DRAGA (MINERIA) - MINERIA","UNIDAD","1"
"05495","2024","8","DRAGA (MINERIA) - MINERIA","UNIDAD","1"
"05604","2024","8","DRAGA TIPO BUZO - MINERIA","UNIDAD","1"
"05604","2024","8","EXCAVADORA - MINERIA","UNIDAD","1"
"05649","2024","8","DRAGA TIPO BUZO - MINERIA","UNIDAD","3"
"05670","2024","8","DRAGA TIPO BUZO - MINERIA","UNIDAD","11"
"05736","2024","8","DRAGA TIPO BUZO - MINERIA","UNIDAD","2"
"05792","2024","8","DRAGA TIPO BUZO - MINERIA","UNIDAD","1"
"08078","2024","8","RETROEXCAVADORA - MINERIA","UNIDAD","1"
"08433","2024","8","RETROEXCAVADORA - MINERIA","UNIDAD","1"
"13744","2024","8","EXCAVADORA - MINERIA","UNIDAD","6"
"17174","2024","8","RETROEXCAVADORA - MINERIA","UNIDAD","1"
"19418","2024","8","DRAGA TIPO BUZO - MINERIA","UNIDAD","1"
"19418","2024","8","EXCAVADORA - MINERIA","UNIDAD","4"
"19845","2024","8","DRAGA TIPO BUZO - MINERIA","UNIDAD","13"
"23580","2024","8","DRAGA TIPO DRAGON - MINERIA","UNIDAD","1"
"25035","2024","8","RETROEXCAVADORA - MINERIA","UNIDAD","1"
"25290","2024","8","RETROEXCAVADORA - MINERIA","UNIDAD","1"
"25386","2024","8","RETROEXCAVADORA - MINERIA","UNIDAD","2"
"25793","2024","8","RETROEXCAVADORA - MINERIA","UNIDAD","1"
"27001","2024","8","DRAGA (MINERIA) - MINERIA","UNIDAD","1"
"27001","2024","8","DRAGA TIPO BUZO - MINERIA","UNIDAD","10"
"27001","2024","8","RETROEXCAVADORA - MINERIA","UNIDAD","1"
"27600","2024","8","DRAGA TIPO DRAGON - MINERIA","UNIDAD","5"
"27600","2024","8","RETROEXCAVADORA - MINERIA","UNIDAD","2"
"27787","2024","8","EXCAVADORA - MINERIA","UNIDAD","2"
"27810","2024","8","DRAGA (MINERIA) - MINERIA","UNIDAD","1"
"27810","2024","8","RETROEXCAVADORA - MINERIA","UNIDAD","1"
"44560","2024","8","RETROEXCAVADORA - MINERIA","UNIDAD","1"
"50330","2024","8","BULDOZER - MINERIA","UNIDAD","1"
"52696","2024","8","EXCAVADORA - MINERIA","UNIDAD","3"
"66075","2024","8","RETROEXCAVADORA - MINERIA","UNIDAD","1"
"66682","2024","8","BULDOZER - MINERIA","UNIDAD","1"
"66682","2024","8","RETROEXCAVADORA - MINERIA","UNIDAD","1"
"76520","2024","8","RETROEXCAVADORA - MINERIA","UNIDAD","1"
"86320","2024","8","RETROEXCAVADORA - MINERIA","UNIDAD","1"
"86569","2024","8","DRAGA (MINERIA) - MINERIA","UNIDAD","2"
"86885","2024","8","DRAGA (MINERIA) - MINERIA","UNIDAD","1"
"91798","2024","8","DRAGA (MINERIA) - MINERIA","UNIDAD","1"
"99773","2024","8","DRAGA (MINERIA) - MINERIA","UNIDAD","1"
"05120","2024","9","BULDOZER - MINERIA","UNIDAD","1"
"05142","2024","9","DRAGA TIPO BUZO - MINERIA","UNIDAD","7"
"05495","2024","9","DRAGA (MINERIA) - MINERIA","UNIDAD","1"
"05670","2024","9","DRAGA TIPO BUZO - MINERIA","UNIDAD","2"
"05885","2024","9","DRAGA TIPO BUZO - MINERIA","UNIDAD","3"
"05890","2024","9","DRAGA TIPO BUZO - MINERIA","UNIDAD","9"
"08078","2024","9","RETROEXCAVADORA - MINERIA","UNIDAD","2"
"08638","2024","9","EXCAVADORA - MINERIA","UNIDAD","1"
"08832","2024","9","RETROEXCAVADORA - MINERIA","UNIDAD","1"
"15407","2024","9","RETROEXCAVADORA - MINERIA","UNIDAD","1"
"17662","2024","9","CLASIFICADORA - MINERIA","UNIDAD","2"
"17662","2024","9","DRAGA (MINERIA) - MINERIA","UNIDAD","2"
"17662","2024","9","EXCAVADORA - MINERIA","UNIDAD","5"
"17867","2024","9","CLASIFICADORA - MINERIA","UNIDAD","1"
"17867","2024","9","DRAGA TIPO BUZO - MINERIA","UNIDAD","17"
"18001","2024","9","EXCAVADORA - MINERIA","UNIDAD","2"
"18756","2024","9","DRAGA (MINERIA) - MINERIA","UNIDAD","1"
"25295","2024","9","RETROEXCAVADORA - MINERIA","UNIDAD","1"
"25386","2024","9","RETROEXCAVADORA - MINERIA","UNIDAD","2"
"25513","2024","9","RETROEXCAVADORA - MINERIA","UNIDAD","2"
"25797","2024","9","RETROEXCAVADORA - MINERIA","UNIDAD","1"
"27787","2024","9","RETROEXCAVADORA - MINERIA","UNIDAD","1"
"27810","2024","9","DRAGA TIPO BUZO - MINERIA","UNIDAD","3"
"41244","2024","9","EXCAVADORA - MINERIA","UNIDAD","1"
"41551","2024","9","EXCAVADORA - MINERIA","UNIDAD","1"
"50287","2024","9","TRITURADORA - MINERIA","UNIDAD","2"
"68679","2024","9","RETROEXCAVADORA - MINERIA","UNIDAD","1"
"73624","2024","9","CLASIFICADORA - MINERIA","UNIDAD","1"
"73624","2024","9","DRAGA (MINERIA) - MINERIA","UNIDAD","1"
"86320","2024","9","CLASIFICADORA - MINERIA","UNIDAD","1"
"86569","2024","9","DRAGA (MINERIA) - MINERIA","UNIDAD","4"
"86571","2024","9","CLASIFICADORA - MINERIA","UNIDAD","1"
"86571","2024","9","DRAGA (MINERIA) - MINERIA","UNIDAD","2"
"94001","2024","9","DRAGA (MINERIA) - MINERIA","UNIDAD","1"
"05079","2024","10","CLASIFICADORA - MINERIA","UNIDAD","1"
"05079","2024","10","DRAGA TIPO BUZO - MINERIA","UNIDAD","1"
"05120","2024","10","RETROEXCAVADORA - MINERIA","UNIDAD","1"
"05142","2024","10","DRAGA TIPO BUZO - MINERIA","UNIDAD","2"
"05390","2024","10","EXCAVADORA - MINERIA","UNIDAD","1"
"05656","2024","10","EXCAVADORA - MINERIA","UNIDAD","1"
"05690","2024","10","DRAGA TIPO BUZO - MINERIA","UNIDAD","2"
"05789","2024","10","EXCAVADORA - MINERIA","UNIDAD","1"
"05854","2024","10","RETROEXCAVADORA - MINERIA","UNIDAD","1"
"05890","2024","10","EXCAVADORA - MINERIA","UNIDAD","1"
"08078","2024","10","RETROEXCAVADORA - MINERIA","UNIDAD","5"
"08296","2024","10","RETROEXCAVADORA - MINERIA","UNIDAD","1"
"08372","2024","10","RETROEXCAVADORA - MINERIA","UNIDAD","1"
"08520","2024","10","RETROEXCAVADORA - MINERIA","UNIDAD","1"
"13549","2024","10","BULDOZER - MINERIA","UNIDAD","1"
"13549","2024","10","RETROEXCAVADORA - MINERIA","UNIDAD","1"
"18001","2024","10","BULDOZER - MINERIA","UNIDAD","1"
"18001","2024","10","RETROEXCAVADORA - MINERIA","UNIDAD","2"
"25019","2024","10","RETROEXCAVADORA - MINERIA","UNIDAD","1"
"25290","2024","10","RETROEXCAVADORA - MINERIA","UNIDAD","3"
"25513","2024","10","RETROEXCAVADORA - MINERIA","UNIDAD","1"
"25572","2024","10","RETROEXCAVADORA - MINERIA","UNIDAD","3"
"25612","2024","10","RETROEXCAVADORA - MINERIA","UNIDAD","1"
"25797","2024","10","RETROEXCAVADORA - MINERIA","UNIDAD","2"
"25815","2024","10","RETROEXCAVADORA - MINERIA","UNIDAD","2"
"27001","2024","10","DRAGA (MINERIA) - MINERIA","UNIDAD","23"
"27001","2024","10","DRAGA TIPO BUZO - MINERIA","UNIDAD","8"
"27160","2024","10","DRAGA (MINERIA) - MINERIA","UNIDAD","3"
"27160","2024","10","DRAGA TIPO DRAGON - MINERIA","UNIDAD","1"
"27361","2024","10","MEZCLADORA - MINERIA","UNIDAD","1"
"27600","2024","10","DRAGA TIPO DRAGON - MINERIA","UNIDAD","3"
"27600","2024","10","EXCAVADORA - MINERIA","UNIDAD","1"
"27810","2024","10","EXCAVADORA - MINERIA","UNIDAD","1"
"41132","2024","10","EXCAVADORA - MINERIA","UNIDAD","1"
"41551","2024","10","TRITURADORA - MINERIA","UNIDAD","1"
"47001","2024","10","BULDOZER - MINERIA","UNIDAD","1"
"50001","2024","10","RETROEXCAVADORA - MINERIA","UNIDAD","1"
"52051","2024","10","DRAGA (MINERIA) - MINERIA","UNIDAD","1"
"52435","2024","10","DRAGA (MINERIA) - MINERIA","UNIDAD","1"
"52696","2024","10","EXCAVADORA - MINERIA","UNIDAD","3"
"52838","2024","10","RETROEXCAVADORA - MINERIA","UNIDAD","1"
"66682","2024","10","RETROEXCAVADORA - MINERIA","UNIDAD","1"
"70265","2024","10","RETROEXCAVADORA - MINERIA","UNIDAD","1"
"86320","2024","10","RETROEXCAVADORA - MINERIA","UNIDAD","1"
"86569","2024","10","DRAGA (MINERIA) - MINERIA","UNIDAD","11"
"86573","2024","10","DRAGA (MINERIA) - MINERIA","UNIDAD","1"
"91001","2024","10","DRAGA TIPO DRAGON - MINERIA","UNIDAD","21"
"94343","2024","10","DRAGA (MINERIA) - MINERIA","UNIDAD","2"
"95001","2024","10","DRAGA (MINERIA) - MINERIA","UNIDAD","1"
"05142","2024","11","DRAGA TIPO BUZO - MINERIA","UNIDAD","8"
"05604","2024","11","EXCAVADORA - MINERIA","UNIDAD","3"
"05670","2024","11","DRAGA (MINERIA) - MINERIA","UNIDAD","2"
"05792","2024","11","DRAGA TIPO BUZO - MINERIA","UNIDAD","5"
"05861","2024","11","DRAGA TIPO BUZO - MINERIA","UNIDAD","16"
"08078","2024","11","RETROEXCAVADORA - MINERIA","UNIDAD","1"
"08421","2024","11","RETROEXCAVADORA - MINERIA","UNIDAD","1"
"13006","2024","11","RETROEXCAVADORA - MINERIA","UNIDAD","1"
"13430","2024","11","RETROEXCAVADORA - MINERIA","UNIDAD","1"
"15681","2024","11","RETROEXCAVADORA - MINERIA","UNIDAD","1"
"17486","2024","11","CLASIFICADORA - MINERIA","UNIDAD","1"
"18001","2024","11","EXCAVADORA - MINERIA","UNIDAD","3"
"18756","2024","11","DRAGA (MINERIA) - MINERIA","UNIDAD","1"
"19450","2024","11","RETROEXCAVADORA - MINERIA","UNIDAD","2"
"19698","2024","11","DRAGA TIPO BUZO - MINERIA","UNIDAD","4"
"19845","2024","11","DRAGA TIPO BUZO - MINERIA","UNIDAD","6"
"23068","2024","11","DRAGA (MINERIA) - MINERIA","UNIDAD","1"
"23068","2024","11","EXCAVADORA - MINERIA","UNIDAD","1"
"23500","2024","11","TRITURADORA - MINERIA","UNIDAD","1"
"25019","2024","11","RETROEXCAVADORA - MINERIA","UNIDAD","1"
"25290","2024","11","RETROEXCAVADORA - MINERIA","UNIDAD","3"
"25386","2024","11","RETROEXCAVADORA - MINERIA","UNIDAD","3"
"25572","2024","11","RETROEXCAVADORA - MINERIA","UNIDAD","2"
"25797","2024","11","RETROEXCAVADORA - MINERIA","UNIDAD","2"
"25878","2024","11","RETROEXCAVADORA - MINERIA","UNIDAD","1"
"27001","2024","11","DRAGA TIPO BUZO - MINERIA","UNIDAD","6"
"27001","2024","11","DRAGA TIPO DRAGON - MINERIA","UNIDAD","1"
"27001","2024","11","RETROEXCAVADORA - MINERIA","UNIDAD","2"
"54239","2024","11","RETROEXCAVADORA - MINERIA","UNIDAD","1"
"66594","2024","11","CLASIFICADORA - MINERIA","UNIDAD","1"
"66594","2024","11","DRAGA (MINERIA) - MINERIA","UNIDAD","1"
"66594","2024","11","EXCAVADORA - MINERIA","UNIDAD","2"
"73678","2024","11","DRAGA (MINERIA) - MINERIA","UNIDAD","1"
"76109","2024","11","DRAGA (MINERIA) - MINERIA","UNIDAD","1"
"76109","2024","11","EXCAVADORA - MINERIA","UNIDAD","2"
"76147","2024","11","DRAGA (MINERIA) - MINERIA","UNIDAD","1"
"76147","2024","11","RETROEXCAVADORA - MINERIA","UNIDAD","1"
"86569","2024","11","DRAGA (MINERIA) - MINERIA","UNIDAD","1"
"86571","2024","11","DRAGA (MINERIA) - MINERIA","UNIDAD","1"
"86573","2024","11","DRAGA (MINERIA) - MINERIA","UNIDAD","3"
"86749","2024","11","RETROEXCAVADORA - MINERIA","UNIDAD","1"
"86865","2024","11","CLASIFICADORA - MINERIA","UNIDAD","2"
"86865","2024","11","DRAGA TIPO DRAGON - MINERIA","UNIDAD","2"
"86865","2024","11","RETROEXCAVADORA - MINERIA","UNIDAD","1"
"05031","2024","12","EXCAVADORA - MINERIA","UNIDAD","4"
"05088","2024","12","EXCAVADORA - MINERIA","UNIDAD","2"
"05440","2024","12","CLASIFICADORA - MINERIA","UNIDAD","2"
"05440","2024","12","DRAGA (MINERIA) - MINERIA","UNIDAD","2"
"05440","2024","12","DRAGA TIPO BUZO - MINERIA","UNIDAD","1"
"05585","2024","12","DRAGA (MINERIA) - MINERIA","UNIDAD","8"
"05585","2024","12","RETROEXCAVADORA - MINERIA","UNIDAD","1"
"05649","2024","12","CLASIFICADORA - MINERIA","UNIDAD","1"
"05649","2024","12","RETROEXCAVADORA - MINERIA","UNIDAD","1"
"05670","2024","12","CLASIFICADORA - MINERIA","UNIDAD","1"
"05670","2024","12","DRAGA (MINERIA) - MINERIA","UNIDAD","2"
"05670","2024","12","DRAGA TIPO BUZO - MINERIA","UNIDAD","2"
"05670","2024","12","RETROEXCAVADORA - MINERIA","UNIDAD","1"
"05736","2024","12","DRAGA TIPO BUZO - MINERIA","UNIDAD","1"
"05736","2024","12","RETROEXCAVADORA - MINERIA","UNIDAD","1"
"05756","2024","12","RETROEXCAVADORA - MINERIA","UNIDAD","1"
"08573","2024","12","EXCAVADORA - MINERIA","UNIDAD","1"
"17662","2024","12","RETROEXCAVADORA - MINERIA","UNIDAD","1"
"18785","2024","12","DRAGA (MINERIA) - MINERIA","UNIDAD","2"
"20011","2024","12","RETROEXCAVADORA - MINERIA","UNIDAD","1"
"27001","2024","12","DRAGA TIPO BUZO - MINERIA","UNIDAD","5"
"27787","2024","12","CLASIFICADORA - MINERIA","UNIDAD","1"
"27810","2024","12","EXCAVADORA - MINERIA","UNIDAD","1"
"41132","2024","12","DRAGA (MINERIA) - MINERIA","UNIDAD","1"
"41615","2024","12","DRAGA (MINERIA) - MINERIA","UNIDAD","2"
"50001","2024","12","EXCAVADORA - MINERIA","UNIDAD","1"
"86885","2024","12","DRAGA (MINERIA) - MINERIA","UNIDAD","11"
"94001","2024","12","DRAGA (MINERIA) - MINERIA","UNIDAD","1"
"95001","2024","12","DRAGA (MINERIA) - MINERIA","UNIDAD","1"
"05001","2025","1","EXCAVADORA - MINERIA","UNIDAD","1"
"05079","2025","1","CLASIFICADORA - MINERIA","UNIDAD","1"
"05079","2025","1","DRAGA TIPO BUZO - MINERIA","UNIDAD","5"
"05079","2025","1","RETROEXCAVADORA - MINERIA","UNIDAD","1"
"05120","2025","1","EXCAVADORA - MINERIA","UNIDAD","3"
"05154","2025","1","DRAGA (MINERIA) - MINERIA","UNIDAD","1"
"05237","2025","1","DRAGA (MINERIA) - MINERIA","UNIDAD","3"
"05250","2025","1","DRAGA (MINERIA) - MINERIA","UNIDAD","10"
"05310","2025","1","DRAGA TIPO BUZO - MINERIA","UNIDAD","1"
"05390","2025","1","DRAGA (MINERIA) - MINERIA","UNIDAD","2"
"05390","2025","1","DRAGA TIPO BUZO - MINERIA","UNIDAD","1"
"05604","2025","1","DRAGA (MINERIA) - MINERIA","UNIDAD","2"
"05656","2025","1","EXCAVADORA - MINERIA","UNIDAD","1"
"05670","2025","1","DRAGA TIPO BUZO - MINERIA","UNIDAD","7"
"05690","2025","1","DRAGA (MINERIA) - MINERIA","UNIDAD","2"
"05690","2025","1","DRAGA TIPO BUZO - MINERIA","UNIDAD","1"
"05890","2025","1","CLASIFICADORA - MINERIA","UNIDAD","1"
"05890","2025","1","DRAGA (MINERIA) - MINERIA","UNIDAD","1"
"05890","2025","1","DRAGA TIPO BUZO - MINERIA","UNIDAD","1"
"08001","2025","1","RETROEXCAVADORA - MINERIA","UNIDAD","1"
"08078","2025","1","RETROEXCAVADORA - MINERIA","UNIDAD","1"
"08685","2025","1","RETROEXCAVADORA - MINERIA","UNIDAD","1"
"11001","2025","1","RETROEXCAVADORA - MINERIA","UNIDAD","1"
"13430","2025","1","RETROEXCAVADORA - MINERIA","UNIDAD","1"
"13600","2025","1","RETROEXCAVADORA - MINERIA","UNIDAD","1"
"15001","2025","1","RETROEXCAVADORA - MINERIA","UNIDAD","1"
"15131","2025","1","EXCAVADORA - MINERIA","UNIDAD","1"
"15507","2025","1","RETROEXCAVADORA - MINERIA","UNIDAD","1"
"15572","2025","1","RETROEXCAVADORA - MINERIA","UNIDAD","5"
"17042","2025","1","CLASIFICADORA - MINERIA","UNIDAD","1"
"17042","2025","1","DRAGA (MINERIA) - MINERIA","UNIDAD","1"
"17042","2025","1","EXCAVADORA - MINERIA","UNIDAD","1"
"18001","2025","1","BULDOZER - MINERIA","UNIDAD","1"
"18001","2025","1","EXCAVADORA - MINERIA","UNIDAD","1"
"18001","2025","1","RETROEXCAVADORA - MINERIA","UNIDAD","2"
"19845","2025","1","DRAGA TIPO BUZO - MINERIA","UNIDAD","3"
"23586","2025","1","RETROEXCAVADORA - MINERIA","UNIDAD","1"
"23672","2025","1","RETROEXCAVADORA - MINERIA","UNIDAD","1"
"25019","2025","1","RETROEXCAVADORA - MINERIA","UNIDAD","1"
"25035","2025","1","RETROEXCAVADORA - MINERIA","UNIDAD","2"
"25290","2025","1","RETROEXCAVADORA - MINERIA","UNIDAD","2"
"25513","2025","1","RETROEXCAVADORA - MINERIA","UNIDAD","2"
"27001","2025","1","DRAGA (MINERIA) - MINERIA","UNIDAD","2"
"27001","2025","1","DRAGA TIPO BUZO - MINERIA","UNIDAD","3"
"27361","2025","1","RETROEXCAVADORA - MINERIA","UNIDAD","2"
"27450","2025","1","RETROEXCAVADORA - MINERIA","UNIDAD","1"
"27810","2025","1","EXCAVADORA - MINERIA","UNIDAD","4"
"27810","2025","1","RETROEXCAVADORA - MINERIA","UNIDAD","3"
"41551","2025","1","RETROEXCAVADORA - MINERIA","UNIDAD","2"
"50313","2025","1","TRITURADORA - MINERIA","UNIDAD","3"
"54743","2025","1","RETROEXCAVADORA - MINERIA","UNIDAD","1"
"63190","2025","1","RETROEXCAVADORA - MINERIA","UNIDAD","1"
"63470","2025","1","DRAGA (MINERIA) - MINERIA","UNIDAD","1"
"63470","2025","1","EXCAVADORA - MINERIA","UNIDAD","1"
"63470","2025","1","RETROEXCAVADORA - MINERIA","UNIDAD","1"
"66001","2025","1","RETROEXCAVADORA - MINERIA","UNIDAD","2"
"66045","2025","1","EXCAVADORA - MINERIA","UNIDAD","1"
"66045","2025","1","RETROEXCAVADORA - MINERIA","UNIDAD","1"
"66088","2025","1","BULDOZER - MINERIA","UNIDAD","1"
"66318","2025","1","RETROEXCAVADORA - MINERIA","UNIDAD","1"
"66440","2025","1","RETROEXCAVADORA - MINERIA","UNIDAD","1"
"66456","2025","1","DRAGA (MINERIA) - MINERIA","UNIDAD","4"
"66594","2025","1","RETROEXCAVADORA - MINERIA","UNIDAD","1"
"66682","2025","1","BULDOZER - MINERIA","UNIDAD","2"
"66682","2025","1","RETROEXCAVADORA - MINERIA","UNIDAD","1"
"68755","2025","1","EXCAVADORA - MINERIA","UNIDAD","1"
"73124","2025","1","DRAGA (MINERIA) - MINERIA","UNIDAD","1"
"73200","2025","1","RETROEXCAVADORA - MINERIA","UNIDAD","1"
"73217","2025","1","CLASIFICADORA - MINERIA","UNIDAD","1"
"73678","2025","1","RETROEXCAVADORA - MINERIA","UNIDAD","1"
"76306","2025","1","RETROEXCAVADORA - MINERIA","UNIDAD","1"
"76520","2025","1","DRAGA TIPO BUZO - MINERIA","UNIDAD","2"
"86001","2025","1","EXCAVADORA - MINERIA","UNIDAD","2"
"86001","2025","1","RETROEXCAVADORA - MINERIA","UNIDAD","1"
"86568","2025","1","RETROEXCAVADORA - MINERIA","UNIDAD","3"
"86571","2025","1","EXCAVADORA - MINERIA","UNIDAD","1"
"05040","2025","2","EXCAVADORA - MINERIA","UNIDAD","6"
"05079","2025","2","EXCAVADORA - MINERIA","UNIDAD","2"
"05079","2025","2","RETROEXCAVADORA - MINERIA","UNIDAD","2"
"05142","2025","2","DRAGA TIPO BUZO - MINERIA","UNIDAD","1"
"05142","2025","2","EXCAVADORA - MINERIA","UNIDAD","1"
"05154","2025","2","EXCAVADORA - MINERIA","UNIDAD","8"
"05154","2025","2","RETROEXCAVADORA - MINERIA","UNIDAD","2"
"05172","2025","2","EXCAVADORA - MINERIA","UNIDAD","1"
"05197","2025","2","CLASIFICADORA - MINERIA","UNIDAD","1"
"05197","2025","2","DRAGA (MINERIA) - MINERIA","UNIDAD","1"
"05364","2025","2","EXCAVADORA - MINERIA","UNIDAD","1"
"05390","2025","2","CLASIFICADORA - MINERIA","UNIDAD","8"
"05390","2025","2","DRAGA TIPO BUZO - MINERIA","UNIDAD","1"
"05480","2025","2","EXCAVADORA - MINERIA","UNIDAD","2"
"05585","2025","2","DRAGA TIPO BUZO - MINERIA","UNIDAD","1"
"05585","2025","2","RETROEXCAVADORA - MINERIA","UNIDAD","1"
"05604","2025","2","DRAGA TIPO BUZO - MINERIA","UNIDAD","16"
"05604","2025","2","EXCAVADORA - MINERIA","UNIDAD","6"
"05670","2025","2","DRAGA TIPO BUZO - MINERIA","UNIDAD","5"
"05670","2025","2","RETROEXCAVADORA - MINERIA","UNIDAD","1"
"05690","2025","2","EXCAVADORA - MINERIA","UNIDAD","1"
"05736","2025","2","DRAGA TIPO BUZO - MINERIA","UNIDAD","4"
"05736","2025","2","EXCAVADORA - MINERIA","UNIDAD","1"
"05890","2025","2","RETROEXCAVADORA - MINERIA","UNIDAD","1"
"11001","2025","2","EXCAVADORA - MINERIA","UNIDAD","1"
"15632","2025","2","RETROEXCAVADORA - MINERIA","UNIDAD","1"
"17495","2025","2","CLASIFICADORA - MINERIA","UNIDAD","1"
"17495","2025","2","DRAGA (MINERIA) - MINERIA","UNIDAD","1"
"17614","2025","2","DRAGA TIPO BUZO - MINERIA","UNIDAD","2"
"17662","2025","2","DRAGA (MINERIA) - MINERIA","UNIDAD","1"
"17873","2025","2","RETROEXCAVADORA - MINERIA","UNIDAD","2"
"19532","2025","2","DRAGA (MINERIA) - MINERIA","UNIDAD","1"
"19532","2025","2","EXCAVADORA - MINERIA","UNIDAD","2"
"23001","2025","2","RETROEXCAVADORA - MINERIA","UNIDAD","4"
"25290","2025","2","RETROEXCAVADORA - MINERIA","UNIDAD","6"
"25513","2025","2","RETROEXCAVADORA - MINERIA","UNIDAD","1"
"25797","2025","2","RETROEXCAVADORA - MINERIA","UNIDAD","1"
"27001","2025","2","DRAGA TIPO BUZO - MINERIA","UNIDAD","1"
"27001","2025","2","RETROEXCAVADORA - MINERIA","UNIDAD","2"
"27361","2025","2","RETROEXCAVADORA - MINERIA","UNIDAD","1"
"27430","2025","2","RETROEXCAVADORA - MINERIA","UNIDAD","1"
"27491","2025","2","CLASIFICADORA - MINERIA","UNIDAD","1"
"27810","2025","2","DRAGA TIPO BUZO - MINERIA","UNIDAD","1"
"47980","2025","2","EXCAVADORA - MINERIA","UNIDAD","1"
"50001","2025","2","MEZCLADORA - MINERIA","UNIDAD","4"
"54385","2025","2","RETROEXCAVADORA - MINERIA","UNIDAD","1"
"54518","2025","2","EXCAVADORA - MINERIA","UNIDAD","1"
"54518","2025","2","RETROEXCAVADORA - MINERIA","UNIDAD","1"
"66001","2025","2","RETROEXCAVADORA - MINERIA","UNIDAD","1"
"66075","2025","2","RETROEXCAVADORA - MINERIA","UNIDAD","1"
"66088","2025","2","RETROEXCAVADORA - MINERIA","UNIDAD","1"
"66440","2025","2","RETROEXCAVADORA - MINERIA","UNIDAD","1"
"66572","2025","2","RETROEXCAVADORA - MINERIA","UNIDAD","1"
"66682","2025","2","BULDOZER - MINERIA","UNIDAD","1"
"66682","2025","2","RETROEXCAVADORA - MINERIA","UNIDAD","3"
"68655","2025","2","DRAGA TIPO BUZO - MINERIA","UNIDAD","1"
"68755","2025","2","EXCAVADORA - MINERIA","UNIDAD","1"
"76109","2025","2","DRAGA TIPO BUZO - MINERIA","UNIDAD","3"
"76109","2025","2","EXCAVADORA - MINERIA","UNIDAD","4"
"76111","2025","2","DRAGA TIPO BUZO - MINERIA","UNIDAD","2"
"76111","2025","2","EXCAVADORA - MINERIA","UNIDAD","4"
"86568","2025","2","RETROEXCAVADORA - MINERIA","UNIDAD","1"
"86569","2025","2","DRAGA (MINERIA) - MINERIA","UNIDAD","14"
"86885","2025","2","DRAGA (MINERIA) - MINERIA","UNIDAD","3"
"91540","2025","2","TRITURADORA - MINERIA","UNIDAD","1"
"91798","2025","2","DRAGA (MINERIA) - MINERIA","UNIDAD","1"
"05021","2025","3","DRAGA (MINERIA) - MINERIA","UNIDAD","7"
"05079","2025","3","DRAGA (MINERIA) - MINERIA","UNIDAD","1"
"05086","2025","3","RETROEXCAVADORA - MINERIA","UNIDAD","2"
"05147","2025","3","EXCAVADORA - MINERIA","UNIDAD","1"
"05154","2025","3","DRAGA (MINERIA) - MINERIA","UNIDAD","1"
"05154","2025","3","EXCAVADORA - MINERIA","UNIDAD","1"
"05282","2025","3","DRAGA TIPO BUZO - MINERIA","UNIDAD","10"
"05284","2025","3","DRAGA (MINERIA) - MINERIA","UNIDAD","1"
"05400","2025","3","RETROEXCAVADORA - MINERIA","UNIDAD","1"
"05579","2025","3","DRAGA (MINERIA) - MINERIA","UNIDAD","12"
"05579","2025","3","EXCAVADORA - MINERIA","UNIDAD","2"
"05604","2025","3","DRAGA TIPO BUZO - MINERIA","UNIDAD","4"
"05604","2025","3","EXCAVADORA - MINERIA","UNIDAD","3"
"05649","2025","3","DRAGA TIPO BUZO - MINERIA","UNIDAD","6"
"05664","2025","3","RETROEXCAVADORA - MINERIA","UNIDAD","2"
"05667","2025","3","DRAGA (MINERIA) - MINERIA","UNIDAD","3"
"05670","2025","3","DRAGA (MINERIA) - MINERIA","UNIDAD","1"
"05670","2025","3","DRAGA TIPO BUZO - MINERIA","UNIDAD","2"
"05670","2025","3","EXCAVADORA - MINERIA","UNIDAD","1"
"05670","2025","3","RETROEXCAVADORA - MINERIA","UNIDAD","2"
"05736","2025","3","DRAGA TIPO BUZO - MINERIA","UNIDAD","1"
"05736","2025","3","EXCAVADORA - MINERIA","UNIDAD","4"
"05736","2025","3","RETROEXCAVADORA - MINERIA","UNIDAD","1"
"05890","2025","3","DRAGA TIPO BUZO - MINERIA","UNIDAD","2"
"08078","2025","3","RETROEXCAVADORA - MINERIA","UNIDAD","1"
"08421","2025","3","RETROEXCAVADORA - MINERIA","UNIDAD","1"
"08573","2025","3","RETROEXCAVADORA - MINERIA","UNIDAD","2"
"08638","2025","3","RETROEXCAVADORA - MINERIA","UNIDAD","2"
"13657","2025","3","RETROEXCAVADORA - MINERIA","UNIDAD","1"
"13683","2025","3","RETROEXCAVADORA - MINERIA","UNIDAD","1"
"15681","2025","3","RETROEXCAVADORA - MINERIA","UNIDAD","1"
"15720","2025","3","RETROEXCAVADORA - MINERIA","UNIDAD","1"
"17380","2025","3","RETROEXCAVADORA - MINERIA","UNIDAD","1"
"17867","2025","3","DRAGA TIPO BUZO - MINERIA","UNIDAD","1"
"18001","2025","3","RETROEXCAVADORA - MINERIA","UNIDAD","2"
"19110","2025","3","DRAGA TIPO BUZO - MINERIA","UNIDAD","21"
"19698","2025","3","CLASIFICADORA - MINERIA","UNIDAD","7"
"20750","2025","3","RETROEXCAVADORA - MINERIA","UNIDAD","1"
"23001","2025","3","RETROEXCAVADORA - MINERIA","UNIDAD","1"
"23675","2025","3","RETROEXCAVADORA - MINERIA","UNIDAD","1"
"23807","2025","3","RETROEXCAVADORA - MINERIA","UNIDAD","2"
"25019","2025","3","RETROEXCAVADORA - MINERIA","UNIDAD","1"
"25513","2025","3","RETROEXCAVADORA - MINERIA","UNIDAD","1"
"27001","2025","3","DRAGA TIPO BUZO - MINERIA","UNIDAD","1"
"27001","2025","3","RETROEXCAVADORA - MINERIA","UNIDAD","3"
"27361","2025","3","RETROEXCAVADORA - MINERIA","UNIDAD","1"
"27450","2025","3","RETROEXCAVADORA - MINERIA","UNIDAD","1"
"27600","2025","3","RETROEXCAVADORA - MINERIA","UNIDAD","1"
"27615","2025","3","RETROEXCAVADORA - MINERIA","UNIDAD","1"
"27810","2025","3","CLASIFICADORA - MINERIA","UNIDAD","1"
"41524","2025","3","RETROEXCAVADORA - MINERIA","UNIDAD","1"
"44090","2025","3","RETROEXCAVADORA - MINERIA","UNIDAD","1"
"47555","2025","3","EXCAVADORA - MINERIA","UNIDAD","1"
"47980","2025","3","EXCAVADORA - MINERIA","UNIDAD","1"
"50001","2025","3","EXCAVADORA - MINERIA","UNIDAD","1"
"54518","2025","3","RETROEXCAVADORA - MINERIA","UNIDAD","1"
"66001","2025","3","BULDOZER - MINERIA","UNIDAD","1"
"66088","2025","3","RETROEXCAVADORA - MINERIA","UNIDAD","1"
"66572","2025","3","RETROEXCAVADORA - MINERIA","UNIDAD","1"
"66682","2025","3","RETROEXCAVADORA - MINERIA","UNIDAD","6"
"68464","2025","3","EXCAVADORA - MINERIA","UNIDAD","2"
"68655","2025","3","DRAGA (MINERIA) - MINERIA","UNIDAD","1"
"68655","2025","3","RETROEXCAVADORA - MINERIA","UNIDAD","1"
"68679","2025","3","RETROEXCAVADORA - MINERIA","UNIDAD","1"
"68755","2025","3","EXCAVADORA - MINERIA","UNIDAD","1"
"76001","2025","3","RETROEXCAVADORA - MINERIA","UNIDAD","1"
"86320","2025","3","EXCAVADORA - MINERIA","UNIDAD","1"
"86320","2025","3","RETROEXCAVADORA - MINERIA","UNIDAD","1"
"86568","2025","3","RETROEXCAVADORA - MINERIA","UNIDAD","1"
"86569","2025","3","DRAGA (MINERIA) - MINERIA","UNIDAD","2"
"97666","2025","3","DRAGA (MINERIA) - MINERIA","UNIDAD","2"
"05120","2025","4","DRAGA (MINERIA) - MINERIA","UNIDAD","14"
"05142","2025","4","DRAGA TIPO BUZO - MINERIA","UNIDAD","5"
"05142","2025","4","EXCAVADORA - MINERIA","UNIDAD","3"
"05197","2025","4","CLASIFICADORA - MINERIA","UNIDAD","2"
"05250","2025","4","DRAGA (MINERIA) - MINERIA","UNIDAD","3"
"05390","2025","4","DRAGA TIPO BUZO - MINERIA","UNIDAD","1"
"05425","2025","4","DRAGA TIPO BUZO - MINERIA","UNIDAD","2"
"05483","2025","4","RETROEXCAVADORA - MINERIA","UNIDAD","1"
"05604","2025","4","DRAGA TIPO BUZO - MINERIA","UNIDAD","5"
"05604","2025","4","RETROEXCAVADORA - MINERIA","UNIDAD","2"
"05670","2025","4","DRAGA TIPO BUZO - MINERIA","UNIDAD","1"
"05686","2025","4","DRAGA TIPO BUZO - MINERIA","UNIDAD","1"
"05736","2025","4","DRAGA TIPO BUZO - MINERIA","UNIDAD","1"
"05736","2025","4","EXCAVADORA - MINERIA","UNIDAD","1"
"05736","2025","4","RETROEXCAVADORA - MINERIA","UNIDAD","2"
"05756","2025","4","EXCAVADORA - MINERIA","UNIDAD","1"
"08001","2025","4","RETROEXCAVADORA - MINERIA","UNIDAD","1"
"08078","2025","4","RETROEXCAVADORA - MINERIA","UNIDAD","2"
"08638","2025","4","RETROEXCAVADORA - MINERIA","UNIDAD","2"
"13458","2025","4","EXCAVADORA - MINERIA","UNIDAD","4"
"13688","2025","4","DRAGA TIPO BUZO - MINERIA","UNIDAD","12"
"13688","2025","4","EXCAVADORA - MINERIA","UNIDAD","1"
"15842","2025","4","RETROEXCAVADORA - MINERIA","UNIDAD","1"
"17495","2025","4","EXCAVADORA - MINERIA","UNIDAD","3"
"17662","2025","4","EXCAVADORA - MINERIA","UNIDAD","2"
"17867","2025","4","DRAGA TIPO BUZO - MINERIA","UNIDAD","2"
"17867","2025","4","EXCAVADORA - MINERIA","UNIDAD","1"
"18001","2025","4","RETROEXCAVADORA - MINERIA","UNIDAD","1"
"18247","2025","4","RETROEXCAVADORA - MINERIA","UNIDAD","1"
"19533","2025","4","DRAGA (MINERIA) - MINERIA","UNIDAD","4"
"25245","2025","4","RETROEXCAVADORA - MINERIA","UNIDAD","1"
"25290","2025","4","RETROEXCAVADORA - MINERIA","UNIDAD","2"
"25386","2025","4","RETROEXCAVADORA - MINERIA","UNIDAD","3"
"25513","2025","4","RETROEXCAVADORA - MINERIA","UNIDAD","1"
"25572","2025","4","RETROEXCAVADORA - MINERIA","UNIDAD","1"
"25743","2025","4","RETROEXCAVADORA - MINERIA","UNIDAD","1"
"25797","2025","4","RETROEXCAVADORA - MINERIA","UNIDAD","1"
"27001","2025","4","EXCAVADORA - MINERIA","UNIDAD","9"
"27001","2025","4","RETROEXCAVADORA - MINERIA","UNIDAD","1"
"27600","2025","4","DRAGA TIPO DRAGON - MINERIA","UNIDAD","3"
"27600","2025","4","EXCAVADORA - MINERIA","UNIDAD","3"
"27787","2025","4","RETROEXCAVADORA - MINERIA","UNIDAD","1"
"27810","2025","4","CLASIFICADORA - MINERIA","UNIDAD","1"
"27810","2025","4","DRAGA TIPO BUZO - MINERIA","UNIDAD","1"
"50689","2025","4","RETROEXCAVADORA - MINERIA","UNIDAD","1"
"52427","2025","4","EXCAVADORA - MINERIA","UNIDAD","3"
"52696","2025","4","EXCAVADORA - MINERIA","UNIDAD","1"
"66594","2025","4","MEZCLADORA - MINERIA","UNIDAD","9"
"68190","2025","4","EXCAVADORA - MINERIA","UNIDAD","1"
"68385","2025","4","EXCAVADORA - MINERIA","UNIDAD","1"
"73461","2025","4","RETROEXCAVADORA - MINERIA","UNIDAD","1"
"86571","2025","4","DRAGA (MINERIA) - MINERIA","UNIDAD","2"
"05079","2025","5","CLASIFICADORA - MINERIA","UNIDAD","1"
"05079","2025","5","DRAGA TIPO BUZO - MINERIA","UNIDAD","1"
"05142","2025","5","DRAGA TIPO BUZO - MINERIA","UNIDAD","11"
"05250","2025","5","CLASIFICADORA - MINERIA","UNIDAD","1"
"05250","2025","5","DRAGA TIPO DRAGON - MINERIA","UNIDAD","1"
"05670","2025","5","DRAGA TIPO BUZO - MINERIA","UNIDAD","13"
"05895","2025","5","EXCAVADORA - MINERIA","UNIDAD","5"
"08296","2025","5","RETROEXCAVADORA - MINERIA","UNIDAD","1"
"08421","2025","5","RETROEXCAVADORA - MINERIA","UNIDAD","3"
"15681","2025","5","RETROEXCAVADORA - MINERIA","UNIDAD","3"
"17001","2025","5","RETROEXCAVADORA - MINERIA","UNIDAD","2"
"17486","2025","5","RETROEXCAVADORA - MINERIA","UNIDAD","1"
"17495","2025","5","DRAGA (MINERIA) - MINERIA","UNIDAD","3"
"17867","2025","5","DRAGA (MINERIA) - MINERIA","UNIDAD","2"
"18001","2025","5","RETROEXCAVADORA - MINERIA","UNIDAD","1"
"23001","2025","5","TRITURADORA - MINERIA","UNIDAD","1"
"23068","2025","5","EXCAVADORA - MINERIA","UNIDAD","2"
"23182","2025","5","RETROEXCAVADORA - MINERIA","UNIDAD","1"
"25019","2025","5","RETROEXCAVADORA - MINERIA","UNIDAD","2"
"25290","2025","5","RETROEXCAVADORA - MINERIA","UNIDAD","7"
"25572","2025","5","RETROEXCAVADORA - MINERIA","UNIDAD","1"
"25754","2025","5","RETROEXCAVADORA - MINERIA","UNIDAD","1"
"25797","2025","5","RETROEXCAVADORA - MINERIA","UNIDAD","2"
"25817","2025","5","RETROEXCAVADORA - MINERIA","UNIDAD","1"
"27001","2025","5","DRAGA TIPO BUZO - MINERIA","UNIDAD","5"
"27160","2025","5","RETROEXCAVADORA - MINERIA","UNIDAD","1"
"27361","2025","5","RETROEXCAVADORA - MINERIA","UNIDAD","1"
"27491","2025","5","CLASIFICADORA - MINERIA","UNIDAD","1"
"27491","2025","5","EXCAVADORA - MINERIA","UNIDAD","1"
"27491","2025","5","RETROEXCAVADORA - MINERIA","UNIDAD","1"
"27615","2025","5","EXCAVADORA - MINERIA","UNIDAD","2"
"27615","2025","5","RETROEXCAVADORA - MINERIA","UNIDAD","2"
"27787","2025","5","EXCAVADORA - MINERIA","UNIDAD","1"
"27787","2025","5","RETROEXCAVADORA - MINERIA","UNIDAD","1"
"27810","2025","5","EXCAVADORA - MINERIA","UNIDAD","1"
"27810","2025","5","RETROEXCAVADORA - MINERIA","UNIDAD","1"
"41668","2025","5","RETROEXCAVADORA - MINERIA","UNIDAD","1"
"50001","2025","5","BULDOZER - MINERIA","UNIDAD","1"
"50001","2025","5","EXCAVADORA - MINERIA","UNIDAD","2"
"50001","2025","5","RETROEXCAVADORA - MINERIA","UNIDAD","3"
"52233","2025","5","DRAGA TIPO DRAGON - MINERIA","UNIDAD","1"
"54099","2025","5","RETROEXCAVADORA - MINERIA","UNIDAD","1"
"54405","2025","5","BULDOZER - MINERIA","UNIDAD","1"
"54405","2025","5","RETROEXCAVADORA - MINERIA","UNIDAD","1"
"54518","2025","5","RETROEXCAVADORA - MINERIA","UNIDAD","3"
"66170","2025","5","RETROEXCAVADORA - MINERIA","UNIDAD","1"
"66440","2025","5","RETROEXCAVADORA - MINERIA","UNIDAD","1"
"66572","2025","5","EXCAVADORA - MINERIA","UNIDAD","1"
"68001","2025","5","RETROEXCAVADORA - MINERIA","UNIDAD","1"
"73001","2025","5","RETROEXCAVADORA - MINERIA","UNIDAD","1"
"76109","2025","5","EXCAVADORA - MINERIA","UNIDAD","3"
"76275","2025","5","RETROEXCAVADORA - MINERIA","UNIDAD","1"
"86320","2025","5","DRAGA (MINERIA) - MINERIA","UNIDAD","1"
"86568","2025","5","RETROEXCAVADORA - MINERIA","UNIDAD","3"
"91263","2025","5","DRAGA (MINERIA) - MINERIA","UNIDAD","1"
"91798","2025","5","DRAGA TIPO DRAGON - MINERIA","UNIDAD","34"
"05002","2025","6","CLASIFICADORA - MINERIA","UNIDAD","1"
"05120","2025","6","DRAGA (MINERIA) - MINERIA","UNIDAD","34"
"05150","2025","6","EXCAVADORA - MINERIA","UNIDAD","1"
"05154","2025","6","DRAGA (MINERIA) - MINERIA","UNIDAD","1"
"05154","2025","6","DRAGA TIPO BUZO - MINERIA","UNIDAD","1"
"05206","2025","6","RETROEXCAVADORA - MINERIA","UNIDAD","1"
"05282","2025","6","DRAGA TIPO DRAGON - MINERIA","UNIDAD","1"
"05282","2025","6","EXCAVADORA - MINERIA","UNIDAD","1"
"05318","2025","6","BULDOZER - MINERIA","UNIDAD","1"
"05495","2025","6","DRAGA (MINERIA) - MINERIA","UNIDAD","24"
"05495","2025","6","EXCAVADORA - MINERIA","UNIDAD","9"
"05604","2025","6","DRAGA (MINERIA) - MINERIA","UNIDAD","4"
"05604","2025","6","DRAGA TIPO BUZO - MINERIA","UNIDAD","4"
"05649","2025","6","DRAGA (MINERIA) - MINERIA","UNIDAD","1"
"05649","2025","6","EXCAVADORA - MINERIA","UNIDAD","2"
"05670","2025","6","DRAGA TIPO BUZO - MINERIA","UNIDAD","3"
"05736","2025","6","EXCAVADORA - MINERIA","UNIDAD","1"
"05792","2025","6","DRAGA (MINERIA) - MINERIA","UNIDAD","1"
"05895","2025","6","RETROEXCAVADORA - MINERIA","UNIDAD","1"
"08001","2025","6","BULDOZER - MINERIA","UNIDAD","1"
"08001","2025","6","RETROEXCAVADORA - MINERIA","UNIDAD","1"
"08078","2025","6","RETROEXCAVADORA - MINERIA","UNIDAD","1"
"11001","2025","6","RETROEXCAVADORA - MINERIA","UNIDAD","1"
"13052","2025","6","RETROEXCAVADORA - MINERIA","UNIDAD","1"
"15600","2025","6","BULDOZER - MINERIA","UNIDAD","1"
"17486","2025","6","EXCAVADORA - MINERIA","UNIDAD","1"
"17867","2025","6","DRAGA TIPO BUZO - MINERIA","UNIDAD","3"
"25019","2025","6","RETROEXCAVADORA - MINERIA","UNIDAD","1"
"25290","2025","6","RETROEXCAVADORA - MINERIA","UNIDAD","3"
"25322","2025","6","RETROEXCAVADORA - MINERIA","UNIDAD","1"
"25513","2025","6","RETROEXCAVADORA - MINERIA","UNIDAD","2"
"25572","2025","6","RETROEXCAVADORA - MINERIA","UNIDAD","1"
"25797","2025","6","RETROEXCAVADORA - MINERIA","UNIDAD","1"
"25899","2025","6","RETROEXCAVADORA - MINERIA","UNIDAD","1"
"27001","2025","6","DRAGA TIPO BUZO - MINERIA","UNIDAD","1"
"27001","2025","6","EXCAVADORA - MINERIA","UNIDAD","1"
"27001","2025","6","RETROEXCAVADORA - MINERIA","UNIDAD","1"
"27450","2025","6","RETROEXCAVADORA - MINERIA","UNIDAD","1"
"27787","2025","6","EXCAVADORA - MINERIA","UNIDAD","1"
"27787","2025","6","RETROEXCAVADORA - MINERIA","UNIDAD","1"
"27810","2025","6","RETROEXCAVADORA - MINERIA","UNIDAD","2"
"41551","2025","6","RETROEXCAVADORA - MINERIA","UNIDAD","1"
"47980","2025","6","EXCAVADORA - MINERIA","UNIDAD","1"
"52227","2025","6","MEZCLADORA - MINERIA","UNIDAD","12"
"54405","2025","6","BULDOZER - MINERIA","UNIDAD","1"
"54518","2025","6","RETROEXCAVADORA - MINERIA","UNIDAD","1"
"66170","2025","6","EXCAVADORA - MINERIA","UNIDAD","1"
"76845","2025","6","RETROEXCAVADORA - MINERIA","UNIDAD","1"
"86001","2025","6","EXCAVADORA - MINERIA","UNIDAD","1"
"86568","2025","6","RETROEXCAVADORA - MINERIA","UNIDAD","1"
"86569","2025","6","DRAGA (MINERIA) - MINERIA","UNIDAD","1"
"97001","2025","6","RETROEXCAVADORA - MINERIA","UNIDAD","1"
"05079","2025","7","CLASIFICADORA - MINERIA","UNIDAD","1"
"05079","2025","7","DRAGA (MINERIA) - MINERIA","UNIDAD","1"
"05079","2025","7","DRAGA TIPO BUZO - MINERIA","UNIDAD","1"
"05142","2025","7","DRAGA TIPO BUZO - MINERIA","UNIDAD","3"
"05310","2025","7","DRAGA TIPO BUZO - MINERIA","UNIDAD","3"
"05310","2025","7","RETROEXCAVADORA - MINERIA","UNIDAD","2"
"05390","2025","7","DRAGA TIPO BUZO - MINERIA","UNIDAD","6"
"05495","2025","7","DRAGA TIPO DRAGON - MINERIA","UNIDAD","7"
"05495","2025","7","EXCAVADORA - MINERIA","UNIDAD","5"
"05604","2025","7","DRAGA (MINERIA) - MINERIA","UNIDAD","5"
"05604","2025","7","DRAGA TIPO BUZO - MINERIA","UNIDAD","9"
"05604","2025","7","EXCAVADORA - MINERIA","UNIDAD","2"
"05656","2025","7","DRAGA TIPO BUZO - MINERIA","UNIDAD","1"
"05656","2025","7","EXCAVADORA - MINERIA","UNIDAD","1"
"05670","2025","7","DRAGA TIPO BUZO - MINERIA","UNIDAD","8"
"05736","2025","7","DRAGA (MINERIA) - MINERIA","UNIDAD","8"
"05736","2025","7","EXCAVADORA - MINERIA","UNIDAD","1"
"05789","2025","7","RETROEXCAVADORA - MINERIA","UNIDAD","1"
"08078","2025","7","RETROEXCAVADORA - MINERIA","UNIDAD","1"
"08372","2025","7","EXCAVADORA - MINERIA","UNIDAD","1"
"11001","2025","7","RETROEXCAVADORA - MINERIA","UNIDAD","1"
"13673","2025","7","BULDOZER - MINERIA","UNIDAD","2"
"15176","2025","7","RETROEXCAVADORA - MINERIA","UNIDAD","1"
"17495","2025","7","DRAGA (MINERIA) - MINERIA","UNIDAD","2"
"17867","2025","7","DRAGA (MINERIA) - MINERIA","UNIDAD","4"
"18001","2025","7","RETROEXCAVADORA - MINERIA","UNIDAD","1"
"19001","2025","7","RETROEXCAVADORA - MINERIA","UNIDAD","1"
"19533","2025","7","DRAGA (MINERIA) - MINERIA","UNIDAD","1"
"19698","2025","7","DRAGA (MINERIA) - MINERIA","UNIDAD","18"
"19698","2025","7","DRAGA TIPO BUZO - MINERIA","UNIDAD","16"
"23675","2025","7","RETROEXCAVADORA - MINERIA","UNIDAD","1"
"25019","2025","7","RETROEXCAVADORA - MINERIA","UNIDAD","1"
"25245","2025","7","RETROEXCAVADORA - MINERIA","UNIDAD","1"
"25290","2025","7","EXCAVADORA - MINERIA","UNIDAD","1"
"25290","2025","7","RETROEXCAVADORA - MINERIA","UNIDAD","4"
"25473","2025","7","RETROEXCAVADORA - MINERIA","UNIDAD","1"
"25513","2025","7","RETROEXCAVADORA - MINERIA","UNIDAD","3"
"25572","2025","7","RETROEXCAVADORA - MINERIA","UNIDAD","1"
"25797","2025","7","RETROEXCAVADORA - MINERIA","UNIDAD","1"
"27001","2025","7","DRAGA TIPO BUZO - MINERIA","UNIDAD","9"
"27001","2025","7","RETROEXCAVADORA - MINERIA","UNIDAD","4"
"27361","2025","7","CLASIFICADORA - MINERIA","UNIDAD","1"
"27361","2025","7","RETROEXCAVADORA - MINERIA","UNIDAD","1"
"27491","2025","7","CLASIFICADORA - MINERIA","UNIDAD","1"
"41551","2025","7","EXCAVADORA - MINERIA","UNIDAD","1"
"41807","2025","7","RETROEXCAVADORA - MINERIA","UNIDAD","2"
"47001","2025","7","RETROEXCAVADORA - MINERIA","UNIDAD","1"
"47980","2025","7","EXCAVADORA - MINERIA","UNIDAD","1"
"50001","2025","7","RETROEXCAVADORA - MINERIA","UNIDAD","1"
"54518","2025","7","RETROEXCAVADORA - MINERIA","UNIDAD","1"
"63470","2025","7","RETROEXCAVADORA - MINERIA","UNIDAD","2"
"66001","2025","7","DRAGA (MINERIA) - MINERIA","UNIDAD","1"
"66075","2025","7","BULDOZER - MINERIA","UNIDAD","1"
"66594","2025","7","RETROEXCAVADORA - MINERIA","UNIDAD","1"
"66682","2025","7","BULDOZER - MINERIA","UNIDAD","1"
"66682","2025","7","RETROEXCAVADORA - MINERIA","UNIDAD","4"
"66687","2025","7","RETROEXCAVADORA - MINERIA","UNIDAD","1"
"68207","2025","7","RETROEXCAVADORA - MINERIA","UNIDAD","1"
"73001","2025","7","DRAGA (MINERIA) - MINERIA","UNIDAD","4"
"73001","2025","7","DRAGA TIPO BUZO - MINERIA","UNIDAD","4"
"73067","2025","7","DRAGA (MINERIA) - MINERIA","UNIDAD","1"
"73671","2025","7","EXCAVADORA - MINERIA","UNIDAD","4"
"73671","2025","7","RETROEXCAVADORA - MINERIA","UNIDAD","2"
"73770","2025","7","CLASIFICADORA - MINERIA","UNIDAD","2"
"76001","2025","7","DRAGA (MINERIA) - MINERIA","UNIDAD","1"
"86320","2025","7","DRAGA (MINERIA) - MINERIA","UNIDAD","1"
"86569","2025","7","DRAGA (MINERIA) - MINERIA","UNIDAD","2"
"86571","2025","7","RETROEXCAVADORA - MINERIA","UNIDAD","1"
"86885","2025","7","EXCAVADORA - MINERIA","UNIDAD","1"
"94343","2025","7","DRAGA (MINERIA) - MINERIA","UNIDAD","1"
"99773","2025","7","DRAGA (MINERIA) - MINERIA","UNIDAD","4"
"05079","2025","8","DRAGA (MINERIA) - MINERIA","UNIDAD","1"
"05113","2025","8","EXCAVADORA - MINERIA","UNIDAD","1"
"05142","2025","8","DRAGA (MINERIA) - MINERIA","UNIDAD","3"
"05142","2025","8","DRAGA TIPO BUZO - MINERIA","UNIDAD","4"
"05142","2025","8","EXCAVADORA - MINERIA","UNIDAD","1"
"05145","2025","8","CLASIFICADORA - MINERIA","UNIDAD","5"
"05145","2025","8","DRAGA (MINERIA) - MINERIA","UNIDAD","5"
"05145","2025","8","DRAGA TIPO BUZO - MINERIA","UNIDAD","3"
"05148","2025","8","RETROEXCAVADORA - MINERIA","UNIDAD","1"
"05197","2025","8","DRAGA (MINERIA) - MINERIA","UNIDAD","1"
"05250","2025","8","CLASIFICADORA - MINERIA","UNIDAD","1"
"05250","2025","8","EXCAVADORA - MINERIA","UNIDAD","2"
"05390","2025","8","DRAGA TIPO BUZO - MINERIA","UNIDAD","1"
"05480","2025","8","EXCAVADORA - MINERIA","UNIDAD","1"
"05604","2025","8","EXCAVADORA - MINERIA","UNIDAD","1"
"05656","2025","8","RETROEXCAVADORA - MINERIA","UNIDAD","1"
"05670","2025","8","DRAGA TIPO BUZO - MINERIA","UNIDAD","1"
"05686","2025","8","TRITURADORA - MINERIA","UNIDAD","4"
"05736","2025","8","EXCAVADORA - MINERIA","UNIDAD","4"
"05736","2025","8","TRITURADORA - MINERIA","UNIDAD","2"
"05856","2025","8","CLASIFICADORA - MINERIA","UNIDAD","2"
"05856","2025","8","DRAGA (MINERIA) - MINERIA","UNIDAD","3"
"05856","2025","8","DRAGA TIPO BUZO - MINERIA","UNIDAD","5"
"05885","2025","8","DRAGA (MINERIA) - MINERIA","UNIDAD","4"
"05885","2025","8","EXCAVADORA - MINERIA","UNIDAD","1"
"05885","2025","8","RETROEXCAVADORA - MINERIA","UNIDAD","1"
"05893","2025","8","DRAGA (MINERIA) - MINERIA","UNIDAD","2"
"05895","2025","8","CLASIFICADORA - MINERIA","UNIDAD","3"
"05895","2025","8","DRAGA (MINERIA) - MINERIA","UNIDAD","8"
"05895","2025","8","EXCAVADORA - MINERIA","UNIDAD","2"
"08078","2025","8","RETROEXCAVADORA - MINERIA","UNIDAD","1"
"11001","2025","8","EXCAVADORA - MINERIA","UNIDAD","1"
"11001","2025","8","RETROEXCAVADORA - MINERIA","UNIDAD","1"
"13001","2025","8","RETROEXCAVADORA - MINERIA","UNIDAD","1"
"15187","2025","8","RETROEXCAVADORA - MINERIA","UNIDAD","1"
"15764","2025","8","RETROEXCAVADORA - MINERIA","UNIDAD","1"
"17380","2025","8","DRAGA (MINERIA) - MINERIA","UNIDAD","2"
"17662","2025","8","DRAGA (MINERIA) - MINERIA","UNIDAD","2"
"19001","2025","8","RETROEXCAVADORA - MINERIA","UNIDAD","1"
"20001","2025","8","RETROEXCAVADORA - MINERIA","UNIDAD","1"
"23580","2025","8","CLASIFICADORA - MINERIA","UNIDAD","1"
"23580","2025","8","DRAGA (MINERIA) - MINERIA","UNIDAD","6"
"25290","2025","8","RETROEXCAVADORA - MINERIA","UNIDAD","2"
"25295","2025","8","BULDOZER - MINERIA","UNIDAD","1"
"25486","2025","8","EXCAVADORA - MINERIA","UNIDAD","2"
"25513","2025","8","RETROEXCAVADORA - MINERIA","UNIDAD","1"
"25535","2025","8","RETROEXCAVADORA - MINERIA","UNIDAD","1"
"25572","2025","8","RETROEXCAVADORA - MINERIA","UNIDAD","1"
"25797","2025","8","RETROEXCAVADORA - MINERIA","UNIDAD","2"
"27001","2025","8","DRAGA TIPO BUZO - MINERIA","UNIDAD","9"
"27050","2025","8","DRAGA TIPO BUZO - MINERIA","UNIDAD","2"
"27600","2025","8","DRAGA TIPO DRAGON - MINERIA","UNIDAD","7"
"27787","2025","8","RETROEXCAVADORA - MINERIA","UNIDAD","1"
"27810","2025","8","CLASIFICADORA - MINERIA","UNIDAD","1"
"27810","2025","8","RETROEXCAVADORA - MINERIA","UNIDAD","2"
"54518","2025","8","RETROEXCAVADORA - MINERIA","UNIDAD","3"
"66594","2025","8","DRAGA (MINERIA) - MINERIA","UNIDAD","1"
"66682","2025","8","RETROEXCAVADORA - MINERIA","UNIDAD","1"
"68655","2025","8","MEZCLADORA - MINERIA","UNIDAD","1"
"73275","2025","8","RETROEXCAVADORA - MINERIA","UNIDAD","2"
"73411","2025","8","CLASIFICADORA - MINERIA","UNIDAD","1"
"73678","2025","8","EXCAVADORA - MINERIA","UNIDAD","1"
"73678","2025","8","RETROEXCAVADORA - MINERIA","UNIDAD","1"
"73686","2025","8","DRAGA (MINERIA) - MINERIA","UNIDAD","2"
"76233","2025","8","RETROEXCAVADORA - MINERIA","UNIDAD","1"
"86001","2025","8","RETROEXCAVADORA - MINERIA","UNIDAD","2"
"86320","2025","8","DRAGA (MINERIA) - MINERIA","UNIDAD","1"
"86320","2025","8","RETROEXCAVADORA - MINERIA","UNIDAD","1"
"86569","2025","8","CLASIFICADORA - MINERIA","UNIDAD","3"
"86569","2025","8","DRAGA (MINERIA) - MINERIA","UNIDAD","3"
"86885","2025","8","CLASIFICADORA - MINERIA","UNIDAD","1"
"05040","2025","9","DRAGA (MINERIA) - MINERIA","UNIDAD","1"
"05040","2025","9","EXCAVADORA - MINERIA","UNIDAD","14"
"05044","2025","9","DRAGA (MINERIA) - MINERIA","UNIDAD","2"
"05079","2025","9","RETROEXCAVADORA - MINERIA","UNIDAD","2"
"05120","2025","9","CLASIFICADORA - MINERIA","UNIDAD","42"
"05142","2025","9","DRAGA TIPO BUZO - MINERIA","UNIDAD","6"
"05154","2025","9","DRAGA (MINERIA) - MINERIA","UNIDAD","2"
"05154","2025","9","RETROEXCAVADORA - MINERIA","UNIDAD","3"
"05237","2025","9","CLASIFICADORA - MINERIA","UNIDAD","2"
"05237","2025","9","DRAGA (MINERIA) - MINERIA","UNIDAD","2"
"05250","2025","9","CLASIFICADORA - MINERIA","UNIDAD","4"
"05250","2025","9","DRAGA (MINERIA) - MINERIA","UNIDAD","4"
"05250","2025","9","EXCAVADORA - MINERIA","UNIDAD","2"
"05282","2025","9","EXCAVADORA - MINERIA","UNIDAD","1"
"05376","2025","9","RETROEXCAVADORA - MINERIA","UNIDAD","1"
"05390","2025","9","DRAGA (MINERIA) - MINERIA","UNIDAD","3"
"05425","2025","9","RETROEXCAVADORA - MINERIA","UNIDAD","1"
"05604","2025","9","DRAGA (MINERIA) - MINERIA","UNIDAD","3"
"05604","2025","9","DRAGA TIPO BUZO - MINERIA","UNIDAD","8"
"05604","2025","9","EXCAVADORA - MINERIA","UNIDAD","3"
"05649","2025","9","DRAGA (MINERIA) - MINERIA","UNIDAD","2"
"05649","2025","9","DRAGA TIPO BUZO - MINERIA","UNIDAD","2"
"05670","2025","9","DRAGA (MINERIA) - MINERIA","UNIDAD","6"
"05670","2025","9","DRAGA TIPO BUZO - MINERIA","UNIDAD","20"
"05670","2025","9","EXCAVADORA - MINERIA","UNIDAD","1"
"05674","2025","9","TRITURADORA - MINERIA","UNIDAD","1"
"05736","2025","9","DRAGA (MINERIA) - MINERIA","UNIDAD","1"
"05736","2025","9","EXCAVADORA - MINERIA","UNIDAD","1"
"05792","2025","9","CLASIFICADORA - MINERIA","UNIDAD","6"
"05792","2025","9","DRAGA (MINERIA) - MINERIA","UNIDAD","9"
"05792","2025","9","DRAGA TIPO BUZO - MINERIA","UNIDAD","6"
"05847","2025","9","EXCAVADORA - MINERIA","UNIDAD","5"
"05854","2025","9","DRAGA (MINERIA) - MINERIA","UNIDAD","1"
"05885","2025","9","DRAGA (MINERIA) - MINERIA","UNIDAD","6"
"05885","2025","9","EXCAVADORA - MINERIA","UNIDAD","1"
"05890","2025","9","DRAGA TIPO BUZO - MINERIA","UNIDAD","4"
"05895","2025","9","CLASIFICADORA - MINERIA","UNIDAD","1"
"05895","2025","9","EXCAVADORA - MINERIA","UNIDAD","1"
"08001","2025","9","RETROEXCAVADORA - MINERIA","UNIDAD","1"
"15442","2025","9","EXCAVADORA - MINERIA","UNIDAD","1"
"17867","2025","9","DRAGA TIPO BUZO - MINERIA","UNIDAD","1"
"18610","2025","9","DRAGA (MINERIA) - MINERIA","UNIDAD","3"
"18785","2025","9","DRAGA TIPO DRAGON - MINERIA","UNIDAD","1"
"23580","2025","9","CLASIFICADORA - MINERIA","UNIDAD","11"
"23580","2025","9","DRAGA (MINERIA) - MINERIA","UNIDAD","4"
"23672","2025","9","RETROEXCAVADORA - MINERIA","UNIDAD","1"
"25019","2025","9","RETROEXCAVADORA - MINERIA","UNIDAD","1"
"25290","2025","9","RETROEXCAVADORA - MINERIA","UNIDAD","3"
"25513","2025","9","RETROEXCAVADORA - MINERIA","UNIDAD","2"
"25535","2025","9","RETROEXCAVADORA - MINERIA","UNIDAD","1"
"25612","2025","9","RETROEXCAVADORA - MINERIA","UNIDAD","1"
"25743","2025","9","RETROEXCAVADORA - MINERIA","UNIDAD","1"
"25754","2025","9","RETROEXCAVADORA - MINERIA","UNIDAD","2"
"25797","2025","9","RETROEXCAVADORA - MINERIA","UNIDAD","2"
"27001","2025","9","DRAGA TIPO DRAGON - MINERIA","UNIDAD","1"
"27810","2025","9","DRAGA TIPO DRAGON - MINERIA","UNIDAD","5"
"50590","2025","9","MEZCLADORA - MINERIA","UNIDAD","1"
"54518","2025","9","RETROEXCAVADORA - MINERIA","UNIDAD","1"
"66075","2025","9","BULDOZER - MINERIA","UNIDAD","1"
"66075","2025","9","RETROEXCAVADORA - MINERIA","UNIDAD","2"
"68266","2025","9","RETROEXCAVADORA - MINERIA","UNIDAD","1"
"73067","2025","9","CLASIFICADORA - MINERIA","UNIDAD","1"
"73411","2025","9","CLASIFICADORA - MINERIA","UNIDAD","5"
"76113","2025","9","RETROEXCAVADORA - MINERIA","UNIDAD","2"
"76520","2025","9","CLASIFICADORA - MINERIA","UNIDAD","2"
"76520","2025","9","DRAGA (MINERIA) - MINERIA","UNIDAD","2"
"76520","2025","9","DRAGA TIPO BUZO - MINERIA","UNIDAD","2"
"76622","2025","9","RETROEXCAVADORA - MINERIA","UNIDAD","1"
"76834","2025","9","RETROEXCAVADORA - MINERIA","UNIDAD","1"
"86001","2025","9","RETROEXCAVADORA - MINERIA","UNIDAD","1"
"86571","2025","9","CLASIFICADORA - MINERIA","UNIDAD","2"
"86571","2025","9","RETROEXCAVADORA - MINERIA","UNIDAD","2"
"99773","2025","9","TRITURADORA - MINERIA","UNIDAD","1"
"05079","2025","10","DRAGA TIPO BUZO - MINERIA","UNIDAD","1"
"05120","2025","10","CLASIFICADORA - MINERIA","UNIDAD","121"
"05120","2025","10","EXCAVADORA - MINERIA","UNIDAD","7"
"05142","2025","10","DRAGA TIPO BUZO - MINERIA","UNIDAD","2"
"05148","2025","10","RETROEXCAVADORA - MINERIA","UNIDAD","1"
"05154","2025","10","CLASIFICADORA - MINERIA","UNIDAD","13"
"05154","2025","10","EXCAVADORA - MINERIA","UNIDAD","4"
"05154","2025","10","RETROEXCAVADORA - MINERIA","UNIDAD","3"
"05197","2025","10","RETROEXCAVADORA - MINERIA","UNIDAD","1"
"05282","2025","10","DRAGA (MINERIA) - MINERIA","UNIDAD","7"
"05308","2025","10","EXCAVADORA - MINERIA","UNIDAD","1"
"05368","2025","10","DRAGA (MINERIA) - MINERIA","UNIDAD","1"
"05368","2025","10","DRAGA TIPO BUZO - MINERIA","UNIDAD","2"
"05390","2025","10","CLASIFICADORA - MINERIA","UNIDAD","2"
"05390","2025","10","DRAGA (MINERIA) - MINERIA","UNIDAD","3"
"05390","2025","10","DRAGA TIPO BUZO - MINERIA","UNIDAD","2"
"05649","2025","10","CLASIFICADORA - MINERIA","UNIDAD","1"
"05649","2025","10","RETROEXCAVADORA - MINERIA","UNIDAD","1"
"05656","2025","10","RETROEXCAVADORA - MINERIA","UNIDAD","2"
"05670","2025","10","DRAGA TIPO BUZO - MINERIA","UNIDAD","6"
"05670","2025","10","EXCAVADORA - MINERIA","UNIDAD","1"
"05792","2025","10","CLASIFICADORA - MINERIA","UNIDAD","4"
"05792","2025","10","DRAGA TIPO BUZO - MINERIA","UNIDAD","4"
"05895","2025","10","CLASIFICADORA - MINERIA","UNIDAD","24"
"05895","2025","10","DRAGA (MINERIA) - MINERIA","UNIDAD","4"
"05895","2025","10","EXCAVADORA - MINERIA","UNIDAD","1"
"08078","2025","10","EXCAVADORA - MINERIA","UNIDAD","3"
"08078","2025","10","RETROEXCAVADORA - MINERIA","UNIDAD","5"
"08141","2025","10","RETROEXCAVADORA - MINERIA","UNIDAD","1"
"08520","2025","10","RETROEXCAVADORA - MINERIA","UNIDAD","1"
"15176","2025","10","EXCAVADORA - MINERIA","UNIDAD","1"
"15681","2025","10","RETROEXCAVADORA - MINERIA","UNIDAD","1"
"17777","2025","10","DRAGA (MINERIA) - MINERIA","UNIDAD","2"
"17867","2025","10","DRAGA (MINERIA) - MINERIA","UNIDAD","6"
"17867","2025","10","MEZCLADORA - MINERIA","UNIDAD","3"
"18001","2025","10","RETROEXCAVADORA - MINERIA","UNIDAD","3"
"20383","2025","10","EXCAVADORA - MINERIA","UNIDAD","1"
"23001","2025","10","BULDOZER - MINERIA","UNIDAD","1"
"23580","2025","10","CLASIFICADORA - MINERIA","UNIDAD","13"
"23580","2025","10","DRAGA (MINERIA) - MINERIA","UNIDAD","2"
"23580","2025","10","EXCAVADORA - MINERIA","UNIDAD","2"
"25019","2025","10","RETROEXCAVADORA - MINERIA","UNIDAD","2"
"25290","2025","10","RETROEXCAVADORA - MINERIA","UNIDAD","3"
"25486","2025","10","RETROEXCAVADORA - MINERIA","UNIDAD","2"
"25513","2025","10","RETROEXCAVADORA - MINERIA","UNIDAD","3"
"25797","2025","10","RETROEXCAVADORA - MINERIA","UNIDAD","3"
"27001","2025","10","DRAGA (MINERIA) - MINERIA","UNIDAD","20"
"27001","2025","10","DRAGA TIPO BUZO - MINERIA","UNIDAD","11"
"27001","2025","10","DRAGA TIPO DRAGON - MINERIA","UNIDAD","1"
"27001","2025","10","EXCAVADORA - MINERIA","UNIDAD","1"
"27001","2025","10","RETROEXCAVADORA - MINERIA","UNIDAD","2"
"27361","2025","10","EXCAVADORA - MINERIA","UNIDAD","1"
"27600","2025","10","DRAGA TIPO DRAGON - MINERIA","UNIDAD","1"
"27600","2025","10","EXCAVADORA - MINERIA","UNIDAD","1"
"27600","2025","10","RETROEXCAVADORA - MINERIA","UNIDAD","2"
"27615","2025","10","DRAGA TIPO DRAGON - MINERIA","UNIDAD","1"
"27615","2025","10","EXCAVADORA - MINERIA","UNIDAD","1"
"27787","2025","10","CLASIFICADORA - MINERIA","UNIDAD","1"
"27810","2025","10","RETROEXCAVADORA - MINERIA","UNIDAD","4"
"54405","2025","10","BULDOZER - MINERIA","UNIDAD","1"
"54405","2025","10","EXCAVADORA - MINERIA","UNIDAD","2"
"54518","2025","10","RETROEXCAVADORA - MINERIA","UNIDAD","1"
"66001","2025","10","BULDOZER - MINERIA","UNIDAD","1"
"66001","2025","10","EXCAVADORA - MINERIA","UNIDAD","2"
"66440","2025","10","RETROEXCAVADORA - MINERIA","UNIDAD","1"
"66682","2025","10","RETROEXCAVADORA - MINERIA","UNIDAD","1"
"73067","2025","10","EXCAVADORA - MINERIA","UNIDAD","4"
"76147","2025","10","DRAGA (MINERIA) - MINERIA","UNIDAD","3"
"86569","2025","10","CLASIFICADORA - MINERIA","UNIDAD","2"
"86569","2025","10","DRAGA (MINERIA) - MINERIA","UNIDAD","1"
"86885","2025","10","CLASIFICADORA - MINERIA","UNIDAD","2"
"86885","2025","10","EXCAVADORA - MINERIA","UNIDAD","1"
"05120","2025","11","CLASIFICADORA - MINERIA","UNIDAD","36"
"05120","2025","11","DRAGA (MINERIA) - MINERIA","UNIDAD","20"
"05120","2025","11","EXCAVADORA - MINERIA","UNIDAD","16"
"05120","2025","11","RETROEXCAVADORA - MINERIA","UNIDAD","2"
"05147","2025","11","RETROEXCAVADORA - MINERIA","UNIDAD","1"
"05154","2025","11","RETROEXCAVADORA - MINERIA","UNIDAD","4"
"05250","2025","11","CLASIFICADORA - MINERIA","UNIDAD","1"
"05390","2025","11","CLASIFICADORA - MINERIA","UNIDAD","2"
"05390","2025","11","DRAGA (MINERIA) - MINERIA","UNIDAD","4"
"05390","2025","11","DRAGA TIPO BUZO - MINERIA","UNIDAD","1"
"05390","2025","11","RETROEXCAVADORA - MINERIA","UNIDAD","1"
"05480","2025","11","DRAGA (MINERIA) - MINERIA","UNIDAD","2"
"05480","2025","11","EXCAVADORA - MINERIA","UNIDAD","1"
"05656","2025","11","RETROEXCAVADORA - MINERIA","UNIDAD","1"
"05674","2025","11","RETROEXCAVADORA - MINERIA","UNIDAD","1"
"05697","2025","11","RETROEXCAVADORA - MINERIA","UNIDAD","1"
"05895","2025","11","CLASIFICADORA - MINERIA","UNIDAD","3"
"05895","2025","11","EXCAVADORA - MINERIA","UNIDAD","2"
"08001","2025","11","BULDOZER - MINERIA","UNIDAD","1"
"08372","2025","11","EXCAVADORA - MINERIA","UNIDAD","1"
"08832","2025","11","RETROEXCAVADORA - MINERIA","UNIDAD","1"
"13052","2025","11","BULDOZER - MINERIA","UNIDAD","1"
"17042","2025","11","DRAGA (MINERIA) - MINERIA","UNIDAD","3"
"18150","2025","11","DRAGA (MINERIA) - MINERIA","UNIDAD","1"
"18205","2025","11","DRAGA (MINERIA) - MINERIA","UNIDAD","2"
"18610","2025","11","DRAGA (MINERIA) - MINERIA","UNIDAD","3"
"18756","2025","11","DRAGA (MINERIA) - MINERIA","UNIDAD","1"
"23580","2025","11","EXCAVADORA - MINERIA","UNIDAD","1"
"23815","2025","11","RETROEXCAVADORA - MINERIA","UNIDAD","3"
"25183","2025","11","RETROEXCAVADORA - MINERIA","UNIDAD","1"
"25290","2025","11","RETROEXCAVADORA - MINERIA","UNIDAD","3"
"25513","2025","11","RETROEXCAVADORA - MINERIA","UNIDAD","2"
"25572","2025","11","RETROEXCAVADORA - MINERIA","UNIDAD","2"
"25797","2025","11","RETROEXCAVADORA - MINERIA","UNIDAD","3"
"27001","2025","11","DRAGA (MINERIA) - MINERIA","UNIDAD","23"
"27001","2025","11","DRAGA TIPO BUZO - MINERIA","UNIDAD","34"
"27001","2025","11","RETROEXCAVADORA - MINERIA","UNIDAD","1"
"27787","2025","11","CLASIFICADORA - MINERIA","UNIDAD","1"
"27787","2025","11","EXCAVADORA - MINERIA","UNIDAD","1"
"27787","2025","11","RETROEXCAVADORA - MINERIA","UNIDAD","1"
"27810","2025","11","DRAGA (MINERIA) - MINERIA","UNIDAD","1"
"41668","2025","11","RETROEXCAVADORA - MINERIA","UNIDAD","2"
"54518","2025","11","RETROEXCAVADORA - MINERIA","UNIDAD","1"
"68276","2025","11","RETROEXCAVADORA - MINERIA","UNIDAD","1"
"68615","2025","11","DRAGA (MINERIA) - MINERIA","UNIDAD","1"
"73555","2025","11","RETROEXCAVADORA - MINERIA","UNIDAD","1"
"76130","2025","11","RETROEXCAVADORA - MINERIA","UNIDAD","1"
"86571","2025","11","CLASIFICADORA - MINERIA","UNIDAD","2"
"91001","2025","11","DRAGA TIPO DRAGON - MINERIA","UNIDAD","10"
"91001","2025","11","EXCAVADORA - MINERIA","UNIDAD","1"
"91798","2025","11","DRAGA TIPO DRAGON - MINERIA","UNIDAD","10"
"91798","2025","11","EXCAVADORA - MINERIA","UNIDAD","1"
"94343","2025","11","DRAGA (MINERIA) - MINERIA","UNIDAD","1"
"05120","2025","12","CLASIFICADORA - MINERIA","UNIDAD","4"
"05120","2025","12","EXCAVADORA - MINERIA","UNIDAD","1"
"05154","2025","12","DRAGA (MINERIA) - MINERIA","UNIDAD","1"
"05154","2025","12","DRAGA TIPO BUZO - MINERIA","UNIDAD","2"
"05250","2025","12","DRAGA TIPO DRAGON - MINERIA","UNIDAD","9"
"05250","2025","12","RETROEXCAVADORA - MINERIA","UNIDAD","3"
"05390","2025","12","CLASIFICADORA - MINERIA","UNIDAD","1"
"05390","2025","12","DRAGA (MINERIA) - MINERIA","UNIDAD","1"
"05390","2025","12","DRAGA TIPO BUZO - MINERIA","UNIDAD","1"
"05480","2025","12","EXCAVADORA - MINERIA","UNIDAD","1"
"05495","2025","12","CLASIFICADORA - MINERIA","UNIDAD","4"
"05495","2025","12","DRAGA (MINERIA) - MINERIA","UNIDAD","1"
"05847","2025","12","CLASIFICADORA - MINERIA","UNIDAD","12"
"05847","2025","12","DRAGA (MINERIA) - MINERIA","UNIDAD","1"
"05847","2025","12","EXCAVADORA - MINERIA","UNIDAD","8"
"05847","2025","12","RETROEXCAVADORA - MINERIA","UNIDAD","9"
"05873","2025","12","RETROEXCAVADORA - MINERIA","UNIDAD","1"
"05895","2025","12","CLASIFICADORA - MINERIA","UNIDAD","13"
"08078","2025","12","RETROEXCAVADORA - MINERIA","UNIDAD","1"
"08849","2025","12","RETROEXCAVADORA - MINERIA","UNIDAD","1"
"13001","2025","12","BULDOZER - MINERIA","UNIDAD","1"
"17013","2025","12","DRAGA (MINERIA) - MINERIA","UNIDAD","1"
"17013","2025","12","EXCAVADORA - MINERIA","UNIDAD","2"
"17013","2025","12","MEZCLADORA - MINERIA","UNIDAD","1"
"17174","2025","12","RETROEXCAVADORA - MINERIA","UNIDAD","1"
"17867","2025","12","DRAGA TIPO BUZO - MINERIA","UNIDAD","1"
"19110","2025","12","DRAGA (MINERIA) - MINERIA","UNIDAD","18"
"19110","2025","12","DRAGA TIPO BUZO - MINERIA","UNIDAD","18"
"23580","2025","12","CLASIFICADORA - MINERIA","UNIDAD","4"
"23580","2025","12","EXCAVADORA - MINERIA","UNIDAD","3"
"25019","2025","12","RETROEXCAVADORA - MINERIA","UNIDAD","2"
"27001","2025","12","RETROEXCAVADORA - MINERIA","UNIDAD","13"
"27361","2025","12","RETROEXCAVADORA - MINERIA","UNIDAD","1"
"27787","2025","12","RETROEXCAVADORA - MINERIA","UNIDAD","2"
"27810","2025","12","RETROEXCAVADORA - MINERIA","UNIDAD","2"
"41026","2025","12","RETROEXCAVADORA - MINERIA","UNIDAD","1"
"73168","2025","12","DRAGA (MINERIA) - MINERIA","UNIDAD","1"
"86885","2025","12","DRAGA (MINERIA) - MINERIA","UNIDAD","15"
"86885","2025","12","EXCAVADORA - MINERIA","UNIDAD","1"
"05088","2026","1","RETROEXCAVADORA - MINERIA","UNIDAD","1"
"05120","2026","1","CLASIFICADORA - MINERIA","UNIDAD","4"
"05142","2026","1","EXCAVADORA - MINERIA","UNIDAD","1"
"05147","2026","1","RETROEXCAVADORA - MINERIA","UNIDAD","4"
"05154","2026","1","DRAGA (MINERIA) - MINERIA","UNIDAD","2"
"05154","2026","1","DRAGA TIPO BUZO - MINERIA","UNIDAD","2"
"05237","2026","1","DRAGA (MINERIA) - MINERIA","UNIDAD","4"
"05250","2026","1","CLASIFICADORA - MINERIA","UNIDAD","5"
"05250","2026","1","DRAGA (MINERIA) - MINERIA","UNIDAD","5"
"05250","2026","1","EXCAVADORA - MINERIA","UNIDAD","1"
"05282","2026","1","DRAGA (MINERIA) - MINERIA","UNIDAD","2"
"05390","2026","1","CLASIFICADORA - MINERIA","UNIDAD","1"
"05390","2026","1","DRAGA (MINERIA) - MINERIA","UNIDAD","3"
"05480","2026","1","EXCAVADORA - MINERIA","UNIDAD","1"
"05604","2026","1","BULDOZER - MINERIA","UNIDAD","1"
"05604","2026","1","DRAGA (MINERIA) - MINERIA","UNIDAD","8"
"05604","2026","1","DRAGA TIPO BUZO - MINERIA","UNIDAD","12"
"05604","2026","1","EXCAVADORA - MINERIA","UNIDAD","4"
"05604","2026","1","RETROEXCAVADORA - MINERIA","UNIDAD","1"
"05649","2026","1","CLASIFICADORA - MINERIA","UNIDAD","1"
"05649","2026","1","DRAGA (MINERIA) - MINERIA","UNIDAD","2"
"05649","2026","1","DRAGA TIPO BUZO - MINERIA","UNIDAD","1"
"05670","2026","1","DRAGA TIPO BUZO - MINERIA","UNIDAD","14"
"05670","2026","1","RETROEXCAVADORA - MINERIA","UNIDAD","3"
"05789","2026","1","EXCAVADORA - MINERIA","UNIDAD","1"
"05854","2026","1","CLASIFICADORA - MINERIA","UNIDAD","3"
"05854","2026","1","EXCAVADORA - MINERIA","UNIDAD","3"
"05856","2026","1","CLASIFICADORA - MINERIA","UNIDAD","1"
"05856","2026","1","DRAGA TIPO BUZO - MINERIA","UNIDAD","1"
"05887","2026","1","RETROEXCAVADORA - MINERIA","UNIDAD","1"
"05890","2026","1","DRAGA TIPO BUZO - MINERIA","UNIDAD","3"
"05890","2026","1","RETROEXCAVADORA - MINERIA","UNIDAD","4"
"05895","2026","1","CLASIFICADORA - MINERIA","UNIDAD","4"
"05895","2026","1","DRAGA (MINERIA) - MINERIA","UNIDAD","4"
"05895","2026","1","EXCAVADORA - MINERIA","UNIDAD","1"
"08078","2026","1","EXCAVADORA - MINERIA","UNIDAD","1"
"08078","2026","1","RETROEXCAVADORA - MINERIA","UNIDAD","1"
"08137","2026","1","RETROEXCAVADORA - MINERIA","UNIDAD","1"
"08520","2026","1","EXCAVADORA - MINERIA","UNIDAD","1"
"08606","2026","1","RETROEXCAVADORA - MINERIA","UNIDAD","1"
"08638","2026","1","EXCAVADORA - MINERIA","UNIDAD","1"
"08638","2026","1","RETROEXCAVADORA - MINERIA","UNIDAD","3"
"08685","2026","1","EXCAVADORA - MINERIA","UNIDAD","1"
"08832","2026","1","RETROEXCAVADORA - MINERIA","UNIDAD","3"
"08849","2026","1","RETROEXCAVADORA - MINERIA","UNIDAD","1"
"11001","2026","1","EXCAVADORA - MINERIA","UNIDAD","1"
"11001","2026","1","RETROEXCAVADORA - MINERIA","UNIDAD","1"
"13001","2026","1","EXCAVADORA - MINERIA","UNIDAD","1"
"13836","2026","1","BULDOZER - MINERIA","UNIDAD","1"
"13836","2026","1","EXCAVADORA - MINERIA","UNIDAD","1"
"13836","2026","1","RETROEXCAVADORA - MINERIA","UNIDAD","1"
"15500","2026","1","EXCAVADORA - MINERIA","UNIDAD","1"
"15638","2026","1","EXCAVADORA - MINERIA","UNIDAD","1"
"15757","2026","1","BULDOZER - MINERIA","UNIDAD","1"
"17614","2026","1","RETROEXCAVADORA - MINERIA","UNIDAD","1"
"17662","2026","1","EXCAVADORA - MINERIA","UNIDAD","5"
"17867","2026","1","DRAGA TIPO BUZO - MINERIA","UNIDAD","2"
"18756","2026","1","DRAGA (MINERIA) - MINERIA","UNIDAD","6"
"25019","2026","1","RETROEXCAVADORA - MINERIA","UNIDAD","4"
"25035","2026","1","RETROEXCAVADORA - MINERIA","UNIDAD","2"
"25175","2026","1","RETROEXCAVADORA - MINERIA","UNIDAD","1"
"25183","2026","1","RETROEXCAVADORA - MINERIA","UNIDAD","3"
"25290","2026","1","RETROEXCAVADORA - MINERIA","UNIDAD","1"
"25473","2026","1","EXCAVADORA - MINERIA","UNIDAD","1"
"25513","2026","1","RETROEXCAVADORA - MINERIA","UNIDAD","2"
"25572","2026","1","RETROEXCAVADORA - MINERIA","UNIDAD","2"
"25740","2026","1","RETROEXCAVADORA - MINERIA","UNIDAD","1"
"25743","2026","1","RETROEXCAVADORA - MINERIA","UNIDAD","1"
"25797","2026","1","RETROEXCAVADORA - MINERIA","UNIDAD","3"
"25815","2026","1","RETROEXCAVADORA - MINERIA","UNIDAD","2"
"25817","2026","1","RETROEXCAVADORA - MINERIA","UNIDAD","1"
"27001","2026","1","DRAGA (MINERIA) - MINERIA","UNIDAD","34"
"27001","2026","1","DRAGA TIPO BUZO - MINERIA","UNIDAD","11"
"27001","2026","1","RETROEXCAVADORA - MINERIA","UNIDAD","2"
"27361","2026","1","CLASIFICADORA - MINERIA","UNIDAD","1"
"27600","2026","1","RETROEXCAVADORA - MINERIA","UNIDAD","4"
"27810","2026","1","DRAGA (MINERIA) - MINERIA","UNIDAD","1"
"27810","2026","1","DRAGA TIPO BUZO - MINERIA","UNIDAD","2"
"27810","2026","1","RETROEXCAVADORA - MINERIA","UNIDAD","1"
"47189","2026","1","EXCAVADORA - MINERIA","UNIDAD","1"
"52835","2026","1","DRAGA (MINERIA) - MINERIA","UNIDAD","1"
"54498","2026","1","RETROEXCAVADORA - MINERIA","UNIDAD","1"
"54518","2026","1","RETROEXCAVADORA - MINERIA","UNIDAD","4"
"66045","2026","1","RETROEXCAVADORA - MINERIA","UNIDAD","1"
"66075","2026","1","EXCAVADORA - MINERIA","UNIDAD","1"
"66088","2026","1","RETROEXCAVADORA - MINERIA","UNIDAD","3"
"66318","2026","1","EXCAVADORA - MINERIA","UNIDAD","1"
"66440","2026","1","EXCAVADORA - MINERIA","UNIDAD","3"
"66440","2026","1","RETROEXCAVADORA - MINERIA","UNIDAD","1"
"66572","2026","1","RETROEXCAVADORA - MINERIA","UNIDAD","1"
"66594","2026","1","RETROEXCAVADORA - MINERIA","UNIDAD","1"
"66682","2026","1","RETROEXCAVADORA - MINERIA","UNIDAD","2"
"68655","2026","1","RETROEXCAVADORA - MINERIA","UNIDAD","1"
"68745","2026","1","RETROEXCAVADORA - MINERIA","UNIDAD","1"
"73168","2026","1","DRAGA (MINERIA) - MINERIA","UNIDAD","1"
"73168","2026","1","EXCAVADORA - MINERIA","UNIDAD","7"
"76020","2026","1","RETROEXCAVADORA - MINERIA","UNIDAD","1"
"76113","2026","1","RETROEXCAVADORA - MINERIA","UNIDAD","1"
"05021","2026","2","CLASIFICADORA - MINERIA","UNIDAD","10"
"05021","2026","2","DRAGA (MINERIA) - MINERIA","UNIDAD","8"
"05021","2026","2","DRAGA TIPO BUZO - MINERIA","UNIDAD","3"
"05079","2026","2","CLASIFICADORA - MINERIA","UNIDAD","3"
"05079","2026","2","DRAGA (MINERIA) - MINERIA","UNIDAD","5"
"05079","2026","2","DRAGA TIPO BUZO - MINERIA","UNIDAD","3"
"05079","2026","2","EXCAVADORA - MINERIA","UNIDAD","2"
"05113","2026","2","EXCAVADORA - MINERIA","UNIDAD","1"
"05120","2026","2","EXCAVADORA - MINERIA","UNIDAD","16"
"05142","2026","2","DRAGA TIPO BUZO - MINERIA","UNIDAD","6"
"05142","2026","2","RETROEXCAVADORA - MINERIA","UNIDAD","1"
"05154","2026","2","EXCAVADORA - MINERIA","UNIDAD","1"
"05154","2026","2","RETROEXCAVADORA - MINERIA","UNIDAD","1"
"05250","2026","2","CLASIFICADORA - MINERIA","UNIDAD","1"
"05250","2026","2","TRITURADORA - MINERIA","UNIDAD","6"
"05282","2026","2","DRAGA (MINERIA) - MINERIA","UNIDAD","1"
"05282","2026","2","DRAGA TIPO BUZO - MINERIA","UNIDAD","1"
"05483","2026","2","RETROEXCAVADORA - MINERIA","UNIDAD","1"
"05495","2026","2","CLASIFICADORA - MINERIA","UNIDAD","1"
"05579","2026","2","RETROEXCAVADORA - MINERIA","UNIDAD","1"
"05591","2026","2","CLASIFICADORA - MINERIA","UNIDAD","8"
"05652","2026","2","DRAGA (MINERIA) - MINERIA","UNIDAD","1"
"05670","2026","2","DRAGA TIPO BUZO - MINERIA","UNIDAD","1"
"05690","2026","2","CLASIFICADORA - MINERIA","UNIDAD","8"
"05690","2026","2","DRAGA (MINERIA) - MINERIA","UNIDAD","8"
"05736","2026","2","RETROEXCAVADORA - MINERIA","UNIDAD","1"
"05885","2026","2","CLASIFICADORA - MINERIA","UNIDAD","2"
"05885","2026","2","DRAGA (MINERIA) - MINERIA","UNIDAD","2"
"05895","2026","2","CLASIFICADORA - MINERIA","UNIDAD","9"
"05895","2026","2","DRAGA (MINERIA) - MINERIA","UNIDAD","9"
"05895","2026","2","EXCAVADORA - MINERIA","UNIDAD","17"
"08372","2026","2","RETROEXCAVADORA - MINERIA","UNIDAD","2"
"08638","2026","2","EXCAVADORA - MINERIA","UNIDAD","1"
"08675","2026","2","RETROEXCAVADORA - MINERIA","UNIDAD","1"
"08770","2026","2","EXCAVADORA - MINERIA","UNIDAD","1"
"08770","2026","2","RETROEXCAVADORA - MINERIA","UNIDAD","1"
"11001","2026","2","RETROEXCAVADORA - MINERIA","UNIDAD","1"
"13001","2026","2","RETROEXCAVADORA - MINERIA","UNIDAD","1"
"13673","2026","2","EXCAVADORA - MINERIA","UNIDAD","1"
"13744","2026","2","CLASIFICADORA - MINERIA","UNIDAD","38"
"15516","2026","2","RETROEXCAVADORA - MINERIA","UNIDAD","1"
"17486","2026","2","RETROEXCAVADORA - MINERIA","UNIDAD","1"
"17867","2026","2","DRAGA (MINERIA) - MINERIA","UNIDAD","1"
"17867","2026","2","DRAGA TIPO BUZO - MINERIA","UNIDAD","2"
"18150","2026","2","DRAGA (MINERIA) - MINERIA","UNIDAD","1"
"18205","2026","2","DRAGA (MINERIA) - MINERIA","UNIDAD","1"
"18756","2026","2","DRAGA (MINERIA) - MINERIA","UNIDAD","2"
"19532","2026","2","CLASIFICADORA - MINERIA","UNIDAD","1"
"19532","2026","2","DRAGA (MINERIA) - MINERIA","UNIDAD","2"
"20787","2026","2","RETROEXCAVADORA - MINERIA","UNIDAD","3"
"23068","2026","2","CLASIFICADORA - MINERIA","UNIDAD","5"
"23068","2026","2","DRAGA (MINERIA) - MINERIA","UNIDAD","3"
"23660","2026","2","RETROEXCAVADORA - MINERIA","UNIDAD","1"
"23672","2026","2","RETROEXCAVADORA - MINERIA","UNIDAD","1"
"23815","2026","2","RETROEXCAVADORA - MINERIA","UNIDAD","2"
"25019","2026","2","RETROEXCAVADORA - MINERIA","UNIDAD","1"
"25183","2026","2","RETROEXCAVADORA - MINERIA","UNIDAD","2"
"25290","2026","2","RETROEXCAVADORA - MINERIA","UNIDAD","3"
"25513","2026","2","RETROEXCAVADORA - MINERIA","UNIDAD","3"
"25649","2026","2","RETROEXCAVADORA - MINERIA","UNIDAD","1"
"25797","2026","2","RETROEXCAVADORA - MINERIA","UNIDAD","2"
"25873","2026","2","RETROEXCAVADORA - MINERIA","UNIDAD","1"
"27001","2026","2","DRAGA (MINERIA) - MINERIA","UNIDAD","5"
"27001","2026","2","RETROEXCAVADORA - MINERIA","UNIDAD","6"
"27050","2026","2","DRAGA (MINERIA) - MINERIA","UNIDAD","22"
"27050","2026","2","RETROEXCAVADORA - MINERIA","UNIDAD","10"
"27491","2026","2","CLASIFICADORA - MINERIA","UNIDAD","1"
"27810","2026","2","DRAGA TIPO DRAGON - MINERIA","UNIDAD","9"
"27810","2026","2","EXCAVADORA - MINERIA","UNIDAD","7"
"41668","2026","2","EXCAVADORA - MINERIA","UNIDAD","1"
"50270","2026","2","DRAGA (MINERIA) - MINERIA","UNIDAD","2"
"50270","2026","2","RETROEXCAVADORA - MINERIA","UNIDAD","2"
"50330","2026","2","DRAGA (MINERIA) - MINERIA","UNIDAD","1"
"52838","2026","2","RETROEXCAVADORA - MINERIA","UNIDAD","1"
"54518","2026","2","RETROEXCAVADORA - MINERIA","UNIDAD","2"
"63470","2026","2","DRAGA (MINERIA) - MINERIA","UNIDAD","1"
"66045","2026","2","RETROEXCAVADORA - MINERIA","UNIDAD","1"
"66440","2026","2","RETROEXCAVADORA - MINERIA","UNIDAD","1"
"66456","2026","2","RETROEXCAVADORA - MINERIA","UNIDAD","1"
"68081","2026","2","RETROEXCAVADORA - MINERIA","UNIDAD","2"
"68266","2026","2","RETROEXCAVADORA - MINERIA","UNIDAD","1"
"68655","2026","2","DRAGA (MINERIA) - MINERIA","UNIDAD","1"
"73671","2026","2","EXCAVADORA - MINERIA","UNIDAD","1"
"73686","2026","2","CLASIFICADORA - MINERIA","UNIDAD","1"
"73686","2026","2","DRAGA (MINERIA) - MINERIA","UNIDAD","1"
"76020","2026","2","EXCAVADORA - MINERIA","UNIDAD","2"
"86320","2026","2","DRAGA (MINERIA) - MINERIA","UNIDAD","2"
"86568","2026","2","DRAGA (MINERIA) - MINERIA","UNIDAD","1"
"86885","2026","2","RETROEXCAVADORA - MINERIA","UNIDAD","1"
"05021","2026","3","DRAGA (MINERIA) - MINERIA","UNIDAD","1"
"05031","2026","3","DRAGA (MINERIA) - MINERIA","UNIDAD","2"
"05079","2026","3","CLASIFICADORA - MINERIA","UNIDAD","1"
"05079","2026","3","DRAGA TIPO BUZO - MINERIA","UNIDAD","1"
"05088","2026","3","RETROEXCAVADORA - MINERIA","UNIDAD","1"
"05190","2026","3","EXCAVADORA - MINERIA","UNIDAD","1"
"05361","2026","3","CLASIFICADORA - MINERIA","UNIDAD","1"
"05361","2026","3","DRAGA (MINERIA) - MINERIA","UNIDAD","1"
"05390","2026","3","CLASIFICADORA - MINERIA","UNIDAD","8"
"05390","2026","3","DRAGA (MINERIA) - MINERIA","UNIDAD","7"
"05390","2026","3","DRAGA TIPO BUZO - MINERIA","UNIDAD","4"
"05585","2026","3","CLASIFICADORA - MINERIA","UNIDAD","19"
"05604","2026","3","DRAGA TIPO BUZO - MINERIA","UNIDAD","1"
"05615","2026","3","EXCAVADORA - MINERIA","UNIDAD","1"
"05649","2026","3","EXCAVADORA - MINERIA","UNIDAD","1"
"05667","2026","3","RETROEXCAVADORA - MINERIA","UNIDAD","2"
"05670","2026","3","RETROEXCAVADORA - MINERIA","UNIDAD","1"
"05686","2026","3","CLASIFICADORA - MINERIA","UNIDAD","1"
"05686","2026","3","DRAGA (MINERIA) - MINERIA","UNIDAD","1"
"05686","2026","3","EXCAVADORA - MINERIA","UNIDAD","1"
"05690","2026","3","DRAGA (MINERIA) - MINERIA","UNIDAD","2"
"05690","2026","3","DRAGA TIPO BUZO - MINERIA","UNIDAD","1"
"05756","2026","3","CLASIFICADORA - MINERIA","UNIDAD","1"
"05756","2026","3","DRAGA TIPO BUZO - MINERIA","UNIDAD","1"
"05756","2026","3","EXCAVADORA - MINERIA","UNIDAD","1"
"05756","2026","3","RETROEXCAVADORA - MINERIA","UNIDAD","1"
"05890","2026","3","DRAGA TIPO BUZO - MINERIA","UNIDAD","8"
"05895","2026","3","CLASIFICADORA - MINERIA","UNIDAD","11"
"05895","2026","3","DRAGA (MINERIA) - MINERIA","UNIDAD","8"
"05895","2026","3","EXCAVADORA - MINERIA","UNIDAD","3"
"08141","2026","3","RETROEXCAVADORA - MINERIA","UNIDAD","1"
"08573","2026","3","RETROEXCAVADORA - MINERIA","UNIDAD","1"
"08638","2026","3","RETROEXCAVADORA - MINERIA","UNIDAD","1"
"08832","2026","3","RETROEXCAVADORA - MINERIA","UNIDAD","1"
"11001","2026","3","BULDOZER - MINERIA","UNIDAD","1"
"11001","2026","3","EXCAVADORA - MINERIA","UNIDAD","1"
"11001","2026","3","RETROEXCAVADORA - MINERIA","UNIDAD","1"
"13683","2026","3","BULDOZER - MINERIA","UNIDAD","2"
"13836","2026","3","EXCAVADORA - MINERIA","UNIDAD","1"
"13836","2026","3","RETROEXCAVADORA - MINERIA","UNIDAD","1"
"15176","2026","3","RETROEXCAVADORA - MINERIA","UNIDAD","1"
"17001","2026","3","RETROEXCAVADORA - MINERIA","UNIDAD","2"
"17495","2026","3","DRAGA TIPO BUZO - MINERIA","UNIDAD","6"
"17614","2026","3","RETROEXCAVADORA - MINERIA","UNIDAD","1"
"17777","2026","3","RETROEXCAVADORA - MINERIA","UNIDAD","1"
"18001","2026","3","RETROEXCAVADORA - MINERIA","UNIDAD","6"
"18756","2026","3","DRAGA (MINERIA) - MINERIA","UNIDAD","2"
"20011","2026","3","MEZCLADORA - MINERIA","UNIDAD","1"
"23068","2026","3","CLASIFICADORA - MINERIA","UNIDAD","3"
"23068","2026","3","DRAGA (MINERIA) - MINERIA","UNIDAD","1"
"25019","2026","3","RETROEXCAVADORA - MINERIA","UNIDAD","1"
"25290","2026","3","RETROEXCAVADORA - MINERIA","UNIDAD","3"
"25386","2026","3","RETROEXCAVADORA - MINERIA","UNIDAD","1"
"25513","2026","3","RETROEXCAVADORA - MINERIA","UNIDAD","1"
"25572","2026","3","RETROEXCAVADORA - MINERIA","UNIDAD","1"
"25797","2026","3","RETROEXCAVADORA - MINERIA","UNIDAD","1"
"27001","2026","3","DRAGA TIPO BUZO - MINERIA","UNIDAD","4"
"27001","2026","3","RETROEXCAVADORA - MINERIA","UNIDAD","3"
"27787","2026","3","CLASIFICADORA - MINERIA","UNIDAD","2"
"27787","2026","3","DRAGA (MINERIA) - MINERIA","UNIDAD","1"
"27787","2026","3","EXCAVADORA - MINERIA","UNIDAD","8"
"27810","2026","3","CLASIFICADORA - MINERIA","UNIDAD","2"
"27810","2026","3","DRAGA (MINERIA) - MINERIA","UNIDAD","1"
"27810","2026","3","DRAGA TIPO BUZO - MINERIA","UNIDAD","1"
"27810","2026","3","EXCAVADORA - MINERIA","UNIDAD","1"
"27810","2026","3","RETROEXCAVADORA - MINERIA","UNIDAD","1"
"47189","2026","3","CLASIFICADORA - MINERIA","UNIDAD","3"
"52835","2026","3","DRAGA (MINERIA) - MINERIA","UNIDAD","1"
"54099","2026","3","RETROEXCAVADORA - MINERIA","UNIDAD","2"
"54518","2026","3","RETROEXCAVADORA - MINERIA","UNIDAD","1"
"54520","2026","3","RETROEXCAVADORA - MINERIA","UNIDAD","1"
"63001","2026","3","RETROEXCAVADORA - MINERIA","UNIDAD","1"
"66001","2026","3","EXCAVADORA - MINERIA","UNIDAD","1"
"66001","2026","3","RETROEXCAVADORA - MINERIA","UNIDAD","2"
"66045","2026","3","EXCAVADORA - MINERIA","UNIDAD","1"
"66170","2026","3","RETROEXCAVADORA - MINERIA","UNIDAD","1"
"66456","2026","3","DRAGA (MINERIA) - MINERIA","UNIDAD","3"
"66572","2026","3","EXCAVADORA - MINERIA","UNIDAD","1"
"66682","2026","3","EXCAVADORA - MINERIA","UNIDAD","1"
"73067","2026","3","EXCAVADORA - MINERIA","UNIDAD","4"
"73168","2026","3","CLASIFICADORA - MINERIA","UNIDAD","2"
"73168","2026","3","EXCAVADORA - MINERIA","UNIDAD","2"
"73217","2026","3","CLASIFICADORA - MINERIA","UNIDAD","1"
"73217","2026","3","EXCAVADORA - MINERIA","UNIDAD","3"
"73319","2026","3","RETROEXCAVADORA - MINERIA","UNIDAD","1"
"76001","2026","3","RETROEXCAVADORA - MINERIA","UNIDAD","1"
"76122","2026","3","EXCAVADORA - MINERIA","UNIDAD","1"
"86320","2026","3","EXCAVADORA - MINERIA","UNIDAD","2"
"86573","2026","3","DRAGA (MINERIA) - MINERIA","UNIDAD","4"
"86749","2026","3","CLASIFICADORA - MINERIA","UNIDAD","1"
"86749","2026","3","DRAGA (MINERIA) - MINERIA","UNIDAD","1"
"86749","2026","3","RETROEXCAVADORA - MINERIA","UNIDAD","1"
"05044","2026","4","DRAGA (MINERIA) - MINERIA","UNIDAD","2"
"05044","2026","4","DRAGA TIPO BUZO - MINERIA","UNIDAD","2"
"05079","2026","4","CLASIFICADORA - MINERIA","UNIDAD","1"
"05079","2026","4","DRAGA TIPO BUZO - MINERIA","UNIDAD","2"
"05079","2026","4","EXCAVADORA - MINERIA","UNIDAD","2"
"05120","2026","4","CLASIFICADORA - MINERIA","UNIDAD","85"
"05142","2026","4","DRAGA TIPO BUZO - MINERIA","UNIDAD","1"
"05154","2026","4","EXCAVADORA - MINERIA","UNIDAD","1"
"05264","2026","4","RETROEXCAVADORA - MINERIA","UNIDAD","2"
"05282","2026","4","DRAGA (MINERIA) - MINERIA","UNIDAD","5"
"05306","2026","4","EXCAVADORA - MINERIA","UNIDAD","1"
"05390","2026","4","CLASIFICADORA - MINERIA","UNIDAD","2"
"05390","2026","4","DRAGA (MINERIA) - MINERIA","UNIDAD","1"
"05390","2026","4","DRAGA TIPO BUZO - MINERIA","UNIDAD","1"
"05425","2026","4","DRAGA TIPO BUZO - MINERIA","UNIDAD","2"
"05483","2026","4","CLASIFICADORA - MINERIA","UNIDAD","8"
"05483","2026","4","DRAGA (MINERIA) - MINERIA","UNIDAD","2"
"05483","2026","4","EXCAVADORA - MINERIA","UNIDAD","7"
"05649","2026","4","CLASIFICADORA - MINERIA","UNIDAD","1"
"05649","2026","4","DRAGA (MINERIA) - MINERIA","UNIDAD","1"
"05660","2026","4","CLASIFICADORA - MINERIA","UNIDAD","4"
"05660","2026","4","DRAGA (MINERIA) - MINERIA","UNIDAD","4"
"05660","2026","4","DRAGA TIPO BUZO - MINERIA","UNIDAD","2"
"05660","2026","4","EXCAVADORA - MINERIA","UNIDAD","8"
"05667","2026","4","CLASIFICADORA - MINERIA","UNIDAD","4"
"05667","2026","4","DRAGA (MINERIA) - MINERIA","UNIDAD","4"
"05670","2026","4","DRAGA (MINERIA) - MINERIA","UNIDAD","2"
"05670","2026","4","DRAGA TIPO BUZO - MINERIA","UNIDAD","1"
"05670","2026","4","EXCAVADORA - MINERIA","UNIDAD","1"
"05670","2026","4","RETROEXCAVADORA - MINERIA","UNIDAD","1"
"05690","2026","4","CLASIFICADORA - MINERIA","UNIDAD","1"
"05690","2026","4","DRAGA TIPO BUZO - MINERIA","UNIDAD","8"
"05885","2026","4","DRAGA TIPO BUZO - MINERIA","UNIDAD","2"
"05895","2026","4","CLASIFICADORA - MINERIA","UNIDAD","10"
"05895","2026","4","EXCAVADORA - MINERIA","UNIDAD","4"
"08001","2026","4","RETROEXCAVADORA - MINERIA","UNIDAD","1"
"08137","2026","4","RETROEXCAVADORA - MINERIA","UNIDAD","1"
"08372","2026","4","RETROEXCAVADORA - MINERIA","UNIDAD","1"
"08436","2026","4","RETROEXCAVADORA - MINERIA","UNIDAD","1"
"08638","2026","4","RETROEXCAVADORA - MINERIA","UNIDAD","2"
"08685","2026","4","RETROEXCAVADORA - MINERIA","UNIDAD","1"
"13160","2026","4","EXCAVADORA - MINERIA","UNIDAD","2"
"15176","2026","4","RETROEXCAVADORA - MINERIA","UNIDAD","1"
"17042","2026","4","DRAGA (MINERIA) - MINERIA","UNIDAD","2"
"17867","2026","4","CLASIFICADORA - MINERIA","UNIDAD","1"
"17867","2026","4","DRAGA (MINERIA) - MINERIA","UNIDAD","8"
"17867","2026","4","EXCAVADORA - MINERIA","UNIDAD","1"
"17867","2026","4","RETROEXCAVADORA - MINERIA","UNIDAD","1"
"18001","2026","4","RETROEXCAVADORA - MINERIA","UNIDAD","2"
"18150","2026","4","RETROEXCAVADORA - MINERIA","UNIDAD","1"
"18756","2026","4","DRAGA (MINERIA) - MINERIA","UNIDAD","1"
"19698","2026","4","CLASIFICADORA - MINERIA","UNIDAD","6"
"19698","2026","4","DRAGA TIPO BUZO - MINERIA","UNIDAD","4"
"23580","2026","4","CLASIFICADORA - MINERIA","UNIDAD","1"
"23580","2026","4","DRAGA (MINERIA) - MINERIA","UNIDAD","1"
"25019","2026","4","RETROEXCAVADORA - MINERIA","UNIDAD","1"
"25175","2026","4","RETROEXCAVADORA - MINERIA","UNIDAD","3"
"25290","2026","4","RETROEXCAVADORA - MINERIA","UNIDAD","2"
"25386","2026","4","RETROEXCAVADORA - MINERIA","UNIDAD","1"
"25513","2026","4","RETROEXCAVADORA - MINERIA","UNIDAD","3"
"25535","2026","4","RETROEXCAVADORA - MINERIA","UNIDAD","1"
"25572","2026","4","RETROEXCAVADORA - MINERIA","UNIDAD","3"
"25797","2026","4","RETROEXCAVADORA - MINERIA","UNIDAD","1"
"27001","2026","4","DRAGA (MINERIA) - MINERIA","UNIDAD","1"
"27001","2026","4","DRAGA TIPO BUZO - MINERIA","UNIDAD","2"
"27001","2026","4","RETROEXCAVADORA - MINERIA","UNIDAD","2"
"27073","2026","4","RETROEXCAVADORA - MINERIA","UNIDAD","1"
"27450","2026","4","DRAGA (MINERIA) - MINERIA","UNIDAD","1"
"27787","2026","4","CLASIFICADORA - MINERIA","UNIDAD","1"
"27787","2026","4","DRAGA (MINERIA) - MINERIA","UNIDAD","1"
"27810","2026","4","CLASIFICADORA - MINERIA","UNIDAD","4"
"27810","2026","4","EXCAVADORA - MINERIA","UNIDAD","5"
"27810","2026","4","RETROEXCAVADORA - MINERIA","UNIDAD","1"
"50001","2026","4","RETROEXCAVADORA - MINERIA","UNIDAD","2"
"63401","2026","4","RETROEXCAVADORA - MINERIA","UNIDAD","1"
"63470","2026","4","EXCAVADORA - MINERIA","UNIDAD","1"
"63594","2026","4","RETROEXCAVADORA - MINERIA","UNIDAD","1"
"66001","2026","4","EXCAVADORA - MINERIA","UNIDAD","1"
"66170","2026","4","RETROEXCAVADORA - MINERIA","UNIDAD","1"
"66440","2026","4","EXCAVADORA - MINERIA","UNIDAD","1"
"66682","2026","4","EXCAVADORA - MINERIA","UNIDAD","2"
"66687","2026","4","EXCAVADORA - MINERIA","UNIDAD","1"
"68190","2026","4","EXCAVADORA - MINERIA","UNIDAD","1"
"68190","2026","4","RETROEXCAVADORA - MINERIA","UNIDAD","1"
"68655","2026","4","RETROEXCAVADORA - MINERIA","UNIDAD","1"
"68855","2026","4","RETROEXCAVADORA - MINERIA","UNIDAD","1"
"73067","2026","4","EXCAVADORA - MINERIA","UNIDAD","20"
"73067","2026","4","RETROEXCAVADORA - MINERIA","UNIDAD","1"
"73168","2026","4","CLASIFICADORA - MINERIA","UNIDAD","15"
"73168","2026","4","EXCAVADORA - MINERIA","UNIDAD","9"
"73217","2026","4","DRAGA (MINERIA) - MINERIA","UNIDAD","2"
"73217","2026","4","EXCAVADORA - MINERIA","UNIDAD","2"
"73319","2026","4","RETROEXCAVADORA - MINERIA","UNIDAD","1"
"73861","2026","4","CLASIFICADORA - MINERIA","UNIDAD","1"
"73861","2026","4","DRAGA (MINERIA) - MINERIA","UNIDAD","2"
"76036","2026","4","EXCAVADORA - MINERIA","UNIDAD","1"
"86568","2026","4","CLASIFICADORA - MINERIA","UNIDAD","5"
"86568","2026","4","DRAGA (MINERIA) - MINERIA","UNIDAD","2"
"86571","2026","4","CLASIFICADORA - MINERIA","UNIDAD","4"
"86571","2026","4","DRAGA (MINERIA) - MINERIA","UNIDAD","3"
"86571","2026","4","DRAGA TIPO DRAGON - MINERIA","UNIDAD","1"
"86573","2026","4","CLASIFICADORA - MINERIA","UNIDAD","1"
"86573","2026","4","DRAGA (MINERIA) - MINERIA","UNIDAD","1"
"86885","2026","4","CLASIFICADORA - MINERIA","UNIDAD","1"
"91669","2026","4","DRAGA (MINERIA) - MINERIA","UNIDAD","8"
"91798","2026","4","DRAGA (MINERIA) - MINERIA","UNIDAD","9"
"05042","2026","5","DRAGA (MINERIA) - MINERIA","UNIDAD","3"
"05042","2026","5","DRAGA TIPO BUZO - MINERIA","UNIDAD","3"
"05042","2026","5","RETROEXCAVADORA - MINERIA","UNIDAD","1"
"05045","2026","5","RETROEXCAVADORA - MINERIA","UNIDAD","1"
"05120","2026","5","CLASIFICADORA - MINERIA","UNIDAD","70"
"05120","2026","5","DRAGA (MINERIA) - MINERIA","UNIDAD","3"
"05120","2026","5","DRAGA TIPO BUZO - MINERIA","UNIDAD","11"
"05120","2026","5","EXCAVADORA - MINERIA","UNIDAD","6"
"05142","2026","5","DRAGA (MINERIA) - MINERIA","UNIDAD","4"
"05142","2026","5","EXCAVADORA - MINERIA","UNIDAD","1"
"05154","2026","5","EXCAVADORA - MINERIA","UNIDAD","2"
"05206","2026","5","CLASIFICADORA - MINERIA","UNIDAD","6"
"05250","2026","5","DRAGA TIPO DRAGON - MINERIA","UNIDAD","5"
"05282","2026","5","DRAGA (MINERIA) - MINERIA","UNIDAD","2"
"05361","2026","5","CLASIFICADORA - MINERIA","UNIDAD","1"
"05361","2026","5","DRAGA (MINERIA) - MINERIA","UNIDAD","1"
"05390","2026","5","CLASIFICADORA - MINERIA","UNIDAD","1"
"05425","2026","5","EXCAVADORA - MINERIA","UNIDAD","2"
"05467","2026","5","CLASIFICADORA - MINERIA","UNIDAD","1"
"05467","2026","5","DRAGA (MINERIA) - MINERIA","UNIDAD","1"
"05495","2026","5","EXCAVADORA - MINERIA","UNIDAD","4"
"05591","2026","5","EXCAVADORA - MINERIA","UNIDAD","1"
"05656","2026","5","EXCAVADORA - MINERIA","UNIDAD","1"
"05670","2026","5","DRAGA TIPO BUZO - MINERIA","UNIDAD","1"
"05670","2026","5","EXCAVADORA - MINERIA","UNIDAD","7"
"05736","2026","5","DRAGA TIPO BUZO - MINERIA","UNIDAD","2"
"05736","2026","5","EXCAVADORA - MINERIA","UNIDAD","10"
"05873","2026","5","CLASIFICADORA - MINERIA","UNIDAD","2"
"05873","2026","5","EXCAVADORA - MINERIA","UNIDAD","1"
"05890","2026","5","DRAGA TIPO BUZO - MINERIA","UNIDAD","2"
"05890","2026","5","EXCAVADORA - MINERIA","UNIDAD","1"
"05895","2026","5","CLASIFICADORA - MINERIA","UNIDAD","1"
"05895","2026","5","DRAGA (MINERIA) - MINERIA","UNIDAD","1"
"08078","2026","5","EXCAVADORA - MINERIA","UNIDAD","1"
"08141","2026","5","RETROEXCAVADORA - MINERIA","UNIDAD","1"
"08436","2026","5","RETROEXCAVADORA - MINERIA","UNIDAD","1"
"08606","2026","5","RETROEXCAVADORA - MINERIA","UNIDAD","1"
"13001","2026","5","BULDOZER - MINERIA","UNIDAD","1"
"15632","2026","5","RETROEXCAVADORA - MINERIA","UNIDAD","1"
"17001","2026","5","RETROEXCAVADORA - MINERIA","UNIDAD","2"
"17867","2026","5","DRAGA (MINERIA) - MINERIA","UNIDAD","1"
"18001","2026","5","RETROEXCAVADORA - MINERIA","UNIDAD","1"
"18205","2026","5","DRAGA (MINERIA) - MINERIA","UNIDAD","4"
"19110","2026","5","EXCAVADORA - MINERIA","UNIDAD","3"
"19137","2026","5","DRAGA (MINERIA) - MINERIA","UNIDAD","2"
"19137","2026","5","DRAGA TIPO BUZO - MINERIA","UNIDAD","1"
"19318","2026","5","RETROEXCAVADORA - MINERIA","UNIDAD","1"
"19698","2026","5","DRAGA (MINERIA) - MINERIA","UNIDAD","1"
"19698","2026","5","DRAGA TIPO BUZO - MINERIA","UNIDAD","1"
"20001","2026","5","EXCAVADORA - MINERIA","UNIDAD","2"
"23189","2026","5","RETROEXCAVADORA - MINERIA","UNIDAD","1"
"23672","2026","5","RETROEXCAVADORA - MINERIA","UNIDAD","1"
"23686","2026","5","RETROEXCAVADORA - MINERIA","UNIDAD","1"
"25019","2026","5","RETROEXCAVADORA - MINERIA","UNIDAD","2"
"25099","2026","5","RETROEXCAVADORA - MINERIA","UNIDAD","1"
"25245","2026","5","RETROEXCAVADORA - MINERIA","UNIDAD","1"
"25290","2026","5","RETROEXCAVADORA - MINERIA","UNIDAD","3"
"25386","2026","5","RETROEXCAVADORA - MINERIA","UNIDAD","1"
"25513","2026","5","RETROEXCAVADORA - MINERIA","UNIDAD","2"
"25599","2026","5","RETROEXCAVADORA - MINERIA","UNIDAD","1"
"27001","2026","5","CLASIFICADORA - MINERIA","UNIDAD","4"
"27001","2026","5","DRAGA (MINERIA) - MINERIA","UNIDAD","17"
"27001","2026","5","DRAGA TIPO BUZO - MINERIA","UNIDAD","1"
"27001","2026","5","RETROEXCAVADORA - MINERIA","UNIDAD","7"
"27050","2026","5","CLASIFICADORA - MINERIA","UNIDAD","2"
"27050","2026","5","DRAGA (MINERIA) - MINERIA","UNIDAD","2"
"27050","2026","5","RETROEXCAVADORA - MINERIA","UNIDAD","5"
"27491","2026","5","RETROEXCAVADORA - MINERIA","UNIDAD","1"
"27787","2026","5","RETROEXCAVADORA - MINERIA","UNIDAD","1"
"41885","2026","5","CLASIFICADORA - MINERIA","UNIDAD","1"
"41885","2026","5","EXCAVADORA - MINERIA","UNIDAD","1"
"47189","2026","5","CLASIFICADORA - MINERIA","UNIDAD","2"
"47980","2026","5","RETROEXCAVADORA - MINERIA","UNIDAD","1"
"52540","2026","5","CLASIFICADORA - MINERIA","UNIDAD","1"
"52540","2026","5","EXCAVADORA - MINERIA","UNIDAD","3"
"54001","2026","5","RETROEXCAVADORA - MINERIA","UNIDAD","1"
"54405","2026","5","RETROEXCAVADORA - MINERIA","UNIDAD","1"
"54498","2026","5","RETROEXCAVADORA - MINERIA","UNIDAD","1"
"54518","2026","5","RETROEXCAVADORA - MINERIA","UNIDAD","2"
"66440","2026","5","BULDOZER - MINERIA","UNIDAD","1"
"66682","2026","5","RETROEXCAVADORA - MINERIA","UNIDAD","2"
"68051","2026","5","RETROEXCAVADORA - MINERIA","UNIDAD","1"
"68276","2026","5","RETROEXCAVADORA - MINERIA","UNIDAD","1"
"68615","2026","5","RETROEXCAVADORA - MINERIA","UNIDAD","4"
"70265","2026","5","DRAGA (MINERIA) - MINERIA","UNIDAD","4"
"70265","2026","5","DRAGA TIPO DRAGON - MINERIA","UNIDAD","4"
"73067","2026","5","CLASIFICADORA - MINERIA","UNIDAD","4"
"73067","2026","5","EXCAVADORA - MINERIA","UNIDAD","2"
"73443","2026","5","CLASIFICADORA - MINERIA","UNIDAD","1"
"73443","2026","5","DRAGA (MINERIA) - MINERIA","UNIDAD","1"
"76109","2026","5","CLASIFICADORA - MINERIA","UNIDAD","1"
"76109","2026","5","DRAGA (MINERIA) - MINERIA","UNIDAD","6"
"76109","2026","5","EXCAVADORA - MINERIA","UNIDAD","1"
"76147","2026","5","DRAGA TIPO BUZO - MINERIA","UNIDAD","2"
"76147","2026","5","RETROEXCAVADORA - MINERIA","UNIDAD","2"
"76364","2026","5","DRAGA (MINERIA) - MINERIA","UNIDAD","27"
"86001","2026","5","EXCAVADORA - MINERIA","UNIDAD","1"
"86320","2026","5","CLASIFICADORA - MINERIA","UNIDAD","2"
"86320","2026","5","RETROEXCAVADORA - MINERIA","UNIDAD","1"
"86568","2026","5","CLASIFICADORA - MINERIA","UNIDAD","3"
"86568","2026","5","DRAGA (MINERIA) - MINERIA","UNIDAD","3"
"86569","2026","5","CLASIFICADORA - MINERIA","UNIDAD","4"
"86569","2026","5","DRAGA (MINERIA) - MINERIA","UNIDAD","4"
"86571","2026","5","CLASIFICADORA - MINERIA","UNIDAD","3"
"86571","2026","5","DRAGA (MINERIA) - MINERIA","UNIDAD","3"
"86573","2026","5","CLASIFICADORA - MINERIA","UNIDAD","4"
"86573","2026","5","DRAGA (MINERIA) - MINERIA","UNIDAD","1"
"86573","2026","5","DRAGA TIPO DRAGON - MINERIA","UNIDAD","3"
"91001","2026","5","DRAGA (MINERIA) - MINERIA","UNIDAD","2"
"05002","2026","6","CLASIFICADORA - MINERIA","UNIDAD","5"
"05002","2026","6","DRAGA (MINERIA) - MINERIA","UNIDAD","5"
"05021","2026","6","DRAGA TIPO BUZO - MINERIA","UNIDAD","3"
"05031","2026","6","DRAGA (MINERIA) - MINERIA","UNIDAD","15"
"05042","2026","6","DRAGA TIPO BUZO - MINERIA","UNIDAD","5"
"05042","2026","6","EXCAVADORA - MINERIA","UNIDAD","1"
"05079","2026","6","DRAGA TIPO BUZO - MINERIA","UNIDAD","2"
"05120","2026","6","CLASIFICADORA - MINERIA","UNIDAD","25"
"05120","2026","6","DRAGA TIPO BUZO - MINERIA","UNIDAD","8"
"05120","2026","6","EXCAVADORA - MINERIA","UNIDAD","3"
"05142","2026","6","RETROEXCAVADORA - MINERIA","UNIDAD","2"
"05145","2026","6","CLASIFICADORA - MINERIA","UNIDAD","8"
"05145","2026","6","DRAGA (MINERIA) - MINERIA","UNIDAD","6"
"05145","2026","6","DRAGA TIPO BUZO - MINERIA","UNIDAD","2"
"05240","2026","6","DRAGA (MINERIA) - MINERIA","UNIDAD","2"
"05240","2026","6","MEZCLADORA - MINERIA","UNIDAD","1"
"05390","2026","6","CLASIFICADORA - MINERIA","UNIDAD","2"
"05390","2026","6","DRAGA (MINERIA) - MINERIA","UNIDAD","2"
"05467","2026","6","CLASIFICADORA - MINERIA","UNIDAD","2"
"05467","2026","6","DRAGA (MINERIA) - MINERIA","UNIDAD","1"
"05501","2026","6","DRAGA (MINERIA) - MINERIA","UNIDAD","5"
"05501","2026","6","EXCAVADORA - MINERIA","UNIDAD","1"
"05541","2026","6","CLASIFICADORA - MINERIA","UNIDAD","3"
"05541","2026","6","DRAGA (MINERIA) - MINERIA","UNIDAD","3"
"05579","2026","6","DRAGA TIPO BUZO - MINERIA","UNIDAD","5"
"05579","2026","6","EXCAVADORA - MINERIA","UNIDAD","1"
"05579","2026","6","RETROEXCAVADORA - MINERIA","UNIDAD","5"
"05656","2026","6","EXCAVADORA - MINERIA","UNIDAD","1"
"05667","2026","6","CLASIFICADORA - MINERIA","UNIDAD","9"
"05667","2026","6","DRAGA (MINERIA) - MINERIA","UNIDAD","1"
"05667","2026","6","DRAGA TIPO BUZO - MINERIA","UNIDAD","8"
"05670","2026","6","CLASIFICADORA - MINERIA","UNIDAD","3"
"05670","2026","6","DRAGA (MINERIA) - MINERIA","UNIDAD","3"
"05670","2026","6","DRAGA TIPO BUZO - MINERIA","UNIDAD","8"
"05690","2026","6","CLASIFICADORA - MINERIA","UNIDAD","1"
"05690","2026","6","DRAGA TIPO BUZO - MINERIA","UNIDAD","2"
"05690","2026","6","EXCAVADORA - MINERIA","UNIDAD","2"
"05756","2026","6","CLASIFICADORA - MINERIA","UNIDAD","2"
"05837","2026","6","DRAGA (MINERIA) - MINERIA","UNIDAD","1"
"05854","2026","6","CLASIFICADORA - MINERIA","UNIDAD","5"
"05854","2026","6","DRAGA (MINERIA) - MINERIA","UNIDAD","1"
"05856","2026","6","CLASIFICADORA - MINERIA","UNIDAD","2"
"05856","2026","6","DRAGA TIPO BUZO - MINERIA","UNIDAD","2"
"05861","2026","6","CLASIFICADORA - MINERIA","UNIDAD","1"
"05895","2026","6","CLASIFICADORA - MINERIA","UNIDAD","14"
"05895","2026","6","DRAGA (MINERIA) - MINERIA","UNIDAD","10"
"05895","2026","6","EXCAVADORA - MINERIA","UNIDAD","10"
"08606","2026","6","RETROEXCAVADORA - MINERIA","UNIDAD","1"
"13001","2026","6","BULDOZER - MINERIA","UNIDAD","1"
"13430","2026","6","RETROEXCAVADORA - MINERIA","UNIDAD","1"
"15187","2026","6","RETROEXCAVADORA - MINERIA","UNIDAD","1"
"15632","2026","6","RETROEXCAVADORA - MINERIA","UNIDAD","1"
"17867","2026","6","DRAGA TIPO BUZO - MINERIA","UNIDAD","2"
"18150","2026","6","DRAGA (MINERIA) - MINERIA","UNIDAD","2"
"18150","2026","6","RETROEXCAVADORA - MINERIA","UNIDAD","1"
"18756","2026","6","DRAGA (MINERIA) - MINERIA","UNIDAD","1"
"20045","2026","6","RETROEXCAVADORA - MINERIA","UNIDAD","1"
"23001","2026","6","RETROEXCAVADORA - MINERIA","UNIDAD","1"
"25019","2026","6","RETROEXCAVADORA - MINERIA","UNIDAD","4"
"25290","2026","6","RETROEXCAVADORA - MINERIA","UNIDAD","3"
"25320","2026","6","BULDOZER - MINERIA","UNIDAD","1"
"25513","2026","6","RETROEXCAVADORA - MINERIA","UNIDAD","3"
"25572","2026","6","RETROEXCAVADORA - MINERIA","UNIDAD","2"
"25797","2026","6","RETROEXCAVADORA - MINERIA","UNIDAD","4"
"25899","2026","6","RETROEXCAVADORA - MINERIA","UNIDAD","1"
"27001","2026","6","DRAGA TIPO BUZO - MINERIA","UNIDAD","4"
"27001","2026","6","DRAGA TIPO DRAGON - MINERIA","UNIDAD","1"
"27001","2026","6","RETROEXCAVADORA - MINERIA","UNIDAD","1"
"27361","2026","6","DRAGA (MINERIA) - MINERIA","UNIDAD","5"
"27600","2026","6","DRAGA TIPO DRAGON - MINERIA","UNIDAD","15"
"27787","2026","6","CLASIFICADORA - MINERIA","UNIDAD","3"
"27787","2026","6","EXCAVADORA - MINERIA","UNIDAD","1"
"27787","2026","6","RETROEXCAVADORA - MINERIA","UNIDAD","1"
"27810","2026","6","CLASIFICADORA - MINERIA","UNIDAD","2"
"27810","2026","6","DRAGA (MINERIA) - MINERIA","UNIDAD","9"
"27810","2026","6","DRAGA TIPO DRAGON - MINERIA","UNIDAD","5"
"27810","2026","6","EXCAVADORA - MINERIA","UNIDAD","1"
"47980","2026","6","EXCAVADORA - MINERIA","UNIDAD","1"
"50318","2026","6","EXCAVADORA - MINERIA","UNIDAD","1"
"54518","2026","6","RETROEXCAVADORA - MINERIA","UNIDAD","1"
"63001","2026","6","RETROEXCAVADORA - MINERIA","UNIDAD","1"
"66001","2026","6","BULDOZER - MINERIA","UNIDAD","1"
"66682","2026","6","RETROEXCAVADORA - MINERIA","UNIDAD","2"
"70708","2026","6","EXCAVADORA - MINERIA","UNIDAD","1"
"70708","2026","6","RETROEXCAVADORA - MINERIA","UNIDAD","1"
"73001","2026","6","RETROEXCAVADORA - MINERIA","UNIDAD","1"
"73067","2026","6","EXCAVADORA - MINERIA","UNIDAD","2"
"86569","2026","6","CLASIFICADORA - MINERIA","UNIDAD","1"
"86571","2026","6","CLASIFICADORA - MINERIA","UNIDAD","3"
"86571","2026","6","DRAGA (MINERIA) - MINERIA","UNIDAD","3"
"86573","2026","6","CLASIFICADORA - MINERIA","UNIDAD","2"
"86573","2026","6","DRAGA (MINERIA) - MINERIA","UNIDAD","1"
"86573","2026","6","DRAGA TIPO DRAGON - MINERIA","UNIDAD","1"
"86885","2026","6","CLASIFICADORA - MINERIA","UNIDAD","1"
"91263","2026","6","DRAGA (MINERIA) - MINERIA","UNIDAD","2"
"05002","2026","7","CLASIFICADORA - MINERIA","UNIDAD","4"
"05021","2026","7","DRAGA TIPO BUZO - MINERIA","UNIDAD","2"
"05031","2026","7","CLASIFICADORA - MINERIA","UNIDAD","6"
"05031","2026","7","EXCAVADORA - MINERIA","UNIDAD","2"
"05040","2026","7","DRAGA (MINERIA) - MINERIA","UNIDAD","1"
"05042","2026","7","DRAGA (MINERIA) - MINERIA","UNIDAD","2"
"05042","2026","7","DRAGA TIPO BUZO - MINERIA","UNIDAD","2"
"05079","2026","7","CLASIFICADORA - MINERIA","UNIDAD","1"
"05079","2026","7","DRAGA TIPO BUZO - MINERIA","UNIDAD","1"
"05120","2026","7","CLASIFICADORA - MINERIA","UNIDAD","17"
"05142","2026","7","CLASIFICADORA - MINERIA","UNIDAD","1"
"05142","2026","7","DRAGA (MINERIA) - MINERIA","UNIDAD","2"
"05142","2026","7","EXCAVADORA - MINERIA","UNIDAD","1"
"05145","2026","7","CLASIFICADORA - MINERIA","UNIDAD","1"
"05154","2026","7","CLASIFICADORA - MINERIA","UNIDAD","6"
"05154","2026","7","DRAGA TIPO BUZO - MINERIA","UNIDAD","4"
"05154","2026","7","EXCAVADORA - MINERIA","UNIDAD","2"
"05237","2026","7","CLASIFICADORA - MINERIA","UNIDAD","4"
"05250","2026","7","BULDOZER - MINERIA","UNIDAD","1"
"05250","2026","7","EXCAVADORA - MINERIA","UNIDAD","2"
"05282","2026","7","DRAGA (MINERIA) - MINERIA","UNIDAD","4"
"05282","2026","7","DRAGA TIPO BUZO - MINERIA","UNIDAD","5"
"05361","2026","7","DRAGA (MINERIA) - MINERIA","UNIDAD","1"
"05361","2026","7","RETROEXCAVADORA - MINERIA","UNIDAD","1"
"05390","2026","7","CLASIFICADORA - MINERIA","UNIDAD","5"
"05390","2026","7","DRAGA (MINERIA) - MINERIA","UNIDAD","2"
"05425","2026","7","CLASIFICADORA - MINERIA","UNIDAD","1"
"05579","2026","7","CLASIFICADORA - MINERIA","UNIDAD","1"
"05579","2026","7","EXCAVADORA - MINERIA","UNIDAD","1"
"05649","2026","7","CLASIFICADORA - MINERIA","UNIDAD","1"
"05649","2026","7","DRAGA TIPO BUZO - MINERIA","UNIDAD","3"
"05649","2026","7","EXCAVADORA - MINERIA","UNIDAD","2"
"05649","2026","7","RETROEXCAVADORA - MINERIA","UNIDAD","1"
"05667","2026","7","CLASIFICADORA - MINERIA","UNIDAD","1"
"05667","2026","7","DRAGA (MINERIA) - MINERIA","UNIDAD","1"
"05667","2026","7","EXCAVADORA - MINERIA","UNIDAD","1"
"05670","2026","7","CLASIFICADORA - MINERIA","UNIDAD","1"
"05670","2026","7","DRAGA TIPO BUZO - MINERIA","UNIDAD","5"
"05686","2026","7","CLASIFICADORA - MINERIA","UNIDAD","2"
"05686","2026","7","DRAGA TIPO BUZO - MINERIA","UNIDAD","2"
"05690","2026","7","CLASIFICADORA - MINERIA","UNIDAD","1"
"05690","2026","7","DRAGA (MINERIA) - MINERIA","UNIDAD","1"
"05690","2026","7","DRAGA TIPO BUZO - MINERIA","UNIDAD","1"
"05861","2026","7","DRAGA TIPO BUZO - MINERIA","UNIDAD","4"
"05885","2026","7","CLASIFICADORA - MINERIA","UNIDAD","1"
"05885","2026","7","DRAGA TIPO BUZO - MINERIA","UNIDAD","1"
"05890","2026","7","CLASIFICADORA - MINERIA","UNIDAD","1"
"05890","2026","7","DRAGA (MINERIA) - MINERIA","UNIDAD","11"
"05890","2026","7","EXCAVADORA - MINERIA","UNIDAD","2"
"08078","2026","7","RETROEXCAVADORA - MINERIA","UNIDAD","1"
"08421","2026","7","EXCAVADORA - MINERIA","UNIDAD","4"
"08573","2026","7","RETROEXCAVADORA - MINERIA","UNIDAD","1"
"11001","2026","7","EXCAVADORA - MINERIA","UNIDAD","1"
"13001","2026","7","BULDOZER - MINERIA","UNIDAD","1"
"13430","2026","7","RETROEXCAVADORA - MINERIA","UNIDAD","1"
"13657","2026","7","RETROEXCAVADORA - MINERIA","UNIDAD","1"
"15176","2026","7","RETROEXCAVADORA - MINERIA","UNIDAD","1"
"15516","2026","7","RETROEXCAVADORA - MINERIA","UNIDAD","1"
"15572","2026","7","DRAGA (MINERIA) - MINERIA","UNIDAD","1"
"17495","2026","7","DRAGA TIPO BUZO - MINERIA","UNIDAD","1"
"17867","2026","7","DRAGA (MINERIA) - MINERIA","UNIDAD","1"
"19318","2026","7","DRAGA TIPO BUZO - MINERIA","UNIDAD","3"
"19318","2026","7","RETROEXCAVADORA - MINERIA","UNIDAD","4"
"20250","2026","7","RETROEXCAVADORA - MINERIA","UNIDAD","1"
"23001","2026","7","RETROEXCAVADORA - MINERIA","UNIDAD","2"
"25019","2026","7","RETROEXCAVADORA - MINERIA","UNIDAD","2"
"25175","2026","7","BULDOZER - MINERIA","UNIDAD","2"
"25290","2026","7","RETROEXCAVADORA - MINERIA","UNIDAD","5"
"25513","2026","7","RETROEXCAVADORA - MINERIA","UNIDAD","2"
"25572","2026","7","RETROEXCAVADORA - MINERIA","UNIDAD","8"
"25797","2026","7","RETROEXCAVADORA - MINERIA","UNIDAD","2"
"27001","2026","7","DRAGA TIPO BUZO - MINERIA","UNIDAD","5"
"27413","2026","7","CLASIFICADORA - MINERIA","UNIDAD","1"
"27413","2026","7","RETROEXCAVADORA - MINERIA","UNIDAD","1"
"27810","2026","7","CLASIFICADORA - MINERIA","UNIDAD","1"
"27810","2026","7","EXCAVADORA - MINERIA","UNIDAD","6"
"41801","2026","7","CLASIFICADORA - MINERIA","UNIDAD","1"
"41801","2026","7","RETROEXCAVADORA - MINERIA","UNIDAD","1"
"41885","2026","7","CLASIFICADORA - MINERIA","UNIDAD","2"
"41885","2026","7","RETROEXCAVADORA - MINERIA","UNIDAD","2"
"47189","2026","7","CLASIFICADORA - MINERIA","UNIDAD","2"
"47189","2026","7","EXCAVADORA - MINERIA","UNIDAD","2"
"54520","2026","7","EXCAVADORA - MINERIA","UNIDAD","1"
"66682","2026","7","RETROEXCAVADORA - MINERIA","UNIDAD","1"
"73168","2026","7","CLASIFICADORA - MINERIA","UNIDAD","2"
"73168","2026","7","EXCAVADORA - MINERIA","UNIDAD","17"
"73217","2026","7","CLASIFICADORA - MINERIA","UNIDAD","1"
"86001","2026","7","CLASIFICADORA - MINERIA","UNIDAD","1"
"86001","2026","7","EXCAVADORA - MINERIA","UNIDAD","1"
"86320","2026","7","CLASIFICADORA - MINERIA","UNIDAD","1"
"86320","2026","7","RETROEXCAVADORA - MINERIA","UNIDAD","1"
"86569","2026","7","CLASIFICADORA - MINERIA","UNIDAD","2"
"86569","2026","7","DRAGA (MINERIA) - MINERIA","UNIDAD","2"
"86571","2026","7","CLASIFICADORA - MINERIA","UNIDAD","1"
"86571","2026","7","DRAGA (MINERIA) - MINERIA","UNIDAD","2"
"86573","2026","7","CLASIFICADORA - MINERIA","UNIDAD","1"
"86573","2026","7","DRAGA (MINERIA) - MINERIA","UNIDAD","2"
"86573","2026","7","DRAGA TIPO DRAGON - MINERIA","UNIDAD","1"
"86885","2026","7","CLASIFICADORA - MINERIA","UNIDAD","4"
"86885","2026","7","DRAGA (MINERIA) - MINERIA","UNIDAD","1"
"86885","2026","7","EXCAVADORA - MINERIA","UNIDAD","1"
