codigo_expediente,nombre_persona,mineral,planta_beneficio,municipio,departamento,codigo_dane
00211-27,LUIS ALBERTO MURILLO CAICEDO,ORO,POR CONFIRMAR,TADÓ,CHOCO,27787
00211-27,LUIS ALBERTO MURILLO CAICEDO,ORO,POR CONFIRMAR,UNIÓN PANAMERICANA ( Animas),CHOCO,27810
0032-68,PEDRO ANTONIO LANDAZABAL SUAREZ,ORO,NO,VETAS,SANTANDER,68867
0032-68,CONSTANTINO LANDAZABAL RAFAEL,ORO,NO,VETAS,SANTANDER,68867
0032-68,MINERA VETAS,ORO,NO,VETAS,SANTANDER,68867
0057,MINA DE ORO LA CABAÑA S.A.S.,ORO,POR CONFIRMAR,SAN MARTIN DE LOBA,BOLIVAR,13667
0057,OMAR OTERO MONROY,ORO,POR CONFIRMAR,BARRANCO DE LOBA,BOLIVAR,13074
0057,LUIS ALBERTO RIVERA GUTIERREZ,ORO,POR CONFIRMAR,BARRANCO DE LOBA,BOLIVAR,13074
0057,LUIS ALBERTO RIVERA GUTIERREZ,ORO,POR CONFIRMAR,SAN MARTIN DE LOBA,BOLIVAR,13667
0057,MINA DE ORO LA CABAÑA S.A.S.,ORO,POR CONFIRMAR,BARRANCO DE LOBA,BOLIVAR,13074
0057,OMAR OTERO MONROY,ORO,POR CONFIRMAR,SAN MARTIN DE LOBA,BOLIVAR,13667
0099-68,SOCIEDAD MINERA CALVISTA COLOMBIA S.A.S.,ORO,POR CONFIRMAR,CALIFORNIA,SANTANDER,68132
0099-68,GALWAY RESOURCES COLOMBIA LTD,ORO,POR CONFIRMAR,CALIFORNIA,SANTANDER,68132
0099-68,EDILMA TOLOZA DE GUERRERO,ORO,POR CONFIRMAR,CALIFORNIA,SANTANDER,68132
0099-68,GALWAY RESOURCES HOLDCO LTD SUCURSAL COLOMBIA,ORO,POR CONFIRMAR,CALIFORNIA,SANTANDER,68132
0105-68,LUIS ERNESTO ARIAS CONTRERAS,ORO,SI,CALIFORNIA,SANTANDER,68132
0125-68,LUIS ANTONIO LIZCANO VILLAMIZAR,ORO,SI,CALIFORNIA,SANTANDER,68132
0125-68,JESUS ANTONIO LIZCANO VILLAMIZAR,ORO,SI,CALIFORNIA,SANTANDER,68132
0125-68,RAMIRO ROJAS SOLANO,ORO,SI,CALIFORNIA,SANTANDER,68132
0125-68,PROYECTO SOTO NORTE S.A.S.,ORO,SI,CALIFORNIA,SANTANDER,68132
0125-68,ALONSO TOLOZA MORENO,ORO,SI,CALIFORNIA,SANTANDER,68132
0125-68,FERNANDO ANTONIO SUAREZ GUERRERO,ORO,SI,CALIFORNIA,SANTANDER,68132
0144-68,FERNANDO MALDONADO,ORO,POR CONFIRMAR,CALIFORNIA,SANTANDER,68132
0144-68,PROYECTO SOTO NORTE S.A.S.,ORO,POR CONFIRMAR,CALIFORNIA,SANTANDER,68132
0144-68,JACINTO GELVEZ BAUTISTA,ORO,POR CONFIRMAR,CALIFORNIA,SANTANDER,68132
0144-68,GALWAY RESOURCES HOLDCO LTD SUCURSAL COLOMBIA,ORO,POR CONFIRMAR,CALIFORNIA,SANTANDER,68132
0144-68,ALONSO AMAYA ALBARRACIN,ORO,POR CONFIRMAR,CALIFORNIA,SANTANDER,68132
0144-68,ALEJO GELVEZ BAUTISTA,ORO,POR CONFIRMAR,CALIFORNIA,SANTANDER,68132
014-89M,ARIS MINING MARMATO S.A.S.,ORO,SI,PÁCORA,CALDAS,17513
014-89M,ARIS MINING MARMATO S.A.S.,ORO,SI,SUPIA,CALDAS,17777
014-89M,ARIS MINING MARMATO S.A.S.,ORO,SI,MARMATO,CALDAS,17442
0-250,ASOCIACION DE MINEROS MINAS LAS MARIAS,ORO,NO,ALTOS DEL ROSARIO,BOLIVAR,13030
0-250,ASOCIACION DE MINEROS MINAS LAS MARIAS,ORO,NO,BARRANCO DE LOBA,BOLIVAR,13074
030-98M,JOSE DILSON HENAO BERNAL,ORO,POR CONFIRMAR,MARMATO,CALDAS,17442
030-98M,JOSE ANANIAS HENAO CAMPUZANO,ORO,POR CONFIRMAR,MARMATO,CALDAS,17442
036-98M,HECTOR JAVIER DIAZ CHAVARRIAGA,ORO,POR CONFIRMAR,MARMATO,CALDAS,17442
036-98M,MARIA ORLANDY LEMUS SANCHEZ,ORO,POR CONFIRMAR,MARMATO,CALDAS,17442
041-98M,MINERALES ANDINOS DE OCCIDENTE S.A.S.,ORO,POR CONFIRMAR,MARMATO,CALDAS,17442
0-439,HECTOR MAURICIO ESCUDERO PEREZ,ORO,POR CONFIRMAR,RIOVIEJO,BOLIVAR,13600
0-439,ES TU CASA S.A.S.,ORO,POR CONFIRMAR,SAN MARTIN DE LOBA,BOLIVAR,13667
0-439,ES TU CASA S.A.S.,ORO,POR CONFIRMAR,RIOVIEJO,BOLIVAR,13600
0-439,HECTOR MAURICIO ESCUDERO PEREZ,ORO,POR CONFIRMAR,SAN MARTIN DE LOBA,BOLIVAR,13667
0-439,LACC MINERALS S.A.S.,ORO,POR CONFIRMAR,SAN MARTIN DE LOBA,BOLIVAR,13667
0-439,LACC MINERALS S.A.S.,ORO,POR CONFIRMAR,RIOVIEJO,BOLIVAR,13600
0-551,TIQUISIO MINERIA S.A.S,ORO,POR CONFIRMAR,NOROSI,BOLIVAR,13490
0-551,ASOCIACION AGROMINERA TIQUISIO,ORO,POR CONFIRMAR,NOROSI,BOLIVAR,13490
0-551,TIQUISIO MINERIA S.A.S,ORO,POR CONFIRMAR,TIQUISIO (Puerto Rico),BOLIVAR,13810
0-551,ASOCIACION AGROMINERA TIQUISIO,ORO,POR CONFIRMAR,TIQUISIO (Puerto Rico),BOLIVAR,13810
0-561,DARIO FUENTES GONZALEZ,ORO,NO,ALTOS DEL ROSARIO,BOLIVAR,13030
0-561,MINING SOLUTIONS S.A.S.,ORO,NO,SAN MARTIN DE LOBA,BOLIVAR,13667
0-561,COLOMBIA MINERA SAS,ORO,NO,BARRANCO DE LOBA,BOLIVAR,13074
0-561,DARIO FUENTES GONZALEZ,ORO,NO,SAN MARTIN DE LOBA,BOLIVAR,13667
0-561,MINING SOLUTIONS S.A.S.,ORO,NO,ALTOS DEL ROSARIO,BOLIVAR,13030
0-561,DARIO FUENTES GONZALEZ,ORO,NO,BARRANCO DE LOBA,BOLIVAR,13074
0-561,MINING SOLUTIONS S.A.S.,ORO,NO,BARRANCO DE LOBA,BOLIVAR,13074
0-561,COLOMBIA MINERA SAS,ORO,NO,ALTOS DEL ROSARIO,BOLIVAR,13030
0-561,COLOMBIA MINERA SAS,ORO,NO,SAN MARTIN DE LOBA,BOLIVAR,13667
0-581,ASOCIACION AGROMINERA TIQUISIO,ORO,POR CONFIRMAR,NOROSI,BOLIVAR,13490
0-581,ASOCIACION AGROMINERA TIQUISIO,ORO,POR CONFIRMAR,TIQUISIO (Puerto Rico),BOLIVAR,13810
065-98M,ANTO NIO LINO ANTONIO CRUZ LINO,ORO,POR CONFIRMAR,MARMATO,CALDAS,17442
091-98M,MINERALES ANDINOS DE OCCIDENTE S.A.S.,ORO,POR CONFIRMAR,MARMATO,CALDAS,17442
092-98M,TERESA DE JESUS ORTIZ DE GIRALDO,ORO,POR CONFIRMAR,MARMATO,CALDAS,17442
095-98M,MINERALES ANDINOS DE OCCIDENTE S.A.S.,ORO,POR CONFIRMAR,MARMATO,CALDAS,17442
126-98M,OSCAR LEMUS GARCIA,ORO,POR CONFIRMAR,MARMATO,CALDAS,17442
126-98M,RAMON DARIO LEMUS GARCIA,ORO,POR CONFIRMAR,MARMATO,CALDAS,17442
126-98M,LUZ IRENE LEMUS GARCIA,ORO,POR CONFIRMAR,MARMATO,CALDAS,17442
131-98M,SAUL ENRIQUE ROJAS HENAO,ORO,POR CONFIRMAR,MARMATO,CALDAS,17442
131-98M,MINERALES ANDINOS DE OCCIDENTE S.A.S.,ORO,POR CONFIRMAR,MARMATO,CALDAS,17442
131-98M,ABELARDO SALDARRIAGA TABARES,ORO,POR CONFIRMAR,MARMATO,CALDAS,17442
13922,SOCIEDAD MINERA SAN FRANCISCO S.A.S.,ORO,SI,CALIFORNIA,SANTANDER,68132
14007,SECTOR RESOURCES LTD,MINERALES DE ORO Y SUS CONCENTRADOS,SI,SANTA ISABEL,TOLIMA,73686
14008,SECTOR RESOURCES LTD,ORO,POR CONFIRMAR,SANTA ISABEL,TOLIMA,73686
14083,COOP. DE DISTRITO MINERO DE LLANADA,ORO,NO,LA LLANADA,NARIÑO,52385
14083,COOP. DE DISTRITO MINERO DE LLANADA,MINERALES DE ORO Y SUS CONCENTRADOS,NO,LA LLANADA,NARIÑO,52385
14083,COOPERATIVA DEL DISTRITO MINERO DE LA LLANADA LTDA,MINERALES DE ORO Y SUS CONCENTRADOS,NO,LA LLANADA,NARIÑO,52385
14083,COOPERATIVA DEL DISTRITO MINERO DE LA LLANADA LTDA,ORO,NO,LA LLANADA,NARIÑO,52385
14207,COOPERATIVA DEL DISTRITO MINERO DE LA LLANADA LTDA,ORO,NO,LA LLANADA,NARIÑO,52385
14305,MARTHA CECILIA URREGO ORTIZ,ORO,POR CONFIRMAR,NOROSI,BOLIVAR,13490
14305,CLAUDIA MILENA URREGO ORTIZ,ORO,POR CONFIRMAR,NOROSI,BOLIVAR,13490
14305,SOCIEDAD MINERA LOS MATES S.A.S.,ORO,POR CONFIRMAR,NOROSI,BOLIVAR,13490
14305,LUZ ELENA URREGO ORTIZ,ORO,POR CONFIRMAR,NOROSI,BOLIVAR,13490
14305,LILIANA URREGO ORTIZ,ORO,POR CONFIRMAR,NOROSI,BOLIVAR,13490
14305,ALEXANDRA URREGO ORTIZ,ORO,POR CONFIRMAR,NOROSI,BOLIVAR,13490
14305,MARIA CONSUELO ORTIZ MONSALVE,ORO,POR CONFIRMAR,NOROSI,BOLIVAR,13490
14305,FERNANDO URREGO ORTIZ,ORO,POR CONFIRMAR,NOROSI,BOLIVAR,13490
14305,BEATRIZ BEATRIZ AMPARO URREGO ORTIZ,ORO,POR CONFIRMAR,NOROSI,BOLIVAR,13490
14833,EMPRESA MINERA REINA DE ORO S.A.S.,ORO,SI,VETAS,SANTANDER,68867
152-98M,MINERALES ANDINOS DE OCCIDENTE S.A.S.,ORO,POR CONFIRMAR,MARMATO,CALDAS,17442
156-98M,MINERALES ANDINOS DE OCCIDENTE S.A.S.,ORO,POR CONFIRMAR,MARMATO,CALDAS,17442
159-98M,MANUEL ORDOQEZ QUINTERO,ORO,SI,MARMATO,CALDAS,17442
164-98M,JORGE JUAN BURITICA SANCHEZ,ORO,SI,MARMATO,CALDAS,17442
164-98M,ANDRES BURITICA BLANDON,ORO,SI,MARMATO,CALDAS,17442
166-98M,MINERALES ANDINOS DE OCCIDENTE S.A.S.,ORO,POR CONFIRMAR,MARMATO,CALDAS,17442
16727,LUZ ANGELA RODRIGUEZ SALAH,ORO,POR CONFIRMAR,ARMERO (Guayabal),TOLIMA,73055
16727,FRANZ MOLLER REYES,ORO,POR CONFIRMAR,ARMERO (Guayabal),TOLIMA,73055
16727,ALEXANDER MOLLER BUSTOS,ORO,POR CONFIRMAR,ARMERO (Guayabal),TOLIMA,73055
16902,JOSE ANIBAL MOLINA CORREA,ORO,SI,SAN MARTIN DE LOBA,BOLIVAR,13667
172-98M,MINERALES ANDINOS DE OCCIDENTE S.A.S.,ORO,POR CONFIRMAR,MARMATO,CALDAS,17442
173-98M,MINERALES ANDINOS DE OCCIDENTE S.A.S.,ORO,POR CONFIRMAR,MARMATO,CALDAS,17442
18112,SOCIEDAD MINERA LIMAD S.A.S.,ORO,SI,EL TAMBO,CAUCA,19256
18112,ROQUE MONTENEGRO NAVAL,ORO,SI,EL TAMBO,CAUCA,19256
18112,JOSE LIBARDO LLANTEN MONTENEGRO,ORO,SI,EL TAMBO,CAUCA,19256
18112,FIDEL MONTENEGRO MAMBUSCAY,ORO,SI,EL TAMBO,CAUCA,19256
18112,EMIGDIO MAMBUSCAY BOLAÑOS,ORO,SI,EL TAMBO,CAUCA,19256
18113,COOPERATIVA DE MINEROS FONDAS LIMONCITO,ORO,SI,EL TAMBO,CAUCA,19256
18114,COOPERATIVA DE MINEROS FONDAS LIMONCITO,ORO,POR CONFIRMAR,EL TAMBO,CAUCA,19256
18725,ALVARO AMARIS ORTIZ,ORO,POR CONFIRMAR,SAN MARTIN DE LOBA,BOLIVAR,13667
18725,EDUARDO DURAN RODRIGUEZ,ORO,POR CONFIRMAR,SAN MARTIN DE LOBA,BOLIVAR,13667
18725,LEONARDO URRUTIA GOMEZ,ORO,POR CONFIRMAR,SAN MARTIN DE LOBA,BOLIVAR,13667
18725,JOSE A LEON HERNANDEZ,ORO,POR CONFIRMAR,SAN MARTIN DE LOBA,BOLIVAR,13667
18725,ALCIDES G MEJIA RIVERA,ORO,POR CONFIRMAR,SAN MARTIN DE LOBA,BOLIVAR,13667
18725,EDUARDO ZAMBRANO DIAZ,ORO,POR CONFIRMAR,SAN MARTIN DE LOBA,BOLIVAR,13667
18725,MANUEL COGOLLO OÑATE,ORO,POR CONFIRMAR,SAN MARTIN DE LOBA,BOLIVAR,13667
18725,ROBINSON JULIO BELLO,ORO,POR CONFIRMAR,SAN MARTIN DE LOBA,BOLIVAR,13667
18725,RUFO J URRUTIA CENTENO,ORO,POR CONFIRMAR,SAN MARTIN DE LOBA,BOLIVAR,13667
18725,JOSE ANIBAL MOLINA CORREA,ORO,POR CONFIRMAR,SAN MARTIN DE LOBA,BOLIVAR,13667
18725,ALVARO CERPA NEVADO,ORO,POR CONFIRMAR,SAN MARTIN DE LOBA,BOLIVAR,13667
18725,ALFONSO MARTINES ANGULO,ORO,POR CONFIRMAR,SAN MARTIN DE LOBA,BOLIVAR,13667
18725,ELIDES PUERTA SALAZAR,ORO,POR CONFIRMAR,SAN MARTIN DE LOBA,BOLIVAR,13667
18725,RAMIRO URRUTIA GOMEZ,ORO,POR CONFIRMAR,SAN MARTIN DE LOBA,BOLIVAR,13667
18725,GABRIEL GOMEZ ROCHA,ORO,POR CONFIRMAR,SAN MARTIN DE LOBA,BOLIVAR,13667
18725,WILFRIDO HOLGUIN MOSCOTE,ORO,POR CONFIRMAR,SAN MARTIN DE LOBA,BOLIVAR,13667
18725,ERNESTO ARMENTA HERRERA,ORO,POR CONFIRMAR,SAN MARTIN DE LOBA,BOLIVAR,13667
18725,JAMES URRUTIA GOMEZ,ORO,POR CONFIRMAR,SAN MARTIN DE LOBA,BOLIVAR,13667
18725,LUIS E MARTINEZ VIDALES,ORO,POR CONFIRMAR,SAN MARTIN DE LOBA,BOLIVAR,13667
18725,GUSTAVO CANTILLO URRUTIA,ORO,POR CONFIRMAR,SAN MARTIN DE LOBA,BOLIVAR,13667
18725,JUAN HOLGUIN MARQUEZ,ORO,POR CONFIRMAR,SAN MARTIN DE LOBA,BOLIVAR,13667
18725,ARLEY TORRECILLA ORTIZ,ORO,POR CONFIRMAR,SAN MARTIN DE LOBA,BOLIVAR,13667
18725,ANUAR RODRIGUEZ YORENTES,ORO,POR CONFIRMAR,SAN MARTIN DE LOBA,BOLIVAR,13667
18725,ERMINSON PADILLA ARZUSAR,ORO,POR CONFIRMAR,SAN MARTIN DE LOBA,BOLIVAR,13667
18725,MIGUEL CENTENO CENTENO,ORO,POR CONFIRMAR,SAN MARTIN DE LOBA,BOLIVAR,13667
18725,JUAN ORTIZ NEVADO,ORO,POR CONFIRMAR,SAN MARTIN DE LOBA,BOLIVAR,13667
18725,JULIO MARTINEZ VIDALES,ORO,POR CONFIRMAR,SAN MARTIN DE LOBA,BOLIVAR,13667
18725,OSWALDO CERPA PATERNINA,ORO,POR CONFIRMAR,SAN MARTIN DE LOBA,BOLIVAR,13667
18725,WILFRETH TORRES GONZALEZ,ORO,POR CONFIRMAR,SAN MARTIN DE LOBA,BOLIVAR,13667
18725,FRANCISCO VIDALES URRUTIA,ORO,POR CONFIRMAR,SAN MARTIN DE LOBA,BOLIVAR,13667
18725,NICOLAS CENTENO URRUTIA,ORO,POR CONFIRMAR,SAN MARTIN DE LOBA,BOLIVAR,13667
18725,ROMULO RODRIGUEZ VANEGAS,ORO,POR CONFIRMAR,SAN MARTIN DE LOBA,BOLIVAR,13667
18725,CALAZAN GONZALEZ ARIZA,ORO,POR CONFIRMAR,SAN MARTIN DE LOBA,BOLIVAR,13667
18725,EGLIS ROJAS CARRASCAL,ORO,POR CONFIRMAR,SAN MARTIN DE LOBA,BOLIVAR,13667
18725,EOVIGILDO PADILLA FLORES,ORO,POR CONFIRMAR,SAN MARTIN DE LOBA,BOLIVAR,13667
18725,EDUARDO RODRIGUEZ YORENTE,ORO,POR CONFIRMAR,SAN MARTIN DE LOBA,BOLIVAR,13667
18725,VICTOR J CERPA MARTINEZ,ORO,POR CONFIRMAR,SAN MARTIN DE LOBA,BOLIVAR,13667
19140,MARIA EUGENIA CASTAÑO MONTOYA,ORO,POR CONFIRMAR,BUENOS AIRES,CAUCA,19110
19140,COOPERATIVA MULTIACTIVA UNION DE MINEROS,ORO,POR CONFIRMAR,BUENOS AIRES,CAUCA,19110
19141,COOPERATIVA MULTIACTIVA UNION DE MINEROS,ORO,POR CONFIRMAR,BUENOS AIRES,CAUCA,19110
19141,MARIA EUGENIA CASTAÑO MONTOYA,ORO,POR CONFIRMAR,BUENOS AIRES,CAUCA,19110
19142,MARIA EUGENIA CASTAÑO MONTOYA,MINERALES DE ORO Y SUS CONCENTRADOS,SI,BUENOS AIRES,CAUCA,19110
19142,COOPERATIVA MULTIACTIVA UNION DE MINEROS,MINERALES DE ORO Y SUS CONCENTRADOS,SI,BUENOS AIRES,CAUCA,19110
19221,ANGEL MARIA GOMEZ ARISTIZABAL,ORO,SI,PALERMO,HUILA,41524
19465,ASOCIACION DE MINEROS MINA CANGREJO,ORO,POR CONFIRMAR,MONTECRISTO,BOLIVAR,13458
19465,ASOCIACION DE MINEROS DE MINA CANGREJO,ORO,POR CONFIRMAR,MONTECRISTO,BOLIVAR,13458
19468,ASOCIACION DE MINEROS MINA NUBIA,ORO,POR CONFIRMAR,MONTECRISTO,BOLIVAR,13458
19468,ASOCIACION DE MINEROS MINA NUEVA DE EL GOLFO,ORO,POR CONFIRMAR,MONTECRISTO,BOLIVAR,13458
19468,ASOCIACION DE MINEROS MINA NUBIA,MINERALES DE ORO Y SUS CONCENTRADOS,POR CONFIRMAR,MONTECRISTO,BOLIVAR,13458
19468,ASOCIACION DE MINEROS MINA NUEVA DE EL GOLFO,MINERALES DE ORO Y SUS CONCENTRADOS,POR CONFIRMAR,MONTECRISTO,BOLIVAR,13458
19471,ASOCIACION DE MINEROS EL PEÑON DE EL GOLFO,ORO,POR CONFIRMAR,MONTECRISTO,BOLIVAR,13458
199,ANA SOLEDAD PEREZ CORDOBA,ORO,POR CONFIRMAR,MALLAMA (Piedrancha),NARIÑO,52435
199,JAVIER PEREZ VITERI,ORO,POR CONFIRMAR,MALLAMA (Piedrancha),NARIÑO,52435
199,SONIA PEREZ CORDOBA,ORO,POR CONFIRMAR,MALLAMA (Piedrancha),NARIÑO,52435
19995,JORGE DIOMEDES ROJAS AMAYA,ORO,POR CONFIRMAR,SANTA ROSA DEL SUR,BOLIVAR,13688
20002,ASOCIACION DE MINEROS DE MINA CHELÍN,ORO,POR CONFIRMAR,MONTECRISTO,BOLIVAR,13458
20002,ASOCIACION DE MINEROS DE MINA CHELIN,ORO,POR CONFIRMAR,MONTECRISTO,BOLIVAR,13458
20006,ASOCIACION DE MINEROS DE MINA TABASTAN,ORO,POR CONFIRMAR,MONTECRISTO,BOLIVAR,13458
20006,"ASOCIACION DE MINEROS ""MINA TABASTAN""",ORO,POR CONFIRMAR,MONTECRISTO,BOLIVAR,13458
20007,ASOCIACION DE MINEROS MINA FACIL,ORO,SI,MONTECRISTO,BOLIVAR,13458
20007,ASOCIACION DE MINEROS DE MINA FACIL,ORO,SI,MONTECRISTO,BOLIVAR,13458
20010,ASOCIACION DE MINEROS DE MINA CRISTALINA,ORO,POR CONFIRMAR,MONTECRISTO,BOLIVAR,13458
20149,ASOCIACION DE MINEROS DE MINA VIEJITOS,ORO,NO,ARENAL,BOLIVAR,13042
20149,ASOCIACION DE MINEROS DE MINA VIEJITO,ORO,NO,ARENAL,BOLIVAR,13042
20184,SAN LUCAS GOLD CORP,ORO,SI,SANTA ROSA DEL SUR,BOLIVAR,13688
214-17,CARLOS RAFAEL MORENO CUBILLOS,ORO,SI,VICTORIA,CALDAS,17867
214-17,CARLOS RAFAEL MORENO CUBILLOS,ORO,SI,LA DORADA,CALDAS,17380
21501,SAN LUCAS GOLD CORP,ORO,SI,SANTA ROSA DEL SUR,BOLIVAR,13688
21501,SAN LUCAS GOLD CORP,ORO,SI,MONTECRISTO,BOLIVAR,13458
21506,SAN LUCAS GOLD CORP,ORO,SI,MONTECRISTO,BOLIVAR,13458
21850,EL CARMEN MINING COMPANY (COLOMBIA) INC,MINERALES DE ORO Y SUS CONCENTRADOS,SI,SAN JUAN DEL CESAR,GUAJIRA,44650
21850,EL CARMEN MINING COMPANY (COLOMBIA) INC,MINERALES DE ORO Y SUS CONCENTRADOS,SI,EL MOLINO,GUAJIRA,44110
21951,DE VILLAS S.A.S.,MINERALES DE ORO Y SUS CONCENTRADOS,SI,LA TEBAIDA,QUINDIO,63401
21951,DE VILLAS S.A.S.,MINERALES DE ORO Y SUS CONCENTRADOS,SI,LA VICTORIA,VALLE,76403
21951,MARTIN DARIO VILLA RESTREPO,MINERALES DE ORO Y SUS CONCENTRADOS,SI,LA VICTORIA,VALLE,76403
21951,MARTIN DARIO VILLA RESTREPO,MINERALES DE ORO Y SUS CONCENTRADOS,SI,LA TEBAIDA,QUINDIO,63401
22220,JAIRO ALBERTO JARAMILLO ESPINOSA,ORO,SI,EL TAMBO,CAUCA,19256
22268,ANGEL ARTURO MONTILLA NARVAEZ,ORO,SI,EL TAMBO,CAUCA,19256
22268,DESARROLLO Y EXPLOTACIÓN DE PROYECTOS MINEROAMBIENTALES -DEPROMINAS LTDA.,ORO,SI,EL TAMBO,CAUCA,19256
2395,NICOLAS FELIPE LOPEZ CARDONA,ORO,SI,MANIZALES,CALDAS,17001
2395,CINDY OSORIO RESTREPO,ORO,SI,MANIZALES,CALDAS,17001
2395,OPERADORA PALMITAS S.A.S.,ORO,SI,MANIZALES,CALDAS,17001
4676,SATOR S.A.S.,MINERALES DE ORO Y SUS CONCENTRADOS,SI,PUERTO LIBERTADOR,CORDOBA,23580
501760,CARBOMAS S.A.S.,MINERALES DE ORO Y SUS CONCENTRADOS,NO,MONTELÍBANO,CORDOBA,23466
502330,CONSULTORES GEOESTRUCTURAL S.A.S.,MINERALES DE ORO Y SUS CONCENTRADOS,SI,ANORÍ,ANTIOQUIA,05040
651-17,PEDRO WALTER CANO BEDOYA,ORO,SI,ANSERMA,CALDAS,17042
734-17,PEDRO WALTER CANO BEDOYA,ORO,POR CONFIRMAR,ANSERMA,CALDAS,17042
734-17,PEDRO WALTER CANO BEDOYA,ORO,POR CONFIRMAR,NEIRA,CALDAS,17486
781-17,GIRALDO MEJIA CARLOS ALBERTO,ORO,POR CONFIRMAR,SUPIA,CALDAS,17777
781-17,MARIA LETICIA ESCOBAR DE SALDARRIAGA,ORO,POR CONFIRMAR,SUPIA,CALDAS,17777
781-17,JUAN DAVID GIRALDO SALDARRIAGA,ORO,POR CONFIRMAR,SUPIA,CALDAS,17777
781-17,GRANADA A FELIPE ALBERTO,ORO,POR CONFIRMAR,SUPIA,CALDAS,17777
781-17,SALDARRIAGA E MONICA PAOLA,ORO,POR CONFIRMAR,SUPIA,CALDAS,17777
781-17,MARGARITA MARIA SALDARRIAGA ESCOBAR,ORO,POR CONFIRMAR,SUPIA,CALDAS,17777
781-17,SALDARRIAGA E SANDRA LILIANA,ORO,POR CONFIRMAR,SUPIA,CALDAS,17777
791-17,FAUNIER VINASCO GARCIA,ORO,NO,MARMATO,CALDAS,17442
791-17,LEONARDO ANDRES VINASCO TABORDA,ORO,NO,MARMATO,CALDAS,17442
ARE-407,JOHN GILDER ROMERO GOEZ,MINERALES DE ORO Y SUS CONCENTRADOS,SI,ROSAS,CAUCA,19622
ARE-407,EDUAR ALBERTO ORDOÑEZ CERON,MINERALES DE ORO Y SUS CONCENTRADOS,SI,ROSAS,CAUCA,19622
ARE-407,EDGAR DARIO GOMEZ PAPAMIJA,MINERALES DE ORO Y SUS CONCENTRADOS,SI,ROSAS,CAUCA,19622
ARE-407,SANDRA YANETH CASTIBLANCO GALLEGO,MINERALES DE ORO Y SUS CONCENTRADOS,SI,ROSAS,CAUCA,19622
ARE-407,PEREGRINO MARTINEZ,MINERALES DE ORO Y SUS CONCENTRADOS,SI,ROSAS,CAUCA,19622
ARE-SCG-08001X,DIEGO HERNAN  GIRALDO LOPEZ,MINERALES DE ORO Y SUS CONCENTRADOS,POR CONFIRMAR,TARAZÁ,ANTIOQUIA,05790
ARE-SCG-08001X,JHON MAURICIO GOMEZ PEÑA,MINERALES DE ORO Y SUS CONCENTRADOS,POR CONFIRMAR,TARAZÁ,ANTIOQUIA,05790
ARE-SCG-08001X,IVAN RODRIGUEZ  JARAMILLO,MINERALES DE ORO Y SUS CONCENTRADOS,POR CONFIRMAR,TARAZÁ,ANTIOQUIA,05790
ARE-SCG-08001X,PEDRO HAROLD HERNANDO ORTIZ VILLOTA,MINERALES DE ORO Y SUS CONCENTRADOS,POR CONFIRMAR,TARAZÁ,ANTIOQUIA,05790
ARE-SCG-08011X,DIEGO HERNAN  GIRALDO LOPEZ,MINERALES DE ORO Y SUS CONCENTRADOS,POR CONFIRMAR,TARAZÁ,ANTIOQUIA,05790
ARE-SCG-08011X,JHON MAURICIO GOMEZ PEÑA,MINERALES DE ORO Y SUS CONCENTRADOS,POR CONFIRMAR,TARAZÁ,ANTIOQUIA,05790
ARE-SCG-08011X,PEDRO HAROLD HERNANDO ORTIZ VILLOTA,MINERALES DE ORO Y SUS CONCENTRADOS,POR CONFIRMAR,TARAZÁ,ANTIOQUIA,05790
ARE-SCG-08011X,IVAN RODRIGUEZ  JARAMILLO,MINERALES DE ORO Y SUS CONCENTRADOS,POR CONFIRMAR,TARAZÁ,ANTIOQUIA,05790
ARE-SKM-08001X,NILSON NIETO CASTILLO,MINERALES DE ORO Y SUS CONCENTRADOS,SI,CAUCASIA,ANTIOQUIA,05154
ARE-SKM-08001X,VICENTE JIMENEZ CUELLO,MINERALES DE ORO Y SUS CONCENTRADOS,SI,CAUCASIA,ANTIOQUIA,05154
ARE-SKM-08011X,JUAN CARLOS RAMOS OLIVERO,MINERALES DE ORO Y SUS CONCENTRADOS,NO,CAUCASIA,ANTIOQUIA,05154
ARE-SKM-08011X,LUIS EDUARDO GOMEZ  PATIÑO,MINERALES DE ORO Y SUS CONCENTRADOS,NO,CAUCASIA,ANTIOQUIA,05154
ARE-SKM-08011X,LUIS ALFREDO GARAY,MINERALES DE ORO Y SUS CONCENTRADOS,NO,CAUCASIA,ANTIOQUIA,05154
ARE-SKM-08011X,EUCLIDES MANUEL ROMERO,MINERALES DE ORO Y SUS CONCENTRADOS,NO,CAUCASIA,ANTIOQUIA,05154
ARE-SKM-08011X,AURELIO PIEDRAHITA RIBON,MINERALES DE ORO Y SUS CONCENTRADOS,NO,CAUCASIA,ANTIOQUIA,05154
ARE-SKM-08011X,MANUEL DE JESUS LOPEZ TORREZ,MINERALES DE ORO Y SUS CONCENTRADOS,NO,CAUCASIA,ANTIOQUIA,05154
ARE-TB8-16011,ARLES GALEANO CASTILLO,MINERALES DE ORO Y SUS CONCENTRADOS,SI,CÁCERES,ANTIOQUIA,05120
ARE-TB8-16011,DAVIDSON ALFONSO GARCES DIAZ,MINERALES DE ORO Y SUS CONCENTRADOS,SI,CÁCERES,ANTIOQUIA,05120
ARE-TB8-16011,EDUARDO SEGUNDO ARIAS AGAMEZ,MINERALES DE ORO Y SUS CONCENTRADOS,SI,CAUCASIA,ANTIOQUIA,05154
ARE-TB8-16011,FREDIS CASIANO CASTILLO,MINERALES DE ORO Y SUS CONCENTRADOS,SI,CAUCASIA,ANTIOQUIA,05154
ARE-TB8-16011,EDUARDO SEGUNDO ARIAS AGAMEZ,MINERALES DE ORO Y SUS CONCENTRADOS,SI,CÁCERES,ANTIOQUIA,05120
ARE-TB8-16011,DARIO DE JESUS GARCES DIAZ,MINERALES DE ORO Y SUS CONCENTRADOS,SI,CÁCERES,ANTIOQUIA,05120
ARE-TB8-16011,ARLES GALEANO CASTILLO,MINERALES DE ORO Y SUS CONCENTRADOS,SI,CAUCASIA,ANTIOQUIA,05154
ARE-TB8-16011,DAVIDSON ALFONSO GARCES DIAZ,MINERALES DE ORO Y SUS CONCENTRADOS,SI,CAUCASIA,ANTIOQUIA,05154
ARE-TB8-16011,DARIO DE JESUS GARCES DIAZ,MINERALES DE ORO Y SUS CONCENTRADOS,SI,CAUCASIA,ANTIOQUIA,05154
ARE-TB8-16011,FREDIS CASIANO CASTILLO,MINERALES DE ORO Y SUS CONCENTRADOS,SI,CÁCERES,ANTIOQUIA,05120
ARE-TE7-11331,GERARDO MOSQUERA SÁNCHEZ,"MINERALES DE ORO Y PLATINO, Y SUS CONCENTRADOS",NO,UNIÓN PANAMERICANA ( Animas),CHOCO,27810
ARE-TE7-11331,WILLIAM SANCHEZ MURILLO,"MINERALES DE ORO Y PLATINO, Y SUS CONCENTRADOS",NO,UNIÓN PANAMERICANA ( Animas),CHOCO,27810
ARE-TE7-11331,JORGE EULISES MORENO MURILLO,"MINERALES DE ORO Y PLATINO, Y SUS CONCENTRADOS",NO,UNIÓN PANAMERICANA ( Animas),CHOCO,27810
ARE-TE7-11331,YIMAR OREJUELA VICTORIA,"MINERALES DE ORO Y PLATINO, Y SUS CONCENTRADOS",NO,UNIÓN PANAMERICANA ( Animas),CHOCO,27810
ARE-TE7-11331,JORGE ELIECER MURILLO PALACIOS,"MINERALES DE ORO Y PLATINO, Y SUS CONCENTRADOS",NO,UNIÓN PANAMERICANA ( Animas),CHOCO,27810
ARE-TE7-11331,ELIMELET PEREA PEREA,"MINERALES DE ORO Y PLATINO, Y SUS CONCENTRADOS",NO,UNIÓN PANAMERICANA ( Animas),CHOCO,27810
ARE-TE7-11331,PEDRO MOSQUERA  HINESTROZA,"MINERALES DE ORO Y PLATINO, Y SUS CONCENTRADOS",NO,UNIÓN PANAMERICANA ( Animas),CHOCO,27810
ARE-TE7-11331,OSCAR ANTONIO PEÑA COPETE,"MINERALES DE ORO Y PLATINO, Y SUS CONCENTRADOS",NO,UNIÓN PANAMERICANA ( Animas),CHOCO,27810
ARE-TE7-11331,DARIO RENGIFO MURILLO,"MINERALES DE ORO Y PLATINO, Y SUS CONCENTRADOS",NO,UNIÓN PANAMERICANA ( Animas),CHOCO,27810
ARE-TE7-11331,WILSON JESÚS COPETE PEREA,"MINERALES DE ORO Y PLATINO, Y SUS CONCENTRADOS",NO,UNIÓN PANAMERICANA ( Animas),CHOCO,27810
ARE-TE7-11331,JOSE ALEXIS AGUALIMPIA QUINTO,"MINERALES DE ORO Y PLATINO, Y SUS CONCENTRADOS",NO,UNIÓN PANAMERICANA ( Animas),CHOCO,27810
ARE-TE7-11331,ELIZABETH MURILLO DOMINGUEZ,"MINERALES DE ORO Y PLATINO, Y SUS CONCENTRADOS",NO,UNIÓN PANAMERICANA ( Animas),CHOCO,27810
ARE-TE7-11331,WILSON ANTONIO MURILLO COPETE,"MINERALES DE ORO Y PLATINO, Y SUS CONCENTRADOS",NO,UNIÓN PANAMERICANA ( Animas),CHOCO,27810
ARE-TE7-11331,PASTOR AGUALIMPIA TORRES,"MINERALES DE ORO Y PLATINO, Y SUS CONCENTRADOS",NO,UNIÓN PANAMERICANA ( Animas),CHOCO,27810
ARE-TE7-11331,CARLOS ALTAMIDES MOSQUERA SÁNCHEZ,"MINERALES DE ORO Y PLATINO, Y SUS CONCENTRADOS",NO,UNIÓN PANAMERICANA ( Animas),CHOCO,27810
ARE-TE7-11331,FABIO PEREA OREJUELA,"MINERALES DE ORO Y PLATINO, Y SUS CONCENTRADOS",NO,UNIÓN PANAMERICANA ( Animas),CHOCO,27810
ARE-TE7-11331,JORGE DELADIER MURILLO COPETE,"MINERALES DE ORO Y PLATINO, Y SUS CONCENTRADOS",NO,UNIÓN PANAMERICANA ( Animas),CHOCO,27810
ARE-TE7-11331,MANUEL SALVADOR COPETE  TORRES,"MINERALES DE ORO Y PLATINO, Y SUS CONCENTRADOS",NO,UNIÓN PANAMERICANA ( Animas),CHOCO,27810
ARE-TE7-11331,MARTIN COPETE  PALACIO,"MINERALES DE ORO Y PLATINO, Y SUS CONCENTRADOS",NO,UNIÓN PANAMERICANA ( Animas),CHOCO,27810
ARE-TE7-11331,MARIA DEBORA MURILLO PEREA,"MINERALES DE ORO Y PLATINO, Y SUS CONCENTRADOS",NO,UNIÓN PANAMERICANA ( Animas),CHOCO,27810
ARE-TE7-11331,ANGEL ANTONIO ALUMA MOSQUERA,"MINERALES DE ORO Y PLATINO, Y SUS CONCENTRADOS",NO,UNIÓN PANAMERICANA ( Animas),CHOCO,27810
ARE-TE7-11331,GABRIEL ANTONIO PEREA,"MINERALES DE ORO Y PLATINO, Y SUS CONCENTRADOS",NO,UNIÓN PANAMERICANA ( Animas),CHOCO,27810
ARE-TE7-11331,PABLO EMIRO MURILLO  MURILLO,"MINERALES DE ORO Y PLATINO, Y SUS CONCENTRADOS",NO,UNIÓN PANAMERICANA ( Animas),CHOCO,27810
ARE-TE7-11331,OFFAR SÁNCHEZ  RIVAS,"MINERALES DE ORO Y PLATINO, Y SUS CONCENTRADOS",NO,UNIÓN PANAMERICANA ( Animas),CHOCO,27810
ARE-TE7-11331,JORGE ENRIQUE COPETE BENITEZ,"MINERALES DE ORO Y PLATINO, Y SUS CONCENTRADOS",NO,UNIÓN PANAMERICANA ( Animas),CHOCO,27810
ARE-TE7-11331,GABRIEL BASILIO MURILLO PALACIOS,"MINERALES DE ORO Y PLATINO, Y SUS CONCENTRADOS",NO,UNIÓN PANAMERICANA ( Animas),CHOCO,27810
ARE-TE7-11331,JESUS DARIO MURILLO COPETE,"MINERALES DE ORO Y PLATINO, Y SUS CONCENTRADOS",NO,UNIÓN PANAMERICANA ( Animas),CHOCO,27810
ARE-TE7-11331,FERGIN AGUALIMPIA CORREA,"MINERALES DE ORO Y PLATINO, Y SUS CONCENTRADOS",NO,UNIÓN PANAMERICANA ( Animas),CHOCO,27810
ARE-TE7-11331,MARIA RUILDA MORENO DE MOSQUERA,"MINERALES DE ORO Y PLATINO, Y SUS CONCENTRADOS",NO,UNIÓN PANAMERICANA ( Animas),CHOCO,27810
ARE-TE7-11331,ANTONIO EUCLIDES VALOIS MURILLO,"MINERALES DE ORO Y PLATINO, Y SUS CONCENTRADOS",NO,UNIÓN PANAMERICANA ( Animas),CHOCO,27810
ARE-TE7-11331,JESÚS ELPIDIO PALACIOS SANCHEZ,"MINERALES DE ORO Y PLATINO, Y SUS CONCENTRADOS",NO,UNIÓN PANAMERICANA ( Animas),CHOCO,27810
ARE-TE7-11331,JUAN CRISPULO MOSQUERA,"MINERALES DE ORO Y PLATINO, Y SUS CONCENTRADOS",NO,UNIÓN PANAMERICANA ( Animas),CHOCO,27810
ARE-TE7-11331,CARLOS ERNESTO LATORRE MORENO,"MINERALES DE ORO Y PLATINO, Y SUS CONCENTRADOS",NO,UNIÓN PANAMERICANA ( Animas),CHOCO,27810
ARE-TE7-11331,HARINSON GAMBOA MURILLO,"MINERALES DE ORO Y PLATINO, Y SUS CONCENTRADOS",NO,UNIÓN PANAMERICANA ( Animas),CHOCO,27810
ARE-TE7-11331,ELI MAYO,"MINERALES DE ORO Y PLATINO, Y SUS CONCENTRADOS",NO,UNIÓN PANAMERICANA ( Animas),CHOCO,27810
ARE-TE7-11331,LUIS OVIDIO PEÑA RENTERIA,"MINERALES DE ORO Y PLATINO, Y SUS CONCENTRADOS",NO,UNIÓN PANAMERICANA ( Animas),CHOCO,27810
ARE-TE7-11331,ELED MURILLO GARCÍA,"MINERALES DE ORO Y PLATINO, Y SUS CONCENTRADOS",NO,UNIÓN PANAMERICANA ( Animas),CHOCO,27810
ARE-TE7-11331,ASCANIO MOSQUERA MURILLO,"MINERALES DE ORO Y PLATINO, Y SUS CONCENTRADOS",NO,UNIÓN PANAMERICANA ( Animas),CHOCO,27810
ARE-TE7-11331,SAMMY FELISA MURILLO  DOMINGUEZ,"MINERALES DE ORO Y PLATINO, Y SUS CONCENTRADOS",NO,UNIÓN PANAMERICANA ( Animas),CHOCO,27810
ARE-TGJ-08002X,MARLON MONTAÑO ESTACIO,MINERALES DE ORO Y SUS CONCENTRADOS,NO,TIMBIQUÍ,CAUCA,19809
ARE-TGJ-08002X,WILBER ESTACIO DIAZ,MINERALES DE ORO Y SUS CONCENTRADOS,NO,TIMBIQUÍ,CAUCA,19809
ARE-TGJ-08002X,MARIA GRUESO OCORO,MINERALES DE ORO Y SUS CONCENTRADOS,NO,TIMBIQUÍ,CAUCA,19809
ARE-TGJ-08002X,OFELIA SINISTERRA BONILLA,MINERALES DE ORO Y SUS CONCENTRADOS,NO,TIMBIQUÍ,CAUCA,19809
ARE-TGJ-08002X,JUANA BONILLA HERNANDEZ,MINERALES DE ORO Y SUS CONCENTRADOS,NO,TIMBIQUÍ,CAUCA,19809
ARE-TGJ-08002X,HELEODORA HERRERA CUERO,MINERALES DE ORO Y SUS CONCENTRADOS,NO,TIMBIQUÍ,CAUCA,19809
ARE-TGJ-08002X,SISMENA CUERO MONTAÑO,MINERALES DE ORO Y SUS CONCENTRADOS,NO,TIMBIQUÍ,CAUCA,19809
ARE-TGJ-08002X,AVELINO SINISTERRA BONILLA,MINERALES DE ORO Y SUS CONCENTRADOS,NO,TIMBIQUÍ,CAUCA,19809
ARE-TGJ-08002X,NELLY SINISTERRA BANGUERO,MINERALES DE ORO Y SUS CONCENTRADOS,NO,TIMBIQUÍ,CAUCA,19809
ARE-TGJ-08002X,ELADIO HINESTROZA ZUÑIGA,MINERALES DE ORO Y SUS CONCENTRADOS,NO,TIMBIQUÍ,CAUCA,19809
ARE-TGJ-08002X,CELINDA AMU HERRERA,MINERALES DE ORO Y SUS CONCENTRADOS,NO,TIMBIQUÍ,CAUCA,19809
ARE-TGJ-08002X,MARTHA VENTE PERLAZA,MINERALES DE ORO Y SUS CONCENTRADOS,NO,TIMBIQUÍ,CAUCA,19809
ARE-TGJ-08002X,JUANA CUERO VENTE,MINERALES DE ORO Y SUS CONCENTRADOS,NO,TIMBIQUÍ,CAUCA,19809
ARE-TGJ-08002X,CRISTINIANO GRUESO PERLAZA,MINERALES DE ORO Y SUS CONCENTRADOS,NO,TIMBIQUÍ,CAUCA,19809
ARE-TGJ-08002X,MARTHA VENTE CUERO,MINERALES DE ORO Y SUS CONCENTRADOS,NO,TIMBIQUÍ,CAUCA,19809
ARE-TGJ-08002X,ENECIS EUCARIS MOSQUERA CARABALI,MINERALES DE ORO Y SUS CONCENTRADOS,NO,TIMBIQUÍ,CAUCA,19809
ARE-TGJ-08002X,LUCY CACHIMBO CARABALI,MINERALES DE ORO Y SUS CONCENTRADOS,NO,TIMBIQUÍ,CAUCA,19809
ARE-TGJ-08002X,DORIS JIMENEZ SINISTERRA,MINERALES DE ORO Y SUS CONCENTRADOS,NO,TIMBIQUÍ,CAUCA,19809
ARE-TGJ-08002X,ANGEL BENITO GRUESO OCORO,MINERALES DE ORO Y SUS CONCENTRADOS,NO,TIMBIQUÍ,CAUCA,19809
ARE-TGJ-08002X,MILITINA SINISTERRA BONILLA,MINERALES DE ORO Y SUS CONCENTRADOS,NO,TIMBIQUÍ,CAUCA,19809
ARE-TGJ-08002X,ANTONIO DIAZ CUERO,MINERALES DE ORO Y SUS CONCENTRADOS,NO,TIMBIQUÍ,CAUCA,19809
ARE-TGJ-08002X,ORFA SINISTERRA CUERO,MINERALES DE ORO Y SUS CONCENTRADOS,NO,TIMBIQUÍ,CAUCA,19809
ARE-TGJ-08002X,MIRYAM OCORO,MINERALES DE ORO Y SUS CONCENTRADOS,NO,TIMBIQUÍ,CAUCA,19809
ARE-TGJ-08002X,FLOR MARIA BONILLA AMU,MINERALES DE ORO Y SUS CONCENTRADOS,NO,TIMBIQUÍ,CAUCA,19809
ARE-TGJ-08002X,LUIS ALBERTO SINISTERRA,MINERALES DE ORO Y SUS CONCENTRADOS,NO,TIMBIQUÍ,CAUCA,19809
ARE-TGJ-08002X,ABRAHAN PINILLO SINESTERRA,MINERALES DE ORO Y SUS CONCENTRADOS,NO,TIMBIQUÍ,CAUCA,19809
ARE-TGJ-08002X,DOLORES CUERO MONTAÑO,MINERALES DE ORO Y SUS CONCENTRADOS,NO,TIMBIQUÍ,CAUCA,19809
ARE-TGJ-08002X,LILI CHALA DIAZ,MINERALES DE ORO Y SUS CONCENTRADOS,NO,TIMBIQUÍ,CAUCA,19809
ARE-TGJ-08002X,ABELARDO SANCREZ AMU,MINERALES DE ORO Y SUS CONCENTRADOS,NO,TIMBIQUÍ,CAUCA,19809
ARE-TGJ-08002X,CARMEN PIEDRAHITA VENTE,MINERALES DE ORO Y SUS CONCENTRADOS,NO,TIMBIQUÍ,CAUCA,19809
ARE-TGJ-08002X,ERLEN VENTE AMU,MINERALES DE ORO Y SUS CONCENTRADOS,NO,TIMBIQUÍ,CAUCA,19809
ARE-TGJ-08002X,TRINIDAD ZUÑIGA AMU,MINERALES DE ORO Y SUS CONCENTRADOS,NO,TIMBIQUÍ,CAUCA,19809
ARE-TGJ-08002X,VICENTE ANGULO DIAZ,MINERALES DE ORO Y SUS CONCENTRADOS,NO,TIMBIQUÍ,CAUCA,19809
ARE-TGJ-08002X,ISABEL YIME CARABALI,MINERALES DE ORO Y SUS CONCENTRADOS,NO,TIMBIQUÍ,CAUCA,19809
ARE-TGJ-08002X,ALCIDES BONILLA SINISTERRA,MINERALES DE ORO Y SUS CONCENTRADOS,NO,TIMBIQUÍ,CAUCA,19809
ARE-TGJ-08002X,BENEDICTA GRUESO OCORO,MINERALES DE ORO Y SUS CONCENTRADOS,NO,TIMBIQUÍ,CAUCA,19809
ARE-TGJ-08002X,MANUEL DE JESUS GRUESO VENTE,MINERALES DE ORO Y SUS CONCENTRADOS,NO,TIMBIQUÍ,CAUCA,19809
ARE-TGJ-08002X,SIMONA CUERO FLOREZ,MINERALES DE ORO Y SUS CONCENTRADOS,NO,TIMBIQUÍ,CAUCA,19809
ARE-TGJ-08002X,JHON GENER BONILLA GARCIA,MINERALES DE ORO Y SUS CONCENTRADOS,NO,TIMBIQUÍ,CAUCA,19809
ARE-TGJ-08002X,HENRY TORRES GRUESO,MINERALES DE ORO Y SUS CONCENTRADOS,NO,TIMBIQUÍ,CAUCA,19809
ARE-TGJ-08002X,JOSE DEL CARMEN VASQUEZ VILLA,MINERALES DE ORO Y SUS CONCENTRADOS,NO,TIMBIQUÍ,CAUCA,19809
ARE-TGJ-08002X,SALOMON CUERO CHALA,MINERALES DE ORO Y SUS CONCENTRADOS,NO,TIMBIQUÍ,CAUCA,19809
ARE-TGJ-08002X,AQUILINO GRUESO FLOREZ,MINERALES DE ORO Y SUS CONCENTRADOS,NO,TIMBIQUÍ,CAUCA,19809
ARE-TGJ-08002X,FELIX MARIA KLINGER OCORO,MINERALES DE ORO Y SUS CONCENTRADOS,NO,TIMBIQUÍ,CAUCA,19809
ARE-TGJ-08002X,ALEJANDRO VENTE HERNANDEZ,MINERALES DE ORO Y SUS CONCENTRADOS,NO,TIMBIQUÍ,CAUCA,19809
ARE-TGJ-08002X,JESUS ESTACIO CONGOLINO,MINERALES DE ORO Y SUS CONCENTRADOS,NO,TIMBIQUÍ,CAUCA,19809
ARE-TGJ-08002X,DOMINGA VENTE HERNANDEZ,MINERALES DE ORO Y SUS CONCENTRADOS,NO,TIMBIQUÍ,CAUCA,19809
ARE-TGJ-08002X,BARBARA SINISTERRA BONILLA,MINERALES DE ORO Y SUS CONCENTRADOS,NO,TIMBIQUÍ,CAUCA,19809
ARE-TGJ-08002X,GABRIEL GRUESO,MINERALES DE ORO Y SUS CONCENTRADOS,NO,TIMBIQUÍ,CAUCA,19809
ARE-TGJ-08002X,JUAN BONILLA DE SINISTERRA,MINERALES DE ORO Y SUS CONCENTRADOS,NO,TIMBIQUÍ,CAUCA,19809
ARE-TGJ-08002X,CAYETANO ZUÑIGA HERNANDEZ,MINERALES DE ORO Y SUS CONCENTRADOS,NO,TIMBIQUÍ,CAUCA,19809
ARE-TGJ-08002X,JESUS CHALA CUERO,MINERALES DE ORO Y SUS CONCENTRADOS,NO,TIMBIQUÍ,CAUCA,19809
ARE-TGJ-08002X,ZURY VENTE CUERO,MINERALES DE ORO Y SUS CONCENTRADOS,NO,TIMBIQUÍ,CAUCA,19809
ARE-TGJ-08002X,FRANCISCO CARABALI,MINERALES DE ORO Y SUS CONCENTRADOS,NO,TIMBIQUÍ,CAUCA,19809
ARE-TGJ-08002X,JAIR HERNANDEZ HERNANDEZ CUERO,MINERALES DE ORO Y SUS CONCENTRADOS,NO,TIMBIQUÍ,CAUCA,19809
ARE-TGJ-08002X,FREDY SINISTERRA OCORO,MINERALES DE ORO Y SUS CONCENTRADOS,NO,TIMBIQUÍ,CAUCA,19809
ARE-TGJ-08002X,LEORGIO ANGULO SINISTERRA,MINERALES DE ORO Y SUS CONCENTRADOS,NO,TIMBIQUÍ,CAUCA,19809
ARE-TGJ-08002X,INOSENCIO BONILLA  VENTE,MINERALES DE ORO Y SUS CONCENTRADOS,NO,TIMBIQUÍ,CAUCA,19809
ARE-TGJ-08002X,ALBERTINO SINISTERRA AMU,MINERALES DE ORO Y SUS CONCENTRADOS,NO,TIMBIQUÍ,CAUCA,19809
ARE-TGJ-08002X,CLEMENTINA CARABALI AMU,MINERALES DE ORO Y SUS CONCENTRADOS,NO,TIMBIQUÍ,CAUCA,19809
ARE-TGJ-08002X,SATURNINO GRUESO HERRERA,MINERALES DE ORO Y SUS CONCENTRADOS,NO,TIMBIQUÍ,CAUCA,19809
ARE-TGJ-08002X,CARLOS GRUESO CASTRO,MINERALES DE ORO Y SUS CONCENTRADOS,NO,TIMBIQUÍ,CAUCA,19809
ARE-TGJ-08002X,BAIRON MONTAÑO ESTACIO,MINERALES DE ORO Y SUS CONCENTRADOS,NO,TIMBIQUÍ,CAUCA,19809
ARE-TGJ-08002X,FLORENTINO BONILLA AMU,MINERALES DE ORO Y SUS CONCENTRADOS,NO,TIMBIQUÍ,CAUCA,19809
ARE-TGJ-08002X,ERLINDA AMU CHALA,MINERALES DE ORO Y SUS CONCENTRADOS,NO,TIMBIQUÍ,CAUCA,19809
ARE-TGJ-08002X,ANA LUCIA CUERO OCORO,MINERALES DE ORO Y SUS CONCENTRADOS,NO,TIMBIQUÍ,CAUCA,19809
ARE-TGJ-08002X,NATIVIDAD GRUESO QUINTERO,MINERALES DE ORO Y SUS CONCENTRADOS,NO,TIMBIQUÍ,CAUCA,19809
ARE-TGJ-08002X,EFRAIN VENTE DIAZ,MINERALES DE ORO Y SUS CONCENTRADOS,NO,TIMBIQUÍ,CAUCA,19809
ARE-TGJ-08002X,JESUS MARIA GRUESO VENTE,MINERALES DE ORO Y SUS CONCENTRADOS,NO,TIMBIQUÍ,CAUCA,19809
ARE-TGJ-08002X,MODESTO VIDAL VENTE,MINERALES DE ORO Y SUS CONCENTRADOS,NO,TIMBIQUÍ,CAUCA,19809
ARE-TGJ-08002X,MANUEL BONILLA AMU,MINERALES DE ORO Y SUS CONCENTRADOS,NO,TIMBIQUÍ,CAUCA,19809
ARE-TGJ-08002X,MANUEL ISABEL GRUESO SINISTERRA,MINERALES DE ORO Y SUS CONCENTRADOS,NO,TIMBIQUÍ,CAUCA,19809
ARE-TGJ-08002X,ENEIDA CUERO VENTE,MINERALES DE ORO Y SUS CONCENTRADOS,NO,TIMBIQUÍ,CAUCA,19809
ARE-TGJ-08002X,DANIEL VIDAL ERAZO,MINERALES DE ORO Y SUS CONCENTRADOS,NO,TIMBIQUÍ,CAUCA,19809
ARE-TGJ-08002X,MARTHA VENTE PIEDRAHITA,MINERALES DE ORO Y SUS CONCENTRADOS,NO,TIMBIQUÍ,CAUCA,19809
ARE-TGJ-08002X,HELIBERT GRUESO PERLAZA,MINERALES DE ORO Y SUS CONCENTRADOS,NO,TIMBIQUÍ,CAUCA,19809
ARE-TGJ-08002X,DELFIDA SINISTERRA BALLESTEROS,MINERALES DE ORO Y SUS CONCENTRADOS,NO,TIMBIQUÍ,CAUCA,19809
ARE-TGJ-08002X,JULIAN MINA VASQUEZ,MINERALES DE ORO Y SUS CONCENTRADOS,NO,TIMBIQUÍ,CAUCA,19809
ARE-TGJ-08002X,PARMENIA NUÑEZ SINISTERRA,MINERALES DE ORO Y SUS CONCENTRADOS,NO,TIMBIQUÍ,CAUCA,19809
ARE-TGJ-08002X,ANA JULIA SINISTERRA BONILLA,MINERALES DE ORO Y SUS CONCENTRADOS,NO,TIMBIQUÍ,CAUCA,19809
ARE-TGJ-08002X,SERAFINA CUERO OCORO,MINERALES DE ORO Y SUS CONCENTRADOS,NO,TIMBIQUÍ,CAUCA,19809
ARE-TGJ-08002X,EUSTAQUIO CUERO VENTE,MINERALES DE ORO Y SUS CONCENTRADOS,NO,TIMBIQUÍ,CAUCA,19809
ARE-TGJ-08002X,CESAR CUERO MONTAÑO,MINERALES DE ORO Y SUS CONCENTRADOS,NO,TIMBIQUÍ,CAUCA,19809
ARE-TGJ-08002X,MELIDA DIAZ,MINERALES DE ORO Y SUS CONCENTRADOS,NO,TIMBIQUÍ,CAUCA,19809
ARE-TGJ-08002X,JORGE HERNANDEZ GRUESO,MINERALES DE ORO Y SUS CONCENTRADOS,NO,TIMBIQUÍ,CAUCA,19809
ARE-TGJ-08002X,JHON JAIRO HURTADO OCORO,MINERALES DE ORO Y SUS CONCENTRADOS,NO,TIMBIQUÍ,CAUCA,19809
ARE-TGJ-08002X,ABAD BONILLA HINESTROZA,MINERALES DE ORO Y SUS CONCENTRADOS,NO,TIMBIQUÍ,CAUCA,19809
ARE-TGJ-08002X,PASCUALA GRUESO QUINTERO,MINERALES DE ORO Y SUS CONCENTRADOS,NO,TIMBIQUÍ,CAUCA,19809
ARE-TGJ-08002X,BAESA AMU CHALA,MINERALES DE ORO Y SUS CONCENTRADOS,NO,TIMBIQUÍ,CAUCA,19809
ARE-TGJ-08002X,ROSALBINA RAMIREZ VASQUEZ,MINERALES DE ORO Y SUS CONCENTRADOS,NO,TIMBIQUÍ,CAUCA,19809
ARE-TGJ-08002X,NUVIA SINISTERRA ZUÑIGA,MINERALES DE ORO Y SUS CONCENTRADOS,NO,TIMBIQUÍ,CAUCA,19809
ARE-TGJ-08002X,MARCELINO ZUÑIGA HINESTROZA,MINERALES DE ORO Y SUS CONCENTRADOS,NO,TIMBIQUÍ,CAUCA,19809
ARE-TGJ-08002X,LUZ DEL ALBA SINISTERRA CARABALI,MINERALES DE ORO Y SUS CONCENTRADOS,NO,TIMBIQUÍ,CAUCA,19809
ARE-TGJ-08002X,ALBERTO OCORO CUERO,MINERALES DE ORO Y SUS CONCENTRADOS,NO,TIMBIQUÍ,CAUCA,19809
ARE-TGJ-08002X,CENEIDA CONGOLINO ZUÑIGA,MINERALES DE ORO Y SUS CONCENTRADOS,NO,TIMBIQUÍ,CAUCA,19809
ARE-TGJ-08002X,BERNARDO ZIÑIGA ESTACIO,MINERALES DE ORO Y SUS CONCENTRADOS,NO,TIMBIQUÍ,CAUCA,19809
ARE-TGJ-08002X,ANGEL MARIA  SAA SAA,MINERALES DE ORO Y SUS CONCENTRADOS,NO,TIMBIQUÍ,CAUCA,19809
ARE-TGJ-08002X,ELADIO GRUESO VENTE,MINERALES DE ORO Y SUS CONCENTRADOS,NO,TIMBIQUÍ,CAUCA,19809
ARE-TGJ-08002X,EMETERIO VENTE DALLESTEROS,MINERALES DE ORO Y SUS CONCENTRADOS,NO,TIMBIQUÍ,CAUCA,19809
ARE-TGJ-08002X,GILBERTO CARABALI SINISTERRA,MINERALES DE ORO Y SUS CONCENTRADOS,NO,TIMBIQUÍ,CAUCA,19809
ARE-TGJ-08002X,MANUEL ESPERANZA HERNANDEZ ANGULO,MINERALES DE ORO Y SUS CONCENTRADOS,NO,TIMBIQUÍ,CAUCA,19809
ARE-TGJ-08002X,LUZ MARINA AMU CHALA,MINERALES DE ORO Y SUS CONCENTRADOS,NO,TIMBIQUÍ,CAUCA,19809
ARE-TGJ-08002X,GERONIMO HERNANDEZ GRUESO,MINERALES DE ORO Y SUS CONCENTRADOS,NO,TIMBIQUÍ,CAUCA,19809
ARE-TGJ-08002X,JESUS MARIA CARABALI VENTE,MINERALES DE ORO Y SUS CONCENTRADOS,NO,TIMBIQUÍ,CAUCA,19809
ARE-TGJ-08002X,GREGORIA HINESTROZA ZUÑIGA,MINERALES DE ORO Y SUS CONCENTRADOS,NO,TIMBIQUÍ,CAUCA,19809
ARE-TGJ-08002X,ANA LILIANA ANGULO TORRES,MINERALES DE ORO Y SUS CONCENTRADOS,NO,TIMBIQUÍ,CAUCA,19809
ARE-TGJ-08002X,FROILAN HINESTROZA ZUÑIGA,MINERALES DE ORO Y SUS CONCENTRADOS,NO,TIMBIQUÍ,CAUCA,19809
ARE-TGJ-08002X,PEDRO JOSE SINISTERRA OCORO,MINERALES DE ORO Y SUS CONCENTRADOS,NO,TIMBIQUÍ,CAUCA,19809
ARE-TGJ-08002X,ESCOLASTICA VALENCIA AMU,MINERALES DE ORO Y SUS CONCENTRADOS,NO,TIMBIQUÍ,CAUCA,19809
ARE-TGJ-08002X,ALEXIS LERMA SINISTERRA,MINERALES DE ORO Y SUS CONCENTRADOS,NO,TIMBIQUÍ,CAUCA,19809
ARE-TGJ-08002X,DIMAS ANGULO DIAZ,MINERALES DE ORO Y SUS CONCENTRADOS,NO,TIMBIQUÍ,CAUCA,19809
ARE-TGJ-08002X,BETSAIDA ZUÑIGA CHALA,MINERALES DE ORO Y SUS CONCENTRADOS,NO,TIMBIQUÍ,CAUCA,19809
ARE-TGJ-08002X,JOSE EUSTAQUIO DIAZ LERMA,MINERALES DE ORO Y SUS CONCENTRADOS,NO,TIMBIQUÍ,CAUCA,19809
ARE-TGJ-08002X,ZORANA ANGULO SINISTERRA,MINERALES DE ORO Y SUS CONCENTRADOS,NO,TIMBIQUÍ,CAUCA,19809
ARE-TGJ-08002X,SATURNINO ZUÑIGA CHALA,MINERALES DE ORO Y SUS CONCENTRADOS,NO,TIMBIQUÍ,CAUCA,19809
ARE-TGJ-08002X,REMEDIO SINISTERRA BONILLA,MINERALES DE ORO Y SUS CONCENTRADOS,NO,TIMBIQUÍ,CAUCA,19809
ARE-TGJ-08002X,EUDOXIO CHALA GRUESO,MINERALES DE ORO Y SUS CONCENTRADOS,NO,TIMBIQUÍ,CAUCA,19809
ARE-TGJ-08002X,SEBASTIAN GRUESO AMU,MINERALES DE ORO Y SUS CONCENTRADOS,NO,TIMBIQUÍ,CAUCA,19809
ARE-TGJ-08002X,ALCADI BONILLA BONILLA,MINERALES DE ORO Y SUS CONCENTRADOS,NO,TIMBIQUÍ,CAUCA,19809
ARE-TGJ-08002X,YAMILE CUERO BONILLA,MINERALES DE ORO Y SUS CONCENTRADOS,NO,TIMBIQUÍ,CAUCA,19809
ARE-TGJ-08002X,SEVERO HERNANDEZ OCORO,MINERALES DE ORO Y SUS CONCENTRADOS,NO,TIMBIQUÍ,CAUCA,19809
ARE-TGJ-08002X,BERSABET CUERO MONTAÑO,MINERALES DE ORO Y SUS CONCENTRADOS,NO,TIMBIQUÍ,CAUCA,19809
ARE-TGJ-08002X,NELLY HERRERA CUERO,MINERALES DE ORO Y SUS CONCENTRADOS,NO,TIMBIQUÍ,CAUCA,19809
ARE-TGJ-08002X,MERQUIADES CUERO OCORO,MINERALES DE ORO Y SUS CONCENTRADOS,NO,TIMBIQUÍ,CAUCA,19809
ARE-TGJ-08002X,JUSTINO KLINGER OCORO,MINERALES DE ORO Y SUS CONCENTRADOS,NO,TIMBIQUÍ,CAUCA,19809
ARE-TGJ-08002X,LUZ ARAY HERNANDEZ OCORO,MINERALES DE ORO Y SUS CONCENTRADOS,NO,TIMBIQUÍ,CAUCA,19809
ARE-TGJ-08002X,ABEL BONILLA OCORO,MINERALES DE ORO Y SUS CONCENTRADOS,NO,TIMBIQUÍ,CAUCA,19809
ARE-TGJ-08002X,CARMEN SANCHEZ VILLA,MINERALES DE ORO Y SUS CONCENTRADOS,NO,TIMBIQUÍ,CAUCA,19809
ARE-TGJ-08002X,MARIA JUANA HINEZTROSA PERLAZA,MINERALES DE ORO Y SUS CONCENTRADOS,NO,TIMBIQUÍ,CAUCA,19809
ARE-TGJ-08002X,JUSTA SOLIZ,MINERALES DE ORO Y SUS CONCENTRADOS,NO,TIMBIQUÍ,CAUCA,19809
ARE-TGJ-08002X,SORAIDA GRUESO OCORO,MINERALES DE ORO Y SUS CONCENTRADOS,NO,TIMBIQUÍ,CAUCA,19809
ARE-TGJ-08002X,LENDER TORRES SINISTERRA,MINERALES DE ORO Y SUS CONCENTRADOS,NO,TIMBIQUÍ,CAUCA,19809
ARE-TGJ-08002X,LEYSER SINISTERRA AMU,MINERALES DE ORO Y SUS CONCENTRADOS,NO,TIMBIQUÍ,CAUCA,19809
ARE-TGJ-08002X,MERY LUZ VALLECILLA OCORO,MINERALES DE ORO Y SUS CONCENTRADOS,NO,TIMBIQUÍ,CAUCA,19809
ARE-TGJ-08002X,LEONIDAS BONILLA AMU,MINERALES DE ORO Y SUS CONCENTRADOS,NO,TIMBIQUÍ,CAUCA,19809
ARE-TGJ-08002X,DOLORES OCORO LEMOS,MINERALES DE ORO Y SUS CONCENTRADOS,NO,TIMBIQUÍ,CAUCA,19809
ARE-TGJ-08002X,SALOMON CARABALI GRUESO,MINERALES DE ORO Y SUS CONCENTRADOS,NO,TIMBIQUÍ,CAUCA,19809
ARE-TGJ-08002X,PABLO BONILLA SINISTERRA,MINERALES DE ORO Y SUS CONCENTRADOS,NO,TIMBIQUÍ,CAUCA,19809
ARE-TGJ-08002X,ENMA CUERO MONTAÑO,MINERALES DE ORO Y SUS CONCENTRADOS,NO,TIMBIQUÍ,CAUCA,19809
ARE-TGJ-08002X,VICTOR MANUEL VENTE GRUESO,MINERALES DE ORO Y SUS CONCENTRADOS,NO,TIMBIQUÍ,CAUCA,19809
ARE-TGJ-08002X,EFREN SINISTERRA CARABALI,MINERALES DE ORO Y SUS CONCENTRADOS,NO,TIMBIQUÍ,CAUCA,19809
ARE-TGJ-08002X,TIRSON GRUESO  CONGOLINO,MINERALES DE ORO Y SUS CONCENTRADOS,NO,TIMBIQUÍ,CAUCA,19809
ARE-TGJ-08002X,OCTAVINO VASQUEZ VILLA,MINERALES DE ORO Y SUS CONCENTRADOS,NO,TIMBIQUÍ,CAUCA,19809
ARE-TGJ-08002X,HORACIO HERNANDEZ GRUESO,MINERALES DE ORO Y SUS CONCENTRADOS,NO,TIMBIQUÍ,CAUCA,19809
ARE-TGJ-08002X,MANUEL DE JESUS CUERO VASQUEZ,MINERALES DE ORO Y SUS CONCENTRADOS,NO,TIMBIQUÍ,CAUCA,19809
ARE-TGJ-08002X,NEFE VENTE BALLESTERO,MINERALES DE ORO Y SUS CONCENTRADOS,NO,TIMBIQUÍ,CAUCA,19809
ARE-TGJ-08002X,DELLY LERMA OCORO,MINERALES DE ORO Y SUS CONCENTRADOS,NO,TIMBIQUÍ,CAUCA,19809
ARE-TGJ-08002X,BENITO OCORO ANGEL,MINERALES DE ORO Y SUS CONCENTRADOS,NO,TIMBIQUÍ,CAUCA,19809
ARE-TGJ-08002X,MATILDE VASQUEZ VENTE,MINERALES DE ORO Y SUS CONCENTRADOS,NO,TIMBIQUÍ,CAUCA,19809
ARE-TGJ-08002X,PIOQUINTO VASQUEZ VENTE,MINERALES DE ORO Y SUS CONCENTRADOS,NO,TIMBIQUÍ,CAUCA,19809
ARE-TGJ-08002X,VALERIANA SINISTERRA CONGOLINO,MINERALES DE ORO Y SUS CONCENTRADOS,NO,TIMBIQUÍ,CAUCA,19809
ARE-TGJ-08002X,GERTRUDIS ESTACIO VILLA,MINERALES DE ORO Y SUS CONCENTRADOS,NO,TIMBIQUÍ,CAUCA,19809
ARE-TGJ-08002X,LUIS BELTRAN SINISTERRA,MINERALES DE ORO Y SUS CONCENTRADOS,NO,TIMBIQUÍ,CAUCA,19809
ARE-TGJ-08002X,ZORANA BONILLA HERNANDEZ,MINERALES DE ORO Y SUS CONCENTRADOS,NO,TIMBIQUÍ,CAUCA,19809
ARE-TGJ-08002X,BENIGNO BONILLA SINISTERRA,MINERALES DE ORO Y SUS CONCENTRADOS,NO,TIMBIQUÍ,CAUCA,19809
ARE-TGJ-08002X,HONORIA AMU,MINERALES DE ORO Y SUS CONCENTRADOS,NO,TIMBIQUÍ,CAUCA,19809
ARE-TGJ-08002X,ERNESTO OCORO ESTACIO,MINERALES DE ORO Y SUS CONCENTRADOS,NO,TIMBIQUÍ,CAUCA,19809
ARE-TGJ-08002X,MANUEL SANTO PIEDRAHITA VENTE,MINERALES DE ORO Y SUS CONCENTRADOS,NO,TIMBIQUÍ,CAUCA,19809
ARE-TGJ-08002X,CLEMENTE CARABALI GRUESO,MINERALES DE ORO Y SUS CONCENTRADOS,NO,TIMBIQUÍ,CAUCA,19809
ARE-TGJ-08002X,NROMAN KLINGER OCORO,MINERALES DE ORO Y SUS CONCENTRADOS,NO,TIMBIQUÍ,CAUCA,19809
ARE-TGJ-08002X,FANNY BONILLA GRUESO,MINERALES DE ORO Y SUS CONCENTRADOS,NO,TIMBIQUÍ,CAUCA,19809
ARE-TGJ-08002X,SANDRA BONILLA SINISTERRA,MINERALES DE ORO Y SUS CONCENTRADOS,NO,TIMBIQUÍ,CAUCA,19809
ARE-TGJ-08002X,HERMINZA GARCIA DIAZ,MINERALES DE ORO Y SUS CONCENTRADOS,NO,TIMBIQUÍ,CAUCA,19809
ARE-TGJ-08002X,FAUSTO GRUESO| QUINTERO,MINERALES DE ORO Y SUS CONCENTRADOS,NO,TIMBIQUÍ,CAUCA,19809
ARE-TGJ-08002X,JESUS ANTONIO ESTACIO  DIAZ,MINERALES DE ORO Y SUS CONCENTRADOS,NO,TIMBIQUÍ,CAUCA,19809
ARE-TGJ-08002X,ERLINDA BONILLA BONILLA,MINERALES DE ORO Y SUS CONCENTRADOS,NO,TIMBIQUÍ,CAUCA,19809
ARE-TGJ-08002X,LUZ DARIS HERNANDEZ VENTE,MINERALES DE ORO Y SUS CONCENTRADOS,NO,TIMBIQUÍ,CAUCA,19809
ARE-TGJ-08002X,VIDAL GRUESO MINA,MINERALES DE ORO Y SUS CONCENTRADOS,NO,TIMBIQUÍ,CAUCA,19809
ARE-TGJ-08002X,ISABELINA ANGULO VENTE,MINERALES DE ORO Y SUS CONCENTRADOS,NO,TIMBIQUÍ,CAUCA,19809
ARE-TGJ-08002X,LUIS ALBERTO VENTE HERNANDEZ,MINERALES DE ORO Y SUS CONCENTRADOS,NO,TIMBIQUÍ,CAUCA,19809
ARE-TGJ-08002X,DARINSON BONILLA CUERO,MINERALES DE ORO Y SUS CONCENTRADOS,NO,TIMBIQUÍ,CAUCA,19809
ARE-TGJ-08002X,ARIS SINISTERRA HERNANDEZ,MINERALES DE ORO Y SUS CONCENTRADOS,NO,TIMBIQUÍ,CAUCA,19809
ARE-TGJ-08002X,NILSON VENTE VENTE,MINERALES DE ORO Y SUS CONCENTRADOS,NO,TIMBIQUÍ,CAUCA,19809
ARE-TGJ-08002X,HERMINSUL GRUESO SINISTERRA,MINERALES DE ORO Y SUS CONCENTRADOS,NO,TIMBIQUÍ,CAUCA,19809
ARE-TGJ-08002X,FELICIDAD CARABALI ROJAS,MINERALES DE ORO Y SUS CONCENTRADOS,NO,TIMBIQUÍ,CAUCA,19809
ARE-TGJ-08002X,YES MILENA BONILLA SINISTERRA,MINERALES DE ORO Y SUS CONCENTRADOS,NO,TIMBIQUÍ,CAUCA,19809
ARE-TGJ-14151,LUIS BELTRAN SINISTERRA,MINERALES DE ORO Y SUS CONCENTRADOS,NO,TIMBIQUÍ,CAUCA,19809
ARE-TGJ-14151,ELADIO HINESTROZA ZUÑIGA,MINERALES DE ORO Y SUS CONCENTRADOS,NO,TIMBIQUÍ,CAUCA,19809
ARE-TGJ-14151,PEDRO JOSE SINISTERRA OCORO,MINERALES DE ORO Y SUS CONCENTRADOS,NO,TIMBIQUÍ,CAUCA,19809
ARE-TGJ-14151,SALOMON CARABALI GRUESO,MINERALES DE ORO Y SUS CONCENTRADOS,NO,TIMBIQUÍ,CAUCA,19809
ARE-TGJ-14151,JUANA BONILLA CARABALI,MINERALES DE ORO Y SUS CONCENTRADOS,NO,TIMBIQUÍ,CAUCA,19809
ARE-TGJ-14151,CLEMENTE CARABALI GRUESO,MINERALES DE ORO Y SUS CONCENTRADOS,NO,TIMBIQUÍ,CAUCA,19809
ARE-TGJ-14151,DIMAS ANGULO DIAZ,MINERALES DE ORO Y SUS CONCENTRADOS,NO,TIMBIQUÍ,CAUCA,19809
ARE-TGJ-14151,CARMEN PIEDRAHITA VENTE,MINERALES DE ORO Y SUS CONCENTRADOS,NO,TIMBIQUÍ,CAUCA,19809
ARE-TGJ-14151,ERLEN VENTE AMU,MINERALES DE ORO Y SUS CONCENTRADOS,NO,TIMBIQUÍ,CAUCA,19809
ARE-TGJ-14151,HERMINZA GARCIA DIAZ,MINERALES DE ORO Y SUS CONCENTRADOS,NO,TIMBIQUÍ,CAUCA,19809
ARE-TGJ-14151,SATURNINO ZUÑIGA CHALA,MINERALES DE ORO Y SUS CONCENTRADOS,NO,TIMBIQUÍ,CAUCA,19809
ARE-TGJ-14151,YES MILENA BONILLA SINISTERRA,MINERALES DE ORO Y SUS CONCENTRADOS,NO,TIMBIQUÍ,CAUCA,19809
ARE-TGJ-14151,VICENTE ANGULO DIAZ,MINERALES DE ORO Y SUS CONCENTRADOS,NO,TIMBIQUÍ,CAUCA,19809
ARE-TGJ-14151,GABRIEL GRUESO,MINERALES DE ORO Y SUS CONCENTRADOS,NO,TIMBIQUÍ,CAUCA,19809
ARE-TGJ-14151,ANGEL BENITO GRUESO OCORO,MINERALES DE ORO Y SUS CONCENTRADOS,NO,TIMBIQUÍ,CAUCA,19809
ARE-TGJ-14151,JUAN BONILLA DE SINISTERRA,MINERALES DE ORO Y SUS CONCENTRADOS,NO,TIMBIQUÍ,CAUCA,19809
ARE-TGJ-14151,ZURY VENTE CUERO,MINERALES DE ORO Y SUS CONCENTRADOS,NO,TIMBIQUÍ,CAUCA,19809
ARE-TGJ-14151,FRANCISCO CARABALI,MINERALES DE ORO Y SUS CONCENTRADOS,NO,TIMBIQUÍ,CAUCA,19809
ARE-TGJ-14151,MERQUIADES CUERO OCORO,MINERALES DE ORO Y SUS CONCENTRADOS,NO,TIMBIQUÍ,CAUCA,19809
ARE-TGJ-14151,SIMONA CUERO FLOREZ,MINERALES DE ORO Y SUS CONCENTRADOS,NO,TIMBIQUÍ,CAUCA,19809
ARE-TGJ-14151,VIDAL GRUESO MINA,MINERALES DE ORO Y SUS CONCENTRADOS,NO,TIMBIQUÍ,CAUCA,19809
ARE-TGJ-14151,LUIS ALBERTO VENTE HERNANDEZ,MINERALES DE ORO Y SUS CONCENTRADOS,NO,TIMBIQUÍ,CAUCA,19809
ARE-TGJ-14151,JUSTINO KLINGER OCORO,MINERALES DE ORO Y SUS CONCENTRADOS,NO,TIMBIQUÍ,CAUCA,19809
ARE-TGJ-14151,HENRY TORRES GRUESO,MINERALES DE ORO Y SUS CONCENTRADOS,NO,TIMBIQUÍ,CAUCA,19809
ARE-TGJ-14151,JOSE DEL CARMEN VASQUEZ VILLA,MINERALES DE ORO Y SUS CONCENTRADOS,NO,TIMBIQUÍ,CAUCA,19809
ARE-TGJ-14151,BERNARDO ZIÑIGA ESTACIO,MINERALES DE ORO Y SUS CONCENTRADOS,NO,TIMBIQUÍ,CAUCA,19809
ARE-TGJ-14151,BAIRON MONTAÑO ESTACIO,MINERALES DE ORO Y SUS CONCENTRADOS,NO,TIMBIQUÍ,CAUCA,19809
ARE-TGJ-14151,ENEIDA CUERO VENTE,MINERALES DE ORO Y SUS CONCENTRADOS,NO,TIMBIQUÍ,CAUCA,19809
ARE-TGJ-14151,BENEDICTA GRUESO OCORO,MINERALES DE ORO Y SUS CONCENTRADOS,NO,TIMBIQUÍ,CAUCA,19809
ARE-TGJ-14151,SEBASTIAN GRUESO AMU,MINERALES DE ORO Y SUS CONCENTRADOS,NO,TIMBIQUÍ,CAUCA,19809
ARE-TGJ-14151,CAYETANO ZUÑIGA HERNANDEZ,MINERALES DE ORO Y SUS CONCENTRADOS,NO,TIMBIQUÍ,CAUCA,19809
ARE-TGJ-14151,MIRYAM OCORO,MINERALES DE ORO Y SUS CONCENTRADOS,NO,TIMBIQUÍ,CAUCA,19809
ARE-TGJ-14151,LUIS ALBERTO SINISTERRA,MINERALES DE ORO Y SUS CONCENTRADOS,NO,TIMBIQUÍ,CAUCA,19809
ARE-TGJ-14151,ABRAHAN PINILLO SINESTERRA,MINERALES DE ORO Y SUS CONCENTRADOS,NO,TIMBIQUÍ,CAUCA,19809
ARE-TGJ-14151,JORGE HERNANDEZ GRUESO,MINERALES DE ORO Y SUS CONCENTRADOS,NO,TIMBIQUÍ,CAUCA,19809
ARE-TGJ-14151,ELADIO GRUESO VENTE,MINERALES DE ORO Y SUS CONCENTRADOS,NO,TIMBIQUÍ,CAUCA,19809
ARE-TGJ-14151,JUSTA SOLIZ,MINERALES DE ORO Y SUS CONCENTRADOS,NO,TIMBIQUÍ,CAUCA,19809
ARE-TGJ-14151,EMETERIO VENTE DALLESTEROS,MINERALES DE ORO Y SUS CONCENTRADOS,NO,TIMBIQUÍ,CAUCA,19809
ARE-TGJ-14151,CLEMENTINA CARABALI AMU,MINERALES DE ORO Y SUS CONCENTRADOS,NO,TIMBIQUÍ,CAUCA,19809
ARE-TGJ-14151,FELIX MARIA KLINGER OCORO,MINERALES DE ORO Y SUS CONCENTRADOS,NO,TIMBIQUÍ,CAUCA,19809
ARE-TGJ-14151,MATILDE VASQUEZ VENTE,MINERALES DE ORO Y SUS CONCENTRADOS,NO,TIMBIQUÍ,CAUCA,19809
ARE-TGJ-14151,PIOQUINTO VASQUEZ VENTE,MINERALES DE ORO Y SUS CONCENTRADOS,NO,TIMBIQUÍ,CAUCA,19809
ARE-TGJ-14151,JESUS MARIA GRUESO VENTE,MINERALES DE ORO Y SUS CONCENTRADOS,NO,TIMBIQUÍ,CAUCA,19809
ARE-TGJ-14151,GERONIMO HERNANDEZ GRUESO,MINERALES DE ORO Y SUS CONCENTRADOS,NO,TIMBIQUÍ,CAUCA,19809
ARE-TGJ-14151,BENIGNO BONILLA SINISTERRA,MINERALES DE ORO Y SUS CONCENTRADOS,NO,TIMBIQUÍ,CAUCA,19809
ARE-TGJ-14151,ALBERTO OCORO CUERO,MINERALES DE ORO Y SUS CONCENTRADOS,NO,TIMBIQUÍ,CAUCA,19809
ARE-TGJ-14151,DOLORES OCORO LEMOS,MINERALES DE ORO Y SUS CONCENTRADOS,NO,TIMBIQUÍ,CAUCA,19809
ARE-TGJ-14151,GREGORIA HINESTROZA ZUÑIGA,MINERALES DE ORO Y SUS CONCENTRADOS,NO,TIMBIQUÍ,CAUCA,19809
ARE-TGJ-14151,GERTRUDIS ESTACIO VILLA,MINERALES DE ORO Y SUS CONCENTRADOS,NO,TIMBIQUÍ,CAUCA,19809
ARE-TGJ-14151,LUZ DEL ALBA SINISTERRA CARABALI,MINERALES DE ORO Y SUS CONCENTRADOS,NO,TIMBIQUÍ,CAUCA,19809
ARE-TGJ-14151,DOMINGA VENTE HERNANDEZ,MINERALES DE ORO Y SUS CONCENTRADOS,NO,TIMBIQUÍ,CAUCA,19809
ARE-TGJ-14151,HERMINSUL GRUESO SINISTERRA,MINERALES DE ORO Y SUS CONCENTRADOS,NO,TIMBIQUÍ,CAUCA,19809
ARE-TGJ-14151,MARLON MONTAÑO ESTACIO,MINERALES DE ORO Y SUS CONCENTRADOS,NO,TIMBIQUÍ,CAUCA,19809
ARE-TGJ-14151,JUANA CUERO VENTE,MINERALES DE ORO Y SUS CONCENTRADOS,NO,TIMBIQUÍ,CAUCA,19809
ARE-TGJ-14151,FANNY BONILLA GRUESO,MINERALES DE ORO Y SUS CONCENTRADOS,NO,TIMBIQUÍ,CAUCA,19809
ARE-TGJ-14151,SANDRA BONILLA SINISTERRA,MINERALES DE ORO Y SUS CONCENTRADOS,NO,TIMBIQUÍ,CAUCA,19809
ARE-TGJ-14151,FELICIDAD CARABALI ROJAS,MINERALES DE ORO Y SUS CONCENTRADOS,NO,TIMBIQUÍ,CAUCA,19809
ARE-TGJ-14151,LUCY CACHIMBO CARABALI,MINERALES DE ORO Y SUS CONCENTRADOS,NO,TIMBIQUÍ,CAUCA,19809
ARE-TGJ-14151,ALCIDES BONILLA SINISTERRA,MINERALES DE ORO Y SUS CONCENTRADOS,NO,TIMBIQUÍ,CAUCA,19809
ARE-TGJ-14151,JUANA BONILLA HERNANDEZ,MINERALES DE ORO Y SUS CONCENTRADOS,NO,TIMBIQUÍ,CAUCA,19809
ARE-TGJ-14151,YAMILE CUERO BONILLA,MINERALES DE ORO Y SUS CONCENTRADOS,NO,TIMBIQUÍ,CAUCA,19809
ARE-TGJ-14151,LUZ DARIS HERNANDEZ VENTE,MINERALES DE ORO Y SUS CONCENTRADOS,NO,TIMBIQUÍ,CAUCA,19809
ARE-TGJ-14151,TIRSON GRUESO  CONGOLINO,MINERALES DE ORO Y SUS CONCENTRADOS,NO,TIMBIQUÍ,CAUCA,19809
ARE-TGJ-14151,AQUILINO GRUESO FLOREZ,MINERALES DE ORO Y SUS CONCENTRADOS,NO,TIMBIQUÍ,CAUCA,19809
ARE-TGJ-14151,CRISTINIANO GRUESO PERLAZA,MINERALES DE ORO Y SUS CONCENTRADOS,NO,TIMBIQUÍ,CAUCA,19809
ARE-TGJ-14151,MARTHA VENTE CUERO,MINERALES DE ORO Y SUS CONCENTRADOS,NO,TIMBIQUÍ,CAUCA,19809
ARE-TGJ-14151,MARTHA VENTE PIEDRAHITA,MINERALES DE ORO Y SUS CONCENTRADOS,NO,TIMBIQUÍ,CAUCA,19809
ARE-TGJ-14151,PARMENIA NUÑEZ SINISTERRA,MINERALES DE ORO Y SUS CONCENTRADOS,NO,TIMBIQUÍ,CAUCA,19809
ARE-TGJ-14151,MILITINA SINISTERRA BONILLA,MINERALES DE ORO Y SUS CONCENTRADOS,NO,TIMBIQUÍ,CAUCA,19809
ARE-TGJ-14151,ENMA CUERO MONTAÑO,MINERALES DE ORO Y SUS CONCENTRADOS,NO,TIMBIQUÍ,CAUCA,19809
ARE-TGJ-14151,CESAR CUERO MONTAÑO,MINERALES DE ORO Y SUS CONCENTRADOS,NO,TIMBIQUÍ,CAUCA,19809
ARE-TGJ-14151,ORFA SINISTERRA CUERO,MINERALES DE ORO Y SUS CONCENTRADOS,NO,TIMBIQUÍ,CAUCA,19809
ARE-TGJ-14151,DOLORES CUERO MONTAÑO,MINERALES DE ORO Y SUS CONCENTRADOS,NO,TIMBIQUÍ,CAUCA,19809
ARE-TGJ-14151,BAESA AMU CHALA,MINERALES DE ORO Y SUS CONCENTRADOS,NO,TIMBIQUÍ,CAUCA,19809
ARE-TGJ-14151,MERY LUZ VALLECILLA OCORO,MINERALES DE ORO Y SUS CONCENTRADOS,NO,TIMBIQUÍ,CAUCA,19809
ARE-TGJ-14151,LEONIDAS BONILLA AMU,MINERALES DE ORO Y SUS CONCENTRADOS,NO,TIMBIQUÍ,CAUCA,19809
ARE-TGJ-14151,HONORIA AMU,MINERALES DE ORO Y SUS CONCENTRADOS,NO,TIMBIQUÍ,CAUCA,19809
ARE-TGJ-14151,ANA LILIANA ANGULO TORRES,MINERALES DE ORO Y SUS CONCENTRADOS,NO,TIMBIQUÍ,CAUCA,19809
ARE-TGJ-14151,AVELINO SINISTERRA BONILLA,MINERALES DE ORO Y SUS CONCENTRADOS,NO,TIMBIQUÍ,CAUCA,19809
ARE-TGJ-14151,FREDY SINISTERRA OCORO,MINERALES DE ORO Y SUS CONCENTRADOS,NO,TIMBIQUÍ,CAUCA,19809
ARE-TGJ-14151,ABEL BONILLA OCORO,MINERALES DE ORO Y SUS CONCENTRADOS,NO,TIMBIQUÍ,CAUCA,19809
ARE-TGJ-14151,MARIA JUANA HINEZTROSA PERLAZA,MINERALES DE ORO Y SUS CONCENTRADOS,NO,TIMBIQUÍ,CAUCA,19809
ARE-TGJ-14151,LEORGIO ANGULO SINISTERRA,MINERALES DE ORO Y SUS CONCENTRADOS,NO,TIMBIQUÍ,CAUCA,19809
ARE-TGJ-14151,ABAD BONILLA HINESTROZA,MINERALES DE ORO Y SUS CONCENTRADOS,NO,TIMBIQUÍ,CAUCA,19809
ARE-TGJ-14151,ABELARDO SANCREZ AMU,MINERALES DE ORO Y SUS CONCENTRADOS,NO,TIMBIQUÍ,CAUCA,19809
ARE-TGJ-14151,FLORENTINO BONILLA AMU,MINERALES DE ORO Y SUS CONCENTRADOS,NO,TIMBIQUÍ,CAUCA,19809
ARE-TGJ-14151,ANA LUCIA CUERO OCORO,MINERALES DE ORO Y SUS CONCENTRADOS,NO,TIMBIQUÍ,CAUCA,19809
ARE-TGJ-14151,DELLY LERMA OCORO,MINERALES DE ORO Y SUS CONCENTRADOS,NO,TIMBIQUÍ,CAUCA,19809
ARE-TGJ-14151,BENITO OCORO ANGEL,MINERALES DE ORO Y SUS CONCENTRADOS,NO,TIMBIQUÍ,CAUCA,19809
ARE-TGJ-14151,EFRAIN VENTE DIAZ,MINERALES DE ORO Y SUS CONCENTRADOS,NO,TIMBIQUÍ,CAUCA,19809
ARE-TGJ-14151,ALEJANDRO VENTE HERNANDEZ,MINERALES DE ORO Y SUS CONCENTRADOS,NO,TIMBIQUÍ,CAUCA,19809
ARE-TGJ-14151,MODESTO VIDAL VENTE,MINERALES DE ORO Y SUS CONCENTRADOS,NO,TIMBIQUÍ,CAUCA,19809
ARE-TGJ-14151,FROILAN HINESTROZA ZUÑIGA,MINERALES DE ORO Y SUS CONCENTRADOS,NO,TIMBIQUÍ,CAUCA,19809
ARE-TGJ-14151,ERNESTO OCORO ESTACIO,MINERALES DE ORO Y SUS CONCENTRADOS,NO,TIMBIQUÍ,CAUCA,19809
ARE-TGJ-14151,MANUEL SANTO PIEDRAHITA VENTE,MINERALES DE ORO Y SUS CONCENTRADOS,NO,TIMBIQUÍ,CAUCA,19809
ARE-TGJ-14151,CELINDA AMU HERRERA,MINERALES DE ORO Y SUS CONCENTRADOS,NO,TIMBIQUÍ,CAUCA,19809
ARE-TGJ-14151,PABLO BONILLA SINISTERRA,MINERALES DE ORO Y SUS CONCENTRADOS,NO,TIMBIQUÍ,CAUCA,19809
ARE-TGJ-14151,MARTHA VENTE PERLAZA,MINERALES DE ORO Y SUS CONCENTRADOS,NO,TIMBIQUÍ,CAUCA,19809
ARE-TGJ-14151,JOSE EUSTAQUIO DIAZ LERMA,MINERALES DE ORO Y SUS CONCENTRADOS,NO,TIMBIQUÍ,CAUCA,19809
ARE-TGJ-14151,WILBER ESTACIO DIAZ,MINERALES DE ORO Y SUS CONCENTRADOS,NO,TIMBIQUÍ,CAUCA,19809
ARE-TGJ-14151,MANUEL ISABEL GRUESO SINISTERRA,MINERALES DE ORO Y SUS CONCENTRADOS,NO,TIMBIQUÍ,CAUCA,19809
ARE-TGJ-14151,HELIBERT GRUESO PERLAZA,MINERALES DE ORO Y SUS CONCENTRADOS,NO,TIMBIQUÍ,CAUCA,19809
ARE-TGJ-14151,ISABEL YIME CARABALI,MINERALES DE ORO Y SUS CONCENTRADOS,NO,TIMBIQUÍ,CAUCA,19809
ARE-TGJ-14151,JESUS CHALA CUERO,MINERALES DE ORO Y SUS CONCENTRADOS,NO,TIMBIQUÍ,CAUCA,19809
ARE-TGJ-14151,SEVERO HERNANDEZ OCORO,MINERALES DE ORO Y SUS CONCENTRADOS,NO,TIMBIQUÍ,CAUCA,19809
ARE-TGJ-14151,SISMENA CUERO MONTAÑO,MINERALES DE ORO Y SUS CONCENTRADOS,NO,TIMBIQUÍ,CAUCA,19809
ARE-TGJ-14151,EFREN SINISTERRA CARABALI,MINERALES DE ORO Y SUS CONCENTRADOS,NO,TIMBIQUÍ,CAUCA,19809
ARE-TGJ-14151,ISABELINA ANGULO VENTE,MINERALES DE ORO Y SUS CONCENTRADOS,NO,TIMBIQUÍ,CAUCA,19809
ARE-TGJ-14151,DARINSON BONILLA CUERO,MINERALES DE ORO Y SUS CONCENTRADOS,NO,TIMBIQUÍ,CAUCA,19809
ARE-TGJ-14151,JHON GENER BONILLA GARCIA,MINERALES DE ORO Y SUS CONCENTRADOS,NO,TIMBIQUÍ,CAUCA,19809
ARE-TGJ-14151,JAIR HERNANDEZ HERNANDEZ CUERO,MINERALES DE ORO Y SUS CONCENTRADOS,NO,TIMBIQUÍ,CAUCA,19809
ARE-TGJ-14151,NROMAN KLINGER OCORO,MINERALES DE ORO Y SUS CONCENTRADOS,NO,TIMBIQUÍ,CAUCA,19809
ARE-TGJ-14151,ZORANA ANGULO SINISTERRA,MINERALES DE ORO Y SUS CONCENTRADOS,NO,TIMBIQUÍ,CAUCA,19809
ARE-TGJ-14151,DELFIDA SINISTERRA BALLESTEROS,MINERALES DE ORO Y SUS CONCENTRADOS,NO,TIMBIQUÍ,CAUCA,19809
ARE-TGJ-14151,ANA JULIA SINISTERRA BONILLA,MINERALES DE ORO Y SUS CONCENTRADOS,NO,TIMBIQUÍ,CAUCA,19809
ARE-TGJ-14151,ERLINDA BONILLA BONILLA,MINERALES DE ORO Y SUS CONCENTRADOS,NO,TIMBIQUÍ,CAUCA,19809
ARE-TGJ-14151,ANTONIO DIAZ CUERO,MINERALES DE ORO Y SUS CONCENTRADOS,NO,TIMBIQUÍ,CAUCA,19809
ARE-TGJ-14151,NELLY HERRERA CUERO,MINERALES DE ORO Y SUS CONCENTRADOS,NO,TIMBIQUÍ,CAUCA,19809
ARE-TGJ-14151,MANUEL DE JESUS GRUESO VENTE,MINERALES DE ORO Y SUS CONCENTRADOS,NO,TIMBIQUÍ,CAUCA,19809
ARE-TGJ-14151,MELIDA DIAZ,MINERALES DE ORO Y SUS CONCENTRADOS,NO,TIMBIQUÍ,CAUCA,19809
ARE-TGJ-14151,VICTOR MANUEL VENTE GRUESO,MINERALES DE ORO Y SUS CONCENTRADOS,NO,TIMBIQUÍ,CAUCA,19809
ARE-TGJ-14151,ARIS SINISTERRA HERNANDEZ,MINERALES DE ORO Y SUS CONCENTRADOS,NO,TIMBIQUÍ,CAUCA,19809
ARE-TGJ-14151,GILBERTO CARABALI SINISTERRA,MINERALES DE ORO Y SUS CONCENTRADOS,NO,TIMBIQUÍ,CAUCA,19809
ARE-TGJ-14151,INOSENCIO BONILLA  VENTE,MINERALES DE ORO Y SUS CONCENTRADOS,NO,TIMBIQUÍ,CAUCA,19809
ARE-TGJ-14151,MANUEL ESPERANZA HERNANDEZ ANGULO,MINERALES DE ORO Y SUS CONCENTRADOS,NO,TIMBIQUÍ,CAUCA,19809
ARE-TGJ-14151,ERLINDA AMU CHALA,MINERALES DE ORO Y SUS CONCENTRADOS,NO,TIMBIQUÍ,CAUCA,19809
ARE-TGJ-14151,NELLY SINISTERRA BANGUERO,MINERALES DE ORO Y SUS CONCENTRADOS,NO,TIMBIQUÍ,CAUCA,19809
ARE-TGJ-14151,JESUS ESTACIO CONGOLINO,MINERALES DE ORO Y SUS CONCENTRADOS,NO,TIMBIQUÍ,CAUCA,19809
ARE-TGJ-14151,MARCELINO ZUÑIGA HINESTROZA,MINERALES DE ORO Y SUS CONCENTRADOS,NO,TIMBIQUÍ,CAUCA,19809
ARE-TGJ-14151,ESCOLASTICA VALENCIA AMU,MINERALES DE ORO Y SUS CONCENTRADOS,NO,TIMBIQUÍ,CAUCA,19809
ARE-TGJ-14151,BARBARA SINISTERRA BONILLA,MINERALES DE ORO Y SUS CONCENTRADOS,NO,TIMBIQUÍ,CAUCA,19809
ARE-TGJ-14151,CENEIDA CONGOLINO ZUÑIGA,MINERALES DE ORO Y SUS CONCENTRADOS,NO,TIMBIQUÍ,CAUCA,19809
ARE-TGJ-14151,ALCADI BONILLA BONILLA,MINERALES DE ORO Y SUS CONCENTRADOS,NO,TIMBIQUÍ,CAUCA,19809
ARE-TGJ-14151,BERSABET CUERO MONTAÑO,MINERALES DE ORO Y SUS CONCENTRADOS,NO,TIMBIQUÍ,CAUCA,19809
ARE-TGJ-14151,JHON JAIRO HURTADO OCORO,MINERALES DE ORO Y SUS CONCENTRADOS,NO,TIMBIQUÍ,CAUCA,19809
ARE-TGJ-14151,CARMEN SANCHEZ VILLA,MINERALES DE ORO Y SUS CONCENTRADOS,NO,TIMBIQUÍ,CAUCA,19809
ARE-TGJ-14151,LILI CHALA DIAZ,MINERALES DE ORO Y SUS CONCENTRADOS,NO,TIMBIQUÍ,CAUCA,19809
ARE-TGJ-14151,HORACIO HERNANDEZ GRUESO,MINERALES DE ORO Y SUS CONCENTRADOS,NO,TIMBIQUÍ,CAUCA,19809
ARE-TGJ-14151,LENDER TORRES SINISTERRA,MINERALES DE ORO Y SUS CONCENTRADOS,NO,TIMBIQUÍ,CAUCA,19809
ARE-TGJ-14151,MANUEL DE JESUS CUERO VASQUEZ,MINERALES DE ORO Y SUS CONCENTRADOS,NO,TIMBIQUÍ,CAUCA,19809
ARE-TGJ-14151,LUZ MARINA AMU CHALA,MINERALES DE ORO Y SUS CONCENTRADOS,NO,TIMBIQUÍ,CAUCA,19809
ARE-TGJ-14151,SATURNINO GRUESO HERRERA,MINERALES DE ORO Y SUS CONCENTRADOS,NO,TIMBIQUÍ,CAUCA,19809
ARE-TGJ-14151,CARLOS GRUESO CASTRO,MINERALES DE ORO Y SUS CONCENTRADOS,NO,TIMBIQUÍ,CAUCA,19809
ARE-TGJ-14151,LEYSER SINISTERRA AMU,MINERALES DE ORO Y SUS CONCENTRADOS,NO,TIMBIQUÍ,CAUCA,19809
ARE-TGJ-14151,JESUS MARIA CARABALI VENTE,MINERALES DE ORO Y SUS CONCENTRADOS,NO,TIMBIQUÍ,CAUCA,19809
ARE-TGJ-14151,ZORANA BONILLA HERNANDEZ,MINERALES DE ORO Y SUS CONCENTRADOS,NO,TIMBIQUÍ,CAUCA,19809
ARE-TGJ-14151,SALOMON CUERO CHALA,MINERALES DE ORO Y SUS CONCENTRADOS,NO,TIMBIQUÍ,CAUCA,19809
ARE-TGJ-14151,ALBERTINO SINISTERRA AMU,MINERALES DE ORO Y SUS CONCENTRADOS,NO,TIMBIQUÍ,CAUCA,19809
ARE-TGJ-14151,ROSALBINA RAMIREZ VASQUEZ,MINERALES DE ORO Y SUS CONCENTRADOS,NO,TIMBIQUÍ,CAUCA,19809
ARE-TGJ-14151,NEFE VENTE BALLESTERO,MINERALES DE ORO Y SUS CONCENTRADOS,NO,TIMBIQUÍ,CAUCA,19809
ARE-TGJ-14151,NATIVIDAD GRUESO QUINTERO,MINERALES DE ORO Y SUS CONCENTRADOS,NO,TIMBIQUÍ,CAUCA,19809
ARE-TGJ-14151,NUVIA SINISTERRA ZUÑIGA,MINERALES DE ORO Y SUS CONCENTRADOS,NO,TIMBIQUÍ,CAUCA,19809
ARE-TGJ-14151,VALERIANA SINISTERRA CONGOLINO,MINERALES DE ORO Y SUS CONCENTRADOS,NO,TIMBIQUÍ,CAUCA,19809
ARE-TGJ-14151,MANUEL BONILLA AMU,MINERALES DE ORO Y SUS CONCENTRADOS,NO,TIMBIQUÍ,CAUCA,19809
ARE-TGJ-14151,JESUS ANTONIO ESTACIO  DIAZ,MINERALES DE ORO Y SUS CONCENTRADOS,NO,TIMBIQUÍ,CAUCA,19809
ARE-TGJ-14151,REMEDIO SINISTERRA BONILLA,MINERALES DE ORO Y SUS CONCENTRADOS,NO,TIMBIQUÍ,CAUCA,19809
ARE-TGJ-14151,MARIA GRUESO OCORO,MINERALES DE ORO Y SUS CONCENTRADOS,NO,TIMBIQUÍ,CAUCA,19809
ARE-TGJ-14151,EUDOXIO CHALA GRUESO,MINERALES DE ORO Y SUS CONCENTRADOS,NO,TIMBIQUÍ,CAUCA,19809
ARE-TGJ-14151,OFELIA SINISTERRA BONILLA,MINERALES DE ORO Y SUS CONCENTRADOS,NO,TIMBIQUÍ,CAUCA,19809
ARE-TGJ-14151,BETSAIDA ZUÑIGA CHALA,MINERALES DE ORO Y SUS CONCENTRADOS,NO,TIMBIQUÍ,CAUCA,19809
ARE-TGJ-14151,ALEXIS LERMA SINISTERRA,MINERALES DE ORO Y SUS CONCENTRADOS,NO,TIMBIQUÍ,CAUCA,19809
ARE-TGJ-14151,DANIEL VIDAL ERAZO,MINERALES DE ORO Y SUS CONCENTRADOS,NO,TIMBIQUÍ,CAUCA,19809
ARE-TGJ-14151,TRINIDAD ZUÑIGA AMU,MINERALES DE ORO Y SUS CONCENTRADOS,NO,TIMBIQUÍ,CAUCA,19809
ARE-TGJ-14151,ENECIS EUCARIS MOSQUERA CARABALI,MINERALES DE ORO Y SUS CONCENTRADOS,NO,TIMBIQUÍ,CAUCA,19809
ARE-TGJ-14151,FAUSTO GRUESO| QUINTERO,MINERALES DE ORO Y SUS CONCENTRADOS,NO,TIMBIQUÍ,CAUCA,19809
ARE-TGJ-14151,JULIAN MINA VASQUEZ,MINERALES DE ORO Y SUS CONCENTRADOS,NO,TIMBIQUÍ,CAUCA,19809
ARE-TGJ-14151,DORIS JIMENEZ SINISTERRA,MINERALES DE ORO Y SUS CONCENTRADOS,NO,TIMBIQUÍ,CAUCA,19809
ARE-TGJ-14151,HELEODORA HERRERA CUERO,MINERALES DE ORO Y SUS CONCENTRADOS,NO,TIMBIQUÍ,CAUCA,19809
ARE-TGJ-14151,SERAFINA CUERO OCORO,MINERALES DE ORO Y SUS CONCENTRADOS,NO,TIMBIQUÍ,CAUCA,19809
ARE-TGJ-14151,EUSTAQUIO CUERO VENTE,MINERALES DE ORO Y SUS CONCENTRADOS,NO,TIMBIQUÍ,CAUCA,19809
ARE-TGJ-14151,FLOR MARIA BONILLA AMU,MINERALES DE ORO Y SUS CONCENTRADOS,NO,TIMBIQUÍ,CAUCA,19809
ARE-TGJ-14151,NILSON VENTE VENTE,MINERALES DE ORO Y SUS CONCENTRADOS,NO,TIMBIQUÍ,CAUCA,19809
ARE-TGJ-14151,ANGEL MARIA  SAA SAA,MINERALES DE ORO Y SUS CONCENTRADOS,NO,TIMBIQUÍ,CAUCA,19809
ARE-TGJ-14151,OCTAVINO VASQUEZ VILLA,MINERALES DE ORO Y SUS CONCENTRADOS,NO,TIMBIQUÍ,CAUCA,19809
ARE-TGJ-14151,LUZ ARAY HERNANDEZ OCORO,MINERALES DE ORO Y SUS CONCENTRADOS,NO,TIMBIQUÍ,CAUCA,19809
ARE-TGJ-14151,SORAIDA GRUESO OCORO,MINERALES DE ORO Y SUS CONCENTRADOS,NO,TIMBIQUÍ,CAUCA,19809
ARE-TGJ-14151,PASCUALA GRUESO QUINTERO,MINERALES DE ORO Y SUS CONCENTRADOS,NO,TIMBIQUÍ,CAUCA,19809
B7560005,RED EAGLE MINING DE COLOMBIA LIMITED SUCURSAL COLOMBIA,ORO,POR CONFIRMAR,SANTA ROSA DE OSOS,ANTIOQUIA,05686
B7560005,LUIS CARLOS PEREZ VILLA,ORO,POR CONFIRMAR,SANTA ROSA DE OSOS,ANTIOQUIA,05686
B7560005,EGM COLOMBIA S.A.S.,ORO,POR CONFIRMAR,SANTA ROSA DE OSOS,ANTIOQUIA,05686
B7560005,RED EAGLE MINING DE COLOMBIA S.A.S.,ORO,POR CONFIRMAR,SANTA ROSA DE OSOS,ANTIOQUIA,05686
BAE-112,COMUNIDAD INDIGENA ALTO ANDAGUEDA - EMBERA KATIOS,ORO FILON,NO,BAGADÓ,CHOCO,27073
BAE-112,COMUNIDAD INDIGENA THAMY DEL ALTO ANDAGUEDA,ORO FILON,NO,BAGADÓ,CHOCO,27073
BFJ-111,MARCO ANTONIO MELO ERAZO,ORO,SI,LA LLANADA,NARIÑO,52385
BFJ-111,JOSE GERMAN TAPIA ALDERETE,ORO,SI,LA LLANADA,NARIÑO,52385
C3921011,ECOCERRO S.A.S.,MINERALES DE ORO Y SUS CONCENTRADOS,SI,FRONTINO,ANTIOQUIA,05284
CAO-152,ASOCIACION DE MINEROS DE BOLIVAR CAUCA ASOMIBC,ORO,SI,BOLÍVAR,CAUCA,19100
CCC-111,MINA EL GRAN PORVENIR DEL LIBANO S.A,ORO,NO,LÍBANO,TOLIMA,73411
CCC-111,ANTONIO CASTELLANOS JESUS,ORO,NO,LÍBANO,TOLIMA,73411
CCC-111,JOSE ADER ISAZA VILLA,ORO,NO,LÍBANO,TOLIMA,73411
CCC-111,JULIO CESAR JACOME GAMBOA,ORO,NO,LÍBANO,TOLIMA,73411
CCC-111,ALFONSO CESPEDES PEDRAZA,ORO,NO,LÍBANO,TOLIMA,73411
CCC-111,JORGE ARIEL ISAZA CANO,ORO,NO,LÍBANO,TOLIMA,73411
DIR-072,COOPERATIVA DE MINEROS DEL SAN JUAN,MINERALES DE ORO Y SUS CONCENTRADOS,NO,ISTMINA,CHOCO,27361
DIR-072,PEDRO ARMANDO LOPERA PALACIOS,MINERALES DE ORO Y SUS CONCENTRADOS,NO,ISTMINA,CHOCO,27361
DIR-072,PEDRO ARMANDO LOPERA PALACIOS,MINERALES DE ORO Y SUS CONCENTRADOS,NO,MEDIO SAN JUAN (Andagoya),CHOCO,27450
DIR-072,COOPERATIVA DE MINEROS DEL SAN JUAN,MINERALES DE ORO Y SUS CONCENTRADOS,NO,RIO IRÓ (Santa Rita),CHOCO,27580
DIR-072,COOPERATIVA DE MINEROS DEL SAN JUAN,MINERALES DE ORO Y SUS CONCENTRADOS,NO,CONDOTO,CHOCO,27205
DIR-072,COOPERATIVA DE MINEROS DEL SAN JUAN,MINERALES DE ORO Y SUS CONCENTRADOS,NO,MEDIO SAN JUAN (Andagoya),CHOCO,27450
DIR-072,PEDRO ARMANDO LOPERA PALACIOS,MINERALES DE ORO Y SUS CONCENTRADOS,NO,CONDOTO,CHOCO,27205
DIR-072,PEDRO ARMANDO LOPERA PALACIOS,MINERALES DE ORO Y SUS CONCENTRADOS,NO,RIO IRÓ (Santa Rita),CHOCO,27580
DIR-07311X,COOPERATIVA DE MINEROS DEL SAN JUAN,MINERALES DE ORO Y SUS CONCENTRADOS,NO,CONDOTO,CHOCO,27205
DIR-07311X,MARTHA LUCIA SERNA MURILLO,MINERALES DE ORO Y SUS CONCENTRADOS,NO,CONDOTO,CHOCO,27205
DIR-075,COOPERATIVA DE MINEROS DEL SAN JUAN,"MINERALES DE ORO Y PLATINO, Y SUS CONCENTRADOS",NO,CONDOTO,CHOCO,27205
DIR-075,ANA PATRICIA SANCHEZ ANDRADE,"MINERALES DE ORO Y PLATINO, Y SUS CONCENTRADOS",NO,CONDOTO,CHOCO,27205
DIR-076,LILIA MARCELA FADUL VASQUEZ,MINERALES DE ORO Y SUS CONCENTRADOS,NO,ISTMINA,CHOCO,27361
DIR-076,COOPERATIVA DE MINEROS DEL SAN JUAN,MINERALES DE ORO Y SUS CONCENTRADOS,NO,ISTMINA,CHOCO,27361
DIR-076,LILIA MARCELA FADUL VASQUEZ,MINERALES DE ORO Y SUS CONCENTRADOS,NO,TADÓ,CHOCO,27787
DIR-076,COOPERATIVA DE MINEROS DEL SAN JUAN,MINERALES DE ORO Y SUS CONCENTRADOS,NO,TADÓ,CHOCO,27787
DK1-152,EDGAR RINCON MARIN,ORO,POR CONFIRMAR,MONTECRISTO,BOLIVAR,13458
EB-0003,COMITE DE MINEROS DE MINA SANTA CRUZ,ORO,NO,BARRANCO DE LOBA,BOLIVAR,13074
EB-0003,ASHMONT RESOURCES CORPORATION COLOMBIA S.A.S.,ORO,NO,ALTOS DEL ROSARIO,BOLIVAR,13030
EB-0003,ASHMONT RESOURCES CORPORATION COLOMBIA S.A.S.,ORO,NO,BARRANCO DE LOBA,BOLIVAR,13074
EB-0003,COMITE DE MINEROS DE MINA SANTA CRUZ,ORO,NO,ALTOS DEL ROSARIO,BOLIVAR,13030
EB-0008,ASOCIACION AGROMINERA DE MINA GALLO CAFE,ORO,SI,ARENAL,BOLIVAR,13042
EBA-091,JUAN BAUTISTA PEREA GIL,MINERALES DE ORO Y SUS CONCENTRADOS,NO,UNIÓN PANAMERICANA ( Animas),CHOCO,27810
EBA-091,JUAN BAUTISTA PEREA GIL,MINERALES DE ORO Y SUS CONCENTRADOS,NO,TADÓ,CHOCO,27787
EC7-152,OMAR JOEL MUNOZ OROZCO,ORO,POR CONFIRMAR,EL TAMBO,CAUCA,19256
EC7-152,EMIGDIO MAMBUSCAY BOLAÑOS,ORO,POR CONFIRMAR,EL TAMBO,CAUCA,19256
EC7-152,ISRAEL PINO LLANTEN,ORO,POR CONFIRMAR,EL TAMBO,CAUCA,19256
EC7-152,GERMÁN DARÍO VELASCO  ACHINTE,ORO,POR CONFIRMAR,EL TAMBO,CAUCA,19256
EC7-152,ROCIO DEL CARMEN MUÑOZ ARAUJO,ORO,POR CONFIRMAR,EL TAMBO,CAUCA,19256
EC7-152,FERNEY OROZCO EDGAR,ORO,POR CONFIRMAR,EL TAMBO,CAUCA,19256
EC7-152,ANGELICA MARIA PINO ARDILA,ORO,POR CONFIRMAR,EL TAMBO,CAUCA,19256
EC7-152,ROQUE MONTENEGRO NAVAL,ORO,POR CONFIRMAR,EL TAMBO,CAUCA,19256
EC7-152,JAIRO ALBERTO JARAMILLO ESPINOSA,ORO,POR CONFIRMAR,EL TAMBO,CAUCA,19256
EC7-152,MANUEL DOLORES PINO PERAFAN,ORO,POR CONFIRMAR,EL TAMBO,CAUCA,19256
EC7-152,EVER MARINO MUNOZ MANRIQUE,ORO,POR CONFIRMAR,EL TAMBO,CAUCA,19256
EC7-152,JOSE LIBARDO LLANTEN MONTENEGRO,ORO,POR CONFIRMAR,EL TAMBO,CAUCA,19256
EC7-152,WILLIAM VELASCO,ORO,POR CONFIRMAR,EL TAMBO,CAUCA,19256
EDLD-01,SILVIO ANTONIO RAMOS BONILLA,ORO,POR CONFIRMAR,QUINCHÍA,RISARALDA,66594
EDLD-01,FLOR LOAIZA DE RAMOS,ORO,POR CONFIRMAR,ANSERMA,CALDAS,17042
EDLD-01,FLOR MARIA RAMOS LOAIZA,ORO,POR CONFIRMAR,ANSERMA,CALDAS,17042
EDLD-01,FLOR MARIA RAMOS LOAIZA,ORO,POR CONFIRMAR,QUINCHÍA,RISARALDA,66594
EDLD-01,SILVIO ANTONIO RAMOS BONILLA,ORO,POR CONFIRMAR,ANSERMA,CALDAS,17042
EDLD-01,MANUEL ANTONIO RAMOS HENAO,ORO,POR CONFIRMAR,QUINCHÍA,RISARALDA,66594
EDLD-01,MARIA CLEOFELINA LOAIZA DE RAMOS,ORO,POR CONFIRMAR,ANSERMA,CALDAS,17042
EDLD-01,MANUEL ANTONIO RAMOS HENAO,ORO,POR CONFIRMAR,ANSERMA,CALDAS,17042
EDLD-01,EAGAS S.A.S.,ORO,POR CONFIRMAR,ANSERMA,CALDAS,17042
EDLD-01,JOAQUIN EMILIO RAMOS HENAO,ORO,POR CONFIRMAR,QUINCHÍA,RISARALDA,66594
EDLD-01,MARIA CLEOFELINA LOAIZA DE RAMOS,ORO,POR CONFIRMAR,QUINCHÍA,RISARALDA,66594
EDLD-01,JOAQUIN EMILIO RAMOS HENAO,ORO,POR CONFIRMAR,ANSERMA,CALDAS,17042
EDLD-01,FLOR LOAIZA DE RAMOS,ORO,POR CONFIRMAR,QUINCHÍA,RISARALDA,66594
EDLD-01,EAGAS S.A.S.,ORO,POR CONFIRMAR,QUINCHÍA,RISARALDA,66594
EE2-111,CONSEJO COMUNITARIO MAYOR DE ISTMINA Y MEDIO SAN JUAN,MINERALES DE ORO Y SUS CONCENTRADOS,NO,UNIÓN PANAMERICANA ( Animas),CHOCO,27810
EE2-111,CONSEJO COMUNITARIO MAYOR DE ISTMINA Y MEDIO SAN JUAN,MINERALES DE ORO Y SUS CONCENTRADOS,NO,ISTMINA,CHOCO,27361
EE6-091,JIN HOAN JU,ORO,POR CONFIRMAR,TESALIA,HUILA,41797
EE6-091,SANG UK PARK,ORO,POR CONFIRMAR,TESALIA,HUILA,41797
EE6-091,CARLOS HERNANDO GALAN RODRIGUEZ,ORO,POR CONFIRMAR,TESALIA,HUILA,41797
EEK-152,ALONSO GIRALDO VARGAS,ORO,SI,SUÁREZ,CAUCA,19780
EET-143,EUSEBIO LUCUMI LUCUMI,ORO,NO,SUÁREZ,CAUCA,19780
EKE-151,RAUL FERNANDO RUIZ ORDOÑEZ,ORO,POR CONFIRMAR,SUÁREZ,CAUCA,19780
FE3-113,OMAR ALEXIS URRUTIA SANCHEZ,MINERALES DE ORO Y SUS CONCENTRADOS,POR CONFIRMAR,GUAPI,CAUCA,19318
FI7-161,RAFAEL HERNANDO HERRERA CONTRERAS,ORO,POR CONFIRMAR,LÍBANO,TOLIMA,73411
FI7-161,MINA EL GRAN PORVENIR DEL LIBANO S.A,ORO,POR CONFIRMAR,LÍBANO,TOLIMA,73411
FKJ-083,ULLOA RECURSOS NATURALES S A S,ORO,POR CONFIRMAR,CONDOTO,CHOCO,27205
FKJ-083,ALUVIONES DE COLOMBIA S.A.S.,ORO,POR CONFIRMAR,CONDOTO,CHOCO,27205
FLN-093,CMEDC S.A.S.,ORO,SI,SUÁREZ,CAUCA,19780
FLN-093,MIGUEL ANTONIO CARABALI,ORO,SI,SUÁREZ,CAUCA,19780
FLR-115,FRANCISCO JOSE BARBIER LOPEZ,MINERALES DE ORO Y SUS CONCENTRADOS,NO,UNIÓN PANAMERICANA ( Animas),CHOCO,27810
FLR-115,GRUPO GESTOR EMPRESARIAL MIA S.A.S.,MINERALES DE ORO Y SUS CONCENTRADOS,NO,ISTMINA,CHOCO,27361
FLR-115,FRANCISCO JOSE BARBIER LOPEZ,MINERALES DE ORO Y SUS CONCENTRADOS,NO,ISTMINA,CHOCO,27361
FLR-115,GRUPO GESTOR EMPRESARIAL MIA S.A.S.,MINERALES DE ORO Y SUS CONCENTRADOS,NO,UNIÓN PANAMERICANA ( Animas),CHOCO,27810
FLV-09V,LUIS AFRANIO MELO TORO,MINERALES DE ORO Y SUS CONCENTRADOS,SI,VILLAGARZÓN,PUTUMAYO,86885
G5897005,OSCAR EMILIO YEPES RESTREPO,ORO,POR CONFIRMAR,ANORÍ,ANTIOQUIA,05040
G5897005,AGROMINERA LA CRUZ S.A.S,ORO,POR CONFIRMAR,ANORÍ,ANTIOQUIA,05040
G5897005,OMER ALBEIRO POSADA RESTREPO,ORO,POR CONFIRMAR,ANORÍ,ANTIOQUIA,05040
G5931005,JULIO CESAR POSADA GOMEZ,MINERALES DE ORO Y SUS CONCENTRADOS,POR CONFIRMAR,TARAZÁ,ANTIOQUIA,05790
G5945005,CARLOS GUILLERMO ATEHORTUA QUICENO,MINERALES DE ORO Y SUS CONCENTRADOS,POR CONFIRMAR,VALDIVIA,ANTIOQUIA,05854
G5945005,ARCESIO DE JESUS CASTAÑO MONTES,MINERALES DE ORO Y SUS CONCENTRADOS,POR CONFIRMAR,VALDIVIA,ANTIOQUIA,05854
G5993005,MINERA LA LEONA S.A.S.,MINERALES DE ORO Y SUS CONCENTRADOS,SI,AMALFI,ANTIOQUIA,05031
G5993005,LUIS EDUARDO TAMAYO CORREA,MINERALES DE ORO Y SUS CONCENTRADOS,SI,AMALFI,ANTIOQUIA,05031
G6180005,VICTOR EMILIO ZAPATA GALLON,MINERALES DE ORO Y SUS CONCENTRADOS,POR CONFIRMAR,ZARAGOZA,ANTIOQUIA,05895
G6184005,MARCO FIDEL ZAPATA GALLON,ORO,POR CONFIRMAR,ZARAGOZA,ANTIOQUIA,05895
G6184005,MARCO AUERLIO FLOREZ RAMIREZ,ORO,POR CONFIRMAR,ZARAGOZA,ANTIOQUIA,05895
G6305005,ABEL ANTONIO GONZALEZ PATIÑO,MINERALES DE ORO Y SUS CONCENTRADOS,POR CONFIRMAR,AMALFI,ANTIOQUIA,05031
GC7-103,TREMCOL S.A.S,ORO,POR CONFIRMAR,CÚCUTA,NORTE SANTANDER,54001
GC7-103,MINA BUENAVISTA E. U,ORO,POR CONFIRMAR,CÚCUTA,NORTE SANTANDER,54001
GC7-103,MARTA ALBEZA GOMEZ  LUJAN,ORO,POR CONFIRMAR,CÚCUTA,NORTE SANTANDER,54001
GCF-081,VICTOR EDUARDO MERA MOSQUERA,ORO,NO,SANTA ISABEL,TOLIMA,73686
GCT-081,SEELIG ROAD GROUP INC,MINERALES DE ORO Y SUS CONCENTRADOS,POR CONFIRMAR,MONTELÍBANO,CORDOBA,23466
GCT-081,JUAN MANUEL RUISECO V. & CIA. S.C.A.,MINERALES DE ORO Y SUS CONCENTRADOS,POR CONFIRMAR,PUERTO LIBERTADOR,CORDOBA,23580
GCT-081,JUAN MANUEL RUISECO VIEIRA,MINERALES DE ORO Y SUS CONCENTRADOS,POR CONFIRMAR,PUERTO LIBERTADOR,CORDOBA,23580
GCT-081,JUAN MANUEL RUISECO VIEIRA,MINERALES DE ORO Y SUS CONCENTRADOS,POR CONFIRMAR,MONTELÍBANO,CORDOBA,23466
GCT-081,JUAN MANUEL RUISECO V. & CIA. S.C.A.,MINERALES DE ORO Y SUS CONCENTRADOS,POR CONFIRMAR,MONTELÍBANO,CORDOBA,23466
GCT-081,SEELIG ROAD GROUP INC,MINERALES DE ORO Y SUS CONCENTRADOS,POR CONFIRMAR,PUERTO LIBERTADOR,CORDOBA,23580
GCT-081,ZANESFIELD TRADE COMPANY INC,MINERALES DE ORO Y SUS CONCENTRADOS,POR CONFIRMAR,MONTELÍBANO,CORDOBA,23466
GCT-081,ZANESFIELD TRADE COMPANY INC,MINERALES DE ORO Y SUS CONCENTRADOS,POR CONFIRMAR,PUERTO LIBERTADOR,CORDOBA,23580
GEPO-02,MARIO FRANCISCO VELASCO TORRES,ORO ALUVION,SI,LA DORADA,CALDAS,17380
GEPO-02,MARIO FRANCISCO VELASCO TORRES,ORO ALUVION,SI,VICTORIA,CALDAS,17867
GI2-101,MINA EL GRAN PORVENIR DEL LIBANO S.A,ORO,SI,LÍBANO,TOLIMA,73411
GI2-101,TIGER AMERICAN GOLD S.A.S.,ORO,SI,LÍBANO,TOLIMA,73411
GI2-101,MINERAL GOLD COLOMBIA S.A,ORO,SI,LÍBANO,TOLIMA,73411
H5755005,MINERA CONSULAR S.A.S.,ORO VETA,POR CONFIRMAR,VALPARAISO,ANTIOQUIA,05856
H5755005,SOCIEDAD INVERSIONES MIDAS LIMITADA,ORO VETA,POR CONFIRMAR,VALPARAISO,ANTIOQUIA,05856
H5814005,EATON GOLD S.A.S.,ORO,POR CONFIRMAR,REMEDIOS,ANTIOQUIA,05604
H5814005,CONTINENTAL GOLD LIMITED SUCURSAL COLOMBIA,ORO,POR CONFIRMAR,REMEDIOS,ANTIOQUIA,05604
H5814005,MINERALES OTU S.A.S,ORO,POR CONFIRMAR,REMEDIOS,ANTIOQUIA,05604
H5895005,JUAN GUILLERMO VELASQUEZ PAVA,ORO,POR CONFIRMAR,REMEDIOS,ANTIOQUIA,05604
H5895005,MARIANO DE JESUS BEDOYA QUIRAMA,ORO,POR CONFIRMAR,REMEDIOS,ANTIOQUIA,05604
H5895005,ARTURO DE JESUS RODRIGUEZ ARANGO,ORO,POR CONFIRMAR,REMEDIOS,ANTIOQUIA,05604
H5895005,ALVARO SOTELO AHUMADA,ORO,POR CONFIRMAR,REMEDIOS,ANTIOQUIA,05604
H5895005,nullEMILIO DE JESUS GARCIA JIMENEZ,ORO,POR CONFIRMAR,REMEDIOS,ANTIOQUIA,05604
H5913005,CARLOS ARTURO ROJAS MAZO,ORO,POR CONFIRMAR,ANORÍ,ANTIOQUIA,05040
H5913005,SOCIEDAD MINERA YAMANA COLOMBIA.,ORO,POR CONFIRMAR,ANORÍ,ANTIOQUIA,05040
H5913005,CNC ENTERPRISE S.A.S.,ORO,POR CONFIRMAR,ANORÍ,ANTIOQUIA,05040
H5953005,JHON MARIO BEDOYA LOPEZ,ORO,NO,REMEDIOS,ANTIOQUIA,05604
H5974005,NORTHSHIRE & OLUFSEN INVERSIONES S.A.S.,ORO,POR CONFIRMAR,REMEDIOS,ANTIOQUIA,05604
H5974005,SOCIEDAD POMA ROSA S.A.S.,ORO,POR CONFIRMAR,REMEDIOS,ANTIOQUIA,05604
H5980005,ORBAZO S A,ORO,SI,REMEDIOS,ANTIOQUIA,05604
H5980005,INVERSIONES 5980 S.A.S.,ORO,SI,REMEDIOS,ANTIOQUIA,05604
H5997005,LUIS CARLOS RESTREPO CARDEÑO,ORO,POR CONFIRMAR,SEGOVIA,ANTIOQUIA,05736
H5997005,ELICEO ANTONIO CASTAÑO,ORO,POR CONFIRMAR,SEGOVIA,ANTIOQUIA,05736
H5997005,JAIRO HUGO ESCOBAR CATAÑO,ORO,POR CONFIRMAR,SEGOVIA,ANTIOQUIA,05736
H5997005,WALTER DE JESUS RIOS VASQUEZ,ORO,POR CONFIRMAR,SEGOVIA,ANTIOQUIA,05736
H6045005,SEGOVIA GOLD S.A. SUCURSAL COLOMBIA,ORO,SI,REMEDIOS,ANTIOQUIA,05604
H6045005,C.I. COLOMBIAN MINT S.A.S.,ORO,SI,REMEDIOS,ANTIOQUIA,05604
H6045005,ARIS MINING SEGOVIA,ORO,SI,REMEDIOS,ANTIOQUIA,05604
H6045005,CARLA RESOURCES S A,ORO,SI,REMEDIOS,ANTIOQUIA,05604
H6048005,SEGOVIA GOLD S.A. SUCURSAL COLOMBIA,ORO,POR CONFIRMAR,REMEDIOS,ANTIOQUIA,05604
H6048005,CARLA RESOURCES S A,ORO,POR CONFIRMAR,REMEDIOS,ANTIOQUIA,05604
H6048005,ARIS MINING SEGOVIA,ORO,POR CONFIRMAR,REMEDIOS,ANTIOQUIA,05604
H6048005,CORPORACION MINERA DE COLOMBIA S.A.S.,ORO,POR CONFIRMAR,REMEDIOS,ANTIOQUIA,05604
H6048005,NUGGET S.A.S,ORO,POR CONFIRMAR,REMEDIOS,ANTIOQUIA,05604
H6048005,C.I. COLOMBIAN MINT S.A.S.,ORO,POR CONFIRMAR,REMEDIOS,ANTIOQUIA,05604
H6142005,RAMIRO ANTONIO CATAÑO CORREA,ORO,POR CONFIRMAR,YOLOMBÓ,ANTIOQUIA,05890
H6142005,DIEGO ARMANDO CASTRILLON CATAÑO,ORO,POR CONFIRMAR,YOLOMBÓ,ANTIOQUIA,05890
H6142005,EDGAR HUNBERTO CASTRILLON GUTIERREZ,ORO,POR CONFIRMAR,YOLOMBÓ,ANTIOQUIA,05890
H6142005,LUIS CARLOS GOMEZ HERNANDEZ,ORO,POR CONFIRMAR,YOLOMBÓ,ANTIOQUIA,05890
H6173005,QUINTANA S.A.S.,ORO VETA,SI,REMEDIOS,ANTIOQUIA,05604
H6325005,ALIRIO BUITRAGO,ORO,POR CONFIRMAR,REMEDIOS,ANTIOQUIA,05604
H6325005,LITAPEPE S.A.S,ORO,POR CONFIRMAR,REMEDIOS,ANTIOQUIA,05604
H6459005,SOCIEDAD MINERA HIDALGOS S.A,ORO,POR CONFIRMAR,REMEDIOS,ANTIOQUIA,05604
H6459005,CARLOS MARIO RESTREPO SAMPEDRO,ORO,POR CONFIRMAR,REMEDIOS,ANTIOQUIA,05604
H6459005,SOCIEDAD BUERNETT S.A.S.,ORO,POR CONFIRMAR,REMEDIOS,ANTIOQUIA,05604
H6611005,PAVIMENTAR S.A,ORO,POR CONFIRMAR,BARBOSA,ANTIOQUIA,05079
H6611005,ROBERTO ANTONIO SALAZAR SUAREZ,ORO,POR CONFIRMAR,BARBOSA,ANTIOQUIA,05079
H6756005,HERNAN GARCIA RESTREPO,ORO,POR CONFIRMAR,DON MATÍAS,ANTIOQUIA,05237
H6756005,JUAN DIEGO ZULUAGA ARISTIZABAL,ORO,POR CONFIRMAR,DON MATÍAS,ANTIOQUIA,05237
H6756005,DIEGO ARMANDO RUIZ MOYA,ORO,POR CONFIRMAR,DON MATÍAS,ANTIOQUIA,05237
H6756005,CARLOS MARIO BENJUMEA BAENA,ORO,POR CONFIRMAR,DON MATÍAS,ANTIOQUIA,05237
H6756005,LOPEZ RAMIRO ANTONIO,ORO,POR CONFIRMAR,DON MATÍAS,ANTIOQUIA,05237
H7055005,JOSE ARCESIO GOMEZ ARISTIZABAL,ORO,SI,NARIÑO,ANTIOQUIA,05483
H7055005,T.E.S S.A,ORO,SI,NARIÑO,ANTIOQUIA,05483
H7130005,ALEJANDRO CORREA CARRASQUILLA,MINERALES DE ORO Y SUS CONCENTRADOS,POR CONFIRMAR,SANTA FE DE ANTIOQUIA,ANTIOQUIA,05042
H7130005,ALEJANDRO CORREA CARRASQUILLA,MINERALES DE ORO Y SUS CONCENTRADOS,POR CONFIRMAR,SOPETRÁN,ANTIOQUIA,05761
H7130005,CONSTRUCCIONES E INVERSIONES EMPRESARIALES S.A.S.,MINERALES DE ORO Y SUS CONCENTRADOS,POR CONFIRMAR,SANTA FE DE ANTIOQUIA,ANTIOQUIA,05042
H7130005,CONSTRUCCIONES E INVERSIONES EMPRESARIALES S.A.S.,MINERALES DE ORO Y SUS CONCENTRADOS,POR CONFIRMAR,SOPETRÁN,ANTIOQUIA,05761
H7414005,ARENERA SANTA CLARA S.A.S.,MINERALES DE ORO Y SUS CONCENTRADOS,POR CONFIRMAR,CAUCASIA,ANTIOQUIA,05154
H7414005,JOSE BAYRON PIEDRAHITA CEBALLOS,MINERALES DE ORO Y SUS CONCENTRADOS,POR CONFIRMAR,CAUCASIA,ANTIOQUIA,05154
H7414005,JHON MARIO MARTINEZ DOVAL,MINERALES DE ORO Y SUS CONCENTRADOS,POR CONFIRMAR,CAUCASIA,ANTIOQUIA,05154
H7414005,JHON MARIO MARTINEZ DOVAL,MINERALES DE ORO Y SUS CONCENTRADOS,POR CONFIRMAR,CÁCERES,ANTIOQUIA,05120
H7414005,ARENERA SANTA CLARA S.A.S.,MINERALES DE ORO Y SUS CONCENTRADOS,POR CONFIRMAR,CÁCERES,ANTIOQUIA,05120
H7414005,JOSE BAYRON PIEDRAHITA CEBALLOS,MINERALES DE ORO Y SUS CONCENTRADOS,POR CONFIRMAR,CÁCERES,ANTIOQUIA,05120
HAJ-082,EZEQUIEL DE JESUS URIBE GUTIERREZ,ORO,NO,QUIBDÓ,CHOCO,27001
HAJ-082,JOSE ONEL MORENO MONTOYA,ORO,NO,QUIBDÓ,CHOCO,27001
HB7-101,ALCIDES JOAQUI JOAQUI,ORO,SI,SANTA ROSA,CAUCA,19701
HB7-101,MARIA DEL CARMEN ROJAS TOVAR,ORO,SI,SANTA ROSA,CAUCA,19701
HB7-101,WILLIAM BENAVIDES CHILITO,ORO,SI,SANTA ROSA,CAUCA,19701
HB7-101,JAVIER ESAU DIAZ ANDRADE,ORO,SI,SANTA ROSA,CAUCA,19701
HB7-101,CIRO BAMBAGUE,ORO,SI,SANTA ROSA,CAUCA,19701
HB7-101,CESAR ANACONA MABESOY,ORO,SI,SANTA ROSA,CAUCA,19701
HB7-101,JESUS ANTONIO URRUTIA OSPINA,ORO,SI,SANTA ROSA,CAUCA,19701
HB7-101,REYNEL AGUILAR MONTAÑA,ORO,SI,SANTA ROSA,CAUCA,19701
HB7-101,JOSE OCTAVIANO JURADO CORTES,ORO,SI,SANTA ROSA,CAUCA,19701
HB7-101,"C2 GOLD S.A.S. - ""C2G S.A.S.""",ORO,SI,SANTA ROSA,CAUCA,19701
HB7-101,FILEMON MEDINA NAVIA,ORO,SI,SANTA ROSA,CAUCA,19701
HB7-101,SIMON BOLIVAR ANDRADE ROSALES,ORO,SI,SANTA ROSA,CAUCA,19701
HBN-091,GOLIAT S.A.S.,ORO,SI,CHAPARRAL,TOLIMA,73168
HBN-091,LATIN MINING COLOMBIA S.A.S,ORO,SI,CHAPARRAL,TOLIMA,73168
HCIN-03,"PROMOCION DE PROYECTOS MINEROS LTDA ""PPM LTDA",ORO ALUVION,POR CONFIRMAR,ZARAGOZA,ANTIOQUIA,05895
HCIN-03,RECURSOS ALUVIALES S.A.S,ORO ALUVION,POR CONFIRMAR,ZARAGOZA,ANTIOQUIA,05895
HCIN-03,"PROYECTO COCO HONDO S.A.S ""COCO HONDO S.A.S.""",ORO ALUVION,POR CONFIRMAR,ZARAGOZA,ANTIOQUIA,05895
HDH-152,COOAGROMI,ORO,POR CONFIRMAR,QUIBDÓ,CHOCO,27001
HDQ-081,MINERA PRIMECAP RESOURCES S.A.S.,ORO,POR CONFIRMAR,LOS ANDES (Sotomayor),NARIÑO,52418
HDQ-081,MINERALES LA GOLONDRINA S.A.S.,ORO,POR CONFIRMAR,LOS ANDES (Sotomayor),NARIÑO,52418
HDQ-081,LEIDY ESMERALDA SOLARTE MAVISOY,ORO,POR CONFIRMAR,LOS ANDES (Sotomayor),NARIÑO,52418
HDQ-081,ANASTACIO ADEMELIO SOLARTE RODRIGUEZ,ORO,POR CONFIRMAR,LOS ANDES (Sotomayor),NARIÑO,52418
HDQ-081,RICHARD IGNACIO APRAEZ CAICEDO,ORO,POR CONFIRMAR,LOS ANDES (Sotomayor),NARIÑO,52418
HDQ-081,RICHAR IGNACIO APRAEZ CAICEDO,ORO,POR CONFIRMAR,LOS ANDES (Sotomayor),NARIÑO,52418
HEA-121,ALVARO MURCIA NIETO,ORO,SI,NEIVA,HUILA,41001
HEA-121,RUEDA INVERSIONES S.A.S.,ORO,SI,NEIVA,HUILA,41001
HEA-121,MINERMUNDO S.A.S.,ORO,SI,NEIVA,HUILA,41001
HEQJ-01,JAIR DE JESUS ORTIZ CANO,ORO,NO,REMEDIOS,ANTIOQUIA,05604
HEQJ-01,SOCIEDAD BUERNETT S.A.S.,ORO,NO,REMEDIOS,ANTIOQUIA,05604
HEQJ-01,CARLOS MARIO RESTREPO SAMPEDRO,ORO,NO,REMEDIOS,ANTIOQUIA,05604
HEQJ-01,SOCIEDAD MINERA HIDALGOS S.A,ORO,NO,REMEDIOS,ANTIOQUIA,05604
HGSI-02,MINERA GOLD LIMITADA,ORO,POR CONFIRMAR,MUTATÁ,ANTIOQUIA,05480
HHII-12,SAUL DAGOBERTO TRUJILLO OSORIO,ORO,POR CONFIRMAR,REMEDIOS,ANTIOQUIA,05604
HHII-12,COMPAÑIA NIJAHM S.A.S.,ORO,POR CONFIRMAR,REMEDIOS,ANTIOQUIA,05604
HHXK-01,ILBARRA S.A.S.,ORO,SI,CAUCASIA,ANTIOQUIA,05154
HHXK-01,BOGOTA COQUE LLC SUCURSAL COLOMBIANA,ORO,SI,CAUCASIA,ANTIOQUIA,05154
HHXK-01,RIBONIMSA S.A.S.,ORO,SI,NECHÍ,ANTIOQUIA,05495
HHXK-01,ILBARRA S.A.S.,ORO,SI,NECHÍ,ANTIOQUIA,05495
HHXK-01,DINDA BACANA S.A.S.,ORO,SI,CAUCASIA,ANTIOQUIA,05154
HHXK-01,RIBONIMSA S.A.S.,ORO,SI,CAUCASIA,ANTIOQUIA,05154
HHXK-01,BOGOTA COQUE LLC SUCURSAL COLOMBIANA,ORO,SI,NECHÍ,ANTIOQUIA,05495
HHXK-01,DINDA BACANA S.A.S.,ORO,SI,NECHÍ,ANTIOQUIA,05495
HIBJ-43,JAIME ALBERTO PARRA MONTOYA,ORO,POR CONFIRMAR,DABEIBA,ANTIOQUIA,05234
HIBJ-43,OLGA RIVERA GALEANO,ORO,POR CONFIRMAR,DABEIBA,ANTIOQUIA,05234
HIBJ-43,CARLOS ALBERTO MARIN ARIAS,ORO,POR CONFIRMAR,DABEIBA,ANTIOQUIA,05234
HIDJ-02,MINERIA ESPECIAL S.A.S. - MINES S.A.S.,ORO,POR CONFIRMAR,SAN CARLOS,ANTIOQUIA,05649
HIDJ-02,CARLOS ALBERTO VALENCIA OSSA,ORO,POR CONFIRMAR,SAN CARLOS,ANTIOQUIA,05649
HIT-11443X,GLORIA INES DUQUE ARIAS,ORO,NO,SANTUARIO,RISARALDA,66687
HIT-11443X,TAMARA ROMERO RESTREPO,ORO,NO,SANTUARIO,RISARALDA,66687
HIT-11443X,"INGENIERIA Y GESTION DEL TERRITORIO S.A., IGTER S.A.",ORO,NO,SANTUARIO,RISARALDA,66687
HIT-11443X,GLORIA INES DUQUE ARIAS,ORO,NO,APÍA,RISARALDA,66045
HIT-11443X,TAMARA ROMERO RESTREPO,ORO,NO,APÍA,RISARALDA,66045
HIT-11443X,WALTER DE JESUS GARCIA OSORIO,ORO,NO,APÍA,RISARALDA,66045
HIT-11443X,"INGENIERIA Y GESTION DEL TERRITORIO S.A., IGTER S.A.",ORO,NO,APÍA,RISARALDA,66045
HIT-11443X,WALTER DE JESUS GARCIA OSORIO,ORO,NO,SANTUARIO,RISARALDA,66687
HJA-08011,TIGER AMERICAN GOLD S.A.S.,ORO,NO,LÍBANO,TOLIMA,73411
HJA-08011,CORPORACION MINERA GOLD COLOMBIA S.A,ORO,NO,LÍBANO,TOLIMA,73411
HJA-08011,CORPORACION MINERA GOLD COLOMBIA S.A,ORO,NO,FALAN,TOLIMA,73270
HJA-08011,CORPORACION MINERA GOLD COLOMBIA S.A,ORO,NO,VILLAHERMOSA,TOLIMA,73870
HJA-08011,TIGER AMERICAN GOLD S.A.S.,ORO,NO,VILLAHERMOSA,TOLIMA,73870
HJA-08011,TIGER AMERICAN GOLD S.A.S.,ORO,NO,FALAN,TOLIMA,73270
HJA-08011,MINA EL GRAN PORVENIR DEL LIBANO S.A,ORO,NO,LÍBANO,TOLIMA,73411
HJA-08011,MINA EL GRAN PORVENIR DEL LIBANO S.A,ORO,NO,VILLAHERMOSA,TOLIMA,73870
HJA-08011,MINA EL GRAN PORVENIR DEL LIBANO S.A,ORO,NO,FALAN,TOLIMA,73270
HJCL-08,NELSON DE JESUS ROLDAN MARULANDA,ORO,SI,AMALFI,ANTIOQUIA,05031
HJCL-08,SOCIEDAD MINERA YOLOMBITO S.A.S.,ORO,SI,AMALFI,ANTIOQUIA,05031
HJID-03,ORLANDO DE JESUS MUÑOZ BERMUDEZ,ORO,POR CONFIRMAR,AMALFI,ANTIOQUIA,05031
HJID-03,CESAR AUGUSTO ZAMORANO GOMEZ,ORO,POR CONFIRMAR,AMALFI,ANTIOQUIA,05031
HJLI-02,WILLIAM ANTONIO BAENA VALDES,ORO,SI,GUADALUPE,ANTIOQUIA,05315
HJLI-02,MINERA LA ESPERANZA DE GUADALUPE S.A.S.,ORO,SI,GUADALUPE,ANTIOQUIA,05315
HJLI-02,FLAVIO ENRIQUE BAENA MONSALVE,ORO,SI,GUADALUPE,ANTIOQUIA,05315
HJLI-02,JADER ORREGO JHON,ORO,SI,GUADALUPE,ANTIOQUIA,05315
HJLI-02,CRISTIAN ALONSO BERRIO PÉREZ,ORO,SI,GUADALUPE,ANTIOQUIA,05315
ICQ-080216X,AGREGADOS INGECOL Y CONSTRUCCIONES SAS,MINERALES DE ORO Y SUS CONCENTRADOS,SI,CHAPARRAL,TOLIMA,73168
ICQ-080216X,AGREGADOS INGECOL Y CONSTRUCCIONES SAS,MINERALES DE ORO Y SUS CONCENTRADOS,SI,ATACO,TOLIMA,73067
ICQ-080216X,NELSON FORERO AGUIRRE,MINERALES DE ORO Y SUS CONCENTRADOS,SI,CHAPARRAL,TOLIMA,73168
ICQ-080216X,NELSON FORERO AGUIRRE,MINERALES DE ORO Y SUS CONCENTRADOS,SI,ATACO,TOLIMA,73067
ICQ-081319X,MARIA CENELIA ARIAS RAMIREZ,MINERALES DE ORO Y SUS CONCENTRADOS,SI,PALERMO,HUILA,41524
ICQ-081319X,C.I. ORO CAMPO S.A.,MINERALES DE ORO Y SUS CONCENTRADOS,SI,CAMPOALEGRE,HUILA,41132
ICQ-081319X,MARIA CENELIA ARIAS RAMIREZ,MINERALES DE ORO Y SUS CONCENTRADOS,SI,CAMPOALEGRE,HUILA,41132
ICQ-081319X,C.I. ORO CAMPO S.A.,MINERALES DE ORO Y SUS CONCENTRADOS,SI,PALERMO,HUILA,41524
ICQ-08149X,MASSEQ PROYECTOS E INGENIERIA SAS,MINERALES DE ORO Y SUS CONCENTRADOS,POR CONFIRMAR,RIVERA,HUILA,41615
ICQ-08149X,MARIA CENELIA ARIAS RAMIREZ,MINERALES DE ORO Y SUS CONCENTRADOS,POR CONFIRMAR,RIVERA,HUILA,41615
ICQ-08149X,MASSEQ PROYECTOS E INGENIERIA SAS,MINERALES DE ORO Y SUS CONCENTRADOS,POR CONFIRMAR,CAMPOALEGRE,HUILA,41132
ICQ-08149X,MARIA CENELIA ARIAS RAMIREZ,MINERALES DE ORO Y SUS CONCENTRADOS,POR CONFIRMAR,PALERMO,HUILA,41524
ICQ-08149X,MASSEQ PROYECTOS E INGENIERIA SAS,MINERALES DE ORO Y SUS CONCENTRADOS,POR CONFIRMAR,PALERMO,HUILA,41524
ICQ-08149X,MARIA CENELIA ARIAS RAMIREZ,MINERALES DE ORO Y SUS CONCENTRADOS,POR CONFIRMAR,CAMPOALEGRE,HUILA,41132
IDR-10331,COOPERATIVA MULTIACTIVA AGROMINERA DEL MUNICIPIO DE IQUIRA,ORO,SI,ÍQUIRA,HUILA,41357
IDR-10331,COOPERATIVA MULTIACTIVA AGROMINERA DEL MUNICIPIO DE IQUIRA,MINERALES DE ORO Y SUS CONCENTRADOS,SI,ÍQUIRA,HUILA,41357
IEV-16061,VICTORIANO ARIAS JARAMILLO,MINERALES DE ORO Y SUS CONCENTRADOS,SI,BARRANCO DE LOBA,BOLIVAR,13074
IEV-16061,VICTORIANO ARIAS JARAMILLO,MINERALES DE ORO Y SUS CONCENTRADOS,SI,RIOVIEJO,BOLIVAR,13600
IEV-16061,LUIS ANGEL CONSUEGRA TAVERA,MINERALES DE ORO Y SUS CONCENTRADOS,SI,BARRANCO DE LOBA,BOLIVAR,13074
IEV-16061,MINERA CUORO SAS,MINERALES DE ORO Y SUS CONCENTRADOS,SI,SAN MARTIN DE LOBA,BOLIVAR,13667
IEV-16061,MINERA CUORO SAS,MINERALES DE ORO Y SUS CONCENTRADOS,SI,BARRANCO DE LOBA,BOLIVAR,13074
IEV-16061,LUIS ANGEL CONSUEGRA TAVERA,MINERALES DE ORO Y SUS CONCENTRADOS,SI,SAN MARTIN DE LOBA,BOLIVAR,13667
IEV-16061,VICTORIANO ARIAS JARAMILLO,MINERALES DE ORO Y SUS CONCENTRADOS,SI,SAN MARTIN DE LOBA,BOLIVAR,13667
IEV-16061,SEGUNDO SALVADOR GAMBA RAMOS,MINERALES DE ORO Y SUS CONCENTRADOS,SI,SAN MARTIN DE LOBA,BOLIVAR,13667
IEV-16061,SEGUNDO SALVADOR GAMBA RAMOS,MINERALES DE ORO Y SUS CONCENTRADOS,SI,BARRANCO DE LOBA,BOLIVAR,13074
IEV-16061,MINERA CUORO SAS,MINERALES DE ORO Y SUS CONCENTRADOS,SI,RIOVIEJO,BOLIVAR,13600
IEV-16061,LUIS ANGEL CONSUEGRA TAVERA,MINERALES DE ORO Y SUS CONCENTRADOS,SI,RIOVIEJO,BOLIVAR,13600
IEV-16061,SEGUNDO SALVADOR GAMBA RAMOS,MINERALES DE ORO Y SUS CONCENTRADOS,SI,RIOVIEJO,BOLIVAR,13600
IF5-11131,PENSILVANIA G&M S.A.S.,ORO,SI,PENSILVANIA,CALDAS,17541
IF5-11131,HECTOR JAIRO GIRALDO SERNA,ORO,SI,PENSILVANIA,CALDAS,17541
IF5-11131,MINEROS S.A,ORO,SI,PENSILVANIA,CALDAS,17541
IH2-09262X,JORGE IVAN PASTOR ALVAREZ,MINERALES DE ORO Y SUS CONCENTRADOS,NO,GIRARDOTA,ANTIOQUIA,05308
IH2-09262X,YENNER ARLEY FLOREZ URIBE,MINERALES DE ORO Y SUS CONCENTRADOS,NO,GIRARDOTA,ANTIOQUIA,05308
IH8-10541,COMPAÑIA RICO MORA SOCIEDAD EN COMANDITA SIMPLE,ORO,NO,YALÍ,ANTIOQUIA,05885
IIS-15111,JORGE ELIECER VALENCIA RUIZ,MINERALES DE ORO Y SUS CONCENTRADOS,POR CONFIRMAR,LA SIERRA,CAUCA,19392
JBM-14171X,CONDOR PRECIOUS METALS S.A.S,ORO,NO,CORINTO,CAUCA,19212
JBM-14171X,CIRO RUBEN RUIZ ORTIZ,ORO,NO,CORINTO,CAUCA,19212
JBM-14171X,ANGELA MARIA RUIZ OTERO,ORO,NO,CORINTO,CAUCA,19212
JC3-09491,MAYERLY YARDLEY MORENO BARRERA,ORO,SI,SANTA ROSA,CAUCA,19701
JC3-09491,YESID MORENO GUACANEME,ORO,SI,SANTA ROSA,CAUCA,19701
JC3-09491,LUIS ORLANDO PINILLA PRIETO,ORO,SI,SANTA ROSA,CAUCA,19701
JD4-15221,RAFAEL TARAZONA MARTINEZ,ORO,SI,NOROSI,BOLIVAR,13490
JD4-15221,MARIO CABALLERO NORIEGA,ORO,SI,NOROSI,BOLIVAR,13490
JD4-15221,C.I. SAN PANCRACIO S.A.S,ORO,SI,NOROSI,BOLIVAR,13490
JD4-15222,JAIRO GIL GALLEGO,MINERALES DE ORO Y SUS CONCENTRADOS,SI,CÁCERES,ANTIOQUIA,05120
JD4-15222,VICTOR HUGO RUIZ BARRERA,MINERALES DE ORO Y SUS CONCENTRADOS,SI,CÁCERES,ANTIOQUIA,05120
JDG-14191,SAUL GUILLERMO SANCHEZ SUAREZ,ORO,SI,COYAIMA,TOLIMA,73217
JDG-16061,DANIEL DE JESUS CORREA HOYOS,MINERALES DE ORO Y SUS CONCENTRADOS,POR CONFIRMAR,TARAZÁ,ANTIOQUIA,05790
JDG-16061,MINERA EL BUEN PASTOR S.A.S.,MINERALES DE ORO Y SUS CONCENTRADOS,POR CONFIRMAR,TARAZÁ,ANTIOQUIA,05790
JG3-16392,CELIA VELASQUEZ FERIA,MINERALES DE ORO Y SUS CONCENTRADOS,POR CONFIRMAR,LEBRIJA,SANTANDER,68406
JG3-16392,DORA ESPERANZA ACERO COLMENARES,MINERALES DE ORO Y SUS CONCENTRADOS,POR CONFIRMAR,LEBRIJA,SANTANDER,68406
JG3-16392,CELIA VELASQUEZ FERIA,MINERALES DE ORO Y SUS CONCENTRADOS,POR CONFIRMAR,RIONEGRO,SANTANDER,68615
JG3-16392,ALICANTO COLOMBIA S.A.S,MINERALES DE ORO Y SUS CONCENTRADOS,POR CONFIRMAR,LEBRIJA,SANTANDER,68406
JG3-16392,ALICANTO COLOMBIA S.A.S,MINERALES DE ORO Y SUS CONCENTRADOS,POR CONFIRMAR,RIONEGRO,SANTANDER,68615
JG3-16392,DORA ESPERANZA ACERO COLMENARES,MINERALES DE ORO Y SUS CONCENTRADOS,POR CONFIRMAR,RIONEGRO,SANTANDER,68615
JG4-16531,COOPERATIVA MULTIACTIVA MINERA DEL CARIBONA,ORO,SI,MONTECRISTO,BOLIVAR,13458
JG4-16531,MINEROS DEL CARIBONA GOLD S.A.S.- MINECAR GOLD S.A.S.,ORO,SI,MONTECRISTO,BOLIVAR,13458
JGE-11221,JHON JAIRO VALENCIA RINCON,"MINERALES DE ORO Y PLATINO, Y SUS CONCENTRADOS",POR CONFIRMAR,SANTA ROSA DEL SUR,BOLIVAR,13688
JGE-11221,FUNDACION UNIDAD SOLIDARIA,"MINERALES DE ORO Y PLATINO, Y SUS CONCENTRADOS",POR CONFIRMAR,SANTA ROSA DEL SUR,BOLIVAR,13688
JGF-09412,JOSE LUIS AVELLA SANTOS,"MINERALES DE ORO Y PLATINO, Y SUS CONCENTRADOS",NO,RIOVIEJO,BOLIVAR,13600
JGF-09412,SOCIEDAD MINERA LOS MATES S.A.S.,"MINERALES DE ORO Y PLATINO, Y SUS CONCENTRADOS",NO,RIOVIEJO,BOLIVAR,13600
JGF-09412,JOSE LUIS AVELLA SANTOS,"MINERALES DE ORO Y PLATINO, Y SUS CONCENTRADOS",NO,SAN MARTIN DE LOBA,BOLIVAR,13667
JGF-09412,SOCIEDAD MINERA LOS MATES S.A.S.,"MINERALES DE ORO Y PLATINO, Y SUS CONCENTRADOS",NO,NOROSI,BOLIVAR,13490
JGF-09412,SOCIEDAD MINERA LOS MATES S.A.S.,"MINERALES DE ORO Y PLATINO, Y SUS CONCENTRADOS",NO,SAN MARTIN DE LOBA,BOLIVAR,13667
JGF-09412,JOSE LUIS AVELLA SANTOS,"MINERALES DE ORO Y PLATINO, Y SUS CONCENTRADOS",NO,NOROSI,BOLIVAR,13490
JIM-14382,ANDRÉS FELIPE RAMÍREZ RAMÍREZ,MINERALES DE ORO Y SUS CONCENTRADOS,SI,AGUADAS,CALDAS,17013
JIM-14382,GLORIA ESPERANZA ECHEVERRI RÍOS,MINERALES DE ORO Y SUS CONCENTRADOS,SI,AGUADAS,CALDAS,17013
JIM-14382,LINA MARÍA RAMÍREZ  DELGADO,MINERALES DE ORO Y SUS CONCENTRADOS,SI,AGUADAS,CALDAS,17013
JIM-14382,MEDIO AMBIENTE INGENIERIA SAS,MINERALES DE ORO Y SUS CONCENTRADOS,SI,AGUADAS,CALDAS,17013
JIM-14382,JUAN DAVID RAMÍREZ RAMÍREZ,MINERALES DE ORO Y SUS CONCENTRADOS,SI,AGUADAS,CALDAS,17013
JIM-14382,RUBEN DARIO RAMIREZ OROZCO,MINERALES DE ORO Y SUS CONCENTRADOS,SI,AGUADAS,CALDAS,17013
JJE-080413X,MALBEC INVERSIONES S.A.S.,"MINERALES DE ORO Y PLATINO, Y SUS CONCENTRADOS",NO,REMEDIOS,ANTIOQUIA,05604
JJE-080413X,GUSTAVO JOSE KOCH HERRERA,"MINERALES DE ORO Y PLATINO, Y SUS CONCENTRADOS",NO,REMEDIOS,ANTIOQUIA,05604
JJE-080413X,CONTINENTAL GOLD LIMITED SUCURSAL COLOMBIA,"MINERALES DE ORO Y PLATINO, Y SUS CONCENTRADOS",NO,REMEDIOS,ANTIOQUIA,05604
KB5-15371,JHON JAIME HENAO ZAPATA,MINERALES DE ORO Y SUS CONCENTRADOS,NO,CÁCERES,ANTIOQUIA,05120
KEE-11211,GRUPO EMPRESARIAL MINERO JERUSALEM S.A.S.,"MINERALES DE ORO Y PLATINO, Y SUS CONCENTRADOS",SI,PAILITAS,CESAR,20517
KEE-11211,MINERALES JERUSALEM S.A.S.,"MINERALES DE ORO Y PLATINO, Y SUS CONCENTRADOS",SI,PELAYA,CESAR,20550
KEE-11211,MINERALES JERUSALEM S.A.S.,"MINERALES DE ORO Y PLATINO, Y SUS CONCENTRADOS",SI,PAILITAS,CESAR,20517
KEE-11211,ANIBAL LERICIT ARIAS,"MINERALES DE ORO Y PLATINO, Y SUS CONCENTRADOS",SI,PELAYA,CESAR,20550
KEE-11211,ANIBAL LERICIT ARIAS,"MINERALES DE ORO Y PLATINO, Y SUS CONCENTRADOS",SI,PAILITAS,CESAR,20517
KEE-11211,GRUPO EMPRESARIAL MINERO JERUSALEM S.A.S.,"MINERALES DE ORO Y PLATINO, Y SUS CONCENTRADOS",SI,PELAYA,CESAR,20550
L2662005,LUZ MARLENY CASTAÑO ROLDAN,ORO,SI,AMALFI,ANTIOQUIA,05031
L2662005,LUZ MARLENY CASTAÑO ROLDAN,MINERALES DE ORO Y SUS CONCENTRADOS,SI,AMALFI,ANTIOQUIA,05031
L315005,EL PORVENIR MINERO S.A.S.,ORO,SI,REMEDIOS,ANTIOQUIA,05604
L315005,EL PORVENIR MINERO S.A.S.,ORO,SI,VEGACHÍ,ANTIOQUIA,05858
L315005,NOHELIA CANO TORO,ORO,SI,VEGACHÍ,ANTIOQUIA,05858
L315005,NOHELIA CANO TORO,ORO,SI,REMEDIOS,ANTIOQUIA,05604
L315005,JUAN ALBERTO CANO TORO,ORO,SI,VEGACHÍ,ANTIOQUIA,05858
L315005,JUAN ALBERTO CANO TORO,ORO,SI,REMEDIOS,ANTIOQUIA,05604
L4439005,AURELIANO DE JESUS PEREZ RESTREPO,ORO VETA,NO,REMEDIOS,ANTIOQUIA,05604
L4439005,"MINATURA COLOMBIA S.A.S ""MCOL S.A.S""",ORO VETA,NO,REMEDIOS,ANTIOQUIA,05604
L4439005,SOCIEDAD MINERA LOS LAMENTOS S.A.S.,ORO VETA,NO,REMEDIOS,ANTIOQUIA,05604
L4439005,"PROYECTO COCO HONDO S.A.S ""COCO HONDO S.A.S.""",ORO VETA,NO,REMEDIOS,ANTIOQUIA,05604
L4439005,"CAMARA MINERA DE COLOMBIA S.A.S. ""CAMMICOL S.A.S.""",ORO VETA,NO,REMEDIOS,ANTIOQUIA,05604
L4804005,INMOBILIARIA SOL DEL ESTE S.A.S,MINERALES DE ORO Y SUS CONCENTRADOS,POR CONFIRMAR,SOPETRÁN,ANTIOQUIA,05761
L4804005,JUAN RAFAEL LALINDE GALLEGO,MINERALES DE ORO Y SUS CONCENTRADOS,POR CONFIRMAR,SOPETRÁN,ANTIOQUIA,05761
L5176005,JORGE OSORIO LOPEZ,ORO,POR CONFIRMAR,VEGACHÍ,ANTIOQUIA,05858
L5186005,MOROCOTA GOLD SAS,MINERALES DE ORO Y SUS CONCENTRADOS,POR CONFIRMAR,GÓMEZ PLATA,ANTIOQUIA,05310
L5186005,GILDARDO MONTOYA HINCAPIE,MINERALES DE ORO Y SUS CONCENTRADOS,POR CONFIRMAR,GÓMEZ PLATA,ANTIOQUIA,05310
L5186005,LUZ MERY MARTINEZ VERGARA,MINERALES DE ORO Y SUS CONCENTRADOS,POR CONFIRMAR,GÓMEZ PLATA,ANTIOQUIA,05310
L5186005,PROYECTO MINA SANTA MARÍA S.A.S,MINERALES DE ORO Y SUS CONCENTRADOS,POR CONFIRMAR,GÓMEZ PLATA,ANTIOQUIA,05310
L5293005,LUIS EDUARDO LOPEZ CEPEDA,ORO,POR CONFIRMAR,SAN VICENTE,ANTIOQUIA,05674
L5293005,LUIS EDUARDO LOPEZ CEPEDA,ORO,POR CONFIRMAR,BARBOSA,ANTIOQUIA,05079
L5293005,MOMOTUS GOLD SAS,ORO,POR CONFIRMAR,BARBOSA,ANTIOQUIA,05079
L5293005,MOMOTUS GOLD SAS,ORO,POR CONFIRMAR,SAN VICENTE,ANTIOQUIA,05674
L5419005,ANTIOQUIA GOLD LTD.,MINERALES DE ORO Y SUS CONCENTRADOS,SI,SANTO DOMINGO,ANTIOQUIA,05690
L5419005,ANTIOQUIA GOLD LTD.,ORO,SI,SANTO DOMINGO,ANTIOQUIA,05690
L5682005,CONTINENTAL GOLD LIMITED SUCURSAL COLOMBIA,MINERALES DE ORO Y SUS CONCENTRADOS,SI,ZARAGOZA,ANTIOQUIA,05895
L5682005,CONTINENTAL GOLD LIMITED SUCURSAL COLOMBIA,ORO,SI,ZARAGOZA,ANTIOQUIA,05895
L5682005,OPERADORA MINERA S.A.S.,ORO,SI,ZARAGOZA,ANTIOQUIA,05895
L5682005,OPERADORA MINERA S.A.S.,ORO,SI,EL BAGRE,ANTIOQUIA,05250
L5682005,MINEROS S.A,ORO,SI,ZARAGOZA,ANTIOQUIA,05895
L5682005,OPERADORA MINERA S.A.S.,MINERALES DE ORO Y SUS CONCENTRADOS,SI,ZARAGOZA,ANTIOQUIA,05895
L5682005,OPERADORA MINERA S.A.S.,MINERALES DE ORO Y SUS CONCENTRADOS,SI,EL BAGRE,ANTIOQUIA,05250
L5682005,ARMANDO ESTRADA SALAZAR,ORO,SI,EL BAGRE,ANTIOQUIA,05250
L5682005,CONTINENTAL GOLD LIMITED SUCURSAL COLOMBIA,MINERALES DE ORO Y SUS CONCENTRADOS,SI,EL BAGRE,ANTIOQUIA,05250
L5682005,CONTINENTAL GOLD LIMITED SUCURSAL COLOMBIA,ORO,SI,EL BAGRE,ANTIOQUIA,05250
L5682005,ARMANDO ESTRADA SALAZAR,ORO,SI,ZARAGOZA,ANTIOQUIA,05895
L5682005,MINEROS S.A,ORO,SI,EL BAGRE,ANTIOQUIA,05250
L5682005,ARMANDO ESTRADA SALAZAR,MINERALES DE ORO Y SUS CONCENTRADOS,SI,ZARAGOZA,ANTIOQUIA,05895
L5682005,MINEROS S.A,MINERALES DE ORO Y SUS CONCENTRADOS,SI,ZARAGOZA,ANTIOQUIA,05895
L5682005,MINEROS S.A,MINERALES DE ORO Y SUS CONCENTRADOS,SI,EL BAGRE,ANTIOQUIA,05250
L5682005,ARMANDO ESTRADA SALAZAR,MINERALES DE ORO Y SUS CONCENTRADOS,SI,EL BAGRE,ANTIOQUIA,05250
L5707005,CARLOS IGNACIO VELEZ GONZALEZ,ORO,POR CONFIRMAR,NECHÍ,ANTIOQUIA,05495
L5707005,INVERSIONES LUDER S.A,ORO,POR CONFIRMAR,NECHÍ,ANTIOQUIA,05495
L853005,CERRO MATOSO SA,ORO,POR CONFIRMAR,CÁCERES,ANTIOQUIA,05120
L853005,CERRO MATOSO SA,ORO,POR CONFIRMAR,PLANETA RICA,CORDOBA,23555
L853005,CERRO MATOSO SA,ORO,POR CONFIRMAR,MONTERÍA,CORDOBA,23001
L853005,CERRO MATOSO SA,ORO,POR CONFIRMAR,SAN JOSE DE URE,CORDOBA,23682
L853005,CERRO MATOSO SA,ORO,POR CONFIRMAR,TARAZÁ,ANTIOQUIA,05790
L853005,CERRO MATOSO SA,ORO,POR CONFIRMAR,PUERTO LIBERTADOR,CORDOBA,23580
L853005,CERRO MATOSO SA,ORO,POR CONFIRMAR,MONTELÍBANO,CORDOBA,23466
LFL-08551,GRUPO EMPRESARIAL MINERO JERUSALEM S.A.S.,"MINERALES DE ORO Y PLATINO, Y SUS CONCENTRADOS",SI,LA GLORIA,CESAR,20383
LFL-08551,JULIO CESAR OÑATE MARTINEZ,"MINERALES DE ORO Y PLATINO, Y SUS CONCENTRADOS",SI,LA GLORIA,CESAR,20383
LFL-08551,JULIO CESAR OÑATE MARTINEZ,"MINERALES DE ORO Y PLATINO, Y SUS CONCENTRADOS",SI,PAILITAS,CESAR,20517
LFL-08551,GRUPO EMPRESARIAL MINERO JERUSALEM S.A.S.,"MINERALES DE ORO Y PLATINO, Y SUS CONCENTRADOS",SI,PELAYA,CESAR,20550
LFL-08551,GRUPO EMPRESARIAL MINERO JERUSALEM S.A.S.,"MINERALES DE ORO Y PLATINO, Y SUS CONCENTRADOS",SI,PAILITAS,CESAR,20517
LFL-08551,JULIO CESAR OÑATE MARTINEZ,"MINERALES DE ORO Y PLATINO, Y SUS CONCENTRADOS",SI,PELAYA,CESAR,20550
LH0071-17,COMUNIDAD MINERA GUAYABALES,ORO,SI,MARMATO,CALDAS,17442
LH0071-17,COMUNIDAD MINERA GUAYABALES,ORO,SI,SUPIA,CALDAS,17777
LH2-11461,JESUS ARLES MARTINEZ,MINERALES DE ORO Y SUS CONCENTRADOS,SI,POPAYÁN,CAUCA,19001
LIR-08431,JULIO CESAR OÑATE MARTINEZ,"MINERALES DE ORO Y PLATINO, Y SUS CONCENTRADOS",SI,LA GLORIA,CESAR,20383
LIR-08431,JULIO CESAR OÑATE MARTINEZ,"MINERALES DE ORO Y PLATINO, Y SUS CONCENTRADOS",SI,PELAYA,CESAR,20550
LIR-08431,GRUPO MINERO NAZARET S.A.S.,"MINERALES DE ORO Y PLATINO, Y SUS CONCENTRADOS",SI,PELAYA,CESAR,20550
LIR-08431,GRUPO MINERO NAZARET S.A.S.,"MINERALES DE ORO Y PLATINO, Y SUS CONCENTRADOS",SI,LA GLORIA,CESAR,20383
LSB-06,JUSTO ULLOQUE ARROLLO,ORO,SI,NOROSI,BOLIVAR,13490
LSB-06,SANTANDER EDY LUNA JIMENEZ,ORO,SI,NOROSI,BOLIVAR,13490
LSB-06,LUIS DIONICIO MENDEZ MUÑOZ,ORO,SI,NOROSI,BOLIVAR,13490
LSB-06,INVERSIONES CUMMINGS S.A.S,ORO,SI,NOROSI,BOLIVAR,13490
LSB-06,VICTOR MANUEL SALCEDO AGUAS,ORO,SI,NOROSI,BOLIVAR,13490
LSB-06,MANUEL GUSTAVO PEREZ RIVERA,ORO,SI,NOROSI,BOLIVAR,13490
LSB-06,JOSE CLIMACO ARIAS LONDOÑO,ORO,SI,NOROSI,BOLIVAR,13490
LSB-07,JUSTO ULLOQUE ARROLLO,ORO,POR CONFIRMAR,TIQUISIO (Puerto Rico),BOLIVAR,13810
LSB-07,EDGARDO MENDEZ ZALLAS,ORO,POR CONFIRMAR,TIQUISIO (Puerto Rico),BOLIVAR,13810
LSB-07,FELIPE LOPEZ CABARCAS,ORO,POR CONFIRMAR,TIQUISIO (Puerto Rico),BOLIVAR,13810
LSB-07,FELIPE LOPEZ ALCARIN,ORO,POR CONFIRMAR,TIQUISIO (Puerto Rico),BOLIVAR,13810
LSB-07,JAIME MONTES FUNES,ORO,POR CONFIRMAR,TIQUISIO (Puerto Rico),BOLIVAR,13810
LSB-14,FEDEAGROMISBOL,ORO,SI,MORALES,BOLIVAR,13473
LSB-14,FEDEAGROMISBOL,ORO,SI,ARENAL,BOLIVAR,13042
LSB-14,SAN LUCAS GOLD CORP,ORO,SI,ARENAL,BOLIVAR,13042
LSB-14,SAN LUCAS GOLD CORP,ORO,SI,MORALES,BOLIVAR,13473
LSB-15,SAN LUCAS GOLD CORP,ORO,SI,MORALES,BOLIVAR,13473
LSB-15,SAN LUCAS GOLD CORP,ORO,SI,ARENAL,BOLIVAR,13042
LSB-15,FEDEAGROMISBOL,ORO,SI,MORALES,BOLIVAR,13473
LSB-15,FEDEAGROMISBOL,ORO,SI,ARENAL,BOLIVAR,13042
LSB-17,FEDEAGROMISBOL,ORO,SI,ARENAL,BOLIVAR,13042
LSB-17,SAN LUCAS GOLD CORP,ORO,SI,ARENAL,BOLIVAR,13042
LSB-19,FEDEAGROMISBOL,ORO,POR CONFIRMAR,MORALES,BOLIVAR,13473
LSB-19,SAN LUCAS GOLD CORP,ORO,POR CONFIRMAR,MORALES,BOLIVAR,13473
LSB-2,FEDEAGROMISBOL,ORO,SI,MONTECRISTO,BOLIVAR,13458
LSB-2,SAN LUCAS GOLD CORP,ORO,SI,MONTECRISTO,BOLIVAR,13458
LSB-20,SAN LUCAS GOLD CORP,ORO,SI,ARENAL,BOLIVAR,13042
LSB-20,SAN LUCAS GOLD CORP,ORO,SI,MORALES,BOLIVAR,13473
LSB-20,FEDEAGROMISBOL,ORO,SI,ARENAL,BOLIVAR,13042
LSB-20,FEDEAGROMISBOL,ORO,SI,MORALES,BOLIVAR,13473
LSB-22,FEDEAGROMISBOL,ORO,SI,ARENAL,BOLIVAR,13042
LSB-22,FEDEAGROMISBOL,ORO,SI,MORALES,BOLIVAR,13473
LSB-22,FEDEAGROMISBOL,ORO,SI,MONTECRISTO,BOLIVAR,13458
LSB-22,SAN LUCAS GOLD CORP,ORO,SI,MONTECRISTO,BOLIVAR,13458
LSB-22,SAN LUCAS GOLD CORP,ORO,SI,ARENAL,BOLIVAR,13042
LSB-22,SAN LUCAS GOLD CORP,ORO,SI,MORALES,BOLIVAR,13473
LSB-3,SAN LUCAS GOLD CORP,ORO,SI,MONTECRISTO,BOLIVAR,13458
LSB-3,FEDEAGROMISBOL,ORO,SI,MONTECRISTO,BOLIVAR,13458
LSB-4,SAN LUCAS GOLD CORP,ORO,POR CONFIRMAR,MONTECRISTO,BOLIVAR,13458
LSB-4,FEDEAGROMISBOL,ORO,POR CONFIRMAR,MONTECRISTO,BOLIVAR,13458
LSB-41,M Y M INVERSIONES Y CONSULTORIA S.A.S.,ORO,SI,BARRANCO DE LOBA,BOLIVAR,13074
LSB-41,JORGE ELIECER ANGULO CENTENO,ORO,SI,BARRANCO DE LOBA,BOLIVAR,13074
LSB-74,JAIME HUMBERTO ARAQUE RIZO,ORO,SI,BARRANCO DE LOBA,BOLIVAR,13074
LSB-74,AM RESOURCES SAS,ORO,SI,BARRANCO DE LOBA,BOLIVAR,13074
NFR-10021,EDUARDO PUERTA ECHAVEZ,MINERALES DE ORO Y SUS CONCENTRADOS,NO,SAN MARTIN DE LOBA,BOLIVAR,13667
NFT-10041,JOSE DELFIN ROJAS CHICUE,MINERALES DE ORO Y SUS CONCENTRADOS,SI,POPAYÁN,CAUCA,19001
NHR-16512,EDUARDO RAMIRO BURBANO LOPEZ,"MINERALES DE ORO Y PLATINO, Y SUS CONCENTRADOS",SI,MOCOA,PUTUMAYO,86001
NHR-16512,EDUARDO RAMIRO BURBANO LOPEZ,"MINERALES DE ORO Y PLATINO, Y SUS CONCENTRADOS",SI,PUERTO GUZMÁN,PUTUMAYO,86571
NK7-09291,JOSE ANIBAL JIMENEZ,MINERALES DE ORO Y SUS CONCENTRADOS,NO,CÁCERES,ANTIOQUIA,05120
OE6-10081,MANUEL JOSE LONDONO DELGADO,MINERALES DE ORO Y SUS CONCENTRADOS,NO,GÓMEZ PLATA,ANTIOQUIA,05310
OE8-08532,VAIRON ESTEBAN HOYOS GRANDA,MINERALES DE ORO Y SUS CONCENTRADOS,NO,SAN ROQUE,ANTIOQUIA,05670
OE8-08532,VAIRON ESTEBAN HOYOS GRANDA,MINERALES DE ORO Y SUS CONCENTRADOS,NO,MACEO,ANTIOQUIA,05425
OEA-16122,RICARDO ADOLFO JOYA MEJIA,MINERALES DE ORO Y SUS CONCENTRADOS,NO,HATILLO DE LOBA,BOLIVAR,13300
OG3-08482,REINALDO RUIZ TORRES,MINERALES DE ORO Y SUS CONCENTRADOS,NO,LA DORADA,CALDAS,17380
P1994011,MAITEE PINO HERNANDEZ,ORO VETA,NO,AMALFI,ANTIOQUIA,05031
P1994011,SANDRA MARCELA CASTAÑO HERNANDEZ,ORO VETA,NO,AMALFI,ANTIOQUIA,05031
P1994011,LUZ MARLENY CASTAÑO ROLDAN,ORO VETA,NO,AMALFI,ANTIOQUIA,05031
P1994011,JOSE ROGELIO CASTAÑO ROLDAN,ORO VETA,NO,AMALFI,ANTIOQUIA,05031
P1994011,SANDRA MARCELA CASTAÑO HERNANDEZ,MINERALES DE ORO Y SUS CONCENTRADOS,NO,AMALFI,ANTIOQUIA,05031
P1994011,JOSE ROGELIO CASTAÑO ROLDAN,MINERALES DE ORO Y SUS CONCENTRADOS,NO,AMALFI,ANTIOQUIA,05031
P1994011,JHER HAYDER CASTAÑO PINO,MINERALES DE ORO Y SUS CONCENTRADOS,NO,AMALFI,ANTIOQUIA,05031
P1994011,ANA MARIA CASTAÑO HERNANDEZ,ORO VETA,NO,AMALFI,ANTIOQUIA,05031
P1994011,LUZ MARLENY CASTAÑO ROLDAN,MINERALES DE ORO Y SUS CONCENTRADOS,NO,AMALFI,ANTIOQUIA,05031
P1994011,MAITEE PINO HERNANDEZ,MINERALES DE ORO Y SUS CONCENTRADOS,NO,AMALFI,ANTIOQUIA,05031
P1994011,JHER HAYDER CASTAÑO PINO,ORO VETA,NO,AMALFI,ANTIOQUIA,05031
P1994011,ANA MARIA CASTAÑO HERNANDEZ,MINERALES DE ORO Y SUS CONCENTRADOS,NO,AMALFI,ANTIOQUIA,05031
P1994011,STEVEN CASTAÑO PINO,MINERALES DE ORO Y SUS CONCENTRADOS,NO,AMALFI,ANTIOQUIA,05031
P1994011,STEVEN CASTAÑO PINO,ORO VETA,NO,AMALFI,ANTIOQUIA,05031
P6192011,JHER HAYDER CASTAÑO PINO,MINERALES DE ORO Y SUS CONCENTRADOS,POR CONFIRMAR,AMALFI,ANTIOQUIA,05031
P6192011,ANTONIO CASTAÑO RAMON,MINERALES DE ORO Y SUS CONCENTRADOS,POR CONFIRMAR,AMALFI,ANTIOQUIA,05031
P6192011,ANA MARIA CASTAÑO HERNANDEZ,MINERALES DE ORO Y SUS CONCENTRADOS,POR CONFIRMAR,AMALFI,ANTIOQUIA,05031
P6192011,STEVEN CASTAÑO PINO,MINERALES DE ORO Y SUS CONCENTRADOS,POR CONFIRMAR,AMALFI,ANTIOQUIA,05031
P6192011,SANDRA MARCELA CASTAÑO HERNANDEZ,ORO,POR CONFIRMAR,AMALFI,ANTIOQUIA,05031
P6192011,SANDRA MARCELA CASTAÑO HERNANDEZ,MINERALES DE ORO Y SUS CONCENTRADOS,POR CONFIRMAR,AMALFI,ANTIOQUIA,05031
P6192011,JHER HAYDER CASTAÑO PINO,ORO,POR CONFIRMAR,AMALFI,ANTIOQUIA,05031
P6192011,STEVEN CASTAÑO PINO,ORO,POR CONFIRMAR,AMALFI,ANTIOQUIA,05031
P6192011,ANA MARIA CASTAÑO HERNANDEZ,ORO,POR CONFIRMAR,AMALFI,ANTIOQUIA,05031
P6192011,ANTONIO CASTAÑO RAMON,ORO,POR CONFIRMAR,AMALFI,ANTIOQUIA,05031
P6192011,JOSE ROGELIO CASTAÑO ROLDAN,ORO,POR CONFIRMAR,AMALFI,ANTIOQUIA,05031
P6192011,JOSE ROGELIO CASTAÑO ROLDAN,MINERALES DE ORO Y SUS CONCENTRADOS,POR CONFIRMAR,AMALFI,ANTIOQUIA,05031
P7299011,JAIR DE JESUS ORTIZ CANO,ORO VETA,POR CONFIRMAR,REMEDIOS,ANTIOQUIA,05604
P7299011,"MINATURA COLOMBIA S.A.S ""MCOL S.A.S""",ORO VETA,POR CONFIRMAR,REMEDIOS,ANTIOQUIA,05604
P7299011,"PROYECTO COCO HONDO S.A.S ""COCO HONDO S.A.S.""",ORO VETA,POR CONFIRMAR,REMEDIOS,ANTIOQUIA,05604
P7299011,REMEDIOS GOLD S.A.S.,ORO VETA,POR CONFIRMAR,REMEDIOS,ANTIOQUIA,05604
P7299011,MINEROS EXPERTOS EN OPERACIONES SUBTERRÁNEAS S.A.S. MINEXOS S.A.S.,ORO VETA,POR CONFIRMAR,REMEDIOS,ANTIOQUIA,05604
P7299011,"CAMARA MINERA DE COLOMBIA S.A.S. ""CAMMICOL S.A.S.""",ORO VETA,POR CONFIRMAR,REMEDIOS,ANTIOQUIA,05604
P7495011,LUIS FERNANDO PALACIO CASTAÑO,MINERALES DE ORO Y SUS CONCENTRADOS,POR CONFIRMAR,BURITICÁ,ANTIOQUIA,05113
P7495011,LUIS FERNANDO PALACIO CASTAÑO,ORO,POR CONFIRMAR,BURITICÁ,ANTIOQUIA,05113
P7495011,CONTINENTAL GOLD LIMITED SUCURSAL COLOMBIA,MINERALES DE ORO Y SUS CONCENTRADOS,POR CONFIRMAR,BURITICÁ,ANTIOQUIA,05113
P7495011,CONTINENTAL GOLD LIMITED SUCURSAL COLOMBIA,ORO,POR CONFIRMAR,BURITICÁ,ANTIOQUIA,05113
P8717011,MINERIA INTEGRAL DE COLOMBIA S.A.S. MININCOL S.A.S.,ORO,POR CONFIRMAR,ANDES,ANTIOQUIA,05034
P8717011,NICANOR MARIA RESTREPO RESTREPO,ORO,POR CONFIRMAR,ANDES,ANTIOQUIA,05034
P8717011,NI-MARIA J S.A.S.,ORO,POR CONFIRMAR,ANDES,ANTIOQUIA,05034
QB3-08021,DIANA ALEJANDRA GOMEZ PAZ,"MINERALES DE ORO Y PLATINO, Y SUS CONCENTRADOS",NO,JAMUNDÍ,VALLE,76364
R12011,FOUR POINTS MINING S.A.S,ORO,POR CONFIRMAR,ZARAGOZA,ANTIOQUIA,05895
R12011,CONTINENTAL GOLD LIMITED SUCURSAL COLOMBIA,ORO,POR CONFIRMAR,ZARAGOZA,ANTIOQUIA,05895
R140011,FRONTINO GOLD MINES LIMITED,ORO,SI,SEGOVIA,ANTIOQUIA,05736
R140011,ARIS MINING SEGOVIA,ORO,SI,REMEDIOS,ANTIOQUIA,05604
R140011,FRONTINO GOLD MINES LIMITED,ORO,SI,REMEDIOS,ANTIOQUIA,05604
R140011,ARIS MINING SEGOVIA,ORO,SI,SEGOVIA,ANTIOQUIA,05736
R14011,COMPAÑIA MINERA DE AMALFI S.O.M.,ORO,POR CONFIRMAR,AMALFI,ANTIOQUIA,05031
R220A11,WORLD MINING CORPORATION,ORO,POR CONFIRMAR,ANORÍ,ANTIOQUIA,05040
R220B11,WORLD MINING CORPORATION,ORO,POR CONFIRMAR,ANORÍ,ANTIOQUIA,05040
R220C11,WORLD MINING CORPORATION,ORO,POR CONFIRMAR,ZARAGOZA,ANTIOQUIA,05895
R220C11,WORLD MINING CORPORATION,ORO,POR CONFIRMAR,ANORÍ,ANTIOQUIA,05040
R220C11,WORLD MINING CORPORATION,ORO,POR CONFIRMAR,CÁCERES,ANTIOQUIA,05120
R220D11,WORLD MINING CORPORATION,ORO,POR CONFIRMAR,CÁCERES,ANTIOQUIA,05120
R220D11,WORLD MINING CORPORATION,ORO,POR CONFIRMAR,ZARAGOZA,ANTIOQUIA,05895
R220D11,WORLD MINING CORPORATION,ORO,POR CONFIRMAR,ANORÍ,ANTIOQUIA,05040
R220E11,WORLD MINING CORPORATION,ORO,POR CONFIRMAR,ZARAGOZA,ANTIOQUIA,05895
R220E11,WORLD MINING CORPORATION,ORO,POR CONFIRMAR,CÁCERES,ANTIOQUIA,05120
R220F11,WORLD MINING CORPORATION,ORO,POR CONFIRMAR,ANORÍ,ANTIOQUIA,05040
R220F11,WORLD MINING CORPORATION,ORO,POR CONFIRMAR,CÁCERES,ANTIOQUIA,05120
R260A11,JAVIER DE JESUS MARQUEZ VARGAS,ORO ALUVION,POR CONFIRMAR,ENTRERRIOS,ANTIOQUIA,05264
R260A11,DIONISIO ALFONSO PALACIO CARDENAS,ORO ALUVION,POR CONFIRMAR,ENTRERRIOS,ANTIOQUIA,05264
R260A11,JAIME IVAN MARQUEZ VARGAS,ORO ALUVION,POR CONFIRMAR,BELMIRA,ANTIOQUIA,05086
R260A11,DIONISIO ELKIN DE JESUS PALACIO AVENDAÑO,ORO ALUVION,POR CONFIRMAR,BELMIRA,ANTIOQUIA,05086
R260A11,JAVIER DE JESUS MARQUEZ  VARGAS,ORO ALUVION,POR CONFIRMAR,BELMIRA,ANTIOQUIA,05086
R260A11,LIBIA DEL SOCORRO MARQUEZ VARGAS,ORO ALUVION,POR CONFIRMAR,ENTRERRIOS,ANTIOQUIA,05264
R260A11,GERMAN GUILLERMO MARQUEZ VARGAS,ORO ALUVION,POR CONFIRMAR,BELMIRA,ANTIOQUIA,05086
R260A11,INES FABIOLA PALACIO AVENDAÑO,ORO ALUVION,POR CONFIRMAR,BELMIRA,ANTIOQUIA,05086
R260A11,DIONISIO ELKIN DE JESUS PALACIO AVENDAÑO,ORO ALUVION,POR CONFIRMAR,ENTRERRIOS,ANTIOQUIA,05264
R260A11,ELVIA JUDITH MARQUEZ  VARGAS,ORO ALUVION,POR CONFIRMAR,ENTRERRIOS,ANTIOQUIA,05264
R260A11,ANGELA RITA PALACIO AVENDAÑO,ORO ALUVION,POR CONFIRMAR,ENTRERRIOS,ANTIOQUIA,05264
R260A11,ALBERTO ANTONIO MARQUEZ VARGAS,ORO ALUVION,POR CONFIRMAR,BELMIRA,ANTIOQUIA,05086
R260A11,INES FABIOLA PALACIO AVENDANO,ORO ALUVION,POR CONFIRMAR,BELMIRA,ANTIOQUIA,05086
R260A11,ANGELA RITA PALACIO AVENDANO,ORO ALUVION,POR CONFIRMAR,BELMIRA,ANTIOQUIA,05086
R260A11,GILDARDO DE J. PALACIO CARDENAS,ORO ALUVION,POR CONFIRMAR,BELMIRA,ANTIOQUIA,05086
R260A11,GILDARDO DE J. PALACIO CARDENAS,ORO ALUVION,POR CONFIRMAR,ENTRERRIOS,ANTIOQUIA,05264
R260A11,JAVIER DE JESUS MARQUEZ  VARGAS,ORO ALUVION,POR CONFIRMAR,ENTRERRIOS,ANTIOQUIA,05264
R260A11,ELVIA JUDITH MARQUEZ  VARGAS,ORO ALUVION,POR CONFIRMAR,BELMIRA,ANTIOQUIA,05086
R260A11,JOSE JAIRO MARQUEZ VARGAS,ORO ALUVION,POR CONFIRMAR,ENTRERRIOS,ANTIOQUIA,05264
R260A11,MARQUEZ VARGAS JAIME OSCAR GONZALO,ORO ALUVION,POR CONFIRMAR,ENTRERRIOS,ANTIOQUIA,05264
R260A11,MARTHA ELENA MARQUEZ VARGAS,ORO ALUVION,POR CONFIRMAR,BELMIRA,ANTIOQUIA,05086
R260A11,MARTHA ELENA MARQUEZ VARGAS,ORO ALUVION,POR CONFIRMAR,ENTRERRIOS,ANTIOQUIA,05264
R260A11,JAIME IVAN MARQUEZ VARGAS,ORO ALUVION,POR CONFIRMAR,ENTRERRIOS,ANTIOQUIA,05264
R260A11,MARQUEZ VARGAS JAIME OSCAR GONZALO,ORO ALUVION,POR CONFIRMAR,BELMIRA,ANTIOQUIA,05086
R260A11,ANGELA RITA PALACIO AVENDANO,ORO ALUVION,POR CONFIRMAR,ENTRERRIOS,ANTIOQUIA,05264
R260A11,JAVIER DE JESUS MARQUEZ VARGAS,ORO ALUVION,POR CONFIRMAR,BELMIRA,ANTIOQUIA,05086
R260A11,MYRIAN OLIVA MARQUEZ VARGAS,ORO ALUVION,POR CONFIRMAR,BELMIRA,ANTIOQUIA,05086
R260A11,MYRIAN OLIVA MARQUEZ VARGAS,ORO ALUVION,POR CONFIRMAR,ENTRERRIOS,ANTIOQUIA,05264
R260A11,JAIME OSCAR GONZALO MARQUEZ VARGAS,ORO ALUVION,POR CONFIRMAR,BELMIRA,ANTIOQUIA,05086
R260A11,JAIRO AUGUSTO PALACIO CARDENAS,ORO ALUVION,POR CONFIRMAR,ENTRERRIOS,ANTIOQUIA,05264
R260A11,ALBERTO ANTONIO MARQUEZ VARGAS,ORO ALUVION,POR CONFIRMAR,ENTRERRIOS,ANTIOQUIA,05264
R260A11,INES FABIOLA PALACIO AVENDANO,ORO ALUVION,POR CONFIRMAR,ENTRERRIOS,ANTIOQUIA,05264
R260A11,GERMAN GUILLERMO MARQUEZ VARGAS,ORO ALUVION,POR CONFIRMAR,ENTRERRIOS,ANTIOQUIA,05264
R260A11,DIONISIO ALFONSO PALACIO CARDENAS,ORO ALUVION,POR CONFIRMAR,BELMIRA,ANTIOQUIA,05086
R260A11,INES FABIOLA PALACIO AVENDAÑO,ORO ALUVION,POR CONFIRMAR,ENTRERRIOS,ANTIOQUIA,05264
R260A11,LIBIA DEL SOCORRO MARQUEZ VARGAS,ORO ALUVION,POR CONFIRMAR,BELMIRA,ANTIOQUIA,05086
R260A11,JAIRO AUGUSTO PALACIO CARDENAS,ORO ALUVION,POR CONFIRMAR,BELMIRA,ANTIOQUIA,05086
R260A11,DIONISIO ELKIN DE JESUS PALACIO A.,ORO ALUVION,POR CONFIRMAR,BELMIRA,ANTIOQUIA,05086
R260A11,ANGELA RITA PALACIO AVENDAÑO,ORO ALUVION,POR CONFIRMAR,BELMIRA,ANTIOQUIA,05086
R260A11,JAIME OSCAR GONZALO MARQUEZ VARGAS,ORO ALUVION,POR CONFIRMAR,ENTRERRIOS,ANTIOQUIA,05264
R260A11,JOSE JAIRO MARQUEZ VARGAS,ORO ALUVION,POR CONFIRMAR,BELMIRA,ANTIOQUIA,05086
R260A11,GUILLERMO LEON MARQUEZ VARGAS,ORO ALUVION,POR CONFIRMAR,ENTRERRIOS,ANTIOQUIA,05264
R260A11,GUILLERMO LEON MARQUEZ VARGAS,ORO ALUVION,POR CONFIRMAR,BELMIRA,ANTIOQUIA,05086
R260A11,DIONISIO ELKIN DE JESUS PALACIO A.,ORO ALUVION,POR CONFIRMAR,ENTRERRIOS,ANTIOQUIA,05264
R260A11,ELVIA JUDITH MARQUEZ VARGAS,ORO ALUVION,POR CONFIRMAR,BELMIRA,ANTIOQUIA,05086
R260A11,ELVIA JUDITH MARQUEZ VARGAS,ORO ALUVION,POR CONFIRMAR,ENTRERRIOS,ANTIOQUIA,05264
R260B11,LIBIA DEL SOCORRO MARQUEZ VARGAS,ORO ALUVION,POR CONFIRMAR,ENTRERRIOS,ANTIOQUIA,05264
R260B11,ELVIA JUDITH MARQUEZ VARGAS,ORO ALUVION,POR CONFIRMAR,ENTRERRIOS,ANTIOQUIA,05264
R260B11,ELVIA JUDITH MARQUEZ  VARGAS,ORO ALUVION,POR CONFIRMAR,ENTRERRIOS,ANTIOQUIA,05264
R260B11,ANGELA RITA PALACIO AVENDAÑO,ORO ALUVION,POR CONFIRMAR,ENTRERRIOS,ANTIOQUIA,05264
R260B11,DIONISIO ALFONSO PALACIO CARDENAS,ORO ALUVION,POR CONFIRMAR,SANTA ROSA DE OSOS,ANTIOQUIA,05686
R260B11,LIBIA DEL SOCORRO MARQUEZ VARGAS,ORO ALUVION,POR CONFIRMAR,SANTA ROSA DE OSOS,ANTIOQUIA,05686
R260B11,MARTHA ELENA MARQUEZ VARGAS,ORO ALUVION,POR CONFIRMAR,ENTRERRIOS,ANTIOQUIA,05264
R260B11,GERMAN GUILLERMO MARQUEZ VARGAS,ORO ALUVION,POR CONFIRMAR,ENTRERRIOS,ANTIOQUIA,05264
R260B11,GERMAN GUILLERMO MARQUEZ VARGAS,ORO ALUVION,POR CONFIRMAR,SANTA ROSA DE OSOS,ANTIOQUIA,05686
R260B11,MARTHA ELENA MARQUEZ VARGAS,ORO ALUVION,POR CONFIRMAR,SANTA ROSA DE OSOS,ANTIOQUIA,05686
R260B11,JAVIER DE JESUS MARQUEZ VARGAS,ORO ALUVION,POR CONFIRMAR,ENTRERRIOS,ANTIOQUIA,05264
R260B11,MYRIAN OLIVA MARQUEZ VARGAS,ORO ALUVION,POR CONFIRMAR,SANTA ROSA DE OSOS,ANTIOQUIA,05686
R260B11,ANGELA RITA PALACIO AVENDAÑO,ORO ALUVION,POR CONFIRMAR,SANTA ROSA DE OSOS,ANTIOQUIA,05686
R260B11,JAIRO AUGUSTO PALACIO CARDENAS,ORO ALUVION,POR CONFIRMAR,ENTRERRIOS,ANTIOQUIA,05264
R260B11,JAIRO AUGUSTO PALACIO CARDENAS,ORO ALUVION,POR CONFIRMAR,SANTA ROSA DE OSOS,ANTIOQUIA,05686
R260B11,ANGELA RITA PALACIO AVENDANO,ORO ALUVION,POR CONFIRMAR,SANTA ROSA DE OSOS,ANTIOQUIA,05686
R260B11,INES FABIOLA PALACIO AVENDAÑO,ORO ALUVION,POR CONFIRMAR,ENTRERRIOS,ANTIOQUIA,05264
R260B11,INES FABIOLA PALACIO AVENDAÑO,ORO ALUVION,POR CONFIRMAR,SANTA ROSA DE OSOS,ANTIOQUIA,05686
R260B11,DIONISIO ELKIN DE JESUS PALACIO AVENDAÑO,ORO ALUVION,POR CONFIRMAR,ENTRERRIOS,ANTIOQUIA,05264
R260B11,DIONISIO ELKIN DE JESUS PALACIO AVENDAÑO,ORO ALUVION,POR CONFIRMAR,SANTA ROSA DE OSOS,ANTIOQUIA,05686
R260B11,ELVIA JUDITH MARQUEZ VARGAS,ORO ALUVION,POR CONFIRMAR,SANTA ROSA DE OSOS,ANTIOQUIA,05686
R260B11,INES FABIOLA PALACIO AVENDANO,ORO ALUVION,POR CONFIRMAR,ENTRERRIOS,ANTIOQUIA,05264
R260B11,JAIME IVAN MARQUEZ VARGAS,ORO ALUVION,POR CONFIRMAR,SANTA ROSA DE OSOS,ANTIOQUIA,05686
R260B11,MARQUEZ VARGAS JAIME OSCAR GONZALO,ORO ALUVION,POR CONFIRMAR,SANTA ROSA DE OSOS,ANTIOQUIA,05686
R260B11,GILDARDO DE J. PALACIO CARDENAS,ORO ALUVION,POR CONFIRMAR,SANTA ROSA DE OSOS,ANTIOQUIA,05686
R260B11,JAIME OSCAR GONZALO MARQUEZ VARGAS,ORO ALUVION,POR CONFIRMAR,ENTRERRIOS,ANTIOQUIA,05264
R260B11,ANGELA RITA PALACIO AVENDANO,ORO ALUVION,POR CONFIRMAR,ENTRERRIOS,ANTIOQUIA,05264
R260B11,JAVIER DE JESUS MARQUEZ VARGAS,ORO ALUVION,POR CONFIRMAR,SANTA ROSA DE OSOS,ANTIOQUIA,05686
R260B11,JAVIER DE JESUS MARQUEZ  VARGAS,ORO ALUVION,POR CONFIRMAR,ENTRERRIOS,ANTIOQUIA,05264
R260B11,DIONISIO ELKIN DE JESUS PALACIO A.,ORO ALUVION,POR CONFIRMAR,SANTA ROSA DE OSOS,ANTIOQUIA,05686
R260B11,ALBERTO ANTONIO MARQUEZ VARGAS,ORO ALUVION,POR CONFIRMAR,SANTA ROSA DE OSOS,ANTIOQUIA,05686
R260B11,GUILLERMO LEON MARQUEZ VARGAS,ORO ALUVION,POR CONFIRMAR,ENTRERRIOS,ANTIOQUIA,05264
R260B11,INES FABIOLA PALACIO AVENDANO,ORO ALUVION,POR CONFIRMAR,SANTA ROSA DE OSOS,ANTIOQUIA,05686
R260B11,JAIME IVAN MARQUEZ VARGAS,ORO ALUVION,POR CONFIRMAR,ENTRERRIOS,ANTIOQUIA,05264
R260B11,MARQUEZ VARGAS JAIME OSCAR GONZALO,ORO ALUVION,POR CONFIRMAR,ENTRERRIOS,ANTIOQUIA,05264
R260B11,JOSE JAIRO MARQUEZ VARGAS,ORO ALUVION,POR CONFIRMAR,ENTRERRIOS,ANTIOQUIA,05264
R260B11,MYRIAN OLIVA MARQUEZ VARGAS,ORO ALUVION,POR CONFIRMAR,ENTRERRIOS,ANTIOQUIA,05264
R260B11,GUILLERMO LEON MARQUEZ VARGAS,ORO ALUVION,POR CONFIRMAR,SANTA ROSA DE OSOS,ANTIOQUIA,05686
R260B11,JOSE JAIRO MARQUEZ VARGAS,ORO ALUVION,POR CONFIRMAR,SANTA ROSA DE OSOS,ANTIOQUIA,05686
R260B11,GILDARDO DE J. PALACIO CARDENAS,ORO ALUVION,POR CONFIRMAR,ENTRERRIOS,ANTIOQUIA,05264
R260B11,JAVIER DE JESUS MARQUEZ  VARGAS,ORO ALUVION,POR CONFIRMAR,SANTA ROSA DE OSOS,ANTIOQUIA,05686
R260B11,DIONISIO ALFONSO PALACIO CARDENAS,ORO ALUVION,POR CONFIRMAR,ENTRERRIOS,ANTIOQUIA,05264
R260B11,JAIME OSCAR GONZALO MARQUEZ VARGAS,ORO ALUVION,POR CONFIRMAR,SANTA ROSA DE OSOS,ANTIOQUIA,05686
R260B11,ELVIA JUDITH MARQUEZ  VARGAS,ORO ALUVION,POR CONFIRMAR,SANTA ROSA DE OSOS,ANTIOQUIA,05686
R260B11,DIONISIO ELKIN DE JESUS PALACIO A.,ORO ALUVION,POR CONFIRMAR,ENTRERRIOS,ANTIOQUIA,05264
R260B11,ALBERTO ANTONIO MARQUEZ VARGAS,ORO ALUVION,POR CONFIRMAR,ENTRERRIOS,ANTIOQUIA,05264
R260C11,INES FABIOLA PALACIO AVENDAÑO,ORO ALUVION,POR CONFIRMAR,BELMIRA,ANTIOQUIA,05086
R260C11,DIONISIO ELKIN DE JESUS PALACIO AVENDAÑO,ORO ALUVION,POR CONFIRMAR,SANTA ROSA DE OSOS,ANTIOQUIA,05686
R260C11,JAVIER DE JESUS MARQUEZ  VARGAS,ORO ALUVION,POR CONFIRMAR,BELMIRA,ANTIOQUIA,05086
R260C11,DIONISIO ELKIN DE JESUS PALACIO A.,ORO ALUVION,POR CONFIRMAR,SANTA ROSA DE OSOS,ANTIOQUIA,05686
R260C11,GUILLERMO LEON MARQUEZ VARGAS,ORO ALUVION,POR CONFIRMAR,BELMIRA,ANTIOQUIA,05086
R260C11,INES FABIOLA PALACIO AVENDANO,ORO ALUVION,POR CONFIRMAR,SANTA ROSA DE OSOS,ANTIOQUIA,05686
R260C11,ANGELA RITA PALACIO AVENDANO,ORO ALUVION,POR CONFIRMAR,ENTRERRIOS,ANTIOQUIA,05264
R260C11,JAVIER DE JESUS MARQUEZ VARGAS,ORO ALUVION,POR CONFIRMAR,BELMIRA,ANTIOQUIA,05086
R260C11,MYRIAN OLIVA MARQUEZ VARGAS,ORO ALUVION,POR CONFIRMAR,SANTA ROSA DE OSOS,ANTIOQUIA,05686
R260C11,GILDARDO DE J. PALACIO CARDENAS,ORO ALUVION,POR CONFIRMAR,SANTA ROSA DE OSOS,ANTIOQUIA,05686
R260C11,JAIME OSCAR GONZALO MARQUEZ VARGAS,ORO ALUVION,POR CONFIRMAR,BELMIRA,ANTIOQUIA,05086
R260C11,JAIME OSCAR GONZALO MARQUEZ VARGAS,ORO ALUVION,POR CONFIRMAR,ENTRERRIOS,ANTIOQUIA,05264
R260C11,JAIME OSCAR GONZALO MARQUEZ VARGAS,ORO ALUVION,POR CONFIRMAR,SANTA ROSA DE OSOS,ANTIOQUIA,05686
R260C11,MARTHA ELENA MARQUEZ VARGAS,ORO ALUVION,POR CONFIRMAR,BELMIRA,ANTIOQUIA,05086
R260C11,JAVIER DE JESUS MARQUEZ  VARGAS,ORO ALUVION,POR CONFIRMAR,SANTA ROSA DE OSOS,ANTIOQUIA,05686
R260C11,ELVIA JUDITH MARQUEZ  VARGAS,ORO ALUVION,POR CONFIRMAR,ENTRERRIOS,ANTIOQUIA,05264
R260C11,INES FABIOLA PALACIO AVENDAÑO,ORO ALUVION,POR CONFIRMAR,ENTRERRIOS,ANTIOQUIA,05264
R260C11,INES FABIOLA PALACIO AVENDAÑO,ORO ALUVION,POR CONFIRMAR,SANTA ROSA DE OSOS,ANTIOQUIA,05686
R260C11,JAIRO AUGUSTO PALACIO CARDENAS,ORO ALUVION,POR CONFIRMAR,ENTRERRIOS,ANTIOQUIA,05264
R260C11,JAIRO AUGUSTO PALACIO CARDENAS,ORO ALUVION,POR CONFIRMAR,SANTA ROSA DE OSOS,ANTIOQUIA,05686
R260C11,GUILLERMO LEON MARQUEZ VARGAS,ORO ALUVION,POR CONFIRMAR,SANTA ROSA DE OSOS,ANTIOQUIA,05686
R260C11,JAIME IVAN MARQUEZ VARGAS,ORO ALUVION,POR CONFIRMAR,BELMIRA,ANTIOQUIA,05086
R260C11,JAIME IVAN MARQUEZ VARGAS,ORO ALUVION,POR CONFIRMAR,SANTA ROSA DE OSOS,ANTIOQUIA,05686
R260C11,MARTHA ELENA MARQUEZ VARGAS,ORO ALUVION,POR CONFIRMAR,ENTRERRIOS,ANTIOQUIA,05264
R260C11,JOSE JAIRO MARQUEZ VARGAS,ORO ALUVION,POR CONFIRMAR,ENTRERRIOS,ANTIOQUIA,05264
R260C11,ELVIA JUDITH MARQUEZ VARGAS,ORO ALUVION,POR CONFIRMAR,SANTA ROSA DE OSOS,ANTIOQUIA,05686
R260C11,GERMAN GUILLERMO MARQUEZ VARGAS,ORO ALUVION,POR CONFIRMAR,ENTRERRIOS,ANTIOQUIA,05264
R260C11,MARQUEZ VARGAS JAIME OSCAR GONZALO,ORO ALUVION,POR CONFIRMAR,SANTA ROSA DE OSOS,ANTIOQUIA,05686
R260C11,JAVIER DE JESUS MARQUEZ VARGAS,ORO ALUVION,POR CONFIRMAR,ENTRERRIOS,ANTIOQUIA,05264
R260C11,JAVIER DE JESUS MARQUEZ  VARGAS,ORO ALUVION,POR CONFIRMAR,ENTRERRIOS,ANTIOQUIA,05264
R260C11,ANGELA RITA PALACIO AVENDAÑO,ORO ALUVION,POR CONFIRMAR,SANTA ROSA DE OSOS,ANTIOQUIA,05686
R260C11,JAIRO AUGUSTO PALACIO CARDENAS,ORO ALUVION,POR CONFIRMAR,BELMIRA,ANTIOQUIA,05086
R260C11,DIONISIO ALFONSO PALACIO CARDENAS,ORO ALUVION,POR CONFIRMAR,SANTA ROSA DE OSOS,ANTIOQUIA,05686
R260C11,ELVIA JUDITH MARQUEZ VARGAS,ORO ALUVION,POR CONFIRMAR,BELMIRA,ANTIOQUIA,05086
R260C11,INES FABIOLA PALACIO AVENDANO,ORO ALUVION,POR CONFIRMAR,ENTRERRIOS,ANTIOQUIA,05264
R260C11,MARQUEZ VARGAS JAIME OSCAR GONZALO,ORO ALUVION,POR CONFIRMAR,ENTRERRIOS,ANTIOQUIA,05264
R260C11,ELVIA JUDITH MARQUEZ  VARGAS,ORO ALUVION,POR CONFIRMAR,SANTA ROSA DE OSOS,ANTIOQUIA,05686
R260C11,ANGELA RITA PALACIO AVENDAÑO,ORO ALUVION,POR CONFIRMAR,ENTRERRIOS,ANTIOQUIA,05264
R260C11,LIBIA DEL SOCORRO MARQUEZ VARGAS,ORO ALUVION,POR CONFIRMAR,SANTA ROSA DE OSOS,ANTIOQUIA,05686
R260C11,MARTHA ELENA MARQUEZ VARGAS,ORO ALUVION,POR CONFIRMAR,SANTA ROSA DE OSOS,ANTIOQUIA,05686
R260C11,MYRIAN OLIVA MARQUEZ VARGAS,ORO ALUVION,POR CONFIRMAR,ENTRERRIOS,ANTIOQUIA,05264
R260C11,DIONISIO ELKIN DE JESUS PALACIO AVENDAÑO,ORO ALUVION,POR CONFIRMAR,ENTRERRIOS,ANTIOQUIA,05264
R260C11,DIONISIO ELKIN DE JESUS PALACIO A.,ORO ALUVION,POR CONFIRMAR,BELMIRA,ANTIOQUIA,05086
R260C11,DIONISIO ALFONSO PALACIO CARDENAS,ORO ALUVION,POR CONFIRMAR,BELMIRA,ANTIOQUIA,05086
R260C11,ANGELA RITA PALACIO AVENDANO,ORO ALUVION,POR CONFIRMAR,SANTA ROSA DE OSOS,ANTIOQUIA,05686
R260C11,JOSE JAIRO MARQUEZ VARGAS,ORO ALUVION,POR CONFIRMAR,SANTA ROSA DE OSOS,ANTIOQUIA,05686
R260C11,GILDARDO DE J. PALACIO CARDENAS,ORO ALUVION,POR CONFIRMAR,BELMIRA,ANTIOQUIA,05086
R260C11,GILDARDO DE J. PALACIO CARDENAS,ORO ALUVION,POR CONFIRMAR,ENTRERRIOS,ANTIOQUIA,05264
R260C11,ELVIA JUDITH MARQUEZ  VARGAS,ORO ALUVION,POR CONFIRMAR,BELMIRA,ANTIOQUIA,05086
R260C11,ANGELA RITA PALACIO AVENDAÑO,ORO ALUVION,POR CONFIRMAR,BELMIRA,ANTIOQUIA,05086
R260C11,DIONISIO ELKIN DE JESUS PALACIO A.,ORO ALUVION,POR CONFIRMAR,ENTRERRIOS,ANTIOQUIA,05264
R260C11,DIONISIO ALFONSO PALACIO CARDENAS,ORO ALUVION,POR CONFIRMAR,ENTRERRIOS,ANTIOQUIA,05264
R260C11,LIBIA DEL SOCORRO MARQUEZ VARGAS,ORO ALUVION,POR CONFIRMAR,ENTRERRIOS,ANTIOQUIA,05264
R260C11,JAVIER DE JESUS MARQUEZ VARGAS,ORO ALUVION,POR CONFIRMAR,SANTA ROSA DE OSOS,ANTIOQUIA,05686
R260C11,MYRIAN OLIVA MARQUEZ VARGAS,ORO ALUVION,POR CONFIRMAR,BELMIRA,ANTIOQUIA,05086
R260C11,ELVIA JUDITH MARQUEZ VARGAS,ORO ALUVION,POR CONFIRMAR,ENTRERRIOS,ANTIOQUIA,05264
R260C11,INES FABIOLA PALACIO AVENDANO,ORO ALUVION,POR CONFIRMAR,BELMIRA,ANTIOQUIA,05086
R260C11,GERMAN GUILLERMO MARQUEZ VARGAS,ORO ALUVION,POR CONFIRMAR,BELMIRA,ANTIOQUIA,05086
R260C11,GERMAN GUILLERMO MARQUEZ VARGAS,ORO ALUVION,POR CONFIRMAR,SANTA ROSA DE OSOS,ANTIOQUIA,05686
R260C11,JOSE JAIRO MARQUEZ VARGAS,ORO ALUVION,POR CONFIRMAR,BELMIRA,ANTIOQUIA,05086
R260C11,DIONISIO ELKIN DE JESUS PALACIO AVENDAÑO,ORO ALUVION,POR CONFIRMAR,BELMIRA,ANTIOQUIA,05086
R260C11,ALBERTO ANTONIO MARQUEZ VARGAS,ORO ALUVION,POR CONFIRMAR,BELMIRA,ANTIOQUIA,05086
R260C11,ALBERTO ANTONIO MARQUEZ VARGAS,ORO ALUVION,POR CONFIRMAR,ENTRERRIOS,ANTIOQUIA,05264
R260C11,ALBERTO ANTONIO MARQUEZ VARGAS,ORO ALUVION,POR CONFIRMAR,SANTA ROSA DE OSOS,ANTIOQUIA,05686
R260C11,LIBIA DEL SOCORRO MARQUEZ VARGAS,ORO ALUVION,POR CONFIRMAR,BELMIRA,ANTIOQUIA,05086
R260C11,GUILLERMO LEON MARQUEZ VARGAS,ORO ALUVION,POR CONFIRMAR,ENTRERRIOS,ANTIOQUIA,05264
R260C11,JAIME IVAN MARQUEZ VARGAS,ORO ALUVION,POR CONFIRMAR,ENTRERRIOS,ANTIOQUIA,05264
R260C11,MARQUEZ VARGAS JAIME OSCAR GONZALO,ORO ALUVION,POR CONFIRMAR,BELMIRA,ANTIOQUIA,05086
R260C11,ANGELA RITA PALACIO AVENDANO,ORO ALUVION,POR CONFIRMAR,BELMIRA,ANTIOQUIA,05086
R260D11,MANUEL GOMEZ,ORO ALUVION,POR CONFIRMAR,SANTA ROSA DE OSOS,ANTIOQUIA,05686
R260D11,INES FABIOLA PALACIO AVENDAÑO,ORO ALUVION,POR CONFIRMAR,SANTA ROSA DE OSOS,ANTIOQUIA,05686
R260D11,JAVIER DE JESUS MARQUEZ VARGAS,ORO ALUVION,POR CONFIRMAR,SANTA ROSA DE OSOS,ANTIOQUIA,05686
R260D11,ORREGO PROCESO,ORO ALUVION,POR CONFIRMAR,SANTA ROSA DE OSOS,ANTIOQUIA,05686
R260D11,ANGELA RITA PALACIO AVENDAÑO,ORO ALUVION,POR CONFIRMAR,ENTRERRIOS,ANTIOQUIA,05264
R260D11,ALBERTO ANTONIO MARQUEZ VARGAS,ORO ALUVION,POR CONFIRMAR,SANTA ROSA DE OSOS,ANTIOQUIA,05686
R260D11,LIBIA DEL SOCORRO MARQUEZ VARGAS,ORO ALUVION,POR CONFIRMAR,ENTRERRIOS,ANTIOQUIA,05264
R260D11,ELVIA JUDITH MARQUEZ VARGAS,ORO ALUVION,POR CONFIRMAR,ENTRERRIOS,ANTIOQUIA,05264
R260D11,GUILLERMO LEON MARQUEZ VARGAS,ORO ALUVION,POR CONFIRMAR,ENTRERRIOS,ANTIOQUIA,05264
R260D11,ANGELA RITA PALACIO AVENDANO,ORO ALUVION,POR CONFIRMAR,ENTRERRIOS,ANTIOQUIA,05264
R260D11,JOSE JAIRO MARQUEZ VARGAS,ORO ALUVION,POR CONFIRMAR,ENTRERRIOS,ANTIOQUIA,05264
R260D11,GILDARDO DE J. PALACIO CARDENAS,ORO ALUVION,POR CONFIRMAR,SANTA ROSA DE OSOS,ANTIOQUIA,05686
R260D11,JAIME OSCAR GONZALO MARQUEZ VARGAS,ORO ALUVION,POR CONFIRMAR,ENTRERRIOS,ANTIOQUIA,05264
R260D11,ANGELA RITA PALACIO AVENDAÑO,ORO ALUVION,POR CONFIRMAR,SANTA ROSA DE OSOS,ANTIOQUIA,05686
R260D11,JAIRO AUGUSTO PALACIO CARDENAS,ORO ALUVION,POR CONFIRMAR,SANTA ROSA DE OSOS,ANTIOQUIA,05686
R260D11,ALBERTO ANTONIO MARQUEZ VARGAS,ORO ALUVION,POR CONFIRMAR,ENTRERRIOS,ANTIOQUIA,05264
R260D11,GERMAN GUILLERMO MARQUEZ VARGAS,ORO ALUVION,POR CONFIRMAR,ENTRERRIOS,ANTIOQUIA,05264
R260D11,JAIME IVAN MARQUEZ VARGAS,ORO ALUVION,POR CONFIRMAR,SANTA ROSA DE OSOS,ANTIOQUIA,05686
R260D11,DIONISIO ELKIN DE JESUS PALACIO AVENDAÑO,ORO ALUVION,POR CONFIRMAR,SANTA ROSA DE OSOS,ANTIOQUIA,05686
R260D11,ELVIA JUDITH MARQUEZ  VARGAS,ORO ALUVION,POR CONFIRMAR,SANTA ROSA DE OSOS,ANTIOQUIA,05686
R260D11,INES FABIOLA PALACIO AVENDAÑO,ORO ALUVION,POR CONFIRMAR,ENTRERRIOS,ANTIOQUIA,05264
R260D11,INES FABIOLA PALACIO AVENDANO,ORO ALUVION,POR CONFIRMAR,SANTA ROSA DE OSOS,ANTIOQUIA,05686
R260D11,JAIME IVAN MARQUEZ VARGAS,ORO ALUVION,POR CONFIRMAR,ENTRERRIOS,ANTIOQUIA,05264
R260D11,MARQUEZ VARGAS JAIME OSCAR GONZALO,ORO ALUVION,POR CONFIRMAR,SANTA ROSA DE OSOS,ANTIOQUIA,05686
R260D11,ORREGO PROCESO,ORO ALUVION,POR CONFIRMAR,ENTRERRIOS,ANTIOQUIA,05264
R260D11,JAVIER DE JESUS MARQUEZ  VARGAS,ORO ALUVION,POR CONFIRMAR,ENTRERRIOS,ANTIOQUIA,05264
R260D11,JAIME OSCAR GONZALO MARQUEZ VARGAS,ORO ALUVION,POR CONFIRMAR,SANTA ROSA DE OSOS,ANTIOQUIA,05686
R260D11,MANUEL GOMEZ,ORO ALUVION,POR CONFIRMAR,ENTRERRIOS,ANTIOQUIA,05264
R260D11,MYRIAN OLIVA MARQUEZ VARGAS,ORO ALUVION,POR CONFIRMAR,ENTRERRIOS,ANTIOQUIA,05264
R260D11,MYRIAN OLIVA MARQUEZ VARGAS,ORO ALUVION,POR CONFIRMAR,SANTA ROSA DE OSOS,ANTIOQUIA,05686
R260D11,GILDARDO DE J. PALACIO CARDENAS,ORO ALUVION,POR CONFIRMAR,ENTRERRIOS,ANTIOQUIA,05264
R260D11,DIONISIO ELKIN DE JESUS PALACIO AVENDAÑO,ORO ALUVION,POR CONFIRMAR,ENTRERRIOS,ANTIOQUIA,05264
R260D11,JAVIER DE JESUS MARQUEZ  VARGAS,ORO ALUVION,POR CONFIRMAR,SANTA ROSA DE OSOS,ANTIOQUIA,05686
R260D11,DIONISIO ALFONSO PALACIO CARDENAS,ORO ALUVION,POR CONFIRMAR,SANTA ROSA DE OSOS,ANTIOQUIA,05686
R260D11,INES FABIOLA PALACIO AVENDANO,ORO ALUVION,POR CONFIRMAR,ENTRERRIOS,ANTIOQUIA,05264
R260D11,ANGEL SERNA,ORO ALUVION,POR CONFIRMAR,ENTRERRIOS,ANTIOQUIA,05264
R260D11,MARQUEZ VARGAS JAIME OSCAR GONZALO,ORO ALUVION,POR CONFIRMAR,ENTRERRIOS,ANTIOQUIA,05264
R260D11,ELVIA JUDITH MARQUEZ VARGAS,ORO ALUVION,POR CONFIRMAR,SANTA ROSA DE OSOS,ANTIOQUIA,05686
R260D11,GERMAN GUILLERMO MARQUEZ VARGAS,ORO ALUVION,POR CONFIRMAR,SANTA ROSA DE OSOS,ANTIOQUIA,05686
R260D11,ANGELA RITA PALACIO AVENDANO,ORO ALUVION,POR CONFIRMAR,SANTA ROSA DE OSOS,ANTIOQUIA,05686
R260D11,JOSE JAIRO MARQUEZ VARGAS,ORO ALUVION,POR CONFIRMAR,SANTA ROSA DE OSOS,ANTIOQUIA,05686
R260D11,ELVIA JUDITH MARQUEZ  VARGAS,ORO ALUVION,POR CONFIRMAR,ENTRERRIOS,ANTIOQUIA,05264
R260D11,DIONISIO ELKIN DE JESUS PALACIO A.,ORO ALUVION,POR CONFIRMAR,ENTRERRIOS,ANTIOQUIA,05264
R260D11,DIONISIO ELKIN DE JESUS PALACIO A.,ORO ALUVION,POR CONFIRMAR,SANTA ROSA DE OSOS,ANTIOQUIA,05686
R260D11,JAIRO AUGUSTO PALACIO CARDENAS,ORO ALUVION,POR CONFIRMAR,ENTRERRIOS,ANTIOQUIA,05264
R260D11,ANGEL SERNA,ORO ALUVION,POR CONFIRMAR,SANTA ROSA DE OSOS,ANTIOQUIA,05686
R260D11,DIONISIO ALFONSO PALACIO CARDENAS,ORO ALUVION,POR CONFIRMAR,ENTRERRIOS,ANTIOQUIA,05264
R260D11,LIBIA DEL SOCORRO MARQUEZ VARGAS,ORO ALUVION,POR CONFIRMAR,SANTA ROSA DE OSOS,ANTIOQUIA,05686
R260D11,GUILLERMO LEON MARQUEZ VARGAS,ORO ALUVION,POR CONFIRMAR,SANTA ROSA DE OSOS,ANTIOQUIA,05686
R260D11,MARTHA ELENA MARQUEZ VARGAS,ORO ALUVION,POR CONFIRMAR,ENTRERRIOS,ANTIOQUIA,05264
R260D11,JAVIER DE JESUS MARQUEZ VARGAS,ORO ALUVION,POR CONFIRMAR,ENTRERRIOS,ANTIOQUIA,05264
R260D11,MARTHA ELENA MARQUEZ VARGAS,ORO ALUVION,POR CONFIRMAR,SANTA ROSA DE OSOS,ANTIOQUIA,05686
R260E11,JAIRO AUGUSTO PALACIO CARDENAS,ORO ALUVION,POR CONFIRMAR,SANTA ROSA DE OSOS,ANTIOQUIA,05686
R260E11,ELVIA JUDITH MARQUEZ VARGAS,ORO ALUVION,POR CONFIRMAR,ENTRERRIOS,ANTIOQUIA,05264
R260E11,JAIME IVAN MARQUEZ VARGAS,ORO ALUVION,POR CONFIRMAR,SANTA ROSA DE OSOS,ANTIOQUIA,05686
R260E11,MARQUEZ VARGAS JAIME OSCAR GONZALO,ORO ALUVION,POR CONFIRMAR,ENTRERRIOS,ANTIOQUIA,05264
R260E11,MARTHA ELENA MARQUEZ VARGAS,ORO ALUVION,POR CONFIRMAR,SANTA ROSA DE OSOS,ANTIOQUIA,05686
R260E11,JAVIER DE JESUS MARQUEZ VARGAS,ORO ALUVION,POR CONFIRMAR,ENTRERRIOS,ANTIOQUIA,05264
R260E11,JOSE JAIRO MARQUEZ VARGAS,ORO ALUVION,POR CONFIRMAR,ENTRERRIOS,ANTIOQUIA,05264
R260E11,JAVIER DE JESUS MARQUEZ  VARGAS,ORO ALUVION,POR CONFIRMAR,SANTA ROSA DE OSOS,ANTIOQUIA,05686
R260E11,MARTHA ELENA MARQUEZ VARGAS,ORO ALUVION,POR CONFIRMAR,ENTRERRIOS,ANTIOQUIA,05264
R260E11,JOSE JAIRO MARQUEZ VARGAS,ORO ALUVION,POR CONFIRMAR,SANTA ROSA DE OSOS,ANTIOQUIA,05686
R260E11,INES FABIOLA PALACIO AVENDAÑO,ORO ALUVION,POR CONFIRMAR,ENTRERRIOS,ANTIOQUIA,05264
R260E11,DIONISIO ELKIN DE JESUS PALACIO A.,ORO ALUVION,POR CONFIRMAR,ENTRERRIOS,ANTIOQUIA,05264
R260E11,DIONISIO ALFONSO PALACIO CARDENAS,ORO ALUVION,POR CONFIRMAR,SANTA ROSA DE OSOS,ANTIOQUIA,05686
R260E11,LIBIA DEL SOCORRO MARQUEZ VARGAS,ORO ALUVION,POR CONFIRMAR,SANTA ROSA DE OSOS,ANTIOQUIA,05686
R260E11,ELVIA JUDITH MARQUEZ VARGAS,ORO ALUVION,POR CONFIRMAR,SANTA ROSA DE OSOS,ANTIOQUIA,05686
R260E11,INES FABIOLA PALACIO AVENDANO,ORO ALUVION,POR CONFIRMAR,ENTRERRIOS,ANTIOQUIA,05264
R260E11,INES FABIOLA PALACIO AVENDAÑO,ORO ALUVION,POR CONFIRMAR,SANTA ROSA DE OSOS,ANTIOQUIA,05686
R260E11,JAIRO AUGUSTO PALACIO CARDENAS,ORO ALUVION,POR CONFIRMAR,ENTRERRIOS,ANTIOQUIA,05264
R260E11,ALBERTO ANTONIO MARQUEZ VARGAS,ORO ALUVION,POR CONFIRMAR,ENTRERRIOS,ANTIOQUIA,05264
R260E11,GERMAN GUILLERMO MARQUEZ VARGAS,ORO ALUVION,POR CONFIRMAR,SANTA ROSA DE OSOS,ANTIOQUIA,05686
R260E11,JAIME IVAN MARQUEZ VARGAS,ORO ALUVION,POR CONFIRMAR,ENTRERRIOS,ANTIOQUIA,05264
R260E11,JAVIER DE JESUS MARQUEZ VARGAS,ORO ALUVION,POR CONFIRMAR,SANTA ROSA DE OSOS,ANTIOQUIA,05686
R260E11,MYRIAN OLIVA MARQUEZ VARGAS,ORO ALUVION,POR CONFIRMAR,SANTA ROSA DE OSOS,ANTIOQUIA,05686
R260E11,LIBIA DEL SOCORRO MARQUEZ VARGAS,ORO ALUVION,POR CONFIRMAR,ENTRERRIOS,ANTIOQUIA,05264
R260E11,GUILLERMO LEON MARQUEZ VARGAS,ORO ALUVION,POR CONFIRMAR,ENTRERRIOS,ANTIOQUIA,05264
R260E11,INES FABIOLA PALACIO AVENDANO,ORO ALUVION,POR CONFIRMAR,SANTA ROSA DE OSOS,ANTIOQUIA,05686
R260E11,GILDARDO DE J. PALACIO CARDENAS,ORO ALUVION,POR CONFIRMAR,SANTA ROSA DE OSOS,ANTIOQUIA,05686
R260E11,DIONISIO ELKIN DE JESUS PALACIO AVENDAÑO,ORO ALUVION,POR CONFIRMAR,ENTRERRIOS,ANTIOQUIA,05264
R260E11,DIONISIO ELKIN DE JESUS PALACIO AVENDAÑO,ORO ALUVION,POR CONFIRMAR,SANTA ROSA DE OSOS,ANTIOQUIA,05686
R260E11,ANGELA RITA PALACIO AVENDANO,ORO ALUVION,POR CONFIRMAR,SANTA ROSA DE OSOS,ANTIOQUIA,05686
R260E11,JAIME OSCAR GONZALO MARQUEZ VARGAS,ORO ALUVION,POR CONFIRMAR,ENTRERRIOS,ANTIOQUIA,05264
R260E11,ELVIA JUDITH MARQUEZ  VARGAS,ORO ALUVION,POR CONFIRMAR,ENTRERRIOS,ANTIOQUIA,05264
R260E11,ANGELA RITA PALACIO AVENDAÑO,ORO ALUVION,POR CONFIRMAR,ENTRERRIOS,ANTIOQUIA,05264
R260E11,GERMAN GUILLERMO MARQUEZ VARGAS,ORO ALUVION,POR CONFIRMAR,ENTRERRIOS,ANTIOQUIA,05264
R260E11,MARQUEZ VARGAS JAIME OSCAR GONZALO,ORO ALUVION,POR CONFIRMAR,SANTA ROSA DE OSOS,ANTIOQUIA,05686
R260E11,ANGELA RITA PALACIO AVENDANO,ORO ALUVION,POR CONFIRMAR,ENTRERRIOS,ANTIOQUIA,05264
R260E11,ELVIA JUDITH MARQUEZ  VARGAS,ORO ALUVION,POR CONFIRMAR,SANTA ROSA DE OSOS,ANTIOQUIA,05686
R260E11,ANGELA RITA PALACIO AVENDAÑO,ORO ALUVION,POR CONFIRMAR,SANTA ROSA DE OSOS,ANTIOQUIA,05686
R260E11,ALBERTO ANTONIO MARQUEZ VARGAS,ORO ALUVION,POR CONFIRMAR,SANTA ROSA DE OSOS,ANTIOQUIA,05686
R260E11,DIONISIO ALFONSO PALACIO CARDENAS,ORO ALUVION,POR CONFIRMAR,ENTRERRIOS,ANTIOQUIA,05264
R260E11,GUILLERMO LEON MARQUEZ VARGAS,ORO ALUVION,POR CONFIRMAR,SANTA ROSA DE OSOS,ANTIOQUIA,05686
R260E11,MYRIAN OLIVA MARQUEZ VARGAS,ORO ALUVION,POR CONFIRMAR,ENTRERRIOS,ANTIOQUIA,05264
R260E11,GILDARDO DE J. PALACIO CARDENAS,ORO ALUVION,POR CONFIRMAR,ENTRERRIOS,ANTIOQUIA,05264
R260E11,JAVIER DE JESUS MARQUEZ  VARGAS,ORO ALUVION,POR CONFIRMAR,ENTRERRIOS,ANTIOQUIA,05264
R260E11,JAIME OSCAR GONZALO MARQUEZ VARGAS,ORO ALUVION,POR CONFIRMAR,SANTA ROSA DE OSOS,ANTIOQUIA,05686
R260E11,DIONISIO ELKIN DE JESUS PALACIO A.,ORO ALUVION,POR CONFIRMAR,SANTA ROSA DE OSOS,ANTIOQUIA,05686
R50011,CONCRETOS Y ASFALTOS S.A CONASFALTOS,ORO,POR CONFIRMAR,BELLO,ANTIOQUIA,05088
R50011,CONCRETOS Y ASFALTOS S.A CONASFALTOS,ORO,POR CONFIRMAR,COPACABANA,ANTIOQUIA,05212
R57011C4,OPERADORA MINERA S.A.S.,MINERALES DE ORO Y SUS CONCENTRADOS,NO,EL BAGRE,ANTIOQUIA,05250
R57011C4,OPERADORA MINERA S.A.S.,MINERALES DE ORO Y SUS CONCENTRADOS,NO,ZARAGOZA,ANTIOQUIA,05895
RPP-357,CROESUS S.A,ORO,POR CONFIRMAR,MARMATO,CALDAS,17442
SAP-08001,MIGUEL ANGEL RESTREPO VELEZ,MINERALES DE ORO Y SUS CONCENTRADOS,SI,MUTATÁ,ANTIOQUIA,05480
SAP-08001,COMMODITIES DE ANTIOQUIA S.A.S.,MINERALES DE ORO Y SUS CONCENTRADOS,SI,MUTATÁ,ANTIOQUIA,05480
S-LSB-28,JOSE ANGEL VASQUEZ OLIVERO,ORO,SI,SANTA ROSA DEL SUR,BOLIVAR,13688
S-LSB-28,CANELOS MINERALES  S.A.S.,ORO,SI,SANTA ROSA DEL SUR,BOLIVAR,13688
S-LSB-36,RODOLFO MENDOZA SUAREZ,MINERALES DE ORO Y SUS CONCENTRADOS,POR CONFIRMAR,SANTA ROSA DEL SUR,BOLIVAR,13688
S-LSB-36,RODOLFO MENDOZA SUAREZ,MINERALES DE ORO Y SUS CONCENTRADOS,POR CONFIRMAR,MONTECRISTO,BOLIVAR,13458
S-LSB-5,AMIJUSBOL - ASOCIACION DE MINEROS DEL CORRREGIMIENTO DE JUANA SANCHEZ,ORO,POR CONFIRMAR,HATILLO DE LOBA,BOLIVAR,13300
S-LSB-5,DERISNEL LARIOS CABRASCO,ORO,POR CONFIRMAR,HATILLO DE LOBA,BOLIVAR,13300
T1092005,LUIS ALFONSO ESCOBAR MEJIA,ORO VETA,SI,SANTA ROSA DE OSOS,ANTIOQUIA,05686
T1092005,HERNAN DARIO CHAVARRIA ZAPATA,ORO VETA,SI,SANTA ROSA DE OSOS,ANTIOQUIA,05686
T1092005,LUIS ENRIQUE SANCHEZ URIBE,ORO VETA,SI,SANTA ROSA DE OSOS,ANTIOQUIA,05686
T1092005,RAMIRO ANGEL AYALA MARULANDA,ORO VETA,SI,SANTA ROSA DE OSOS,ANTIOQUIA,05686
T1092005,GABRIEL ENRIQUE PEREZ MIRA,ORO VETA,SI,SANTA ROSA DE OSOS,ANTIOQUIA,05686
T13635011,MINERA ANZA S.A,ORO,POR CONFIRMAR,BETULIA,ANTIOQUIA,05093
T13635011,EXPLOTACIONES MINERAS DE ANTIOQUIA,ORO,POR CONFIRMAR,BETULIA,ANTIOQUIA,05093
T13635011,MINERA ANZA S.A,ORO,POR CONFIRMAR,ANZÁ,ANTIOQUIA,05044
T13635011,MINERA ANZA S.A,MINERALES DE ORO Y SUS CONCENTRADOS,POR CONFIRMAR,BETULIA,ANTIOQUIA,05093
T13635011,MINERA ANZA S.A,MINERALES DE ORO Y SUS CONCENTRADOS,POR CONFIRMAR,ANZÁ,ANTIOQUIA,05044
T13635011,EXPLOTACIONES MINERAS DE ANTIOQUIA,MINERALES DE ORO Y SUS CONCENTRADOS,POR CONFIRMAR,BETULIA,ANTIOQUIA,05093
T13635011,EXPLOTACIONES MINERAS DE ANTIOQUIA,MINERALES DE ORO Y SUS CONCENTRADOS,POR CONFIRMAR,ANZÁ,ANTIOQUIA,05044
T13635011,EXPLOTACIONES MINERAS DE ANTIOQUIA,ORO,POR CONFIRMAR,ANZÁ,ANTIOQUIA,05044
T1403005,FRANCISCO OCTAVIO CORREA GARCIA,ORO VETA,POR CONFIRMAR,CÁCERES,ANTIOQUIA,05120
T1403005,JESUS ANGEL ATEHORTUA RODRIGUEZ,MINERALES DE ORO Y SUS CONCENTRADOS,POR CONFIRMAR,CÁCERES,ANTIOQUIA,05120
T1403005,FRANCISCO OCTAVIO CORREA GARCIA,MINERALES DE ORO Y SUS CONCENTRADOS,POR CONFIRMAR,CÁCERES,ANTIOQUIA,05120
T1403005,ATEHORTUA R. & CIA S.A.S.,MINERALES DE ORO Y SUS CONCENTRADOS,POR CONFIRMAR,CÁCERES,ANTIOQUIA,05120
T1403005,ATEHORTUA R. & CIA S.A.S.,ORO VETA,POR CONFIRMAR,CÁCERES,ANTIOQUIA,05120
T1403005,JESUS ANGEL ATEHORTUA RODRIGUEZ,ORO VETA,POR CONFIRMAR,CÁCERES,ANTIOQUIA,05120
T1498005,ANTIOQUIA GOLD LTD.,ORO VETA,SI,SANTO DOMINGO,ANTIOQUIA,05690
T1498005,ANTIOQUIA GOLD LTD.,MINERALES DE ORO Y SUS CONCENTRADOS,SI,SANTO DOMINGO,ANTIOQUIA,05690
T189005,REMEDIOS GOLD S.A.S.,ORO VETA,SI,REMEDIOS,ANTIOQUIA,05604
T189005,EATON GOLD S.A.S.,ORO VETA,SI,REMEDIOS,ANTIOQUIA,05604
T189005,"PROMOCION DE PROYECTOS MINEROS LTDA ""PPM LTDA",ORO VETA,SI,REMEDIOS,ANTIOQUIA,05604
T189005,"PROYECTO COCO HONDO S.A.S ""COCO HONDO S.A.S.""",ORO VETA,SI,REMEDIOS,ANTIOQUIA,05604
T189005,MARIA CAROLINA HERNANDEZ GOMEZ,ORO VETA,SI,REMEDIOS,ANTIOQUIA,05604
T1935005,ELKIN MAURICIO LONDOÑO MUNERA,ORO,POR CONFIRMAR,PUERTO BERRÍO,ANTIOQUIA,05579
T1935005,TERESITA SIERRA SOR,ORO,POR CONFIRMAR,PUERTO BERRÍO,ANTIOQUIA,05579
T1935005,COMBIA S.A.S.,ORO,POR CONFIRMAR,PUERTO BERRÍO,ANTIOQUIA,05579
T1935005,NESTOR DANIEL VASQUEZ SIERRA,ORO,POR CONFIRMAR,PUERTO BERRÍO,ANTIOQUIA,05579
T1935005,JOAQUIN GUILLERMO RUIZ MEJIA,ORO,POR CONFIRMAR,PUERTO BERRÍO,ANTIOQUIA,05579
T1935005,MIGUEL ANGEL PEREZ VILLA,ORO,POR CONFIRMAR,PUERTO BERRÍO,ANTIOQUIA,05579
T1936005,SALOMON DE JESUS GOMEZ CARDENAS,ORO,SI,PUERTO BERRÍO,ANTIOQUIA,05579
T1936005,GONZALO ECHEVERRI RIVERA,ORO,SI,PUERTO BERRÍO,ANTIOQUIA,05579
T1936005,ECODESARROLLOS MINEROS S.A.S,ORO,SI,PUERTO BERRÍO,ANTIOQUIA,05579
T1936005,MINERA SUDAMERICANA S.A.S.,ORO,SI,PUERTO BERRÍO,ANTIOQUIA,05579
T1936005,RAFAEL IGNACIO MOLINA ARANGO,ORO,SI,PUERTO BERRÍO,ANTIOQUIA,05579
T1936005,MERCEDES ROJAS PARRA,ORO,SI,PUERTO BERRÍO,ANTIOQUIA,05579
T1967005,MEDARDO AGUDELO,ORO,POR CONFIRMAR,AMALFI,ANTIOQUIA,05031
T1967005,YASMILE AGUDELO ACEVEDO,ORO,POR CONFIRMAR,AMALFI,ANTIOQUIA,05031
T1967005,FRANCISCO EDUARDO AGUDELO ACEVEDO,ORO,POR CONFIRMAR,AMALFI,ANTIOQUIA,05031
T1967005,MONICA YANETH AGUDELO ACEVEDO,ORO,POR CONFIRMAR,AMALFI,ANTIOQUIA,05031
T306005,CARLOS DE JESUS SUAREZ GARCIA,MINERALES DE ORO Y SUS CONCENTRADOS,POR CONFIRMAR,DON MATÍAS,ANTIOQUIA,05237
T306005,ELADIO ANTONIO SUAREZ GARCIA,MINERALES DE ORO Y SUS CONCENTRADOS,POR CONFIRMAR,BARBOSA,ANTIOQUIA,05079
T306005,ELADIO ANTONIO SUAREZ GARCIA,ORO VETA,POR CONFIRMAR,DON MATÍAS,ANTIOQUIA,05237
T306005,CARLOS DE JESUS SUAREZ GARCIA,ORO VETA,POR CONFIRMAR,DON MATÍAS,ANTIOQUIA,05237
T306005,ELADIO ANTONIO SUAREZ GARCIA,MINERALES DE ORO Y SUS CONCENTRADOS,POR CONFIRMAR,DON MATÍAS,ANTIOQUIA,05237
T306005,CARLOS DE JESUS SUAREZ GARCIA,MINERALES DE ORO Y SUS CONCENTRADOS,POR CONFIRMAR,BARBOSA,ANTIOQUIA,05079
T306005,JESUS EMILIO SUAREZ HENAO,ORO VETA,POR CONFIRMAR,BARBOSA,ANTIOQUIA,05079
T306005,JESUS EMILIO SUAREZ HENAO,MINERALES DE ORO Y SUS CONCENTRADOS,POR CONFIRMAR,DON MATÍAS,ANTIOQUIA,05237
T306005,JESUS EMILIO SUAREZ HENAO,ORO VETA,POR CONFIRMAR,DON MATÍAS,ANTIOQUIA,05237
T306005,JESUS EMILIO SUAREZ HENAO,MINERALES DE ORO Y SUS CONCENTRADOS,POR CONFIRMAR,BARBOSA,ANTIOQUIA,05079
T306005,CARLOS DE JESUS SUAREZ GARCIA,ORO VETA,POR CONFIRMAR,BARBOSA,ANTIOQUIA,05079
T306005,ELADIO ANTONIO SUAREZ GARCIA,ORO VETA,POR CONFIRMAR,BARBOSA,ANTIOQUIA,05079
T3873005,DORIS OMAIRA JIMENEZ GUTIERREZ,ORO VETA,POR CONFIRMAR,GIRARDOTA,ANTIOQUIA,05308
T4132005,PEDRO HERNANDO ESCUCHA BARRAGAN,ORO ALUVION,POR CONFIRMAR,TARAZÁ,ANTIOQUIA,05790
T4132005,TERRIGENO GOLD MINE S.A.S,ORO ALUVION,POR CONFIRMAR,TARAZÁ,ANTIOQUIA,05790
T4395005,MONA MINAS S.A. COLOMBIA,ORO VETA,NO,REMEDIOS,ANTIOQUIA,05604
T4395005,FUNDETEBESH,ORO VETA,NO,REMEDIOS,ANTIOQUIA,05604
T4508005,LILIANA MARIA MÉNDEZ ALVAREZ,ORO,NO,SANTA ROSA DE OSOS,ANTIOQUIA,05686
T4508005,RUTH NORA VELEZ RUIZ,ORO,NO,SANTA ROSA DE OSOS,ANTIOQUIA,05686
T4508005,LUIS ALFREDO ROJO RESTREPO,ORO,NO,SANTA ROSA DE OSOS,ANTIOQUIA,05686
T4508005,JOSE ADER ISAZA VILLA,ORO,NO,SANTA ROSA DE OSOS,ANTIOQUIA,05686
T4508005,JUAN MARIA VELASQUEZ RUIZ,ORO,NO,SANTA ROSA DE OSOS,ANTIOQUIA,05686
T4554005,NELSON ADRIAN RAMIREZ MARÍN,ORO VETA,POR CONFIRMAR,REMEDIOS,ANTIOQUIA,05604
T4554005,LUIS ANTONIO TASCON MARTINEZ,ORO VETA,POR CONFIRMAR,REMEDIOS,ANTIOQUIA,05604
T4554005,CARLOS AUGUSTO ESCOBAR CARDONA,ORO VETA,POR CONFIRMAR,REMEDIOS,ANTIOQUIA,05604
T4578005,"ASOCIACION MUTUAL DE MINEROS ""EL COGOTE",ORO,POR CONFIRMAR,REMEDIOS,ANTIOQUIA,05604
T4638005,PABLO EMILIO MESA MESA,ORO,POR CONFIRMAR,SEGOVIA,ANTIOQUIA,05736
T4638005,ANTONY DYAKOWSKI,ORO,POR CONFIRMAR,SEGOVIA,ANTIOQUIA,05736
T4638005,FOUR POINTS MINING S.A.S,ORO,POR CONFIRMAR,SEGOVIA,ANTIOQUIA,05736
T4638005,MINERALES OTU S.A.S,ORO,POR CONFIRMAR,SEGOVIA,ANTIOQUIA,05736
T4638005,OTU CENTRO S.A.S.,ORO,POR CONFIRMAR,SEGOVIA,ANTIOQUIA,05736
T4815005,SOCIEDAD MINERA LOS AMIGOS S.A.S.,ORO,POR CONFIRMAR,REMEDIOS,ANTIOQUIA,05604
T4815005,SOCIEDAD MINERA LOS AMIGOS S.A.S.,MINERALES DE ORO Y SUS CONCENTRADOS,POR CONFIRMAR,REMEDIOS,ANTIOQUIA,05604
T4830005,GONZALO DE JESUS RICAURTE RENDON,MINERALES DE ORO Y SUS CONCENTRADOS,POR CONFIRMAR,CISNEROS,ANTIOQUIA,05190
T4830005,LUIS EDUARDO ECHEVERRY GOMEZ,MINERALES DE ORO Y SUS CONCENTRADOS,POR CONFIRMAR,SANTO DOMINGO,ANTIOQUIA,05690
T4830005,LUIS EDUARDO ECHEVERRY GOMEZ,MINERALES DE ORO Y SUS CONCENTRADOS,POR CONFIRMAR,CISNEROS,ANTIOQUIA,05190
T4830005,LUIS EDUARDO ECHEVERRY GOMEZ,MINERALES DE ORO Y SUS CONCENTRADOS,POR CONFIRMAR,YOLOMBÓ,ANTIOQUIA,05890
T4830005,GONZALO DE JESUS RICAURTE RENDON,MINERALES DE ORO Y SUS CONCENTRADOS,POR CONFIRMAR,YOLOMBÓ,ANTIOQUIA,05890
T4830005,GONZALO DE JESUS RICAURTE RENDON,MINERALES DE ORO Y SUS CONCENTRADOS,POR CONFIRMAR,SANTO DOMINGO,ANTIOQUIA,05690
T4941005,ARENAS Y GRAVAS DEL SINU S.A.S.,ORO VETA,POR CONFIRMAR,SEGOVIA,ANTIOQUIA,05736
T4941005,GILBERTO ENRIQUE QUESADA RESTREPO,ORO VETA,POR CONFIRMAR,SEGOVIA,ANTIOQUIA,05736
T5163B05,SOCIEDAD MINERA LAS PALMERAS  S.A.S.,ORO VETA,NO,REMEDIOS,ANTIOQUIA,05604
T5163B05,SOCIEDAD MINERA LAS PALMERAS  S.A.S.,MINERALES DE ORO Y SUS CONCENTRADOS,NO,REMEDIOS,ANTIOQUIA,05604
T5170005,SOCIEDAD POMA ROSA S.A.S.,ORO VETA,SI,REMEDIOS,ANTIOQUIA,05604
T5170005,SOCIEDAD POMA ROSA S.A.S.,MINERALES DE ORO Y SUS CONCENTRADOS,SI,REMEDIOS,ANTIOQUIA,05604
T5170005,NORTHSHIRE & OLUFSEN INVERSIONES S.A.S.,MINERALES DE ORO Y SUS CONCENTRADOS,SI,REMEDIOS,ANTIOQUIA,05604
T5170005,NORTHSHIRE & OLUFSEN INVERSIONES S.A.S.,ORO VETA,SI,REMEDIOS,ANTIOQUIA,05604
T5570005,LUIS ALFONSO GUTIERREZ BUSTAMANTE,ORO,POR CONFIRMAR,REMEDIOS,ANTIOQUIA,05604
T5570005,JORGE ANDRES CASTELLANOS DOMINGUEZ,ORO,POR CONFIRMAR,REMEDIOS,ANTIOQUIA,05604
T5630005,ANDES RESOURCES EP SAS,MINERALES DE ORO Y SUS CONCENTRADOS,POR CONFIRMAR,ANDES,ANTIOQUIA,05034
T5630005,ANDRES ELIAS RUIZ BALBIN,MINERALES DE ORO Y SUS CONCENTRADOS,POR CONFIRMAR,ANDES,ANTIOQUIA,05034
T59005,MARIA CORDOBA MOSCOSO,ORO,SI,REMEDIOS,ANTIOQUIA,05604
T59005,JUAN CAMILO CORDOBA PEREZ,ORO,SI,REMEDIOS,ANTIOQUIA,05604
T59005,ARCANGEL DE J. CORDOBA VELASQUEZ,ORO,SI,REMEDIOS,ANTIOQUIA,05604
T59005,JENNIFER CORDOBA PEREZ,ORO,SI,REMEDIOS,ANTIOQUIA,05604
T59005,JUAN DIEGO CORDOBA PEREZ,ORO,SI,REMEDIOS,ANTIOQUIA,05604
T823005,R & C GOLD S.A.S,ORO,SI,ABRIAQUÍ,ANTIOQUIA,05004
T823005,AGROMINERA SANTILLANA E.U,ORO,SI,ABRIAQUÍ,ANTIOQUIA,05004
T823005,"BERNAL BERNAL, MONTOYA BERNAL Y CIA LTDA",ORO,SI,ABRIAQUÍ,ANTIOQUIA,05004
