C1ANNIO,C2CONCEP,C4NUMFORMULARIO,C6DV,C7PRIMERAPELLIDO,C8SEGUNDOAPELLIDO,C9PRIMERNOMBRE,C10OTROSNOMBRES,C11RAZONSOCIALEXPORTAD,C18NUMIDENTIFEXPORT,C24 TIPO DOCUMENTO,C25 NMERO DOCUMENTO IDENTIFIC,C26 DV,C27PRIMERAPELLIDO,C28SEGUNDOAPELLIDO,C29PRIMERNOMBRE,C30OTROSNOMBRES,C31RAZONSOCIALDECL,C32 TIPO DOCUMENTO,C33NUMDOCUMEDESTINATA,C34PRIMERAPELLIDO,C35SEGUNDAPELLIDO,C36PRIMERNOMBRE,C37OTROSNOMBRES,C38RAZONSOCIAL,C39DOMICILIODESTINATARIO,C40CIUDAD,C41 CLASE DUA EXPORTACIONES,C42 NO. FORMULARIO ANTERIOR,C43 TIPO DILIGENCIAMIENTO,C44 TIPO DESPACHO,C45TIPOCORRECCION,C46 NO. REFERENCIA,C47 NO. AUTORIZACIN EMBARQUE ,C48 NO. PROGRAMA ESPECIAL MUES,C49 RGIMEN ADUANERO,C50 CD. ADUANA DESPACHO,C51 CD. PAS TRMITE,COD INT PAIS TRAMITE C51,C52 CD. REGIN PROCEDENCI,C53 CD. TIPO DATOS,C54 CD. TIPO EMBARQUE,C56 CD. INCOTERMS,C57 LUGAR ENTREGA,C58 CD. MONEDA TRANSACCIN,C59 VALOR FACTURA MONEDA TRANS,C60 TASA CAMBIO,C61 FORMA PAGO,C62CANTIDPAGOSANTICIPADOS,C63FECHA1ERPAGOANTICIPADO,C64MERCANCIAAMANOCONELV,C65CORRESPONDEASIEXPORTACI,C66EXPORTACIONTRANSITO,C67 CD. MODO TRANSPORTE,C68 CD. TIPO CARGA,C69 CD. ADUANA SALIDA,C69 Codigo ADUANA SALIDA,NOMBRE ADUANA SALIDA,COD INT PAIS DESTINO FINAL C70,NOMBRE INT PAIS DESTINO FINAL C70,C71 CD. LUGAR DESTINO FINAL,C72 VALOR TOTAL FOB U$,C73 VALOR TOTAL FLETES U$,C74 VALOR TOTAL SEGUROS U$,C75 VALOR TOTAL OTROS GASTOS U,C76 VALOR TOTAL EXPORTACIONES ,C77 VALOR A REINTEGRAR U$,C78 TOTAL VALOR AGREGADO NACIO,C79 TOTAL SERIES,C80 TOTAL NMERO BULTOS,C81 TOTAL PESO BRUTO KGS.,C83 FECHA ACEPTACIN,C84 NO. SOLICITUD AUTORIZACIN,C85 FECHA AUTORIZACIN EMBARQU,C86 NOMBRE FUNCIONARIO AUTORIZ,C87 CARGO FUNCIONARIO AUTORIZA,C89 NO. DOCUMENTO IDENTIFICACI,C90 NO. RADICACIN,C177 NO. DEX,C986 VERIFICACION FIRMA DECLAR,C997 FECHA ACEPTACION,C1001 APELLIDOS Y NOMBRE QUIEN,C1002 TIPO DOCUMENTO QUIENS SU,C1003 NUMERO IDENTIFICACION SU,C1004 DIGITO VERIFICACION SUSC,C1005 CD. REPRESENTACIN (SUS,C1006 ORGANIZACION SUSCRIBE,C18 NUMERO IDENTIFICACION,C22 PAGINA,C23 DE,C98 NO. SERIE,C99SUBPARTIDA,C100 COD. COMPLEMENTARIO,C101 COD. SUPLEMENTARIO,C102 COD. UNIDAD FSICA,C103 CANTIDAD UNIDADES FSICAS,C104 COD. UNIDAD COMERCIAL,C105 CANTIDAD UNIDADES COMERCI,C106 COD. CLASE EMBALAJE,C107 NO. BULTOS,C108 PESO BRUTO KGS.,C109 PESO NETO KGS.,C110 VALOR FOB U$,C111 MARCAS,NumOcurrDescr,C112 DESCRIPCION,C113 COD. UNIDAD MEDIDA PLAZO,C114 PLAZO,C115 COD. PAS ORIGEN,C116 COD. REGIN ORIGEN,C117 COD. PREFERENCIA ARANCELA,C118 COD. ADUANA PRECEDENTE,C119 NO. DECLARACIN PRECEDENT,C120 AO ACEPTACIN,C121 COD. REGIMEN PRECEDENTE,C122 COD. MODALIDAD PRECEDENTE,C123 NO. SERIE PRECEDENTE,IDE_NOMENCLATURA
2010,,6007511954922,7,,,,,C.I. MINEROS  EXPORTADORES  S.A.,804015212,10910097,830126345,9,,,,,AGENCIA DE ADUANAS SERVAL LTDA NIVEL 2,10922973,,,,,,METALOR TECHNOLOGIES S.A. - METAUX PRECIEUX,AVENUE DUVIGNOBLE CH2000 NEUCHATEL 9,ZURICH,42223433,,,42323438,,,,,42,1051065,1071043,169,1081002,30220635,30120632,23620386,BOGOTA,1,1360000.00,,33723812,,,2,2,2,23120230,29520622,1051065,3,Aduanas de Bogota - Aeropuerto El Dorado,767,SUIZA,1236895,1360000,,,,1360000,,,2,3,50,20100315,6027514103588,20100311,,,,,,,20100315075128,23814992,10910094,79399501,9,,,804015212,1,2,2,7108120000,,,16820215,12.10,36623089,12.1,23020303,,,12.1,390000,,2,"Nombre Comercial:ORO , Otras características:36.40 KILOS DE GOLD SCRAP ( JOYAS EN DESUSO - CHATARRA) , Cantidad de unidades comerciales:36.40 KGM ",,,1071043,1081020,,,,,,,2,70107
2010,,6007511954922,7,,,,,C.I. MINEROS  EXPORTADORES  S.A.,804015212,10910097,830126345,9,,,,,AGENCIA DE ADUANAS SERVAL LTDA NIVEL 2,10922973,,,,,,METALOR TECHNOLOGIES S.A. - METAUX PRECIEUX,AVENUE DUVIGNOBLE CH2000 NEUCHATEL 9,ZURICH,42223433,,,42323438,,,,,42,1051065,1071043,169,1081002,30220635,30120632,23620386,BOGOTA,1,1360000.00,,33723812,,,2,2,2,23120230,29520622,1051065,3,Aduanas de Bogota - Aeropuerto El Dorado,767,SUIZA,1236895,1360000,,,,1360000,,,2,3,50,20100315,6027514103588,20100311,,,,,,,20100315075128,23814992,10910094,79399501,9,,,804015212,1,2,2,7108120000,,,16820215,12.10,36623089,12.1,23020303,,,12.1,390000,,1,"Nombre Comercial:ORO , Otras características:12.10 KILOS DE GOLD BAR (ORO EN BARRAS) , Cantidad de unidades comerciales:12.10 KGM ",,,1071043,1081020,,,,,,,2,70107
2010,1,6007516242888,1,,,,,C.I FUNDICION RAMIREZ  S.A.,805017701,10910097,805017701,1,,,,,C.I FUNDICION RAMIREZ  S.A.,10922973,,,,,,REPUBLIC METALS CORPORATION,12900 NW 38th AVENUE -  33054,MIAMI,42223433,,,42323438,,,,,42,1051111,1071043,169,1081023,30220635,30120632,23620386,BODEGA DE AMERICAN AIRLINES,1,1915955.51,,33723811,,,2,2,2,23120230,29520622,1051111,88,Aduanas de Cali,249,ESTADOS UNIDOS,1274396,1915955.51,,,,1915955.51,,0,1,3,67,20100811,6027519109496,20100802,,,,,,,20100811132950,9112403,10910094,16706050,8,,,805017701,1,1,1,7108120000,,,16820215,58.11,36623089,58.11,23020267,3,67,58.11,1915955.51,ORO,1,"Nombre Comercial:ORO EN BARRAS , Otras características:ORO EN BARRAS PARA USO NO MONETARIO: GRAMOS FINOS TOTALES:50502.59 SE EXPLICA ASI: PESO BARRAS:58113.51grs, POR LEY 0.8690, IGUAL A 50502.59grs.Finos.                             , Cantidad de unidades comerciales:58.11 ",,,1071043,1081023,,,,,,,,70107
2010,,6007513926582,2,,,,,C. I. GOLDEX S.A.,811030022,10910097,830116195,8,,,,,AGENCIA DE ADUANAS CS S A NIVEL 2,10922973,,,,,,REPUBLIC METALS CORP,12900 NW 38th AVENUE,MIAMI,42223433,,,42323438,,,,,42,1051113,1071043,169,1081000,30220635,30120632,23620384,AEROPUERTO JOSE MARIA CORDOVA,1,3152942.00,,33723811,,,2,2,2,23120230,29520622,1051113,90,Aduanas de Medellín,249,ESTADOS UNIDOS,1274396,3152942,,,,3152942,,,1,6,110.53,20100528,6027516416931,20100525,,,,,,,20100528082552,22390623,10910094,71586157,0,,,811030022,1,1,1,7108120000,,,16820215,107.29,36623089,107.29,23020303,6,110.53,107.29,3152942,AWB No. 001-87233510,1,"Nombre Comercial:ORO , Otras características:ORO LAS DEMAS FORMAS EN BARRAS.  , Cantidad de unidades comerciales:107.29Kilos ",,,1071043,1081000,,,,,,,1,70107
2009,,6007510243265,6,,,,,C.I. J. GUTIERREZ Y CIA S.A.,890902070,10910097,890933171,4,,,,,AGENCIA DE ADUANAS COMERCIO EXTERIOR ASESORES LTDA NIVEL 1,10922973,,,,,,JOHNSON MATTHEY INC,"4601 WEST 2100 SOUTH SALT LAKE CITY, UT 84120 USA",SALT LAKE CITY,42223433,,,42323438,,,,,42,1051113,1071043,169,1081000,30220635,30120632,23620384,RIONEGRO,1,3550923.00,,33723812,,,2,2,2,23120230,29520622,1051113,90,Aduanas de Medellín,249,ESTADOS UNIDOS,1276633,3550923,,,,3550923,,,1,8,118.96,20100104,6027512248804,20091229,,,,,,,20100104101915,29637764,10910094,43795275,6,,,890902070,1,1,1,7108120000,,,16820215,115.35,36623089,115.35,23020303,8,118.96,115.35,3550923,JOHNSON MATTHEY INC,1,"Nombre Comercial:BARRAS DE ORO , Otras características:- 8 BARRAS DE ORO. LOTES NROS: JVH 6888 - JVH 6889 - JVH 6890 - JVH 6891 - JVH 6892 - JVH 6893 - JVH 6894 - JVH 6895.--------ANEXAMOS CERTIFICADO DE PESO Y LEY NRO. 845. CONSIGNACION POR CONCEPTO DE REGALIAS NROS: T1673 POR $ 285.413.00 - T1685 POR $ 157.134.485.00 - T1663 Y S/N POR $ 76.981.404.00 - T1697 POR $ 2.606.500.00 - T1064 POR $ 363.431.00 -- --------------DO.606169----   , Cantidad de unidades comerciales:115.35 ",,,1071043,1081000,,,,,,,1,70107
2010,,6007511700534,6,,,,,C.I. J. GUTIERREZ Y CIA S.A.,890902070,10910097,890933171,4,,,,,AGENCIA DE ADUANAS COMERCIO EXTERIOR ASESORES LTDA NIVEL 1,10922973,,,,,,JOHNSON MATTHEY INC,"4601 WEST 2100 SOUTH SALT LAKE CITY, UT 84120 USA",SALT LAKE CITY,42223433,,,42323438,,,,,42,1051113,1071043,169,1081000,30220635,30120632,23620384,RIONEGRO,1,1755291.00,,33723812,,,2,1,2,23120230,29520622,1051113,90,Aduanas de Medellín,249,ESTADOS UNIDOS,1276633,1755291,,,,1755291,,1670685.97,1,4,55.73,20100305,6027513872456,20100302,,,,,,,20100305153210,29637764,10910094,43795275,6,,,890902070,1,1,1,7108120000,,,16820215,53.942,36623089,53.942,23020303,4,55.73,53.94,1755291,JOHNSON MATTHEY INC. ,1,"Nombre Comercial:ORO EN BARRAS , Otras características: 4 BARRAS DE ORO. LOTES NROS:  JVH 6968 (MN) / 6969 (MN) / 6970 (MN) / 6971 (MN) .--SISTEMAS ESPECIALES PROGRAMA PLAN VALLEJO MP1915. MINEROS NACIONALES. C.I.P: 33. V.I.E. USD  84.605.03 - ANEXAMOS CERIFICADO DE PUREZA Y LEY NRO. 863. POR 48.746,00 GRAMOS FINOS. - CONSIGNACIONES POR CONCEPTO DE REGALIAS NROS: T1299 POR $ 110.865.151.00  ------------DO.606263----------    , Cantidad de unidades comerciales:53.942 ",,,1071043,1081000,,,,,,,1,70107
2010,,6007513149015,9,,,,,SOCIEDAD DE COMERCIALIZACION INTERNACIONAL C. I. DHOWS CONGO S. A.,900049564,10910097,890921491,4,,,,,AGENCIA DE ADUANAS LACOSTE Y ASOCIADOS S.A.  NIVEL 2,10922973,,,,,,REPUBLIC METALS CORPORATION,"12900 NW 38TH AVE MIAMI, FL 33054   TEL: 305 6858505",MIAMI,42223433,,,42323438,,210088,,,42,1051113,1071043,169,1081000,30220635,30120632,23620388,MIAMI,1,518414.89,,33723812,,,2,2,2,23120230,29520622,1051113,90,Aduanas de Medellín,249,ESTADOS UNIDOS,1274396,516893.75,1340.16,180.98,,518414.89,,,1,1,16.49,20100430,6027515477730,20100427,,,,,,,20100430081024,33322713,10910096,123106,9,,,900049564,1,1,1,7108120000,,,16820215,15.51,36623089,15.51,23020303,1,16.49,15.51,516893.75,REPUBLIC METALS CORPORATION,1,"Nombre Comercial:ENVIO POR CARGA: ORO EN BARRA , Otras características:SE ADJUNTA COPIA DE LOS SIGUIENTES DOCUMENTOS SOPORTES: LISTA DE EMPAQUE NRO. R-AU-0019-10; CERTIFICADO DE PUREZA, PESO Y LEY NRO. R-AU-19-10, LISTADO DE COMPRADORES Y REGALIAS NRO. EXP-R-AU-19-10, PAGO DE REGALIAS POR VALOR DE $28.661.355 SEGUN COMPROBANTE NO.257448 DE ABRIL-27-2010 , Y  VISTO BUENO INGEOMINAS NRO.ING-EMP-20100427-1991 DE ABRIL-27-2010, SEGUN CERTIFICADO NRO. R-AU-19-10 LOS GRAMOS FINOS DEL ORO SON 13.083.80 Y LOS GRAMOS FINOS DE LA PLATA SON 1.716.67 ",,,1071043,1081000,,,,,,,1,70107
2010,1,6007521338084,9,,,,,SOCIEDAD DE COMERCIALIZACION INTERNACIONAL C. I. DHOWS CONGO S. A.,900049564,10910097,890921491,4,,,,,AGENCIA DE ADUANAS LACOSTE Y ASOCIADOS S.A.  NIVEL 2,10922973,,,,,,METALOR TECHNOLOGIES S.A,CH. DES PERVEUILS 8 CH-2074 MARIN EPAGNIER,ZURICH,42223433,,,42323438,,210266,,,42,1051113,1071043,169,1081000,30220635,30120632,23620388,ZURICH,1,671900.57,,33723813,2,,2,2,2,23120230,29520622,1051113,90,Aduanas de Medellín,767,SUIZA,1236895,668779.57,2244.94,876.06,,671900.57,,,1,1,20.35,20101215,6027524499540,20101210,29180254,77,43097664,,,,20101215080745,33322713,10910096,123106,9,,,900049564,1,1,1,7108120000,,,16820215,17.89,36623089,17.89,23020303,1,20.35,17.89,668779.57,METALOR TECHNOLOGIES S.A,1,"Nombre Comercial:ENVIO POR CARGA: ORO EN BARRA , Otras características:SE ADJUNTAN LOS SIGUIENTES DOCUMENTOS SOPORTES: LISTA DE EMPAQUE NRO: M-AU-074-10, CERTIFICADO DE PUREZA, PESO Y LEY NRO: M-AU-74-10, LISTADO DE COMPRADORES Y REGALIAS NRO: EXP-M-AU-74-10, PAGO ELECTRONICO DE REGALIAS SEGUN COMPROBANTE NRO: 259657 POR VALOR DE $37.181.976 DE DICIEMBRE 10 DE 2010, Y VISTO BUENO DE INGEOMINAS NRO: ING-EMP-20101210-3084 DE DICIEMBRE 10 DE 2010, SEGUN CERTIFICADO DE PUREZA , PESO Y LEY NRO: M-AU-74-10, LOS GRAMOS FINOS DEL ORO SON 14.134.81, Y LOS GRAMOS FINOS DE LA PLATA SON 1.789.56. ",,,1071043,1081000,,,,,,,,70107
2010,,6007511333081,0,,,,,COMERCIALIZADORA INTERNACIONAL DE METALES PRECIOSOS DE COLOMBIA S.A.,900118612,10910097,830116195,8,,,,,AGENCIA DE ADUANAS CS S A NIVEL 2,10922973,,,,,,REPUBLIC  METALS,12900 N.W. 38TH  AVENUE,"MIAMI, FLA.",42223433,,,42323438,,,,,42,1051113,1071043,169,1081000,30220635,30120632,23620384,AEROPUERTO JOSE MARIA CORDOVA,1,1330000.00,,33723811,,,2,2,2,23120230,29520622,1051113,90,Aduanas de Medellín,249,ESTADOS UNIDOS,1274396,1330000,,,,1330000,,,1,3,49.41,20100226,6027513422287,20100215,,,,,,,20100226083404,22390623,10910094,71586157,0,,,900118612,1,1,1,7108120000,,,16820215,47.15,36623089,47.15,23020303,3,49.41,47.15,1330000,AWB No. 001-87212764,1,"Nombre Comercial:ORO , Otras características:ORO EN BARRAS, GRAMOS PUROS 20752 GRAMOS , Cantidad de unidades comerciales:47.15KILOS ",,,1071043,1081000,,,,,,,1,70107
2011,1,6007532991836,1,,,,,C.I FUNDICION RAMIREZ  S.A.,805017701,10910097,805017701,1,,,,,C.I FUNDICION RAMIREZ  S.A.,10922973,,,,,,REPUBLIC METALS CORPORATION,12900 NW 38th AVENUE -  33054,MIAMI,42223433,,,42323438,,,,,42,1051111,1071043,169,1081023,30220635,30120632,23620386,BODEGA DE AMERICAN AIRLINES,1,2531398.34,,33723811,,,2,2,2,23120230,29520622,1051111,88,Aduanas de Cali,249,ESTADOS UNIDOS,1274396,2531398.34,,,,2531398.34,,,1,2,63,20111028,6027536598142,20111028,,,,,,,20111118134821,9112403,10910094,16706050,8,,,805017701,1,1,1,7108120000,,,16820215,55.03,36623089,55.03,23020267,2,63,55.03,2531398.34,ORO,1,"Nombre Comercial:ORO EN BARRAS , Otras características:ORO EN BARRAS PARA USO NO MONETARIO: GRAMOS FINOS TOTALES:  46699.60, SE EXPLICA ASI: PESO BARRAS:55028.12grs, POR LEY 0.8486, IGUAL A 46699.60grs.Finos.  , Cantidad de unidades comerciales:55.03 ",,,1071043,1081023,,,,,,,,70107
2011,1,6007533007269,3,,,,,COMERCIALIZADORA INTENACIONAL DE METALES PRECIOSOS Y METALES COMUNES INVERSIONES GENERALES S.A.,811009244,10910097,830002571,4,,,,,AGENCIA DE ADUANAS AVIATUR  S A NIVEL 1.,10922973,444444282,,,,,REPUBLIC METALS CORPORATION.,12900 N. W 38TH  AVENUE MIAMI FL 33054,MIAMI,42223433,,,42323438,,7851774,,,42,1051113,1071043,169,1081000,30220635,30120632,23620384,BODEGAS AMERICAN,1,4999933.080000,,33723812,,,2,2,2,23120230,29520622,1051113,90,Aduanas de Medellín,249,ESTADOS UNIDOS,1274396,4999933.08,,,,4999933.08,,,1,6,97.83,20111031,6027534939565,20111027,9097682,78,16691328,,,,20111031103815,29460969,10910094,43576612,6,,,811009244,1,1,1,7108120000,,,16820215,94.140000,36623089,94.14,23020262,6,97.83,94.14,4999933.08,REPUBLIC METALS CORP,1,"Nombre Comercial:DO: 37718  SEIS BARRAS DE ALEACION ORO PLATA , Otras características:SON 92588.76 GRAMOS FINOS DE ORO LEY 983.48 Y 1555.13 GRAMOS FINOS DE PLATA LEY 16.52  GUIA AEREA 001-14206872 ",,,1071043,1081000,,,,,,,,70107
2011,1,6007530904523,2,,,,,C. I. GOLDEX S.A.,811030022,10910097,830116195,8,,,,,AGENCIA DE ADUANAS CS S A NIVEL 2,10922973,,,,,,METALOR INC,255 JOHN L. DIETSCH,MIAMI,42223433,,,42323438,,,,,42,1051113,1071043,169,1081000,30220635,30120632,23620395,MIAMI,1,3816563.78,,33723811,,,2,2,2,23120230,29520622,1051113,90,Aduanas de Medellín,249,ESTADOS UNIDOS,1274396,3791715.78,,,24848.00,3816563.78,,,1,5,90.21,20110905,6027534266382,20110902,29180254,77,43097664,,,,20110905143737,22390623,10910094,71586157,0,,,811030022,1,1,1,7108120000,,,16820215,80.21,36623089,80.21,23020303,5,90.21,80.21,3791715.78,AWB No. 3872-0003013,1,"Nombre Comercial:ORO , Otras características:ORO EN BARRA  , Cantidad de unidades comerciales:80.21 kilos ",,,1071043,1081000,,,,,,,,70107
2011,1,6007533145367,7,,,,,MINEROS S.A,890914525,10910097,800245090,7,,,,,AGENCIA DE ADUANAS ROLI ADUANAS  SA  NIVEL 2,10922973,,,,,,METALOR TECNOLOGIES S.A REFINING DIVISION,CH. DES PERVEUILS 8 CH-2074,MARIN,42223433,,,42323438,,ME11-127/0753,,,42,1051113,1071043,169,1081000,30220635,30120632,23620384,AEROPUERTO ZURICH,1,5452912.00,,33723811,,,2,2,2,23120230,29520622,1051113,90,Aduanas de Medellín,767,SUIZA,1236895,5452912,,,,5452912,,,1,6,110.85,20111101,6027536679484,20111031,22539406,77,71734946,,,,20111118081802,6310663,10910094,8348023,3,,,890914525,1,1,1,7108130000,,,16820215,107.99,36623087,98452.59,23020342,6,110.85,107.99,5452912,METALOR SUIZA,1,"Nombre Comercial:BARRAS DE ORO , Otras características:BARRAS DE ORO No 3348, LEY ORO: 0.90943, LEY PLATA: 0.08385....; BARRA No 3349, LEY ORO: 0.91207, LEY PLATA: 0.08064........ ; BARRA No 3350, LEY ORO: 0.90271, LEY PLATA: 0.08960........ ; BARRA No 3351, LEY ORO: 0.91469, LEY PLATA: 0.07888... ; BARRA No 3352, LEY ORO: 0.91627, LEY PLATA: 0.07800....; BARRA No 3353, LEY ORO: 0.91465, LEY PLATA: 0.07989..... ; TOTAL GRAMOS DE ORO PURO: 98452.59 ..... ; TOTAL GRAMOS DE PLATA PURA: 8833.16..... ; GUIA AEREA No 001-1420 6931..... ; TOTAL  PAGO DE IMPUESTOS Y REGALIAS: $363.244.696, EN CONSIGNACIONES ASI:... ; CONSIGNACION BANCO DE BOGOTA POR $282.074.453 Y POR $48.147.998...... ; CONSIGNACION  VUCE # 20111031-00047 POR $33.022.245. NOTA: LA MERCANCIA TIENE COMO DESTINO FINAL SUIZA (767), CIUDAD: MARIN, PERO SALE CON AMERICAN AIRLINES A MIAMI, PARA HACER CONEXION CON DESTINO EL FINAL.  LA EMPRESA AMERICAN SOLO CUBRE EL TRAYECTO MEDELLIN A MIAMI (E.U). , Cantidad de unidades comerciales:98452.59 GRAMOS  DE ORO FINO ",,,1071043,1081000,,,,,,,,96819
2011,2,6007524216377,5,,,,,C.I. METALES HERMANOS S.A.,900165320,10910097,860514173,2,,,,,AGENCIA DE ADUANAS SERVICIOS ADUANEROS ESPECIALIZADOS S A N,10922973,,,,,,REPUBLIC METALS CORP.,12900 NW 38TH AVENUE MIAMI,MIAMI,42223433,6007524130152,41529348,42323441,Circunstanciasexcepcionales,,,,42,1051113,1071043,169,1081000,30220635,30120632,23620384,BODEGAS AEROLINEA,1,1481393.25,,33723811,,,2,2,2,23120230,29520622,1051113,90,Aduanas de Medellín,249,ESTADOS UNIDOS,1274396,1481393.25,,,,1481393.25,,,1,2,39.66,20110303,6027526826930,20110224,,,,,,,20110303150137,,,,,,,900165320,1,1,1,7108120000,,,16820215,38.87,36623089,38.87,23020303,2,39.66,38.87,1481393.25,REPUBLIC METALS CORP.,1,"Nombre Comercial:ORO , Otras características:ORO LAS DEMAS FORMAS DE ORO EN BRUTO. ANEXAMOS CERTIFICACION DE PUREZA NRO: 0367 EQUIVALENTE A 33.138.45 GRAMOS PUROS DE ORO CON PAGO DE REGALIAS POR VALOR DE 86.203.541 , Cantidad de unidades comerciales:38.87 ",,,1071043,1081000,,,,,,,,70107
2011,1,6007531902304,1,,,,,SOCIEDAD DE COMERCIALIZACION INTERNACIONAL DEL NORDESTE ANTIOQUEÑO LTDA,900254804,10910097,830116195,8,,,,,AGENCIA DE ADUANAS CS S A NIVEL 2,10922973,,,,,,REPUBLIC METALS,12900 NW 38TH AVENUE MIAMI,"MIAMI, FLA",42223433,,,42323438,,,,,42,1051113,1071043,169,1081000,30220635,30120632,23620384,JOSE MARIA CORDOVA,1,2199564.00,,33723811,,,2,2,2,23120230,29520622,1051113,90,Aduanas de Medellín,249,ESTADOS UNIDOS,1274396,2199564,,,,2199564,,,2,8,53.79,20111004,6027535513074,20110927,18251258,78,32505295,,,,20111004120552,22390623,10910094,71586157,0,,,900254804,1,2,1,7108120000,,,16820215,47.38,36623089,47.38,23020303,8,53.79,47.38,2063782,AWB No. 001-19753333,2,"Nombre Comercial:PLATINO , Otras características:PLATINO PT ORE SCRAP REF CLML004,  , Cantidad de unidades comerciales:3.22 KILOS ",,,1071043,1081000,,,,,,,,70107
2011,1,6007531902304,1,,,,,SOCIEDAD DE COMERCIALIZACION INTERNACIONAL DEL NORDESTE ANTIOQUEÑO LTDA,900254804,10910097,830116195,8,,,,,AGENCIA DE ADUANAS CS S A NIVEL 2,10922973,,,,,,REPUBLIC METALS,12900 NW 38TH AVENUE MIAMI,"MIAMI, FLA",42223433,,,42323438,,,,,42,1051113,1071043,169,1081000,30220635,30120632,23620384,JOSE MARIA CORDOVA,1,2199564.00,,33723811,,,2,2,2,23120230,29520622,1051113,90,Aduanas de Medellín,249,ESTADOS UNIDOS,1274396,2199564,,,,2199564,,,2,8,53.79,20111004,6027535513074,20110927,18251258,78,32505295,,,,20111004120552,22390623,10910094,71586157,0,,,900254804,1,2,1,7108120000,,,16820215,47.38,36623089,47.38,23020303,8,53.79,47.38,2063782,AWB No. 001-19753333,1,"Nombre Comercial:ORO , Otras características:ORO EN BARRA REF CLML002,  , Cantidad de unidades comerciales:47.38 kilos ",,,1071043,1081000,,,,,,,,70107
2012,1,6007538200841,9,,,,,SOCIEDAD DE COMERCIALIZACION INTERNACIONAL C. I. DHOWS CONGO S. A.,900049564,10910097,890921491,4,,,,,AGENCIA DE ADUANAS LACOSTE Y ASOCIADOS S.A.  NIVEL 2,10922973,,,,,,METALOR TECHNOLOGIES S.A.,CH. DES PERVEUILS 8 CH-2074 MARIN EPAGNIER,ZURICH,42223433,,,42323438,,DO: 212060,,,42,1051113,1071043,169,1081000,30220635,30120632,23620388,ZURICH-SUIZA,1,762565.14,,33723813,3,,2,2,2,23120230,29520622,1051113,90,Aduanas de Medellín,767,SUIZA,1236895,759365.14,2628.08,571.92,,762565.14,,,1,1,18.69,20120320,6027541564223,20120316,23675782,78,79260015,,,,20120322080427,33322713,10910096,123106,9,,,900049564,1,1,1,7108120000,,,16820215,16.23,36623089,16.23,23020303,1,18.69,16.23,759365.14,METALOR TECHNOLOGIES.,1,"Nombre Comercial:ORO EN BARRA, , Otras características:ENVIO POR CARGA:ORO EN BARRA,SE ADJUNTAN LOS SIGUIENTES DOCUMENTOS SOPORTES: LISTA DE EMPAQUE NRO.M-AU-24-12, CERTIFICADO DE PUREZA PESO Y LEY NRO.M-AU-24-12,LISTADO DE COMPRADORES Y REGALIAS NRO. EXP-M-AU-24-12, TRANSFERENCIA ELECTRONICA DE REGALIAS SEGUN COMPROBANTE 264184 POR VALOR DE $44.152.464 DE MARZO-16-2012 Y VISTO BUENO DE INGEOMINAS NRO.SGC-EMP-20120316-5335 DE MARZO-16-2012, SEGUN CERTIFICADO DE PUREZA PESO Y LEY NRO. M-AU-24-12 LOS GRAMOS FINOS DEL ORO 13.782.64 Y LOS GRAMOS FINOS DE PLATA SON 1.298.94 SE ADJUNTAN LOS CERTIFICADOS AL PROVEEDOR CP NUMEROS. 29298-29299-29300-29301-29302-29303-29304-29305-29306-29307-29308-29309-29310-29311-29312-29313-29314-29315-29316-29317-29318-29319-29320-29321-29323-29324-29325. ",,,1071043,1081000,,,,,,,,70107
2012,1,6007542395614,9,,,,,SOCIEDAD DE COMERCIALIZACION INTERNACIONAL C. I. DHOWS CONGO S. A.,900049564,10910097,890921491,4,,,,,AGENCIA DE ADUANAS LACOSTE Y ASOCIADOS S.A.  NIVEL 2,10922973,,,,,,METALOR TECHNOLOGIES S.A.,CH. DES PERVEUILS 8 CH-2074 MARIN EPAGNIER,ZURICH,42223433,,,42323438,,DO: 212148,,,42,1051113,1071043,169,1081000,30220635,30120632,23620388,ZURICH-SUIZA,1,710531.51,,33723813,3,,2,2,2,23120230,29520622,1051113,90,Aduanas de Medellín,767,SUIZA,1236895,707331.51,2450.00,750.00,,710531.51,,,1,1,18.85,20120710,6027545585488,20120709,22405963,79,71601497,,,,20120712075647,33322713,10910096,123106,9,,,900049564,1,1,1,7108120000,,,16820215,16.40,36623089,16.4,23020303,1,18.85,16.4,707331.51,METALOR TECHNOLOGIES.,1,"Nombre Comercial:ORO EN BARRA, , Otras características:ENVIO POR CARGA:ORO EN BARRA,SE ADJUNTAN LOS SIGUIENTES DOCUMENTOS SOPORTES: LISTA DE EMPAQUE NRO.M-AU-69-12, CERTIFICADO DE PUREZA PESO Y LEY NRO. M-AU-69-12, LISTADO DE COMPRADORES Y REGALIAS NRO. EXP-M-AU-69-12, TRANSFERENCIA ELECTRONICA DE REGALIAS SEGUN COMPROBANTE 265304 POR VALOR DE $39,425,381    DE JULIO-09-2012 Y VISTO BUENO DE INGEOMINAS NRO.ANM-EMP-20120709-5925 DE JULIO-09-2012, SEGUN CERTIFICADO DE PUREZA PESO Y LEY NRO. M-AU-69-12 LOS GRAMOS FINOS DEL ORO SON:13.399.12 Y LOS GRAMOS FINOS DE PLATA SON:1.312..25;SE ADJUNTAN LOS CERTIFICADOS AL PROVEEDOR CP NUMEROS:  30132-30133-30134-30135-30136-30137-30138-30139-30140-30141 ",,,1071043,1081000,,,,,,,,70107
2012,1,6007545870117,0,,,,,COMERCIALIZADORA INTERNACIONAL DE METALES PRECIOSOS DE COLOMBIA S.A.,900118612,10910097,830116195,8,,,,,AGENCIA DE ADUANAS CS S A NIVEL 2,10922973,,,,,,REPUBLIC METALS CORP,12900 NW 38TH AVENUE,"MIAMI, FLA.",42223433,,,42323438,,,,,42,1051113,1071043,169,1081000,30220635,30120632,23620384,AEROPUERTO JOSE MARIA CORDOVA,1,4405000.00,,33723811,,,2,2,2,23120230,29520622,1051113,90,Aduanas de Medellín,249,ESTADOS UNIDOS,1274396,4405000,,,,4405000,,,1,4,94.72,20121010,6027549013862,20121009,21324343,77,63527044,,,,20121011145851,22390623,10910094,71586157,0,,,900118612,1,1,1,7108120000,,,16820215,91.72,36623089,91.72,23020303,4,94.72,91.72,4405000,AWB No. 729-88160273,1,"Nombre Comercial:ORO , Otras características:ORO EN BARRAS,   , Cantidad de unidades comerciales:91.72KILOS ",,,1071043,1081000,,,,,,,,70107
2012,1,6007538036370,5,,,,,C.I. METALES HERMANOS S.A.,900165320,10910097,860514173,2,,,,,AGENCIA DE ADUANAS SERVICIOS ADUANEROS ESPECIALIZADOS S A N,10922973,,,,,,REPUBLIC METALS CORP.,12900 NW 38TH AVENUE MIAMI,MIAMI,42223433,,,42323438,,,,,42,1051113,1071043,169,1081000,30220635,30120632,23620384,BODEGAS AEROLINEA,1,2803366.74,,33723811,,,2,2,2,23120230,29520622,1051113,90,Aduanas de Medellín,249,ESTADOS UNIDOS,1274396,2803366.74,,,,2803366.74,,,1,3,62.48,20120316,6027541419798,20120314,,,,,,,20120321124750,21432866,10910094,65495401,0,,,900165320,1,1,1,7108120000,,,16820215,61.62,36623089,61.62,23020303,3,62.48,61.62,2803366.74,REPUBLIC METALS CORP.,1,"Nombre Comercial:ORO , Otras características:ORO LAS DEMAS FORMAS DE ORO EN BRUTO. ANEXAMOS CERTIFICACION DE PUREZA NRO: 0498 EQUIVALENTE A 52.908.59 GRAMOS PUROS DE ORO CON PAGO DE REGALIAS POR VALOR DE 169.178.950 , Cantidad de unidades comerciales:61.62 ",,,1071043,1081000,,,,,,,,70107
2013,1,6007558413408,3,,,,,COMERCIALIZADORA INTERNACIONAL DE METALES PRECIOSOS Y METALES COMUNES INVERSIONES GENERALES S.A.,811009244,10910097,830002571,4,,,,,AGENCIA DE ADUANAS AVIATUR  S A NIVEL 1.,10922973,,,,,,EMIRATES GOLD DMCC,"JUMEIRAH LAKES TOWERS. DUBAI, UAE. PO 24305",DUBAI,42223433,,,42323438,,11716109,,,42,1051113,1071043,169,1081000,30220635,30120632,23620384,AEROPUERTO JMC RNG,1,2045627.43,,33723812,,,2,2,2,23120230,29520622,1051113,90,Aduanas de Medellín,244,EMIRATOS ARABES UNID,1231363,2045627.43,,,,2045627.43,,,1,3,52.8,20130910,6027561803832,20130909,29168688,79,43086098,,,,20130913142916,29460969,10910094,43576612,6,,,811009244,1,1,1,7108120000,,,16820215,51.49,36623087,51487.07,23020262,3,52.8,51.49,2045627.43,EMIRATES GOLD DMCC,1,"Nombre Comercial:DO: 33933 // TRES BARRAS DE ALEACION ORO - PLATA , Otras características:BARRAS (IG-3771; IG-3772; IG-3773)SON 46404.63 GRAMOS FINOS DE ORO LEY 90.1287061% Y 5082.44 GRAMOS FINOS DE PLATA LEY 9.8712939% // MERCANCIA VENDIDA A INTL COMMODITIES, INC. DIRECCION: 329 PARK AVENUE NORTH SUITE 350. WINTER PARK, FL 32789 USA Y DESPACHADA A EMIRATES GOLD DMCC. DIRECCION: JUMEIRAH LAKES TOWERS. DUBAI, UAE. P.O 24305 // GUIA AEREA 729-89094235  ",,,1071043,1081000,,,,,,,,70107
2013,1,6007562518740,0,,,,,COMERCIALIZADORA INTERNACIONAL DE METALES PRECIOSOS DE COLOMBIA S.A.,900118612,10910097,830116195,8,,,,,AGENCIA DE ADUANAS CS S A NIVEL 2,10922973,,,,,,METALOR USA REFINING,255 Jhon L. Dietsch Boulevard,"MIAMI, FLA.",42223433,,,42323438,,,,,42,1051113,1071043,169,1081000,30220635,30120632,23620384,AEROPUERTO JOSE MARIA CORDOVA,1,4480799.98,,33723811,,,2,2,2,23120230,29520622,1051113,90,Aduanas de Medellín,249,ESTADOS UNIDOS,1274396,4480799.98,,,,4480799.98,,,1,6,145.1,20131223,6027565884145,20131220,104085966,76,8031067,,,,20131226083825,22390623,10910094,71586157,0,,,900118612,1,1,1,7108120000,,,16820215,133.01,36623089,133.01,23020303,6,145.1,133.01,4480799.98,AWB # 001-36583923,1,"Nombre Comercial:ORO , Otras características:ORO EN BARRAS, CP No. 000640100242317-0; 000640100245140-8; 000640100245141-5; 000640100245142-2; 000640100245143-1; 000640100246216-3; 000640100246536-5; 000640100246537-2; 000640100246537-2; 000640100246538-1; 000640100246539-7; 000640100246540-5; 000640100246541-2; 000640100246542-1; 000640100246543-7; 000640100246549-0; 000640100247651-9; 000640100247652-6; 000640100248660-1; 000640100249359-1; 000640100249360-1; , Cantidad de unidades comerciales:133.01 KILOS ",,,1071043,1081000,,,,,,,,70107
2013,1,6007560942051,4,,,,,MINERALES DEL ALTO MAGDALENA LTDA,900141475,10910097,830126345,9,,,,,AGENCIA DE ADUANAS SERVAL   S  A   S  NIVEL 2,10922973,,,,,,AUBRUSA METALS LLC,247 SW 8TH STREET No 140 MIAMI FL 33130,MIAMI,42223433,,,42323438,,,,,42,1051065,1071043,169,1081002,30220635,30120632,23620386,BOGOTA,1,29054.39,,33723812,,,2,2,2,23120230,29520622,1051065,3,Aduanas de Bogota - Aeropuerto El Dorado,249,ESTADOS UNIDOS,1274396,29054.39,,,,29054.39,,,1,1,0.8,20131113,6027564374551,20131113,2933573,77,2996008,,,,20131115103814,23814992,10910094,79399501,9,,,900141475,1,1,1,7108120000,,,16820215,0.855,36623089,0.855,23020262,1,0.8,0.8,29054.39,,1,"Nombre Comercial:ORO EN BARRAS , Otras características:3 BARRAS DE ORO LEY 8.250  EN 855.0 GRM , Cantidad de unidades comerciales:0.855 KG ",,,1071043,1081012,,,,,,,,70107
2013,1,6007550746211,1,,,,,SOCIEDAD DE COMERCIALIZACION INTERNACIONAL DEL NORDESTE ANTIOQUEÑO S.A.S.,900254804,10910097,830116195,8,,,,,AGENCIA DE ADUANAS CS S A NIVEL 2,10922973,,,,,,METALOR USA REFINING,255 JOHN L. DIESTCH BLVD,"MIAMI, FLA",42223433,,,42323438,,,,,42,1051113,1071043,169,1081000,30220635,30120632,23620384,JOSE MARIA CORDOVA,1,1580965.49,,33723811,,,2,2,2,23120230,29520622,1051113,90,Aduanas de Medellín,249,ESTADOS UNIDOS,1274396,1580965.49,,,,1580965.49,,,1,3,45.83,20130220,6027554097347,20130219,12523618,77,22520127,,,,20130225133101,22390623,10910094,71586157,0,,,900254804,1,1,1,7108120000,,,16820215,39.70,36623089,39.7,23020303,3,45.83,39.7,1580965.49,AWB No. 001-11013734,1,"Nombre Comercial:ORO , Otras características:ORO EN BARRA REF CLML002,  , Cantidad de unidades comerciales:39.70 kilos ",,,1071043,1081000,,,,,,,,70107
2013,1,6007552066993,9,,,,,SOCIEDAD DE COMERCIALIZACION INTERNACIONAL ANTIOQUEÑA DE EXPORTACIONES S.A.S,900332718,10910097,830116195,8,,,,,AGENCIA DE ADUANAS CS S A NIVEL 2,10922973,,,,,,METALOR USA REFINING,255 JOHN L. DIESTCH BLVD,"MIAMI, FLA",42223433,,,42323438,,,,,42,1051113,1071043,169,1081000,30220635,30120632,23620388,JOSE MARIA CORDOVA,1,2773895.00,,33723812,,,2,2,2,23120230,29520622,1051113,90,Aduanas de Medellín,249,ESTADOS UNIDOS,1274396,2769886.97,3800.00,208.03,,2773895,,,1,4,69.78,20130327,6027555403081,20130326,35899141,78,1037579973,,,,20130402095157,22390623,10910094,71586157,0,,,900332718,1,1,1,7108120000,,,16820215,60.95,36623089,60.95,23020303,4,69.78,60.95,2769886.97,AWB No. 001-11021286,1,"Nombre Comercial:ORO , Otras características:ORO EN BARRA  , Cantidad de unidades comerciales:60.95 kilos ",,,1071043,1081000,,,,,,,,70107
2013,1,6007555118657,2,,,,,C.I.  NTR METALS COLOMBIA SAS,900462120,10910097,890323585,2,,,,,AGENCIA DE ADUANAS DELIO ARISTIZABAL & CIA S.C. NIVEL 1,10922973,,,,,,OHIO PRECIOUS METALS,"16064 BEAVER PIKE, JACKSON OH 45640 PH:7402866457",JACKSON,42223433,,,42323438,,,,,42,1051111,1071043,169,1081023,30220635,30120632,23620384,Aeropuerto Alfonso Bonilla Aragon,1,1694968.22,,33723812,,,2,2,2,23120230,29520622,1051111,88,Aduanas de Cali,249,ESTADOS UNIDOS,1280875,1694968.22,,,,1694968.22,,,2,5,46,20130614,6027558570483,20130613,9974238,79,19054340,,,,20130624143714,7411743,10910094,12197744,0,,,900462120,1,2,1,7108120000,,,16820215,37.11,36623089,37.11,23020284,5,46,37.11,1644037.62,,1,"Nombre Comercial:ORO BRUTO , Otras características:DO.C-2724. DE MINA CON UNA LEY PROMEDIO DE 0.8754 CORRESPONDIENTES A 37.11 KILOS PUROS DE ORO. EMPACADOS DE LA SIGUIENTE FORMA: BARRA No.2153.90GR, 6009.10GR, 1478.50GR (1/408686); 3346.30GR (1/40828); 11361.90GR (1/40413), 9641.60GR (1/46327); 2028.70GR, 6193GR (1/40786) ",,,1071043,1081023,,,,,,,,70107
2013,1,6007555118657,2,,,,,C.I.  NTR METALS COLOMBIA SAS,900462120,10910097,890323585,2,,,,,AGENCIA DE ADUANAS DELIO ARISTIZABAL & CIA S.C. NIVEL 1,10922973,,,,,,OHIO PRECIOUS METALS,"16064 BEAVER PIKE, JACKSON OH 45640 PH:7402866457",JACKSON,42223433,,,42323438,,,,,42,1051111,1071043,169,1081023,30220635,30120632,23620384,Aeropuerto Alfonso Bonilla Aragon,1,1694968.22,,33723812,,,2,2,2,23120230,29520622,1051111,88,Aduanas de Cali,249,ESTADOS UNIDOS,1280875,1694968.22,,,,1694968.22,,,2,5,46,20130614,6027558570483,20130613,9974238,79,19054340,,,,20130624143714,7411743,10910094,12197744,0,,,900462120,1,2,1,7108120000,,,16820215,37.11,36623089,37.11,23020284,5,46,37.11,1644037.62,,2,"Nombre Comercial:ORO BRUTO CHATARRA , Otras características:CON UNA LEY PROMEDIO DE 0.6857 CORRESPONDIENTES A 1.15 KILOS PUROS DE ORO. EMPACADO DE LA SIGUIENTE FORMA: BARRAS: 1062GR, 781.30GR (1/40828) ",,,1071043,1081023,,,,,,,,70107
2013,1,6007560379119,7,,,,,BUSINESS GROUP VEGA GRANADA S.A.S,900657461,10910097,860061308,4,,,,,AGENCIA DE ADUANAS PASAR LTDA NIVEL 1,10922973,,,,,,KALOTI METALS & LOGITIC,"55 N.E. 1ST STREET, SUITE 34, MIAMI, FL 33132 USA",MIAMI,42223433,,,42323438,,32132162,,,42,1051065,1071043,169,1081023,30220635,30120632,23620384,BOGOTA,1,12799.95,,33723811,,,2,2,2,23120230,29520622,1051065,3,Aduanas de Bogota - Aeropuerto El Dorado,249,ESTADOS UNIDOS,1274396,12799.95,,,,12799.95,,,1,1,0.5,20131029,6027563813091,20131028,10061636,79,19141757,,,,20131119084506,19965769,10910094,52034396,7,,,900657461,1,1,1,7108130000,,,16820215,0.29419,36623089,0.29419,23020268,1,0.5,0.29,12799.95,,1,"Nombre Comercial:ORO SEMILABRADO , Otras características:BULLION GOLD LEY 913 REF: 913, RECIBO PAGO DE REGALIAS NUMERO: 0069956 FECHA: 24/10/2013 VALOR COP$783534.00, RADICADO VUCE NUMERO: 20131024-00168 APROBACION ANM-EMP-20131025-8370 , Cantidad de unidades comerciales:0.29419 KG ",,,1071043,1081023,,,,,,,,96819
2016,1,6007592735630,0,,,,,COMERCIALIZADORA INTERNACIONAL DE METALES PRECIOSOS DE COLOMBIA S.A.,900118612,10910097,830116195,8,,,,,AGENCIA DE ADUANAS CS S A S NIVEL 2,10922973,,,,,,METALOR TECHNOLOGIES USA CORP,255 JHON L . DIETSCH BLVD,"MIAMI, FLA.",42223433,,,42323438,,,,,42,1051113,1071043,169,1081000,30220635,30120632,23620384,AEROPUERTO JOSE MARIA CORDOVA,1,8180000.00,,33723811,,,2,2,2,23120230,29520622,1051113,90,Aduanas de Medellín,249,ESTADOS UNIDOS,1274396,8180000,,,,8180000,,,1,15,301.38,20160129,6027596416489,20160128,35899141,78,1037579973,,,,20160201102518,22390623,10910094,71586157,0,,,900118612,1,1,1,7108120000,,,16820215,273.25,36623089,273.25,23020303,15,301.38,273.25,8180000,AWB # 001-97464323,1,"Nombre Comercial:ORO , Otras características:ORO EN BARRAS, CP No. 0006401010652263, 0006401010662590, 0006401010662609, 0006401011819876, 0006401011819923, 0006401011819930, 0006401011820007, 0006401011820053, 0006401011820060, 0006401011831705, 0006401011831721, 0006401011832101, 0006401011832093, 0006401011873620, 0006401011873978, 0006401011873638, 0006401011873645, 0006401011873652, 0006401011873661, 0006401011873677, 0006401011873684, 0006401011873701, 0006401011873717, 0006401011873749, 0006401011873756, 0006401011873763, 0006401011873770, 0006401011873788, 0006401011873795, 0006401011873803, 0006401011873810, 0006401011873828, 0006401011873835, 0006401011874858, 0006401011873867, 0006401011874872, 0006401011874881, 0006401011873914, 0006401011873921, 0006401011888246, 0006401011888278, 0006401011888285, 0006401011888292, 0006401011888318, 0006401011888332, 0006401011888341, 0006401011888357, 0006401011888371, 0006401011888389, 0006401011888396, 0006401011888436, 0006401011888443, 0006401011888468, 0006401011888475, 0006401011888491, 0006401011888508, 0006401011904304, 0006401011904461, 0006401011750212, 0006401011750221, 0006401011750237, 0006401011832086, 0006401011838275, 0006401011846470, 0006401011846488, 0006401011846503, 0006401011846528, 0006401011873606, 0006401011873939, 0006401011873946, 0006401011873953, 0006401011873960, 0006401011888515, 0006401011904296, 0",,,1071043,1081000,,,,,,,,70107
2016,1,6007598828731,0,,,,,COMERCIALIZADORA INTERNACIONAL DE METALES PRECIOSOS DE COLOMBIA S.A.,900118612,10910097,830116195,8,,,,,AGENCIA DE ADUANAS CS S A S NIVEL 2,10922973,,,,,,METALOR TECHNOLOGIES USA CORP,255 JHON L . DIETSCH BLVD,"MIAMI, FLA.",42223433,,,42323438,,,,,42,1051113,1071043,169,1081000,30220635,30120632,23620384,AEROPUERTO JOSE MARIA CORDOVA,1,721512.13,,33723811,,,2,2,2,23120230,29520622,1051113,90,Aduanas de Medellín,249,ESTADOS UNIDOS,1274396,721512.13,,,,721512.13,,,1,2,26.98,20160627,6027602353390,20160624,35899141,78,1037579973,,,,20160711155617,22390623,10910094,71586157,0,,,900118612,1,1,1,7108120000,,,16820215,22.86,36623089,22.86,23020303,2,26.98,22.86,721512.13,AWB # 001-99064291,1,"Nombre Comercial:ORO , Otras características:ORO EN BARRAS, CP No. 0006401013999565; 0006401013999572; 0006401014036543; 0006401014036550; 0006401014036568; 0006401014076193; 0006401014076201; 0006401014076219; 0006401014076226; 0006401014076233; 0006401014076258; 0006401014088361; 0006401014096945; , Cantidad de unidades comerciales:22.86 kilos ",,,1071043,1081000,,,,,,,,70107
2017,2,6007610641757,3,,,,,VALERIANO S . A. S.,830134585,10910097,830023585,7,,,,,AGENCIA DE ADUANAS SIACOMEX SAS NIVEL 1,10922973,,,,,,"universal precious metals, inc",9550 N.W 12ST BAY 10 DORAL FL 33172 U.S.A,DORAL,42223435,6007610175807,41529348,42323441,Voluntaria,BOG17838,,,42,1051065,1071043,169,1081002,30223270,30120632,,,1,22635.62,2960.91,33723812,,,2,2,2,23120230,29520622,1051065,3,Aduanas de Bogota - Aeropuerto El Dorado,249,ESTADOS UNIDOS,1283303,22635.62,,,,22635.62,,,1,1,2.00,20170307,6027612740364,20170307,,,,,,,20170411183912,,,,,,,830134585,1,1,1,7108120000,,,16820215,0.5,36623089,0.5,23020267,1,2,0.5,22635.62,,1,"Nombre Comercial:ORO PURO , Otras características:EXPORTACION DE 593.98 GRAMOS DE ORO REPRESENTADOS EN UNA BARRA DE 593.92 GRAMOS DE ORO PURO PURO LEY 0,99999 SE CANCELA REGALIAS POR $2.173.591.oo. Vo. Bo. INGEOMINAS No. ANM-EMP-20170303-0805 DE FECHA 03-MAR-2017 , Cantidad de unidades comerciales:593.98 GRAMOS ",,,1071043,1081002,,,,,,,,70107
2017,1,6007616900359,7,,,,,C. I. OPERADORA COLOMBIANA DE EXPLOTACIONES MINERAS S. A. S,900461735,10910097,830131279,0,,,,,AGENCIA DE ADUANAS INTERNACIONAL SAS NIVEL 2,10922973,,,,,,KALOTI METALS & LOGISTICS,"55 NE 1 ST SUITE 34, MIAMI FL 33132",MIAMI FL,42223433,,,42323438,,,,,42,1051065,1071043,169,1081002,30220635,30120632,23620384,BOGOTA,1,287350.00,,33723812,,,1,2,2,23120230,29520622,1051065,3,Aduanas de Bogota - Aeropuerto El Dorado,249,ESTADOS UNIDOS,1274396,287350,,,,287350,,,1,5,7.1,20170830,6027620069062,20170829,10175031,79,19255365,,,,20170908111931,112843716,10910094,1026262621,3,,,900461735,1,1,1,7108120000,,,16820215,7,36623089,7,23020276,5,7.1,7,287350,,1,"Nombre Comercial:ORO , Otras características:5 BARRAS DE 7000 GRM DE ORO LEY 999 EQUIVALENTE A 6993 GRM DE ORO PURO**LLEVADA A LA MANO POR EL SR CARLOS EDUARDO RENGIFO ROJAS CON PAS No.AN962231 DE COLOMBIA Y TIQ No.1345739585955 DE AVIANCA. , Cantidad de unidades comerciales:7 KGM ",,,1071043,1081003,,,,,,,,70107
2017,2,6007618850239,7,,,,,C. I.  OPERADORA COLOMBIANA DE EXPLOTACIONES  MINERAS   S. A. S,900461735,10910097,830131279,0,,,,,AGENCIA DE ADUANAS INTERNACIONAL SAS NIVEL 2,10922973,,,,,,UNIVERSAL PRECIOUS METALS INC.,9550 NW 12 STREET BAY 10 DORAL FL 33172,MIAMI FL,42223433,6007618602197,41529348,42323441,Circunstanciasexcepcionales,,,,42,1051065,1071043,169,1081002,30220635,30120632,23620384,BOGOTA,1,399353.08,,33723812,,,1,2,2,23120230,29520622,1051065,3,Aduanas de Bogota - Aeropuerto El Dorado,249,ESTADOS UNIDOS,1274396,399353.08,,,,399353.08,,,1,6,10,20171009,6027621720700,20171006,,,,,,,20171017124033,,,,,,,900461735,1,1,1,7108120000,,,16820215,9.994,36623089,9.994,23020276,6,10,9.99,399353.08,,1,"Nombre Comercial:ORO , Otras características: 5 BARRAS EN 7970 GRM DE ORO LEY 999 EQUIVALENTE A 7962.03 DE ORO PURO*1 - 2024 L-895/1811.48 PURO* *LLEVADA A LA MANO POR EL SR MAURICIO ENRIQUE DIAZ FRANCO CON PAS No. AN 677838 DE COLOMBIA Y TIQ No. 0015739947514 DE A.A. , Cantidad de unidades comerciales:9.994 KGM ",,,1071043,1081003,,,,,,,,70107
2017,1,6007616640271,0,,,,,METALES PROCESADOS INDUSTRIALES SAS,900605783,10910097,830045523,5,,,,,AGENCIA DE ADUANAS BLU LOGISTICS S A NIVEL 1,10922973,,,,,,UNITED PRECIOUS METAL REFINING INC,2781 TOWNLINE ROAD ALDEN NY 14004- ALDEN - NEW YORK ,NEW YORK,42223433,,,42323438,,201713111,,,42,1051065,1071043,169,1081010,30220635,30120632,23620388,CIF-NEW YORK,1,50227.47,,33723811,,,2,2,2,23120230,29520622,1051065,3,Aduanas de Bogota - Aeropuerto El Dorado,249,ESTADOS UNIDOS,1275009,49880.95,236.00,110.52,,50227.47,,,1,1,4,20170823,6027619604986,20170822,23741943,78,79326271,,,,20170828140401,24437306,10910094,80026826,0,,,900605783,1,1,1,7108120000,,,16820215,0.18,36623087,1855,23020303,1,4,0.18,49880.95,,1,"Nombre Comercial:ORO , Otras características:una barra de oro con peso 1855 gramos de ley 670 correspondiente a gramos de oro 1.242.50 puro ",,,1071043,1081010,,,,,,,,70107
2017,1,6007620305148,0,,,,,METALES PROCESADOS INDUSTRIALES SAS,900605783,10910097,830045523,5,,,,,AGENCIA DE ADUANAS BLU LOGISTICS S A NIVEL 1,10922973,,,,,,ATOMIC GOLD INC,14 NE 1ST AVENUE SUITE 807 8TH FLOOR 33132,MIAMI,42223433,,,42323438,,201717983,,,42,1051065,1071043,169,1081010,30220635,30120632,23620388,CIF-MIAMI,1,50258.60,,33723811,,,2,2,2,23120230,29520622,1051065,3,Aduanas de Bogota - Aeropuerto El Dorado,249,ESTADOS UNIDOS,1274396,49831.6,236.00,191.00,,50258.6,,,1,1,4,20171115,6027623212311,20171110,23862443,79,79447050,,,,20171120110058,23888059,10910094,79472691,1,,,900605783,1,1,1,7108120000,,,16820215,1.92,36623087,1924,23020303,1,4,1.92,49831.6,,1,"Nombre Comercial:ORO , Otras características:una barra de oro con peso 1.924 gramos de ley 643 correspondiente a 1.237,59 gramos de oro puro ",,,1071043,1081010,,,,,,,,70107
2017,1,6007615570787,4,,,,,INVERSIONES Y NEGOCIOS R.C ASOCIADOS S.A.S,900780269,10910097,830116195,8,,,,,AGENCIA DE ADUANAS CS S A S NIVEL 2,10910097,900752183,,,,,P.R. METALES S.A.S.,ZONA FRANCA RIONEGRO BODEGA 102,Rionegro,42223433,,,42323438,,,,,42,1051113,1071043,169,1081000,30220635,30120632,23620384,ZONA FRANCA,1,85925.29,,33723811,,,,2,2,,29520622,1051113,90,Aduanas de Medellín,169,COLOMBIA,671,85925.29,,,,85925.29,,,1,1,2.85,20170802,6027618632898,20170801,25710886,79,93401744,,,,20170810165209,22390623,10910094,71586157,0,,,900780269,1,1,1,7108120000,,,16820215,2.40,36623087,2386.75,23020303,1,2.85,2.4,85925.29,PR METALES,1,"Nombre Comercial:ORO , Otras características:BARRA DE ALEACION DE ORO Y PLATA; BARRA 1 LEY ORO 99.55% GRAMOS FINOS ORO 686.48, LEY PLATA 0.26% GRAMOS FINOS PLATA 1.77; BARRA 2 LEY ORO 90.48% GRAMOS FINOS ORO 1072.40, LEY PLATA 8.72% GRAMOS FINOS PLATA 103.35; BARRA 3 LEY ORO 90.65% GRAMOS FINOS ORO 270.54, LEY PLATA 8.84% GRAMOS FINOS PLATA 26.38; BARRA 4 LEY ORO 90.15% GRAMOS FINOS ORO 206.10, LEY PLATA 8.63% GRAMOS FINOS PLATA 19.73; NOS ACOGEMOS A LA CIRCULAR REGLAMENTARIA EXTERNA BANCO REPUBLICA # 83 NUMERAL 9 LITERAL ""J"" DEL 2011, CON CERTIFICADO DE ORIGEN No. 0005 DEL 26/07/2017, , Cantidad de unidades comerciales:2.40 KILOS ",,,1071043,1081000,,,,,,,,70107
2017,1,6007620812206,4,,,,,INVERSIONES Y NEGOCIOS R.C ASOCIADOS S.A.S,900780269,10910097,830116195,8,,,,,AGENCIA DE ADUANAS CS S A S NIVEL 2,10910097,900752183,,,,,P.R. METALES S.A.S.,ZONA FRANCA RIONEGRO BODEGA 102,Rionegro,42223433,,,42323438,,,,,42,1051113,1071043,169,1081000,30220635,30120632,23620384,ZONA FRANCA,1,131010.54,,33723811,,,,2,2,,29520622,1051113,90,Aduanas de Medellín,169,COLOMBIA,671,131010.54,,,,131010.54,,,1,1,4.51,20171129,6027624052264,20171129,23816181,78,79400693,,,,20171205092500,22390623,10910094,71586157,0,,,900780269,1,1,1,7108120000,,,16820215,4.07,36623087,4039.54,23020303,1,4.51,4.07,131010.54,PR METALES,1,"Nombre Comercial:ORO , Otras características:BARRA DE ALEACION DE ORO Y PLATA; BARRA 1 LEY ORO 70.90% GRAMOS FINOS ORO 618.09 LEY PLATA 27.38% GRAMOS FINOS DE PLATA 238.69; BARRA 2 LEY ORO 82.83% GRAMOS FINOS ORO 55.58 LEY PLATA 16.64% GRAMOS FINOS DE PLATA 11.17; BARRA 3 LEY ORO 88.38% GRAMOS FINO ORO 1553.53 LEY PLATA 11.53% GRAMOS FINOS DE PLATA 202.67; BARRA 4 LEY ORO 85.64% GRAMOS FINOS ORO 364.35 LEY PLATA 14.34% GRAMOS FINOS DE PLATA 61.01; BARRA 5 LEY ORO 78.30% GRAMOS FINOS ORO 742.93 LEY PLATA 20.19% GRAMOS FINOS DE PLATA 191.57; NOS ACOGEMOS A LA CIRCULAR REGLAMENTARIA EXTERNA BANCO REPUBLICA # 83 NUMERAL 9 LITERAL ""J"" DEL 2011, CON CERTIFICADO DE ORIGEN No. 0028 DEL 09/11/2017, , Cantidad de unidades comerciales:4.07 KILOS ",,,1071043,1081000,,,,,,,,70107
2018,1,6007622421310,3,,,,,COMERCIALIZADORA INTERNACIONAL DE METALES PRECIOSOS Y METALES COMUNES INVERSIONES GENERALES S.A.S CIIGSA,811009244,10910097,830002571,4,,,,,AGENCIA DE ADUANAS AVIATUR S A NIVEL 1.,10922973,,,,,,SUN VALLEY INDUSTRIES CORP,25TH FLOOR 700 WEST GEORGIA STREET VANCOUVER VC V7Y 1B3,VANCOUVER,42223433,,,42323438,,18915823,,,42,1051113,1071043,169,1081000,30220635,30120632,23620384,APTO JMC RIONEGRO,1,376309.670000,,33723812,,,2,2,2,23120230,29520622,1051113,90,Aduanas de Medellín,149,CANADA,1237081,376309.67,,,,376309.67,,,1,1,10.75,20180104,6027625567936,20180103,21536688,77,65784244,,,,20180110085406,119064057,10910094,1152693248,5,,,811009244,1,1,1,7108120000,,,16820215,10.280000,36623087,10252.35,23020262,1,10.75,10.28,376309.67,SUN VALLE INDUSTRIES,1,"Nombre Comercial:DO 11//UNA BARRA DE ALEACION DE ORO PLATA , Otras características:BARRA IG-4732 SON 9282.50 GRAMOS FINOS DE ORO LEY 902.60 Y 969.85 GRAMOS FINOS DE PLATA LEY 94.30//GUIA AEREA 729-14950773 , Cantidad de unidades comerciales:10252.35 ",,,1071043,1081000,,,,,,,,70107
2018,1,6007626513898,3,,,,,COMERCIALIZADORA INTERNACIONAL DE METALES PRECIOSOS Y METALES COMUNES INVERSIONES GENERALES S.A.S CIIGSA,811009244,10910097,830002571,4,,,,,AGENCIA DE ADUANAS AVIATUR S A NIVEL 1.,10922973,,,,,,SUN VALLEY INDUSTRIES CORP,25TH FLOOR 700 WEST GEORGIA STREET VANCOUVER VC V7Y 1B3,VANCOUVER,42223433,,,42323438,,19264295,,,42,1051113,1071043,169,1081000,30220635,30120632,23620384,APTO JMC RIONEGRO,1,818488.740000,,33723812,,,2,2,2,23120230,29520622,1051113,90,Aduanas de Medellín,149,CANADA,1237081,818488.74,,,,818488.74,,,1,1,23.35,20180403,6027628558786,20180402,23816181,78,79400693,,,,20180407100516,29460969,10910094,43576612,6,,,811009244,1,1,1,7108120000,,,16820215,22.730000,36623087,22667.42,23020262,1,23.35,22.73,818488.74,SUN VALLEY INDUSTRIES CORP,1,"Nombre Comercial:DO 11908 // UNA BARRA DE ALEACION ORO PLATA , Otras características:BARRA IG-4827 SON 19526.26 GRAMOS FINOS DE ORO LEY 859.00 Y 3141.16 GRAMOS FINOS DE PLATA LEY 138.19 // GUIA AEREA 729-76169656 , Cantidad de unidades comerciales:22667.42 ",,,1071043,1081000,,,,,,,,70107
2018,1,6007636251437,3,,,,,COMERCIALIZADORA INTERNACIONAL DE METALES PRECIOSOS Y METALES COMUNES INVERSIONES GENERALES S.A.S CIIGSA,811009244,10910097,830002571,4,,,,,AGENCIA DE ADUANAS AVIATUR S A NIVEL 1.,10922973,,,,,,ITALPREZIOSI SPA - PRECIOUS METALS REFINING AND TRADING,STRADA A 32 LOC SAN ZENO,AREZZO,42223433,,,42323438,,20363489,,,42,1051113,1071043,169,1081000,30220635,30120632,23620384,APTO JMC RIONEGRO,1,666654.450000,,33723812,,,2,2,2,23120230,29520622,1051113,90,Aduanas de Medellín,386,ITALIA,1255916,666654.45,,,,666654.45,,,1,1,20.25,20181031,6027637602480,20181030,107262447,78,32241568,,,,20181102143337,29460969,10910094,43576612,6,,,811009244,1,1,1,7108120000,,,16820215,19.630000,36623087,19566.76,23020262,1,20.25,19.63,666654.45,ITALPREZIOSI SPA,1,"Nombre Comercial:DO 44530// UNA BARRA DE ALEACION ORO PLATA , Otras características:BARRA IG-5067 SON 16771.90 GRAMOS FINOS DE ORO LEY 854.602 Y 2794.86 GRAMOS FINOS DE PLATA LEY 142.410 // GUIA AEREA 729-74616791 , Cantidad de unidades comerciales:19566.76 GRS ",,,1071043,1081000,,,,,,,,70107
2018,1,6007638020097,3,,,,,INVERSIONES WGM S.A.S,900466237,10910097,830116195,8,,,,,AGENCIA DE ADUANAS CS S A S NIVEL 2,10922973,,,,,,UNIVERSAL PRECIOUS METALS INC,"USA 9550 NW 12st, Bay 10 Maimi, FL 33172",MIAMI,42223433,,,42323438,,,,,42,1051113,1071043,169,1081000,30220635,30120632,23620384,AEROPUERTO JOSE MARIA CORDOBA,1,221943.80,,33723811,,,2,2,2,23120230,29520622,1051113,90,Aduanas de Medellín,249,ESTADOS UNIDOS,1274396,221943.8,,,,221943.8,,,1,1,6.59,20181207,6027640411514,20181206,22539406,77,71734946,,,,20181211111409,22390623,10910094,71586157,0,,,900466237,1,1,1,7108120000,,,16820215,5.91,36623087,5687.95,23020303,1,6.59,5.91,221943.8,AWB # 001-56296380,1,"Nombre Comercial:ORO , Otras características:BARRA DE ALEACION DE ORO Y PLATA, BARRA OPM-164 LEY ORO 95.35% GRAMOS FINOS DE ORO 1763.98 LEY PLATA 4.32% GRAMOS FINOS DE PLATA 79.92; BARRA OPM-165 LEY ORO 96.86% GRAMOS FINOS DE ORO 2034.74 LEY PLATA 2.85% GRAMOS FINOS DE PLATA 59.87; BARRA OPM-166 LEY ORO 96.11% GRAMOS FINOS DE ORO 1889.23 LEY PLATA 3.61% GRAMOS FINOS DE PLATA 70.96; CON CONTRATO DE PARTICIPACION SIN NUMERO DEL 07-07-2017 EMITIDO POR GEOMESSA SAS , Cantidad de unidades comerciales:5687.95 GRAMOS FINOS ",,,1071043,1081000,,,,,,,,70107
2018,1,6007638710821,3,,,,,INVERSIONES WGM S.A.S,900466237,10910097,830116195,8,,,,,AGENCIA DE ADUANAS CS S A S NIVEL 2,10922973,,,,,,UNIVERSAL METALS LLC,"USA 9550 NW 12st, Bay 10 Maimi, FL 33172",MIAMI,42223433,,,42323438,,,,,42,1051113,1071043,169,1081000,30220635,30120632,23620384,AEROPUERTO JOSE MARIA CORDOBA,1,544414.23,,33723811,,,2,2,2,23120230,29520622,1051113,90,Aduanas de Medellín,249,ESTADOS UNIDOS,1274396,544414.23,,,,544414.23,,,1,1,16.41,20181224,6027641194981,20181221,114536291,78,1067910258,,,,20181227095403,22390623,10910094,71586157,0,,,900466237,1,1,1,7108120000,,,16820215,15.80,36623087,13706.3,23020303,1,16.41,15.8,544414.23,AWB # 001-57311682,1,"Nombre Comercial:ORO , Otras características:BARRA DE ALEACION DE ORO Y PLATA, BARRA OPM-181 LEY ORO 84.89 GRAMOS FINOS ORO 2261.64 LEY PLATA 15.07 GRAMOS FINOS PLATA 401.49; BARRA OPM-182 LEY ORO 80.14 GRAMOS FINOS ORO 1692.88 LEY PLATA 18.81 GRAMOS FINOS PLATA 397.34; BARRA OPM-183 LEY ORO 87.02 GRAMOS FINOS ORO 2449.61 LEY PLATA 12.98 GRAMOS FINOS PLATA 365.39; BARRA OPM-184 LEY ORO 84.38 GRAMOS FINOS ORO 1823.03 LEY PLATA 15.54 GRAMOS FINOS PLATA 335.74; BARRA OPM-185 LEY ORO 92.21 GRAMOS FINOS ORO 2262.93 LEY PLATA 7.77 GRAMOS FINOS PLATA 190.68; BARRA OPM-186 LEY ORO 88.17 GRAMOS FINOS ORO 1799.55 LEY PLATA 11.83 GRAMOS FINOS PLATA 241.45; BARRA OPM-187 LEY ORO 90.94 GRAMOS FINOS ORO 1416.66 LEY PLATA 9.00 GRAMOS FINOS PLATA 140.20; CON CONTRATO DE PARTICIPACION SIN NUMERO DEL 07-07-2017 EMITIDO POR JAVIER PINEDA LOPEZ; CON CONTRATO DE PARTICIPACION DE CUENTA SIN NUMERO DEL 07-07-2017 EMITIDO POR GEOMESSA , Cantidad de unidades comerciales:13706.30 GRAMOS FINOS ",,,1071043,1081000,,,,,,,,70107
2018,1,6007628799525,2,,,,,RED EAGLE MINING DE COLOMBIA S.A.S.,900818223,10910097,830002571,4,,,,,AGENCIA DE ADUANAS AVIATUR S A NIVEL 1.,10922973,,,,,,REPUBLIC METALS CORPORATION.,12900 N. W 38TH AVENUE MIAMI FL 33054,MIAMI,42223433,,,42323438,,19479128,,,42,1051113,1071043,169,1081000,30220635,30120632,23620384,APTO JMC RIONEGRO,1,800497.110000,,33723812,,,2,2,2,23120230,29520622,1051113,90,Aduanas de Medellín,249,ESTADOS UNIDOS,1274396,800497.11,,,,800497.11,,,1,3,38.7,20180518,6027631468620,20180517,107262447,78,32241568,,,,20180523090519,29460969,10910094,43576612,6,,,900818223,1,1,1,7108120000,,,16820215,37.080000,36623087,36724.78,23020262,3,38.7,37.08,800497.11,REPUBLIC METALS CORPORATION,1,"Nombre Comercial:DO 18801 // TRES BARRAS DE ALEACION ORO-PLATA , Otras características:BARRA REM SR0072 SON 7957.77 GRAMOS FINOS DE ORO LEY 518.30 Y 7268.39 GRAMOS FINOS DE PLATA LEY 473.4 /BARRA REM SR0073 SON 3713.68 GRAMOS FINOS DE ORO LEY 517.50 Y 3428.79 GRAMOS FINOS DE PLATA LEY 477.8 / BARRA REM SR0074 SON 7388.36 GRAMOS FINOS DE ORO LEY 507.70 Y 6967.78 GRAMOS FINOS DE PLATA LEY 478.8 // NOS ACOGEMOS AL MEMORANDO 000078 DEL 1 DE MARZO DEL 2013, MERCANCIA VENDIDA A RED EAGLE FINANCE LIMITED 1853603, 171 MAIN STREET PO BOX 4041, ROAD TOWN POSTAL CODE: VG11106304973, TORTOLA BRITISH VIRGIN ISLANDS Y DESPACHADA A REPUBLIC METALS CORPORATION , 12900 NW 38 TH AVE FL 33054 LUIS PEÑA-MIKE WAISOME//GUIA AEREA 729-76169973 , Cantidad de unidades comerciales:36724.78 ",,,1071043,1081000,,,,,,,,70107
2018,1,6007637367281,3,,,,,FENIX PRECIOUS METALS SAS,901000769,10910097,830116195,8,,,,,AGENCIA DE ADUANAS CS S A S NIVEL 2,10922973,,,,,,ZEE GOLD DMCC,"3605 OAKS LIWA HEIGHTS, CLUSTER W JUMEIRAH LAKES TOWER, PO BOX 413763",DUBAI,42223433,,,42323438,,,,,42,1051113,1071043,169,1081000,30220635,30120632,23620384,AEROPUERTO JOSE MARIA CORDOBA,1,287591.52,,33723811,,,2,2,2,23120230,29520622,1051113,90,Aduanas de Medellín,244,EMIRATOS ARABES UNID,1231363,287591.52,,,,287591.52,,,1,1,9.45,20181123,6027639761552,20181123,107262447,78,32241568,,,,20181128102914,22390623,10910094,71586157,0,,,901000769,1,1,1,7108120000,,,16820215,8.33,36623087,8338,23020303,1,9.45,8.33,287591.52,AWB # 001-56296225,1,"Nombre Comercial:ORO , Otras características:ORO EN BARRA; BARRA 1 LEY ORO 877.00 GRAMOS FINOS 4161.00, BARRA 2 LEY ORO 880.00 GRAMOS FINOS DE ORO 3159.20, CON CONTRATO DE PARTICIPACION SIN NUMERO DE FECHA 02-06-2017 EMITIDO POR IPCOM SAS, Y CONTRATO DE OPERACION MINERA PARA LA EXPLOTACION SIN NUMERO DE FECHA 01-08-2016 EMITIDO POR FEDERACION AGROMINERA DEL SUR DE BOLIVAR , Cantidad de unidades comerciales:8338.00 GRAMOS ",,,1071043,1081000,,,,,,,,70107
2018,1,6007626894837,6,,,,,COMERCIALLIZADORA INTERNACIONAL ESLOP SAS,901019586,10910097,830116195,8,,,,,AGENCIA DE ADUANAS CS S A S NIVEL 2,10922973,,,,,,ZEE GOLD DMCC,806 SWISS TOWER Y CLUSTER JUMEIRAH LAKE TOWERS,DUBAI,42223433,,,42323438,,,,,42,1051113,1071043,169,1081000,30220635,30120632,23620390,MIAMI,1,573887.00,,33723811,,,2,2,2,23120230,29520622,1051113,90,Aduanas de Medellín,244,EMIRATOS ARABES UNID,1231363,571330.14,2256.00,200.86,100.00,573887,,,1,2,17.36,20180411,6027629971430,20180410,107262447,78,32241568,,,,20180413151024,22390623,10910094,71586157,0,,,901019586,1,1,1,7108120000,,,16820215,15.43,36623087,15430,23020303,2,17.36,15.43,571330.14,AWB # 001-61897393,1,"Nombre Comercial:ORO , Otras características:BARRA DE ALEACION DE ORO Y PLATA, BARRA 1 LEY ORO 908,00 GRAMOS FINOS DE ORO 846,07 LEY PLATA 91,00 GRAMOS FINOS DE PLATA 84,79; BARRA 2 LEY ORO 909,00 GRAMOS FINOS DE ORO 1542,39 LEY PLATA 90,00 GRAMOS FINOS DE PLATA 152,71; BARRA 3 LEY ORO 895,00 GRAMOS FINOS DE ORO 1546,29 LEY PLATA 104,00 GRAMOS FINOS DE PLATA 179,68; BARRA 4 LEY ORO 892,00 GRAMOS FINOS DE ORO 1571,61 LEY PLATA 107,00 GRAMOS FINOS DE PLATA 188,52; BARRA 5 LEY ORO 808,00 GRAMOS FINOS DE ORO 1132,25 LEY PLATA 191,00 GRAMOS FINOS DE PLATA 267,65; BARRA 6 LEY ORO 859,00 GRAMOS FINOS DE ORO 1223,56 LEY PLATA 140,00 GRAMOS FINOS DE PLATA 199,42; BARRA 7 LEY ORO 905,00 GRAMOS FINOS DE ORO 1438,23 LEY PLATA 94,00 GRAMOS FINOS DE PLATA 149,38; BARRA 8 LEY ORO 870,00 GRAMOS FINOS DE ORO 1452,90 LEY PLATA 129,00 GRAMOS FINOS DE PLATA 215,43; BARRA 9 LEY ORO 889,00 GRAMOS FINOS DE ORO 1433,25 LEY PLATA 110,00 GRAMOS FINOS DE PLATA 177,34; BARRA 10 LEY ORO 862,00 GRAMOS FINOS DE ORO 1391,85 LEY PLATA 137,02 GRAMOS FINOS DE PLATA 221,24; CON CONTRATO DE PARTICIPACION SIN NUMERO DEL 20 DE OCTUBRE DE 2017 EMITIDO POR COCOMIMSA S.A.S, CERTIFICADO DE ORIGEN 0068 DEL 02-04-2018 , Cantidad de unidades comerciales:15.43 KILOS ",,,1071043,1081000,,,,,,,,70107
2019,1,6007650096551,4,CARVAJAL,RAMIREZ,ANTONIO,JOSE,CARVAJAL RAMIREZ ANTONIO JOSE,71388802,10910097,890313036,8,,,,,AGENCIA DE ADUANAS CONTINENTAL DE ADUANAS S.A.S. NIVEL 1,10910097,900479267,,,,,FUNDICION RAMIREZ ZONA FRANCA SAS,ZF PALMASECA BG A 5 B,Palmira,42223433,,,42323438,,ZFP-3128,,,42,1051111,1071043,169,1081023,30220635,30120632,23620386,ZONA FRANCA PALMASECA,31,144603994.00,3376.99,33723811,,,,2,2,,29520622,1051111,88,Aduanas de Cali,169,COLOMBIA,357,42820.38,,,,42820.38,,,1,1,1.13,20190830,6027652081380,20190828,18002715,79,31991614,,,,20190911172815,17556019,10910094,31167540,6,,,71388802,1,1,1,7108120000,,,16820215,1.08,36623087,1007.89,23020363,1,1.13,1.08,42820.38,,1,"Nombre Comercial:GRAMOS DE ORO FINO , Otras características:GRAMOS DE ORO FINO PARA USO NO MONETARIO: Con la siguiente factura: FACTURA N°: A 4 TULA: BB 1902404 CON UN TOTAL DE 1 BARRAS DISCRIMINADA CONFORME A LISTA DE EMPAQUE Y BOLETIN DE ANALISIS APORTADOS POR EL EXPORTADOR ASI: BARRA 1 //Gramos netos: 1.075,76 Ley: 0,93691 para: 1.007,89 gramos finos// , Cantidad de unidades comerciales:1.007,89 GRAMOS FINOS DE ORO ",,,1071043,1081000,,,,,,,,70107
2019,1,6007647848779,3,,,,,COMERCIALIZADORA INTERNACIONAL DE METALES PRECIOSOS Y METALES COMUNES INVERSIONES GENERALES S.A.S CIIGSA,811009244,10910097,830002571,4,,,,,AGENCIA DE ADUANAS AVIATUR S A NIVEL 1.,10910097,,,,,,"ISTANBUL ALTIN RAFINERISI, AS",KUYUMCUKENT KOMPLEKSI 7,ESTAMBUL,42223433,,,42323438,,21532785,,,42,1051113,1071043,169,1081000,30220635,30120632,23620384,APTO JMC RIONEGRO,1,947280.540000,,33723812,,,2,2,2,23120230,29520622,1051113,90,Aduanas de Medellín,827,TURQUIA,1268190,947280.54,,,,947280.54,,,1,2,27.19,20190709,6027648867337,20190705,107262447,78,32241568,,,,20190712114308,29460969,10910094,43576612,6,,,811009244,1,1,1,7108120000,,,16820215,25.940000,36623087,25878.68,23020262,2,27.19,25.94,947280.54,ISTANBUL ALTIN RAFINERISI,1,"Nombre Comercial:DO 27982 // DOS BARRA DE ALEACION ORO PLATA , Otras características:BARRA IG-5422 SON 12365.80 GRAMOS FINOS DE ORO LEY 802.984 Y 2998.60 GRAMOS FINOS DE PLATA LEY 194.717 / BARRA IG-5423 SON 8490.30 GRAMOS FINOS DE ORO LEY 805.440 Y 2023.98 GRAMOS FINOS DE PLATA LEY 192.007 / NOS ACOGEMOS AL MEMORANDO 000078 DE 01 DE MARZO DE 2013. MERCANCIA VENDIDA A IGR METALS TRADING DMCC - ALMAS TOWER, LEVEL 24E, JLT EMIRATOS ARABES UNIDOS Y DESPACHADA A ISTANBUL ALTIN RAFINERISI A.S. - KUYUMCUKENT SIT. 7 NOLU BUYUK ATOLYE Y. BOSNA-ISTANBUL-TURKEY // GUIA AEREA 729-61522624 , Cantidad de unidades comerciales:25878.68 GRS ",,,1071043,1081000,,,,,,,,70107
2019,1,6007643227937,0,,,,,COMERCIALIZADORA INTERNACIONAL DE METALES PRECIOSOS DE COLOMBIA S.A.,900118612,10910097,830116195,8,,,,,AGENCIA DE ADUANAS CS S A S NIVEL 2,10922973,,,,,,ARGENTOR ASSAYEURS BVBA,LANGE HERENTALSESTRAAT 52 B2018 ANTWERPEN-BELGICA,ANTWERPEN,42223433,,,42323438,,,,,42,1051113,1071043,169,1081000,30220635,30120632,23620384,AEROPUERTO JOSE MARIA CORDOVA,1,1667824.928,,33723811,,,2,2,2,23120230,29520622,1051113,90,Aduanas de Medellín,87,BELGICA,1233144,1667824.928,,,,1667824.928,,,1,3,48.22,20190403,6027645508017,20190402,114536291,78,1067910258,,,,20190405083313,22390623,10910094,71586157,0,,,900118612,1,1,1,7108120000,,,16820215,45.46,36623089,45.46,23020303,3,48.22,45.46,1667824.93,AWB # 001-59192346,1,"Nombre Comercial:ORO , Otras características:ORO EN BARRAS, BARRA 029-01 LEY ORO 0.928 GRAMOS FINOS ORO 3602.59, BARRA 029-02 LEY ORO 0.889 GRAMOS FINOS 11485.51, BARRA 029-03 LEY ORO 0.899 GRAMOS FINOS ORO 2710.13; BARRA 029-04 LEY ORO 0.880 GRAMOS FINOS ORO 11640.23, BARRA 029-05 LEY ORO 0.886 GRAMOS FINOS ORO 11000.71, CP No. 0006401031769422; 0006401031769447; 0006401031769486; MERCANCIA QUE SERA DESPACHADA A ARGENTOR ESSAYEUR BVBA CON DIRECCION LANGE HERENTALSESTRAAT 52 B2018 ANTWERPEN-BELGICA, POR ORDEN DE SU COMPRADOR CONDOR PARTNERS LTD. CON DIRECCION 3C PEMBRIDGE SQUARE LONDON W2 4EW UNITED KINGDOM EN INGLATERRA , Cantidad de unidades comerciales:45.46 kilos ",,,1071043,1081000,,,,,,,,70107
2019,1,6007653745034,1,,,,,GRAN COLOMBIA GOLD SEGOVIA SUCURSAL COLOMBIA,900306309,10910097,830002571,4,,,,,AGENCIA DE ADUANAS AVIATUR S A NIVEL 1.,10922973,,,,,,ITALPREZIOSI S.P.A.,ARREZO(AR) LOCALITA SAN ZENO STRADA A 32 CAP 52100,AREZZO,42223433,,,42323438,,22198394,,,42,1051113,1071043,169,1081000,30220635,30120632,23620384,APTO JMC RIONEGRO,1,9585019.810000,,33723811,,,2,2,2,23120230,29520622,1051113,90,Aduanas de Medellín,386,ITALIA,1255916,9585019.81,,,,9585019.81,,,1,17,404.57,20191113,6027654658135,20191112,22539406,77,71734946,,,,20191118093401,29460969,10910094,43576612,6,,,900306309,1,1,1,7108120000,,,16820215,378.640000,36623087,366404.82,23020262,17,404.57,378.64,9585019.81,ITALPREZIOSI S.P.A,1,"Nombre Comercial:DO 49769// DIECISIETE BARRAS DE ALEACION ORO PLATA , Otras características:BARRA 3194 SON 16438.54 GRAMOS FINOS DE ORO LEY 652.60 Y 8564.36 GRAMOS FINOS DE PLATA LEY 340/ BARRA 3195 SON 15604.24 GRAMOS FINOS DE ORO LEY 652.90 Y 8102.07 GRAMOS FINOS DE PLATA LEY 339/ BARRA 3196 SON 15947.42 GRAMOS FINOS DE ORO LEY 653.80 Y 8232.27 GRAMOS FINOS DE PLATA LEY 337.50/ BARRA 3197 SON 14345.35 GRAMOS FINOS DE ORO LEY 652.80 Y 7440.77 GRAMOS FINOS DE PLATA LEY 338.60/ BARRA 3198 SON 10514.18 GRAMOS FINOS DE ORO LEY 477.70 Y 10137.81 GRAMOS FINOS DE PLATA LEY 460.60/ BARRA 3199 SON 10401.09 GRAMOS FINOS DE ORO LEY 478.20 Y 10266.24 GRAMOS FINOS DE PLATA LEY 472.00/ BARRA 3200 SON 9725.26 GRAMOS FINOS DE ORO LEY 477.70 Y 9491.13 GRAMOS FINOS DE PLATA LEY 466.20/ BARRA 3201 SON 11102.78 GRAMOS FINOS DE ORO LEY 483.20 Y 10755.81 GRAMOS FINOS DE PLATA LEY 468.10/ BARRA 3202 SON 10789.04 GRAMOS FINOS DE ORO LEY 482.50 Y 10366.42 GRAMOS FINOS DE PLATA LEY 463.60/ BARRA 3203 SON 11669.28 GRAMOS FINOS DE ORO LEY 484.10 Y 11259.49 GRAMOS FINOS DE PLATA LEY 467.10/ BARRA 3204 SON 12789.06 GRAMOS FINOS DE ORO LEY 484.50 Y 12620.12 GRAMOS FINOS DE PLATA LEY 478.10/ BARRA 3205 SON 11356.07 GRAMOS FINOS DE ORO LEY 488.20 Y 11383.98 GRAMOS FINOS DE PLATA LEY 489.40/ BARRA 3206 SON 12374.46 GRAMOS FINOS DE ORO LEY 487.70 Y 12397.30 GRAMOS FINOS DE PLATA LEY 488.60/ BARRA 3207 SON 12004",,,1071043,1081000,,,,,,,,70107
2019,1,6007643645781,3,,,,,INVERSIONES WGM S.A.S,900466237,10910097,830116195,8,,,,,AGENCIA DE ADUANAS CS S A S NIVEL 2,10922973,,,,,,REFINE MAX INC.,"30 WEST 47TH STREET LOBBY REAR NEW YORK, NY 10036",NEW YORK-EEUU,42223433,,,42323438,,,,,42,1051113,1071043,169,1081000,30220635,30120632,23620384,AEROPUERTO JOSE MARIA CORDOBA,1,316129.00,,33723811,,,2,2,2,23120230,29520622,1051113,90,Aduanas de Medellín,249,ESTADOS UNIDOS,1274396,316129,,,,316129,,,1,1,9.04,20190411,6027645810268,20190410,22539406,77,71734946,,,,20190415114326,22390623,10910094,71586157,0,,,900466237,1,1,1,7108120000,,,16820215,8.37,36623087,7744.46,23020303,1,9.04,8.37,316129,AWB # 001-59609082,1,"Nombre Comercial:ORO , Otras características:BARRA DE ALEACION DE ORO Y PLATA, BARRA OPM-271 LEY ORO 92.60% GRAMOS FINOS ORO 2112.85 LEY PLATA 6.28% GRAMOS FINOS DE PLATA 143.29; BARRA OPM-272 LEY ORO 92.61% GRAMOS FINOS ORO 2916.47 LEY PLATA 6.46% GRAMOS FINOS DE PLATA 203.44; BARRA OPM-273 LEY ORO 92.12% GRAMOS FINOS ORO 2715.14 LEY PLATA 6.73% GRAMOS FINOS DE PLATA 198.36; CON CONTRATO DE OPERACION MINERA PARA LA EXPLOTACION SIN NUMERO DE FECHA 07-07-2017 EMITIDO POR JAVIER PINEDA LOPEZ; , Cantidad de unidades comerciales:7744.46 GRAMOS FINOS ",,,1071043,1081000,,,,,,,,70107
2019,1,6007647506357,0,,,,,LANDGREEN S.A.S.,901039869,10910097,890313036,8,,,,,AGENCIA DE ADUANAS CONTINENTAL DE ADUANAS S.A.S. NIVEL 1,10910097,900479267,,,,,FUNDICION RAMIREZ ZONA FRANCA SAS,ZF PALMASECA BG A 5 B,Palmira,42223433,,,42323438,,ZFP-2895,,,42,1051111,1071043,169,1081023,30220635,30120632,23620386,ZONA FRANCA PALMASECA ,31,526999734.00,3197.23,33723811,,,,2,2,,29520622,1051111,88,Aduanas de Cali,169,COLOMBIA,357,164830.1,,,,164830.1,,,1,1,4.56,20190704,6027649558173,20190702,18002715,79,31991614,,,,20190803180812,17556019,10910094,31167540,6,,,901039869,1,1,1,7108120000,,,16820215,4.49,36623087,3972.26,23020363,1,4.56,4.49,164830.1,,1,"Nombre Comercial:GRAMOS FINOS DE ORO , Otras características:Nos acogemos acogemos a la Resolución N°. 58 del 28 de Julio de 2.016 // GRAMOS DE ORO FINO PARA USO NO MONETARIO: Con la siguiente factura: FACTURA No. D 7 TULA: BB 1999441; CON UN TOTAL DE 5 BARRAS DISCRIMINADA CONFORME A BOLETIN DE ANALISIS Y LISTA DE EMPAQUE ASI: BARRA 1 //Gramos netos: 789,31 Ley: 0,9130 para: 720,64 gramos finos// BARRA 2 //Gramos netos: 1.191,01 Ley: 0,8700 para: 1.036,18 gramos finos// BARRA 3 //Gramos netos: 1.223,70 Ley: 0,8790 para: 1.075,63 gramos finos// BARRA 4 //Gramos netos: 971,18 Ley: 0,8960 para: 870,18 gramos finos// BARRA 5 //Gramos netos: 312,80 Ley: 0,8620 para: 269,63 gramos finos// , Cantidad de unidades comerciales:3.972,26 GRAMOS FINOS DE ORO ",,,1071043,1081011,,,,,,,,70107
2019,1,6007652937666,3,,,,,IMPORTEXP LOGISTICS C.I. SAS,901083424,10910097,900908875,0,,,,,AGENCIA DE ADUANAS ASL NIVEL 2 SAS,10922973,,,,,,HAWK SYNERGY LLC,"1200 BRICKELL AVENUE SUITE 800, MIAMI FL 33131 USA ",MIAMI,42223433,,,42323438,,,,,42,1051113,1071043,169,1081000,30220635,30120632,23620390,MIAMI,1,462957.92,,33723811,,,2,2,2,23120230,29520622,1051113,90,Aduanas de Medellín,249,ESTADOS UNIDOS,1274396,462644.24,197.94,115.74,,462957.92,,,1,1,12.78,20191025,6027654456047,20191024,107262447,78,32241568,,,,20191030101623,22390623,10910094,71586157,0,,,901083424,1,1,1,7108120000,,,16820215,12.15,36623087,9696.73,23020303,1,12.78,12.15,462644.24,AWB # 729-62077971,1,"Nombre Comercial:ORO , Otras características:BARRAS DE ALEACION DE ORO Y PLATAS; BARRA 1 LEY ORO 831,90 GRAMOS FINOS DE ORO 1249,67 LEY PLATA 163,10 GRAMOS FINOS DE PLATA 245,01; BARRA 2 LEY ORO 771,30 GRAMOS FINOS DE ORO 1042,23 LEY PLATA 223,70 GRAMOS FINOS DE PLATA 302,28; BARRA 3 LEY ORO 670,90 GRAMOS FINOS DE ORO 1071,91 LEY PLATA 324,10 GRAMOS FINOS DE PLATA 517,82; BARRA 4 LEY ORO 679,00 GRAMOS FINOS DE ORO 1142,66 LEY PLATA 316,00 GRAMOS FINOS DE PLATA 531,78; BARRA 5 LEY ORO 801,00 GRAMOS FINOS DE ORO 1031,43 LEY PLATA 194,00 GRAMOS FINOS DE PLATA 249,81; BARRA 6 LEY ORO 801,00 GRAMOS FINOS DE ORO 1030,26 LEY PLATA 194,00 GRAMOS FINOS DE PLATA 249,53; BARRA 7 LEY ORO 870,80 GRAMOS FINOS DE ORO 1052,91 LEY PLATA 124,20 GRAMOS FINOS DE PLATA 150,17; BARRA 8 LEY ORO 929,00 GRAMOS FINOS DE ORO 2075,66 LEY PLATA 66,00 GRAMOS FINOS DE PLATA 147,46; CON CONTRATO EN CUENTAS EN PARTICIPACION SIN NUMERO DEL FECHA 15-07-2019 EMITIDO POR SOCIEDAD POMA ROSA SAS, MERCANCIA QUE SERA DESPACHADA A HAWK SYNERGY LLC CON DIRECCION 1200 BRICKELL AVE. STE 800 MIAMI FL 33131 POR ORDEN DE SU COMPRADOR QUANTUM CONSULTING INC CON DIRECCION P.O. TORRE GLOBAL SUITE 2301 CALLE 50 EN PANAMA , Cantidad de unidades comerciales:9696.73 GRAMOS FINOS ",,,1071043,1081000,,,,,,,,70107
2019,1,6007647728381,4,,,,,MITAYOS ZONA FRANCA S.A.S,901109330,10910097,900908875,0,,,,,AGENCIA DE ADUANAS ASL NIVEL 2 SAS,10922973,,,,,,ESPOSITO PREZIOSO SRL,VIA UDINE 3/5 73055 RACALE (LE),UDINE,42223433,,,42323438,,,,,42,1051113,1071043,169,1081000,30220635,30120632,23620390,PEMBROKE,1,703470.82,,33723811,,,2,2,2,23120230,29520622,1051113,90,Aduanas de Medellín,386,ITALIA,1257834,699974.82,2846.00,140.00,510.00,703470.82,,,1,1,20.04,20190705,6027649621136,20190705,107262447,78,32241568,,,,20190709172640,22390623,10910094,71586157,0,,,901109330,1,1,1,7108120000,,,16820215,18.97,36623087,18930.67,23020303,1,20.04,18.97,699974.82,AWB # 729-61054766,1,"Nombre Comercial:ORO , Otras características:BARRAS DE ALEACION DE ORO Y PLATA, BARRA 1 LEY ORO 88.0188% GRAMOS FINOS DE ORO 4767.54 LEY PLATA 11.7692% GRAMOS FINOS DE PLATA 637.48; BARRA 2 LEY ORO 87.4824% GRAMOS FINOS DE ORO 7220.27 LEY PLATA 12.3103% GRAMOS FINOS DE PLATA 1016.02; BARRA 3 LEY ORO 68.1116% GRAMOS FINOS DE ORO 3616.66 LEY PLATA 31.5015% GRAMOS FINOS DE PLATA 1672.70; MERCANCIA COMPRADA CON FACTURA No. 0121, 0122 DEL 26-06-2019, EMITIDO COLOMBIAN GOLD TRADING COMPANY SAS, FACTURA No. 0724, DEL 26-06-2019, EMITIDA POR ASOCIACION MUTUAL DE MINEROS EL COGOTE, MERCANCIA QUE SERA DESPACHADA A ESPOSITO PREZIOSO SRL CON DIRECCION VIA UDINE 3/5 73055 RACALE (LE) ITALIA; POR ORDEN DE SUS COMPRADOR XQUADRA USA INC CON DIRECCION 9050 PINES BLVD SUITE 430 PEMBROKE PINES FL 33024 EN ESTADOS UNIDOS , Cantidad de unidades comerciales:18.97 KILOS ",,,1071043,1081000,,,,,,,,70107
2019,1,6007652811998,4,,,,,MITAYOS ZONA FRANCA S.A.S,901109330,10910097,900908875,0,,,,,AGENCIA DE ADUANAS ASL NIVEL 2 SAS,10922973,,,,,,XQUADRA USA INC,9050 PINES BLVD SUITE 430 PEMBROKE PINES FL33024,PEMBROKE,42223433,,,42323438,,,,,42,1051113,1071043,169,1081000,30220635,30120632,23620395,PEMBROKE,1,745381.64,,33723811,,,2,2,2,23120230,29520622,1051113,90,Aduanas de Medellín,249,ESTADOS UNIDOS,1275668,742891.26,1908.38,72.00,510.00,745381.64,,,1,2,20.93,20191024,6027654483291,20191024,23816181,78,79400693,,,,20191028090416,22390623,10910094,71586157,0,,,901109330,1,1,1,7108120000,,,16820215,18.81,36623087,18757.72,23020303,2,20.93,18.81,742891.26,AWB # 729-62077982,1,"Nombre Comercial:ORO , Otras características:BARRAS DE ALEACION DE ORO Y PLATA, BARRA 1 LEY ORO 83.0965% GRAMOS FINOS DE ORO 5570.21 LEY PLATA 16.5587% GRAMOS FINOS DE PLATA 1109.98; BARRA 2 LEY ORO 91.1559% GRAMOS FINOS DE ORO 5240.55 LEY PLATA 8.5076% GRAMOS FINOS DE PLATA 489.10; BARRA 3 LEY ORO 75.7142% GRAMOS FINOS DE ORO 2594.27 LEY PLATA 24.0191% GRAMOS FINOS DE PLATA 822.99; BARRA 4 LEY ORO 71.6717% GRAMOS FINOS DE ORO 2281.45 LEY PLATA 22.1009% GRAMOS FINOS DE PLATA 649.17; MERCANCIA COMPRADA CON FACTURA N.0142 DEL 02-10-2019 EMITIDA POR COLOMBIAN GOLD TRADING COMPANY; FACTURA N.0143 DEL 10-10-2019 EMITIDA POR COLOMBIAN GOLD TRADING COMPANY; FACTURA N.2206 DEL 27-09-2019 EMITIDA POR COMPRAVENTA EL PRIMO REMEDIOS S.A.S.; FACTURA N.2207 DEL 09-10-2019 EMITIDA POR COMPRAVENTA EL PRIMO REMEDIOS S.A.S. , Cantidad de unidades comerciales:18.81 KILOS ",,,1071043,1081000,,,,,,,,70107
2019,1,6007646934768,8,,,,,CORPORACION AMBIENTAL ORO VERDE,901110195,10910097,890313036,8,,,,,AGENCIA DE ADUANAS CONTINENTAL DE ADUANAS S.A.S. NIVEL 1,10910097,900479267,,,,,FUNDICION RAMIREZ ZONA FRANCA SAS,ZF PALMASECA BG A 5 B,Palmira,42223433,,,42323438,,ZFP-2824,,,42,1051111,1071043,169,1081023,30220635,30120632,23620386,ZONA FRANCA PALMASECA,31,161569545.00,3266.72,33723811,,,,2,2,,29520622,1051111,88,Aduanas de Cali,169,COLOMBIA,357,49459.26,,,,49459.26,,,1,1,1.37,20190620,6027649118619,20190619,7613314,78,12647656,,,,20190803093700,17556019,10910094,31167540,6,,,901110195,1,1,1,7108120000,,,16820215,1.33,36623087,1208.81,23020363,1,1.37,1.33,49459.26,,1,"Nombre Comercial:GRAMOS DE ORO , Otras características:Nos acogemos a la Resolución No. 58 del 28 de Julio de 2.016 // GRAMOS DE ORO FINO PARA USO NO MONETARIO: con la siguiente factura: FACTURA No. 0029 TULA: BB 1939055; CON UN TOTAL DE 1 BARRA DISCRIMINADA CONFORME A BOLETIN DE ANALISIS Y LISTA DE EMPAQUE: BARRA 1 //Gramos netos: 1.326,90 Ley: 0,9110 para: 1.208,81 gramos finos// , Cantidad de unidades comerciales:1.208.81 gramos de oro fino. ",,,1071043,1081016,,,,,,,,70107
2019,5,6007654332570,1,,,,,METALES PRECIOSOS DEL LLANO S.A.S.,901222798,10910097,900908875,0,,,,,AGENCIA DE ADUANAS ASL NIVEL 2 SAS,10910097,901168233,,,,,UNIVERSAL METALS FREE ZONE S.A.S.,VDA CHACHAFRUTO ZF RIONEGRO BG 92,Rionegro,42223433,,,42323438,,,,,42,1051113,1071043,169,1081000,30220635,30120632,23620384,ZONA FRANCA,1,74465.85,,33723811,,,,2,2,,29520622,1051113,90,Aduanas de Medellín,169,COLOMBIA,,74465.85,,,,74465.85,,,1,1,2.560000,20191128,6027655786403,20191122,,,,,,,20191128084220,22390623,10910094,71586157,0,,,901222798,1,1,1,7108120000,,,16820215,2.23,36623087,2078.32,23020303,1,2.56,2.23,74465.85,UNIVERSAL,1,"Nombre Comercial:ORO , Otras características:BARRA DE ALEACION DE ORO Y PLATA SCRAP; BARRA 1 LEY ORO 73.5 GRAMOS FINOS DE ORO 1641.49 LEY PLATA 19.56 GRAMOS FINOS DE PLATA 436.83; NOS ACOGEMOS A LA CIRCULAR REGLAMENTARIA EXTERNA BANCO REPUBLICA # 83 NUMERAL 9 LITERAL ""J"" DEL 2011, MERCANCIA QUE SERA DESPACHADA A UNIVERSAL METALS FREE ZONE SAS EN ZONA FRANCA RIONEGRO BODEGA 92 POR ORDEN DE SU COMPRADOR WPM INTERNATIONAL, LLC CON DIRECCION 9550 NW 12ST BAY 14 FL 33172 EN ESTADOS UNIDOS; , Cantidad de unidades comerciales:2233.32 GRAMOS ",,,1071043,1081000,,,,,,,,70107
2019,5,6007653800948,6,BARRIOS,ARANGO,JHON,FERNEY,,9871620,10910097,890313036,8,,,,,AGENCIA DE ADUANAS CONTINENTAL DE ADUANAS S.A.S. NIVEL 1,10910097,900479267,,,,,FUNDICION RAMIREZ ZONA FRANCA SAS,ZF PALMASECA BG A 5 B,Palmira,42223433,,,42323438,,ZFP-3639,,,42,1051111,1071043,169,1081023,30220635,30120632,23620386,ZONA FRANCA PALMASECA,31,485260891.00,3465.35,33723811,,,,2,2,,29520622,1051111,88,Aduanas de Cali,169,COLOMBIA,,140032.29,,,,140032.29,,,1,1,3.56,20191116,6027654408699,20191022,,,,,,,20191116131656,17556019,10910094,31167540,6,,,9871620,1,1,1,7108120000,,,16820215,3.36,36623087,3116.26,23020363,1,3.56,3.36,140032.29,,1,"Nombre Comercial:GRAMOS FINOS DE ORO , Otras características:GRAMOS DE ORO FINO PARA USO NO MONETARIO: CON LAS SIGUIENTES BARRAS DISCRIMINADAS CONFORME A FACTURA Y BOLETIN DE ANALISIS PROPORCIONADAS POR EL EXPORTADOR ASI: FACTURA No. R 34 BARRA 1 //Gramos netos: 1520,16 Ley: 0,90719 para: 1.379,07 gramos finos// BARRA 2 //Gramos netos: 983,17 Ley: 0,90828 para: 892,99 gramos finos// BARRA 3 //Gramos netos: 857,67 Ley: 0,98429 para: 844,20 gramos finos// , Cantidad de unidades comerciales:3.116,26 GRAMOS FINOS ORO ",,,1071043,1081000,,,,,,,,70107
2020,5,6007668125432,1,AGUDELO,,NELSO,DE JESUS,,10178385,10910097,900908875,0,,,,,AGENCIA DE ADUANAS ASL NIVEL 2 SAS,10910097,901180357,,,,,OSPREY METALS S.A.S.,ZF RIONEGRO,Rionegro,42223433,,,42323438,,,,,42,1051113,1071043,169,1081000,30220635,30120632,23620384,ZONA FRANCA RIONEGRO,1,202300.79,,33723811,,,2,2,2,,29520622,1051113,90,Aduanas de Medellín,169,COLOMBIA,,202300.79,,,,202300.79,,,1,1,3.930000,20201027,6027668608741,20201013,,,,,,,20201027141508,22390623,10910094,71586157,0,,,10178385,1,1,1,7108120000,,,16820215,3.71,36623087,3710.63,23020303,1,3.93,3.71,202300.79,OSPREY,1,"Nombre Comercial:ORO , Otras características:BARRA DE ALEACION DE ORO Y PLATA; BARRA NA-042 LEY ORO 88,61% GRAMOS FINOS DE ORO 1106,76 LEY PLATA 11,39 % GRAMOS FINOS DE PLATA 142,22; BARRA NA-043 LEY ORO 98,98% GRAMOS FINOS DE ORO 1223,32 LEY PLATA 1,02 % GRAMOS FINOS DE PLATA 12,66; BARRA NA-044 LEY ORO 94,91% GRAMOS FINOS DE ORO 1163,29 LEY PLATA 5,09 % GRAMOS FINOS DE PLATA 62,39; GRAMOS FINOS DE ORO DECLARADOS 3493,37; GRAMOS FINOS DE PLATA DECLARADOS 217,26; GRAMOS NETOS DECLARADOS 3710,63; NOS ACOGEMOS A LA CIRCULAR REGLAMENTARIA EXTERNA BANCO REPUBLICA # 83 NUMERAL 9 LITERAL ""J"" DEL 2011, , Cantidad de unidades comerciales:3493.37 GRAMOS FINOS ",,,1071043,1081000,,,,,,,,70107
2020,5,6007663854449,0,CARCAMO,MONTERROSA,FERNANDO,LEON,,1037600714,10910097,900908875,0,,,,,AGENCIA DE ADUANAS ASL NIVEL 2 SAS,10910097,901180357,,,,,OSPREY METALS S.A.S.,ZF RIONEGRO,Rionegro,42223433,,,42323438,,,,,42,1051113,1071043,169,1081000,30220635,30120632,23620384,ZONA FRANCA RIONEGRO,1,102417.72,,33723811,,,2,2,2,,29520622,1051113,90,Aduanas de Medellín,169,COLOMBIA,,102417.72,,,,102417.72,,,1,1,2.300000,20200722,6027664923891,20200714,,,,,,,20200722095051,22390623,10910094,71586157,0,,,1037600714,1,1,1,7108120000,,,16820215,2.09,36623087,2091.76,23020303,1,2.3,2.09,102417.72,OSPREY,1,"Nombre Comercial:ORO , Otras características:BARRA DE ALEACION DE ORO Y PLATA;BARRA CAR-004 LEY ORO 89.8 % GRAMOS FINOS DE ORO 965.41 LEY PLATA 9.79 % GRAMOS FINOS DE PLATA 105.2; BARRA CAR-005 LEY ORO 92.5 % GRAMOS FINOS DE ORO 946.7 LEY PLATA 7.27 % GRAMOS FINOS DE PLATA 74.45; GRAMOS FINOS DE ORO DECLARADOS 1912.11; GRAMOS FINOS DE PLATA DECLARADOS 179.65; GRAMOS NETOS DECLARADOS 2098.54; NOS ACOGEMOS A LA CIRCULAR REGLAMENTARIA EXTERNA BANCO REPUBLICA # 83 NUMERAL 9 LITERAL ""J"" DEL 2011, , Cantidad de unidades comerciales:1912.11 GRAMOS FINOS ",,,1071043,1081000,,,,,,,,70107
2020,5,6007663475248,4,OROZCO,,FIDEL,,,70050051,10910097,890313036,8,,,,,AGENCIA DE ADUANAS CONTINENTAL DE ADUANAS S.A.S. NIVEL 1,10910097,900479267,,,,,FUNDICION RAMIREZ ZONA FRANCA SAS,ZF PALMASECA BG A 5 B,Palmira,42223433,,,42323438,,ZFP4543,,,42,1051111,1071043,169,1081023,30220635,30120632,23620386,ZONA FRANCA PALMASECA ,31,182263922.00,3760.22,33723811,,,,2,2,,29520622,1051111,88,Aduanas de Cali,169,COLOMBIA,,48471.61,,,,48471.61,,,1,1,1.260000,20200712,6027664219231,20200624,,,,,,,20200712193621,17556019,10910094,31167540,6,,,70050051,1,1,1,7108120000,,,16820215,1.01,36623087,929.15,23020363,1,1.26,1.01,48471.61,,1,"Nombre Comercial:GRAMOS FINOS DE ORO , Otras características:GRAMOS DE ORO FINO PARA USO NO MONETARIO CON LAS SIGUIENTES BARRAS DISCRIMINADAS CONFORME A FACTURA Y BOLETIN DE ANALISIS. FACTURA: FE-24 BARRA 1 //Gramos netos: 1.012,15 Ley: 0,91800 para: 929,15 gramos finos// , Cantidad de unidades comerciales:929.15 GRAMOS FINOS DE ORO ",,,1071043,1081000,,,,,,,,70107
2020,5,6007670415910,4,OROZCO,,FIDEL,,,70050051,10910097,890313036,8,,,,,AGENCIA DE ADUANAS CONTINENTAL DE ADUANAS S.A.S. NIVEL 1,10910097,900479267,,,,,FUNDICION RAMIREZ ZONA FRANCA SAS,ZF PALMASECA BG A 5 B,Palmira,42223433,,,42323438,,ZFP-5351,,,42,1051111,1071043,169,1081023,30220635,30120632,23620386,ZONA FRANCA PALMASECA ,31,149838575.00,3647.1,33723811,,,,2,2,,29520622,1051111,88,Aduanas de Cali,169,COLOMBIA,,41084.31,,,,41084.31,,,1,1,0.95,20201216,6027670263873,20201125,,,,,,,20201216161116,17556019,10910094,31167540,6,,,70050051,1,1,1,7108120000,,,16820215,0.76,36623087,720.7,23020363,1,0.95,0.76,41084.31,,1,"Nombre Comercial:GRAMOS FINOS DE ORO , Otras características:GRAMOS DE ORO FINO PARA USO NO MONETARIO CON LAS SIGUIENTES BARRAS DISCRIMINADAS CONFORME A FACTURA Y BOLETIN DE ANALISIS. FACTURA: FE-58 BARRA 1 //Gramos netos: 760,23 Ley: 0,9480000 para: 720,70 gramos finos// , Cantidad de unidades comerciales:720.70 GRAMOS FINOS DE ORO ",,,1071043,1081000,,,,,,,,70107
2020,5,6007658837990,4,CARVAJAL,RAMIREZ,ANTONIO,JOSE,,71388802,10910097,890313036,8,,,,,AGENCIA DE ADUANAS CONTINENTAL DE ADUANAS S.A.S. NIVEL 1,10910097,900479267,,,,,FUNDICION RAMIREZ ZONA FRANCA SAS,ZF PALMASECA BG A 5 B,Palmira,42223433,,,42323438,,ZFP-4087,,,42,1051111,1071043,169,1081023,30220635,30120632,23620386,ZONA FRANCA PALMASECA,31,184185511.98,3378.43,33723811,,,,2,2,,29520622,1051111,88,Aduanas de Cali,169,COLOMBIA,,54518.08,,,,54518.08,,,1,2,1.78,20200304,6027659653321,20200212,,,,,,,20200304144133,17556019,10910094,31167540,6,,,71388802,1,1,1,7108120000,,,16820215,1.29,36623087,1130.34,23020363,2,1.78,1.29,54518.08,,1,"Nombre Comercial:GRAMOS DE ORO FINO , Otras características:GRAMOS DE ORO FINO PARA USO NO MONETARIO CON LAS SIGUIENTES BARRAS DISCRIMINADAS CONFORME A FACTURA Y BOLETIN DE ANALISIS. FACTURA: ALIA-2 BARRA 1 //Gramos netos: 664,16 Ley: 0,852000 para: 565,86 gramos finos// FACTURA: ALIA-3 BARRA 1 //Gramos netos: 624,42 Ley: 0,904000 para: 564,48 gramos finos// , Cantidad de unidades comerciales:1.130,34 GRAMOS FINOS DE ORO ",,,1071043,1081000,,,,,,,,70107
2020,3,6007658641098,6,,,,,C.I. J. GUTIERREZ Y CIA S.A.,890902070,10910097,890933171,4,,,,,AGENCIA DE ADUANAS COMERCIO EXTERIOR ASESORES S.A.S NIVEL 1,10922973,,,,,,ITALPREZIOSI SPA,"STRADA A,32 - LOC. SAN ZENO 52100 AREZZO",AREZZO,42223433,6007657856344,41529348,42323441,Voluntaria,FRA 48007 EXP 1583,,,42,1051113,1071043,169,1081000,30220635,30120632,23620384,RIONEGRO,1,3065774.25,,33723811,,,2,2,2,23120230,29520622,1051113,90,Aduanas de Medellín,386,ITALIA,1255916,3065774.25,,,,3065774.25,,,1,3,69.37,20200206,6027659350438,20200205,,,,,6007658641059,,20200228150401,29637764,10910094,43795275,6,,,890902070,1,1,1,7108120000,,,16820215,67.34,36623089,67.34,23020303,3,69.37,67.34,3065774.25,ITALPREZIOSI SPA,1,"Nombre Comercial:ORO EN BARRAS , Otras características:FRA NRO: 48007 - 6 BARRAS DE ORO. LOTES NROS: JVH 0067 - JVH 0068 - JVH 0069 - JVH 0070 - JVH 0071 - JVH 0072. ANEXAMOS CERTIFICADO DE PESO Y LEY NO: 1583 POR 61.613,42 GRAMOS FINOS DE ORO Y 5.704,43 GRAMOS FINOS DE PLATA. / LEY AU 914,99 CERTIFICADOS PROVEEDOR: 6401035957240-6401035957258-6401035957265-6401035957272-6401035957281-6401035957297-6401035957305-6401035957312-6401035957321-6401035957337-6401035957344-6401035957351-6401035957369-6401035957376-6401035957383-6401035957390-6401035957409-6401035957416-6401035957423-6401035957430-6401035957448-6401035957455-6401035957462-6401035957471-6401035957487-6401035957494-6401035957502-6401035957511-6401035957527-6401035957534-6401035957541-6401035957559-6401035957566-6401035957573-6401035957580-6401035957598-6401035957606-6401035957613-6401035957620-6401035957638-6401035957645-6401035957652-6401035957661-6401035957677-6401035957684-6401035957691-6401035957701-6401035957717-6401035957724-6401035957731-6401035957749-6401035957763-6401035957770-6401035957788----------DO.612700------- , Cantidad de unidades comerciales:67.34 ",,,1071043,1081000,,,,,,,,70107
2020,2,6007667583657,6,,,,,C I J GUTIERREZ Y CIA S A (EN TOMA DE POSESION),890902070,10910097,890933171,4,,,,,AGENCIA DE ADUANAS COMERCIO EXTERIOR ASESORES S.A.S NIVEL 1,10922973,,,,,,ITALPREZIOSI SPA,"STRADA A,32 - LOC. SAN ZENO 52100 AREZZO",AREZZO,42223433,6007667184077,41529348,42323441,Voluntaria,FRA 48027 EXP 1587,,,42,1051113,1071043,169,1081000,30220635,30120632,23620384,RIONEGRO,1,823080.65,,33723811,,,2,2,2,23120230,29520622,1051113,90,Aduanas de Medellín,386,ITALIA,1255916,823080.65,,,,823080.65,,,1,1,16.86,20201005,6027667870672,20201002,,,,,,,20201015144439,,,,,,,890902070,1,1,1,7108120000,,,16820215,16.23,36623089,16.23,23020303,1,16.86,16.23,823080.65,ITALPREZIOSI SPA,1,"Nombre Comercial:ORO EN BARRAS , Otras características:FRA NRO: 48027 - 2 BARRAS DE ORO. LOTES NROS: JVH 0084 - JVH 0085. ANEXAMOS CERTIFICADO DE PESO Y LEY NO: 1587 POR 14.739,09 GRAMOS FINOS DE ORO Y 1.430,02 GRAMOS FINOS DE PLATA. / LEY AU 907,94 CERTIFICADOS PROVEEDOR: 6401038263376-6401038263383-6401038263390-6401038263409-6401038263423-6401038263430-6401038263448-6401038263455-6401038388007-6401038388021-6401038388078-6401038388092.-----DO.612908------- , Cantidad de unidades comerciales:16.23 ",,,1071043,1081000,,,,,,,,70107
2020,1,6007661943308,7,,,,,MINEROS S.A,890914525,10910097,830002571,4,,,,,AGENCIA DE ADUANAS AVIATUR S A NIVEL 1.,10922973,,,,,,ASAHI REFINING USA INC,4601 W 2100 S SALT LAKE CITY UT 00000,CHICAGO,42223433,,,42323438,,23131215,,,42,1051113,1071043,169,1081000,30220635,30120632,23620384,APTO JMC RIONEGRO,1,7234896.680000,,33723811,,,2,2,2,23120230,29520622,1051113,90,Aduanas de Medellín,249,ESTADOS UNIDOS,1276633,7234896.68,,,,7234896.68,,,2,13,210.13,20200602,6027663347952,20200601,35899141,78,1037579973,,,,20200604090704,29460969,10910094,43576612,6,,,890914525,1,2,2,7108130000,,,16820215,89.340000,36623087,87427.23,,,,89.34,1653244.84,ASAHI REFINING USA,2,"Nombre Comercial:DO 19580 // SEIS BARRAS DE ALEACION DE ORO PLATA , Otras características:FACTURA 10-451 BARRA 4605 SON 20464.99 GRAMOS FINOS DE ORO LEY 903.36 Y 1758.20 GRAMOS FINOS DE PLATA LEY 77.61 / BARRA 4606 SON 21136.19 GRAMOS FINOS DE ORO LEY 902.82 Y 1870.80 GRAMOS FINOS DE PLATA LEY 79.91 / BARRA 4607 SON 20164.61 GRAMOS FINOS DE ORO LEY 902.85 Y 1701.66 GRAMOS FINOS DE PLATA LEY 76.19 / BARRA 4608 SON 21485.57 GRAMOS FINOS DE ORO LEY 904.10 Y 1962.96 GRAMOS FINOS DE PLATA LEY 82.60 // FACTURA 10-452 BARRA 4609 SON 9984.48 GRAMOS FINOS DE ORO LEY 884.71 Y 1041.66 GRAMOS FINOS DE PLATA LEY 92.30 // FACTURA 10-453 BARRA 4610 SON 7650.00 GRAMOS FINOS DE ORO LEY 899.63 Y 722.54 GRAMOS FINOS DE PLATA LEY 84.97 // APROBADO ANM-EMP-20200601-1774 FI: 31/05/2020 FV: 31/07/2020 , Cantidad de unidades comerciales:109943.66 GRS. ",,,1071043,1081000,,,,,,,,96819
2020,1,6007661943308,7,,,,,MINEROS S.A,890914525,10910097,830002571,4,,,,,AGENCIA DE ADUANAS AVIATUR S A NIVEL 1.,10922973,,,,,,ASAHI REFINING USA INC,4601 W 2100 S SALT LAKE CITY UT 00000,CHICAGO,42223433,,,42323438,,23131215,,,42,1051113,1071043,169,1081000,30220635,30120632,23620384,APTO JMC RIONEGRO,1,7234896.680000,,33723811,,,2,2,2,23120230,29520622,1051113,90,Aduanas de Medellín,249,ESTADOS UNIDOS,1276633,7234896.68,,,,7234896.68,,,2,13,210.13,20200602,6027663347952,20200601,35899141,78,1037579973,,,,20200604090704,29460969,10910094,43576612,6,,,890914525,1,2,2,7108130000,,,16820215,89.340000,36623087,87427.23,,,,89.34,1653244.84,ASAHI REFINING USA,1,"Nombre Comercial:SIETE BARRAS DE ALEACION DE ORO PLATA , Otras características:FACTURA 10-454 BARRA 1645 SON 4575.78 GRAMOS FINOS DE ORO LEY 333.85 Y 8959.36 GRAMOS FINOS DE PLATA LEY 653.68 / BARRA 1646 SON 6354.61 GRAMOS FINOS DE ORO LEY 334.05 Y 12356.09 GRAMOS FINOS DE PLATA LEY 649.53 / BARRA 1647 SON 1125.16 GRAMOS FINOS DE ORO LEY 335.75 Y 2174.78 GRAMOS FINOS DE PLATA LEY 648.96 / BARRA 1648 SON 6674.27 GRAMOS FINOS DE ORO LEY 326.64 Y 13320.70 GRAMOS FINOS DE PLATA LEY 651.92 / BARRA 1649 SON 5795.94 GRAMOS FINOS DE ORO LEY 327.57 Y 11489.87 GRAMOS FINOS DE PLATA LEY 649.37 / BARRA 1650 SON 1483.66 GRAMOS FINOS DE ORO LEY 314.81 Y 3058.58 GRAMOS FINOS DE PLATA LEY 648.99 / BARRA 1651 SON 3318.17 GRAMOS FINOS DE ORO LEY 318.48 Y 6740.26 GRAMOS FINOS DE PLATA LEY 646.94 // APROBADO ANM-EMP-20200601-1775 FI: 31/05/2020 FV: 31/07/2020 // APROBADO ANM-EMP-20200601-1777 FI: 31/05/2020 FV: 31/07/2020 // GUIA AEREA 729-63523865 , Cantidad de unidades comerciales:87427.23 GRS ",,,1071043,1081000,,,,,,,,96819
2020,1,6007661943308,7,,,,,MINEROS S.A,890914525,10910097,830002571,4,,,,,AGENCIA DE ADUANAS AVIATUR S A NIVEL 1.,10922973,,,,,,ASAHI REFINING USA INC,4601 W 2100 S SALT LAKE CITY UT 00000,CHICAGO,42223433,,,42323438,,23131215,,,42,1051113,1071043,169,1081000,30220635,30120632,23620384,APTO JMC RIONEGRO,1,7234896.680000,,33723811,,,2,2,2,23120230,29520622,1051113,90,Aduanas de Medellín,249,ESTADOS UNIDOS,1276633,7234896.68,,,,7234896.68,,,2,13,210.13,20200602,6027663347952,20200601,35899141,78,1037579973,,,,20200604090704,29460969,10910094,43576612,6,,,890914525,2,2,1,7108130000,,,16820215,111.950000,36623087,109943.66,23020262,13,210.13,111.95,5581651.84,ASAHI REFINING USA,2,"Nombre Comercial:DO 19580 // SEIS BARRAS DE ALEACION DE ORO PLATA , Otras características:FACTURA 10-451 BARRA 4605 SON 20464.99 GRAMOS FINOS DE ORO LEY 903.36 Y 1758.20 GRAMOS FINOS DE PLATA LEY 77.61 / BARRA 4606 SON 21136.19 GRAMOS FINOS DE ORO LEY 902.82 Y 1870.80 GRAMOS FINOS DE PLATA LEY 79.91 / BARRA 4607 SON 20164.61 GRAMOS FINOS DE ORO LEY 902.85 Y 1701.66 GRAMOS FINOS DE PLATA LEY 76.19 / BARRA 4608 SON 21485.57 GRAMOS FINOS DE ORO LEY 904.10 Y 1962.96 GRAMOS FINOS DE PLATA LEY 82.60 // FACTURA 10-452 BARRA 4609 SON 9984.48 GRAMOS FINOS DE ORO LEY 884.71 Y 1041.66 GRAMOS FINOS DE PLATA LEY 92.30 // FACTURA 10-453 BARRA 4610 SON 7650.00 GRAMOS FINOS DE ORO LEY 899.63 Y 722.54 GRAMOS FINOS DE PLATA LEY 84.97 // APROBADO ANM-EMP-20200601-1774 FI: 31/05/2020 FV: 31/07/2020 , Cantidad de unidades comerciales:109943.66 GRS. ",,,1071043,1081000,,,,,,,,96819
2020,1,6007661943308,7,,,,,MINEROS S.A,890914525,10910097,830002571,4,,,,,AGENCIA DE ADUANAS AVIATUR S A NIVEL 1.,10922973,,,,,,ASAHI REFINING USA INC,4601 W 2100 S SALT LAKE CITY UT 00000,CHICAGO,42223433,,,42323438,,23131215,,,42,1051113,1071043,169,1081000,30220635,30120632,23620384,APTO JMC RIONEGRO,1,7234896.680000,,33723811,,,2,2,2,23120230,29520622,1051113,90,Aduanas de Medellín,249,ESTADOS UNIDOS,1276633,7234896.68,,,,7234896.68,,,2,13,210.13,20200602,6027663347952,20200601,35899141,78,1037579973,,,,20200604090704,29460969,10910094,43576612,6,,,890914525,2,2,1,7108130000,,,16820215,111.950000,36623087,109943.66,23020262,13,210.13,111.95,5581651.84,ASAHI REFINING USA,1,"Nombre Comercial:SIETE BARRAS DE ALEACION DE ORO PLATA , Otras características:FACTURA 10-454 BARRA 1645 SON 4575.78 GRAMOS FINOS DE ORO LEY 333.85 Y 8959.36 GRAMOS FINOS DE PLATA LEY 653.68 / BARRA 1646 SON 6354.61 GRAMOS FINOS DE ORO LEY 334.05 Y 12356.09 GRAMOS FINOS DE PLATA LEY 649.53 / BARRA 1647 SON 1125.16 GRAMOS FINOS DE ORO LEY 335.75 Y 2174.78 GRAMOS FINOS DE PLATA LEY 648.96 / BARRA 1648 SON 6674.27 GRAMOS FINOS DE ORO LEY 326.64 Y 13320.70 GRAMOS FINOS DE PLATA LEY 651.92 / BARRA 1649 SON 5795.94 GRAMOS FINOS DE ORO LEY 327.57 Y 11489.87 GRAMOS FINOS DE PLATA LEY 649.37 / BARRA 1650 SON 1483.66 GRAMOS FINOS DE ORO LEY 314.81 Y 3058.58 GRAMOS FINOS DE PLATA LEY 648.99 / BARRA 1651 SON 3318.17 GRAMOS FINOS DE ORO LEY 318.48 Y 6740.26 GRAMOS FINOS DE PLATA LEY 646.94 // APROBADO ANM-EMP-20200601-1775 FI: 31/05/2020 FV: 31/07/2020 // APROBADO ANM-EMP-20200601-1777 FI: 31/05/2020 FV: 31/07/2020 // GUIA AEREA 729-63523865 , Cantidad de unidades comerciales:87427.23 GRS ",,,1071043,1081000,,,,,,,,96819
2020,5,6007669553880,6,,,,,COMPAÑIA MINERA E & J S.A.S.,900187012,10910097,890313036,8,,,,,AGENCIA DE ADUANAS CONTINENTAL DE ADUANAS S.A.S. NIVEL 1,10910097,900479267,,,,,FUNDICION RAMIREZ ZONA FRANCA SAS,ZF PALMASECA BG A 5 B,Palmira,42223433,,,42323438,,ZFP-5272,,,42,1051111,1071043,169,1081023,30220635,30120632,23620386,ZONA FRANCA PALMASECA ,31,404234547.92,3763.82,33723811,,,,2,2,,29520622,1051111,88,Aduanas de Cali,169,COLOMBIA,,107400.07,,,,107400.07,,,1,1,2.53,20201127,6027668680022,20201109,,,,,,,20201127123221,17556019,10910094,31167540,6,,,900187012,1,1,1,7108120000,,,16820215,2.35,36623087,1833.23,23020363,1,2.53,2.35,107400.07,,1,"Nombre Comercial:GRAMOS FINOS DE ORO , Otras características:GRAMOS DE ORO FINO PARA USO NO MONETARIO CON LAS SIGUIENTES BARRAS DISCRIMINADAS CONFORME A FACTURA Y BOLETIN DE ANALISIS. FACTURA: FECN-20 BARRA 1//Gramos netos: 2.347,28 Ley: 0,781000 para: 1833,23 gramos finos// , Cantidad de unidades comerciales:1833.23 GRAMOS FINOS DE ORO ",,,1071043,1081007,,,,,,,,70107
2020,5,6007671095646,2,,,,,C.I. EXPERIENCIA Y TRADICIÓN S.A.S.,900294356,10910097,900908875,0,,,,,AGENCIA DE ADUANAS ASL NIVEL 2 SAS,10910097,901180357,,,,,OSPREY METALS S.A.S.,ZF RIONEGRO,Rionegro,42223433,,,42323438,,,,,42,1051113,1071043,169,1081000,30220635,30120632,23620384,ZONA FRANCA RIONEGRO,1,304430.21,,33723811,,,2,2,2,,29520622,1051113,90,Aduanas de Medellín,169,COLOMBIA,,304430.21,,,,304430.21,,,1,1,5.700000,20201230,6027671280766,20201214,,,,,,,20201230164959,22390623,10910094,71586157,0,,,900294356,1,1,1,7108120000,,,16820215,5.44,36623087,5440.16,23020303,1,5.7,5.44,304430.21,OSPREY,1,"Nombre Comercial:ORO , Otras características:BARRA DE ALEACION DE ORO Y PLATA; BARRA CIE-103 LEY ORO 98.24% GRAMOS FINOS DE ORO 5349.76 LEY PLATA 1.66% GRAMOS FINOS DE PLATA 90.4; GRAMOS FINOS DE ORO DECLARADOS 5349.76; GRAMOS FINOS DE PLATA DECLARADOS 90.4; GRAMOS NETOS DECLARADOS 5445.6; CON CERTIFICADO DE ORIGEN No.74 DEL 10-12-2020; NOS ACOGEMOS A LA CIRCULAR REGLAMENTARIA EXTERNA BANCO REPUBLICA # 83 NUMERAL 9 LITERAL ""J"" DEL 2011, , Cantidad de unidades comerciales:5349.76 GRAMOS FINOS ",,,1071043,1081000,,,,,,,,70107
2020,5,6007660855890,1,,,,,SOCIEDAD DE COMERCIALIZACION INTERNACIONAL GLOBAL HANDING S.A.S.,900611923,10910097,900908875,0,,,,,AGENCIA DE ADUANAS ASL NIVEL 2 SAS,10910097,901180357,,,,,OSPREY METALS S.A.S.,ZF RIONEGRO,Rionegro,42223433,,,42323438,,,,,42,1051113,1071043,169,1081000,30220635,30120632,23620384,ZONA FRANCA RIONEGRO,1,56288.61,,33723811,,,2,2,2,,29520622,1051113,90,Aduanas de Medellín,169,COLOMBIA,,56288.61,,,,56288.61,,,1,1,1.510000,20200504,6027662236965,20200423,,,,,,,20200504102711,22390623,10910094,71586157,0,,,900611923,1,1,1,7108120000,,,16820215,1.30,36623087,1304.89,23020303,1,1.51,1.3,56288.61,OSPREY,1,"Nombre Comercial:ORO , Otras características:BARRA DE ALEACION DE ORO Y PLATA; BARRA 1 LEY ORO 85.59% GRAMOS FINOS DE ORO 1120.11 LEY PLATA 14.12% GRAMOS FINOS DE PLATA 184.78; GRAMOS FINOS DE ORO DECLARADOS 1120.11; GRAMOS FINOS DE PLATA DECLARADOS 184.78; GRAMOS NETOS DECLARADOS 1308.70; NOS ACOGEMOS A LA CIRCULAR REGLAMENTARIA EXTERNA BANCO REPUBLICA # 83 NUMERAL 9 LITERAL ""J"" DEL 2011, , Cantidad de unidades comerciales:1120.11 GRAMOS FINOS ",,,1071043,1081000,,,,,,,,70107
2020,1,6007668341466,1,,,,,C.I SEASIF PACIFIC S.A.S.,900627644,10910097,900908875,0,,,,,AGENCIA DE ADUANAS ASL NIVEL 2 SAS,10922973,,,,,,SEASIF PACIFIC LLC,7401 WILES RD STE 126 CORAL SPRINGS FL 3,MIAMI,42223433,,,42323438,,,,,42,1051113,1071043,169,1081000,30220635,30120632,23620384,AEROPUERTO JOSE MARIA CORDOBA,1,1183840.73,,33723811,,,2,2,2,23120230,29520622,1051113,90,Aduanas de Medellín,249,ESTADOS UNIDOS,1274397,1183840.73,,,,1183840.73,,,1,1,23.58,20201030,6027669287827,20201029,35899141,78,1037579973,,,,20201103093843,22390623,10910094,71586157,0,,,900627644,1,1,1,7108120000,,,16820215,22.94,36623087,19638.63,23020303,1,23.58,22.94,1183840.73,AWB # 729-64727994,1,"Nombre Comercial:ORO , Otras características:BARRAS DE ALEACION DE ORO Y PLATA; BARRA SP 0174 LEY ORO 0.8917 GRAMOS FINOS DE ORO 4712.63 LEY PLATA 0.1049 GRAMOS FINOS DE PLATA 554.48; BARRA SP 0175 LEY ORO 0.8452 GRAMOS FINOS DE ORO 4941.94 LEY PLATA 0.1515 GRAMOS FINOS DE PLATA 885.62; BARRA SP 0176 LEY ORO 0.8438 GRAMOS FINOS DE ORO 4910.73 LEY PLATA 0.154 GRAMOS FINOS DE PLATA 896.18; BARRA SP 0177 LEY ORO 0.8471 GRAMOS FINOS DE ORO 5073.33 LEY PLATA 0.1333 GRAMOS FINOS DE PLATA 798.38; GRAMOS FINOS DE ORO DECLARADOS 19638.63; GRAMOS FINOS DE PLATA DECLARADOS 3134.66; GRAMOS NETOS DECLARADOS 22941;  , Cantidad de unidades comerciales:19638.63 GRAMOS FINOS ",,,1071043,1081000,,,,,,,,70107
2020,1,6007669519337,1,,,,,SUMITRADE S.A.S.,900959087,10910097,900908875,0,,,,,AGENCIA DE ADUANAS ASL NIVEL 2 SAS,10922973,,,,,,"DILLON GAGE, INC.","11231 GEMINI LANE, DALLAS, TX, 75229",DALLAS,42223433,,,42323438,,,,,42,1051113,1071043,169,1081000,30220635,30120632,23620398,DALLAS,1,1567912.64,,33723811,,,2,2,2,23120230,29520622,1051113,90,Aduanas de Medellín,249,ESTADOS UNIDOS,1310726,1561941.46,5479.18,292.00,200.00,1567912.64,,,1,2,27.25,20201124,6027670383234,20201123,114536291,78,1067910258,,,,20201126104211,22390623,10910094,71586157,0,,,900959087,1,1,1,7108120000,,,16820215,25.95,36623087,25957.11,23020303,2,27.25,25.95,1561941.46,AWB# 729-65541674,1,"Nombre Comercial:ORO , Otras características:BARRA DE ORO; BARRA 1 LEY ORO 999.9 GRAMOS FINOS DE ORO 3600.34 LEY PLATA 0 GRAMOS FINOS DE PLATA 0; BARRA 2 LEY ORO 999.9 GRAMOS FINOS DE ORO 3241.88 LEY PLATA 0 GRAMOS FINOS DE PLATA 0; BARRA 3 LEY ORO 999.9 GRAMOS FINOS DE ORO 3427.26 LEY PLATA 0 GRAMOS FINOS DE PLATA 0; BARRA 4 LEY ORO 999.9 GRAMOS FINOS DE ORO 3271.77 LEY PLATA 0 GRAMOS FINOS DE PLATA 0; BARRA 5 LEY ORO 999.9 GRAMOS FINOS DE ORO 3621.34 LEY PLATA 0 GRAMOS FINOS DE PLATA 0; BARRA 6 LEY ORO 999.9 GRAMOS FINOS DE ORO 2914.71 LEY PLATA 0 GRAMOS FINOS DE PLATA 0; BARRA 7 LEY ORO 999.9 GRAMOS FINOS DE ORO 2972.8 LEY PLATA 0 GRAMOS FINOS DE PLATA 0; BARRA 8 LEY ORO 999.9 GRAMOS FINOS DE ORO 2907.01 LEY PLATA 0 GRAMOS FINOS DE PLATA 0; GRAMOS FINOS DE ORO DECLARADOS 25957.11; GRAMOS FINOS DE PLATA DECLARADOS 0; GRAMOS NETOS DECLARADOS 25959.7; CON CONTRATO EN CUENTAS DE PARTICIPACION SIN NUMERO DEL 07-05-2019 EMITIDO POR CONSEJO MAYOR DE ITSMINA COCOMIMSA; , Cantidad de unidades comerciales:25957.11 GRAMOS FINOS ",,,1071043,1081000,,,,,,,,70107
2020,2,6007656397290,6,,,,,COMERCIALIZADORA INTERNACIONAL ESLOP SAS,901019586,10910097,900908875,0,,,,,AGENCIA DE ADUANAS ASL NIVEL 2 SAS,10922973,,,,,,XQUADRA USA INC,9050 PINES BLVD SUITE 430 PEMBROKE PINES FL33024,PEMBROKE,42223433,6007648205034,41529348,42323441,Circunstanciasexcepcionales,,,,42,1051113,1071043,169,1081000,30220635,30120632,23620390,RUDRAPUR,1,1370995.55,,33723811,,,2,2,2,23120230,29520622,1051113,90,Aduanas de Medellín,249,ESTADOS UNIDOS,1275668,1359154.65,10611.94,828.96,400.00,1370995.55,,,1,2,36.00,20190717,6027650036517,20190715,,,,,,,20200115092056,,,,,,,901019586,1,1,1,7108120000,,,16820215,33.99,36623087,33994.19,23020303,2,36,33.99,1359154.65,AWB # 001-20254264,1,"771595, 0006401032771603, 0006401032771651, 0006401032771667, 0006401032771674, 0006401032771681, 0006401032771699, 0006401032780932, 0006401032808712, 0006401032808721, 0006401032808737, 0006401032808769, 0006401032808776, 0006401032808783, 0006401032808790, 0006401032808809, 0006401032808823, 0006401032808830,  , Cantidad de unidades comerciales:33.99 KILOS  GRUPO 2 = Nombre Comercial:ORO , Otras características:BARRAS DE ALEACION DE ORO Y PLATA; CP No. 0006401032808848, 0006401032808855, 0006401032808862, 0006401032808871, 0006401032808887, 0006401032808894, 0006401032808902, 0006401032808911, 0006401032808927, 0006401032808934, 0006401032808959, 0006401032808966, 0006401032818953, 0006401032818960, 0006401032818978, 0006401032818985, 0006401032818992, 0006401032819002, 0006401032819011, 0006401032819027, 0006401032819034, 0006401032819041, 0006401032819059, 0006401032819066, 0006401032819073, 0006401032819080, 0006401032819098, 0006401032819106, 0006401032819113, 0006401032819138, 0006401032819152, 0006401032819161, 0006401032819177, 0006401032819184, 0006401032825462, 0006401032825471, 0006401032825566, 0006401032825598, 0006401032825606, 0006401032825874, 0006401032825907, 0006401032825946, 0006401032825960, 0006401032826041, 0006401032826120, 0006401032826191, 0006401032829157, 0006401032829164, 0006401032829196, 0006401032829211, 0006401032833310, 0006401032833453, 0006",,,1071043,1081000,,,,,,,,70107
2020,2,6007656397290,6,,,,,COMERCIALIZADORA INTERNACIONAL ESLOP SAS,901019586,10910097,900908875,0,,,,,AGENCIA DE ADUANAS ASL NIVEL 2 SAS,10922973,,,,,,XQUADRA USA INC,9050 PINES BLVD SUITE 430 PEMBROKE PINES FL33024,PEMBROKE,42223433,6007648205034,41529348,42323441,Circunstanciasexcepcionales,,,,42,1051113,1071043,169,1081000,30220635,30120632,23620390,RUDRAPUR,1,1370995.55,,33723811,,,2,2,2,23120230,29520622,1051113,90,Aduanas de Medellín,249,ESTADOS UNIDOS,1275668,1359154.65,10611.94,828.96,400.00,1370995.55,,,1,2,36.00,20190717,6027650036517,20190715,,,,,,,20200115092056,,,,,,,901019586,1,1,1,7108120000,,,16820215,33.99,36623087,33994.19,23020303,2,36,33.99,1359154.65,AWB # 001-20254264,1,"GRUPO 1 = Nombre Comercial:ORO , Otras características:BARRAS DE ALEACION DE ORO Y PLATA; BARRA 1 LEY ORO 900,00 GRAMOS FINOS DE ORO 4614,03 LEY PLATA 99,00 GRAMOS FINOS DE PLATA 506,83; BARRA 2 LEY ORO 824,00 GRAMOS FINOS DE ORO 4498,22 LEY PLATA 173,00 GRAMOS FINOS DE PLATA 945,50; BARRA 3 LEY ORO 918,00 GRAMOS FINOS DE ORO 2588,30 LEY PLATA 79,00 GRAMOS FINOS DE PLATA 223,30; BARRA 4 LEY ORO 911,00 GRAMOS FINOS DE ORO 1920,05 LEY PLATA 86,00 GRAMOS FINOS DE PLATA 181,68; BARRA 5 LEY ORO 916,00 GRAMOS FINOS DE ORO 1688,55 LEY PLATA 81,00 GRAMOS FINOS DE PLATA 149,68; BARRA 6 LEY ORO 909,00 GRAMOS FINOS DE ORO 1477,62 LEY PLATA 88,00 GRAMOS FINOS DE PLATA 143,37; BARRA 7 LEY ORO 908,00 GRAMOS FINOS DE ORO 1449,54 LEY PLATA 89,00 GRAMOS FINOS DE PLATA 142,40; BARRA 8 LEY ORO 922,00 GRAMOS FINOS DE ORO 1890,10 LEY PLATA 75,00 GRAMOS FINOS DE PLATA 154,16; BARRA 9 LEY ORO 903,00 GRAMOS FINOS DE ORO 2274,80 LEY PLATA 94,00 GRAMOS FINOS DE PLATA 237,30; BARRA 10 LEY ORO 922,00 GRAMOS FINOS DE ORO 1885,68 LEY PLATA 75,00 GRAMOS FINOS DE PLATA 153,29; BARRA 11 LEY ORO 894,00 GRAMOS FINOS DE ORO 1882,18 LEY PLATA 103,00 GRAMOS FINOS DE PLATA 217,27; BARRA 12 LEY ORO 833,00 GRAMOS FINOS DE ORO 1961,90 LEY PLATA 164,00 GRAMOS FINOS DE PLATA 386,73; BARRA 13 LEY ORO 890,00 GRAMOS FINOS DE ORO 2083,94 LEY PLATA 107,00 GRAMOS FINOS DE PLATA 251,01; CP No. 0006401033095612, 0006401032649659",,,1071043,1081000,,,,,,,,70107
2020,2,6007656397290,6,,,,,COMERCIALIZADORA INTERNACIONAL ESLOP SAS,901019586,10910097,900908875,0,,,,,AGENCIA DE ADUANAS ASL NIVEL 2 SAS,10922973,,,,,,XQUADRA USA INC,9050 PINES BLVD SUITE 430 PEMBROKE PINES FL33024,PEMBROKE,42223433,6007648205034,41529348,42323441,Circunstanciasexcepcionales,,,,42,1051113,1071043,169,1081000,30220635,30120632,23620390,RUDRAPUR,1,1370995.55,,33723811,,,2,2,2,23120230,29520622,1051113,90,Aduanas de Medellín,249,ESTADOS UNIDOS,1275668,1359154.65,10611.94,828.96,400.00,1370995.55,,,1,2,36.00,20190717,6027650036517,20190715,,,,,,,20200115092056,,,,,,,901019586,1,1,1,7108120000,,,16820215,33.99,36623087,33994.19,23020303,2,36,33.99,1359154.65,AWB # 001-20254264,2,"0006401033013286, 0006401033032137, 0006401033032169, 0006401033032176, 0006401033032183, 0006401033032190, 0006401033032216; 0006401032528191;   ",,,1071043,1081000,,,,,,,,70107
2020,5,6007665331274,3,,,,,TECNOGOLD SAS,901113424,10910097,890323585,2,,,,,AGENCIA DE ADUANAS DELIO ARISTIZABAL & CIA S.C. NIVEL 1,10910097,901138355,,,,,TECNICAS MINERAS DE COLOMBIA S.A.S.,CARR YUMBO AEROPUERTO KM 6 BODEGA 6 MZ B PL ZF PACIFICO,Palmira,42223433,,,42323438,,,,,42,1051111,1071043,169,1081011,30220635,30120632,,,31,1112817886.88,3775.95,33723811,,,,2,2,,29520622,1051111,88,Aduanas de Cali,169,COLOMBIA,,294712.03,,,,294712.03,,,1,1,5.822100,20200826,6027665984248,20200814,,,,,,,20200826102415,7411743,10910094,12197744,0,,,901113424,1,1,1,7108120000,,,16820215,5.53699,36623087,4798.78,23020284,1,5.82,5.54,294712.03,,1,"Nombre Comercial:ORO MINA , Otras características:DO.E8800161, FACTURA FE 2 BRUTO TOTAL: 5536.99 GRAMOS CON LEY PROMEDIO 0,86667 PARA UN TOTAL DE 4798.78 GRAMOS FINOS, BOLSA CB1032054 BARRA No.1 PESO BRUTO:2785,6301 GRAMOS, CON LEY:0,895 PESO FINO:2493,14 GRAMOS; BARRA No.2 PESO BRUTO:2751,3601 GRAMOS, CON LEY:0,838 PESO FINO:2305,64 GRAMOS. NOTA: REGIONES PROCEDENCIA: DEPARTAMENTO DE CHOCO RIO QUITO, ATRATO, UNION PANAMERICANA, EL CANTON DE SAN PABLO, LLORO. , Cantidad de unidades comerciales:4798.78 GRAMOS FINOS ",,,1071043,1081011,,,,,,,,70107
2020,5,6007665910922,6,,,,,INVERSIONES MEJIA J.M S.A.S,901120121,10910097,900908875,0,,,,,AGENCIA DE ADUANAS ASL NIVEL 2 SAS,10910097,901180357,,,,,OSPREY METALS S.A.S.,ZF RIONEGRO,Rionegro,42223433,,,42323438,,,,,42,1051113,1071043,169,1081000,30220635,30120632,23620384,ZONA FRANCA RIONEGRO,1,187865.13,,33723811,,,2,2,2,,29520622,1051113,90,Aduanas de Medellín,169,COLOMBIA,,187865.13,,,,187865.13,,,1,1,4.000000,20200908,6027666743625,20200901,,,,,,,20200908120203,22390623,10910094,71586157,0,,,901120121,1,1,1,7108120000,,,16820215,3.58,36623087,3578.92,23020303,1,4,3.58,187865.13,OSPREY,1,"Nombre Comercial:ORO , Otras características:BARRA DE ALEACION DE ORO Y PLATA; BARRA IMJ-010 LEY ORO 90.43% GRAMOS FINOS DE ORO 3237.91 LEY PLATA 9.52% GRAMOS FINOS DE PLATA 341.01; GRAMOS FINOS DE ORO DECLARADOS 3237.91; GRAMOS FINOS DE PLATA DECLARADOS 341.01; GRAMOS NETOS DECLARADOS 3580.71; NOS ACOGEMOS A LA CIRCULAR REGLAMENTARIA EXTERNA BANCO REPUBLICA # 83 NUMERAL 9 LITERAL ""J"" DEL 2011; , Cantidad de unidades comerciales:3237.91 GRAMOS FINOS ",,,1071043,1081000,,,,,,,,70107
2020,1,6007669954374,3,,,,,OSPREY METALS S.A.S.,901180357,10910097,900908875,0,,,,,AGENCIA DE ADUANAS ASL NIVEL 2 SAS,10922973,,,,,,HAWK SYNERGY LLC,"1200 BRICKELL AVENUE STE 800, MIAMI FL 33131 USA",MIAMI,42223433,,,42323438,,,,,42,1051113,1071043,169,1081000,30220635,30120632,23620384,AEROPUERTO JOSE MARIA CORDOBA,1,3118796.04,,33723811,,,2,2,2,23120230,29520622,1051113,90,Aduanas de Medellín,249,ESTADOS UNIDOS,1274396,3118796.04,,,,3118796.04,,,1,3,59.03,20201203,6027670774181,20201203,29013216,79,42879586,,,,20201207125934,22390623,10910094,71586157,0,,,901180357,1,1,1,7108120000,,,16820215,56.89,36623087,56737.8,23020303,3,59.03,56.89,3118796.04,AWB # 729-65541906,1,"Nombre Comercial:ORO , Otras características:BARRAS DE ALEACION DE ORO Y PLATA; BARRA OM-813 LEY ORO 90.65% GRAMOS FINOS DE ORO 3695.89 LEY PLATA 9.15 % GRAMOS FINOS DE PLATA 373.05; BARRA OM-814 LEY ORO 88.64% GRAMOS FINOS DE ORO 3132.71 LEY PLATA 11.19 % GRAMOS FINOS DE PLATA 395.48; BARRA OM-815 LEY ORO 90.8% GRAMOS FINOS DE ORO 4852.26 LEY PLATA 8.97 % GRAMOS FINOS DE PLATA 479.35; BARRA OM-816 LEY ORO 92.28% GRAMOS FINOS DE ORO 2225.24 LEY PLATA 6.63 % GRAMOS FINOS DE PLATA 159.88; BARRA OM-817 LEY ORO 92.98% GRAMOS FINOS DE ORO 3410.41 LEY PLATA 6.81 % GRAMOS FINOS DE PLATA 249.78; BARRA OM-818 LEY ORO 90.2% GRAMOS FINOS DE ORO 2500.16 LEY PLATA 9.63 % GRAMOS FINOS DE PLATA 266.92; BARRA OM-819 LEY ORO 99.85% GRAMOS FINOS DE ORO 4020.16 LEY PLATA 0.01 % GRAMOS FINOS DE PLATA 0.4; BARRA OM-820 LEY ORO 90.66% GRAMOS FINOS DE ORO 7260.32 LEY PLATA 9.13 % GRAMOS FINOS DE PLATA 731.16; BARRA OM-821 LEY ORO 91.55% GRAMOS FINOS DE ORO 5672.16 LEY PLATA 8.21 % GRAMOS FINOS DE PLATA 508.67; BARRA OM-822 LEY ORO 88.97% GRAMOS FINOS DE ORO 3167.51 LEY PLATA 10.66 % GRAMOS FINOS DE PLATA 379.52; BARRA OM-823 LEY ORO 87.2% GRAMOS FINOS DE ORO 2970.12 LEY PLATA 12.72 % GRAMOS FINOS DE PLATA 433.26; BARRA OM-824 LEY ORO 91.45% GRAMOS FINOS DE ORO 4750.1 LEY PLATA 8.08 % GRAMOS FINOS DE PLATA 419.69; BARRA OM-825 LEY ORO 91.34% GRAMOS FINOS DE ORO 1038.63 LEY PLATA 8.56 % GRAMOS FINOS DE",,,1071043,1081000,,,,,,,,70107
2020,5,6007664402566,9,,,,,SUMMINEROS SAS,901224359,10910097,900908875,0,,,,,AGENCIA DE ADUANAS ASL NIVEL 2 SAS,10910097,901180357,,,,,OSPREY METALS S.A.S.,ZF RIONEGRO,Rionegro,42223433,,,42323438,,,,,42,1051113,1071043,169,1081000,30220635,30120632,23620384,ZONA FRANCA RIONEGRO,1,392365.40,,33723811,,,2,2,2,,29520622,1051113,90,Aduanas de Medellín,169,COLOMBIA,,392365.4,,,,392365.4,,,1,1,8.180000,20200804,6027665452323,20200729,,,,,,,20200804101335,22390623,10910094,71586157,0,,,901224359,1,1,1,7108120000,,,16820215,7.90,36623087,7699.16,23020303,1,8.18,7.9,392365.4,OSPREY,1,"Nombre Comercial:ORO , Otras características:BARRA DE ALEACION DE ORO; BARRA SM-071 LEY ORO 86.85% GRAMOS FINOS DE ORO 3104.97 LEY PLATA 10.25% GRAMOS FINOS DE PLATA 366.45; BARRA SM-072 LEY ORO 89.35% GRAMOS FINOS DE ORO 2645.92 LEY PLATA 7.11% GRAMOS FINOS DE PLATA 210.55; BARRA SM-073 LEY ORO 99.99% GRAMOS FINOS DE ORO 1371.26 LEY PLATA 0% GRAMOS FINOS DE PLATA 0; GRAMOS FINOS DE ORO DECLARADOS 7122.16; GRAMOS FINOS DE PLATA DECLARADOS 577; GRAMOS NETOS DECLARADOS 7907.8; CON CONTRATO DE AGENCIAMIENTO COMERCIAL DE FECHA 29-10-2019 EMITIDO POR JHON CARLOS MARTINEZ DIAZ; CON SUBCONTRATO DE FORMALIZACION MINERA No.KAS-14461-005; NOS ACOGEMOS A LA CIRCULAR REGLAMENTARIA EXTERNA BANCO REPUBLICA # 83 NUMERAL 9 LITERAL ""J"" DEL 2011; , Cantidad de unidades comerciales:7122.16 GRAMOS FINOS ",,,1071043,1081000,,,,,,,,70107
2020,5,6007659886307,6,,,,,COOPERATIVA SI SE PUEDE DE BAREQUEROS DEL CHOC&#65533;,901300259,10910097,900908875,0,,,,,AGENCIA DE ADUANAS ASL NIVEL 2 SAS,10910097,901180357,,,,,OSPREY METALS S.A.S.,ZF RIONEGRO,Rionegro,42223433,,,42323438,,,,,42,1051113,1071043,169,1081000,30220635,30120632,23620384,ZONA FRANCA RIONEGRO,1,191656.07,,33723811,,,2,2,2,,29520622,1051113,90,Aduanas de Medellín,169,COLOMBIA,,191656.07,,,,191656.07,,,1,1,4.500000,20200402,6027661618617,20200330,,,,,,,20200402151225,22390623,10910094,71586157,0,,,901300259,1,1,1,7108120000,,,16820215,4.33,36623087,4277.9,23020303,1,4.5,4.33,191656.07,OSPREY,1,"Nombre Comercial:ORO , Otras características:BARRA DE ALEACION DE ORO Y PLATA; BARRA CSSP-017 LEY ORO 92,70% GRAMOS FINOS DE ORO 3126.44 LEY PLATA 6.25% GRAMOS FINOS DE PLATA 210.88; BARRA CSSP-018 LEY ORO 91.50% GRAMOS FINOS DE ORO 877.48 LEY PLATA 6,58% GRAMOS FINOS DE PLATA 63.11; GRAMOS FINOS DE ORO DECLARADOS 4003.92; GRAMOS FINOS DE PLATA DECLARADOS 273.98; GRAMOS NETOS DECLARADOS 4333.20; NOS ACOGEMOS A LA CIRCULAR REGLAMENTARIA EXTERNA BANCO REPUBLICA # 83 NUMERAL 9 LITERAL ""J"" DEL 2011, , Cantidad de unidades comerciales:4003.92 GRAMOS FINOS ",,,1071043,1081000,,,,,,,,70107
2021,1,6007681875262,6,JARABA,ARISTIZABAL,SANDRA,YASMIN,JARABA ARISTIZABAL SANDRA YASMIN,39273308,10910097,890313036,8,,,,,AGENCIA DE ADUANAS CONTINENTAL DE ADUANAS S.A.S. NIVEL 1,10910097,900479267,,,,,FUNDICION RAMIREZ  ZONA FRANCA SAS,ZF PALMASECA BG A 5 B,Palmira,42223433,,,42323438,,ZFP-6570,,,42,1051111,1071043,169,1081023,30220635,30120632,23620386,ZONA FRANCA PALMASECA ,31,228406345.00,3910.81,33723811,,,,2,2,,29520622,1051111,88,Aduanas de Cali,169,COLOMBIA,357,58403.85,,,,58403.85,,,1,1,1.25,20210810,6027680955394,20210809,21729801,77,66872183,,,,20210817120509,17556019,10910094,31167540,6,,,39273308,1,1,1,7108120000,,,16820215,1.19,36623087,1086.17,23020363,1,1.25,1.19,58403.85,,1,"Nombre Comercial:ORO FINO , Otras características:GRAMOS DE ORO FINO PARA USO NO MONETARIO CON LAS SIGUIENTES BARRAS DISCRIMINADAS CONFORME A FACTURA Y BOLETIN DE ANALISIS.         FACTURA: AS-28 BARRA 1 //Gramos netos: 1.193,63 Ley:  0,9099700 para: 1.086,17 gramos finos//    , Cantidad de unidades comerciales: 1086.17 GRAMOS FINOS DE ORO  ",,,1071043,1081000,,,,,,,,70107
2021,1,6007675797331,3,,,,,C.I. COLOMBIAN MINT S.A.S,811009244,10910097,830002571,4,,,,,AGENCIA DE ADUANAS AVIATUR S A NIVEL 1.,10922973,,,,,,BRICKLANE RESOURCES PTY LTD.,LEVEL 10 74 CASTLEREAGH,SYDNEY,42223433,,,42323438,,24338383,,,42,1051113,1071043,169,1081000,30220635,30120632,23620384,APTO JMC RIONEGRO,1,1134536.910000,,33723812,,,2,2,2,23120230,29520622,1051113,90,Aduanas de Medellín,69,AUSTRALIA,1232900,1134536.91,,,,1134536.91,,,2,2,24.94,20210405,6027674320751,20210331,35899141,78,1037579973,,,,20210408173929,29460969,10910094,43576612,6,,,811009244,1,2,2,7108120000,,,16820215,11.510000,36623087,11395.52,,,,11.51,526309.29,BRICKLANE RESOURCES PTY LTD.,1,"Nombre Comercial:UNA BARRA DE ALEACION ORO PLATA , Otras características:FACTURA FE4052 // BARRA IG-601 SON 9703.50 GRAMOS FINOS DE ORO LEY 843.00 Y 1692.02 GRAMOS FINOS DE PLATA LEY 147.00 // APROBADO VB-ANM-42848 CON TRAMITE TM-00004948-20210329 FE: 31/03/2021 FV: 28/05/2021 // GUIA AEREA 729-65658725 , Cantidad de unidades comerciales:11395.52 GRS ",,,1071043,1081000,,,,,,,,70107
2021,1,6007675797331,3,,,,,C.I. COLOMBIAN MINT S.A.S,811009244,10910097,830002571,4,,,,,AGENCIA DE ADUANAS AVIATUR S A NIVEL 1.,10922973,,,,,,BRICKLANE RESOURCES PTY LTD.,LEVEL 10 74 CASTLEREAGH,SYDNEY,42223433,,,42323438,,24338383,,,42,1051113,1071043,169,1081000,30220635,30120632,23620384,APTO JMC RIONEGRO,1,1134536.910000,,33723812,,,2,2,2,23120230,29520622,1051113,90,Aduanas de Medellín,69,AUSTRALIA,1232900,1134536.91,,,,1134536.91,,,2,2,24.94,20210405,6027674320751,20210331,35899141,78,1037579973,,,,20210408173929,29460969,10910094,43576612,6,,,811009244,1,2,2,7108120000,,,16820215,11.510000,36623087,11395.52,,,,11.51,526309.29,BRICKLANE RESOURCES PTY LTD.,2,"Nombre Comercial:DO 10728 // UNA BARRA DE ALEACION ORO PLATA , Otras características:FACTURA FE4051 // BARRA IG-602 SON 11143.25 GRAMOS FINOS DE ORO LEY 905.88 Y 1034.82 GRAMOS FINOS DE PLATA LEY 84.12 // APROBADO VB-ANM-40270 CON TRAMITE TM-00004950-20210329 FE: 30/03/2021 FV: 28/05/2021 , Cantidad de unidades comerciales:12178.07 GRS ",,,1071043,1081000,,,,,,,,70107
2021,1,6007675797331,3,,,,,C.I. COLOMBIAN MINT S.A.S,811009244,10910097,830002571,4,,,,,AGENCIA DE ADUANAS AVIATUR S A NIVEL 1.,10922973,,,,,,BRICKLANE RESOURCES PTY LTD.,LEVEL 10 74 CASTLEREAGH,SYDNEY,42223433,,,42323438,,24338383,,,42,1051113,1071043,169,1081000,30220635,30120632,23620384,APTO JMC RIONEGRO,1,1134536.910000,,33723812,,,2,2,2,23120230,29520622,1051113,90,Aduanas de Medellín,69,AUSTRALIA,1232900,1134536.91,,,,1134536.91,,,2,2,24.94,20210405,6027674320751,20210331,35899141,78,1037579973,,,,20210408173929,29460969,10910094,43576612,6,,,811009244,2,2,1,7108120000,,,16820215,12.300000,36623087,12178.07,23020262,2,24.94,12.3,608227.62,BRICKLANE RESOURCES PTY LTD.,1,"Nombre Comercial:UNA BARRA DE ALEACION ORO PLATA , Otras características:FACTURA FE4052 // BARRA IG-601 SON 9703.50 GRAMOS FINOS DE ORO LEY 843.00 Y 1692.02 GRAMOS FINOS DE PLATA LEY 147.00 // APROBADO VB-ANM-42848 CON TRAMITE TM-00004948-20210329 FE: 31/03/2021 FV: 28/05/2021 // GUIA AEREA 729-65658725 , Cantidad de unidades comerciales:11395.52 GRS ",,,1071043,1081000,,,,,,,,70107
2021,1,6007675797331,3,,,,,C.I. COLOMBIAN MINT S.A.S,811009244,10910097,830002571,4,,,,,AGENCIA DE ADUANAS AVIATUR S A NIVEL 1.,10922973,,,,,,BRICKLANE RESOURCES PTY LTD.,LEVEL 10 74 CASTLEREAGH,SYDNEY,42223433,,,42323438,,24338383,,,42,1051113,1071043,169,1081000,30220635,30120632,23620384,APTO JMC RIONEGRO,1,1134536.910000,,33723812,,,2,2,2,23120230,29520622,1051113,90,Aduanas de Medellín,69,AUSTRALIA,1232900,1134536.91,,,,1134536.91,,,2,2,24.94,20210405,6027674320751,20210331,35899141,78,1037579973,,,,20210408173929,29460969,10910094,43576612,6,,,811009244,2,2,1,7108120000,,,16820215,12.300000,36623087,12178.07,23020262,2,24.94,12.3,608227.62,BRICKLANE RESOURCES PTY LTD.,2,"Nombre Comercial:DO 10728 // UNA BARRA DE ALEACION ORO PLATA , Otras características:FACTURA FE4051 // BARRA IG-602 SON 11143.25 GRAMOS FINOS DE ORO LEY 905.88 Y 1034.82 GRAMOS FINOS DE PLATA LEY 84.12 // APROBADO VB-ANM-40270 CON TRAMITE TM-00004950-20210329 FE: 30/03/2021 FV: 28/05/2021 , Cantidad de unidades comerciales:12178.07 GRS ",,,1071043,1081000,,,,,,,,70107
2021,1,6007688153018,7,,,,,CONSEJO COMUNITARIO MAYOR DE ISTMINA Y MEDIO SAN JUAN,818002034,10910097,900908875,0,,,,,AGENCIA DE ADUANAS ASL NIVEL 2 SAS,10922973,,,,,,DILLON GAGE INC,11231 GEMINI LANE DALLAS TEXAS 75229,DALLAS,42223433,,,42323438,,,,,42,1051113,1071043,169,1081000,30220635,30120632,23620398,DALLAS,1,814245.08,,33723811,,,2,2,2,23120230,29520622,1051113,90,Aduanas de Medellín,249,ESTADOS UNIDOS,1310726,811753.46,2188.77,162.85,140.00,814245.08,,,1,1,16.48,20211209,6027687108524,20211207,22539406,77,71734946,,,,20211213082357,22390623,10910094,71586157,0,,,818002034,1,1,1,7108120000,,,16820215,15.91,36623087,14267.48,23020303,1,16.48,15.91,811753.46,DILLON GAGE INC,1,"Nombre Comercial:ORO , Otras características:BARRAS DE ALEACION DE ORO Y PLATA; BARRA 1 LEY ORO 900,7 GRAMOS FINOS DE ORO 159,06 LEY PLATA 99,3 GRAMOS FINOS DE PLATA 17,54; BARRA 2 LEY ORO 890,1 GRAMOS FINOS DE ORO 155,95 LEY PLATA 109,9 GRAMOS FINOS DE PLATA 19,25; BARRA 3 LEY ORO 881,3 GRAMOS FINOS DE ORO 854,42 LEY PLATA 117,9 GRAMOS FINOS DE PLATA 114,3; BARRA 4 LEY ORO 888,4 GRAMOS FINOS DE ORO 638,14 LEY PLATA 110,6 GRAMOS FINOS DE PLATA 79,44; BARRA 5 LEY ORO 927,8 GRAMOS FINOS DE ORO 156,98 LEY PLATA 72,2 GRAMOS FINOS DE PLATA 12,22; BARRA 6 LEY ORO 895 GRAMOS FINOS DE ORO 359,7 LEY PLATA 104,5 GRAMOS FINOS DE PLATA 42; BARRA 7 LEY ORO 851,7 GRAMOS FINOS DE ORO 108,25 LEY PLATA 147 GRAMOS FINOS DE PLATA 18,68; BARRA 8 LEY ORO 899,2 GRAMOS FINOS DE ORO 135,87 LEY PLATA 100,8 GRAMOS FINOS DE PLATA 15,23; BARRA 9 LEY ORO 879,7 GRAMOS FINOS DE ORO 2727,69 LEY PLATA 119,3 GRAMOS FINOS DE PLATA 369,91; BARRA 10 LEY ORO 910,2 GRAMOS FINOS DE ORO 180,13 LEY PLATA 88,7 GRAMOS FINOS DE PLATA 17,55; BARRA 11 LEY ORO 906,4 GRAMOS FINOS DE ORO 508,94 LEY PLATA 93,1 GRAMOS FINOS DE PLATA 52,28; BARRA 12 LEY ORO 848 GRAMOS FINOS DE ORO 550,78 LEY PLATA 151,6 GRAMOS FINOS DE PLATA 98,46; BARRA 13 LEY ORO 869,9 GRAMOS FINOS DE ORO 190,42 LEY PLATA 128,6 GRAMOS FINOS DE PLATA 28,15; BARRA 14 LEY ORO 901,9 GRAMOS FINOS DE ORO 78,19 LEY PLATA 96,6 GRAMOS FINOS DE PLATA 8,38; BARRA 15 LEY O",,,1071043,1081000,,,,,,,,70107
2021,1,6007672014364,8,,,,,LOGISTICA AGIL S.A.S,900408194,10910097,830098132,6,,,,,AGENCIA DE ADUANAS INTERLOGISTICA S.A. NIVEL 1,10922973,,,,,,INTI RESOURCES LLC.,"742 MAIN ST, MYRTLE BEACH,CAROLINA DEL SUR-ESTADOS UNIDOS.","MYRTLE BEACH,USA",42223433,,,42323438,,BOGE0174569/2020260,,,42,1051065,1071043,169,1081010,30220635,30120632,23620384,"MYRTLE BEACH,USA.",1,74560.95,3422.44,33723811,,,1,2,2,23120230,29520622,1051065,3,Aduanas de Bogota - Aeropuerto El Dorado,249,ESTADOS UNIDOS,1273843,74560.95,,,,74560.95,,,1,1,1488.39,20201218,6027671463846,20201218,19508264,79,51576799,,,,20210122154044,115699411,10910094,1070006350,6,,,900408194,1,1,1,7108120000,,,16820215,1.48839,36623087,1488.39,23020262,1,1488.39,1.49,74560.95,INTI RESOURCES LLC,1,"Nombre Comercial:BARRA DE ORO , Otras características:1 BARRA DE 1488.39 GRAMOS DE ORO BRUTO LEY 830.8 EQUIVALENTE A 1236.5 GRAMOS DE ORO PURO,y 251.8 GRAMOS DE OTROS MINERALES. PARA UN TOTAL DE 1488.39 GRAMOS BRUTOS Y 1236.5 GRAMOS FINOS DE ORO.AUTORIZACIÓN 13137500050131. DE FECHA 2020/12/04.RUCOM 2020052016581 DE FECHA 19/06/2020.COMPROBANTE DE PAGO DE REGALIAS 309710 DE FECHA 06/19/2020.POR VALOR DE $8.435.381.66.Vo Bo.ANM-EMP-20200820-3210 DE FECHA 20/08/2020.MERCANCÍA QUE SALE A LA MANO DEL VIAJERO SEÑOR LUIS ALFONSO NAVARRO SOTO,CON CÉDULA DE CIUDADANÍA No.79.944.684 DE BOGOTÁ.PASAPORTE No.PE132497 ,TIQUETE No.AV 134-3776159699 DE FECHA 2020/12/16. , Cantidad de unidades comerciales:1488.39 GRAMOS BRUTOS DE ORO Y 1236.5 GRAMOS DE ORO PURO. ",,,1071043,1081010,,,,,,,,70107
2021,1,6007686735916,0,,,,,COMERCIALIZADORA INTERNACIONAL COLTIC  SAS,900422494,10910097,900312664,4,,,,,AGENCIA DE ADUANAS LOGISTICA S.A.S. NIVEL 2,10922973,,,,,,GOLD MILL INC,"40777 GRIMMER BLVD FREMONT, CA 94538",FREMONT,42223433,,,42323438,,,,,42,1051065,1071043,169,1081005,30220635,30120632,23620384,BODEGAS AEROLINEA ,1,56520.00,,33723811,,,1,2,2,23120230,29520622,1051065,3,Aduanas de Bogota - Aeropuerto El Dorado,249,ESTADOS UNIDOS,1271007,56520,,,,56520,,,1,1,1.5,20211110,6027685693970,20211108,16279763,77,28542891,,,,20211118103418,116579862,10910094,1111747488,0,,,900422494,1,1,1,7108120000,,,16820215,1,36623087,1000,23020268,1,1.5,1,56520,,1,"Nombre Comercial:ORO EN LINGOTE , Otras características:1 GOLD BAR PESO BRUTO 1000 GRAMOS; LEY: 99.99; PESO FINO 999.90 GRAMOS//PAGO DE REGALIAS 999.90 GRAMOS FINOS ORO EXPORTADO, COMPROBANTE DE PAGO No. 4998283 POR VALOR $3,210,860,00 COMPROBANTE DE PAGO No. 4998293  VALOR $3,841,401.00  Y 0.09 GRAMOS DE PLATA COMPROBANTE DE PAGO No.4998287 POR VALOR DE $1,200,00 COMPROBANTE No. 4998296 VALOR $1.200.00 Numero de Radicación: Numero de Radicación : EXP-00016365-20211107, Número Visto Bueno: VBANM46376, MERCANCIA LLEVADA A LA MANO POR SEÑOR LUIS OCTAVIO FRANCO SALGADO  PASAPORTE AU227248. TIQUETE No. 0012309844839 POR AMERICAN AIRLINES  ",,,1071043,1081005,,,,,,,,70107
2021,1,6007673661873,8,,,,,XQUADRA S.A.S.,900555885,10910097,900908875,0,,,,,AGENCIA DE ADUANAS ASL NIVEL 2 SAS,10922973,,,,,,XQUADRA USA INC,"9050 PINES BLVD SUITE 430 PEMBROKE PINES, FL 33024",PEMBROKE,42223433,,,42323438,,,,,42,1051113,1071043,169,1081000,30220635,30120632,23620395,PEMBROKE,1,1130555.85,,33723811,,,2,2,2,23120230,29520622,1051113,90,Aduanas de Medellín,249,ESTADOS UNIDOS,1275668,1127865.2,2420.65,170.00,100.00,1130555.85,,,1,2,24.73,20210218,6027673963515,20210217,35899141,78,1037579973,,,,20210222102636,22390623,10910094,71586157,0,,,900555885,1,1,1,7108120000,,,16820215,23.32,36623087,23320,23020303,2,24.73,23.32,1127865.2,AWB # 729-65656485,1,"Nombre Comercial:ORO , Otras características:BARRA DE ALEACION DE ORO Y PLATA; BARRA 1 LEY ORO 903.24 GRAMOS FINOS DE ORO 2247.89 LEY PLATA 90.61 GRAMOS FINOS DE PLATA 225.5; BARRA 2 LEY ORO 516.96 GRAMOS FINOS DE ORO 1037.33 LEY PLATA 454.43 GRAMOS FINOS DE PLATA 911.86; BARRA 3 LEY ORO 903.74 GRAMOS FINOS DE ORO 2520.26 LEY PLATA 93.97 GRAMOS FINOS DE PLATA 262.05; BARRA 4 LEY ORO 873.93 GRAMOS FINOS DE ORO 1239.06 LEY PLATA 125.89 GRAMOS FINOS DE PLATA 178.49; BARRA 5 LEY ORO 815.97 GRAMOS FINOS DE ORO 1191.32 LEY PLATA 179.44 GRAMOS FINOS DE PLATA 261.98; BARRA 6 LEY ORO 909.16 GRAMOS FINOS DE ORO 3186.51 LEY PLATA 89.85 GRAMOS FINOS DE PLATA 314.92; BARRA 7 LEY ORO 807.07 GRAMOS FINOS DE ORO 5115.21 LEY PLATA 190.85 GRAMOS FINOS DE PLATA 1209.61; BARRA 8 LEY ORO 933.88 GRAMOS FINOS DE ORO 1117.11 LEY PLATA 23.41 GRAMOS FINOS DE PLATA 28; BARRA 9 LEY ORO 973.33 GRAMOS FINOS DE ORO 2062.58 LEY PLATA 26.31 GRAMOS FINOS DE PLATA 55.75; GRAMOS FINOS DE ORO DECLARADOS 19717.27; GRAMOS FINOS DE PLATA DECLARADOS 3448.16; GRAMOS NETOS DECLARADOS 23320; CON CONTRATO DE PARTICIPACION SIN NUMERO DEL 26-06-2020 EMITIDO POR PEDRO ARMANDO LOPERA; CON CONTRATO DE PARTICIPACION SIN NUMERO DEL 04-12-2019 EMITIDO POR ARLEN YIMMY CARDONA CEBALLOS; CON CONTRATO EN CUENTAS DE PARTICIPACION SIN NUMERO DEL 06-01-2021 EMITIDO POR JUAN MANUAL SOTOMAYOR ARIAS; CON CONTRATO DE PARTICIPACION SIN NUMER",,,1071043,1081000,,,,,,,,70107
2021,1,6007682653214,3,,,,,INVERSIONES METALIFERAS S.A.S.,900594874,10910097,900908875,0,,,,,AGENCIA DE ADUANAS ASL NIVEL 2 SAS,10910097,901180357,,,,,OSPREY METALS S.A.S.,ZF RIONEGRO,Rionegro,42223433,,,42323438,,,,,42,1051113,1071043,169,1081000,30220635,30120632,23620384,ZONA FRANCA RIONEGRO,1,227725.87,,33723811,,,,2,2,,29520622,1051113,90,Aduanas de Medellín,169,COLOMBIA,671,227725.87,,,,227725.87,,,1,1,4.71,20210826,6027682136597,20210825,35899141,78,1037579973,,,,20210826143130,22390623,10910094,71586157,0,,,900594874,1,1,1,7108120000,,,16820215,4.49,36623087,4491.89,23020303,1,4.71,4.49,227725.87,OSPREY,1,"Nombre Comercial:ORO , Otras características:BARRAS DE ALEACION DE ORO Y PLATA;BARRA IM-177 LEY ORO 90,36% GRAMOS FINOS DE ORO 2109,58 LEY PLATA 9,59% GRAMOS FINOS DE PLATA 223,85; BARRA IM-178 LEY ORO 89,6% GRAMOS FINOS DE ORO 901,9 LEY PLATA 10,35% GRAMOS FINOS DE PLATA 104,18; BARRA IM-179 LEY ORO 90,9% GRAMOS FINOS DE ORO 1048,02 LEY PLATA 9,05% GRAMOS FINOS DE PLATA 104,35; GRAMOS FINOS DE ORO DECLARADOS 4059,51; GRAMOS FINOS DE PLATA DECLARADOS 432,38; GRAMOS NETOS DECLARADOS 4494,13;NOS ACOGEMOS A LA CIRCULAR REGLAMENTARIA EXTERNA BANCO REPUBLICA # 83 NUMERAL 9 LITERAL ""J"" DEL 2011; , Cantidad de unidades comerciales:4059.51 GRAMOS FINOS ",,,1071043,1081000,,,,,,,,70107
2021,1,6007682628995,9,,,,,JARABA & ASOCIADOS S.A.S.,900627106,10910097,900908875,0,,,,,AGENCIA DE ADUANAS ASL NIVEL 2 SAS,10910097,901180357,,,,,OSPREY METALS S.A.S.,ZF RIONEGRO,Rionegro,42223433,,,42323438,,,,,42,1051113,1071043,169,1081000,30220635,30120632,23620384,ZONA FRANCA RIONEGRO,1,342815.91,,33723811,,,,2,2,,29520622,1051113,90,Aduanas de Medellín,169,COLOMBIA,671,342815.91,,,,342815.91,,,1,3,7.6,20210826,6027682136035,20210825,23816181,78,79400693,,,,20210826103855,22390623,10910094,71586157,0,,,900627106,1,1,1,7108120000,,,16820215,6.84,36623087,6847.42,23020303,3,7.6,6.84,342815.91,OSPREY,1,"Nombre Comercial:ORO , Otras características:BARRAS DE ALEACION DE ORO Y PLATA; BARRA JAR-040 LEY ORO 92,78% GRAMOS FINOS DE ORO 1679,54 LEY PLATA 7,17% GRAMOS FINOS DE PLATA 129,87; BARRA JAR-041 LEY ORO 92,36% GRAMOS FINOS DE ORO 2545,09 LEY PLATA 7,62% GRAMOS FINOS DE PLATA 209,94; BARRA JAR-042 LEY ORO 92,71% GRAMOS FINOS DE ORO 2116,67 LEY PLATA 7,28% GRAMOS FINOS DE PLATA 166,31; GRAMOS FINOS DE ORO DECLARADOS 6341,3; GRAMOS FINOS DE PLATA DECLARADOS 506,12; GRAMOS NETOS DECLARADOS 6848,9; NOS ACOGEMOS A LA CIRCULAR REGLAMENTARIA EXTERNA BANCO REPUBLICA # 83 NUMERAL 9 LITERAL ""J"" DEL 2011; , Cantidad de unidades comerciales:6341.3 GRAMOS FINOS ",,,1071043,1081000,,,,,,,,70107
2021,5,6007673087227,1,,,,,INVERSIONES LA PIEDRA DE AYAPEL S.A.S.,900684232,10910097,890313036,8,,,,,AGENCIA DE ADUANAS CONTINENTAL DE ADUANAS S.A.S. NIVEL 1,10910097,900479267,,,,,FUNDICION RAMIREZ ZONA FRANCA SAS,ZF PALMASECA BG A 5 B,Palmira,42223433,,,42323438,,ZFP-5625,,,42,1051111,1071043,169,1081023,30220635,30120632,23620386,ZONA FRANCA PALMASECA,31,805044203.68,3469.76,33723811,,,,2,2,,29520622,1051111,88,Aduanas de Cali,169,COLOMBIA,,232017.26,,,,232017.26,,,1,2,4.73,20210208,6027672819409,20210122,,,,,,,20210208120715,17556019,10910094,31167540,6,,,900684232,1,1,1,7108120000,,,16820215,4.24,36623087,4068.63,23020363,2,4.73,4.24,232017.26,,1,"Nombre Comercial:GRAMOS DE ORO FINO , Otras características:GRAMOS DE ORO FINO PARA USO NO MONETARIO CON LAS SIGUIENTES BARRAS DISCRIMINADAS CONFORME A FACTURA Y BOLETIN DE ANALISIS. FACTURA: FVEP-785 BARRA 1 //Gramos netos: 779,60 Ley: 0,9830000 para: 766,35 gramos finos// BARRA 2 //Gramos netos: 702,65 Ley: 0,9160000 para: 643,63 gramos finos// FACTURA: FVEP-786 BARRA 1 //Gramos netos: 1.603,31 Ley: 0,9430000 para: 1.511,92 gramos finos// BARRA 2 //Gramos netos: 1.158,31 Ley: 0,9900000 para: 1.146,73 gramos finos// , Cantidad de unidades comerciales:4068,63 GRAMOS FINOS DE ORO ",,,1071043,1081009,,,,,,,,70107
2021,5,6007675335518,1,,,,,INVERSIONES LA PIEDRA DE AYAPEL S.A.S.,900684232,10910097,890313036,8,,,,,AGENCIA DE ADUANAS CONTINENTAL DE ADUANAS S.A.S. NIVEL 1,10910097,900479267,,,,,FUNDICION RAMIREZ  ZONA FRANCA SAS,ZF PALMASECA BG A 5 B,Palmira,42223433,,,42323438,,ZFP-5873,,,42,1051111,1071043,169,1081023,30220635,30120632,23620386,ZONA FRANCA PALMASECA,31,798505737.60,3647.99,33723811,,,,2,2,,29520622,1051111,88,Aduanas de Cali,169,COLOMBIA,,218889.23,,,,218889.23,,,1,2,4.68,20210327,6027674862061,20210310,,,,,,,20210327183444,17556019,10910094,31167540,6,,,900684232,1,1,1,7108120000,,,16820215,4.29,36623087,4104.21,23020363,2,4.68,4.29,218889.23,,1,"Nombre Comercial:GRAMOS DE ORO FINO  , Otras características:GRAMOS DE ORO FINO PARA USO NO MONETARIO CON LAS SIGUIENTES BARRAS DISCRIMINADAS CONFORME A FACTURA Y BOLETIN DE ANALISIS.         FACTURA: FVEP-793 BARRA 1 //Gramos netos:   1.646,13   Ley:    0,9520000   para:   1.567,12  gramos finos//   BARRA 2 //Gramos netos:   1.414,41   Ley:    0,9900000   para:   1.400,27  gramos finos//   FACTURA: FVEP-794 BARRA 1 //Gramos netos:   1.234,33   Ley:    0,9210000   para:   1.136,82  gramos finos//    , Cantidad de unidades comerciales:4104,21 GRAMOS FINOS DE ORO  ",,,1071043,1081009,,,,,,,,70107
2021,1,6007680217298,1,,,,,INVERSIONES J. E. H. M. S.A.S.,900711201,10910097,900908875,0,,,,,AGENCIA DE ADUANAS ASL NIVEL 2 SAS,10922973,,,,,,"DILLON GAGE, INC.",11231 GEMINI LANE / DALLAS TEXAS 75229,"DALLAS, TEXAS",42223433,,,42323438,,,,,42,1051113,1071043,169,1081000,30220635,30120632,23620384,AEROPUERTO JOSE MARIA CORDOBA,1,467006.75,,33723811,,,2,2,2,23120230,29520622,1051113,90,Aduanas de Medellín,249,ESTADOS UNIDOS,1310726,467006.75,,,,467006.75,,,1,1,9.87,20210706,6027679876279,20210702,35899141,78,1037579973,,,,20210708103420,22390623,10910094,71586157,0,,,900711201,1,1,1,7108120000,,,16820215,9.38,36623087,8207.5,23020303,1,9.87,9.38,467006.75,DILLON GAGE INC,1,"Nombre Comercial:ORO , Otras características:BARRAS DE ALEACION DE ORO Y PLATA; BARRA 1 LEY ORO 0,9121 GRAMOS FINOS DE ORO 2726,42 LEY PLATA 0,0873 GRAMOS FINOS DE PLATA 263,08; BARRA 2 LEY ORO 0,8202 GRAMOS FINOS DE ORO 2722,07 LEY PLATA 0,175 GRAMOS FINOS DE PLATA 597,53; BARRA 3 LEY ORO 0,8984 GRAMOS FINOS DE ORO 2759,01 LEY PLATA 0,1002 GRAMOS FINOS DE PLATA 313,39; GRAMOS FINOS DE ORO DECLARADOS 8207,5; GRAMOS FINOS DE PLATA DECLARADOS 1174; GRAMOS NETOS DECLARADOS 9381,5;  , Cantidad de unidades comerciales:8207.50 GRAMOS FINOS ",,,1071043,1081000,,,,,,,,70107
2021,5,6007675128007,1,,,,,INVERSIONES MARTINEZ MERCADO SAS,900719550,10910097,890323585,2,,,,,AGENCIA DE ADUANAS DELIO ARISTIZABAL & CIA S.C. NIVEL 1,10910097,901138355,,,,,TECNICAS MINERAS DE COLOMBIA S.A.S.,CARR YUMBO AEROPUERTO KM 6   BODEGA 6 MZ B PL ZF PACIFICO,Palmira,42223433,,,42323438,,,,,42,1051111,1071043,169,1081000,30220635,30120632,,,31,742031256.00,3534.62,33723811,,,,2,2,,29520622,1051111,88,Aduanas de Cali,169,COLOMBIA,,209932.39,,,,209932.39,,,1,1,4.917500,20210323,6027675208589,20210317,,,,,,,20210323120539,7411743,10910094,12197744,0,,,900719550,1,1,1,7108120000,,,16820215,4.67061,36623087,4068.02,23020284,1,4.92,4.67,209932.39,,1,"Nombre Comercial:ORO MINA , Otras características:DO.E8800349, FACTURA FEG26; BRUTO TOTAL:4670.61 GRAMOS CON LEY PROMEDIO 0,8709 PARA UN TOTAL DE 4068.02 GRAMOS FINOS, BOLSA: BB2193485 BARRA No.1 PESO BRUTO:1762,04 GRAMOS, CON LEY:0,891 PESO FINO:1569,98 GRAMOS; BARRA No.2 PESO BRUTO:1194,28 GRAMOS, CON LEY:0,8519 PESO FINO:1017,41 GRAMOS; BARRA No.3 PESO BRUTO:1714,29 GRAMOS, CON LEY:0,8636 PESO FINO:1480,63 GRAMOS. NOTA:REGION DE PROCEDENCIA:ANTIOQUIA - CAUCASIA , Cantidad de unidades comerciales:4068.02 GRAMOS FINOS ",,,1071043,1081000,,,,,,,,70107
2021,5,6007673096294,8,,,,,INVERSIONES DUGALVIZ S.A.S,900972976,10910097,890313036,8,,,,,AGENCIA DE ADUANAS CONTINENTAL DE ADUANAS S.A.S. NIVEL 1,10910097,900479267,,,,,FUNDICION RAMIREZ ZONA FRANCA SAS,ZF PALMASECA BG A 5 B,Palmira,42223433,,,42323438,,ZFP-5640,,,42,1051111,1071043,169,1081023,30220635,30120632,23620386,ZONA FRANCA PALMASECA ,31,308756227.00,3477.48,33723811,,,2,2,2,,29520622,1051111,88,Aduanas de Cali,169,COLOMBIA,,88787.35,,,,88787.35,,,1,1,2.03,20210208,6027673042506,20210126,,,,,,,20210208152246,17556019,10910094,31167540,6,,,900972976,1,1,1,7108120000,,,16820215,1.79,36623087,1580.31,23020363,1,2.03,1.79,88787.35,,1,"Nombre Comercial:GRAMOS DE ORO FINO , Otras características:GRAMOS DE ORO FINO PARA USO NO MONETARIO CON LAS SIGUIENTES BARRAS DISCRIMINADAS CONFORME A FACTURA Y BOLETIN DE ANALISIS. FACTURA: ID-81 BARRA 1//Gramos netos: 1.785,87 Ley: 0,884900 para: 1580,31 gramos finos// , Cantidad de unidades comerciales:1580.31 GRAMOS FINOS DE ORO ",,,1071043,1081000,,,,,,,,70107
2021,1,6007685957008,1,,,,,INVERSIONES OSMIO S.A.S,901014557,10910097,900908875,0,,,,,AGENCIA DE ADUANAS ASL NIVEL 2 SAS,10910097,901180357,,,,,OSPREY METALS S.A.S.,ZF RIONEGRO,Rionegro,42223433,,,42323438,,,,,42,1051113,1071043,169,1081000,30220635,30120632,23620384,ZONA FRANCA RIONEGRO,1,375819.44,,33723811,,,,2,2,,29520622,1051113,90,Aduanas de Medellín,169,COLOMBIA,671,375819.44,,,,375819.44,,,1,1,7.80,20211029,6027685214506,20211028,22606550,77,71825760,,,,20211102103057,22390623,10910094,71586157,0,,,901014557,1,1,1,7108120000,,,16820215,7.37,36623087,7370.56,23020303,1,7.8,7.37,375819.44,OSPREY,1,"Nombre Comercial:ORO , Otras características:BARRAS DE ALEACION DE ORO Y PLATA; BARRA OSM-138 LEY ORO 91,87% GRAMOS FINOS DE ORO 3137,3 LEY PLATA 8,13% GRAMOS FINOS DE PLATA 277,46; BARRA OSM-139 LEY ORO 91,55% GRAMOS FINOS DE ORO 3621,43 LEY PLATA 8,45% GRAMOS FINOS DE PLATA 334,37; BARRA 3 LEY ORO % GRAMOS FINOS DE ORO  LEY PLATA % GRAMOS FINOS DE PLATA ; GRAMOS FINOS DE ORO DECLARADOS 6758,73; GRAMOS FINOS DE PLATA DECLARADOS 611,83; GRAMOS NETOS DECLARADOS 7370,56; NOS ACOGEMOS A LA CIRCULAR REGLAMENTARIA EXTERNA BANCO REPUBLICA # 83 NUMERAL 9 LITERAL ""J"" DEL 2011; , Cantidad de unidades comerciales:6758.73 GRAMOS FINOS ",,,1071043,1081000,,,,,,,,70107
2021,1,6007683849134,1,,,,,C.I. GOLD BY GOLD COLOMBIA S.A.S.,901022569,10910097,830002571,4,,,,,AGENCIA DE ADUANAS AVIATUR  S A NIVEL 1.,10922973,,,,,,STONE X COMMODITIES DMCC,"OFFICE 48D ALMAS TOWER, JUMEIRAH LAKES TOWERS PO BOX 125942",DUBAI,42223433,,,42323438,,25231530,,,42,1051113,1071043,169,1081000,30220635,30120632,23620384,APTO JMC RIONEGRO,1,808402.650000,,33723811,,,2,2,2,23120230,29520622,1051113,90,Aduanas de Medellín,244,EMIRATOS ARABES UNID,1231363,808402.65,,,,808402.65,,,3,1,17.83,20210917,6027682187731,20210916,35899141,78,1037579973,,,,20210920102912,29460969,10910094,43576612,6,,,901022569,1,3,2,7108120000,,,16820215,5.460000,36623087,4577.75,,,,5.46,223193.4,STONE X COMMODITIES DMCC,3,"Nombre Comercial:DO 32177 // UNA  BARRA DE ALEACION ORO PLATA , Otras características:FACTURA GXGE11 // BARRA BE-GbG029 SON 6412.64 GRAMOS FINOS DE ORO LEY 880.70 Y 611.63 GRAMOS FINOS DE PLATA LEY 84.00 / APROBADO VB-ANM-39339 CON TRAMITE TM-00013706-20210828 FE: 31/08/2021 FV: 29/10/2021  , Cantidad de unidades comerciales:7024.27 GRS ",,,1071043,1081000,,,,,,,,70107
2021,1,6007683849134,1,,,,,C.I. GOLD BY GOLD COLOMBIA S.A.S.,901022569,10910097,830002571,4,,,,,AGENCIA DE ADUANAS AVIATUR  S A NIVEL 1.,10922973,,,,,,STONE X COMMODITIES DMCC,"OFFICE 48D ALMAS TOWER, JUMEIRAH LAKES TOWERS PO BOX 125942",DUBAI,42223433,,,42323438,,25231530,,,42,1051113,1071043,169,1081000,30220635,30120632,23620384,APTO JMC RIONEGRO,1,808402.650000,,33723811,,,2,2,2,23120230,29520622,1051113,90,Aduanas de Medellín,244,EMIRATOS ARABES UNID,1231363,808402.65,,,,808402.65,,,3,1,17.83,20210917,6027682187731,20210916,35899141,78,1037579973,,,,20210920102912,29460969,10910094,43576612,6,,,901022569,1,3,2,7108120000,,,16820215,5.460000,36623087,4577.75,,,,5.46,223193.4,STONE X COMMODITIES DMCC,2,"Nombre Comercial:UNA BARRA DE ALEACION DE ORO PLATA  , Otras características:FACTURA GXGE13 // BARRA BE-GbG031 SON 3769.78 GRAMOS FINOS DE ORO LEY 847.16 Y 575.82 GRAMOS FINOS DE PLATA LEY 129.40 // APROBADO VB-ANM-34125 CON TRAMITE TM-00014520-20210912 FE: 09/16/2021 FV: 11/15/2021 // NOS ACOGEMOS AL MEMORANDO 000078 DEL 01 DE MARZO DE 2013, MERCANCIA VENDIDA A GOLD BY GOLD SA / 111 AVE VICTOR HUGO 75784 PARIS 16 FRANCIA Y DESPACHADA A STONE X COMMODITIES DMCC / OFFICE 48D ALMAS TOWER, JUMEIRAH LAKES TOWERS PO BOX 125942 EMIRATOS ARABES UNIDOS - DUBAI // GUIA AEREA 729-66482032 , Cantidad de unidades comerciales:4345.60 GRS ",,,1071043,1081000,,,,,,,,70107
2021,1,6007683849134,1,,,,,C.I. GOLD BY GOLD COLOMBIA S.A.S.,901022569,10910097,830002571,4,,,,,AGENCIA DE ADUANAS AVIATUR  S A NIVEL 1.,10922973,,,,,,STONE X COMMODITIES DMCC,"OFFICE 48D ALMAS TOWER, JUMEIRAH LAKES TOWERS PO BOX 125942",DUBAI,42223433,,,42323438,,25231530,,,42,1051113,1071043,169,1081000,30220635,30120632,23620384,APTO JMC RIONEGRO,1,808402.650000,,33723811,,,2,2,2,23120230,29520622,1051113,90,Aduanas de Medellín,244,EMIRATOS ARABES UNID,1231363,808402.65,,,,808402.65,,,3,1,17.83,20210917,6027682187731,20210916,35899141,78,1037579973,,,,20210920102912,29460969,10910094,43576612,6,,,901022569,1,3,2,7108120000,,,16820215,5.460000,36623087,4577.75,,,,5.46,223193.4,STONE X COMMODITIES DMCC,1,"Nombre Comercial:UNA BARRA DE ALEACION ORO PLATA , Otras características:FACTURA GXGE12 // BARRA BE-GbG030 SON 3874.66 GRAMOS FINOS DE ORO LEY 709.80 Y 703.09 GRAMOS FINOS DE PLATA LEY 128.80 // APROBADO VB-ANM-27499 CON TRAMITE TM-00014181-20210906 FE: 09/09/2021 FV: 08/11/2021 , Cantidad de unidades comerciales:4577.75 GRS ",,,1071043,1081000,,,,,,,,70107
2021,1,6007683849134,1,,,,,C.I. GOLD BY GOLD COLOMBIA S.A.S.,901022569,10910097,830002571,4,,,,,AGENCIA DE ADUANAS AVIATUR  S A NIVEL 1.,10922973,,,,,,STONE X COMMODITIES DMCC,"OFFICE 48D ALMAS TOWER, JUMEIRAH LAKES TOWERS PO BOX 125942",DUBAI,42223433,,,42323438,,25231530,,,42,1051113,1071043,169,1081000,30220635,30120632,23620384,APTO JMC RIONEGRO,1,808402.650000,,33723811,,,2,2,2,23120230,29520622,1051113,90,Aduanas de Medellín,244,EMIRATOS ARABES UNID,1231363,808402.65,,,,808402.65,,,3,1,17.83,20210917,6027682187731,20210916,35899141,78,1037579973,,,,20210920102912,29460969,10910094,43576612,6,,,901022569,2,3,3,7108120000,,,16820215,4.450000,36623087,4345.6,,,,4.45,217614.65,STONE X COMMODITIES DMCC,3,"Nombre Comercial:DO 32177 // UNA  BARRA DE ALEACION ORO PLATA , Otras características:FACTURA GXGE11 // BARRA BE-GbG029 SON 6412.64 GRAMOS FINOS DE ORO LEY 880.70 Y 611.63 GRAMOS FINOS DE PLATA LEY 84.00 / APROBADO VB-ANM-39339 CON TRAMITE TM-00013706-20210828 FE: 31/08/2021 FV: 29/10/2021  , Cantidad de unidades comerciales:7024.27 GRS ",,,1071043,1081000,,,,,,,,70107
2021,1,6007683849134,1,,,,,C.I. GOLD BY GOLD COLOMBIA S.A.S.,901022569,10910097,830002571,4,,,,,AGENCIA DE ADUANAS AVIATUR  S A NIVEL 1.,10922973,,,,,,STONE X COMMODITIES DMCC,"OFFICE 48D ALMAS TOWER, JUMEIRAH LAKES TOWERS PO BOX 125942",DUBAI,42223433,,,42323438,,25231530,,,42,1051113,1071043,169,1081000,30220635,30120632,23620384,APTO JMC RIONEGRO,1,808402.650000,,33723811,,,2,2,2,23120230,29520622,1051113,90,Aduanas de Medellín,244,EMIRATOS ARABES UNID,1231363,808402.65,,,,808402.65,,,3,1,17.83,20210917,6027682187731,20210916,35899141,78,1037579973,,,,20210920102912,29460969,10910094,43576612,6,,,901022569,2,3,3,7108120000,,,16820215,4.450000,36623087,4345.6,,,,4.45,217614.65,STONE X COMMODITIES DMCC,2,"Nombre Comercial:UNA BARRA DE ALEACION DE ORO PLATA  , Otras características:FACTURA GXGE13 // BARRA BE-GbG031 SON 3769.78 GRAMOS FINOS DE ORO LEY 847.16 Y 575.82 GRAMOS FINOS DE PLATA LEY 129.40 // APROBADO VB-ANM-34125 CON TRAMITE TM-00014520-20210912 FE: 09/16/2021 FV: 11/15/2021 // NOS ACOGEMOS AL MEMORANDO 000078 DEL 01 DE MARZO DE 2013, MERCANCIA VENDIDA A GOLD BY GOLD SA / 111 AVE VICTOR HUGO 75784 PARIS 16 FRANCIA Y DESPACHADA A STONE X COMMODITIES DMCC / OFFICE 48D ALMAS TOWER, JUMEIRAH LAKES TOWERS PO BOX 125942 EMIRATOS ARABES UNIDOS - DUBAI // GUIA AEREA 729-66482032 , Cantidad de unidades comerciales:4345.60 GRS ",,,1071043,1081000,,,,,,,,70107
2021,1,6007683849134,1,,,,,C.I. GOLD BY GOLD COLOMBIA S.A.S.,901022569,10910097,830002571,4,,,,,AGENCIA DE ADUANAS AVIATUR  S A NIVEL 1.,10922973,,,,,,STONE X COMMODITIES DMCC,"OFFICE 48D ALMAS TOWER, JUMEIRAH LAKES TOWERS PO BOX 125942",DUBAI,42223433,,,42323438,,25231530,,,42,1051113,1071043,169,1081000,30220635,30120632,23620384,APTO JMC RIONEGRO,1,808402.650000,,33723811,,,2,2,2,23120230,29520622,1051113,90,Aduanas de Medellín,244,EMIRATOS ARABES UNID,1231363,808402.65,,,,808402.65,,,3,1,17.83,20210917,6027682187731,20210916,35899141,78,1037579973,,,,20210920102912,29460969,10910094,43576612,6,,,901022569,2,3,3,7108120000,,,16820215,4.450000,36623087,4345.6,,,,4.45,217614.65,STONE X COMMODITIES DMCC,1,"Nombre Comercial:UNA BARRA DE ALEACION ORO PLATA , Otras características:FACTURA GXGE12 // BARRA BE-GbG030 SON 3874.66 GRAMOS FINOS DE ORO LEY 709.80 Y 703.09 GRAMOS FINOS DE PLATA LEY 128.80 // APROBADO VB-ANM-27499 CON TRAMITE TM-00014181-20210906 FE: 09/09/2021 FV: 08/11/2021 , Cantidad de unidades comerciales:4577.75 GRS ",,,1071043,1081000,,,,,,,,70107
2021,1,6007683849134,1,,,,,C.I. GOLD BY GOLD COLOMBIA S.A.S.,901022569,10910097,830002571,4,,,,,AGENCIA DE ADUANAS AVIATUR  S A NIVEL 1.,10922973,,,,,,STONE X COMMODITIES DMCC,"OFFICE 48D ALMAS TOWER, JUMEIRAH LAKES TOWERS PO BOX 125942",DUBAI,42223433,,,42323438,,25231530,,,42,1051113,1071043,169,1081000,30220635,30120632,23620384,APTO JMC RIONEGRO,1,808402.650000,,33723811,,,2,2,2,23120230,29520622,1051113,90,Aduanas de Medellín,244,EMIRATOS ARABES UNID,1231363,808402.65,,,,808402.65,,,3,1,17.83,20210917,6027682187731,20210916,35899141,78,1037579973,,,,20210920102912,29460969,10910094,43576612,6,,,901022569,3,3,1,7108120000,,,16820215,7.280000,36623087,7024.27,23020262,1,17.83,7.28,367594.6,STONE X COMMODITIES DMCC,3,"Nombre Comercial:DO 32177 // UNA  BARRA DE ALEACION ORO PLATA , Otras características:FACTURA GXGE11 // BARRA BE-GbG029 SON 6412.64 GRAMOS FINOS DE ORO LEY 880.70 Y 611.63 GRAMOS FINOS DE PLATA LEY 84.00 / APROBADO VB-ANM-39339 CON TRAMITE TM-00013706-20210828 FE: 31/08/2021 FV: 29/10/2021  , Cantidad de unidades comerciales:7024.27 GRS ",,,1071043,1081000,,,,,,,,70107
2021,1,6007683849134,1,,,,,C.I. GOLD BY GOLD COLOMBIA S.A.S.,901022569,10910097,830002571,4,,,,,AGENCIA DE ADUANAS AVIATUR  S A NIVEL 1.,10922973,,,,,,STONE X COMMODITIES DMCC,"OFFICE 48D ALMAS TOWER, JUMEIRAH LAKES TOWERS PO BOX 125942",DUBAI,42223433,,,42323438,,25231530,,,42,1051113,1071043,169,1081000,30220635,30120632,23620384,APTO JMC RIONEGRO,1,808402.650000,,33723811,,,2,2,2,23120230,29520622,1051113,90,Aduanas de Medellín,244,EMIRATOS ARABES UNID,1231363,808402.65,,,,808402.65,,,3,1,17.83,20210917,6027682187731,20210916,35899141,78,1037579973,,,,20210920102912,29460969,10910094,43576612,6,,,901022569,3,3,1,7108120000,,,16820215,7.280000,36623087,7024.27,23020262,1,17.83,7.28,367594.6,STONE X COMMODITIES DMCC,2,"Nombre Comercial:UNA BARRA DE ALEACION DE ORO PLATA  , Otras características:FACTURA GXGE13 // BARRA BE-GbG031 SON 3769.78 GRAMOS FINOS DE ORO LEY 847.16 Y 575.82 GRAMOS FINOS DE PLATA LEY 129.40 // APROBADO VB-ANM-34125 CON TRAMITE TM-00014520-20210912 FE: 09/16/2021 FV: 11/15/2021 // NOS ACOGEMOS AL MEMORANDO 000078 DEL 01 DE MARZO DE 2013, MERCANCIA VENDIDA A GOLD BY GOLD SA / 111 AVE VICTOR HUGO 75784 PARIS 16 FRANCIA Y DESPACHADA A STONE X COMMODITIES DMCC / OFFICE 48D ALMAS TOWER, JUMEIRAH LAKES TOWERS PO BOX 125942 EMIRATOS ARABES UNIDOS - DUBAI // GUIA AEREA 729-66482032 , Cantidad de unidades comerciales:4345.60 GRS ",,,1071043,1081000,,,,,,,,70107
2021,1,6007683849134,1,,,,,C.I. GOLD BY GOLD COLOMBIA S.A.S.,901022569,10910097,830002571,4,,,,,AGENCIA DE ADUANAS AVIATUR  S A NIVEL 1.,10922973,,,,,,STONE X COMMODITIES DMCC,"OFFICE 48D ALMAS TOWER, JUMEIRAH LAKES TOWERS PO BOX 125942",DUBAI,42223433,,,42323438,,25231530,,,42,1051113,1071043,169,1081000,30220635,30120632,23620384,APTO JMC RIONEGRO,1,808402.650000,,33723811,,,2,2,2,23120230,29520622,1051113,90,Aduanas de Medellín,244,EMIRATOS ARABES UNID,1231363,808402.65,,,,808402.65,,,3,1,17.83,20210917,6027682187731,20210916,35899141,78,1037579973,,,,20210920102912,29460969,10910094,43576612,6,,,901022569,3,3,1,7108120000,,,16820215,7.280000,36623087,7024.27,23020262,1,17.83,7.28,367594.6,STONE X COMMODITIES DMCC,1,"Nombre Comercial:UNA BARRA DE ALEACION ORO PLATA , Otras características:FACTURA GXGE12 // BARRA BE-GbG030 SON 3874.66 GRAMOS FINOS DE ORO LEY 709.80 Y 703.09 GRAMOS FINOS DE PLATA LEY 128.80 // APROBADO VB-ANM-27499 CON TRAMITE TM-00014181-20210906 FE: 09/09/2021 FV: 08/11/2021 , Cantidad de unidades comerciales:4577.75 GRS ",,,1071043,1081000,,,,,,,,70107
2021,1,6007680602247,8,,,,,REPRESENTACIONES TRANSVERSAL S.A.S.,901062991,10910097,890313036,8,,,,,AGENCIA DE ADUANAS CONTINENTAL DE ADUANAS S.A.S. NIVEL 1,10910097,900479267,,,,,FUNDICION RAMIREZ  ZONA FRANCA SAS,ZF PALMASECA BG A 5 B,Palmira,42223433,,,42323438,,ZFP-6471,,,42,1051111,1071043,169,1081023,30220635,30120632,23620386,ZONA FRANCA PALMASECA BODEGA A5B,31,439247289.24,3850.46,33723811,,,,2,2,,29520622,1051111,88,Aduanas de Cali,169,COLOMBIA,357,114076.58,,,,114076.58,,,1,1,2.33,20210715,6027680277946,20210714,18002715,79,31991614,,,,20210729182445,17556019,10910094,31167540,6,,,901062991,1,1,1,7108120000,,,16820215,2.27,36623087,2123.26,23020363,1,2.33,2.27,114076.58,,1,"Nombre Comercial:GRAMOS DE ORO FINO  , Otras características:GRAMOS DE ORO FINO PARA USO NO MONETARIO CON LAS SIGUIENTES BARRAS DISCRIMINADAS CONFORME A FACTURA Y BOLETIN DE ANALISIS.         FACTURA: TD-600 BARRA 1 //Gramos netos:   2.273,30   Ley:    0,9340000   para:   2.123,26  gramos finos//    , Cantidad de unidades comerciales:2123,26 GRAMOS FINOS DE ORO ",,,1071043,1081011,,,,,,,,70107
2021,3,6007680914515,1,,,,,NAPLES PRIME S.A.S  C.I.,901111609,10910097,900908875,0,,,,,AGENCIA DE ADUANAS ASL NIVEL 2 SAS,10922973,,,,,,CONDOR PARTNERS LTD,"1200 BRICKELL AVENUE SUITE 800, MIAMI FL 33131 USA",MIAMI,42223433,6007665118213,41529348,42323441,Circunstanciasexcepcionales,,,,42,1051113,1071043,169,1081000,30220635,30120632,23620384,AEROPUERTO INTERNACIONAL JOSE MARIA CORDOVA,1,2520248.58,,33723811,,,2,2,2,23120230,29520622,1051113,90,Aduanas de Medellín,249,ESTADOS UNIDOS,1269917,2520248.58,,,,2520248.58,,,1,3,45.34,20200819,6027666156151,20200818,,,,,6007680914199,,20210722094727,22390623,10910094,71586157,0,,,901111609,1,1,1,7108120000,,,16820215,42.95,36623087,39186.32,23020303,3,45.34,42.95,2520248.58,AWB 729-64646982,1,"Nombre Comercial:ORO , Otras características:BARRAS DE ALEACION DE ORO Y PLATA; BARRA 020-01 LEY ORO 0.9248 GRAMOS FINOS DE ORO 12001.33 LEY PLATA 0.0754 GRAMOS FINOS DE PLATA 978.33; BARRA 020-02 LEY ORO 0.9148 GRAMOS FINOS DE ORO 11695.02 LEY PLATA 0.0856 GRAMOS FINOS DE PLATA 1095.11; BARRA 020-03 LEY ORO 0.9208 GRAMOS FINOS DE ORO 11477.09 LEY PLATA 0.0795 GRAMOS FINOS DE PLATA 991.84; BARRA 020-04 LEY ORO 0.849 GRAMOS FINOS DE ORO 4012.88 LEY PLATA 0.152 GRAMOS FINOS DE PLATA 719.12; GRAMOS FINOS DE ORO DECLARADOS 39186.32; GRAMOS FINOS DE PLATA DECLARADOS 3784.4; GRAMOS NETOS DECLARADOS 42953; MERCANCIA QUE SERA DESPACHADA A CONDOR PARTNERS LTD CON DIRECCION 1200 BRICKELL AVENUE SUITE 800 33131 FL-MIAMI EN ESTADOS UNIDOS POR ORDEN DE SU COMPRADOR CONDOR PARTNERS LTD CON DIRECCION 3C PEMBRIDGE SQUARE LONDON W2 4EW, UNITED KINGDON; CP No.0006401037861187; 0006401037861194; 0006401037861202; 0006401037861211; 0006401037874082; 0006401037874091; 0006401037874108; 0006401037874115; 0006401037874122; 0006401037874131; 0006401037874147; 0006401037874154; 0006401037874161; 0006401037874179; 0006401037874186; 0006401037874193;0006401037874201;  , Cantidad de unidades comerciales:39186.32 GRAMOS FINOS ",,,1071043,1081000,,,,,,,,70107
2021,1,6007678820371,7,,,,,INVERSIONES GOMEZ DEL CAUCA S.A.S,901124047,10910097,890313036,8,,,,,AGENCIA DE ADUANAS CONTINENTAL DE ADUANAS S.A.S. NIVEL 1,10910097,900479267,,,,,FUNDICION RAMIREZ  ZONA FRANCA SAS,ZF PALMASECA BG A 5 B,Palmira,42223433,,,42323438,,ZFP-6282,,,42,1051111,1071043,169,1081023,30220635,30120632,23620386,ZONA FRANCA PALMASECA,31,150872657.00,3729.02,33723811,,,,2,2,,29520622,1051111,88,Aduanas de Cali,169,COLOMBIA,357,40459.06,,,,40459.06,,,1,1,0.78,20210609,6027678553017,20210604,21729801,77,66872183,,,,20210612202636,17556019,10910094,31167540,6,,,901124047,1,1,1,7108120000,,,16820215,0.72,36623087,713.94,23020363,1,0.78,0.72,40459.06,,1,"Nombre Comercial:GRAMOS DE ORO FINO , Otras características:GRAMOS DE ORO FINO PARA USO NO MONETARIO CON LAS SIGUIENTES BARRAS DISCRIMINADAS CONFORME A FACTURA Y BOLETIN DE ANALISIS.         FACTURA: INVA-59 BARRA 1//Gramos netos: 723,34 Ley: 0,987000 para: 713,94 gramos finos// , Cantidad de unidades comerciales:713.94 GRAMOS FINOS DE ORO  ",,,1071043,1081000,,,,,,,,70107
2021,1,6007672400368,1,,,,,INGOTCOL S.A.S,901168233,10910097,900908875,0,,,,,AGENCIA DE ADUANAS ASL NIVEL 2 SAS,10922973,,,,,,"WPM INTERNATIONAL, LLC",9550 NW 12TH ST UNIT 11 DORAL FL 33172 ,MIAMI,42223433,,,42323438,,,,,42,1051113,1071043,169,1081000,30220635,30120632,23620384,AEROPUERTO JOSE MARIA CORDOBA,1,988807.39,,33723811,,,2,2,2,23120230,29520622,1051113,90,Aduanas de Medellín,249,ESTADOS UNIDOS,1274396,988807.39,,,,988807.39,,,1,1,17.87,20210125,6027672897511,20210125,23816181,78,79400693,,,,20210127130338,22390623,10910094,71586157,0,,,901168233,1,1,1,7108120000,,,16820215,17.01,36623087,17002.83,23020303,1,17.87,17.01,988807.39,AWB # 729-65542875,1,"Nombre Comercial:ORO , Otras características:BARRAS DE ALEACION DE ORO Y PLATA; BARRA 1 LEY ORO 99.96% GRAMOS FINOS DE ORO 1545.24 LEY PLATA 0.01% GRAMOS FINOS DE PLATA 0.09; BARRA 2 LEY ORO 99.82% GRAMOS FINOS DE ORO 1839.45 LEY PLATA 0.01% GRAMOS FINOS DE PLATA 0.17; BARRA 3 LEY ORO 99.9% GRAMOS FINOS DE ORO 1437.89 LEY PLATA 0.01% GRAMOS FINOS DE PLATA 0.13; BARRA 4 LEY ORO 99.94% GRAMOS FINOS DE ORO 1143.47 LEY PLATA 0.01% GRAMOS FINOS DE PLATA 0.1; BARRA 5 LEY ORO 99.97% GRAMOS FINOS DE ORO 1587.21 LEY PLATA 0.01% GRAMOS FINOS DE PLATA 0.14; BARRA 6 LEY ORO 99.85% GRAMOS FINOS DE ORO 2009.88 LEY PLATA 0.01% GRAMOS FINOS DE PLATA 0.18; BARRA 7 LEY ORO 99.96% GRAMOS FINOS DE ORO 1612.71 LEY PLATA 0.01% GRAMOS FINOS DE PLATA 0.1; BARRA 8 LEY ORO 99.82% GRAMOS FINOS DE ORO 985.98 LEY PLATA 0.01% GRAMOS FINOS DE PLATA 0.09; BARRA 9 LEY ORO 99.93% GRAMOS FINOS DE ORO 1142.56 LEY PLATA 0.01% GRAMOS FINOS DE PLATA 0.1; BARRA 10 LEY ORO 99.88% GRAMOS FINOS DE ORO 1440.98 LEY PLATA 0.01% GRAMOS FINOS DE PLATA 0.13; BARRA 11 LEY ORO 99.86% GRAMOS FINOS DE ORO 1009.88 LEY PLATA 0.01% GRAMOS FINOS DE PLATA 0.09; BARRA 12 LEY ORO 99.87% GRAMOS FINOS DE ORO 1017.28 LEY PLATA 0.01% GRAMOS FINOS DE PLATA 0.09; BARRA 13 LEY ORO 99.54% GRAMOS FINOS DE ORO 228.63 LEY PLATA 0.11% GRAMOS FINOS DE PLATA 0.24; GRAMOS FINOS DE ORO DECLARADOS 17001.17; GRAMOS FINOS DE PLATA DECLARADOS 1.66; GRAMOS ",,,1071043,1081000,,,,,,,,70107
2021,1,6007688694018,1,,,,,METALES PRECIOSOS DEL LLANO S.A.S.,901222798,10910097,901178240,4,,,,,AGENCIA DE ADUANAS GRUPO ES & R INTERNACIONAL NIVEL 2 SAS,10922973,,,,,,WPM INTERNATIONAL LLC.,"1800 NW 79TH AVE MIAMI (DORAL), FL 33172",DORAL,42223433,,,42323438,,BOG-202112150,,,42,1051065,1071043,169,1081002,30220635,30120632,23620398,DORAL ESTADOS UNIDOS,1,64884.00,,33723812,,,1,2,2,23120230,29520622,1051065,3,Aduanas de Bogota - Aeropuerto El Dorado,249,ESTADOS UNIDOS,1283303,64596.09,267.91,,20.00,64884,,,1,1,1.2,20211214,6027687336487,20211213,26675767,79,36560903,,,,20211222084116,4894651,10910094,5632912,2,,,901222798,1,1,1,7108120000,,,16820215,1.13134,36623087,1131.34,23020262,1,1.2,1.13,64596.09,,1,"Nombre Comercial:ORO EN BARRA , Otras características:BARRA DE ORO PROVENIENTE DE ALHAJAS EN DESUSO 1131.34 GRAMOS DE ORO BRUTO EQUIVALENTE A UNA LEY 99.9% QUE CORRESPONDE A 1130.21 GRAMOS DE ORO FINO, LLEVADAS A LA MANO POR EL SEÑOR:SEBASTIAN LARA BOTERO CON PASAPORTE No AQ274704 DE COLOMBIA Y TIQUETE No 0012318003442 DE AMERICAN AIRLINES.** , Cantidad de unidades comerciales:1131.34 GRAMOS ",,,1071043,1081015,,,,,,,,70107
2021,5,6007671480863,0,VELEZ,GUERRA,JOSE,SANTIAGO,,98650903,10910097,890313036,8,,,,,AGENCIA DE ADUANAS CONTINENTAL DE ADUANAS S.A.S. NIVEL 1,10910097,900479267,,,,,FUNDICION RAMIREZ ZONA FRANCA SAS,ZF PALMASECA BG A 5 B,Palmira,42223433,,,42323438,,ZFP-5504,,,42,1051111,1071043,169,1081023,30220635,30120632,23620386,ZONA FRANCA PALMASECA BODEGA A5B,31,293988294.96,3448.89,33723811,,,,2,2,,29520622,1051111,88,Aduanas de Cali,169,COLOMBIA,,85241.42,,,,85241.42,,,1,1,1.84,20210107,6027671437046,20201218,,,,,,,20210107091645,17556019,10910094,31167540,6,,,98650903,1,1,1,7108120000,,,16820215,1.65,36623087,1532.53,23020363,1,1.84,1.65,85241.42,,1,"Nombre Comercial:GRAMOS FINOS DE ORO , Otras características:GRAMOS DE ORO FINO PARA USO NO MONETARIO CON LAS SIGUIENTES BARRAS DISCRIMINADAS CONFORME A FACTURA Y BOLETIN DE ANALISIS. FACTURA: FE-34 BARRA 1 //Gramos netos: 1.646,11 Ley: 0,9310000 para: 1.532,53 gramos finos// , Cantidad de unidades comerciales:1532.53 GRAMOS FINOS DE ORO ",,,1071043,1081000,,,,,,,,70107
2022,1,6007697712234,8,SUSERQUIA,MAZO,TATIANA,ANDREA,SUSERQUIA MAZO TATIANA ANDREA,1042769697,10910097,890313036,8,,,,,AGENCIA DE ADUANAS CONTINENTAL DE ADUANAS S.A.S. NIVEL 1,10910097,900479267,,,,,FUNDICION RAMIREZ  ZONA FRANCA SAS,ZF PALMASECA BG A 5 B,Palmira,42223433,,,42323438,,ZFP-7524,,,42,1051111,1071043,169,1081023,30220635,30120632,23620386,ZONA FRANCA PALMASECA ,31,658051873.00,3833.34,33723811,,,,2,2,,29520622,1051111,88,Aduanas de Cali,169,COLOMBIA,357,171665.41,,,,171665.41,,,1,1,3.68,20220615,6027695690529,20220614,18002715,79,31991614,,,,20220624100039,17556019,10910094,31167540,6,,,1042769697,1,1,1,7108120000,,,16820215,3.62,36623087,3052.84,23020363,1,3.68,3.62,171665.41,,1,"Nombre Comercial:GRAMOS FINOS DE ORO , Otras características:GRAMOS DE ORO FINO PARA USO NO MONETARIO CON LAS SIGUIENTES BARRAS DISCRIMINADAS CONFORME A FACTURA Y BOLETIN DE ANALISIS.         FACTURA: AIS-40 BARRA 1 //Gramos netos:   564,80   Ley:    0,8230000   para:   464,83  gramos finos//   BARRA 2 //Gramos netos:   1.137,03   Ley:    0,8880000   para:   1.009,68  gramos finos//   BARRA 3 //Gramos netos:   1.197,04   Ley:    0,8410000   para:   1.006,71  gramos finos//   BARRA 4 //Gramos netos:   724,49   Ley:    0,7890000   para:   571,62  gramos finos//    , Cantidad de unidades comerciales:3052.84 GRAMOS FINOS DE ORO  ",,,1071043,1081000,,,,,,,,70107
2022,1,6007706998469,4,RAMIREZ,VARGAS,CARLOS,ALBERTO,RAMIREZ VARGAS CARLOS ALBERTO,1117526328,10910097,900908875,0,,,,,AGENCIA DE ADUANAS ASL NIVEL 2 SAS,10910097,901180357,,,,,OSPREY METALS S.A.S.,ZF RIONEGRO,Rionegro,42223433,,,42323438,,,,,42,1051113,1071043,169,1081000,30220635,30120632,23620384,ZONA FRANCA RIONEGRO,1,135574.22,,33723811,,,,2,2,,29520622,1051113,90,Aduanas de Medellín,169,COLOMBIA,671,135574.22,,,,135574.22,,,1,1,3.10,20221214,6027704357635,20221212,22135516,79,70563137,,,,20221219163352,22390623,10910094,71586157,0,,,1117526328,1,1,1,7108120000,,,16820215,2.87,36623087,2868.18,23020303,1,3.1,2.87,135574.22,OSPREY METALS S.A.S.,1,"Nombre Comercial:ORO , Otras características:BARRAS DE ALEACION DE ORO Y PLATA; BARRA CAR 047 LEY ORO 86,81% GRAMOS FINOS DE ORO 1441,83 LEY PLATA 13,16% GRAMOS FINOS DE PLATA 218,57; BARRA CAR 048 LEY ORO 85,73% GRAMOS FINOS DE ORO 1044,62 LEY PLATA 13,39% GRAMOS FINOS DE PLATA 163,16; GRAMOS FINOS DE ORO DECLARADOS 2486,45; GRAMOS FINOS DE PLATA DECLARADOS 381,73; GRAMOS NETOS DECLARADOS 2879,4; NOS ACOGEMOS A LA CIRCULAR REGLAMENTARIA EXTERNA BANCO REPUBLICA # 83 NUMERAL 9 LITERAL ""J"" DEL 2011; , Cantidad de unidades comerciales:2486.45 GRAMOS FINOS ",,,1071043,1081000,,,,,,,,70107
2022,1,6007690883179,6,MOSQUERA,MOSQUERA,CARLOS,JULIO,MOSQUERA MOSQUERA CARLOS JULIO,71747587,10910097,900908875,0,,,,,AGENCIA DE ADUANAS ASL NIVEL 2 SAS,10910097,901180357,,,,,OSPREY METALS S.A.S.,ZF RIONEGRO,Rionegro,42223433,,,42323438,,,,,42,1051113,1071043,169,1081000,30220635,30120632,23620384,ZONA FRANCA RIONEGRO,1,397589.38,,33723811,,,,2,2,,29520622,1051113,90,Aduanas de Medellín,169,COLOMBIA,671,397589.38,,,,397589.38,,,1,1,8.33,20220204,6027689810774,20220203,29500496,77,43616146,,,,20220204160512,22390623,10910094,71586157,0,,,71747587,1,1,1,7108120000,,,16820215,7.89,36623087,7888.58,23020303,1,8.33,7.89,397589.38,OSPREY,1,"Nombre Comercial:ORO , Otras características:BARRAS DE ALEACION DE ORO Y PLATA;BARRA CJM 106 LEY ORO 85,57% GRAMOS FINOS DE ORO 1719,53 LEY PLATA 14,27% GRAMOS FINOS DE PLATA 286,76; BARRA CJM 107 LEY ORO 89,29% GRAMOS FINOS DE ORO 1758,57 LEY PLATA 10,64% GRAMOS FINOS DE PLATA 209,55; BARRA CJM 108 LEY ORO 88,58% GRAMOS FINOS DE ORO 1758,84 LEY PLATA 11,29% GRAMOS FINOS DE PLATA 224,17; BARRA CJM 109 LEY ORO 91,09% GRAMOS FINOS DE ORO 1760,5 LEY PLATA 8,83% GRAMOS FINOS DE PLATA 170,66; GRAMOS FINOS DE ORO DECLARADOS 6997,44; GRAMOS FINOS DE PLATA DECLARADOS 891,14; GRAMOS NETOS DECLARADOS 7897,3; NOS ACOGEMOS A LA CIRCULAR REGLAMENTARIA EXTERNA BANCO REPUBLICA # 83 NUMERAL 9 LITERAL ""J"" DEL 2011; , Cantidad de unidades comerciales:6997.44 GRAMOS FINOS ",,,1071043,1081000,,,,,,,,70107
2022,1,6007694251731,8,,,,,CALDAS GOLD MARMATO S.A.S.,890114642,10910097,830002571,4,,,,,AGENCIA DE ADUANAS AVIATUR  S A NIVEL 1.,10910097,,,,,,ITALPREZIOSI. SPA.,AREZZO AR LOCALITA SAN ZENO STRADA A32 CAP 52100,AREZZO,42223433,,,42323438,,26556520,,,42,1051113,1071043,169,1081000,30220635,30120632,23620384,APTO JMC RIONEGRO,1,2023953.050000,,33723811,,,2,1,2,23120230,29520622,1051113,90,Aduanas de Medellín,386,ITALIA,1255916,2023953.05,,,,2023953.05,,1971518.73799,1,6,83.5,20220408,6027692386463,20220408,29500496,77,43616146,,,,20220411115339,29460969,10910094,43576612,6,,,890114642,1,1,1,7108120000,,,16820215,80.290000,36623087,75706.23,23020262,6,83.5,80.29,2023953.05,ITALPREZIOSI S.P.A,1,"Nombre Comercial:DO 12077 // SEIS BARRAS DE ALEACION ORO PLATA , Otras características:BARRA 2465 SON 9.250,27 GRAMOS FINOS DE ORO LEY 504,90 Y 7.864,29 GRAMOS FINOS DE PLATA LEY 429,25 / BARRA 2466 SON 6.794,58 GRAMOS FINOS DE ORO LEY 439,75 Y 7.753,31 GRAMOS FINOS DE PLATA LEY 501,80 / BARRA 2467 SON 4.917,71 GRAMOS FINOS DE ORO LEY 425,15 Y 6.001,54 GRAMOS FINOS DE PLATA LEY 518,85 / BARRA 2468 SON 4.513,86 GRAMOS FINOS DE ORO LEY 440,85 Y 5.063,70 GRAMOS FINOS DE PLATA LEY 494,55 / BARRA 2469 SON 4.600,41 GRAMOS FINOS DE ORO LEY 276,65 Y 11.245,36 GRAMOS FINOS DE PLATA LEY 676,25 / BARRA 2470 SON 2.177,43 GRAMOS FINOS DE ORO LEY 269,45 Y 5.523,77 GRAMOS FINOS DE PLATA LEY 683,55 // APROBADO VB-ANM-69015 CON TRAMITE TM-00005386-20220404 FE: 07/04/2022 FV: 07/07/2022 // NOS ACOGEMOS AL MEMORANDO 000078 DEL 01 DE MARZO DE 2013, MERCANCIA VENDIDA A Aris Gold Corporation - 550 BURRARD STREET, SUITE 2900, VANCOUVER - CANADA Y DESPACHADA A AITALPREZIOSI S.P.A. Address Strada A, 32 Localita San Zeno-52100-Arezzo-Italia // GUIA AEREA 729-43224370 , Cantidad de unidades comerciales:75706.23 GRS ",,,1071043,1081000,,,,,,,,70107
2022,1,6007703448820,0,,,,,FUNDICION RAMIREZ  ZONA FRANCA SAS,900479267,10910097,890313036,8,,,,,AGENCIA DE ADUANAS CONTINENTAL DE ADUANAS S.A.S. NIVEL 1,10910394,NO REGISTRA,,,,,KUNDAN CARE PRODUCTS LTD,"PLOT Nr 70 & 81 sector 6A SIDCUL Integrated Industrial estate, HARIDWAR 24",HARIDWAR-UTTARAKHAND ,42223433,,,42323438,,ZFP-7731,,,42,1051111,1071043,169,1081023,30220635,30120632,23620386,ALBONAR ,1,1370897.84,4545.66,33723811,,,2,2,2,23120230,29520622,1051111,88,Aduanas de Cali,361,INDIA,1254498,1370897.84,,,,1370897.84,,,1,4,33,20221004,6027701131286,20221004,17781378,79,31522531,,,,20221010084348,17556019,10910094,31167540,6,,,900479267,1,1,1,7108120000,,,16820215,30.11,36623087,26035.29,23020363,4,33,30.11,1370897.84,,1,"Nombre Comercial:ORO EN BARRAS  , Otras características:4 BARRAS CON GRAMOS DE ORO FINO PARA USO NO MONETARIO. GRAMOS NETOS TOTALES: 30.112,90 Y GRAMOS FINOS TOTALES: 26.035,29 LEY PROMEDIO: 0,864589 CON LAS SIGUIENTES BARRAS DISCRIMINADAS CONFORME A BOLETIN DE ANALISIS. FACTURA:1685 TULA 1; BARRA N°: R-242 GRAMOS NETOS: 8,341.60 LEY: 0.797813 GRAMOS FINOS: 6,655.04 // TULA 2; BARRA N°: R-243 GRAMOS NETOS: 6,615.60 LEY: 0.866098 GRAMOS FINOS: 5,729.76 // TULA 3; BARRA N°: R-244 GRAMOS NETOS: 7,094.30 LEY: 0.900345 GRAMOS FINOS: 6,387.32 // TULA 4; BARRA N°: R-245 GRAMOS NETOS: 8,061.40 LEY: 0.900981 GRAMOS FINOS: 7,263.17 // , Cantidad de unidades comerciales:26035.29 GRM FINOS/ 837.051502 ONZAS TROY ",,,1071043,1081023,,,,,,,,70107
2022,1,6007691619155,1,,,,,INVERSIONES LA PIEDRA DE AYAPEL S.A.S.,900684232,10910097,890313036,8,,,,,AGENCIA DE ADUANAS CONTINENTAL DE ADUANAS S.A.S. NIVEL 1,10910097,900479267,,,,,FUNDICION RAMIREZ  ZONA FRANCA SAS,ZF PALMASECA BG A 5 B,Palmira,42223433,,,42323438,,ZFP-7247,,,42,1051111,1071043,169,1081023,30220635,30120632,23620386,ZONA FRANCA PALMASECA,31,377441642.14,3917.75,33723811,,,2,2,2,,29520622,1051111,88,Aduanas de Cali,169,COLOMBIA,357,96341.43,,,,96341.43,,,1,1,1.88,20220218,6027690296301,20220217,21729801,77,66872183,,,,20220223101919,17556019,10910094,31167540,6,,,900684232,1,1,1,7108120000,,,16820215,1.82,36623087,1714.07,23020363,1,1.88,1.82,96341.43,,1,"Nombre Comercial:GRAMOS DE ORO FINO  , Otras características:GRAMOS DE ORO FINO PARA USO NO MONETARIO CON LAS SIGUIENTES BARRAS DISCRIMINADAS CONFORME A FACTURA Y BOLETIN DE ANALISIS.         FACTURA: FVEP-860 BARRA 1 //Gramos netos:   1,008.70   Ley:    0.9910000   para:   999.62  gramos finos//   BARRA 2 //Gramos netos:   812.80   Ley:    0.8790000   para:   714.45  gramos finos//   , Cantidad de unidades comerciales:1714.07  GRAMOS FINOS DE ORO  ",,,1071043,1081009,,,,,,,,70107
2022,1,6007695020314,5,,,,,INVERSIONES EL ROSAL DE AYAPEL S.A.S.,900684307,10910097,890313036,8,,,,,AGENCIA DE ADUANAS CONTINENTAL DE ADUANAS S.A.S. NIVEL 1,10910097,900479267,,,,,FUNDICION RAMIREZ  ZONA FRANCA SAS,ZF PALMASECA BG A 5 B,Palmira,42223433,,,42323438,,ZFP-7427,,,42,1051111,1071043,169,1081023,30220635,30120632,23620386,ZONA FRANCA PALMASECA,31,1352566415.68,3736.7,33723811,,,,2,2,,29520622,1051111,88,Aduanas de Cali,169,COLOMBIA,357,361968.16,,,,361968.16,,,1,2,6.24,20220425,6027693270552,20220421,21729801,77,66872183,,,,20220429160951,17556019,10910094,31167540,6,,,900684307,1,1,1,7108120000,,,16820215,6.13,36623087,6068.06,23020363,2,6.24,6.13,361968.16,,1,"Nombre Comercial:GRAMOS FINOS DE ORO , Otras características:GRAMOS DE ORO FINO PARA USO NO MONETARIO CON LAS SIGUIENTES BARRAS DISCRIMINADAS CONFORME A FACTURA Y BOLETIN DE ANALISIS.         FACTURA: FVEP-853 BARRA 1 //Gramos netos:   1,425.57   Ley:    0.989000   para:   1,409.89  gramos finos//   BARRA 2 //Gramos netos:   1,405.79   Ley:    0.989000   para:   1,390.33  gramos finos//   BARRA 3 //Gramos netos:   1,221.30   Ley:    0.990000   para:   1,209.09  gramos finos//   FACTURA: FVEP-854 BARRA 1 //Gramos netos:   1,177.28   Ley:    0.990000   para:   1,165.51  gramos finos//   BARRA 2 //Gramos netos:   902.26   Ley:    0.990000   para:   893.24  gramos finos//     , Cantidad de unidades comerciales:6068.06 GRAMOS FINOS DE ORO ",,,1071043,1081009,,,,,,,,70107
2022,1,6007702595016,8,,,,,GEO METALS S.A.S,900892043,10910097,900908875,0,,,,,AGENCIA DE ADUANAS ASL NIVEL 2 SAS,10922973,,,,,,SAAMP GROUP / LFMP,625 RUE DE SANS SOUCI 69760 LIMONEST (FRANCE),LIMONEST,42223433,,,42323438,,,,,42,1051113,1071043,169,1081000,30220635,30120632,23620384,AEROPUERTO JOSE MARIA CORDOBA,1,610636.20,,33723811,,,2,2,2,23120230,29520622,1051113,90,Aduanas de Medellín,275,FRANCIA,1247850,610636.2,,,,610636.2,,,1,1,13,20220919,6027700303475,20220916,22461726,79,71657263,,,,20220921092919,22390623,10910094,71586157,0,,,900892043,1,1,1,7108120000,,,16820215,12.69,36623087,12639.34,23020303,1,13,12.69,610636.2,SAAMP GROUPE,1,"Nombre Comercial:ORO , Otras características:BARRAS DE ALEACION DE ORO Y PLATA; BARRA 0174 LEY ORO 90,51% GRAMOS FINOS DE ORO 2633,12 LEY PLATA 9,149% GRAMOS FINOS DE PLATA 266,16; BARRA 0175 LEY ORO 83,063% GRAMOS FINOS DE ORO 2515,98 LEY PLATA 16,1401% GRAMOS FINOS DE PLATA 488,88; BARRA 0176 LEY ORO 90,509% GRAMOS FINOS DE ORO 2718,71 LEY PLATA 9,08% GRAMOS FINOS DE PLATA 272,75; BARRA 0177 LEY ORO 85,311% GRAMOS FINOS DE ORO 1499,51 LEY PLATA 14,52% GRAMOS FINOS DE PLATA 255,22; BARRA 0178 LEY ORO 85,07% GRAMOS FINOS DE ORO 1694,93 LEY PLATA 14,76% GRAMOS FINOS DE PLATA 294,08; GRAMOS FINOS DE ORO DECLARADOS 11062,25; GRAMOS FINOS DE PLATA DECLARADOS 1577,09; GRAMOS NETOS DECLARADOS 12692,1; MERCANCIA COMPRADA CON FACTURA No. OL68 DEL 29-08-2022 EMITIDA POR OPERADORES LOGISTICOS EL ALQUIMISTA SAS; FACTURA No. 20 DEL 05-09-2022 EMITIDA POR COMERCIALIZACION  H Y G S.A.S.; FACTURA No. CE-5 DEL 30-08-2022 EMITIDA POR CE-METALCALDAS SAS; FACTURA No. FE-25 DEL 07-09-2022 EMITIDA POR GRUPO EMPRESARIAL OLMOS S.A.S.; FACTURA No. FEV-12 DEL 06-09-2022 EMITIDA POR ORIGEN ORO ARTESANAL SAS; FACTURA No. FEV-13 DEL 08-09-2022 EMITIDA POR ORIGEN ORO ARTESANAL SAS; MERCANCIA QUE SERÁ DESPACHADA A SAAMP GROUP/LFMP CON DIRECCION 625 RUE DE SANS SOUCI 69760 LIMONEST (FRANCE) POR ORDEN DE SU COMPRADOR QUANTUM GROUP LLC CON DIRECCION 18117 Biscayne Blvd. Aventur North Miami FL 33160 United Stat",,,1071043,1081000,,,,,,,,70107
2022,1,6007697001716,0,,,,,C.I. GESTION EL REAL S.A.S.,900932184,10910097,900908875,0,,,,,AGENCIA DE ADUANAS ASL NIVEL 2 SAS,10910394,81-1539964-1,,,,,XQUADRA USA INC,19790 W DIXIE HWY STE 805,MIAMI,42223433,,,42323438,,,,,42,1051113,1071043,169,1081000,30220635,30120632,23620384,AEROPUERTO JOSE MARIA CORDOBA,1,435567.32,,33723811,,,2,2,2,23120230,29520622,1051113,90,Aduanas de Medellín,249,ESTADOS UNIDOS,1274396,435567.32,,,,435567.32,,,1,1,9,20220531,6027695133024,20220527,22483874,78,71679411,,,,20220602102253,22390623,10910094,71586157,0,,,900932184,1,1,1,7108120000,,,16820215,8.14,36623087,8148.44,23020303,1,9,8.14,435567.32,XQUADRA USA INC,1,"Nombre Comercial:ORO , Otras características:BARRAS DE ALEACION DE ORO Y PLATA; BARRA GER-053 LEY ORO 88,4% GRAMOS FINOS DE ORO 910,16 LEY PLATA 11,6% GRAMOS FINOS DE PLATA 119,43; BARRA GER-054 LEY ORO 92% GRAMOS FINOS DE ORO 1314,51 LEY PLATA 8% GRAMOS FINOS DE PLATA 114,3; BARRA GER-055 LEY ORO 89,9% GRAMOS FINOS DE ORO 2220,84 LEY PLATA 10,1% GRAMOS FINOS DE PLATA 249,5; BARRA GER-056 LEY ORO 88% GRAMOS FINOS DE ORO 1711,7 LEY PLATA 12% GRAMOS FINOS DE PLATA 233,41; BARRA GER-057 LEY ORO 92,7% GRAMOS FINOS DE ORO 1181,54 LEY PLATA 7,3% GRAMOS FINOS DE PLATA 93,05; GRAMOS FINOS DE ORO DECLARADOS 7338,74; GRAMOS FINOS DE PLATA DECLARADOS 809,7; GRAMOS NETOS DECLARADOS 8148,44; , Cantidad de unidades comerciales:8148.44 GRAMOS FINOS ",,,1071043,1081000,,,,,,,,70107
2022,1,6007705010338,6,,,,,COMERCIALIZADORA INTERNACIONAL ESLOP SAS,901019586,10910097,900908875,0,,,,,AGENCIA DE ADUANAS ASL NIVEL 2 SAS,10910394,5012602,,,,,KHANDWALA FINSTOCK PVT LTD,"RUGTA INDUSTRIES COMPOUND KHASRA No 60/4, KASHIPUR ROAD, RUDRAPUR 263153, INDIA",RUDRAPUR,42223433,,,42323438,,,,,42,1051113,1071043,169,1081000,30220635,30120632,23620388,RUDRAPUR,1,1145237.51,,33723811,,,2,2,2,23120230,29520622,1051113,90,Aduanas de Medellín,361,INDIA,1303611,1139358.95,5324.82,398.77,154.97,1145237.51,,,1,1,24,20221104,6027702741761,20221103,35896173,75,1037578608,,,,20221106105550,22390623,10910094,71586157,0,,,901019586,1,1,1,7108120000,,,16820215,23.76,36623087,21654.79,23020303,1,24,23.76,1139358.95,PRO STAR INTERNATIONAL FZE,1,"Nombre Comercial:ORO , Otras características:BARRAS DE ALEACION DE ORO Y PLATA; BARRA 1 LEY ORO 888 GRAMOS FINOS DE ORO 7622,01 LEY PLATA 48 GRAMOS FINOS DE PLATA 410,1; BARRA 1 LEY ORO 929 GRAMOS FINOS DE ORO 4695,91 LEY PLATA 25 GRAMOS FINOS DE PLATA 126,37; BARRA 2 LEY ORO 917 GRAMOS FINOS DE ORO 4642,31 LEY PLATA 37 GRAMOS FINOS DE PLATA 187,31; BARRA 3 LEY ORO 927 GRAMOS FINOS DE ORO 4694,56 LEY PLATA 27 GRAMOS FINOS DE PLATA 134,86; GRAMOS FINOS DE ORO DECLARADOS 21654,79; GRAMOS FINOS DE PLATA DECLARADOS 858,65; GRAMOS NETOS DECLARADOS 23766,71; CP N°0006401046777071; 0006401046763296; 0006401046763218; 0006401046763241; 0006401046763192; 0006401046763289; 0006401046763200; 0006401046777191; 0006401046777111; 0006401046777104; 0006401046777096; 0006401046777150; 0006401046777136; 0006401046777143; 0006401046777089; 0006401046777025; 0006401046777182; 0006401046777129; 0006401046780402; 0006401046780427; 0006401046780513; 0006401046780371; 0006401046780434; 0006401046780506; 0006401046780459; 0006401046780394; 0006401046780362; 0006401046780498; 0006401046780480; 0006401046780441; 0006401046780520; 0006401046780473; 0006401046780387; 0006401046780466; 0006401046780411; 0006401046794692; 0006401046794639; 0006401046794646; 0006401046794685; 0006401046794678; 0006401046794660; 0006401046794653; 0006401046812241; 0006401046812259; 0006401046812266; 0006401046812273; 00064010",,,1071043,1081000,,,,,,,,70107
2022,1,6007690883494,1,,,,,C.I. GOLD BY GOLD COLOMBIA S.A.S.,901022569,10910097,830002571,4,,,,,AGENCIA DE ADUANAS AVIATUR  S A NIVEL 1.,10922973,,,,,,STONE X COMMODITIES DMCC,"OFFICE 48D ALMAS TOWER, JUMEIRAH LAKES TOWERS PO BOX 125942",DUBAI,42223433,,,42323438,,26114560,,,42,1051113,1071043,169,1081000,30220635,30120632,23620384,APTO JMC RIONEGRO,1,1127737.810000,,33723811,,,2,2,2,23120230,29520622,1051113,90,Aduanas de Medellín,244,EMIRATOS ARABES UNID,1231363,1127737.81,,,,1127737.81,,,1,1,28.16,20220202,6027689768114,20220202,22539406,77,71734946,,,,20220204143146,29460969,10910094,43576612,6,,,901022569,1,1,1,7108120000,,,16820215,27.550000,36623087,23789.78,23020262,1,28.16,27.55,1127737.81,STONE X COMMODITIES DMCC,1,"Nombre Comercial:DO 3382 // SEIS BARRAS DE ALEACION ORO PLATA , Otras características:BARRA BE-GbG035 SON 4,419.49 GRAMOS FINOS DE ORO LEY 674.70 Y 986.48 GRAMOS FINOS DE PLATA LEY 150.60 / BARRA BE-GbG036 SON 2,897.31 GRAMOS FINOS DE ORO LEY 859.20 Y 421.51 GRAMOS FINOS DE PLATA LEY 125.00 / BARRA BE-GbG037 SON 3,125.34 GRAMOS FINOS DE ORO LEY 674.00 Y 788.29 GRAMOS FINOS DE PLATA LEY 170.00 / BARRA BE-GbG038 SON 4,319.65 GRAMOS FINOS DE ORO LEY 740.11 Y 811.27 GRAMOS FINOS DE PLATA LEY 139.00 / BARRA BE-GbG039 SON 2,127.27 GRAMOS FINOS DE ORO LEY 690.00 Y 468.62 GRAMOS FINOS DE PLATA LEY 152.00 / BARRA BE-GbG040 SON 2,802.45 GRAMOS FINOS DE ORO LEY 689.24 Y 622.10 GRAMOS FINOS DE PLATA LEY 153.00 // APROBADO VB-ANM-03878 CON TRAMITE TM-00019293-20211130 FE: 29/01/2022 FV: 28/04/2022 // NOS ACOGEMOS AL MEMORANDO 000078 DEL 01 DE MARZO DE 2013, MERCANCIA VENDIDA A GOLD BY GOLD SA / 111 AVE VICTOR HUGO 75784 PARIS 16 FRANCIA Y DESPACHADA A STONE X COMMODITIES DMCC / OFFICE 48D ALMAS TOWER, JUMEIRAH LAKES TOWERS PO BOX 125942 EMIRATOS ARABES UNIDOS - DUBAI // GUIA AEREA 729-43223493 , Cantidad de unidades comerciales:23789.78 GRS ",,,1071043,1081000,,,,,,,,70107
2022,1,6007697884052,8,,,,,MANUFACTURAS FACERE SAS,901443134,10910097,900908875,0,,,,,AGENCIA DE ADUANAS ASL NIVEL 2 SAS,10910394,10033255190003-0,,,,,KHANDWALA FINSTOCK PVI LTD,RUGTA INDUSTRIES COMPOUND KHASRA No -60/4 KHASHIPUR ROAD,RUDRAPUR,42223433,,,42323438,,,,,42,1051113,1071043,169,1081000,30220635,30120632,23620384,AEROPUERTO JOSE MARIA CORDOBA,1,1214487.56,,33723811,,,2,2,2,23120230,29520622,1051113,90,Aduanas de Medellín,361,INDIA,1303611,1214487.56,,,,1214487.56,,,1,1,23,20220616,6027695955171,20220615,29235780,77,43206463,,,,20220621082850,22390623,10910094,71586157,0,,,901443134,1,1,1,7108120000,,,16820215,22.18,36623087,20598.5,23020303,1,23,22.18,1214487.56,KHANDWALA FINSTOCK PVI LTD,1,"Nombre Comercial:ORO , Otras características:BARRAS DE ALEACION DE ORO Y PLATA; BARRA 1 LEY ORO 92,95% GRAMOS FINOS DE ORO 4931 LEY PLATA 7,05% GRAMOS FINOS DE PLATA 374; BARRA 2 LEY ORO 92,67% GRAMOS FINOS DE ORO 4973,04 LEY PLATA 7,33% GRAMOS FINOS DE PLATA 393,36; BARRA 3 LEY ORO 92,89% GRAMOS FINOS DE ORO 5396,49 LEY PLATA 7,11% GRAMOS FINOS DE PLATA 413,06; BARRA 4 LEY ORO 92,85% GRAMOS FINOS DE ORO 5297,97 LEY PLATA 7,15% GRAMOS FINOS DE PLATA 407,97; GRAMOS FINOS DE ORO DECLARADOS 20598,5; GRAMOS FINOS DE PLATA DECLARADOS 1588,39; GRAMOS NETOS DECLARADOS 22186,89; CON CONTRATO DE OPERACION PARA EL DESARROLLO DE ACTIVIDADES MINERAS DENTRO DEL AREA DE EL TITULO MINERO PROPIEDAD PRIVADA(RPP) CON RADICADO R220B DEL 29-12-2021 EMITIDO POR WORLD MINING CORPORATION; MERCANCIA QUE SERÁ DESPACHADA A KHANDWALA FINSTOCK PVT LTD CON DIRECCION RUGTA INDUSTRIES COMPOUND KHASRA No 60/4, KASHIPUR ROAD, RUDRAPUR 263153, INDIA POR ORDEN DE SU COMPRADOR PROSTAR INTERNATIONAL FZE CON DIRECCION A-428 BUILDING NO4 AL HAMIRA INDUSTRIAL, UNITED ARAB EMIRATES. , Cantidad de unidades comerciales:20598.50 GRAMOS FINOS ",,,1071043,1081000,,,,,,,,70107
2023,1,6007713393332,8,SUSERQUIA,MAZO,TATIANA,ANDREA,SUSERQUIA MAZO TATIANA ANDREA,1042769697,10910097,890313036,8,,,,,AGENCIA DE ADUANAS CONTINENTAL DE ADUANAS S.A.S. NIVEL 1,10910097,900479267,,,,,FUNDICION RAMIREZ  ZONA FRANCA SAS,ZF PALMASECA BG A 5 B,Palmira,42223433,,,42323438,,ZFP-8227,,,42,1051111,1071043,169,1081023,30220635,30120632,23620386,ZONA FRANCA PALMASECA ,31,575722983.49,4587.31,33723811,,,,2,2,,29520622,1051111,88,Aduanas de Cali,169,COLOMBIA,357,125503.4,,,,125503.4,,,1,1,2.50,20230417,6027710177381,20230414,17781378,79,31522531,,,,20230419082820,17556019,10910094,31167540,6,,,1042769697,1,1,1,7108120000,,,16820215,2.44,36623087,2035.63,23020363,1,2.5,2.44,125503.4,,1,"Nombre Comercial:GRAMOS FINOS DE ORO , Otras características:GRAMOS DE ORO FINO PARA USO NO MONETARIO CON LAS SIGUIENTES BARRAS DISCRIMINADAS CONFORME A FACTURA Y BOLETIN DE ANALISIS.         FACTURA:AIS-168 BARRA 1//Gramos netos:1.220,35 Ley:0,83900 para:1.023,87 gramos finos//BARRA 2//Gramos netos:1.220,49 Ley:0,82898 para:1.011,76 gramos finos//     , Cantidad de unidades comerciales:2035.63 GRAMOS FINOS DE ORO  ",,,1071043,1081000,,,,,,,,70107
2023,1,6007708677336,4,RAMIREZ,VARGAS,CARLOS,ALBERTO,RAMIREZ VARGAS CARLOS ALBERTO,1117526328,10910097,900908875,0,,,,,AGENCIA DE ADUANAS ASL NIVEL 2 SAS,10910097,901180357,,,,,OSPREY METALS S.A.S.,ZF RIONEGRO,Rionegro,42223433,,,42323438,,,,,42,1051113,1071043,169,1081000,30220635,30120632,23620384,ZONA FRANCA RIONEGRO,1,170575.07,,33723811,,,,2,2,,29520622,1051113,90,Aduanas de Medellín,169,COLOMBIA,671,170575.07,,,,170575.07,,,1,1,3.72,20230119,6027706068487,20230118,22483874,78,71679411,,,,20230124163004,22390623,10910094,71586157,0,,,1117526328,1,1,1,7108120000,,,16820215,3.47,36623087,3468.64,23020303,1,3.72,3.47,170575.07,OSPREY METALS SAS,1,"Nombre Comercial:ORO , Otras características:BARRAS DE ALEACION DE ORO Y PLATA; BARRA CAR 053 LEY ORO 86,4% GRAMOS FINOS DE ORO 3001,71 LEY PLATA 13,44% GRAMOS FINOS DE PLATA 466,93; GRAMOS FINOS DE ORO DECLARADOS 3001,71; GRAMOS FINOS DE PLATA DECLARADOS 466,93; GRAMOS NETOS DECLARADOS 3474,2; NOS ACOGEMOS A LA CIRCULAR REGLAMENTARIA EXTERNA BANCO REPUBLICA # 83 NUMERAL 9 LITERAL ""J"" DEL 2011; , Cantidad de unidades comerciales:3001.71 GRAMOS FINOS ",,,1071043,1081000,,,,,,,,70107
2023,1,6007718776271,4,DIAZ,DIAZ,EMILSE,ISABEL,DIAZ DIAZ EMILSE ISABEL,39273553,10910097,890313036,8,,,,,AGENCIA DE ADUANAS CONTINENTAL DE ADUANAS S.A.S. NIVEL 1,10910097,900479267,,,,,FUNDICION RAMIREZ  ZONA FRANCA SAS,ZF PALMASECA BG A 5 B,Palmira,42223433,,,42323438,,ZFP-8464,,,42,1051111,1071043,169,1081023,30220635,30120632,23620386,ZONA FRANCA PALMASECA,31,526003241.52,3980.2,33723811,,,,2,2,,29520622,1051111,88,Aduanas de Cali,169,COLOMBIA,357,132154.98,,,,132154.98,,,1,1,2.34,20230727,6027714995074,20230726,17781378,79,31522531,,,,20230728153713,17556019,10910094,31167540,6,,,39273553,1,1,1,7108120000,,,16820215,2.28,36623087,2117.77,23020363,1,2.34,2.28,132154.98,,1,"Nombre Comercial:GRAMOS DE ORO FINO , Otras características:GRAMOS DE ORO FINO PARA USO NO MONETARIO CON LAS SIGUIENTES BARRAS DISCRIMINADAS CONFORME A FACTURA Y BOLETIN DE ANALISIS.       FACTURA:FE-224 BARRA 1 // Gramos netos:1.270,63   Ley:0,94100   para:1.195,66  gramos finos//  BARRA 2 // Gramos netos:1.013,30   Ley:0,91001   para:922,11   gramos finos//   , Cantidad de unidades comerciales:2117.77 GRAMOS FINOS DE ORO ",,,1071043,1081000,,,,,,,,70107
2023,3,6007709093500,5,RODRIGUEZ,JARAMILLO,IVAN,,RODRIGUEZ JARAMILLO IVAN,70550098,10910097,900908875,0,,,,,AGENCIA DE ADUANAS ASL NIVEL 2 SAS,10910097,900892043,,,,,GEO METALS S.A.S,BG 98 ZN FRANCA,Rionegro,42223433,6007708349601,41529349,42323442,,,,,42,1051113,1071043,169,1081000,30220635,30120632,23620384,ZONA FRANCA RIONEGRO,1,75319.43,,33723811,,,,2,2,,29520622,1051113,90,Aduanas de Medellín,169,COLOMBIA,671,75319.43,,,,75319.43,,,1,1,1.87,20230113,6027705777293,20230112,,,,,6007709093492,,20230127133549,22390623,10910094,71586157,0,,,70550098,1,1,1,7108120000,,,16820215,1.42,36623087,1425.94,23020303,1,1.87,1.42,75319.43,GEO METALS SAS,1,"Nombre Comercial:ORO , Otras características:BARRAS DE ALEACION DE ORO Y PLATA; BARRA REM 8 LEY ORO 90,979 GRAMOS FINOS DE ORO 1300,18 LEY PLATA 8,8 GRAMOS FINOS DE PLATA 125,76; GRAMOS FINOS DE ORO DECLARADOS 1300,18; GRAMOS FINOS DE PLATA DECLARADOS 125,76; GRAMOS NETOS DECLARADOS 1429,1; NOS ACOGEMOS A LA CIRCULAR REGLAMENTARIA EXTERNA BANCO REPUBLICA # 83 NUMERAL 9 LITERAL ""J"" DEL 2011; CON CONTRATO DE PRESTACION DE SERVICIOS PARA LA EXPORTACION DE METALES PRECIOSOS N°70550098 DE FECHA 01-10-2022 SUSCRITO ENTRE IVAN RODRIGUEZ JARAMILLO Y GEO METALS SAS; MERCANCIA PARA DAR CUMPLIMIENTO AL CONTRATO 70550098 DE PRESTACION DE SERVICIOS DE TRANSFORMACION Y MANDATO PARA EXPORTACION DE METALES PRECIOSOS; , Cantidad de unidades comerciales:1300.18 GRAMOS FINOS ",35322971,12,1071043,1081000,,,,,,,,70107
2023,1,6007710912050,6,ARISTIZABAL,OSORNO,MAURICIO,ANDRES,ARISTIZABAL OSORNO MAURICIO ANDRES,8058127,10910097,890313036,8,,,,,AGENCIA DE ADUANAS CONTINENTAL DE ADUANAS S.A.S. NIVEL 1,10910097,900479267,,,,,FUNDICION RAMIREZ  ZONA FRANCA SAS,ZF PALMASECA BG A 5 B,Palmira,42223433,,,42323438,,ZFP-8120,,,42,1051111,1071043,169,1081023,30220635,30120632,23620386,ZONA FRANCA PALMASECA ,31,959388747.60,4853.9,33723811,,,,2,2,,29520622,1051111,88,Aduanas de Cali,169,COLOMBIA,357,197653.18,,,,197653.18,,,1,2,4.06,20230302,6027708143241,20230301,18002715,79,31991614,,,,20230306104712,17556019,10910094,31167540,6,,,8058127,1,1,1,7108120000,,,16820215,3.95,36623087,3438.8,23020363,2,4.06,3.95,197653.18,,1,"Nombre Comercial:GRAMOS FINOS DE ORO , Otras características:GRAMOS DE ORO FINO PARA USO NO MONETARIO CON LAS SIGUIENTES BARRAS DISCRIMINADAS CONFORME A FACTURA Y BOLETIN DE ANALISIS. FACTURA:AM-115 BARRA 1//Gramos netos:660,14 Ley:0,79500 para:524,81 gramos finos//  BARRA 2 //Gramos netos:511,28 Ley:0,90303 para:461,70 gramos finos//  BARRA 3 //Gramos netos:702,41 Ley:0,70802 para:497,32 gramos finos//  BARRA 4 //Gramos netos:658,00 Ley:0,94600 para:622,47 gramos finos//  FACTURA:AM-116 BARRA 1//Gramos netos:972,48 Ley:0,9360 para:910,24 gramos finos//  BARRA 2 //Gramos netos:441,23 Ley:0,9570 para:422,26 gramos finos//  , Cantidad de unidades comerciales:3438.8 GRAMOS FINOS DE ORO  ",,,1071043,1081000,,,,,,,,70107
2023,1,6007717999341,6,ARISTIZABAL,OSORNO,MAURICIO,ANDRES,ARISTIZABAL OSORNO MAURICIO ANDRES,8058127,10910097,890313036,8,,,,,AGENCIA DE ADUANAS CONTINENTAL DE ADUANAS S.A.S. NIVEL 1,10910097,900479267,,,,,FUNDICION RAMIREZ  ZONA FRANCA SAS,ZF PALMASECA BG A 5 B,Palmira,42223433,,,42323438,,ZFP-8419,,,42,1051111,1071043,169,1081023,30220635,30120632,23620386,ZONA FRANCA PALMASECA ,31,1019786922.00,4195.93,33723811,,,,2,2,,29520622,1051111,88,Aduanas de Cali,169,COLOMBIA,357,243041.93,,,,243041.93,,,1,1,4.97,20230712,6027714363820,20230711,18002715,79,31991614,,,,20230715114607,17556019,10910094,31167540,6,,,8058127,1,1,1,7108120000,,,16820215,4.91,36623087,4122,23020363,1,4.97,4.91,243041.93,,1,"Nombre Comercial:GRAMOS FINOS DE ORO , Otras características:GRAMOS DE ORO FINO PARA USO NO MONETARIO CON LAS SIGUIENTES BARRAS DISCRIMINADAS CONFORME A FACTURA Y BOLETIN DE ANALISIS. FACTURA: AM-163 BARRA 1//Gramos netos:1.539,47 Ley:0,787998 para:1.213,10 gramos finos//  BARRA 2//Gramos netos:1.514,89 Ley:0,792995 para:1.201,30 gramos finos//  BARRA 3//Gramos netos:742,79 Ley:0,925995 para:687,82 gramos finos//  BARRA 4//Gramos netos:863,06 Ley:0,921002 para:794,88 gramos finos//  BARRA 5//Gramos netos:252,48 Ley:0,890764 para:224,90 gramos finos//  , Cantidad de unidades comerciales:4122 GRAMOS FINOS DE ORO  ",,,1071043,1081000,,,,,,,,70107
2023,2,6007716896660,0,,,,,COMERCIALIZADORA INTERNACIONAL DE METALES PRECIOSOS DE COLOMBIA S.A.,900118612,10910097,900908875,0,,,,,AGENCIA DE ADUANAS ASL NIVEL 2 SAS,10910394,10362424,,,,,CONDOR PARTNERS LTD.,"1200 BRICKELL AVENUE, SUITE 800, 33131 FL. USA",MIAMI,42223433,6007716812346,41529348,42323441,Circunstanciasexcepcionales,,,,42,1051113,1071043,169,1081000,30220635,30120632,23620384,AEROPUERTO JOSE MARIA CORDOBA,1,4777897.21816,,33723811,,,2,2,2,23120230,29520622,1051113,90,Aduanas de Medellín,249,ESTADOS UNIDOS,1274396,4777897.21816,,,,4777897.21816,,,1,5,87.00,20230616,6027713312196,20230615,,,,,,,20230620103026,,,,,,,900118612,1,1,1,7108120000,,,16820215,83.56,36623087,76611.1,23020303,5,87,83.56,4777897.22,CONDOR PARTNERS LTD,1,"Nombre Comercial:ORO , Otras características:BARRAS DE ALEACION DE ORO Y PLATA; BARRA MP332-01 LEY ORO 0,889013172 GRAMOS FINOS DE ORO 13471,39 LEY PLATA 0,111 GRAMOS FINOS DE PLATA 1691,42; BARRA MP332-02 LEY ORO 0,899283191 GRAMOS FINOS DE ORO 16529 LEY PLATA 0,1007 GRAMOS FINOS DE PLATA 1860,81; BARRA MP332-03 LEY ORO 0,921224032 GRAMOS FINOS DE ORO 15850,21 LEY PLATA 0,0788 GRAMOS FINOS DE PLATA 1365; BARRA MP332-04 LEY ORO 0,925554868 GRAMOS FINOS DE ORO 15236,58 LEY PLATA 0,0744 GRAMOS FINOS DE PLATA 1235,13; BARRA MP332-05 LEY ORO 0,948789785 GRAMOS FINOS DE ORO 15523,91 LEY PLATA 0,0512 GRAMOS FINOS DE PLATA 847,5; GRAMOS FINOS DE ORO DECLARADOS 76611,1; GRAMOS FINOS DE PLATA DECLARADOS 6999,84; GRAMOS NETOS DECLARADOS 83562,9; CP No.0006401049049287; 0006401049049294; 0006401049049302; 0006401049049311; 0006401049049341; 0006401049049366; 0006401049049373; 0006401049049380; 0006401049049398; 0006401049049406; 0006401049049413; 0006401049063549; 0006401049063556; 0006401049063563; 0006401049063570; 0006401049063588; 0006401049063595; 0006401049063603; 0006401049063610; 0006401049063628; 0006401049074580; 0006401049074598; 0006401049074606; 0006401049074613; 0006401049074620; 0006401049074638; 0006401049074645; 0006401049074652; 0006401049074661; 0006401049074677; 0006401049074684; 0006401049074691; 0006401049074701; 0006401049074717; MERCANCIA QUE SERA DESPACHADA A COND",,,1071043,1081000,,,,,,,,70107
2023,1,6007717258131,7,,,,,CARBONTERRA MINERAL SAS. C.I,900559060,10910097,830049499,4,,,,,AGENCIA DE ADUANAS CONTINENTAL EXPRESS LTDA NIVEL 2,10922973,,,,,,MYCELIUM MANUFACTURING CARIBBEAN MMC,"Av. Martin Luther King 10,Santo Domingo Este",SANTO DOMINGO,42223433,,,42323438,,D.O 16913,,,42,1051065,1071043,169,1081011,30220635,30120632,23620384,AEROLINEA AVIANCA,1,167335.50,,33723811,,,1,2,2,23120230,29520622,1051065,3,Aduanas de Bogota - Aeropuerto El Dorado,647,REPUBLICA DOMINICANA,1243281,167335.5,,,,167335.5,,,1,1,4,20230621,6027713374096,20230620,25045215,78,87711925,,,,20230628163612,118123340,10910094,1016023690,0,,,900559060,1,1,1,7108120000,,,16820215,3,36623087,3000,23020262,1,4,3,167335.5,,1,"Nombre Comercial:3 LINGOTE DE ORO , Otras características:3 LINGOTES DE ORO – CON UN PESO BRUTO DE 3000 GRAMOS  LEY 99.25 %,  GRAMOS FINOS 2.977.50 , DISTRIBUIDAS ASI:LINGOTE No. 1  CON PESO BRUTO DE 1.001 GRAMOS , GRAMOS FINOS 993,49  Y 7.51 GRAMOS DE PLATA,  LINGOTE No.2  CON PESO BRUTO DE 999 GRAMOS, GRAMOS FINOS 991.51 Y 7.49 GRAMOS DE PLATA, LINGOTE No.3 CON PESO BRUTO 1000 GRAMOS, GRAMOS FINOS 992.50 Y 7.50 GRAMOS DE PLATA, PARA UN TOTAL DE 2977.50 GRAMOS FINOS DE ORO Y 22.50 GRAMOS DE PLATA,  COMPROBANTE DE PAGO: 20230613093959 VALOR $ 27.284.760 Y 22.50 GRAMOS DE PLATA COMPROBANTE DE PAGO : 20230613094643 VALOR $ 2.470, Vuce Numero de Radicación : EXP-00008727-20230616, Número Visto: VBANM- 35453 Mercancía llevada a la mano del viajero por el señor: JOSE MIGUEL ROA DIAZ Pasaporte No. RD6600467 Tiquete No: 1348005887418  ",,,1071043,1081011,,,,,,,,70107
2023,1,6007712532451,5,,,,,ICONYK S.A.S,900618704,10910097,900908875,0,,,,,AGENCIA DE ADUANAS ASL NIVEL 2 SAS,10910394,842569448,,,,,KEYBRICK CORP A/C STONEX COMMODITIES DMCC,"800 SE 4 Th Ave. Suite 115, Hallandale, FI 33009, Estados Unidos",HALLANDALE,42223433,,,42323438,,,,,42,1051113,1071043,169,1081000,30220635,30120632,23620384,AEROPUERTO JOSE MARIA CORDOBA,1,318810.16,,33723811,,,2,2,2,23120230,29520622,1051113,90,Aduanas de Medellín,249,ESTADOS UNIDOS,1272502,318810.16,,,,318810.16,,,1,1,6,20230329,6027709447882,20230328,111076508,78,30686106,,,,20230331144144,22390623,10910094,71586157,0,,,900618704,1,1,1,7108120000,,,16820215,5.69,36623087,5039.68,23020303,1,6,5.69,318810.16,DILLON GAGE INC,1,"Nombre Comercial:ORO , Otras características:BARRAS DE ALEACION DE ORO Y PLATA; BARRA ICO#1 LEY ORO 885,8 GRAMOS FINOS DE ORO 2548,32 LEY PLATA 113,8 GRAMOS FINOS DE PLATA 327,39; BARRA ICO#2 LEY ORO 885 GRAMOS FINOS DE ORO 2491,36 LEY PLATA 113,39 GRAMOS FINOS DE PLATA 319,19; GRAMOS FINOS DE ORO DECLARADOS 5039,68; GRAMOS FINOS DE PLATA DECLARADOS 646,58; GRAMOS NETOS DECLARADOS 5691,96; , Cantidad de unidades comerciales:5039.68 GRAMOS FINOS ",,,1071043,1081000,,,,,,,,70107
2023,1,6007707942751,1,,,,,C.I SEASIF PACIFIC S.A.S.,900627644,10910097,900908875,0,,,,,AGENCIA DE ADUANAS ASL NIVEL 2 SAS,10910394,36-4900912,,,,,SEASIF PACIFIC LLC,814 Ponce de Leon Blvd 310 Coral Gables,MIAMI,42223433,,,42323438,,,,,42,1051113,1071043,169,1081000,30220635,30120632,23620384,AEROPUERTO JOSE MARIA CORDOBA,1,2275785.39,,33723811,,,2,2,2,23120230,29520622,1051113,90,Aduanas de Medellín,249,ESTADOS UNIDOS,1274396,2275785.39,,,,2275785.39,,,2,3,47,20221230,6027705180058,20221229,29235780,77,43206463,,,,20230104151857,22390623,10910094,71586157,0,,,900627644,2,2,1,7108120000,,,16820215,43.05,36623087,38534.16,23020303,3,47,43.05,2205537.19,SEASIF PACIFIC LLC,2,"Nombre Comercial:ORO , Otras características:BARRAS DE ALEACION DE ORO Y PLATA; BARRA  SPM 0216 LEY ORO 0,8943 GRAMOS FINOS DE ORO 4538,56 LEY PLATA 0,1057 GRAMOS FINOS DE PLATA 536,44; BARRA  SPM 0217 LEY ORO 0,9565 GRAMOS FINOS DE ORO 6136,1 LEY PLATA 0,0435 GRAMOS FINOS DE PLATA 278,9; BARRA  SP 0481 LEY ORO 0,9067 GRAMOS FINOS DE ORO 4871,71 LEY PLATA 0,0757 GRAMOS FINOS DE PLATA 406,52; BARRA  SP 0484 LEY ORO 0,8788 GRAMOS FINOS DE ORO 4954,4 LEY PLATA 0,118 GRAMOS FINOS DE PLATA 665,18; BARRA  SP 0485 LEY ORO 0,8858 GRAMOS FINOS DE ORO 5289,73 LEY PLATA 0,1107 GRAMOS FINOS DE PLATA 660,88; BARRA  SPM 0222 LEY ORO 0,8762 GRAMOS FINOS DE ORO 1054,9 LEY PLATA 0,1199 GRAMOS FINOS DE PLATA 144,3; BARRA  SPM 0221 LEY ORO 0,8352 GRAMOS FINOS DE ORO 3611,48 LEY PLATA 0,1648 GRAMOS FINOS DE PLATA 712,52; BARRA  SP 0479 LEY ORO 0,885 GRAMOS FINOS DE ORO 5114,2 LEY PLATA 0,1119 GRAMOS FINOS DE PLATA 646,89; BARRA  SPM 0223 LEY ORO 0,9048 GRAMOS FINOS DE ORO 2963,08 LEY PLATA 0,0927 GRAMOS FINOS DE PLATA 303,53; GRAMOS FINOS DE ORO DECLARADOS 38534,16; GRAMOS FINOS DE PLATA DECLARADOS 4355,16; GRAMOS NETOS DECLARADOS 43055; , Cantidad de unidades comerciales:38534.16 GRAMOS FINOS ",,,1071043,1081000,,,,,,,,70107
2023,1,6007707942751,1,,,,,C.I SEASIF PACIFIC S.A.S.,900627644,10910097,900908875,0,,,,,AGENCIA DE ADUANAS ASL NIVEL 2 SAS,10910394,36-4900912,,,,,SEASIF PACIFIC LLC,814 Ponce de Leon Blvd 310 Coral Gables,MIAMI,42223433,,,42323438,,,,,42,1051113,1071043,169,1081000,30220635,30120632,23620384,AEROPUERTO JOSE MARIA CORDOBA,1,2275785.39,,33723811,,,2,2,2,23120230,29520622,1051113,90,Aduanas de Medellín,249,ESTADOS UNIDOS,1274396,2275785.39,,,,2275785.39,,,2,3,47,20221230,6027705180058,20221229,29235780,77,43206463,,,,20230104151857,22390623,10910094,71586157,0,,,900627644,2,2,1,7108120000,,,16820215,43.05,36623087,38534.16,23020303,3,47,43.05,2205537.19,SEASIF PACIFIC LLC,1,"Nombre Comercial:ORO , Otras características:BARRAS DE ALEACION DE ORO Y PLATA; BARRA  CH 0069 LEY ORO 0,7276 GRAMOS FINOS DE ORO 1233,94 LEY PLATA 0,1393 GRAMOS FINOS DE PLATA 236,28; GRAMOS FINOS DE ORO DECLARADOS 1233,94; GRAMOS FINOS DE PLATA DECLARADOS 236,28; GRAMOS NETOS DECLARADOS 1696;  , Cantidad de unidades comerciales:1233.94 GRAMOS FINOS ",,,1071043,1081000,,,,,,,,70107
2023,1,6007714110152,8,,,,,GEO METALS S.A.S,900892043,10910097,900908875,0,,,,,AGENCIA DE ADUANAS ASL NIVEL 2 SAS,10922973,,,,,,DILLON GAGE INC,15301 DALLAS PARKWAY SUITE 200 ADDISON TEXAS 75001 DALLAS – ESTADOS UNIDOS,DALLAS,42223433,,,42323438,,,,,42,1051113,1071043,169,1081000,30220635,30120632,23620384,AEROPUERTO JOSE MARIA CORDOBA,1,687924.67,,33723811,,,2,2,2,23120230,29520622,1051113,90,Aduanas de Medellín,249,ESTADOS UNIDOS,1269919,687924.67,,,,687924.67,,,1,1,12,20230428,6027710877517,20230427,106308542,77,1036925982,,,,20230502135412,22390623,10910094,71586157,0,,,900892043,1,1,1,7108120000,,,16820215,11.17,36623087,11155.39,23020303,1,12,11.17,687924.67,DILLON GAGE INC.,1,"Nombre Comercial:ORO , Otras características:BARRAS DE ALEACION DE ORO Y PLATA; BARRA PP  136 LEY ORO 858,96 GRAMOS FINOS DE ORO 1003,26 LEY PLATA 128,71 GRAMOS FINOS DE PLATA 150,33; BARRA PP  137 LEY ORO 997,48 GRAMOS FINOS DE ORO 989,9 LEY PLATA 2,52 GRAMOS FINOS DE PLATA 2,5; BARRA PP  138 LEY ORO 999,82 GRAMOS FINOS DE ORO 1000,32 LEY PLATA 0 GRAMOS FINOS DE PLATA 0; BARRA PP  139 LEY ORO 999,8 GRAMOS FINOS DE ORO 1000,6 LEY PLATA 0 GRAMOS FINOS DE PLATA 0; BARRA PP  140 LEY ORO 999,83 GRAMOS FINOS DE ORO 1001,03 LEY PLATA 0 GRAMOS FINOS DE PLATA 0; BARRA PP  141 LEY ORO 999,92 GRAMOS FINOS DE ORO 1000,72 LEY PLATA 0 GRAMOS FINOS DE PLATA 0; BARRA PP  142 LEY ORO 999,73 GRAMOS FINOS DE ORO 1002,03 LEY PLATA 0 GRAMOS FINOS DE PLATA 0; BARRA PP  143 LEY ORO 999,83 GRAMOS FINOS DE ORO 1001,43 LEY PLATA 0 GRAMOS FINOS DE PLATA 0; BARRA PP  144 LEY ORO 999,83 GRAMOS FINOS DE ORO 1001,33 LEY PLATA 0 GRAMOS FINOS DE PLATA 0; BARRA PP  145 LEY ORO 999,84GRAMOS FINOS DE ORO 1001,44 LEY PLATA 0GRAMOS FINOS DE PLATA 0, BARRA PP  146 LEY ORO 997,4GRAMOS FINOS DE ORO 997,9 LEY PLATA 2,6GRAMOS FINOS DE PLATA 2,6, GRAMOS FINOS DE ORO DECLARADOS 10999,96; GRAMOS FINOS DE PLATA DECLARADOS 155,43; GRAMOS NETOS DECLARADOS 11171,2; MERCANCIA QUE INGRESO A ZONA FRANCA CON REMISION No. 1 DEL 24-04-2023 EMITIDA POR GOLDEN ALLIANCE S.A.S; REMISION No. 32 DEL 25-04-2023 EMITIDA POR M&MTRADING SAS;",,,1071043,1081000,,,,,,,,70107
2023,1,6007726739683,7,,,,,C.I.  INTI MINING GROUP S A S,900893377,10910097,830098132,6,,,,,AGENCIA DE ADUANAS INTERLOGISTICA S.A. NIVEL 1,10922973,,,,,,INTI RESOURCES LLC,"742 MAIN ST,MYRTLE BEACH,SC 29577,ESTADOS UNIDOS.","MYRTLE BEACH,USA",42223433,,,42323438,,BOGE0208570,,,42,1051065,1071043,169,1081002,30220635,30120632,23620384,AEROPUERTO EL DORADO,1,365845.14,3948.25,33723811,,,2,2,2,23120230,29520622,1051065,3,Aduanas de Bogota - Aeropuerto El Dorado,249,ESTADOS UNIDOS,1273843,365845.14,,,,365845.14,,,1,1,8.00,20231219,6027717957094,20231218,10367009,78,19447350,,,,20231226114730,115699411,10910094,1070006350,6,,,900893377,1,1,1,7108120000,,,16820215,6.99662,36623087,6996.62,23020262,1,8,7,365845.14,INTI RESOURCES LLC.,1,"Nombre Comercial:BARRA DE ORO. , Otras características:1 BARRA DE 2996.62 GRAMOS BRUTOS DE ORO LEY 853 EQUIVALENTE A 2556.11 GRAMOS FINOS DE ORO Y 440.51 GRAMOS DE PLATA.1 BARRA DE 4000 GRAMOS BRUTOS DE ORO LEY 853 EQUIVALENTE A 3412 GRAMOS FINOS DE ORO Y 588 GRAMOS DE PLATA.AUTORIZACIÓN:13137500063700 DE FECHA:25-04-2023.RUCOM-201510226129 DE FECHA:13-06-2023.NÚMERO DE VISTO BUENO:VB-ANM-87052 DE FECHA:9-28-2023.TIENDA VIRTUAL O RECAUDADOR:AGENCIA NACIONAL DE MINERÍA.DESCRIPCIÓN DEL PAGO:PAGO TRÁMITE EXPORTACIÓN DE METALES PRECIOSOS,PAGO DE REGALÍAS.BANCO ORIGEN DE LA TRANSACCIÓN:BANCOLOMBIA S.A.NÚMERO DE FACTURAS:239243121,239266469.NÚMEROS DE COMPROBANTE:0000026094,0000095695,DE FECHA:2023-09-26 POR VALORES DE:$48,692,000.$104,500. , Cantidad de unidades comerciales:6996.62 GRM BRUTOS Y 5968.11 GRM FINOS DE ORO. ",,,1071043,1081002,,,,,,,,70107
2023,1,6007711331047,0,,,,,CI GS LOGISTIC S.A.S.,900922405,10910097,900908875,0,,,,,AGENCIA DE ADUANAS ASL NIVEL 2 SAS,10910394,842569448,,,,,KEYBRICK CORP A/C STONEX COMMODITIES DMCC,"800 SE 4TH AVE. SUITE 115, HALLANDALE BEACH, FL 33009, ESTADOS UNIDOS",HALLANDALE,42223433,,,42323438,,,,,42,1051113,1071043,169,1081000,30220635,30120632,23620384,AEROPUERTO JOSE MARIA CORDOBA,1,172550.59,,33723811,,,2,2,2,23120230,29520622,1051113,90,Aduanas de Medellín,249,ESTADOS UNIDOS,1272502,172550.59,,,,172550.59,,,1,1,4.00,20230306,6027708349531,20230303,22292929,78,71224970,,,,20230309171840,22390623,10910094,71586157,0,,,900922405,1,1,1,7108120000,,,16820215,3.25,36623087,2943.29,23020303,1,4,3.25,172550.59,KEYBRICK CORP A/C STONEX COMMODITIES DMCC,1,"Nombre Comercial:ORO , Otras características:BARRAS DE ALEACION DE ORO Y PLATA; BARRA 1 LEY ORO 85,3% GRAMOS FINOS DE ORO 892,37 LEY PLATA 14,69% GRAMOS FINOS DE PLATA 153,68; BARRA 2 LEY ORO 92,6% GRAMOS FINOS DE ORO 819,59 LEY PLATA 7,3% GRAMOS FINOS DE PLATA 64,61; BARRA 3 LEY ORO 92,7% GRAMOS FINOS DE ORO 1231,33 LEY PLATA 7,2% GRAMOS FINOS DE PLATA 95,64; GRAMOS FINOS DE ORO DECLARADOS 2943,3; GRAMOS FINOS DE PLATA DECLARADOS 313,93; GRAMOS NETOS DECLARADOS 3259,55; CON CERTIFICADO DE ORIGEN N°031 DEL  27-02-2023; CON CERTIFICADO DE ORIGEN N°46 DEL  17-02-2023; , Cantidad de unidades comerciales:2943.29 GRAMOS FINOS ",,,1071043,1081000,,,,,,,,70107
2023,1,6007710220099,4,,,,,M&MTRADING SAS,900940425,10910097,900908875,0,,,,,AGENCIA DE ADUANAS ASL NIVEL 2 SAS,10910097,900892043,,,,,GEO METALS S.A.S,BG 98 ZN FRANCA,Rionegro,42223433,,,42323438,,,,,47,1051113,1071043,169,1081000,30220635,30120632,23620384,ZONA FRANCA RIONEGRO,1,146855.07,,33723811,,,,2,2,,29520622,1051113,90,Aduanas de Medellín,169,COLOMBIA,671,146855.07,,,,146855.07,,,1,1,3.21,20230216,6027707578121,20230215,35896173,75,1037578608,,,,20230224115151,22390623,10910094,71586157,0,,,900940425,1,1,1,7108120000,,,16820215,2.76,36623087,2763.26,23020303,1,3.21,2.76,146855.07,GEO METALS SAS,1,"Nombre Comercial:ORO , Otras características:BARRAS DE ALEACION DE ORO Y PLATA; BARRA R17-1 LEY ORO 90,538% GRAMOS FINOS DE ORO 2501,79 LEY PLATA 9,462% GRAMOS FINOS DE PLATA 261,47; GRAMOS FINOS DE ORO DECLARADOS 2501,79; GRAMOS FINOS DE PLATA DECLARADOS 261,47; GRAMOS NETOS DECLARADOS 2763,26; NOS ACOGEMOS A LA CIRCULAR REGLAMENTARIA EXTERNA BANCO REPUBLICA # 83 NUMERAL 9 LITERAL ""J"" DEL 2011; CON CONTRATO DE PRESTACION DE SERVICIOS PARA LA EXPORTACION DE METALES PRECIOSOS N°900940425 DEL 01-10-2022 SUSCRITO ENTRE M&MTRADING SAS Y GEO METALS SAS; MERCANCIA PARA DAR CUMPLIMIENTO AL CONTRATO 900940425 DE PRESTACION DE SERVICIOS DE TRANSFORMACION Y MANDATO PARA EXPORTACION DE METALES PRECIOSOS; , Cantidad de unidades comerciales:2501.79 GRAMOS FINOS ",35322971,12,1071043,1081000,,,,,,,,70107
2023,3,6007714326144,4,,,,,M&MTRADING SAS,900940425,10910097,900908875,0,,,,,AGENCIA DE ADUANAS ASL NIVEL 2 SAS,10910097,900892043,,,,,GEO METALS S.A.S,BG 98 ZN FRANCA,Rionegro,42223433,6007713963113,41529349,42323442,,,,,42,1051113,1071043,169,1081000,30220635,30120632,23620384,ZONA FRANCA RIONEGRO,1,62518.10,,33723811,,,,2,2,,29520622,1051113,90,Aduanas de Medellín,169,COLOMBIA,671,62518.1,,,,62518.1,,,1,1,1.62,20230427,6027710817122,20230426,,,,,6007714326137,,20230503153151,22390623,10910094,71586157,0,,,900940425,1,1,1,7108120000,,,16820215,1.17,36623087,1153.59,23020303,1,1.62,1.17,62518.1,GEO METALS SAS,1,"Nombre Comercial:ORO , Otras características:BARRAS DE ALEACION DE ORO Y PLATA; BARRA R32-1 LEY ORO 85,13% GRAMOS FINOS DE ORO 952,61 LEY PLATA 13,402% GRAMOS FINOS DE PLATA 149,97; BARRA R32-2 LEY ORO 99,119% GRAMOS FINOS DE ORO 50,65 LEY PLATA 0,705% GRAMOS FINOS DE PLATA 0,36; GRAMOS FINOS DE ORO DECLARADOS 1003,26; GRAMOS FINOS DE PLATA DECLARADOS 150,33; GRAMOS NETOS DECLARADOS 1170,1; NOS ACOGEMOS A LA CIRCULAR REGLAMENTARIA EXTERNA BANCO REPUBLICA # 83 NUMERAL 9 LITERAL ""J"" DEL 2011; CON CONTRATO DE PRESTACION DE SERVICIOS Y MANDATO N°900940425 DEL 01-10-2022 SUSCRITO ENTRE M&MTRADING SAS Y GEO METALS SAS; MERCANCIA PARA DAR CUMPLIMIENTO AL CONTRATO 900940425 DE PRESTACION DE SERVICIOS DE TRANSFORMACION Y OTROS PARA EXPORTACION DE METALES PRECIOSOS; , Cantidad de unidades comerciales:1003.26 GRAMOS FINOS ",35322971,12,1071043,1081000,,,,,,,,70107
2023,1,6007722934570,6,,,,,PACIFIC MINING PROJECTS S.A.S,901028975,10910097,901396362,9,,,,,AGENCIA DE ADUANAS A&V ADUANAS Y VALORES NIVEL 2 SAS,10922973,,,,,,ATLANTIC WHOLESALERS,"CALLE 14 ROOSEVELT Y CALLE C APDO.0302-00616 ZL, ZONA LIBRE COLON ",ZONA LIBRE COLON ,42223433,,,42323438,,03202301654,,,47,1051065,1071043,169,1081002,30220635,30120632,23620384,AEROPUERTO EL DORADO ,1,355944.39,,33722877,,,1,2,2,23120230,29520622,1051065,3,Aduanas de Bogota - Aeropuerto El Dorado,580,PANAMA,1263449,355944.39,,,,355944.39,,,1,1,6,20231009,6027718389721,20231006,102203015,77,88270294,,,,20231013163151,107052378,10910094,1032368779,6,,,901028975,1,1,1,7108120000,,,16820215,6,36623087,6000,23020262,1,6,6,355944.39,,1,"Nombre Comercial:ORO EN BARRA , Otras características:EXPORTACION PARA PERFECCIONAMIENTO PASIVO EL MATERIAL SE UTILIZARA PARA MANUFACTURA DE JOYERIA DE 18 KILATES LEY 750, 3 BARRAS DE ORO LEY 99.9% CON UN PESO DE 6000 GRAMOS BRUTOS, EQUIVALENTES A 5999.40 GRAMOS FINOS DE ORO **/ MERCANCIA LLEVADA A LA MANO DEL VIAJERO: GIRALDO LEIVA JAIRO ALBERTO CON PASAPORTE No: AU791627 DE COLOMBIA Y TIQUETE No: 2302183422859 DE COPA IRLINES**CON PAGOS DE REGALIAS NO.20230221110234 POR VALOR $215.156 NO.20230121110522 POR VALOR $2371 NO. 20230121111037 POR VALOR DE $15993000 NO.20230926152600 POR VALOR DE $36945000**  , Cantidad de unidades comerciales:6000 GRAMOS  ",35322972,1,1071043,1081000,,,,,,,,70107
2023,1,6007721332894,0,,,,,LANDGREEN S.A.S.,901039869,10910097,900908875,0,,,,,AGENCIA DE ADUANAS ASL NIVEL 2 SAS,10910394,842569448,,,,,KEYBRICK CORP A/C STONEX COMMODITIES DMCC,"800 SE 4 th Ave. Suite 115, Hallandale, FI 33009, ESTADOS UNIDOS,",HALLANDALE,42223433,,,42323438,,,,,42,1051113,1071043,169,1081000,30220635,30120632,23620384,AEROPUERTO JOSE MARIA CORDOBA,1,285315.23,,33723811,,,2,2,2,23120230,29520622,1051113,90,Aduanas de Medellín,249,ESTADOS UNIDOS,1272502,285315.23,,,,285315.23,,,1,1,6,20230911,6027717011125,20230908,22461726,79,71657263,,,,20230914095853,22390623,10910094,71586157,0,,,901039869,1,1,1,7108120000,,,16820215,5.53,36623087,4637.01,23020303,1,6,5.53,285315.23,KEYBRICK CORP,1,"Nombre Comercial:ORO , Otras características:BARRAS DE ALEACION DE ORO Y PLATA; BARRA 1 LEY ORO 0,8144 GRAMOS FINOS DE ORO 634,01 LEY PLATA 0,1856 GRAMOS FINOS DE PLATA 144,49; BARRA 2 LEY ORO 0,8782 GRAMOS FINOS DE ORO 1020,82 LEY PLATA 0,1218 GRAMOS FINOS DE PLATA 141,58; BARRA 3 LEY ORO 0,873 GRAMOS FINOS DE ORO 971,3 LEY PLATA 0,127 GRAMOS FINOS DE PLATA 141,3; BARRA 4 LEY ORO 0,8095 GRAMOS FINOS DE ORO 2010,88 LEY PLATA 0,1905 GRAMOS FINOS DE PLATA 473,22; GRAMOS FINOS DE ORO DECLARADOS 4637,01; GRAMOS FINOS DE PLATA DECLARADOS 900,59; GRAMOS NETOS DECLARADOS 5537,6; , Cantidad de unidades comerciales:4637.01 GRAMOS FINOS ",,,1071043,1081000,,,,,,,,70107
2023,1,6007714086738,8,,,,,C.I INMIRCOL S.A.S,901129827,10910097,901129827,8,,,,,C.I INMIRCOL S.A.S,10922973,,,,,,FAHRENHEIT 1945 LLC,7950 nw 53rd street suite 337 Miami FL 33166,MIAMI,42223433,,,42323438,,,,,42,1051065,1071043,169,1081002,30220635,30120632,23620384,AEROPUERTO INTERNACIONAL,1,106830.81,4482.45,33723812,,,1,2,2,23120230,29520622,1051065,3,Aduanas de Bogota - Aeropuerto El Dorado,249,ESTADOS UNIDOS,1274397,106830.81,,,,106830.81,,,1,1,1.98736,20230427,6027710717531,20230426,104649588,78,9157516,,,,20230429142057,20154560,10910094,52223761,3,,,901129827,1,1,1,7108120000,,,16820215,1.98736,36623087,1987.36,23020284,1,1.99,1.99,106830.81,,1,"Nombre Comercial:Oro en barras , Otras características:1987.36 Gramos brutos que corresponden a 1720.58 gramos puros representados en 2 barras Barra 1) 313.34 Gramos brutos ley oro 96.285% equivalente 301.7 gramos puros de oro, plata 3.715% equivalente a 11.64 gramos puros de plata Barra 2) 1674.02 Gramos brutos ley oro 84.759% equivalente 1418.88 gramos puros de oro, Ley de plata 15.241% equivalente a 255.14 gramos puros de plata  **Llevada a la mano del señor Fabian Alejandro Urrego con pasaporte No. AP337180 de Colombia, y tiquete No. 001-2389205920 de American Airlines.   , Cantidad de unidades comerciales:1987.36 gramos ",,,1071043,1081002,,,,,,,,70107
2023,1,6007709978395,1,,,,,C.I. GLOBAL MULTI COMMODITIES SAS,901138612,10910097,900908875,0,,,,,AGENCIA DE ADUANAS ASL NIVEL 2 SAS,10910394,444.444.086-0,,,,,DILLON GAGE INCORPORATE OF DALLAS,"11231 GEMINI LANE DALLAS, TEXAS 75229",DALLAS,42223433,,,42323438,,,,,42,1051113,1071043,169,1081000,30220635,30120632,23620384,AEROPUERTO JOSE MARIA CORDOBA,1,1659741.53,,33723811,,,2,2,2,23120230,29520622,1051113,90,Aduanas de Medellín,249,ESTADOS UNIDOS,1310726,1659741.53,,,,1659741.53,,,1,2,31,20230210,6027707344547,20230209,22292929,78,71224970,,,,20230213114820,22390623,10910094,71586157,0,,,901138612,1,1,1,7108120000,,,16820215,29.59,36623087,26890.14,23020303,2,31,29.59,1659741.53,DILLON GAGE INCORPORATE OF DALLAS,1,"Nombre Comercial:ORO , Otras características:BARRAS DE ALEACION DE ORO Y PLATA; BARRA GL00914 LEY ORO 90,24% GRAMOS FINOS DE ORO 1239,41 LEY PLATA 9,68% GRAMOS FINOS DE PLATA 132,95; BARRA GL00915 LEY ORO 87,52% GRAMOS FINOS DE ORO 1767,87 LEY PLATA 12,02% GRAMOS FINOS DE PLATA 242,8; BARRA GL00916 LEY ORO 87,38% GRAMOS FINOS DE ORO 1754,29 LEY PLATA 12,17% GRAMOS FINOS DE PLATA 244,33; BARRA GL00917 LEY ORO 88,62% GRAMOS FINOS DE ORO 1865,62 LEY PLATA 11,29% GRAMOS FINOS DE PLATA 237,67; BARRA GLOMCO 1 LEY ORO 99,79% GRAMOS FINOS DE ORO 2989,3 LEY PLATA 0% GRAMOS FINOS DE PLATA 0; BARRA GLOMCO 2 LEY ORO 99,76% GRAMOS FINOS DE ORO 3990,59 LEY PLATA 0,13% GRAMOS FINOS DE PLATA 5,2; BARRA GLOMCO 3 LEY ORO 88,59% GRAMOS FINOS DE ORO 3343,74 LEY PLATA 11,24% GRAMOS FINOS DE PLATA 424,24; BARRA GLOMCO 4 LEY ORO 89,47% GRAMOS FINOS DE ORO 3648,85 LEY PLATA 10,48% GRAMOS FINOS DE PLATA 427,4; BARRA GL00922 LEY ORO 84,46% GRAMOS FINOS DE ORO 2331,54 LEY PLATA 15,26% GRAMOS FINOS DE PLATA 421,25; BARRA GL00931 LEY ORO 87,31% GRAMOS FINOS DE ORO 1292,04 LEY PLATA 12,61% GRAMOS FINOS DE PLATA 186,6; BARRA GL001000 LEY ORO 88,04% GRAMOS FINOS DE ORO 1594,97 LEY PLATA 11,55% GRAMOS FINOS DE PLATA 209,24; BARRA GL001001 LEY ORO 90,02% GRAMOS FINOS DE ORO 1071,92 LEY PLATA 9,68% GRAMOS FINOS DE PLATA 115,27; GRAMOS FINOS DE ORO DECLARADOS 26890,14; GRAMOS FINOS DE PLATA DECLARADOS 2646,95; GR",,,1071043,1081000,,,,,,,,70107
2023,1,6007722573594,6,,,,,MINEROS ALUVIAL S.A.S. BIC,901218630,10910097,830002571,4,,,,,AGENCIA DE ADUANAS AVIATUR  S. A.S. NIVEL 1.,10922973,,,,,,ARGOR HERAEUS S.A.,VIA MOREE 14. CH-6850 MENDRISIO,MENDRISIO,42223433,,,42323438,,29989711,,,42,1051113,1071043,169,1081000,30220635,30120632,23620384,APTO JMC RIONEGRO,1,8256457.390000,,33723811,,,2,2,2,23120230,29520622,1051113,90,Aduanas de Medellín,767,SUIZA,1237609,8256457.39,,,,8256457.39,,,1,8,153.5,20231005,6027718169838,20231004,35896173,75,1037578608,,,,20231010102217,29460969,10910094,43576612,6,,,901218630,1,1,1,7108130000,,,16820215,148.670000,36623087,133594.81,23020262,8,153.5,148.67,8256457.39,ARGOR HERAEUS S.A.,1,"Nombre Comercial:DO 36782 // OCHO BARRAS DE ALEACION ORO PLATA , Otras características:FACTURA 13-1392 // BARRA 5089 SON 15998.35 GRAMOS FINOS DE ORO LEY 898.36 Y 1601.69 GRAMOS FINOS DE PLATA LEY 89.94 / BARRA 5090 SON 16363.80 GRAMOS FINOS DE ORO LEY 897.65 Y 1641.58 GRAMOS FINOS DE PLATA LEY 90.05 / BARRA 5091 SON 12952.52 GRAMOS FINOS DE ORO LEY 899.05 Y 1331.92 GRAMOS FINOS DE PLATA LEY 92.45 / BARRA 5092 SON 19852.19 GRAMOS FINOS DE ORO LEY 898.70 Y 2072.03 GRAMOS FINOS DE PLATA LEY 93.80 / BARRA 5093 SON 16199.89 GRAMOS FINOS DE ORO LEY 896.19 Y 1676.59 GRAMOS FINOS DE PLATA LEY 92.75 / BARRA 5094 SON 13205.32 GRAMOS FINOS DE ORO LEY 896.54 Y 1390.73 GRAMOS FINOS DE PLATA LEY 94.42 / BARRA 5095 SON 18256.13 GRAMOS FINOS DE ORO LEY 895.04 Y 1947.91 GRAMOS FINOS DE PLATA LEY 95.50 // FACTURA 13-1393 // BARRA 5096 SON 20766.60 GRAMOS FINOS DE ORO LEY 905.66 Y 1841.49 GRAMOS FINOS DE PLATA LEY 80.31 // APROBADO VB-ANM-37715 CON TRAMITE TM-00016622-20230928 FE 03/10/2023 FV 02/01/2024 POR VALOR DE COP 537.339.030 Y SE REALIZA PAGOS DTN POR VALOR DE 1.074.678.059 // SON 133594.81 GRAMOS FINOS DE ORO DECLARADOS Y 13503.93 GRAMOS FINOS DE PLATA DECLARADOS // GUIA AEREA 729-44322084 , Cantidad de unidades comerciales:133594.81 GRS ",,,1071043,1081000,,,,,,,,96819
2023,1,6007712307453,8,,,,,ORIGEN ORO ARTESANAL SAS,901348315,10910097,900908875,0,,,,,AGENCIA DE ADUANAS ASL NIVEL 2 SAS,10910097,900892043,,,,,GEO METALS S.A.S,BG 98 ZN FRANCA,Rionegro,42223433,,,42323438,,,,,47,1051113,1071043,169,1081000,30220635,30120632,23620384,ZONA FRANCA RIONEGRO,1,125255.43,,33723811,,,,2,2,,29520622,1051113,90,Aduanas de Medellín,169,COLOMBIA,671,125255.43,,,,125255.43,,,1,1,2.82,20230327,6027709312197,20230324,22292929,78,71224970,,,,20230327162512,22390623,10910094,71586157,0,,,901348315,1,1,1,7108120000,,,16820215,2.37,36623087,2365.71,23020303,1,2.82,2.37,125255.43,GEO METALS SAS,1,"Nombre Comercial:ORO , Otras características:BARRAS DE ALEACION DE ORO Y PLATA; BARRA R18-1 LEY ORO 88,784% GRAMOS FINOS DE ORO 2107,23 LEY PLATA 10,89% GRAMOS FINOS DE PLATA 258,48; GRAMOS FINOS DE ORO DECLARADOS 2107,23; GRAMOS FINOS DE PLATA DECLARADOS 258,48; GRAMOS NETOS DECLARADOS 2373,41; NOS ACOGEMOS A LA CIRCULAR REGLAMENTARIA EXTERNA BANCO REPUBLICA # 83 NUMERAL 9 LITERAL ""J"" DEL 2011; CON CONTRATO DE PRESTACION DE SERVICIOS PARA LA EXPORTACION DE METALES PRECIOSOS N°901348315 DE FECHA 01-10-2022 SUSCRITO ENTRE ORIGEN ORO ARTESANAL SAS Y GEO METALS SAS; MERCANCIA PARA DAR CUMPLIMIENTO AL CONTRATO N°901348315 DE PRESTACION DE SERVICIOS DE TRANSFORMACION Y MANDATO PARA EXPORTACION DE METALES PRECIOSOS;  , Cantidad de unidades comerciales:2107.23 GRAMOS FINOS ",35322971,12,1071043,1081000,,,,,,,,70107
2023,1,6007715406795,3,,,,,INVERSIONES DIAZ CEBALLOS & CIA S.A.S,901559983,10910097,890313036,8,,,,,AGENCIA DE ADUANAS CONTINENTAL DE ADUANAS S.A.S. NIVEL 1,10910097,900479267,,,,,FUNDICION RAMIREZ  ZONA FRANCA SAS,ZF PALMASECA BG A 5 B,Palmira,42223433,,,42323438,,ZFP-8308,,,42,1051111,1071043,169,1081023,30220635,30120632,23620386,ZONA FRANCA PALMASECA ,31,1479711295.28,4601.15,33723811,,,,2,2,,29520622,1051111,88,Aduanas de Cali,169,COLOMBIA,357,321595.97,,,,321595.97,,,1,2,6.14,20230523,6027711998421,20230519,18002715,79,31991614,,,,20230525120420,17556019,10910094,31167540,6,,,901559983,1,1,1,7108120000,,,16820215,6.02,36623087,5199.37,23020363,2,6.14,6.02,321595.97,,1,"Nombre Comercial:GRAMOS FINOS DE ORO , Otras características:GRAMOS DE ORO FINO PARA USO NO MONETARIO CON LAS SIGUIENTES BARRAS DISCRIMINADAS CONFORME A FACTURA Y BOLETIN DE ANALISIS. FACTURA: FEV-148 BARRA 1//Gramos netos: 1.269,36 Ley: 0,825000 para: 1.047,22 gramos finos//   BARRA 2 //Gramos netos: 1.225,36 Ley: 0,839000 para: 1.028,08 gramos finos//   BARRA 3 //Gramos netos: 1.219,14 Ley: 0,808000 para: 985,07 gramos finos// FACTURA: FEV-149 BARRA 1//Gramos netos: 1.209,92 Ley: 0,905000 para: 1.094,98 gramos finos//   BARRA 2 //Gramos netos: 1.093,22 Ley: 0,955000 para: 1.044,02 gramos finos// , Cantidad de unidades comerciales:5199.37 GRAMOS FINOS DE ORO  ",,,1071043,1081000,,,,,,,,70107
2023,1,6007715509681,1,,,,,TRADE GOLD MEDELLIN SAS,901575376,10910097,900908875,0,,,,,AGENCIA DE ADUANAS ASL NIVEL 2 SAS,10922973,,,,,,Target SRL,"Str. Provinciale per Pavia, 37 Fraz. Valmadonna - 15122 Alessandria Italy",ALESSANDRIA,42223433,,,42323438,,,,,42,1051113,1071043,169,1081000,30220635,30120632,23620384,AEROPUERTO JOSE MARIA CORDOBA,1,476289.93,,33723811,,,2,2,2,23120230,29520622,1051113,90,Aduanas de Medellín,386,ITALIA,1255879,476289.93,,,,476289.93,,,1,1,9,20230523,6027711997460,20230519,111076508,78,30686106,,,,20230525110404,22390623,10910094,71586157,0,,,901575376,1,1,1,7108120000,,,16820215,8.06,36623087,7430.42,23020303,1,9,8.06,476289.93,Target SRL,1,"Nombre Comercial:ORO , Otras características:BARRAS DE ALEACION DE ORO Y PLATA; BARRA TGM 1 LEY ORO 929,2 GRAMOS FINOS DE ORO 3695,15 LEY PLATA 69,8 GRAMOS FINOS DE PLATA 277,6; BARRA TGM 2 LEY ORO 914,7 GRAMOS FINOS DE ORO 3735,27 LEY PLATA 84,3 GRAMOS FINOS DE PLATA 344,2; GRAMOS FINOS DE ORO DECLARADOS 7430,42; GRAMOS FINOS DE PLATA DECLARADOS 621,8; GRAMOS NETOS DECLARADOS 8060,3; CON CONTRATO EN CUENTAS DE PARTICIPACION SIN NUMERO DE FECHA 02-09-2022 EMITIDO POR EDISSON ARMANDO GONZALEZ GUTIERREZ; MERCANCIA QUE SERÁ DESPACHADA A TARGET Srl CON DIRECCION Str. Provinciale per Pavia, 37 Fraz. Valmadonna - 15122 Alessandria Italy POR ORDEN DE SU COMPRADOR Target SRL CON DIRECCION Via vallarsa 13 20139 Milano. , Cantidad de unidades comerciales:7430.42 GRAMOS FINOS ",,,1071043,1081000,,,,,,,,70107
2024,1,6007733744081,4,RAMIREZ,VARGAS,CARLOS,ALBERTO,RAMIREZ VARGAS CARLOS ALBERTO,1117526328,10910097,900908875,0,,,,,AGENCIA DE ADUANAS ASL NIVEL 2 SAS,10910097,901180357,,,,,OSPREY METALS S.A.S.,ZF RIONEGRO,Rionegro,42223433,,,42323438,,,,,42,1051113,1071043,169,1081000,30220635,30120632,23620384,ZONA FRANCA RIONEGRO,31,1566468840.15,,33723811,,,,2,2,,29520622,1051113,90,Aduanas de Medellín,169,COLOMBIA,671,408332.98,,,,408332.98,,,1,2,6.73,20240425,6027728361451,20240423,22292929,78,71224970,,,,20240426094014,22390623,10910094,71586157,0,,,1117526328,1,1,1,7108120000,,,16820215,6.36,36623087,6362.22,23020303,2,6.73,6.36,408332.98,OSPREY METALS SAS,1,"Nombre Comercial:ORO , Otras características:BARRAS DE ALEACION DE ORO Y PLATA; BARRA CAR017 LEY ORO 86,62% GRAMOS FINOS DE ORO 3312,52 LEY PLATA 13,36% GRAMOS FINOS DE PLATA 510,91; BARRA CAR018 LEY ORO 85,87% GRAMOS FINOS DE ORO 2180,93 LEY PLATA 14,09% GRAMOS FINOS DE PLATA 357,86; GRAMOS FINOS DE ORO DECLARADOS 5493,45; GRAMOS FINOS DE PLATA DECLARADOS 868,77; GRAMOS NETOS DECLARADOS 6364; NOS ACOGEMOS A LA CIRCULAR REGLAMENTARIA EXTERNA BANCO REPUBLICA # 83 NUMERAL 9 LITERAL ""J"" DEL 2011; DE ACUERDO AL ARTICULO 139 DE LA RESOLUCION 39 DE 2021; MERCANCIA QUE SERA DESPACHADA A OSPREY METALS SAS EN ZONA FRANCA RIONEGRO BODEGA 101 POR ORDEN DE SU COMPRADOR GLOBAL METALS INDUSTRY LLC CON DIRECCION 1200 BRICKELL AVENUE SUITE 800 MIAMI, FL 33131, ESTADOS UNIDOS MIAMI , Cantidad de unidades comerciales:5493.45 GRAMOS FINOS ",,,1071043,1081000,,,,,,,,70107
2024,1,6007737651361,8,RODRIGUEZ,BERNAL,HUMBERNEY,,RODRIGUEZ BERNAL HUMBERNEY,14136598,10910097,890313036,8,,,,,AGENCIA DE ADUANAS CONTINENTAL DE ADUANAS S.A.S. NIVEL 1,10910097,900479267,,,,,FUNDICION RAMIREZ  ZONA FRANCA SAS,ZF PALMASECA BG A 5 B,Palmira,42223433,,,42323438,,ZFP-9138,,,42,1051111,1071043,169,1081023,30220635,30120632,23620386,ZONA FRANCA PALMASECA,31,305235080.87,4175.96,33723811,,,,2,2,,29520622,1051111,88,Aduanas de Cali,169,COLOMBIA,357,73093.39,,,,73093.39,,,1,1,1.17,20240702,6027731780453,20240628,,,,,,,20240704160629,17556019,10910094,31167540,6,,,14136598,1,1,1,7108120000,,,16820215,1.13,36623087,1047.23,23020363,1,1.17,1.13,73093.39,,1,"Nombre Comercial:GRAMOS DE ORO FINO , Otras características:GRAMOS DE ORO FINO PARA USO NO MONETARIO CON LAS SIGUIENTES BARRAS DISCRIMINADAS CONFORME A FACTURA Y BOLETIN DE ANALISIS.       FACTURA:HR-42 BARRA 1//Gramos netos:554,76 Ley:0,90500 para:502,06 gramos finos//  BARRA 2//Gramos netos:570,26 Ley:0,95600 para:545,17 gramos finos//  , Cantidad de unidades comerciales:1047.23 GRAMOS FINOS DE ORO ",,,1071043,1081000,,,,,,,,70107
2024,1,6007737322218,6,SEGUANES,BENITEZ,GIOVANIS,STELLA,SEGUANES BENITEZ GIOVANIS STELLA,39273961,10910097,890313036,8,,,,,AGENCIA DE ADUANAS CONTINENTAL DE ADUANAS S.A.S. NIVEL 1,10910097,900479267,,,,,FUNDICION RAMIREZ  ZONA FRANCA SAS,ZF PALMASECA BG A 5 B,Palmira,42223433,,,42323438,,ZFP-9128,,,42,1051111,1071043,169,1081023,30220635,30120632,23620386,ZONA FRANCA PALMASECA ,31,2208258827.13,4175.96,33723811,,,,2,2,,29520622,1051111,88,Aduanas de Cali,169,COLOMBIA,357,528802.68,,,,528802.68,,,1,2,8.44,20240626,6027731619366,20240625,,,,,,,20240627152235,17556019,10910094,31167540,6,,,39273961,1,1,1,7108120000,,,16820215,8.33,36623087,7568.41,23020363,2,8.44,8.33,528802.68,,1,"Nombre Comercial:GRAMOS FINOS DE ORO , Otras características:GRAMOS DE ORO FINO PARA USO NO MONETARIO CON LAS SIGUIENTES BARRAS DISCRIMINADAS CONFORME A FACTURA Y BOLETIN DE ANALISIS. FACTURA:747 BARRA 1//Gramos netos:798,22 Ley:0,914009 para:729,58 gramos finos//  BARRA 2//Gramos netos:802,02 Ley:0,927994 para:744,27 gramos finos//  BARRA 3//Gramos netos:429,61 Ley:0,917995 para:394,38 gramos finos//  BARRA 4//Gramos netos:188,17 Ley:0,931976 para:175,37 gramos finos//  BARRA 5//Gramos netos:800,83 Ley:0,888004 para:711,14 gramos finos//  BARRA 6//Gramos netos:523,87 Ley:0,958997 para:502,39 gramos finos//  BARRA 7//Gramos netos:267,17 Ley:0,941011 para:251,41 gramos finos//  BARRA 8//Gramos netos:233,48 Ley:0,954000 para:222,74 gramos finos//  FACTURA:751 BARRA 1//Gramos netos:1.391,82 Ley:0,841998 para:1.171,91 gramos finos//  BARRA 2//Gramos netos:376,90 Ley:0,911993 para:343,73 gramos finos//  BARRA 3//Gramos netos:366,40 Ley:0,921998 para:337,82 gramos finos//  BARRA 4//Gramos netos:1.102,40 Ley:0,908999 para:1.002,08 gramos finos//  BARRA 5//Gramos netos:546,31 Ley:0,911003 para:497,69 gramos finos//  BARRA 6//Gramos netos:371,18 Ley:0,984994 para:365,61 gramos finos//  BARRA 7//Gramos netos:136,27 Ley:0,868056 para:118,29 gramos finos//  , Cantidad de unidades comerciales:7568.41 GRAMOS FINOS DE ORO  ",,,1071043,1081000,,,,,,,,70107
2024,1,6007741717001,0,OROZCO,,EDGAR,FERNEY,OROZCO EDGAR FERNEY,4666524,10910097,900908875,0,,,,,AGENCIA DE ADUANAS ASL NIVEL 2 SAS,10910097,900625884,,,,,GRUPO ALTEA S.A.S.,ZONA FRANCA RIONEGRO - VEREDA  CHACHAFRUTO BG 93 Y 100,Rionegro,42223433,,,42323438,,,,,42,1051113,1071043,169,1081000,30220635,30120632,23620384,ZONA FRANCA DE RIONEGRO,31,153206845.29,,33723811,,,,2,2,,29520622,1051113,90,Aduanas de Medellín,169,COLOMBIA,671,36825.82,,,,36825.82,,,1,1,0.52,20240912,6027735493769,20240910,106308542,77,1036925982,,,,20241008105047,22390623,10910094,71586157,0,,,4666524,1,1,1,7108120000,,,16820215,0.49,36623087,490.84,23020303,1,0.52,0.49,36825.82,GRUPO ALTEA SAS,1,"Nombre Comercial:ORO , Otras características:BARRAS DE ALEACION DE ORO Y PLATA; BARRA 7694 N LEY ORO 976 GRAMOS FINOS DE ORO 479,78 LEY PLATA 22,5 GRAMOS FINOS DE PLATA 11,06; GRAMOS FINOS DE ORO DECLARADOS 479,78; GRAMOS FINOS DE PLATA DECLARADOS 11,06; GRAMOS NETOS DECLARADOS 491,58; NOS ACOGEMOS A LA CIRCULAR REGLAMENTARIA EXTERNA BANCO REPUBLICA # 83 NUMERAL 9 LITERAL ""J"" DEL 2011; DE ACUERDO AL ARTICULO 139 DE LA RESOLUCION 39 DE 2021 , Cantidad de unidades comerciales:491.58 GRAMOS ",,,1071043,1081000,,,,,,,,70107
2024,1,6007742497458,3,,,,,C.I. COLOMBIAN MINT S.A.S,811009244,10910097,830002571,4,,,,,AGENCIA DE ADUANAS AVIATUR  S. A.S. NIVEL 1.,10922973,,,,,,DILLON GAGE INC.,"11210 Zodiac Lane Dallas, TX 75229",DALLAS,42223433,,,42323438,,32328439,,,42,1051113,1071043,169,1081000,30220635,30120632,23620398,DALLAS,31,12812554923.850000,4220.58,33723812,,,2,2,2,23120230,29520622,1051113,90,Aduanas de Medellín,249,ESTADOS UNIDOS,1269917,3028200.66,6771.380000,758.930000,,3035730.97,,,1,3,41.95,20240924,6027735174942,20240924,,,,,,,20240926104721,29460969,10910094,43576612,6,,,811009244,1,1,1,7108120000,,,16820215,40.470000,36623087,36822.29,23020262,3,41.95,40.47,3028200.66,DILLON GAGE INC,1,"Nombre Comercial:DO 37231 // TRES BARRAS DE ALEACION ORO PLATA , Otras características:BARRA IG-1917 SON 12,274.14 GRAMOS FINOS DE ORO LEY 909.79 Y 1,082.10 GRAMOS FINOS DE PLATA LEY 80.21/  BARRA IG-1918 SON 12,273.98 GRAMOS FINOS DE ORO LEY 909.82 Y 1,081.75 GRAMOS FINOS DE PLATA LEY 80.19//  BARRA IG-1919 SON 12,274.17 GRAMOS FINOS DE ORO LEY 909.96 Y 1,079.61 GRAMOS FINOS DE PLATA LEY 80.04// VALOR COP 12,812,554,923.85 TASA DE CAMBIO PONDERADA 4220,58// APROBADO VB-ANM-20240924-00014 CON TRAMITE TM-00016600-20240917 FE 24/09/2024 FF 23/12/2024 // GUIA AEREA 729-44899433 , Cantidad de unidades comerciales:36822.29 GRAMOS ",,,1071043,1081000,,,,,,,,70107
2024,1,6007747587641,3,,,,,C.I. COLOMBIAN MINT S.A.S,811009244,10910097,830002571,4,,,,,AGENCIA DE ADUANAS AVIATUR  S. A.S. NIVEL 1.,10922973,,,,,,HELMETCREST LLC,"SHARJAH MEDIA CITY, UAE",SHARJAH,42223433,,,42323438,,32938582,,,42,1051113,1071043,169,1081000,30220635,30120632,23620398,SHARJAH,31,14487750026.530000,4335.2,33723812,,,2,2,2,23120230,29520622,1051113,90,Aduanas de Medellín,244,EMIRATOS ARABES UNID,1231383,3333893.93,7157.920000,835.470000,,3341887.32,,,1,3,44.45,20241217,6027739463596,20241217,,,,,,,20241219141529,29460969,10910094,43576612,6,,,811009244,1,1,1,7108120000,,,16820215,42.970000,36623087,39210.94,23020262,3,44.45,42.97,3333893.93,HELMETCREST LLC,1,"Nombre Comercial:DO52029 // TRES BARRAS DE ALEACION ORO PLATA , Otras características:Barra IG-2040 SON 13,100.21 GRAMOS FINOS DE ORO LEY 912.31 Y 1,115.64 GRAMOS FINOS DE PLATA LEY 77.69 // BARRA IG-2041 SON 13,071.65 GRAMOS FINOS DE ORO LEY 913.12 Y 1,100.57 GRAMOS FINOS DE PLATA LEY 76.88//BARRA IG-2042 SON 13,039.08 GRAMOS FINOS DE ORO LEY 911.98 Y 1,115.49 GRAMOS FINOS DE PLATA LEY 78.02// APROBADO VB-ANM 20241217-00040 CON TRAMITE TM-00023013-20241212 FE 17/12/2024 FV 17/03/2025 // SON 39,210.94 GRAMOS DECLARADOS DE ORO Y 3,331.70 GRAMOS FINOS DE PLATA DECLARADOS // GUIA 729-44900645 , Cantidad de unidades comerciales:39210.94 GRMS ",,,1071043,1081000,,,,,,,,70107
2024,1,6007735512647,0,,,,,FUNDICION RAMIREZ  ZONA FRANCA SAS,900479267,10910097,890313036,8,,,,,AGENCIA DE ADUANAS CONTINENTAL DE ADUANAS S.A.S. NIVEL 1,10910394,NO REGISTRA,,,,,KUNDAN REFINERY PRIVATE LTD,"PLOT No 205, Sector-4, Phase II, IMT MANESAR GURUGRAM, HARYANA 122051",GURUGRAM-HARYANA,42223433,,,42323438,,ZFP-9062,,,42,1051111,1071043,169,1081023,30220635,30120632,23620386,ALBONAR ,1,2013005.90,3814.94,33723811,,,2,2,2,23120230,29520622,1051111,88,Aduanas de Cali,361,INDIA,1254498,2013005.9,,,,2013005.9,,,1,4,33,20240522,6027729882951,20240522,,,,,,,20240525113417,17556019,10910094,31167540,6,,,900479267,1,1,1,7108120000,,,16820215,31.04,36623087,26941.57,23020363,4,33,31.04,2013005.9,,1,"Nombre Comercial:ORO EN BARRAS  , Otras características:4 BARRAS CON GRAMOS DE ORO FINO PARA USO NO MONETARIO. GRAMOS NETOS TOTALES:31041.50 Y GRAMOS FINOS TOTALES:26941.57 LEY PROMEDIO:0.867921 CON LAS SIGUIENTES BARRAS DISCRIMINADAS CONFORME A BOLETIN DE ANALISIS. FACTURA:1828 TULA 1:BARRA N°:R-145 GRAMOS NETOS:7.294,70 LEY:0,764114 GRAMOS FINOS:5.573,98 // TULA 2:BARRA N°:R-146 GRAMOS NETOS:7.158,10 LEY:0,859929 GRAMOS FINOS:6.155,46 // TULA 3:BARRA N°:R-147 GRAMOS NETOS:8.574,80 LEY:0,900566 GRAMOS FINOS:7.722,17 // TULA 4:BARRA N°:R-148 GRAMOS NETOS:8.013,90 LEY:0,934621 GRAMOS FINOS:7.489,96 // , Cantidad de unidades comerciales:26941.57 GRM FINOS/866.188993 ONZAS TROY ",,,1071043,1081023,,,,,,,,70107
2024,1,6007737858593,0,,,,,FUNDICION RAMIREZ  ZONA FRANCA SAS,900479267,10910097,890313036,8,,,,,AGENCIA DE ADUANAS CONTINENTAL DE ADUANAS S.A.S. NIVEL 1,10910394,NO REGISTRA,,,,,JBG & CO DMCC,"Unit No 1205, HDS Business Center, Plot No: JLT-PH1-M1A, Jumeirah Lakes Towers, DUBAI",DUBAI,42223433,,,42323438,,ZFP-9149,,,42,1051111,1071043,169,1081023,30220635,30120632,23620386,ALBONAR ,1,1290941.47,4096.09,33723811,,,2,2,2,23120230,29520622,1051111,88,Aduanas de Cali,244,EMIRATOS ARABES UNID,1231363,1290941.47,,,,1290941.47,,,1,3,21,20240704,6027732043474,20240704,,,,,,,20240706115225,17556019,10910094,31167540,6,,,900479267,1,1,1,7108120000,,,16820215,19.91,36623087,17405.41,23020363,3,21,19.91,1290941.47,,1,"Nombre Comercial:ORO EN BARRAS  , Otras características:3 BARRAS CON GRAMOS DE ORO FINO PARA USO NO MONETARIO. GRAMOS NETOS TOTALES:19906.10 Y GRAMOS FINOS TOTALES:17405.41 LEY PROMEDIO:0.874376 CON LAS SIGUIENTES BARRAS DISCRIMINADAS CONFORME A BOLETIN DE ANALISIS. FACTURA:1838 TULA 1:BARRA°:R-188 GRAMOS NETOS:5.983,30 LEY:0,783461 GRAMOS FINOS:4.687,68 // TULA 2:BARRA°:R-189 GRAMOS NETOS:6.697,10 LEY:0,889231 GRAMOS FINOS:5.955,27 // TULA 3:BARRA°:R-190 GRAMOS NETOS:7.225,70 LEY:0,935890 GRAMOS FINOS:6.762,46 //  , Cantidad de unidades comerciales:17405.41 GRM FINOS/559.595249 ONZAS TROY ",,,1071043,1081023,,,,,,,,70107
2024,1,6007747177495,0,,,,,C.I. GESTION EL REAL S.A.S.,900932184,10910097,900908875,0,,,,,AGENCIA DE ADUANAS ASL NIVEL 2 SAS,10922973,,,,,,Dillon Gage INC.,"11210 Zodiac Ln, Dallas, TX 75229",DALLAS,42223433,,,42323438,,,,,42,1051113,1071043,169,1081000,30220635,30120632,23620384,AEROPUERTO JOSE MARIA CORDOBA,31,4554157544.81,,33723811,,,2,2,2,23120230,29520622,1051113,90,Aduanas de Medellín,249,ESTADOS UNIDOS,1269919,1024896.32,,,,1024896.32,,,1,1,13,20241210,6027740379811,20241209,35895747,77,70903637,,,,20241213110125,22390623,10910094,71586157,0,,,900932184,1,1,1,7108120000,,,16820215,12.78,36623087,11555.94,23020303,1,13,12.78,1024896.32,,1,"Nombre Comercial:ORO , Otras características:BARRAS DE ALEACION DE ORO Y PLATA; BARRA GER - 719 LEY ORO 91% GRAMOS FINOS DE ORO 2079,84 LEY PLATA 9% GRAMOS FINOS DE PLATA 205,7; BARRA GER - 720 LEY ORO 90,6% GRAMOS FINOS DE ORO 1853,06 LEY PLATA 9,4% GRAMOS FINOS DE PLATA 192,26; BARRA GER - 721 LEY ORO 93,1% GRAMOS FINOS DE ORO 1434 LEY PLATA 6,9% GRAMOS FINOS DE PLATA 106,28; BARRA GER - 722 LEY ORO 92% GRAMOS FINOS DE ORO 2140,54 LEY PLATA 8% GRAMOS FINOS DE PLATA 186,13; BARRA GER - 723 LEY ORO 92,22% GRAMOS FINOS DE ORO 2022,71 LEY PLATA 7,78% GRAMOS FINOS DE PLATA 170,64; BARRA GER - 724 LEY ORO 84,6% GRAMOS FINOS DE ORO 2025,8 LEY PLATA 15,4% GRAMOS FINOS DE PLATA 368,76; GRAMOS FINOS DE ORO DECLARADOS 11555,94; GRAMOS FINOS DE PLATA DECLARADOS 1229,78; GRAMOS NETOS DECLARADOS 12785,72; MERCANCIA QUE SERÁ DESPACHADA A Dillon Gage INC. CON DIRECCION 11210 Zodiac Ln, Dallas, TX 75229 POR ORDEN DE SU COMPRADOR GP INVESTMENTS GROUP LLC CON DIRECCION 12535 Orange Dr. Suite 601. , Cantidad de unidades comerciales:11555.94 GRAMOS FINOS ",,,1071043,1081000,,,,,,,,70107
2024,3,6007743712229,6,,,,,BUILDER SAS,900940917,10910097,900908875,0,,,,,AGENCIA DE ADUANAS ASL NIVEL 2 SAS,10910097,900892043,,,,,GEO METALS S.A.S,BG 98 ZN FRANCA,Rionegro,42223433,6007742848391,41529349,42323442,,,,,42,1051113,1071043,169,1081000,30220635,30120632,23620384,ZONA FRANCA RIONEGRO,31,544135758.15,,33723811,,,,2,2,,29520622,1051113,90,Aduanas de Medellín,169,COLOMBIA,671,123745.95,,,,123745.95,,,1,1,1.92,20241002,6027736478089,20240927,,,,,6007743712204,,20241016104218,22390623,10910094,71586157,0,,,900940917,1,1,1,7108120000,,,16820215,1.67,36623087,1671.57,23020303,1,1.92,1.67,123745.95,GEOMETALS SAS,1,"Nombre Comercial:ORO , Otras características:BARRAS DE ALEACION DE ORO Y PLATA; BARRA R16-1 LEY ORO 95,48% GRAMOS FINOS DE ORO 1596,81 LEY PLATA 4,47% GRAMOS FINOS DE PLATA 74,76; GRAMOS FINOS DE ORO DECLARADOS 1596,81; GRAMOS FINOS DE PLATA DECLARADOS 74,76; GRAMOS NETOS DECLARADOS 1672,4; NOS ACOGEMOS A LA CIRCULAR REGLAMENTARIA EXTERNA BANCO REPUBLICA # 83 NUMERAL 9 LITERAL ""J"" DEL 2011;CON CONTRATO DE PRESTACION DE SERVICIOS DE TRANSFORMACION, LOGISTICA Y MANDATO PARA LA EXPORTACION DE METALES PRECIOSOS N°900940917 DEL 24-07-2024 SUSCRITO ENTRE BUILDER SAS Y GEO METALS SAS; MERCANCIA PARA DAR CUMPLIMIENTO AL CONTRATO 900940917 DE PRESTACION DE SERVICIOS DE TRANSFORMACION Y OTROS PARA EXPORTACION DE METALES PRECIOSOS; , Cantidad de unidades comerciales:1596.81 GRAMOS FINOS ",35322971,12,1071043,1081000,,,,,,,,70107
2024,2,6007740404920,5,,,,,EMPALME COMERCIALIZADORA EMPACOM SAS,901161864,10910097,900908875,0,,,,,AGENCIA DE ADUANAS ASL NIVEL 2 SAS,10910097,900892043,,,,,GEO METALS S.A.S,BG 98 ZN FRANCA,Rionegro,42223433,6007739295037,41529349,42323442,,,,,42,1051113,1071043,169,1081000,30220635,30120632,23620384,ZONA FRANCA RIONEGRO,31,448324428.34,,33723811,,,,2,2,,29520622,1051113,90,Aduanas de Medellín,169,COLOMBIA,671,114954.98,,,,114954.98,,,1,1,1.90,20240731,6027733312770,20240729,,,,,,,20240820164423,,,,,,,901161864,1,1,1,7108120000,,,16820215,1.85,36623087,1852.55,23020303,1,1.9,1.85,114954.98,GEO METALS SAS,1,"Nombre Comercial:ORO , Otras características:BARRAS DE ALEACION DE ORO Y PLATA; BARRA 1 LEY ORO 90% GRAMOS FINOS DE ORO 1672,31 LEY PLATA 9,7% GRAMOS FINOS DE PLATA 180,24; GRAMOS FINOS DE ORO DECLARADOS 1672,31; GRAMOS FINOS DE PLATA DECLARADOS 180,24; GRAMOS NETOS DECLARADOS 1858,12; NOS ACOGEMOS A LA CIRCULAR REGLAMENTARIA EXTERNA BANCO REPUBLICA # 83 NUMERAL 9 LITERAL ""J"" DEL 2011; DE ACUERDO AL ARTICULO 139 DE LA RESOLUCION 39 DE 2021;CON CONTRATO DE PRESTACION DE SERVICIOS DE TRANSFORMACION, LOGISTICA Y MANDATO PARA LA EXPORTACION DE METALES PRECIOSOS N°901161864 DEL 16-06-2023 SUSCRITO ENTRE EMPALME COMERCIALIZADORA EMPACOM SAS SAS Y GEO METALS SAS; MERCANCIA PARA DAR CUMPLIMIENTO AL CONTRATO 901161864 DE PRESTACION DE SERVICIOS DE TRANSFORMACION Y MANDATO PARA EXPORTACION DE METALES PRECIOSOS; , Cantidad de unidades comerciales:1672.31 GRAMOS FINOS ",35322971,12,1071043,1081000,,,,,,,,70107
2024,1,6007743386761,5,,,,,EMPALME COMERCIALIZADORA EMPACOM SAS,901161864,10910097,900908875,0,,,,,AGENCIA DE ADUANAS ASL NIVEL 2 SAS,10910097,900892043,,,,,GEO METALS S.A.S,BG 98 ZN FRANCA,Rionegro,42223433,,,42323438,,,,,47,1051113,1071043,169,1081000,30220635,30120632,23620384,ZONA FRANCA RIONEGRO,31,2131248037.3300,,33723811,,,,2,2,,29520622,1051113,90,Aduanas de Medellín,169,COLOMBIA,671,514349.11,,,,514349.11,,,1,2,7.50,20241010,6027737045490,20241008,,,,,,,20241015084916,22390623,10910094,71586157,0,,,901161864,1,1,1,7108120000,,,16820215,7.41,36623087,7405.24,23020303,2,7.5,7.41,514349.11,GEO METALS SAS,1,"Nombre Comercial:ORO , Otras características:BARRAS DE ALEACION DE ORO Y PLATA; BARRA GM69-1 LEY ORO 91,69% GRAMOS FINOS DE ORO 1136,06 LEY PLATA 8% GRAMOS FINOS DE PLATA 99,12; BARRA GM69-2 LEY ORO 86,54% GRAMOS FINOS DE ORO 921,43 LEY PLATA 13,4% GRAMOS FINOS DE PLATA 142,68; BARRA GM69-3 LEY ORO 86,44% GRAMOS FINOS DE ORO 390,17 LEY PLATA 13,5% GRAMOS FINOS DE PLATA 60,94; BARRA GM70-01 LEY ORO 91,81% GRAMOS FINOS DE ORO 887,93 LEY PLATA 7,8% GRAMOS FINOS DE PLATA 75,44; BARRA GM70-02 LEY ORO 88,91% GRAMOS FINOS DE ORO 378,6 LEY PLATA 11% GRAMOS FINOS DE PLATA 46,84; BARRA GM70-03 LEY ORO 84,13% GRAMOS FINOS DE ORO 786,27 LEY PLATA 15,7% GRAMOS FINOS DE PLATA 146,73; BARRA GM70-04 LEY ORO 86,24% GRAMOS FINOS DE ORO 748,84 LEY PLATA 13,7% GRAMOS FINOS DE PLATA 118,96; BARRA GM70-05 LEY ORO 86,29% GRAMOS FINOS DE ORO 738,48 LEY PLATA 13,6% GRAMOS FINOS DE PLATA 116,39; BARRA GM70-06 LEY ORO 85,08% GRAMOS FINOS DE ORO 519,92 LEY PLATA 14,8% GRAMOS FINOS DE PLATA 90,44; GRAMOS FINOS DE ORO DECLARADOS 6507,7; GRAMOS FINOS DE PLATA DECLARADOS 897,54; GRAMOS NETOS DECLARADOS 7417,92; NOS ACOGEMOS A LA CIRCULAR REGLAMENTARIA EXTERNA BANCO REPUBLICA # 83 NUMERAL 9 LITERAL ""J"" DEL 2011; DE ACUERDO AL ARTICULO 139 DE LA RESOLUCION 39 DE 2021;CON CONTRATO DE PRESTACION DE SERVICIOS DE TRANSFORMACION, LOGISTICA Y MANDATO PARA LA EXPORTACION DE METALES PRECIOSOS N°901161864 DEL 16-06-2023",35322971,12,1071043,1081000,,,,,,,,70107
2024,1,6007732626180,3,,,,,OSPREY METALS S.A.S.,901180357,10910097,900908875,0,,,,,AGENCIA DE ADUANAS ASL NIVEL 2 SAS,10922973,,,,,,GLOBAL METALS INDUSTRY LLC,"1200 Brickell Avenue Suite 800 Miami, FL33131",MIAMI,42223433,,,42323438,,,,,42,1051113,1071043,169,1081000,30220635,30120632,23620384,AEROPUERTO JOSE MARIA CORDOBA,1,4178806.82,,33723811,,,2,2,2,23120230,29520622,1051113,90,Aduanas de Medellín,249,ESTADOS UNIDOS,1274396,4178806.82,,,,4178806.82,,,2,5,71.50,20240404,6027727331079,20240404,22135516,79,70563137,,,,20240408102207,22390623,10910094,71586157,0,,,901180357,2,2,1,7108120000,,,16820215,67.32,36623087,67256.54,23020303,4,70,67.32,4155455.72,GLOBALS METALS INDUSTRY LLC,1,"ALOR EN DOLARES DE 130106,8;FACTURA YFFE1 DEL 22-03-2024; MERCANCIA QUE ENTRO A ZONA FRANCA PARA LA PRESTACION DE UN SERVICIO DE CLASIFICACION Y ANALISIS SEGUN SAE: No. 6027727285254 DEL 02-04-2024 NOMBRE DE CE-METALCALDAS SAS POR UN VALOR EN DOLARES DE 103916,34;FACTURA CE-517 DEL 27-03-2024; MERCANCIA QUE ENTRO A ZONA FRANCA PARA LA PRESTACION DE UN SERVICIO DE CLASIFICACION Y ANALISIS SEGUN SAE: No. 6027727285673 DEL 02-04-2024 NOMBRE DE INVERSIONES JV7 SAS POR UN VALOR EN DOLARES DE 103968,45;FACTURA FE42 DEL 26-03-2024; MERCANCIA QUE ENTRO A ZO  GRUPO 2 = Nombre Comercial:ORO , Otras características:NA FRANCA PARA LA PRESTACION DE UN SERVICIO DE CLASIFICACION Y ANALISIS SEGUN SAE: No. 6027727285673 DEL 02-04-2024 NOMBRE DE INVERSIONES JV7 SAS POR UN VALOR EN DOLARES DE 215613,84;FACTURA FE43 DEL 27-03-2024; MERCANCIA QUE ENTRO A ZONA FRANCA PARA LA PRESTACION DE UN SERVICIO DE CLASIFICACION Y ANALISIS SEGUN SAE: No. 6027727275457 DEL 02-04-2024 NOMBRE DE INVERSIONES AMITO & ASOCIADOS SAS POR UN VALOR EN DOLARES DE 98223,87;FACTURA AINV47 DEL 22-03-2024; MERCANCIA QUE ENTRO A ZONA FRANCA PARA LA PRESTACION DE UN SERVICIO DE CLASIFICACION Y ANALISIS SEGUN SAE: No. 6027727275457 DEL 02-04-2024 NOMBRE DE INVERSIONES AMITO & ASOCIADOS SAS POR UN VALOR EN DOLARES DE 152793,38;FACTURA AINV49 DEL 26-03-2024; MERCANCIA QUE ENTRO A ZONA FRANCA PARA LA PRESTACION DE UN SERVICIO DE CL",,,1071043,1081000,,,,,,,,70107
2024,1,6007732626180,3,,,,,OSPREY METALS S.A.S.,901180357,10910097,900908875,0,,,,,AGENCIA DE ADUANAS ASL NIVEL 2 SAS,10922973,,,,,,GLOBAL METALS INDUSTRY LLC,"1200 Brickell Avenue Suite 800 Miami, FL33131",MIAMI,42223433,,,42323438,,,,,42,1051113,1071043,169,1081000,30220635,30120632,23620384,AEROPUERTO JOSE MARIA CORDOBA,1,4178806.82,,33723811,,,2,2,2,23120230,29520622,1051113,90,Aduanas de Medellín,249,ESTADOS UNIDOS,1274396,4178806.82,,,,4178806.82,,,2,5,71.50,20240404,6027727331079,20240404,22135516,79,70563137,,,,20240408102207,22390623,10910094,71586157,0,,,901180357,2,2,1,7108120000,,,16820215,67.32,36623087,67256.54,23020303,4,70,67.32,4155455.72,GLOBALS METALS INDUSTRY LLC,1,"Nombre Comercial:PLATINO , Otras características:PLATINO EN POLVO; BOLSA GMI-Pt-21 LEY PLATINO 85,72% GRAMOS FINOS DE PLATINO 846,6; GRAMOS FINOS DE PLATINO DECLARADOS 846,6; GRAMOS NETOS DECLARADOS 987,6; MERCANCIA QUE ENTRO A ZONA FRANCA PARA LA PRESTACION DE UN SERVICIO DE CLASIFICACION Y ANALISIS SEGUN SAE: No. 6027727275457 DEL 02-04-2024 NOMBRE DE INVERSIONES AMITO & ASOCIADOS SAS POR UN VALOR EN DOLARES DE 23351,1;FACTURA AINV48 DEL 22-03-2024; MERCANCIA QUE ENTRO A ZONA FRANCA PARA LA PRESTACION DE UN SERVICIO DE CLASIFICACION Y SE PRESTA SERVICIO DE CALIFICACION Y ANALISIS SEGUN FACTURA FE-332 DEL 03-04-2024 POR VALOR USD 186.81; , Cantidad de unidades comerciales:846.60 GRAMOS FINOS ",,,1071043,1081000,,,,,,,,70107
2024,1,6007732626180,3,,,,,OSPREY METALS S.A.S.,901180357,10910097,900908875,0,,,,,AGENCIA DE ADUANAS ASL NIVEL 2 SAS,10922973,,,,,,GLOBAL METALS INDUSTRY LLC,"1200 Brickell Avenue Suite 800 Miami, FL33131",MIAMI,42223433,,,42323438,,,,,42,1051113,1071043,169,1081000,30220635,30120632,23620384,AEROPUERTO JOSE MARIA CORDOBA,1,4178806.82,,33723811,,,2,2,2,23120230,29520622,1051113,90,Aduanas de Medellín,249,ESTADOS UNIDOS,1274396,4178806.82,,,,4178806.82,,,2,5,71.50,20240404,6027727331079,20240404,22135516,79,70563137,,,,20240408102207,22390623,10910094,71586157,0,,,901180357,2,2,1,7108120000,,,16820215,67.32,36623087,67256.54,23020303,4,70,67.32,4155455.72,GLOBALS METALS INDUSTRY LLC,2,"GRUPO 1 = Nombre Comercial:ORO , Otras características:BARRAS DE ALEACION DE ORO Y PLATA; BARRA GMI-Au-129 LEY ORO 86,48% GRAMOS FINOS DE ORO 2281,78 LEY PLATA 13,47 % GRAMOS FINOS DE PLATA 355,37; BARRA GMI-Au-130 LEY ORO 89,29% GRAMOS FINOS DE ORO 1559,02 LEY PLATA 10,51 % GRAMOS FINOS DE PLATA 183,44; BARRA GMI-Au-131 LEY ORO 92,94% GRAMOS FINOS DE ORO 3993,02 LEY PLATA 6,95 % GRAMOS FINOS DE PLATA 298,46; BARRA GMI-Au-132 LEY ORO 90,76% GRAMOS FINOS DE ORO 2019,09 LEY PLATA 9,24 % GRAMOS FINOS DE PLATA 205,51; BARRA GMI-Au-133 LEY ORO 95,32% GRAMOS FINOS DE ORO 8649,27 LEY PLATA 4,68 % GRAMOS FINOS DE PLATA 425,13; BARRA GMI-Au-134 LEY ORO 90,96% GRAMOS FINOS DE ORO 11589,24 LEY PLATA 8,94 % GRAMOS FINOS DE PLATA 1139,15; BARRA GMI-Au-135 LEY ORO 92,68% GRAMOS FINOS DE ORO 4939,49 LEY PLATA 7,32 % GRAMOS FINOS DE PLATA 390,41; BARRA GMI-Au-136 LEY ORO 85,84% GRAMOS FINOS DE ORO 1899,64 LEY PLATA 14,07 % GRAMOS FINOS DE PLATA 311,37; BARRA GMI-Au-137 LEY ORO 91,74% GRAMOS FINOS DE ORO 1525,06 LEY PLATA 8,18 % GRAMOS FINOS DE PLATA 135,98; BARRA GMI-Au-138 LEY ORO 86,32% GRAMOS FINOS DE ORO 2547,87 LEY PLATA 13,64 % GRAMOS FINOS DE PLATA 402,65; BARRA GMI-Au-139 LEY ORO 88,12% GRAMOS FINOS DE ORO 7976,68 LEY PLATA 11,55 % GRAMOS FINOS DE PLATA 1045,15; BARRA GMI-Au-140 LEY ORO 95,12% GRAMOS FINOS DE ORO 8764,74 LEY PLATA 4,87 % GRAMOS FINOS DE PLATA 449,06; BARRA GMI-Au-141 L",,,1071043,1081000,,,,,,,,70107
2024,1,6007742116788,3,,,,,OSPREY METALS S.A.S.,901180357,10910097,900908875,0,,,,,AGENCIA DE ADUANAS ASL NIVEL 2 SAS,10922973,,,,,,GLOBAL METALS INDUSTRY LLC,"1200 Brickell Avenue Suite 800 Miami, FL33131",MIAMI,42223433,,,42323438,,,,,42,1051113,1071043,169,1081000,30220635,30120632,23620384,AEROPUERTO JOSE MARIA CORDOBA,31,11731738053.46,,33723811,,,2,2,2,23120230,29520622,1051113,90,Aduanas de Medellín,249,ESTADOS UNIDOS,1274396,2897091.03,,,,2897091.03,,,1,3,43,20240917,6027735792491,20240916,35895747,77,70903637,,,,20240919165926,22390623,10910094,71586157,0,,,901180357,1,1,1,7108120000,,,16820215,41.43,36623087,41416.05,23020303,3,43,41.43,2897091.03,GLOBALS METALS INDUSTRY LLC,1,"2275205805,26;FACTURA MC399 DEL 29-08-2024; MERCANCIA QUE ENTRO A ZONA FRANCA PARA LA PRESTACION DE UN SERVICIO DE CLASIFICACION Y ANALISIS SEGUN SAE: No. 6027735605191 DEL 12-09-2024 NOMBRE DE MORENO CORPORATION SAS POR UN VALOR COP DE 989282780,24;FACTURA MC400 DEL 29-08-2024; MERCANCIA QUE ENTRO A ZONA FRANCA PARA LA PRESTACION DE UN SERVICIO DE CLASIFICACION Y SE PRESTA SERVICIO DE CALIFICACION Y ANALISIS SEGUN FACTURA FE-378 DEL 16-09-2024 POR VALOR USD 23176.73; , Cantidad de unidades comerciales:36903.29 GRAMOS FINOS ",,,1071043,1081000,,,,,,,,70107
2024,1,6007742116788,3,,,,,OSPREY METALS S.A.S.,901180357,10910097,900908875,0,,,,,AGENCIA DE ADUANAS ASL NIVEL 2 SAS,10922973,,,,,,GLOBAL METALS INDUSTRY LLC,"1200 Brickell Avenue Suite 800 Miami, FL33131",MIAMI,42223433,,,42323438,,,,,42,1051113,1071043,169,1081000,30220635,30120632,23620384,AEROPUERTO JOSE MARIA CORDOBA,31,11731738053.46,,33723811,,,2,2,2,23120230,29520622,1051113,90,Aduanas de Medellín,249,ESTADOS UNIDOS,1274396,2897091.03,,,,2897091.03,,,1,3,43,20240917,6027735792491,20240916,35895747,77,70903637,,,,20240919165926,22390623,10910094,71586157,0,,,901180357,1,1,1,7108120000,,,16820215,41.43,36623087,41416.05,23020303,3,43,41.43,2897091.03,GLOBALS METALS INDUSTRY LLC,1,"Nombre Comercial:ORO , Otras características:BARRAS DE ALEACION DE ORO Y PLATA; BARRA GMI-Au-347 LEY ORO 84,06% GRAMOS FINOS DE ORO 6404,07 LEY PLATA 15,92 % GRAMOS FINOS DE PLATA 1213,23; BARRA GMI-Au-348 LEY ORO 95,22% GRAMOS FINOS DE ORO 8495,47 LEY PLATA 4,65 % GRAMOS FINOS DE PLATA 414,42; BARRA GMI-AU-349 LEY ORO 89,55% GRAMOS FINOS DE ORO 10878,72 LEY PLATA 10,39 % GRAMOS FINOS DE PLATA 1262,24; BARRA GMI-AU-350 LEY ORO 87,26% GRAMOS FINOS DE ORO 11125,03 LEY PLATA 12,73 % GRAMOS FINOS DE PLATA 1622,87; GRAMOS FINOS DE ORO DECLARADOS 36903,29; GRAMOS FINOS DE PLATA DECLARADOS 4512,76; GRAMOS NETOS DECLARADOS 41437,8; MERCANCIA QUE ENTRO A ZONA FRANCA PARA LA PRESTACION DE UN SERVICIO DE CLASIFICACION Y ANALISIS SEGUN SAE: No. 6027735491690 DEL 10-09-2024 NOMBRE DE CARLOS ALBERTO RAMIREZ VARGAS POR UN VALOR COP DE 513327552,55;FACTURA FECC49 DEL 30-08-2024; MERCANCIA QUE ENTRO A ZONA FRANCA PARA LA PRESTACION DE UN SERVICIO DE CLASIFICACION Y ANALISIS SEGUN SAE: No. 6027735506909 DEL 11-09-2024 NOMBRE DE INVERSIONES AMITO & ASOCIADOS SAS POR UN VALOR COP DE 369145939,05;FACTURA INVE101 DEL 06-09-2024; MERCANCIA QUE ENTRO A ZONA FRANCA PARA LA PRESTACION DE UN SERVICIO DE CLASIFICACION Y ANALISIS SEGUN SAE: No. 6027735507423 DEL 11-09-2024 NOMBRE DE INVERSIONES JV7 SAS POR UN VALOR COP DE 1417953755,41;FACTURA FE137 DEL 03-09-2024; MERCANCIA QUE ENTRO A ZONA FRANCA PARA LA",,,1071043,1081000,,,,,,,,70107
2024,1,6007737929092,6,,,,,MINEROS ALUVIAL S.A.S. BIC,901218630,10910097,830002571,4,,,,,AGENCIA DE ADUANAS AVIATUR  S. A.S. NIVEL 1.,10922973,,,,,,ARGOR HERAEUS S.A.,VIA MOREE 14. CH-6850 MENDRISIO,MENDRISIO,42223433,,,42323438,,31763552,,,42,1051113,1071043,169,1081000,30220635,30120632,23620384,APTO JMC RIONEGRO,1,8193899.540000,,33723811,,,2,2,2,23120230,29520622,1051113,90,Aduanas de Medellín,767,SUIZA,1237609,8193899.54,,,,8193899.54,,,1,6,125.66,20240705,6027731365289,20240704,35896173,75,1037578608,,,,20240709145653,29460969,10910094,43576612,6,,,901218630,1,1,1,7108130000,,,16820215,121.570000,36623087,109917.33,23020262,6,125.66,121.57,8193899.54,ARGOR HERAEUS S.A.,1,"Nombre Comercial:DO 25611 // SEIS BARRAS DE ALEACION ORO PLATA , Otras características:FACTURA 135196 //  BARRA 5211 SON 16,448.28 GRAMOS FINOS DE ORO LEY 903.92 Y 1,627.12 GRAMOS FINOS DE PLATA LEY 89.42 / BARRA 5212 SON 16,299.27 GRAMOS FINOS DE ORO LEY 903.05 Y 1,619.90 GRAMOS FINOS DE PLATA LEY 89.75 /  BARRA 5213 SON 18,586.38 GRAMOS FINOS DE ORO LEY 903.93 Y 1,840.42 GRAMOS FINOS DE PLATA LEY 89.51 /  BARRA 5214 SON 18,788.33 GRAMOS FINOS DE ORO LEY 915.17 Y 1,327.53 GRAMOS FINOS DE PLATA LEY 64.66 /  BARRA 5215 SON 20,652.73 GRAMOS FINOS DE ORO LEY 905.25 Y 1,906.34 GRAMOS FINOS DE PLATA LEY 83.56 / FACTURA 135197 //  BARRA 5216 SON 19,142.35 GRAMOS FINOS DE ORO LEY 893.85 Y 1,684.62 GRAMOS FINOS DE PLATA LEY 78.66 / /APROBADO VB-ANM-20240703-00046 CON TRAMITE TM-00011303-20240628 FE 03/07/2024 FV 02/10/2024 POR VALOR DE COP 514.732.473 Y SE REALIZA PAGOS DTN POR VALOR DE 1.029.464.945 // SON 109917.33 GRAMOS FINOS DE ORO DECLARADOS Y 10.005.94 GRAMOS FINOS DE PLATA DECLARADOS // GUIA AEREA 729-44575716 , Cantidad de unidades comerciales:109,917.33 GRS ",,,1071043,1081000,,,,,,,,96819
2024,1,6007737025181,7,,,,,FONTANA JOYERIA GCL S.A.S,901221049,10910097,900908875,0,,,,,AGENCIA DE ADUANAS ASL NIVEL 2 SAS,10922973,,,,,,DILLON GAGE INC,11231 GEMINI LANE TX 75220,DALLAS,42223433,,,42323438,,,,,42,1051113,1071043,169,1081000,30220635,30120632,23620384,AEROPUERTO JOSE MARIA CORDOBA,1,1097627.60,,33723811,,,2,2,2,23120230,29520622,1051113,90,Aduanas de Medellín,249,ESTADOS UNIDOS,1269917,1097627.6,,,,1097627.6,,,1,1,16,20240619,6027731226666,20240618,35896173,75,1037578608,,,,20240621100534,22390623,10910094,71586157,0,,,901221049,1,1,1,7108120000,,,16820215,15.88,36623087,14423.49,23020303,1,16,15.88,1097627.6,DILLON GAGE,1,"Nombre Comercial:ORO , Otras características:BARRAS DE ALEACION DE ORO Y PLATA; BARRA 1 LEY ORO 907 GRAMOS FINOS DE ORO 3145,48 LEY PLATA 93 GRAMOS FINOS DE PLATA 322,52; BARRA 2 LEY ORO 909 GRAMOS FINOS DE ORO 2740,13 LEY PLATA 91 GRAMOS FINOS DE PLATA 274,31; BARRA 3 LEY ORO 910 GRAMOS FINOS DE ORO 3261,36 LEY PLATA 90 GRAMOS FINOS DE PLATA 322,55; BARRA 4 LEY ORO 908 GRAMOS FINOS DE ORO 2626,27 LEY PLATA 92 GRAMOS FINOS DE PLATA 266,1; BARRA 5 LEY ORO 906 GRAMOS FINOS DE ORO 2650,25 LEY PLATA 94 GRAMOS FINOS DE PLATA 274,97; GRAMOS FINOS DE ORO DECLARADOS 14423,49; GRAMOS FINOS DE PLATA DECLARADOS 1460,45; GRAMOS NETOS DECLARADOS 15883,94; , Cantidad de unidades comerciales:14423.49 GRAMOS FINOS ",,,1071043,1081000,,,,,,,,70107
2024,1,6007739228022,5,,,,,GRUPO DE INVERSIONES L.A SAS,901330988,10910097,890313036,8,,,,,AGENCIA DE ADUANAS CONTINENTAL DE ADUANAS S.A.S. NIVEL 1,10910097,900479267,,,,,FUNDICION RAMIREZ  ZONA FRANCA SAS,ZF PALMASECA BG A 5 B,Palmira,42223433,,,42323438,,ZFP-9208,,,42,1051111,1071043,169,1081023,30220635,30120632,23620386,ZONA FRANCA PALMASECA ,31,1093818132.24,4035.0,33723811,,,,2,2,,29520622,1051111,88,Aduanas de Cali,169,COLOMBIA,357,271082.56,,,,271082.56,,,1,2,4.02,20240730,6027733306478,20240729,,,,,,,20240731111839,17556019,10910094,31167540,6,,,901330988,1,1,1,7108120000,,,16820215,3.92,36623087,3623.75,23020363,2,4.02,3.92,271082.56,,1,"Nombre Comercial:GRAMOS FINOS DE ORO , Otras características:GRAMOS DE ORO FINO PARA USO NO MONETARIO CON LAS SIGUIENTES BARRAS DISCRIMINADAS CONFORME A FACTURA Y BOLETIN DE ANALISIS. FACTURA:FVLA-27 BARRA 1//Gramos netos:1145,01 Ley:0,927014 para:1.061,44 gramos finos// BARRA 2//Gramos netos:693,10 Ley:0,931006 para:645,28 gramos finos// FACTURA:FVLA-28 BARRA 1//Gramos netos:2083,72 Ley:0,920004 para:1.917,03 gramos finos// , Cantidad de unidades comerciales:3623.75GRAMOS FINOS DE ORO  ",,,1071043,1081000,,,,,,,,70107
2024,2,6007745869584,0,,,,,CE-METALCALDAS SAS,901427027,10910097,900908875,0,,,,,AGENCIA DE ADUANAS ASL NIVEL 2 SAS,10910097,900892043,,,,,GEO METALS S.A.S,BG 98 ZN FRANCA,Rionegro,42223433,6007724741344,41529348,42323441,Circunstanciasexcepcionales,,,,42,1051113,1071043,169,1081000,30220635,30120632,23620384,ZONA FRANCA RIONEGRO,31,225521433.78,,33723811,,,,2,2,,29520622,1051113,90,Aduanas de Medellín,169,COLOMBIA,671,55274.86,,,,55274.86,,,1,1,1.46,20231108,6027720018108,20231107,,,,,,,20241122091554,,,,,,,901427027,1,1,1,7108120000,,,16820215,1.01,36623087,1010.09,23020303,1,1.46,1.01,55274.86,GEO METALS SAS,1,"Nombre Comercial:ORO , Otras características:BARRAS DE ALEACION DE ORO Y PLATA; BARRA R28-1 LEY ORO 90,14% GRAMOS FINOS DE ORO 911,04 LEY PLATA 9,8% GRAMOS FINOS DE PLATA 99,05; GRAMOS FINOS DE ORO DECLARADOS 911,04; GRAMOS FINOS DE PLATA DECLARADOS 99,05; GRAMOS NETOS DECLARADOS 1010,7; NOS ACOGEMOS A LA CIRCULAR REGLAMENTARIA EXTERNA BANCO REPUBLICA # 83 NUMERAL 9 LITERAL ""J"" DEL 2011;DE ACUERDO AL ARTICULO 139 DE LA RESOLUCION 39 DE 2021;CON CONTRATO DE PRESTACION DE SERVICIOS PARA LA EXPORTACION DE METALES PRECIOSOS N°901427027 DE FECHA 06-10-2023 SUSCRITO ENTRE CE-METALCALDAS SAS Y GEO METALS SAS; MERCANCIA PARA DAR CUMPLIMIENTO AL CONTRATO N°901427027 DE PRESTACIÓN DE SERVICIOS DE TRANSFORMACIÓN Y MANDATO PARA EXPORTACIÓN DE METALES PRECIOSOS; , Cantidad de unidades comerciales:911.04 GRAMOS FINOS ",35322971,12,1071043,1081000,,,,,,,,70107
2024,1,6007742174882,6,,,,,INVERSIONES AMITO & ASOCIADOS S.A.S.,901521144,10910097,900908875,0,,,,,AGENCIA DE ADUANAS ASL NIVEL 2 SAS,10910097,901180357,,,,,OSPREY METALS S.A.S.,ZF RIONEGRO,Rionegro,42223433,,,42323438,,,,,42,1051113,1071043,169,1081000,30220635,30120632,23620384,ZONA FRANCA DE RIONEGRO,31,862964468.26,,33723811,,,,2,2,,29520622,1051113,90,Aduanas de Medellín,169,COLOMBIA,671,203670.73,,,,203670.73,,,1,2,3.43,20240920,6027736013097,20240919,,,,,,,20241010120556,22390623,10910094,71586157,0,,,901521144,1,1,1,7108120000,,,16820215,2.97,36623087,2963.31,23020303,2,3.43,2.97,203670.73,OSPREY METALS SAS,1,"Nombre Comercial:ORO , Otras características:BARRAS DE ALEACION DE ORO Y PLATA; BARRA AMT 201 LEY ORO 85,69% GRAMOS FINOS DE ORO 682,18 LEY PLATA 13,69% GRAMOS FINOS DE PLATA 108,99; BARRA AMT 202 LEY ORO 87,55% GRAMOS FINOS DE ORO 857,46 LEY PLATA 12,36% GRAMOS FINOS DE PLATA 121,05; BARRA AMT 203 LEY ORO 87,79% GRAMOS FINOS DE ORO 1048,83 LEY PLATA 12,12% GRAMOS FINOS DE PLATA 144,8; GRAMOS FINOS DE ORO DECLARADOS 2588,47; GRAMOS FINOS DE PLATA DECLARADOS 374,84; GRAMOS NETOS DECLARADOS 2970,2; NOS ACOGEMOS A LA CIRCULAR REGLAMENTARIA EXTERNA BANCO REPUBLICA # 83 NUMERAL 9 LITERAL ""J"" DEL 2011; DE ACUERDO AL ARTICULO 139 DE LA RESOLUCION 39 DE 2021; MERCANCIA QUE SERA DESPACHADA A OSPREY METALS SAS EN ZONA FRANCA RIONEGRO BODEGA 101 POR ORDEN DE SU COMPRADOR GLOBAL METALS INDUSTRY LLC CON DIRECCION 1200 BRICKELL AVENUE SUITE 800 MIAMI, FL 33131, ESTADOS UNIDOS MIAMI , Cantidad de unidades comerciales:2588.47 GRAMOS FINOS ",,,1071043,1081000,,,,,,,,70107
2024,1,6007745710403,6,,,,,AMC COSMOS SAS,901563648,10910097,900908875,0,,,,,AGENCIA DE ADUANAS ASL NIVEL 2 SAS,10910097,901180357,,,,,OSPREY METALS S.A.S.,ZF RIONEGRO,Rionegro,42223433,,,42323438,,,,,42,1051113,1071043,169,1081000,30220635,30120632,23620384,ZONA FRANCA DE RIONEGRO,31,1015941912.70,,33723811,,,,2,2,,29520622,1051113,90,Aduanas de Medellín,169,COLOMBIA,671,235316.4,,,,235316.4,,,1,1,3.07,20241119,6027739326876,20241118,35895747,77,70903637,,,,20241204105856,22390623,10910094,71586157,0,,,901563648,1,1,1,7108120000,,,16820215,2.86,36623087,2861.19,23020303,1,3.07,2.86,235316.4,OSPREY METALS SAS,1,"Nombre Comercial:ORO , Otras características:BARRAS DE ALEACION DE ORO Y PLATA; BARRA CSM 604 LEY ORO 95,64% GRAMOS FINOS DE ORO 2738,08 LEY PLATA 4,3% GRAMOS FINOS DE PLATA 123,11; GRAMOS FINOS DE ORO DECLARADOS 2738,08; GRAMOS FINOS DE PLATA DECLARADOS 123,11; GRAMOS NETOS DECLARADOS 2862,9; NOS ACOGEMOS A LA CIRCULAR REGLAMENTARIA EXTERNA BANCO REPUBLICA # 83 NUMERAL 9 LITERAL ""J"" DEL 2011; DE ACUERDO AL ARTICULO 139 DE LA RESOLUCION 39 DE 2021; MERCANCIA QUE SERA DESPACHADA A OSPREY METALS SAS EN ZONA FRANCA RIONEGRO BODEGA 101 POR ORDEN DE SU COMPRADOR GLOBAL METALS INDUSTRY LLC CON DIRECCION 1200 BRICKELL AVENUE SUITE 800 MIAMI, FL 33131, ESTADOS UNIDOS MIAMI , Cantidad de unidades comerciales:2738.08 GRAMOS FINOS ",,,1071043,1081000,,,,,,,,70107
2024,1,6007740827885,1,,,,,TRADE GOLD MEDELLIN SAS,901575376,10910097,900908875,0,,,,,AGENCIA DE ADUANAS ASL NIVEL 2 SAS,10922973,,,,,,GM GOLD REFINERY FZE,"600 M2 WAREHOUSE Q4-016 SAIF, ZONE SHARJAH UAE",SHARJAH ,42223433,,,42323438,,,,,42,1051113,1071043,169,1081000,30220635,30120632,23620384,AEROPUERTO JOSE MARIA CORDOBA,1,1900292.44,,33723811,,,2,2,2,23120230,29520622,1051113,90,Aduanas de Medellín,244,EMIRATOS ARABES UNID,1231383,1900292.44,,,,1900292.44,,,1,2,29,20240826,6027734570515,20240826,29234018,79,43204700,,,,20240829104700,22390623,10910094,71586157,0,,,901575376,1,1,1,7108120000,,,16820215,27.56,36623087,24325.3,23020303,2,29,27.56,1900292.44,GM GOLD REFINERY FZE,1,"Nombre Comercial:ORO , Otras características:BARRAS DE ALEACION DE ORO Y PLATA; BARRA TGM 1 LEY ORO 841 GRAMOS FINOS DE ORO 4681,07 LEY PLATA 159 GRAMOS FINOS DE PLATA 885; BARRA TGM 2 LEY ORO 896 GRAMOS FINOS DE ORO 5089,3 LEY PLATA 104 GRAMOS FINOS DE PLATA 590,72; BARRA TGM 3 LEY ORO 871,5 GRAMOS FINOS DE ORO 4733,81 LEY PLATA 128 GRAMOS FINOS DE PLATA 700,7; BARRA TGM 4 LEY ORO 909,5 GRAMOS FINOS DE ORO 4731,86 LEY PLATA 90 GRAMOS FINOS DE PLATA 468,24; BARRA TGM 5 LEY ORO 896 GRAMOS FINOS DE ORO 5089,28 LEY PLATA 104 GRAMOS FINOS DE PLATA 590,72; GRAMOS FINOS DE ORO DECLARADOS 24325,3; GRAMOS FINOS DE PLATA DECLARADOS 3235,32; GRAMOS NETOS DECLARADOS 27560,62; CON CONTRATO DE CUENTAS EN PARTICIPACION TGM-0003CP DE FECHA 03-04-2024 EMITIDO POR CONCIVILES Y MAQUINARIA LTDA; CON CONTRATO DE CUENTAS EN PARTICIPACION TGM-0006CP DE FECHA 22-05-2024 EMITIDO POR INVERSIONES GUAMOCO SAS; MERCANCIA QUE SERÁ DESPACHADA A GM GOLD REFINERY FZE CON DIRECCION 600 M2 WAREHOUSE Q4-016 SAIF, ZONE SHARJAH UAE POR ORDEN DE SU COMPRADOR GM GOLD REFINERY FZE CON DIRECCION SAIF ZONE INTERNATIONAL AIRPORT FREEZONE SHARJAH WAREHOUSE: Q4-016 , Cantidad de unidades comerciales:24325.30 GRAMOS FINOS ",,,1071043,1081000,,,,,,,,70107
2024,1,6007744565663,8,,,,,M & M METALS GOLD SAS,901598923,10910097,900908875,0,,,,,AGENCIA DE ADUANAS ASL NIVEL 2 SAS,10910097,900892043,,,,,GEO METALS S.A.S,BG 98 ZN FRANCA,Rionegro,42223433,,,42323438,,,,,47,1051113,1071043,169,1081000,30220635,30120632,23620384,ZONA FRANCA RIONEGRO,31,1965974163.78,,33723811,,,,2,2,,29520622,1051113,90,Aduanas de Medellín,169,COLOMBIA,671,471911.97,,,,471911.97,,,1,2,7.52,20241030,6027738267293,20241029,29235780,77,43206463,,,,20241119110411,22390623,10910094,71586157,0,,,901598923,1,1,1,7108120000,,,16820215,6.99,36623087,6934.46,23020303,2,7.52,6.99,471911.97,GEO METALS SAS,1,"Nombre Comercial:ORO , Otras características:BARRAS DE ALEACION DE ORO Y PLATA; BARRA R5-1 LEY ORO 84,76% GRAMOS FINOS DE ORO 1696,73 LEY PLATA 14,83% GRAMOS FINOS DE PLATA 296,87; BARRA R5-2 LEY ORO 84,54% GRAMOS FINOS DE ORO 1258,72 LEY PLATA 13,16% GRAMOS FINOS DE PLATA 195,94; BARRA R6-1 LEY ORO 85,26% GRAMOS FINOS DE ORO 1293,91 LEY PLATA 13,71% GRAMOS FINOS DE PLATA 208,06; BARRA R6-2 LEY ORO 85,32% GRAMOS FINOS DE ORO 1698,89 LEY PLATA 14,33% GRAMOS FINOS DE PLATA 285,34; GRAMOS FINOS DE ORO DECLARADOS 5948,25; GRAMOS FINOS DE PLATA DECLARADOS 986,21; GRAMOS NETOS DECLARADOS 6999,5; NOS ACOGEMOS A LA CIRCULAR REGLAMENTARIA EXTERNA BANCO REPUBLICA # 83 NUMERAL 9 LITERAL ""J"" DEL 2011; DE ACUERDO AL ARTICULO 139 DE LA RESOLUCION 39 DE 2021;CON CONTRATO DE PRESTACION DE SERVICIOS DE TRANSFORMACION, LOGISTICA Y MANDATO PARA LA EXPORTACION DE METALES PRECIOSOS N°901598923 DEL 26-07-2024 SUSCRITO ENTRE M&M METALS GOLD SAS Y GEO METALS SAS; MERCANCIA PARA DAR CUMPLIMIENTO AL CONTRATO 901598923 DE PRESTACION DE SERVICIOS DE TRANSFORMACION Y OTROS PARA EXPORTACION DE METALES PRECIOSOS; , Cantidad de unidades comerciales:5948.25 GRAMOS FINOS ",35322971,12,1071043,1081000,,,,,,,,70107
2024,2,6007743327785,9,,,,,INVERSIONES COBALEDA S.A.S,901603839,10910097,900908875,0,,,,,AGENCIA DE ADUANAS ASL NIVEL 2 SAS,10910097,900892043,,,,,GEO METALS S.A.S,BG 98 ZN FRANCA,Rionegro,42223433,6007741733994,41529349,42323442,,,,,42,1051113,1071043,169,1081000,30220635,30120632,23620384,ZONA FRANCA RIONEGRO,31,428024140.20,,33723811,,,,2,2,,29520622,1051113,90,Aduanas de Medellín,169,COLOMBIA,671,103262.76,,,,103262.76,,,1,1,1.57,20240912,6027735493411,20240910,,,,,,,20241009143712,,,,,,,901603839,1,1,1,7108120000,,,16820215,1.52,36623087,1521.55,23020303,1,1.57,1.52,103262.76,GEOMETALS SAS,1,"Nombre Comercial:ORO , Otras características:BARRAS DE ALEACION DE ORO Y PLATA; BARRA R14-1 LEY ORO 86,16% GRAMOS FINOS DE ORO 831,98 LEY PLATA 13,8% GRAMOS FINOS DE PLATA 133,26; BARRA R14-2 LEY ORO 90,56% GRAMOS FINOS DE ORO 507,04 LEY PLATA 8,8% GRAMOS FINOS DE PLATA 49,27; GRAMOS FINOS DE ORO DECLARADOS 1339,02; GRAMOS FINOS DE PLATA DECLARADOS 182,53; GRAMOS NETOS DECLARADOS 1525,51; NOS ACOGEMOS A LA CIRCULAR REGLAMENTARIA EXTERNA BANCO REPUBLICA # 83 NUMERAL 9 LITERAL ""J"" DEL 2011; DE ACUERDO AL ARTICULO 139 DE LA RESOLUCION 39 DE 2021;CON CONTRATO DE PRESTACION DE SERVICIOS DE TRANSFORMACION, LOGISTICA Y MANDATO PARA LA EXPORTACION DE METALES PRECIOSOS N°901603839 DEL 10-07-2024 SUSCRITO ENTRE INVERSIONES COBALEDA SAS Y GEO METALS SAS; MERCANCIA PARA DAR CUMPLIMIENTO AL CONTRATO 901603839 DE PRESTACION DE SERVICIOS DE TRANSFORMACION Y OTROS PARA EXPORTACION DE METALES PRECIOSOS; , Cantidad de unidades comerciales:1339.02 GRAMOS FINOS ",35322971,12,1071043,1081000,,,,,,,,70107
2024,1,6007733581628,5,,,,,GRUPO DE INVERSIONES TSM S.A.S.,901657108,10910097,890313036,8,,,,,AGENCIA DE ADUANAS CONTINENTAL DE ADUANAS S.A.S. NIVEL 1,10910097,900479267,,,,,FUNDICION RAMIREZ  ZONA FRANCA SAS,ZF PALMASECA BG A 5 B,Palmira,42223433,,,42323438,,ZFP-8992,,,42,1051111,1071043,169,1081023,30220635,30120632,23620386,ZONA FRANCA PALMASECA,31,798451217.40,3820.1,33723811,,,,2,2,,29520622,1051111,88,Aduanas de Cali,169,COLOMBIA,357,209013.17,,,,209013.17,,,1,2,3.35,20240422,6027728105018,20240420,,,,,,,20240425151746,17556019,10910094,31167540,6,,,901657108,1,1,1,7108120000,,,16820215,3.26,36623087,2939.02,23020363,2,3.35,3.26,209013.17,,1,"Nombre Comercial:GRAMOS DE ORO FINO , Otras características:GRAMOS DE ORO FINO PARA USO NO MONETARIO CON LAS SIGUIENTES BARRAS DISCRIMINADAS CONFORME A FACTURA Y BOLETIN DE ANALISIS.         FACTURA:FEVR-129 BARRA 1//Gramos netos:1.029,24 Ley:0,908010 para:934,56 gramos finos//  BARRA 2//Gramos netos:964,10 Ley:0,926004 para:892,76 gramos finos//  FACTURA:FEVR-130 BARRA 1//Gramos netos:1.266,17 Ley:0,878002 para:1.111,70 gramos finos//  , Cantidad de unidades comerciales:2939.02 GRAMOS FINOS DE ORO ",,,1071043,1081000,,,,,,,,70107
2024,3,6007747706420,1,,,,,INVERSIONES GRUPO DIAZ S.A.S,901683560,10910097,890313036,8,,,,,AGENCIA DE ADUANAS CONTINENTAL DE ADUANAS S.A.S. NIVEL 1,10910097,900479267,,,,,FUNDICION RAMIREZ  ZONA FRANCA SAS,ZF PALMASECA BG A 5 B,Palmira,42223433,6007747601473,41529349,42323442,,ZFP-9405,,,42,1051111,1071043,169,1081023,30220635,30120632,23620386,,31,9142745899,4335.2,33723811,,,,2,2,,29520622,1051111,88,Aduanas de Cali,169,COLOMBIA,357,2108955.95,,,,2108955.95,,,1,12,28.59,20241219,6027740982981,20241218,,,,,6007747704273,,20241221113324,17556019,10910094,31167540,6,,,901683560,1,1,1,7108120000,,,16820215,27.99,36623087,24851.79,23020363,12,28.59,27.99,2108955.95,,1,"Nombre Comercial:GRAMOS DE ORO FINO , Otras características:SE INGRESA GRAMOS DE ORO FINO PARA SERVICIO DE TRANSFORMACION POR CONTRARO DE MANDATO DE SERVICIO NUMERO  M-FR-008-2024 BARRAS DISCRIMINADAS CONFORME A BOLETIN DE ANALISIS. REMISION:REM-001 BARRA 1//Gramos netos:1.122,53 Ley:0,893998 para:1.003,54  gramos finos//  REMISION:REM-002 BARRA 1//Gramos netos:619,12 Ley:0,923989 para:572,06 gramos finos//  BARRA 2//Gramos netos:491,53 Ley:0,886009 para:435,50 gramos finos//  REMISION:REM-003BARRA 1//Gramos netos:595,74 Ley:0,839997 para:500,42 gramos finos//  BARRA 2//Gramos netos:331,05 Ley:0,912007 para:301,92 gramos finos//  BARRA 3//Gramos netos:136,50 Ley:0,936996 para:127,90 gramos finos//  REMISION:REM-004 BARRA 1//Gramos netos:992,13 Ley:0,892000 para:884,98 gramos finos//  REMISION:REM-005 BARRA 1//Gramos netos:1.048,58 Ley:0,940005 para:985,67 gramos finos//  BARRA 2//Gramos netos:327,74 Ley:0,961006 para:314,96 gramos finos//  BARRA 3//Gramos netos:223,22 Ley:0,990010 para:220,99 gramos finos//  BARRA 4//Gramos netos:188,03 Ley:0,910014 para:171,11 gramos finos//  BARRA 5//Gramos netos:407,92 Ley:0,864998 para:352,85 gramos finos//  BARRA 6//Gramos netos:331,21 Ley:0,964977 para:319,61 gramos finos//  REMISION:REM-006 BARRA 1//Gramos netos:1.110,69 Ley:0,894003 para:992,96 gramos finos//  BARRA 2//Gramos netos:615,90 Ley:0,839000 para:516,74 gramos finos//  BARRA 3",35322971,6,1071043,1081023,,,,,,,,70107
2024,3,6007747706420,1,,,,,INVERSIONES GRUPO DIAZ S.A.S,901683560,10910097,890313036,8,,,,,AGENCIA DE ADUANAS CONTINENTAL DE ADUANAS S.A.S. NIVEL 1,10910097,900479267,,,,,FUNDICION RAMIREZ  ZONA FRANCA SAS,ZF PALMASECA BG A 5 B,Palmira,42223433,6007747601473,41529349,42323442,,ZFP-9405,,,42,1051111,1071043,169,1081023,30220635,30120632,23620386,,31,9142745899,4335.2,33723811,,,,2,2,,29520622,1051111,88,Aduanas de Cali,169,COLOMBIA,357,2108955.95,,,,2108955.95,,,1,12,28.59,20241219,6027740982981,20241218,,,,,6007747704273,,20241221113324,17556019,10910094,31167540,6,,,901683560,1,1,1,7108120000,,,16820215,27.99,36623087,24851.79,23020363,12,28.59,27.99,2108955.95,,1," netos:192,88 Ley:0,956035 para:184,40 gramos finos//  BARRA 6//Gramos netos:230,96 Ley:0,964020 para:222,65 gramos finos//  REMISION:REM-013 BARRA 1//Gramos netos:777,86 Ley:0,926002 para:720,30 gramos finos//  BARRA 2//Gramos netos:389,66 Ley:0,925012 para:360,44 gramos finos//  BARRA 3//Gramos netos:106,14 Ley:0,987940 para:104,86 gramos finos//  , Cantidad de unidades comerciales:24851.79 GRAMOS FINOS DE ORO  -- Nombre Comercial:GRAMOS DE ORO FINO , Otras características:SE INGRESA GRAMOS DE ORO FINO PARA SERVICIO DE TRANSFORMACION POR CONTRARO DE MANDATO DE SERVICIO NUMERO M-FR-008-2024 BARRAS DISCRIMINADAS CONFORME A BOLETIN DE ANALISIS. REMISION:REM-001 BARRA 1//Gramos netos:1.122,53 Ley:0,893998 para:1.003,54 gramos finos//  REMISION:REM-002 BARRA 1//Gramos netos:619,12 Ley:0,923989 para:572,06 gramos finos//  BARRA 2//Gramos netos:491,53 Ley:0,886009 para:435,50 gramos finos//  REMISION:REM-003BARRA 1//Gramos netos:595,74 Ley:0,839997 para:500,42 gramos finos//BARRA 2//Gramos netos:331,05 Ley:0,912007 para:301,92 gramos finos//BARRA 3//Gramos netos:136,50 Ley:0,936996 para:127,90 gramos finos//  REMISION:REM-004 BARRA 1//Gramos netos:992,13 Ley:0,892000 para:884,98 gramos finos//  REMISION:REM-005 BARRA 1//Gramos netos:1.048,58 Ley:0,940005 para:985,67 gramos finos//BARRA 2//Gramos netos:327,74 Ley:0,961006 para:314,96 gramos finos//BARRA 3//Gramos netos:223,22 Ley:0,9",35322971,6,1071043,1081023,,,,,,,,70107
2024,1,6007737669616,9,,,,,COMPANY INDUSTRY REAL SAS,901812521,10910097,900908875,0,,,,,AGENCIA DE ADUANAS ASL NIVEL 2 SAS,10910097,901180357,,,,,OSPREY METALS S.A.S.,ZF RIONEGRO,Rionegro,42223433,,,42323438,,,,,42,1051113,1071043,169,1081000,30220635,30120632,23620384,ZONA FRANCA RIONEGRO,31,480494406.33,,33723811,,,,2,2,,29520622,1051113,90,Aduanas de Medellín,169,COLOMBIA,671,122763.01,,,,122763.01,,,1,1,1.84,20240702,6027731791116,20240628,29235780,77,43206463,,,,20240716105035,22390623,10910094,71586157,0,,,901812521,1,1,1,7108120000,,,16820215,1.66,36623087,1662.07,23020303,1,1.84,1.66,122763.01,OSPREY METALS SAS,1,"Nombre Comercial:ORO , Otras características:BARRAS DE ALEACION DE ORO Y PLATA; BARRA COM 003 LEY ORO 99,73% GRAMOS FINOS DE ORO 1658,91 LEY PLATA 0,19% GRAMOS FINOS DE PLATA 3,16; GRAMOS FINOS DE ORO DECLARADOS 1658,91; GRAMOS FINOS DE PLATA DECLARADOS 3,16; GRAMOS NETOS DECLARADOS 1663,4; NOS ACOGEMOS A LA CIRCULAR REGLAMENTARIA EXTERNA BANCO REPUBLICA # 83 NUMERAL 9 LITERAL ""J"" DEL 2011; DE ACUERDO AL ARTICULO 139 DE LA RESOLUCION 39 DE 2021; MERCANCIA QUE SERA DESPACHADA A OSPREY METALS SAS EN ZONA FRANCA RIONEGRO BODEGA 101 POR ORDEN DE SU COMPRADOR GLOBAL METALS INDUSTRY LLC CON DIRECCION 1200 BRICKELL AVENUE SUITE 800 MIAMI, FL 33131, ESTADOS UNIDOS MIAMI , Cantidad de unidades comerciales:1658.91 GRAMOS FINOS ",,,1071043,1081000,,,,,,,,70107
2025,1,6007748465097,4,RAMIREZ,VARGAS,CARLOS,ALBERTO,RAMIREZ VARGAS CARLOS ALBERTO,1117526328,10910097,900908875,0,,,,,AGENCIA DE ADUANAS ASL NIVEL 2 SAS,10910097,901180357,,,,,OSPREY METALS S.A.S.,ZF RIONEGRO,Rionegro,42223433,,,42323438,,,,,42,1051113,1071043,169,1081000,30220635,30120632,23620384,ZONA FRANCA RIONEGRO,31,660818975.11,,33723811,,,,2,2,,29520622,1051113,90,Aduanas de Medellín,169,COLOMBIA,671,152361.26,,,,152361.26,,,1,1,2.29,20250107,6027741332981,20241227,35895747,77,70903637,,,,20250120104428,22390623,10910094,71586157,0,,,1117526328,1,1,1,7108120000,,,16820215,2.11,36623087,2116.04,23020303,1,2.29,2.11,152361.26,OSPREY METALS SAS,1,"Nombre Comercial:ORO , Otras características:BARRAS DE ALEACION DE ORO Y PLATA; BARRA CAR 074 LEY ORO 85,9% GRAMOS FINOS DE ORO 1818,59 LEY PLATA 14,05% GRAMOS FINOS DE PLATA 297,45; GRAMOS FINOS DE ORO DECLARADOS 1818,59; GRAMOS FINOS DE PLATA DECLARADOS 297,45; GRAMOS NETOS DECLARADOS 2117,1; NOS ACOGEMOS A LA CIRCULAR REGLAMENTARIA EXTERNA BANCO REPUBLICA # 83 NUMERAL 9 LITERAL ""J"" DEL 2011; DE ACUERDO AL ARTICULO 139 DE LA RESOLUCION 39 DE 2021;MERCANCIA QUE SERA DESPACHADA A OSPREY METALS SAS EN ZONA FRANCA RIONEGRO BODEGA 101 POR ORDEN DE SU COMPRADOR GLOBAL METALS INDUSTRY LLC CON DIRECCION 1200 BRICKELL AVENUE SUITE 800 MIAMI, FL 33131, ESTADOS UNIDOS MIAMI , Cantidad de unidades comerciales:1818.59 GRAMOS FINOS ",,,1071043,1081000,,,,,,,,70107
2025,1,6007752119518,0,,,,,C.I. GESTION EL REAL S.A.S.,900932184,10910097,900908875,0,,,,,AGENCIA DE ADUANAS ASL NIVEL 2 SAS,10922973,,,,,,Dillon Gage INC.,"11210 Zodiac Ln, Dallas, TX 75229",DALLAS,42223433,,,42323438,,,,,42,1051113,1071043,169,1081000,30220635,30120632,23620384,AEROPUERTO JOSE MARIA CORDOBA,31,5117974344.28,,33723811,,,2,2,2,23120230,29520622,1051113,90,Aduanas de Medellín,249,ESTADOS UNIDOS,1269919,1238007.94,,,,1238007.94,,,1,1,15,20250306,6027745097273,20250305,29235780,77,43206463,,,,20250310121722,22390623,10910094,71586157,0,,,900932184,1,1,1,7108120000,,,16820215,14.17,36623087,13118.66,23020303,1,15,14.17,1238007.94,,1,0006401056063814; 0006401056064701; 0006401056064281; 0006401056063925; 0006401056064591; 0006401056064006; 0006401056064543; 0006401056064188; 0006401056064733; 0006401056064195; 0006401056064740; 0006401056064131; 0006401056064464; 0006401056064529; 0006401056063900; 0006401056064536; 0006401056064489; 0006401056064242; 0006401056064251; 0006401056063846; 0006401056064432; 0006401056064496; 0006401056064052; 0006401056064321; 0006401056064582; 0006401056064686; 0006401056063964; 0006401056064210; 0006401056064758; 0006401056075671; 0006401056074974; 0006401056075324; 0006401056075704; 0006401056075180; 0006401056075539; 0006401056075363; 0006401056075664; 0006401056075560; 0006401056075521; 0006401056075134; 0006401056075009; 0006401056075625; 0006401056075094; 0006401056075435; 0006401056075016; 0006401056075578; 0006401056075481; 0006401056074981; 0006401056075291; 0006401056075331; 0006401056075451; 0006401056075428; 0006401056075245; 0006401056075213; 0006401056075087; 0006401056075410; 0006401056075206; 0006401056075023; 0006401056075055; 0006401056075030; 0006401056075198; 0006401056075238; 0006401056075585; 0006401056075048; 0006401056075395; 0006401056075689; 0006401056075102; 0006401056075546; 0006401056075261; 0006401056075641; 0006401056074967; 0006401056075317; 0006401056075370; 0006401056075600; 0006401056075127; 0006401056075507; 0006401056075062; 00064010560754,,,1071043,1081000,,,,,,,,70107
2025,1,6007752119518,0,,,,,C.I. GESTION EL REAL S.A.S.,900932184,10910097,900908875,0,,,,,AGENCIA DE ADUANAS ASL NIVEL 2 SAS,10922973,,,,,,Dillon Gage INC.,"11210 Zodiac Ln, Dallas, TX 75229",DALLAS,42223433,,,42323438,,,,,42,1051113,1071043,169,1081000,30220635,30120632,23620384,AEROPUERTO JOSE MARIA CORDOBA,31,5117974344.28,,33723811,,,2,2,2,23120230,29520622,1051113,90,Aduanas de Medellín,249,ESTADOS UNIDOS,1269919,1238007.94,,,,1238007.94,,,1,1,15,20250306,6027745097273,20250305,29235780,77,43206463,,,,20250310121722,22390623,10910094,71586157,0,,,900932184,1,1,1,7108120000,,,16820215,14.17,36623087,13118.66,23020303,1,15,14.17,1238007.94,,2,0006401056109983; 0006401056109872; 0006401056110382; 0006401056110415; 0006401056110107; 0006401056109944; 0006401056110051; 0006401056110160; 0006401056110153; 0006401056110391; 0006401056110178; 0006401056109951; 0006401056110408; 0006401056110185; 0006401056110289; 0006401056110042; 0006401056109969; 0006401056110479; 0006401056110121; 0006401056110035; 0006401056109779; 0006401056109761; 0006401056109937; 0006401056110461; 0006401056109833; 0006401056110343; 0006401056110218; 0006401056109865; 0006401056110329; 0006401056110099; 0006401056110501; 0006401056110264; 0006401056109826; 0006401056110519; 0006401056109976; 0006401056110200; 0006401056110028; 0006401056110271; 0006401056109793; 0006401056110375; 0006401056110257; 0006401056109905; 0006401056109819; 0006401056110067; 0006401056110454; 0006401056109840; 0006401056110296; 0006401056110391; 0006401056109897; 0006401056110074; 0006401056110225; 0006401056110558; 0006401056110081; 0006401056110241; 0006401056110139; 0006401056110431; 0006401056109754; 0006401056110422; 0006401056110232; 0006401056109881; 0006401056110003; 0006401056110533; 0006401056120244; 0006401056120172; 0006401056120957; 0006401056120348; 0006401056120656; 0006401056120839; 0006401056120221; 0006401056120466; 0006401056120925; 0006401056120663; 0006401056120538; 0006401056121061; 0006401056120237; 0006401056120885; 0006401056120703; 00064010561210,,,1071043,1081000,,,,,,,,70107
2025,1,6007752119518,0,,,,,C.I. GESTION EL REAL S.A.S.,900932184,10910097,900908875,0,,,,,AGENCIA DE ADUANAS ASL NIVEL 2 SAS,10922973,,,,,,Dillon Gage INC.,"11210 Zodiac Ln, Dallas, TX 75229",DALLAS,42223433,,,42323438,,,,,42,1051113,1071043,169,1081000,30220635,30120632,23620384,AEROPUERTO JOSE MARIA CORDOBA,31,5117974344.28,,33723811,,,2,2,2,23120230,29520622,1051113,90,Aduanas de Medellín,249,ESTADOS UNIDOS,1269919,1238007.94,,,,1238007.94,,,1,1,15,20250306,6027745097273,20250305,29235780,77,43206463,,,,20250310121722,22390623,10910094,71586157,0,,,900932184,1,1,1,7108120000,,,16820215,14.17,36623087,13118.66,23020303,1,15,14.17,1238007.94,,1,"GRUPO 1 = Nombre Comercial:ORO , Otras características:BARRAS DE ALEACION DE ORO Y PLATA; BARRA GER-757 LEY ORO 94,73% GRAMOS FINOS DE ORO 1966,11 LEY PLATA 5,27% GRAMOS FINOS DE PLATA 109,38; BARRA GER-758 LEY ORO 93,51% GRAMOS FINOS DE ORO 2122,64 LEY PLATA 6,49% GRAMOS FINOS DE PLATA 147,32; BARRA GER-759 LEY ORO 95,53% GRAMOS FINOS DE ORO 1707,43 LEY PLATA 4,47% GRAMOS FINOS DE PLATA 79,89; BARRA GER-760 LEY ORO 91,32% GRAMOS FINOS DE ORO 1223,97 LEY PLATA 8,68% GRAMOS FINOS DE PLATA 116,34; BARRA GER-761 LEY ORO 92,82% GRAMOS FINOS DE ORO 2283,05 LEY PLATA 7,18% GRAMOS FINOS DE PLATA 176,6; BARRA GER-762 LEY ORO 90% GRAMOS FINOS DE ORO 1826,95 LEY PLATA 10% GRAMOS FINOS DE PLATA 202,99; BARRA GER-763 LEY ORO 90% GRAMOS FINOS DE ORO 1988,51 LEY PLATA 10% GRAMOS FINOS DE PLATA 220,95; GRAMOS FINOS DE ORO DECLARADOS 13118,66; GRAMOS FINOS DE PLATA DECLARADOS 1053,47; GRAMOS NETOS DECLARADOS 14172,13; CP No. 0006401056054603; 0006401056054699; 0006401056054681; 0006401056054491; 0006401056054359; 0006401056054896; 0006401056054746; 0006401056054406; 0006401056054588; 0006401056054785; 0006401056054929; 0006401056054841; 0006401056054334; 0006401056054628; 0006401056054651; 0006401056054501; 0006401056054531; 0006401056054950; 0006401056054380; 0006401056054610; 0006401056054524; 0006401056054832; 0006401056054800; 0006401056054982; 0006401056054857; 0006401056054420; 000640105",,,1071043,1081000,,,,,,,,70107
2025,2,6007749623832,0,,,,,COMERCIALIZADORA OROCOL  S.A.S.,901276562,10910097,901076655,9,,,,,INTERLACE AGENCIA DE ADUANAS SAS NIVEL 2,10922973,,,,,,DENVER ELEVEN LLC,"39 N.E. 1ST AVE, UNIT 5B,MIAMI, FL 33132",MIAMI,42223433,6007749469898,41529348,42323441,Voluntaria,,,,42,1051065,1071043,169,1081003,30220635,30120632,23620384,AEROPUERTO EL DORADO,1,247459.95,4410.5,33723811,,,1,2,2,23120230,29520622,1051065,3,Aduanas de Bogota - Aeropuerto El Dorado,249,ESTADOS UNIDOS,1274396,247459.95,,,,247459.95,,,1,1,2.8178,20250120,6027742182313,20250117,,,,,,,20250127095747,,,,,,,901276562,1,1,1,7108120000,,,16820215,2.81780,36623087,2817.8,23020262,1,2.82,2.82,247459.95,,1,"Nombre Comercial:ORO EN BARRA , Otras características:UNA BARRA DE ORO CON CODIGO Nº 11101801, EN CANTIDAD DE PESO BRUTO 2.817,80 GRAMOS DE ORO LEY ,999 EQUIVALENTES A 2.814,99 GRAMOS FINOS DE ORO Y 2,81 GRAMOS DE PLATA PUROS. LLEVADOS A LA MANO DEL VIAJERO EDER ENRIQUE DAZA PEREZ CON PASAPORTE AW783748 DE COLOMBIA Y TIQUETE Nº 0012206910457 DE LA AEROLINEA AMERICAN AIRLINES , Cantidad de unidades comerciales:2.817,80 GRAMOS ",,,1071043,1081003,,,,,,,,70107
2025,1,6007751229261,7,,,,,JD CUARTAS SAS,901313002,10910097,900908875,0,,,,,AGENCIA DE ADUANAS ASL NIVEL 2 SAS,10922973,N/A,,,,,Keybrick Corp. A/C Stonex Commodities DMMCC,"800 SE 4TH AVE. SUITE 115, HALLANDALE, FL 33009,USA PHONE",HALLANDALE,42223433,,,42323438,,,,,42,1051113,1071043,169,1081000,30220635,30120632,23620384,AEROPUERTO JOSE MARIA CORDOBA,31,2618943546.56,,33723811,,,2,2,2,23120230,29520622,1051113,90,Aduanas de Medellín,249,ESTADOS UNIDOS,1272502,631314.4,,,,631314.4,,,1,1,8,20250219,6027744277073,20250218,111076508,78,30686106,,,,20250221090139,22390623,10910094,71586157,0,,,901313002,1,1,1,7108120000,,,16820215,7.54,36623087,6818.59,23020303,1,8,7.54,631314.4,KEYBRICK CORP. A/C STONEX COMMODITIES DMMCC,1,"Nombre Comercial:ORO , Otras características:BARRAS DE ALEACION DE ORO Y PLATA; BARRA JD 245-1 LEY ORO 867,1 GRAMOS FINOS DE ORO 1769,53 LEY PLATA 132,9 GRAMOS FINOS DE PLATA 271,21; BARRA JD 245-2 LEY ORO 927,01 GRAMOS FINOS DE ORO 780,77 LEY PLATA 72,99 GRAMOS FINOS DE PLATA 61,48; BARRA JD 246-1 LEY ORO 965,8 GRAMOS FINOS DE ORO 1962,3 LEY PLATA 34,2 GRAMOS FINOS DE PLATA 69,49; BARRA JD 246-2 LEY ORO 936,1 GRAMOS FINOS DE ORO 1327,26 LEY PLATA 63,9 GRAMOS FINOS DE PLATA 90,6; BARRA JD 246-3 LEY ORO 809,8 GRAMOS FINOS DE ORO 978,74 LEY PLATA 190,2 GRAMOS FINOS DE PLATA 229,88; GRAMOS FINOS DE ORO DECLARADOS 6818,6; GRAMOS FINOS DE PLATA DECLARADOS 722,66; GRAMOS NETOS DECLARADOS 7541,26; , Cantidad de unidades comerciales:6818.59 GRAMOS FINOS ",,,1071043,1081000,,,,,,,,70107
2025,1,6007758523709,6,,,,,NEGOCIOS F Y M METALES S.A.S,901347211,10910097,900908875,0,,,,,AGENCIA DE ADUANAS ASL NIVEL 2 SAS,10922973,,,,,,KEYBRICK CORP. A/C STONEX COMMODITIES DMCC,"800 SE 4 TH AVE. SUITE 115, HALLANDALE, FL 33009, USA",HALLANDALE,42223433,,,42323438,,,,,42,1051113,1071043,169,1081000,30220635,30120632,23620384,AEROPUERTO JOSE MARIA CORDOBA,1,550924.30,,33723811,,,2,2,2,23120230,29520622,1051113,90,Aduanas de Medellín,249,ESTADOS UNIDOS,1272502,550924.3,,,,550924.3,,,1,1,6,20250617,6027750846899,20250616,110735095,77,1080293051,,,,20250619112034,22390623,10910094,71586157,0,,,901347211,1,1,1,7108120000,,,16820215,5.74,36623087,5240.41,23020303,1,6,5.74,550924.3,KEYBRICK CORP. A/C STONEX COMMODITIES DMCC,1,"Nombre Comercial:ORO , Otras características:BARRAS DE ALEACION DE ORO Y PLATA; BARRA NEG # 1 LEY ORO 987,27 GRAMOS FINOS DE ORO 2257,21 LEY PLATA 12,73 GRAMOS FINOS DE PLATA 29,1; BARRA NEG # 2 LEY ORO 988,17 GRAMOS FINOS DE ORO 1591,01 LEY PLATA 11,83 GRAMOS FINOS DE PLATA 19,04; BARRA NEG # 3 LEY ORO 755,07 GRAMOS FINOS DE ORO 1392,19 LEY PLATA 244,93 GRAMOS FINOS DE PLATA 451,59; GRAMOS FINOS DE ORO DECLARADOS 5240,41; GRAMOS FINOS DE PLATA DECLARADOS 499,73; GRAMOS NETOS DECLARADOS 5740,14;  , Cantidad de unidades comerciales:5240.41 GRAMOS FINOS ",,,1071043,1081000,,,,,,,,70107
2025,1,6007770180862,1,,,,,JPR METALS S.A.S,901411164,10910097,900908875,0,,,,,AGENCIA DE ADUANAS ASL NIVEL 2 SAS,10922973,,,,,,DILLON GAGE INC,"11210 ZODIAC LN DALLAS, TX75229",DALLAS,42223433,,,42323438,,,,,42,1051113,1071043,169,1081000,30220635,30120632,23620384,AEROPUERTO JOSE MARIA CORDOBA,31,4184863727.70,,33723811,,,2,2,2,23120230,29520622,1051113,90,Aduanas de Medellín,249,ESTADOS UNIDOS,1269917,1103431.62,,,,1103431.62,,,1,1,10,20251229,6027761559008,20251226,35899220,76,1035910314,,,,20251231083115,22390623,10910094,71586157,0,,,901411164,1,1,1,7108120000,,,16820215,9.38,36623087,8059.54,23020303,1,10,9.38,1103431.62,DILLON GAGE,1,"Nombre Comercial:ORO , Otras características:BARRAS DE ALEACION DE ORO Y PLATA; BARRA JPR-099 LEY ORO 84,4% GRAMOS FINOS DE ORO 914,98 LEY PLATA 15,6% GRAMOS FINOS DE PLATA 169,12; BARRA JPR-100 LEY ORO 82,4% GRAMOS FINOS DE ORO 962,88 LEY PLATA 17,6% GRAMOS FINOS DE PLATA 205,66; BARRA JPR-101 LEY ORO 83,7% GRAMOS FINOS DE ORO 1449,68 LEY PLATA 16,3% GRAMOS FINOS DE PLATA 282,32; BARRA JPR-102 LEY ORO 90,15% GRAMOS FINOS DE ORO 1030,28 LEY PLATA 9,85% GRAMOS FINOS DE PLATA 112,57; BARRA JPR-103 LEY ORO 84,87% GRAMOS FINOS DE ORO 1698,77 LEY PLATA 15,13% GRAMOS FINOS DE PLATA 302,84; BARRA JPR-104 LEY ORO 89,02% GRAMOS FINOS DE ORO 1035,24 LEY PLATA 10,98% GRAMOS FINOS DE PLATA 127,69; BARRA JPR-105 LEY ORO 88,71% GRAMOS FINOS DE ORO 967,71 LEY PLATA 11,29% GRAMOS FINOS DE PLATA 123,16; GRAMOS FINOS DE ORO DECLARADOS 8059,54; GRAMOS FINOS DE PLATA DECLARADOS 1323,36; GRAMOS NETOS DECLARADOS 9382,9;  MERCANCIA QUE SERA DESPACHADA A DILLON GAGE INC CON DIRECCION 11210 ZODIAC LN, DALLAS, TX75229 POR ORDEN DE SU COMPRADOR GP INVESTMENTS GROUP LLC CON DIRECCION 12535 ORANGE DR, SUITE 601 EN ESTADOS UNIDOS , Cantidad de unidades comerciales:8059.54 GRAMOS FINOS ",,,1071043,1081000,,,,,,,,70107
2025,2,6007769870446,5,,,,,COMERCIALIZADORA INTERNACIONAL ROCAH S.A.S.,901480993,10910097,900908875,0,,,,,AGENCIA DE ADUANAS ASL NIVEL 2 SAS,10922973,,,,,,DILLON GAGE INC,"11210 Zodiac Lane Dallas, Texas",DALLAS,42223433,6007769291422,41529348,42323441,Circunstanciasexcepcionales,,,,42,1051113,1071043,169,1081000,30220635,30120632,23620384,AEROPUERTO José Maria Córdoba,1,1813977.25,,33723811,,,2,2,2,23120230,29520622,1051113,90,Aduanas de Medellín,249,ESTADOS UNIDOS,1269919,1813977.25,,,,1813977.25,,,1,1,15.43,20251212,6027760691724,20251211,,,,,,,20251224080743,,,,,,,901480993,1,1,1,7108120000,,,16820215,14.99,36623087,13447.13,23020303,1,15.43,14.99,1813977.25,DILLON GAGE INC,1,"Nombre Comercial:ORO , Otras características:BARRAS DE ALEACION DE ORO Y PLATA; BARRA ROCAH 814 LEY ORO 983,98 GRAMOS FINOS DE ORO 2045,86 LEY PLATA 16,02 GRAMOS FINOS DE PLATA 33,31; BARRA ROCAH 815 LEY ORO 986,04 GRAMOS FINOS DE ORO 1028,17 LEY PLATA 13,96 GRAMOS FINOS DE PLATA 14,56; BARRA ROCAH 816 LEY ORO 824,9 GRAMOS FINOS DE ORO 2523,14 LEY PLATA 175,1 GRAMOS FINOS DE PLATA 535,59; BARRA ROCAH 817 LEY ORO 842,74 GRAMOS FINOS DE ORO 2500,61 LEY PLATA 157,26 GRAMOS FINOS DE PLATA 466,64; BARRA ROCAH 818 LEY ORO 935,12 GRAMOS FINOS DE ORO 2505,33 LEY PLATA 64,88 GRAMOS FINOS DE PLATA 173,81; BARRA ROCAH 819 LEY ORO 896,49 GRAMOS FINOS DE ORO 2844,01 LEY PLATA 103,51 GRAMOS FINOS DE PLATA 328,37; GRAMOS FINOS DE ORO DECLARADOS 13447,13; GRAMOS FINOS DE PLATA DECLARADOS 1552,27; GRAMOS NETOS DECLARADOS 14999,4; CP N°0006401059128666; 0006401059128673; 0006401059128680; 0006401059128698; 0006401059128706; 0006401059128713; 0006401059128720; 0006401059128738; 0006401059128745; 0006401059128752; 0006401059128761; 0006401059128777; 0006401059128784; 0006401059128791; 0006401059128801; 0006401059128817; 0006401059128824; 0006401059128831; 0006401059128849; 0006401059128856; 0006401059128863; 0006401059128870; 0006401059128888; 0006401059128895; 0006401059128903; 0006401059128910; 0006401059128928; 0006401059128935; 0006401059128942; 0006401059128951; 0006401059128967; 000640105912",,,1071043,1081000,,,,,,,,70107
2025,2,6007769870446,5,,,,,COMERCIALIZADORA INTERNACIONAL ROCAH S.A.S.,901480993,10910097,900908875,0,,,,,AGENCIA DE ADUANAS ASL NIVEL 2 SAS,10922973,,,,,,DILLON GAGE INC,"11210 Zodiac Lane Dallas, Texas",DALLAS,42223433,6007769291422,41529348,42323441,Circunstanciasexcepcionales,,,,42,1051113,1071043,169,1081000,30220635,30120632,23620384,AEROPUERTO José Maria Córdoba,1,1813977.25,,33723811,,,2,2,2,23120230,29520622,1051113,90,Aduanas de Medellín,249,ESTADOS UNIDOS,1269919,1813977.25,,,,1813977.25,,,1,1,15.43,20251212,6027760691724,20251211,,,,,,,20251224080743,,,,,,,901480993,1,1,1,7108120000,,,16820215,14.99,36623087,13447.13,23020303,1,15.43,14.99,1813977.25,DILLON GAGE INC,1,"1059169426; 0006401059169433; 0006401059169440; 0006401059169458; 0006401059169465; 0006401059169472; 0006401059169481; 0006401059169497; 0006401059169505; 0006401059169512; 0006401059169521; 0006401059169537; 0006401059169544; 0006401059169551; 0006401059169569; 0006401059169576; 0006401059169583; 0006401059169590; 0006401059169609; 0006401059169616; 0006401059169623; 0006401059169630; 0006401059169648; 0006401059169655; 0006401059169662; , Cantidad de unidades comerciales:13447.13 GRAMOS FINOS ",,,1071043,1081000,,,,,,,,70107
2025,1,6007756671337,5,,,,,PRECOOPERATIVA DE TRABAJO ASOCIADO GRUPO EMPRESARIAL DE SANTANDER (AGOES),901682129,10910097,900908875,0,,,,,AGENCIA DE ADUANAS ASL NIVEL 2 SAS,10910097,901180357,,,,,OSPREY METALS S.A.S.,ZF RIONEGRO,Rionegro,42223433,,,42323438,,,,,42,1051113,1071043,169,1081000,30220635,30120632,23620384,ZONA FRANCA RIONEGRO,31,3363932475.51,,33723811,,,2,2,2,,29520622,1051113,90,Aduanas de Medellín,169,COLOMBIA,671,792953.4,,,,792953.4,,,1,4,9.25,20250520,6027749307388,20250519,29235780,77,43206463,,,,20250521142145,22390623,10910094,71586157,0,,,901682129,1,1,1,7108120000,,,16820215,8.46,36623087,8442.66,23020303,4,9.25,8.46,792953.4,OSPREY METALS SAS,1,"Nombre Comercial:ORO , Otras características:BARRAS DE ALEACION DE ORO Y PLATA; BARRA AGS117 LEY ORO 93,3% GRAMOS FINOS DE ORO 1036,46 LEY PLATA 6,27% GRAMOS FINOS DE PLATA 69,64; BARRA AGS118 LEY ORO 89,33% GRAMOS FINOS DE ORO 1499,32 LEY PLATA 10,55% GRAMOS FINOS DE PLATA 177,04; BARRA AGS119 LEY ORO 89,2% GRAMOS FINOS DE ORO 1374,57 LEY PLATA 10,78% GRAMOS FINOS DE PLATA 166,09; BARRA AGS120 LEY ORO 91,17% GRAMOS FINOS DE ORO 1148,38 LEY PLATA 8,74% GRAMOS FINOS DE PLATA 110,08; BARRA AGS121 LEY ORO 90,6% GRAMOS FINOS DE ORO 790,67 LEY PLATA 8,84% GRAMOS FINOS DE PLATA 77,14; BARRA AGS122 LEY ORO 92,02% GRAMOS FINOS DE ORO 976,98 LEY PLATA 7,52% GRAMOS FINOS DE PLATA 79,83; BARRA AGS123 LEY ORO 89,35% GRAMOS FINOS DE ORO 840,52 LEY PLATA 10,2% GRAMOS FINOS DE PLATA 95,94; GRAMOS FINOS DE ORO DECLARADOS 7666,9; GRAMOS FINOS DE PLATA DECLARADOS 775,76; GRAMOS NETOS DECLARADOS 8464,3; NOS ACOGEMOS A LA CIRCULAR REGLAMENTARIA EXTERNA BANCO REPUBLICA # 83 NUMERAL 9 LITERAL ""J"" DEL 2011; DE ACUERDO AL ARTICULO 139 DE LA RESOLUCION 39 DE 2021; MERCANCIA QUE SERA DESPACHADA A OSPREY METALS SAS EN ZONA FRANCA RIONEGRO BODEGA 101 POR ORDEN DE SU COMPRADOR GLOBAL METALS INDUSTRY LLC CON DIRECCION 1200 BRICKELL AVENUE SUITE 800 MIAMI, FL 33131, ESTADOS UNIDOS MIAMI , Cantidad de unidades comerciales:7666.90 GRAMOS FINOS ",,,1071043,1081000,,,,,,,,70107
2025,1,6007758125689,5,,,,,PRECOOPERATIVA DE TRABAJO ASOCIADO GRUPO EMPRESARIAL DE SANTANDER (AGOES),901682129,10910097,900908875,0,,,,,AGENCIA DE ADUANAS ASL NIVEL 2 SAS,10910097,901180357,,,,,OSPREY METALS S.A.S.,ZF RIONEGRO,Rionegro,42223433,,,42323438,,,,,42,1051113,1071043,169,1081000,30220635,30120632,23620384,ZONA FRANCA RIONEGRO,31,1567933318.49,,33723811,,,2,2,2,,29520622,1051113,90,Aduanas de Medellín,169,COLOMBIA,671,377724.19,,,,377724.19,,,1,2,4.30,20250612,6027750576640,20250611,,,,,,,20250613163428,22390623,10910094,71586157,0,,,901682129,1,1,1,7108120000,,,16820215,3.90,36623087,3883.46,23020303,2,4.3,3.9,377724.19,OSPREY METALS SAS,1,"Nombre Comercial:ORO , Otras características:BARRAS DE ALEACION DE ORO Y PLATA; BARRA AGS146 LEY ORO 91,79% GRAMOS FINOS DE ORO 918,45 LEY PLATA 7,81% GRAMOS FINOS DE PLATA 78,12; BARRA AGS147 LEY ORO 90,03% GRAMOS FINOS DE ORO 1226,21 LEY PLATA 9,46% GRAMOS FINOS DE PLATA 128,86; BARRA AGS148 LEY ORO 91,54% GRAMOS FINOS DE ORO 764,54 LEY PLATA 8,02% GRAMOS FINOS DE PLATA 66,99; BARRA AGS149 LEY ORO 93,1% GRAMOS FINOS DE ORO 654,77 LEY PLATA 6,47% GRAMOS FINOS DE PLATA 45,52; GRAMOS FINOS DE ORO DECLARADOS 3563,97; GRAMOS FINOS DE PLATA DECLARADOS 319,49; GRAMOS NETOS DECLARADOS 3901,1; NOS ACOGEMOS A LA CIRCULAR REGLAMENTARIA EXTERNA BANCO REPUBLICA # 83 NUMERAL 9 LITERAL ""J"" DEL 2011; DE ACUERDO AL ARTICULO 139 DE LA RESOLUCION 39 DE 2021; MERCANCIA QUE SERA DESPACHADA A OSPREY METALS SAS EN ZONA FRANCA RIONEGRO BODEGA 101 POR ORDEN DE SU COMPRADOR GLOBAL METALS INDUSTRY LLC CON DIRECCION 1200 BRICKELL AVENUE SUITE 800 MIAMI, FL 33131, ESTADOS UNIDOS MIAMI , Cantidad de unidades comerciales:3563.97 GRAMOS FINOS ",,,1071043,1081000,,,,,,,,70107
2026,1,6007775237761,8,RAMIREZ,CASTAÑO,ERICK,DANIEL,RAMIREZ CASTAÑO ERICK DANIEL,1108639167,10910097,900908875,0,,,,,AGENCIA DE ADUANAS ASL NIVEL 2 SAS,10910097,901180357,,,,,OSPREY METALS S.A.S.,ZF RIONEGRO,Rionegro,42223433,,,42323438,,,,,42,1051113,1071043,169,1081000,30220635,30120632,23620384,ZONA FRANCA RIONEGRO,31,2519680800.22,,33723811,,,2,2,2,,29520622,1051113,90,Aduanas de Medellín,169,COLOMBIA,671,683539.2,,,,683539.2,,,1,2,5.26,20260324,6027766111768,20260320,35899220,76,1035910314,,,,20260325123313,105422455,10910094,98703597,9,,,1108639167,1,1,1,7108120000,,,16820215,4.80,36623087,4791.33,23020303,2,5.26,4.8,683539.2,OSPREY METALS SAS,2,NAYASA SIAGAMA CON FECHA DEL 28-02-2026; CON CONTRATO EN CUENTAS DE PARTICIPACION S/N EMITIDA ENTRE ERICK DANIEL RAMIREZ CASTAÑO Y JUVENAL ESTUA NIAZA CON FECHA DEL 28-02-2026; CON CONTRATO EN CUENTAS DE PARTICIPACION S/N EMITIDA ENTRE ERICK DANIEL RAMIREZ CASTAÑO Y ROSA HILDA SANTA SANTA CON FECHA DEL 28-02-2026; CON CONTRATO EN CUENTAS DE PARTICIPACION S/N EMITIDA ENTRE ERICK DANIEL RAMIREZ CASTAÑO Y MAXIMO MOSQUERA OREJUELA CON FECHA DEL 28-02-2026; CON CONTRATO EN CUENTAS DE PARTICIPACION S/N EMITIDA ENTRE ERICK DANIEL RAMIREZ CASTAÑO Y MARIA INES SIAGAMA DOVIGAMA CON FECHA DEL 28-02-2026; CON CONTRATO EN CUENTAS DE PARTICIPACION S/N EMITIDA ENTRE ERICK DANIEL RAMIREZ CASTAÑO Y LUZ NELLY OSORIO QUIRO CON FECHA DEL 28-02-2026; CON CONTRATO EN CUENTAS DE PARTICIPACION S/N EMITIDA ENTRE ERICK DANIEL RAMIREZ CASTAÑO Y JHON FREDY PEREA PEREA CON FECHA DEL 28-02-2026; CON CONTRATO EN CUENTAS DE PARTICIPACION S/N EMITIDA ENTRE ERICK DANIEL RAMIREZ CASTAÑO Y ORFILIA GUASIRUMA DOVIGAMO CON FECHA DEL 12-03-2026; CON CONTRATO EN CUENTAS DE PARTICIPACION S/N EMITIDA ENTRE ERICK DANIEL RAMIREZ CASTAÑO Y FELINDA AIZAMA NAIAZA CON FECHA DEL 12-03-2026; CON CONTRATO EN CUENTAS DE PARTICIPACION S/N EMITIDA ENTRE ERICK DANIEL RAMIREZ CASTAÑO Y MARCIAL AIZAMA TOBIGAMA CON FECHA DEL 12-03-2026; CON CONTRATO EN CUENTAS DE PARTICIPACION S/N EMITIDA ENTRE ERICK DANIEL RAMIREZ CASTAÑO Y MAIRA GISE,,,1071043,1081000,,,,,,,,70107
2026,1,6007775237761,8,RAMIREZ,CASTAÑO,ERICK,DANIEL,RAMIREZ CASTAÑO ERICK DANIEL,1108639167,10910097,900908875,0,,,,,AGENCIA DE ADUANAS ASL NIVEL 2 SAS,10910097,901180357,,,,,OSPREY METALS S.A.S.,ZF RIONEGRO,Rionegro,42223433,,,42323438,,,,,42,1051113,1071043,169,1081000,30220635,30120632,23620384,ZONA FRANCA RIONEGRO,31,2519680800.22,,33723811,,,2,2,2,,29520622,1051113,90,Aduanas de Medellín,169,COLOMBIA,671,683539.2,,,,683539.2,,,1,2,5.26,20260324,6027766111768,20260320,35899220,76,1035910314,,,,20260325123313,105422455,10910094,98703597,9,,,1108639167,1,1,1,7108120000,,,16820215,4.80,36623087,4791.33,23020303,2,5.26,4.8,683539.2,OSPREY METALS SAS,1," MARIBEL BOROCUARA PALACIO CON FECHA DEL 27-02-2026; CON CONTRATO EN CUENTAS DE PARTICIPACION S/N EMITIDA ENTRE ERICK DANIEL RAMIREZ CASTAÑO Y MISAEL BOROCUARA CAMPO CON FECHA DEL 27-02-2026; CON CONTRATO EN CUENTAS DE PARTICIPACION S/N EMITIDA ENTRE ERICK DANIEL RAMIREZ CASTAÑO Y LIGIA VANESSA CHIMACA SIAGAMA CON FECHA DEL 27-02-2026; CON CONTRATO EN CUENTAS DE PARTICIPACION S/N EMITIDA ENTRE ERICK DANIEL RAMIREZ CASTAÑO Y ANA PATRICIA QUERAGAMA MAMUNDIA CON FECHA DEL 27-02-2026; CON CONTRATO EN CUENTAS DE PARTICIPACION S/N EMITIDA ENTRE ERICK DANI  GRUPO 2 = Nombre Comercial:ORO , Otras características:EL RAMIREZ CASTAÑO Y ERMILDA AISAMA GUATIQUI CON FECHA DEL 27-02-2026; CON CONTRATO EN CUENTAS DE PARTICIPACION S/N EMITIDA ENTRE ERICK DANIEL RAMIREZ CASTAÑO Y ANDREA CAROLINA IBARGUEN VALOIS CON FECHA DEL 27-02-2026; CON CONTRATO EN CUENTAS DE PARTICIPACION S/N EMITIDA ENTRE ERICK DANIEL RAMIREZ CASTAÑO Y LUZ DAYANA URRUTIA COSSIO CON FECHA DEL 27-02-2026; CON CONTRATO EN CUENTAS DE PARTICIPACION S/N EMITIDA ENTRE ERICK DANIEL RAMIREZ CASTAÑO Y KELLY YULIANA PEREA GARCIA CON FECHA DEL 27-02-2026; CON CONTRATO EN CUENTAS DE PARTICIPACION S/N EMITIDA ENTRE ERICK DANIEL RAMIREZ CASTAÑO Y MONICA QUERAGAMA GUATIQUI CON FECHA DEL 27-02-2026; CON CONTRATO EN CUENTAS DE PARTICIPACION S/N EMITIDA ENTRE ERICK DANIEL RAMIREZ CASTAÑO Y JUAN CARLOS NEMBAREGAMA GUATIQUI CON FECHA DEL 27-02",,,1071043,1081000,,,,,,,,70107
2026,1,6007775237761,8,RAMIREZ,CASTAÑO,ERICK,DANIEL,RAMIREZ CASTAÑO ERICK DANIEL,1108639167,10910097,900908875,0,,,,,AGENCIA DE ADUANAS ASL NIVEL 2 SAS,10910097,901180357,,,,,OSPREY METALS S.A.S.,ZF RIONEGRO,Rionegro,42223433,,,42323438,,,,,42,1051113,1071043,169,1081000,30220635,30120632,23620384,ZONA FRANCA RIONEGRO,31,2519680800.22,,33723811,,,2,2,2,,29520622,1051113,90,Aduanas de Medellín,169,COLOMBIA,671,683539.2,,,,683539.2,,,1,2,5.26,20260324,6027766111768,20260320,35899220,76,1035910314,,,,20260325123313,105422455,10910094,98703597,9,,,1108639167,1,1,1,7108120000,,,16820215,4.80,36623087,4791.33,23020303,2,5.26,4.8,683539.2,OSPREY METALS SAS,1,"GRUPO 1 = Nombre Comercial:ORO , Otras características:BARRAS DE ALEACION DE ORO Y PLATA; BARRA ER067 LEY ORO 87,87% GRAMOS FINOS DE ORO 990,12 LEY PLATA 12% GRAMOS FINOS DE PLATA 135,22; BARRA ER068 LEY ORO 90,3% GRAMOS FINOS DE ORO 996,73 LEY PLATA 9,5% GRAMOS FINOS DE PLATA 104,86; BARRA ER069 LEY ORO 86,44% GRAMOS FINOS DE ORO 953,87 LEY PLATA 13,5% GRAMOS FINOS DE PLATA 148,97; BARRA ER070 LEY ORO 84,69% GRAMOS FINOS DE ORO 1241,64 LEY PLATA 15% GRAMOS FINOS DE PLATA 219,92; GRAMOS FINOS DE ORO DECLARADOS 4182,36; GRAMOS FINOS DE PLATA DECLARADOS 608,97; GRAMOS NETOS DECLARADOS 4800,2; NOS ACOGEMOS A LA CIRCULAR REGLAMENTARIA EXTERNA BANCO REPUBLICA # 83 NUMERAL 9 LITERAL ""J"" DEL 2011; DE ACUERDO AL ARTICULO 139 DE LA RESOLUCION 39 DE 2021; MERCANCIA QUE SERA DESPACHADA A OSPREY METALS SAS EN ZONA FRANCA RIONEGRO BODEGA 101 POR ORDEN DE SU COMPRADOR GLOBAL METALS INDUSTRY LLC CON DIRECCION 1200 BRICKELL AVENUE SUITE 800 MIAMI, FL 33131, ESTADOS UNIDOS MIAMI; CON CONTRATO EN CUENTAS DE PARTICIPACION S/N EMITIDA ENTRE ERICK DANIEL RAMIREZ CASTAÑO Y LILIANA SANCHEZ MOSQUERA CON FECHA DEL 27-02-2026; CON CONTRATO EN CUENTAS DE PARTICIPACION S/N EMITIDA ENTRE ERICK DANIEL RAMIREZ CASTAÑO Y IBETH SOFIA COPETE VALENCIA CON FECHA DEL 27-02-2026; CON CONTRATO EN CUENTAS DE PARTICIPACION S/N EMITIDA ENTRE ERICK DANIEL RAMIREZ CASTAÑO Y YASIRIS MOSQUERA MOSQUERA CON FECHA DEL 27-02-2",,,1071043,1081000,,,,,,,,70107
2026,1,6007781707443,8,RUIZ,BARRERA,VICTOR,HUGO,RUIZ BARRERA VICTOR HUGO,70877718,10910097,900908875,0,,,,,AGENCIA DE ADUANAS ASL NIVEL 2 SAS,10910097,900625884,,,,,GRUPO ALTEA S.A.S.,ZONA FRANCA RIONEGRO - VEREDA  CHACHAFRUTO BG 93 Y 100,Rionegro,42223433,,,42323438,,,,,42,1051113,1071043,169,1081000,30220635,30120632,23620384,ZONA FRANCA RIONEGRO,31,144218248.69,,33723812,,,,2,2,,29520622,1051113,90,Aduanas de Medellín,169,COLOMBIA,671,41880.2,,,,41880.2,,,1,1,0.38,20260710,6027771935777,20260708,,,,,,,20260721113824,105422455,10910094,98703597,9,,,70877718,1,1,1,7108120000,,,16820215,0.34,36623087,348.59,23020303,1,0.38,0.34,41880.2,GRUPO ALTEA SAS,1,"Nombre Comercial:ORO , Otras características:BARRAS DE ALEACION DE ORO Y PLATA; BARRA 2035 N LEY ORO 954 GRAMOS FINOS DE ORO 333,05 LEY PLATA 44,5 GRAMOS FINOS DE PLATA 15,54; GRAMOS FINOS DE ORO DECLARADOS 333,05; GRAMOS FINOS DE PLATA DECLARADOS 15,54; GRAMOS NETOS DECLARADOS 349,11; NOS ACOGEMOS A LA CIRCULAR REGLAMENTARIA EXTERNA BANCO REPUBLICA # 83 NUMERAL 9 LITERAL ""J"" DEL 2011; DE ACUERDO AL ARTICULO 139 DE LA RESOLUCION 39 DE 2021 , Cantidad de unidades comerciales:349.11 GRAMOS ",,,1071043,1081000,,,,,,,,70107
2026,1,6007770317279,0,,,,,FUNDICION RAMIREZ  ZF S.A.S.,900479267,10910097,890313036,8,,,,,AGENCIA DE ADUANAS CONTINENTAL DE ADUANAS S.A.S. NIVEL 1,10922973,23-8017279024,,,,,ESTEEM INTERNATIONAL TRADING F.Z.E,"AMBERGEM BUILDING, EXECUTIVE OFFICE 1806, AJMAN FREE ZONE E1 AJMAN, 64911",AJMAN ,42223433,,,42323438,,25-1832CLO,,,42,1051111,1071043,169,1081023,30220635,30120632,23620386,ALBONAR,1,869342.08,3706.94,33723811,,,2,2,2,23120230,29520622,1051111,88,Aduanas de Cali,244,EMIRATOS ARABES UNID,1231354,869342.08,,,,869342.08,,,1,1,8,20251230,6027761704721,20251230,,,,,,,20260106095849,17556019,10910094,31167540,6,,,900479267,1,1,1,7108120000,,,16820215,7.07,36623087,6302.8,23020363,1,8,7.07,869342.08,,1,"Nombre Comercial:ORO EN BARRAS , Otras características:1 BARRAS CON GRAMOS DE ORO FINO PARA USO NO MONETARIO. GRAMOS NETOS TOTALES:7.074,00 Y GRAMOS FINOS TOTALES:6.302,80 CON LAS SIGUIENTES BARRAS DISCRIMINADAS CONFORME A BOLETIN DE ANALISIS. FACTURA:2210 TULA 1:BARRA N°:R-010 GRAMOS NETOS:7.074,00 LEY:0,890981 GRAMOS FINOS:6.302,80//  , Cantidad de unidades comerciales:6.302,80 GRAMOS FINOS // 202.639118 ONZAS TROY ",,,1071043,1081023,,,,,,,,70107
2026,1,6007783002101,2,,,,,INVERSIONES EL SAN JUAN SAS,901417281,10910097,900908875,0,,,,,AGENCIA DE ADUANAS ASL NIVEL 2 SAS,10910097,901180357,,,,,OSPREY METALS S.A.S.,BG 101 ZF RIONEGRO VDA CHACHAFRUTO,Rionegro,42223433,,,42323438,,,,,42,1051113,1071043,169,1081000,30220635,30120632,23620384,ZONA FRANCA RIONEGRO,31,6024810394.65,,33723812,,,,2,2,,29520622,1051113,90,Aduanas de Medellín,169,COLOMBIA,671,1885411.33,,,,1885411.33,,,1,4,17.45,20260803,6027773031477,20260731,,,,,,,20260805094817,105422455,10910094,98703597,9,,,901417281,1,1,1,7108120000,,,16820215,16.53,36623087,16405.13,23020303,4,17.45,16.53,1885411.33,,1,"Nombre Comercial:ORO , Otras características:BARRAS DE ALEACION DE ORO Y PLATA; BARRA SNJ 009 LEY ORO 87,04% GRAMOS FINOS DE ORO 2304,47 LEY PLATA 12,14% GRAMOS FINOS DE PLATA 321,42; BARRA SNJ 010 LEY ORO 83,53% GRAMOS FINOS DE ORO 998,61 LEY PLATA 15,46% GRAMOS FINOS DE PLATA 184,82; BARRA SNJ 011 LEY ORO 79,31% GRAMOS FINOS DE ORO 1013,26 LEY PLATA 19,81% GRAMOS FINOS DE PLATA 253,09; BARRA SNJ 012 LEY ORO 79,13% GRAMOS FINOS DE ORO 996,56 LEY PLATA 20,07% GRAMOS FINOS DE PLATA 252,77; BARRA SNJ 013 LEY ORO 81,38% GRAMOS FINOS DE ORO 1062,99 LEY PLATA 17,46% GRAMOS FINOS DE PLATA 228,07; BARRA SNJ 014 LEY ORO 92,35% GRAMOS FINOS DE ORO 1366,42 LEY PLATA 7,01% GRAMOS FINOS DE PLATA 103,73; BARRA SNJ 015 LEY ORO 90,98% GRAMOS FINOS DE ORO 1410,55 LEY PLATA 8,41% GRAMOS FINOS DE PLATA 130,39; BARRA SNJ 016 LEY ORO 91,75% GRAMOS FINOS DE ORO 2061,53 LEY PLATA 7,59% GRAMOS FINOS DE PLATA 170,55; BARRA SNJ 017 LEY ORO 91,14% GRAMOS FINOS DE ORO 2277,51 LEY PLATA 8,07% GRAMOS FINOS DE PLATA 201,74; BARRA SNJ 019 LEY ORO 94,43% GRAMOS FINOS DE ORO 1013,52 LEY PLATA 4,95% GRAMOS FINOS DE PLATA 53,13; GRAMOS FINOS DE ORO DECLARADOS 14505,42; GRAMOS FINOS DE PLATA DECLARADOS 1899,71; GRAMOS NETOS DECLARADOS 16535,4; NOS ACOGEMOS A LA CIRCULAR REGLAMENTARIA EXTERNA BANCO REPUBLICA # 83 NUMERAL 9 LITERAL ""J"" DEL 2011; DE ACUERDO AL ARTICULO 139 DE LA RESOLUCION 39 DE 2021;MERCANCIA QUE S",,,1071043,1081000,,,,,,,,70107
2026,1,6007774323958,9,,,,,GEXGO S.A.S,901478218,10910097,900908875,0,,,,,AGENCIA DE ADUANAS ASL NIVEL 2 SAS,10910097,901180357,,,,,OSPREY METALS S.A.S.,ZF RIONEGRO,Rionegro,42223433,,,42323438,,,,,42,1051113,1071043,169,1081000,30220635,30120632,23620384,ZONA FRANCA RIONEGRO,31,632836598.99,,33723811,,,,2,2,,29520622,1051113,90,Aduanas de Medellín,169,COLOMBIA,671,168689.08,,,,168689.08,,,1,1,1.27,20260309,6027765412971,20260306,106308542,77,1036925982,,,,20260309104738,105422455,10910094,98703597,9,,,901478218,1,1,1,7108120000,,,16820215,1.01,36623087,1011.36,23020303,1,1.27,1.01,168689.08,OSPREY METALS SAS,1,"Nombre Comercial:ORO , Otras características:BARRAS DE ALEACION DE ORO Y PLATA; BARRA GXG-801 LEY ORO 99,02% GRAMOS FINOS DE ORO 1004,46 LEY PLATA 0,68% GRAMOS FINOS DE PLATA 6,9; GRAMOS FINOS DE ORO DECLARADOS 1004,46; GRAMOS FINOS DE PLATA DECLARADOS 6,9; GRAMOS NETOS DECLARADOS 1014,4; NOS ACOGEMOS A LA CIRCULAR REGLAMENTARIA EXTERNA BANCO REPUBLICA # 83 NUMERAL 9 LITERAL ""J"" DEL 2011; DE ACUERDO AL ARTICULO 139 DE LA RESOLUCION 39 DE 2021; MERCANCIA QUE SERA DESPACHADA A OSPREY METALS SAS EN ZONA FRANCA RIONEGRO BODEGA 101 POR ORDEN DE SU COMPRADOR GLOBAL METALS INDUSTRY LLC CON DIRECCION 1200 BRICKELL AVENUE SUITE 800 MIAMI, FL 33131, ESTADOS UNIDOS MIAMI , Cantidad de unidades comerciales:1004.46 GRAMOS FINOS ",,,1071043,1081000,,,,,,,,70107
2026,1,6007774232722,6,,,,,INVERSIONES AMITO & ASOCIADOS S.A.S.,901521144,10910097,900908875,0,,,,,AGENCIA DE ADUANAS ASL NIVEL 2 SAS,10910097,901180357,,,,,OSPREY METALS S.A.S.,BG 101 ZF RIONEGRO VDA CHACHAFRUTO,Rionegro,42223433,,,42323438,,,,,42,1051113,1071043,169,1081000,30220635,30120632,23620384,ZONA FRANCA RIONEGRO,31,2750210389.88,,33723811,,,,2,2,,29520622,1051113,90,Aduanas de Medellín,169,COLOMBIA,671,746407.73,,,,746407.73,,,1,2,5.89,20260307,6027765383827,20260305,106308542,77,1036925982,,,,20260309093636,105422455,10910094,98703597,9,,,901521144,1,1,1,7108120000,,,16820215,5.38,36623087,5344.08,23020303,2,5.89,5.38,746407.73,,1,"Nombre Comercial:ORO , Otras características:BARRAS DE ALEACION DE ORO Y PLATA; BARRA AMT338 LEY ORO 85,83% GRAMOS FINOS DE ORO 1224,28 LEY PLATA 13,46% GRAMOS FINOS DE PLATA 191,99; BARRA AMT339 LEY ORO 86,43% GRAMOS FINOS DE ORO 1415,9 LEY PLATA 12,9% GRAMOS FINOS DE PLATA 211,33; BARRA AMT340 LEY ORO 87,54% GRAMOS FINOS DE ORO 929,59 LEY PLATA 11,82% GRAMOS FINOS DE PLATA 125,52; BARRA AMT341 LEY ORO 86,52% GRAMOS FINOS DE ORO 1084,96 LEY PLATA 12,8% GRAMOS FINOS DE PLATA 160,51; GRAMOS FINOS DE ORO DECLARADOS 4654,73; GRAMOS FINOS DE PLATA DECLARADOS 689,35; GRAMOS NETOS DECLARADOS 5380,5; NOS ACOGEMOS A LA CIRCULAR REGLAMENTARIA EXTERNA BANCO REPUBLICA # 83 NUMERAL 9 LITERAL ""J"" DEL 2011; DE ACUERDO AL ARTICULO 139 DE LA RESOLUCION 39 DE 2021;MERCANCIA QUE SERA DESPACHADA A OSPREY METALS SAS EN ZONA FRANCA RIONEGRO BODEGA 101 POR ORDEN DE SU COMPRADOR GLOBAL METALS INDUSTRY LLC CON DIRECCION 1200 BRICKELL AVENUE SUITE 800 MIAMI, FL 33131, ESTADOS UNIDOS MIAMI; , Cantidad de unidades comerciales:4654.73 GRAMOS FINOS ",,,1071043,1081000,,,,,,,,70107
2026,1,6007780451281,6,,,,,INVERSIONES AMITO & ASOCIADOS S.A.S.,901521144,10910097,900908875,0,,,,,AGENCIA DE ADUANAS ASL NIVEL 2 SAS,10910097,901180357,,,,,OSPREY METALS S.A.S.,ZF RIONEGRO,Rionegro,42223433,,,42323438,,,,,42,1051113,1071043,169,1081000,30220635,30120632,23620384,ZONA FRANCA RIONEGRO,31,975610061.51,,33723811,,,2,2,2,,29520622,1051113,90,Aduanas de Medellín,169,COLOMBIA,671,262389.69,,,,262389.69,,,1,2,2.61,20260618,6027770745254,20260616,,,,,,,20260619092903,105422455,10910094,98703597,9,,,901521144,1,1,1,7108120000,,,16820215,2.05,36623087,2034.1,23020303,2,2.61,2.05,262389.69,OSPREY METALS SAS,1,"Nombre Comercial:ORO , Otras características:BARRAS DE ALEACION DE ORO Y PLATA; BARRA AMT427 LEY ORO 91,7% GRAMOS FINOS DE ORO 845,02 LEY PLATA 7,51% GRAMOS FINOS DE PLATA 69,2; BARRA AMT428 LEY ORO 87,69% GRAMOS FINOS DE ORO 989,84 LEY PLATA 11,52% GRAMOS FINOS DE PLATA 130,04; GRAMOS FINOS DE ORO DECLARADOS 1834,86; GRAMOS FINOS DE PLATA DECLARADOS 199,24; GRAMOS NETOS DECLARADOS 2050,3; NOS ACOGEMOS A LA CIRCULAR REGLAMENTARIA EXTERNA BANCO REPUBLICA # 83 NUMERAL 9 LITERAL ""J"" DEL 2011; DE ACUERDO AL ARTICULO 139 DE LA RESOLUCION 39 DE 2021; CON CONTRATO EN CUENTA DE PARTICIPACION SIN NUMERO EMITIDO POR ARQUILLO NAMPIA MECHECHE DE FECHA 21-05-2026; CON CONTRATO EN CUENTA DE PARTICIPACION SIN NUMERO EMITIDO POR DIANA YULIZA PEDROZA NAMPIA DE FECHA 21-05-2026; CON CONTRATO EN CUENTA DE PARTICIPACION SIN NUMERO EMITIDO POR GLORIA YANET TANIGAMA GUATIQUI DE FECHA 21-05-2026; CON CONTRATO EN CUENTA DE PARTICIPACION SIN NUMERO EMITIDO POR FRANCIA NARIQUIAZA ARCE DE FECHA 21-05-2026; CON CONTRATO EN CUENTA DE PARTICIPACION SIN NUMERO EMITIDO POR GERMAN DOGENESAMA ENEBIA DE FECHA 21-05-2026; CON CONTRATO EN CUENTA DE PARTICIPACION SIN NUMERO EMITIDO POR JOSE ANGEL GALLEGO RESTREPO DE FECHA 21-05-2026; CON CONTRATO EN CUENTA DE PARTICIPACION SIN NUMERO EMITIDO POR LUIS HUMBERTO UAZORNA SIAGAMA DE FECHA 21-05-2026; CON CONTRATO EN CUENTA DE PARTICIPACION SIN NUMERO EMITIDO POR BILENY ",,,1071043,1081000,,,,,,,,70107
2026,1,6007780482735,4,,,,,JSW CORPORATION S.A.S,901532453,10910097,900908875,0,,,,,AGENCIA DE ADUANAS ASL NIVEL 2 SAS,10922973,,,,,,KEYBRICK CORP. A/C STONEX COMMODITIES DMCC,800 SE 4th Ave Suite 115 hallandale,HALLANDALE,42223433,,,42323438,,,,,42,1051113,1071043,169,1081000,30220635,30120632,23620384,AEROPUERTO JOSE MARIA CORDOBA,1,1577332.67,,33723811,,,2,2,2,23120230,29520622,1051113,90,Aduanas de Medellín,249,ESTADOS UNIDOS,1272502,1577332.67,,,,1577332.67,,,1,1,13,20260617,6027770809663,20260617,35899386,78,1128443241,,,,20260622095214,105422455,10910094,98703597,9,,,901532453,1,1,1,7108120000,,,16820215,12.63,36623087,10898.45,23020303,1,13,12.63,1577332.67,KEYBRICK CORP. A/C STONEX COMMODITIES DMCC,1,"Nombre Comercial:ORO , Otras características:BARRAS DE ALEACION DE ORO Y PLATA; BARRA JSW 1 LEY ORO 853 GRAMOS FINOS DE ORO 2765,34 LEY PLATA 147 GRAMOS FINOS DE PLATA 476,56; BARRA JSW 2 LEY ORO 861 GRAMOS FINOS DE ORO 2881,77 LEY PLATA 139 GRAMOS FINOS DE PLATA 465,23; BARRA JSW 3 LEY ORO 867 GRAMOS FINOS DE ORO 2932,89 LEY PLATA 133 GRAMOS FINOS DE PLATA 449,91; BARRA JSW 4 LEY ORO 873 GRAMOS FINOS DE ORO 1502,1 LEY PLATA 127 GRAMOS FINOS DE PLATA 218,52; BARRA JSW 5 LEY ORO 864 GRAMOS FINOS DE ORO 816,35 LEY PLATA 136 GRAMOS FINOS DE PLATA 128,5; GRAMOS FINOS DE ORO DECLARADOS 10898,45; GRAMOS FINOS DE PLATA DECLARADOS 1738,72; GRAMOS NETOS DECLARADOS 12637,17; , Cantidad de unidades comerciales:10898.45 GRAMOS FINOS ",,,1071043,1081000,,,,,,,,70107
2026,1,6007770417683,2,,,,,EL MOHÁN DE QUITO S.A.S.,901597862,10910097,900908875,0,,,,,AGENCIA DE ADUANAS ASL NIVEL 2 SAS,10910097,900625884,,,,,GRUPO ALTEA S.A.S.,ZONA FRANCA RIONEGRO - VEREDA  CHACHAFRUTO BG 93 Y 100,Rionegro,42223433,,,42323438,,,,,42,1051113,1071043,169,1081000,30220635,30120632,23620384,ZONA FRANCA RIONEGRO,31,8711231126.46,,33723811,,,2,2,2,,29520622,1051113,90,Aduanas de Medellín,169,COLOMBIA,671,2293175.63,,,,2293175.63,,,1,5,20.41,20260105,6027761724521,20251230,106308542,77,1036925982,,,,20260120092352,22390623,10910094,71586157,0,,,901597862,1,1,1,7108120000,,,16820215,20.25,36623087,20228.38,23020303,5,20.41,20.25,2293175.63,GRUPO ALTEA SAS,1,"Nombre Comercial:ORO , Otras características:BARRAS DE ALEACION DE ORO Y PLATA; BARRA 873 P2 LEY ORO 890,67 GRAMOS FINOS DE ORO 81,29 LEY PLATA 107,83 GRAMOS FINOS DE PLATA 9,84; BARRA 874 P1 LEY ORO 856,82 GRAMOS FINOS DE ORO 3516,39 LEY PLATA 141,68GRAMOS FINOS DE PLATA 581,45; BARRA 880 P2 LEY ORO 861,84 GRAMOS FINOS DE ORO 674,39 LEY PLATA 136,66GRAMOS FINOS DE PLATA 106,94; BARRA 889 P1 LEY ORO 858,9 GRAMOS FINOS DE ORO 6388,5 LEY PLATA 139,6GRAMOS FINOS DE PLATA 1038,34; BARRA 890 P1 LEY ORO 860,85 GRAMOS FINOS DE ORO 6751,65 LEY PLATA 137,65GRAMOS FINOS DE PLATA 1079,59; GRAMOS FINOS DE ORO DECLARADOS 17412,22; GRAMOS FINOS DE PLATA DECLARADOS 2816,16; GRAMOS NETOS DECLARADOS 20258,77; NOS ACOGEMOS A LA CIRCULAR REGLAMENTARIA EXTERNA BANCO REPUBLICA # 83 NUMERAL 9 LITERAL ""J"" DEL 2011; DE ACUERDO AL ARTICULO 139 DE LA RESOLUCION 39 DE 2021 , Cantidad de unidades comerciales:20258.77 GRAMOS ",,,1071043,1081000,,,,,,,,70107
2026,1,6007771319679,5,,,,,PRECOOPERATIVA DE TRABAJO ASOCIADO GRUPO EMPRESARIAL DE SANTANDER (AGOES),901682129,10910097,900908875,0,,,,,AGENCIA DE ADUANAS ASL NIVEL 2 SAS,10910097,901180357,,,,,OSPREY METALS S.A.S.,ZF RIONEGRO,Rionegro,42223433,,,42323438,,,,,42,1051113,1071043,169,1081000,30220635,30120632,23620384,ZONA FRANCA RIONEGRO,31,4557060726.76,,33723811,,,2,2,2,,29520622,1051113,90,Aduanas de Medellín,169,COLOMBIA,671,1201320.07,,,,1201320.07,,,1,4,10.46,20260120,6027762744386,20260119,35895747,77,70903637,,,,20260121120912,22390623,10910094,71586157,0,,,901682129,1,1,1,7108120000,,,16820215,9.48,36623087,9419.36,23020303,4,10.46,9.48,1201320.07,OSPREY METALS SAS,1,"Nombre Comercial:ORO , Otras características:BARRAS DE ALEACION DE ORO Y PLATA; BARRA AGS 611 LEY ORO 89,71% GRAMOS FINOS DE ORO 1041,44 LEY PLATA 9,43% GRAMOS FINOS DE PLATA 109,45; BARRA AGS 612 LEY ORO 91,66% GRAMOS FINOS DE ORO 1116,42 LEY PLATA 7,63% GRAMOS FINOS DE PLATA 92,91; BARRA AGS 613 LEY ORO 93,7% GRAMOS FINOS DE ORO 1211,73 LEY PLATA 5,73% GRAMOS FINOS DE PLATA 74,09; BARRA AGS 614 LEY ORO 88,19% GRAMOS FINOS DE ORO 947,96 LEY PLATA 11,21% GRAMOS FINOS DE PLATA 120,5; BARRA AGS 615 LEY ORO 92,91% GRAMOS FINOS DE ORO 2369,02 LEY PLATA 6,44% GRAMOS FINOS DE PLATA 164,2; BARRA AGS 616 LEY ORO 89,91% GRAMOS FINOS DE ORO 1421,57 LEY PLATA 9,54% GRAMOS FINOS DE PLATA 150,84; BARRA AGS 617 LEY ORO 84,9% GRAMOS FINOS DE ORO 512,12 LEY PLATA 14,44% GRAMOS FINOS DE PLATA 87,11; GRAMOS FINOS DE ORO DECLARADOS 8620,26; GRAMOS FINOS DE PLATA DECLARADOS 799,1; GRAMOS NETOS DECLARADOS 9481,1; NOS ACOGEMOS A LA CIRCULAR REGLAMENTARIA EXTERNA BANCO REPUBLICA # 83 NUMERAL 9 LITERAL ""J"" DEL 2011; DE ACUERDO AL ARTICULO 139 DE LA RESOLUCION 39 DE 2021;MERCANCIA QUE SERA DESPACHADA A OSPREY METALS SAS EN ZONA FRANCA RIONEGRO BODEGA 101 POR ORDEN DE SU COMPRADOR GLOBAL METALS INDUSTRY LLC CON DIRECCION 1200 BRICKELL AVENUE SUITE 800 MIAMI, FL 33131, ESTADOS UNIDOS MIAMI , Cantidad de unidades comerciales:8620.26 GRAMOS FINOS ",,,1071043,1081000,,,,,,,,70107
2026,1,6007777278759,7,,,,,C&J COMERCIALIZADORA SAS,901726018,10910097,900908875,0,,,,,AGENCIA DE ADUANAS ASL NIVEL 2 SAS,10910097,901180357,,,,,OSPREY METALS S.A.S.,ZF RIONEGRO,Rionegro,42223433,,,42323438,,,,,42,1051113,1071043,169,1081000,30220635,30120632,23620384,ZONA FRANCA RIONEGRO,31,566361381.71,,33723811,,,,2,2,,29520622,1051113,90,Aduanas de Medellín,169,COLOMBIA,671,158748.35,,,,158748.35,,,1,1,1.47,20260427,6027767951900,20260424,,,,,,,20260428084828,105422455,10910094,98703597,9,,,901726018,1,1,1,7108120000,,,16820215,1.24,36623087,1241.75,23020303,1,1.47,1.24,158748.35,OSPREY METALS SAS,1,"Nombre Comercial:ORO , Otras características:BARRAS DE ALEACION DE ORO Y PLATA; BARRA CYJ 106 LEY ORO 85,14% GRAMOS FINOS DE ORO 1057,86 LEY PLATA 14,8% GRAMOS FINOS DE PLATA 183,89; GRAMOS FINOS DE ORO DECLARADOS 1057,86; GRAMOS FINOS DE PLATA DECLARADOS 183,89; GRAMOS NETOS DECLARADOS 1242,5; NOS ACOGEMOS A LA CIRCULAR REGLAMENTARIA EXTERNA BANCO REPUBLICA # 83 NUMERAL 9 LITERAL ""J"" DEL 2011; DE ACUERDO AL ARTICULO 139 DE LA RESOLUCION 39 DE 2021; MERCANCIA QUE SERA DESPACHADA A OSPREY METALS SAS EN ZONA FRANCA RIONEGRO BODEGA 101 POR ORDEN DE SU COMPRADOR GLOBAL METALS INDUSTRY LLC CON DIRECCION 1200 BRICKELL AVENUE SUITE 800 MIAMI, FL 33131, ESTADOS UNIDOS MIAMI , Cantidad de unidades comerciales:1057.86 GRAMOS FINOS ",,,1071043,1081000,,,,,,,,70107
2026,1,6007772354263,9,,,,,COMERCIALIZADORA PEREZ ALVAREZ & ASOCIADOS SAS,901768273,10910097,900908875,0,,,,,AGENCIA DE ADUANAS ASL NIVEL 2 SAS,10910097,901180357,,,,,OSPREY METALS S.A.S.,ZF RIONEGRO,Rionegro,42223433,,,42323438,,,,,42,1051113,1071043,169,1081000,30220635,30120632,23620384,ZONA FRANCA RIONEGRO,31,577148711.90,,33723811,,,2,2,2,,29520622,1051113,90,Aduanas de Medellín,169,COLOMBIA,671,157507.28,,,,157507.28,,,1,1,1.47,20260205,6027763767253,20260204,22135516,79,70563137,,,,20260212111600,105422455,10910094,98703597,9,,,901768273,1,1,1,7108120000,,,16820215,1.23,36623087,1226.78,23020303,1,1.47,1.23,157507.28,OSPREY METALS SAS,1,"Nombre Comercial:ORO , Otras características:BARRAS DE ALEACION DE ORO Y PLATA; BARRA PA047 LEY ORO 84,1% GRAMOS FINOS DE ORO 1041,83 LEY PLATA 14,93% GRAMOS FINOS DE PLATA 184,95; GRAMOS FINOS DE ORO DECLARADOS 1041,83; GRAMOS FINOS DE PLATA DECLARADOS 184,95; GRAMOS NETOS DECLARADOS 1238,8; NOS ACOGEMOS A LA CIRCULAR REGLAMENTARIA EXTERNA BANCO REPUBLICA # 83 NUMERAL 9 LITERAL ""J"" DEL 2011; DE ACUERDO AL ARTICULO 139 DE LA RESOLUCION 39 DE 2021;MERCANCIA QUE SERA DESPACHADA A OSPREY METALS SAS EN ZONA FRANCA RIONEGRO BODEGA 101 POR ORDEN DE SU COMPRADOR GLOBAL METALS INDUSTRY LLC CON DIRECCION 1200 BRICKELL AVENUE SUITE 800 MIAMI, FL 33131, ESTADOS UNIDOS MIAMI , Cantidad de unidades comerciales:1041.83 GRAMOS FINOS ",,,1071043,1081000,,,,,,,,70107
2026,1,6007781555293,9,,,,,COMERCIALIZADORA PEREZ ALVAREZ & ASOCIADOS SAS,901768273,10910097,900908875,0,,,,,AGENCIA DE ADUANAS ASL NIVEL 2 SAS,10910097,901180357,,,,,OSPREY METALS S.A.S.,BG 101 ZF RIONEGRO VDA CHACHAFRUTO,Rionegro,42223433,,,42323438,,,,,42,1051113,1071043,169,1081000,30220635,30120632,23620384,ZONA FRANCA RIONEGRO,31,657841148.36,,33723812,,,,2,2,,29520622,1051113,90,Aduanas de Medellín,169,COLOMBIA,671,196871.26,,,,196871.26,,,1,1,2.03,20260708,6027771875955,20260707,,,,,,,20260709103430,105422455,10910094,98703597,9,,,901768273,1,1,1,7108120000,,,16820215,1.75,36623087,1745.42,23020303,1,2.03,1.75,196871.26,,1,"COMPRADOR GLOBAL METALS INDUSTRY LLC CON DIRECCION 1200 BRICKELL AVENUE SUITE 800 MIAMI, FL 33131, ESTADOS UNIDOS MIAMI; , Cantidad de unidades comerciales:1509.98 GRAMOS FINOS ",,,1071043,1081000,,,,,,,,70107
2026,1,6007781555293,9,,,,,COMERCIALIZADORA PEREZ ALVAREZ & ASOCIADOS SAS,901768273,10910097,900908875,0,,,,,AGENCIA DE ADUANAS ASL NIVEL 2 SAS,10910097,901180357,,,,,OSPREY METALS S.A.S.,BG 101 ZF RIONEGRO VDA CHACHAFRUTO,Rionegro,42223433,,,42323438,,,,,42,1051113,1071043,169,1081000,30220635,30120632,23620384,ZONA FRANCA RIONEGRO,31,657841148.36,,33723812,,,,2,2,,29520622,1051113,90,Aduanas de Medellín,169,COLOMBIA,671,196871.26,,,,196871.26,,,1,1,2.03,20260708,6027771875955,20260707,,,,,,,20260709103430,105422455,10910094,98703597,9,,,901768273,1,1,1,7108120000,,,16820215,1.75,36623087,1745.42,23020303,1,2.03,1.75,196871.26,,1,"Nombre Comercial:ORO , Otras características:BARRAS DE ALEACION DE ORO Y PLATA; BARRA PA 068 LEY ORO 86,26% GRAMOS FINOS DE ORO 1509,98 LEY PLATA 13,45% GRAMOS FINOS DE PLATA 235,44; GRAMOS FINOS DE ORO DECLARADOS 1509,98; GRAMOS FINOS DE PLATA DECLARADOS 235,44; GRAMOS NETOS DECLARADOS 1750,5; CON CONTRATO EN CUENTA DE PARTICIPACION SIN NUMERO DE FECHA 01-07-2026 EMITIDO POR 01-07-2026; CON CONTRATO EN CUENTA DE PARTICIPACION SIN NUMERO DE FECHA 01-07-2026 EMITIDO POR 01-07-2026; CON CONTRATO EN CUENTA DE PARTICIPACION SIN NUMERO DE FECHA 01-07-2026 EMITIDO POR 01-07-2026; CON CONTRATO EN CUENTA DE PARTICIPACION SIN NUMERO DE FECHA 01-07-2026 EMITIDO POR 01-07-2026; CON CONTRATO EN CUENTA DE PARTICIPACION SIN NUMERO DE FECHA 01-07-2026 EMITIDO POR 01-07-2026; CON CONTRATO EN CUENTA DE PARTICIPACION SIN NUMERO DE FECHA 01-07-2026 EMITIDO POR 01-07-2026; CON CONTRATO EN CUENTA DE PARTICIPACION SIN NUMERO DE FECHA 01-07-2026 EMITIDO POR 01-07-2026; CON CONTRATO EN CUENTA DE PARTICIPACION SIN NUMERO DE FECHA 01-07-2026 EMITIDO POR 01-07-2026; CON CONTRATO EN CUENTA DE PARTICIPACION SIN NUMERO DE FECHA 01-07-2026 EMITIDO POR 01-07-2026; CON CONTRATO EN CUENTA DE PARTICIPACION SIN NUMERO DE FECHA 01-07-2026 EMITIDO POR 01-07-2026; CON CONTRATO EN CUENTA DE PARTICIPACION SIN NUMERO DE FECHA 01-07-2026 EMITIDO POR 01-07-2026; CON CONTRATO EN CUENTA DE PARTICIPACION SIN NUMERO DE FECHA",,,1071043,1081000,,,,,,,,70107
2010,,6007514295285,6,,,,,C. I. GIRALDO & DUQUE LTDA.,805020091,10910097,800254476,4,,,,,AGENCIA DE ADUANAS CORAL  VISION LTDA. NIVEL  1,10922973,,,,,,REPUBLIC METALS CORPORATION,12900 N.W. 38 TH AVE MIAMI FL 33054,MIAMI,42223433,,,42323438,,EC-208-10,,,42,1051111,1071043,169,1081023,30220635,30120632,23620386,MIAMI,1,1714717.86,,33723812,,,2,2,2,23120230,29520622,1051111,88,Aduanas de Cali,249,ESTADOS UNIDOS,1274396,1714717.86,,,,1714717.86,,,2,7,63,20100615,6027516865786,20100604,,,,,,,20100615093700,17841622,10910094,31830401,4,,,805020091,2,2,1,7108120000,,,16820215,58.40509,36623089,58.40509,23020303,7,63,58.41,1600385.25,REPUBLIC METALS CORPORATION,1,"Nombre Comercial:PLATINO , Otras características:PLATINO EN BRUTO , SEMILABRADO O EN POLVO , KILOS DE PLATINO CON UNA LEY PROMEDIO DE 0.8400 CORRESPONDIENTE A 2.45507 KILOS PUROS DE PLATINO PEDIDO 501 , Cantidad de unidades comerciales:2.92270 ",,,1071043,1081023,,,,,,,1,70107
2010,,6007514295285,6,,,,,C. I. GIRALDO & DUQUE LTDA.,805020091,10910097,800254476,4,,,,,AGENCIA DE ADUANAS CORAL  VISION LTDA. NIVEL  1,10922973,,,,,,REPUBLIC METALS CORPORATION,12900 N.W. 38 TH AVE MIAMI FL 33054,MIAMI,42223433,,,42323438,,EC-208-10,,,42,1051111,1071043,169,1081023,30220635,30120632,23620386,MIAMI,1,1714717.86,,33723812,,,2,2,2,23120230,29520622,1051111,88,Aduanas de Cali,249,ESTADOS UNIDOS,1274396,1714717.86,,,,1714717.86,,,2,7,63,20100615,6027516865786,20100604,,,,,,,20100615093700,17841622,10910094,31830401,4,,,805020091,2,2,1,7108120000,,,16820215,58.40509,36623089,58.40509,23020303,7,63,58.41,1600385.25,REPUBLIC METALS CORPORATION,2,"Nombre Comercial:ORO , Otras características:ORO  (INCLUIDO EL ORO PLATINADO) EN BRUTO SEMILABRADO O EN POLVO.  LAS DEMAS FORMAS EN BRUTO.  KILOS DE  ORO BRUTO DE MINA CON UNA LEY PROMEDIO DE  0.7024 CORRESPONDIENTES A  41.02500  KILOS PUROS DE  ORO.  PEDIDO No. 501 , Cantidad de unidades comerciales:58.40509 KG. ",,,1071043,1081023,,,,,,,1,70107
2010,1,6007515336951,2,,,,,C. I. GOLDEX S.A.,811030022,10910097,830116195,8,,,,,AGENCIA DE ADUANAS CS S A NIVEL 2,10922973,,,,,,REPUBLIC METALS CORP,12900 NW 38th AVENUE,MIAMI,42223433,,,42323438,,,,,42,1051113,1071043,169,1081000,30220635,30120632,23620384,AEROPUERTO JOSE MARIA CORDOVA,1,1837696.00,,33723811,,,2,2,2,23120230,29520622,1051113,90,Aduanas de Medellín,249,ESTADOS UNIDOS,1274396,1837696,,,,1837696,,0,1,3,64.67,20100709,6027518135728,20100707,102203704,77,1128405169,,,,20100709155836,22390623,10910094,71586157,0,,,811030022,1,1,1,7108120000,,,16820215,59.10,36623089,59.1,23020303,3,64.67,59.1,1837696,AWB No. 001-87227895,1,"Nombre Comercial:ORO , Otras características:ORO LAS DEMAS FORMAS EN BARRAS.  , Cantidad de unidades comerciales:59.10Kilos ",,,1071043,1081000,,,,,,,,70107
2010,,6007513125020,4,,,,,COMERCIALIZADORA INTERNACIONAL MACEDONIA S.A.,811031214,10910097,830116195,8,,,,,AGENCIA DE ADUANAS CS S A NIVEL 2,10922973,,,,,,REPUBLIC METALS CORP,"12900 NW 38 th AVENUE MIAMI, FL 33054",MIAMI,42223433,,,42323438,,,,,42,1051113,1071043,169,1081000,30220635,30120632,23620384,JOSE MARIA CORDOVA,1,891738.03,,33723811,,,2,2,2,23120230,29520622,1051113,90,Aduanas de Medellín,249,ESTADOS UNIDOS,1274396,891738.03,,,,891738.03,,,2,2,33.89,20100429,6027515457541,20100426,,,,,,,20100429082453,22390623,10910094,71586157,0,,,811031214,1,2,1,7108120000,,,16820215,31.06,36623089,31.06,23020303,1,31.7,31.06,820813.92,AWB No. 001-87226580,2,"Nombre Comercial:PLATINO , Otras características:PLATINO PT ORE SCRAP REF CLML004,  , Cantidad de unidades comerciales:1.55 KILOS ",,,1071043,1081000,,,,,,,1,70107
2010,,6007513125020,4,,,,,COMERCIALIZADORA INTERNACIONAL MACEDONIA S.A.,811031214,10910097,830116195,8,,,,,AGENCIA DE ADUANAS CS S A NIVEL 2,10922973,,,,,,REPUBLIC METALS CORP,"12900 NW 38 th AVENUE MIAMI, FL 33054",MIAMI,42223433,,,42323438,,,,,42,1051113,1071043,169,1081000,30220635,30120632,23620384,JOSE MARIA CORDOVA,1,891738.03,,33723811,,,2,2,2,23120230,29520622,1051113,90,Aduanas de Medellín,249,ESTADOS UNIDOS,1274396,891738.03,,,,891738.03,,,2,2,33.89,20100429,6027515457541,20100426,,,,,,,20100429082453,22390623,10910094,71586157,0,,,811031214,1,2,1,7108120000,,,16820215,31.06,36623089,31.06,23020303,1,31.7,31.06,820813.92,AWB No. 001-87226580,1,"Nombre Comercial:ORO , Otras características:ORO EN BARRA REFERENCIA  CLML 002,  , Cantidad de unidades comerciales:31.06KILOS ",,,1071043,1081000,,,,,,,1,70107
2010,1,6007516282514,4,,,,,COMERCIALIZADORA INTERNACIONAL MACEDONIA S.A.,811031214,10910097,830116195,8,,,,,AGENCIA DE ADUANAS CS S A NIVEL 2,10922973,,,,,,REPUBLIC METALS CORP,"12900 NW 38 th AVENUE MIAMI, FL 33054",MIAMI,42223433,,,42323438,,,,,42,1051113,1071043,169,1081000,30220635,30120632,23620384,JOSE MARIA CORDOVA,1,2219739.50,,33723811,,,2,2,2,23120230,29520622,1051113,90,Aduanas de Medellín,249,ESTADOS UNIDOS,1274396,2219739.5,,,,2219739.5,,0,1,5,83.3,20100806,6027519143789,20100803,29502755,77,43618405,,,,20100806083846,22390623,10910094,71586157,0,,,811031214,1,1,1,7108120000,,,16820215,80.13,36623089,80.13,23020303,5,83.3,80.13,2219739.5,AWB No. 001-45351784,1,"Nombre Comercial:ORO , Otras características:ORO EN BARRA REFERENCIA  CLML 002,  , Cantidad de unidades comerciales:80.13 KILOS ",,,1071043,1081000,,,,,,,,70107
2010,1,6007516324831,6,,,,,C.I. J. GUTIERREZ Y CIA S.A.,890902070,10910097,890933171,4,,,,,AGENCIA DE ADUANAS COMERCIO EXTERIOR ASESORES LTDA NIVEL 1,10922973,,,,,,ARGOR HERAEUS S.A. ,VIA MOREE 14 CH-6850 MENDRISIO,Mendrisio,42223433,,,42323438,,,,,42,1051113,1071043,169,1081000,30220635,30120632,23620384,RIONEGRO,1,4621167.00,,33723812,,,2,2,2,23120230,29520622,1051113,90,Aduanas de Medellín,767,SUIZA,1237609,4621167,,,,4621167,,0,1,9,138.95,20100809,6027519178135,20100804,29502755,77,43618405,,,,20100809121818,29637764,10910094,43795275,6,,,890902070,1,1,1,7108120000,,,16820215,135.171,36623089,135.171,23020303,9,138.95,135.17,4621167,ARGOR HERAEUS SA,1,"Nombre Comercial:ORO EN BARRAS , Otras características:9 BARRAS DE ORO. LOTES NROS:  JVH 3566 / JVH 3567 / JVH 3568 / JVH 3569 / JVH 3570 / JVH 3571 / JVH 3572 / JVH 3573 / JVH 3574 / JVH  . - ANEXAMOS CERTIFICADO DE PESO Y LEY No 904. POR 121.553,37 GRAMOS FINOS. - CONSIGNACIONES POR CONCEPTO DE REGALIAS NROS:  T1193 POR $ 6.729.166.00 - T1338 POR $ 435.097.00 - S/N POR $ 103.163.595.00 - T1211 POR $ 10.316.359.00 - T1218 POR $ 170.178.041.00   ---------------DO.606513---------- , Cantidad de unidades comerciales:135.171 ",,,1071043,1081000,,,,,,,,70107
2010,,6007510346936,9,,,,,SOCIEDAD DE COMERCIALIZACION INTERNACIONAL C. I. DHOWS CONGO S. A.,900049564,10910097,890921491,4,,,,,AGENCIA DE ADUANAS LACOSTE Y ASOCIADOS S.A.  NIVEL 2,10922973,,,,,,HERAEUS,"65 EUCLID AVENUE, NEWARK NJ 07105-4527. TELEFONO: 973-8177878",NEWARK,42223433,,,42323438,,DO: 210001,,,42,1051113,1071043,169,1081000,30220635,30120632,23620388,NEWARK,1,948552.20,,33723812,,,2,2,2,23120230,29520622,1051113,90,Aduanas de Medellín,249,ESTADOS UNIDOS,1275016,946337.02,1883.85,331.33,,948552.2,,,1,2,37.11,20100108,6027512382852,20100104,,,,,,,20100108080627,33322713,10910096,123106,9,,,900049564,1,1,1,7108120000,,,16820215,35.81,36623089,35.81,23020303,2,37.11,35.81,946337.02,HERAEUS,1,"Nombre Comercial:ENVIO POR CARGA: ORO EN BARRA , Otras características:SE ADJUNTAN LOS SIGUIENTES DOCUMENTOS SOPORTES: LISTA DE EMPAQUE NR°: H-AU-001-10, CERTIFICADO DE PUREZA, PESO Y LEY NR°: H-AU-001-10, LISTA DE COMPRADORES Y REGALIAS NR°: EXP-H-AU-01-10, PAGO ELECTRONICO DE REGALIAS POR VALOR DE: $57.640.030 SEGUN COMPROBANTE No. 256337 DE ENERO-04-2010 Y VISTO BUENO DE INGEOMINAS No.ING-EMP-20100104-1486 DE ENERO-04-2010. ",,,1071043,1081000,,,,,,,1,70107
2010,1,6007521420331,9,,,,,SOCIEDAD DE COMERCIALIZACION INTERNACIONAL C. I. DHOWS CONGO S. A.,900049564,10910097,890921491,4,,,,,AGENCIA DE ADUANAS LACOSTE Y ASOCIADOS S.A.  NIVEL 2,10922973,,,,,,METALOR TECHNOLOGIES S.A,CH. DES PERVEUILS 8 CH-2074 MARIN EPAGNIER,ZURICH,42223433,,,42323438,,D.O: 210269,,,42,1051113,1071043,169,1081000,30220635,30120632,23620388,ZURICH,1,711383.77,,33723813,2,,2,2,2,23120230,29520622,1051113,90,Aduanas de Medellín,767,SUIZA,1236895,708388.57,2461.67,533.53,,711383.77,,,1,1,21.4,20101216,6027524600960,20101214,29180254,77,43097664,,,,20101216103545,33322713,10910096,123106,9,,,900049564,1,1,1,7108120000,,,16820215,18.95,36623089,18.95,23020303,1,21.4,18.95,708388.57,METALOR TECHNOLOGIES S.A.,1,"Nombre Comercial:ENVIO POR CARGA: ORO EN BARRA , Otras características:SE ADJUNTAN LOS SIGUIENTES DOCUMENTOS SOPORTES: LISTA DE EMPAQUE NRO: M-AU-076-10, CERTIFICADO DE PUREZA, PESO Y LEY NRO: M-AU-76-10, LISTADO DE COMPRADORES Y REGALIAS NRO: EXP-M-AU-76-10, PAGO ELECTRONICO DE REGALIAS SEGUN COMPROBANTE NRO: 259696 POR VALOR DE $41.403.200 DE DICIEMBRE 14 DE 2010, Y VISTO BUENO DE INGEOMINAS NRO: ING-EMP-20101214-3104 DE DICIEMBRE 14 DE 2010, SEGUN CERTIFICADO DE PUREZA, PESO Y LEY NRO: M-AU-76-10, LOS GRAMOS FINOS DEL ORO SON 15.741.40, Y LOS GRAMOS FINOS DE LA PLATA SON 1.895.06. ",,,1071043,1081000,,,,,,,,70107
2010,1,6007521001551,0,,,,,COMERCIALIZADORA INTERNACIONAL DE METALES PRECIOSOS DE COLOMBIA S.A.,900118612,10910097,830116195,8,,,,,AGENCIA DE ADUANAS CS S A NIVEL 2,10922973,,,,,,REPUBLIC METALS CORP,12900 NW 38TH AVENUE,"MIAMI, FLA.",42223433,,,42323438,,,,,42,1051113,1071043,169,1081000,30220635,30120632,23620384,AEROPUERTO JOSE MARIA CORDOVA,1,1000000.00,,33723811,,,2,2,2,23120230,29520622,1051113,90,Aduanas de Medellín,249,ESTADOS UNIDOS,1274396,1000000,,,,1000000,,,1,2,28.94,20101206,6027524239967,20101202,21324343,77,63527044,,,,20101206130446,22390623,10910094,71586157,0,,,900118612,1,1,1,7108120000,,,16820215,27.44,36623089,27.44,23020303,2,28.94,27.44,1000000,AWB No. 001-45375654,1,"Nombre Comercial:ORO , Otras características:ORO EN BARRAS, , Cantidad de unidades comerciales:27.44 KILOS ",,,1071043,1081000,,,,,,,,70107
2010,1,6007521465767,5,,,,,C.I. METALES HERMANOS S.A.,900165320,10910097,830116195,8,,,,,AGENCIA DE ADUANAS CS S A NIVEL 2,10922973,,,,,,REPUBLIC METALS CORP,12900 NW 38TH AVENUE MIAMI FLORIDA,MIAMI,42223433,,,42323438,,,,,42,1051113,1071043,169,1081000,30220635,30120632,23620384,AEROPUERTO JOSE MARIA CORDOVA,1,1329175.54,,33723811,,,2,2,2,23120230,29520622,1051113,90,Aduanas de Medellín,249,ESTADOS UNIDOS,1274396,1329175.54,,,,1329175.54,,,1,2,35.77,20101220,6027524729167,20101215,29180254,77,43097664,,,,20101220172853,22390623,10910094,71586157,0,,,900165320,1,1,1,7108120000,,,16820215,35.03,36623089,35.03,23020303,2,35.77,35.03,1329175.54,AWB # MED2010033,1,"Nombre Comercial:ORO , Otras características:ORO EN BARRA LEY PROMEDIO 84.30% (949.550 ONZAS) , Cantidad de unidades comerciales:35.03 KILOS ",,,1071043,1081000,,,,,,,,70107
2011,1,6007533669728,3,,,,,COMERCIALIZADORA INTENACIONAL DE METALES PRECIOSOS Y METALES COMUNES INVERSIONES GENERALES S.A.,811009244,10910097,830002571,4,,,,,AGENCIA DE ADUANAS AVIATUR  S A NIVEL 1.,10922973,444444282,,,,,REPUBLIC METALS CORPORATION.,12900 N. W 38TH  AVENUE MIAMI FL 33054,MIAMI,42223433,,,42323438,,7952472,,,42,1051113,1071043,169,1081000,30220635,30120632,23620384,BODEGAS AMERICAN,1,4397973.180000,,33723812,,,2,2,2,23120230,29520622,1051113,90,Aduanas de Medellín,249,ESTADOS UNIDOS,1274396,4397973.18,,,,4397973.18,,,1,5,81.14,20111116,6027536816757,20111115,21324343,77,16691328,,,,20111118165412,29460969,10910094,43576612,6,,,811009244,1,1,1,7108120000,,,16820215,78.070000,36623089,78.07,23020262,5,81.14,78.07,4397973.18,REPUBLIC METALS CORPORATION,1,"Nombre Comercial:DO:39961 CINCO BARRAS DE ALEACION ORO PLATA , Otras características:SON 76894.04 GRAMOS FINOS DE ORO LEY 985 Y 936.86 GRAMOS FINOS DE PLATA LEY 12 GUIA AEREA 001-18439993 ",,,1071043,1081000,,,,,,,,70107
2011,1,6007528679810,4,,,,,RAMIREZ JIMENEZ Y CIA S.A.,890305124,10910097,824003860,0,,,,,"""AGENCIA DE ADUANAS""  INTERNACIONAL DE NEGOCIOS Y SERVICIOS",10922973,,,,,,GOLD AMERICA  S.A.,CALLE 14 ROOSEVELT Y CALLE C,ZONA LIBRE DE COLON,42223433,,,42323438,,,,,47,1051065,1071043,169,1081023,30220635,30120632,,,1,116086.92,1788.11,33722877,,,1,2,2,23120230,29520622,1051065,3,Aduanas de Bogota - Aeropuerto El Dorado,580,PANAMA,1263416,116086.92,0.0,0.0,0.0,116086.92,,,2,1,3.5,20110701,6027531629802,20110628,20456252,77,52527303,,,,20110701135751,23882514,10910094,79467138,1,,,890305124,1,2,2,7108120000,,,16820215,1.78,36623089,1.78,23020267,,,1.78,66827.65,S/M,2,"Nombre Comercial:ORO EN BRUTO , Otras características:EXPORTACION TEMPORAL PARA PERFECCIONAMIENTO PASIVO DE 1329.38 GRAMOS DE ORO LEY 0.7937, CORREPONDIENTE A 1053.34 GRAMOS DE ORO PURO LEY 0.99999.  REPRESENTADOS EN UNA BARRA, PARA LA ELABORACION DE ARTICULOS DE JOYERIA O SU EQUIBALENTE A ORO DE 18 KILATES.  CONSIGNACION DE REGALIAS No. BOXP16502 POR VALOR DE $ 2.955.558. VISTO BUENO DE INGEOMINAS No. ING-EMP-20110622-3963.    , Cantidad de unidades comerciales:1.32 Kg ",35322972,1,1071043,1081023,123,,,,,,,70107
2011,1,6007528679810,4,,,,,RAMIREZ JIMENEZ Y CIA S.A.,890305124,10910097,824003860,0,,,,,"""AGENCIA DE ADUANAS""  INTERNACIONAL DE NEGOCIOS Y SERVICIOS",10922973,,,,,,GOLD AMERICA  S.A.,CALLE 14 ROOSEVELT Y CALLE C,ZONA LIBRE DE COLON,42223433,,,42323438,,,,,47,1051065,1071043,169,1081023,30220635,30120632,,,1,116086.92,1788.11,33722877,,,1,2,2,23120230,29520622,1051065,3,Aduanas de Bogota - Aeropuerto El Dorado,580,PANAMA,1263416,116086.92,0.0,0.0,0.0,116086.92,,,2,1,3.5,20110701,6027531629802,20110628,20456252,77,52527303,,,,20110701135751,23882514,10910094,79467138,1,,,890305124,1,2,2,7108120000,,,16820215,1.78,36623089,1.78,23020267,,,1.78,66827.65,S/M,1,"Nombre Comercial:ORO EN BRUTO , Otras características:EXPORTACION TEMPORAL PARA PERFECCIONAMIENTO PASIVO DE 1787.30 GRAMOS DE ORO LEY 0.7930, CORRESPONDIENTE A 1418 GRAMOS DE ORO PURO LEY 0.99999 REPRESENTADOS EN UNA BARRA,  PARA LA ELABORACION DE ARTICULOS  DE JOYERIA O SU EQUIBALENTE EN ORO DE 18 KILATES. CONSIGNACION DE REGALIAS No. BOXP16503 POR VALOR DE $ 3.972.500. VISTO BUENO DE INGEOMINAS No. ING-EMP-20110624-3985.   MERCANCIA VIAJA A LA MANO CON  LA SEÑORA MONICA HENAO IDENTIFICADA CON PASAPORTE No. CC – 31977015 Y TIQUETE No. 2302844839185. , Cantidad de unidades comerciales:1.78 Kg ",35322972,1,1071043,1081023,123,,,,,,,70107
2011,1,6007528679810,4,,,,,RAMIREZ JIMENEZ Y CIA S.A.,890305124,10910097,824003860,0,,,,,"""AGENCIA DE ADUANAS""  INTERNACIONAL DE NEGOCIOS Y SERVICIOS",10922973,,,,,,GOLD AMERICA  S.A.,CALLE 14 ROOSEVELT Y CALLE C,ZONA LIBRE DE COLON,42223433,,,42323438,,,,,47,1051065,1071043,169,1081023,30220635,30120632,,,1,116086.92,1788.11,33722877,,,1,2,2,23120230,29520622,1051065,3,Aduanas de Bogota - Aeropuerto El Dorado,580,PANAMA,1263416,116086.92,0.0,0.0,0.0,116086.92,,,2,1,3.5,20110701,6027531629802,20110628,20456252,77,52527303,,,,20110701135751,23882514,10910094,79467138,1,,,890305124,2,2,1,7108120000,,,16820215,1.32,36623089,1.32,23020267,1,3.5,1.32,49259.27,S/M,2,"Nombre Comercial:ORO EN BRUTO , Otras características:EXPORTACION TEMPORAL PARA PERFECCIONAMIENTO PASIVO DE 1329.38 GRAMOS DE ORO LEY 0.7937, CORREPONDIENTE A 1053.34 GRAMOS DE ORO PURO LEY 0.99999.  REPRESENTADOS EN UNA BARRA, PARA LA ELABORACION DE ARTICULOS DE JOYERIA O SU EQUIBALENTE A ORO DE 18 KILATES.  CONSIGNACION DE REGALIAS No. BOXP16502 POR VALOR DE $ 2.955.558. VISTO BUENO DE INGEOMINAS No. ING-EMP-20110622-3963.    , Cantidad de unidades comerciales:1.32 Kg ",35322972,1,1071043,1081023,123,,,,,,,70107
2011,1,6007528679810,4,,,,,RAMIREZ JIMENEZ Y CIA S.A.,890305124,10910097,824003860,0,,,,,"""AGENCIA DE ADUANAS""  INTERNACIONAL DE NEGOCIOS Y SERVICIOS",10922973,,,,,,GOLD AMERICA  S.A.,CALLE 14 ROOSEVELT Y CALLE C,ZONA LIBRE DE COLON,42223433,,,42323438,,,,,47,1051065,1071043,169,1081023,30220635,30120632,,,1,116086.92,1788.11,33722877,,,1,2,2,23120230,29520622,1051065,3,Aduanas de Bogota - Aeropuerto El Dorado,580,PANAMA,1263416,116086.92,0.0,0.0,0.0,116086.92,,,2,1,3.5,20110701,6027531629802,20110628,20456252,77,52527303,,,,20110701135751,23882514,10910094,79467138,1,,,890305124,2,2,1,7108120000,,,16820215,1.32,36623089,1.32,23020267,1,3.5,1.32,49259.27,S/M,1,"Nombre Comercial:ORO EN BRUTO , Otras características:EXPORTACION TEMPORAL PARA PERFECCIONAMIENTO PASIVO DE 1787.30 GRAMOS DE ORO LEY 0.7930, CORRESPONDIENTE A 1418 GRAMOS DE ORO PURO LEY 0.99999 REPRESENTADOS EN UNA BARRA,  PARA LA ELABORACION DE ARTICULOS  DE JOYERIA O SU EQUIBALENTE EN ORO DE 18 KILATES. CONSIGNACION DE REGALIAS No. BOXP16503 POR VALOR DE $ 3.972.500. VISTO BUENO DE INGEOMINAS No. ING-EMP-20110624-3985.   MERCANCIA VIAJA A LA MANO CON  LA SEÑORA MONICA HENAO IDENTIFICADA CON PASAPORTE No. CC – 31977015 Y TIQUETE No. 2302844839185. , Cantidad de unidades comerciales:1.78 Kg ",35322972,1,1071043,1081023,123,,,,,,,70107
2011,1,6007528094321,9,,,,,SOCIEDAD DE COMERCIALIZACION INTERNACIONAL C. I. DHOWS CONGO S. A.,900049564,10910097,890921491,4,,,,,AGENCIA DE ADUANAS LACOSTE Y ASOCIADOS S.A.  NIVEL 2,10922973,,,,,,REPUBLIC METALS CORPORATION,"12900 NW 38TH AVE. MIAMI, FL 33054 USA",MIAMI,42223433,,,42323438,,D.O: 211151,,,42,1051113,1071043,169,1081000,30220635,30120632,23620388,"MIAMI, FLORIDA - USA",1,878319.88,,33723813,2,,2,2,2,23120230,29520622,1051113,90,Aduanas de Medellín,249,ESTADOS UNIDOS,1274396,876066.14,1595.01,658.73,,878319.88,,,1,1,21.38,20110617,6027531321902,20110613,18251258,78,32505295,,,,20110617082208,33322713,10910096,123106,9,,,900049564,1,1,1,7108120000,,,16820215,20.46,36623089,20.46,23020303,1,21.38,20.46,876066.14,REPUBLIC METALS CORPORATION,1,"Nombre Comercial:ENVIO POR CARGA: ORO EN BARRA , Otras características:SE ADJUNTAN LOS SIGUIENTES DOCUMENTOS SOPORTES: LISTA DE EMPAQUE NRO:R-AU-30-11, CERTIFICADO DE PUREZA, PESO Y LEY NRO: R-AU-30-11, LISTADO DE COMPRADORES Y REGALIAS NRO: EXP-R-AU-30-11 POR VALOR DE $ 50.249.846 PAGO ELECTRONICO DE REGALIAS SEGUN COMPROBANTE NUMERO 261368 DE JUNIO-10-2011 POR VALOR $50.249.846 Y VISTO BUENO DE INGEOMINAS NRO: ING-EMP-20110610-3927 DE JUNIO-10-2011, SEGUN CERTIFICADO DE PUREZA PESO Y LEY NRO: R-AU-30-11, LOS GRAMOS FINOS DEL ORO SON 17.938.68 Y LOS GRAMOS FINOS DE LA PLATA SON 18.43 ",,,1071043,1081000,,,,,,,,70107
2011,1,6007530017764,9,,,,,SOCIEDAD DE COMERCIALIZACION INTERNACIONAL C. I. DHOWS CONGO S. A.,900049564,10910097,890921491,4,,,,,AGENCIA DE ADUANAS LACOSTE Y ASOCIADOS S.A.  NIVEL 2,10922973,,,,,,"KALOTI  METALS  &  LOGISHCS,LLC","55 NE 1 st  STREET -SUITE 34 MIAMI, FLORIDA  33132 ",MIAMI,42223433,,,42323438,,211214,,,42,1051113,1071043,169,1081000,30220635,30120632,23620388,MIAMI,1,918114.65,,33723812,,,2,2,2,23120230,29520622,1051113,90,Aduanas de Medellín,249,ESTADOS UNIDOS,1274396,916094.52,1698.79,321.34,,918114.65,,,1,1,21.19,20110810,6027533138226,20110805,23675782,78,79260015,,,,20110810081720,33322713,10910096,123106,9,,,900049564,1,1,1,7108120000,,,16820215,20.27,36623089,20.27,23020303,1,21.19,20.27,916094.52,"KALOTI METALS & LOGISHCS,LLC",1,"Nombre Comercial:ORO EN BARRA , Otras características:SE ADJUNTAN LOS SIGUIENTES DOCUMENTOS SOPORTES: LISTA DE EMPAQUE NRO.K-AU-005-11,CERTIFICADO DE PUREZA PESO Y LEY NRO. K-AU-05-11, LISTADO DE COMPRADORES Y REGALIAS NRO. EXP-K-AU-05-11,TRANSFERENCIA ELECTRONICA DE REGALIAS SEGUN COMPROBANTE No.261934 POR VALOR DE $ 48.983.673.00 DE AGOSTO-05-2011 Y VISTO BUENO DE INGEOMINAS NRO.ING-EMP-20110805-4182 DE AGOSTO-05-2011, SEGUN CERTIFICADO DE PUREZA PESO Y LEY NRO.K-AU-05-11 LOS GRAMOS FINOS DEL ORO SON 17.177.33 Y LOS GRAMOS FINOS DE PLATA SON 175.48. ",,,1071043,1081000,,,,,,,,70107
2011,1,6007531854508,0,,,,,COMERCIALIZADORA INTERNACIONAL DE METALES PRECIOSOS DE COLOMBIA S.A.,900118612,10910097,830116195,8,,,,,AGENCIA DE ADUANAS CS S A NIVEL 2,10922973,,,,,,REPUBLIC METALS CORP,12900 NW 38TH AVENUE,"MIAMI, FLA.",42223433,,,42323438,,,,,42,1051113,1071043,169,1081000,30220635,30120632,23620384,AEROPUERTO JOSE MARIA CORDOVA,1,2230000.00,,33723811,,,2,2,2,23120230,29520622,1051113,90,Aduanas de Medellín,249,ESTADOS UNIDOS,1274396,2230000,,,,2230000,,,1,2,52,20111004,6027535466441,20110926,18251258,78,32505295,,,,20111004121841,22390623,10910094,71586157,0,,,900118612,1,1,1,7108120000,,,16820215,50.64,36623089,50.64,23020303,2,52,50.64,2230000,AWB No. 001-19753311,1,"Nombre Comercial:ORO , Otras características:ORO EN BARRAS,  , Cantidad de unidades comerciales:50.64 KILOS ",,,1071043,1081000,,,,,,,,70107
2011,1,6007522810281,4,,,,,SOCIEDAD DE COMERCIALIZACION INTERNACIONAL S & JIL S.A.S.,900353983,10910097,830002571,4,,,,,AGENCIA DE ADUANAS AVIATUR  S A NIVEL 1.,10922973,444444282,,,,,REPUBLIC METALS CORPORATION.,12900 N. W 38TH  AVENUE MIAMI FL 33054,MIAMI,42223433,,,42323438,,6151583,,,42,1051113,1071043,169,1081000,30220635,30120632,23620395,REPUBLIC METALS MIAMI,1,1067942.820000,,33723812,,,2,2,2,23120230,29520622,1051113,90,Aduanas de Medellín,249,ESTADOS UNIDOS,1274396,1067942.82,,,,1067942.82,,,1,2,32.55,20110128,6027524123186,20110125,,,,,,,20110128141712,29460969,10910094,43576612,6,,,900353983,1,1,1,7108120000,,,16820215,31.920000,36623089,31.92,23020262,2,32.55,31.92,1067942.82,REPUBLIC METALS CORPORATION,1,"Nombre Comercial:DO: 2625  // DIECINUEVE (19)   BARRAS DE ORO , Otras características:SON 25101.70  GRAMOS PUROS DE ORO LEY 786.46                   .                          GUIA AEREA 001-4120 7784                                                . , Cantidad de unidades comerciales:31.92 KG ",,,1071043,1081000,,,,,,,,70107
2012,2,6007541621586,3,,,,,COMERCIALIZADORA INTENACIONAL DE METALES PRECIOSOS Y METALES COMUNES INVERSIONES GENERALES S.A.,811009244,10910097,830002571,4,,,,,AGENCIA DE ADUANAS AVIATUR  S A NIVEL 1.,10922973,,,,,,REPUBLIC METALS CORPORATION.,12900 N. W 38TH  AVENUE MIAMI FL 33054,MIAMI,42223433,6007541089948,41529348,42323441,Circunstanciasexcepcionales,9061452,,,42,1051113,1071043,169,1081000,30220635,30120632,23620384,BODEGAS DE TAMPA ,1,2394104.40,,33723812,,,2,1,2,23120230,29520622,1051113,90,Aduanas de Medellín,249,ESTADOS UNIDOS,1274396,2394104.4,,,,2394104.4,,2348042.731603,1,3,49.14,20120604,6027544369337,20120601,,,,,,,20120620091950,,,,,,,811009244,1,1,1,7108120000,,,16820215,47.49,36623089,47.49,23020262,3,49.14,47.49,2394104.4,REPUBLIC METALS CORPORATION.,1,"Nombre Comercial:DO: 18359 TRES BARRAS DE ALEACION ORO-PLATA , Otras características:SON 47253.39 GRAMOS FINOS DE ORO LEY AU 995.06 Y 187.23 GRAMOS FINOS DE PLATA LEY AG 3.94 VISTO BUENO INGEOMINAS 20120601-5738  VENCE 02/07/2012   GUIA AEREA 729-87133001 ",,,1071043,1081000,,,,,,,,70107
2012,1,6007538581297,0,,,,,FUNDACION BIODIVERSA,830514995,10910097,860061308,4,,,,,AGENCIA DE ADUANAS PASAR LTDA NIVEL 1,10922973,,,,,,GIOILLERIA BELLONI &C,VIA LAMARMORA 31 20122 MILAN - ITALY,MILAN,42223433,,,42323438,,32120532,,,42,1051065,1071043,169,1081000,30220635,30120632,23620389,MILAN,1,7066.24,,33723811,,,2,2,2,23120230,29520622,1051065,3,Aduanas de Bogota - Aeropuerto El Dorado,386,ITALIA,1256931,5706.75,110.00,,1249.49,7066.24,,,1,1,1.08,20120329,6027541777400,20120328,28531565,79,41685099,,,,20120411111625,19965769,10910094,52034396,7,,,830514995,1,1,1,7108130000,,,16820215,0.1,36623087,100,23020267,1,1.08,0.1,5706.75,,1,"Nombre Comercial:ORO , Otras características:REF:GGGC 0028. ORO VERDE 24 KT EN GRANALLA//CONTIENE MATERIAL PROMOCIONAL** COMPROBANTE PAGO DE REGALIAS No. 0098059 POR VALOR DE $157.563,76 M/CTE// 0098060 POR VALOR DE $157.563,76 M/CTE DEL 05-03-2012. APROBADO VUCE No.  , Cantidad de unidades comerciales:100 GR. ",,,1071043,1081000,,,,,,,,96819
2012,1,6007546139800,9,,,,,SOCIEDAD DE COMERCIALIZACION INTERNACIONAL C. I. DHOWS CONGO S. A.,900049564,10910097,890921491,4,,,,,AGENCIA DE ADUANAS LACOSTE Y ASOCIADOS S.A.  NIVEL 2,10922973,,,,,,METALOR TECHNOLOGIES S.A.,CH. DES PERVEUILS 8 CH-2074 MARIN EPAGNIER,ZURICH,42223433,,,42323438,,DO: 212218,,,42,1051113,1071043,169,1081000,30220635,30120632,23620388,ZURICH-SUIZA,1,829827.70,,33723813,1,,2,2,2,23120230,29520622,1051113,90,Aduanas de Medellín,767,SUIZA,1236895,826627.7,2450.00,750.00,,829827.7,,,1,1,19.67,20121017,6027549218353,20121016,22405963,79,71601497,,,,20121020112502,33322713,10910096,123106,9,,,900049564,1,1,1,7108120000,,,16820215,17.21,36623089,17.21,23020303,1,19.67,17.21,826627.7,METALOR TECHNOLOGIES,1,"Nombre Comercial:ORO EN BARRA, , Otras características:ENVIO POR CARGA: ORO EN BARRA, SE ADJUNTAN LOS SIGUIENTES DOCUMENTOS SOPORTES: LISTA DE EMPAQUE NRO. M-AU-98-12, CERTIFICADO DE PUREZA PESO Y LEY NRO. M-AU-99-12, LISTADO DE COMPRADORES Y REGALIAS NRO. EXP-M-AU-99-12, TRANSFERENCIA ELECTRONICA DE REGALIAS SEGUN COMPROBANTE NRO. 266243 POR VALOR DE $46.410.286 DE OCTUBRE-16-2012 Y VISTO BUENO DE INGEOMINAS NRO. ANM-EMP-20121016-6444 DE OCTUBRE-16-2012, SEGUN CERTIFICADO DE PUREZA PESO Y LEY NRO. M-AU-99-12 LOS GRAMOS FINOS DEL ORO SON: 14.313.79 Y LOS GRAMOS FINOS DE PLATA SON: 1.384.78; SE ADJUNTAN LOS CERTIFICADOS AL PROVEEDOR CP NUMEROS: 30614-30615-30616-30617-30618-30619-30620-30621-30622-30623-30624-30625-30626 ",,,1071043,1081000,,,,,,,,70107
2012,1,6007543550168,5,,,,,C.I. METALES HERMANOS S.A.,900165320,10910097,860514173,2,,,,,AGENCIA DE ADUANAS SERVICIOS ADUANEROS ESPECIALIZADOS S A N,10922973,,,,,,REPUBLIC METALS CORP.,12900 NW 38TH AVENUE MIAMI,MIAMI,42223433,,,42323438,,,,,42,1051113,1071043,169,1081000,30220635,30120632,23620384,BODEGAS AEROLINEA,1,2478958.02,,33723811,,,2,2,2,23120230,29520622,1051113,90,Aduanas de Medellín,249,ESTADOS UNIDOS,1274396,2478958.02,,,,2478958.02,,,1,3,58.66,20120810,6027546800470,20120809,22405963,79,71601497,,,,20120821112743,21432866,10910094,65495401,0,,,900165320,1,1,1,7108120000,,,16820215,57.86,36623089,57.86,23020303,3,58.66,57.86,2478958.02,REPUBLIC METALS CORP.,1,"Nombre Comercial:ORO , Otras características:ORO LAS DEMAS FORMAS DE ORO EN BRUTO. ANEXAMOS CERTIFICACION DE PUREZA NRO: 0576 EQUIVALENTE A 47.813.64 GRAMOS PUROS DE ORO CON PAGO DE REGALIAS POR VALOR DE 139.895.200 , Cantidad de unidades comerciales:57.86 ",,,1071043,1081000,,,,,,,,70107
2012,1,6007544846629,4,,,,,SOCIEDAD DE COMERCIALIZACION INTERNACIONAL S & JIL S.A.S.,900353983,10910097,830002571,4,,,,,AGENCIA DE ADUANAS AVIATUR  S A NIVEL 1.,10922973,,,,,,METALOR TECNOLOGIES USA  CORPORATION,255 JOHN L. DIETSCH BOULEVARD NORTH ATTL,NORTH ATTLEBORO,42223433,,,42323438,,9632499,,,42,1051113,1071043,169,1081000,30220635,30120632,23620390,AEROPUERTO MIAMI,1,3397787.38,,33723812,,,2,2,2,23120230,29520622,1051113,90,Aduanas de Medellín,249,ESTADOS UNIDOS,1275138,3393744.58,2176.25,1866.55,,3397787.38,,,1,5,89.32,20120913,6027548059237,20120912,18047107,77,32141946,,,,20120918122552,26198381,10910094,98551066,6,,,900353983,1,1,1,7108120000,,,16820215,76.85,36623089,76.85,23020262,5,89.32,76.85,3393744.58,METALOR TECNOLOGIES USA  CORPORATION,1,"Nombre Comercial:DO 31518 / 115 BARRAS DE ORO , Otras características:SON 60962.10 GRAMOS PUROS DE ORO LEY 793.25 VISTO BUENO INGEOMINAS 20120912-6271 VENCIMIENTO 12/10/2012 GUIA AEREA 001-21289800 ",,,1071043,1081000,,,,,,,,70107
2013,1,6007551753661,6,,,,,C. I. GIRALDO & DUQUE LTDA.,805020091,10910097,890920609,1,,,,,AGENCIA DE ADUANAS CARLOS E. CAMPUZANO  SAS   NIVEL 1,10922973,,,,,,REPUBLIC METALS CORPORATION,12900 NW 38 TH AVE,MIAMI FLORIDA,42223433,,,42323438,,LL3XM020,,,42,1051111,1071043,169,1081023,30220635,30120632,23620384,AEROPUERTO CALI,1,1191860.00,,33723812,,,2,2,2,23120230,29520622,1051111,88,Aduanas de Cali,249,ESTADOS UNIDOS,1274396,1191860,,,,1191860,,,1,2,33,20130319,6027555100594,20130318,8878060,78,16345018,,,,20130409102918,19135521,10910094,45758692,4,,,805020091,1,1,1,7108120000,,,16820215,27.0968,36623089,27.0968,23020303,2,33,27.1,1191860,REPUBLIC METALS CORPORATION,1,"Nombre Comercial:ORO MINA , Otras características:3 BARRA DE ORO MINA CON UNA LEY PROMEDIO DE 0.84880 EQUIVALENTES A 23.0000 KILOS PUROS DE ORO, PEDIDO 724 , Cantidad de unidades comerciales:27.0968 ",,,1071043,1081023,,,,,,,,70107
2013,1,6007555967692,9,,,,,SOCIEDAD DE COMERCIALIZACION INTERNACIONAL ANTIOQUEÑA DE EXPORTACIONES S.A.S,900332718,10910097,830116195,8,,,,,AGENCIA DE ADUANAS CS S A NIVEL 2,10922973,,,,,,METALOR USA REFINING,255 JOHN L. DIESTCH BLVD,"MIAMI, FLA",42223433,,,42323438,,,,,42,1051113,1071043,169,1081000,30220635,30120632,23620388,JOSE MARIA CORDOVA,1,1907521.00,,33723812,,,2,2,2,23120230,29520622,1051113,90,Aduanas de Medellín,249,ESTADOS UNIDOS,1274396,1905077.97,2300.00,143.03,,1907521,,,1,3,60.08,20130708,6027559375811,20130705,35899142,76,50986424,,,,20130712102726,22390623,10910094,71586157,0,,,900332718,1,1,1,7108120000,,,16820215,53.45,36623089,53.45,23020303,3,60.08,53.45,1905077.97,AWB No. 001-75665494,1,"Nombre Comercial:ORO , Otras características:ORO EN BARRA,  , Cantidad de unidades comerciales:53.45 kilos ",,,1071043,1081000,,,,,,,,70107
2014,1,6007571175840,3,,,,,VALERIANO S . A. S.,830134585,10910097,830023585,7,,,,,AGENCIA DE ADUANAS SIACOMEX LTDA NIVEL 1,10922973,,,,,,PRESTIG JOYAS ESPAÑA S.R.,"PARQUE JOYERO DE CORDOBA FASE 11 - FABRICA 76, PLANTA ALTA",CORDOBA,42223433,,,42323438,,,,,47,1051065,1071043,169,1081002,30220635,30120632,,,1,41995.12,1846.12,33722877,,,1,2,2,23120230,29520622,1051065,3,Aduanas de Bogota - Aeropuerto El Dorado,245,ESPAÑA,1243880,41995.12,0.00,0.00,0.00,41995.12,,,1,1,1.5,20140803,6027574793451,20140801,8066123,79,13834039,,,,20140809105230,10388687,10910094,19469030,4,,,830134585,1,1,1,7108120000,,,16820215,1.08,36623089,1.08,23020267,1,1.5,1.08,41995.12,SIN,1,"Nombre Comercial:ORO PURO , Otras características:EXPORTACION TEMPORAL PARA PERFECCIONAMIENTO PASIVO DE 991.08 GRAMOS DE ORO PURO LEY 0.9999, UNA BARRA CON PESO NETO DE 1083.15 LEY 0.915. PARA LA ELABORACION DE ARTICULOS DE JOYERIA EN ORO DE 18KT O SU EQUIVALENTE A OTRA LEY. CONSIGNACION DE REGALIAS NO. 0106961 POR $2.462.706, Vo. Bo. INGEOMINAS ANMEMP-20140731-1191 DE FECHA 31/07/2014. MERCANCIA VIAJA A LA MANO DEL SR. JOSE MARIA FERNANDEZ, PASAPORTE NO. AAB360657, AEROLINEA IBERIA, TIQUETE NO. 0752357567334. , Cantidad de unidades comerciales:1.08 KG ",35322972,1,1071043,1081023,129,,,,,,,70107
2014,1,6007563190908,0,,,,,COMERCIALIZADORA INTERNACIONAL DE METALES PRECIOSOS DE COLOMBIA S.A.,900118612,10910097,830116195,8,,,,,AGENCIA DE ADUANAS CS S A NIVEL 2,10922973,,,,,,METALOR USA REFINING,255 Jhon L. Dietsch Boulevard,"MIAMI, FLA.",42223433,,,42323438,,,,,42,1051113,1071043,169,1081000,30220635,30120632,23620384,AEROPUERTO JOSE MARIA CORDOVA,1,932000.01,,33723811,,,2,2,2,23120230,29520622,1051113,90,Aduanas de Medellín,249,ESTADOS UNIDOS,1274396,932000.01,,,,932000.01,,,1,2,32.1,20140115,6027566782865,20140114,104085966,76,8031067,,,,20140120092013,22390623,10910094,71586157,0,,,900118612,1,1,1,7108120000,,,16820215,28.03,36623089,28.03,23020303,2,32.1,28.03,932000.01,AWB # 001-22941855,1,"Nombre Comercial:ORO , Otras características:ORO EN BARRAS, CP No. 000640100258833-1; 000640100258834-7; 000640100258835-4; 000640100258837-9; 000640100267140-2; 000640100267141-1; 000640100267142-7; 000640100267143-4; 000640100267144-1; 000640100258838-6;  , Cantidad de unidades comerciales:28.03 KILOS ",,,1071043,1081000,,,,,,,,70107
2015,1,6007586014581,6,,,,,C.I. J. GUTIERREZ Y CIA S.A.,890902070,10910097,890933171,4,,,,,AGENCIA DE ADUANAS COMERCIO EXTERIOR ASESORES S.A.S NIVEL 1,10922973,,,,,,ASAHI REFINING USA INC,"4601 WEST 2100 SOUTH, SALT LAKE CITY, UT 84120 USA",SALT LAKE CITY,42223433,,,42323438,,FRA  0046555,,,42,1051113,1071043,169,1081000,30220635,30120632,23620384,RIONEGRO,1,7617437.00,,33723811,,,2,2,2,23120230,29520622,1051113,90,Aduanas de Medellín,249,ESTADOS UNIDOS,1276633,7617437,,,,7617437,,,1,15,246.35,20150813,6027589423665,20150813,18034609,77,32105412,,,,20150814145657,29637764,10910094,43795275,6,,,890902070,1,1,1,7108120000,,,16820215,238.544,36623089,238.544,23020303,15,246.35,238.54,7617437,ASAHI REFINING USA INC,1,"Nombre Comercial:ORO EN BARRAS , Otras características:15 BARRAS DE ORO LOTES NROS: JVH 9569 / 9570 / 9571 / 9572 / 9573 / 9574 / 9575 / 9576 / 9577 / 9578 / 9579 / 9580 / 9581 / 9582 / 9583.  ANEXAMOS -CERTIFICADO DE PESO Y LEY NO: 1350 POR 217.919,82 GRAMOS FINOS DE ORO Y 20.500.00 GRAMOS FINOS DE PLATA.  - CERTIFICADOS C.P NROS:6401009780738-6401009780745-6401009780752-6401009780761-6401009780777-6401009780784-6401009780824-6401009780831-6401009780791-6401009780801-6401009780849-6401009780856-6401009780817-6401009780863-6401009780870-6401009780888-6401009780903-6401009780895-6401009780910-6401009780928-6401009780935-6401009780951-6401009780942.  .------------------DO.610472---------- , Cantidad de unidades comerciales:238.544 ",,,1071043,1081000,,,,,,,,70107
2015,1,6007581421349,0,,,,,COMERCIALIZADORA INTERNACIONAL DE METALES PRECIOSOS DE COLOMBIA S.A.,900118612,10910097,830116195,8,,,,,AGENCIA DE ADUANAS CS S A S NIVEL 2,10922973,,,,,,REPUBLIC METALS CORPORATION-RMC,12900 NW 38TH AVENUE MIAMI FL 33054,"MIAMI, FLA.",42223433,,,42323438,,,,,42,1051113,1071043,169,1081000,30220635,30120632,23620384,AEROPUERTO JOSE MARIA CORDOVA,1,1798000.00,,33723811,,,2,2,2,23120230,29520622,1051113,90,Aduanas de Medellín,249,ESTADOS UNIDOS,1274396,1798000,,,,1798000,,,1,3,58.57,20150420,6027584789521,20150417,18034609,77,32105412,,,,20150427141438,22390623,10910094,71586157,0,,,900118612,1,1,1,7108120000,,,16820215,56.32,36623089,56.32,23020303,3,58.57,56.32,1798000,AWB # 729-88044563,1,"Nombre Comercial:ORO , Otras características:ORO EN BARRAS, CP No. 0006401007110161, 0006401007110179, 0006401007110193, 0006401007146711, 0006401007170438, 0006401007308168, 0006401007308175, 0006401007344052, 0006401007409911, 0006401007411509, 0006401007411516, 0006401007411523, 0006401007411530, 0006401007411548, 0006401007411555, 0006401007411562, 0006401007411571, 0006401007411587, 0006401007411594, 0006401007411602, 0006401007411611, 0006401007411627, 0006401007411634, 0006401007411641, 0006401007411659, 0006401007411666, 0006401007411673, 0006401007411680, 0006401007411698, 0006401007411706, 0006401007411713, 0006401007411720, 0006401007411738, 0006401007411745, 0006401007411752, 0006401007423026, 0006401007423033, 0006401007423040, 0006401007423058, 0006401007423065, 0006401007423072, 0006401007423081, 0006401007423097, 0006401007423105, 0006401007423112, 0006401007423121, 0006401007423137, 0006401007423144, 0006401007423151, 0006401007423169, 0006401007423176, 0006401007423183, 0006401007423190, 0006401007423209, 0006401007423216, 0006401007423223, 0006401007423230, 0006401007423248, 0006401007423255, 0006401007423262, 0006401007433955, 0006401007433971, 0006401007434082, 0006401007434091, 0006401007434108, 0006401007449783, 0006401007520640, 0006401007520665, 0006401007520769, 0006401007520783, 0006401007520790, 0006401007520816, 0006401007520823, 0006401007520830, 0",,,1071043,1081000,,,,,,,,70107
2015,1,6007582632020,7,,,,,BUSINESS GROUP VEGA GRANADA S.A.S,900657461,10910097,860061308,4,,,,,AGENCIA DE ADUANAS PASAR LTDA NIVEL 1,10922973,,,,,,UNIVERSAL PRECIOUS METALS,"9550 NW 12 ST STE 10 DORAL,FL 33172 US ", DORAL,42223433,,,42323438,,D.O.32151058,,,42,1051065,1071043,169,1081023,30220635,30120632,23620384,DORAL,1,11238.03,,33723811,,,2,2,2,23120230,29520622,1051065,3,Aduanas de Bogota - Aeropuerto El Dorado,249,ESTADOS UNIDOS,1283303,11238.03,,,,11238.03,,,1,1,0.5,20150515,6027586018839,20150514,20191897,77,52261113,,,,20150527085805,19965769,10910094,52034396,7,,,900657461,1,1,1,7108130000,,,16820215,0.33,36623087,334.81,23020267,1,0.5,0.33,11238.03,,1,"Nombre Comercial:ORO , Otras características:334.81 GR ORO LEY 870 EQUIVALEN A 291.28 GR DE ORO FINO//VUCE NUMERO DE RADICADO 20150512-00043.APROBADO ANM-EMP-20150513-0891 ",,,1071043,1081023,,,,,,,,96819
2016,1,6007597456223,0,,,,,COMERCIALIZADORA INTERNACIONAL DE METALES PRECIOSOS DE COLOMBIA S.A.,900118612,10910097,830116195,8,,,,,AGENCIA DE ADUANAS CS S A S NIVEL 2,10922973,,,,,,METALOR TECHNOLOGIES USA CORP,255 JHON L . DIETSCH BLVD,"MIAMI, FLA.",42223433,,,42323438,,,,,42,1051113,1071043,169,1081000,30220635,30120632,23620384,AEROPUERTO JOSE MARIA CORDOVA,1,2014465.28,,33723811,,,2,2,2,23120230,29520622,1051113,90,Aduanas de Medellín,249,ESTADOS UNIDOS,1274396,2014465.28,,,,2014465.28,,,1,4,66.95,20160523,6027600978145,20160522,35899386,75,1128443241,,,,20160531154545,22390623,10910094,71586157,0,,,900118612,1,1,1,7108120000,,,16820215,58.85,36623089,58.85,23020303,4,66.95,58.85,2014465.28,AWB # 001-99058875,1,"Nombre Comercial:ORO , Otras características:ORO EN BARRAS, CP No. 0006401013555936, 0006401013555950, 0006401013555975, 0006401013580154, 0006401013580186, 0006401013580193, 0006401013580201, 0006401013581596, 0006401013581604, 0006401013581611, 0006401013580240, 0006401013601671, 0006401013601696, 0006401013601711, 0006401013624113, 0006401013626560, 0006401013626585, 0006401013624263, 0006401013624270, , Cantidad de unidades comerciales:58.85kilos ",,,1071043,1081000,,,,,,,,70107
2016,1,6007593824432,9,,,,,SOCIEDAD DE COMERCIALIZACION INTERNACIONAL ANTIOQUEÑA DE EXPORTACIONES S.A.S,900332718,10910097,830116195,8,,,,,AGENCIA DE ADUANAS CS S A S NIVEL 2,10922973,,,,,,METALOR USA REFINING,255 JOHN L. DIETSCH BLVD,"MIAMI, FLA",42223433,,,42323438,,,,,42,1051113,1071043,169,1081000,30220635,30120632,23620388,JOSE MARIA CORDOVA,1,756773.00,,33723812,,,2,2,2,23120230,29520622,1051113,90,Aduanas de Medellín,249,ESTADOS UNIDOS,1274396,755216.3,1500.00,56.70,,756773,,,1,1,23.58,20160224,6027597445136,20160223,29013216,79,42879586,,,,20160301091821,22390623,10910094,71586157,0,,,900332718,1,1,1,7108120000,,,16820215,21.82,36623089,21.82,23020303,1,23.58,21.82,755216.3,AWB # 001-97471522,2,0006401012331488; 0006401012331495; 0006401012331503; 0006401012331510; 0006401012331528; 0006401012331535; 0006401012331542; 0006401012331551; 0006401012331567; 0006401012331574; 0006401012331581; 0006401012331599; 0006401012331607; 0006401012331614; 0006401012331621; 0006401012331639; 0006401012331646; 0006401012331653; 0006401012331660; 0006401012331678; 0006401012331685; 0006401012331692; 0006401012331700; 0006401012331718; 0006401012331725; 0006401012331732; 0006401012331741; 0006401012331757; 0006401012331764; 0006401012331771; 0006401012331789; 0006401012331796; 0006401012331804; 0006401012331811; 0006401012331829; 0006401012331836; 0006401012331843; 0006401012331850; 0006401012331868; 0006401012331875; 0006401012331882; 0006401012331891; 0006401012331908; 0006401012331915; 0006401012331922; 0006401012331931; 0006401012331947; 0006401012331954; 0006401012331961; 0006401012331979; 0006401012331986; 0006401012331993; 0006401012332003; 0006401012332010; 0006401012332028; 0006401012332035; 0006401012332042; 0006401012332051; 0006401012332067; 0006401012332074; 0006401012332081; 0006401012332099; 0006401012332107; 0006401012332114; 0006401012332121; 0006401012332139; 0006401012332146; 0006401012332153; 0006401012332160; 0006401012332178; 0006401012332185; 0006401012332192; 0006401012332200; 0006401012332218; 0006401012332225; 0006401012332232; 0006401012332241; 00064010123322,,,1071043,1081000,,,,,,,,70107
2016,1,6007593824432,9,,,,,SOCIEDAD DE COMERCIALIZACION INTERNACIONAL ANTIOQUEÑA DE EXPORTACIONES S.A.S,900332718,10910097,830116195,8,,,,,AGENCIA DE ADUANAS CS S A S NIVEL 2,10922973,,,,,,METALOR USA REFINING,255 JOHN L. DIETSCH BLVD,"MIAMI, FLA",42223433,,,42323438,,,,,42,1051113,1071043,169,1081000,30220635,30120632,23620388,JOSE MARIA CORDOVA,1,756773.00,,33723812,,,2,2,2,23120230,29520622,1051113,90,Aduanas de Medellín,249,ESTADOS UNIDOS,1274396,755216.3,1500.00,56.70,,756773,,,1,1,23.58,20160224,6027597445136,20160223,29013216,79,42879586,,,,20160301091821,22390623,10910094,71586157,0,,,900332718,1,1,1,7108120000,,,16820215,21.82,36623089,21.82,23020303,1,23.58,21.82,755216.3,AWB # 001-97471522,1,"GRUPO 1 = Nombre Comercial:ORO , Otras características:ORO EN BARRA, CP No. 0006401012343916; 0006401012343923; 0006401012343930; 0006401012326950; 0006401012326968; 0006401012326975; 0006401012326982; 0006401012326991; 0006401012327001; 0006401012327017; 0006401012327024; 0006401012327031; 0006401012327049; 0006401012327056; 0006401012327063; 0006401012327070; 0006401012343948; 0006401012343955; 0006401012343962; 0006401012343971; 0006401012343987; 0006401012343994; 0006401012344004; 0006401012344011; 0006401012327167; 0006401012327174; 0006401012327181; 0006401012327199; 0006401012327207; 0006401012327214; 0006401012327221; 0006401012327239; 0006401012327246; 0006401012327253; 0006401012327260; 0006401012327278; 0006401012327285; 0006401012327292; 0006401012327300; 0006401012327318; 0006401012327325; 0006401012327332; 0006401012327341; 0006401012327357; 0006401012327364; 0006401012327371; 0006401012327389; 0006401012327396; 0006401012327404; 0006401012327411; 0006401012327429; 0006401012327436; 0006401012327443; 0006401012327450; 0006401012327468; 0006401012327475; 0006401012327482; 0006401012327491; 0006401012327508; 0006401012327515; 0006401012327522; 0006401012327531; 0006401012327547; 0006401012327554; 0006401012327561; 0006401012327579; 0006401012327586; 0006401012327593; 0006401012327601; 0006401012327619; 0006401012327626; 0006401012327633; 0006401012327640; 0006401012",,,1071043,1081000,,,,,,,,70107
2016,1,6007593824432,9,,,,,SOCIEDAD DE COMERCIALIZACION INTERNACIONAL ANTIOQUEÑA DE EXPORTACIONES S.A.S,900332718,10910097,830116195,8,,,,,AGENCIA DE ADUANAS CS S A S NIVEL 2,10922973,,,,,,METALOR USA REFINING,255 JOHN L. DIETSCH BLVD,"MIAMI, FLA",42223433,,,42323438,,,,,42,1051113,1071043,169,1081000,30220635,30120632,23620388,JOSE MARIA CORDOVA,1,756773.00,,33723812,,,2,2,2,23120230,29520622,1051113,90,Aduanas de Medellín,249,ESTADOS UNIDOS,1274396,755216.3,1500.00,56.70,,756773,,,1,1,23.58,20160224,6027597445136,20160223,29013216,79,42879586,,,,20160301091821,22390623,10910094,71586157,0,,,900332718,1,1,1,7108120000,,,16820215,21.82,36623089,21.82,23020303,1,23.58,21.82,755216.3,AWB # 001-97471522,1,"401012328821; 0006401012328839; 0006401012328846; 0006401012328853; 0006401012328860; 0006401012328878; 0006401012328885; 0006401012328892; 0006401012328900; 0006401012328918; , Cantidad de unidades comerciales:21.82  Kilos  GRUPO 2 = Nombre Comercial:ORO , Otras características:ORO EN BARRA CP No. 0006401012328925; 0006401012328932; 0006401012328941; 0006401012328957; 0006401012328964; 0006401012328971; 0006401012328989; 0006401012328996; 0006401012329006; 0006401012329013; 0006401012329020; 0006401012329038; 0006401012329045; 0006401012329052; 0006401012329061; 0006401012329077; 0006401012329084; 0006401012329091; 0006401012329101; 0006401012329117; 0006401012329124; 0006401012329131; 0006401012329149; 0006401012329156; 0006401012329163; 0006401012329170; 0006401012329188; 0006401012329195; 0006401012329203; 0006401012329210; 0006401012329228; 0006401012329235; 0006401012329242; 0006401012329251; 0006401012329267; 0006401012329274; 0006401012329281; 0006401012329299; 0006401012329307; 0006401012329314; 0006401012329321; 0006401012329339; 0006401012329346; 0006401012329353; 0006401012329360; 0006401012329378; 0006401012329385; 0006401012329392; 0006401012329400; 0006401012329418; 0006401012329425; 0006401012329432; 0006401012329441; 0006401012329457; 0006401012329464; 0006401012329471; 0006401012329489; 0006401012329496; 0006401012329504; 0006401012329511; 0006401012329529; 00",,,1071043,1081000,,,,,,,,70107
2016,1,6007596959530,8,,,,,COMERCIALIZADORA  DE  METALES  GOLD  CENTER  S.A.S,900818759,10910097,800241367,3,,,,,AGENCIA DE ADUANAS CARGO FLASH LTDA NIVEL 1,10910394,46648-0014-304376,,,,,GOLD AMERCIA S.A,CALLE 14 ROOSEVELT Y CALLE C ZONA LIBRE COLON,COLON,42223433,,,42323438,,2016-003,,,47,1051110,1071043,169,1081001,30220635,30120632,,,1,115150.00,,33722877,,,1,2,2,23120230,29520622,1051110,87,Aduanas de Barranquilla,580,PANAMA,1263415,115150,,,,115150,,,1,1,4.9,20160503,6027600159790,20160430,18408609,79,32708792,,,,20160516133558,5913224,10910094,7458124,7,,,900818759,1,1,1,7108120000,,,16820215,4.9,36623087,4900,23020284,1,4.9,4.9,115150,GOLD AMERCIA S.A,1,"Nombre Comercial:ORO CHATARRA , Otras características:DOCUMENTO QUE ACREDITA LA OPERACIÓN REMISION 2016-003 DE 29/04/2016. MATERIA PRIMA PARA SER OBJETO DE UN PROCESO DE TRANSFORMACION.  MEDIANTE SOLICITUD DE PERMANENCIA EN EL EXTERIOR COD.01 SISTEMA MUISCA No  11777500501782 DEL 30/04/2016, AUTORIZADO CON EL ASUNTO  201681340100002514 Y RESPUESTA MUISCA No 11797500424271 DEL 30/04/2016 POR  6 MESES PLAZO PARA DEMOSTRAR LA REIMPORTACION 30/10/2016. , Cantidad de unidades comerciales:4900 GRAMOS ",35322971,6,1071043,1081001,,,,,,,,70107
2017,1,6007617534529,4,MURILLO,,LUIS,ALBERTO,MURILLO LUIS ALBERTO,4861028,10910097,830116195,8,,,,,AGENCIA DE ADUANAS CS S A S NIVEL 2,10910097,900752183,,,,,P.R. METALES S.A.S.,ZONA FRANCA RIONEGRO BODEGA 102,Rionegro,42223433,,,42323438,,,,,42,1051113,1071043,169,1081000,30220635,30120632,23620384,ZONA FRANCA,1,157576.71,,33723811,,,,2,2,,29520622,1051113,90,Aduanas de Medellín,169,COLOMBIA,671,157576.71,,,,157576.71,,,1,1,5.36,20170918,6027620654482,20170915,23816181,78,79400693,,,,20170926141525,22390623,10910094,71586157,0,,,4861028,1,1,1,7108120000,,,16820215,4.69,36623087,4649.64,23020303,1,5.36,4.69,157576.71,PR METALES,1,"Nombre Comercial:ORO , Otras características:BARRA DE ALEACION DE ORO Y PLATA; BARRA 1 LEY ORO 90.59% GRAMOS FINOS DE ORO 606.01 LEY PLATA 8.84% GRAMOS FINOS DE PLATA 59.15; BARRA 2 LEY ORO 85.45% GRAMOS FINOS DE ORO 54.05 LEY PLATA 13.33% GRAMOS FINOS DE PLATA 8.43; BARRA 3 LEY ORO 86.29% GRAMOS FINOS DE ORO 777.70 LEY PLATA 13.03% GRAMOS FINOS DE PLATA 117.43; BARRA 4 LEY ORO 74.22% GRAMOS FINOS DE ORO 1525.92 LEY PLATA 24.78% GRAMOS FINOS DE PLATA 509.46; BARRA 5 LEY ORO 86.50% GRAMOS FINOS DE ORO 869.73 LEY PLATA 12.11% GRAMOS FINOS DE PLATA 121.76; NOS ACOGEMOS A LA CIRCULAR REGLAMENTARIA EXTERNA BANCO REPUBLICA # 83 NUMERAL 9 LITERAL ""J"" DEL 2011, CON CERTIFICADO DE ORIGEN No. 55 DEL 11/09/2017, , Cantidad de unidades comerciales:4.69 KILOS ",,,1071043,1081000,,,,,,,,70107
2017,1,6007615932872,3,,,,,COMERCIALIZADORA INTERNACIONAL DE METALES PRECIOSOS Y METALES COMUNES INVERSIONES GENERALES S.A.S CIIGSA,811009244,10910097,830002571,4,,,,,AGENCIA DE ADUANAS AVIATUR S A NIVEL 1.,10922973,,,,,,SUN VALLEY INDUSTRIES LLC,"7202 WOODRIDG, HOUSTON, TX 77012 USA",HOUSTON,42223433,,,42323438,,18257299,,,42,1051113,1071043,169,1081000,30220635,30120632,23620384,APTO JMC RIONEGRO,1,435269.320000,,33723812,,,2,1,2,23120230,29520622,1051113,90,Aduanas de Medellín,249,ESTADOS UNIDOS,1282344,435269.32,,,,435269.32,,427158.295524,1,1,13.89,20170803,6027618258476,20170802,107262447,78,32241568,,,,20170815085257,29460969,10910094,43576612,6,,,811009244,1,1,1,7108120000,,,16820215,12.420000,36623087,12378.68,23020262,1,13.89,12.42,435269.32,SUN VALLEY INDUSTRIES,1,"Nombre Comercial:DO 25763 // UNA BARRA DE ALEACION ORO PLATA , Otras características:BARRA IG-4628 SON 10977.60 GRAMOS FINOS DE ORO LEY 884 Y 1401.08 GRAMOS FINOS DE PLATA LEY 112.83 // GUIA AEREA 001-84536222 , Cantidad de unidades comerciales:12378.68 ",,,1071043,1081000,,,,,,,,70107
2017,1,6007609998825,3,,,,,VALERIANO S . A. S.,830134585,10910097,830023585,7,,,,,AGENCIA DE ADUANAS SIACOMEX SAS NIVEL 1,10922973,,,,,,LUX SQUARE S.L,CALLE MILOS 8 LAS ROZAS 28232 MADRID,MADRID,42223433,,,42323438,,BOG171109,,,47,1051065,1071043,169,1081002,30220635,30120632,,,1,38920.73,2923.96,33722877,,,1,2,2,23120230,29520622,1051065,3,Aduanas de Bogota - Aeropuerto El Dorado,245,ESPAÑA,1244207,38920.73,,,,38920.73,,,1,1,1.06,20170324,6027613290197,20170324,100333374,79,37890774,,,,20170329102620,25267921,10910094,91158566,7,,,830134585,1,1,1,7108120000,,,16820215,1.06,36623089,1.06,23020267,1,1.06,1.06,38920.73,SIN,1,"Nombre Comercial:ORO PURO , Otras características:EXPORTACION TEMPORAL PARA PERFECCIONAMIENTO PASIVO DE 1056.07 GR DE ORO EN LAMINA 1055.95 GR PURO PARA LA ELABORACION DE JOYERIA EN ORO DE 18K O SU EQUIVALENTE EN OTRA LEY. TIEMPO DE PERMANENCIA EN EL EXTERIOR UN AÑO, SE UTILIZA PAGO DE REGALIAS Y Vo Bo.ANM-EMP-20170323-1040 DE 24-MAR-2017 POR VALOR DE $3.864.928 MERCANCIA VIAJA A LA MANO DEL SEÑOR MANUEL ALEJANDRO SEVILLANO ORTIZ PASAPORTE No.AN941876 TIQUETE134-2474298921 , Cantidad de unidades comerciales:1056.07 GRAMOS ",35322972,1,1071043,1081002,,,,,,,,70107
2017,1,6007618713160,6,,,,,C.I. J. GUTIERREZ Y CIA S.A.,890902070,10910097,890933171,4,,,,,AGENCIA DE ADUANAS COMERCIO EXTERIOR ASESORES S.A.S NIVEL 1,10922973,,,,,,ARGOR-HERAEUS S.A,"VIA MOREE 14 CH,-6850 MENDRISIO-SWITZERLAND",MENDRISIO-SWITZERLAND,42223433,,,42323438,,FRA 47013/14,,,42,1051113,1071043,169,1081000,30220635,30120632,23620384,RIONEGRO,1,10432585.00,,33723811,,,2,2,2,23120230,29520622,1051113,90,Aduanas de Medellín,767,SUIZA,1237609,10432585,,,,10432585,,,2,12,286.14,20171010,6027621692523,20171009,21536688,77,65784244,,,,20171017091751,29637764,10910094,43795275,6,,,890902070,1,2,1,7108120000,,,16820215,146.409,36623089,146.409,23020303,12,286.14,146.41,5551754,ARGOR HERAEUS SA,1,"Nombre Comercial:ORO EN BARRAS , Otras características:FRA NRO: 47013. - 12 BARRAS DE ORO. LOTES NROS: JVH 6742 / JVH 6743 / JVH 6744 / JVH 6745 / JVH 6746 / JVH 6747 / JVH 6748 / JVH 6749 / JVH 6750 / JVH 6751 / JVH 6752 / JVH 6753. ANEXAMOS CERTIFICADO DE PESO Y LEY NO: 1495-1, POR 133.198,78 GRAMOS FINOS DE ORO Y 13.200,00 GRAMOS FINOS DE PLATA. / LEY AU 909.77. FRAS: 47013/47014. CERTIFICADOS C.P NROS: 6401023041068-6401023041075-6401023041082-6401023041091-6401023041108-6401023041115-6401023041122-6401023041131-6401023041147-6401023041154- 6401023041161-6401023041179-6401023041186-6401023041193-6401023041201-6401023041219-6401023041226-6401023041233-6401023041240-6401023041258-6401023041265-6401023041272-6401023041281-6401023041297-6401023041305-6401023041312-6401023041321-6401023041337-6401023041344-6401023041351-6401023041369-6401023041376-6401023041383-6401023041390-6401023041409-6401023041416-6401023041423-6401023041430-6401023041448-6401023041455-6401023041462-6401023041471-6401023041487-6401023041494-6401023041502-6401023041511-6401023041527-6401023041534-6401023041541-6401023041559-6401023041566-6401023041573-6401023041580-6401023041598-6401023041606-6401023041613-6401023041620-6401023041638-6401023041645-6401023041652-6401023041661-6401023041677-6401023041684-6401023041691-6401023041701-6401023041717-6401023041724-6401023041731-6401023041749-6401023041756-640102304",,,1071043,1081000,,,,,,,,70107
2017,1,6007618713160,6,,,,,C.I. J. GUTIERREZ Y CIA S.A.,890902070,10910097,890933171,4,,,,,AGENCIA DE ADUANAS COMERCIO EXTERIOR ASESORES S.A.S NIVEL 1,10922973,,,,,,ARGOR-HERAEUS S.A,"VIA MOREE 14 CH,-6850 MENDRISIO-SWITZERLAND",MENDRISIO-SWITZERLAND,42223433,,,42323438,,FRA 47013/14,,,42,1051113,1071043,169,1081000,30220635,30120632,23620384,RIONEGRO,1,10432585.00,,33723811,,,2,2,2,23120230,29520622,1051113,90,Aduanas de Medellín,767,SUIZA,1237609,10432585,,,,10432585,,,2,12,286.14,20171010,6027621692523,20171009,21536688,77,65784244,,,,20171017091751,29637764,10910094,43795275,6,,,890902070,1,2,1,7108120000,,,16820215,146.409,36623089,146.409,23020303,12,286.14,146.41,5551754,ARGOR HERAEUS SA,2,"Nombre Comercial:BARRAS DE ORO , Otras características:FRA NRO: 47014. - 11 BARRAS DE ORO. LOTES NROS: JVH 6754 / JVH 6755 / JVH 6756 / JVH 6757 / JVH 6758 / JVH 6759 / JVH 6760 / JVH 6761 / JVH 6762 / JVH 6763 / JVH 6764. ANEXAMOS CERTIFICADO DE PESO Y LEY NO: 1495-2, POR 118.946,06 GRAMOS FINOS DE ORO Y 12.440,00 GRAMOS FINOS DE PLATA. / LEY AU 905.27 , Cantidad de unidades comerciales:131.394 ",,,1071043,1081000,,,,,,,,70107
2017,1,6007618713160,6,,,,,C.I. J. GUTIERREZ Y CIA S.A.,890902070,10910097,890933171,4,,,,,AGENCIA DE ADUANAS COMERCIO EXTERIOR ASESORES S.A.S NIVEL 1,10922973,,,,,,ARGOR-HERAEUS S.A,"VIA MOREE 14 CH,-6850 MENDRISIO-SWITZERLAND",MENDRISIO-SWITZERLAND,42223433,,,42323438,,FRA 47013/14,,,42,1051113,1071043,169,1081000,30220635,30120632,23620384,RIONEGRO,1,10432585.00,,33723811,,,2,2,2,23120230,29520622,1051113,90,Aduanas de Medellín,767,SUIZA,1237609,10432585,,,,10432585,,,2,12,286.14,20171010,6027621692523,20171009,21536688,77,65784244,,,,20171017091751,29637764,10910094,43795275,6,,,890902070,2,2,2,7108120000,,,16820215,131.394,36623089,131.394,23020303,,,131.39,4880831,,1,"Nombre Comercial:ORO EN BARRAS , Otras características:FRA NRO: 47013. - 12 BARRAS DE ORO. LOTES NROS: JVH 6742 / JVH 6743 / JVH 6744 / JVH 6745 / JVH 6746 / JVH 6747 / JVH 6748 / JVH 6749 / JVH 6750 / JVH 6751 / JVH 6752 / JVH 6753. ANEXAMOS CERTIFICADO DE PESO Y LEY NO: 1495-1, POR 133.198,78 GRAMOS FINOS DE ORO Y 13.200,00 GRAMOS FINOS DE PLATA. / LEY AU 909.77. FRAS: 47013/47014. CERTIFICADOS C.P NROS: 6401023041068-6401023041075-6401023041082-6401023041091-6401023041108-6401023041115-6401023041122-6401023041131-6401023041147-6401023041154- 6401023041161-6401023041179-6401023041186-6401023041193-6401023041201-6401023041219-6401023041226-6401023041233-6401023041240-6401023041258-6401023041265-6401023041272-6401023041281-6401023041297-6401023041305-6401023041312-6401023041321-6401023041337-6401023041344-6401023041351-6401023041369-6401023041376-6401023041383-6401023041390-6401023041409-6401023041416-6401023041423-6401023041430-6401023041448-6401023041455-6401023041462-6401023041471-6401023041487-6401023041494-6401023041502-6401023041511-6401023041527-6401023041534-6401023041541-6401023041559-6401023041566-6401023041573-6401023041580-6401023041598-6401023041606-6401023041613-6401023041620-6401023041638-6401023041645-6401023041652-6401023041661-6401023041677-6401023041684-6401023041691-6401023041701-6401023041717-6401023041724-6401023041731-6401023041749-6401023041756-640102304",,,1071043,1081000,,,,,,,,70107
2017,1,6007618713160,6,,,,,C.I. J. GUTIERREZ Y CIA S.A.,890902070,10910097,890933171,4,,,,,AGENCIA DE ADUANAS COMERCIO EXTERIOR ASESORES S.A.S NIVEL 1,10922973,,,,,,ARGOR-HERAEUS S.A,"VIA MOREE 14 CH,-6850 MENDRISIO-SWITZERLAND",MENDRISIO-SWITZERLAND,42223433,,,42323438,,FRA 47013/14,,,42,1051113,1071043,169,1081000,30220635,30120632,23620384,RIONEGRO,1,10432585.00,,33723811,,,2,2,2,23120230,29520622,1051113,90,Aduanas de Medellín,767,SUIZA,1237609,10432585,,,,10432585,,,2,12,286.14,20171010,6027621692523,20171009,21536688,77,65784244,,,,20171017091751,29637764,10910094,43795275,6,,,890902070,2,2,2,7108120000,,,16820215,131.394,36623089,131.394,23020303,,,131.39,4880831,,2,"Nombre Comercial:BARRAS DE ORO , Otras características:FRA NRO: 47014. - 11 BARRAS DE ORO. LOTES NROS: JVH 6754 / JVH 6755 / JVH 6756 / JVH 6757 / JVH 6758 / JVH 6759 / JVH 6760 / JVH 6761 / JVH 6762 / JVH 6763 / JVH 6764. ANEXAMOS CERTIFICADO DE PESO Y LEY NO: 1495-2, POR 118.946,06 GRAMOS FINOS DE ORO Y 12.440,00 GRAMOS FINOS DE PLATA. / LEY AU 905.27 , Cantidad de unidades comerciales:131.394 ",,,1071043,1081000,,,,,,,,70107
2017,1,6007617420339,0,,,,,COMERCIALIZADORA INTERNACIONAL DE METALES PRECIOSOS DE COLOMBIA S.A.,900118612,10910097,830116195,8,,,,,AGENCIA DE ADUANAS CS S A S NIVEL 2,10922973,,,,,,METALOR TECHNOLOGIES USA CORPORATION,255 JOHN L. DIETSCH BLVD NORTH ATTLEBORO,NORTH ATTLEBORO,42223433,,,42323438,,,,,42,1051113,1071043,169,1081000,30220635,30120632,23620384,AEROPUERTO JOSE MARIA CORDOVA,1,950558.55,,33723811,,,2,2,2,23120230,29520622,1051113,90,Aduanas de Medellín,249,ESTADOS UNIDOS,1274396,950558.55,,,,950558.55,,,1,2,29.41,20170907,6027620380937,20170907,23816181,78,79400693,,,,20170920113449,22390623,10910094,71586157,0,,,900118612,1,1,1,7108120000,,,16820215,25.61,36623089,25.61,23020303,2,29.41,25.61,950558.55,AWB # 001-74170740,1,"Nombre Comercial:ORO , Otras características:ORO EN BARRAS, BARRA 642-01 LEY PROMEDIO 0,877 GRAMOS FINOS ORO 3468.87; BARRA 642-02 LEY PROMEDIO 0,853 GRAMOS FINOS ORO 2856.85; BARRA 642-03 LEY PROMEDIO 0,847 GRAMOS FINOS ORO 2556.40; BARRA 642-04 LEY PROMEDIO 0,854 GRAMOS FINOS ORO 2345.50; BARRA 642-05 LEY PROMEDIO 0,868 GRAMOS FINOS ORO 10889.39; CP No. 0006401022207864; 0006401022207871; 0006401022207889; 0006401022241326; 0006401022241333; 0006401022241340; 0006401022241365; 0006401022241397; 0006401022241405; 0006401022241412; 0006401022241437; , Cantidad de unidades comerciales:25.61 kilos ",,,1071043,1081000,,,,,,,,70107
2017,1,6007615667094,0,,,,,FUNDICION RAMIREZ ZONA FRANCA SAS,900479267,10910097,890313036,8,,,,,AGENCIA DE ADUANAS CONTINENTAL DE ADUANAS S.A.S. NIVEL 1,10910394,NO REGISTRA,,,,,"UNIVERSAL PRECIOUS METALS, INC","1315 NW, 98TH CT # 5 DORAL FLORIDA 33172","DORAL, FL",42223433,,,42323438,,ZFP0862,,,42,1051111,1071043,169,1081023,30220635,30120632,23620386,ALBONAR ,1,1614514.87,2997.59,33723811,,,2,2,2,23120230,29520622,1051111,88,Aduanas de Cali,249,ESTADOS UNIDOS,1283303,1614514.87,,,,1614514.87,,,1,5,50.48,20170802,6027618661048,20170802,35900929,78,9736949,,,,20170814144547,8952888,10910094,16493216,7,,,900479267,1,1,1,7108120000,,,16820215,45.70,36623087,40270.39,23020363,5,50.48,45.7,1614514.87,,1,"Nombre Comercial:ORO EN BARRAS , Otras características:NOS ACOGEMOS A RESOLUCION 058 DEL 2016 5 BARRAS DE ORO CON GRAMOS NETOS TOTALES DE: 45.696,00 CON LEY PROMEDIO APROXIMADA 0,881267 PARA GRAMOS FINOS TOTALES DE: 40.270,39 Tula 1, Barra No. R-415 Gramos netos de: 12.449,70 ley: 0,891667 gramos finos de: 11.100,99 // Tula 2, Barra No. R-416 Gramos netos de: 8.401,80 ley: 0,842537 gramos finos de: 7.078,83 // Tula 3, Barra No. R-417 Gramos netos de: 8.148,60 ley: 0,900131 gramos finos de: 7.334,81 // Tula 4, Barra No. R-418 Gramos netos de: 7.657,40 ley: 0,894804 gramos finos de: 6.851,87 // Tula 5, Barra No. R-419 Gramos netos de: 9.038,50 ley: 0,874469 gramos finos de: 7.903,89 // , Cantidad de unidades comerciales:40.270,39 GRM FINOS/ 1.294,719224 ONZAS TROY ",,,1071043,1081023,,,,,,,,70107
2017,1,6007613438357,8,,,,,XQUADRA S.A.S.,900555885,10910097,830116195,8,,,,,AGENCIA DE ADUANAS CS S A S NIVEL 2,10922973,,,,,,XQUADRA USA INC,6913 HARDY DR AUSTIN TX 78757,TEXAS,42223433,,,42323438,,,,,42,1051113,1071043,169,1081000,30220635,30120632,23620384,AEROPUERTO JOSE MARIA CORBOBA,1,656075.42,,33723811,,,2,2,2,23120230,29520622,1051113,90,Aduanas de Medellín,249,ESTADOS UNIDOS,1274396,656075.42,,,,656075.42,,,1,1,21.01,20170609,6027616525270,20170608,21536688,77,65784244,,,,20170615141406,22390623,10910094,71586157,0,,,900555885,1,1,1,7108120000,,,16820215,20.40,36623089,20.4,23020303,1,21.01,20.4,656075.42,AWB # 729-77790090,1,"Nombre Comercial:ORO , Otras características:BARRA DE ALEACION DE ORO Y PLATA; BARRA 20380 LEY ORO 0.8096 GRAMOS FINOS ORO 16500.62 LEY PLATA 0,1818 GRAMOS FINOS PLATA 3706.07; CON CONTRATO DE PARTICIPACION DE CUENTA SIN NUMERO DE FECHA 08 DE SEPTIEMBRE DE 2016 EMITIDO POR CONSEJO COMUNITARIO MAYOR DE ISTMINA Y MEDIO SAN JUAN COCOMIMSA; Y CONTRATO DE PARTIPACION SIN NUMERO DEL 17-02-2015 OTROSI No. DJ160215006 , Cantidad de unidades comerciales:20.40KILOS ",,,1071043,1081000,,,,,,,,70107
2017,1,6007619065421,0,,,,,METALES PROCESADOS INDUSTRIALES SAS,900605783,10910097,830045523,5,,,,,AGENCIA DE ADUANAS BLU LOGISTICS S A NIVEL 1,10922973,,,,,,ATOMIC GOLD INC,14 NE 1ST AVENUE SUITE 807 8TH FLOOR 33132,MIAMI,42223433,,,42323438,,201716577,,,42,1051065,1071043,169,1081010,30220635,30120632,23620388,CIF-MIAMI,1,50601.59,,33723811,,,2,2,2,23120230,29520622,1051065,3,Aduanas de Bogota - Aeropuerto El Dorado,249,ESTADOS UNIDOS,1274396,50173.32,236.00,192.27,,50601.59,,,1,1,4,20171018,6027622139661,20171017,23741943,78,79326271,,,,20171026094507,23888059,10910094,79472691,1,,,900605783,1,1,1,7108120000,,,16820215,0.17,36623087,1758,23020303,1,4,0.17,50173.32,,1,"Nombre Comercial:ORO , Otras características:una barra de oro con peso 1.758,00 gramos de ley 704 correspondiente a 1.237,88 gramos de oro puro ",,,1071043,1081010,,,,,,,,70107
2018,1,6007629302485,0,,,,,FUNDICION RAMIREZ ZONA FRANCA SAS,900479267,10910097,890313036,8,,,,,AGENCIA DE ADUANAS CONTINENTAL DE ADUANAS S.A.S. NIVEL 1,10910394,NO REGISTRA,,,,,"UNIVERSAL PRECIOUS METALS, INC","1315 NW, 98TH CT # 5 DORAL FLORIDA 33172","DORAL, FL",42223433,,,42323438,,ZFP1530,,,42,1051111,1071043,169,1081023,30220635,30120632,23620386,ALBONAR ,1,1358564.15,2893.82,33723811,,,2,2,2,23120230,29520622,1051111,88,Aduanas de Cali,249,ESTADOS UNIDOS,1283303,1358564.15,,,,1358564.15,,,1,8,43.99,20180530,6027632181734,20180530,18002715,79,31991614,,,,20180608190745,8952888,10910094,16493216,7,,,900479267,1,1,1,7108120000,,,16820215,36.92,36623087,32579.95,23020363,8,43.99,36.92,1358564.15,,1,"Nombre Comercial:ORO EN BARRAS , Otras características:NOS ACOGEMOS A RESOLUCION 058 DEL 2016. 8 BARRAS DE ORO CON GRAMOS NETOS TOTALES DE: 36.923,00 CON LEY PROMEDIO APROXIMADA 0,882375 PARA GRAMOS FINOS TOTALES DE: 32.579,95 Tula 1; Barra No: R-216 Gramos netos: 4.212,40 Ley: 0,830678 Peso en gramos finos: 3.499,15 // Tula 2; Barra No: R-217 Gramos netos: 2.819,70 Ley: 0,906185 Peso en gramos finos: 2.555,17 // Tula 3; Barra No: R-218 Gramos netos: 2.986,20 Ley: 0,963271 Peso en gramos finos: 2.876,52 // Tula 4; Barra No: R-219 Gramos netos: 8.644,50 Ley: 0,908947 Peso en gramos finos: 7.857,39 // Tula 5; Barra No: R-220 Gramos netos: 4.677,50 Ley: 0,830439 Peso en gramos finos: 3.884,38 // Tula 6; Barra No: R-221 Gramos netos: 4.585,90 Ley: 0,890192 Peso en gramos finos: 4.082,33 // Tula 7; Barra No: R-222 Gramos netos: 4.061,30 Ley: 0,862217 Peso en gramos finos: 3.501,72 // Tula 8; Barra No: R-223 Gramos netos: 4.935,50 Ley: 0,875958 Peso en gramos finos: 4.323,29 // , Cantidad de unidades comerciales:32.579,95 GRM FINOS/ 1.047,466577 ONZAS TROY ",,,1071043,1081023,,,,,,,,70107
2018,1,6007638543893,0,,,,,METALES PROCESADOS INDUSTRIALES SAS,900605783,10910097,830045523,5,,,,,AGENCIA DE ADUANAS BLU LOGISTICS S A NIVEL 1,10922973,,,,,,UNITED PRECIOUS METAL REFINING INC,2781 TOWNLINE ROAD ALDEN NY 14004,Alden,42223433,,,42323438,,1803873,,,42,1051065,1071043,169,1081010,30220635,30120632,23620388,Alden,1,100392,0.0,33723812,,,2,2,2,23120230,29520622,1051065,3,Aduanas de Bogota - Aeropuerto El Dorado,249,ESTADOS UNIDOS,1308741,99761,251,380,0.00,100392,,,1,1,5.5,20181218,6027640942939,20181214,104649588,78,9157516,,,,20181224113859,23888059,10910094,79472691,1,,,900605783,1,1,1,7108130000,,,16820215,2.5,36623087,2550.64,23020267,1,5.5,2.5,99761,METALES PROCESADOS INDUSTRIALES S.A.S,1,"Nombre Comercial:ORO , Otras características:una barra de oro con peso 2.550,64 gramos de ley 99.99% correspondiente a 2.550,64 gramos de oro puro ",,,1071043,1081010,,,,,,,,96819
2018,1,6007636473896,1,,,,,C.I SEASIF PACIFIC S.A.S.,900627644,10910097,890920609,1,,,,,AGENCIA DE ADUANAS CARLOS E. CAMPUZANO SAS NIVEL 1,10922973,,,,,,UNIVERSAL PRECIOUS METALS INC,"9550 NW 12 ST, BAY 10 DORAL, FL 33170",DORAL,42223433,,,42323438,,LL18XN001,,,42,1051111,1071043,169,1081023,30220635,30120632,23620384,AEROPUERTO ALFONSO BONILLA ARAGON,1,1296935.90,3193.8,33723811,,,2,2,2,23120230,29520622,1051111,88,Aduanas de Cali,249,ESTADOS UNIDOS,1283303,1296935.9,,,,1296935.9,,,2,2,41.679,20181102,6027638903343,20181102,8938764,79,16479084,,,,20181114154925,103259207,10910094,1017170869,4,,,900627644,2,2,2,7108120000,,,16820215,32.165,36623087,27697.68,23020284,,,32.17,1082238.96,,1,"Nombre Comercial:ORO CHATARRA , Otras características:1 BARRA DE ORO CHATARRA FUNDIDO(MOLTEN GOLD) CON LEY PROMEDIO DE 0,7227696 EQUIVALENTES A 3713.59 GRAMOS PUROS DE ORO,//TULA/SELLO:524/2457328//1 BARRA DE ORO CHATARRA FUNDIDO(MOLTEN GOLD) CON LEY PROMEDIO DE 0,7022309 EQUIVALENTES A 1800.52 GRAMOS PUROS DE ORO,//TULA/SELLO:520/2457326. , Cantidad de unidades comerciales:GRAMOS 5514.11 PUROS ORO CHATARRA ",,,1071043,1081023,,,,,,,,70107
2018,1,6007636473896,1,,,,,C.I SEASIF PACIFIC S.A.S.,900627644,10910097,890920609,1,,,,,AGENCIA DE ADUANAS CARLOS E. CAMPUZANO SAS NIVEL 1,10922973,,,,,,UNIVERSAL PRECIOUS METALS INC,"9550 NW 12 ST, BAY 10 DORAL, FL 33170",DORAL,42223433,,,42323438,,LL18XN001,,,42,1051111,1071043,169,1081023,30220635,30120632,23620384,AEROPUERTO ALFONSO BONILLA ARAGON,1,1296935.90,3193.8,33723811,,,2,2,2,23120230,29520622,1051111,88,Aduanas de Cali,249,ESTADOS UNIDOS,1283303,1296935.9,,,,1296935.9,,,2,2,41.679,20181102,6027638903343,20181102,8938764,79,16479084,,,,20181114154925,103259207,10910094,1017170869,4,,,900627644,2,2,2,7108120000,,,16820215,32.165,36623087,27697.68,23020284,,,32.17,1082238.96,,2,"Nombre Comercial:ORO MINA , Otras características:ORO MINA,1 BARRA DE ORO MINA (MOLTEN GOLD) CON LEY PROMEDIO DE 0,8992987 EQUIVALENTES A 6834.67 GRAMOS PUROS DE ORO//TULA/SELLO:522/2457330//1 BARRA DE ORO MINA (MOLTEN GOLD) CON LEY PROMEDIO DE 0.8122110 EQUIVALENTES A 6274.33 GRAMOS PUROS DE ORO//TULA/SELLO:523/2457329// 1 BARRA DE ORO MINA (MOLTEN GOLD) CON LEY PROMEDIO DE 0.9118863 EQUIVALENTES A 5486.82 GRAMOS PUROS DE ORO//TULA/SELLO:525/2457327//1 BARRA DE ORO MINA (MOLTEN GOLD) CON LEY PROMEDIO DE 0.8004822 EQUIVALENTES A 2606.37 GRAMOS PUROS DE ORO//TULA/SELLO:519/2457325// 1 BARRA DE ORO MINA (MOLTEN GOLD) CON LEY PROMEDIO DE 0.8583970 EQUIVALENTES A 6495.49 GRAMOS PUROS DE ORO//TULA/SELLO:540/2457323. , Cantidad de unidades comerciales:GRAMOS 27697.68 PUROS ",,,1071043,1081023,,,,,,,,70107
2018,1,6007636069692,2,,,,,LATRANS GRUPO LOGISTICO S.A.S.,900887637,10910097,806009065,3,,,,,AGENCIA DE ADUANAS A.D IMPOREXPORT ASESORES S.A.S NIVEL 1,10910097,901071466,,,,,SANCUS ZFS SAS,ZF SANTANDER ED SUHE OF 201,Floridablanca,42223433,,,42323438,,,,,42,1051066,1071043,169,1081020,30220635,30120632,23620384,ZONA FRANCA SANTANDER,1,755040.00,,33723812,,,,2,2,,29520622,1051066,4,Impuestos y Aduanas de Bucaramanga,169,COLOMBIA,857,755040,,,,755040,,,1,1,23.846,20181029,6027638655921,20181029,8063156,75,13831072,,,,20181122091424,23311731,10910094,77020433,1,,,900887637,1,1,1,7108120000,,,16820215,19.5,36623089,23.493,23020303,1,23.85,19.5,755040,LATRANS,1,"Nombre Comercial:ORO DE MINA , Otras características:ORO DE MINA POR 23.493,98 GR EN BRUTO LEY 830 , Cantidad de unidades comerciales:23.493 ",,,1071043,1081020,,,,,,,,70107
2018,1,6007638020081,4,,,,,MITAYOS ZONA FRANCA S.A.S,901109330,10910097,830116195,8,,,,,AGENCIA DE ADUANAS CS S A S NIVEL 2,10922973,,,,,,XQUADRA USA INC,9050 PINES BLVD SUITE 430 PEMBROKE PINES FL 33024,DORAL,42223433,,,42323438,,,,,42,1051113,1071043,169,1081000,30220635,30120632,23620395,DORAL,1,464432.67,,33723811,,,2,2,2,23120230,29520622,1051113,90,Aduanas de Medellín,249,ESTADOS UNIDOS,1274396,462218.34,2025.00,69.33,120.00,464432.67,,,1,1,14.42,20181206,6027640408144,20181206,107262447,78,42879586,,,,20181212102348,22390623,10910094,71586157,0,,,901109330,1,1,1,7108120000,,,16820215,13.82,36623087,13719.27,23020363,1,14.42,13.82,462218.34,AWB # 001-56296365,1,"Nombre Comercial:ORO , Otras características:ORO EN BARRA, BARRA 1 LEY ORO 0.8237 GRAMOS FINOS DE ORO 6398.69 LEY PLATA 0.169 GRAMOS FINOS DE PLATA 1311.38; BARRA 2 LEY ORO 0.8821 GRAMOS FINOS DE ORO 5343.68 LEY PLATA 0.110 GRAMOS FINOS DE PLATA 665.52; MERCANCIA COMPRADA CON FACTURA No. 0084-0085-0086 DEL 29-11-2018 EMITIDO POR COLOMBIAN GOLD TRADING COMPANY S.A.S. , Cantidad de unidades comerciales:13825.90 GRAMOS ",,,1071043,1081000,,,,,,,,70107
2018,1,6007634885660,1,,,,,APROVECHAMIENTOS INDUSTRIALES DE LA COSTA S.A.S,901175053,10910097,800045556,9,,,,,AGENCIA DE ADUANAS SERVICIOS INTEGRALES DE COMERCIO EXTERIO,10922973,,,,,,GOLD AMERICA S.A.,CALLE 14 No. ROOSEVELT Y CALLE C ZONA LIBRE COLON,PANAMA,42223433,,,42323438,,,,,47,1051110,1071043,169,1081001,30220635,30120632,,,1,174018.80,,,,,1,2,2,23120230,29520622,1051110,87,Aduanas de Barranquilla,580,PANAMA,1263449,174018.8,,,,174018.8,,,1,1,6340,20180927,6027637341973,20180926,28897903,79,42497936,,,,20181018083829,25456049,10910094,91476808,8,,,901175053,1,1,1,7108120000,,,16820215,6280,36623087,6.28,23020284,1,6340,6280,174018.8,GOLD AMERICA S.A,1,"Nombre Comercial:ORO EN DESUSO , Otras características:ORO CHATARRA (METAL) , Cantidad de unidades comerciales:6.280 GRS ",35322972,1,1071043,1081001,,,,,,,,70107
2019,1,6007646390078,7,,,,,MINEROS S.A,890914525,10910097,830002571,4,,,,,AGENCIA DE ADUANAS AVIATUR S A NIVEL 1.,10922973,,,,,,ARGOR - HERAEUS SA,VIA MOREE 14 CH6850 CH-6850 MENDRISIO,MENDRISIO,42223433,,,42323438,,21399390,,,42,1051113,1071043,169,1081000,30220635,30120632,23620384,APTO JMC RIONEGRO,1,3821978.840000,,33723811,,,2,2,2,23120230,29520622,1051113,90,Aduanas de Medellín,767,SUIZA,1237609,3821978.84,,,,3821978.84,,,1,11,152.3,20190607,6027645494116,20190606,22539406,77,71734946,,,,20190621170427,29460969,10910094,43576612,6,,,890914525,1,1,1,7108130000,,,16820215,144.940000,36623087,140275.15,23020262,11,152.3,144.94,3821978.84,ARGOR HERAEUS SA,1,"Nombre Comercial:DO 23582 // ONCE BARRAS DE ALEACION DE ORO PLATA , Otras características:FACTURA 10-133: BARRA 4493 SON 20111.26 GRAMOS FINOS DE ORO LEY 894.86 Y 1993.69 GRAMOS FINOS DE PLATA LEY 88.71 / BARRA 4494 SON 18385.40 GRAMOS FINOS DE ORO LEY 890.99 Y 1848.47 GRAMOS FINOS DE PLATA LEY 89.58 / BARRA 4495 SON 23724.52 GRAMOS FINOS DE ORO LEY 890.57 Y 2407.43 GRAMOS FINOS DE PLATA LEY 90.37 // FACTURA 10-134: BARRA 4496 SON 6250.63 GRAMOS FINOS DE ORO LEY 911.25 Y 541.82 GRAMOS FINOS DE PLATA LEY 78.99 // FACTURA 10-135: BARRA 1501 SON 6880.49 GRAMOS FINOS DE ORO LEY 367.95 Y 10854.96 GRAMOS FINOS DE PLATA LEY 580.49 / BARRA 1502 SON 2986.28 GRAMOS FINOS DE ORO LEY 367.66 Y 4735.99 GRAMOS FINOS DE PLATA LEY 583.07 / BARRA 1503 SON 822.07 GRAMOS FINOS DE ORO LEY 367.92 Y 1295.96 GRAMOS FINOS DE PLATA LEY 580.00 / BARRA 1504 SON 840.03 GRAMOS FINOS DE ORO LEY 364.74 Y 1324.45 GRAMOS FINOS DE PLATA LEY 575.07 / BARRA 1505 SON 5546.07 GRAMOS FINOS DE ORO LEY 293.91 Y 12470.83 GRAMOS FINOS DE PLATA LEY 660.89 / BARRA 1506 SON 1776.55 GRAMOS FINOS DE ORO LEY 293.22 Y 4003.66 GRAMOS FINOS DE PLATA LEY 660.81 / BARRA 1507 SON 4197.20 GRAMOS FINOS DE ORO LEY 348.46 Y 7277.41 GRAMOS FINOS DE PLATA LEY 604.18 // NOS ACOGEMOS AL MEMORANDO 000078 DEL 01 DE MARZO DE 2013, MERCANCIA VENDIDA BANK OF NOVA SCOTIA SCOTIABANK / 44 KING STREET WEST TORONTO Y DESPACHADA A ARGOR HERAEUS S.A / ",,,1071043,1081000,,,,,,,,96819
2019,1,6007648379721,0,,,,,COMERCIALIZADORA INTERNACIONAL DE METALES PRECIOSOS DE COLOMBIA S.A.,900118612,10910097,900908875,0,,,,,AGENCIA DE ADUANAS ASL NIVEL 2 SAS,10922973,,,,,,METALOR USA REFINING CORPORATION,"255 JOHN L, DIETSH BOULEVARD NORTH ATTLEBORO MA",BOSTON,42223433,,,42323438,,,,,42,1051113,1071043,169,1081000,30220635,30120632,23620384,AEROPUERTO JOSE MARIA CORDOBA,1,1506565.032,,33723811,,,2,2,2,23120230,29520622,1051113,90,Aduanas de Medellín,249,ESTADOS UNIDOS,1269680,1506565.032,,,,1506565.032,,,1,3,44.18,20190719,6027650009120,20190718,107262447,78,32241568,,,,20190726083628,22390623,10910094,71586157,0,,,900118612,1,1,1,7108120000,,,16820215,38.45,36623087,38452.4,23020303,3,44.18,38.45,1506565.03,AWB # 001-21351035,1,"Nombre Comercial:ORO , Otras características:ORO EN BARRA, BARRA 723-01 LEY ORO 0,903 GRAMOS FINOS DE ORO 12099.14; BARRA 723-02 LEY ORO 0,913 GRAMOS FINOS DE ORO 11045.02; BARRA 723-03 LEY ORO 0,942 GRAMOS FINOS DE ORO 12202.54; CP No. 0006401032815998; 0006401032816008; 0006401032816015; 0006401032816022; 0006401032816031; 0006401032851607; 0006401032851614; 0006401032895582; 0006401032895591; 0006401032895622; 0006401032895647; 0006401032895661; 0006401032895686; 0006401032895693; 0006401032895701; 0006401032957766; 0006401032957759; 0006401033122697; , Cantidad de unidades comerciales:38.45 KILOS ",,,1071043,1081000,,,,,,,,70107
2019,2,6007643754599,3,,,,,INVERSIONES WGM S.A.S,900466237,10910097,830116195,8,,,,,AGENCIA DE ADUANAS CS S A S NIVEL 2,10922973,,,,,,REFINE MAX INC.,"30 WEST 47TH STREET LOBBY REAR NEW YORK, NY 10036",NEW YORK-EEUU,42223433,6007643645772,41529348,42323441,Circunstanciasexcepcionales,,,,42,1051113,1071043,169,1081000,30220635,30120632,23620384,AEROPUERTO JOSE MARIA CORDOBA,1,538100.00,,33723811,,,2,2,2,23120230,29520622,1051113,90,Aduanas de Medellín,249,ESTADOS UNIDOS,1274396,538100,,,,538100,,,1,1,13.87,20190411,6027645810060,20190410,,,,,,,20190415114215,,,,,,,900466237,1,1,1,7108120000,,,16820215,13.21,36623087,13182.27,23020303,1,13.87,13.21,538100,AWB # 001-59609115,1,"Nombre Comercial:ORO , Otras características:BARRA DE ALEACION DE ORO Y PLATA, BARRA OPM-267 LEY ORO 99.72% GRAMOS FINOS ORO 3505.96 LEY PLATA 0.28% GRAMOS FINOS DE PLATA 9.98; BARRA OPM-268 LEY ORO 99.78% GRAMOS FINOS ORO 2851.51 LEY PLATA 0.22% GRAMOS FINOS DE PLATA 6.40; BARRA OPM-269 LEY ORO 99.73% GRAMOS FINOS ORO 2734.50 LEY PLATA 0.27% GRAMOS FINOS DE PLATA 7.43; BARRA OPM-270 LEY ORO 99.71% GRAMOS FINOS ORO 4090.30 LEY PLATA 0.29% GRAMOS FINOS DE PLATA 12.02; CON CONTRATO DE OPERACION MINERA PARA LA EXPLOTACION SIN NUMERO DE FECHA 07-07-2017 EMITIDO GEOMESSA SAS; , Cantidad de unidades comerciales:13182.27 GRAMOS FINOS ",,,1071043,1081000,,,,,,,,70107
2019,3,6007643754796,3,,,,,INVERSIONES WGM S.A.S,900466237,10910097,830116195,8,,,,,AGENCIA DE ADUANAS CS S A S NIVEL 2,10922973,,,,,,REFINE MAX INC.,"30 WEST 47TH STREET LOBBY REAR NEW YORK, NY 10036",NEW YORK-EEUU,42223433,6007643645781,41529348,42323441,Circunstanciasexcepcionales,,,,42,1051113,1071043,169,1081000,30220635,30120632,23620384,AEROPUERTO JOSE MARIA CORDOBA,1,316129.00,,33723811,,,2,2,2,23120230,29520622,1051113,90,Aduanas de Medellín,249,ESTADOS UNIDOS,1274396,316129,,,,316129,,,1,1,9.04,20190411,6027645810268,20190410,,,,,6007643754764,,20190415115102,22390623,10910094,71586157,0,,,900466237,1,1,1,7108120000,,,16820215,8.37,36623087,7744.46,23020303,1,9.04,8.37,316129,AWB # 001-59609115,1,"Nombre Comercial:ORO , Otras características:BARRA DE ALEACION DE ORO Y PLATA, BARRA OPM-271 LEY ORO 92.60% GRAMOS FINOS ORO 2112.85 LEY PLATA 6.28% GRAMOS FINOS DE PLATA 143.29; BARRA OPM-272 LEY ORO 92.61% GRAMOS FINOS ORO 2916.47 LEY PLATA 6.46% GRAMOS FINOS DE PLATA 203.44; BARRA OPM-273 LEY ORO 92.12% GRAMOS FINOS ORO 2715.14 LEY PLATA 6.73% GRAMOS FINOS DE PLATA 198.36; CON CONTRATO DE OPERACION MINERA PARA LA EXPLOTACION SIN NUMERO DE FECHA 07-07-2017 EMITIDO POR JAVIER PINEDA LOPEZ; , Cantidad de unidades comerciales:7744.46 GRAMOS FINOS ",,,1071043,1081000,,,,,,,,70107
2019,5,6007655608409,1,,,,,COMPRAVENTA EL PRIMO REMEDIOS S.A.S,900564754,10910097,900908875,0,,,,,AGENCIA DE ADUANAS ASL NIVEL 2 SAS,10910097,901109330,,,,,MITAYOS ZONA FRANCA S.A.S,ZF INTERNACIONAL VALLE DE ABURRA ZOFIVA CARR YE DE PRIMAVERA VIA A BOLOMBOLO,Caldas,42223433,,,42323438,,,,,42,1051113,1071043,169,1081000,30220635,30120632,23620384,ZONA FRANCA RIONEGRO,1,152273.32,,33723811,,,2,2,2,,29520622,1051113,90,Aduanas de Medellín,169,COLOMBIA,,152273.32,,,,152273.32,,,1,1,5.460000,20191224,6027656820344,20191212,,,,,,,20191224145653,22390623,10910094,71586157,0,,,900564754,1,1,1,7108120000,,,16820215,4.86,36623087,4821.73,23020303,1,5.46,4.86,152273.32,MITAYOS,1,"Nombre Comercial:ORO , Otras características:BARRA DE ALEACION DE ORO Y PLATA; BARRA 1 LEY ORO 74,24% GRAMOS FINOS DE ORO 1803,12 LEY PLATA 24,91 % GRAMOS FINOS DE PLATA 604,99; BARRA 2 LEY ORO 69,04% GRAMOS FINOS DE ORO 1682,35 LEY PLATA 30,01 % GRAMOS FINOS DE PLATA 731,28; NOS ACOGEMOS A LA CIRCULAR REGLAMENTARIA EXTERNA BANCO REPUBLICA # 83 NUMERAL 9 LITERAL ""J"" DEL 2011, , Cantidad de unidades comerciales:4.86 KILOS ",,,1071043,1081000,,,,,,,,70107
2019,1,6007643533636,1,,,,,C.I SEASIF PACIFIC S.A.S.,900627644,10910097,890920609,1,,,,,AGENCIA DE ADUANAS CARLOS E. CAMPUZANO SAS NIVEL 1,10922973,,,,,,UNIVERSAL PRECIOUS METALS INC,"9550 NW 12 ST, BAY 10 DORAL, FL 33170",DORAL,42223433,,,42323438,, LL19XA002,,,42,1051111,1071043,169,1081023,30220635,30120632,23620384,AEROPUERTO ALFONSO BONILLA ARAGON,1,776190.99,3115.22,33723811,,,2,2,2,23120230,29520622,1051111,88,Aduanas de Cali,249,ESTADOS UNIDOS,1283303,776190.99,,,,776190.99,,,2,2,26.75,20190409,6027645786313,20190408,9043595,80,16637233,,,,20190502111914,29395027,10910094,43510665,2,,,900627644,1,2,1,7108120000,,,16820215,11.19,36623087,9488.15,23020284,2,26.75,11.19,394699.13,,2,"Nombre Comercial:ORO CHATARRA , Otras características:1 BARRA DE ORO CHATARRA FINDIDO (MOLTEN GOLD) CON LEY PROMEDIO DE 0,6936814, EQUIVALENTES A 3335.22 GRAMOS PUROS DE ORO,//TULA/SELLO:69/1801306// 1 BARRA DE ORO CHATARRA FUNDIDO(MOLTEN GOLD) CON LEY PROMEDIO DE 0,6620693, EQUIVALENTES A 5922,21 GRAMOS PUROS DE ORO,//TULA/SELLO:70/1801305. , Cantidad de unidades comerciales:GRAMOS 9257.43 PUROS ORO CHATARRA ",,,1071043,1081023,,,,,,,,70107
2019,1,6007643533636,1,,,,,C.I SEASIF PACIFIC S.A.S.,900627644,10910097,890920609,1,,,,,AGENCIA DE ADUANAS CARLOS E. CAMPUZANO SAS NIVEL 1,10922973,,,,,,UNIVERSAL PRECIOUS METALS INC,"9550 NW 12 ST, BAY 10 DORAL, FL 33170",DORAL,42223433,,,42323438,, LL19XA002,,,42,1051111,1071043,169,1081023,30220635,30120632,23620384,AEROPUERTO ALFONSO BONILLA ARAGON,1,776190.99,3115.22,33723811,,,2,2,2,23120230,29520622,1051111,88,Aduanas de Cali,249,ESTADOS UNIDOS,1283303,776190.99,,,,776190.99,,,2,2,26.75,20190409,6027645786313,20190408,9043595,80,16637233,,,,20190502111914,29395027,10910094,43510665,2,,,900627644,1,2,1,7108120000,,,16820215,11.19,36623087,9488.15,23020284,2,26.75,11.19,394699.13,,1,"Nombre Comercial:ORO MINA , Otras características:ORO MINA,1 BARRA DE ORO MINA (MOLTEN GOLD) CON LEY PROMEDIO DE 0,8741088 EQUIVALENTES A 4899.38 GRAMOS PUROS DE ORO// TULA /SELLO:68/ 1801307 //ORO MINA,1 BARRA DE ORO MINA (MOLTEN GOLD) CON LEY PROMEDIO DE 0,8220656 EQUIVALENTES A 4588.77 GRAMOS PUROS DE ORO// TULA /SELLO:67/1801308 , Cantidad de unidades comerciales:GRAMOS 9488.15 PUROS ",,,1071043,1081023,,,,,,,,70107
2019,1,6007649329235,7,,,,,INVERSIONES GOMEZ DEL CAUCA S.A.S,901124047,10910097,890313036,8,,,,,AGENCIA DE ADUANAS CONTINENTAL DE ADUANAS S.A.S. NIVEL 1,10910097,900479267,,,,,FUNDICION RAMIREZ ZONA FRANCA SAS,ZF PALMASECA BG A 5 B,Palmira,42223433,,,42323438,,ZFP-3079,,,42,1051111,1071043,169,1081023,30220635,30120632,23620386,ZONA FRANCA PALMASECA,31,158901768.00,3329.23,33723811,,,,2,2,,29520622,1051111,88,Aduanas de Cali,169,COLOMBIA,357,47729.29,,,,47729.29,,,1,1,1.20,20190813,6027651358851,20190812,7613314,78,12647656,,,,20190827104630,17556019,10910094,31167540,6,,,901124047,1,1,1,7108120000,,,16820215,1.15,36623087,1067.96,23020363,1,1.2,1.15,47729.29,,1,"Nombre Comercial:GRAMOS DE ORO FINO , Otras características:Nos acogemos acogemos a la Resolución N°. 58 del 28 de Julio de 2.016 // GRAMOS DE ORO FINO PARA USO NO MONETARIO: Con la siguiente factura: FACTURA No. 38 TULA: BB 1902430; CON UN TOTAL DE 2 BARRAS DISCRIMINADAS CONFORME A BOLETIN DE ANALISIS Y LISTA DE EMPAQUE ASI: BARRA 1 //Gramos netos: 576,45 Ley: 0,9550 para: 550,51 gramos finos// BARRA 2 //Gramos netos: 569,25 Ley: 0,9090 para: 517,45 gramos finos// , Cantidad de unidades comerciales:1.067,96 GRAMOS FINOS DE ORO ",,,1071043,1081000,,,,,,,,70107
2020,5,6007665678450,3,OLMOS,COCHERO,FRANK,CARLOS,,1017153082,10910097,890313036,8,,,,,AGENCIA DE ADUANAS CONTINENTAL DE ADUANAS S.A.S. NIVEL 1,10910097,900479267,,,,,FUNDICION RAMIREZ ZONA FRANCA SAS,ZF PALMASECA BG A 5 B,Palmira,42223433,,,42323438,,ZFP4757,,,42,1051111,1071043,169,1081023,30220635,30120632,23620386,ZONA FRANCA PALMASECA ,31,676858486.77,3775.95,33723811,,,,2,2,,29520622,1051111,88,Aduanas de Cali,169,COLOMBIA,,179255.15,,,,179255.15,,,1,2,3.85,20200903,6027665899717,20200810,,,,,,,20200903095704,17556019,10910094,31167540,6,,,1017153082,1,1,1,7108120000,,,16820215,3.38,36623087,3087.5,23020363,2,3.85,3.38,179255.15,,1,"Nombre Comercial:GRAMOS FINOS DE ORO , Otras características:GRAMOS DE ORO FINO PARA USO NO MONETARIO CON LAS SIGUIENTES BARRAS DISCRIMINADAS CONFORME A FACTURA Y BOLETIN DE ANALISIS. FACTURA: FE-24 BARRA 1 //Gramos netos: 2.817,98 Ley: 0,918995 para: 2589,71 gramos finos// FACTURA: FE-25 BARRA 1 //Gramos netos: 557,42 Ley: 0,893025 para: 497,79 gramos finos// , Cantidad de unidades comerciales:3087.5 GRAMOS FINOS DE ORO ",,,1071043,1081000,,,,,,,,70107
2020,5,6007667894491,1,ACEVEDO,JARAMILLO,VIDERMAN,DE JESUS,,15536536,10910097,900908875,0,,,,,AGENCIA DE ADUANAS ASL NIVEL 2 SAS,10910097,901180357,,,,,OSPREY METALS S.A.S.,ZF RIONEGRO,Rionegro,42223433,,,42323438,,,,,42,1051113,1071043,169,1081000,30220635,30120632,23620384,ZONA FRANCA RIONEGRO,1,328798.1,,33723811,,,2,2,2,,29520622,1051113,90,Aduanas de Medellín,169,COLOMBIA,,328798.1,,,,328798.1,,,1,2,6.690000,20201022,6027668703474,20201016,,,,,,,20201022120418,22390623,10910094,71586157,0,,,15536536,1,1,1,7108120000,,,16820215,6.07,36623087,6020.49,23020303,2,6.69,6.07,328798.1,OSPREY,1,"Nombre Comercial:ORO , Otras características:BARRA DE ALEACION DE ORO Y PLATA; BARRA VID-058 LEY ORO 88,71% GRAMOS FINOS DE ORO 1729,73 LEY PLATA 11,29% GRAMOS FINOS DE PLATA 220,07; BARRA VID-059 LEY ORO 89,92% GRAMOS FINOS DE ORO 1365,99 LEY PLATA 7,9% GRAMOS FINOS DE PLATA 119,95; BARRA VID-060 LEY ORO 96,49% GRAMOS FINOS DE ORO 1632,95 LEY PLATA 2,6% GRAMOS FINOS DE PLATA 44,01; BARRA VID-061 LEY ORO 99,78% GRAMOS FINOS DE ORO 906,93 LEY PLATA 0,09% GRAMOS FINOS DE PLATA 0,86; GRAMOS FINOS DE ORO DECLARADOS 5635,6; GRAMOS FINOS DE PLATA DECLARADOS 384,89; GRAMOS NETOS DECLARADOS 6070,3; NOS ACOGEMOS A LA CIRCULAR REGLAMENTARIA EXTERNA BANCO REPUBLICA # 83 NUMERAL 9 LITERAL ""J"" DEL 2011, , Cantidad de unidades comerciales:5635.6 GRAMOS FINOS ",,,1071043,1081000,,,,,,,,70107
2020,5,6007670166153,4,CARVAJAL,RAMIREZ,ANTONIO,JOSE,,71388802,10910097,890313036,8,,,,,AGENCIA DE ADUANAS CONTINENTAL DE ADUANAS S.A.S. NIVEL 1,10910097,900479267,,,,,FUNDICION RAMIREZ ZONA FRANCA SAS,ZF PALMASECA BG A 5 B,Palmira,42223433,,,42323438,,ZFP-5319,,,42,1051111,1071043,169,1081023,30220635,30120632,23620386,ZONA FRANCA PALMASECA,31,213565191.84,3646.22,33723811,,,,2,2,,29520622,1051111,88,Aduanas de Cali,169,COLOMBIA,,58571.67,,,,58571.67,,,1,1,1.320000,20201209,6027670136287,20201118,,,,,,,20201209173120,17556019,10910094,31167540,6,,,71388802,1,1,1,7108120000,,,16820215,1.13,36623087,1025.73,23020363,1,1.32,1.13,58571.67,,1,"Nombre Comercial:GRAMOS DE ORO FINO , Otras características:GRAMOS DE ORO FINO PARA USO NO MONETARIO CON LAS SIGUIENTES BARRAS DISCRIMINADAS CONFORME A FACTURA Y BOLETIN DE ANALISIS. FACTURA: ALIA-52 BARRA 1//Gramos netos: 1.130,90 Ley: 0,907000 para: 1025,73 gramos finos// , Cantidad de unidades comerciales:1025.73 GRAMOS FINOS DE ORO ",,,1071043,1081000,,,,,,,,70107
2020,1,6007659241333,3,,,,,COMERCIALIZADORA INTERNACIONAL DE METALES PRECIOSOS Y METALES COMUNES INVERSIONES GENERALES S.A.S CIIGSA,811009244,10910097,830002571,4,,,,,AGENCIA DE ADUANAS AVIATUR S A NIVEL 1.,10910097,,,,,,SUN VALLEY COMPANY DMCCC,381 DMCC BUSINESS CENTRE,DUBAI,42223433,,,42323438,,22822570,,,42,1051113,1071043,169,1081000,30220635,30120632,23620384,APTO JMC RIONEGRO,1,947032.920000,,33723812,,,2,2,2,23120230,29520622,1051113,90,Aduanas de Medellín,244,EMIRATOS ARABES UNID,1231363,947032.92,,,,947032.92,,,2,2,22.9,20200310,6027660697243,20200309,35899141,78,1037579973,,,,20200313155205,29460969,10910094,43576612,6,,,811009244,1,2,1,7108120000,,,16820215,10.070000,36623087,9931.65,23020262,2,22.9,10.07,458741.41,SUN VALLEY COMPANY DMCCC,1,"Nombre Comercial:DO 10766 // UNA BARRA DE ALEACION ORO PLATA , Otras características:FACTURA FE3142 // BARRA IG-197 SON 9195.29 GRAMOS FINOS DE ORO LEY 912.890 Y 736.36 GRAMOS FINOS DE PLATA LEY 73.110 // APROBADO ANMEMP 20200306-0798 FE 06/03/2020 FV 06/04/2020 , Cantidad de unidades comerciales:9931.65 GRS ",,,1071043,1081000,,,,,,,,70107
2020,1,6007659241333,3,,,,,COMERCIALIZADORA INTERNACIONAL DE METALES PRECIOSOS Y METALES COMUNES INVERSIONES GENERALES S.A.S CIIGSA,811009244,10910097,830002571,4,,,,,AGENCIA DE ADUANAS AVIATUR S A NIVEL 1.,10910097,,,,,,SUN VALLEY COMPANY DMCCC,381 DMCC BUSINESS CENTRE,DUBAI,42223433,,,42323438,,22822570,,,42,1051113,1071043,169,1081000,30220635,30120632,23620384,APTO JMC RIONEGRO,1,947032.920000,,33723812,,,2,2,2,23120230,29520622,1051113,90,Aduanas de Medellín,244,EMIRATOS ARABES UNID,1231363,947032.92,,,,947032.92,,,2,2,22.9,20200310,6027660697243,20200309,35899141,78,1037579973,,,,20200313155205,29460969,10910094,43576612,6,,,811009244,1,2,1,7108120000,,,16820215,10.070000,36623087,9931.65,23020262,2,22.9,10.07,458741.41,SUN VALLEY COMPANY DMCCC,2,"Nombre Comercial:UNA BARRA DE ALEACION ORO PLATA , Otras características:FACTURA FE3143 // BARRA IG-198 SON 9778.30 GRAMOS FINOS DE ORO LEY 844.400 Y 1639.79 GRAMOS FINOS DE PLATA LEY 141.600 // APROBADO ANMEMP 20200306-0799 FE 06/03/2020 FV 06/04/2020 // GUIA AEREA 729-61629212 , Cantidad de unidades comerciales:11418.09 GRS ",,,1071043,1081000,,,,,,,,70107
2020,1,6007659241333,3,,,,,COMERCIALIZADORA INTERNACIONAL DE METALES PRECIOSOS Y METALES COMUNES INVERSIONES GENERALES S.A.S CIIGSA,811009244,10910097,830002571,4,,,,,AGENCIA DE ADUANAS AVIATUR S A NIVEL 1.,10910097,,,,,,SUN VALLEY COMPANY DMCCC,381 DMCC BUSINESS CENTRE,DUBAI,42223433,,,42323438,,22822570,,,42,1051113,1071043,169,1081000,30220635,30120632,23620384,APTO JMC RIONEGRO,1,947032.920000,,33723812,,,2,2,2,23120230,29520622,1051113,90,Aduanas de Medellín,244,EMIRATOS ARABES UNID,1231363,947032.92,,,,947032.92,,,2,2,22.9,20200310,6027660697243,20200309,35899141,78,1037579973,,,,20200313155205,29460969,10910094,43576612,6,,,811009244,2,2,2,7108120000,,,16820215,11.580000,36623087,11418.09,,,,11.58,488291.51,SUN VALLEY COMPANY DMCCC,1,"Nombre Comercial:DO 10766 // UNA BARRA DE ALEACION ORO PLATA , Otras características:FACTURA FE3142 // BARRA IG-197 SON 9195.29 GRAMOS FINOS DE ORO LEY 912.890 Y 736.36 GRAMOS FINOS DE PLATA LEY 73.110 // APROBADO ANMEMP 20200306-0798 FE 06/03/2020 FV 06/04/2020 , Cantidad de unidades comerciales:9931.65 GRS ",,,1071043,1081000,,,,,,,,70107
2020,1,6007659241333,3,,,,,COMERCIALIZADORA INTERNACIONAL DE METALES PRECIOSOS Y METALES COMUNES INVERSIONES GENERALES S.A.S CIIGSA,811009244,10910097,830002571,4,,,,,AGENCIA DE ADUANAS AVIATUR S A NIVEL 1.,10910097,,,,,,SUN VALLEY COMPANY DMCCC,381 DMCC BUSINESS CENTRE,DUBAI,42223433,,,42323438,,22822570,,,42,1051113,1071043,169,1081000,30220635,30120632,23620384,APTO JMC RIONEGRO,1,947032.920000,,33723812,,,2,2,2,23120230,29520622,1051113,90,Aduanas de Medellín,244,EMIRATOS ARABES UNID,1231363,947032.92,,,,947032.92,,,2,2,22.9,20200310,6027660697243,20200309,35899141,78,1037579973,,,,20200313155205,29460969,10910094,43576612,6,,,811009244,2,2,2,7108120000,,,16820215,11.580000,36623087,11418.09,,,,11.58,488291.51,SUN VALLEY COMPANY DMCCC,2,"Nombre Comercial:UNA BARRA DE ALEACION ORO PLATA , Otras características:FACTURA FE3143 // BARRA IG-198 SON 9778.30 GRAMOS FINOS DE ORO LEY 844.400 Y 1639.79 GRAMOS FINOS DE PLATA LEY 141.600 // APROBADO ANMEMP 20200306-0799 FE 06/03/2020 FV 06/04/2020 // GUIA AEREA 729-61629212 , Cantidad de unidades comerciales:11418.09 GRS ",,,1071043,1081000,,,,,,,,70107
2020,1,6007665501751,3,,,,,COMERCIALIZADORA INTERNACIONAL DE METALES PRECIOSOS Y METALES COMUNES INVERSIONES GENERALES S.A.S CIIGSA,811009244,10910097,830002571,4,,,,,AGENCIA DE ADUANAS AVIATUR S A NIVEL 1.,10910097,,,,,,SUN VALLEY COMPANY DMCCC,381 DMCC BUSINESS CENTRE LEVEL NO 5 JEWEL,DUBAI,42223433,,,42323438,,23407501,,,42,1051113,1071043,169,1081000,30220635,30120632,23620384,APTO JMC RIONEGRO,1,1585173.520000,,33723812,,,2,2,2,23120230,29520622,1051113,90,Aduanas de Medellín,244,EMIRATOS ARABES UNID,1231363,1585173.52,,,,1585173.52,,,4,4,31.02,20200828,6027666453551,20200827,22606550,77,71825760,,,,20200831084721,29460969,10910094,43576612,6,,,811009244,1,4,2,7108120000,,,16820215,5.130000,36623087,5083.45,,,,5.13,266253.95,SUN VALLEY COMPANY DMCCC,4,"Nombre Comercial:DO 28443// UNA BARRA DE ALEACION ORO PLATA , Otras características:PROVENIENTE DE JOYERIA EN DESUSO / FACTURA FE3296 // BARRA IG-329 SON 4720.14 GRAMOS FINOS DE ORO LEY 817,71 Y 994.53 GRAMOS FINOS DE PLATA LEY 172,29 // APROBADO ANM-EMP-20200826-3334 FE 26/08/2020 FV 24/10/2020 , Cantidad de unidades comerciales:5714.67 GRS ",,,1071043,1081000,,,,,,,,70107
2020,1,6007665501751,3,,,,,COMERCIALIZADORA INTERNACIONAL DE METALES PRECIOSOS Y METALES COMUNES INVERSIONES GENERALES S.A.S CIIGSA,811009244,10910097,830002571,4,,,,,AGENCIA DE ADUANAS AVIATUR S A NIVEL 1.,10910097,,,,,,SUN VALLEY COMPANY DMCCC,381 DMCC BUSINESS CENTRE LEVEL NO 5 JEWEL,DUBAI,42223433,,,42323438,,23407501,,,42,1051113,1071043,169,1081000,30220635,30120632,23620384,APTO JMC RIONEGRO,1,1585173.520000,,33723812,,,2,2,2,23120230,29520622,1051113,90,Aduanas de Medellín,244,EMIRATOS ARABES UNID,1231363,1585173.52,,,,1585173.52,,,4,4,31.02,20200828,6027666453551,20200827,22606550,77,71825760,,,,20200831084721,29460969,10910094,43576612,6,,,811009244,1,4,2,7108120000,,,16820215,5.130000,36623087,5083.45,,,,5.13,266253.95,SUN VALLEY COMPANY DMCCC,3,"Nombre Comercial:UNA BARRA DE ALEACION ORO PLATA , Otras características:FACTURA FE 3301 // BARRA IG-332 SON 11635,21 GRAMOS FINOS DE ORO LEY 928,33 Y 773 GRAMOS FINOS DE PLATA LEY 61,67 // APROBADO ANM-EMP-20200827-3354 FE 27/08/2020 FV 26/10/2020 // GUIA AEREA 729-63524801 , Cantidad de unidades comerciales:12408.21 GRS ",,,1071043,1081000,,,,,,,,70107
2020,1,6007665501751,3,,,,,COMERCIALIZADORA INTERNACIONAL DE METALES PRECIOSOS Y METALES COMUNES INVERSIONES GENERALES S.A.S CIIGSA,811009244,10910097,830002571,4,,,,,AGENCIA DE ADUANAS AVIATUR S A NIVEL 1.,10910097,,,,,,SUN VALLEY COMPANY DMCCC,381 DMCC BUSINESS CENTRE LEVEL NO 5 JEWEL,DUBAI,42223433,,,42323438,,23407501,,,42,1051113,1071043,169,1081000,30220635,30120632,23620384,APTO JMC RIONEGRO,1,1585173.520000,,33723812,,,2,2,2,23120230,29520622,1051113,90,Aduanas de Medellín,244,EMIRATOS ARABES UNID,1231363,1585173.52,,,,1585173.52,,,4,4,31.02,20200828,6027666453551,20200827,22606550,77,71825760,,,,20200831084721,29460969,10910094,43576612,6,,,811009244,1,4,2,7108120000,,,16820215,5.130000,36623087,5083.45,,,,5.13,266253.95,SUN VALLEY COMPANY DMCCC,1,"Nombre Comercial:UNA BARRA DE ALEACION ORO PLATA , Otras características:FACTURA FE3294 // BARRA IG-330 SON 4215,86 GRAMOS FINOS DE ORO LEY 821,04 Y 867,59 GRAMOS FINOS DE PLATA LEY 168,96 // APROBADO ANM-EMP-20200826-3323 FI 26/08/2020 FF 24/10/2020 , Cantidad de unidades comerciales:5083.45 GRS ",,,1071043,1081000,,,,,,,,70107
2020,1,6007665501751,3,,,,,COMERCIALIZADORA INTERNACIONAL DE METALES PRECIOSOS Y METALES COMUNES INVERSIONES GENERALES S.A.S CIIGSA,811009244,10910097,830002571,4,,,,,AGENCIA DE ADUANAS AVIATUR S A NIVEL 1.,10910097,,,,,,SUN VALLEY COMPANY DMCCC,381 DMCC BUSINESS CENTRE LEVEL NO 5 JEWEL,DUBAI,42223433,,,42323438,,23407501,,,42,1051113,1071043,169,1081000,30220635,30120632,23620384,APTO JMC RIONEGRO,1,1585173.520000,,33723812,,,2,2,2,23120230,29520622,1051113,90,Aduanas de Medellín,244,EMIRATOS ARABES UNID,1231363,1585173.52,,,,1585173.52,,,4,4,31.02,20200828,6027666453551,20200827,22606550,77,71825760,,,,20200831084721,29460969,10910094,43576612,6,,,811009244,1,4,2,7108120000,,,16820215,5.130000,36623087,5083.45,,,,5.13,266253.95,SUN VALLEY COMPANY DMCCC,2,"Nombre Comercial:UNA BARRA DE ALEACION ORO PLATA , Otras características:FACTURA FE 3295// BARRA IG-331 SON 4957,17 GRAMOS FINOS DE ORO LEY 911,13 Y 429,10 GRAMOS FINOS DE PLATA LEY 78,87// APROBADO ANM-EMP-20200826-3324 FE 26/08/2020 FV 24/10/2020 , Cantidad de unidades comerciales:5386.27 GRS ",,,1071043,1081000,,,,,,,,70107
2020,1,6007665501751,3,,,,,COMERCIALIZADORA INTERNACIONAL DE METALES PRECIOSOS Y METALES COMUNES INVERSIONES GENERALES S.A.S CIIGSA,811009244,10910097,830002571,4,,,,,AGENCIA DE ADUANAS AVIATUR S A NIVEL 1.,10910097,,,,,,SUN VALLEY COMPANY DMCCC,381 DMCC BUSINESS CENTRE LEVEL NO 5 JEWEL,DUBAI,42223433,,,42323438,,23407501,,,42,1051113,1071043,169,1081000,30220635,30120632,23620384,APTO JMC RIONEGRO,1,1585173.520000,,33723812,,,2,2,2,23120230,29520622,1051113,90,Aduanas de Medellín,244,EMIRATOS ARABES UNID,1231363,1585173.52,,,,1585173.52,,,4,4,31.02,20200828,6027666453551,20200827,22606550,77,71825760,,,,20200831084721,29460969,10910094,43576612,6,,,811009244,2,4,3,7108120000,,,16820215,5.440000,36623087,5386.27,,,,5.44,307059.82,SUN VALLEY COMPANY DMCCC,4,"Nombre Comercial:DO 28443// UNA BARRA DE ALEACION ORO PLATA , Otras características:PROVENIENTE DE JOYERIA EN DESUSO / FACTURA FE3296 // BARRA IG-329 SON 4720.14 GRAMOS FINOS DE ORO LEY 817,71 Y 994.53 GRAMOS FINOS DE PLATA LEY 172,29 // APROBADO ANM-EMP-20200826-3334 FE 26/08/2020 FV 24/10/2020 , Cantidad de unidades comerciales:5714.67 GRS ",,,1071043,1081000,,,,,,,,70107
2020,1,6007665501751,3,,,,,COMERCIALIZADORA INTERNACIONAL DE METALES PRECIOSOS Y METALES COMUNES INVERSIONES GENERALES S.A.S CIIGSA,811009244,10910097,830002571,4,,,,,AGENCIA DE ADUANAS AVIATUR S A NIVEL 1.,10910097,,,,,,SUN VALLEY COMPANY DMCCC,381 DMCC BUSINESS CENTRE LEVEL NO 5 JEWEL,DUBAI,42223433,,,42323438,,23407501,,,42,1051113,1071043,169,1081000,30220635,30120632,23620384,APTO JMC RIONEGRO,1,1585173.520000,,33723812,,,2,2,2,23120230,29520622,1051113,90,Aduanas de Medellín,244,EMIRATOS ARABES UNID,1231363,1585173.52,,,,1585173.52,,,4,4,31.02,20200828,6027666453551,20200827,22606550,77,71825760,,,,20200831084721,29460969,10910094,43576612,6,,,811009244,2,4,3,7108120000,,,16820215,5.440000,36623087,5386.27,,,,5.44,307059.82,SUN VALLEY COMPANY DMCCC,3,"Nombre Comercial:UNA BARRA DE ALEACION ORO PLATA , Otras características:FACTURA FE 3301 // BARRA IG-332 SON 11635,21 GRAMOS FINOS DE ORO LEY 928,33 Y 773 GRAMOS FINOS DE PLATA LEY 61,67 // APROBADO ANM-EMP-20200827-3354 FE 27/08/2020 FV 26/10/2020 // GUIA AEREA 729-63524801 , Cantidad de unidades comerciales:12408.21 GRS ",,,1071043,1081000,,,,,,,,70107
2020,1,6007665501751,3,,,,,COMERCIALIZADORA INTERNACIONAL DE METALES PRECIOSOS Y METALES COMUNES INVERSIONES GENERALES S.A.S CIIGSA,811009244,10910097,830002571,4,,,,,AGENCIA DE ADUANAS AVIATUR S A NIVEL 1.,10910097,,,,,,SUN VALLEY COMPANY DMCCC,381 DMCC BUSINESS CENTRE LEVEL NO 5 JEWEL,DUBAI,42223433,,,42323438,,23407501,,,42,1051113,1071043,169,1081000,30220635,30120632,23620384,APTO JMC RIONEGRO,1,1585173.520000,,33723812,,,2,2,2,23120230,29520622,1051113,90,Aduanas de Medellín,244,EMIRATOS ARABES UNID,1231363,1585173.52,,,,1585173.52,,,4,4,31.02,20200828,6027666453551,20200827,22606550,77,71825760,,,,20200831084721,29460969,10910094,43576612,6,,,811009244,2,4,3,7108120000,,,16820215,5.440000,36623087,5386.27,,,,5.44,307059.82,SUN VALLEY COMPANY DMCCC,1,"Nombre Comercial:UNA BARRA DE ALEACION ORO PLATA , Otras características:FACTURA FE3294 // BARRA IG-330 SON 4215,86 GRAMOS FINOS DE ORO LEY 821,04 Y 867,59 GRAMOS FINOS DE PLATA LEY 168,96 // APROBADO ANM-EMP-20200826-3323 FI 26/08/2020 FF 24/10/2020 , Cantidad de unidades comerciales:5083.45 GRS ",,,1071043,1081000,,,,,,,,70107
2020,1,6007665501751,3,,,,,COMERCIALIZADORA INTERNACIONAL DE METALES PRECIOSOS Y METALES COMUNES INVERSIONES GENERALES S.A.S CIIGSA,811009244,10910097,830002571,4,,,,,AGENCIA DE ADUANAS AVIATUR S A NIVEL 1.,10910097,,,,,,SUN VALLEY COMPANY DMCCC,381 DMCC BUSINESS CENTRE LEVEL NO 5 JEWEL,DUBAI,42223433,,,42323438,,23407501,,,42,1051113,1071043,169,1081000,30220635,30120632,23620384,APTO JMC RIONEGRO,1,1585173.520000,,33723812,,,2,2,2,23120230,29520622,1051113,90,Aduanas de Medellín,244,EMIRATOS ARABES UNID,1231363,1585173.52,,,,1585173.52,,,4,4,31.02,20200828,6027666453551,20200827,22606550,77,71825760,,,,20200831084721,29460969,10910094,43576612,6,,,811009244,2,4,3,7108120000,,,16820215,5.440000,36623087,5386.27,,,,5.44,307059.82,SUN VALLEY COMPANY DMCCC,2,"Nombre Comercial:UNA BARRA DE ALEACION ORO PLATA , Otras características:FACTURA FE 3295// BARRA IG-331 SON 4957,17 GRAMOS FINOS DE ORO LEY 911,13 Y 429,10 GRAMOS FINOS DE PLATA LEY 78,87// APROBADO ANM-EMP-20200826-3324 FE 26/08/2020 FV 24/10/2020 , Cantidad de unidades comerciales:5386.27 GRS ",,,1071043,1081000,,,,,,,,70107
2020,1,6007665501751,3,,,,,COMERCIALIZADORA INTERNACIONAL DE METALES PRECIOSOS Y METALES COMUNES INVERSIONES GENERALES S.A.S CIIGSA,811009244,10910097,830002571,4,,,,,AGENCIA DE ADUANAS AVIATUR S A NIVEL 1.,10910097,,,,,,SUN VALLEY COMPANY DMCCC,381 DMCC BUSINESS CENTRE LEVEL NO 5 JEWEL,DUBAI,42223433,,,42323438,,23407501,,,42,1051113,1071043,169,1081000,30220635,30120632,23620384,APTO JMC RIONEGRO,1,1585173.520000,,33723812,,,2,2,2,23120230,29520622,1051113,90,Aduanas de Medellín,244,EMIRATOS ARABES UNID,1231363,1585173.52,,,,1585173.52,,,4,4,31.02,20200828,6027666453551,20200827,22606550,77,71825760,,,,20200831084721,29460969,10910094,43576612,6,,,811009244,3,4,4,7108120000,,,16820215,12.530000,36623087,12408.21,,,,12.53,713016.97,SUN VALLEY COMPANY DMCCC,4,"Nombre Comercial:DO 28443// UNA BARRA DE ALEACION ORO PLATA , Otras características:PROVENIENTE DE JOYERIA EN DESUSO / FACTURA FE3296 // BARRA IG-329 SON 4720.14 GRAMOS FINOS DE ORO LEY 817,71 Y 994.53 GRAMOS FINOS DE PLATA LEY 172,29 // APROBADO ANM-EMP-20200826-3334 FE 26/08/2020 FV 24/10/2020 , Cantidad de unidades comerciales:5714.67 GRS ",,,1071043,1081000,,,,,,,,70107
2020,1,6007665501751,3,,,,,COMERCIALIZADORA INTERNACIONAL DE METALES PRECIOSOS Y METALES COMUNES INVERSIONES GENERALES S.A.S CIIGSA,811009244,10910097,830002571,4,,,,,AGENCIA DE ADUANAS AVIATUR S A NIVEL 1.,10910097,,,,,,SUN VALLEY COMPANY DMCCC,381 DMCC BUSINESS CENTRE LEVEL NO 5 JEWEL,DUBAI,42223433,,,42323438,,23407501,,,42,1051113,1071043,169,1081000,30220635,30120632,23620384,APTO JMC RIONEGRO,1,1585173.520000,,33723812,,,2,2,2,23120230,29520622,1051113,90,Aduanas de Medellín,244,EMIRATOS ARABES UNID,1231363,1585173.52,,,,1585173.52,,,4,4,31.02,20200828,6027666453551,20200827,22606550,77,71825760,,,,20200831084721,29460969,10910094,43576612,6,,,811009244,3,4,4,7108120000,,,16820215,12.530000,36623087,12408.21,,,,12.53,713016.97,SUN VALLEY COMPANY DMCCC,3,"Nombre Comercial:UNA BARRA DE ALEACION ORO PLATA , Otras características:FACTURA FE 3301 // BARRA IG-332 SON 11635,21 GRAMOS FINOS DE ORO LEY 928,33 Y 773 GRAMOS FINOS DE PLATA LEY 61,67 // APROBADO ANM-EMP-20200827-3354 FE 27/08/2020 FV 26/10/2020 // GUIA AEREA 729-63524801 , Cantidad de unidades comerciales:12408.21 GRS ",,,1071043,1081000,,,,,,,,70107
2020,1,6007665501751,3,,,,,COMERCIALIZADORA INTERNACIONAL DE METALES PRECIOSOS Y METALES COMUNES INVERSIONES GENERALES S.A.S CIIGSA,811009244,10910097,830002571,4,,,,,AGENCIA DE ADUANAS AVIATUR S A NIVEL 1.,10910097,,,,,,SUN VALLEY COMPANY DMCCC,381 DMCC BUSINESS CENTRE LEVEL NO 5 JEWEL,DUBAI,42223433,,,42323438,,23407501,,,42,1051113,1071043,169,1081000,30220635,30120632,23620384,APTO JMC RIONEGRO,1,1585173.520000,,33723812,,,2,2,2,23120230,29520622,1051113,90,Aduanas de Medellín,244,EMIRATOS ARABES UNID,1231363,1585173.52,,,,1585173.52,,,4,4,31.02,20200828,6027666453551,20200827,22606550,77,71825760,,,,20200831084721,29460969,10910094,43576612,6,,,811009244,3,4,4,7108120000,,,16820215,12.530000,36623087,12408.21,,,,12.53,713016.97,SUN VALLEY COMPANY DMCCC,1,"Nombre Comercial:UNA BARRA DE ALEACION ORO PLATA , Otras características:FACTURA FE3294 // BARRA IG-330 SON 4215,86 GRAMOS FINOS DE ORO LEY 821,04 Y 867,59 GRAMOS FINOS DE PLATA LEY 168,96 // APROBADO ANM-EMP-20200826-3323 FI 26/08/2020 FF 24/10/2020 , Cantidad de unidades comerciales:5083.45 GRS ",,,1071043,1081000,,,,,,,,70107
2020,1,6007665501751,3,,,,,COMERCIALIZADORA INTERNACIONAL DE METALES PRECIOSOS Y METALES COMUNES INVERSIONES GENERALES S.A.S CIIGSA,811009244,10910097,830002571,4,,,,,AGENCIA DE ADUANAS AVIATUR S A NIVEL 1.,10910097,,,,,,SUN VALLEY COMPANY DMCCC,381 DMCC BUSINESS CENTRE LEVEL NO 5 JEWEL,DUBAI,42223433,,,42323438,,23407501,,,42,1051113,1071043,169,1081000,30220635,30120632,23620384,APTO JMC RIONEGRO,1,1585173.520000,,33723812,,,2,2,2,23120230,29520622,1051113,90,Aduanas de Medellín,244,EMIRATOS ARABES UNID,1231363,1585173.52,,,,1585173.52,,,4,4,31.02,20200828,6027666453551,20200827,22606550,77,71825760,,,,20200831084721,29460969,10910094,43576612,6,,,811009244,3,4,4,7108120000,,,16820215,12.530000,36623087,12408.21,,,,12.53,713016.97,SUN VALLEY COMPANY DMCCC,2,"Nombre Comercial:UNA BARRA DE ALEACION ORO PLATA , Otras características:FACTURA FE 3295// BARRA IG-331 SON 4957,17 GRAMOS FINOS DE ORO LEY 911,13 Y 429,10 GRAMOS FINOS DE PLATA LEY 78,87// APROBADO ANM-EMP-20200826-3324 FE 26/08/2020 FV 24/10/2020 , Cantidad de unidades comerciales:5386.27 GRS ",,,1071043,1081000,,,,,,,,70107
2020,1,6007665501751,3,,,,,COMERCIALIZADORA INTERNACIONAL DE METALES PRECIOSOS Y METALES COMUNES INVERSIONES GENERALES S.A.S CIIGSA,811009244,10910097,830002571,4,,,,,AGENCIA DE ADUANAS AVIATUR S A NIVEL 1.,10910097,,,,,,SUN VALLEY COMPANY DMCCC,381 DMCC BUSINESS CENTRE LEVEL NO 5 JEWEL,DUBAI,42223433,,,42323438,,23407501,,,42,1051113,1071043,169,1081000,30220635,30120632,23620384,APTO JMC RIONEGRO,1,1585173.520000,,33723812,,,2,2,2,23120230,29520622,1051113,90,Aduanas de Medellín,244,EMIRATOS ARABES UNID,1231363,1585173.52,,,,1585173.52,,,4,4,31.02,20200828,6027666453551,20200827,22606550,77,71825760,,,,20200831084721,29460969,10910094,43576612,6,,,811009244,4,4,1,7108120000,,,16820215,5.770000,36623087,5714.67,23020262,4,31.02,5.77,298842.78,SUN VALLEY COMPANY DMCCC,4,"Nombre Comercial:DO 28443// UNA BARRA DE ALEACION ORO PLATA , Otras características:PROVENIENTE DE JOYERIA EN DESUSO / FACTURA FE3296 // BARRA IG-329 SON 4720.14 GRAMOS FINOS DE ORO LEY 817,71 Y 994.53 GRAMOS FINOS DE PLATA LEY 172,29 // APROBADO ANM-EMP-20200826-3334 FE 26/08/2020 FV 24/10/2020 , Cantidad de unidades comerciales:5714.67 GRS ",,,1071043,1081000,,,,,,,,70107
2020,1,6007665501751,3,,,,,COMERCIALIZADORA INTERNACIONAL DE METALES PRECIOSOS Y METALES COMUNES INVERSIONES GENERALES S.A.S CIIGSA,811009244,10910097,830002571,4,,,,,AGENCIA DE ADUANAS AVIATUR S A NIVEL 1.,10910097,,,,,,SUN VALLEY COMPANY DMCCC,381 DMCC BUSINESS CENTRE LEVEL NO 5 JEWEL,DUBAI,42223433,,,42323438,,23407501,,,42,1051113,1071043,169,1081000,30220635,30120632,23620384,APTO JMC RIONEGRO,1,1585173.520000,,33723812,,,2,2,2,23120230,29520622,1051113,90,Aduanas de Medellín,244,EMIRATOS ARABES UNID,1231363,1585173.52,,,,1585173.52,,,4,4,31.02,20200828,6027666453551,20200827,22606550,77,71825760,,,,20200831084721,29460969,10910094,43576612,6,,,811009244,4,4,1,7108120000,,,16820215,5.770000,36623087,5714.67,23020262,4,31.02,5.77,298842.78,SUN VALLEY COMPANY DMCCC,3,"Nombre Comercial:UNA BARRA DE ALEACION ORO PLATA , Otras características:FACTURA FE 3301 // BARRA IG-332 SON 11635,21 GRAMOS FINOS DE ORO LEY 928,33 Y 773 GRAMOS FINOS DE PLATA LEY 61,67 // APROBADO ANM-EMP-20200827-3354 FE 27/08/2020 FV 26/10/2020 // GUIA AEREA 729-63524801 , Cantidad de unidades comerciales:12408.21 GRS ",,,1071043,1081000,,,,,,,,70107
2020,1,6007665501751,3,,,,,COMERCIALIZADORA INTERNACIONAL DE METALES PRECIOSOS Y METALES COMUNES INVERSIONES GENERALES S.A.S CIIGSA,811009244,10910097,830002571,4,,,,,AGENCIA DE ADUANAS AVIATUR S A NIVEL 1.,10910097,,,,,,SUN VALLEY COMPANY DMCCC,381 DMCC BUSINESS CENTRE LEVEL NO 5 JEWEL,DUBAI,42223433,,,42323438,,23407501,,,42,1051113,1071043,169,1081000,30220635,30120632,23620384,APTO JMC RIONEGRO,1,1585173.520000,,33723812,,,2,2,2,23120230,29520622,1051113,90,Aduanas de Medellín,244,EMIRATOS ARABES UNID,1231363,1585173.52,,,,1585173.52,,,4,4,31.02,20200828,6027666453551,20200827,22606550,77,71825760,,,,20200831084721,29460969,10910094,43576612,6,,,811009244,4,4,1,7108120000,,,16820215,5.770000,36623087,5714.67,23020262,4,31.02,5.77,298842.78,SUN VALLEY COMPANY DMCCC,1,"Nombre Comercial:UNA BARRA DE ALEACION ORO PLATA , Otras características:FACTURA FE3294 // BARRA IG-330 SON 4215,86 GRAMOS FINOS DE ORO LEY 821,04 Y 867,59 GRAMOS FINOS DE PLATA LEY 168,96 // APROBADO ANM-EMP-20200826-3323 FI 26/08/2020 FF 24/10/2020 , Cantidad de unidades comerciales:5083.45 GRS ",,,1071043,1081000,,,,,,,,70107
2020,1,6007665501751,3,,,,,COMERCIALIZADORA INTERNACIONAL DE METALES PRECIOSOS Y METALES COMUNES INVERSIONES GENERALES S.A.S CIIGSA,811009244,10910097,830002571,4,,,,,AGENCIA DE ADUANAS AVIATUR S A NIVEL 1.,10910097,,,,,,SUN VALLEY COMPANY DMCCC,381 DMCC BUSINESS CENTRE LEVEL NO 5 JEWEL,DUBAI,42223433,,,42323438,,23407501,,,42,1051113,1071043,169,1081000,30220635,30120632,23620384,APTO JMC RIONEGRO,1,1585173.520000,,33723812,,,2,2,2,23120230,29520622,1051113,90,Aduanas de Medellín,244,EMIRATOS ARABES UNID,1231363,1585173.52,,,,1585173.52,,,4,4,31.02,20200828,6027666453551,20200827,22606550,77,71825760,,,,20200831084721,29460969,10910094,43576612,6,,,811009244,4,4,1,7108120000,,,16820215,5.770000,36623087,5714.67,23020262,4,31.02,5.77,298842.78,SUN VALLEY COMPANY DMCCC,2,"Nombre Comercial:UNA BARRA DE ALEACION ORO PLATA , Otras características:FACTURA FE 3295// BARRA IG-331 SON 4957,17 GRAMOS FINOS DE ORO LEY 911,13 Y 429,10 GRAMOS FINOS DE PLATA LEY 78,87// APROBADO ANM-EMP-20200826-3324 FE 26/08/2020 FV 24/10/2020 , Cantidad de unidades comerciales:5386.27 GRS ",,,1071043,1081000,,,,,,,,70107
2020,1,6007662496887,0,,,,,COMERCIALIZADORA INTERNACIONAL DE METALES PRECIOSOS DE COLOMBIA S.A.,900118612,10910097,900908875,0,,,,,AGENCIA DE ADUANAS ASL NIVEL 2 SAS,10922973,,,,,,CONDOR PARTNERS LTD,"1200 BRICKELL AVENUE SUITE 800, 33131 FL USA MIAMI FLORIDA",MIAMI,42223433,,,42323438,,,,,42,1051113,1071043,169,1081000,30220635,30120632,23620384,AEROPUERTO JOSE MARIA CORDOBA,1,3455724.94616,,33723811,,,2,2,2,23120230,29520622,1051113,90,Aduanas de Medellín,249,ESTADOS UNIDOS,1274396,3455724.94616,,,,3455724.94616,,,1,5,75.03,20200616,6027663849461,20200612,114536291,78,1067910258,,,,20200619104057,22390623,10910094,71586157,0,,,900118612,1,1,1,7108120000,,,16820215,70.04,36623087,70048.1,23020303,5,75.03,70.04,3455724.95,AWB # 729-64101774,1,"Nombre Comercial:ORO , Otras características:BARRA DE ALEACION DE ORO Y PLATA;BARRA MEP-098-01 LEY ORO 0,9232% GRAMOS FINOS DE ORO 15879,1165 LEY PLATA 0,077 % GRAMOS FINOS DE PLATA 1323,51; BARRA MEP-098-02 LEY ORO 0,9023% GRAMOS FINOS DE ORO 15703,3335 LEY PLATA 0,098 % GRAMOS FINOS DE PLATA 1703,19; BARRA MEP-098-03 LEY ORO 0,8567% GRAMOS FINOS DE ORO 13714,6647 LEY PLATA 0,143 % GRAMOS FINOS DE PLATA 2296,76; BARRA MEP-098-04 LEY ORO 0,8809% GRAMOS FINOS DE ORO 13887,7545 LEY PLATA 0,119 % GRAMOS FINOS DE PLATA 1880,67; BARRA MEP-098-05 LEY ORO 0,96% GRAMOS FINOS DE ORO 3525,504 LEY PLATA 0,04 % GRAMOS FINOS DE PLATA 150,22; GRAMOS FINOS DE ORO DECLARADOS 62710,37; GRAMOS FINOS DE PLATA DECLARADOS 7354,34; GRAMOS NETOS DECLARADOS 70048,1; CP No.0006401037127838; 0006401037137845; 0006401037143200; 0006401037172213; 0006401037172220; 0006401037172238; 0006401037182146; 0006401037182153; 0006401037182160; 0006401037182178; 0006401037182185; 0006401037182192; 0006401037182200; 0006401037182241; 0006401037182257; 0006401037182264; 0006401037182271; 0006401037193346; 0006401037193353; 0006401037193360; 0006401037193378; 0006401037220826; 0006401037220833; 0006401037220840; 0006401037220858; 0006401037220865; 0006401037220872; 0006401037220881; MERCANCIA QUE SERA DESPACHADA A CONDOR PARTHNERS LTD CON DIRECCION 1200 BRICKELL AVENUE SUITE 800, 33131 FL. MIAMI, ESTADOS UNIDOS POR OR",,,1071043,1081000,,,,,,,,70107
2020,1,6007670911991,7,,,,,CONTINENTAL GOLD LIMITED SUCURSAL COLOMBIA,900166687,10910097,830002571,4,,,,,AGENCIA DE ADUANAS AVIATUR S A NIVEL 1.,10922973,,,,,,Heraeus Limited,"Heraeus Technology Centre,30 On Chuen Street, On Lok Tsuen Fanling, New Territories,",HONG KONG,42223433,,,42323438,,23889084,,,42,1051113,1071043,169,1081000,30220635,30120632,23620384,APTO JMC RIONEGRO,1,7332884.120000,,33723811,,,2,2,2,23120230,29520622,1051113,90,Aduanas de Medellín,351,HONG KONG,1253927,7332884.12,,,,7332884.12,,,1,18,316.54,20201223,6027670257121,20201222,23816181,78,79400693,,,,20201229143938,29460969,10910094,43576612,6,,,900166687,1,1,1,7108120000,,,16820215,306.770000,36623087,269747.7,23020262,18,316.54,306.77,7332884.12,HERAEUS LIMITED,1,"Nombre Comercial:DO 41876 // DIECIOCHO BARRAS DE ALEACION ORO PLATA , Otras características:BARRA G121120-034 SON 13518.1 GRAMOS FINOS DE ORO LEY 63.979 Y 3722.3 GRAMOS FINOS DE PLATA LEY 17.617 / BARRA G121520-035 SON 13024.4 GRAMOS FINOS DE ORO LEY 64.147 Y 4191.6 GRAMOS FINOS DE PLATA LEY 20.644 / BARRA G121520-036 SON 11672.2 GRAMOS FINOS DE ORO LEY 64.186 Y 3796.3 GRAMOS FINOS DE PLATA LEY 20.876 / BARRA G121520-037 SON 12387.0 GRAMOS FINOS DE ORO LEY 61.056 Y 4571.9 GRAMOS FINOS DE PLATA LEY 22.535 / BARRA M121120-358 SON 4805.0 GRAMOS FINOS DE ORO LEY 29.943 Y 9235.9 GRAMOS FINOS DE PLATA LEY 57.555 / BARRA M121120-359 SON 5047.4 GRAMOS FINOS DE ORO LEY 29.962 Y 9752.1 GRAMOS FINOS DE PLATA LEY 57.890 / BARRA M121120-360 SON 4158.2 GRAMOS FINOS DE ORO LEY 27.290 Y 9105.3 GRAMOS FINOS DE PLATA LEY 59.758 / BARRA M121220-361 SON 4504.6 GRAMOS FINOS DE ORO LEY 26.887 Y 10655.9 GRAMOS FINOS DE PLATA LEY 63.602 / BARRA M121220-362 SON 4215.3 GRAMOS FINOS DE ORO LEY 26.971 Y 9989.3 GRAMOS FINOS DE PLATA LEY 63.915 / BARRA M121220-363 SON 3542.0 GRAMOS FINOS DE ORO LEY 25.977 Y 8615.7 GRAMOS FINOS DE PLATA LEY 63.188 / BARRA M121220-364 SON 4312.0 GRAMOS FINOS DE ORO LEY 26.040 Y 10456.8 GRAMOS FINOS DE PLATA LEY 63.149 / BARRA M121620-365 SON 5515.2 GRAMOS FINOS DE ORO LEY 38.091 Y 7637.7 GRAMOS FINOS DE PLATA LEY 52.750 / BARRA M121620-366 SON 6121.6 GRAMOS FINOS DE ORO LEY 3",,,1071043,1081000,,,,,,,,70107
2020,1,6007663743855,0,,,,,CI METALES PROCESADOS INDUSTRIALES SAS,900605783,10910097,830045523,5,,,,,AGENCIA DE ADUANAS BLU LOGISTICS S A NIVEL 1,10922973,,,,,,UNITED PRECIOUS METAL REFINING INC,2781 TOWNLINE ROAD ALDEN NY 14004,Alden,42223433,,,42323438,,2001702,,,42,1051065,1071043,169,1081010,30220635,30120632,23620388,Alden,1,50218,0.0,33723812,,,2,2,2,23120230,29520622,1051065,3,Aduanas de Bogota - Aeropuerto El Dorado,249,ESTADOS UNIDOS,1308741,49761,267,190,0.00,50218,,,1,1,5,20200713,6027664749776,20200709,8066123,80,13834039,,,,20200721103905,103845749,10910094,80161188,7,,,900605783,1,1,1,7108120000,,,16820215,1.24479,36623087,1244.79,23020267,1,5,1.24,49761,,1,"Nombre Comercial:BARRA DE ORO , Otras características:Nombre Comercial:BARRA DE ORO, Otras caracteristicas: BARRA DE ORO CON PESO BRUTO DE 1.244,79 GRAMOS Y CONTENIDO DE ORO FINO DE 885,47 GRAMOS (71.1341%) Y CONTENIDO DE PLATA DE 225,31 GRAMOS (18.1002%) ",,,1071043,1081010,,,,,,,,70107
2020,3,6007669147634,6,,,,,C I GALEON CORP S A S,900611794,10910097,900908875,0,,,,,AGENCIA DE ADUANAS ASL NIVEL 2 SAS,10910097,901168233,,,,,INGOTCOL S.A.S,VDA CHACHAFRUTO ZF RIONEGRO BG 92,Rionegro,42223433,6007664664454,41529348,42323441,Circunstanciasexcepcionales,,,,42,1051113,1071043,169,1081000,30220635,30120632,23620384,ZONA FRANCA,1,170136.55,,33723811,,,2,2,2,,29520622,1051113,90,Aduanas de Medellín,169,COLOMBIA,671,170136.55,,,,170136.55,,,1,1,2.980000,20201118,6027665692105,20200804,,,,,6007669147421,,20201118094008,22390623,10910094,71586157,0,,,900611794,1,1,1,7108120000,,,16820215,2.66,36623087,2658.019,23020303,1,2.98,2.66,170136.55,INGOTCOL,1,"Nombre Comercial:ORO , Otras características:BARRA DE ALEACION DE ORO Y PLATA; BARRA 1 LEY ORO 99.9% GRAMOS FINOS DE ORO 2658.019 LEY PLATA 0% GRAMOS FINOS DE PLATA 0; GRAMOS FINOS DE ORO DECLARADOS 2658.019; GRAMOS FINOS DE PLATA DECLARADOS 0; GRAMOS NETOS DECLARADOS 2660.68; NOS ACOGEMOS A LA CIRCULAR REGLAMENTARIA EXTERNA BANCO REPUBLICA # 83 NUMERAL 9 LITERAL ""J"" DEL 2011, MERCANCIA QUE SERA DESPACHADA A INGOTCOL SAS EN ZONA FRANCA RIONEGRO BODEGA 92 POR ORDEN DE SU COMPRADOR WPM INTERNATIONAL LLC CON DIRECCION 9550 NW 12 ST BAY 10 FL 33172, USA; , Cantidad de unidades comerciales:2660.68 KILOS ",,,1071043,1081000,,,,,,,,70107
2020,1,6007666044188,1,,,,,SUMITRADE S.A.S.,900959087,10910097,900908875,0,,,,,AGENCIA DE ADUANAS ASL NIVEL 2 SAS,10922973,,,,,,"DILLON GAGE, INC.","11231 GEMINI LANE, DALLAS, TX, 75229",DALLAS,42223433,,,42323438,,,,,42,1051113,1071043,169,1081000,30220635,30120632,23620398,DALLAS,1,991027.70,,33723811,,,2,2,2,23120230,29520622,1051113,90,Aduanas de Medellín,249,ESTADOS UNIDOS,1310726,985056.52,5479.18,292.00,200.00,991027.7,,,2,2,23.41,20200909,6027667044354,20200908,114536291,78,1067910258,,,,20200911083425,22390623,10910094,71586157,0,,,900959087,1,2,2,7108120000,,,16820215,12.21,36623087,12207.15,23020303,,,12.21,757567.62,AWB# 729-64647612,1,"Nombre Comercial:ORO , Otras características:BARRA DE ORO; BARRA ST 195 LEY ORO 999 GRAMOS FINOS DE ORO 2286.66 LEY PLATA 0 GRAMOS FINOS DE PLATA 0; BARRA ST 196 LEY ORO 999 GRAMOS FINOS DE ORO 2000.62 LEY PLATA 0 GRAMOS FINOS DE PLATA 0; BARRA ST 197 LEY ORO 999 GRAMOS FINOS DE ORO 1951.45 LEY PLATA 0 GRAMOS FINOS DE PLATA 0; BARRA ST 198 LEY ORO 999 GRAMOS FINOS DE ORO 3007.79 LEY PLATA 0 GRAMOS FINOS DE PLATA 0; BARRA ST 199 LEY ORO 999 GRAMOS FINOS DE ORO 1369.27 LEY PLATA 0 GRAMOS FINOS DE PLATA 0; BARRA ST 200 LEY ORO 993 GRAMOS FINOS DE ORO 1581.8 LEY PLATA 6 GRAMOS FINOS DE PLATA 9.56; GRAMOS FINOS DE ORO DECLARADOS 12197.59; GRAMOS FINOS DE PLATA DECLARADOS 9.56; GRAMOS NETOS DECLARADOS 12219.36; CON CONTRATO EN CUENTA DE PARTICIPACION SIN NUMERO DE FECHA 07-05-2019 EMITIDO POR ITSMINA COCOMINSA; , Cantidad de unidades comerciales:12207.15 GRAMOS FINOS ",,,1071043,1081000,,,,,,,,70107
2020,1,6007666044188,1,,,,,SUMITRADE S.A.S.,900959087,10910097,900908875,0,,,,,AGENCIA DE ADUANAS ASL NIVEL 2 SAS,10922973,,,,,,"DILLON GAGE, INC.","11231 GEMINI LANE, DALLAS, TX, 75229",DALLAS,42223433,,,42323438,,,,,42,1051113,1071043,169,1081000,30220635,30120632,23620398,DALLAS,1,991027.70,,33723811,,,2,2,2,23120230,29520622,1051113,90,Aduanas de Medellín,249,ESTADOS UNIDOS,1310726,985056.52,5479.18,292.00,200.00,991027.7,,,2,2,23.41,20200909,6027667044354,20200908,114536291,78,1067910258,,,,20200911083425,22390623,10910094,71586157,0,,,900959087,1,2,2,7108120000,,,16820215,12.21,36623087,12207.15,23020303,,,12.21,757567.62,AWB# 729-64647612,2,"Nombre Comercial:PLATINO , Otras características:PLATINO EN POLVO; BOLSA ST-12 LEY PLATINO 830 GRAMOS FINOS DE PLATINO 7926.91; GRAMOS FINOS DE PLATINO DECLARADOS 7926.91; GRAMOS NETOS DECLARADOS 9550.50; CON CONTRATO EN CUENTA DE PARTICIPACION SIN NUMERO DE FECHA 07-05-2019 EMITIDO POR ITSMINA COCOMINSA; , Cantidad de unidades comerciales:7926.91 GRAMOS FINOS ",,,1071043,1081000,,,,,,,,70107
2020,5,6007660855418,1,,,,,INVERSIONES OSMIO S.A.S,901014557,10910097,900908875,0,,,,,AGENCIA DE ADUANAS ASL NIVEL 2 SAS,10910097,901180357,,,,,OSPREY METALS S.A.S.,ZF RIONEGRO,Rionegro,42223433,,,42323438,,,,,42,1051113,1071043,169,1081000,30220635,30120632,23620384,ZONA FRANCA RIONEGRO,1,296541.09,,33723811,,,2,2,2,,29520622,1051113,90,Aduanas de Medellín,169,COLOMBIA,,296541.09,,,,296541.09,,,1,2,7.390000,20200504,6027662229822,20200423,,,,,,,20200504095148,22390623,10910094,71586157,0,,,901014557,1,1,1,7108120000,,,16820215,6.97,36623087,6981.93,23020303,2,7.39,6.97,296541.09,OSPREY,1,"Nombre Comercial:ORO , Otras características:BARRA DE ALEACION DE ORO Y PLATA; BARRA OS-025 LEY ORO 92.49% GRAMOS FINOS DE ORO 3905.39 LEY PLATA 7.51% GRAMOS FINOS DE PLATA 317.12; BARRA OS-026 LEY ORO 91.30% GRAMOS FINOS DE ORO 2519.41 LEY PLATA 8.70% GRAMOS FINOS DE PLATA 240.01; GRAMOS FINOS DE ORO DECLARADOS 6424.80; GRAMOS FINOS DE PLATA DECLARADOS 557.13; GRAMOS NETOS DECLARADOS 6981.93; NOS ACOGEMOS A LA CIRCULAR REGLAMENTARIA EXTERNA BANCO REPUBLICA # 83 NUMERAL 9 LITERAL ""J"" DEL 2011, , Cantidad de unidades comerciales:6424.80 GRAMOS FINOS ",,,1071043,1081000,,,,,,,,70107
