NIT,Nombre,Tipo Registro,Registro,Seccional de Aduanas,Código SYGA,Código Muisca,Nombre Área
900373778,AEROPUERTOS DE ORIENTE S.A.S.,Aeropuerto de Servicio Público o Privado,1053,Santa Marta,,1053,SIMÓN BOLIVAR
900373778,AEROPUERTOS DE ORIENTE S.A.S.,Aeropuerto de Servicio Público o Privado,1050,Cúcuta,,1050,CAMILO DAZA
900373778,AEROPUERTOS DE ORIENTE S.A.S.,Aeropuerto de Servicio Público o Privado,1047,Bucaramanga,,1047,PALONEGRO
900105860,SOCIEDAD CONCESIONARIA OPERADORA AEROPORTUARIA INTERNACIONAL S A,Aeropuerto de Servicio Público o Privado,1046,Bogotá,,1046,EL DORADO
900205407,SOCIEDAD OPERADORA DE AEROPUERTOS CENTRO NORTE S.A.S,Aeropuerto de Servicio Público o Privado,1051,Medellín,,1051,JOSÉ MARIA CORDOVA
901045939,OPERADORA PORTUARIA AEROPUERTO MATECAÑA SAS,Aeropuerto de Servicio Público o Privado,1052,Pereira,,1052,MATECAÑA
899999059,UNIDAD ADMINISTRATIVA ESPECIAL DE AERONAUTICA CIVIL,Aeropuerto de Servicio Público o Privado,1054,San Andrés,,1054,GUSTAVO ROJAS PINILLA
899999059,UNIDAD ADMINISTRATIVA ESPECIAL DE AERONAUTICA CIVIL,Aeropuerto de Servicio Público o Privado,1058,Leticia,,1058,ALFREDO VÁSQUEZ COBO
899999059,UNIDAD ADMINISTRATIVA ESPECIAL DE AERONAUTICA CIVIL,Aeropuerto de Servicio Público o Privado,1057,Ipiales,,1057,SAN LUIS DE IPIALES
900205407,SOCIEDAD OPERADORA DE AEROPUERTOS CENTRO NORTE S.A.S,Aeropuerto de Servicio Público o Privado,1,Medellín,,3884,OLAYA HERRERA
899999059,UNIDAD ADMINISTRATIVA ESPECIAL DE AERONAUTICA CIVIL,Aeropuerto de Servicio Público o Privado,27201,Cali,,1048,ALFONSO BONILLA DE ARAGÓN
899999059,UNIDAD ADMINISTRATIVA ESPECIAL DE AERONAUTICA CIVIL,Aeropuerto de Servicio Público o Privado,27202,Barranquilla,,1045,ERNESTO CORTISSOZ
901780072,OPERADORA INTERNACIONAL AEROPUERTO DE CARTAGENA S.A.S,Aeropuerto de Servicio Público o Privado,27203,Cartagena,,1049,RAFAEL NUÑEZ
899999059,UNIDAD ADMINISTRATIVA ESPECIAL DE AERONAUTICA CIVIL,Aeropuerto de Servicio Público o Privado,27210,Armenia,,1091,EL EDEN
900205407,SOCIEDAD OPERADORA DE AEROPUERTOS CENTRO NORTE S.A.S,Aeropuerto de Servicio Público o Privado,27213,Medellín,,4432,AEROPUERTO LOS GARZONES DE MONTERIA
800254610,AGENCIA DE ADUANAS AGECOLDEX S.A. NIVEL 1,Agencia de Aduanas Nivel 1,1,Nivel Nacional,1,,
890322590,AGENCIA DE ADUANAS SERVICIOS INTEGRADOS DE COMERCIO EXTERIOR S.A.S NIVEL 1,Agencia de Aduanas Nivel 1,4,Nivel Nacional,4,,
860028026,AGENCIA DE ADUANAS ADUANERA GRANCOLOMBIANA S A NIVEL I,Agencia de Aduanas Nivel 1,10,Nivel Nacional,10,,
800045556,AGENCIA DE ADUANAS SERVICIOS INTEGRALES DE COMERCIO EXTERIOR S.A.S NIVEL 1,Agencia de Aduanas Nivel 1,14,Nivel Nacional,14,,
890321274,AGENCIA DE ADUANAS JF ASOCIADOS S.A.S. NIVEL 1,Agencia de Aduanas Nivel 1,16,Nivel Nacional,16,,
890401483,AGENCIA DE ADUANAS HERMANN SCHWYN & CIA S.A. NIVEL 1,Agencia de Aduanas Nivel 1,17,Nivel Nacional,17,,
800242502,AGENCIA DE ADUANAS A L C LTDA NIVEL 1,Agencia de Aduanas Nivel 1,20,Nivel Nacional,20,,
860514173,AGENCIA DE ADUANAS SERVICIOS ADUANEROS ESPECIALIZADOS S A NIVEL 1,Agencia de Aduanas Nivel 1,22,Nivel Nacional,22,,
800248322,AGENCIA DE ADUANAS MOVE CARGO SAS NIVEL 1,Agencia de Aduanas Nivel 1,23,Nivel Nacional,23,,
890404190,AGENCIA DE ADUANAS GAMA S.A.S. NIVEL 1,Agencia de Aduanas Nivel 1,27,Nivel Nacional,27,,
830002397,AGENCIA DE ADUANAS DHL GLOBAL FORWARDING COLOMBIA S.A. NIVEL 1,Agencia de Aduanas Nivel 1,48,Nivel Nacional,48,,
800227414,AGENCIA DE ADUANAS MERCO S.A.S NIVEL 1,Agencia de Aduanas Nivel 1,50,Nivel Nacional,50,,
860066749,AGENCIA DE ADUANAS ADUANAMIENTOS LTDA NIVEL 1,Agencia de Aduanas Nivel 1,64,Nivel Nacional,64,,
890404087,AGENCIA DE ADUANAS IMEX S.A.S. NIVEL 1 BIC,Agencia de Aduanas Nivel 1,66,Nivel Nacional,66,,
890504820,AGENCIA DE ADUANAS COMERCIO EXTERIOR DEL NORTE S.A NIVEL 1,Agencia de Aduanas Nivel 1,67,Nivel Nacional,67,,
800254476,AGENCIA DE ADUANAS CORAL VISION S.A.S. NIVEL 1,Agencia de Aduanas Nivel 1,68,Nivel Nacional,68,,
890921974,AGENCIA DE ADUANAS MARIANO ROLDAN S.A. NIVEL 1 BIC,Agencia de Aduanas Nivel 1,69,Nivel Nacional,69,,
830003960,AGENCIA DE ADUANAS LESCHACO SAS NIVEL 1,Agencia de Aduanas Nivel 1,72,Nivel Nacional,72,,
890404619,AGENCIA DE ADUANAS ASESORIAS Y SERVICIOS ADUANEROS DE COLOMBIA S A NIVEL 1,Agencia de Aduanas Nivel 1,73,Nivel Nacional,73,,
890403077,AGENCIA DE ADUANAS HUBEMAR S.A.S NIVEL 1,Agencia de Aduanas Nivel 1,79,Nivel Nacional,79,,
830002571,AGENCIA DE ADUANAS AVIATUR S. A.S. NIVEL 1.,Agencia de Aduanas Nivel 1,84,Nivel Nacional,84,,
860020382,ALPOPULAR ALMACEN GENERAL DE DEPOSITOS S.A. ALPOPULAR S.A,Agencia de Aduanas Nivel 1,95,Nivel Nacional,95,,
860536003,AGENCIA DE ADUANAS ABC REPECEV S.A.S. NIVEL 1,Agencia de Aduanas Nivel 1,99,Nivel Nacional,99,,
890313036,AGENCIA DE ADUANAS CONTINENTAL DE ADUANAS S.A.S. NIVEL 1,Agencia de Aduanas Nivel 1,101,Nivel Nacional,101,,
811001259,AGENCIA DE ADUANAS ROLDAN S.A.S NIVEL 1,Agencia de Aduanas Nivel 1,105,Nivel Nacional,105,,
860061308,AGENCIA DE ADUANAS PASAR LTDA NIVEL 1,Agencia de Aduanas Nivel 1,108,Nivel Nacional,108,,
800037724,AGENCIA DE ADUANAS JORGE NUMA S.A.S. NIVEL 1,Agencia de Aduanas Nivel 1,110,Nivel Nacional,110,,
890933171,AGENCIA DE ADUANAS COMERCIO EXTERIOR ASESORES S.A.S NIVEL 1,Agencia de Aduanas Nivel 1,113,Nivel Nacional,113,,
890105424,AGENCIA DE ADUANAS SAETA S.A.S. NIVEL 1,Agencia de Aduanas Nivel 1,115,Nivel Nacional,115,,
860050097,AGENCIA DE ADUANAS ANDINOS SAS NIVEL 1,Agencia de Aduanas Nivel 1,128,Nivel Nacional,128,,
890505268,AGENCIA DE ADUANAS REPRESENTACIONES J GUTIERREZ S.A.S NIVEL 1,Agencia de Aduanas Nivel 1,132,Nivel Nacional,132,,
860002153,ALMACENES GENERALES DE DEPOSITO ALMAVIVA S. A.,Agencia de Aduanas Nivel 1,139,Nivel Nacional,139,,
890902266,AGENCIA DE ADUANAS TCC. S.A.S NIVEL 1,Agencia de Aduanas Nivel 1,144,Nivel Nacional,144,,
860078275,AGENCIA DE ADUANAS ADUANERA MUNDIAL S A S NIVEL 1,Agencia de Aduanas Nivel 1,147,Nivel Nacional,147,,
800130495,AGENCIA DE ADUANAS ASIMCOMEX S.A.S. NIVEL 1,Agencia de Aduanas Nivel 1,151,Nivel Nacional,151,,
802000259,AGENCIA DE ADUANAS MOVIADUANAS SAS - NIVEL 1,Agencia de Aduanas Nivel 1,153,Nivel Nacional,153,,
800143377,AGENCIA DE ADUANAS ADUANIMEX S.A NIVEL 1,Agencia de Aduanas Nivel 1,176,Nivel Nacional,176,,
800187197,AGENCIA DE ADUANAS ASCOINTER S.A.S. NIVEL 1 ASCOINTER S.A.S.,Agencia de Aduanas Nivel 1,202,Nivel Nacional,202,,
890323585,DELIO ARISTIZABAL & CIA S.A. AGENCIA DE ADUANAS NIVEL 1,Agencia de Aduanas Nivel 1,209,Nivel Nacional,209,,
800053508,AGENCIA DE ADUANAS SUDECO S.A NIVEL 1.,Agencia de Aduanas Nivel 1,226,Nivel Nacional,226,,
860508649,AGENCIA DE ADUANAS ADUAMAR DE COLOMBIA Y CIA SAS NIVEL 1,Agencia de Aduanas Nivel 1,231,Nivel Nacional,231,,
800241367,AGENCIA DE ADUANAS CARGO FLASH S.A.S. NIVEL 1,Agencia de Aduanas Nivel 1,235,Nivel Nacional,235,,
830008623,AGENCIA DE ADUANAS HECADUANAS S A S NIVEL 1,Agencia de Aduanas Nivel 1,261,Nivel Nacional,261,,
860004662,AGENCIA DE ADUANAS COLVAN S.A.S NIVEL I,Agencia de Aduanas Nivel 1,263,Nivel Nacional,263,,
830010905,AGENCIA DE ADUANAS ALADUANA S.A.S. NIVEL 1,Agencia de Aduanas Nivel 1,319,Nivel Nacional,319,,
835000078,AGENCIA DE ADUANAS COLOMBIANA DE ADUANAS S.A.S. NIVEL 1,Agencia de Aduanas Nivel 1,326,Nivel Nacional,326,,
830023585,AGENCIA DE ADUANAS SIACOMEX SAS NIVEL 1,Agencia de Aduanas Nivel 1,369,Nivel Nacional,369,,
830045523,AGENCIA DE ADUANAS BLU LOGISTICS S A NIVEL 1,Agencia de Aduanas Nivel 1,381,Nivel Nacional,381,,
830076778,AGENCIA DE ADUANAS DHL EXPRESS COLOMBIA LTDA NIVEL 1,Agencia de Aduanas Nivel 1,407,Nivel Nacional,407,,
800251957,AGENCIA DE ADUANAS SIACO SAS NIVEL 1,Agencia de Aduanas Nivel 1,413,Nivel Nacional,413,,
830098132,AGENCIA DE ADUANAS INTERLOGISTICA S.A. NIVEL 1,Agencia de Aduanas Nivel 1,442,Nivel Nacional,442,,
802016658,AGENCIA DE ADUANAS SIA TRADE S.A NIVEL 1,Agencia de Aduanas Nivel 1,443,Nivel Nacional,443,,
860078039,AGENCIA DE ADUANAS GRANANDINA LTDA. NIVEL I- EN REORGANIZACION,Agencia de Aduanas Nivel 1,453,Nivel Nacional,453,,
890317082,AGENCIA DE ADUANAS SERVICIOS ADUANEROS INTEGRADOS SAS NIVEL 1 - AGENCIA DE ADUANAS SERVADI SAS NIVEL 1,Agencia de Aduanas Nivel 1,454,Nivel Nacional,454,,
860062053,AGENCIA DE ADUANAS LIBREXPORT LTDA NIVEL 1,Agencia de Aduanas Nivel 1,475,Nivel Nacional,475,,
800013503,AGENCIA DE ADUANAS CICOREX SAS NIVEL 1,Agencia de Aduanas Nivel 1,482,Nivel Nacional,482,,
890405089,AGENCIA DE ADUANAS INTERCRUVER LTDA NIVEL 1,Agencia de Aduanas Nivel 1,492,Nivel Nacional,492,,
900081359,AGENCIA DE ADUANAS ML S.A.S NIVEL 1,Agencia de Aduanas Nivel 1,513,Nivel Nacional,513,,
830009686,AGENCIA DE ADUANAS MIRCANA LOGISTICS SAS NIVEL 1,Agencia de Aduanas Nivel 1,521,Nivel Nacional,521,,
800239422,AGENCIA DE ADUANAS ISASO S. A. NIVEL 1.,Agencia de Aduanas Nivel 1,543,Nivel Nacional,543,,
901553266,AGENCIA DE ADUANAS DSV S.A.S. NIVEL 1,Agencia de Aduanas Nivel 1,1352,Nivel Nacional,1352,,
900568476,AGENCIA DE ADUANAS MAERSK S.A.S NIVEL 1,Agencia de Aduanas Nivel 1,1535,Nivel Nacional,1535,,
805001632,AGENCIA DE ADUANAS VALLEY CUSTOMS S.A.S NIVEL 1,Agencia de Aduanas Nivel 1,315,Nivel Nacional,315,,
900191610,AGENCIA DE ADUANAS TIBA SAS NIVEL 1,Agencia de Aduanas Nivel 1,1661,Nivel Nacional,1661,,
830003079,AGENCIA DE ADUANAS PROFESIONAL S.A.S NIVEL 1 - SIAP,Agencia de Aduanas Nivel 1,80,Nivel Nacional,80,,
800007316,AGENCIA DE ADUANAS EXPOMAVIS S.A.S. NIVEL 2,Agencia de Aduanas Nivel 2,9,Nivel Nacional,9,,
860533331,HAPO CUSTOMS AGENCIA DE ADUANAS SAS NIVEL 2,Agencia de Aduanas Nivel 2,13,Nivel Nacional,13,,
860053082,AGENCIA DE ADUANAS UNION ADUANERA INTERNACIONAL S.A.S. NIVEL 2,Agencia de Aduanas Nivel 2,39,Nivel Nacional,39,,
800152297,AGENCIA DE ADUANAS BANADUANA S.A.S. NIVEL 2,Agencia de Aduanas Nivel 2,49,Nivel Nacional,49,,
800193576,SOCIEDAD AGENCIA DE ADUANAS COLOMBIANA DE COMERCIO EXTERIOR S.A.S. COLDEX S.A.S NIVEL DOS (2),Agencia de Aduanas Nivel 2,52,Nivel Nacional,52,,
860506204,AGENCIA DE ADUANAS CEVA LOGISTICS SAS NIVEL 2,Agencia de Aduanas Nivel 2,54,Nivel Nacional,54,,
860074586,AGENCIA DE ADUANAS INTERPUERTOS & CIA LTDA NIVEL 2,Agencia de Aduanas Nivel 2,58,Nivel Nacional,58,,
890101962,AGENCIA DE ADUANAS CLARIC LTDA. NIVEL 2,Agencia de Aduanas Nivel 2,63,Nivel Nacional,63,,
802000313,AGENCIA DE ADUANAS EXPOMEX LIMITADA NIVEL 2,Agencia de Aduanas Nivel 2,77,Nivel Nacional,77,,
860401251,AGENCIA DE ADUANAS COORDINADORES DE ADUANAS SAS NIVEL 2.,Agencia de Aduanas Nivel 2,134,Nivel Nacional,134,,
800219100,AGENCIA DE ADUANAS SOLUCIONES ADUANERAS S.A.S. NIVEL 2,Agencia de Aduanas Nivel 2,196,Nivel Nacional,196,,
800245090,AGENCIA DE ADUANAS ROLI ADUANAS SA NIVEL 2,Agencia de Aduanas Nivel 2,205,Nivel Nacional,205,,
890309238,AGENCIA DE ADUANAS FEDEGAL SAS NIVEL II,Agencia de Aduanas Nivel 2,260,Nivel Nacional,260,,
800171746,AGENCIA DE ADUANAS SIN LIMITE S.A.S NIVEL 2,Agencia de Aduanas Nivel 2,265,Nivel Nacional,265,,
890403420,AGENCIA DE ADUANAS AGENCOMEX LTDA NIVEL 2,Agencia de Aduanas Nivel 2,276,Nivel Nacional,276,,
805001285,AGENCIA DE ADUANAS CIAMSA S.A. NIVEL 2,Agencia de Aduanas Nivel 2,283,Nivel Nacional,283,,
800219262,AGENCIA DE ADUANAS EXPORCOMEX S.A.S. NIVEL 2,Agencia de Aduanas Nivel 2,309,Nivel Nacional,309,,
830032263,AGENCIA DE ADUANAS ADUANAMIENTOS IMPORTACIONES Y EXPORTACIONES S.A.S NIVEL 2,Agencia de Aduanas Nivel 2,331,Nivel Nacional,331,,
830013391,AGENCIA DE ADUANAS WORLDLINK CUSTOMS SAS NIVEL 2,Agencia de Aduanas Nivel 2,359,Nivel Nacional,359,,
830049499,AGENCIA DE ADUANAS CONTINENTAL EXPRESS SAS NIVEL 2,Agencia de Aduanas Nivel 2,384,Nivel Nacional,384,,
807000355,AGENCIA DE ADUANAS GLOBALCO S.A.S. NIVEL 2,Agencia de Aduanas Nivel 2,395,Nivel Nacional,395,,
830071947,AGENCIA DE ADUANAS NANCOMEX S.A.S NIVEL 2.,Agencia de Aduanas Nivel 2,409,Nivel Nacional,409,,
830074208,AGENCIA DE ADUANAS KN COLOMBIA S A S NIVEL 2,Agencia de Aduanas Nivel 2,414,Nivel Nacional,414,,
800170690,AGENCIA DE ADUANAS MOUKARZEL S.A.S NIVEL 2,Agencia de Aduanas Nivel 2,422,Nivel Nacional,422,,
830004745,AGENCIA DE ADUANAS ANDINA DE ADUANAS S A S NIVEL 2,Agencia de Aduanas Nivel 2,429,Nivel Nacional,429,,
860010973,ALMACENES GENERALES DE DEPOSITO DE CAFE S A ALMACAFE,Agencia de Aduanas Nivel 2,447,Nivel Nacional,447,,
802013889,AGENCIA DE ADUANAS FESIA S.A. NIVEL 2,Agencia de Aduanas Nivel 2,448,Nivel Nacional,448,,
830122083,AGENCIA DE ADUANAS LATINOAMERICANA DE ADUANAS SAS NIVEL 2,Agencia de Aduanas Nivel 2,459,Nivel Nacional,459,,
830009223,AGENCIA DE ADUANAS MART-CAM S.A.S. NIVEL 2,Agencia de Aduanas Nivel 2,463,Nivel Nacional,463,,
890921491,AGENCIA DE ADUANAS LACOSTE Y ASOCIADOS S.A. NIVEL 2,Agencia de Aduanas Nivel 2,464,Nivel Nacional,464,,
800249192,AGENCIA DE ADUANAS ACI CARGO SAS NIVEL 2,Agencia de Aduanas Nivel 2,470,Nivel Nacional,470,,
830147508,AGENCIA DE ADUANAS CUSTOM INTERNACIONAL S A NIVEL 2,Agencia de Aduanas Nivel 2,476,Nivel Nacional,476,,
835000088,AGENCIA DE ADUANAS NHORA GARCIA DIAZGRANADOS S.A.S NIVEL 2,Agencia de Aduanas Nivel 2,479,Nivel Nacional,479,,
830508385,AGENCIA DE ADUANAS AQUASIA S.A.S. NIVEL 2,Agencia de Aduanas Nivel 2,487,Nivel Nacional,487,,
900027528,AGENCIA DE ADUANAS UPS SCS COLOMBIA LTDA NIVEL 2,Agencia de Aduanas Nivel 2,490,Nivel Nacional,490,,
900036951,AGENCIA DE ADUANAS FENIX S A S NIVEL 2,Agencia de Aduanas Nivel 2,495,Nivel Nacional,495,,
802000833,AGENCIA DE ADUANAS ASESORIAS EN NEGOCIOS INTERNACIONALES ANI S.A.S. NIVEL 2,Agencia de Aduanas Nivel 2,498,Nivel Nacional,498,,
800240972,AGENCIA DE ADUANAS CARGO ADUANA S.A.S. NIVEL 2,Agencia de Aduanas Nivel 2,506,Nivel Nacional,506,,
805000799,AGENCIA DE ADUANAS JUNIOR ADUANAS S.A NIVEL 2,Agencia de Aduanas Nivel 2,507,Nivel Nacional,507,,
900073190,AGENCIA DE ADUANAS GRUPO LOGISTICO ADUANERO S.A. NIVEL 2,Agencia de Aduanas Nivel 2,510,Nivel Nacional,510,,
900173699,AGENCIA DE ADUANAS OBELIX LOGISTICA S.A NIVEL 2,Agencia de Aduanas Nivel 2,522,Nivel Nacional,522,,
900154149,AGENCIA DE ADUANAS PROACTIVOS EN COMERCIO EXTERIOR-PROACTCOMEX S.A.S. NIVEL 2,Agencia de Aduanas Nivel 2,523,Nivel Nacional,523,,
900199057,AGENCIA DE ADUANAS SUCOMEX S.A NIVEL 2,Agencia de Aduanas Nivel 2,526,Nivel Nacional,526,,
830005459,AGENCIA DE ADUANAS ANCLA ADUANERA LTDA NIVEL 2,Agencia de Aduanas Nivel 2,527,Nivel Nacional,527,,
900107358,AGENCIA DE ADUANAS GEOCARGA DE COLOMBIA LTDA NIVEL 2,Agencia de Aduanas Nivel 2,528,Nivel Nacional,528,,
860503790,AGENCIA DE ADUANAS ACOLCEX S.A.S. NIVEL 2,Agencia de Aduanas Nivel 2,530,Nivel Nacional,530,,
806000830,AGENCIA DE ADUANAS REHOBOT S.A.S. NIVEL 2,Agencia de Aduanas Nivel 2,531,Nivel Nacional,531,,
900262079,AGENCIA DE ADUANAS AMERICAN CUSTOMS NIVEL 2 S.A.S.,Agencia de Aduanas Nivel 2,541,Nivel Nacional,541,,
900272986,AGENCIA DE ADUANAS ZONA SEGURA S.A.S. NIVEL 2,Agencia de Aduanas Nivel 2,545,Nivel Nacional,545,,
900536415,AGENCIA DE ADUANAS G5 SAS NIVEL 2,Agencia de Aduanas Nivel 2,564,Nivel Nacional,564,,
805027150,AGENCIA DE ADUANAS T&C ASOCIADOS S.A. NIVEL 2,Agencia de Aduanas Nivel 2,565,Nivel Nacional,565,,
900736525,AGENCIA DE ADUANAS AGEM ADUANA S.A.S NIVEL 2,Agencia de Aduanas Nivel 2,566,Nivel Nacional,566,,
900220488,AGENCIA DE ADUANAS EAGLE TRADE S A S NIVEL 2,Agencia de Aduanas Nivel 2,571,Nivel Nacional,571,,
900908875,AGENCIA DE ADUANAS ASL NIVEL 2 SAS,Agencia de Aduanas Nivel 2,572,Nivel Nacional,572,,
901076655,INTERLACE AGENCIA DE ADUANAS SAS NIVEL 2,Agencia de Aduanas Nivel 2,578,Nivel Nacional,578,,
901119179,AGENCIA DE ADUANAS TIMEXWORLD S.A.S. NIVEL 2,Agencia de Aduanas Nivel 2,579,Nivel Nacional,579,,
900161973,ESPECIAL QUALITY LOGISTIC SOCIEDAD POR ACCIONES SIMPLIFICADAS AGENCIA DE ADUANAS NIVEL 2,Agencia de Aduanas Nivel 2,581,Nivel Nacional,581,,
901178240,AGENCIA DE ADUANAS GRUPO ES & R INTERNACIONAL NIVEL 2 SAS,Agencia de Aduanas Nivel 2,583,Nivel Nacional,583,,
900266976,AGENCIA DE ADUANAS GEODIS COLOMBIA S.A.S NIVEL 2,Agencia de Aduanas Nivel 2,584,Nivel Nacional,584,,
901255510,AGENCIA DE ADUANAS MAG CUSTOMS SAS NIVEL 2,Agencia de Aduanas Nivel 2,585,Nivel Nacional,585,,
900281241,AGENCIA DE ADUANAS OPERADORES LOGISTICOS EN COMERCIO EXTERIOR S.A.S NIVEL 2,Agencia de Aduanas Nivel 2,587,Nivel Nacional,587,,
901282004,AGENCIA DE ADUANAS GROUP COMEX S.A.S NIVEL 2,Agencia de Aduanas Nivel 2,595,Nivel Nacional,595,,
900120371,AGENCIA DE ADUANAS CONTROL SIA SAS NIVEL 2,Agencia de Aduanas Nivel 2,596,Nivel Nacional,596,,
901335945,AGENCIA DE ADUANAS GLOBAL CARGO SAS NIVEL 2,Agencia de Aduanas Nivel 2,597,Nivel Nacional,597,,
901079523,AGENCIA DE ADUANAS CENTRAL COMEX LOGISTIC SAS NIVEL 2,Agencia de Aduanas Nivel 2,598,Nivel Nacional,598,,
800226870,"AGENCIA DE ADUANAS CORPORACION INTERNACIONAL DE COMERCIO EXTERIOR HAYDEAR S.A.S., NIVEL 2",Agencia de Aduanas Nivel 2,599,Nivel Nacional,599,,
901396362,AGENCIA DE ADUANAS A&V ADUANAS Y VALORES NIVEL 2 SAS,Agencia de Aduanas Nivel 2,600,Nivel Nacional,600,,
900177367,AGENCIA DE ADUANAS ASERVICOMEX ASESORES S.A.S. NIVEL 2,Agencia de Aduanas Nivel 2,601,Nivel Nacional,601,,
901370030,AGENCIA DE ADUANAS PROSERCOMEX S.A.S NIVEL 2,Agencia de Aduanas Nivel 2,602,Nivel Nacional,602,,
901461303,AGENCIA DE ADUANAS COINTEX SAS NIVEL 2,Agencia de Aduanas Nivel 2,603,Nivel Nacional,603,,
901480825,AGENCIA DE ADUANAS ELITE WORLD WIDE S.A.S. NIVEL 2,Agencia de Aduanas Nivel 2,605,Nivel Nacional,605,,
901476000,AGENCIA DE ADUANAS SOMOSCOMEX SAS NIVEL 2,Agencia de Aduanas Nivel 2,607,Nivel Nacional,607,,
901491519,AGENCIA DE ADUANAS COMEX CJC SAS NIVEL 2.,Agencia de Aduanas Nivel 2,1328,Nivel Nacional,1328,,
901497700,AGENCIA DE ADUANAS RIALGAVA INTERNACIONAL NIVEL 2 SAS,Agencia de Aduanas Nivel 2,1327,Nivel Nacional,1327,,
900357336,AGENCIA DE ADUANAS COMEXPAL S.A.S NIVEL 2,Agencia de Aduanas Nivel 2,1334,Nivel Nacional,1334,,
901106968,AGENCIA DE ADUANAS FEDEX EXPRESS COLOMBIA S.A.S. NIVEL 2,Agencia de Aduanas Nivel 2,1340,Nivel Nacional,1340,,
901588266,AGENCIA DE ADUANAS SCHRYVER DE (COLOMBIA) S.A.S NIVEL 2,Agencia de Aduanas Nivel 2,1365,Nivel Nacional,1365,,
901606905,AGENCIA DE ADUANAS LOGICX SAS NIVEL 2,Agencia de Aduanas Nivel 2,1405,Nivel Nacional,1405,,
901445331,AGENCIA DE ADUANAS SLS CUSTOMS SAS NIVEL 2,Agencia de Aduanas Nivel 2,1430,Nivel Nacional,1430,,
901440239,AGENCIA DE ADUANAS AR LOGISTY SAS NIVEL 2,Agencia de Aduanas Nivel 2,1421,Nivel Nacional,1421,,
811000468,AGENCIA DE ADUANAS GOMEZ Y ASOCIADOS SAS NIVEL 2,Agencia de Aduanas Nivel 2,1450,Nivel Nacional,1450,,
901700789,AGENCIA DE ADUANAS ADUALOGCOMEX SAS NIVEL 2,Agencia de Aduanas Nivel 2,1471,Nivel Nacional,1471,,
901575136,AGENCIA DE ADUANAS MUNDIADUANAS S.A.S. NIVEL 2,Agencia de Aduanas Nivel 2,1461,Nivel Nacional,1461,,
901669388,AGENCIA DE ADUANAS NEW COMEX ADVANCE NIVEL 2 SAS,Agencia de Aduanas Nivel 2,1468,Nivel Nacional,1468,,
901539999,AGENCIA DE ADUANAS PRIMERA LINEA S.A.S NIVEL 2,Agencia de Aduanas Nivel 2,1499,Nivel Nacional,1499,,
901660394,AGENCIA DE ADUANAS MUNDIAL CARGO SAS NIVEL 2,Agencia de Aduanas Nivel 2,1513,Nivel Nacional,1513,,
901715874,AGENCIA DE ADUANAS ANCO S.A.S NIVEL 2,Agencia de Aduanas Nivel 2,1561,Nivel Nacional,1561,,
901718585,AGENCIA DE ADUANAS ASOCIACION ADUANERA INTERNACIONAL SAS NIVEL 2,Agencia de Aduanas Nivel 2,1579,Nivel Nacional,1579,,
901707955,AGENCIA DE ADUANAS ADUACOL INTERNACIONAL SAS NIVEL 2,Agencia de Aduanas Nivel 2,1614,Nivel Nacional,1614,,
901787762,AGENCIA DE ADUANAS CONLOGICAS NIVEL 2 SAS,Agencia de Aduanas Nivel 2,1590,Nivel Nacional,1590,,
901742681,AGENCIA DE ADUANAS RUBICAM S.A.S. NIVEL 2,Agencia de Aduanas Nivel 2,1604,Nivel Nacional,1604,,
901795142,AGENCIA DE ADUANAS SUNRISE CUSTOMS S.A.S NIVEL 2,Agencia de Aduanas Nivel 2,1594,Nivel Nacional,1594,,
901734867,KARIVER AGENCIA DE ADUANAS S.A.S NIVEL 2,Agencia de Aduanas Nivel 2,1608,Nivel Nacional,1608,,
901707928,AGENCIA DE ADUANAS INTERNATIONAL CUSTOMS BROKER S.A.S NIVEL 2,Agencia de Aduanas Nivel 2,1651,Nivel Nacional,1651,,
900300002,AGENCIA DE ADUANAS SECURITYS S A S NIVEL 2,Agencia de Aduanas Nivel 2,552,Nivel Nacional,552,,
901793561,AGENCIA DE ADUANAS WP COMEX S.A.S. NIVEL 2,Agencia de Aduanas Nivel 2,1652,Nivel Nacional,1652,,
901796193,AGENCIA DE ADUANAS LET LOGISTICS NIVEL 2 S.A.S,Agencia de Aduanas Nivel 2,1650,Nivel Nacional,1650,,
901930312,AGENCIA DE ADUANAS AUROADUANAS NIVEL 2 S.A.S,Agencia de Aduanas Nivel 2,1718,Nivel Nacional,1718,,
901714170,AGENCIA DE ADUANAS GRUPO LOGISTICO EAM SAS NIVEL 2,Agencia de Aduanas Nivel 2,1724,Nivel Nacional,1724,,
901811206,AGENCIA DE ADUANAS PUERTOS Y FRONTERAS NIVEL 2 S.A.S.,Agencia de Aduanas Nivel 2,1727,Nivel Nacional,1727,,
901873539,AGENCIA DE ADUANAS MUNDIAL IMPORT & EXPORT NIVEL 2 SAS,Agencia de Aduanas Nivel 2,1737,Nivel Nacional,1737,,
901668765,AGENCIA DE ADUANAS NEXO NIVEL 2 S.A.S.,Agencia de Aduanas Nivel 2,1741,Nivel Nacional,1741,,
901802557,AGENCIA DE ADUANAS ONE CUSTOMS SAS NIVEL 2,Agencia de Aduanas Nivel 2,1755,Nivel Nacional,1755,,
900117029,AGENCIA DE ADUANAS MUNDIAL DE SERVICIOS INTERNACIONALES S.A.S. NIVEL 3,Agencia de Aduanas Nivel 3,520,Maicao,520,,
837000003,AGENCIA DE ADUANAS ASOCOMEX SAS NIVEL 3,Agencia de Aduanas Nivel 3,524,Ipiales,524,,
900788285,AGENCIA DE ADUANAS OCEAN COMMERCE INTL.SAS NIVEL 3,Agencia de Aduanas Nivel 3,568,Maicao,568,,
900839011,AGENCIA DE ADUANAS LOGISTICA Y ADUANAS S.A.S NIVEL III,Agencia de Aduanas Nivel 3,569,Santa Marta,569,,
900987476,AGENCIA DE ADUANAS DYG COMEX S.A.S NIVEL 3,Agencia de Aduanas Nivel 3,574,Cúcuta,574,,
901478054,AGENCIA DE ADUANAS GLOBAL SERIMEX S.A.S. NIVEL 3,Agencia de Aduanas Nivel 3,604,Cúcuta,604,,
901485289,AGENCIA DE ADUANAS SERVICIO DE COMERCIO EXTERIOR 'SERVICOEX' SAS - NIVEL 3,Agencia de Aduanas Nivel 3,606,Cúcuta,606,,
827000054,AGENCIA DE ADUANAS CARLOS LIVINGSTON & RANKIN E HIJOS LTDA NIVEL 4,Agencia de Aduanas Nivel 4,325,San Andrés,325,,
827000884,AGENCIA DE ADUANAS PUERTO LIBRE LTDA NIVEL 4,Agencia de Aduanas Nivel 4,458,San Andrés,458,,
900246070,AGENCIA DE ADUANAS CARIBE SAI LTDA NIVEL 4,Agencia de Aduanas Nivel 4,537,San Andrés,537,,
830050593,ITALIAN SHIPPING CARGO LIMITADA I S C LTDA,Agente de carga internacional marítimo,1,Barranquilla;Buenaventura;Cartagena;Santa Marta,,,
800039996,KUEHNE + NAGEL S A S,Agente de carga internacional marítimo,11,Buenaventura;Barranquilla;Cartagena;Santa Marta,,,
800024075,COLTRANS S.A,Agente de carga internacional marítimo,23,Buenaventura;Barranquilla;Cartagena;Santa Marta,,,
860535640,ABC CARGO LOGISTIC S.A.S,Agente de carga internacional marítimo,25,Barranquilla; Cartagena; Santa Marta; Buenaventura; Urabá,,,
800159856,MAHE NEUTRAL SHIPPING S.A.S,Agente de carga internacional marítimo,27,Buenaventura;Barranquilla;Cartagena;Santa Marta,,,
800241469,TRANSBORDER S A S,Agente de carga internacional marítimo,29,Buenaventura;Barranquilla;Cartagena;Santa Marta,,,
800158095,ANCLA CARGA LIMITADA,Agente de carga internacional marítimo,36,Cartagena;Barranquilla;Santa Marta;Buenaventura,,,
800210526,SCHRYVER DE COLOMBIA S A S,Agente de carga internacional marítimo,42,Buenaventura;Barranquilla;Cartagena;Santa Marta,,,
830008524,RHENUS LOGISTICS COLOMBIA S.A.S,Agente de carga internacional marítimo,54,Buenaventura;Barranquilla;Cartagena;Santa Marta,,,
860030380,DHL GLOBAL FORWARDING (COLOMBIA ) S.A.S.,Agente de carga internacional marítimo,69,Buenaventura;Barranquilla;Cartagena;Santa Marta;Urabá,,,
860039960,BRUCE DUNCAN CARGO DE COLOMBIA S.A.S.,Agente de carga internacional marítimo,92,Buenaventura;Barranquilla;Cartagena;Santa Marta,,,
806005620,TTG INTERNATIONAL FREIGHT FORWARDERS S.A,Agente de carga internacional marítimo,93,Buenaventura;Barranquilla;Cartagena;Santa Marta,,,
860508002,AGENTRANSCOL LTDA,Agente de carga internacional marítimo,104,Buenaventura;Barranquilla;Cartagena;Santa Marta,,,
860001623,AVIOMAR S A.S EXPRESOS AEREOS Y MARITIMOS,Agente de carga internacional marítimo,116,Buenaventura;Barranquilla;Cartagena;Santa Marta,,,
811026845,GLODEX S. A. S.,Agente de carga internacional marítimo,127,Buenaventura;Barranquilla;Cartagena;Santa Marta;Riohacha,,,
830050256,EXPEDITORS DE COLOMBIA LIMITADA,Agente de carga internacional marítimo,131,Buenaventura;Barranquilla;Cartagena;Santa Marta,,,
830063139,AIMARCOL S A S,Agente de carga internacional marítimo,142,Buenaventura;Barranquilla;Cartagena;Santa Marta,,,
860506531,"ASESORIAS, REPRESENTACIONES, ADMINISTRACION Y SERVICIOS SAS",Agente de carga internacional marítimo,149,Buenaventura;Barranquilla;Cartagena;Santa Marta,,,
830099025,CONSOLCARGO S.A.S.,Agente de carga internacional marítimo,156,Buenaventura;Barranquilla;Cartagena;Santa Marta,,,
802017106,MERCO CARGO S.A.S.,Agente de carga internacional marítimo,159,Buenaventura;Barranquilla;Cartagena;Santa Marta,,,
806009473,UNITED LOGISTIC SERVICES S.A.S,Agente de carga internacional marítimo,174,Buenaventura;Barranquilla;Cartagena,,,
811028981,TCC CARGO S.A.S.,Agente de carga internacional marítimo,177,Buenaventura;Barranquilla;Cartagena;Santa Marta;Urabá,,,
806008047,BDP COLOMBIA S.A.S.,Agente de carga internacional marítimo,180,Buenaventura;Barranquilla;Cartagena;Santa Marta,,,
830118671,CARGOLOG INTERNACIONAL SAS,Agente de carga internacional marítimo,190,Buenaventura;Barranquilla;Cartagena;Santa Marta;Maicao,,,
830121676,SPACE CARGO LTDA,Agente de carga internacional marítimo,201,Buenaventura;Barranquilla;Cartagena;Santa Marta,,,
830011100,AGENCIA DE CARGA AVIATUR S.A,Agente de carga internacional marítimo,206,Buenaventura;Barranquilla;Cartagena;Santa Marta,,,
800171096,WORLDLINK CARGO S A,Agente de carga internacional marítimo,214,Buenaventura;Barranquilla;Cartagena;Santa Marta,,,
890103820,ACI CARGO LOGISTICA SOCIEDAD ANONIMA,Agente de carga internacional marítimo,215,Buenaventura;Barranquilla;Cartagena;Santa Marta,,,
830127962,NEXUS LOGISTICS SAS,Agente de carga internacional marítimo,216,Buenaventura;Barranquilla;Cartagena;Tumaco;San Andrés,,,
830079716,CEVA FREIGHT MANAGEMENT DE COLOMBIA S.A.S.,Agente de carga internacional marítimo,222,Buenaventura;Barranquilla;Cartagena;Santa Marta;Urabá;Riohacha;Tumaco;San Andrés,,,
830135231,AGENCIA COLOMBIANA DE LOGISTICA S.A.S.,Agente de carga internacional marítimo,226,Buenaventura;Barranquilla;Cartagena;Santa Marta,,,
830055467,GEODIS COLOMBIA LTDA,Agente de carga internacional marítimo,230,Buenaventura;Barranquilla;Cartagena;Santa Marta,,,
830055625,JAS FORWARDING DE COLOMBIA S.A.S.,Agente de carga internacional marítimo,239,Buenaventura;Barranquilla;Cartagena;Santa Marta;Urabá;Tumaco;San Andrés,,,
830129844,TAURUS LOGISTICS COLOMBIA S A S,Agente de carga internacional marítimo,241,Buenaventura;Barranquilla;Cartagena;Santa Marta;Urabá,,,
830030945,E C CARGO S. A. S.,Agente de carga internacional marítimo,247,Buenaventura;Barranquilla;Cartagena;Santa Marta; Urabá,,,
830136560,LOGISTICS SUPPLIER GROUP S.A.,Agente de carga internacional marítimo,249,Buenaventura;Barranquilla;Cartagena;Santa Marta,,,
830002655,INTERWORLD FREIGHT S.A.S.,Agente de carga internacional marítimo,252,Buenaventura;Barranquilla;Cartagena;Santa Marta;Urabá,,,
830085087,UPS SCS (COLOMBIA) LTDA.,Agente de carga internacional marítimo,254,Buenaventura;Barranquilla;Cartagena;Santa Marta;Urabá;Riohacha;Tumaco;San Andrés,,,
800233052,ALMAVIVA GLOBAL CARGO S.A.S,Agente de carga internacional marítimo,257,Buenaventura;Barranquilla;Cartagena;Santa Marta;Urabá;Riohacha,,,
830089294,COLUMBUS INTERNATIONAL FREIGHT FORWARDERS S.A.S,Agente de carga internacional marítimo,261,Buenaventura;Barranquilla;Cartagena;Santa Marta,,,
802016363,TRANS ARENAS INTERNATIONAL CARGO S.A.S.,Agente de carga internacional marítimo,262,Buenaventura;Barranquilla;Cartagena;Santa Marta,,,
830508378,CIF WORLDWIDE LOGISTICS S.A.S,Agente de carga internacional marítimo,266,Buenaventura;Barranquilla;Cartagena;Santa Marta,,,
830050590,JB LOGISTIC LTDA,Agente de carga internacional marítimo,267,Buenaventura;Barranquilla;Cartagena;Santa Marta,,,
900025711,TRANSOCEANICA S A S,Agente de carga internacional marítimo,277,Buenaventura;Barranquilla;Cartagena;Santa Marta,,,
900020436,SKY & SEA LOGISTICS LTDA,Agente de carga internacional marítimo,286,Buenaventura;Barranquilla;Cartagena;Santa Marta,,,
900043088,MAREX CARGO S.A,Agente de carga internacional marítimo,287,Buenaventura;Barranquilla;Cartagena;Santa Marta;Urabá,,,
900026089,GAMALOG S.A.S,Agente de carga internacional marítimo,288,Buenaventura;Barranquilla;Cartagena;Santa Marta;Urabá;San Andrés,,,
900047228,MELYAKARGO LIMITADA,Agente de carga internacional marítimo,290,Buenaventura;Cartagena,,,
800208834,VALLEY CARGO S.A.S,Agente de carga internacional marítimo,292,Buenaventura;Barranquilla;Cartagena;Santa Marta;Urabá;Tumaco,,,
900063369,FRACHT COLOMBIA S A S,Agente de carga internacional marítimo,303,Buenaventura;Barranquilla;Cartagena;Santa Marta;Urabá;Riohacha,,,
900074799,INTERPORT LOGISTICS COLOMBIA S.A.S.,Agente de carga internacional marítimo,307,Buenaventura;Barranquilla;Cartagena;Santa Marta,,,
830013626,COMPAÑIA ITALIANA DE TRANSPORTES S.A.S. COMITRANS S.A.S,Agente de carga internacional marítimo,309,Buenaventura;Barranquilla;Cartagena;Santa Marta;Urabá;Riohacha,,,
900038521,MSL DE COLOMBIA LTDA,Agente de carga internacional marítimo,321,Buenaventura;Barranquilla;Cartagena;Santa Marta,,,
830012850,SC CARGO S.A.S.,Agente de carga internacional marítimo,322,Buenaventura;Barranquilla;Cartagena;Santa Marta,,,
860040585,SUNRISE CARGO S.A.S,Agente de carga internacional marítimo,324,Buenaventura;Barranquilla;Cartagena;Santa Marta;San Andrés,,,
830514511,VICTORIA LINE COLOMBIA S.A.S,Agente de carga internacional marítimo,333,Buenaventura;Barranquilla;Cartagena;Santa Marta;Riohacha;San Andrés,,,
800063840,INTERNACIONAL SAENZ GOMEZ LTDA INTERSAGO LTDA,Agente de carga internacional marítimo,341,Buenaventura;Barranquilla;Cartagena;Santa Marta,,,
900049724,MAC LOGISTIC GROUP SAS,Agente de carga internacional marítimo,344,Buenaventura;Barranquilla;Cartagena;Santa Marta,,,
900134312,TRANSPORTE EXTERIOR CARGO LIMITADA,Agente de carga internacional marítimo,348,Buenaventura;Barranquilla;Cartagena;Santa Marta;Urabá;Riohacha,,,
900139232,VANGUARD LOGISTICS SERVICES COLOMBIA S.A.,Agente de carga internacional marítimo,355,Buenaventura;Barranquilla;Cartagena;Santa Marta,,,
830059913,LINE CARGO SAS,Agente de carga internacional marítimo,360,Buenaventura;Barranquilla;Cartagena;Santa Marta,,,
819006841,TRANSMARES LOGISTICA S.A.S,Agente de carga internacional marítimo,361,Buenaventura;Barranquilla;Cartagena;Santa Marta,,,
830146204,ADUANAS Y LOGISTICA INTERNACIONAL S A S,Agente de carga internacional marítimo,365,Buenaventura;Barranquilla;Cartagena;Santa Marta,,,
900160595,NORTH CARGA S.A.S,Agente de carga internacional marítimo,366,Buenaventura;Barranquilla;Cartagena;Santa Marta,,,
805028610,MASTER FREIGHT INTERNATIONAL S.A.S,Agente de carga internacional marítimo,369,Buenaventura;Barranquilla;Cartagena,,,
900131441,SERVICE & LOGISTIC SOCIEDAD POR ACCIONES SIMPLIFICADA,Agente de carga internacional marítimo,374,Buenaventura;Barranquilla;Cartagena;Santa Marta;Urabá,,,
811012106,MAGNUM LOGISTICS S.A.S.,Agente de carga internacional marítimo,385,Buenaventura;Barranquilla;Cartagena;Santa Marta,,,
900160943,ULOG S.A.S.,Agente de carga internacional marítimo,387,Buenaventura;Barranquilla;Cartagena;Santa Marta,,,
811032988,JUPITER GLOBAL DE COLOMBIA S.A.S.,Agente de carga internacional marítimo,398,Barranquilla; Buenaventura; Cartagena; Santa Marta; San Andrés,,,
900218858,LEADERSHIP-FREIGHT DE COLOMBIA LTDA.,Agente de carga internacional marítimo,399,Barranquilla; Buenaventura; Cartagena; Santa Marta; Urabá; San Andrés,,,
900041757,SKY FORWARDER S.A.S,Agente de carga internacional marítimo,402,Buenaventura;Barranquilla;Cartagena;Santa Marta,,,
900185089,PRESSEX LOGISTICS SAS,Agente de carga internacional marítimo,410,Buenaventura;Barranquilla;Cartagena;Santa Marta,,,
900254170,CARIBBEAN CARGO AGENCY S.A.S,Agente de carga internacional marítimo,428,Buenaventura;Barranquilla;Cartagena;Santa Marta,,,
830136376,CAPITAL FREIGHT SAS,Agente de carga internacional marítimo,439,Buenaventura;Barranquilla;Cartagena;Santa Marta;Riohacha;Maicao,,,
800103826,CHAMPION AIR CARGO DE COLOMBIA LTDA,Agente de carga internacional marítimo,442,Barranquilla; Buenaventura; Cartagena; Santa Marta,,,
900022161,TERRANOVA LOGISTICA INTERNACIONAL SAS,Agente de carga internacional marítimo,446,Buenaventura;Barranquilla;Cartagena;Santa Marta,,,
800230052,SERACOMEX SAS,Agente de carga internacional marítimo,451,Buenaventura;Barranquilla;Cartagena;Santa Marta,,,
900309856,FREIGHT LOGISTIC S. A. S.,Agente de carga internacional marítimo,452,Buenaventura;Barranquilla;Cartagena;Santa Marta;Urabá,,,
900183392,GRUPO ALLCARGO GLOBAL S.A. S. Y / O GRALLCO S.A.S.,Agente de carga internacional marítimo,454,Buenaventura;Barranquilla;Cartagena;Santa Marta,,,
900054920,F.H. BERTLING LOGISTICS COLOMBIA S A S,Agente de carga internacional marítimo,460,Buenaventura;Barranquilla;Cartagena;Santa Marta,,,
900183090,ANKER LOGISTICA Y CARGA S.A.S,Agente de carga internacional marítimo,463,Buenaventura;Barranquilla;Cartagena;Santa Marta,,,
800050084,SYSTEM AMERICAN CARGO LTDA,Agente de carga internacional marítimo,469,Buenaventura;Barranquilla;Cartagena;Santa Marta,,,
900338107,COLOMBIA CARGO INTERNATIONAL SAS,Agente de carga internacional marítimo,471,Buenaventura;Barranquilla;Cartagena;Santa Marta;Urabá,,,
800157190,CARGA DIRECTA O T M S A Y/O DIRECT CARGO LOGISTICS S A,Agente de carga internacional marítimo,475,Buenaventura;Barranquilla;Cartagena;Santa Marta,,,
900366593,LA GRAN AGENCIA DE CARGA INTERNACIONALSAS,Agente de carga internacional marítimo,479,Buenaventura;Barranquilla;Cartagena;Santa Marta,,,
900131599,CONTINENTAL FREIGHT S A S.,Agente de carga internacional marítimo,483,Buenaventura;Barranquilla;Cartagena;Santa Marta;Urabá;San Andrés,,,
900376978,LOGIMPEX CARGO S.A.S,Agente de carga internacional marítimo,493,Buenaventura;Barranquilla;Cartagena;Santa Marta,,,
860518074,ZARATRANS S A S,Agente de carga internacional marítimo,494,Buenaventura;Barranquilla;Cartagena;Santa Marta,,,
900070289,A G LOGISTICS FREIGHT S.A.S.,Agente de carga internacional marítimo,498,Buenaventura;Barranquilla;Cartagena;Santa Marta,,,
900417210,CIPELOG S.A.S,Agente de carga internacional marítimo,514,Buenaventura;Barranquilla;Cartagena;Santa Marta,,,
900225444,SUPPLY LOGISTICS SOLUTIONS LTDA,Agente de carga internacional marítimo,517,Buenaventura;Barranquilla;Cartagena;Santa Marta,,,
860500475,INTERANDINA DE CARGA LTDA,Agente de carga internacional marítimo,520,Buenaventura;Barranquilla;Cartagena;Santa Marta;Urabá;Riohacha;Tumaco;Maicao,,,
830048268,EURO SHIPPING SERVICES S.A.S,Agente de carga internacional marítimo,526,Buenaventura;Barranquilla;Cartagena,,,
900436285,DISTRICARGO INC LOGISTICS COLOMBIA S.A.S,Agente de carga internacional marítimo,528,Buenaventura;Barranquilla;Cartagena;Santa Marta;Urabá,,,
900419247,TRANSMODAL EXPRESS S.A.S.,Agente de carga internacional marítimo,531,Buenaventura;Barranquilla;Cartagena;Santa Marta,,,
900442831,COLOMBIAN CARGO LOGISTICS S.A.S.,Agente de carga internacional marítimo,533,Buenaventura;Barranquilla;Cartagena,,,
900445838,AGENCIA DE CARGA INTERNACIONAL CEA CARGO S.A.S.,Agente de carga internacional marítimo,534,Buenaventura;Barranquilla;Cartagena;Santa Marta;Urabá,,,
830088629,TRANSPORT RICH LOGISTIC SAS,Agente de carga internacional marítimo,536,Buenaventura;Barranquilla;Cartagena;Santa Marta,,,
800252819,TRANSPORTE MARITIMO Y AEREO DE CARGA S A S,Agente de carga internacional marítimo,538,Buenaventura;Barranquilla;Cartagena;Santa Marta,,,
900425028,A. HARTRODT COLOMBIA S.A.S.,Agente de carga internacional marítimo,540,Buenaventura;Barranquilla;Cartagena;Santa Marta,,,
830139676,CARGOCOL S.A.S BROKERS & FORWARDERS,Agente de carga internacional marítimo,541,Buenaventura;Barranquilla;Cartagena,,,
811007160,KELLY FREIGHT SYSTEMS S.A.S,Agente de carga internacional marítimo,543,Buenaventura;Barranquilla;Cartagena;Santa Marta,,,
900305861,WORLD TRADE LOGISTIC S.A.S,Agente de carga internacional marítimo,545,Buenaventura;Barranquilla;Cartagena;Santa Marta,,,
900172898,L&L INTERNATIONAL FORWARDER S.A.S.,Agente de carga internacional marítimo,546,Buenaventura;Barranquilla;Cartagena;Santa Marta,,,
900075579,NOATUM LOGISTICS COLOMBIA INC. S.A.S,Agente de carga internacional marítimo,547,Buenaventura;Barranquilla;Cartagena;Santa Marta,,,
900387656,CWW COLOMBIA LTDA,Agente de carga internacional marítimo,548,Buenaventura;Barranquilla;Cartagena;Santa Marta,,,
900462522,CARGO COMPASS COLOMBIA S A S,Agente de carga internacional marítimo,549,Buenaventura;Barranquilla;Cartagena;Santa Marta;Urabá;Riohacha;Tumaco;San Andrés,,,
900343182,CARGO PLUS S.A.S.,Agente de carga internacional marítimo,551,Buenaventura;Barranquilla;Cartagena;Santa Marta;Urabá,,,
900072642,LET LOGISTICS S.A.S,Agente de carga internacional marítimo,555,Buenaventura;Barranquilla;Cartagena;Santa Marta,,,
900062959,DIETRICH LOGISTICS INTERNACIONAL S. A. S. - DLOG,Agente de carga internacional marítimo,558,Buenaventura;Barranquilla;Cartagena;Santa Marta;Urabá;Riohacha;Maicao;San Andrés,,,
830116591,BG LOGISTICS AGENTE DE CARGA INTERNACIONAL S.A.S.,Agente de carga internacional marítimo,559,Buenaventura;Barranquilla;Cartagena;Santa Marta;Urabá;Riohacha,,,
900064519,RED CARGO SA,Agente de carga internacional marítimo,560,Buenaventura;Barranquilla;Cartagena;Santa Marta,,,
900104014,TGL COLOMBIA LTDA,Agente de carga internacional marítimo,561,Buenaventura;Barranquilla;Cartagena;Santa Marta;Riohacha;Tumaco,,,
900373731,AGUNSA LOGISTICS S.A.S,Agente de carga internacional marítimo,566,Buenaventura;Barranquilla;Cartagena;Santa Marta,,,
900483379,LEAN LOGISTICS S.A.S.,Agente de carga internacional marítimo,570,Buenaventura;Barranquilla;Cartagena;Santa Marta,,,
900497857,LX PANTOS COLOMBIA S.A.S,Agente de carga internacional marítimo,571,Buenaventura;Barranquilla;Cartagena,,,
830009870,SEAIR TRANSPORT S A S,Agente de carga internacional marítimo,572,Buenaventura;Santa Marta,,,
830121586,JMC LOGISTICS CARGO SAS,Agente de carga internacional marítimo,573,Buenaventura;Barranquilla;Cartagena;Santa Marta;Urabá;San Andrés,,,
860403251,EXPORTACIONES INTERNACIONALES DE CARGA SAS,Agente de carga internacional marítimo,576,Buenaventura;Barranquilla;Cartagena;Santa Marta,,,
802003461,C S CARGO S.A.S,Agente de carga internacional marítimo,583,Buenaventura;Barranquilla;Cartagena;Santa Marta,,,
830037832,LIBREXPORT CARGO S A S,Agente de carga internacional marítimo,589,Buenaventura;Barranquilla;Cartagena;Santa Marta,,,
802017977,LOGIST CARGO S.A.S.,Agente de carga internacional marítimo,590,Buenaventura;Barranquilla;Cartagena;Santa Marta,,,
830088574,CRAFT COLOMBIA S A.S.,Agente de carga internacional marítimo,591,Buenaventura;Barranquilla;Cartagena;Santa Marta;Bogotá;Cali;Medellín,,,
800248701,TIBA COLOMBIA S.A.S.,Agente de carga internacional marítimo,592,Buenaventura;Barranquilla;Cartagena;Santa Marta,,,
900386719,HT LINE SOCIEDAD POR ACCIONES SIMPLIFICADA,Agente de carga internacional marítimo,594,Buenaventura;Barranquilla;Cartagena;Santa Marta,,,
900561822,VALSA CARGO SAS,Agente de carga internacional marítimo,598,Buenaventura;Barranquilla;Cartagena;Santa Marta;Urabá,,,
900444251,MASTERLINE COLOMBIA SOCIEDAD POR ACCIONES SIMPLIFICADA,Agente de carga internacional marítimo,602,Buenaventura;Barranquilla;Cartagena;Santa Marta;San Andrés,,,
830098354,GLOBAL LOGISTIC FREIGHT S. A. S.,Agente de carga internacional marítimo,603,Buenaventura;Barranquilla;Cartagena;Santa Marta,,,
900535653,LIG FORWARDER S.A.S,Agente de carga internacional marítimo,608,Buenaventura;Barranquilla;Cartagena;Santa Marta;Urabá;Tumaco;San Andrés,,,
900562724,A&F CARGO S.A.S.,Agente de carga internacional marítimo,615,Buenaventura;Barranquilla;Cartagena;Santa Marta,,,
830050317,WORLD CARGO INTERNATIONAL SAS,Agente de carga internacional marítimo,620,Buenaventura;Barranquilla;Cartagena;Santa Marta,,,
900618834,DSV AIR & SEA S.A.S.,Agente de carga internacional marítimo,627,Buenaventura;Barranquilla;Cartagena;Santa Marta;Urabá;Riohacha;Tumaco;San Andrés,,,
811016040,ITT COLOMBIA S.A.S.,Agente de carga internacional marítimo,628,Buenaventura;Barranquilla;Cartagena;Santa Marta,,,
800051433,OMEGA INTERNACIONAL S.A.S.,Agente de carga internacional marítimo,629,Buenaventura;Barranquilla;Cartagena;Santa Marta,,,
811046124,CSF LOGISTICS SAS,Agente de carga internacional marítimo,630,Buenaventura;Barranquilla;Cartagena;Santa Marta;Urabá,,,
805002894,SIDECARGO SERVICIOS INTEGRALES DE CARGA S.A.S.,Agente de carga internacional marítimo,631,Buenaventura;Barranquilla;Cartagena;Santa Marta,,,
900663699,LOFT LOGISTICS SAS,Agente de carga internacional marítimo,632,Buenaventura;Barranquilla;Cartagena;Santa Marta,,,
900662355,"M & B GRUPO INTERNACIONAL DE CARGA Y FLETES, S. A. S.",Agente de carga internacional marítimo,636,Buenaventura;Cartagena;Santa Marta,,,
830067119,CLC CARGO SAS,Agente de carga internacional marítimo,637,Buenaventura;Barranquilla;Cartagena;Santa Marta,,,
900064195,ORION EXPRESS CARGO SAS,Agente de carga internacional marítimo,712,Buenaventura;Cartagena,,,
900392306,FENIX GLOBAL CARGO S.A.S.,Agente de carga internacional marítimo,729,Buenaventura;Cartagena,,,
900478825,M&M LOGISTICS SAS,Agente de carga internacional marítimo,731,Buenaventura;Barranquilla;Cartagena;Santa Marta,,,
900006823,LOGITRADING SAS,Agente de carga internacional marítimo,736,Buenaventura;Barranquilla;Cartagena;Santa Marta;Tumaco,,,
830135560,NEW CARGO GROUP SAS,Agente de carga internacional marítimo,741,Buenaventura;Barranquilla;Cartagena;Santa Marta,,,
900754988,SERVADE LOGISTICS S.A.S,Agente de carga internacional marítimo,742,Buenaventura;Barranquilla;Cartagena;Santa Marta,,,
900389538,DELPA COLOMBIA S.A.S,Agente de carga internacional marítimo,743,Buenaventura;Barranquilla;Cartagena;Santa Marta,,,
900784744,C.H. ROBINSON INTERNATIONAL COLOMBIA SAS,Agente de carga internacional marítimo,744,Buenaventura;Barranquilla;Cartagena;Santa Marta,,,
900771190,NAVETRANS FREIGHT FORWARDERS COLOMBIA SAS,Agente de carga internacional marítimo,746,Buenaventura;Barranquilla;Cartagena;Santa Marta,,,
900871597,LOGWIN AIR + OCEAN COLOMBIA SAS,Agente de carga internacional marítimo,747,Buenaventura;Barranquilla;Cartagena;Santa Marta,,,
900828801,ANAVA INTERNATIONAL S.A.S,Agente de carga internacional marítimo,748,Buenaventura;Barranquilla;Cartagena;Santa Marta,,,
900839260,KANDO GLOBAL S.A.S.,Agente de carga internacional marítimo,749,Cartagena,,,
805005709,TRANSINTERNATIONAL CARGO S.A.S.,Agente de carga internacional marítimo,750,Buenaventura;Barranquilla;Cartagena;Santa Marta,,,
900909039,SMART FREIGHT AGENCIA DE CARGA INTERNACIONAL S.A.S.,Agente de carga internacional marítimo,754,Buenaventura;Barranquilla;Cartagena;Santa Marta,,,
900302335,TURBO CARGO MARITIME S.A.S.,Agente de carga internacional marítimo,756,Buenaventura;Barranquilla;Cartagena;Santa Marta;Riohacha;Tumaco;San Andrés;Sincelejo,,,
900828337,Z&S CARGO EXPRESS S.A.S.,Agente de carga internacional marítimo,761,Buenaventura;Barranquilla;Cartagena;Santa Marta;San Andrés,,,
860001265,INTRA MAR SHIPPING S.A.S,Agente de carga internacional marítimo,762,Buenaventura;Barranquilla;Cartagena;Santa Marta,,,
900776881,FIDAS`S AMERICA SAS,Agente de carga internacional marítimo,764,Buenaventura;Barranquilla;Cartagena;Santa Marta,,,
900977734,LICARGA S.A.S.,Agente de carga internacional marítimo,766,Buenaventura;Barranquilla;Cartagena;Santa Marta;Urabá,,,
830064537,TRANSTAINER S.A.S.,Agente de carga internacional marítimo,767,Buenaventura;Barranquilla;Cartagena;Santa Marta,,,
900066219,TRADE & BUSINESS S.A.S.,Agente de carga internacional marítimo,769,Buenaventura;Barranquilla;Cartagena;Santa Marta;Urabá;Riohacha,,,
900523440,CADA CARGO S.A.S.,Agente de carga internacional marítimo,770,Buenaventura;Barranquilla;Cartagena;Santa Marta;Urabá;Riohacha,,,
900568867,CEVA AIR & OCEAN COLOMBIA S.A.S,Agente de carga internacional marítimo,772,Buenaventura;Barranquilla;Cartagena;Santa Marta,,,
900021547,LOGIZTIK ALLIANCE GROUP S.A.S.,Agente de carga internacional marítimo,776,Buenaventura;Barranquilla;Cartagena;Santa Marta,,,
900684757,CNC WORLDWIDE COLOMBIA S A S,Agente de carga internacional marítimo,777,Buenaventura;Barranquilla;Cartagena;Santa Marta,,,
811040142,SAVINO DEL BENE COLOMBIA SAS,Agente de carga internacional marítimo,778,Buenaventura;Barranquilla;Cartagena;Santa Marta;Riohacha;Tumaco;San Andrés,,,
800180908,ECU WORLDWIDE (COLOMBIA) S.A.S.,Agente de carga internacional marítimo,779,Buenaventura;Barranquilla;Cartagena;Santa Marta;Tumaco,,,
900795808,SAMSUNG SDS GLOBAL SCL COLOMBIA S.A.S,Agente de carga internacional marítimo,780,Buenaventura;Barranquilla;Cartagena;Santa Marta;Tumaco,,,
900407412,PETRODERIVADOS COLOMBIANOS S.A.S,Agente de carga internacional marítimo,782,Buenaventura;Barranquilla;Cartagena;Santa Marta,,,
900908346,W LOGISTIC & CO. S.A.S.,Agente de carga internacional marítimo,784,Buenaventura;Barranquilla;Cartagena;Santa Marta,,,
900892680,AGEM CARGO S A S,Agente de carga internacional marítimo,786,Buenaventura;Barranquilla;Cartagena;Santa Marta;Urabá,,,
900773549,KL COMMERCE SAS,Agente de carga internacional marítimo,787,Buenaventura;Barranquilla;Cartagena;Santa Marta; Urabá,,,
900451536,BRIDGE CARGO S.A.S,Agente de carga internacional marítimo,788,Buenaventura;Barranquilla;Cartagena;Santa Marta,,,
900826328,ILOGS CORPORATE SAS,Agente de carga internacional marítimo,790,Buenaventura;Barranquilla;Cartagena;Santa Marta,,,
900517571,CLS LOGISTIC SOLUTIONS SAS,Agente de carga internacional marítimo,792,Buenaventura;Barranquilla;Cartagena;Santa Marta;Tumaco,,,
830106262,NEPTUNE LOGISTICS S.A.S.,Agente de carga internacional marítimo,798,Barranquilla; Buenaventura; Cartagena; Santa Marta,,,
900193318,GRUPO PANAMERICA S.A.S.,Agente de carga internacional marítimo,802,Buenaventura;Barranquilla;Cartagena;Santa Marta;Urabá,,,
900808391,NEXOS INTERNACIONAL S.A.S.,Agente de carga internacional marítimo,809,Buenaventura;Barranquilla;Cartagena,,,
900053300,EXCELLENT CARGO SERVICE S.A.S.,Agente de carga internacional marítimo,812,Buenaventura;Barranquilla;Cartagena;Santa Marta,,,
900360053,SOUL GREEN LOGISTICS S.A.S,Agente de carga internacional marítimo,813,Buenaventura;Barranquilla;Cartagena;Santa Marta,,,
900267904,SLOG SOLUCIONES LOGISTICAS S.A.S.,Agente de carga internacional marítimo,816,Buenaventura;Barranquilla;Cartagena;Santa Marta;Urabá,,,
806009758,IMEX LOGISTICS S.A.S.,Agente de carga internacional marítimo,819,Buenaventura;Barranquilla;Cartagena;Santa Marta,,,
900166133,CARGO GROUP INTERNATIONAL S.A.S,Agente de carga internacional marítimo,828,Buenaventura;Barranquilla;Cartagena;Santa Marta;Urabá,,,
900307028,GRUPO BSP SEALAND S.A.S.,Agente de carga internacional marítimo,832,Buenaventura;Barranquilla;Cartagena;Urabá,,,
900670924,GLOBAL FREIGHT S.A.S.,Agente de carga internacional marítimo,840,Buenaventura;Barranquilla;Cartagena;Santa Marta;Urabá;Riohacha,,,
900736469,XPERIAN LOGISTIC GROUP S.A.S,Agente de carga internacional marítimo,843,Buenaventura;Barranquilla;Cartagena;Santa Marta,,,
901020647,EUROPARTNERS COLOMBIA S.A.S.,Agente de carga internacional marítimo,847,Buenaventura;Barranquilla;Cartagena;Santa Marta;Riohacha;Tumaco;Maicao;San Andrés,,,
900285443,SIN FRONTERAS CUSTOM BROKERS S.A.S,Agente de carga internacional marítimo,850,Buenaventura;Barranquilla;Cartagena;Santa Marta;Tumaco,,,
901048812,ALONSO FORWARDING COLOMBIA SAS,Agente de carga internacional marítimo,851,Buenaventura;Barranquilla;Cartagena;Santa Marta;Urabá,,,
900488861,A.M.T. TRANSPORTE Y LOGISTICA S.A.S.,Agente de carga internacional marítimo,855,Buenaventura;Barranquilla;Cartagena;Santa Marta;Urabá,,,
901067387,ALTAMAR CARGO SERVICES S.A.S,Agente de carga internacional marítimo,859,Buenaventura;Barranquilla;Cartagena;Santa Marta,,,
900668340,A.M.T. LOGISTICS S.A.S,Agente de carga internacional marítimo,862,Buenaventura;Barranquilla;Cartagena;Santa Marta,,,
900568217,VELCOMEX S.A.S.,Agente de carga internacional marítimo,863,Buenaventura;Barranquilla;Cartagena;Santa Marta,,,
901016220,SERVICIOS INTEGRALES MULTIMODAL S.A.S,Agente de carga internacional marítimo,868,Buenaventura;Barranquilla;Cartagena;Santa Marta;Urabá,,,
900385697,ASERCARGA LOGISTIC S.A.S,Agente de carga internacional marítimo,869,Buenaventura;Barranquilla;Cartagena;Santa Marta,,,
900973971,UTC OVERSEAS COLOMBIA SAS,Agente de carga internacional marítimo,871,Buenaventura;Barranquilla;Cartagena;Santa Marta,,,
900051960,MANAGEMENT INTERNATIONAL TRADE LOGISTICS SAS,Agente de carga internacional marítimo,873,Buenaventura;Barranquilla;Cartagena;Santa Marta,,,
900530626,MAR CARGO SAS,Agente de carga internacional marítimo,875,Buenaventura;Barranquilla;Cartagena;Santa Marta,,,
900785491,CARGO PACIFIC FREIGHT FORWARDER S.A.S,Agente de carga internacional marítimo,877,Barranquilla;Santa Marta,,,
900581496,LOGISTICA 360 SAS,Agente de carga internacional marítimo,885,Buenaventura;Barranquilla;Cartagena;Santa Marta,,,
830114248,TRANSINTERCARGO LOGISTICA LTDA,Agente de carga internacional marítimo,888,Barranquilla; Buenaventura; Cartagena; Santa Marta; Urabá,,,
901141345,ANDES LOGISTICS COLOMBIA SAS,Agente de carga internacional marítimo,892,Buenaventura;Barranquilla;Cartagena;Santa Marta,,,
901030175,ALLIANCE GROUP SOLUTIONS SAS,Agente de carga internacional marítimo,909,Buenaventura;Barranquilla;Cartagena;Santa Marta,,,
900247212,BRIGHT LOGISTICS S.A.S.,Agente de carga internacional marítimo,924,Buenaventura;Barranquilla;Cartagena;Santa Marta;Riohacha,,,
900592077,DEPLOYMENT LOGISTICS S.A.S,Agente de carga internacional marítimo,939,Buenaventura;Barranquilla;Cartagena;Santa Marta;Urabá,,,
900773306,SOLUCIONES DEPCO S.A.S.,Agente de carga internacional marítimo,979,Buenaventura;Barranquilla;Cartagena;Santa Marta;San Andrés;Urabá,,,
901051713,CONSOLIDADORES LOGISTICOS ASOCIADOS INTERNATIONAL FREIGHT S A S,Agente de carga internacional marítimo,1009,Buenaventura;Barranquilla;Cartagena;Santa Marta;Urabá,,,
830506118,SECURITY INTERNATIONAL CARGO S A S,Agente de carga internacional marítimo,1016,Buenaventura;Barranquilla;Cartagena;Santa Marta;Tumaco,,,
901159973,OVERSEAS COLOMBIA SAS,Agente de carga internacional marítimo,1027,Buenaventura;Barranquilla;Cartagena;Santa Marta;Urabá,,,
830055277,AERO ASOCIADOS DE CARGA S.A.,Agente de carga internacional marítimo,1029,Buenaventura;Barranquilla;Cartagena;Santa Marta,,,
901155870,ALX LOGISTICS S.A.S,Agente de carga internacional marítimo,1043,Buenaventura;Barranquilla;Cartagena;Santa Marta;Urabá;Riohacha,,,
900877948,R & R LOGISTICS CUSTOM FREIGHT SOLUTIONS S.A.S,Agente de carga internacional marítimo,1046,Buenaventura;Barranquilla;Cartagena;Santa Marta,,,
901089610,SEI FREIGHT FORWARDER SAS,Agente de carga internacional marítimo,1050,Buenaventura;Barranquilla;Cartagena;Santa Marta,,,
901143484,DYNAMIC LOGISTICS COMPANY SAS,Agente de carga internacional marítimo,1062,Buenaventura;Barranquilla;Cartagena;Santa Marta,,,
900438144,SCALA LOGÍSTICA SAS,Agente de carga internacional marítimo,1073,Buenaventura;Barranquilla;Cartagena;Santa Marta,,,
901200274,ZIX COLOMBIA S.A.S.,Agente de carga internacional marítimo,1097,Buenaventura;Cartagena,,,
901266701,JOB´S TEAM CARGO SAS,Agente de carga internacional marítimo,1100,Buenaventura;Barranquilla;Cartagena;Santa Marta;Urabá;Riohacha;Tumaco;Maicao;San Andrés,,,
900542404,PEREZ Y CIA COLOMBIA S A S,Agente de carga internacional marítimo,1106,Buenaventura;Barranquilla;Cartagena;Santa Marta,,,
901015961,HTC COLOMBIA SAS,Agente de carga internacional marítimo,1114,Buenaventura;Barranquilla;Cartagena;Santa Marta;Urabá,,,
900943635,UNION CARGO LOGISTICS S.A.S.,Agente de carga internacional marítimo,1121,Buenaventura;Santa Marta;Cartagena;Barranquilla,,,
901193957,VESTA COLOMBIA SAS,Agente de carga internacional marítimo,1126,Buenaventura;Barranquilla;Cartagena;Santa Marta;Riohacha,,,
900706233,SEA CARGO LOGISTICS OVERSEAS COLOMBIA S.A. S,Agente de carga internacional marítimo,1127,Buenaventura;Santa Marta;Cartagena;Barranquilla;Urabá,,,
900067857,MULTIGLOBAL INVERSIONES S.A.S,Agente de carga internacional marítimo,1129,Cartagena;Barranquilla;Buenaventura;Santa Marta,,,
901259825,JS LOGISTICS SAS,Agente de carga internacional marítimo,1142,Cartagena;Barranquilla;Santa Marta;Buenaventura,,,
901195081,LT GLOBAL FORWARDER SAS,Agente de carga internacional marítimo,1145,Barranquilla; Buenaventura; Cartagena; Santa Marta,,,
901347816,TAYRONA AGENTE DE CARGA S.A.S.,Agente de carga internacional marítimo,1164,Barranquilla;Cartagena;Santa Marta;Buenaventura,,,
811015231,PLANET CARGO S.A. S.,Agente de carga internacional marítimo,1165,Cartagena;Barranquilla;Santa Marta;Buenaventura,,,
830106883,AAA INTERNATIONAL CARGO SAS,Agente de carga internacional marítimo,1166,Cartagena;Barranquilla;Santa Marta;Buenaventura,,,
900606682,NOVAFREIGHT S.A.S.,Agente de carga internacional marítimo,1168,Barranquilla;Cartagena;Buenaventura,,,
900270190,SOUTH FLORIDA SOLUTIONS S.A.S,Agente de carga internacional marítimo,1203,Barranquilla;Cartagena;Buenaventura;Santa Marta;Urabá,,,
830055662,GRUPO AEREO DE CARGA INTERNACIONAL S A S,Agente de carga internacional marítimo,1212,Cartagena;Barranquilla;Santa Marta;Buenaventura,,,
800067129,LBH COLOMBIA S.A.S,Agente de carga internacional marítimo,1218,Cartagena;Barranquilla;Santa Marta;Buenaventura;Riohacha,,,
900720404,LOGISTICS SOLUTIONS ACI S.A.S,Agente de carga internacional marítimo,1230,Buenaventura;Barranquilla;Cartagena;Santa Marta,,,
900869167,GLOBAL EXPEDITION LOGISTICS S.A.S,Agente de carga internacional marítimo,1232,Buenaventura;Barranquilla;Cartagena;Santa Marta;Urabá,,,
901437200,ENJOY BUSINESS SAS,Agente de carga internacional marítimo,1233,Cartagena;Barranquilla;Santa Marta;Buenaventura,,,
830128384,MERIDIAN LOGISTICS S.A.,Agente de carga internacional marítimo,1234,Cartagena;Barranquilla;Santa Marta;Buenaventura,,,
900267014,ADUANTIR COLOMBIA S.A.S,Agente de carga internacional marítimo,1240,Buenaventura;Barranquilla;Cartagena;Santa Marta,,,
900641692,ECONTAINERS S.A.S,Agente de carga internacional marítimo,1241,Cartagena;Barranquilla;Santa Marta;Buenaventura,,,
901085949,QUALITY LOGISTICS SERVICES SAS,Agente de carga internacional marítimo,1249,Buenaventura;Santa Marta;Cartagena;Barranquilla,,,
900973730,K&M HANDLING COLOMBIA S.A.S,Agente de carga internacional marítimo,1250,Buenaventura;Santa Marta;Cartagena;Barranquilla,,,
900292053,ALL IN CARGO S.A.S,Agente de carga internacional marítimo,1260,Buenaventura;Barranquilla;Cartagena;Santa Marta;Urabá,,,
901480909,LAMAIGNERE CARGO COLOMBIA S.A.S,Agente de carga internacional marítimo,1262,Buenaventura;Santa Marta;Cartagena;Barranquilla;Urabá,,,
901462286,BROKSCARGO S.A.S.,Agente de carga internacional marítimo,1273,Cartagena;Buenaventura,,,
860061308,AGENCIA DE ADUANAS PASAR LTDA NIVEL 1,Agente de carga internacional marítimo,1275,Barranquilla; Cartagena; Santa Marta; Riohacha; Buenaventura; Urabá; Tumaco,,,
901156962,PORTEX CARGO S.A.S.,Agente de carga internacional marítimo,1283,Cartagena;Barranquilla;Santa Marta;Buenaventura;Urabá,,,
800116501,SUPERCARGO INTERNATIONAL SERVICES S A,Agente de carga internacional marítimo,1284,Cartagena;Barranquilla;Buenaventura;Santa Marta;Urabá,,,
800060240,V.I.C. VALCARGO INTERNACIONAL SAS,Agente de carga internacional marítimo,1281,Barranquilla;Buenaventura;Santa Marta;Cartagena,,,
901438401,24K GLOBAL LOGISTICS SAS,Agente de carga internacional marítimo,1289,Barranquilla; Buenaventura; Cartagena; Santa Marta,,,
900626680,TRADING SOLUTIONS COMPANY S.A.S.,Agente de carga internacional marítimo,1320,Barranquilla; Cartagena; Santa Marta; Buenaventura,,,
900524429,CONTINENTAL LOGISTIC CARGO S.A.S.,Agente de carga internacional marítimo,1323,Cartagena; Barranquilla; Santa Marta; Buenaventura; Urabá,,,
901337039,FDD LOGISTICS SAS,Agente de carga internacional marítimo,1324,Barranquilla; Cartagena; Buenaventura; Santa Marta; Urabá,,,
901434673,RAMPS LOGISTICS COLOMBIA SAS,Agente de carga internacional marítimo,1337,Barranquilla; Buenaventura; Cartagena; Santa Marta; Urabá,,,
901316066,NOWPORTS COLOMBIA SAS,Agente de carga internacional marítimo,1342,Barranquilla; Cartagena; Buenaventura; Santa Marta; Urabá,,,
901460504,LAS INTERNATIONAL CARGO S.A.S,Agente de carga internacional marítimo,1354,Barranquilla; Cartagena; Santa Marta; Buenaventura,,,
901407550,TIMEX LOGISTICS S.A.S.,Agente de carga internacional marítimo,1348,Barranquilla; Buenaventura; Cartagena; Santa Marta; Urabá,,,
901575944,SHIPLILLY LATAM COLOMBIA S.A.S.,Agente de carga internacional marítimo,1351,Barranquilla; Cartagena; Buenaventura; Santa Marta; Urabá,,,
901371316,ONBOARD LOGISTICS COLOMBIA SAS,Agente de carga internacional marítimo,1367,Cartagena; Barranquilla; Buenaventura; Santa Marta,,,
900510380,LOGISTICA TRI CARGO SAS,Agente de carga internacional marítimo,1368,Cartagena; Barranquilla; Buenaventura; San Andrés; Santa Marta,,,
900489251,TRANSITEX COLOMBIA S.A.S.,Agente de carga internacional marítimo,1393,Cartagena; Barranquilla; Santa Marta; Buenaventura,,,
900926423,ACTUAL CARGO SERVICE SAS,Agente de carga internacional marítimo,1384,Cartagena; Barranquilla; Santa Marta; Buenaventura; Urabá,,,
900922722,CONTRACT LOGISTICS S.A.S,Agente de carga internacional marítimo,1387,Barranquilla; Cartagena; Buenaventura; Santa Marta; Urabá,,,
901644324,CARGOCORP COLOMBIA SAS,Agente de carga internacional marítimo,1381,Cartagena; Barranquilla; Buenaventura; Santa Marta; Urabá,,,
901283886,KARGORU S.A.S.,Agente de carga internacional marítimo,1386,Barranquilla; Cartagena; Buenaventura; Santa Marta; Urabá,,,
901638314,TRAFFIC TECH COLOMBIA SAS,Agente de carga internacional marítimo,1404,Cartagena; Barranquilla; Santa Marta; Buenaventura; Riohacha; Tumaco; Urabá; San Andrés,,,
901557002,UCC LOGISTICS COLOMBIA S.A.S.,Agente de carga internacional marítimo,1383,Barranquilla; Cartagena; Buenaventura; Santa Marta,,,
900931491,CARGA INTERNACIONAL S.A.S.,Agente de carga internacional marítimo,1395,Barranquilla; Cartagena; Buenaventura; Santa Marta,,,
901626907,SPARX LOGISTICS COLOMBIA SAS,Agente de carga internacional marítimo,1412,Barranquilla; Cartagena; Buenaventura; Santa Marta; Urabá,,,
830058751,DACOTRANS DE LATINOAMERICA COLOMBIA S.A.,Agente de carga internacional marítimo,1411,Cartagena; Barranquilla; Santa Marta; Buenaventura,,,
900498774,TRANSALIANZA TN S.A.S.,Agente de carga internacional marítimo,1431,Cartagena; Barranquilla; Santa Marta; Buenaventura,,,
901163525,ONEWORLD LOGISTICS SAS,Agente de carga internacional marítimo,1419,Barranquilla; Cartagena; Buenaventura; Santa Marta; Riohacha,,,
900134926,FALCON FREIGHT S.A. EN REORGANIZACION,Agente de carga internacional marítimo,1426,Cartagena; Buenaventura,,,
901288391,HANDEL CORPORATION S.A.S.,Agente de carga internacional marítimo,1415,Cartagena; Barranquilla; Buenaventura,,,
900213368,LOGISTIC SERVICES LATINOAMERICA SAS,Agente de carga internacional marítimo,1601,Barranquilla; Cartagena; Santa Marta; Buenaventura,,,
900786832,NORDICON FREIGHT FORWARDER SAS,Agente de carga internacional marítimo,1432,Cartagena; Barranquilla; Santa Marta; Buenaventura; Tumaco,,,
901231618,VAL LOGISTICS SAS,Agente de carga internacional marítimo,1429,Cartagena; Barranquilla; Buenaventura; Santa Marta; Urabá,,,
901694018,SLS TRANSPORT S.A.S.,Agente de carga internacional marítimo,1442,Cartagena; Barranquilla; Buenaventura; Santa Marta,,,
900271168,T I CARGO SERVICES SAS,Agente de carga internacional marítimo,1423,Barranquilla; Cartagena; Buenaventura; Santa Marta; Urabá,,,
901702367,UNIVERSAL CARGO COLOMBIA SAS,Agente de carga internacional marítimo,1460,Barranquilla; Cartagena; Buenaventura; Santa Marta,,,
901027118,NAVIS LOGISTICS SOLUTIONS S.A.S. BIC,Agente de carga internacional marítimo,1435,Barranquilla; Cartagena; Buenaventura; Santa Marta; Urabá,,,
901447496,AMAX CARGA SAS,Agente de carga internacional marítimo,1445,Barranquilla; Cartagena; Buenaventura,,,
900966874,HAGER LOGISTICS SAS,Agente de carga internacional marítimo,1463,Barranquilla; Cartagena; Buenaventura,,,
901020738,MUÑOZ CARGO S.A.S,Agente de carga internacional marítimo,1455,Barranquilla; Cartagena; Buenaventura; Santa Marta; Urabá,,,
901727135,FCL COLOMBIA SAS,Agente de carga internacional marítimo,1469,Barranquilla; Cartagena; Buenaventura; Santa Marta; Urabá,,,
901740481,MANUPORT LOGISTICS COLOMBIA SAS,Agente de carga internacional marítimo,1473,Barranquilla; Cartagena; Buenaventura; Santa Marta; Urabá,,,
901722494,WORLDWIDE LOGISTICS GROUP SAS,Agente de carga internacional marítimo,1490,Barranquilla; Cartagena; Buenaventura; Tumaco; Urabá; San Andrés; Riohacha; Santa Marta,,,
901727842,DP WORLD LOGISTICS COLOMBIA S.A.S,Agente de carga internacional marítimo,1472,Barranquilla; Cartagena; Buenaventura; Santa Marta,,,
800101399,DOMESA DE COLOMBIA S.A.,Agente de carga internacional marítimo,1498,Barranquilla; Buenaventura; Cartagena; Santa Marta,,,
900144761,CARGO LOGISTICS FREIGHT SAS,Agente de carga internacional marítimo,1484,Cartagena; Buenaventura,,,
860515845,EUROCARGA S.A.S.,Agente de carga internacional marítimo,1495,Cartagena; Buenaventura,,,
901711175,BUSINESS FOR BUSINESS CARGO S.A.S.,Agente de carga internacional marítimo,1503,Cartagena; Barranquilla; Buenaventura; Santa Marta,,,
901598802,IAN TAYLOR COLOMBIA SAS,Agente de carga internacional marítimo,1528,Barranquilla; Cartagena; Buenaventura; Santa Marta; San Andrés; Riohacha; Tumaco; Urabá,,,
900644907,R&R LOGISTICA INTERNACIONAL S.A.S.,Agente de carga internacional marítimo,1521,Barranquilla; Cartagena; Buenaventura; Santa Marta,,,
900341881,E I F TRANSPORTATION SERVICES S A S,Agente de carga internacional marítimo,525,Cartagena,,,
901737380,TRADING CO. INC SAS,Agente de carga internacional marítimo,1536,Barranquilla; Cartagena; Buenaventura; Santa Marta; Urabá,,,
901046381,AGENCIA DE CARGA IMPEX SAS,Agente de carga internacional marítimo,916,Buenaventura;Barranquilla;Cartagena;Santa Marta,,,
901810389,AMASS GLOBAL NETWORK (COLOMBIA) S.A.S,Agente de carga internacional marítimo,1557,Nivel Nacional,,,
901708025,DYNAMO WELTWEIT LOGISTIK S.A.S,Agente de carga internacional marítimo,1530,Barranquilla; Cartagena; Buenaventura; Santa Marta; Riohacha; Tumaco; Urabá; San Andrés,,,
901297747,CONNECTA GLOBAL LOGISTICS S.A.S,Agente de carga internacional marítimo,1556,Barranquilla; Cartagena; Buenaventura; Santa Marta; Urabá,,,
900520972,DISTRIBUCION LOGISTICA DEL CARIBE SOCIEDAD POR ACCIONES SIMPLIFICADA SIGLA DISLOGICA S.A.S.,Agente de carga internacional marítimo,765,Buenaventura;Barranquilla;Cartagena;Santa Marta,,,
901186880,MUNDO LOGYCA SAS,Agente de carga internacional marítimo,1529,Barranquilla; Buenaventura; Cartagena; Santa Marta,,,
901583814,TAM CARGO SAS,Agente de carga internacional marítimo,1511,Barranquilla; Buenaventura; Cartagena; Santa Marta,,,
900213740,THE WORLD COMEX S.A.S,Agente de carga internacional marítimo,1534,Barranquilla; Buenaventura; Cartagena; Santa Marta,,,
800055473,EMBARQUES AEREOS INTERNACIONALES LTDA,Agente de carga internacional marítimo,1549,Nivel Nacional,,,
901395306,OPERADORES LOGISTICOS EN CARGA INTERNACIONAL S.A.S.,Agente de carga internacional marítimo,1517,Nivel Nacional,,,
901758509,ALL TRANS CARGO COLOMBIA S.A.S,Agente de carga internacional marítimo,1548,Nivel Nacional,,,
901293718,4PLC INTERNATIONAL S.A.S.,Agente de carga internacional marítimo,1569,Nivel Nacional,,,
901626457,PACIFIC CARGO SAS,Agente de carga internacional marítimo,1542,Nivel Nacional,,,
901826025,CNC GLOBAL FORWARDING COLOMBIA S.A.S,Agente de carga internacional marítimo,1575,Nivel Nacional,,,
901343976,UNIBÁN LOGÍSTICA S.A.,Agente de carga internacional marítimo,1593,Santa Marta; Urabá,,,
901726058,SEA BRIDGE COLOMBIA S.A.S.,Agente de carga internacional marítimo,1586,Barranquilla; Cartagena; Buenaventura; Santa Marta,,,
800249192,AGENCIA DE ADUANAS ACI CARGO SAS NIVEL 2,Agente de carga internacional marítimo,1547,Cartagena; Barranquilla; Santa Marta; Buenaventura; Maicao; Urabá,,,
901024593,HOME CONCEPTION SAS,Agente de carga internacional marítimo,1589,Barranquilla; Cartagena; Buenaventura; Santa Marta,,,
901508464,TRANSCEND LOGISTICS S.A.S.,Agente de carga internacional marítimo,1598,Cartagena; Barranquilla; Buenaventura; Santa Marta; Urabá,,,
901758900,OMNI LOGISTICS COLOMBIA S.A.S,Agente de carga internacional marítimo,1588,Cartagena; Barranquilla; Buenaventura; Santa Marta; Urabá,,,
830080634,MAERSK LOGISTICS & SERVICES COLOMBIA LTDA,Agente de carga internacional marítimo,232,Buenaventura;Barranquilla;Cartagena;Santa Marta,,,
830508771,CORE LOGISTICS CARGO S.A.S,Agente de carga internacional marítimo,396,Buenaventura;Barranquilla;Cartagena;Santa Marta,,,
901618668,LOGITREK SAS,Agente de carga internacional marítimo,1619,Cartagena; Barranquilla; Santa Marta; Buenaventura; Urabá,,,
901808375,ALJ AGENTES DE CARGA INTERNACIONAL SAS,Agente de carga internacional marítimo,1620,Barranquilla; Cartagena; Buenaventura; Santa Marta,,,
901812252,SCAN GLOBAL LOGISTICS COLOMBIA S.A.S.,Agente de carga internacional marítimo,1581,Buenaventura; Barranquilla; Cartagena; Urabá,,,
900293664,WESCARGO S A S,Agente de carga internacional marítimo,1648,Barranquilla; Cartagena; Buenaventura; Santa Marta,,,
900145595,AGENCIA CLM GRUPO LOGISTICO S.A.S.,Agente de carga internacional marítimo,1610,Barranquilla; Buenaventura; Cartagena; Santa Marta; Urabá,,,
901619751,MULTI-TRANSPORT INTERNATIONAL S.A.S.,Agente de carga internacional marítimo,1612,Cartagena; Barranquilla; Buenaventura; Santa Marta,,,
901784199,HELLMANN WORLDWIDE LOGISTICS S.A.S,Agente de carga internacional marítimo,1623,Barranquilla; Cartagena; Buenaventura; Santa Marta,,,
900818146,STAR TRADING SOLUTIONS S.A.S,Agente de carga internacional marítimo,1626,Barranquilla; Buenaventura; Cartagena; Santa Marta,,,
830004237,MAP CARGO S A S,Agente de carga internacional marítimo,22,Buenaventura;Barranquilla;Cartagena;Santa Marta,,,
901635666,SLI LOGISTIC ENTERPRISE S.A.S.,Agente de carga internacional marítimo,1640,Cartagena,,,
901478293,BOSS (CO) LOGISTICS TECHNOLOGY SAS,Agente de carga internacional marítimo,1639,Buenaventura; Cartagena,,,
901914820,CHARTER LINK LOGISTICS COLOMBIA S.A.S,Agente de carga internacional marítimo,1657,Barranquilla; Cartagena; Buenaventura; Santa Marta; Urabá,,,
901915006,FR MEYER'S SOHN S.A.S,Agente de carga internacional marítimo,1662,Cartagena; Buenaventura,,,
901830169,GRUPO LOGISTICO CARGO TRADING DE COLOMBIA S.A.S.,Agente de carga internacional marítimo,1660,Buenaventura; Barranquilla; Cartagena; Riohacha; Santa Marta; San Andrés; Tumaco; Urabá,,,
806010962,INTERLOGISTICA S.A.S,Agente de carga internacional marítimo,1663,Cartagena; Barranquilla; Buenaventura; Santa Marta,,,
901922862,WR LOGISTICS SAS,Agente de carga internacional marítimo,1668,Barranquilla; Buenaventura; Cartagena; Urabá; Santa Marta,,,
860008820,CFS LOGISTICS LLC (SEDE EFECTIVA DE ADMINISTRACION EN COLOMBIA ),Agente de carga internacional marítimo,1673,Cartagena; Barranquilla; Buenaventura; Santa Marta; Urabá,,,
900568476,AGENCIA DE ADUANAS MAERSK S.A.S NIVEL 1,Agente de carga internacional marítimo,730,Buenaventura;Barranquilla;Cartagena;Santa Marta,,,
900821925,LOGISFASHION S.A.S.,Agente de carga internacional marítimo,1400,Barranquilla; Cartagena; Buenaventura; Santa Marta,,,
901495241,APOLLO FREIGHT SERVICES COLOMBIA S.A.S,Agente de carga internacional marítimo,1653,Cartagena; Barranquilla; Buenaventura; Santa Marta,,,
901080539,MPI LOGISTICA S.A.S.,Agente de carga internacional marítimo,1681,Barranquilla; Cartagena; Buenaventura; Santa Marta,,,
901259845,LOGICAR INTL S.A.S,Agente de carga internacional marítimo,1658,Barranquilla; Buenaventura; Cartagena; Santa Marta,,,
901667711,MARINEX LOGISTICS S.A.S.,Agente de carga internacional marítimo,1689,Barranquilla; Cartagena; Santa Marta; Buenaventura; Urabá,,,
901838376,ZUHË LOGISTICS COLOMBIA SAS,Agente de carga internacional marítimo,1687,Barranquilla; Cartagena; Santa Marta; Urabá; Buenaventura,,,
901889225,HOYER COLOMBIA SAS,Agente de carga internacional marítimo,1677,Buenaventura; Barranquilla; Cartagena,,,
890922562,AMERINDIAS S.A.S,Agente de carga internacional marítimo,1682,Barranquilla; Buenaventura; Cartagena; Santa Marta,,,
901615671,M&S LOGISTICS COLOMBIA S.A.S.,Agente de carga internacional marítimo,1427,Cartagena; Barranquilla; Buenaventura; Santa Marta; Urabá; Maicao,,,
830080328,DISTRIBUCION Y TRANSPORTES S. A.,Agente de carga internacional marítimo,1686,Cartagena,,,
900645350,IMPOMEX DE COLOMBIA CARGO SAS,Agente de carga internacional marítimo,1691,Barranquilla; Cartagena; Buenaventura; Santa Marta,,,
901706420,ICL FREIGHT COLOMBIA S.A.S.,Agente de carga internacional marítimo,1694,Cartagena; Barranquilla; Buenaventura; Santa Marta,,,
901725770,ATLAS AGENCIA DE CARGA INTERNACIONAL S.A.S.,Agente de carga internacional marítimo,1470,Barranquilla; Cartagena; Buenaventura; Santa Marta,,,
900888203,MATCH CARGO SAS,Agente de carga internacional marítimo,1695,Buenaventura; Cartagena; Barranquilla,,,
901314448,ONE CARGO ACI S.A.S,Agente de carga internacional marítimo,1699,Barranquilla; Buenaventura; Cartagena; Santa Marta; Urabá,,,
901156120,GLOBAL TRADING LOGISTICS SAS,Agente de carga internacional marítimo,1280,Barranquilla;Cartagena;Santa Marta;Buenaventura,,,
830503097,ALLWORLD TRANSPORT COLOMBIA SAS,Agente de carga internacional marítimo,884,Barranquilla; Buenaventura; Cartagena; Santa Marta; Urabá,,,
901144204,COMMODITIES SAS,Agente de carga internacional marítimo,1703,Barranquilla; Cartagena; Buenaventura; Santa Marta,,,
901087722,ROCK CARGO FREIGHT FORWARDER SAS,Agente de carga internacional marítimo,1706,Barranquilla; Buenaventura; Cartagena; Santa Marta,,,
901963631,AGENCIA DE CARGA GLOBUS S.A.S.,Agente de carga internacional marítimo,1713,Barranquilla; Buenaventura; Cartagena; Santa Marta; Urabá,,,
901079109,FAS CARGO & LOGISTICS SERVICES S.A.S.,Agente de carga internacional marítimo,1146,Cartagena; Barranquilla; Santa Marta; Buenaventura,,,
901881181,AGENCIA DE CARGA DUBAI S.A.S,Agente de carga internacional marítimo,1704,Barranquilla; Buenaventura; Cartagena; Santa Marta; Urabá,,,
901869695,GREEN FORWARDER S.A.S,Agente de carga internacional marítimo,1712,Buenaventura,,,
900538486,ESAR SOLUCIONES LOGISTICAS S.A.S.,Agente de carga internacional marítimo,1715,Barranquilla; Cartagena; Santa Marta; San Andrés; Buenaventura; Riohacha; Maicao; Urabá,,,
901693190,ON LOGISTIC & TRADE S.A.S.,Agente de carga internacional marítimo,1726,Barranquilla; Buenaventura; Cartagena; Santa Marta,,,
900248855,ENLACE MULTIMODAL LOGISTIC LTDA,Agente de carga internacional marítimo,893,Buenaventura;Barranquilla;Cartagena;Santa Marta,,,
901697005,FREEPORT LOGISTICS SAS,Agente de carga internacional marítimo,1729,Barranquilla; Cartagena; Santa Marta; Buenaventura,,,
901548077,NL CARGO SAS,Agente de carga internacional marítimo,1731,Barranquilla; Buenaventura; Cartagena; Santa Marta,,,
900340462,NOVACOMEX SAS,Agente de carga internacional marítimo,757,Barranquilla; Buenaventura; Cartagena; Santa Marta; Urabá,,,
901635574,SILAE CARGO LOGISTICS SAS,Agente de carga internacional marítimo,1744,Cartagena; Barranquilla; Riohacha; Buenaventura; Santa Marta,,,
800176737,DIETRANS CARGO S.A.S.,Agente de carga internacional marítimo,166,Buenaventura;Barranquilla;Cartagena;Santa Marta,,,
900224143,ASTINAVES S.A.S.,Astillero,27148,Cartagena,27148,4373,ASTINAVES S.A.S.
890401608,INDUSTRIAS ASTIVIK S.A SIGLA ASTIVIK S.A,Astillero,27150,Cartagena,27150,4372,INDUSTRIAS ASTIVIK S.A
806008873,COTECMAR,Astillero,27155,Cartagena,27138,4371,COTECMAR 27155
806008873,COTECMAR,Astillero,27151,Cartagena,27151,4377,COTECMAR 27151
900448239,INSER EQUIPOS SAS - INGENIERIA Y SERVICIOS SAS,Astillero,27147,Cartagena,27147,4378,INSER EQUIPOS SAS
800080370,TROJA ARTESANAL CARTAGENITA SAS.,Astillero,27152,Cartagena,27152,4384,TROJA ARTESANAL CARTAGENITA SAS.
890401842,FERROCEM - ALQUIMAR S. A. S.,Astillero,27149,Cartagena,27149,4383,FERROCEM - ALQUIMAR S. A. S.
800116164,TERMINAL DE CONTENEDORES DE CARTAGENA S.A.,Centro de distribución logística internacional,21760,Cartagena,21760,2268,
800200969,SOCIECIEDAD PORTUARIA REGIONAL DE CARTAGENA S.A.,Centro de distribución logística internacional,21770,Cartagena,21770,2267,
819007201,PALERMO SOCIEDAD PORTUARIA S.A,Centro de distribución logística internacional,24220,Barranquilla,24220,2446,
800156044,COMPAÑIA DE PUERTOS ASOCIADOS S.A.,Centro de distribución logística internacional,25077,Cartagena,25077,3547,
800186891,SOCIEDAD PORTUARIA REGIONAL DE BARRANQUILLA S.A.,Centro de distribución logística internacional,25079,Barranquilla,25079,2956,
800156044,COMPAÑIA DE PUERTOS ASOCIADOS S.A.,Centro de distribución logística internacional,25336,Cartagena,25336,3564,
800156044,COMPAÑIA DE PUERTOS ASOCIADOS S.A.,Centro de distribución logística internacional,25359,Barranquilla,25359,3590,
800181114,PUERTO PIMSA S.A,Centro de distribución logística internacional,25380,Barranquilla,25380,3947,
900257792,OTAMERICA COLOMBIA S.A.,Centro de distribución logística internacional,25471,Cartagena,25471,3759,
900359452,BARRANQUILLA INTERNATIONAL TERMINAL COMPANY S.A. BITCO S.A.,Centro de distribución logística internacional,25491,Barranquilla,25491,3765,
860009873,SOCIEDAD PORTUARIA PUERTO BAHIA S.A,Centro de distribución logística internacional,25528,Cartagena,25528,3802,
900579793,SOCIEDAD PORTUARIA IMPALA TERMINALS BARRANCABERMEJA S.A.,Centro de distribución logística internacional,25551,Bucaramanga,25551,3832,
900977603,CENTRO DE DISTRIBUCION LOGISTICO INTERNACIONAL SAS,Centro de distribución logística internacional,26954,Bogotá,26954,3945,
800096464,PUERTO DE MAMONAL S.A.,Centro de distribución logística internacional,26964,Cartagena,26964,3986,
800033858,SOCIEDAD PORTUARIA EL CAYAO S.A E.S.P,Centro de distribución logística internacional,27040,Cartagena,27040,4325,
860040201,VOPAK COLOMBIA S.A,Centro de distribución logística internacional,27119,Cartagena,27119,4362,
860053976,ALGRANEL S.A.,Centro de distribución logística internacional,27126,Cartagena,27126,4364,
860040201,VOPAK COLOMBIA S.A,Centro de distribución logística internacional,27121,Barranquilla,27121,4368,
900214109,SOCIEDAD PORTUARIA MARDIQUE S.A,Centro de distribución logística internacional,27122,Cartagena,27122,4367,
835000149,SOCIEDAD PUERTO INDUSTRIAL AGUADULCE S.A.,Centro de distribución logística internacional,27029,Buenaventura,27029,4116,
901011893,C.I MIPYMES LOGIC TRADE S.A.S.,Comercializadora Internacional MIPYMES,M-001,Nivel Nacional,,,
900705900,MACONDO UN MUNDO POR DESCUBRIR SAS - C.I - MIPYMES,Comercializadora Internacional MIPYMES,M-005,Nivel Nacional,,,
900952052,CF INTERNATIONAL TRADE S A S - CI MIPYMES,Comercializadora Internacional MIPYMES,M-006,Nivel Nacional,,,
901088081,INVERSIONES PRYT C.I. MIPYME SOCIEDAD POR ACCIONES SIMPLIFICADA,Comercializadora Internacional MIPYMES,M-009,Nivel Nacional,,,
901461943,C.I MIPYMES-EMERALD ROCK S.A.S,Comercializadora Internacional MIPYMES,M-016,Nivel Nacional,,,
901212059,COLOMBIAN GEMS C.I - MIPYMES S.A.S.,Comercializadora Internacional MIPYMES,M-023,Nivel Nacional,,,
901596568,CI MIPYME GRUPO E & D S.A.S.,Comercializadora Internacional MIPYMES,M-036,Nivel Nacional,,,
901516324,C.I. W.M. INVESTMENTS MIPYMES SAS,Comercializadora Internacional MIPYMES,M-037,Nivel Nacional,,,
901556909,COLOMBIA TRADING CORPORATION C.I. MIPYMES SAS,Comercializadora Internacional MIPYMES,M-038,Nivel Nacional,,,
901616110,WAY OF GREEN STONES C.I. MIPYME S.A.S.,Comercializadora Internacional MIPYMES,M-039,Nivel Nacional,,,
901574224,C.I. MIPYME SAVIPE S.A.S.,Comercializadora Internacional MIPYMES,M-042,Nivel Nacional,,,
901435404,MINE TO GEM C.I - MIPYMES S.A.S,Comercializadora Internacional MIPYMES,M-020,Nivel Nacional,,,
901746665,CI MIPYME EMERALD GROUP SAS,Comercializadora Internacional MIPYMES,M-046,Nivel Nacional,,,
901340274,COMERCIALIZADORA INTERNACIONAL ALLIENCE S.A.S.,Comercializadora Internacional MIPYMES,M-030,Nivel Nacional,,,
901517775,NATGREEN INTERNACIONAL C.I. MIPYMES S.A.S.,Comercializadora Internacional MIPYMES,M-047,Nivel Nacional,,,
901487516,CI MIPYME ICEBERG EXPORTS S.A.S,Comercializadora Internacional MIPYMES,M-034,Nivel Nacional,,,
901521892,MESSIS C.I. MIPYME S.A.S,Comercializadora Internacional MIPYMES,M-048,Nivel Nacional,,,
901516651,CI MIPYMES FAVIMS S.A.S.,Comercializadora Internacional MIPYMES,M-031,Nivel Nacional,,,
901834867,C.I. MIPYME RED SLIM S.A.S.,Comercializadora Internacional MIPYMES,M049,Nivel Nacional,,,
900991291,THE COLOMBIAN FACTORY C.I. - MIPYMES SAS.,Comercializadora Internacional MIPYMES,M-014,Nivel Nacional,,,
900772110,C.I - MIPYMES ROYAL EMERALDS S.A.S,Comercializadora Internacional MIPYMES,M-019,Nivel Nacional,,,
901465805,GSD LOGISTIC MIPYMES C.I S.A.S,Comercializadora Internacional MIPYMES,M-021,Nivel Nacional,,,
901756145,CI MIPYME ACACIA CIEM S.A.S,Comercializadora Internacional MIPYMES,M-045,Nivel Nacional,,,
901380838,CONSORCIO R&S,Consorcio o Unión Temporal con Aprobación de Garantía,0,Nivel Nacional,,,
901702585,UNION TEMPORAL CABLE SAN CRISTOBAL,Consorcio o Unión Temporal con Aprobación de Garantía,0,Nivel Nacional,,,
901552350,CONSORCIO ANTIOQUIA AL MAR,Consorcio o Unión Temporal con Aprobación de Garantía,0,Nivel Nacional,,,
901738524,CONSORCIO MT DIAMOND,Consorcio o Unión Temporal con Aprobación de Garantía,0,Nivel Nacional,,,
901782821,CONSORCIO BIOARQ MITU,Consorcio o Unión Temporal con Aprobación de Garantía,0,Nivel Nacional,,,
901682871,CONSORCIO ESCENARIOS DEPORTIVOS VILLA OLIMPICA 2023,Consorcio o Unión Temporal con Aprobación de Garantía,0,Nivel Nacional,,,
901828177,CONSORCIO UNIDAD II,Consorcio o Unión Temporal con Aprobación de Garantía,0,Nivel Nacional,,,
901875456,UT CABECERAS,Consorcio o Unión Temporal con Aprobación de Garantía,0,Nivel Nacional,,,
901782822,UNION TEMPORAL CIUDAD AEREA,Consorcio o Unión Temporal con Aprobación de Garantía,0,Nivel Nacional,,,
901781241,UT NAFFCO FALCON,Consorcio o Unión Temporal con Aprobación de Garantía,0,Nivel Nacional,,,
901855897,UNION TEMPORAL AEROCIVIL 24000791 H1,Consorcio o Unión Temporal con Aprobación de Garantía,0,Nivel Nacional,,,
901860655,UNIÓN TEMPORAL UAECOB SASI-007-2024,Consorcio o Unión Temporal con Aprobación de Garantía,0,Nivel Nacional,,,
901869643,CONSORCIO FERREOBELEN C&E,Consorcio o Unión Temporal con Aprobación de Garantía,0,Nivel Nacional,,,
901945607,CONSORCIO FORESTA,Consorcio o Unión Temporal con Aprobación de Garantía,0,Nivel Nacional,,,
901862607,UNION TEMPORAL COMERJEM,Consorcio o Unión Temporal con Aprobación de Garantía,0,Nivel Nacional,,,
901971929,UNION TEMPORAL BIENESTAR ANIMAL MICROCHIPS 2025,Consorcio o Unión Temporal con Aprobación de Garantía,0,Nivel Nacional,,,
901901946,UNION TEMPORAL VCS SITTI RADIOCOM 2024,Consorcio o Unión Temporal con Aprobación de Garantía,0,Nivel Nacional,,,
901994228,UNION TEMPORAL EQUIPOS TACTICOS 2025,Consorcio o Unión Temporal con Aprobación de Garantía,0,Nivel Nacional,,,
901972420,CONSORCIO OM-2025,Consorcio o Unión Temporal con Aprobación de Garantía,0,Nivel Nacional,,,
901744359,CONSORCIO RIO ARAUCA,Consorcio o Unión Temporal con Aprobación de Garantía,0,Nivel Nacional,,,
900187920,UNION TEMPORAL GENERACION COLOMBIA,Consorcio o Unión Temporal con Aprobación de Garantía,0,Nivel Nacional,,,
902075231,UT-EJC-INREACH-2026,Consorcio o Unión Temporal con Aprobación de Garantía,0,Nivel Nacional,,,
800197268,U.A.E. DIRECCION DE IMPUESTOS Y ADUANAS NACIONALES,Cruce de frontera terrestre para ingreso y salida de mercancías y/o viajeros bajo control aduanero,1061,Cúcuta,,1061,PUENTE INTERNACIONAL FRANCISCO DE PAULA SANTANDER
800197268,U.A.E. DIRECCION DE IMPUESTOS Y ADUANAS NACIONALES,Cruce de frontera terrestre para ingreso y salida de mercancías y/o viajeros bajo control aduanero,1062,Cúcuta,,1062,PUENTE INTERNACIONAL SIMON BOLIVAR
800197268,U.A.E. DIRECCION DE IMPUESTOS Y ADUANAS NACIONALES,Cruce de frontera terrestre para ingreso y salida de mercancías y/o viajeros bajo control aduanero,1063,Cúcuta,,1063,PUENTE INTERNACIONAL LA UNION
800197268,U.A.E. DIRECCION DE IMPUESTOS Y ADUANAS NACIONALES,Cruce de frontera terrestre para ingreso y salida de mercancías y/o viajeros bajo control aduanero,3715,Cúcuta,,3715,PUENTE INTERNACIONAL ATANASIO GIRARDOT
800197268,U.A.E. DIRECCION DE IMPUESTOS Y ADUANAS NACIONALES,Cruce de frontera terrestre para ingreso y salida de mercancías y/o viajeros bajo control aduanero,1071,Bogotá,,1071,MUELLE FLUVIAL INTERNACIONAL DE INIRIDA
800197268,U.A.E. DIRECCION DE IMPUESTOS Y ADUANAS NACIONALES,Cruce de frontera terrestre para ingreso y salida de mercancías y/o viajeros bajo control aduanero,1070,Bogotá,,1070,MUELLE INTERNACIONAL SOBRE EL RIO ORINOCO
800197268,U.A.E. DIRECCION DE IMPUESTOS Y ADUANAS NACIONALES,Cruce de frontera terrestre para ingreso y salida de mercancías y/o viajeros bajo control aduanero,1064,Arauca,,1064,PUENTE INTERNACIONAL JOSE ANTONIO PAEZ
800197268,U.A.E. DIRECCION DE IMPUESTOS Y ADUANAS NACIONALES,Cruce de frontera terrestre para ingreso y salida de mercancías y/o viajeros bajo control aduanero,1065,Arauca,,1065,PASO DE FRONTERA ARAUQUITA ENTRE SARAVENA Y EL NULA
800197268,U.A.E. DIRECCION DE IMPUESTOS Y ADUANAS NACIONALES,Cruce de frontera terrestre para ingreso y salida de mercancías y/o viajeros bajo control aduanero,1066,Ipiales,,1066,PUENTE INTERNACIONAL DE RUMICHACA
800197268,U.A.E. DIRECCION DE IMPUESTOS Y ADUANAS NACIONALES,Cruce de frontera terrestre para ingreso y salida de mercancías y/o viajeros bajo control aduanero,1067,Leticia,,1067,AVENIDA INTERNACIONAL TABATINGA
800197268,U.A.E. DIRECCION DE IMPUESTOS Y ADUANAS NACIONALES,Cruce de frontera terrestre para ingreso y salida de mercancías y/o viajeros bajo control aduanero,1068,Maicao,,1068,PARAGUACHON
800197268,U.A.E. DIRECCION DE IMPUESTOS Y ADUANAS NACIONALES,Cruce de frontera terrestre para ingreso y salida de mercancías y/o viajeros bajo control aduanero,1073,Puerto Asís,,1073,PUENTE INTERNACIONAL SAN MIGUEL
860502105,IN BOND GEMA S A S,Depósito Franco,13,Bogotá,25369,3596,
860034208,LICORES DE COLOMBIA S.A.S,Depósito Franco,53,Medellín,53,2327,
860048245,STERLING DE COLOMBIA S.A.,Depósito Franco,60,Bogotá,60,2112,
830096590,SAPIA C I SAS,Depósito Franco,80,Bogotá,80,2846,
830096590,SAPIA C I SAS,Depósito Franco,25044,Medellín,25044,2850,
800081664,DISTRIBUIDORA COLOMBIANA DE SENTIMIENTOS DE BELLEZA S.A.S.,Depósito Franco,25281,Cali,25281,3481,
830096590,SAPIA C I SAS,Depósito Franco,25312,Bogotá,25312,3533,
900026938,COLOMBIAN MOUNTAIN COFFEE C. I S.A.S,Depósito Franco,25418,Bogotá,25418,3672,
800081664,DISTRIBUIDORA COLOMBIANA DE SENTIMIENTOS DE BELLEZA S.A.S.,Depósito Franco,25561,Medellín,25561,3842,
900314598,UETA INC SUCURSAL COLOMBIA,Depósito Franco,26931,Cartagena,26931,3906,
901042849,DUFRY COLOMBIA S A S,Depósito Franco,26932,Bogotá,26932,3903,
901195686,DUTY FREE PARTNERS COLOMBIA S.A.S,Depósito Franco,26967,Medellín,26967,3972,
900178013,DFASS COLOMBIA LTDA.,Depósito Franco,26974,Bogotá,26974,3989,
860502105,IN BOND GEMA S A S,Depósito Franco,27013,Cali,27013,4039,
901195686,DUTY FREE PARTNERS COLOMBIA S.A.S,Depósito Franco,27067,Cartagena,27067,4122,
860034208,LICORES DE COLOMBIA S.A.S,Depósito Franco,4,Cali,6160,3881,
900178013,DFASS COLOMBIA LTDA.,Depósito Franco,27164,Pereira,27164,4386,
860066471,MARROQUINERA SAS,Depósito Franco,27063,Bogotá,27063,4126,
860502609,DHL EXPRESS COLOMBIA LTDA,Depósito para Envíos Urgentes,2,Bogotá,,2114,
800102527,ENEXCOL S.A.S,Depósito para Envíos Urgentes,54,Bogotá,,2124,
830082601,ZAI CARGO SAS,Depósito para Envíos Urgentes,71,Bogotá,,2127,
805001203,ABE CARGO EXPRESS S.A.S.,Depósito para Envíos Urgentes,72,Bogotá,,,
830030549,USA CO COLOMBIAN WORLDWIDE COURIER SAS,Depósito para Envíos Urgentes,97,Bogotá,,2136,
800178193,JET BOX S.A.S,Depósito para Envíos Urgentes,98,Bogotá,,,
830095676,NEW EXPRESS MAIL SAS,Depósito para Envíos Urgentes,117,Bogotá,,2146,
900014549,J&T EXPRESS COLOMBIA INTERNATIONAL LOGISTICS SERVICES S.A,Depósito para Envíos Urgentes,133,Bogotá,,2156,
900067395,CORREOS ESPECIALIZADOS DE COLOMBIA CESCOL SAS,Depósito para Envíos Urgentes,140,Bogotá,,,
800210556,PASAR EXPRESS S.A.,Depósito para Envíos Urgentes,142,Bogotá,,,
900039844,SOMOS COURRIER EXPRESS S A.S,Depósito para Envíos Urgentes,147,Bogotá,,,
900148614,J&V TRADING GROUP S.A.S.,Depósito para Envíos Urgentes,151,Bogotá,,,
900163042,AVIAEXPRESS S.A.S,Depósito para Envíos Urgentes,157,Bogotá,,,
805030045,J & G BUSINESS COURIER SAS,Depósito para Envíos Urgentes,159,Cali,,,
830045825,TRANEXCO S.A.S,Depósito para Envíos Urgentes,170,Bogotá,,2145,
900154747,PREMIER GLOBAL SERVICE S.A.S.,Depósito para Envíos Urgentes,173,Bogotá,,,
900062917,SERVICIOS POSTALES NACIONALES S.A.S,Depósito para Envíos Urgentes,174,Bogotá,,2542,
900062917,SERVICIOS POSTALES NACIONALES S.A.S,Depósito para Envíos Urgentes,175,Medellín,,2544,
900062917,SERVICIOS POSTALES NACIONALES S.A.S,Depósito para Envíos Urgentes,176,Cali,,2540,
900062917,SERVICIOS POSTALES NACIONALES S.A.S,Depósito para Envíos Urgentes,177,Barranquilla,,2541,
900400551,UPS SERVICIOS EXPRESOS S.A.S.,Depósito para Envíos Urgentes,182,Bogotá,,,
830017271,FEDERAL EXPRESS CORPORATION,Depósito para Envíos Urgentes,184,Bogotá,,,
900129344,CARGO ZONE ETC S.A.S,Depósito para Envíos Urgentes,25267,Bogotá,,,
890100577,AEROVIAS NACIONALES DE COLOMBIA S.A. AVIANCA,Depósito para Envíos Urgentes,25354,Bogotá,,,
900136581,"CONTINENTAL MAIL EXPRESS CO. SAS, COMEX CO. SAS",Depósito para Envíos Urgentes,25357,Cali,,,
805012493,BOX EXPRESS COURIER S.A.S.,Depósito para Envíos Urgentes,25533,Bogotá,,,
900506327,CLICK MAIL SAS,Depósito para Envíos Urgentes,26922,Bogotá,,,
900936153,BEYOND BORDER INTERNATIONAL COURIER S A S,Depósito para Envíos Urgentes,26942,Bogotá,,,
901188931,RED DE MENSAJERIA EXPRESA Y LOGISTICA INTERNACIONAL S.A.S,Depósito para Envíos Urgentes,26972,Bogotá,,,
830017271,FEDERAL EXPRESS CORPORATION,Depósito para Envíos Urgentes,26999,Medellín,,,
860025338,COMPAÑIA PANAMEÑA DE AVIACION S A,Depósito para Envíos Urgentes,27011,Bogotá,,,
860504008,WORLD COURIER DE COLOMBIA S.A.,Depósito para Envíos Urgentes,27030,Bogotá,,,
830025582,MANDDE S.A.S,Depósito para Envíos Urgentes,27085,Bogotá,,,
901459501,FAST SERVICES COURIER SAS,Depósito para Envíos Urgentes,27100,Bogotá,,,
800179612,SERVIENTREGA INTERNACIONAL S A,Depósito para Envíos Urgentes,27111,Bogotá,,,
901495009,COURIERBOX COLOMBIA SAS,Depósito para Envíos Urgentes,27124,Bogotá,,,
830131802,L & D COLOMBIA LTDA,Depósito para Envíos Urgentes,27038,Bogotá,,,
901147181,LATIN LOGISTICS COLOMBIA S.A.S.,Depósito para Envíos Urgentes,27146,Bogotá,,,
900136581,"CONTINENTAL MAIL EXPRESS CO. SAS, COMEX CO. SAS",Depósito para Envíos Urgentes,25358,Bogotá D.C.,,,
900062917,SERVICIOS POSTALES NACIONALES S.A.S,Depósito para Envíos Urgentes,27187,Buenaventura,,4424,
830025299,PRX COURIER SAS,Depósito para Envíos Urgentes,141,Bogotá,,2119,
890904713,COORDINADORA MERCANTIL S.A.,Depósito para Envíos Urgentes,27134,Bogotá,,,
900563168,COLOCAR CARGO LOGISTICS S.A.S.,Depósito para Envíos Urgentes,27182,Bogotá,,,
899999143,SERVICIO AEREO A TERRITORIOS NACIONALES S.A.,Depósito Privado Aeronáutico,25137,Bogotá,25137,2915,
800130632,EJERCITO NACIONAL CONTADURIA PRINCIPAL DEL COMANDO DEL,Depósito Privado Aeronáutico,25220,Bogotá,25220,3381,
890100577,AEROVIAS NACIONALES DE COLOMBIA S.A. AVIANCA,Depósito Privado de Provisiones de a Bordo para Consumo y para Llevar,34,Bogotá,34,2408,
800095254,AMERICAN AIRLINES INC SUCURSAL COLOMBIANA,Depósito Privado de Provisiones de a Bordo para Consumo y para Llevar,59,Bogotá,59,2454,
900254148,AEROVIAS DE MEXICO S.A DE C.V AEROMEXICO SUCURSAL COLOMBIA,Depósito Privado de Provisiones de a Bordo para Consumo y para Llevar,25116,Bogotá,25116,2959,
860005309,DEUTSCHE LUFTHANSA AKTIENGESELLSCHAFT,Depósito Privado de Provisiones de a Bordo para Consumo y para Llevar,25128,Bogotá,25128,2904,
890704196,AEROVIAS DE INTEGRACION REGIONAL S.A.,Depósito Privado de Provisiones de a Bordo para Consumo y para Llevar,25214,Bogotá,25214,3380,
800095254,AMERICAN AIRLINES INC SUCURSAL COLOMBIANA,Depósito Privado de Provisiones de a Bordo para Consumo y para Llevar,25388,Medellín,25388,3641,
800095254,AMERICAN AIRLINES INC SUCURSAL COLOMBIANA,Depósito Privado de Provisiones de a Bordo para Consumo y para Llevar,25389,Cali,25389,3650,
860020174,AEROLINEAS ARGENTINAS SOCIEDAD ANONIMA,Depósito Privado de Provisiones de a Bordo para Consumo y para Llevar,25430,Bogotá,25430,3683,
830019189,LATAM AIRLINES GROUP S .A. SUCURSAL COLOMBIA,Depósito Privado de Provisiones de a Bordo para Consumo y para Llevar,25492,Bogotá,25492,3822,
900254148,AEROVIAS DE MEXICO S.A DE C.V AEROMEXICO SUCURSAL COLOMBIA,Depósito Privado de Provisiones de a Bordo para Consumo y para Llevar,25521,Medellín,25521,3796,
890100577,AEROVIAS NACIONALES DE COLOMBIA S.A. AVIANCA,Depósito Privado de Provisiones de a Bordo para Consumo y para Llevar,26926,Cali,26926,3898,
890100577,AEROVIAS NACIONALES DE COLOMBIA S.A. AVIANCA,Depósito Privado de Provisiones de a Bordo para Consumo y para Llevar,26950,Cartagena,26950,3952,
900958911,TURKISH AIRLINES INC. SUCURSAL COLOMBIA,Depósito Privado de Provisiones de a Bordo para Consumo y para Llevar,26947,Bogotá,26947,3922,
890704196,AEROVIAS DE INTEGRACION REGIONAL S.A.,Depósito Privado de Provisiones de a Bordo para Consumo y para Llevar,27165,Medellín,27165,4382,
830007064,DELTA AIR LINES INC. SUCURSAL DE COLOMBIA,Depósito Privado de Provisiones de a Bordo para Consumo y para Llevar,27144,Bogotá,27144,4387,
900496730,UNITED AIRLINES INC,Depósito Privado de Provisiones de a Bordo para Consumo y para Llevar,25455,Bogotá,25455,3719,
830092963,SUPERPOLO S.A.S.,Depósito Privado para Procesamiento Industrial,27044,Bogotá,27044,4115,
819004712,C.I. TEQUENDAMA S.A.S,Depósito Privado para Procesamiento Industrial,27049,Santa Marta,27049,4142,
900612501,CHM MINERIA S.A.S,Depósito Privado para Procesamiento Industrial,27200,Barranquilla,27200,4426,Urbanización Tayrona
900806600,RELIANZ MINING SOLUTIONS S.A.,Depósito Privado para Procesamiento Industrial,27211,Barranquilla,27211,4430,
860002304,GENERAL MOTORS COLMOTORES S A,Depósito Privado para Transformación y/o Ensamble,3901,Bogotá,3901,2162,
890301886,FÁBRICA NACIONAL DE AUTOPARTES S.A.S.,Depósito Privado para Transformación y/o Ensamble,4701,Cali,4701,2222,
890916911,INDUSTRIA COLOMBIANA DE MOTOCICLETAS YAMAHA S.A.S,Depósito Privado para Transformación y/o Ensamble,7702,Medellín,7702,2316,
891410137,SUZUKI MOTOR DE COLOMBIA S.A.,Depósito Privado para Transformación y/o Ensamble,10802,Pereira,10802,2337,
860053716,THERMOFORM S.A.,Depósito Privado para Transformación y/o Ensamble,21130,Bogotá,21130,2171,
860028171,TRIMCO S.A.,Depósito Privado para Transformación y/o Ensamble,21140,Bogotá,21140,2172,
830092963,SUPERPOLO S.A.S.,Depósito Privado para Transformación y/o Ensamble,21220,Bogotá,21220,2174,
860004655,COLOMBIANA DE FRENOS S.A. COFRE,Depósito Privado para Transformación y/o Ensamble,21370,Bogotá,21370,2178,
816006799,C.I. BUSSCAR DE COLOMBIA S.A.S.,Depósito Privado para Transformación y/o Ensamble,21860,Pereira,21860,2339,
891409088,AYCO LTDA,Depósito Privado para Transformación y/o Ensamble,22340,Pereira,22340,2340,
830021100,TERMINALES AUTOMOTRICES S.A. EN REORGANIZACION,Depósito Privado para Transformación y/o Ensamble,22580,Bogotá,22580,2158,
802004942,THERMOCOIL LTDA.,Depósito Privado para Transformación y/o Ensamble,22600,Barranquilla,22600,2042,
832000402,YAZAKI CIEMEL S.A.,Depósito Privado para Transformación y/o Ensamble,22620,Bogotá,22620,2157,
860515812,GABRIEL DE COLOMBIA S.A.,Depósito Privado para Transformación y/o Ensamble,22750,Bogotá,22750,2428,
890801451,RIDUCO S.A.,Depósito Privado para Transformación y/o Ensamble,22890,Manizales,22890,2463,
900166896,HINO MOTORS MANUFACTURING COLOMBIA S.A.S,Depósito Privado para Transformación y/o Ensamble,24100,Bogotá,24100,2466,
800157061,TRANSAIRE S.A.S,Depósito Privado para Transformación y/o Ensamble,24603,Bogotá,24603,2838,
860000596,ESPUMLATEX S A,Depósito Privado para Transformación y/o Ensamble,25269,Medellín,25269,3537,
890307671,RESORTES HERCULES S.A.S.,Depósito Privado para Transformación y/o Ensamble,25363,Cali,25363,3615,
890900317,AUTOTECNICA COLOMBIANA S. A.,Depósito Privado para Transformación y/o Ensamble,25436,Cartagena,25436,3680,
890801451,RIDUCO S.A.,Depósito Privado para Transformación y/o Ensamble,25454,Medellín,25454,3726,
890900943,COLOMBIANA DE COMERCIO S.A.,Depósito Privado para Transformación y/o Ensamble,27047,Medellín,27047,4099,
901124233,LM MOTORS S.A.S,Depósito Privado para Transformación y/o Ensamble,27065,Bogotá,27065,4128,
860001781,INDUSTRIAS METALICAS ASOCIADAS IMAL S A,Depósito Privado para Transformación y/o Ensamble,21340,Bogotá,21340,2177,
890900317,AUTOTECNICA COLOMBIANA S. A.,Depósito Privado para Transformación y/o Ensamble,27127,Medellín,27127,4356,
860025792,RENAULT SOCIEDAD DE FABRICACION DE AUTOMOTORES S.A.S.,Depósito Privado para Transformación y/o Ensamble,27141,Medellín,27141,4370,Depósito privado de transformación o ensamble Envigado.
901405093,FRATELLI COLOMBIA SAS,Depósito Privado para Transformación y/o Ensamble,27142,Cali,27142,4380,
890901866,BONEM S.A.,Depósito Privado para Transformación y/o Ensamble,21400,Medellín,21400,2318,
860026753,ACESCO COLOMBIA S.A.S.,Depósito Privado.,101,Barranquilla,101,2012,
860001899,CORPACERO S. A. S.,Depósito Privado.,201,Barranquilla,201,4008,
860007277,PETROQUIMICA COLOMBIANA S.A.,Depósito Privado.,3301,Cartagena,3301,2236,
860002304,GENERAL MOTORS COLMOTORES S A,Depósito Privado.,3902,Bogotá,3902,2051,
890301886,FÁBRICA NACIONAL DE AUTOPARTES S.A.S.,Depósito Privado.,4702,Cali,4702,2193,
800130632,EJERCITO NACIONAL CONTADURIA PRINCIPAL DEL COMANDO DEL,Depósito Privado.,5601,Santa Marta,5601,2343,
800130632,EJERCITO NACIONAL CONTADURIA PRINCIPAL DEL COMANDO DEL,Depósito Privado.,5602,Bogotá,5602,2052,
830095890,ECOFERTIL S.A.,Depósito Privado.,7101,Barranquilla,7101,0,
890916911,INDUSTRIA COLOMBIANA DE MOTOCICLETAS YAMAHA S.A.S,Depósito Privado.,7701,Medellín,7701,2312,
899999044,INDUSTRIA MILITAR,Depósito Privado.,8102,Bogotá,8102,2054,
860069804,CARBONES DEL CERREJON LIMITED,Depósito Privado.,8302,Riohacha,8302,2353,
890300406,CARTON DE COLOMBIA S.A.,Depósito Privado.,10601,Cali,10601,2195,
860009034,STANTON S A S,Depósito Privado.,10701,Bogotá,10701,2057,
899999102,FUERZA AEROESPACIAL COLOMBIANA COMANDO FAC,Depósito Privado.,12901,Bogotá,12901,2438,
800141644,BASE NAVAL ARC BOGOTA,Depósito Privado.,13501,Bogotá,13501,2060,
860020227,FONDO ROTATORIO DE LA POLICIA NACIONAL,Depósito Privado.,13601,Bogotá,13601,2061,
800034586,CENTRO INTERNACIONAL DE AGRICULTURA TROPICAL-CIAT,Depósito Privado.,13701,Cali,13701,2190,
890200474,INCUBADORA SANTANDER S.A.,Depósito Privado.,20780,Bucaramanga,20780,2183,
890900281,INDUSTRIAS HACEB S A,Depósito Privado.,21180,Medellín,21180,2293,
890300546,COLGATE PALMOLIVE COMPAÑIA,Depósito Privado.,21320,Cali,21320,2189,
800127132,FEILO SYLVANIA COLOMBIA S.A.S,Depósito Privado.,22190,Bogotá,22190,2044,
830018214,MPS MAYORISTA DE COLOMBIA S.A.,Depósito Privado.,22320,Bogotá,22320,2068,
800051319,ENERGIA Y POTENCIA S.A.S,Depósito Privado.,22500,Medellín,22500,2299,
800141644,BASE NAVAL ARC BOGOTA,Depósito Privado.,22510,Cartagena,22510,2249,
860017005,CHALLENGER S A S,Depósito Privado.,23050,Bogotá,23050,2481,
860001963,PROTELA S A,Depósito Privado.,24080,Bogotá,24080,2065,
890914336,DURESPO S. A.,Depósito Privado.,24510,Medellín,24510,2733,
860001584,MECANELECTRO S. A.S,Depósito Privado.,24602,Bogotá,24602,2839,
890101279,CONTINENTE S.A.,Depósito Privado.,25054,Barranquilla,25054,2811,
830036108,SED INTERNATIONAL DE COLOMBIA S A S,Depósito Privado.,25130,Bogotá,25130,2920,
800059470,POLIPROPILENO DEL CARIBE S.A.,Depósito Privado.,25178,Cartagena,25178,2977,
800151545,IMPORTADORA ELECTRONICA S.A.S.,Depósito Privado.,25179,Pereira,25179,2985,
890917465,GRIFFITH FOODS S.A.S.,Depósito Privado.,25264,Medellín,25264,3496,
891410137,SUZUKI MOTOR DE COLOMBIA S.A.,Depósito Privado.,25464,Pereira,25464,3716,
890200474,INCUBADORA SANTANDER S.A.,Depósito Privado.,25476,Cali,25476,3770,
800176628,MODAS Y DISEÑOS S A,Depósito Privado.,25496,Barranquilla,25496,3766,
800015615,MARPICO S.A.S,Depósito Privado.,25542,Bogotá,25542,3813,
800133807,MEGALABS COLOMBIA SAS,Depósito Privado.,25555,Bogotá,25555,3834,
890905032,PREBEL S.A. BIC,Depósito Privado.,26955,Medellín,26955,3946,
800222648,INVERPRIMOS S.A.S.,Depósito Privado.,26965,Medellín,26965,3973,
890904138,AMTEX SAS,Depósito Privado.,27003,Medellín,27003,4056,
900989934,MUNDO SUPER S.A.S.,Depósito Privado.,27025,Manizales,27025,4083,
830027231,AZELIS COLOMBIA S A S,Depósito Privado.,27028,Cartagena,27028,4091,
890322007,QUIMPAC DE COLOMBIA S.A,Depósito Privado.,27053,Buenaventura,27053,4124,
900579611,CONSUMER ELECTRONICS GROUP S.A.S,Depósito Privado.,27057,Pereira,27057,4133,
900943243,SURAMERICA COMERCIAL S.A.S,Depósito Privado.,27072,Cali,27072,4134,
890311875,SCHNEIDER ELECTRIC DE COLOMBIA S A,Depósito Privado.,27074,Bogotá,27074,4146,
811021765,ST. JUDE MEDICAL COLOMBIA LTDA.,Depósito Privado.,27076,Bogotá,27076,4326,
900677390,HANDLER SAS,Depósito Privado.,27086,Bogotá,27086,4336,
900084363,LEXMANA S.A.S,Depósito Privado.,27084,Bogotá,27084,4346,
900335451,E.QUATRO S.A.S.,Depósito Privado.,27093,Barranquilla,27093,4350,
860529890,DISORTHO SAS,Depósito Privado.,25516,Bogotá,25516,3790,
860025792,RENAULT SOCIEDAD DE FABRICACION DE AUTOMOTORES S.A.S.,Depósito Privado.,10502,Bogotá,10502,2056,
800136505,DATECSA S.A.,Depósito Privado.,24820,Cali,24820,2746,
860001307,DISTRIBUIDORA NISSAN S.A.,Depósito Privado.,27128,Bogotá,27128,4369,
800035776,NEXSYS DE COLOMBIA S.A.S.,Depósito Privado.,27125,Bogotá,27125,4374,
860001307,DISTRIBUIDORA NISSAN S.A.,Depósito Privado.,27137,Barranquilla,27137,4381,
900468587,VISDECOL S.A.S.,Depósito Privado.,27163,Medellín,27163,4385,
860063875,ENEL COLOMBIA S.A E.S.P,Depósito Privado.,27079,Bogotá,27079,4333,
891304762,ITALCOL DE OCCIDENTE S.A.,Depósito Privado.,26912,Cali,26912,3882,
890101279,CONTINENTE S.A.,Depósito Privado.,27170,Barranquilla,27170,4412,
890904138,AMTEX SAS,Depósito Privado.,27181,Medellín,27181,4413,AMTEX SAS
860002134,ABBOTT LABORATORIES DE COLOMBIA S A S,Depósito Privado.,2701,Bogotá,2701,2050,
860020439,MONOMEROS COLOMBO VENEZOLANOS S.A. EMPRESA MULTINACIONAL ANDINA E.M.A.,Depósito Privado.,7101,Barranquilla,7101,2016,
900327290,DERCO COLOMBIA S.A.S.,Depósito Privado.,27219,Bogotá,27219,4447,Depósito privado DERCO COLOMBIA S.A.S.
860047657,INCHCAPE COLOMBIA S A S,Depósito Privado.,27220,Bogotá,27220,4448,Deposito Privado INCHCAPE COLOMBIA S A S
860079024,REPRESENTACIONES DEL MUNDO LTDA REPREMUNDO,Depósito Público,501,Bogotá,501,2071,
860079024,REPRESENTACIONES DEL MUNDO LTDA REPREMUNDO,Depósito Público,502,Bogotá,502,2072,
860061903,ALMACENADORA COLOMBIANA S.A C.I,Depósito Público,1001,Buenaventura,1001,2356,
899999049,ALMAGRARIO S.A,Depósito Público,1501,Barranquilla,1501,2026,
899999049,ALMAGRARIO S.A,Depósito Público,1508,Bogotá,1508,2077,
899999049,ALMAGRARIO S.A,Depósito Público,1511,Santa Marta,1511,2345,
899999049,ALMAGRARIO S.A,Depósito Público,1512,Buenaventura,1512,2357,
899999049,ALMAGRARIO S.A,Depósito Público,1514,Cartagena,1514,2254,
860002153,ALMACENES GENERALES DE DEPOSITO ALMAVIVA S. A.,Depósito Público,1601,Barranquilla,1601,2027,
860002153,ALMACENES GENERALES DE DEPOSITO ALMAVIVA S. A.,Depósito Público,1604,Buenaventura,1604,2358,
860002153,ALMACENES GENERALES DE DEPOSITO ALMAVIVA S. A.,Depósito Público,1605,Cali,1605,2202,
860002153,ALMACENES GENERALES DE DEPOSITO ALMAVIVA S. A.,Depósito Público,1606,Cartagena,1606,2255,
860002153,ALMACENES GENERALES DE DEPOSITO ALMAVIVA S. A.,Depósito Público,1618,Bogotá,1618,2079,
860020382,ALPOPULAR ALMACEN GENERAL DE DEPOSITOS S.A. ALPOPULAR S.A,Depósito Público,1802,Bogotá,1802,2080,
860020382,ALPOPULAR ALMACEN GENERAL DE DEPOSITOS S.A. ALPOPULAR S.A,Depósito Público,1803,Cali,1803,2203,
860020382,ALPOPULAR ALMACEN GENERAL DE DEPOSITOS S.A. ALPOPULAR S.A,Depósito Público,1804,Ipiales,1804,2373,
860020382,ALPOPULAR ALMACEN GENERAL DE DEPOSITOS S.A. ALPOPULAR S.A,Depósito Público,1805,Medellín,1805,2309,
860020382,ALPOPULAR ALMACEN GENERAL DE DEPOSITOS S.A. ALPOPULAR S.A,Depósito Público,1806,Cúcuta,1806,2277,
860056785,DEPOSITO ADUANERO AVIATUR S.A.,Depósito Público,2201,Bogotá,2201,2081,
860040201,VOPAK COLOMBIA S.A,Depósito Público,4203,Barranquilla,4203,2030,
800156044,COMPAÑIA DE PUERTOS ASOCIADOS S.A.,Depósito Público,4601,Cartagena,4601,2257,
800156111,CONSIMEX SA,Depósito Público,4801,Bogotá,4801,2084,
800156111,CONSIMEX SA,Depósito Público,4802,Medellín,4802,2310,
800156111,CONSIMEX SA,Depósito Público,4803,Cali,4803,2206,
890926162,BANALOGISTIC S.A.S.,Depósito Público,4901,Urabá,4901,2382,
860014659,DOW QUIMICA DE COLOMBIA S.A.,Depósito Público,5701,Cartagena,5701,2258,
800116164,TERMINAL DE CONTENEDORES DE CARTAGENA S.A.,Depósito Público,7201,Cartagena,7201,2259,
860053976,ALGRANEL S.A.,Depósito Público,9501,Buenaventura,9501,2360,
860053976,ALGRANEL S.A.,Depósito Público,9502,Cartagena,9502,2260,
890903069,ROLDAN Y COMPAÑIA SAS,Depósito Público,10101,Bogotá,10101,2086,
890904224,C.I. UNION DE BANANEROS DE URABA S.A. - UNIBAN,Depósito Público,11501,Urabá,11501,2384,
800164786,ALMACENADORA INTERNACIONAL DE CARGA ALMINCARGA S.A.,Depósito Público,11701,Bogotá,11701,2087,
800188557,ALMACENADORES Y COMERCIO EXTERIOR S.A.S,Depósito Público,12101,Bogotá,12101,2089,
860046509,DSV CONTRACT LOGISTICS S.A.S,Depósito Público,13101,Bogotá,13101,2090,
800200969,SOCIECIEDAD PORTUARIA REGIONAL DE CARTAGENA S.A.,Depósito Público,14004,Cartagena,14004,2261,
860517479,SNIDER & CIA S A S,Depósito Público,15001,Bogotá,15001,2092,
805000308,OPP GRANELES S.A.,Depósito Público,15801,Buenaventura,15801,2362,
890300554,C.I DE AZUCARES Y MIELES S.A.,Depósito Público,18201,Buenaventura,18201,2363,
860061903,ALMACENADORA COLOMBIANA S.A C.I,Depósito Público,18701,Buenaventura,18701,2364,
800019437,CORRUGADOS DEL DARIEN S.A.S.,Depósito Público,20740,Urabá,20740,2385,
805000308,O.P.P. GRANELERA S.A.,Depósito Público,20790,Buenaventura,20790,2510,
800186891,SOCIEDAD PORTUARIA REGIONAL DE BARRANQUILLA S.A.,Depósito Público,20870,Barranquilla,20870,2031,
800096464,PUERTO DE MAMONAL S.A.,Depósito Público,20880,Cartagena,20880,2265,
800187234,SOCIEDAD PORTUARIA REGIONAL DE SANTA MARTA,Depósito Público,20910,Santa Marta,20910,2347,
800215775,SOCIEDAD PORTUARIA REGIONAL DE BUENAVENTURA S.A. S.P.R. BUN,Depósito Público,20950,Buenaventura,20950,2366,
860002153,ALMACENES GENERALES DE DEPOSITO ALMAVIVA S. A.,Depósito Público,21710,Cali,21710,2200,
819002433,TERMINAL DE GRANELES LIQUIDOS DEL CARIBE S.A.S,Depósito Público,21730,Santa Marta,21730,2348,
837000606,BODEGAS ASOCIADAS LIMITADA,Depósito Público,22080,Ipiales,22080,2377,
805000308,O.P.P. GRANELERA S.A.,Depósito Público,22820,Buenaventura,22820,2422,
900153901,ALMACENADORA GRAN COLOMBIA S.A.S,Depósito Público,22950,Maicao,22950,2404,
890926162,BANALOGISTIC S.A.S.,Depósito Público,23060,Urabá,23060,2423,
819007201,PALERMO SOCIEDAD PORTUARIA S.A,Depósito Público,24020,Barranquilla,24020,2424,
830020263,GRUPO PORTUARIO S.A.,Depósito Público,24360,Buenaventura,24360,2864,
860002153,ALMACENES GENERALES DE DEPOSITO ALMAVIVA S. A.,Depósito Público,24420,Bogotá,24420,2522,
800156044,COMPAÑIA DE PUERTOS ASOCIADOS S.A.,Depósito Público,24620,Buenaventura,24620,3660,
860020382,ALPOPULAR ALMACEN GENERAL DE DEPOSITOS S.A. ALPOPULAR S.A,Depósito Público,24760,Cartagena,24760,2752,
800084048,SOCIEDAD PORTUARIA TERMINAL DE CONTENEDORES DE BUENAVENTURA S.A.,Depósito Público,25136,Buenaventura,25136,2918,
900073049,MEGA BODEGAS DE NARIÑO LTDA,Depósito Público,25144,Ipiales,25144,2926,
890903295,SUPPLA SA,Depósito Público,25198,Bogotá,25198,3345,
860002153,ALMACENES GENERALES DE DEPOSITO ALMAVIVA S. A.,Depósito Público,25200,Bucaramanga,25200,3361,
900276383,FRIO FRIMAC S.A.S.,Depósito Público,25242,Barranquilla,25242,3461,
800154017,ALMACENADORA DE CARGA ALMACARGA SAS,Depósito Público,25248,Barranquilla,25248,3414,
805001149,ALMACENADORA INTERAMERICANA DE CARGA S A S,Depósito Público,25290,Bogotá,25290,3494,
800156044,COMPAÑIA DE PUERTOS ASOCIADOS S.A.,Depósito Público,25337,Cartagena,25337,3565,
800156044,COMPAÑIA DE PUERTOS ASOCIADOS S.A.,Depósito Público,25360,Barranquilla,25360,3589,
900359452,BARRANQUILLA INTERNATIONAL TERMINAL COMPANY S.A. BITCO S.A.,Depósito Público,25374,Barranquilla,25374,3625,
800206129,PUERTO BUENAVISTA S.A,Depósito Público,25423,Cartagena,25423,3741,
830147612,SOCIEDAD PORTUARIA RIVERPORT S A,Depósito Público,25432,Barranquilla,25432,3686,
860009873,SOCIEDAD PORTUARIA PUERTO BAHIA S.A,Depósito Público,25506,Cartagena,25506,3778,
900579793,SOCIEDAD PORTUARIA IMPALA TERMINALS BARRANCABERMEJA S.A.,Depósito Público,25550,Bucaramanga,25550,3831,
835000149,SOCIEDAD PUERTO INDUSTRIAL AGUADULCE S.A.,Depósito Público,25578,Buenaventura,25578,3857,
860079024,REPRESENTACIONES DEL MUNDO LTDA REPREMUNDO,Depósito Público,26903,Bogotá,26903,3871,
900907185,IMC DEPOSITO SAS,Depósito Público,26924,Bogotá,26924,3894,
800156044,COMPAÑIA DE PUERTOS ASOCIADOS S.A.,Depósito Público,26930,Buenaventura,26930,3983,
800185067,ALMACENADORA LA FRONTERA LTDA,Depósito Público,27005,Ipiales,27005,4038,
800188557,ALMACENADORES Y COMERCIO EXTERIOR S.A.S,Depósito Público,27008,Bogotá,27008,4019,
800122459,ALMACENADORA DE MERCANCIAS DEL GRUPO ANDINO ALANDINO LTDA,Depósito Público,27012,Ipiales,27012,4024,
900214109,SOCIEDAD PORTUARIA MARDIQUE S.A,Depósito Público,27024,Cartagena,27024,4082,
890903295,SUPPLA SA,Depósito Público,27055,Bogotá,27055,4117,
900511289,MANUCHAR LOGISTIC S.A.S.,Depósito Público,27104,Buenaventura,27104,4352,
800033858,SOCIEDAD PORTUARIA EL CAYAO S.A E.S.P,Depósito Público,26943,Cartagena,26943,3919,
860040201,VOPAK COLOMBIA S.A,Depósito Público,4204,Cartagena,4204,2256,
860020382,ALPOPULAR ALMACEN GENERAL DE DEPOSITOS S.A. ALPOPULAR S.A,Depósito Público,27145,Barranquilla,27145,4376,
860002153,ALMACENES GENERALES DE DEPOSITO ALMAVIVA S. A.,Depósito Público,1609,Medellín,1609,2308,
860002153,ALMACENES GENERALES DE DEPOSITO ALMAVIVA S. A.,Depósito Público,1602,Bogotá,1602,2078,
830080634,MAERSK LOGISTICS & SERVICES COLOMBIA LTDA,Depósito Público,27019,Cartagena,27180,4402,
900188593,PUERTO BAHIA COLOMBIA DE URABA S.A.,Depósito Público,27188,Urabá,27188,4414,PUERTO BAHIA COLOMBIA DE URABA S.A.
860038063,DHL GLOBAL FORWARDING DEPOSITO ADUANERO (COLOMBIA) S A,Depósito Público,26979,Bogotá,26979,3994,
900268209,NATRIO SAS,Depósito Público,27198,Buenaventura,27198,4431,NATRIO SAS
827000189,SAN ANDRES PORT SOCIETY S.A. (SOCIEDAD PORTUARIA DE SAN AND RES S.A.),Depósito Público,27205,San Andrés,27205,4435,
901930885,ALMACENADORA DE LA FRONTERA S.A.S.,Depósito Público,27234,Maicao,27234,4440,ALMACENADORA DE LA FRONTERA S.A.S.
860002153,ALMACENES GENERALES DE DEPOSITO ALMAVIVA S. A.,Depósito Público,27243,Medellín,27243,4454,Deposito Publico La Estrella 27243
890401608,INDUSTRIAS ASTIVIK S.A SIGLA ASTIVIK S.A,Instalación Industrial,27035,Cartagena,27035,4094,
806008873,COTECMAR,Instalación Industrial,27056,Cartagena,27056,4111,
890401842,FERROCEM - ALQUIMAR S. A. S.,Instalación Industrial,27062,Cartagena,27062,4119,
900448239,INSER EQUIPOS SAS - INGENIERIA Y SERVICIOS SAS,Instalación Industrial,27118,Cartagena,27118,4353,
800080370,TROJA ARTESANAL CARTAGENITA SAS.,Instalación Industrial,27112,Cartagena,27112,4354,
806008873,COTECMAR,Instalación Industrial,27138,Cartagena,27138,4366,
900224143,ASTINAVES S.A.S.,Instalación Industrial,27078,Cartagena,27078,4329,
800102527,ENEXCOL S.A.S,Intermediario Modalidad de Tráfico Postal y Envíos Urgentes,54,Nivel Nacional,,,
800178193,JET BOX S.A.S,Intermediario Modalidad de Tráfico Postal y Envíos Urgentes,25,Nivel Nacional,,,
800179612,SERVIENTREGA INTERNACIONAL S A,Intermediario Modalidad de Tráfico Postal y Envíos Urgentes,27111,Nivel Nacional,,,
800210556,PASAR EXPRESS S.A.,Intermediario Modalidad de Tráfico Postal y Envíos Urgentes,142,Nivel Nacional,,,
805001203,ABE CARGO EXPRESS S.A.S.,Intermediario Modalidad de Tráfico Postal y Envíos Urgentes,21,Nivel Nacional,,,
805012493,BOX EXPRESS COURIER S.A.S.,Intermediario Modalidad de Tráfico Postal y Envíos Urgentes,25532,Nivel Nacional,,,
805030045,J & G BUSINESS COURIER SAS,Intermediario Modalidad de Tráfico Postal y Envíos Urgentes,159,Nivel Nacional,,,
830017271,FEDERAL EXPRESS CORPORATION,Intermediario Modalidad de Tráfico Postal y Envíos Urgentes,184,Nivel Nacional,,,
830025299,PRX COURIER SAS,Intermediario Modalidad de Tráfico Postal y Envíos Urgentes,141,Nivel Nacional,,,
830025582,MANDDE S.A.S,Intermediario Modalidad de Tráfico Postal y Envíos Urgentes,27085,Nivel Nacional,,,
830030549,USA CO COLOMBIAN WORLDWIDE COURIER SAS,Intermediario Modalidad de Tráfico Postal y Envíos Urgentes,97,Nivel Nacional,,,
830045825,TRANEXCO S.A.S,Intermediario Modalidad de Tráfico Postal y Envíos Urgentes,170,Nivel Nacional,,,
830082601,ZAI CARGO SAS,Intermediario Modalidad de Tráfico Postal y Envíos Urgentes,63,Nivel Nacional,,,
830095676,NEW EXPRESS MAIL SAS,Intermediario Modalidad de Tráfico Postal y Envíos Urgentes,117,Nivel Nacional,,,
860025338,COMPAÑIA PANAMEÑA DE AVIACION S A,Intermediario Modalidad de Tráfico Postal y Envíos Urgentes,27011,Nivel Nacional,,,
860502609,DHL EXPRESS COLOMBIA LTDA,Intermediario Modalidad de Tráfico Postal y Envíos Urgentes,2,Nivel Nacional,,,
860504008,WORLD COURIER DE COLOMBIA S.A.,Intermediario Modalidad de Tráfico Postal y Envíos Urgentes,172,Nivel Nacional,,,
890100577,AEROVIAS NACIONALES DE COLOMBIA S.A. AVIANCA,Intermediario Modalidad de Tráfico Postal y Envíos Urgentes,20,Nivel Nacional,,,
900014549,J&T EXPRESS COLOMBIA INTERNATIONAL LOGISTICS SERVICES S.A,Intermediario Modalidad de Tráfico Postal y Envíos Urgentes,133,Nivel Nacional,,,
900039844,SOMOS COURRIER EXPRESS S A.S,Intermediario Modalidad de Tráfico Postal y Envíos Urgentes,147,Nivel Nacional,,,
900062917,SERVICIOS POSTALES NACIONALES S.A.S,Intermediario Modalidad de Tráfico Postal y Envíos Urgentes,174,Nivel Nacional,,,
900067395,CORREOS ESPECIALIZADOS DE COLOMBIA CESCOL SAS,Intermediario Modalidad de Tráfico Postal y Envíos Urgentes,140,Nivel Nacional,,,
900129344,CARGO ZONE ETC S.A.S,Intermediario Modalidad de Tráfico Postal y Envíos Urgentes,25267,Nivel Nacional,,,
900136581,"CONTINENTAL MAIL EXPRESS CO. SAS, COMEX CO. SAS",Intermediario Modalidad de Tráfico Postal y Envíos Urgentes,148,Nivel Nacional,,,
900148614,J&V TRADING GROUP S.A.S.,Intermediario Modalidad de Tráfico Postal y Envíos Urgentes,151,Nivel Nacional,,,
900154747,PREMIER GLOBAL SERVICE S.A.S.,Intermediario Modalidad de Tráfico Postal y Envíos Urgentes,173,Nivel Nacional,,,
900163042,AVIAEXPRESS S.A.S,Intermediario Modalidad de Tráfico Postal y Envíos Urgentes,157,Nivel Nacional,,,
900400551,UPS SERVICIOS EXPRESOS S.A.S.,Intermediario Modalidad de Tráfico Postal y Envíos Urgentes,182,Nivel Nacional,,,
900506327,CLICK MAIL SAS,Intermediario Modalidad de Tráfico Postal y Envíos Urgentes,26922,Nivel Nacional,,,
900936153,BEYOND BORDER INTERNATIONAL COURIER S A S,Intermediario Modalidad de Tráfico Postal y Envíos Urgentes,26942,Nivel Nacional,,,
901188931,RED DE MENSAJERIA EXPRESA Y LOGISTICA INTERNACIONAL S.A.S,Intermediario Modalidad de Tráfico Postal y Envíos Urgentes,26972,Nivel Nacional,,,
901459501,FAST SERVICES COURIER SAS,Intermediario Modalidad de Tráfico Postal y Envíos Urgentes,27100,Nivel Nacional,,,
901495009,COURIERBOX COLOMBIA SAS,Intermediario Modalidad de Tráfico Postal y Envíos Urgentes,27124,Nivel Nacional,,,
830131802,L & D COLOMBIA LTDA,Intermediario Modalidad de Tráfico Postal y Envíos Urgentes,138,Nivel Nacional,,,
890904713,COORDINADORA MERCANTIL S.A.,Intermediario Modalidad de Tráfico Postal y Envíos Urgentes,27135,Nivel Nacional,,,
901147181,LATIN LOGISTICS COLOMBIA S.A.S.,Intermediario Modalidad de Tráfico Postal y Envíos Urgentes,27136,Nivel Nacional,,,
900563168,COLOCAR CARGO LOGISTICS S.A.S.,Intermediario Modalidad de Tráfico Postal y Envíos Urgentes,27182,Nivel Nacional,,,
900579793,SOCIEDAD PORTUARIA IMPALA TERMINALS BARRANCABERMEJA S.A.,Lugar Habilitado para Exportación de Café,27229,Bucaramanga,,,
800186891,SOCIEDAD PORTUARIA REGIONAL DE BARRANQUILLA S.A.,Lugar Habilitado para Exportación de Café,27228,Barranquilla,,,
800215775,SOCIEDAD PORTUARIA REGIONAL DE BUENAVENTURA S.A. S.P.R. BUN,Lugar Habilitado para Exportación de Café,27227,Buenaventura,,,
800200969,SOCIECIEDAD PORTUARIA REGIONAL DE CARTAGENA S.A.,Lugar Habilitado para Exportación de Café,27226,Cartagena,,,
800116164,TERMINAL DE CONTENEDORES DE CARTAGENA S.A.,Lugar Habilitado para Exportación de Café,27225,Cartagena,,,
800187234,SOCIEDAD PORTUARIA REGIONAL DE SANTA MARTA,Lugar Habilitado para Exportación de Café,27224,Santa Marta,,,
835000149,SOCIEDAD PUERTO INDUSTRIAL AGUADULCE S.A.,Lugar Habilitado para Exportación de Café,27222,Buenaventura,,,
900579793,SOCIEDAD PORTUARIA IMPALA TERMINALS BARRANCABERMEJA S.A.,Muelle Fluvial Público Ingreso y Salida de Mercancías,14186,Bucaramanga,14186,3942,SOCIEDAD PORTUARIA IMPALA TERMINALS BARRANCABERMEJA
901343976,UNIBÁN LOGÍSTICA S.A.,Muelle Fluvial Público Ingreso y Salida de Mercancías,27043,Urabá,27043,4123,UNIBÁN SERVICIOS TURBO
901343976,UNIBÁN LOGÍSTICA S.A.,Muelle Fluvial Público Ingreso y Salida de Mercancías,27042,Urabá,27042,4125,UNIBÁN SERVICIOS CAREPA
899999068,EMPRESA COLOMBIANA DE PETROLEOS ECOPETROL,Muelle Marítimo Privado Ingreso y Salida de Mercancías,14112,Cartagena,14112,1020,ECOPETROL CARTAGENA
899999068,EMPRESA COLOMBIANA DE PETROLEOS ECOPETROL,Muelle Marítimo Privado Ingreso y Salida de Mercancías,14123,Cartagena,14123,1027,ECOPETROL COVEÑAS
800153687,AMERICAN PORT COMPANY INC,Muelle Marítimo Privado Ingreso y Salida de Mercancías,14128,Santa Marta,14128,1033,AMERICAN PORT COMPANY
900164755,ZONA FRANCA ARGOS S.A.S - USUARIO OPERADOR DE ZONA FRANCA,Muelle Marítimo Privado Ingreso y Salida de Mercancías,14148,Cartagena,14148,1093,ZONA FRANCA ARGOS
900531210,CENIT TRANSPORTE Y LOGÍSTICA DE HIDROCARBUROS S.A.S.,Muelle Marítimo Privado Ingreso y Salida de Mercancías,14180,Tumaco,14180,3653,CENIT TRANSPORTE Y LOGÍSTICA DE HIDROCARBUROS PASTO
900531210,CENIT TRANSPORTE Y LOGÍSTICA DE HIDROCARBUROS S.A.S.,Muelle Marítimo Privado Ingreso y Salida de Mercancías,14181,Santa Marta,14181,3661,CENIT TRANSPORTE Y LOGÍSTICA DE HIDROCARBUROS SANTA MARTA
900106818,SOCIEDAD PORTUARIA BAVARIA S.A.,Muelle Marítimo Privado Ingreso y Salida de Mercancías,14147,Cartagena,14147,1082,SOCIEDAD PORTUARIA BAVARIA
901045599,PUERTOS DEL CARIBE SOCIEDAD PORTUARIA S A,Muelle Marítimo Privado Ingreso y Salida de Mercancías,14407,Cartagena,14407,3936,PUERTOS DEL CARIBE SOCIEDAD PORTUARIA
860020439,MONOMEROS COLOMBO VENEZOLANOS S.A. EMPRESA MULTINACIONAL ANDINA E.M.A.,Muelle Marítimo Privado Ingreso y Salida de Mercancías,14131,Barranquilla,14131,1007,MONOMEROS COLOMBO VENEZOLANOS
830095890,ECOFERTIL S.A.,Muelle Marítimo Privado Ingreso y Salida de Mercancías,14131,Barranquilla,0,0,ECOFERTIL
802019705,SOCIEDAD PORTUARIA MONOMEROS COLOMBO VENEZOLANOS S.A.,Muelle Marítimo Privado Ingreso y Salida de Mercancías,14131,Barranquilla,0,0,SOCIEDAD PORTUARIA MONOMEROS COLOMBO VENEZOLANOS S.A.
860053976,ALGRANEL S.A.,Muelle Marítimo Público Ingreso y Salida de Mercancías,14107,Cartagena,14107,1010,ALGRANEL
800156044,COMPAÑIA DE PUERTOS ASOCIADOS S.A.,Muelle Marítimo Público Ingreso y Salida de Mercancías,14109,Cartagena,14109,1011,COMPAS CARTAGENA
806012654,SOCIEDAD PORTUARIA DEL DIQUE S.A.,Muelle Marítimo Público Ingreso y Salida de Mercancías,14135,Cartagena,14135,1012,SOCIEDAD PORTUARIA DEL DIQUE
819007201,PALERMO SOCIEDAD PORTUARIA S.A,Muelle Marítimo Público Ingreso y Salida de Mercancías,14150,Barranquilla,14150,1084,PALERMO SOCIEDAD PORTUARIA
806016414,SOCIEDAD PORTUARIA OLEFINAS Y DERIVADOS S.A.,Muelle Marítimo Público Ingreso y Salida de Mercancías,14152,Cartagena,14152,3835,SOCIEDAD PORTUARIA OLEFINAS Y DERIVADOS
802018456,PORTMAGDALENA S.A.,Muelle Marítimo Público Ingreso y Salida de Mercancías,14155,Barranquilla,14155,2819,PORTMAGDALENA
860040201,VOPAK COLOMBIA S.A,Muelle Marítimo Público Ingreso y Salida de Mercancías,14158,Barranquilla,14158,1001,VOPAK COLOMBIA BARRANQUILLA
800156044,COMPAÑIA DE PUERTOS ASOCIADOS S.A.,Muelle Marítimo Público Ingreso y Salida de Mercancías,14160,Buenaventura,14160,3659,COMPAS BUENAVENTURA
860040201,VOPAK COLOMBIA S.A,Muelle Marítimo Público Ingreso y Salida de Mercancías,14163,Cartagena,14163,1009,VOPAK COLOMBIA CARTAGENA
900162335,SOCIEDAD PORTUARIA DEXTON S.A.,Muelle Marítimo Público Ingreso y Salida de Mercancías,14166,Cartagena,14166,3772,SOCIEDAD PORTUARIA DEXTON
900257792,OTAMERICA COLOMBIA S.A.,Muelle Marítimo Público Ingreso y Salida de Mercancías,14172,Cartagena,14172,3451,OILTANKING COLOMBIA
830020263,GRUPO PORTUARIO S.A.,Muelle Marítimo Público Ingreso y Salida de Mercancías,14174,Buenaventura,14174,1038,GRUPO PORTUARIO
900359452,BARRANQUILLA INTERNATIONAL TERMINAL COMPANY S.A. BITCO S.A.,Muelle Marítimo Público Ingreso y Salida de Mercancías,14179,Barranquilla,14179,2981,BARRANQUILLA INTERNATIONAL TERMINAL COMPANY
830147612,SOCIEDAD PORTUARIA RIVERPORT S A,Muelle Marítimo Público Ingreso y Salida de Mercancías,14182,Barranquilla,14182,3668,SOCIEDAD PORTUARIA RIVERPORT
860009873,SOCIEDAD PORTUARIA PUERTO BAHIA S.A,Muelle Marítimo Público Ingreso y Salida de Mercancías,14185,Cartagena,14185,3773,SOCIEDAD PORTUARIA PUERTO BAHIA
830147612,SOCIEDAD PORTUARIA RIVERPORT S A,Muelle Marítimo Público Ingreso y Salida de Mercancías,14187,Barranquilla,14187,3797,SOCIEDAD PORTUARIA RIVERPORT MUELLE 2
827000189,SAN ANDRES PORT SOCIETY S.A. (SOCIEDAD PORTUARIA DE SAN AND RES S.A.),Muelle Marítimo Público Ingreso y Salida de Mercancías,14402,San Andrés,14402,3940,SAN ANDRES PORT SOCIETY
806016841,SOCIEDAD PORTUARIA TRANSMARSYP S.A.,Muelle Marítimo Público Ingreso y Salida de Mercancías,14410,Cartagena,14410,3978,SOCIEDAD PORTUARIA TRANSMARSYP
900410384,SOCIEDAD PORTUARIA MARINAS DEL CARIBE S.A.,Muelle Marítimo Público Ingreso y Salida de Mercancías,14421,Barranquilla,14421,4058,SOCIEDAD PORTUARIA MARINAS DEL CARIBE
900363378,SOCIEDAD PORTUARIA RIO GRANDE S.A,Muelle Marítimo Público Ingreso y Salida de Mercancías,27157,Barranquilla,27157,4394,SOCIEDAD PORTUARIA RIO GRANDE S.A
890401435,SOCIEDAD PORTUARIA OPERADORA INTERNACIONAL S.A.,Muelle Marítimo Público para Ingreso y Salida de Viajeros,27080,Cartagena,27080,4347,SOCIEDAD PORTUARIA OPERADORA INTERNACIONAL
91255414,RUIZ DIAZ ALBERTO,Observador en las Operaciones de Importación,21,Cali;Bogotá;Medellín;Barranquilla;Cartagena;Cúcuta;Ipiales;Armenia;Buenaventura;Bucaramanga;Santa Marta;Urabá,,,
98400800,BUCHELI GUEVARA LUIS FERNANDO,Observador en las Operaciones de Importación,36,Ipiales;Puerto Asís;Armenia;Cali;Barranquilla;Cartagena;Cúcuta;Buenaventura;Santa Marta;Urabá;Bogotá;Medellín;Bucaramanga,,,
1073380379,BAREÑO LANCHEROS ELKIN ALBEIRO,Observador en las Operaciones de Importación,93,Bogotá;Barranquilla;Cartagena;Santa Marta;Buenaventura,,,
1014249317,HERNANDEZ ORTIZ ANDRES FERNANDO,Observador en las Operaciones de Importación,104,Bogotá;Barranquilla;Cúcuta;Ipiales;Buenaventura,,,
94441672,RUIZ HINESTROZA OSCAR JAVIER,Observador en las Operaciones de Importación,109,Buenaventura,,,
1014262787,ACOSTA TORRES JUAN CAMILO,Observador en las Operaciones de Importación,111,Bogotá;Barranquilla;Cartagena;Cúcuta;Ipiales;Riohacha;Buenaventura,,,
63557481,RIOS MORENO DENEB PAOLA,Observador en las Operaciones de Importación,114,Barranquilla;Cartagena;Riohacha;Maicao;Santa Marta,,,
1097638884,RAMIREZ BELTRAN CAMILA MARGARITA,Observador en las Operaciones de Importación,115,Cali;Bogotá;Barranquilla;Cartagena;Armenia;Pereira;Ipiales;Santa Marta;Buenaventura;Maicao,,,
1099213942,GAMBA GONZALEZ JEFERSON,Observador en las Operaciones de Importación,159,Bogotá; Barranquilla; Buenaventura; Cartagena; Santa Marta; Cali; Medellín; Armenia; Cúcuta; Ipiales; Pereira; Puerto Asís; Puerto Carreño; Maicao,,,
1001898095,SALINAS CASTILLA YEFRI,Observador en las Operaciones de Importación,160,Ipiales; Bogotá; Barranquilla; Buenaventura; Cartagena; Santa Marta; Cali; Medellín; Cúcuta; Pereira; Puerto Asís; Puerto Carreño; Maicao; Armenia,,,
1010239087,OLARTE PARDO JUAN DAVID,Observador en las Operaciones de Importación,161,Bogotá; Barranquilla; Buenaventura; Cartagena; Santa Marta; Cali; Medellín; Armenia; Cúcuta; Maicao; Pereira; Puerto Asís; Puerto Carreño; Ipiales,,,
1073523101,SANCHEZ BECERRA JHON SEBASTIAN,Observador en las Operaciones de Importación,156,Bogotá; Barranquilla; Buenaventura; Cartagena; Santa Marta; Cali; Medellín; Armenia; Ipiales; Maicao; Pereira; Puerto Asís; Puerto Carreño; Cúcuta,,,
1002035280,VERGEL BERRIO JORGE LEONARD,Observador en las Operaciones de Importación,157,Bogotá; Barranquilla; Buenaventura; Cartagena; Santa Marta; Cali; Medellín; Armenia; Cúcuta; Ipiales; Maicao; Puerto Asís; Puerto Carreño; Pereira,,,
1140891949,RODRIGUEZ MORELO MIGUEL HERNANDO,Observador en las Operaciones de Importación,158,Barranquilla; Cartagena; Cali; Cúcuta; Bogotá; Medellín; Ipiales; Buenaventura; Armenia; Santa Marta; Pereira; Maicao; Puerto Asís; Puerto Carreño,,,
1085284515,ENRIQUEZ FAJARDO VIVIANA CRISTINA,Observador en las Operaciones de Importación,163,Ipiales,,,
36695559,LADINO PERTUZ MARTHA CECILIA,Observador en las Operaciones de Importación,153,Barranquilla; Cartagena; Santa Marta; Buenaventura,,,
1047498163,CARRILLO CASTILLEJO LUZ MARIS,Observador en las Operaciones de Importación,137,Barranquilla; Cartagena; Santa Marta; Buenaventura,,,
73203572,GOMEZ BARRAZA ROBERTO,Observador en las Operaciones de Importación,140,Barranquilla; Cartagena; Santa Marta; Buenaventura,,,
12099566,ROBAYO CASTILLO MANUEL GUILLERMO,Observador en las Operaciones de Importación,39,Cali; Buenaventura; Barranquilla; Medellín; Cartagena; Ipiales; Santa Marta; Cúcuta; Maicao; Bogotá; Armenia; Bucaramanga; Urabá,,,
1095835818,REYES ANGARITA SEBASTIAN,Observador en las Operaciones de Importación,162,Cali; Cartagena; Barranquilla; Cúcuta; Medellín; Bogotá; Ipiales; Buenaventura; Armenia; Pereira; Santa Marta; Maicao; Puerto Asís; Puerto Carreño,,,
1128275757,OSORIO VELASCO JESSI,Observador en las Operaciones de Importación,78,Medellín; Urabá,,,
1111782262,SANDOVAL GALVEZ OSCAR JAVIER,Observador en las Operaciones de Importación,165,Cartagena; Barranquilla; Santa Marta; Buenaventura,,,
1001549342,CORTES GARCIA ELIANIS,Observador en las Operaciones de Importación,166,Cartagena; Barranquilla; Santa Marta; Buenaventura,,,
1107530003,TORRES LUCAS JUAN SEBASTIAN,Observador en las Operaciones de Importación,171,Cali; Cartagena; Barranquilla; Cúcuta; Medellín; Bogotá; Ipiales; Buenaventura; Armenia; Pereira; Santa Marta; Maicao; Puerto Asís,,,
1143374425,DIAZ DIAZ GERMAN DAVID,Observador en las Operaciones de Importación,170,Cali; Cartagena; Barranquilla; Cúcuta; Medellín; Bogotá; Ipiales; Buenaventura; Armenia; Pereira; Santa Marta; Maicao; Puerto Asís,,,
1140853900,HERNANDEZ LARA MADELINE DEL SOCORRO,Observador en las Operaciones de Importación,168,Cali; Cartagena; Barranquilla; Cúcuta; Medellín; Bogotá; Ipiales; Buenaventura; Armenia; Pereira; Santa Marta; Maicao; Puerto Asís,,,
1129503598,DIAZ TORRES YAHIR DANILO,Observador en las Operaciones de Importación,169,Cali; Cartagena; Barranquilla; Cúcuta; Medellín; Bogotá; Ipiales; Buenaventura; Armenia; Pereira; Santa Marta; Maicao; Puerto Asís,,,
700141387,QUEVEDO MARRUGO JUAN DIEGO,Observador en las Operaciones de Importación,167,Cartagena; Barranquilla; Santa Marta; Buenaventura,,,
1098735403,ARENIS QUIROGA GELVER ALONSO,Observador en las Operaciones de Importación,172,Cartagena; Barranquilla; Medellín; Cúcuta; Cali; Bogotá; Santa Marta; Buenaventura; Ipiales; Puerto Asís; Maicao; Pereira; Armenia,,,
1095822908,ALMANZA SANCHEZ FABIAN ANDRES,Observador en las Operaciones de Importación,175,Cartagena; Barranquilla; Medellín; Cúcuta; Cali; Bogotá; Santa Marta; Buenaventura; Ipiales; Puerto Asís; Maicao; Pereira; Armenia; Urabá,,,
1099215972,GONZALEZ BENAVIDES WENDY DAYANA,Observador en las Operaciones de Importación,173,Cartagena; Barranquilla; Medellín; Cúcuta; Cali; Bogotá; Santa Marta; Buenaventura; Puerto Asís; Maicao; Pereira; Armenia; Ipiales,,,
1098221682,JAIMES BERMUDEZ YURI NATHALYA,Observador en las Operaciones de Importación,174,Cartagena; Barranquilla; Medellín; Cúcuta; Cali; Bogotá; Santa Marta; Buenaventura; Ipiales; Puerto Asís; Maicao; Pereira; Armenia; Urabá,,,
800208834,VALLEY CARGO S.A.S,Operador de Transporte Multimodal,245,Nivel Nacional,245,,
860030380,DHL GLOBAL FORWARDING (COLOMBIA ) S.A.S.,Operador de Transporte Multimodal,278,Nivel Nacional,278,,
830008524,RHENUS LOGISTICS COLOMBIA S.A.S,Operador de Transporte Multimodal,286,Nivel Nacional,286,,
830002655,INTERWORLD FREIGHT S.A.S.,Operador de Transporte Multimodal,307,Nivel Nacional,307,,
830108355,LOGISTICA TOTAL S A S,Operador de Transporte Multimodal,308,Nivel Nacional,308,,
800157190,CARGA DIRECTA O T M S A Y/O DIRECT CARGO LOGISTICS S A,Operador de Transporte Multimodal,315,Nivel Nacional,315,,
830004237,MAP CARGO S A S,Operador de Transporte Multimodal,344,Nivel Nacional,344,,
800241469,TRANSBORDER S A S,Operador de Transporte Multimodal,359,Nivel Nacional,359,,
830080634,MAERSK LOGISTICS & SERVICES COLOMBIA LTDA,Operador de Transporte Multimodal,391,Nivel Nacional,391,,
800233052,ALMAVIVA GLOBAL CARGO S.A.S,Operador de Transporte Multimodal,440,Nivel Nacional,440,,
800039996,KUEHNE + NAGEL S A S,Operador de Transporte Multimodal,547,Nivel Nacional,547,,
900041757,SKY FORWARDER S.A.S,Operador de Transporte Multimodal,596,Nivel Nacional,596,,
900009272,GHC TRANSPORTES S.A.S.,Operador de Transporte Multimodal,600,Nivel Nacional,600,,
900269583,SERLOGISTICA OTM S.A.S.,Operador de Transporte Multimodal,601,Nivel Nacional,601,,
830088574,CRAFT COLOMBIA S A.S.,Operador de Transporte Multimodal,684,Nivel Nacional,684,,
900446365,TOTAL LOGISTICS CARGO SAS,Operador de Transporte Multimodal,760,Nivel Nacional,760,,
811039342,LOGISTICA S.A.S.,Operador de Transporte Multimodal,777,Nivel Nacional,777,,
900394396,SERVICIOS INTEGRALES MARITIMOS SAS,Operador de Transporte Multimodal,844,Nivel Nacional,844,,
800248701,TIBA COLOMBIA S.A.S.,Operador de Transporte Multimodal,866,Nivel Nacional,866,,
900618834,DSV AIR & SEA S.A.S.,Operador de Transporte Multimodal,906,Nivel Nacional,906,,
830006177,PORTES DE COLOMBIA SAS,Operador de Transporte Multimodal,1068,Nivel Nacional,1068,,
830055467,GEODIS COLOMBIA LTDA,Operador de Transporte Multimodal,1130,Nivel Nacional,1130,,
901290327,TRANSOTM S.A.S.,Operador de Transporte Multimodal,1144,Nivel Nacional,1144,,
860016819,SERCARGA S.A.S,Operador de Transporte Multimodal,1161,Nivel Nacional,1161,,
900068426,OPL CARGA S.A.S,Operador de Transporte Multimodal,1326,Bucaramanga,1326,,
901175630,ORGANIZACION 4 M S.A.S,Operador de Transporte Multimodal,1286,Nivel Nacional,1286,,
900498774,TRANSALIANZA TN S.A.S.,Operador de Transporte Multimodal,1347,Nivel Nacional,1347,,
901590886,LOGIMPEX OTM S.A.S,Operador de Transporte Multimodal,1366,Nivel Nacional,1366,,
900764811,MULTIMODAL TRANSPORT SERVICES S.A.S.,Operador de Transporte Multimodal,1399,Nivel Nacional,1399,,
860004023,RAPIDO GIGANTE S.A.S.,Operador de Transporte Multimodal,1417,Nivel Nacional,1417,,
900150640,ELITE LOGISTICA Y RENDIMIENTO S A S,Operador de Transporte Multimodal,1452,Nivel Nacional,1452,,
901085949,QUALITY LOGISTICS SERVICES SAS,Operador de Transporte Multimodal,1457,Nivel Nacional,1457,,
900416879,COMPAÑIA NACIONAL DE CARGA CONALCA S A S,Operador de Transporte Multimodal,1447,Nivel Nacional,1447,,
830018460,NUEVA TRANSPORTADORA SIGLO XXI S.A.S,Operador de Transporte Multimodal,1596,Nivel Nacional,1596,,
830055625,JAS FORWARDING DE COLOMBIA S.A.S.,Operador de Transporte Multimodal,1611,Nivel Nacional,1611,,
901147737,2 GROUP S.A.S.,Operador de Transporte Multimodal,1609,Nivel Nacional,1609,,
901083265,CARZ TRANSPORTADORES S.A.S,Operador de Transporte Multimodal,1600,Nivel Nacional,1600,,
901295223,COSCO SHIPPING LINES COLOMBIA S.A.S,Operador de Transporte Multimodal,1628,Nivel Nacional,1628,,
901420688,KONFÍE S.A.S,Operador de Transporte Multimodal,1659,Nivel Nacional,1659,,
900213368,LOGISTIC SERVICES LATINOAMERICA SAS,Operador de Transporte Multimodal,1436,Nivel Nacional,1436,,
900500089,INTERNATIONAL CARGO AGENCY S.A.S.,Operador de Transporte Multimodal,1710,Nivel Nacional,1710,,
901823193,SUNRISE TRUCKING S.A.S.,Operador de Transporte Multimodal,1720,Nivel Nacional,1720,,
901123074,HARCAL S.A.S.,Operador de Transporte Multimodal,1730,Nivel Nacional,1730,,
900608280,SOLUCIONES LOGISTICAS CONFIABLES S.A.S,Operador de Transporte Multimodal,1774,Nivel Nacional,1774,,
860069804,CARBONES DEL CERREJON LIMITED,Puerto Marítimo Privado para Ingreso y Salida de Mercancías,14007,Riohacha,14007,1035,CARBONES DEL CERREJON
830078038,CERREJON ZONA NORTE S. A.,Puerto Marítimo Privado para Ingreso y Salida de Mercancías,14007,Riohacha,0,1036,CERREJON ZONA NORTE
800186891,SOCIEDAD PORTUARIA REGIONAL DE BARRANQUILLA S.A.,Puerto Marítimo Público para Ingreso y Salida de Mercancías,14002,Barranquilla,14002,1004,SOCIEDAD PORTUARIA REGIONAL DE BARRANQUILLA
800215775,SOCIEDAD PORTUARIA REGIONAL DE BUENAVENTURA S.A. S.P.R. BUN,Puerto Marítimo Público para Ingreso y Salida de Mercancías,14003,Buenaventura,14003,1039,SOCIEDAD PORTUARIA REGIONAL DE BUENAVENTURA
800200969,SOCIECIEDAD PORTUARIA REGIONAL DE CARTAGENA S.A.,Puerto Marítimo Público para Ingreso y Salida de Mercancías,14004,Cartagena,14004,1014,SOCIEDAD PORTUARIA REGIONAL DE CARTAGENA
800116164,TERMINAL DE CONTENEDORES DE CARTAGENA S.A.,Puerto Marítimo Público para Ingreso y Salida de Mercancías,14104,Cartagena,14104,1015,TERMINAL DE CONTENEDORES DE CARTAGENA
800187234,SOCIEDAD PORTUARIA REGIONAL DE SANTA MARTA,Puerto Marítimo Público para Ingreso y Salida de Mercancías,14149,Santa Marta,14149,1083,SOCIEDAD PORTUARIA REGIONAL DE SANTA MARTA
800084048,SOCIEDAD PORTUARIA TERMINAL DE CONTENEDORES DE BUENAVENTURA S.A.,Puerto Marítimo Público para Ingreso y Salida de Mercancías,14161,Buenaventura,14161,1100,SOCIEDAD PORTUARIA TERMINAL DE CONTENEDORES DE BUENAVENTURA
800251163,OLEODUCTO CENTRAL S.A.,Puerto Marítimo Público para Ingreso y Salida de Mercancías,14167,Cartagena,14167,3836,OLEODUCTO CENTRAL
800156044,COMPAÑIA DE PUERTOS ASOCIADOS S.A.,Puerto Marítimo Público para Ingreso y Salida de Mercancías,14168,Cartagena,14168,3746,COMPAS TOLÚ
800156044,COMPAÑIA DE PUERTOS ASOCIADOS S.A.,Puerto Marítimo Público para Ingreso y Salida de Mercancías,14178,Barranquilla,14178,3586,COMPAS BARRANQUILLA
900096574,PUERTO BRISA S.A.,Puerto Marítimo Público para Ingreso y Salida de Mercancías,14184,Riohacha,14184,3735,PUERTO BRISA
835000149,SOCIEDAD PUERTO INDUSTRIAL AGUADULCE S.A.,Puerto Marítimo Público para Ingreso y Salida de Mercancías,14189,Buenaventura,14189,3855,SOCIEDAD PUERTO INDUSTRIAL AGUADULCE
800033858,SOCIEDAD PORTUARIA EL CAYAO S.A E.S.P,Puerto Marítimo Público para Ingreso y Salida de Mercancías,14191,Cartagena,14191,3941,SOCIEDAD PORTUARIA EL CAYAO
800206129,PUERTO BUENAVISTA S.A,Puerto Marítimo Público para Ingreso y Salida de Mercancías,14200,Cartagena,14200,1016,PUERTO BUENAVISTA S.A.
800181114,PUERTO PIMSA S.A,Puerto Marítimo Público para Ingreso y Salida de Mercancías,14300,Barranquilla,14300,1005,PUERTO PIMSA S.A
800096464,PUERTO DE MAMONAL S.A.,Puerto Marítimo Público para Ingreso y Salida de Mercancías,14400,Cartagena,14400,1017,PUERTO DE MAMONAL
900214109,SOCIEDAD PORTUARIA MARDIQUE S.A,Puerto Marítimo Público para Ingreso y Salida de Mercancías,14422,Cartagena,14422,4081,SOCIEDAD PORTUARIA MARDIQUE
900273253,SOCIEDAD PORTUARIA PUERTO NUEVO S.A.,Puerto Marítimo Público para Ingreso y Salida de Mercancías,27045,Santa Marta,27045,4098,SOCIEDAD PORTUARIA PUERTO NUEVO
839000348,SOCIEDAD PORTUARIA DE LA PENINSULA S.A,Puerto Marítimo Público para Ingreso y Salida de Mercancías,27064,Maicao,27064,4145,SOCIEDAD PORTUARIA DE LA PENINSULA
900188593,PUERTO BAHIA COLOMBIA DE URABA S.A.,Puerto Marítimo Público para Ingreso y Salida de Mercancías,27186,Urabá,27186,4415,PUERTO BAHIA COLOMBIA DE URABA S.A.
900162452,SOCIEDAD PORTUARIA MICHELLMAR S.A,Puerto Marítimo Público para Ingreso y Salida de Mercancías,14419,Barranquilla,14419,4001,SOCIEDAD PORTUARIA MICHELLMAR
901057588,SOCIEDAD PORTUARIA REGIONAL TUMACO PACIFIC PORT S.A. EN REESTRUCTURACION,Puerto Marítimo Público para Ingreso y Salida de Mercancías,27230,Tumaco,27230,4436,SOCIEDAD PORTUARIA REGIONAL TUMACO PACIFIC PORT S.A.
800200969,SOCIECIEDAD PORTUARIA REGIONAL DE CARTAGENA S.A.,Puerto Marítimo Público Para Ingreso y Salida de Viajeros,14417,Cartagena,14417,3980,SOCIEDAD PORTUARIA REGIONAL DE CARTAGENA VIAJEROS
800187234,SOCIEDAD PORTUARIA REGIONAL DE SANTA MARTA,Puerto Marítimo Público Para Ingreso y Salida de Viajeros,14418,Santa Marta,14418,3982,SOCIEDAD PORTUARIA REGIONAL DE SANTA MARTA VIAJEROS
900089005,AMERISUR EXPLORACION COLOMBIA LIMITADA,Punto importación/exportación por poliductos y/u oleoductos,2,Puerto Asís,,,PLATAFORMA SUR 9 CAMPO PLATANILLO
899999068,EMPRESA COLOMBIANA DE PETROLEOS ECOPETROL,Punto importación/exportación por poliductos y/u oleoductos,5,Barrancabermeja,,,
899999068,EMPRESA COLOMBIANA DE PETROLEOS ECOPETROL,Punto importación/exportación por poliductos y/u oleoductos,4,Barrancabermeja,,,
900531210,CENIT TRANSPORTE Y LOGÍSTICA DE HIDROCARBUROS S.A.S.,Punto importación/exportación por poliductos y/u oleoductos,1,Puerto Asís,,,KM 00+00 DEL OLEODUCTO SAN MIGUEL–ORITO
802024011,C.I. INTERNATIONAL FUELS S.A.S,Punto para el reaprovisionamiento de buques o aeronaves,27162,Barranquilla,,4393,
900614423,ATLANTIC MARINE FUELS S.A.S. C.I,Punto para el reaprovisionamiento de buques o aeronaves,1615,Cartagena,,4388,
900992281,C.I PRODEXPORT DE COLOMBIA S.A.S,Punto para el reaprovisionamiento de buques o aeronaves,1618,Cartagena,,4391,
900992281,C.I PRODEXPORT DE COLOMBIA S.A.S,Punto para el reaprovisionamiento de buques o aeronaves,1617,Cartagena,,4391,
819001667,PETROLEOS DEL MILENIO S.A.S.,Punto para el reaprovisionamiento de buques o aeronaves,1638,Cartagena,,4392,
819001667,PETROLEOS DEL MILENIO S.A.S.,Punto para el reaprovisionamiento de buques o aeronaves,1637,Cartagena,,4390,
806005826,CODIS COLOMBIANA DE DISTRIBUCIONES Y SERVICIOS C.I. S.A.,Punto para el reaprovisionamiento de buques o aeronaves,27169,Cartagena,,4398,
806005826,CODIS COLOMBIANA DE DISTRIBUCIONES Y SERVICIOS C.I. S.A.,Punto para el reaprovisionamiento de buques o aeronaves,27168,Cartagena,,4400,
900346136,C.I. QUALITY BUNKERS SUPPLY S.A.S,Punto para el reaprovisionamiento de buques o aeronaves,27166,Barranquilla,,4411,
900992281,C.I PRODEXPORT DE COLOMBIA S.A.S,Punto para el reaprovisionamiento de buques o aeronaves,27216,Cartagena,,4429,
900614423,ATLANTIC MARINE FUELS S.A.S. C.I,Punto para el reaprovisionamiento de buques o aeronaves,27240,Cartagena,,4439,
901222050,C.I. FUELS AND BUNKERS COLOMBIA S.A.S.,Punto para el reaprovisionamiento de buques o aeronaves,27238,Cartagena,,4446,ARTEFACTO NAVAL OILTECH I MATRÍCULA MC-05-0172-AN
890300554,C.I DE AZUCARES Y MIELES S.A.,Sociedad de Comercialización Internacional,8,Nivel Nacional,,,
890904224,C.I. UNION DE BANANEROS DE URABA S.A. - UNIBAN,Sociedad de Comercialización Internacional,25,Nivel Nacional,,,
860075659,COMERCIALIZADORA INTERNACIONAL GEMOLOGIA Y TECNOLOGIA S.A.S,Sociedad de Comercialización Internacional,104,Nivel Nacional,,,
800220495,SOCIEDAD DE COMERCIALIZACION INTERNACIONAL THE BEST EMERALDS S. A.,Sociedad de Comercialización Internacional,113,Nivel Nacional,,,
800223828,SOCIEDAD DE COMERCIALIZACION INTERNACIONAL K M LTDA,Sociedad de Comercialización Internacional,124,Nivel Nacional,,,
800111730,C I BOGOTA EMERALD MART SAS,Sociedad de Comercialización Internacional,175,Nivel Nacional,,,
830010738,COMERCIALIZADORA INTERNACIONAL SUNSHINE BOUQUET COLOMBIA S.A.S,Sociedad de Comercialización Internacional,207,Nivel Nacional,,,
800176428,COMERCIALIZADORA INTERNACIONAL CARIBBEAN EXOTICS S.A.S,Sociedad de Comercialización Internacional,217,Nivel Nacional,,,
860513970,COMERCIALIZADORA INTERNACIONAL MILPA SOCIEDAD ANONIMA,Sociedad de Comercialización Internacional,235,Nivel Nacional,,,
800141770,C I ACEPALMA S A,Sociedad de Comercialización Internacional,253,Nivel Nacional,,,
830022149,MULTIFLORA COMERCIALIZADORA INTERNACIONAL S.A.S. C.I.,Sociedad de Comercialización Internacional,277,Nivel Nacional,,,
800174339,VISTA FLOR CORPORATION COMERCIALIZADORA INTERNACIONAL S A S C I,Sociedad de Comercialización Internacional,298,Nivel Nacional,,,
890918965,C.I.TECNICAS BALTIME DE COLOMBIA S.A.,Sociedad de Comercialización Internacional,371,Nivel Nacional,,,
802009120,C.I. PROCAPS S.A.,Sociedad de Comercialización Internacional,469,Nivel Nacional,,,
816003385,COMERCIALIZADORA INTERNACIONAL PRODUCTOS BASICOS IMPORT Y EXPORT S.A.S,Sociedad de Comercialización Internacional,507,Nivel Nacional,,,
811018446,C . I . COLOMBIAN HARMONY FLOWERS S.A.S.,Sociedad de Comercialización Internacional,580,Nivel Nacional,,,
811008489,C.I. CALLA FARMS S.A.S,Sociedad de Comercialización Internacional,608,Nivel Nacional,,,
830028302,GADOL C I S.A.S.,Sociedad de Comercialización Internacional,703,Nivel Nacional,,,
830068119,VITALIS S.A. C.I.,Sociedad de Comercialización Internacional,729,Nivel Nacional,,,
830068604,C.I. FLORES DE APOSENTOS LTDA.,Sociedad de Comercialización Internacional,756,Nivel Nacional,,,
819003792,C. I . LA SAMARIA S.A.S,Sociedad de Comercialización Internacional,831,Nivel Nacional,,,
830075357,C I JAPAN S A S,Sociedad de Comercialización Internacional,852,Nivel Nacional,,,
807005112,COMERCIALIZADORA INTERNACIONAL DE PRODUCTOS COLOMBIANOS C. I. PROCOL S. A. S.,Sociedad de Comercialización Internacional,929,Nivel Nacional,,,
830070868,GREEN SHINE C. I. S.A.S,Sociedad de Comercialización Internacional,977,Nivel Nacional,,,
811027319,SOCIEDAD DE COMERCIALIZACIÓN INTERNACIONAL BANAFRUT S.A.S.,Sociedad de Comercialización Internacional,1002,Nivel Nacional,,,
830070950,C I CONALEX SAS,Sociedad de Comercialización Internacional,1032,Nivel Nacional,,,
830043084,CI CARBOCOQUE S.A.,Sociedad de Comercialización Internacional,1078,Nivel Nacional,,,
806005826,CODIS COLOMBIANA DE DISTRIBUCIONES Y SERVICIOS C.I. S.A.,Sociedad de Comercialización Internacional,1173,Nivel Nacional,,,
811030498,C.I. TROPICAL S.A.S,Sociedad de Comercialización Internacional,1374,Nivel Nacional,,,
890208596,SACEITES,Sociedad de Comercialización Internacional,1416,Nivel Nacional,,,
819004712,C.I. TEQUENDAMA S.A.S,Sociedad de Comercialización Internacional,1428,Nivel Nacional,,,
830101528,C.I. VIVID GREEN S.A.S.,Sociedad de Comercialización Internacional,1429,Nivel Nacional,,,
811031651,C.I. ALMASEG S.A.,Sociedad de Comercialización Internacional,1476,Nivel Nacional,,,
811034155,C.I. FLORCO S.A.,Sociedad de Comercialización Internacional,1483,Nivel Nacional,,,
890941386,C.I. SPORT WORLD S.A.S.,Sociedad de Comercialización Internacional,1513,Nivel Nacional,,,
890105927,C.I. FARMACAPSULAS S.A.S.,Sociedad de Comercialización Internacional,1584,Nivel Nacional,,,
800023551,C.I. FORTIA MINERALS S.A.S.,Sociedad de Comercialización Internacional,1700,Nivel Nacional,,,
811035110,COMERCIALIZADORA INTERNACIONAL GLOBAL EXCHANGE S.A.S,Sociedad de Comercialización Internacional,1712,Nivel Nacional,,,
830117145,C I FRUTIREYES S A S,Sociedad de Comercialización Internacional,1791,Nivel Nacional,,,
830117784,NOVACAMPO S.A.S. SOCIEDAD DE COMERCIALIZACION INTERNACIONAL,Sociedad de Comercialización Internacional,1802,Nivel Nacional,,,
840000922,C.I. TOP S.A.S.,Sociedad de Comercialización Internacional,2108,Nivel Nacional,,,
811042877,C.I CREYTEX S.A.S,Sociedad de Comercialización Internacional,2202,Nivel Nacional,,,
860351680,C.I. AGROMONTE S.A.S.,Sociedad de Comercialización Internacional,2227,Nivel Nacional,,,
830136233,CASTRO EMERALD´S LTDA. C I COMERCIALIZADORA INTERNACIONAL,Sociedad de Comercialización Internacional,2250,Nivel Nacional,,,
830140872,AGRIFRESH S A SOCIEDAD DE COMERCIALIZACION INTERNACIONAL,Sociedad de Comercialización Internacional,2325,Nivel Nacional,,,
811008779,C .I . MONTECARLO GARDENS S. A. S.,Sociedad de Comercialización Internacional,2416,Nivel Nacional,,,
830129893,C I PREMIER SOCIEDAD POR ACCIONES SIMPLIFICADA,Sociedad de Comercialización Internacional,2425,Nivel Nacional,,,
800227924,COMERCIALIZADORA INTERNACIONAL INVERMEC S.A,Sociedad de Comercialización Internacional,2453,Nivel Nacional,,,
830508261,C.I. J Y J DISTRIBUCIONES S.A.S.,Sociedad de Comercialización Internacional,2601,Nivel Nacional,,,
830501747,C I MAXIFLORES S.A.S,Sociedad de Comercialización Internacional,2605,Nivel Nacional,,,
811040231,C.I. LOS AROMAS FARMS S.A.S,Sociedad de Comercialización Internacional,2916,Nivel Nacional,,,
811032038,COMERCIALIZADORA INTERNACIONAL GUTIMILKO S.A.S.,Sociedad de Comercialización Internacional,2918,Nivel Nacional,,,
890112475,C I ENERGIA SOLAR SAS E. S. WINDOWS,Sociedad de Comercialización Internacional,2993,Nivel Nacional,,,
900077453,COMERCIALIZADORA INTERNACIONAL CENTURY EXPORTACIONES S.A.S,Sociedad de Comercialización Internacional,3112,Nivel Nacional,,,
811044814,SOCIEDAD DE COMERCIALIZACION INTERNACIONAL GIRDLE & LINGERIE S.A.S,Sociedad de Comercialización Internacional,3119,Nivel Nacional,,,
900031088,COMERCIALIZADORA INTERNACIONAL BANANEROS UNIDOS DE SANTA MARTA S.A.S,Sociedad de Comercialización Internacional,3124,Nivel Nacional,,,
890911539,COMERCIALIZADORA INTERNACIONAL INDUMAR S.A.S.,Sociedad de Comercialización Internacional,3132,Nivel Nacional,,,
900103833,C.I. METALES LA UNION S.A.S.,Sociedad de Comercialización Internacional,3270,Nivel Nacional,,,
900108872,ANTIOQUEÑA DE FLORES C.I. S.A.S.,Sociedad de Comercialización Internacional,3283,Nivel Nacional,,,
900081586,C.I. BLINCARIBE INTERNACIONAL COLOMBIA LTDA,Sociedad de Comercialización Internacional,3293,Nivel Nacional,,,
800099480,C.I. CULTIVOS SAYONARA S.A.S,Sociedad de Comercialización Internacional,3419,Nivel Nacional,,,
900118612,COMERCIALIZADORA INTERNACIONAL DE METALES PRECIOSOS DE COLOMBIA S.A.,Sociedad de Comercialización Internacional,3536,Nivel Nacional,,,
900203461,COMERCIALIZADORA COLOMBIANA DE CARBONES Y COQUES S. A.S. C I,Sociedad de Comercialización Internacional,3554,Nivel Nacional,,,
900182545,C.I. ECOEXIM S.A.S,Sociedad de Comercialización Internacional,3589,Nivel Nacional,,,
900229376,C.I. TOYOTA TSUSHO DE COLOMBIA S.A.S.,Sociedad de Comercialización Internacional,3770,Nivel Nacional,,,
900151614,C.I. SAN FRANCISCO GARDENS S.A.S.,Sociedad de Comercialización Internacional,3942,Nivel Nacional,,,
900242967,C I MILLENIUM INTERNACIONAL S A S,Sociedad de Comercialización Internacional,4006,Nivel Nacional,,,
900261404,COMERCIALIZADORA INTERNACIONAL BANA RICA S. A.,Sociedad de Comercialización Internacional,4051,Nivel Nacional,,,
900115386,C I NATURMEGA S A,Sociedad de Comercialización Internacional,4198,Nivel Nacional,,,
900127610,C.I. FLORES BALVERDE S.A.S.,Sociedad de Comercialización Internacional,4387,Nivel Nacional,,,
900249418,C.I. AGROINDUSTRIAL S & N LTDA,Sociedad de Comercialización Internacional,4416,Nivel Nacional,,,
900319843,C.I. ANDEAN FIELDS S.A.S.,Sociedad de Comercialización Internacional,4419,Nivel Nacional,,,
900330035,COAL RESOURCES COLOMBIA LTDA C.I.,Sociedad de Comercialización Internacional,4438,Nivel Nacional,,,
900108074,C.I. FUEL SERVICES S.A.S.,Sociedad de Comercialización Internacional,4533,Nivel Nacional,,,
830003209,FLORESKA C I LTDA,Sociedad de Comercialización Internacional,4553,Nivel Nacional,,,
900361398,C I CREAR MODA S A S,Sociedad de Comercialización Internacional,4566,Nivel Nacional,,,
900259779,CI PISCICOLA BOTERO S.A.,Sociedad de Comercialización Internacional,4580,Nivel Nacional,,,
900437543,C TRADING S.A.S SOCIEDAD DE COMERCIALIZACION INTERNACIONAL,Sociedad de Comercialización Internacional,4616,Nivel Nacional,,,
830090988,3C COLOMBIA EMERALDS C.I . SAS,Sociedad de Comercialización Internacional,4622,Nivel Nacional,,,
900477347,VITOL COLOMBIA C.I S A S,Sociedad de Comercialización Internacional,4630,Nivel Nacional,,,
900585067,C.I. TRAFIGURA PETROLEUM COLOMBIA S.A.S.,Sociedad de Comercialización Internacional,4634,Nivel Nacional,,,
805017774,C.I. SOEXCOL S.A.S.,Sociedad de Comercialización Internacional,4636,Nivel Nacional,,,
900412221,C.I. FRUTICOL INDUSTRIAL S.A.S,Sociedad de Comercialización Internacional,4637,Nivel Nacional,,,
900337039,LOS CEDROS HARDWOOD FLOORING S.A.S. C.I.,Sociedad de Comercialización Internacional,4639,Nivel Nacional,,,
900520983,C.I. FOOD COLOMBIA S.A.S.,Sociedad de Comercialización Internacional,4641,Nivel Nacional,,,
900540901,C.I. LCC S.A.S.,Sociedad de Comercialización Internacional,4642,Nivel Nacional,,,
900257147,C.I. FUELENERGY S.A.S.,Sociedad de Comercialización Internacional,4646,Nivel Nacional,,,
900711875,COMERCIALIZADORA INTERNACIONAL RUBICAM S.A.S.,Sociedad de Comercialización Internacional,4651,Nivel Nacional,,,
900779955,COMERCIALIZADORA INTERNACIONAL EXUN S.A.S,Sociedad de Comercialización Internacional,4652,Nivel Nacional,,,
900696039,COMERCIALIZADORA INTERNACIONAL PRODUCTOS CONGELADOS BASIC S.A.S.,Sociedad de Comercialización Internacional,4659,Nivel Nacional,,,
900891350,GOAM 1 C.I S.A.S,Sociedad de Comercialización Internacional,4668,Nivel Nacional,,,
900114676,MINEX COMPAÑIA INTERNACIONAL SOCIEDAD POR ACCIONES SIMPLIFICADA C.I.,Sociedad de Comercialización Internacional,4671,Nivel Nacional,,,
900843210,C.I. ANCESTERS STONE S.A.S.,Sociedad de Comercialización Internacional,4678,Nivel Nacional,,,
900777972,C I TRAFIGURA COAL COLOMBIA S.A.S.,Sociedad de Comercialización Internacional,4681,Nivel Nacional,,,
901001971,C.I. ECOBUSINESS INT S.A.S.,Sociedad de Comercialización Internacional,4683,Nivel Nacional,,,
900992281,C.I PRODEXPORT DE COLOMBIA S.A.S,Sociedad de Comercialización Internacional,4684,Nivel Nacional,,,
900828016,C.I. ACA ALUMINIOS COBRES Y ACEROS SAS,Sociedad de Comercialización Internacional,4686,Nivel Nacional,,,
900944210,COMERCIALIZADORA INTERNACIONAL GREENMETAL S.A.S,Sociedad de Comercialización Internacional,4694,Nivel Nacional,,,
900989024,C.I MINERAL METALS LOGISTICS & SOLUTIONS S.A.S.,Sociedad de Comercialización Internacional,4696,Nivel Nacional,,,
900844097,COMERCIALIZADORA INTERNACIONAL ATLANTICMETALS S.A.S,Sociedad de Comercialización Internacional,4699,Nivel Nacional,,,
900458112,OLEODERIVADOS C.I. S.A.S.,Sociedad de Comercialización Internacional,4701,Nivel Nacional,,,
900111576,LATIN FLOWERS FARMS S.A.S. C.I,Sociedad de Comercialización Internacional,4703,Nivel Nacional,,,
900328914,C.I. CARIBBEAN BUNKERS S.A.S.,Sociedad de Comercialización Internacional,4705,Nivel Nacional,,,
900971667,C.I INVERSIONES GROUP KAIROS S.A.S,Sociedad de Comercialización Internacional,4708,Nivel Nacional,,,
900893377,C.I. INTI MINING GROUP S A S,Sociedad de Comercialización Internacional,4710,Nivel Nacional,,,
900088695,C.I. MAQUILAS DEL PACIFICO S.A.S,Sociedad de Comercialización Internacional,4713,Nivel Nacional,,,
800070312,C.I SILICAR S.A.S,Sociedad de Comercialización Internacional,4719,Nivel Nacional,,,
900494100,C. I. DML SUGAR COLOMBIA S.A.S.,Sociedad de Comercialización Internacional,4725,Nivel Nacional,,,
901062899,COMERCIALIZADORA INTERNACIONAL SYNERGY PETROCHEM SAS,Sociedad de Comercialización Internacional,4726,Nivel Nacional,,,
901124654,COMERCIALIZADORA INTERNACIONAL VALUE CO S.A.S.,Sociedad de Comercialización Internacional,4731,Nivel Nacional,,,
900629775,C.I. TRANSATLANTIC GREENTRADE SAS,Sociedad de Comercialización Internacional,4735,Nivel Nacional,,,
900993170,TURION SAS CI,Sociedad de Comercialización Internacional,4740,Nivel Nacional,,,
901138612,C.I. GLOBAL MULTI COMMODITIES SAS,Sociedad de Comercialización Internacional,4741,Nivel Nacional,,,
900585467,C.I. LATIN SYR GOLD S.A.S,Sociedad de Comercialización Internacional,4742,Nivel Nacional,,,
901070257,RODIN C.I S.A.S,Sociedad de Comercialización Internacional,4744,Nivel Nacional,,,
901019586,COMERCIALIZADORA INTERNACIONAL ESLOP SAS,Sociedad de Comercialización Internacional,4748,Nivel Nacional,,,
811025074,C.I. WEST METALS COMPANY SAS,Sociedad de Comercialización Internacional,4751,Nivel Nacional,,,
901211415,C.I. EXPOR METAL S.A.S,Sociedad de Comercialización Internacional,4752,Nivel Nacional,,,
901145143,COMERCIALIZADORA INTERNACIONAL AND SAS,Sociedad de Comercialización Internacional,4754,Nivel Nacional,,,
900104372,PRODUCTORA AGRICOLA AG SAS SOCIEDAD DE COMERCIALIZACION INTERNACIONAL,Sociedad de Comercialización Internacional,4755,Nivel Nacional,,,
901222050,C.I. FUELS AND BUNKERS COLOMBIA S.A.S.,Sociedad de Comercialización Internacional,4756,Nivel Nacional,,,
901134590,C.I. GRUPO EXPORTADOR S.A.S,Sociedad de Comercialización Internacional,4757,Nivel Nacional,,,
900145781,BOUQUETS MIXTOS SAS C. I.,Sociedad de Comercialización Internacional,4758,Nivel Nacional,,,
901210452,TERPEL EXPORTACIONES C.I S.A.S,Sociedad de Comercialización Internacional,4763,Nivel Nacional,,,
901200284,C.I. RIO MINERO GOLD GEM SAS,Sociedad de Comercialización Internacional,4774,Nivel Nacional,,,
901111609,NAPLES PRIME S.A.S C.I.,Sociedad de Comercialización Internacional,4782,Nivel Nacional,,,
901246658,C.I. IMPORTCARIBE S.A.S. EN LIQUIDACION,Sociedad de Comercialización Internacional,4786,Nivel Nacional,,,
901130789,C.I PRODUCTORA INTERNACIONAL DE GRASAS SAS,Sociedad de Comercialización Internacional,4787,Nivel Nacional,,,
890204814,C.I. MANUFACTURAS Y PROCESOS INDUSTRIALES LIMITADA,Sociedad de Comercialización Internacional,4791,Nivel Nacional,,,
901215210,CI INNOAMBIENTAL SAS,Sociedad de Comercialización Internacional,4795,Nivel Nacional,,,
900407151,CI EMPAQUETADORA DEL NORTE S.A.S. BIC,Sociedad de Comercialización Internacional,4797,Nivel Nacional,,,
900732531,PUMA ENERGY COLOMBIA COMERCIALIZADORA INTERNACIONAL S.A.S,Sociedad de Comercialización Internacional,4800,Nivel Nacional,,,
901300291,COMERCIALIZADORA INTERNACIONAL TULIPANES S.A.S.,Sociedad de Comercialización Internacional,4801,Nivel Nacional,,,
900616950,C.I. NUTICOL SAS,Sociedad de Comercialización Internacional,4806,Nivel Nacional,,,
800050714,COMERCIALIZADORA INTERNACIONAL AGRÍCOLA CARDENAL S.A.S,Sociedad de Comercialización Internacional,4807,Nivel Nacional,,,
860048521,COMERCIALIZADORA INTERNACIONAL FLORES DE FUNZA S.A.S,Sociedad de Comercialización Internacional,4809,Nivel Nacional,,,
900661148,SOCIEDAD DE COMERCIALIZACION INTERNACIONAL DE NEGOCIOS NARANJA Y TECNOLOGIA FINANCIERA S.A.S BIC,Sociedad de Comercialización Internacional,4810,Nivel Nacional,,,
901239925,C.I. BANACHICA S.A.S. ZOMAC,Sociedad de Comercialización Internacional,4824,Nivel Nacional,,,
900770019,C.I. INDUBOLSAS CONTRERASJ&T S.A.S.,Sociedad de Comercialización Internacional,4826,Nivel Nacional,,,
901406202,C.I ARANY S.A.S.,Sociedad de Comercialización Internacional,4839,Nivel Nacional,,,
802022622,CI. FRONTIER NEXT S.A.S.,Sociedad de Comercialización Internacional,4848,Nivel Nacional,,,
901386599,COMERCIALIZADORA INTERNACIONAL JADE S.A.S,Sociedad de Comercialización Internacional,4853,Nivel Nacional,,,
901396494,C.I MARKETS OF COLOMBIA S.A.S,Sociedad de Comercialización Internacional,4855,Nivel Nacional,,,
901321772,C.I. HQ ASPHALT S.A.S.,Sociedad de Comercialización Internacional,4859,Nivel Nacional,,,
900237877,C.I CARGILL DE COLOMBIA LTDA,Sociedad de Comercialización Internacional,4860,Nivel Nacional,,,
901454504,C.I ATLANTIS EXPORT S.A.S,Sociedad de Comercialización Internacional,4861,Nivel Nacional,,,
901369391,CI INSUMOS BASICOS Y ALIMENTOS S.A.S,Sociedad de Comercialización Internacional,4865,Nivel Nacional,,,
901382327,CI METALES GILSA S.A.S.,Sociedad de Comercialización Internacional,4868,Nivel Nacional,,,
901426531,C.I. GLOBAL GREEN S.A.S.,Sociedad de Comercialización Internacional,4869,Nivel Nacional,,,
901460301,C.I PATH GOLD S.A.S,Sociedad de Comercialización Internacional,4871,Nivel Nacional,,,
901188808,C.I. REDSTONE PROFESSIONAL SERVICES S.A.S.,Sociedad de Comercialización Internacional,4875,Nivel Nacional,,,
901181764,C.I. FLORA FOOD COLOMBIA S.A.S,Sociedad de Comercialización Internacional,4877,Nivel Nacional,,,
900790030,CI ALLOY SAS,Sociedad de Comercialización Internacional,4882,Nivel Nacional,,,
900183057,LAMERICA CI SAS,Sociedad de Comercialización Internacional,4883,Nivel Nacional,,,
901424783,MINEX INDUSTRIAL SERVICES SAS C.I.,Sociedad de Comercialización Internacional,4884,Nivel Nacional,,,
901314344,C.I. ARIA GEMS S.A.S.,Sociedad de Comercialización Internacional,4886,Nivel Nacional,,,
901022569,C.I. GOLD BY GOLD COLOMBIA S.A.S.,Sociedad de Comercialización Internacional,4900,Nivel Nacional,,,
901487505,COMERCIALIZADORA INTERNACIONAL GRUPO AZERO S.A.S,Sociedad de Comercialización Internacional,4895,Nivel Nacional,,,
901148636,COMERCIALIZADORA INTERNACIONAL AGROPECUARIA LA GAIRA S.A.S,Sociedad de Comercialización Internacional,4877,Nivel Nacional,,,
900025140,DITEXCON S.A.S SOCIEDAD DE COMERCIALIZACION INTERNACIONAL C.I. S.A.S.,Sociedad de Comercialización Internacional,4905,Nivel Nacional,,,
901131896,C.I. NATURAL FOODS INTERNACIONAL S.A.S.,Sociedad de Comercialización Internacional,4902,Nivel Nacional,,,
901433429,COMERCIALIZADORA INTERNACIONAL GUALANDAY S.A.S,Sociedad de Comercialización Internacional,4896,Nivel Nacional,,,
901285729,SOCIEDAD DE COMERCIALIZACION INTERNACIONAL C.I. GULF GREEN FUELS S.A.S. SIGLA GGF S.A.S.,Sociedad de Comercialización Internacional,4917,Nivel Nacional,,,
901480993,COMERCIALIZADORA INTERNACIONAL ROCAH S.A.S.,Sociedad de Comercialización Internacional,4908,Nivel Nacional,,,
900428463,CI TURALA SAS,Sociedad de Comercialización Internacional,4901,Nivel Nacional,,,
901519238,C.I. BUSINESS & GLOBAL PROJECTS S.A.S,Sociedad de Comercialización Internacional,4899,Nivel Nacional,,,
860041312,Matriz Controlante Desconocida,Sociedad de Comercialización Internacional,4930,Nivel Nacional,,,
901312960,C.I. CONQUERS WORLD TRADE S.A.S.,Sociedad de Comercialización Internacional,4903,Nivel Nacional,,,
901496140,C.I. GOLDEN AGRI-RESOURCES COLOMBIA S.A.S.,Sociedad de Comercialización Internacional,4925,Nivel Nacional,,,
901240800,C.I ES METALS S.A.S.,Sociedad de Comercialización Internacional,4933,Nivel Nacional,,,
901517624,C.I. GRAINS AND FOOD S.A.S.,Sociedad de Comercialización Internacional,4940,Nivel Nacional,,,
901472517,CI CARIBBEAN OILS & FATS S.A.S.,Sociedad de Comercialización Internacional,4926,Nivel Nacional,,,
901357544,CI BLACK MINERAL SUPPLY S.A.S.,Sociedad de Comercialización Internacional,4939,Nivel Nacional,,,
900411781,C.I. FAJAS MYD COLOMBIA S.A.S.,Sociedad de Comercialización Internacional,4929,Nivel Nacional,,,
900291798,C. I. ADM COLOMBIA LTDA,Sociedad de Comercialización Internacional,4934,Nivel Nacional,,,
901570149,C.I. WAYOUT S.A.S.,Sociedad de Comercialización Internacional,4945,Nivel Nacional,,,
901475969,COMERCIALIZADORA INTERNACIONAL ANCESTRAL GOLD S.A.S,Sociedad de Comercialización Internacional,4941,Nivel Nacional,,,
901303697,COMERCIALIZADORA INTERNACIONAL JP JM S.A.S.,Sociedad de Comercialización Internacional,4950,Nivel Nacional,,,
901596944,C.I. SIBERIA EXPORT S.A.S,Sociedad de Comercialización Internacional,4948,Nivel Nacional,,,
901472570,EXPORTACIONES JF CI SAS,Sociedad de Comercialización Internacional,4943,Nivel Nacional,,,
901541071,COMERCIALIZADORA INTERNACIONAL PROARCA S.A.S,Sociedad de Comercialización Internacional,4964,Nivel Nacional,,,
900942502,C.I. JEANS MODA EXPORTACIONES S.A.S,Sociedad de Comercialización Internacional,4966,Nivel Nacional,,,
901603660,CI GRUPO VIJ S.A.S.,Sociedad de Comercialización Internacional,4960,Nivel Nacional,,,
901602279,C.I. SOUTH AMERICAN MARKETS SAS,Sociedad de Comercialización Internacional,4956,Nivel Nacional,,,
901390735,CI MANAR FRUIT SAS,Sociedad de Comercialización Internacional,4955,Nivel Nacional,,,
900419260,C.I. NATURAL FARMS SAS,Sociedad de Comercialización Internacional,4982,Nivel Nacional,,,
901603746,C.I. MERCADOS ANDINOS DIVERSOS SAS,Sociedad de Comercialización Internacional,4965,Nivel Nacional,,,
900887637,C.I. LATRANS GRUPO LOGÍSTICO S.A.S.,Sociedad de Comercialización Internacional,4969,Nivel Nacional,,,
901632454,C.I ALDI PRODUCTS S.A.S,Sociedad de Comercialización Internacional,4981,Nivel Nacional,,,
860025845,SOCIEDAD DE COMERCIALIZACIÓN INTERNACIONAL JARDINES DE LOS ANDES S.A.S,Sociedad de Comercialización Internacional,4983,Nivel Nacional,,,
901396340,C. I. COMERCIALIZADORA EXPOMETALES S.A.S,Sociedad de Comercialización Internacional,4962,Nivel Nacional,,,
900932350,COMERCIALIZADORA INTERNACIONAL ANJELL S.A.S.,Sociedad de Comercialización Internacional,4974,Nivel Nacional,,,
901511136,COMERCIALIZADORA INTERNACIONAL ELEVEN CORPORATION S.A.S.,Sociedad de Comercialización Internacional,4938,Nivel Nacional,,,
900060185,COMERCIALIZADORA INTERNACIONAL ZION FLOWERS SOCIEDAD POR ACCIONES SIMPLIFICADA,Sociedad de Comercialización Internacional,4958,Nivel Nacional,,,
890902070,C I J GUTIERREZ Y CIA S A (EN TOMA DE POSESION),Sociedad de Comercialización Internacional,4990,Nivel Nacional,,,
901434666,COMERCIALIZADORA INTERNACIONAL SINAI FOODS SAS,Sociedad de Comercialización Internacional,4987,Nivel Nacional,,,
900313258,C.I. BARU INDUSTRIAL S.A.S.,Sociedad de Comercialización Internacional,4970,Nivel Nacional,,,
900357798,C.I. QUIMOLEO S.A.S.,Sociedad de Comercialización Internacional,4988,Nivel Nacional,,,
901638241,INVERSIONES Y DISTRIBUCIONES JASM SAS COMERCIALIZADORA INTERNACIONAL (CI),Sociedad de Comercialización Internacional,4989,Nivel Nacional,,,
901609293,C.I. J & M ASOCIADOS S.A.S,Sociedad de Comercialización Internacional,4997,Nivel Nacional,,,
901550099,C.I. ANDESA DE ALIMENTOS S.A.S.,Sociedad de Comercialización Internacional,5000,Nivel Nacional,,,
901657386,C.I. MORACA BIENES SAS,Sociedad de Comercialización Internacional,4995,Nivel Nacional,,,
901650249,C.I. PRODUCTOS DIVERSOS COLOMBIANOS S.A.S.,Sociedad de Comercialización Internacional,4996,Nivel Nacional,,,
901618727,SOCIEDAD DE COMERCIALIZACION INTERNACIONAL SURATEX COMEX S.A.S,Sociedad de Comercialización Internacional,5006,Nivel Nacional,,,
901053343,COMERCIALIZADORA INTERNACIONAL OROMETRO S.A.S.,Sociedad de Comercialización Internacional,5005,Nivel Nacional,,,
901633369,C.I. SUAGROQUIM S.A.S.,Sociedad de Comercialización Internacional,5012,Nivel Nacional,,,
901655786,C.I MERCADOS NEGOCIOS GLOBALES S.A.S.,Sociedad de Comercialización Internacional,4999,Nivel Nacional,,,
901507220,C.I. BIRKAT INVESTMENT S.A.S,Sociedad de Comercialización Internacional,5010,Nivel Nacional,,,
900481748,C.I. STUDIO AVANTI S A S,Sociedad de Comercialización Internacional,5013,Nivel Nacional,,,
901151894,C.I. COLOMBIAN EMERALD INVESTMENTS S. A. S.,Sociedad de Comercialización Internacional,5015,Nivel Nacional,,,
805026021,C. I. RTA DESIGN S.A.S.,Sociedad de Comercialización Internacional,5020,Nivel Nacional,,,
901615181,COMERCIALIZADORA INTERNACIONAL AGROGREENLAND S.A.S.,Sociedad de Comercialización Internacional,5021,Nivel Nacional,,,
901682587,CI SOUTH AMERICA EXPORT SAS,Sociedad de Comercialización Internacional,5016,Nivel Nacional,,,
900235738,LETTO S.A.S COMERCIALIZADORA INTERNACIONAL (C.I.),Sociedad de Comercialización Internacional,5011,Nivel Nacional,,,
901174588,C.I. RAP PROJECTS S.A.S,Sociedad de Comercialización Internacional,5024,Nivel Nacional,,,
890929171,FLORES DEL LAGO S.A.S. C.I.,Sociedad de Comercialización Internacional,5025,Nivel Nacional,,,
901707276,COMERCIALIZADORA INTERNACIONAL INFINITA PROSPERIDAD MINERA SAS,Sociedad de Comercialización Internacional,5027,Nivel Nacional,,,
901460850,C. I. VIDA AGROQUIM S.A.S.,Sociedad de Comercialización Internacional,5017,Nivel Nacional,,,
901446988,COMERCIALIZADORA INTERNACIONAL OP AURUM SAS,Sociedad de Comercialización Internacional,5026,Nivel Nacional,,,
901724593,C.I VENTUREX S.A.S,Sociedad de Comercialización Internacional,5032,Nivel Nacional,,,
901207797,C.I. FRUSAMA S.A.S.,Sociedad de Comercialización Internacional,5033,Nivel Nacional,,,
830110347,C. I. CHEVRON EXPORT S. A. S.,Sociedad de Comercialización Internacional,5043,Nivel Nacional,,,
901365834,C.I. PISCICOLA FISHCO SAS,Sociedad de Comercialización Internacional,5037,Nivel Nacional,,,
900203879,C.I. CREACIONES SEGAR S.A.S.,Sociedad de Comercialización Internacional,4893,Nivel Nacional,,,
901537204,C.I COLTROPICOS SAS,Sociedad de Comercialización Internacional,5038,Nivel Nacional,,,
901708457,C.I. ALLSOLUTIONS S.A.S.,Sociedad de Comercialización Internacional,5046,Nivel Nacional,,,
800069103,C. I. EXPORDENT S.A.S.,Sociedad de Comercialización Internacional,3407,Nivel Nacional,,,
901624494,C.I. DISCARIBE FOOD S.A.S.,Sociedad de Comercialización Internacional,5035,Nivel Nacional,,,
901729792,C. I. ECOLEUM SAS,Sociedad de Comercialización Internacional,5041,Nivel Nacional,,,
901754545,CI ADROLIZ SAS,Sociedad de Comercialización Internacional,5047,Nivel Nacional,,,
901766378,COMERCIALIZADORA INTERNACIONAL SCRAPMETAL S.A.S.,Sociedad de Comercialización Internacional,5049,Nivel Nacional,,,
901400967,C.I. BERDEZA S.A.S.,Sociedad de Comercialización Internacional,5054,Nivel Nacional,,,
901729123,C.I. EXPO RODRIGUEZ SAS,Sociedad de Comercialización Internacional,5050,Nivel Nacional,,,
901758981,C.I. MYAU S.A.S.,Sociedad de Comercialización Internacional,5058,Nivel Nacional,,,
830131884,SOCIEDAD DE COMERCIALIZACION INTERNACIONAL CALAFATE S.A.S,Sociedad de Comercialización Internacional,5053,Nivel Nacional,,,
800251710,COMERCIALIZADORA INTERNACIONAL (C.I.) PISCICOLA NEWYORK S.A.,Sociedad de Comercialización Internacional,5052,Nivel Nacional,,,
900160144,C.I. AGRICOLAS LAS FLORES S.A.S,Sociedad de Comercialización Internacional,4697,Nivel Nacional,,,
900006279,C. I. ALAMDI GEMS SAS,Sociedad de Comercialización Internacional,5062,Nivel Nacional,,,
901752001,C.I. MINERAL TRADE SAS,Sociedad de Comercialización Internacional,5055,Nivel Nacional,,,
805029537,C.I. PRODUCOMEX S A S,Sociedad de Comercialización Internacional,5064,Nivel Nacional,,,
901597700,SOCIEDAD DE COMERCIALIZACIÓN INTERNACIONAL COMPAÑIA MTD S.A.S,Sociedad de Comercialización Internacional,5066,Nivel Nacional,,,
901304931,COMERCIALIZADORA INTERNACIONAL DE MERCANCIAS Y DE SERVICIOS EMPRESARIALES S.A.S.,Sociedad de Comercialización Internacional,5067,Nivel Nacional,,,
901297406,C. I. COLPRODUCTOS TÍPICOS S.A.S,Sociedad de Comercialización Internacional,5071,Nivel Nacional,,,
901310520,COMERCIALIZADORA INTERNACIONAL GRUPO DEL SUR S.A.S,Sociedad de Comercialización Internacional,5068,Nivel Nacional,,,
800141506,THE ELITE FLOWER SAS C I,Sociedad de Comercialización Internacional,623,Nivel Nacional,,,
830096590,SAPIA C I SAS,Sociedad de Comercialización Internacional,2508,Nivel Nacional,,,
900333530,C.I. COLOMBIAN NATURAL RESOURCES I S.A.S. EN REORGANIZACION,Sociedad de Comercialización Internacional,4576,Nivel Nacional,,,
901524301,C.I. CARBOMAZ S.A.S.,Sociedad de Comercialización Internacional,5079,Nivel Nacional,,,
811009244,C.I. COLOMBIAN MINT S.A.S,Sociedad de Comercialización Internacional,2261,Nivel Nacional,,,
890938755,Matriz Controlante Desconocida,Sociedad de Comercialización Internacional,1482,Nivel Nacional,,,
830118415,RAINFOREST FARMS & BOUQUETS COMERCIALIZADORA INTERNACIONAL S.A.S,Sociedad de Comercialización Internacional,1891,Nivel Nacional,,,
901784673,COMERCIALIZADORA INTERNACIONAL BELMARK S.A.S,Sociedad de Comercialización Internacional,5074,Nivel Nacional,,,
901712578,COMERCIALIZADORA INTERNACIONAL HIDROCAR COSTA SAS,Sociedad de Comercialización Internacional,5072,Nivel Nacional,,,
800227956,COMERCIALIZADORA INTERNACIONAL EL GLOBO S.A.S.,Sociedad de Comercialización Internacional,384,Nivel Nacional,,,
900760743,C. I. PROMOTORA MINERA GLOBAL SAS,Sociedad de Comercialización Internacional,4674,Nivel Nacional,,,
900584429,C.I. UNIPACK COLOMBIA S.A.S.,Sociedad de Comercialización Internacional,4675,Nivel Nacional,,,
830073966,SOCIEDAD DE COMERCIALIZACION INTERNACIONAL INVERSIONES MARTINEZ PEREZ S.A.S.,Sociedad de Comercialización Internacional,843,Nivel Nacional,,,
900321915,C.I. RECYCLING S.A.S.,Sociedad de Comercialización Internacional,4676,Nivel Nacional,,,
901567911,SOCIEDAD DE COMERCIALIZACION INTERNACIONAL CONMART S.A.S. ZESE,Sociedad de Comercialización Internacional,5073,Nivel Nacional,,,
901781280,COMERCIALIZADORA INTERNACIONAL GRANEXPORT S.A.S,Sociedad de Comercialización Internacional,5075,Nivel Nacional,,,
901744536,SOCIEDAD DE COMERCIALIZACION INTERNACIONAL INNOVEXA SAS,Sociedad de Comercialización Internacional,5082,Nivel Nacional,,,
830058471,C.I GERMAN SALAZAR S.A.S.,Sociedad de Comercialización Internacional,527,Nivel Nacional,,,
901235493,C.I. GOLDEN GATE METAL S.A.S.,Sociedad de Comercialización Internacional,4946,Nivel Nacional,,,
900932184,C.I. GESTION EL REAL S.A.S.,Sociedad de Comercialización Internacional,5085,Nivel Nacional,,,
901244239,SOCIEDAD DE COMERCIALIZACION INTERNACIONAL LOGISTICA SOFIMAR S.A.S.,Sociedad de Comercialización Internacional,5087,Nivel Nacional,,,
901524166,COLGEM TRADING C.I. SAS,Sociedad de Comercialización Internacional,4975,Nivel Nacional,,,
901815303,C.I GATE KAPITAL S.A.S.,Sociedad de Comercialización Internacional,5077,Nivel Nacional,,,
901835540,C.I. TRAFIGURA METALS COLOMBIA S.A.S.,Sociedad de Comercialización Internacional,5095,Nivel Nacional,,,
900323373,C.I. TECNOLOGIA DE ASFALTOS Y PETROQUIMICOS DE COLOMBIA SAS,Sociedad de Comercialización Internacional,5086,Nivel Nacional,,,
901829111,C.I AKROM GLOBAL S.A.S.,Sociedad de Comercialización Internacional,5084,Nivel Nacional,,,
901693227,COMERCIALIZADORA INTERNACIONAL COMMPRE S.A.S,Sociedad de Comercialización Internacional,5076,Nivel Nacional,,,
901813172,CI CENTURY GEMS SAS,Sociedad de Comercialización Internacional,5083,Nivel Nacional,,,
805003032,C.I. METALES Y METALES DE OCCIDENTE S.A.,Sociedad de Comercialización Internacional,624,Nivel Nacional,,,
901077676,C.I LUBEKOIL S.A.S,Sociedad de Comercialización Internacional,5091,Nivel Nacional,,,
901200302,COMERCIALIZADORA INTERNACIONAL MASTEE S.A.S BIC.,Sociedad de Comercialización Internacional,5102,Nivel Nacional,,,
901002407,C.I. CENTER TRADE & BUSINESS PANAMA S.A.S.,Sociedad de Comercialización Internacional,5101,Nivel Nacional,,,
901710768,COMERCIALIZADORA INTERNACIONA INTERNATIONAL METAL SERVICE S.A.S.,Sociedad de Comercialización Internacional,5081,Nivel Nacional,,,
900411667,CI APROVECHADORA LOS SOCIOS S.A.S,Sociedad de Comercialización Internacional,4972,Nivel Nacional,,,
901645224,C.I. AGROINSUMOS LOS ROSALES S.A.S,Sociedad de Comercialización Internacional,5078,Nivel Nacional,,,
900346136,C.I. QUALITY BUNKERS SUPPLY S.A.S,Sociedad de Comercialización Internacional,4474,Nivel Nacional,,,
832005344,KUNA FLOWERS C.I. S.A.S.,Sociedad de Comercialización Internacional,1014,Nivel Nacional,,,
901849852,C.I. R&A DISTRIBUCIONES S.A.S,Sociedad de Comercialización Internacional,5097,Nivel Nacional,,,
800116871,C.I.IMPORTEX S.A.,Sociedad de Comercialización Internacional,256,Nivel Nacional,,,
901833118,C.I. SURTIESTEBAN 2 SAS,Sociedad de Comercialización Internacional,5103,Nivel Nacional,,,
900328151,COMERCIALIZADORA INTERNACIONAL GLOBAL SERVICES S.A.S. C.I. GLOBAL SERVICES S.A.S.,Sociedad de Comercialización Internacional,4481,Nivel Nacional,,,
900243412,C.I. RDM S.A.S.,Sociedad de Comercialización Internacional,4835,Nivel Nacional,,,
901835136,CI GRUPO BITUCOL S.A.S.,Sociedad de Comercialización Internacional,5089,Nivel Nacional,,,
901747228,COMERCIALIZADORA INTERNACIONAL INFINITY MINERALS S.A.S,Sociedad de Comercialización Internacional,5092,Nivel Nacional,,,
900600288,C.I. EXPOCAROLA S.A.S.,Sociedad de Comercialización Internacional,5088,Nivel Nacional,,,
901334363,SOCOLDEX COLOMBIA C.I S.A.S.,Sociedad de Comercialización Internacional,5090,Nivel Nacional,,,
802024011,C.I. INTERNATIONAL FUELS S.A.S,Sociedad de Comercialización Internacional,5107,Nivel Nacional,,,
901840406,C.I MAGS TERRA INTERNATIONAL S.A.S.,Sociedad de Comercialización Internacional,5093,Nivel Nacional,,,
901669339,C.I. GARU INVERSIONES SAS,Sociedad de Comercialización Internacional,5108,Nivel Nacional,,,
800244467,C I SAN JOSE FARMS LTDA,Sociedad de Comercialización Internacional,683,Nivel Nacional,,,
901132565,COMERCIALIZADORA INTERNACIONAL MAYBLANCA LOGISTICA ING S.A.S.,Sociedad de Comercialización Internacional,5110,Nivel Nacional,,,
901806539,SOCIEDAD DE COMERCIALIZACION INTERNACIONAL DESARROLLOS INDUSTRIALES DE COLOMBIA S.A.S.,Sociedad de Comercialización Internacional,5099,Nivel Nacional,,,
901876658,C.I CONTINENT EXPORT S.A.S.,Sociedad de Comercialización Internacional,5104,Nivel Nacional,,,
901851277,SOCIEDAD DE COMERCIALIZACION INTERNACIONAL GLOBAL PANDA S.A.S.,Sociedad de Comercialización Internacional,5094,Nivel Nacional,,,
901862652,C.I PREMIUM METALS S.A.S.,Sociedad de Comercialización Internacional,5105,Nivel Nacional,,,
901529294,C.I. ORIENTE S.A.S,Sociedad de Comercialización Internacional,4984,Nivel Nacional,,,
890924167,C.I HERMECO S.A,Sociedad de Comercialización Internacional,1281,Nivel Nacional,,,
901876748,C.I. GLOBAL DEAL S.A.S,Sociedad de Comercialización Internacional,5109,Nivel Nacional,,,
901868522,C.I. ECOCONCENTRADOS Y MINERALES S.A.S.,Sociedad de Comercialización Internacional,5106,Nivel Nacional,,,
901093467,C.I DRAXY INTERNATIONAL SAS,Sociedad de Comercialización Internacional,5117,Nivel Nacional,,,
901876426,C.I EXPORT CITY S.A.S,Sociedad de Comercialización Internacional,5112,Nivel Nacional,,,
901620224,LUMERCK CHEM C.I S.A.S,Sociedad de Comercialización Internacional,4993,Nivel Nacional,,,
901149549,C.I. EXPORT WORLD SAS,Sociedad de Comercialización Internacional,4753,Nivel Nacional,,,
901657566,C.I. GRUPO MAXIMA M&A S.A.S.,Sociedad de Comercialización Internacional,4992,Nivel Nacional,,,
901712412,INVERSIONES Y DISTRIBUCIONES LOS ARRAYANES J.S SAS COMERCIALIZADORA INTERNACIONAL CI,Sociedad de Comercialización Internacional,5111,Nivel Nacional,,,
901083734,SOCIEDAD DE COMERCIALIZACION INTERNACIONAL FEVA S.A.S,Sociedad de Comercialización Internacional,5118,Nivel Nacional,,,
901893151,SUMINISTROS Y PRODUCTOS C.I. S.A.S.,Sociedad de Comercialización Internacional,5119,Nivel Nacional,,,
900647398,THE PREMIER TRADING CI SAS,Sociedad de Comercialización Internacional,4849,Nivel Nacional,,,
900202418,C.I. MATEC LOGÍSTICA S.A.S.,Sociedad de Comercialización Internacional,4998,Nivel Nacional,,,
830087835,CI COMERCIALIZADORA EXPOVIAR SAS,Sociedad de Comercialización Internacional,5125,Nivel Nacional,,,
901850266,C.I. ECOTRADE DE COLOMBIA S.A.S.,Sociedad de Comercialización Internacional,5113,Nivel Nacional,,,
830062609,UNIVERSAL EMERALD C.I. S.A.S.,Sociedad de Comercialización Internacional,5128,Nivel Nacional,,,
811021607,CI FLORANDINA SAS,Sociedad de Comercialización Internacional,5114,Nivel Nacional,,,
900393754,C.I. INVERPROYECTOS MAGNA S.A.S.,Sociedad de Comercialización Internacional,5124,Nivel Nacional,,,
901890334,COMERCIALIZADORA INTERNACIONAL SALEM S.A.S,Sociedad de Comercialización Internacional,5122,Nivel Nacional,,,
900109850,COMERCIALIZADORA INTERNACIONAL LAYMAR S.A.S,Sociedad de Comercialización Internacional,5121,Nivel Nacional,,,
901439007,ARCA COMERCIALIZADORA INTERNACIONAL S.A.S. ZOMAC,Sociedad de Comercialización Internacional,5129,Nivel Nacional,,,
901330174,C.I MINERALES ORONEGRO SAS,Sociedad de Comercialización Internacional,5003,Nivel Nacional,,,
900242337,CI AMANTI S.A.S.,Sociedad de Comercialización Internacional,5123,Nivel Nacional,,,
901859255,C.I. GEMS EMPIRE SAS,Sociedad de Comercialización Internacional,5116,Nivel Nacional,,,
901677108,C.I. ISVAD GROUP S.A.S,Sociedad de Comercialización Internacional,5007,Nivel Nacional,,,
901897851,CI SS RITACUBA SAS,Sociedad de Comercialización Internacional,5127,Nivel Nacional,,,
901660533,C.I RACORA SAS,Sociedad de Comercialización Internacional,5004,Nivel Nacional,,,
900915025,C.I.DISTRIBUIDORA COLCASA S.A.S,Sociedad de Comercialización Internacional,5133,Nivel Nacional,,,
901865789,C.I. BIOWASTE COLOMBIA S.A.S,Sociedad de Comercialización Internacional,5136,Nivel Nacional,,,
901485064,SOCIEDAD DE COMERCIALIZACION INTERNACIONAL BRANCOX SAS,Sociedad de Comercialización Internacional,5135,Nivel Nacional,,,
901921909,DESARROLLADORA ANDINA DE PROYECTOS CI S.A.S.,Sociedad de Comercialización Internacional,5131,Nivel Nacional,,,
901595571,COMERCIALIZADORA INTERNACIONAL MANUPI S.A.S.,Sociedad de Comercialización Internacional,5022,Nivel Nacional,,,
901793806,C.I INVERSIONES CENTRO COMERCIAL DEL RECICLAJE Y LA CONSTRUCCIÓN S.A.S.,Sociedad de Comercialización Internacional,5132,Nivel Nacional,,,
901640887,COMERCIALIZADORA INTERNACIONAL GREEN GLOBAL GROUP S.A.S.,Sociedad de Comercialización Internacional,5126,Nivel Nacional,,,
900264368,C.I MUNDONEGOCIOS EXPORT SAS.,Sociedad de Comercialización Internacional,5142,Nivel Nacional,,,
901694667,WORLD KINECT COLOMBIA C.I. S.A.S,Sociedad de Comercialización Internacional,5019,Nivel Nacional,,,
901129827,C.I INMIRCOL S.A.S,Sociedad de Comercialización Internacional,5029,Nivel Nacional,,,
901702721,C.I EXPORTSRECORD S.A.S,Sociedad de Comercialización Internacional,5018,Nivel Nacional,,,
901731328,C.I. SUPER S.A.S.,Sociedad de Comercialización Internacional,5130,Nivel Nacional,,,
901932082,COMERCIALIZADORA INTERNACIONAL BUNKER CV ENERGY S.A.S,Sociedad de Comercialización Internacional,5134,Nivel Nacional,,,
901666072,C.I. COMERCIO TEX TRADING SAS,Sociedad de Comercialización Internacional,5023,Nivel Nacional,,,
901923312,COMERCIALIZADORA INTERNACIONAL VIVERLUX S.A.S,Sociedad de Comercialización Internacional,5140,Nivel Nacional,,,
901646276,ODENS GROUP FUELS S.A.S,Sociedad de Comercialización Internacional,5137,Nivel Nacional,,,
901953324,C.I GRAND GLOBAL TRADING S.A.S.,Sociedad de Comercialización Internacional,5141,Nivel Nacional,,,
800157130,COMPAÑIA INTERNACIONAL AGROFRUT S.A.S.,Sociedad de Comercialización Internacional,5139,Nivel Nacional,,,
900291186,INDUTRADE COLOMBIA S.A.S.,Sociedad de Comercialización Internacional,4691,Nivel Nacional,,,
901587597,SOCIEDAD DE COMERCIALIZACION INTERNACIONAL LATANCO COLOMBIA S.A.S,Sociedad de Comercialización Internacional,5009,Nivel Nacional,,,
901790981,C.I. GEMSTONE COLOMBIAN WORLD EMERALDS SAS,Sociedad de Comercialización Internacional,5147,Nivel Nacional,,,
901954250,C.I. 360 S.A.S.,Sociedad de Comercialización Internacional,5144,Nivel Nacional,,,
800078508,SOCIEDAD DE COMERCIALIZACION INTERNACIONAL Y DE FABRICACION DE ACEITES Y MARGARINAS DEL MAGDALENA S.A,Sociedad de Comercialización Internacional,5148,Nivel Nacional,,,
901881755,COMERCIALIZADORA INTERNACIONAL T&D DISTRIBUCIONES S.A.S.,Sociedad de Comercialización Internacional,5143,Nivel Nacional,,,
901716423,C.I SOLUTIONS COLOMBIA S.A.S,Sociedad de Comercialización Internacional,5030,Nivel Nacional,,,
901670652,C.I. L&M CAPITAL ASOCIADOS SAS,Sociedad de Comercialización Internacional,5160,Nivel Nacional,,,
901925815,CI ECOS FUELS S.A.S.,Sociedad de Comercialización Internacional,5150,Nivel Nacional,,,
901939856,C.I. ECONOMIA CIRCULAR S.A.S.,Sociedad de Comercialización Internacional,5145,Nivel Nacional,,,
901917366,C.I. WHOLESALE S.A.S,Sociedad de Comercialización Internacional,5149,Nivel Nacional,,,
901691419,C.I. SPS TRADE & EXPORT S.A.S,Sociedad de Comercialización Internacional,5154,Nivel Nacional,,,
901167718,CI BANADISE S.A.S.,Sociedad de Comercialización Internacional,5157,Nivel Nacional,,,
900990377,C.I. TAMARYNDO S.A.S.,Sociedad de Comercialización Internacional,5153,Nivel Nacional,,,
901064622,C.I ZOLO FIT SAS,Sociedad de Comercialización Internacional,4885,Nivel Nacional,,,
901882092,C.I. EXPORTACIONES INTEGRALES D&R SAS,Sociedad de Comercialización Internacional,5152,Nivel Nacional,,,
901782094,COMERCIALIZADORA SUR IMPORT SAS,Sociedad de Comercialización Internacional,5162,Nivel Nacional,,,
901381918,CI ALIPOL S.A.S.,Sociedad de Comercialización Internacional,4894,Nivel Nacional,,,
901800898,C.I GOLDEN HORIZONT INVESTMENT S.A.S,Sociedad de Comercialización Internacional,5159,Nivel Nacional,,,
901546421,CI HISPANOAMERICANA S.A.S.,Sociedad de Comercialización Internacional,5034,Nivel Nacional,,,
900870871,INVERSIONES MASTER PARTS C.I S.A.S,Sociedad de Comercialización Internacional,5158,Cúcuta,,,
901427892,MONJASA C.I. S.A.S.,Sociedad de Comercialización Internacional,4881,Nivel Nacional,,,
901954529,C.I. INNOVATE SOLUTIONS S.A.S,Sociedad de Comercialización Internacional,5151,Nivel Nacional,,,
901734510,CI PRESTIGE S.A.S,Sociedad de Comercialización Internacional,5146,Nivel Nacional,,,
900852420,C.I. CARBONES DEL PORVENIR OTA S.A.S.,Sociedad de Comercialización Internacional,5161,Nivel Nacional,,,
900857481,CARBOMAX DE COLOMBIA S.A.S,Sociedad de Comercialización Internacional,5163,Nivel Nacional,,,
901501135,TUNET-WORK C.I. S.A.S.,Sociedad de Comercialización Internacional,5165,Nivel Nacional,,,
901350050,C.I XINDI COLOMBIA S.A.S,Sociedad de Comercialización Internacional,5169,Nivel Nacional,,,
901454985,C.I. MONTANA METALS S.A.S,Sociedad de Comercialización Internacional,5156,Nivel Nacional,,,
902009681,C.I. ANTAREX CORP S.A.S.,Sociedad de Comercialización Internacional,5173,Nivel Nacional,,,
806007073,C.I. MEXICHEM COMPUESTOS COLOMBIA S.A.S.,Sociedad de Comercialización Internacional,2145,Nivel Nacional,,,
901741747,VICTORIA ALL C.I. SAS,Sociedad de Comercialización Internacional,5042,Nivel Nacional,,,
901303700,C.I. COMERCIALIZADORA Y DISTRIBUIDORA SANTAMARIA SAS,Sociedad de Comercialización Internacional,5040,Nivel Nacional,,,
900893372,C.I. ECOSMOS S.A.S.,Sociedad de Comercialización Internacional,4722,Nivel Nacional,,,
901967842,COMERCIALIZADORA INTERNACIONAL OILENERGY S.A.S.,Sociedad de Comercialización Internacional,5155,Nivel Nacional,,,
900429498,COMERCIALIZADORA INTERNACIONAL KAMCA ENERGY S.A.S.,Sociedad de Comercialización Internacional,5178,Nivel Nacional,,,
901742870,C.I. LORSOVA MINING SAS,Sociedad de Comercialización Internacional,5164,Nivel Nacional,,,
901788649,GEOSYNERGY GROUP C.I. S.A.S.,Sociedad de Comercialización Internacional,5172,Nivel Nacional,,,
901995949,COMERCIALIZADORA INTERNACIONAL NOVAEXPORT S.A.S,Sociedad de Comercialización Internacional,5170,Nivel Nacional,,,
902003726,C.I. PROCOLEX S.A.S,Sociedad de Comercialización Internacional,5166,Nivel Nacional,,,
819006505,SOCIEDAD DE COMERCIALIZACION INTERNACIONAL COMPRAS AMERICAS S.A.S.,Sociedad de Comercialización Internacional,5168,Nivel Nacional,,,
902004252,GRUPO EMPRESARIAL DE ALIMENTOS Y PRODUCTOS SAS,Sociedad de Comercialización Internacional,5174,Nivel Nacional,,,
901882869,ENERGIZAR AVIACION SOCIEDAD DE COMERCIALIZACION INTERNACIONAL SAS,Sociedad de Comercialización Internacional,5167,Nivel Nacional,,,
901952176,CI TDA EXPORT SAS,Sociedad de Comercialización Internacional,5179,Nivel Nacional,,,
901247927,C.I. S&J HENAO SAS,Sociedad de Comercialización Internacional,5176,Nivel Nacional,,,
901729124,C.I. R & R ASOCIADOS SAS,Sociedad de Comercialización Internacional,5051,Nivel Nacional,,,
900614423,ATLANTIC MARINE FUELS S.A.S. C.I,Sociedad de Comercialización Internacional,4724,Nivel Nacional,,,
902008844,SOCIEDAD DE COMERCIALIZACION INTERNACIONAL SOLUCIONES INNOVADORAS DEL CARIBE SAS,Sociedad de Comercialización Internacional,5181,Nivel Nacional,,,
901937760,CI CONEXION ANDINA S.A.S.,Sociedad de Comercialización Internacional,5177,Nivel Nacional,,,
902023658,C.I XPORTMAX S.A.S,Sociedad de Comercialización Internacional,5182,Nivel Nacional,,,
901987119,COMERCIALIZADORA INTERNACIONAL VEXO EXPORT S.A.S,Sociedad de Comercialización Internacional,5175,Nivel Nacional,,,
901703180,C.I. RIO GRANDEX S.A.S.,Sociedad de Comercialización Internacional,5061,Nivel Nacional,,,
901781336,COMERCIALIZADORA MERCOTEZ SAS,Sociedad de Comercialización Internacional,5180,Nivel Nacional,,,
900657461,C. I BUSINESS GROUP VEGA GRANADA S.A.S,Sociedad de Comercialización Internacional,4729,Nivel Nacional,,,
890924430,TRANSPORTES CONDOR ANDINO S.A.,Tránsito Aduanero Nacional,49,Nivel Nacional,49,,
890103161,TRANSPORTES SANCHEZ POLO S.A,Tránsito Aduanero Nacional,95,Nivel Nacional,95,,
800221333,SERVICIO INTEGRAL DE TRANSPORTE ANDINO S.A.S.,Tránsito Aduanero Nacional,126,Nivel Nacional,126,,
835000884,VICTORIA CARGO TRANSPORTES S A S,Tránsito Aduanero Nacional,202,Nivel Nacional,202,,
891304598,TRANSPORTES ESPECIALIZADOS RODRIGO TENORIO RIVERA LTDA,Tránsito Aduanero Nacional,217,Nivel Nacional,217,,
890901321,EDUARDO BOTERO SOTO Y CIA LTDA,Tránsito Aduanero Nacional,219,Nivel Nacional,219,,
830004861,MCT S.A.S.,Tránsito Aduanero Nacional,281,Nivel Nacional,281,,
800038129,INTEGRAL DE CARGA CARGRANEL S.A.S.,Tránsito Aduanero Nacional,318,Nivel Nacional,318,,
805000977,TRANSCARGA RG S.A.S,Tránsito Aduanero Nacional,371,Nivel Nacional,371,,
891400592,COOPERATIVA DE TRANSPORTADORES DEL RISARALDA LTDA,Tránsito Aduanero Nacional,377,Nivel Nacional,377,,
860450987,TRANSPORTES JOALCO S A,Tránsito Aduanero Nacional,378,Nivel Nacional,378,,
860052980,SURAMERICANA DE TRANSPORTES S.A.,Tránsito Aduanero Nacional,381,Nivel Nacional,381,,
800128245,TRANSPORTES SARVI SAS,Tránsito Aduanero Nacional,387,Nivel Nacional,387,,
800109788,RODAR CARGA S.A.S,Tránsito Aduanero Nacional,393,Nivel Nacional,393,,
830144803,COORDINADORA COMERCIAL DE CARGAS S.A.S,Tránsito Aduanero Nacional,396,Nivel Nacional,396,,
860062581,UNION ANDINA DE TRANSPORTES S A S,Tránsito Aduanero Nacional,403,Nivel Nacional,403,,
800136310,"INVERTRAC S,A.",Tránsito Aduanero Nacional,404,Nivel Nacional,404,,
860040576,COLTANQUES S.A.S.,Tránsito Aduanero Nacional,412,Nivel Nacional,412,,
800092024,TANQUES DEL NORDESTE S.A.,Tránsito Aduanero Nacional,424,Nivel Nacional,424,,
800160124,TRANSPORTES ORO S.A.S,Tránsito Aduanero Nacional,447,Nivel Nacional,447,,
830092461,CONALTRA S A,Tránsito Aduanero Nacional,468,Nivel Nacional,468,,
816005671,INTERANDINA DE CARGA S.A.,Tránsito Aduanero Nacional,471,Nivel Nacional,471,,
900138913,TRANSPORTES ESPECIALES DEL VALLE S.A,Tránsito Aduanero Nacional,483,Nivel Nacional,483,,
900068426,OPL CARGA S.A.S,Tránsito Aduanero Nacional,499,Nivel Nacional,499,,
800081833,LINEAS TECNICAS DE CARGAMENTOS S.A.S,Tránsito Aduanero Nacional,501,Nivel Nacional,501,,
800041197,TRANS AUTOS CONVOY LTDA,Tránsito Aduanero Nacional,522,Nivel Nacional,522,,
830096376,TRANSPORTES HUMADEA S.A.S,Tránsito Aduanero Nacional,527,Nivel Nacional,527,,
900204510,LOEXA S.A.S,Tránsito Aduanero Nacional,536,Nivel Nacional,536,,
802002367,TNC LOGISTICA TRANSCONTAINER S.A.,Tránsito Aduanero Nacional,538,Nivel Nacional,538,,
830051440,EXXE LOGISTICA S.A.S,Tránsito Aduanero Nacional,544,Nivel Nacional,544,,
900295606,INTERWORLD LAND TRANSPORT S A S,Tránsito Aduanero Nacional,548,Nivel Nacional,548,,
800246302,TANQUES Y CAMIONES S.A.S.,Tránsito Aduanero Nacional,560,Nivel Nacional,560,,
800233052,ALMAVIVA GLOBAL CARGO S.A.S,Tránsito Aduanero Nacional,562,Nivel Nacional,562,,
811038578,DIAMONI LOGISTICA S . A . S,Tránsito Aduanero Nacional,577,Nivel Nacional,577,,
890000442,COOPERATIVA QUINDIANA DE TRANSPORTADORES,Tránsito Aduanero Nacional,609,Nivel Nacional,609,,
900009272,GHC TRANSPORTES S.A.S.,Tránsito Aduanero Nacional,610,Nivel Nacional,610,,
800242427,COMPAÑIA DE DISTRIBUCION Y TRANSPORTE S.A.S. BIC,Tránsito Aduanero Nacional,629,Nivel Nacional,629,,
800149351,INVERSIONES MARTINEZ R E HIJOS S.A.S,Tránsito Aduanero Nacional,637,Nivel Nacional,637,,
900084672,CARGA Y LOGISTICA DE COLOMBIA S.A.S.,Tránsito Aduanero Nacional,638,Nivel Nacional,638,,
900416879,COMPAÑIA NACIONAL DE CARGA CONALCA S A S,Tránsito Aduanero Nacional,651,Nivel Nacional,651,,
900055029,DINAMICA LOGISTICA S.A.S,Tránsito Aduanero Nacional,665,Nivel Nacional,665,,
900220423,ZONA LOGISTICA S.A.S.,Tránsito Aduanero Nacional,716,Nivel Nacional,716,,
830104929,LOGISTICA REPREMUNDO S A S,Tránsito Aduanero Nacional,734,Nivel Nacional,734,,
900439562,IMPALA TERMINALS COLOMBIA S.A.S.,Tránsito Aduanero Nacional,738,Nivel Nacional,738,,
830108355,LOGISTICA TOTAL S A S,Tránsito Aduanero Nacional,752,Nivel Nacional,752,,
900119170,CARGA MASIVA S.A.S,Tránsito Aduanero Nacional,754,Nivel Nacional,754,,
860078780,IMPOCOMA S.A.S,Tránsito Aduanero Nacional,756,Nivel Nacional,756,,
805021657,MOVITRANS S.A.S. BIC,Tránsito Aduanero Nacional,761,Nivel Nacional,761,,
830008524,RHENUS LOGISTICS COLOMBIA S.A.S,Tránsito Aduanero Nacional,763,Nivel Nacional,763,,
900542491,EMPRESA COLOMBIANA DE LOGISTICA SAS,Tránsito Aduanero Nacional,765,Nivel Nacional,765,,
890904488,TDM TRANSPORTES S.A.,Tránsito Aduanero Nacional,778,Nivel Nacional,778,,
890200928,COPETRAN,Tránsito Aduanero Nacional,780,Nivel Nacional,780,,
800070196,TRANSPORTES R G S.A.,Tránsito Aduanero Nacional,785,Nivel Nacional,785,,
900394396,SERVICIOS INTEGRALES MARITIMOS SAS,Tránsito Aduanero Nacional,800,Nivel Nacional,800,,
900743745,INDUSTRIA TRANSPORTADORA CARDONA S.A.S.,Tránsito Aduanero Nacional,808,Nivel Nacional,808,,
830110689,LOGISTICA 3T S A,Tránsito Aduanero Nacional,811,Nivel Nacional,811,,
900783922,BULK CARGO S A S,Tránsito Aduanero Nacional,842,Nivel Nacional,842,,
811014895,FRACOR S.A.S.,Tránsito Aduanero Nacional,986,Nivel Nacional,986,,
900388525,MAESTRI ON TRACK S.A.S.,Tránsito Aduanero Nacional,1102,Nivel Nacional,1102,,
830080328,DISTRIBUCION Y TRANSPORTES S. A.,Tránsito Aduanero Nacional,1116,Nivel Nacional,1116,,
900774740,TRANSPORTES AVIA SAS,Tránsito Aduanero Nacional,1128,Nivel Nacional,1128,,
900430265,LOGYSTEEL OPERADOR LOGISTICO S.A.S,Tránsito Aduanero Nacional,1169,Nivel Nacional,1169,,
890935085,TRANSPORTADORA DE CARGA ANTIOQUIA S.A.S.,Tránsito Aduanero Nacional,1181,Nivel Nacional,1181,,
830124778,QUICK HELP S.A.S.,Tránsito Aduanero Nacional,1189,Nivel Nacional,1189,,
900714469,SKY LOGISTICA INTEGRAL SAS,Tránsito Aduanero Nacional,1198,Nivel Nacional,1198,,
900498774,TRANSALIANZA TN S.A.S.,Tránsito Aduanero Nacional,1208,Nivel Nacional,1208,,
900505349,LOGISTICA VEHICULOS DE COLOMBIA S.A.S.,Tránsito Aduanero Nacional,1215,Nivel Nacional,1215,,
900683804,TRANS & PORTS S.A.S.,Tránsito Aduanero Nacional,1227,Nivel Nacional,1227,,
900182822,MATRASE S.A.S,Tránsito Aduanero Nacional,1247,Nivel Nacional,1247,,
811039342,LOGISTICA S.A.S.,Tránsito Aduanero Nacional,1251,Nivel Nacional,1251,,
819004116,ELOGIA SOLUCIONES LOGÍSTICAS S.A.S.,Tránsito Aduanero Nacional,1253,Nivel Nacional,1253,,
860534357,PROPIETARIOS DE CAMIONES S. A.,Tránsito Aduanero Nacional,1255,Nivel Nacional,1255,,
900421601,ANAVA TRANSPORT S.A.S.,Tránsito Aduanero Nacional,1274,Nivel Nacional,1274,,
800046457,MOTOTRANSPORTAMOS S.A.S.,Tránsito Aduanero Nacional,1307,Nivel Nacional,1307,,
900132109,LINKARGA S.A.S,Tránsito Aduanero Nacional,1294,Nivel Nacional,1294,,
900384949,TRANSMOVILIZAR CARGA S.A.S.,Tránsito Aduanero Nacional,1282,Nivel Nacional,1282,,
901175630,ORGANIZACION 4 M S.A.S,Tránsito Aduanero Nacional,1314,Nivel Nacional,1314,,
901290327,TRANSOTM S.A.S.,Tránsito Aduanero Nacional,1309,Nivel Nacional,1309,,
860061308,AGENCIA DE ADUANAS PASAR LTDA NIVEL 1,Tránsito Aduanero Nacional,1310,Nivel Nacional,1310,,
901384782,TRANSPORTAR CARGA S.A.S,Tránsito Aduanero Nacional,1319,Nivel Nacional,1319,,
800006786,ALCOMEXTRANS S A S,Tránsito Aduanero Nacional,1322,Nivel Nacional,1322,,
800105213,TRACTOCARGA SAS,Tránsito Aduanero Nacional,1341,Nivel Nacional,1341,,
800025617,THR LOGISTICA S.A.S,Tránsito Aduanero Nacional,1357,Nivel Nacional,1357,,
800235888,COORDINADORA INTERNACIONAL DE TRAFICOS S.A.S,Tránsito Aduanero Nacional,1380,Nivel Nacional,1380,,
800241469,TRANSBORDER S A S,Tránsito Aduanero Nacional,1388,Nivel Nacional,1388,,
802011850,L-TRANS S.A.S.,Tránsito Aduanero Nacional,1382,Nivel Nacional,1382,,
901420688,KONFÍE S.A.S,Tránsito Aduanero Nacional,1410,Nivel Nacional,1410,,
800114437,ENTREGA DE CARGA S.A.,Tránsito Aduanero Nacional,1402,Nivel Nacional,1402,,
900548985,BOOM LOGISTICS COLOMBIA S.A.S,Tránsito Aduanero Nacional,1401,Nivel Nacional,1401,,
901508430,EMPRESA DE CARGA TRANSPICA S A S,Tránsito Aduanero Nacional,1474,Nivel Nacional,1474,,
802021975,TRANSCONT S.A.S.,Tránsito Aduanero Nacional,1494,Nivel Nacional,1494,,
900062596,NEXOS CARGO S.A.S,Tránsito Aduanero Nacional,908,Nivel Nacional,908,,
800042210,TRANSPORTES VIGIA S.A.S E.S.P.,Tránsito Aduanero Nacional,382,Nivel Nacional,382,,
900482114,TRANSMEBA CARGA S.A.S.,Tránsito Aduanero Nacional,1544,Nivel Nacional,1544,,
900326576,TRANSPORTES OKENDO S.A.S.,Tránsito Aduanero Nacional,1531,Nivel Nacional,1531,,
900200129,DESCARGUES BARAHONA J.I S.A.S.,Tránsito Aduanero Nacional,1538,Nivel Nacional,1538,,
901413059,BERGÉ COLOMBIA S.A.S.,Tránsito Aduanero Nacional,1522,Nivel Nacional,1522,,
900517571,CLS LOGISTIC SOLUTIONS SAS,Tránsito Aduanero Nacional,1543,Nivel Nacional,1543,,
900386516,INGENIERIA Y GESTIONES DE COLOMBIA SAS,Tránsito Aduanero Nacional,1580,Nivel Nacional,1580,,
901035880,GREEN PACIFIC CARGO SAS,Tránsito Aduanero Nacional,1597,Nivel Nacional,1597,,
804004470,TRANSTECOL S.A.S.,Tránsito Aduanero Nacional,1605,Nivel Nacional,1605,,
900906634,LOGISTICA DE CARGA ESPECIALIZADA MULTIMODAL (LOGICEM) S.A.S.,Tránsito Aduanero Nacional,1042,Nivel Nacional,1042,,
901460869,TRANSPORTARME S.A.S .,Tránsito Aduanero Nacional,1587,Nivel Nacional,1587,,
805016737,C.C.M. INGENIERIA S. A.,Tránsito Aduanero Nacional,1603,Nivel Nacional,1603,,
890301070,TRANSPORTES ATLAS S.A. S.,Tránsito Aduanero Nacional,607,Nivel Nacional,607,,
813007836,SUMINISTROS Y TRANSPORTES S.A.S,Tránsito Aduanero Nacional,1664,Nivel Nacional,1664,,
811022351,I.M.D. & CIA S.A.S,Tránsito Aduanero Nacional,1644,Nivel Nacional,1644,,
807004703,SERVICARGA RADIO S. A.,Tránsito Aduanero Nacional,1655,Nivel Nacional,1655,,
901485400,CARGA PRO S.A.S,Tránsito Aduanero Nacional,1670,Nivel Nacional,1670,,
901769449,TRANSPORTE DE CARGA VISION S.A.S.,Tránsito Aduanero Nacional,1678,Nivel Nacional,1678,,
900010719,EQUIPOS DE INGENIEROS ROCA SAS,Tránsito Aduanero Nacional,1683,Nivel Nacional,1683,,
901511644,EMPRESA DE TRANSPORTE DE CARGA EXPRESO ESPECIAL S.A.S,Tránsito Aduanero Nacional,1675,Nivel Nacional,1675,,
860517479,SNIDER & CIA S A S,Tránsito Aduanero Nacional,1685,Nivel Nacional,1685,,
900457412,TRANS RUBIALES S.A.S,Tránsito Aduanero Nacional,1680,Nivel Nacional,1680,,
811016822,COORDINADORA DE TANQUES S. A. S.,Tránsito Aduanero Nacional,1688,Nivel Nacional,1688,,
900678245,TRANSPORTES WCARGO S.A.S.,Tránsito Aduanero Nacional,1279,Nivel Nacional,1279,,
900724450,TRANDECOL S.A.S.,Tránsito Aduanero Nacional,1705,Nivel Nacional,1705,,
860008820,CFS LOGISTICS LLC (SEDE EFECTIVA DE ADMINISTRACION EN COLOMBIA ),Tránsito Aduanero Nacional,1707,Nivel Nacional,1707,,
900434012,ROTRASVEHI S.A.S,Tránsito Aduanero Nacional,1708,Nivel Nacional,1708,,
860016819,SERCARGA S.A.S,Tránsito Aduanero Nacional,51,Nivel Nacional,51,,
900135893,TRANSPORTE DE LOGISTICA ANDINA S.A.S,Tránsito Aduanero Nacional,1293,Nivel Nacional,1293,,
900559843,LIFTIT CARGO SAS,Tránsito Aduanero Nacional,1732,Nivel Nacional,1732,,
901343057,TECLOGI CARGO S.A.S,Tránsito Aduanero Nacional,1746,Nivel Nacional,1746,,
890301067,TRANSPORTADORA LA PRENSA DEL VALLE S.A.S,Tránsito Aduanero Nacional,1728,Nivel Nacional,1728,,
860504882,TRANSPORTES Y SERVICIOS TRANSER SAS,Tránsito Aduanero Nacional,1743,Nivel Nacional,1743,,
5000000992,ECUATORIANA DE SERVICIOS LORAVER CIA. LTDA,Tránsito Internacional Comunitario,2,Bogotá; Ipiales; Puerto Asís,2,,
5000000851,TRANSCOMERINTER-TRANSPORTE Y COMERCIO INTERNACIONAL ECUADOR,Tránsito Internacional Comunitario,109,Ipiales;Puerto Asís,109,,
5000001034,TRANSBISAM S.A.,Tránsito Internacional Comunitario,261,Ipiales;Puerto Asís,261,,
5000001224,COOPERATIVA DE TRANSPORTE PESADO UTRANH,Tránsito Internacional Comunitario,291,Ipiales;Puerto Asís,291,,
5000001840,TRANSRUNORT TRANSPORTE RUTAS DEL NORTE C.A,Tránsito Internacional Comunitario,329,Ipiales;Puerto Asís,329,,
5000000462,SERVICIOS DE COMERCIO INTERNACIONAL Y TRANSPORTES COORDIFRONTERAS,Tránsito Internacional Comunitario,377,Ipiales;Puerto Asís,377,,
5000001177,COMPAÑÍA COMERCIO Y TRANSPORTE INTERNACIONAL QUEUVID,Tránsito Internacional Comunitario,441,Ipiales;Puerto Asís,441,,
5000001256,TRANSPORTES Y SERVICIOS URGENTES INTERNACIONALES TRANSURGINT S.A.,Tránsito Internacional Comunitario,454,Ipiales;Puerto Asís,454,,
5000001381,TRANSPORTADORA DE CARGA PESADA JJHOGO S.A.,Tránsito Internacional Comunitario,465,Ipiales;Puerto Asís; Bogotá,465,,
5000001650,COOPERATIVA DE TRANSPORTE NACIONAL E INTERNACIONAL DE CARGA PESADA CENTINELA SIN RELEVO,Tránsito Internacional Comunitario,481,Ipiales;Puerto Asís,481,,
5000001819,GONZALO E. MONTENEGRO RODRIGUEZ SERVICIOS DE TRANSPORTE DE CARGA S.A.,Tránsito Internacional Comunitario,484,Ipiales;Puerto Asís,484,,
5000050702,TRANINTERECUADOR CIA LTDA.,Tránsito Internacional Comunitario,546,Bogotá; Ipiales; Puerto Asís,546,,
5000050727,INTERNACIONAL DE TRANSPORTE PESADO NEWROADS S.A.,Tránsito Internacional Comunitario,557,Bogotá; Ipiales; Puerto Asís,557,,
5000050759,TRAMOINCA S.A. TRANSPORTE Y MOVIMIENTO INTERNACIONAL DE CARGA,Tránsito Internacional Comunitario,561,Bogotá; Ipiales; Puerto Asís,561,,
5000050806,TRANSPORTE INTERNACIONAL DE CARGA JC ORARNAVI SA,Tránsito Internacional Comunitario,570,Ipiales;Puerto Asís,570,,
5000050820,SISTEMA LOGISTICO TERRESTRE SILOGTER SA,Tránsito Internacional Comunitario,578,Ipiales;Puerto Asís,578,,
5000050956,COOPERATIVA DE TRANSPORTE DE CARGA PESADA SUCUMBIOS,Tránsito Internacional Comunitario,592,Ipiales;Puerto Asís,592,,
5000051123,COMPAÑÍA DE TRANSPORTE PESADO DE CARGA NACIONAL E INTERNACIONAL CONTRANSTUL S.A,Tránsito Internacional Comunitario,902,Ipiales;Puerto Asís,902,,
5000051130,TRANSPORTE PESADO MYR ARTURO GUEVARA S.A,Tránsito Internacional Comunitario,903,Ipiales;Puerto Asís,903,,
5000051234,TRANSTIC TRANSPORTE INTERNACIONAL Y COMERCIO S.A,Tránsito Internacional Comunitario,1044,Ipiales;Puerto Asís; Bogotá,1044,,
5000051259,COMPAÑÍA DE LA INDUSTRIA DEL TRANSPORTE PESADO DEL CARCHI – CITRAPCAR S.A.,Tránsito Internacional Comunitario,1048,Ipiales;Puerto Asís,1048,,
5000051266,INTRALCOMEX S.A.,Tránsito Internacional Comunitario,1049,Ipiales;Puerto Asís,1049,,
5000051273,COMPAÑÍA MERCANTIL IMPORTADORA Y EXPORTADORA PHOENIX CIA. LTDA,Tránsito Internacional Comunitario,1061,Bogotá; Ipiales; Puerto Asís,1061,,
5000051338,COMPAÑIA DE TRANSPORTE DE CARGA PESADA NACIONAL E INTERNACIONAL APOLOSEVEN S.A.,Tránsito Internacional Comunitario,1187,Ipiales;Puerto Asís,1187,,
5000051463,COMPAÑÍA DE TRANSPORTE PESADO NACIONAL E INTERNACIONAL DE SUSTANCIAS QUIMICAS EN,Tránsito Internacional Comunitario,1305,Ipiales;Puerto Asís,1305,,
5000051488,ECUADORIAN TRANSPOT ASSITANCE S.A. RUREGOYSA,Tránsito Internacional Comunitario,1311,Ipiales;Puerto Asís; Cúcuta; Cali,1311,,
5000051495,VERY FAST TRANSPORT VEFATRANS S. A,Tránsito Internacional Comunitario,1312,Ipiales;Puerto Asís,1312,,
5000050361,LA MONTUFAREÑA INTERNACIONAL DE TRANSPORTE PESADO S.A. COMITRAPSA,Tránsito Internacional Comunitario,519,Ipiales; Puerto Asís,519,,
5000051528,COMPAÑÍA DE TRANSPORTE Y COMERCIO CURILLO LLANGANATE S.A.,Tránsito Internacional Comunitario,1344,Ipiales; Puerto Asís,1344,,
5000051535,COMPAÑÍA DE TRANSPORTE DE CARGA BABAHOYO S.A. CONTRANCARBA,Tránsito Internacional Comunitario,1353,Puerto Asís,1353,,
5000051542,ASTUDISANCAR S.A.,Tránsito Internacional Comunitario,1361,Ipiales; Puerto Asís,1361,,
5000051567,SERVICIO DE TRANSPORTE INTERNACIONAL CARCHI ECUADOR SETRAINCE CIA. LTDA,Tránsito Internacional Comunitario,1364,Ipiales; Puerto Asís,1364,,
5000051581,CARGA PESADA DEL NORTE LATINOAMERICANA DEL NORTE LATINCHARCHI S.A,Tránsito Internacional Comunitario,1391,Bogotá; Ipiales; Puerto Asís,1391,,
5000051607,TRANSPORTE DE CARGA NACIONAL E INTERNACIONAL NUVESVERDES S.A,Tránsito Internacional Comunitario,1406,Bogotá; Ipiales; Puerto Asís,1406,,
5000001407,TRANSERCARGA ECUADOR S.A.,Tránsito Internacional Comunitario,468,Ipiales; Puerto Asís,468,,
5000051614,EMPRESA DE TRANSPORTE DEL MAYORISTA ETRAMAY SA,Tránsito Internacional Comunitario,1453,Ipiales; Puerto Asís,1453,,
5000050623,TRANSCONDOR S.A.,Tránsito Internacional Comunitario,536,Ipiales; Puerto Asís,536,,
5000051621,OPELTRAN S.A.,Tránsito Internacional Comunitario,1479,Bogotá; Ipiales; Puerto Asís,1479,,
5000051639,TRANSPORTES PESADOS ARIELSUR TRANSARIELSUR S.A.,Tránsito Internacional Comunitario,1482,Bogotá; Ipiales; Puerto Asís,1482,,
5000051646,TRANSPORTE DE CARGA NACIONAL E INTERNACIONAL ALCOMEXCARGO S.A.,Tránsito Internacional Comunitario,1485,Bogotá; Ipiales; Puerto Asís,1485,,
5000051653,TRANSPORTES NOROCCIDENTAL CIA. LTDA.,Tránsito Internacional Comunitario,1488,Bogotá; Ipiales; Puerto Asís,1488,,
5000051660,ECUTRAN S.A,Tránsito Internacional Comunitario,1510,Ipiales; Puerto Asís; Bogotá,1510,,
5000001446,COOPERATIVA DE TRANSPORTE PESADO CONTINENTAL DEL NORTE,Tránsito Internacional Comunitario,244,Ipiales;Puerto Asís; Bogotá,244,,
5000001492,DELIVER SERVICES TRANSPORT DELISERTRANS S.A.,Tránsito Internacional Comunitario,513,Ipiales;Puerto Asís; Bogotá,513,,
5000051700,COMPAÑIA DE TRANSPORTE PESADO TANDATRANS S.A,Tránsito Internacional Comunitario,1540,Ipiales; Puerto Asís,1540,,
5000051718,TRANSPORTE PESADO FREIGHT LOGISTICS & BUSINESS S.A.,Tránsito Internacional Comunitario,1541,Ipiales; Puerto Asís,1541,,
5000051725,FRONTEREA TRANST&T S.A,Tránsito Internacional Comunitario,1545,Ipiales; Puerto Asís,1545,,
5000051732,TRANSPORTE DE CARGA PESADA NACIONAL E INTERNACIONAL GRUMACH S.A.,Tránsito Internacional Comunitario,1558,Ipiales; Puerto Asís,1558,,
5000051194,COMPAÑÍA DE TRANSPORTE DE CARGA PESADA JAMES JUMBO S.A.,Tránsito Internacional Comunitario,915,Ipiales;Puerto Asís,915,,
5000051741,TRANSPORTES CONDORANDINOECUADOR S.A.,Tránsito Internacional Comunitario,1559,Ipiales; Puerto Asís,1559,,
5000051757,COMPAÑIA DE TRANSPORTE PESADO NACIONAL EN INTERNACIONAL VILLAVICENCIO ARMIJOS TRASPEVILLARM SA,Tránsito Internacional Comunitario,1560,Ipiales; Puerto Asís,1560,,
5000050433,TRANSPORTES Y SERVICIOS ASOCIADOS SYTSA LTDA.,Tránsito Internacional Comunitario,327,Ipiales;Puerto Asís,327,,
5000051148,MIELOIL S.A.,Tránsito Internacional Comunitario,904,Ipiales;Puerto Asís,904,,
5000050648,TRASPORTES Y SERVICIOS ALAMEIDA MONTENEGRO,Tránsito Internacional Comunitario,541,Ipiales;Puerto Asís,541,,
5000051044,COMPAÑÍA DE TRANSPORTE DE CARGA PESADA TRANSLAGOIL S.A,Tránsito Internacional Comunitario,600,Ipiales;Puerto Asís,600,,
5000050419,COOPERATIVA DE TRANSPORTE DE CARGA PESADA RUTAS DEL CARCHI,Tránsito Internacional Comunitario,273,Ipiales;Puerto Asís,273,,
5000001715,COMPAÑIA DE TRANSPORTE DE CARGA PESADA CIATEGI CIA. LTDA.,Tránsito Internacional Comunitario,514,Ipiales;Puerto Asís,514,,
5000001414,INTERNACIONAL DE CARGA YANCA CIA. LTDA.,Tránsito Internacional Comunitario,469,Ipiales; Puerto Asís,469,,
5000001059,COOPERATIVA DE TRANSPORTE PESADO AUTOMOTORES DEL NORTE,Tránsito Internacional Comunitario,250,Ipiales;Puerto Asís,250,,
5000051771,HGMASOCIADOS TRANSPORTE DE CARGA S.A,Tránsito Internacional Comunitario,1583,Ipiales; Puerto Asís,1583,,
5000051796,WORLD SOLUTIONS ENTERPRISES S.A.C.,Tránsito Internacional Comunitario,1627,Ipiales; Puerto Asís,1627,,
5000051599,LOGISTICA INTERMODAL DEL PERU SAC,Tránsito Internacional Comunitario,1398,Ipiales; Puerto Asís,1398,,
5000051804,COMPAÑÍA TRANSPORTE DE CARGA PESADA ALVARADOTRANS S.A.,Tránsito Internacional Comunitario,1630,Ipiales; Puerto Asís,1630,,
5000051811,TRANSPORTE NACIONAL E INTERNACIONAL TRANINLOGISTICS S.A,Tránsito Internacional Comunitario,1631,Ipiales; Puerto Asís,1631,,
5000051320,TRANSPORTADORA DE CARGA AGUILA DORADA TAD S.A.,Tránsito Internacional Comunitario,1160,Ipiales;Puerto Asís,1160,,
5000051829,JARRIN CARRERA CIA LTDA,Tránsito Internacional Comunitario,1632,Ipiales; Puerto Asís,1632,,
5000050291,CARGUEROS TERRESTRES E.I.R.L. CARTER,Tránsito Internacional Comunitario,521,Ipiales; Puerto Asís,521,,
5000000416,TRANSPORTISTAS UNIDOS ECUATORIANOS C.A. TRUECA C.A.,Tránsito Internacional Comunitario,100,Ipiales;Puerto Asís,100,,
5000051836,"PROVEEDORA DE EQUIPOS Y COMUNICACIONES VIZCAINO, PROVIZCAINO S.A",Tránsito Internacional Comunitario,1649,Ipiales; Puerto Asís; Cali,1649,,
5000050813,SIERRANDINA SA,Tránsito Internacional Comunitario,413,Ipiales;Puerto Asís,413,,
5000051345,TRANSPORTES LOGITRANS-ACROS S.A.,Tránsito Internacional Comunitario,1188,Ipiales;Puerto Asís,1188,,
5000001066,N.T.A. NUEVO TRANSPORTE DE AMERICA CIA. LTDA.,Tránsito Internacional Comunitario,373,Ipiales;Puerto Asís,373,,
5000051850,BESTCON S.A.C.,Tránsito Internacional Comunitario,1692,Ipiales; Puerto Asís,1692,,
5000051789,TRANSPORTE PESADO RODFRONTE S.A,Tránsito Internacional Comunitario,1607,Ipiales; Puerto Asís,1607,,
5000051352,COMPAÑÍA DE TRANSPORTE PESADO TRANSTULCARGO S.A.,Tránsito Internacional Comunitario,1201,Ipiales;Puerto Asís,1201,,
5000001421,TERRACARGO S.A.C.,Tránsito Internacional Comunitario,472,Ipiales;Puerto Asís,472,,
5000051417,TRANSBRAMACAR CIA LTDA,Tránsito Internacional Comunitario,1236,Ipiales;Puerto Asís,1236,,
5000050465,TRANSPORTE CERRO NEGRO S.A.,Tránsito Internacional Comunitario,520,Ipiales;Puerto Asís,520,,
5000051313,TRANSPORTE QUIROGA GARRIDO C.A.,Tránsito Internacional Comunitario,435,Cúcuta; Maicao,435,,
5000050845,COMPAÑIA DE TRANSPORTE PESADO TITANES DEL NORTE CIATITANORT S.A.,Tránsito Internacional Comunitario,583,Ipiales;Puerto Asís,583,,
5000051764,TRANSPORTE Y COMERCIO GERMOR S.A.,Tránsito Internacional Comunitario,1562,Ipiales; Puerto Asís,1562,,
5000050671,TRANSPORTE EXPORTACIONES E IMPORTACIONES MERCADO ANDINO C.A,Tránsito Internacional Comunitario,226,Cúcuta; Maicao,226,,
5000051551,TRANSPORTE ABADIA C.A.,Tránsito Internacional Comunitario,1363,Cúcuta; Maicao,1363,,
5000051882,SAN CRSITOBAL INTERNACIONAL EMPRESA INDIVIDUAL DE RESPONSABILIDAD LIMITADA,Tránsito Internacional Comunitario,499,Ipiales; Puerto Asís,499,,
5000051211,TRANSPORTE SENDERO REAL TRANSENDREAL CIA LTDA,Tránsito Internacional Comunitario,932,Ipiales;Puerto Asís,932,,
5000000881,TRANSPORTE SERVICARGA INTERNACIONAL C.A.,Tránsito Internacional Comunitario,258,Cúcuta; Maicao,258,,
5000050078,TRANSPORTE JAIRO IVAN CORAL TRANSJAIVAN COMPAÑIA LIMITDA,Tránsito Internacional Comunitario,498,Ipiales;Puerto Asís,498,,
5000050609,OCITRANS DE VENEZUELA C.A,Tránsito Internacional Comunitario,346,Cúcuta; Maicao,346,,
5000001041,TRANSPORTE LA RUBIENCE C.A,Tránsito Internacional Comunitario,407,Cúcuta; Maicao,407,,
5000050655,TRANSPORTADORA COMERCIAL REDOPICAR C.A.,Tránsito Internacional Comunitario,266,Cúcuta; Maicao,266,,
5000050100,LINEA PROFESIONAL DE CARGAMENTO C.A – LINPROCAR.C.A,Tránsito Internacional Comunitario,202,Maicao; Cúcuta,202,,
5000000661,TRANSPORTE DE CARGA LAS VILLAS C.A,Tránsito Internacional Comunitario,82,Cúcuta; Maicao,82,,
5000000874,TRANSPORTE INTERNACIONAL FRONTERIZO C.A,Tránsito Internacional Comunitario,91,Cúcuta; Maicao,91,,
5000051891,SENAINCAP SERVICIO NAC. DE TRANSPORTE DE CARGA PESADO CIA. LTDA,Tránsito Internacional Comunitario,1748,Ipiales; Puerto Asís,1748,,
5000000559,TRANSPORTE E INVERSIONES CEPEDA TRIANA EN VENEZUELA C.A,Tránsito Internacional Comunitario,211,Cúcuta; Maicao,211,,
5000000029,TRANSPORTE DE CARGA OLARTE CALDERON C.A.,Tránsito Internacional Comunitario,460,Cúcuta; Maicao,460,,
5000000684,TRANSPORTE DE CARGA SERVIFLETES DE VENEZUELA C.A,Tránsito Internacional Comunitario,161,Cúcuta; Maicao,161,,
5000050884,TRANSPORTES FUENTES LANDAZURI S.A.,Tránsito Internacional Comunitario,589,Ipiales;Puerto Asís,589,,
5000000717,TRANSPORTES UNIDOS EVER PACHECO S.R.L,Tránsito Internacional Comunitario,181,Riohacha; Maicao,181,,
5000050275,TRANSPORTE DE CARGA Y ENCOMIENDAS TC & E C.A,Tránsito Internacional Comunitario,448,Cúcuta; Maicao,448,,
5000051908,TRANSPORTE DE CARGA NACIONAL EN INTERNACIONAL INTERCARPOZO S.A,Tránsito Internacional Comunitario,1778,Ipiales; Puerto Asís,1778,,
5000050189,TRANSPORTE INTERNACIONAL SOTRASUR C.A,Tránsito Internacional Comunitario,253,Cúcuta; Maicao,253,,
5000050630,COMPAÑÍA DE TRANSPORTE PESADO RUTAS ECUATORIANAS CIAPRUTE S.A,Tránsito Internacional Comunitario,538,Ipiales;Puerto Asís; Bogotá,538,,
5000050995,LOGISTICA Y TRANSPORTE AGENCOMEXCARGO S.A,Tránsito Internacional Comunitario,595,Ipiales;Puerto Asís,595,,
5000001731,TRANSPORTADORA DE CARGA SEMMOVICAR S.A.,Tránsito Internacional Comunitario,515,Ipiales;Puerto Asís,515,,
5000050204,TRANSPORTE TRANSCAV DE VENEZUELA C.A.,Tránsito Internacional Comunitario,80,Bogotá; Riohacha; Cúcuta; Maicao,80,,
5000001145,TRANSPORTE INTERNACIONAL DE ALIMENTOS REFRIGERADOS ZULMAR C.A,Tránsito Internacional Comunitario,148,Riohacha; Maicao,148,,
890912462,AEROLINEAS TAMPA S.A,Transportador inscrito para realizar cabotaje,301,Nivel Nacional,301,,
890100577,AEROVIAS NACIONALES DE COLOMBIA S.A. AVIANCA,Transportador inscrito para realizar cabotaje,496,Nivel Nacional,496,,
800250763,SEABOARD DE COLOMBIA S.A.S.,Transportador inscrito para realizar cabotaje,578,Santa Marta;Barranquilla,578,,
890115166,AEROSUCRE S.A.,Transportador inscrito para realizar cabotaje,617,Nivel Nacional,617,,
890704196,AEROVIAS DE INTEGRACION REGIONAL S.A.,Transportador inscrito para realizar cabotaje,630,Nivel Nacional,630,,
800220366,FRONTIER AGENCIA MARITIMA DEL CARIBE S.A.S.,Transportador inscrito para realizar cabotaje,732,Cartagena;Barranquilla;Santa Marta,732,,
900439562,IMPALA TERMINALS COLOMBIA S.A.S.,Transportador inscrito para realizar cabotaje,737,Nivel Nacional,737,,
900606944,ROLCO SHIPPING SAS,Transportador inscrito para realizar cabotaje,1223,Cartagena; Barraquilla; Santa Marta,1223,,
824001229,AEROLINEA DEL CARIBE S A,Transportador inscrito para realizar cabotaje,1330,Nivel Nacional,1330,,
800235053,MAERSK COLOMBIA S.A.,Transportador inscrito para realizar cabotaje,1487,Cartagena; Barranquilla; Santa Marta; Buenaventura; Urabá,1487,,
901206622,SAI TUGS S.A.S,Transportador inscrito para realizar cabotaje,1336,Bogotá; Cartagena; San Andrés,1336,,
860005101,GERLEINCO S.A.S,Transportador inscrito para realizar cabotaje especial,348,Barranquilla; Santa Marta; Cartagena,348,,
900298043,HAPAG LLOYD COLOMBIA LTDA.,Transportador inscrito para realizar cabotaje especial,845,Buenaventura;Barranquilla;Cartagena;Santa Marta,845,,
806004569,AGENCIA OCEANICA S.A.S. ¨OCEANIC¨,Transportador inscrito para realizar cabotaje especial,937,Barranquilla;Buenaventura;Cartagena;Santa Marta,937,,
860031615,AGUNSA COLOMBIA S.A.S,Transportador inscrito para realizar cabotaje especial,1272,Barranquilla;Buenaventura;Cartagena;Santa Marta,1272,,
900439562,IMPALA TERMINALS COLOMBIA S.A.S.,Transportador inscrito para realizar cabotaje especial,1539,Cartagena,1539,,
860001560,NAVEMAR SAS,Transportador inscrito para realizar cabotaje especial,1702,Barranquilla; Buenaventura; Cartagena; Santa Marta,1702,,
901021040,21 AIR - SUCURSAL COLOMBIA,Transportador internacional aéreo de carga,1656,Bogotá; Medellín; Cali; Barranquilla,1656,,
830056553,ATLAS AIR INC. SUCURSAL COLOMBIA,Transportador internacional aéreo de carga,1666,Bogotá; Medellín,1666,,
900749828,DHL AERO EXPRESO S A SUCURSAL COLOMBIA,Transportador internacional aéreo de carga,1667,Bogotá; Barranquilla; Cali; Medellín,1667,,
900254148,AEROVIAS DE MEXICO S.A DE C.V AEROMEXICO SUCURSAL COLOMBIA,Transportador internacional aéreo de carga,10247,Bogotá; Medellín,10247,,
830045397,AEROTRANSPORTES MAS DE CARGA S.A. DE C.V. MAS AIR SUCURSAL COLOMBIA,Transportador internacional aéreo de carga,1693,Bogotá; Medellín,1693,,
900843108,UNIWORLD AIR CARGO CORP SUCURSAL COLOMBIA,Transportador internacional aéreo de carga,10279,Bogotá; Cali; Medellín; Barranquilla; Cartagena,10279,,
901326841,JETSMART AIRLINES SPA SUCURSAL COLOMBIA,Transportador internacional aéreo de carga,10281,Bogotá; Cali,10281,,
860009876,K L M CIA REAL HOLANDESA DE AVIACION,Transportador internacional aéreo de carga,10039,Bogotá; Cali,10039,,
802014863,CHARTER DEL CARIBE S.A.S,Transportador internacional aéreo de carga,10221,Bogotá; Medellín; Cartagena; Bucaramanga; Armenia; Cúcuta; San Andrés; Santa Marta; Barranquilla; Cali; Leticia; Ipiales; Pereira,1742,,
900407279,ABX AIR INC SUCURSAL COLOMBIANA,Transportador internacional aéreo de carga,11259,Bogotá; Medellín,11259,,
860067802,TRANSPORTES CONDOR S.A.S,Transportador Terrestre Régimen Importación Exportación,62,Cúcuta; Maicao,62,,
800042210,TRANSPORTES VIGIA S.A.S E.S.P.,Transportador Terrestre Régimen Importación Exportación,64,Cúcuta;Ipiales;Puerto Asís,64,,
890103161,TRANSPORTES SANCHEZ POLO S.A,Transportador Terrestre Régimen Importación Exportación,65,Cúcuta; Maicao,65,,
860016819,SERCARGA S.A.S,Transportador Terrestre Régimen Importación Exportación,72,Ipiales; Puerto Asís,72,,
800225417,TRANSPORTE Y COMERCIO INTERNACIONAL LIMITADA EN REESTRUCTURACIÓN,Transportador Terrestre Régimen Importación Exportación,332,Ipiales;Puerto Asís; Bogotá,332,,
860450987,TRANSPORTES JOALCO S A,Transportador Terrestre Régimen Importación Exportación,410,Ipiales; Puerto Asís,410,,
800221333,SERVICIO INTEGRAL DE TRANSPORTE ANDINO S.A.S.,Transportador Terrestre Régimen Importación Exportación,411,Cúcuta; Maicao,411,,
900168467,GRUPO BYZA S.A.S.,Transportador Terrestre Régimen Importación Exportación,534,Cartagena; Ipiales; Puerto Asís,534,,
900243606,TRANSPORTES FW SAS,Transportador Terrestre Régimen Importación Exportación,539,Ipiales;Puerto Asís,539,,
846000406,COOPERATIVA DE TRANSPORTADORES KILILI,Transportador Terrestre Régimen Importación Exportación,553,Bogotá; Ipiales; Puerto Asís,553,,
846004230,EMPRESA DE TRANSPORTE DE DERIVADOS DEL PETROLEO Y CARGA LIMITADA,Transportador Terrestre Régimen Importación Exportación,555,Ipiales;Puerto Asís,555,,
800092024,TANQUES DEL NORDESTE S.A.,Transportador Terrestre Régimen Importación Exportación,599,Ipiales;Puerto Asís,599,,
846003495,TRANSPETROLEROS S.A.S,Transportador Terrestre Régimen Importación Exportación,602,Ipiales;Puerto Asís,602,,
800228363,EMPRESA DE TRANSPORTE DE PUERTO ASIS HONG KONG S.A.,Transportador Terrestre Régimen Importación Exportación,849,Ipiales;Puerto Asís,849,,
900553613,TRANSPORTES QUINTERO ALMEIDA S.A.S,Transportador Terrestre Régimen Importación Exportación,896,Ipiales;Puerto Asís,896,,
901413832,SUCORDITRANS S.A.S.,Transportador Terrestre Régimen Importación Exportación,1277,Ipiales;Puerto Asís,1277,,
830017552,COTRANSCOPETROL S.A.S Y CTC S.A.S,Transportador Terrestre Régimen Importación Exportación,1298,Ipiales;Puerto Asís,1298,,
800096454,TRANSPORTES COORDIFRONTERAS S.A.S.,Transportador Terrestre Régimen Importación Exportación,1313,Ipiales;Puerto Asís,1313,,
900382831,TRANSPORTE SAN MARTIN S.A.S,Transportador Terrestre Régimen Importación Exportación,1325,Ipiales; Puerto Asís,1325,,
900416879,COMPAÑIA NACIONAL DE CARGA CONALCA S A S,Transportador Terrestre Régimen Importación Exportación,575,Ipiales; Puerto Asís,575,,
830514820,TRANSPORTE INTERNACIONAL DE CARGA S A T I C S A,Transportador Terrestre Régimen Importación Exportación,383,Bogotá; Ipiales; Pasto; Puerto Asís,383,,
900776567,HT LOGISTICS S.A.S,Transportador Terrestre Régimen Importación Exportación,1397,Bogotá; Ipiales; Puerto Asís,1397,,
805016737,C.C.M. INGENIERIA S. A.,Transportador Terrestre Régimen Importación Exportación,1407,Ipiales; Puerto Asís; Bogotá,1407,,
900053758,TRANSPORTES GAYCO SOCIEDAD POR ACCIONES SIMPLIFICADAS,Transportador Terrestre Régimen Importación Exportación,1416,Bogotá; Ipiales; Puerto Asís,1416,,
800038129,INTEGRAL DE CARGA CARGRANEL S.A.S.,Transportador Terrestre Régimen Importación Exportación,305,Bogotá; Ipiales; Puerto Asís,305,,
900132109,LINKARGA S.A.S,Transportador Terrestre Régimen Importación Exportación,1434,Bogotá; Ipiales; Puerto Asís,1434,,
901336062,YEP LOGISTIC TRANSPORTE DE CARGA TERRESTRE NACIONAL E INTERNACIONAL S.A.S,Transportador Terrestre Régimen Importación Exportación,1464,Bogotá; Ipiales; Puerto Asís,1464,,
901425747,TRANSPORTANDO EXPRESS SAS,Transportador Terrestre Régimen Importación Exportación,1475,Bogotá; Ipiales; Puerto Asís,1475,,
900055029,DINAMICA LOGISTICA S.A.S,Transportador Terrestre Régimen Importación Exportación,1478,Bogotá; Ipiales; Puerto Asís,1478,,
890103161,TRANSPORTES SANCHEZ POLO S.A,Transportador Terrestre Régimen Importación Exportación,1486,Ipiales; Puerto Asís,1486,,
800242427,COMPAÑIA DE DISTRIBUCION Y TRANSPORTE S.A.S. BIC,Transportador Terrestre Régimen Importación Exportación,1496,Bogotá; Ipiales; Puerto Asís,1496,,
900068426,OPL CARGA S.A.S,Transportador Terrestre Régimen Importación Exportación,1514,Bogotá; Puerto Asís; Ipiales,1514,,
901343057,TECLOGI CARGO S.A.S,Transportador Terrestre Régimen Importación Exportación,1519,Bogotá; Ipiales; Puerto Asís,1519,,
807009216,TRANSPORTE CARVAJAL INTERNACIONAL S.A.S,Transportador Terrestre Régimen Importación Exportación,348,Cúcuta; Maicao,348,,
890200928,COPETRAN,Transportador Terrestre Régimen Importación Exportación,1550,Ipiales; Puerto Asís,1550,,
802002367,TNC LOGISTICA TRANSCONTAINER S.A.,Transportador Terrestre Régimen Importación Exportación,1551,Ipiales; Puerto Asís,1551,,
900231855,ENLACE DE TRANSPORTES Y SERVICIOS S.A.S,Transportador Terrestre Régimen Importación Exportación,1552,Ipiales; Puerto Asís,1552,,
900373731,AGUNSA LOGISTICS S.A.S,Transportador Terrestre Régimen Importación Exportación,1553,Ipiales; Puerto Asís,1553,,
900648775,TRANSPORTE SURANDINO DE LIQUIDOS DE COLOMBIA S.A.S,Transportador Terrestre Régimen Importación Exportación,1554,Ipiales; Puerto Asís,1554,,
830087927,ANDINA INTERNACIONAL DE TANQUES LTDA,Transportador Terrestre Régimen Importación Exportación,293,Ipiales; Puerto Asís,293,,
900731158,MULTIPLES SERVICIOS DE PETROLEOS S.A.S (M.S.P S.A.S),Transportador Terrestre Régimen Importación Exportación,1350,Ipiales; Puerto Asís,1350,,
900115136,GLOBOEXPRESS LTDA,Transportador Terrestre Régimen Importación Exportación,510,Cúcuta; Maicao,510,,
804012872,TRANSPORTES ANDINA DE TANQUES LTDA TRANSANDINA DE TANQUES,Transportador Terrestre Régimen Importación Exportación,324,Cúcuta; Maicao,324,,
900590560,ALIANZA PARA EL TRANSPORTE Y COMERCIO INTERNACIONAL S.A.S,Transportador Terrestre Régimen Importación Exportación,554,Ipiales;Puerto Asís,554,,
901363236,TRANSPORTES DE CARGA DEL SUR S.A.S.,Transportador Terrestre Régimen Importación Exportación,1564,Ipiales; Puerto Asís,1564,,
900453853,TRANSPORTES Y LOGISTICA EN COMERCIO EXTERIOR S.A.S.,Transportador Terrestre Régimen Importación Exportación,1135,Ipiales;Puerto Asís,1135,,
901205166,DIMA CARGA INTERNACIONAL S.A.S ZOMAC,Transportador Terrestre Régimen Importación Exportación,1577,Ipiales; Puerto Asís,1577,,
900498308,TRANSPORTES DEL SUR AMAZONICO S.A.S.,Transportador Terrestre Régimen Importación Exportación,1578,Puerto Asís; Ipiales,1578,,
900996410,INTERNATIONAL LOGISTICS MD S.A.S.,Transportador Terrestre Régimen Importación Exportación,1592,Puerto Asís; Ipiales,1592,,
901602156,GNL GREEN NETWORK LOGISTICS S.A.S.,Transportador Terrestre Régimen Importación Exportación,1599,Puerto Asís; Ipiales,1599,,
900144950,TRANSERCOL LTDA,Transportador Terrestre Régimen Importación Exportación,1602,Ipiales; Puerto Asís,1602,,
800246302,TANQUES Y CAMIONES S.A.S.,Transportador Terrestre Régimen Importación Exportación,569,Ipiales;Puerto Asís,569,,
860040576,COLTANQUES S.A.S.,Transportador Terrestre Régimen Importación Exportación,571,Ipiales;Puerto Asís,571,,
901529931,TRANSPORTE LOAD AND GO S.A.S,Transportador Terrestre Régimen Importación Exportación,1629,Ipiales; Puerto Asís,1629,,
807009216,TRANSPORTE CARVAJAL INTERNACIONAL S.A.S,Transportador Terrestre Régimen Importación Exportación,1647,Ipiales; Puerto Asís,1647,,
900142679,TRANSPORTE NACIONAL DE CARGA LTDA,Transportador Terrestre Régimen Importación Exportación,467,Ipiales;Puerto Asís,467,,
900434012,ROTRASVEHI S.A.S.,Transportador Terrestre Régimen Importación Exportación,1698,Ipiales; Puerto Asís,1698,,
900204962,TRANSPORTADORA VILLA EXPRESS SAS,Transportador Terrestre Régimen Importación Exportación,1209,Ipiales;Puerto Asís,1209,,
900595584,L&T LOGISTICA Y TRANSPORTE S.A.S,Transportador Terrestre Régimen Importación Exportación,1709,Puerto Asís; Ipiales,1709,,
900743001,TRANSINVER CTC SAS,Transportador Terrestre Régimen Importación Exportación,1717,Cúcuta; Maicao,1717,,
901219396,TRANSPORTE ARTICO DE AMERICA S.A.S,Transportador Terrestre Régimen Importación Exportación,1719,Cúcuta; Maicao,1719,,
900673455,LOGISTICA - IZAJE - TRANSPORTE - PIEDEMONT S.A.S,Transportador Terrestre Régimen Importación Exportación,1722,Cúcuta; Puerto Asís,1722,,
830096376,TRANSPORTES HUMADEA S.A.S,Transportador Terrestre Régimen Importación Exportación,1213,Ipiales;Puerto Asís,1213,,
900608280,SOLUCIONES LOGISTICAS CONFIABLES S.A.S,Transportador Terrestre Régimen Importación Exportación,1734,Cúcuta; Maicao,1734,,
900155843,COOPERATIVA TRANSPORTADORA DERIVADOS DEL PETROLEO Y SERVICIOS,Transportador Terrestre Régimen Importación Exportación,586,Ipiales;Puerto Asís,586,,
901435965,JN LOGISTICS SERVICES AND SOLUTIONS S.A.S,Transportador Terrestre Régimen Importación Exportación,1740,Cúcuta; Maicao,1740,,
900144307,SISTEMAS LOGISTICOS INTEGRALES DE COLOMBIA S.A.S,Transportador Terrestre Régimen Importación Exportación,1214,Ipiales;Puerto Asís,1214,,
890200219,COOPERATIVA DE TRANSPORTADORES DEL SUR COTRASUR,Transportador Terrestre Régimen Importación Exportación,12,Cúcuta; Maicao,12,,
800035276,TRANSPORTES MONTEJO S.A.S,Transportador Terrestre Régimen Importación Exportación,184,Ipiales; Puerto Asís,184,,
800192215,TRANSPORTES SANTANDEREANA DE CARGA S.A.S.,Transportador Terrestre Régimen Importación Exportación,93,Cúcuta; Maicao,93,,
901452996,SERVICIOS Y TRANSPORTES ASOCIADOS S.A.S,Transportador Terrestre Régimen Importación Exportación,1756,Ipiales; Puerto Asís,1756,,
900459526,MOGOLLON S.A.S. OPERADOR LOGISTICO DE CARGA,Transportador Terrestre Régimen Importación Exportación,1757,Cúcuta; Maicao,1757,,
900858872,LOGISTICA Y TRANSPORTES BLUE TRANS S.A.S. - BLUE TRANS S.A.S,Transportador Terrestre Régimen Importación Exportación,1760,Cúcuta; Maicao,1760,,
892099421,COOPERATIVA DE TRANSPORTADORES DE TAME – COOTRANSTAME,Transportador Terrestre Régimen Importación Exportación,394,Cúcuta; Maicao,394,,
830087927,ANDINA INTERNACIONAL DE TANQUES LTDA,Transportador Terrestre Régimen Importación Exportación,1767,Cúcuta; Maicao,1767,,
811016822,COORDINADORA DE TANQUES S. A. S.,Transportador Terrestre Régimen Importación Exportación,392,Cúcuta;Ipiales;Puerto Asís,392,,
890901321,EDUARDO BOTERO SOTO Y CIA LTDA,Transportador Terrestre Régimen Importación Exportación,1555,Cúcuta; Maicao,1555,,
900069089,TRANSPORTES TLC S.A.S.,Transportador Terrestre Régimen Importación Exportación,1790,Cúcuta; Maicao,1790,,
860003563,HITACHI ENERGY COLOMBIA S.A.S.,Usuario Aduanero con Trámite Simplificado,B00001,Nivel Nacional,B00001,,
890100577,AEROVIAS NACIONALES DE COLOMBIA S.A. AVIANCA,Usuario Aduanero con Trámite Simplificado,B00003,Nivel Nacional,B00003,,
860005289,ASCENSORES SCHINDLER DE COLOMBIA S A S,Usuario Aduanero con Trámite Simplificado,B00012,Nivel Nacional,B00012,,
860534244,ATLAS COPCO COLOMBIA LTDA.,Usuario Aduanero con Trámite Simplificado,B00014,Nivel Nacional,B00014,,
860509514,AUTOGERMANA S A S,Usuario Aduanero con Trámite Simplificado,B00016,Nivel Nacional,B00016,,
890900317,AUTOTECNICA COLOMBIANA S. A.,Usuario Aduanero con Trámite Simplificado,B00020,Nivel Nacional,B00020,,
890201881,AVSA S.A,Usuario Aduanero con Trámite Simplificado,B00021,Nivel Nacional,B00021,,
830039229,BOSTON SCIENTIFIC COLOMBIA LIMITADA,Usuario Aduanero con Trámite Simplificado,B00028,Nivel Nacional,B00028,,
890503314,CERAMICA ITALIA S.A.,Usuario Aduanero con Trámite Simplificado,B00044,Nivel Nacional,B00044,,
800232449,DANFOSS S.A.S.,Usuario Aduanero con Trámite Simplificado,B00060,Nivel Nacional,B00060,,
830006051,DIAGEO COLOMBIA S A,Usuario Aduanero con Trámite Simplificado,B00062,Nivel Nacional,B00062,,
860028580,DISPAPELES S.A.S,Usuario Aduanero con Trámite Simplificado,B00064,Nivel Nacional,B00064,,
800130632,EJERCITO NACIONAL CONTADURIA PRINCIPAL DEL COMANDO DEL EJERCITO,Usuario Aduanero con Trámite Simplificado,B00075,Nivel Nacional,B00075,,
860030828,FERRETERIA INDUSTRIAL S A S,Usuario Aduanero con Trámite Simplificado,B00086,Nivel Nacional,B00086,,
830126302,FRONTERA ENERGY COLOMBIA CORP SUCURSAL COLOMBIA,Usuario Aduanero con Trámite Simplificado,B00093,Nivel Nacional,B00093,,
860002304,GENERAL MOTORS COLMOTORES S A,Usuario Aduanero con Trámite Simplificado,B00097,Nivel Nacional,B00097,,
890917465,GRIFFITH FOODS S.A.S.,Usuario Aduanero con Trámite Simplificado,B00103,Nivel Nacional,B00103,,
860003168,IMOCOM S A S,Usuario Aduanero con Trámite Simplificado,B00115,Nivel Nacional,B00115,,
860002127,INDUSTRIA COLOMBIANA DE LLANTAS S.A.,Usuario Aduanero con Trámite Simplificado,B00118,Nivel Nacional,B00118,,
890916911,INDUSTRIA COLOMBIANA DE MOTOCICLETAS YAMAHA S.A.S,Usuario Aduanero con Trámite Simplificado,B00119,Nivel Nacional,B00119,,
900030538,LENOVO ASIA PACIFIC LIMITED SUCURSAL COLOMBIA,Usuario Aduanero con Trámite Simplificado,B00134,Nivel Nacional,B00134,,
860000332,LINCOLN SOLDADURAS DE COLOMBIA LTDA,Usuario Aduanero con Trámite Simplificado,B00135,Nivel Nacional,B00135,,
805019855,MEGATEX S.A.S.,Usuario Aduanero con Trámite Simplificado,B00143,Nivel Nacional,B00143,,
860019063,MOTORES Y MÁQUINAS S.A. BIC,Usuario Aduanero con Trámite Simplificado,B00158,Nivel Nacional,B00158,,
860002130,NESTLE DE COLOMBIA SA,Usuario Aduanero con Trámite Simplificado,B00163,Nivel Nacional,B00163,,
813003663,OMNILIFE MANUFACTURA DE COLOMBIA SOCIEDAD POR,Usuario Aduanero con Trámite Simplificado,B00167,Nivel Nacional,B00167,,
860002554,PRIMAX COLOMBIA S A,Usuario Aduanero con Trámite Simplificado,B00181,Nivel Nacional,B00181,,
817000707,PROCESADORA Y DISTRIBUIDORA DE PAPELES S.A. S. ZONA,Usuario Aduanero con Trámite Simplificado,B00182,Nivel Nacional,B00182,,
830018350,PROMOS S.A.S,Usuario Aduanero con Trámite Simplificado,B00184,Nivel Nacional,B00184,,
830027231,AZELIS COLOMBIA S A S,Usuario Aduanero con Trámite Simplificado,B00193,Nivel Nacional,B00193,,
890923691,RODRIGUEZ Y LONDOÑO S A,Usuario Aduanero con Trámite Simplificado,B00194,Nivel Nacional,B00194,,
830036108,SED INTERNATIONAL DE COLOMBIA S A S,Usuario Aduanero con Trámite Simplificado,B00200,Nivel Nacional,B00200,,
899999143,SERVICIO AEREO A TERRITORIOS NACIONALES S.A.,Usuario Aduanero con Trámite Simplificado,B00201,Nivel Nacional,B00201,,
805026621,SSANGYONG MOTOR COLOMBIA S.A. EN REORGANIZACION,Usuario Aduanero con Trámite Simplificado,B00206,Nivel Nacional,B00206,,
830033457,STEWART & STEVENSON DE LAS AMERICAS COLOMBIA LTDA,Usuario Aduanero con Trámite Simplificado,B00208,Nivel Nacional,B00208,,
800019615,SYMRISE LTDA,Usuario Aduanero con Trámite Simplificado,B00212,Nivel Nacional,B00212,,
830007716,AMWAY COLOMBIA,Usuario Aduanero con Trámite Simplificado,B00236,Nivel Nacional,B00236,,
800244387,ARCOS DORADOS COLOMBIA S.A.S.,Usuario Aduanero con Trámite Simplificado,B00237,Nivel Nacional,B00237,,
800118660,ARKOS SISTEMAS ARQUITECTONICOS S.A.,Usuario Aduanero con Trámite Simplificado,B00238,Nivel Nacional,B00238,,
815000863,AVIDESA DE OCCIDENTE S.A,Usuario Aduanero con Trámite Simplificado,B00242,Nivel Nacional,B00242,,
800118334,BELLEZA EXPRESS S.A.,Usuario Aduanero con Trámite Simplificado,B00244,Nivel Nacional,B00244,,
811041746,BIKE HOUSE S.A.S.,Usuario Aduanero con Trámite Simplificado,B00245,Nivel Nacional,B00245,,
805019723,BSN MEDICAL GMBH & CO KG,Usuario Aduanero con Trámite Simplificado,B00249,Nivel Nacional,B00249,,
806007073,C.I. MEXICHEM COMPUESTOS COLOMBIA S.A.S.,Usuario Aduanero con Trámite Simplificado,B00258,Nivel Nacional,B00258,,
800022371,COLOMBIANA DE EXTRUSION S.A.EXTRUCOL,Usuario Aduanero con Trámite Simplificado,B00268,Nivel Nacional,B00268,,
900261404,COMERCIALIZADORA INTERNACIONAL BANA RICA S. A.,Usuario Aduanero con Trámite Simplificado,B00271,Nivel Nacional,B00271,,
800146643,CONGRUPO SAS,Usuario Aduanero con Trámite Simplificado,B00277,Nivel Nacional,B00277,,
830031886,CREATIVE COLORS S.A.,Usuario Aduanero con Trámite Simplificado,B00279,Nivel Nacional,B00279,,
816007113,CRISALLTEX S.A.S.,Usuario Aduanero con Trámite Simplificado,B00280,Nivel Nacional,B00280,,
800047031,DEXCO COLOMBIA S.A.,Usuario Aduanero con Trámite Simplificado,B00288,Nivel Nacional,B00288,,
800127132,FEILO SYLVANIA COLOMBIA S.A.S,Usuario Aduanero con Trámite Simplificado,B00294,Nivel Nacional,B00294,,
817000790,FORSA S.A.,Usuario Aduanero con Trámite Simplificado,B00297,Nivel Nacional,B00297,,
830026496,GEOMUNDO S A S,Usuario Aduanero con Trámite Simplificado,B00299,Nivel Nacional,B00299,,
800251038,GUALA CLOSURES DE COLOMBIA LTDA,Usuario Aduanero con Trámite Simplificado,B00303,Nivel Nacional,B00303,,
800061357,IMPLANTES Y SISTEMAS ORTOPEDICOS S.A.,Usuario Aduanero con Trámite Simplificado,B00304,Nivel Nacional,B00304,,
830025149,MEDTRONIC COLOMBIA S.A.,Usuario Aduanero con Trámite Simplificado,B00319,Nivel Nacional,B00319,,
800146425,ORGANIZACION SOLARTE & CIA S.A S.,Usuario Aduanero con Trámite Simplificado,B00329,Nivel Nacional,B00329,,
830005433,PACIFIC SEA FOOD S.A.S. BIC,Usuario Aduanero con Trámite Simplificado,B00332,Nivel Nacional,B00332,,
800175457,PANAMERICANA FORMAS E IMPRESOS S.A.,Usuario Aduanero con Trámite Simplificado,B00333,Nivel Nacional,B00333,,
816004182,PENTAGRAMA S.A.S.,Usuario Aduanero con Trámite Simplificado,B00336,Nivel Nacional,B00336,,
830033279,QUIMERCO S.A.S.,Usuario Aduanero con Trámite Simplificado,B00346,Nivel Nacional,B00346,,
830021100,TERMINALES AUTOMOTRICES S.A. EN REORGANIZACION,Usuario Aduanero con Trámite Simplificado,B00353,Nivel Nacional,B00353,,
890331426,ADIELA DE LOMBANA S A,Usuario Aduanero con Trámite Simplificado,B00359,Nivel Nacional,B00359,,
860010268,AJOVECO SAS,Usuario Aduanero con Trámite Simplificado,B00360,Nivel Nacional,B00360,,
860005223,CHEVRON PETROLEUM COMPANY,Usuario Aduanero con Trámite Simplificado,B00369,Nivel Nacional,B00369,,
890900076,CINE COLOMBIA S.A.S.,Usuario Aduanero con Trámite Simplificado,B00370,Nivel Nacional,B00370,,
860501682,CODIFER S.A S,Usuario Aduanero con Trámite Simplificado,B00372,Nivel Nacional,B00372,,
860514604,ERAZO VALENCIA SAS,Usuario Aduanero con Trámite Simplificado,B00382,Nivel Nacional,B00382,,
860038023,HELMERICH & PAYNE (COLOMBIA) DRILLING CO.,Usuario Aduanero con Trámite Simplificado,B00389,Nivel Nacional,B00389,,
830116746,MERQUIMIA COLOMBIA S.A.S,Usuario Aduanero con Trámite Simplificado,B00406,Nivel Nacional,B00406,,
830057186,MUNDIAL DE TORNILLOS S.A.,Usuario Aduanero con Trámite Simplificado,B00408,Nivel Nacional,B00408,,
830050346,NESTLE PURINA PET CARE DE COLOMBIA S A,Usuario Aduanero con Trámite Simplificado,B00409,Nivel Nacional,B00409,,
890304855,OBYCO S.A.,Usuario Aduanero con Trámite Simplificado,B00412,Nivel Nacional,B00412,,
860016310,PRODUCCIONES GENERALES S.A.,Usuario Aduanero con Trámite Simplificado,B00418,Nivel Nacional,B00418,,
891410137,SUZUKI MOTOR DE COLOMBIA S.A.,Usuario Aduanero con Trámite Simplificado,B00427,Nivel Nacional,B00427,,
890912462,AEROLINEAS TAMPA S.A,Usuario Aduanero con Trámite Simplificado,B00428,Nivel Nacional,B00428,,
890805453,TECNOLOGIA EN CUBRIMIENTO S A,Usuario Aduanero con Trámite Simplificado,B00429,Nivel Nacional,B00429,,
860000753,BOEHRINGER INGELHEIM S.A.,Usuario Aduanero con Trámite Simplificado,B00453,Nivel Nacional,B00453,,
830078038,CERREJON ZONA NORTE S. A.,Usuario Aduanero con Trámite Simplificado,B00463,Nivel Nacional,B00463,,
860001899,CORPACERO S. A. S.,Usuario Aduanero con Trámite Simplificado,B00471,Nivel Nacional,B00471,,
860029415,EMPRESA COLOMBIANA DE CLAVOS EMCOCLAVOS S.A.S.,Usuario Aduanero con Trámite Simplificado,B00476,Nivel Nacional,B00476,,
900277370,I SHOP COLOMBIA SAS,Usuario Aduanero con Trámite Simplificado,B00491,Nivel Nacional,B00491,,
890200474,INCUBADORA SANTANDER S A,Usuario Aduanero con Trámite Simplificado,B00492,Nivel Nacional,B00492,,
860004922,PRODUCTOS NATURALES DE LA SABANA S.A.S. BIC,Usuario Aduanero con Trámite Simplificado,B00513,Nivel Nacional,B00513,,
900112515,REFINERIA DE CARTAGENA S.A.S,Usuario Aduanero con Trámite Simplificado,B00518,Nivel Nacional,B00518,,
890937250,UNION ELECTRICA S.A.,Usuario Aduanero con Trámite Simplificado,B00531,Nivel Nacional,B00531,,
860017005,CHALLENGER S A S,Usuario Aduanero con Trámite Simplificado,B00545,Nivel Nacional,B00545,,
890900118,CRISTALERIA PELDAR S.A.,Usuario Aduanero con Trámite Simplificado,B00551,Nivel Nacional,B00551,,
900061516,MUEBLES JAMAR S.A,Usuario Aduanero con Trámite Simplificado,B00578,Nivel Nacional,B00578,,
860040094,OXIGENOS DE COLOMBIA LTDA,Usuario Aduanero con Trámite Simplificado,b00581,Nivel Nacional,B00581,,
860005396,PHILIPS COLOMBIANA S.A.S.,Usuario Aduanero con Trámite Simplificado,B00582,Nivel Nacional,B00582,,
890101272,SEMPERTEX DE COLOMBIA SAS,Usuario Aduanero con Trámite Simplificado,B00594,Nivel Nacional,B00594,,
890915815,TEJILAR S.A,Usuario Aduanero con Trámite Simplificado,B00604,Nivel Nacional,B00604,,
800230209,WEATHERFORD COLOMBIA LIMITED,Usuario Aduanero con Trámite Simplificado,B00609,Nivel Nacional,B00609,,
899999102,FUERZA AEROESPACIAL COLOMBIANA COMANDO FAC,Usuario Aduanero con Trámite Simplificado,B00094,Nivel Nacional,B00094,,
890301291,ELI LILLY INTERAMERICA INC.,Usuario Aduanero con Trámite Simplificado,U00721,Nivel Nacional,U00721,,
860052872,PARKO SERVICES S.A.,Usuario Aduanero con Trámite Simplificado,B00658,Nivel Nacional,B00658,,
819003792,C. I . LA SAMARIA S.A.S,Usuario Aduanero con Trámite Simplificado,U00728,Nivel Nacional,U00728,,
891300959,SUCROAL S.A.,Usuario Aduanero con Trámite Simplificado,B00690,Nivel Nacional,B00690,,
900207912,DERIVADOS Y FRACCIONES DE PALMA S.A.S,Usuario Aduanero con Trámite Simplificado,U00727,Nivel Nacional,U00727,,
900253413,MEAD JOHNSON NUTRITION COLOMBIA LTDA,Usuario Aduanero con Trámite Simplificado,B00635,Nivel Nacional,B00635,,
891300241,MANUELITA S.A.,Usuario Aduanero con Trámite Simplificado,B00667,Nivel Nacional,B00667,,
810004060,INDUSERVI S.A.S,Usuario Aduanero con Trámite Simplificado,B00681,Nivel Nacional,B00681,,
860034944,PRODUCTORA DE CABLES PROCABLES S A S,Usuario Aduanero con Trámite Simplificado,B00688,Nivel Nacional,B00688,,
900239001,PRODUCTOS FAMILIA CAJICA S.A.S.,Usuario Aduanero con Trámite Simplificado,B00622,Nivel Nacional,B00622,,
900990465,ELCA COSMÉTICOS COLOMBIA S.A.S.,Usuario Aduanero con Trámite Simplificado,U00697,Nivel Nacional,U00697,,
860001777,INDUSTRIAS INCA S.A.S.,Usuario Aduanero con Trámite Simplificado,B00654,Nivel Nacional,B00654,,
860500480,ALMACENES CORONA S.A.S,Usuario Aduanero con Trámite Simplificado,B00659,Nivel Nacional,B00659,,
830010181,WHIRLPOOL COLOMBIA S.A. S,Usuario Aduanero con Trámite Simplificado,B00645,Nivel Nacional,B00645,,
890900395,JUAN NEUSTADTEL S.A.S.,Usuario Aduanero con Trámite Simplificado,B00683,Nivel Nacional,B00683,,
900276962,D1 S A S,Usuario Aduanero con Trámite Simplificado,B00619,Nivel Nacional,B00619,,
890900308,TEXTILES FABRICATO-TEJICONDOR S. A.,Usuario Aduanero con Trámite Simplificado,B00664,Nivel Nacional,B00664,,
900603554,STEN COLOMBIA SISTEMAS TECNICOS DE ENCOFRADOS S.A.S,Usuario Aduanero con Trámite Simplificado,B00623,Nivel Nacional,B00623,,
860500630,INGENIERIA Y SERVICIO ESPECIALIZADO DE COMUNICACIONES S.,Usuario Aduanero con Trámite Simplificado,B00633,Nivel Nacional,B00633,,
860002523,CEMEX COLOMBIA S.A.,Usuario Aduanero con Trámite Simplificado,B00628,Nivel Nacional,B00628,,
830087848,TUGO S A S,Usuario Aduanero con Trámite Simplificado,B00649,Nivel Nacional,B00649,,
890300234,ASHE S.A.S.,Usuario Aduanero con Trámite Simplificado,B00672,Nivel Nacional,B00672,,
900124455,SMITH & NEPHEW COLOMBIA S.A.S.,Usuario Aduanero con Trámite Simplificado,B00689,Nivel Nacional,B00689,,
890905065,EDATEL S.A. EN LIQUIDACION,Usuario Aduanero con Trámite Simplificado,U00712,Nivel Nacional,U00712,,
900226314,LLANTAR S.A.S.,Usuario Aduanero con Trámite Simplificado,U00696,Nivel Nacional,U00696,,
800158130,INTERNACIONAL EJECUTIVA DE AVIACION S.A.S.,Usuario Aduanero con Trámite Simplificado,U00699,Nivel Nacional,U00699,,
901046237,DYBALA HOLDINGS S.A.S.,Usuario Aduanero con Trámite Simplificado,U00703,Nivel Nacional,U00703,,
901398813,GRUPO UMAZF S.A.S.,Usuario Aduanero con Trámite Simplificado,U00716,Nivel Nacional,U00716,,
800030412,AKITA MOTOS S . A,Usuario Aduanero con Trámite Simplificado,U00720,Nivel Nacional,U00720,,
900129938,VERONA GROUP S.A.S.,Usuario Aduanero con Trámite Simplificado,U00701,Nivel Nacional,U00701,,
830004993,CASATORO S.A. BIC,Usuario Aduanero con Trámite Simplificado,B00263,Nivel Nacional,U00263,,
860001584,MECANELECTRO S. A.S,Usuario Aduanero con Trámite Simplificado,B00439,Nivel Nacional,B00439,,
890903858,INDUSTRIA NACIONAL DE GASEOSAS S A S,Usuario Aduanero con Trámite Simplificado,B00495,Nivel Nacional,B00495,,
860001607,FERRETERIA REINA S A,Usuario Aduanero con Trámite Simplificado,B00557,Nivel Nacional,B00557,,
830002366,BIMBO DE COLOMBIA S.A.,Usuario Aduanero con Trámite Simplificado,B00246,Nivel Nacional,B00246,,
830008146,ANIXTER COLOMBIA S A S,Usuario Aduanero con Trámite Simplificado,B00009,Nivel Nacional,B00009,,
800041007,PROVIMI S A,Usuario Aduanero con Trámite Simplificado,B00345,Nivel Nacional,B00345,,
890900943,COLOMBIANA DE COMERCIO S.A.,Usuario Aduanero con Trámite Simplificado,B00267,Nivel Nacional,B00267,,
890900145,INDUSTRIAS METALICAS SUDAMERICANAS S.A.,Usuario Aduanero con Trámite Simplificado,U00732,Nivel Nacional,U00732,,
890920782,ALMACENES Y TALLERES MOTO PRECISION S.A.,Usuario Aduanero con Trámite Simplificado,B00361,Nivel Nacional,B0036,,
860000615,DISTRIBUIDORA CORDOBA S A S,Usuario Aduanero con Trámite Simplificado,U00718,Nivel Nacional,U00718,,
830058801,HARMEX S A,Usuario Aduanero con Trámite Simplificado,U00738,Nivel Nacional,U00738,,
890203803,INDUSTRIA DE EJES Y TRANSMISIONES S.A.,Usuario Aduanero con Trámite Simplificado,B00120,Nivel Nacional,B00120,,
890399012,INDUSTRIA DE LICORES DEL VALLE,Usuario Aduanero con Trámite Simplificado,U00695,Nivel Nacional,U00695,,
860026895,ITALCOL S.A,Usuario Aduanero con Trámite Simplificado,B00127,Nivel Nacional,B00127,,
805024696,LINCE COMERCIAL SAS,Usuario Aduanero con Trámite Simplificado,B00315,Nivel Nacional,B00315,,
860033740,MANUFACTURAS SILICEAS S A S,Usuario Aduanero con Trámite Simplificado,B00575,Nivel Nacional,B00575,,
800015615,MARPICO S.A.S,Usuario Aduanero con Trámite Simplificado,B00140,Nivel Nacional,B00140,,
860008448,MEALS MERCADEO DE ALIMENTOS DE COLOMBIA S.A.S.,Usuario Aduanero con Trámite Simplificado,B00502,Nivel Nacional,B00502,,
811025289,NOVAVENTA S.A.S,Usuario Aduanero con Trámite Simplificado,B00323,Nivel Nacional,B00323,,
800244560,OFIPARTES S. A.,Usuario Aduanero con Trámite Simplificado,B00325,Nivel Nacional,B00325,,
860533798,PLASTICOS Y CAUCHOS S.A. PLACA,Usuario Aduanero con Trámite Simplificado,B00693,Nivel Nacional,B00693,,
890901271,PRODUCTORA DE ALIMENTOS CONCENTRADOS PARA ANIMALES CONTEGRAL S.A.S.,Usuario Aduanero con Trámite Simplificado,B00183,Nivel Nacional,B00183,,
890900267,PRODUCTORA Y COMERCIALIZADORA ODONTOLOGICA NEW,Usuario Aduanero con Trámite Simplificado,B00511,Nivel Nacional,B00511,,
860017055,PRODUCTOS ALIMENTICIOS DORIA S . A . S .,Usuario Aduanero con Trámite Simplificado,U00714,Nivel Nacional,U00714,,
890300684,RECKITT BENCKISER COLOMBIA S.A.,Usuario Aduanero con Trámite Simplificado,B00589,Nivel Nacional,B00589,,
860029978,S C JOHNSON & SON COLOMBIANA S A,Usuario Aduanero con Trámite Simplificado,U00734,Nivel Nacional,U00734,,
811044814,SOCIEDAD DE COMERCIALIZACION INTERNACIONAL GIRDLE & LINGERIE S.A.S,Usuario Aduanero con Trámite Simplificado,B00521,Nivel Nacional,B00521,,
890914515,SOCODA S.A.S.,Usuario Aduanero con Trámite Simplificado,B00522,Nivel Nacional,B00522,,
811021765,ST. JUDE MEDICAL COLOMBIA LTDA.,Usuario Aduanero con Trámite Simplificado,B00207,Nivel Nacional,B00207,,
890107487,SUPERTIENDAS Y DROGUERIAS OLIMPICA S.A.,Usuario Aduanero con Trámite Simplificado,B00211,Nivel Nacional,B00211,,
830079892,THALES COLOMBIA SA,Usuario Aduanero con Trámite Simplificado,B00220,Nivel Nacional,B00220,,
800250328,TRANSEJES TRANSMISIONES HOMOCINETICAS DE COLOMBIA S.A.,Usuario Aduanero con Trámite Simplificado,B00221,Nivel Nacional,B00221,,
900468587,VISDECOL S.A.S.,Usuario Aduanero con Trámite Simplificado,B00608,Nivel Nacional,B00608,,
860527960,WESCO S.A.S,Usuario Aduanero con Trámite Simplificado,B00610,Nivel Nacional,B00610,,
890931654,OCEANOS S.A.,Usuario Aduanero con Trámite Simplificado,B00324,Nivel Nacional,B00324,,
890304130,ALIMENTOS CARNICOS S.A.S.,Usuario Aduanero con Trámite Simplificado,B00449,Nivel Nacional,B00449,,
860004828,ALIMENTOS FINCA S.A.S.,Usuario Aduanero con Trámite Simplificado,B00629,Nivel Nacional,B00629,,
860005216,BANCO DE LA REPUBLICA,Usuario Aduanero con Trámite Simplificado,B00023,Nivel Nacional,B00023,,
800141644,BASE NAVAL ARC BOGOTA,Usuario Aduanero con Trámite Simplificado,B00452,Nivel Nacional,B00452,,
890904224,C.I. UNION DE BANANEROS DE URABA S.A. - UNIBAN,Usuario Aduanero con Trámite Simplificado,B00036,Nivel Nacional,B00036,,
830065609,CHANEME COMERCIAL S.A.,Usuario Aduanero con Trámite Simplificado,B00675,Nivel Nacional,B00675,,
800087795,CORTEVA AGRISCIENCE DE COLOMBIA S.A.S,Usuario Aduanero con Trámite Simplificado,B00473,Nivel Nacional,B00473,,
860534458,DIMARK DE COLOMBIA S.A.S,Usuario Aduanero con Trámite Simplificado,B00679,Nivel Nacional,B00679,,
890900082,EDUARDOÑO S.A.S,Usuario Aduanero con Trámite Simplificado,B00074,Nivel Nacional,B00074,,
800061585,FESTO S.A.S,Usuario Aduanero con Trámite Simplificado,B00087,Nivel Nacional,B00087,,
860004137,FLOWSERVE COLOMBIA S.A.S.,Usuario Aduanero con Trámite Simplificado,B00561,Nivel Nacional,B00561,,
860020227,FONDO ROTATORIO DE LA POLICIA NACIONAL,Usuario Aduanero con Trámite Simplificado,B00090,Nivel Nacional,B00090,,
891409006,GERMAN GAVIRIA S.A.S. DISTRIMOTOS,Usuario Aduanero con Trámite Simplificado,B00387,Nivel Nacional,B00387,,
860004855,GOODYEAR DE COLOMBIA S.A.,Usuario Aduanero con Trámite Simplificado,B00101,Nivel Nacional,B00101,,
802011109,GRUPO ALIMENTARIO DEL ATLANTICO S.A. GRALCO S.A.,Usuario Aduanero con Trámite Simplificado,B00302,Nivel Nacional,B00302,,
860072134,HOCOL S.A,Usuario Aduanero con Trámite Simplificado,B00390,Nivel Nacional,B00390,,
890110188,INDEPENDENCE DRILLING S.A.,Usuario Aduanero con Trámite Simplificado,B00393,Nivel Nacional,B00393,,
890903532,INDUSTRIA COLOMBIANA DE CAFE S.A.S.,Usuario Aduanero con Trámite Simplificado,U00723,Nivel Nacional,U00723,,
891400378,PAPELES NACIONALES S.A.S.,Usuario Aduanero con Trámite Simplificado,B00169,Nivel Nacional,B00169,,
800212840,LOREAL COLOMBIA S.A.S,Usuario Aduanero con Trámite Simplificado,U00751,Nivel Nacional,U00751,,
800185781,AEROREPUBLICA S.A.,Usuario Aduanero con Trámite Simplificado,U00758,Nivel Nacional,U00758,,
900676266,EVONIK COLOMBIA S.A.S.,Usuario Aduanero con Trámite Simplificado,U00747,Nivel Nacional,U00747,,
830003583,ATHLETIC SPORT INC S.A.S.,Usuario Aduanero con Trámite Simplificado,U00752,Nivel Nacional,U00752,,
800186656,C.I. DISTRIHOGAR S.A.S,Usuario Aduanero con Trámite Simplificado,U00767,Nivel Nacional,U00767,,
800195326,ORANGE BUSINESS SERVICES COLOMBIA S.A.S,Usuario Aduanero con Trámite Simplificado,U00753,Nivel Nacional,U00753,,
890916575,DISTRIBUIDORA DE VINOS Y LICORES S.A.S.,Usuario Aduanero con Trámite Simplificado,U00759,Nivel Nacional,U00759,,
890900135,AVIAGEN COLOMBIA S.A,Usuario Aduanero con Trámite Simplificado,U00756,Nivel Nacional,U00756,,
860530547,MULTIDIMENSIONALES S.A.S,Usuario Aduanero con Trámite Simplificado,U00764,Nivel Nacional,U00764,,
890915791,PSTC PRODUCTOS Y SELLANTES TECNICOS DE COLOMBIA S.A.,Usuario Aduanero con Trámite Simplificado,U00769,Nivel Nacional,U00769,,
830041598,SAINT - GOBAIN COLOMBIA S.A.S.,Usuario Aduanero con Trámite Simplificado,U00771,Nivel Nacional,U00771,,
830029703,RCN TELEVISION S.A.,Usuario Aduanero con Trámite Simplificado,U00784,Nivel Nacional,U00784,,
890921463,SUDISTRIBUIDOR S.A.,Usuario Aduanero con Trámite Simplificado,U00777,Nivel Nacional,U00777,,
900123504,CABLECOL Y CIA S.C.A.,Usuario Aduanero con Trámite Simplificado,U00776,Nivel Nacional,U00776,,
830037946,PANAMERICANA LIBRERIA Y PAPELERIA SA,Usuario Aduanero con Trámite Simplificado,U00794,Nivel Nacional,U00794,,
900903717,SYRUS QCA S.A.S.,Usuario Aduanero con Trámite Simplificado,U00787,Nivel Nacional,U00787,,
860002120,IBM DE COLOMBIA SAS,Usuario Aduanero con Trámite Simplificado,U00795,Nivel Nacional,U00795,,
800034825,COMPAÑIA DE ALIMENTOS ANTILLANA S.A.S.,Usuario Aduanero con Trámite Simplificado,U00789,Nivel Nacional,U00789,,
890300484,PINTURAS ALGRECO S.A.,Usuario Aduanero con Trámite Simplificado,U00799,Nivel Nacional,U00799,,
890800413,HERRAMIENTAS AGRICOLAS S A,Usuario Aduanero con Trámite Simplificado,U00798,Nivel Nacional,U00798,,
860013809,PRODENVASES S.A.S,Usuario Aduanero con Trámite Simplificado,U00797,Nivel Nacional,U00797,,
890900099,INDUSTRIAS ESTRA S.A,Usuario Aduanero con Trámite Simplificado,U00792,Nivel Nacional,U00792,,
860511571,ELECTRICAS BOGOTA LTDA,Usuario Aduanero con Trámite Simplificado,u00796,Nivel Nacional,U00796,,
900486347,DISTRIBUIDORA LOS AUTOS DE COLOMBIA SAS,Usuario Aduanero con Trámite Simplificado,U00803,Nivel Nacional,U00803,,
830143035,ICU MEDICAL COLOMBIA LIMITADA,Usuario Aduanero con Trámite Simplificado,U00808,Nivel Nacional,U00808,,
890936909,DISTRIBUIDORA DE QUIMICOS INDUSTRIALES S.A.,Usuario Aduanero con Trámite Simplificado,U00807,Nivel Nacional,U00807,,
800232359,FAES FARMA COLOMBIA S.A.S.,Usuario Aduanero con Trámite Simplificado,U00806,Nivel Nacional,U00806,,
890936354,FERROCORTES G.M. Y CIA SOCIEDAD POR ACCIONES,Usuario Aduanero con Trámite Simplificado,U00813,Nivel Nacional,U00813,,
901339011,METRO LÍNEA 1 SAS,Usuario Aduanero con Trámite Simplificado,U00816,Nivel Nacional,U00816,,
860090365,AAK COLOMBIA S A S,Usuario Aduanero con Trámite Simplificado,U00810,Nivel Nacional,U00810,,
901256995,WATSON-MARLOW COLOMBIA S.A.S.,Usuario Aduanero con Trámite Simplificado,U00809,Nivel Nacional,U00809,,
860029045,INTERNATIONAL FLAVORS AND FRAGRANCES COLOMBIA S.A.S,Usuario Aduanero con Trámite Simplificado,U00801,Nivel Nacional,U00801,,
890916269,ESPUMAS PLASTICAS S.A.S,Usuario Aduanero con Trámite Simplificado,U00804,Nivel Nacional,U00804,,
860006965,PEGATEX ARTECOLA S.A.S,Usuario Aduanero con Trámite Simplificado,U00819,Nivel Nacional,U00819,,
830133643,EXTRUSA DE COLOMBIA S A S,Usuario Aduanero con Trámite Simplificado,U00821,Nivel Nacional,U00821,,
860001767,INDUSTRIAS COLOMBIA INDUCOL S A S,Usuario Aduanero con Trámite Simplificado,U00815,Nivel Nacional,U00815,,
901249413,AUTECO MOBILITY S.A.S.,Usuario Aduanero con Trámite Simplificado,U00820,Nivel Nacional,U00820,,
800239471,EPSON COLOMBIA LTDA,Usuario Aduanero con Trámite Simplificado,U00823,Nivel Nacional,U00823,,
800191700,CUEROS VELEZ S.A.S,Usuario Aduanero con Trámite Simplificado,U00818,Nivel Nacional,U00818,,
860016610,INTERCONEXION ELECTRICA S.A. E.S.P.,Usuario Aduanero con Trámite Simplificado,U00838,Nivel Nacional,U00838,,
800245795,LACTALIS COLOMBIA S.A.S,Usuario Aduanero con Trámite Simplificado,U00834,Nivel Nacional,U00834,,
811019499,R.P. MEDICAS S.A.,Usuario Aduanero con Trámite Simplificado,U00840,Nivel Nacional,U00840,,
900378652,JAL TECH SOLUCIONES S.A.S,Usuario Aduanero con Trámite Simplificado,U00830,Nivel Nacional,U00830,,
811039929,INDUSTRIAL SOLUTIONS COLOMBIA S.A.S.,Usuario Aduanero con Trámite Simplificado,U00831,Nivel Nacional,U00831,,
860521658,PERENCO OIL AND GAS COLOMBIA LIMITED,Usuario Aduanero con Trámite Simplificado,U00835,Nivel Nacional,U00835,,
860032463,PERENCO COLOMBIA LIMITED,Usuario Aduanero con Trámite Simplificado,U00844,Nivel Nacional,U00844,,
800156354,NATIONAL OILWELL VARCO DE COLOMBIA,Usuario Aduanero con Trámite Simplificado,U00845,Nivel Nacional,U00845,,
901423585,COMERCOL GROUP S.A.S.,Usuario Aduanero con Trámite Simplificado,U00843,Nivel Nacional,U00843,,
900314952,EMPAQUETADOS EL TRECE S.A.S,Usuario Aduanero con Trámite Simplificado,U00829,Nivel Nacional,U00829,,
900217332,FADEL S.A.S.,Usuario Aduanero con Trámite Simplificado,U00848,Nivel Nacional,U00848,,
890900307,GROUPE SEB ANDEAN S. A.,Usuario Aduanero con Trámite Simplificado,U00849,Nivel Nacional,U00849,,
901028235,MANN+HUMMEL COLOMBIA SAS,Usuario Aduanero con Trámite Simplificado,U00833,Nivel Nacional,U00833,,
901594694,FÓRMULA ACERO COLOMBIA S.A.S.,Usuario Aduanero con Trámite Simplificado,U00850,Nivel Nacional,U00850,,
901117560,EPIROC COLOMBIA S.A.S.,Usuario Aduanero con Trámite Simplificado,U00733,Nivel Nacional,U00733,,
860003216,PRODUCTOS ROCHE S.A.,Usuario Aduanero con Trámite Simplificado,B00514,Nivel Nacional,B00514,,
901550788,JOHNSON & JOHNSON MEDTECH COLOMBIA S.A.S,Usuario Aduanero con Trámite Simplificado,U00837,Nivel Nacional,U00837,,
890106527,PROCAPS S.A,Usuario Aduanero con Trámite Simplificado,B00510,Nivel Nacional,B00510,,
891304762,ITALCOL DE OCCIDENTE S.A.,Usuario Aduanero con Trámite Simplificado,B00618,Nivel Nacional,B00618,,
830005448,OTIS ELEVATOR COMPANY COLOMBIA S A S,Usuario Aduanero con Trámite Simplificado,U00855,Nivel Nacional,U00855,,
890900535,KELLOGG DE COLOMBIA S.A.,Usuario Aduanero con Trámite Simplificado,U00856,Nivel Nacional,U00856,,
802019254,TALECTRO INGENIERIA S.A.S.,Usuario Aduanero con Trámite Simplificado,U00867,Nivel Nacional,U00867,,
830065997,CONSORCIO INTERNACIONAL TEXTIL SAS,Usuario Aduanero con Trámite Simplificado,U00857,Nivel Nacional,U00857,,
900383361,MINDRAY MEDICAL COLOMBIA S.A.S.,Usuario Aduanero con Trámite Simplificado,U00853,Nivel Nacional,U00853,,
890900043,COMPAÑIA COLOMBIANA DE TABACO S.A.S.,Usuario Aduanero con Trámite Simplificado,U00858,Nivel Nacional,U00858,,
860503326,VELEZ LAB S A S,Usuario Aduanero con Trámite Simplificado,U00866,Nivel Nacional,U00866,,
891300238,INGENIO PROVIDENCIA S.A. ABREVIADO PROVIDENCIA S A O,Usuario Aduanero con Trámite Simplificado,U00860,Nivel Nacional,U00860,,
900442933,SCRIBE COLOMBIA SAS,Usuario Aduanero con Trámite Simplificado,U00874,Nivel Nacional,U00874,,
900777961,COAGRO INTERNACIONAL S.A.S.,Usuario Aduanero con Trámite Simplificado,U00872,Nivel Nacional,U00872,,
860090324,J. RESTREPO EQUIPHOS S A S,Usuario Aduanero con Trámite Simplificado,U00875,Nivel Nacional,U00875,,
860031068,INSTRUMENTOS & CONTROLES S A,Usuario Aduanero con Trámite Simplificado,U00757,Nivel Nacional,U00757,,
860034812,PELICULAS EXTRUIDAS S.A.S PELEX S.A.S,Usuario Aduanero con Trámite Simplificado,U00768,Nivel Nacional,U00768,,
830106920,LABORATORIOS BIOPAS S.A.,Usuario Aduanero con Trámite Simplificado,U00873,Nivel Nacional,U00873,,
900498582,SPIRAX SARCO COLOMBIA S.A.S.,Usuario Aduanero con Trámite Simplificado,U00878,Nivel Nacional,U00878,,
901314381,SOLUCIONES E INNOVACION EN ALIMENTOS COLOMBIA S.A.S.,Usuario Aduanero con Trámite Simplificado,U00868,Nivel Nacional,U00868,,
805005234,AGR SERVICES S.A.S.,Usuario Aduanero con Trámite Simplificado,U00766,Nivel Nacional,U00766,,
805009691,JGB S.A.,Usuario Aduanero con Trámite Simplificado,U00754,Nivel Nacional,U00754,,
800077635,L M INSTRUMENTS S A,Usuario Aduanero con Trámite Simplificado,B00313,Nivel Nacional,B00313,,
830040575,SEALED AIR COLOMBIA LTDA,Usuario Aduanero con Trámite Simplificado,U00765,Nivel Nacional,U00765,,
900635373,DIAGNOSTILAB V.M SAS,Usuario Aduanero con Trámite Simplificado,U00880,Nivel Nacional,U00880,,
900084363,LEXMANA S.A.S,Usuario Aduanero con Trámite Simplificado,U00891,Nivel Nacional,U00891,,
800005260,INDUSTRIAS INVERSIONES Y SERVICIOS DELRIO S A S,Usuario Aduanero con Trámite Simplificado,B00310,Nivel Nacional,B00310,,
901585246,VALTECH MAYORISTA S.A.S,Usuario Aduanero con Trámite Simplificado,U00896,Nivel Nacional,U00896,,
806000058,COMERPES S.A.S.,Usuario Aduanero con Trámite Simplificado,U00869,Nivel Nacional,U00869,,
901439493,GRUPO UMA VC S.A.S,Usuario Aduanero con Trámite Simplificado,U00786,Nivel Nacional,U00786,,
901261048,GRUPO UMA S.A.S,Usuario Aduanero con Trámite Simplificado,U00785,Nivel Nacional,U00785,,
830040045,IMPORTADORA MONTECARLO MOTORS SAS,Usuario Aduanero con Trámite Simplificado,U00888,Nivel Nacional,U00888,,
860049957,COMPAÑIA COLOMBIANA DE QUIMICOS S.A.S.,Usuario Aduanero con Trámite Simplificado,U00793,Nivel Nacional,U00793,,
900896300,TUBOSA S.A.S,Usuario Aduanero con Trámite Simplificado,U00895,Nivel Nacional,U00895,,
811010574,ABURRA S.A.S.,Usuario Aduanero con Trámite Simplificado,U00890,Nivel Nacional,U00890,,
860035047,INTERAMERICANA DE PRODUCTOS QUIMICOS S.A.S. INTERQUIM S.,Usuario Aduanero con Trámite Simplificado,U00884,Nivel Nacional,U00884,,
901383974,MONDI CARTAGENA S.A.S.,Usuario Aduanero con Trámite Simplificado,U00788,Nivel Nacional,U00788,,
890904459,ACEROS MAPA S.A.,Usuario Aduanero con Trámite Simplificado,U00885,Nivel Nacional,U00885,,
890316233,CODINTER S.A.S.,Usuario Aduanero con Trámite Simplificado,U00899,Nivel Nacional,U00899,,
811030757,STATUR INTERPRICE S.A.S,Usuario Aduanero con Trámite Simplificado,U00889,Nivel Nacional,U00889,,
900379324,SOLUCIONES Y PARTES S.A.S.,Usuario Aduanero con Trámite Simplificado,U00893,Nivel Nacional,U00893,,
860002302,ETERNIT COLOMBIANA S.A.,Usuario Aduanero con Trámite Simplificado,U00886,Nivel Nacional,U00886,,
901044082,ANSELL COLOMBIA SAS,Usuario Aduanero con Trámite Simplificado,U00887,Nivel Nacional,U00887,,
860005062,QUIMICA INTERNACIONAL S A QUINTAL S A,Usuario Aduanero con Trámite Simplificado,B00588,Nivel Nacional,B00588,,
811004112,DISPARTES S.A.S.,Usuario Aduanero con Trámite Simplificado,B00065,Nivel Nacional,B00065,,
830031687,POLUX SUMINISTROS S A S EN REORGANIZACIÓN,Usuario Aduanero con Trámite Simplificado,B00177,Nivel Nacional,B00177,,
811014994,COMPAÑIA DE GALLETAS NOEL S.A.S.,Usuario Aduanero con Trámite Simplificado,B00549,Nivel Nacional,B00549,,
900184924,ROBERT BOSCH LTDA,Usuario Aduanero con Trámite Simplificado,B00192,Nivel Nacional,B00192,,
900895205,ROCOL INTERNATIONAL S.A.S.,Usuario Aduanero con Trámite Simplificado,U00906,Nivel Nacional,U00906,,
860001093,GRUPO Y S.A.,Usuario Aduanero con Trámite Simplificado,U00805,Nivel Nacional,U00805,,
830045768,VPC COLOMBIA S.A.S,Usuario Aduanero con Trámite Simplificado,B00692,Nivel Nacional,B00692,,
800103052,ORACLE COLOMBIA LIMITADA,Usuario Aduanero con Trámite Simplificado,B00168,Nivel Nacional,B00168,,
805006014,DIRECTV COLOMBIA LTDA,Usuario Aduanero con Trámite Simplificado,B00283,Nivel Nacional,B00283,,
800000276,AVICOLA EL MADROÑO S.A.,Usuario Aduanero con Trámite Simplificado,B00241,Nivel Nacional,B00241,,
860033653,IMPOFER IMPORTADORA DE FERRETERIA S A S,Usuario Aduanero con Trámite Simplificado,B00391,Nivel Nacional,B00391,,
801002644,MATERIALES EMO SOCIEDAD POR ACCIONES SIMPLIFICADA S.A.S,Usuario Aduanero con Trámite Simplificado,U00903,Nivel Nacional,U00903,,
800120681,CROYDON COLOMBIA S A,Usuario Aduanero con Trámite Simplificado,U00901,Nivel Nacional,U00901,,
900355024,EQUIPOS Y LABORATORIO DE COLOMBIA SAS,Usuario Aduanero con Trámite Simplificado,U00902,Nivel Nacional,U00902,,
900328924,ISHAJON S.A.S,Usuario Aduanero con Trámite Simplificado,U00905,Nivel Nacional,U00905,,
900033883,QUIMICOS INTEGRALES S A S,Usuario Aduanero con Trámite Simplificado,U00911,Nivel Nacional,U00911,,
830111367,SUDESPENSA BARRAGAN SAS,Usuario Aduanero con Trámite Simplificado,U00908,Nivel Nacional,U00908,,
900495362,LLANTAS NARIÑO SAS,Usuario Aduanero con Trámite Simplificado,U00904,Nivel Nacional,U00904,,
811026299,IMAGEN EMPRESARIAL S.A.S,Usuario Aduanero con Trámite Simplificado,U00912,Nivel Nacional,U00912,,
860064038,HELICENTRO S.A.S,Usuario Aduanero con Trámite Simplificado,B00388,Nivel Nacional,B00388,,
890907406,PLASTICOS TRUHER S.A,Usuario Aduanero con Trámite Simplificado,B00176,Nivel Nacional,B00176,,
890923200,CJ TEXTILES S.A.S.,Usuario Aduanero con Trámite Simplificado,U00922,Nivel Nacional,U00922,,
830071847,SUMITOMO CHEMICAL COLOMBIA S.A.S.,Usuario Aduanero con Trámite Simplificado,U00915,Nivel Nacional,U00915,,
900656938,GOLF Y TURF S.A.S,Usuario Aduanero con Trámite Simplificado,U00907,Nivel Nacional,U00907,,
901495452,CRISTAR TABLETOP S.A.S.,Usuario Aduanero con Trámite Simplificado,U00817,Nivel Nacional,U00817,,
860002590,BRENNTAG COLOMBIA S.A.,Usuario Aduanero con Trámite Simplificado,B00029,Nivel Nacional,B00029,,
901345675,ROLPARTS S.A.S.,Usuario Aduanero con Trámite Simplificado,U00913,Nivel Nacional,U00913,,
891401858,OPERADORA AVICOLA COLOMBIA S.A.S.,Usuario Aduanero con Trámite Simplificado,U00909,Nivel Nacional,U00909,,
830044180,FINART S.A.S,Usuario Aduanero con Trámite Simplificado,U00932,Nivel Nacional,U00932,,
900331692,GRUPO EMPRESARIAL ORMOS S.A.S.,Usuario Aduanero con Trámite Simplificado,U00917,Nivel Nacional,U00917,,
900588708,MARKEM - ESPACIO INTELIGENTE S.A.S.,Usuario Aduanero con Trámite Simplificado,U00929,Nivel Nacional,U00929,,
830095169,DSM NUTRITIONAL PRODUCTS COLOMBIA S. A.,Usuario Aduanero con Trámite Simplificado,U00910,Nivel Nacional,U00910,,
900633240,WERFEN COLOMBIA S.A.S,Usuario Aduanero con Trámite Simplificado,U00914,Nivel Nacional,U00914,,
900074364,COMPAÑIA COMERCIAL UNIVERSAL S.A.S.,Usuario Aduanero con Trámite Simplificado,U00919,Nivel Nacional,U00919,,
901409587,CALABA SAS,Usuario Aduanero con Trámite Simplificado,U00928,Nivel Nacional,U00928,,
891701595,MOLINOS SANTA MARTA S.A.S,Usuario Aduanero con Trámite Simplificado,U00713,Nivel Nacional,U00713,,
811036030,COMPAÑIA NACIONAL DE CHOCOLATES S. A. S.,Usuario Aduanero con Trámite Simplificado,U00722,Nivel Nacional,U00722,,
806013052,ELECTRO AO S.A.S.,Usuario Aduanero con Trámite Simplificado,U00921,Nivel Nacional,U00921,,
900197709,LATIN AMERICA DISTRIBUTION COLOMBIA S.A,Usuario Aduanero con Trámite Simplificado,U00935,Nivel Nacional,U00935,,
900403002,DNA DISTRINAL S.A.S.,Usuario Aduanero con Trámite Simplificado,U00836,Nivel Nacional,U00836,,
901318397,ATOMY COLOMBIA SAS,Usuario Aduanero con Trámite Simplificado,U00931,Nivel Nacional,U00931,,
890205142,DISTRAVES S.A.S,Usuario Aduanero con Trámite Simplificado,U00923,Nivel Nacional,U00923,,
900216225,SOLDADURAS WEST ARCO S A S,Usuario Aduanero con Trámite Simplificado,U00926,Nivel Nacional,U00926,,
901646638,SENSORMATIC COLOMBIA SAS,Usuario Aduanero con Trámite Simplificado,U00927,Nivel Nacional,U00927,,
821002693,FEXTON S.A.S,Usuario Aduanero con Trámite Simplificado,U00940,Nivel Nacional,U00940,,
900672668,COPPER GROUP COLOMBIA SAS,Usuario Aduanero con Trámite Simplificado,U00934,Nivel Nacional,U00934,,
800185150,SONY INTERAMERICAN S.A. SUCURSAL COLOMBIA,Usuario Aduanero con Trámite Simplificado,U00942,Nivel Nacional,U00942,,
830007240,ALPLA COLOMBIA S.A.S,Usuario Aduanero con Trámite Simplificado,U00945,Nivel Nacional,U00945,,
900763977,TEXTILES DEL PACIFICO S.A.S.,Usuario Aduanero con Trámite Simplificado,U00937,Nivel Nacional,U00937,,
830040343,AUTOVARDI SAS,Usuario Aduanero con Trámite Simplificado,U00944,Nivel Nacional,U00944,,
800184925,ELECTROLUX S. A.,Usuario Aduanero con Trámite Simplificado,U00951,Nivel Nacional,U00951,,
901689684,FRESENIUS MEDICAL CARE SAS,Usuario Aduanero con Trámite Simplificado,U00930,Nivel Nacional,U00930,,
900641557,PRAGO INTERNATIONAL SERVICES S.A.S.,Usuario Aduanero con Trámite Simplificado,U00939,Nivel Nacional,U00939,,Sociedad CHM MINERIA S.A.S
890935493,MAPEI COLOMBIA S.A.S.,Usuario Aduanero con Trámite Simplificado,U00954,Nivel Nacional,U00954,,
890933815,AVERY DENNISON COLOMBIA S.A.S.,Usuario Aduanero con Trámite Simplificado,U00938,Nivel Nacional,U00938,,
800069933,COMODIN S.A.S.,Usuario Aduanero con Trámite Simplificado,U00948,Nivel Nacional,U00948,,
830107617,FLEISCHMANN FOODS S.A.,Usuario Aduanero con Trámite Simplificado,U00950,Nivel Nacional,U00950,,
800055730,INDUFAROS S A,Usuario Aduanero con Trámite Simplificado,B00306,Nivel Nacional,B00306,,
815004320,PLASTIC FILMS INTERNACIONAL S.A. (PLAFILMS INTERNACIONAL),Usuario Aduanero con Trámite Simplificado,B00338,Nivel Nacional,B00338,,
860000896,SIKA COLOMBIA S.A.S,Usuario Aduanero con Trámite Simplificado,U00947,Nivel Nacional,U00947,,
830069311,NABORS DRILLING INTERNATIONAL LTD BERMUDA TAMBIEN,Usuario Aduanero con Trámite Simplificado,B00159,Nivel Nacional,B00159,,
901224970,ABBA HEALTHY COMPANY SAS,Usuario Aduanero con Trámite Simplificado,U00946,Nivel Nacional,U00946,,
900720163,FARMINISTROS SAS,Usuario Aduanero con Trámite Simplificado,U00959,Nivel Nacional,U00959,,
800208865,OMNILIFE DE COLOMBIA SOCIEDAD POR ACCIONES SIMPLIFICADA,Usuario Aduanero con Trámite Simplificado,B00326,Nivel Nacional,B00326,,
901210625,UNIVAR SOLUTIONS COLOMBIA S.A.S.,Usuario Aduanero con Trámite Simplificado,U00960,Nivel Nacional,U00960,,
900084822,XYLEM WATER SOLUTIONS COLOMBIA S. A. S,Usuario Aduanero con Trámite Simplificado,U00953,Nivel Nacional,U00953,,
901140179,INVERSIONES DUQUIN S.A.S.,Usuario Aduanero con Trámite Simplificado,U00961,Nivel Nacional,U00961,,
830116638,CODIFICACION & ETIQUETADO S. A,Usuario Aduanero con Trámite Simplificado,U00746,Nivel Nacional,U00746,,
860014404,TAPON CORONA DE COLOMBIA S.A.S.,Usuario Aduanero con Trámite Simplificado,U00958,Nivel Nacional,U00958,,
900313945,PORCICULTORES APA S.A.S,Usuario Aduanero con Trámite Simplificado,U00870,Nivel Nacional,U00870,,
900160905,PATTERSON - UTI INTERNATIONAL (COLOMBIA) LTDA S.DE R.L. SUCURSAL COLOMBIA,Usuario Aduanero con Trámite Simplificado,U00748,Nivel Nacional,U00748,,
900874145,ZFB ELDORADO S A S USUARIO OPERADOR DE ZONA FRANCA,Usuario Operador de Zona Franca Permanente Especial,213,Barranquilla,213,4012,PALERMO SOCIEDAD PORTUARIA SA
800194632,ZONA FRANCA DE RIONEGRO S.A. USUARIO OPERADOR DE ZONA FRANCA,Usuario Operador de Zona Franca Permanente Especial,131,Medellín,131,3899,TABLEMAC MDF
800173565,CIUDADELA INTERNACIONAL DEL PACIFICO S.A.,Usuario Operador de Zona Franca Permanente Especial,133,Villavicencio,133,3378,ACEITES CIMARRONES
800185347,"ZONA FRANCA DE BOGOTA, S.A.S - USUARIO OPERADOR DE ZONA FRANCA. LA SOCIEDAD SE IDENTIFICARA INTERNACIONALMENTE COMO FREE ZONE OF BOGOTÁ",Usuario Operador de Zona Franca Permanente Especial,134,Riohacha,134,3706,PUERTO BRISA
800185347,"ZONA FRANCA DE BOGOTA, S.A.S - USUARIO OPERADOR DE ZONA FRANCA. LA SOCIEDAD SE IDENTIFICARA INTERNACIONALMENTE COMO FREE ZONE OF BOGOTÁ",Usuario Operador de Zona Franca Permanente Especial,206,Medellín,206,3924,INSTITUTO MEDICO DE ALTA TECNOLOGÍA SAS
900874145,ZFB ELDORADO S A S USUARIO OPERADOR DE ZONA FRANCA,Usuario Operador de Zona Franca Permanente Especial,207,Barranquilla,207,3925,TERNIUM DEL ATLÁNTICO SAS
900301268,ZONA FRANCA PARQUE CENTRAL S.A.S. USUARIO OPERADOR DE ZONA FRANCA,Usuario Operador de Zona Franca Permanente Especial,209,Cartagena,209,3967,TERMOCANDELARIA SCA ESP
800185347,"ZONA FRANCA DE BOGOTA, S.A.S - USUARIO OPERADOR DE ZONA FRANCA. LA SOCIEDAD SE IDENTIFICARA INTERNACIONALMENTE COMO FREE ZONE OF BOGOTÁ",Usuario Operador de Zona Franca Permanente Especial,212,Barranquilla,212,4005,BARRANQUILLA INTERNATIONAL TERMINAL COMP
800194632,ZONA FRANCA DE RIONEGRO S.A. USUARIO OPERADOR DE ZONA FRANCA,Usuario Operador de Zona Franca Permanente Especial,219,Medellín,219,4042,PRODUCTOS FAMILIA RIONEGRO SAS
800173565,CIUDADELA INTERNACIONAL DEL PACIFICO S.A.,Usuario Operador de Zona Franca Permanente Especial,221,Bogotá,221,4046,ZONA FRANCA TDCX SAS
800213678,SOCIEDAD OPERADORA ZONA FRANCA INDUSTRIAL DE BIENES Y SERVICIOS USUARIO OPERADOR DE ZONA FRANCA DE CARTAGENA DE INDIAS S.A. ZOFRANCA S.A.,Usuario Operador de Zona Franca Permanente Especial,624,Cartagena,624,3522,PUERTO BAHIA
800185347,"ZONA FRANCA DE BOGOTA, S.A.S - USUARIO OPERADOR DE ZONA FRANCA. LA SOCIEDAD SE IDENTIFICARA INTERNACIONALMENTE COMO FREE ZONE OF BOGOTÁ",Usuario Operador de Zona Franca Permanente Especial,625,Cúcuta,625,4020,MEDICAL DUARTE
800173565,CIUDADELA INTERNACIONAL DEL PACIFICO S.A.,Usuario Operador de Zona Franca Permanente Especial,626,Buenaventura,626,3508,SOCIEDAD PORTUARIA REGIONAL BUENAVENTURA
800185347,"ZONA FRANCA DE BOGOTA, S.A.S - USUARIO OPERADOR DE ZONA FRANCA. LA SOCIEDAD SE IDENTIFICARA INTERNACIONALMENTE COMO FREE ZONE OF BOGOTÁ",Usuario Operador de Zona Franca Permanente Especial,635,Santa Marta,635,3551,SOCIEDAD PORTUARIA PUERTO NUEVO
800185347,"ZONA FRANCA DE BOGOTA, S.A.S - USUARIO OPERADOR DE ZONA FRANCA. LA SOCIEDAD SE IDENTIFICARA INTERNACIONALMENTE COMO FREE ZONE OF BOGOTÁ",Usuario Operador de Zona Franca Permanente Especial,636,Cúcuta,636,4017,TERMOTASAJERO DOS
800185347,"ZONA FRANCA DE BOGOTA, S.A.S - USUARIO OPERADOR DE ZONA FRANCA. LA SOCIEDAD SE IDENTIFICARA INTERNACIONALMENTE COMO FREE ZONE OF BOGOTÁ",Usuario Operador de Zona Franca Permanente Especial,637,Cartagena,637,3689,SOCIEDAD PORTUARIA MARDIQUE
900301268,ZONA FRANCA PARQUE CENTRAL S.A.S. USUARIO OPERADOR DE ZONA FRANCA,Usuario Operador de Zona Franca Permanente Especial,650,Cartagena,650,3670,CENTRO HOSPÍTALARIO SERENA DEL MAR
800185347,"ZONA FRANCA DE BOGOTA, S.A.S - USUARIO OPERADOR DE ZONA FRANCA. LA SOCIEDAD SE IDENTIFICARA INTERNACIONALMENTE COMO FREE ZONE OF BOGOTÁ",Usuario Operador de Zona Franca Permanente Especial,651,Cartagena,651,3705,PUERTO MAMONAL SOCIEDAD PORTUARIA
800186284,ZONA FRANCA INDUSTRIAL DE BIENES Y DE SERVICIOS DE BARRANQUILLA S.A. USUARIO OPERADOR DE ZONA FRANCA.,Usuario Operador de Zona Franca Permanente Especial,653,Cúcuta,26915,3872,AGROINDUSTRIAL ACEITES Y GRASAS DEL CATATUMBO
800185347,"ZONA FRANCA DE BOGOTA, S.A.S - USUARIO OPERADOR DE ZONA FRANCA. LA SOCIEDAD SE IDENTIFICARA INTERNACIONALMENTE COMO FREE ZONE OF BOGOTÁ",Usuario Operador de Zona Franca Permanente Especial,656,Bogotá,656,3841,CLINICA MARLY JORGE CAVELIER GAVIRIA SAS
800185347,"ZONA FRANCA DE BOGOTA, S.A.S - USUARIO OPERADOR DE ZONA FRANCA. LA SOCIEDAD SE IDENTIFICARA INTERNACIONALMENTE COMO FREE ZONE OF BOGOTÁ",Usuario Operador de Zona Franca Permanente Especial,657,Medellín,657,3850,CLINICA UNIVERSITARIA MEDICINA INTEGRAL
800185347,"ZONA FRANCA DE BOGOTA, S.A.S - USUARIO OPERADOR DE ZONA FRANCA. LA SOCIEDAD SE IDENTIFICARA INTERNACIONALMENTE COMO FREE ZONE OF BOGOTÁ",Usuario Operador de Zona Franca Permanente Especial,658,Bogotá,658,3859,DIACOR SOACHA
900301268,ZONA FRANCA PARQUE CENTRAL S.A.S. USUARIO OPERADOR DE ZONA FRANCA,Usuario Operador de Zona Franca Permanente Especial,791,Cartagena,791,3858,SOCIEDAD PORTUARIA EL CAYAO
900301268,ZONA FRANCA PARQUE CENTRAL S.A.S. USUARIO OPERADOR DE ZONA FRANCA,Usuario Operador de Zona Franca Permanente Especial,794,Medellín,794,3869,EMPRESA COLOMBIANA DE CEMENTOS SAS ECOCEMENTOS SAS
800194632,ZONA FRANCA DE RIONEGRO S.A. USUARIO OPERADOR DE ZONA FRANCA,Usuario Operador de Zona Franca Permanente Especial,795,Medellín,795,3867,ONELINK COLOMBIA SAS
800185347,"ZONA FRANCA DE BOGOTA, S.A.S - USUARIO OPERADOR DE ZONA FRANCA. LA SOCIEDAD SE IDENTIFICARA INTERNACIONALMENTE COMO FREE ZONE OF BOGOTÁ",Usuario Operador de Zona Franca Permanente Especial,797,Bucaramanga,797,3883,IMPALA TERMINALS BARRANCABERMEJA SAS
800173565,CIUDADELA INTERNACIONAL DEL PACIFICO S.A.,Usuario Operador de Zona Franca Permanente Especial,902,Montería,902,2968,GECELCA 3
800186284,ZONA FRANCA INDUSTRIAL DE BIENES Y DE SERVICIOS DE BARRANQUILLA S.A. USUARIO OPERADOR DE ZONA FRANCA.,Usuario Operador de Zona Franca Permanente Especial,903,Medellín,903,2975,CEMENTERA DEL MAGDALENA MEDIO
800185347,"ZONA FRANCA DE BOGOTA, S.A.S - USUARIO OPERADOR DE ZONA FRANCA. LA SOCIEDAD SE IDENTIFICARA INTERNACIONALMENTE COMO FREE ZONE OF BOGOTÁ",Usuario Operador de Zona Franca Permanente Especial,904,Valledupar,904,2989,EXTRACTORA LA GLORIA
900136638,CERVECERIA DEL VALLE S.A.S.,Usuario Operador de Zona Franca Permanente Especial,925,Cali,925,2391,CERVECERIA DEL VALLE
900104517,BIO D S.A.S. USUARIO OPERADOR DE ZONA FRANCA,Usuario Operador de Zona Franca Permanente Especial,930,Bogotá,930,2393,BIO D FACATATIVA
900117087,BIOCOMBUSTIBLES SOSTENIBLES DEL CARIBE S.A. USUARIO OPERADOR DE ZONA FRANCA,Usuario Operador de Zona Franca Permanente Especial,931,Santa Marta,931,2402,BIOCOMBUSTIBLES SOSTENIBLES DEL CARIBE
800173565,CIUDADELA INTERNACIONAL DEL PACIFICO S.A.,Usuario Operador de Zona Franca Permanente Especial,933,Cali,933,2397,AGROINDUSTRIAS DEL CAUCA
900164755,ZONA FRANCA ARGOS S.A.S - USUARIO OPERADOR DE ZONA FRANCA,Usuario Operador de Zona Franca Permanente Especial,935,Cartagena,935,2487,ZONA FRANCA ARGOS S.A.S.
800213678,SOCIEDAD OPERADORA ZONA FRANCA INDUSTRIAL DE BIENES Y SERVICIOS USUARIO OPERADOR DE ZONA FRANCA DE CARTAGENA DE INDIAS S.A. ZOFRANCA S.A.,Usuario Operador de Zona Franca Permanente Especial,944,Bucaramanga,944,4016,ECODIESEL COLOMBIA
800185347,"ZONA FRANCA DE BOGOTA, S.A.S - USUARIO OPERADOR DE ZONA FRANCA. LA SOCIEDAD SE IDENTIFICARA INTERNACIONALMENTE COMO FREE ZONE OF BOGOTÁ",Usuario Operador de Zona Franca Permanente Especial,948,Bogotá,948,2417,PEPSICO ALIMENTOS
800173565,CIUDADELA INTERNACIONAL DEL PACIFICO S.A.,Usuario Operador de Zona Franca Permanente Especial,950,Buenaventura,950,2721,SERVICIOS MARINILLA
800185347,"ZONA FRANCA DE BOGOTA, S.A.S - USUARIO OPERADOR DE ZONA FRANCA. LA SOCIEDAD SE IDENTIFICARA INTERNACIONALMENTE COMO FREE ZONE OF BOGOTÁ",Usuario Operador de Zona Franca Permanente Especial,951,Bogotá,951,2488,VIDRIO ANDINO
800213678,SOCIEDAD OPERADORA ZONA FRANCA INDUSTRIAL DE BIENES Y SERVICIOS USUARIO OPERADOR DE ZONA FRANCA DE CARTAGENA DE INDIAS S.A. ZOFRANCA S.A.,Usuario Operador de Zona Franca Permanente Especial,953,Cartagena,953,3938,REFINERIA DE CARTAGENA REFICAR
800186284,ZONA FRANCA INDUSTRIAL DE BIENES Y DE SERVICIOS DE BARRANQUILLA S.A. USUARIO OPERADOR DE ZONA FRANCA.,Usuario Operador de Zona Franca Permanente Especial,955,Santa Marta,955,2435,SOCIEDAD PORTUARIA DE SANTA MARTA - SPSM
800178052,ZONA FRANCA DE LA CANDELARIA S.A. USUARIO OPERADOR,Usuario Operador de Zona Franca Permanente Especial,956,Cartagena,956,4080,TERMINAL DE CONTENEDORES DE CARTAGENA
800185347,"ZONA FRANCA DE BOGOTA, S.A.S - USUARIO OPERADOR DE ZONA FRANCA. LA SOCIEDAD SE IDENTIFICARA INTERNACIONALMENTE COMO FREE ZONE OF BOGOTÁ",Usuario Operador de Zona Franca Permanente Especial,958,Barranquilla,958,2519,PRIME TERMOFLORES SAS ESP
800173565,CIUDADELA INTERNACIONAL DEL PACIFICO S.A.,Usuario Operador de Zona Franca Permanente Especial,961,Cali; Pereira,961,2550,TELEMARK SPAIN SL SUCURSAL COLOMBIA
900301268,ZONA FRANCA PARQUE CENTRAL S.A.S. USUARIO OPERADOR DE ZONA FRANCA,Usuario Operador de Zona Franca Permanente Especial,963,Bogotá,20963,3897,CERAMICA SAN LORENZO INDUSTRIAL DE COLOMBIA
800186284,ZONA FRANCA INDUSTRIAL DE BIENES Y DE SERVICIOS DE BARRANQUILLA S.A. USUARIO OPERADOR DE ZONA FRANCA.,Usuario Operador de Zona Franca Permanente Especial,965,Barranquilla,965,2774,CLINICA PORTOAZUL
800185347,"ZONA FRANCA DE BOGOTA, S.A.S - USUARIO OPERADOR DE ZONA FRANCA. LA SOCIEDAD SE IDENTIFICARA INTERNACIONALMENTE COMO FREE ZONE OF BOGOTÁ",Usuario Operador de Zona Franca Permanente Especial,967,Bogotá,967,2753,SOFTYS GACHANCIPA
800173565,CIUDADELA INTERNACIONAL DEL PACIFICO S.A.,Usuario Operador de Zona Franca Permanente Especial,972,Manizales,972,2766,ECONTACT COL
800186284,ZONA FRANCA INDUSTRIAL DE BIENES Y DE SERVICIOS DE BARRANQUILLA S.A. USUARIO OPERADOR DE ZONA FRANCA.,Usuario Operador de Zona Franca Permanente Especial,973,Bogotá,973,2765,CLINICA LOS NOGALES
800185347,"ZONA FRANCA DE BOGOTA, S.A.S - USUARIO OPERADOR DE ZONA FRANCA. LA SOCIEDAD SE IDENTIFICARA INTERNACIONALMENTE COMO FREE ZONE OF BOGOTÁ",Usuario Operador de Zona Franca Permanente Especial,976,Bogotá,976,2812,BIOENERGY
800185347,"ZONA FRANCA DE BOGOTA, S.A.S - USUARIO OPERADOR DE ZONA FRANCA. LA SOCIEDAD SE IDENTIFICARA INTERNACIONALMENTE COMO FREE ZONE OF BOGOTÁ",Usuario Operador de Zona Franca Permanente Especial,979,Bogotá,979,2845,PRODUCTOS FAMILIA CAJICA
800185347,"ZONA FRANCA DE BOGOTA, S.A.S - USUARIO OPERADOR DE ZONA FRANCA. LA SOCIEDAD SE IDENTIFICARA INTERNACIONALMENTE COMO FREE ZONE OF BOGOTÁ",Usuario Operador de Zona Franca Permanente Especial,980,Barranquilla,980,2841,SOCIEDAD PORTUARIA REGIONAL BARRANQUILLA
800185347,"ZONA FRANCA DE BOGOTA, S.A.S - USUARIO OPERADOR DE ZONA FRANCA. LA SOCIEDAD SE IDENTIFICARA INTERNACIONALMENTE COMO FREE ZONE OF BOGOTÁ",Usuario Operador de Zona Franca Permanente Especial,981,Bucaramanga,981,2821,FUNDACION FOSUNAB
800186284,ZONA FRANCA INDUSTRIAL DE BIENES Y DE SERVICIOS DE BARRANQUILLA S.A. USUARIO OPERADOR DE ZONA FRANCA.,Usuario Operador de Zona Franca Permanente Especial,988,Bucaramanga,988,2900,EXTRACTORA LOMA FRESCA SUR DE BOLIVAR
800178052,ZONA FRANCA DE LA CANDELARIA S.A. USUARIO OPERADOR,Usuario Operador de Zona Franca Permanente Especial,998,Cartagena,998,3937,SOCIEDAD PORTUARIA REGIONAL CARTAGENA
800186284,ZONA FRANCA INDUSTRIAL DE BIENES Y DE SERVICIOS DE BARRANQUILLA S.A. USUARIO OPERADOR DE ZONA FRANCA.,Usuario Operador de Zona Franca Permanente Especial,26927,Bogotá,26927,3895,FUNDACIÓN CTIC-CENTRO DE TRATAMIENTO E INVESTIGACIÓN SOBRE EL CANCER
900874145,ZFB ELDORADO S A S USUARIO OPERADOR DE ZONA FRANCA,Usuario Operador de Zona Franca Permanente Especial,228,Urabá,228,4089,PUERTO BAHÍA COLOMBIA DE URABA S.A.
800185347,"ZONA FRANCA DE BOGOTA, S.A.S - USUARIO OPERADOR DE ZONA FRANCA. LA SOCIEDAD SE IDENTIFICARA INTERNACIONALMENTE COMO FREE ZONE OF BOGOTÁ",Usuario Operador de Zona Franca Permanente Especial,27037,Medellín,27037,4092,PEPSICO ALIMENTOS ANTIOQUIA LTDA
800178052,ZONA FRANCA DE LA CANDELARIA S.A. USUARIO OPERADOR,Usuario Operador de Zona Franca Permanente Especial,27054,Cartagena,27054,4113,SAN FRANCISCO INVESTMENTS S.A.S.
900874145,ZFB ELDORADO S A S USUARIO OPERADOR DE ZONA FRANCA,Usuario Operador de Zona Franca Permanente Especial,27068,Medellín,27068,4121,VAXTHERA ZONA FRANCA SAS
900311215,ZONA FRANCA INTERNACIONAL DE PEREIRA S.A.S. USUARIO OPERADOR DE ZONAS FRANCAS,Usuario Operador de Zona Franca Permanente Especial,27083,Ipiales,27083,4155,COMPAÑIA OPERADORA CLINICA HISPANOAMERICA S A S
800186284,ZONA FRANCA INDUSTRIAL DE BIENES Y DE SERVICIOS DE BARRANQUILLA S.A. USUARIO OPERADOR DE ZONA FRANCA.,Usuario Operador de Zona Franca Permanente Especial,27102,Barranquilla,27102,4349,ZONA FRANCA PERMANENTE ESPECIAL ULTRACEM
800173565,CIUDADELA INTERNACIONAL DEL PACIFICO S.A.,Usuario Operador de Zona Franca Permanente Especial,27129,Cali,27129,4361,COLOMBINA DEL CAUCA
900874145,ZFB ELDORADO S A S USUARIO OPERADOR DE ZONA FRANCA,Usuario Operador de Zona Franca Permanente Especial,27133,Medellín,27133,4363,HOSPITAL SAN VICENTE DE PAUL - RIONEGRO
900874145,ZFB ELDORADO S A S USUARIO OPERADOR DE ZONA FRANCA,Usuario Operador de Zona Franca Permanente Especial,27160,Medellín,27160,4375,AGROINDUSTRIAL EXTRACTORA EL GRAN SINU
900874145,ZFB ELDORADO S A S USUARIO OPERADOR DE ZONA FRANCA,Usuario Operador de Zona Franca Permanente Especial,27175,Buenaventura,27175,4401,PUERTO INDUSTRIAL AGUADULCE
800194632,ZONA FRANCA DE RIONEGRO S.A. USUARIO OPERADOR DE ZONA FRANCA,Usuario Operador de Zona Franca Permanente Especial,27207,Medellín,27207,4423,ZFPE WEG COLOMBIA TRANSFORMADORES (901895290-8)
800194632,ZONA FRANCA DE RIONEGRO S.A. USUARIO OPERADOR DE ZONA FRANCA,Usuario Operador de Zona Franca Permanente Especial,27215,Medellín,27215,4427,ZFPE SERVICIOS RIONEGRO MRO
900311215,ZONAFRANCA INTERNACIONAL DE PEREIRA S.A.S. USUARIO OPERADOR DE ZONAS FRANCAS,Usuario Operador de Zona Franca Permanente Especial,27237,Cúcuta,27237,4438,REFINADORA DEL NORTE - REFINORTE SAS
800185347,"ZONA FRANCA DE BOGOTA, S.A.S - USUARIO OPERADOR DE ZONA FRANCA. LA SOCIEDAD SE IDENTIFICARA INTERNACIONALMENTE COMO FREE ZONE OF BOGOTÁ",Usuario Operador de Zona Franca Permanente Especial,27239,Pereira,27239,4443,MAGNETRON ZFPE S.A.S.
800215583,ZONA FRANCA PERMANENTE PALMASECA S.A USUARIO OPERADOR DE ZONA FRANCA,Usuario Operador de Zona Franca Permanente Especial,905,Cali,905,3002,ZONA FRANCA PERMANENTE ESPECIAL PROTERRA FOODS
900874145,ZFB ELDORADO S A S USUARIO OPERADOR DE ZONA FRANCA,Usuario Operador de Zona Franca Permanente Especial,27242,Medellín,27242,4449,ZONA FRANCA PERMANENTE ESPECIAL AGROINDUSTRIAL GREEN COFFEE.
900319582,ZONA FRANCA GACHANCIPA SAS USUARIO OPERADOR DE ZONA FRANCA,Usuario Operador de Zona Franca Permanente.,129,Bogotá,129,3767,ZONA FRANCA PERMANENTE DE GACHANCIPA
901032383,CENTRO LOGISTICO INDUSTRIAL DEL PACIFICO CLIP S.A.S. - USUARIO OPERADOR DE ZONA FRANCA,Usuario Operador de Zona Franca Permanente.,202,Cali,202,3921,CENTRO LOGISTICO INDUSTRIAL DEL PACIFICO
901312508,ZONA FRANCA CENTRAL CASANARE - USUARIO OPERADOR DE ZONA FRANCA S.A.S.,Usuario Operador de Zona Franca Permanente.,217,Yopal,217,4040,ZONA FRANCA CENTRAL CASANARE SAS
900283591,ZONA FRANCA INTERNACIONAL DEL VALLE DE ABURRA S.A.S. USUARIO OPERADOR DE ZONA FRANCA,Usuario Operador de Zona Franca Permanente.,621,Medellín,621,3539,INTERNACIONAL VALLE DE ABURRA ZOFIVA
900402212,ZONAMERICA USUARIO OPERADOR DE ZONA FRANCA S.A.S.,Usuario Operador de Zona Franca Permanente.,654,Cali,654,3720,ZONAMERICA
900213428,CENTRO LOGISTICO DEL PACIFICO S.A. USUARIO OPERADOR DE ZONA FRANCA.,Usuario Operador de Zona Franca Permanente.,907,Buenaventura,907,3626,CENTRO LOGISTICO DEL PACIFICO SA - CELPA
800186284,ZONA FRANCA INDUSTRIAL DE BIENES Y DE SERVICIOS DE BARRANQUILLA S.A. USUARIO OPERADOR DE ZONA FRANCA.,Usuario Operador de Zona Franca Permanente.,911,Barranquilla,13901,2002,ZONA FRANCA DE BARRANQUILLA
901081558,"NATIONAL ALLIANZ & LOGISTIC SAS, USUARIO OPERADOR DE ZONA FRANCA",Usuario Operador de Zona Franca Permanente.,915,Santa Marta,915,3918,INDUSTRIAL BIENES SERVICIOS DE SANTA MARTA
800213678,SOCIEDAD OPERADORA ZONA FRANCA INDUSTRIAL DE BIENES Y SERVICIOS USUARIO OPERADOR DE ZONA FRANCA DE CARTAGENA DE INDIAS S.A. ZOFRANCA S.A.,Usuario Operador de Zona Franca Permanente.,916,Cartagena,13906,2006,ZONA FRANCA DE CARTAGENA
800194632,ZONA FRANCA DE RIONEGRO S.A. USUARIO OPERADOR DE ZONA FRANCA,Usuario Operador de Zona Franca Permanente.,917,Medellín,13902,2437,ZONA FRANCA DE RIONEGRO
800178052,ZONA FRANCA DE LA CANDELARIA S.A. USUARIO OPERADOR,Usuario Operador de Zona Franca Permanente.,918,Cartagena,13911,2007,ZONA FRANCA DE LA CANDELARIA
800185347,"ZONA FRANCA DE BOGOTA, S.A.S - USUARIO OPERADOR DE ZONA FRANCA. LA SOCIEDAD SE IDENTIFICARA INTERNACIONALMENTE COMO FREE ZONE OF BOGOTÁ",Usuario Operador de Zona Franca Permanente.,919,Bogotá,13907,2003,ZONA FRANCA DE BOGOTA
800173565,CIUDADELA INTERNACIONAL DEL PACIFICO S.A.,Usuario Operador de Zona Franca Permanente.,920,Cali,13908,2005,ZONA FRANCA DEL PACIFICO
801000577,QUINDÍO ZONA FRANCA S.A. USUARIO OPERADOR DE ZONA FRANCA,Usuario Operador de Zona Franca Permanente.,924,Armenia,924,3927,QUINDÍO ZONA FRANCA SA
900107673,ZONA FRANCA DEL CARIBE S.A.S.OPERADOR DE ZONA FRANCA SIGLA ZOFRACAR S.A.S.-UOZF,Usuario Operador de Zona Franca Permanente.,928,Barranquilla,928,2403,LA CAYENA
800186284,ZONA FRANCA INDUSTRIAL DE BIENES Y DE SERVICIOS DE BARRANQUILLA S.A. USUARIO OPERADOR DE ZONA FRANCA.,Usuario Operador de Zona Franca Permanente.,929,Barranquilla,929,2913,INTERNACIONAL DEL ATLANTICO
900138370,PARQUE INDUSTRIAL ZONA FRANCA DEXTON S.A.S. USUARIO OPERADOR DE ZONA FRANCA,Usuario Operador de Zona Franca Permanente.,934,Cartagena,934,2398,PARQUE INDUSTRIAL DEXTON
900077452,INTEXZONA S A USUARIO OPERADOR DE ZONA FRANCA,Usuario Operador de Zona Franca Permanente.,939,Bogotá,939,2396,INTEXZONA
900166187,ZONA FRANCA TAYRONA S.A.S. USUARIO OPERADOR DE ZONAS FRANCAS,Usuario Operador de Zona Franca Permanente.,940,Santa Marta,940,2411,ZONA FRANCA TAYRONA
900194463,ZONA FRANCA PERMANENTE DE URABA SOCIEDAD POR ACCIONES SIMPLIFICADA USUARIO OPERADOR DE ZONA FRANCA,Usuario Operador de Zona Franca Permanente.,941,Medellín,941,2412,ZONA FRANCA DE URABA
900224887,ZONA FRANCA DE OCCIDENTE S.A.S. USUARIO OPERADOR,Usuario Operador de Zona Franca Permanente.,954,Bogotá,954,2489,ZONA FRANCA DE OCCIDENTE
900212743,ZONA FRANCA DE TOCANCIPA S.A. USUARIO OPERADOR DE ZONA FRANCA,Usuario Operador de Zona Franca Permanente.,960,Bogotá,960,2776,ZONA FRANCA DE TONCANCIPA
900258560,ZONA FRANCA SANTANDER S.A. BIC - USUARIO OPERADOR DE ZONA FRANCA,Usuario Operador de Zona Franca Permanente.,966,Bucaramanga,966,2754,ZONA FRANCA DE SANTANDER
800185347,"ZONA FRANCA DE BOGOTA, S.A.S - USUARIO OPERADOR DE ZONA FRANCA. LA SOCIEDAD SE IDENTIFICARA INTERNACIONALMENTE COMO FREE ZONE OF BOGOTÁ",Usuario Operador de Zona Franca Permanente.,969,Cali,969,2751,ZONA FRANCA DEL CAUCA
900269883,ZONA FRANCA METROPOLITANA S A S USUARIO OPERADOR,Usuario Operador de Zona Franca Permanente.,974,Bogotá,974,2853,ZONA FRANCA METROPOLITANA S.A.S.
900311215,ZONA FRANCA INTERNACIONAL DE PEREIRA S.A.S. USUARIO OPERADOR DE ZONAS FRANCAS,Usuario Operador de Zona Franca Permanente.,985,Pereira,985,2873,ZONA FRANCA INTERNACIONAL DE PEREIRA
900235978,ZONA FRANCA BRISA S A USUARIO OPERADOR DE ZONA FRANCA,Usuario Operador de Zona Franca Permanente.,987,Riohacha,987,2937,BRISA
900301268,ZONA FRANCA PARQUE CENTRAL S.A.S. USUARIO OPERADOR DE ZONA FRANCA,Usuario Operador de Zona Franca Permanente.,989,Cartagena,989,2924,PARQUE CENTRAL
900874145,ZFB ELDORADO S A S USUARIO OPERADOR DE ZONA FRANCA,Usuario Operador de Zona Franca Permanente.,26923,Bogotá,26923,3879,ZFB ELDORADO S A S
900258560,ZONA FRANCA SANTANDER S.A. BIC - USUARIO OPERADOR DE ZONA FRANCA,Usuario Operador de Zona Franca Permanente.,216,Cúcuta,216,4045,INDUSTRIAL BIENES Y SERVICIOS DE CUCUTA
801000577,QUINDÍO ZONA FRANCA S.A. USUARIO OPERADOR DE ZONA FRANCA,Usuario Operador de Zona Franca Permanente.,226,Cartagena,226,4086,CRISTALINA SAS
800185347,"ZONA FRANCA DE BOGOTA, S.A.S - USUARIO OPERADOR DE ZONA FRANCA. LA SOCIEDAD SE IDENTIFICARA INTERNACIONALMENTE COMO FREE ZONE OF BOGOTÁ",Usuario Operador de Zona Franca Permanente.,793,Barranquilla,793,3868,COSTA AFUERA ANADARKO COLOMBIA COMPANY SUCURSAL COLOMBIA
900301268,ZONA FRANCA PARQUE CENTRAL S.A.S. USUARIO OPERADOR DE ZONA FRANCA,Usuario Operador de Zona Franca Permanente.,796,Santa Marta,796,3878,PETROBRAS INTERNATIONAL BRASPETRO BV
860002464,CORPORACIÓN DE FERIAS Y EXPOSICIONES S.A. USUARIO OPERADOR DE ZONA FRANCA BENEFICIO E INTERÉS COLECTIVO,Usuario Operador de Zona Franca Permanente.,942,Bogotá,942,2413,CORFERIAS
900166187,ZONA FRANCA TAYRONA S.A.S. USUARIO OPERADOR DE ZONAS FRANCAS,Usuario Operador de Zona Franca Permanente.,27090,Santa Marta,27090,4331,ZONA FRANCA LAS AMERICAS S.A.S.
900258560,ZONA FRANCA SANTANDER S.A. BIC - USUARIO OPERADOR DE ZONA FRANCA,Usuario Operador de Zona Franca Permanente.,27171,Barranquilla,27171,4395,PALERMO
901874052,ZONA FRANCA MALAMBO S.A.S. USUARIO OPERADOR DE ZONA FRANCA,Usuario Operador de Zona Franca Permanente.,2719,Barranquilla,2719,4416,ZONA FRANCA PERMALENTE MALAMBO - ZOMA
800215583,ZONA FRANCA PERMANENTE PALMASECA S.A USUARIO OPERADOR DE ZONA FRANCA,Usuario Operador de Zona Franca Permanente.,913,Cali,13903,2004,ZONA FRANCA PALMASECA
901898026,HYPERSCALE HUB FZ - BOGOTA SAS - USUARIO OPERADOR DE ZONA FRANCA,Usuario Operador de Zona Franca Permanente.,27193,Bogotá,27193,4420,HYPERSCALE HUB FZ - BOGOTA SAS
800173565,CIUDADELA INTERNACIONAL DEL PACIFICO S.A.,Usuario Operador de Zona Franca Permanente.,27195,Ipiales,27195,4421,AGROINDUSTRIAL PLENA SAS
800173565,CIUDADELA INTERNACIONAL DEL PACIFICO S.A.,Usuario Operador de Zona Franca Permanente.,27194,Pereira,27194,4422,DESTILERIA RIOPAILA
900874145,ZFB ELDORADO S A S USUARIO OPERADOR DE ZONA FRANCA,Usuario Operador de Zona Franca Permanente.,27218,Cali,27218,4428,CONJUNTO INDUSTRIAL PARQUE SUR
901391164,ZONA FRANCA SINU USUARIO OPERADOR DE ZONA FRANCA SAS,Usuario Operador de Zona Franca Permanente.,27212,Medellín,27212,4433,ZONA FRANCA PERMANENTE SINÚ
800136926,TECNICOS AEROPORTUARIOS DE COLOMBIA LTDA TAESCOL LTDA,Zona de Verificación para la Modalidad de Tráfico Postal y Envíos Urgentes,26962,Bogotá,,,
