OID,anio,Cod_Depto,Departamento,Cod_Mpio,Municipio,IDZPDRNR,NOMBRE_ZPDRNR,IDTCN,NOMBRE_TCN,IDSZH,NOMBRE_SZH,IDRI,NOMBRE_RI,IDRFPN,NOMBRE_RFPN,IDRAMSAR,NOMBRE_RAMSAR,IDPNN,NOMBRE_PNN,IDL2,NOMBRE_L2,FigLey_Lic_Amb,FigLey_Amp_Titulo,FigLey_RPP,FigLey_Ares_Decl,FigLey_SL_D0933,FigLey_SL_L0685,FigLey_Ares_Tram,FigLey_Propuesta_Cont,FigLey_ZMC_Etnica,FigLey_Sin_FL,ClaseFL_PermisosTecnicos,ClaseFL_En_Transito,ClaseFL_Exp_Ilicita,EVOA
8364972,2021,05,Antioquia,05031,Amalfi,,,,,SZH_2701,Río Porce,,,,,,,,,,,0.0,161.71552074,127.87214086,0.0,23.89699374,0.0,0.0,421.69780317,0.0,593.53429965,289.5876616,23.89699374,1015.2321028,1328.71675445
6158922,2021,05,Antioquia,05040,Anorí,,,TCN_051,EL AGUACATE,SZH_2701,Río Porce,,,,,,,,,,,0.0,0.0,0.0,0.0,0.0,0.0,0.0,0.0,1.42208247,0.0,0.0,0.0,1.42208247,1.42208241
6616148,2021,05,Antioquia,05040,Anorí,,,TCN_138,POR LA IDENTIDAD CULTURAL (MANDÉ),SZH_2701,Río Porce,,,,,,,,,,,0.0,0.0,0.0,0.0,0.0,0.0,0.0,0.0,0.26996288,0.0,0.0,0.0,0.26996288,0.2699625
6619228,2021,05,Antioquia,05040,Anorí,,,TCN_139,PORCE MEDIO,SZH_2701,Río Porce,,,,,,,,,,,0.0,0.0,0.0,0.0,0.0,0.0,0.0,0.0,1.53003712,0.0,0.0,0.0,1.53003712,1.5300375
8314152,2021,05,Antioquia,05040,Anorí,,,,,SZH_2702,Alto Nechí,,,,,,,,,,,0.73823027,172.97339528,266.8003751,0.0,16.81790108,0.0,0.0,217.29373527,0.0,878.91957744,440.51200065,16.81790108,1096.21331269,1553.54321082
8315384,2021,05,Antioquia,05040,Anorí,,,,,SZH_2701,Río Porce,,,,,,,,,,,0.61944856,44.3904323,0.0,0.0,0.0,0.0,0.0,6.88580727,0.0,120.51484034,45.00988086,0.0,127.40064761,172.41052905
10803716,2021,05,Antioquia,05055,Argelia,,,,,SZH_2305,Río La Miel (Samaná),,,,,,,,,,,0.0,0.0,0.0,0.0,0.0,0.0,0.0,3.75643519,0.0,0.0,0.0,0.0,3.75643519,3.756435
3508736,2021,05,Antioquia,05120,Cáceres,,,,,SZH_2625,Directos al Cauca entre Pto Valdivia y Río Nechí,RI_817,Puerto Belgica,,,,,,,,,0.0,0.0,0.0,0.0,0.0,0.0,0.0,0.0,0.0,9.61853963,0.0,0.0,9.61853963,9.6185388
3840452,2021,05,Antioquia,05120,Cáceres,,,,,SZH_2624,Río Taraza - Río Man,,,,,,,,,,,0.0,52.86949191,0.0,57.32989008,77.93636796,0.0,0.0,306.85190369,0.0,347.03299043,52.86949191,135.26625804,653.88489415,842.02064711
7501802,2021,05,Antioquia,05120,Cáceres,,,,,SZH_2625,Directos al Cauca entre Pto Valdivia y Río Nechí,,,,,,,,,,,0.0,267.69184644,0.0,8.27067367,85.11952129,0.0,0.0,279.82277393,0.0,539.06629292,267.69184644,93.39019496,818.88906686,1179.9711104
7920682,2021,05,Antioquia,05120,Cáceres,,,,,SZH_2704,Directos al Bajo Nechí (mi),,,,,,,,,,,0.0,459.86293147,0.0,0.0,43.37890362,0.0,0.0,446.10920144,0.0,752.53159154,459.86293147,43.37890362,1198.64079301,1701.88262806
7965034,2021,05,Antioquia,05120,Cáceres,,,,,SZH_2702,Alto Nechí,RI_738,Vegas De Segovia,,,,,,,,,0.0,0.0,0.0,0.0,0.0,0.0,0.0,0.0,0.0,12.44014173,0.0,0.0,12.44014173,12.44014229
7966266,2021,05,Antioquia,05120,Cáceres,,,,,SZH_2704,Directos al Bajo Nechí (mi),RI_738,Vegas De Segovia,,,,,,,,,0.0,0.0,0.0,0.0,0.0,0.0,0.0,0.0,0.0,6.71204018,0.0,0.0,6.71204018,6.7120404
7976276,2021,05,Antioquia,05120,Cáceres,,,,,SZH_2702,Alto Nechí,,,,,,,,,,,0.0,644.59209985,85.72390658,0.0,0.0,0.0,0.0,0.0,0.0,488.61988907,730.31600643,0.0,488.61988907,1218.93589701
2273194,2021,05,Antioquia,05154,Caucasia,,,,,SZH_2502,Bajo San Jorge - La Mojana,,,,,,,,,,,0.0,469.13907445,0.0,0.0,0.0,0.0,0.0,25.94509871,0.0,189.67783822,469.13907445,0.0,215.62293694,684.76201356
2504656,2021,05,Antioquia,05154,Caucasia,,,,,SZH_2624,Río Taraza - Río Man,,,,,,,,,,,0.0,0.0,0.0,9.07645459,15.16910019,0.0,0.0,8.79488664,0.0,39.00839463,0.0,24.24555478,47.80328127,72.04883594
2553628,2021,05,Antioquia,05154,Caucasia,,,,,SZH_2626,Directos Bajo Cauca - Cga La Raya entre río Nechí,,,,,,,,,,,0.0,32.57802582,0.0,48.5292867,0.0,0.0,0.0,63.97099926,0.0,16.96788515,32.57802582,48.5292867,80.93888443,162.04619754
4016166,2021,05,Antioquia,05154,Caucasia,,,,,SZH_2704,Directos al Bajo Nechí (mi),,,,,,,,,,,751.08400956,25.46640175,53.32925815,0.0,40.3581033,0.0,0.0,0.0,0.0,216.96860659,829.87966948,40.3581033,216.96860659,1087.20637812
1581426,2021,05,Antioquia,05172,Chigorodó,,,,,SZH_1201,Río León,,,,,,,,,,,0.0,0.0,0.0,0.0,0.0,0.0,0.0,0.0,0.08831524,0.0,0.0,0.0,0.08831524,0.0883149
1588818,2021,05,Antioquia,05172,Chigorodó,,,,,SZH_1201,Río León,RI_755,Yaberarado (Abibe Chigorodo),,,,,,,,,0.0,0.0,0.0,0.0,0.0,0.0,0.0,0.02296695,20.28390043,2.77203844,0.0,0.0,23.07890583,23.07890602
5829054,2021,05,Antioquia,05234,Dabeiba,,,,,SZH_1111,Río Sucio,,,,,,,,,,,0.0,0.0,0.0,0.0,0.0,0.0,0.0,1.73366791,0.0,11.20383209,0.0,0.0,12.9375,12.9375
3275734,2021,05,Antioquia,05250,El Bagre,,,,,SZH_2704,Directos al Bajo Nechí (mi),,,,,,,,,,,24.35250834,0.0,0.0,0.0,0.0,0.0,0.0,0.0,0.0,0.0,24.35250834,0.0,0.0,24.35250733
4203430,2021,05,Antioquia,05250,El Bagre,,,TCN_193,VILLA GRANDE,SZH_2703,Bajo Nechí (md),,,,,,,,,LEY2_05,Rio Magdalena,0.0,0.0,0.0,0.0,0.0,0.0,0.0,0.0,0.0,32.57625505,0.0,0.0,32.57625505,32.57625629
5442206,2021,05,Antioquia,05250,El Bagre,ZPDRNR_33,SAN LUCAS,,,SZH_2703,Bajo Nechí (md),,,,,,,,,LEY2_05,Rio Magdalena,0.0,92.81803242,0.0,0.0,0.0,0.0,0.0,0.0,0.0,142.49268801,92.81803242,0.0,142.49268801,235.31071916
5456066,2021,05,Antioquia,05250,El Bagre,,,TCN_126,NUEVA ESPERANZA,SZH_2703,Bajo Nechí (md),,,,,,,,,LEY2_05,Rio Magdalena,0.0,4.2075,0.0,0.0,0.0,0.0,0.0,0.0,0.0,0.0,4.2075,0.0,0.0,4.2075
8610602,2021,05,Antioquia,05250,El Bagre,,,,,SZH_2703,Bajo Nechí (md),,,,,,,,,,,2178.40760772,332.07761823,10.89495687,0.0,8.5724115,0.0,0.0,232.82721769,0.0,761.00727539,2521.38018283,8.5724115,993.83449308,3523.78708395
8763678,2021,05,Antioquia,05250,El Bagre,,,,,SZH_2703,Bajo Nechí (md),,,,,,,,,LEY2_05,Rio Magdalena,60.0868695,182.52252518,0.0,0.0,9.65920278,0.0,0.0,122.7884907,0.0,373.84507484,242.60939467,9.65920278,496.63356554,748.90216594
9859850,2021,05,Antioquia,05284,Frontino,,,TCN_138,POR LA IDENTIDAD CULTURAL (MANDÉ),SZH_1107,Río Murrí,,,,,,,,,LEY2_04,Pacifico,0.0,7.2675,0.0,0.0,0.0,0.0,0.0,0.0,0.0,0.0,7.2675,0.0,0.0,7.2675
1586354,2021,05,Antioquia,05480,Mutatá,,,,,SZH_1201,Río León,,,,,,,,,,,0.0,0.0,0.0,0.0,0.0,0.0,0.0,2.34789707,6.34488187,0.0,0.0,0.0,8.69277894,8.69277907
5628546,2021,05,Antioquia,05480,Mutatá,,,,,SZH_1111,Río Sucio,,,,,,,,,,,0.0,162.27000002,0.0,0.0,0.0,0.0,0.0,1.39929335,0.0,0.26570665,162.27000002,0.0,1.665,163.93500002
2274426,2021,05,Antioquia,05495,Nechí,,,,,SZH_2502,Bajo San Jorge - La Mojana,,,,,,,,,,,0.0,9.74258611,0.0,0.0,0.0,0.0,0.0,0.0,0.0,4.725,9.74258611,0.0,4.725,14.46758347
2372524,2021,05,Antioquia,05495,Nechí,,,,,SZH_2626,Directos Bajo Cauca - Cga La Raya entre río Nechí,,,,,,,,,,,0.0,58.74012243,0.0,0.0,2.10653589,0.0,0.0,167.8199493,0.0,192.93475766,58.74012243,2.10653589,360.75470692,421.60135791
2780162,2021,05,Antioquia,05495,Nechí,,,,,SZH_2703,Bajo Nechí (md),,,,,,,,,LEY2_05,Rio Magdalena,0.0,1.4073911,0.0,0.0,0.40780401,0.0,0.0,10.83458045,0.0,36.09309136,1.4073911,0.40780401,46.92767181,48.7428669
2963268,2021,05,Antioquia,05495,Nechí,,,,,SZH_2703,Bajo Nechí (md),,,,,,,,,,,16.57979043,110.26030894,0.0,0.0,0.0,0.0,0.0,0.85334207,0.0,423.9775528,126.84009937,0.0,424.83089487,551.67099627
3246628,2021,05,Antioquia,05495,Nechí,,,,,SZH_2704,Directos al Bajo Nechí (mi),,,,,,,,,,,3437.83339776,356.71158803,274.61449507,0.0,1.72445637,0.0,0.0,22.38767475,0.0,2479.21388426,4069.15948084,1.72445637,2501.60155902,6572.48550295
10859772,2021,05,Antioquia,05579,Puerto Berrío,,,,,SZH_2308,Río Nare,,,,,,,,,,,0.0,0.0,0.0,0.0,0.0,0.0,0.0,10.36180642,0.0,0.0,0.0,0.0,10.36180642,10.36180611
10873324,2021,05,Antioquia,05579,Puerto Berrío,,,,,SZH_2310,Rió San Bartolo y otros directos al Magdalena Medio,,,,,,,,,,,0.0,0.0,0.0,0.0,0.27640262,0.0,0.0,106.09004715,0.0,0.0,0.0,0.27640262,106.09004715,106.3664504
10879484,2021,05,Antioquia,05585,Puerto Nare,,,,,SZH_2308,Río Nare,,,,,,,,,,,0.0,0.0,0.0,0.0,0.0,0.0,0.0,112.38422678,0.0,0.0,0.0,0.0,112.38422678,112.38422699
10880716,2021,05,Antioquia,05585,Puerto Nare,,,,,SZH_2310,Rió San Bartolo y otros directos al Magdalena Medio,,,,,,,,,,,0.0,0.0,0.0,0.0,0.0,0.0,0.0,49.59501705,0.0,0.0,0.0,0.0,49.59501705,49.59501649
8169854,2021,05,Antioquia,05604,Remedios,,,,,SZH_2701,Río Porce,,,,,,,,,,,0.0,4.72187194,0.0,0.0,0.0,0.0,0.0,110.91724344,0.0,25.31190686,4.72187194,0.0,136.2291503,140.95102527
9542610,2021,05,Antioquia,05604,Remedios,,,,,SZH_2703,Bajo Nechí (md),,,,,,,,,LEY2_05,Rio Magdalena,0.0,96.07166879,0.0,0.0,2.97,0.0,0.0,184.73163797,0.0,106.96846131,96.07166879,2.97,291.70009929,390.74176754
9618994,2021,05,Antioquia,05604,Remedios,,,,,SZH_2703,Bajo Nechí (md),,,,,,,,,,,0.0,162.88345901,51.87115414,0.0,85.94360371,0.0,0.0,90.44787693,0.0,81.45938606,214.75461315,85.94360371,171.90726298,472.60547817
9664886,2021,05,Antioquia,05604,Remedios,ZPDRNR_33,SAN LUCAS,,,SZH_2317,Río Cimitarra y otros directos al Magdalena,,,,,,,,,LEY2_05,Rio Magdalena,0.0,0.0,0.0,0.0,0.0,0.0,0.0,5.16000825,0.0,36.02374521,0.0,0.0,41.18375347,41.18375333
9715398,2021,05,Antioquia,05604,Remedios,,,,,SZH_2317,Río Cimitarra y otros directos al Magdalena,,,,,,,,,,,0.0,175.23173555,0.0,0.0,0.0,0.0,0.0,131.94348778,0.0,41.99093517,175.23173555,0.0,173.93442294,349.16615799
9760366,2021,05,Antioquia,05604,Remedios,,,,,SZH_2317,Río Cimitarra y otros directos al Magdalena,RI_795,Korodo-Ite,,,,,,,LEY2_05,Rio Magdalena,0.0,0.0,0.0,0.0,0.0,0.0,0.0,10.09729721,0.0,12.76729641,0.0,0.0,22.86459362,22.86459193
9771916,2021,05,Antioquia,05604,Remedios,,,,,SZH_2317,Río Cimitarra y otros directos al Magdalena,,,,,,,,,LEY2_05,Rio Magdalena,0.0,145.2241981,0.0,0.0,2.04855522,0.0,0.0,243.95173272,0.0,295.3545152,145.2241981,2.04855522,539.30624793,686.57900202
9776998,2021,05,Antioquia,05604,Remedios,,,,,SZH_2310,Rió San Bartolo y otros directos al Magdalena Medio,,,,,,,,,,,0.0,74.87222885,0.0,0.0,0.0,0.0,0.0,0.25273715,0.0,31.64534156,74.87222885,0.0,31.89807871,106.77031199
7407092,2021,05,Antioquia,05736,Segovia,,,,,SZH_2701,Río Porce,,,,,,,,,,,0.0,47.29322334,0.0,0.0,0.0,0.0,0.0,28.59637959,0.0,19.49733178,47.29322334,0.0,48.09371137,95.38693561
7617764,2021,05,Antioquia,05736,Segovia,,,,,SZH_2703,Bajo Nechí (md),,,,,,,,,,,0.0,87.97709822,38.21385194,0.0,18.49076546,0.0,0.0,8.06496022,0.0,40.55653854,126.19095014,18.49076546,48.62149876,193.30321361
9278654,2021,05,Antioquia,05736,Segovia,ZPDRNR_33,SAN LUCAS,,,SZH_2317,Río Cimitarra y otros directos al Magdalena,,,,,,,,,LEY2_05,Rio Magdalena,0.0,0.0,0.0,0.0,0.0,0.0,0.0,2.3829215,0.0,302.68403269,0.0,0.0,305.06695419,305.06695318
9283582,2021,05,Antioquia,05736,Segovia,ZPDRNR_33,SAN LUCAS,,,SZH_2703,Bajo Nechí (md),,,,,,,,,LEY2_05,Rio Magdalena,0.0,30.58673932,0.0,0.0,0.0,0.0,0.0,0.0,0.0,31.21475805,30.58673932,0.0,31.21475805,61.80149602
9328550,2021,05,Antioquia,05736,Segovia,,,,,SZH_2703,Bajo Nechí (md),,,,,,,,,LEY2_05,Rio Magdalena,0.0,436.65782398,0.0,0.0,8.6393001,0.0,0.0,412.93449271,0.0,112.35124765,436.65782398,8.6393001,525.28574034,970.58286893
9349494,2021,05,Antioquia,05736,Segovia,,,,,SZH_2317,Río Cimitarra y otros directos al Magdalena,,,,,,,,,LEY2_05,Rio Magdalena,0.0,54.57371615,0.0,0.0,0.0,0.0,0.0,155.02639697,0.0,29.16543799,54.57371615,0.0,184.19183494,238.76555261
10852380,2021,05,Antioquia,05756,Sonsón,,,,,SZH_2307,Directos Magdalena Medio entre ríos La Miel y Nare,,,,,,,,,,,0.0,0.0,0.0,0.0,0.0,0.0,0.0,4.50952393,0.0,5.1975,0.0,0.0,9.70702393,9.707025
13742652,2021,05,Antioquia,05756,Sonsón,,,,,SZH_2305,Río La Miel (Samaná),,,,,,,,,,,0.0,113.67379492,0.0,0.0,15.81224273,0.0,0.0,72.54509023,0.0,66.20434823,113.67379492,15.81224273,138.74943845,268.235475
6457682,2021,05,Antioquia,05790,Tarazá,,,,,SZH_2702,Alto Nechí,,,,,,,,,,,0.0,0.0,0.0,0.0,0.0,0.0,0.0,0.0,0.0,48.15770497,0.0,0.0,48.15770497,48.15770505
6786780,2021,05,Antioquia,05790,Tarazá,,,,,SZH_2624,Río Taraza - Río Man,,,,,,,,,,,0.0,218.05412741,0.0,171.34855393,95.60488779,0.0,0.0,139.88404325,0.0,618.23095162,218.05412741,266.95344172,758.11499487,1243.12256897
7141750,2021,05,Antioquia,05790,Tarazá,,,,,SZH_2625,Directos al Cauca entre Pto Valdivia y Río Nechí,,,,,,,,,,,0.0,44.18431231,0.0,35.11552954,50.95708349,0.0,0.0,6.28973028,0.0,90.78971334,44.18431231,86.07261304,97.07944362,227.336368
6780620,2021,05,Antioquia,05854,Valdivia,,,,,SZH_2624,Río Taraza - Río Man,,,,,,,,,,,0.0,0.0,0.0,0.0,115.97486443,0.0,0.0,87.98375423,0.0,181.28431394,0.0,115.97486443,269.26806816,385.24292618
8367436,2021,05,Antioquia,05858,Vegachí,,,,,SZH_2701,Río Porce,,,,,,,,,,,0.0,0.0,0.0,0.0,0.0,0.0,0.0,20.89225402,0.0,21.69993968,0.0,0.0,42.5921937,42.59219298
8629082,2021,05,Antioquia,05858,Vegachí,,,,,SZH_2310,Rió San Bartolo y otros directos al Magdalena Medio,,,,,,,,,,,0.0,184.99152865,0.0,0.0,0.53735865,0.0,0.0,92.27854663,0.0,39.94682891,184.99152865,0.53735865,132.22537554,317.75425891
10121496,2021,05,Antioquia,05873,Vigía del Fuerte,,,TCN_117,MAYOR DEL MEDIO ATRATO - ACIA,SZH_1107,Río Murrí,,,,,,,,,LEY2_04,Pacifico,0.0,0.0,0.0,0.0,0.0,0.0,0.0,0.0,34.67250001,0.0,0.0,0.0,34.67250001,34.67250002
10301676,2021,05,Antioquia,05873,Vigía del Fuerte,,,,,SZH_1107,Río Murrí,RI_606,Rio Jarapeto,,,,,,,LEY2_04,Pacifico,0.0,0.0,0.0,0.0,0.0,0.0,0.0,0.0,0.0,55.08,0.0,0.0,55.08,55.08000001
8673588,2021,05,Antioquia,05885,Yalí,,,,,SZH_2310,Rió San Bartolo y otros directos al Magdalena Medio,,,,,,,,,,,0.0,8.72886873,0.0,0.0,14.1608106,0.0,0.0,38.3223756,0.0,1.02302135,8.72886873,14.1608106,39.34539694,62.23507681
9790242,2021,05,Antioquia,05890,Yolombó,,,,,SZH_2310,Rió San Bartolo y otros directos al Magdalena Medio,,,,,,,,,,,0.0,0.0,0.0,0.0,0.0,0.0,0.0,2.29492374,0.0,0.0,0.0,0.0,2.29492374,2.2949232
9770684,2021,05,Antioquia,05893,Yondó,,,,,SZH_2317,Río Cimitarra y otros directos al Magdalena,,,,,,,,,LEY2_05,Rio Magdalena,0.0,0.0,0.0,0.0,0.0,0.0,0.0,0.0,0.0,88.87376773,0.0,0.0,88.87376773,88.87376828
9773148,2021,05,Antioquia,05893,Yondó,,,,,SZH_2317,Río Cimitarra y otros directos al Magdalena,,,,,,,,,,,0.0,0.0,0.0,0.0,0.0,0.0,0.0,123.09070208,0.0,22.43069843,0.0,0.0,145.52140051,145.52140086
4113802,2021,05,Antioquia,05895,Zaragoza,,,TCN_036,CHILONA EL SALTO,SZH_2704,Directos al Bajo Nechí (mi),,,,,,,,,,,0.0,64.7046171,0.0,0.0,0.0,0.0,0.0,0.0,0.0,0.00856779,64.7046171,0.0,0.00856779,64.71318286
6230224,2021,05,Antioquia,05895,Zaragoza,,,TCN_020,BOCAS DE CANÁ,SZH_2701,Río Porce,,,,,,,,,,,0.0,10.45214093,0.0,0.0,0.0,0.0,0.0,0.0,0.0,0.0,10.45214093,0.0,0.0,10.45214085
6620460,2021,05,Antioquia,05895,Zaragoza,,,TCN_139,PORCE MEDIO,SZH_2701,Río Porce,,,,,,,,,,,0.0,0.0,0.0,0.0,0.0,0.0,0.0,0.0,0.6525,0.0,0.0,0.0,0.6525,0.6525
6670818,2021,05,Antioquia,05895,Zaragoza,,,,,SZH_2701,Río Porce,,,,,,,,,LEY2_05,Rio Magdalena,0.0,22.0512422,0.0,0.0,0.0,0.0,0.0,0.25780754,0.0,4.59674351,22.0512422,0.0,4.85455105,26.90579333
6700386,2021,05,Antioquia,05895,Zaragoza,,,,,SZH_2701,Río Porce,,,,,,,,,,,0.0,296.67350253,0.0,0.0,0.0,0.0,0.0,6.94321245,0.81662037,18.61968713,296.67350253,0.0,26.37951997,323.05302162
8309224,2021,05,Antioquia,05895,Zaragoza,,,,,SZH_2702,Alto Nechí,,,,,,,,,,,0.0,17.38872158,33.7549692,0.0,4.005,0.0,0.0,0.0,0.0,5.32597102,51.14369078,4.005,5.32597102,60.47466389
8312920,2021,05,Antioquia,05895,Zaragoza,,,TCN_142,PUEBLO NUEVO,SZH_2701,Río Porce,,,,,,,,,,,0.00388493,34.65322124,0.0,0.0,0.0,0.0,0.0,0.0,0.0,0.00095454,34.65710616,0.0,0.00095454,34.65806302
8316616,2021,05,Antioquia,05895,Zaragoza,,,TCN_051,EL AGUACATE,SZH_2701,Río Porce,,,,,,,,,,,0.0,2.025,0.0,0.0,0.0,0.0,0.0,0.0,0.05629716,0.0,2.025,0.0,0.05629716,2.08129719
8324162,2021,05,Antioquia,05895,Zaragoza,,,TCN_142,PUEBLO NUEVO,SZH_2703,Bajo Nechí (md),,,,,,,,,,,0.3272403,54.99307519,0.0,0.0,0.0,0.0,0.0,0.0,0.0,0.00217744,55.32031548,0.0,0.00217744,55.32249187
8454138,2021,05,Antioquia,05895,Zaragoza,,,,,SZH_2704,Directos al Bajo Nechí (mi),,,,,,,,,,,641.82753404,1075.38375797,1.74506631,144.82002091,51.64662504,0.0,0.0,116.84787658,0.0,584.30106741,1718.95635832,196.46664596,701.14894401,2616.5719489
8522360,2021,05,Antioquia,05895,Zaragoza,,,,,SZH_2703,Bajo Nechí (md),RI_824,San Antonio 2,,,,,,,LEY2_05,Rio Magdalena,0.0,15.57983423,0.0,0.0,0.0,0.0,0.0,0.0,0.0,0.0,15.57983423,0.0,0.0,15.5798354
8611834,2021,05,Antioquia,05895,Zaragoza,,,,,SZH_2703,Bajo Nechí (md),,,,,,,,,,,506.12021182,1745.01187341,30.23226186,0.0,2.43613778,0.0,0.0,23.98013366,0.0,96.39664337,2281.36434709,2.43613778,120.37677703,2404.17726792
8757518,2021,05,Antioquia,05895,Zaragoza,,,,,SZH_2703,Bajo Nechí (md),,,,,,,,,LEY2_05,Rio Magdalena,3.07325409,1779.08863778,7.35878549,0.0,0.0,0.0,0.0,362.80894291,0.0,101.97338211,1789.52067737,0.0,464.78232503,2254.30299791
1267574,2021,13,Bolívar,13030,Altos del Rosario,,,,,SZH_2907,Directos Bajo Magdalena entre El Banco y El Plato,,,,,,,,,,,0.0,0.0,0.0,0.0,0.0,0.0,0.0,3.015,0.0,0.0,0.0,0.0,3.015,3.015
1298528,2021,13,Bolívar,13030,Altos del Rosario,,,,,SZH_2626,Directos Bajo Cauca - Cga La Raya entre río Nechí,,,,,,,,,,,0.0,4.36500001,0.0,0.0,0.0,0.0,0.0,4.5675,0.0,0.0,4.36500001,0.0,4.5675,8.9325
4747512,2021,13,Bolívar,13042,Arenal,ZPDRNR_33,SAN LUCAS,,,SZH_2320,Directos al Magdalena (Brazo Morales),,,,,,,,,LEY2_05,Rio Magdalena,0.0,2.97,0.0,0.0,0.0,0.0,0.0,0.0,0.0,46.035,2.97,0.0,46.035,49.005
1311310,2021,13,Bolívar,13074,Barranco de Loba,,,,,SZH_2907,Directos Bajo Magdalena entre El Banco y El Plato,,,,,,,,,,,0.0,108.21424839,0.0,0.0,8.16984053,0.0,0.0,77.02357562,0.0,9.28947268,108.21424839,8.16984053,86.31304827,202.69713876
1313774,2021,13,Bolívar,13074,Barranco de Loba,,,,,SZH_2626,Directos Bajo Cauca - Cga La Raya entre río Nechí,,,,,,,,,,,0.0,0.5175,0.0,0.0,0.0,0.0,0.0,0.0,0.0,0.0,0.5175,0.0,0.0,0.5175
5000380,2021,13,Bolívar,13458,Montecristo,ZPDRNR_33,SAN LUCAS,,,SZH_2626,Directos Bajo Cauca - Cga La Raya entre río Nechí,,,,,,,,,LEY2_05,Rio Magdalena,0.0,82.29408334,0.0,0.0,0.0,0.0,0.0,0.0,0.0,963.54043717,82.29408334,0.0,963.54043717,1045.83452152
5002844,2021,13,Bolívar,13458,Montecristo,,,,,SZH_2626,Directos Bajo Cauca - Cga La Raya entre río Nechí,,,,,,,,,LEY2_05,Rio Magdalena,0.0,16.24472606,0.0,0.0,0.0,0.0,0.0,97.42635428,0.0,4.84689911,16.24472606,0.0,102.2732534,118.5179785
9002378,2021,13,Bolívar,13458,Montecristo,,,,,SZH_2703,Bajo Nechí (md),,,,,,,,,LEY2_05,Rio Magdalena,0.0,0.0,0.0,0.0,0.0,0.0,0.0,0.0,0.0,1.38726596,0.0,0.0,1.38726596,1.387266
9003610,2021,13,Bolívar,13458,Montecristo,ZPDRNR_33,SAN LUCAS,,,SZH_2703,Bajo Nechí (md),,,,,,,,,LEY2_05,Rio Magdalena,0.0,580.46292693,0.0,0.0,0.0,0.0,0.0,0.0,0.0,704.53728143,580.46292693,0.0,704.53728143,1285.00020966
1476552,2021,13,Bolívar,13490,Norosí,,,,,SZH_2626,Directos Bajo Cauca - Cga La Raya entre río Nechí,,,,,,,,,LEY2_05,Rio Magdalena,0.0,30.55546716,0.0,0.0,4.635,0.0,0.0,29.54037983,0.0,12.46587631,30.55546716,4.635,42.00625614,77.1967217
1542310,2021,13,Bolívar,13490,Norosí,,,,,SZH_2320,Directos al Magdalena (Brazo Morales),,,,,,,,,,,0.0,350.03556135,0.0,97.14894441,0.0,0.0,0.0,209.41255576,0.0,19.73123355,350.03556135,97.14894441,229.14378932,676.32829634
4585196,2021,13,Bolívar,13490,Norosí,,,,,SZH_2320,Directos al Magdalena (Brazo Morales),,,,,,,,,LEY2_05,Rio Magdalena,0.0,30.98236899,0.0,0.46216992,13.56499583,0.0,0.0,100.23976841,0.0,19.00087866,30.98236899,14.02716575,119.24064707,164.25018189
4742584,2021,13,Bolívar,13490,Norosí,ZPDRNR_33,SAN LUCAS,,,SZH_2320,Directos al Magdalena (Brazo Morales),,,,,,,,,LEY2_05,Rio Magdalena,0.0,19.61316819,0.0,0.0,0.0,0.0,0.0,0.0,0.0,20.46687421,19.61316819,0.0,20.46687421,40.08004022
4745048,2021,13,Bolívar,13490,Norosí,ZPDRNR_33,SAN LUCAS,,,SZH_2320,Directos al Magdalena (Brazo Morales),,,,,,,,,,,0.0,0.0,0.0,0.0,0.0,0.0,0.0,0.0,0.0,5.15384641,0.0,0.0,5.15384641,5.15384632
4602752,2021,13,Bolívar,13600,Río Viejo,ZPDRNR_33,SAN LUCAS,,,SZH_2320,Directos al Magdalena (Brazo Morales),,,,,,,,,LEY2_05,Rio Magdalena,0.0,56.03499881,0.0,0.0,0.0,0.0,0.0,0.0,0.0,458.85262052,56.03499881,0.0,458.85262052,514.88761891
4741198,2021,13,Bolívar,13600,Río Viejo,,,,,SZH_2320,Directos al Magdalena (Brazo Morales),,,,,,,,,LEY2_05,Rio Magdalena,0.0,0.0,0.0,0.0,0.0,0.0,0.0,0.72110027,0.0,8.77713488,0.0,0.0,9.49823515,9.49823415
4743816,2021,13,Bolívar,13600,Río Viejo,,,,,SZH_2320,Directos al Magdalena (Brazo Morales),,,,,,,,,,,0.0,46.16529728,0.0,0.0,0.0,0.0,0.0,4.52817836,0.0,17.95913925,46.16529728,0.0,22.48731761,68.65261737
4746280,2021,13,Bolívar,13600,Río Viejo,ZPDRNR_33,SAN LUCAS,,,SZH_2320,Directos al Magdalena (Brazo Morales),,,,,,,,,,,0.0,9.99954266,0.0,0.0,0.0,0.0,0.0,0.0,0.0,9.19962233,9.99954266,0.0,9.19962233,19.19916481
4352964,2021,13,Bolívar,13655,San Jacinto del Cauca,,,,,SZH_2626,Directos Bajo Cauca - Cga La Raya entre río Nechí,,,,,,,,,LEY2_05,Rio Magdalena,0.0,0.0,0.0,0.0,0.0,0.0,0.0,7.70050416,0.0,8.52199584,0.0,0.0,16.2225,16.2225
1317470,2021,13,Bolívar,13667,San Martín de Loba,,,,,SZH_2907,Directos Bajo Magdalena entre El Banco y El Plato,,,,,,,,,,,0.0,132.85143028,0.0,0.0,54.32421683,0.0,0.0,277.64042042,0.0,31.89929527,132.85143028,54.32421683,309.53971568,496.71536127
5410020,2021,13,Bolívar,13670,San Pablo,,,,,SZH_2320,Directos al Magdalena (Brazo Morales),,,,,,,,,LEY2_05,Rio Magdalena,0.0,0.0,0.0,0.0,0.0,0.0,0.0,0.0,0.0,102.28499999,0.0,0.0,102.28499999,102.285
9564478,2021,13,Bolívar,13670,San Pablo,ZPDRNR_33,SAN LUCAS,,,SZH_2317,Río Cimitarra y otros directos al Magdalena,,,,,,,,,LEY2_05,Rio Magdalena,0.0,0.0,0.0,0.0,0.0,0.0,0.0,0.54709951,0.0,7.80053937,0.0,0.0,8.34763888,8.34763911
9263870,2021,13,Bolívar,13688,Santa Rosa del Sur,,,,,SZH_2320,Directos al Magdalena (Brazo Morales),,,,,,,,,LEY2_05,Rio Magdalena,0.0,59.87653135,0.0,0.0,32.61038419,0.0,0.0,152.78677572,0.0,23.75929462,59.87653135,32.61038419,176.54607037,269.03298276
9277422,2021,13,Bolívar,13688,Santa Rosa del Sur,ZPDRNR_33,SAN LUCAS,,,SZH_2317,Río Cimitarra y otros directos al Magdalena,,,,,,,,,LEY2_05,Rio Magdalena,0.0,0.0,0.0,0.0,0.0,0.0,0.0,0.0,0.0,25.37700124,0.0,0.0,25.37700124,25.37700163
9284814,2021,13,Bolívar,13688,Santa Rosa del Sur,,,,,SZH_2703,Bajo Nechí (md),,,,,,,,,LEY2_05,Rio Magdalena,0.0,0.0,0.0,0.0,0.0,0.0,0.0,0.0,0.0,7.15124819,0.0,0.0,7.15124819,7.1512482
9288510,2021,13,Bolívar,13688,Santa Rosa del Sur,ZPDRNR_33,SAN LUCAS,,,SZH_2703,Bajo Nechí (md),,,,,,,,,LEY2_05,Rio Magdalena,0.0,506.32654647,0.0,0.0,0.0,0.0,0.0,1.84685804,0.0,1325.33484599,506.32654647,0.0,1327.18170403,1833.50824758
9447592,2021,13,Bolívar,13688,Santa Rosa del Sur,ZPDRNR_33,SAN LUCAS,,,SZH_2320,Directos al Magdalena (Brazo Morales),,,,,,,,,LEY2_05,Rio Magdalena,0.0,66.19594995,0.0,0.0,15.99323877,0.0,0.0,1.00170812,0.0,190.93340118,66.19594995,15.99323877,191.9351093,274.12430126
5183794,2021,13,Bolívar,13744,Simití,,,,,SZH_2320,Directos al Magdalena (Brazo Morales),,,,,,,,,,,0.0,0.0,0.0,0.0,0.0,0.0,0.0,0.0,0.0,7.1325,0.0,0.0,7.1325,7.1325
5393080,2021,13,Bolívar,13744,Simití,,,,,SZH_2320,Directos al Magdalena (Brazo Morales),,,,,,,,,LEY2_05,Rio Magdalena,0.0,1018.28178702,0.0,0.0,92.22944226,0.0,0.0,0.85419435,0.0,921.32957637,1018.28178702,92.22944226,922.18377072,2032.69499995
4553164,2021,13,Bolívar,13810,Tiquisio,,,,,SZH_2626,Directos Bajo Cauca - Cga La Raya entre río Nechí,,,,,,,,,LEY2_05,Rio Magdalena,0.0,34.78155752,0.0,0.0,0.0,0.0,0.0,72.85265594,0.0,1.82906325,34.78155752,0.0,74.6817192,109.46327831
13710466,2021,17,Caldas,17380,La Dorada,,,,,SZH_2304,Directos Magdalena entre Ríos Guarinó y La Miel,,,,,,,,,,,0.0,0.0,0.0,0.0,0.0,0.0,0.0,0.0,0.0,2.71854817,0.0,0.0,2.71854817,2.7185472
13748812,2021,17,Caldas,17495,Norcasia,,,,,SZH_2305,Río La Miel (Samaná),,,,,,,,,,,0.0,0.0,0.0,0.0,0.0,0.0,0.0,29.56385866,0.0,2.56614135,0.0,0.0,32.13,32.13000001
13685826,2021,17,Caldas,17662,Samaná,,,,,SZH_2305,Río La Miel (Samaná),,,,,,,,,,,0.0,0.0,0.0,0.0,0.0,0.0,0.0,0.15856481,0.0,0.0,0.0,0.0,0.15856481,0.158565
13710004,2021,17,Caldas,17867,Victoria,,,,,SZH_2304,Directos Magdalena entre Ríos Guarinó y La Miel,,,,,,,,,,,0.0,0.0,0.0,0.0,0.0,0.0,0.0,0.0,0.0,33.82145182,0.0,0.0,33.82145182,33.8214528
1138368,2021,18,Caquetá,18205,Curillo,,,,,SZH_4404,Río Pescado,,,,,,,,,,,0.0,0.0,0.0,0.0,0.0,0.0,0.0,0.0,0.0,1.31017246,0.0,0.0,1.31017246,1.31017275
1140832,2021,18,Caquetá,18205,Curillo,,,,,SZH_4402,Río Caqueta Medio,,,,,,,,,,,0.0,0.0,0.0,0.0,0.0,0.0,0.0,0.0,0.0,0.89278516,0.0,0.0,0.89278516,0.89278493
1146222,2021,18,Caquetá,18610,San José del Fragua,,,,,SZH_4402,Río Caqueta Medio,,,,,,,,,,,0.0,0.0,0.0,0.0,0.0,0.0,0.0,0.0,0.0,93.96721484,0.0,0.0,93.96721484,93.96721507
1146684,2021,18,Caquetá,18610,San José del Fragua,,,,,SZH_4404,Río Pescado,,,,,,,,,,,0.0,0.0,0.0,0.0,0.0,0.0,0.0,0.0,0.0,4.92232754,0.0,0.0,4.92232754,4.92232725
789250,2021,19,Cauca,19100,Bolívar,,,,,SZH_5202,Río San Jorge,,,,,,,,,,,0.0,0.0,0.0,0.0,0.0,0.0,0.0,0.0,0.0,44.06243875,0.0,0.0,44.06243875,44.06243767
15586648,2021,19,Cauca,19110,Buenos Aires,,,,,SZH_2628,Río Quinamayo y otros directos al Cauca,,,,,,,,,,,0.0,0.0,0.0,0.0,0.0,0.0,0.0,0.01825962,0.0,39.03285073,0.0,0.0,39.05111035,39.05111048
15631000,2021,19,Cauca,19256,El Tambo,,,,,SZH_5201,Río Patia Alto,,,,,,,,,,,0.0,0.0,0.0,0.0,21.69147975,0.0,0.0,0.0,0.0,8.73497143,0.0,21.69147975,8.73497143,30.42645088
14925834,2021,19,Cauca,19318,Guapi,,,TCN_065,GUAPÍ ABAJO,SZH_5304,Río Guapi,,,,,,,,,,,0.0,0.0,0.0,0.0,0.0,0.0,0.0,0.0,97.34151086,0.0,0.0,0.0,97.34151086,97.3415112
14962332,2021,19,Cauca,19318,Guapi,,,TCN_154,RÍO GUAJUÍ,SZH_5304,Río Guapi,,,,,,,,,,,0.0,0.0,0.0,0.0,0.0,0.0,0.0,0.0,155.476883,0.0,0.0,0.0,155.476883,155.4768828
15000216,2021,19,Cauca,19318,Guapi,,,TCN_158,RIO NAPI,SZH_5304,Río Guapi,,,,,,,,,,,0.0,0.0,0.0,0.0,1.67483012,0.0,0.0,0.0,146.20052323,0.0723429,0.0,1.67483012,146.27286613,147.94769605
15051960,2021,19,Cauca,19318,Guapi,,,TCN_163,RÍO SAN FRANCISCO,SZH_5304,Río Guapi,,,,,,,,,,,0.0,0.0,0.0,0.0,4.37930159,0.0,0.0,0.0,43.96300216,0.0,0.0,4.37930159,43.96300216,48.34230395
15310834,2021,19,Cauca,19318,Guapi,,,TCN_008,ALTO GUAPI,SZH_5304,Río Guapi,,,,,,,,,,,0.0,0.0,0.0,0.0,0.0,0.0,0.0,0.0,104.9175,0.0,0.0,0.0,104.9175,104.9175
15633464,2021,19,Cauca,19392,La Sierra,,,,,SZH_5201,Río Patia Alto,,,,,,,,,,,0.0,0.0,0.0,0.0,9.69005935,0.0,0.0,0.0,0.0,10.46348947,0.0,9.69005935,10.46348947,20.15354912
15427412,2021,19,Cauca,19418,López de Micay,,,TCN_091,"LA MAMUNCIA, PARTE MEDIA DEL RÍO MICAY",SZH_5307,Río San Juan del Micay,,,,,,,,,,,0.0,0.0,0.0,0.0,0.0,0.0,0.0,106.39031561,0.0,35.92711348,0.0,0.0,142.3174291,142.31743094
15481774,2021,19,Cauca,19418,López de Micay,,,TCN_054,EL PLAYON DEL RÍO SIGUÍ,SZH_5307,Río San Juan del Micay,,,,,,,,,,,0.0,0.0,0.0,0.0,0.0,0.0,0.0,2.05293812,0.0,80.1391192,0.0,0.0,82.19205732,82.19205644
15510264,2021,19,Cauca,19418,López de Micay,,,TCN_172,SAN JOC PARTE ALTA DEL RÍO MICAY,SZH_5307,Río San Juan del Micay,,,,,,,,,,,0.0,0.0,0.0,0.0,0.0,0.0,0.0,203.89292816,0.0,0.0,0.0,0.0,203.89292816,203.89292815
15525048,2021,19,Cauca,19418,López de Micay,,,TCN_069,CONSEJO COMUN INTEGRACIÓN DEL RÍO CHUARE,SZH_5307,Río San Juan del Micay,,,,,,,,,,,0.0,0.0,0.0,0.0,0.0,0.0,0.0,22.99500001,0.0,31.16008542,0.0,0.0,54.15508543,54.15508444
775698,2021,19,Cauca,19450,Mercaderes,,,,,SZH_5202,Río San Jorge,,,,,,,,,,,0.0,0.0,0.0,0.0,0.0,0.0,0.0,0.0,0.0,31.78538691,0.0,0.0,31.78538691,31.78538683
784322,2021,19,Cauca,19450,Mercaderes,ZPDRNR_36,ZONAS DE PROTECCIÓN Y DESARROLLO DE LOS RECURSOS NATURALES RENOVABLES BOSQUES SECOS DEL PAT,,,SZH_5202,Río San Jorge,,,,,,,,,,,0.0,0.0,0.0,0.0,0.0,0.0,0.0,0.0,0.0,59.57967435,0.0,0.0,59.57967435,59.5796755
15624840,2021,19,Cauca,19532,Patía,,,,,SZH_5201,Río Patia Alto,,,,,,,,,,,0.0,0.0,0.0,0.0,0.0,0.0,0.0,0.0,0.0,0.135,0.0,0.0,0.135,0.135
1086932,2021,19,Cauca,19533,Piamonte,,,,,SZH_4401,Alto Caqueta,RI_788,Guayuyaco,,,,,,,,,0.0,0.0,0.0,0.0,0.0,0.0,0.0,0.0,0.0,3.45491286,0.0,0.0,3.45491286,3.45491317
1100792,2021,19,Cauca,19533,Piamonte,,,,,SZH_4401,Alto Caqueta,,,,,,,,,,,0.0,0.0,0.0,0.0,0.0,0.0,0.0,2.33536358,0.0,39.74972356,0.0,0.0,42.08508713,42.08508683
14413476,2021,19,Cauca,19698,Santander de Quilichao,,,,,SZH_2628,Río Quinamayo y otros directos al Cauca,,,,,,,,,,,0.0,0.0,0.0,0.0,0.0,0.0,0.0,53.86305687,0.0,3.90333278,0.0,0.0,57.76638966,57.76638953
14495404,2021,19,Cauca,19809,Timbiquí,,,TCN_124,NEGROS UNIDOS,SZH_5304,Río Guapi,,,,,,,,,,,0.0,0.0,0.0,0.0,0.0,0.0,0.0,0.0,9.405,0.0,0.0,0.0,9.405,9.405
14511420,2021,19,Cauca,19809,Timbiquí,,,TCN_124,NEGROS UNIDOS,SZH_5305,Río Timbiquí,,,,,,,,,,,0.0,0.0,0.0,0.0,0.0,0.0,0.0,0.0,3.42,0.0,0.0,0.0,3.42,3.42
14516348,2021,19,Cauca,19809,Timbiquí,,,TCN_132,PARTE BAJA DEL RÍO SAIJA,SZH_5306,Río Saija,,,,,,,,,,,0.0,0.0,0.0,0.0,0.0,0.0,0.0,0.0,4.815,0.0,0.0,0.0,4.815,4.815
14618912,2021,19,Cauca,19809,Timbiquí,,,TCN_053,EL CUERVAL,SZH_5304,Río Guapi,,,,,,,,,,,0.0,0.0,0.0,0.0,0.0,0.0,0.0,0.0,24.3,0.0,0.0,0.0,24.3,24.3
14665882,2021,19,Cauca,19809,Timbiquí,,,TCN_145,RENACER NEGRO,SZH_5304,Río Guapi,,,,,,,,,,,0.0,3.77006917,0.0,0.0,0.0,0.0,0.0,0.0,6.75525151,0.0,3.77006917,0.0,6.75525151,10.52531977
14765674,2021,19,Cauca,19809,Timbiquí,,,TCN_083,LA CUENCA DEL RÍO SAN BERNARDO PATÍA NORTE,SZH_5306,Río Saija,,,,,,,,,,,0.0,0.0,0.0,0.0,0.0,0.0,0.0,0.0,12.57327416,2.56922584,0.0,0.0,15.1425,15.1425
14883792,2021,19,Cauca,19809,Timbiquí,,,TCN_154,RÍO GUAJUÍ,SZH_5304,Río Guapi,,,,,,,,,,,0.0,0.0,0.0,0.0,0.0,0.0,0.0,0.0,0.17965864,0.0,0.0,0.0,0.17965864,0.17965826
14904736,2021,19,Cauca,19809,Timbiquí,,,TCN_131,PARTE ALTA SUR DEL RÍO SAIJA,SZH_5306,Río Saija,,,,,,,,,,,0.0,0.0,0.0,0.0,0.0,0.0,0.0,0.0,261.81000002,0.0,0.0,0.0,261.81000002,261.80999999
14996520,2021,19,Cauca,19809,Timbiquí,,,TCN_145,RENACER NEGRO,SZH_5305,Río Timbiquí,,,,,,,,,,,0.0,744.04571299,0.0,44.39113194,20.15195014,0.0,0.0,0.0,228.43283139,0.0,744.04571299,64.54308208,228.43283139,1037.02162798
1923768,2021,23,Córdoba,23068,Ayapel,,,,,SZH_2502,Bajo San Jorge - La Mojana,,,,,SR_001,Complejo Cenagoso de Ayapel,,,,,0.0,0.0,0.0,0.0,0.0,0.0,0.0,0.32582138,0.0,572.44879083,0.0,0.0,572.77461221,572.77461308
2137366,2021,23,Córdoba,23068,Ayapel,,,,,SZH_2502,Bajo San Jorge - La Mojana,,,,,,,,,,,0.0,65.87133627,0.0,0.0,320.1095888,0.0,0.0,530.41459161,0.0,2867.50657666,65.87133627,320.1095888,3397.92116834,3783.90207997
2178638,2021,23,Córdoba,23350,La Apartada,,,,,SZH_2502,Bajo San Jorge - La Mojana,,,,,,,,,,,0.0,0.0,0.0,0.0,0.0,0.0,0.0,0.0,0.0,18.2475,0.0,0.0,18.2475,18.24749999
1610224,2021,23,Córdoba,23580,Puerto Libertador,,,,,SZH_2501,Alto San Jorge,,,,,,,,,,,0.0,0.0,0.0,0.0,0.0,0.0,0.0,0.0,0.0,66.105,0.0,0.0,66.105,66.10499999
3091858,2021,23,Córdoba,23682,San José de Uré,,,,,SZH_2624,Río Taraza - Río Man,,,,,,,,,,,0.0,0.0,0.0,0.0,0.0,0.0,0.0,0.0,0.0,30.6876542,0.0,0.0,30.6876542,30.68765218
3094630,2021,23,Córdoba,23682,San José de Uré,,,,,SZH_2501,Alto San Jorge,,,,,,,,,,,0.0,0.0,0.0,0.0,0.0,0.0,0.0,0.0,0.0,108.13219823,0.0,0.0,108.13219823,108.13219825
10458140,2021,27,Chocó,27001,Quibdó,,,,,SZH_1104,Río Bebaramá y otros Directos Atrato (md),RI_610,Rio Negua,,,,,,,LEY2_04,Pacifico,0.0,2.51506688,0.0,0.0,0.0,0.0,0.0,3.72442873,18.88951958,53.7734518,2.51506688,0.0,76.38740009,78.90246629
10597048,2021,27,Chocó,27001,Quibdó,,,TCN_066,GUAYABAL,SZH_1104,Río Bebaramá y otros Directos Atrato (md),,,,,,,,,LEY2_04,Pacifico,0.0,0.0,0.0,0.0,0.0,0.0,0.0,0.0,1.27635513,162.76407853,0.0,0.0,164.04043366,164.04043513
12601050,2021,27,Chocó,27001,Quibdó,,,TCN_117,MAYOR DEL MEDIO ATRATO - ACIA,SZH_1105,Directos Atrato entre ríos Quito y Bojayá (mi),,,,,,,,,LEY2_04,Pacifico,0.0,0.0,0.0,0.0,0.0,0.0,0.0,0.0,17.5725,0.0,0.0,0.0,17.5725,17.5725
12952170,2021,27,Chocó,27001,Quibdó,,,,,SZH_1104,Río Bebaramá y otros Directos Atrato (md),,,,,,,,,LEY2_04,Pacifico,0.0,0.0,0.0,0.0,0.0,0.0,0.0,0.0,0.0,58.92036545,0.0,0.0,58.92036545,58.92036409
13303290,2021,27,Chocó,27001,Quibdó,,,TCN_117,MAYOR DEL MEDIO ATRATO - ACIA,SZH_1104,Río Bebaramá y otros Directos Atrato (md),,,,,,,,,LEY2_04,Pacifico,0.0,196.23208756,0.0,0.0,0.63,0.0,0.0,191.45757617,1485.57855457,44.60161109,196.23208756,0.63,1721.63774182,1918.49982882
1180718,2021,27,Chocó,27006,Acandí,,,TCN_078,"CM DE LA CUENCA DEL RÍO ACANDÍ SECO, EL CEDRO Y JUANCHO",SZH_1116,Río Tolo y otros Directos al Caribe,,,RFPN_01,Darién,,,,,,,0.0,0.0,0.0,0.0,0.0,0.0,0.0,0.0,0.0,5.43580341,0.0,0.0,5.43580341,5.4358035
1181950,2021,27,Chocó,27006,Acandí,,,TCN_079,LA CUENCA DEL RÍO ACANDÍ ZONA COSTERA NORTE,SZH_1116,Río Tolo y otros Directos al Caribe,,,RFPN_01,Darién,,,,,,,0.0,0.0,0.0,0.0,0.0,0.0,0.0,0.0,0.0,29.79919659,0.0,0.0,29.79919659,29.7991965
1185646,2021,27,Chocó,27006,Acandí,,,,,SZH_1116,Río Tolo y otros Directos al Caribe,,,RFPN_01,Darién,,,,,,,0.0,0.0,0.0,0.0,0.0,0.0,0.0,0.0,0.0,16.4025,0.0,0.0,16.4025,16.4025
10972346,2021,27,Chocó,27050,Atrato,,,TCN_170,SAN ISIDRO,SZH_1103,Río Quito,,,,,,,,,LEY2_04,Pacifico,0.0,0.0,0.0,0.0,0.0,0.0,0.0,0.0,6.17054324,1.8765197,0.0,0.0,8.04706294,8.04706328
11034408,2021,27,Chocó,27050,Atrato,,,TCN_092,LA MOLANA,SZH_1103,Río Quito,,,,,,,,,LEY2_04,Pacifico,0.0,0.0,0.0,0.0,0.0,0.0,0.0,0.0,0.0,38.691696,0.0,0.0,38.691696,38.69169571
11076450,2021,27,Chocó,27050,Atrato,,,TCN_042,POPULAR DEL ALTO ATRATO - COCOMOPOCA,SZH_1104,Río Bebaramá y otros Directos Atrato (md),,,,,,,,,,,0.0,0.0,0.0,0.0,0.0,0.0,0.0,0.0,0.0,1.85316728,0.0,0.0,1.85316728,1.8531666
11320540,2021,27,Chocó,27050,Atrato,,,TCN_130,PAIMADO,SZH_1103,Río Quito,,,,,,,,,LEY2_04,Pacifico,0.0,0.0,0.0,0.0,1.80775505,0.0,0.0,0.0,93.62227018,0.0,0.0,1.80775505,93.62227018,95.4300249
11369050,2021,27,Chocó,27050,Atrato,,,TCN_130,PAIMADO,SZH_1103,Río Quito,,,,,,,,,,,0.0,0.0,0.0,0.0,0.0,0.0,0.0,11.21632677,40.7817628,22.60549289,0.0,0.0,74.60358247,74.60358052
11560934,2021,27,Chocó,27050,Atrato,,,TCN_042,POPULAR DEL ALTO ATRATO - COCOMOPOCA,SZH_1103,Río Quito,,,,,,,,,LEY2_04,Pacifico,0.0,0.0,0.0,0.0,0.0,0.0,0.0,1.15146268,0.0,164.24400998,0.0,0.0,165.39547266,165.395474
11562166,2021,27,Chocó,27050,Atrato,,,TCN_042,POPULAR DEL ALTO ATRATO - COCOMOPOCA,SZH_1103,Río Quito,,,,,,,,,,,0.0,0.0,0.0,0.0,0.0,0.0,0.0,107.15042176,2.2084773,243.27682228,0.0,0.0,352.63572135,352.63572275
12975886,2021,27,Chocó,27050,Atrato,,,TCN_042,POPULAR DEL ALTO ATRATO - COCOMOPOCA,SZH_1104,Río Bebaramá y otros Directos Atrato (md),,,,,,,,,LEY2_04,Pacifico,0.0,0.46920973,0.0,0.0,8.09017726,0.0,0.0,0.0,0.0,193.10103593,0.46920973,8.09017726,193.10103593,201.66042488
13319306,2021,27,Chocó,27050,Atrato,,,TCN_117,MAYOR DEL MEDIO ATRATO - ACIA,SZH_1104,Río Bebaramá y otros Directos Atrato (md),,,,,,,,,LEY2_04,Pacifico,0.0,1.33053449,0.0,0.0,5.38075856,0.0,0.0,0.0,108.88097279,12.60686925,1.33053449,5.38075856,121.48784202,128.19913337
13509804,2021,27,Chocó,27073,Bagadó,,,,,SZH_1101,Río Andagueda,,,,,,,,,,,0.0,0.0,0.0,0.0,0.0,0.0,0.0,2.43621048,0.0,0.0,0.0,0.0,2.43621048,2.43621035
13552924,2021,27,Chocó,27073,Bagadó,,,,,SZH_1101,Río Andagueda,RI_036,Andagueda,,,,,,,,,0.0,6.615,0.0,0.0,0.0,0.0,0.0,0.0,0.0,0.0,6.615,0.0,0.0,6.615
13555542,2021,27,Chocó,27073,Bagadó,,,TCN_042,POPULAR DEL ALTO ATRATO - COCOMOPOCA,SZH_1101,Río Andagueda,,,,,,,,,,,0.0,42.68955517,0.0,0.0,0.0,0.0,0.0,271.07721197,0.0,14.16290337,42.68955517,0.0,285.24011536,327.92967027
11740652,2021,27,Chocó,27135,El Cantón del San Pablo,,,,,SZH_1103,Río Quito,,,,,,,,,LEY2_04,Pacifico,0.0,0.0,0.0,0.0,0.0,0.0,0.0,0.0,15.20775916,6.03758213,0.0,0.0,21.24534129,21.24534
11769142,2021,27,Chocó,27135,El Cantón del San Pablo,,,TCN_070,ISTMINA Y PARTE DEL MEDIO SAN JUAN,SZH_1103,Río Quito,,,,,,,,,LEY2_04,Pacifico,0.0,0.0,0.0,0.0,0.0,0.0,0.0,0.0,0.00758881,0.0,0.0,0.0,0.00758881,0.00758887
11850300,2021,27,Chocó,27135,El Cantón del San Pablo,,,TCN_113,"MAYOR DE UNIÓN PANAMERICANA ""COCO MAUPA""",SZH_1103,Río Quito,,,,,,,,,LEY2_04,Pacifico,0.0,0.0,0.0,0.0,0.0,0.0,0.0,0.0,202.67766089,0.0,0.0,0.0,202.67766089,202.67766074
12149368,2021,27,Chocó,27135,El Cantón del San Pablo,,,TCN_116,"MAYOR DEL CANTÓN DE SAN PABLO ""ACISANP""",SZH_1103,Río Quito,,,,,,,,,LEY2_04,Pacifico,0.0,0.0,0.0,0.0,45.05347552,0.0,0.0,140.81042631,4922.53972563,310.63879237,0.0,45.05347552,5373.98894426,5419.04241834
5647488,2021,27,Chocó,27150,Carmen del Darién,,,TCN_156,RÍO JIGUAMIANDÓ,SZH_1110,Río Murindó - Directos al Atrato,,,,,,,,,,,0.0,0.0,0.0,0.0,0.0,0.0,0.0,1.53990589,0.0,0.0,0.0,0.0,1.53990589,1.53990585
11383834,2021,27,Chocó,27160,Cértegui,,,TCN_041,CONSEJO COMUNITARIO INTEGRAL DE LLORO_COCOILLO,SZH_1101,Río Andagueda,,,,,,,,,,,0.0,0.0,0.0,0.0,0.0,0.0,0.0,9.22902758,0.0,15.02597241,0.0,0.0,24.25499999,24.255
11541992,2021,27,Chocó,27160,Cértegui,,,TCN_116,"MAYOR DEL CANTÓN DE SAN PABLO ""ACISANP""",SZH_1103,Río Quito,,,,,,,,,LEY2_04,Pacifico,0.0,0.0,0.0,0.0,0.0,0.0,0.0,41.76091873,314.6571221,61.34896286,0.0,0.0,417.76700372,417.76700702
11605440,2021,27,Chocó,27160,Cértegui,,,TCN_032,CÉRTEGUI,SZH_1103,Río Quito,,,,,,,,,LEY2_04,Pacifico,0.0,6.71366454,0.0,10.15191261,10.19146226,0.0,0.0,0.0,701.76691681,11.58427113,6.71366454,20.34337487,713.35118794,740.40822774
11633622,2021,27,Chocó,27160,Cértegui,,,,,SZH_1103,Río Quito,,,,,,,,,,,0.0,0.0,0.0,0.0,0.0,0.0,0.0,0.0,32.21490907,0.0,0.0,0.0,32.21490907,32.21490734
11650870,2021,27,Chocó,27160,Cértegui,,,TCN_042,POPULAR DEL ALTO ATRATO - COCOMOPOCA,SZH_1101,Río Andagueda,,,,,,,,,,,0.0,0.0,0.0,0.0,0.0,0.0,0.0,47.63613018,0.0,74.54048882,0.0,0.0,122.17661901,122.17661939
11882332,2021,27,Chocó,27160,Cértegui,,,TCN_032,CÉRTEGUI,SZH_1103,Río Quito,,,,,,,,,,,0.0,5.13579928,0.0,97.02173699,0.0,0.0,0.0,0.61314796,167.75638118,27.1303798,5.13579928,97.02173699,195.49990895,297.65744757
11883564,2021,27,Chocó,27160,Cértegui,,,TCN_113,"MAYOR DE UNIÓN PANAMERICANA ""COCO MAUPA""",SZH_1103,Río Quito,,,,,,,,,,,0.0,0.0,0.0,0.0,3.61217457,0.0,0.0,2.17824578,0.10777104,0.0,0.0,3.61217457,2.28601682,5.89819118
11884796,2021,27,Chocó,27160,Cértegui,,,TCN_113,"MAYOR DE UNIÓN PANAMERICANA ""COCO MAUPA""",SZH_5401,Río San Juan Alto,,,,,,,,,,,0.0,1.78054015,0.0,0.0,31.57606271,0.0,0.0,1.92224939,2.81960258,0.02913236,1.78054015,31.57606271,4.77098433,38.12758722
11903276,2021,27,Chocó,27160,Cértegui,,,TCN_114,"MAYOR DEL ALTO SAN JUAN ""ASOCASAN""",SZH_5401,Río San Juan Alto,,,,,,,,,,,0.0,0.0,0.0,0.0,35.18391009,0.0,0.0,0.0,0.0,0.0,0.0,35.18391009,0.0,35.18390902
11924682,2021,27,Chocó,27160,Cértegui,,,TCN_114,"MAYOR DEL ALTO SAN JUAN ""ASOCASAN""",SZH_1103,Río Quito,,,,,,,,,,,0.0,0.0,0.0,0.0,0.0,0.0,0.0,1.53632327,29.83239264,0.0,0.0,0.0,31.36871591,31.36871614
12520354,2021,27,Chocó,27205,Condoto,,,,,SZH_5402,Río Tamaná y otros Directos San Juan,,,,,,,,,,,0.0,65.02442702,0.0,0.0,155.91586145,0.0,0.0,0.0,49.23897418,0.0,65.02442702,155.91586145,49.23897418,270.17926435
13004992,2021,27,Chocó,27205,Condoto,,,TCN_118,MAYOR DEL MUNICIPIO DE CONDOTO,SZH_5402,Río Tamaná y otros Directos San Juan,,,,,,,,,,,0.0,318.88616069,0.0,0.0,714.11763527,0.0,0.0,13.01220281,1347.94990868,5.27431329,318.88616069,714.11763527,1366.23642478,2399.24021253
12024474,2021,27,Chocó,27361,Istmina,,,TCN_070,ISTMINA Y PARTE DEL MEDIO SAN JUAN,SZH_5501,Río Baudó,,,,,,,,,LEY2_04,Pacifico,0.0,0.0,0.0,0.0,0.0,0.0,0.0,0.0,50.7095845,2.577e-05,0.0,0.0,50.70961028,50.7096111
12076680,2021,27,Chocó,27361,Istmina,,,TCN_116,"MAYOR DEL CANTÓN DE SAN PABLO ""ACISANP""",SZH_1103,Río Quito,,,,,,,,,LEY2_04,Pacifico,0.0,0.66520417,0.0,0.0,0.0,0.0,0.0,11.72747805,107.14547566,6.03078693,0.66520417,0.0,124.90374064,125.5689452
12194952,2021,27,Chocó,27361,Istmina,,,,,SZH_5401,Río San Juan Alto,,,,,,,,,LEY2_04,Pacifico,0.0,8.93560746,0.0,0.0,0.0,0.0,0.0,0.0,2.61189229,3.5209878,8.93560746,0.0,6.13288008,15.06848959
12213432,2021,27,Chocó,27361,Istmina,,,TCN_113,"MAYOR DE UNIÓN PANAMERICANA ""COCO MAUPA""",SZH_5401,Río San Juan Alto,,,,,,,,,,,0.0,0.0,0.0,0.0,0.0,0.0,0.0,0.0,2.08939338,0.0,0.0,0.0,2.08939338,2.08939365
12263790,2021,27,Chocó,27361,Istmina,,,TCN_114,"MAYOR DEL ALTO SAN JUAN ""ASOCASAN""",SZH_5401,Río San Juan Alto,,,,,,,,,,,0.0,0.0,0.0,0.0,0.0,0.0,0.0,0.0,33.14202821,0.0,0.0,0.0,33.14202821,33.14202758
12402544,2021,27,Chocó,27361,Istmina,,,TCN_070,ISTMINA Y PARTE DEL MEDIO SAN JUAN,SZH_1103,Río Quito,,,,,,,,,LEY2_04,Pacifico,0.0,1124.36061581,0.0,0.0,0.0,0.0,0.0,6.51448532,1682.54956464,15.12968156,1124.36061581,0.0,1704.19373153,2828.55435737
12411168,2021,27,Chocó,27361,Istmina,,,TCN_070,ISTMINA Y PARTE DEL MEDIO SAN JUAN,SZH_5401,Río San Juan Alto,,,,,,,,,LEY2_04,Pacifico,0.0,5.32193458,0.0,0.0,0.0,0.0,0.0,0.0,82.15173959,5.88269034,5.32193458,0.0,88.03442993,93.35636341
12455058,2021,27,Chocó,27361,Istmina,,,,,SZH_5401,Río San Juan Alto,,,,,,,,,,,0.0,0.09257912,0.0,0.0,0.0,0.0,0.0,0.0,2.26719695,0.55115988,0.09257912,0.0,2.81835683,2.91093661
12459986,2021,27,Chocó,27361,Istmina,,,TCN_070,ISTMINA Y PARTE DEL MEDIO SAN JUAN,SZH_5401,Río San Juan Alto,,,,,,,,,,,0.0,180.18524102,0.0,0.0,0.0,0.0,0.0,0.0,56.34935693,0.86584351,180.18524102,0.0,57.21520045,237.4004387
12734414,2021,27,Chocó,27361,Istmina,,,TCN_070,ISTMINA Y PARTE DEL MEDIO SAN JUAN,SZH_5408,Río San Juan Medio,,,,,,,,,LEY2_04,Pacifico,0.0,785.7341756,0.0,0.0,0.0,0.0,0.0,0.0,556.86652185,0.0,785.7341756,0.0,556.86652185,1342.60069066
11154220,2021,27,Chocó,27413,Lloró,,,TCN_042,POPULAR DEL ALTO ATRATO - COCOMOPOCA,SZH_1102,Alto Atrato,,,,,,,,,LEY2_04,Pacifico,0.0,0.0,0.0,0.0,0.0,0.0,0.0,29.87152241,0.0,26.80439468,0.0,0.0,56.6759171,56.67591698
11156684,2021,27,Chocó,27413,Lloró,,,TCN_041,CONSEJO COMUNITARIO INTEGRAL DE LLORO_COCOILLO,SZH_1102,Alto Atrato,,,,,,,,,LEY2_04,Pacifico,0.0,0.0,0.0,0.0,0.0,0.0,0.0,0.01067222,0.0,9.40689018,0.0,0.0,9.4175624,9.41756251
11332860,2021,27,Chocó,27413,Lloró,,,TCN_042,POPULAR DEL ALTO ATRATO - COCOMOPOCA,SZH_1103,Río Quito,,,,,,,,,,,0.0,0.0,0.0,0.0,0.0,0.0,0.0,0.0,0.0,24.42957104,0.0,0.0,24.42957104,24.42957038
11347644,2021,27,Chocó,27413,Lloró,,,TCN_041,CONSEJO COMUNITARIO INTEGRAL DE LLORO_COCOILLO,SZH_1104,Río Bebaramá y otros Directos Atrato (md),,,,,,,,,LEY2_04,Pacifico,0.0,0.0,0.0,0.0,0.0,0.0,0.0,0.0,0.0,160.68491481,0.0,0.0,160.68491481,160.68491474
11355036,2021,27,Chocó,27413,Lloró,,,,,SZH_1103,Río Quito,,,,,,,,,,,0.0,0.0,0.0,0.0,0.0,0.0,0.0,0.41378356,0.0,76.11723913,0.0,0.0,76.53102268,76.53102347
11362428,2021,27,Chocó,27413,Lloró,,,TCN_041,CONSEJO COMUNITARIO INTEGRAL DE LLORO_COCOILLO,SZH_1102,Alto Atrato,,,,,,,,,,,0.0,0.0,0.0,0.0,0.0,0.0,0.0,18.43932778,0.0,2.15810982,0.0,0.0,20.5974376,20.59743751
11366124,2021,27,Chocó,27413,Lloró,,,,,SZH_1102,Alto Atrato,,,,,,,,,,,0.0,0.0,0.0,0.0,0.0,0.0,0.0,0.0,0.0,6.0075,0.0,0.0,6.0075,6.0075
11375210,2021,27,Chocó,27413,Lloró,,,TCN_041,CONSEJO COMUNITARIO INTEGRAL DE LLORO_COCOILLO,SZH_1103,Río Quito,,,,,,,,,,,0.0,0.0,0.0,0.0,0.0,0.0,0.0,2.05832043,0.0,170.73309621,0.0,0.0,172.79141665,172.79141624
11385066,2021,27,Chocó,27413,Lloró,,,,,SZH_1101,Río Andagueda,,,,,,,,,,,0.0,0.0,0.0,0.0,0.0,0.0,0.0,5.25604883,0.0,0.0,0.0,0.0,5.25604883,5.25604891
11387838,2021,27,Chocó,27413,Lloró,,,TCN_041,CONSEJO COMUNITARIO INTEGRAL DE LLORO_COCOILLO,SZH_1101,Río Andagueda,,,,,,,,,,,0.0,0.0,0.0,0.0,0.0,0.0,0.0,67.27372497,0.0,20.87805244,0.0,0.0,88.15177743,88.15177724
11393998,2021,27,Chocó,27413,Lloró,,,TCN_042,POPULAR DEL ALTO ATRATO - COCOMOPOCA,SZH_1102,Alto Atrato,,,,,,,,,,,0.0,0.0,0.0,0.0,0.0,0.0,0.0,9.41573118,0.0,4.33335172,0.0,0.0,13.7490829,13.74908302
10135048,2021,27,Chocó,27425,Medio Atrato,,,,,SZH_1104,Río Bebaramá y otros Directos Atrato (md),RI_598,Rio Bebara,,,,,,,LEY2_04,Pacifico,0.0,34.66146019,0.0,0.0,0.0,0.0,0.0,2.49430461,0.0,1.64523478,34.66146019,0.0,4.13953939,38.80099817
10319540,2021,27,Chocó,27425,Medio Atrato,,,TCN_117,MAYOR DEL MEDIO ATRATO - ACIA,SZH_1104,Río Bebaramá y otros Directos Atrato (md),,,,,,,,,LEY2_04,Pacifico,0.0,21.98964986,0.0,357.21039562,4.86423762,0.0,0.0,40.45640082,2000.79801483,1.70470616,21.98964986,362.07463324,2042.95912181,2427.02340751
12355728,2021,27,Chocó,27430,Medio Baudó,,,TCN_070,ISTMINA Y PARTE DEL MEDIO SAN JUAN,SZH_5501,Río Baudó,,,,,,,,,LEY2_04,Pacifico,0.0,2.32217973,0.0,0.0,0.0,0.0,0.0,0.0,0.0,0.0,2.32217973,0.0,0.0,2.32217978
12356960,2021,27,Chocó,27430,Medio Baudó,,,TCN_160,RÍO PEPE,SZH_5501,Río Baudó,,,,,,,,,LEY2_04,Pacifico,0.0,0.0175135,0.0,0.0,0.0,0.0,0.0,0.0,2.80948552,7.683e-05,0.0175135,0.0,2.80956235,2.82707478
12406240,2021,27,Chocó,27450,Medio San Juan,,,TCN_070,ISTMINA Y PARTE DEL MEDIO SAN JUAN,SZH_5401,Río San Juan Alto,,,,,,,,,LEY2_04,Pacifico,0.0,0.0,0.0,0.0,0.0,0.0,0.0,0.0,3.7991471,0.0,0.0,0.0,3.7991471,3.7991472
12495714,2021,27,Chocó,27450,Medio San Juan,,,,,SZH_5402,Río Tamaná y otros Directos San Juan,RI_528,Peñas Del Olvido,,,,,,,,,0.0,0.0,0.0,0.0,12.4875,0.0,0.0,0.0,0.0,0.0,0.0,12.4875,0.0,12.4875
12738110,2021,27,Chocó,27450,Medio San Juan,,,TCN_070,ISTMINA Y PARTE DEL MEDIO SAN JUAN,SZH_5402,Río Tamaná y otros Directos San Juan,,,,,,,,,LEY2_04,Pacifico,0.0,0.0,0.0,0.0,0.0,0.0,0.0,0.0,9.60047101,0.0,0.0,0.0,9.60047101,9.6004692
12756590,2021,27,Chocó,27450,Medio San Juan,,,TCN_070,ISTMINA Y PARTE DEL MEDIO SAN JUAN,SZH_5402,Río Tamaná y otros Directos San Juan,,,,,,,,,,,0.0,0.0,0.0,0.0,59.27331113,0.0,0.0,3.02595225,15.55279622,0.0,0.0,59.27331113,18.57874847,77.85206209
12757822,2021,27,Chocó,27450,Medio San Juan,,,TCN_118,MAYOR DEL MUNICIPIO DE CONDOTO,SZH_5402,Río Tamaná y otros Directos San Juan,,,,,,,,,,,0.0,0.0,0.0,0.0,43.66769266,0.0,0.0,0.21944611,2.2971375,0.0,0.0,43.66769266,2.5165836,46.18427643
13037024,2021,27,Chocó,27450,Medio San Juan,,,TCN_070,ISTMINA Y PARTE DEL MEDIO SAN JUAN,SZH_5408,Río San Juan Medio,,,,,,,,,LEY2_04,Pacifico,0.0,0.0,0.0,0.0,65.72953189,0.0,0.0,0.0,389.43380489,0.0,0.0,65.72953189,389.43380489,455.16333653
13085226,2021,27,Chocó,27450,Medio San Juan,,,TCN_112,MAYOR DE NOVITA,SZH_5404,Río Cajón,,,,,,,,,LEY2_04,Pacifico,0.0,0.0,0.0,0.0,0.0,0.0,0.0,0.0,6.87185338,0.0,0.0,0.0,6.87185338,6.87185392
13343792,2021,27,Chocó,27450,Medio San Juan,,,TCN_001,ACADESAN,SZH_5408,Río San Juan Medio,,,,,,,,,LEY2_04,Pacifico,0.0,0.0,0.0,0.0,0.0,0.0,0.0,0.0,218.95490348,0.0,0.0,0.0,218.95490348,218.95490344
13365506,2021,27,Chocó,27450,Medio San Juan,,,TCN_001,ACADESAN,SZH_5402,Río Tamaná y otros Directos San Juan,,,,,,,,,LEY2_04,Pacifico,0.0,0.0,0.0,0.0,5.8989433,0.0,0.0,0.7851691,468.73295858,0.0,0.0,5.8989433,469.51812768,475.41707039
13754356,2021,27,Chocó,27450,Medio San Juan,,,,,SZH_5408,Río San Juan Medio,RI_560,"Puado, La Lerma, Matare Y Terdo",,,,,,,LEY2_04,Pacifico,0.0,0.0,0.0,0.0,0.0,0.0,0.0,0.0,0.0,9.39612203,0.0,0.0,9.39612203,9.39612188
13754818,2021,27,Chocó,27450,Medio San Juan,,,,,SZH_5405,Río Capoma y otros directos al San Juan,RI_560,"Puado, La Lerma, Matare Y Terdo",,,,,,,LEY2_04,Pacifico,0.0,0.0,0.0,0.0,0.0,0.0,0.0,0.0,0.0,5.13887797,0.0,0.0,5.13887797,5.13887812
13887874,2021,27,Chocó,27450,Medio San Juan,,,TCN_001,ACADESAN,SZH_5405,Río Capoma y otros directos al San Juan,,,,,,,,,LEY2_04,Pacifico,0.0,0.0,0.0,0.0,0.0,0.0,0.0,0.0,2.655,0.945,0.0,0.0,3.6,3.6
13902504,2021,27,Chocó,27450,Medio San Juan,,,TCN_001,ACADESAN,SZH_5404,Río Cajón,,,,,,,,,LEY2_04,Pacifico,0.0,0.0,0.0,0.0,0.0,0.0,0.0,0.0,319.28011514,0.0,0.0,0.0,319.28011514,319.2801155
13128192,2021,27,Chocó,27491,Nóvita,,,,,SZH_5402,Río Tamaná y otros Directos San Juan,,,,,,,,,LEY2_04,Pacifico,0.0,0.0,0.0,0.0,0.0,0.0,0.0,0.0,0.09045965,0.0,0.0,0.0,0.09045965,0.09045975
13330856,2021,27,Chocó,27491,Nóvita,,,TCN_112,MAYOR DE NOVITA,SZH_5402,Río Tamaná y otros Directos San Juan,,,,,,,,,,,0.0,99.81486844,0.0,0.0,32.32519985,0.0,0.0,44.32779164,464.40429558,0.0,99.81486844,32.32519985,508.73208721,640.87215633
13432650,2021,27,Chocó,27491,Nóvita,,,TCN_112,MAYOR DE NOVITA,SZH_5404,Río Cajón,,,,,,,,,LEY2_04,Pacifico,0.0,594.81371833,0.0,0.0,0.0,0.0,0.0,246.79247447,867.99467468,0.0,594.81371833,0.0,1114.78714915,1709.60086267
13481468,2021,27,Chocó,27491,Nóvita,,,TCN_112,MAYOR DE NOVITA,SZH_5402,Río Tamaná y otros Directos San Juan,,,,,,,,,LEY2_04,Pacifico,0.0,272.21219057,0.0,0.0,0.0,0.0,0.0,0.0,428.73489118,0.0,272.21219057,0.0,428.73489118,700.94709023
13809180,2021,27,Chocó,27491,Nóvita,,,TCN_001,ACADESAN,SZH_5403,Río Sipí,,,,,,,,,LEY2_04,Pacifico,0.0,0.0,0.0,0.0,0.0,0.0,0.0,0.0,36.04840364,0.0,0.0,0.0,36.04840364,36.04840305
13849836,2021,27,Chocó,27491,Nóvita,,,,,SZH_5403,Río Sipí,,,,,,,,,LEY2_04,Pacifico,0.0,0.0,0.0,0.0,0.0,0.0,0.0,0.2058119,0.27545544,0.04112406,0.0,0.0,0.5223914,0.52239135
13987974,2021,27,Chocó,27491,Nóvita,,,TCN_001,ACADESAN,SZH_5404,Río Cajón,,,,,,,,,LEY2_04,Pacifico,0.0,429.02684976,0.0,0.0,200.56459382,0.0,0.0,48.53887358,1909.94500824,0.0,429.02684976,200.56459382,1958.48388182,2588.07532523
12296130,2021,27,Chocó,27580,Río Iró,,,TCN_114,"MAYOR DEL ALTO SAN JUAN ""ASOCASAN""",SZH_5401,Río San Juan Alto,,,,,,,,,,,0.0,0.0,0.0,0.0,0.0,0.0,0.0,0.0,18.54397592,0.0,0.0,0.0,18.54397592,18.54397515
12308912,2021,27,Chocó,27580,Río Iró,,,,,SZH_5402,Río Tamaná y otros Directos San Juan,,,,,,,,,,,0.0,0.0,0.0,0.0,0.0,0.0,0.0,0.0,3.46409249,0.0,0.0,0.0,3.46409249,3.46409325
12673738,2021,27,Chocó,27580,Río Iró,,,TCN_118,MAYOR DEL MUNICIPIO DE CONDOTO,SZH_5402,Río Tamaná y otros Directos San Juan,,,,,,,,,,,0.0,9.16773378,0.0,0.0,8.3297576,0.0,0.0,0.0,437.09986569,0.0,9.16773378,8.3297576,437.09986569,454.59735903
11016698,2021,27,Chocó,27600,Río Quito,,,TCN_042,POPULAR DEL ALTO ATRATO - COCOMOPOCA,SZH_1103,Río Quito,,,,,,,,,LEY2_04,Pacifico,0.0,0.0,0.0,0.0,0.0,0.0,0.0,0.0,0.0,17.31539529,0.0,0.0,17.31539529,17.3153955
11464684,2021,27,Chocó,27600,Río Quito,,,TCN_130,PAIMADO,SZH_1103,Río Quito,,,,,,,,,LEY2_04,Pacifico,0.0,0.0,0.0,0.0,98.21220234,0.0,0.0,194.36761756,1057.79179049,86.53517607,0.0,98.21220234,1338.69458413,1436.90678688
11474540,2021,27,Chocó,27600,Río Quito,,,TCN_116,"MAYOR DEL CANTÓN DE SAN PABLO ""ACISANP""",SZH_1103,Río Quito,,,,,,,,,LEY2_04,Pacifico,0.0,0.0,0.0,0.0,0.0,0.0,0.0,47.28166218,170.47301034,0.0,0.0,0.0,217.75467251,217.75467034
12626922,2021,27,Chocó,27600,Río Quito,,,TCN_192,VILLA CONTO,SZH_1103,Río Quito,,,,,,,,,LEY2_04,Pacifico,0.0,0.0,0.0,0.0,0.0,0.0,0.0,0.16603007,816.68481933,40.09589609,0.0,0.0,856.94674547,856.94674248
12661418,2021,27,Chocó,27600,Río Quito,,,TCN_170,SAN ISIDRO,SZH_1103,Río Quito,,,,,,,,,LEY2_04,Pacifico,0.0,0.0,0.0,0.0,0.0,0.0,0.0,0.0,398.02170681,127.7374478,0.0,0.0,525.75915462,525.75915864
12962334,2021,27,Chocó,27600,Río Quito,,,,,SZH_1103,Río Quito,,,,,,,,,LEY2_04,Pacifico,0.0,0.0,0.0,0.0,341.26670651,0.0,0.0,0.35621139,891.55322472,2.98917366,0.0,341.26670651,894.89860976,1236.16531181
5671358,2021,27,Chocó,27615,Riosucio,,,TCN_156,RÍO JIGUAMIANDÓ,SZH_1110,Río Murindó - Directos al Atrato,,,,,,,,,,,0.0,0.62095723,0.0,0.0,0.0,0.0,0.0,169.13527147,0.0,0.68918533,0.62095723,0.0,169.8244568,170.44541281
5675054,2021,27,Chocó,27615,Riosucio,,,,,SZH_1110,Río Murindó - Directos al Atrato,RI_731,Urada Jiguamiando,,,,,,,,,0.0,2.39717988,0.0,0.0,0.0,0.0,0.0,100.51306812,0.0,0.34693207,2.39717988,0.0,100.86000019,103.25718136
13652562,2021,27,Chocó,27660,San José del Palmar,,,TCN_112,MAYOR DE NOVITA,SZH_5402,Río Tamaná y otros Directos San Juan,,,,,,,,,,,0.0,0.0,0.0,0.0,0.0,0.0,0.0,0.0,21.42038535,0.0,0.0,0.0,21.42038535,21.42038586
14071596,2021,27,Chocó,27660,San José del Palmar,,,TCN_112,MAYOR DE NOVITA,SZH_5402,Río Tamaná y otros Directos San Juan,,,,,,,,,LEY2_04,Pacifico,0.0,0.0,0.0,0.0,0.0,0.0,0.0,0.0,17.12211465,0.0,0.0,0.0,17.12211465,17.12211412
13855996,2021,27,Chocó,27745,Sipí,,,,,SZH_5403,Río Sipí,,,,,,,,,LEY2_04,Pacifico,0.0,0.0,0.0,0.0,0.0,0.0,0.0,12.44695076,39.6468542,30.52746649,0.0,0.0,82.62127144,82.62127245
13895574,2021,27,Chocó,27745,Sipí,,,TCN_001,ACADESAN,SZH_5403,Río Sipí,,,,,,,,,LEY2_04,Pacifico,0.0,91.11774605,0.0,0.0,0.0,0.0,0.0,1.64830295,582.42732423,0.03012512,91.11774605,0.0,584.10575229,675.22349737
11889724,2021,27,Chocó,27787,Tadó,,,TCN_113,"MAYOR DE UNIÓN PANAMERICANA ""COCO MAUPA""",SZH_5401,Río San Juan Alto,,,,,,,,,,,0.0,0.93361337,0.0,0.0,12.5447031,0.0,0.0,0.0,0.0,0.26996028,0.93361337,12.5447031,0.26996028,13.74827771
12183864,2021,27,Chocó,27787,Tadó,,,,,SZH_5401,Río San Juan Alto,,,,,,,,,,,0.0,26.73235408,0.0,2.35007639,16.57158011,0.0,0.0,4.36984468,45.97226934,0.0,26.73235408,18.9216565,50.34211402,95.99612682
12229448,2021,27,Chocó,27787,Tadó,,,TCN_070,ISTMINA Y PARTE DEL MEDIO SAN JUAN,SZH_5401,Río San Juan Alto,,,,,,,,,,,0.0,0.0,0.0,0.0,0.0,0.0,0.0,1.48143966,9.89242256,0.0,0.0,0.0,11.37386223,11.3738622
13597122,2021,27,Chocó,27787,Tadó,,,TCN_114,"MAYOR DEL ALTO SAN JUAN ""ASOCASAN""",SZH_5401,Río San Juan Alto,,,,,,,,,,,0.0,0.0,0.0,73.37370832,36.9096177,0.0,0.0,10.25302343,759.11482264,0.0,0.0,110.28332602,769.36784605,879.65117389
13598354,2021,27,Chocó,27787,Tadó,,,,,SZH_5401,Río San Juan Alto,RI_451,Mondo Mondocito,,,,,,,,,0.0,0.0,0.0,0.0,0.0,0.0,0.0,6.21,0.0,0.0,0.0,0.0,6.21,6.21
1571262,2021,27,Chocó,27800,Unguía,,,,,SZH_1115,Río Tanela y otros Directos al Atrato,,,,,,,,,,,0.0,0.0,0.0,0.0,0.0,0.0,0.0,59.5575,0.0,24.66,0.0,0.0,84.2175,84.2175
11602976,2021,27,Chocó,27810,Unión Panamericana,,,TCN_032,CÉRTEGUI,SZH_1103,Río Quito,,,,,,,,,LEY2_04,Pacifico,0.0,0.0,0.0,0.0,3.91102666,0.0,0.0,0.0,177.13822891,52.49368518,0.0,3.91102666,229.63191407,233.54294122
11823196,2021,27,Chocó,27810,Unión Panamericana,,,TCN_116,"MAYOR DEL CANTÓN DE SAN PABLO ""ACISANP""",SZH_1103,Río Quito,,,,,,,,,LEY2_04,Pacifico,0.0,0.0,0.0,0.0,48.53815237,0.0,0.0,0.0,52.80750438,18.81230807,0.0,48.53815237,71.61981245,120.15796376
11856460,2021,27,Chocó,27810,Unión Panamericana,,,,,SZH_1103,Río Quito,,,,,,,,,LEY2_04,Pacifico,0.0,0.0,0.0,0.0,2.58270362,0.0,0.0,0.0,0.34372425,0.0,0.0,2.58270362,0.34372425,2.92642827
11874940,2021,27,Chocó,27810,Unión Panamericana,,,,,SZH_1103,Río Quito,,,,,,,,,,,0.0,5.26032437,0.0,0.0,3.92124989,0.0,0.0,0.0,0.0,0.0,5.26032437,3.92124989,0.0,9.18157518
12190024,2021,27,Chocó,27810,Unión Panamericana,,,TCN_113,"MAYOR DE UNIÓN PANAMERICANA ""COCO MAUPA""",SZH_1103,Río Quito,,,,,,,,,,,0.0,122.48844539,0.0,0.0,345.74057875,0.0,0.0,0.94772292,232.00305535,7.22548213,122.48844539,345.74057875,240.1762604,708.40529439
12202344,2021,27,Chocó,27810,Unión Panamericana,,,TCN_113,"MAYOR DE UNIÓN PANAMERICANA ""COCO MAUPA""",SZH_1103,Río Quito,,,,,,,,,LEY2_04,Pacifico,0.0,47.64399876,0.0,0.0,252.39507891,0.0,0.0,102.80735067,715.08582991,64.76353228,47.64399876,252.39507891,882.65671285,1182.69578508
12210968,2021,27,Chocó,27810,Unión Panamericana,,,TCN_113,"MAYOR DE UNIÓN PANAMERICANA ""COCO MAUPA""",SZH_5401,Río San Juan Alto,,,,,,,,,LEY2_04,Pacifico,0.0,38.02193075,0.0,0.0,0.0,0.0,0.0,0.0,0.413088,1.44121809,38.02193075,0.0,1.85430609,39.87623481
12239304,2021,27,Chocó,27810,Unión Panamericana,,,TCN_113,"MAYOR DE UNIÓN PANAMERICANA ""COCO MAUPA""",SZH_5401,Río San Juan Alto,,,,,,,,,,,0.0,58.78628899,0.0,0.0,533.35656279,0.0,0.0,1.2825,252.2212904,0.05198953,58.78628899,533.35656279,253.55577993,845.69862716
9853382,2021,44,La Guajira,44090,Dibulla,,,,,SZH_1503,Río Ancho y Otros Directos al caribe,,,,,,,,,,,0.0,0.0,0.0,0.0,0.0,0.0,0.0,0.0,0.0,1.9125,0.0,0.0,1.9125,1.9125
140910,2021,52,Nariño,52079,Barbacoas,,,TCN_068,INTEGRACIÓN DE TELEMBÍ,SZH_5206,Río Telembí,,,,,,,,,LEY2_04,Pacifico,0.0,0.0,0.0,0.0,5.65132196,0.0,0.0,1.79e-06,231.38102883,0.14077817,0.0,5.65132196,231.52180878,237.17311905
181258,2021,52,Nariño,52079,Barbacoas,,,TCN_087,LA GRAN MINGA DE LOS RÍOS INGUAMBÍ Y ALBÍ,SZH_5206,Río Telembí,,,,,,,,,LEY2_04,Pacifico,0.0,0.0,0.0,0.0,0.0,0.0,0.0,0.0,56.18789688,0.00037263,0.0,0.0,56.18826951,56.1882711
226380,2021,52,Nariño,52079,Barbacoas,,,TCN_096,LA NUEVA RESERVA DE ACANURE,SZH_5206,Río Telembí,,,,,,,,,LEY2_04,Pacifico,0.0,0.0,0.0,0.0,0.0,0.0,0.0,0.0,0.0,2.22796737,0.0,0.0,2.22796737,2.2279668
430276,2021,52,Nariño,52079,Barbacoas,,,TCN_146,RENACER TELEMBÍ,SZH_5207,Río Patia Medio,,,,,,,,,LEY2_04,Pacifico,0.0,0.0,0.0,0.0,0.0,0.0,0.0,0.0,0.15505351,0.0,0.0,0.0,0.15505351,0.15505327
461076,2021,52,Nariño,52079,Barbacoas,,,TCN_052,EL BIEN DEL FUTURO,SZH_5206,Río Telembí,,,,,,,,,LEY2_04,Pacifico,0.0,0.0,0.0,0.0,33.42642099,0.0,0.0,0.0,90.71474575,2.1375,0.0,33.42642099,92.85224575,126.27866638
468930,2021,52,Nariño,52079,Barbacoas,,,TCN_053,EL CUERVAL,SZH_5206,Río Telembí,,,,,,,,,LEY2_04,Pacifico,0.0,0.0,0.0,0.0,0.0,0.0,0.0,0.0,0.11085881,0.0,0.0,0.0,0.11085881,0.110859
509124,2021,52,Nariño,52079,Barbacoas,,,TCN_146,RENACER TELEMBÍ,SZH_5206,Río Telembí,,,,,,,,,LEY2_04,Pacifico,0.0,0.0,0.0,0.0,24.956654,0.0,0.0,0.0,25.29334365,1.87496811,0.0,24.956654,27.16831177,52.12496646
564102,2021,52,Nariño,52079,Barbacoas,,,TCN_125,NUEVA ALIANZA,SZH_5206,Río Telembí,,,,,,,,,LEY2_04,Pacifico,0.0,96.95427641,0.0,0.0,23.77275124,0.0,0.0,0.0,162.43647631,6.14216493,96.95427641,23.77275124,168.57864125,289.30566962
686686,2021,52,Nariño,52079,Barbacoas,,,TCN_006,ALEJANDRO RINCON DEL RIO ÑAMBÌ,SZH_5206,Río Telembí,,,,,,,,,LEY2_04,Pacifico,0.0,10.30366604,0.0,0.0,0.0,0.0,0.0,0.0,2.3175,0.0,10.30366604,0.0,2.3175,12.62116605
697928,2021,52,Nariño,52079,Barbacoas,,,TCN_023,BRISAS DEL ALTO TELEMBÍ,SZH_5206,Río Telembí,,,,,,,,,LEY2_04,Pacifico,0.0,36.94520766,0.0,0.0,0.0,0.0,0.0,7.29,3.65707566,0.0,36.94520766,0.0,10.94707566,47.89228247
705474,2021,52,Nariño,52079,Barbacoas,,,,,SZH_5206,Río Telembí,RI_496,Resguardo Indígena Awa de Nunalbi Alto Ulbi,,,,,,,LEY2_04,Pacifico,0.0,0.0,0.0,0.0,0.0,0.0,0.0,0.0,0.0,8.11949155,0.0,0.0,8.11949155,8.11949138
709170,2021,52,Nariño,52079,Barbacoas,,,TCN_184,BAJO RÍO GUELMAMBÍ,SZH_5206,Río Telembí,,,,,,,,,LEY2_04,Pacifico,0.0,0.0,0.0,0.0,125.93408859,0.0,0.0,0.0,280.24144542,5.52708005,0.0,125.93408859,285.76852547,411.7026135
712866,2021,52,Nariño,52079,Barbacoas,,,TCN_110,MANOS UNIDAS DEL SOCORRO,SZH_5206,Río Telembí,,,,,,,,,LEY2_04,Pacifico,0.0,0.0,0.0,0.0,43.87535812,0.0,0.0,0.0,137.73312359,5.66584488,0.0,43.87535812,143.39896847,187.27432807
719026,2021,52,Nariño,52079,Barbacoas,,,,,SZH_5206,Río Telembí,RI_542,"Pipalta, Palbi, Yaguapi",,,,,,,LEY2_04,Pacifico,0.0,0.0,0.0,0.0,0.0,0.0,0.0,0.0,0.0,8.73,0.0,0.0,8.73,8.73
727650,2021,52,Nariño,52079,Barbacoas,,,TCN_088,LA GRAN UNIÓN DEL RIO TELPÍ,SZH_5206,Río Telembí,,,,,,,,,LEY2_04,Pacifico,0.0,0.0,0.0,0.0,101.94846894,0.0,0.0,0.0,0.0,56.16775299,0.0,101.94846894,56.16775299,158.11622185
738892,2021,52,Nariño,52079,Barbacoas,,,TCN_094,LA NUEVA ESPERANZA,SZH_5206,Río Telembí,,,,,,,,,LEY2_04,Pacifico,0.0,0.0,0.0,0.0,11.84355387,0.0,0.0,3.5994235,7.01928312,24.43157244,0.0,11.84355387,35.05027906,46.89383277
740124,2021,52,Nariño,52079,Barbacoas,,,TCN_198,RENACER CAMPESINO,SZH_5206,Río Telembí,,,,,,,,,LEY2_04,Pacifico,0.0,0.0,0.0,0.0,6.23956133,0.0,0.0,4.15151331,0.0,1.43894223,0.0,6.23956133,5.59045554,11.83001738
745052,2021,52,Nariño,52079,Barbacoas,,,,,SZH_5206,Río Telembí,,,,,,,,,LEY2_04,Pacifico,0.0,0.0,0.0,0.0,10.01147934,0.0,0.0,5.94498313,3.53164186,20.11273714,0.0,10.01147934,29.58936213,39.60084045
762300,2021,52,Nariño,52079,Barbacoas,,,,,SZH_5206,Río Telembí,RI_720,"Tronqueria, Pulgande Y Palicito",,,,,,,LEY2_04,Pacifico,0.0,0.0,0.0,0.0,0.0,0.0,0.0,22.54649682,0.0,0.0,0.0,0.0,22.54649682,22.54649671
601216,2021,52,Nariño,52250,El Charco,,,TCN_141,PRO-DEFENSA DEL RÍO TAPAJE,SZH_5303,Río Iscuandé,,,,,,,,,LEY2_04,Pacifico,0.0,0.0,0.0,0.0,0.0,0.0,0.0,0.0,166.3930783,8.91148299,0.0,0.0,175.30456128,175.3045606
15158066,2021,52,Nariño,52250,El Charco,,,TCN_080,LA CUENCA DEL RÍO ISCUANDÉ,SZH_5302,Río Tapaje,,,,,,,,,LEY2_04,Pacifico,0.0,0.0,0.0,0.0,0.0,0.0,0.0,0.0,0.0,13.41786315,0.0,0.0,13.41786315,13.41786345
15239686,2021,52,Nariño,52250,El Charco,,,TCN_141,PRO-DEFENSA DEL RÍO TAPAJE,SZH_5302,Río Tapaje,,,,,,,,,LEY2_04,Pacifico,0.0,0.0,0.0,0.0,0.0,0.0,0.0,0.0,36.4488392,8.24509337,0.0,0.0,44.69393257,44.69393234
696696,2021,52,Nariño,52385,La Llanada,,,TCN_023,BRISAS DEL ALTO TELEMBÍ,SZH_5206,Río Telembí,,,,,,,,,LEY2_04,Pacifico,0.0,0.0,0.0,0.0,0.0,0.0,0.0,2.67618591,0.0,0.0,0.0,0.0,2.67618591,2.676186
700546,2021,52,Nariño,52418,Los Andes,,,TCN_023,BRISAS DEL ALTO TELEMBÍ,SZH_5206,Río Telembí,,,,,,,,,LEY2_04,Pacifico,0.0,3.84729234,0.0,0.0,0.0,0.0,0.0,42.43631409,0.0,0.0,3.84729234,0.0,42.43631409,46.28360712
702548,2021,52,Nariño,52418,Los Andes,,,,,SZH_5206,Río Telembí,,,,,,,,,LEY2_04,Pacifico,0.0,0.0,0.0,0.0,0.0,0.0,0.0,48.6675,0.0,0.0,0.0,0.0,48.6675,48.6675
58520,2021,52,Nariño,52427,Magüí,,,TCN_098,LA VOZ DE LOS NEGROS,SZH_5206,Río Telembí,,,,,,,,,LEY2_04,Pacifico,0.0,0.0,0.0,0.0,0.0,0.0,0.0,0.0,25.15659364,0.0,0.0,0.0,25.15659364,25.156593
71918,2021,52,Nariño,52427,Magüí,,,TCN_068,INTEGRACIÓN DE TELEMBÍ,SZH_5207,Río Patia Medio,,,,,,,,,LEY2_04,Pacifico,0.0,0.0,0.0,0.0,0.0,0.0,0.0,14.61169079,46.89252582,0.11542462,0.0,0.0,61.61964123,61.6196489
112420,2021,52,Nariño,52427,Magüí,,,TCN_068,INTEGRACIÓN DE TELEMBÍ,SZH_5206,Río Telembí,,,,,,,,,LEY2_04,Pacifico,0.0,0.0,0.0,0.0,0.0,0.0,0.0,0.0,125.76133271,0.00011521,0.0,0.0,125.76144791,125.76145143
235928,2021,52,Nariño,52427,Magüí,,,TCN_109,MANOS AMIGAS DEL PATÍA GRANDE,SZH_5303,Río Iscuandé,,,,,,,,,LEY2_04,Pacifico,0.0,0.0,0.0,0.0,0.0,0.0,0.0,0.0,10.98360306,0.0,0.0,0.0,10.98360306,10.98360277
288904,2021,52,Nariño,52427,Magüí,,,TCN_109,MANOS AMIGAS DEL PATÍA GRANDE,SZH_5207,Río Patia Medio,,,,,,,,,LEY2_04,Pacifico,0.0,0.0,0.0,0.0,0.0,0.0,0.0,0.0,43.74,0.0,0.0,0.0,43.74,43.74000001
374220,2021,52,Nariño,52427,Magüí,,,TCN_098,LA VOZ DE LOS NEGROS,SZH_5207,Río Patia Medio,,,,,,,,,LEY2_04,Pacifico,0.0,337.95438855,0.0,0.0,0.0,0.0,0.0,0.0,281.30894614,11.86724705,337.95438855,0.0,293.17619319,631.13057894
385000,2021,52,Nariño,52427,Magüí,,,TCN_073,LA AMISTAD,SZH_5207,Río Patia Medio,,,,,,,,,LEY2_04,Pacifico,0.0,0.0,0.0,0.0,0.0,0.0,0.0,0.0,27.675,0.0,0.0,0.0,27.675,27.67499999
398244,2021,52,Nariño,52427,Magüí,,,,,SZH_5207,Río Patia Medio,,,,,,,,,LEY2_04,Pacifico,0.0,59.09319942,0.0,0.0,21.22543489,0.0,0.0,30.80091334,66.33822851,39.29458506,59.09319942,21.22543489,136.43372691,216.75236615
419034,2021,52,Nariño,52427,Magüí,,,TCN_052,EL BIEN DEL FUTURO,SZH_5207,Río Patia Medio,,,,,,,,,LEY2_04,Pacifico,0.0,0.0,0.0,0.0,0.0,0.0,0.0,15.57359851,48.66916037,0.0,0.0,0.0,64.24275888,64.24275637
420266,2021,52,Nariño,52427,Magüí,,,TCN_146,RENACER TELEMBÍ,SZH_5207,Río Patia Medio,,,,,,,,,LEY2_04,Pacifico,0.0,0.0,0.0,0.0,0.0,0.0,0.0,0.97411912,96.56426433,4.83193849,0.0,0.0,102.37032194,102.37032279
15238300,2021,52,Nariño,52427,Magüí,,,TCN_141,PRO-DEFENSA DEL RÍO TAPAJE,SZH_5302,Río Tapaje,,,,,,,,,LEY2_04,Pacifico,0.0,0.0,0.0,0.0,2.9925,0.0,0.0,0.0,0.0,0.0,0.0,2.9925,0.0,2.9925
46508,2021,52,Nariño,52621,Roberto Payán,,,TCN_003,AGRICULTORES DEL PATÍA GRANDE,SZH_5209,Río Patia Bajo,,,,,,,,,LEY2_04,Pacifico,0.0,0.0,0.0,0.0,0.0,0.0,0.0,0.0,0.0,33.18749999,0.0,0.0,33.18749999,33.1875
113652,2021,52,Nariño,52621,Roberto Payán,,,TCN_068,INTEGRACIÓN DE TELEMBÍ,SZH_5206,Río Telembí,,,,,,,,,LEY2_04,Pacifico,0.0,0.0,0.0,0.0,0.0,0.0,0.0,0.0,35.39238268,1.68883743,0.0,0.0,37.08122011,37.08121983
119966,2021,52,Nariño,52621,Roberto Payán,,,TCN_185,UNIÓN DE CUENCAS DE ISAGUALPI,SZH_5206,Río Telembí,,,,,,,,,,,0.0,0.0,0.0,0.0,2.54094562,0.0,0.0,0.0,0.0,0.0,0.0,2.54094562,0.0,2.54094503
158620,2021,52,Nariño,52621,Roberto Payán,,,TCN_087,LA GRAN MINGA DE LOS RÍOS INGUAMBÍ Y ALBÍ,SZH_5206,Río Telembí,,,,,,,,,LEY2_04,Pacifico,0.0,0.0,0.0,0.0,0.0,0.0,0.0,0.0,43.29221707,0.0,0.0,0.0,43.29221707,43.2922167
159852,2021,52,Nariño,52621,Roberto Payán,,,TCN_185,UNIÓN DE CUENCAS DE ISAGUALPI,SZH_5206,Río Telembí,,,,,,,,,LEY2_04,Pacifico,0.0,0.0,0.0,0.0,3.46655438,0.0,0.0,0.0,2.99271348,0.0,0.0,3.46655438,2.99271348,6.45926858
757372,2021,52,Nariño,52678,Samaniego,,,,,SZH_5206,Río Telembí,RI_720,"Tronqueria, Pulgande Y Palicito",,,,,,,LEY2_04,Pacifico,0.0,0.0,0.0,0.0,0.0,0.0,0.0,4.58850317,0.0,0.0,0.0,0.0,4.58850317,4.5885033
15332702,2021,52,Nariño,52696,Santa Bárbara,,,TCN_080,LA CUENCA DEL RÍO ISCUANDÉ,SZH_5303,Río Iscuandé,,,,,,,,,LEY2_04,Pacifico,0.0,0.0,0.0,0.0,11.49023317,0.0,0.0,107.00466288,0.95678398,108.06335986,0.0,11.49023317,216.02480675,227.51504082
153692,2021,52,Nariño,52835,San Andrés de Tumaco,,,TCN_087,LA GRAN MINGA DE LOS RÍOS INGUAMBÍ Y ALBÍ,SZH_5206,Río Telembí,,,,,,,,,LEY2_04,Pacifico,0.0,0.0,0.0,0.0,0.0,0.0,0.0,0.0,16.7596527,0.00053515,0.0,0.0,16.76018785,16.76018715
191422,2021,52,Nariño,52835,San Andrés de Tumaco,,,TCN_185,UNIÓN DE CUENCAS DE ISAGUALPI,SZH_5206,Río Telembí,,,,,,,,,LEY2_04,Pacifico,0.0,0.0,0.0,0.0,0.0,0.0,0.0,0.0,11.75006118,0.0,0.0,0.0,11.75006118,11.7500613
197890,2021,52,Nariño,52835,San Andrés de Tumaco,,,TCN_110,MANOS UNIDAS DEL SOCORRO,SZH_5206,Río Telembí,,,,,,,,,LEY2_04,Pacifico,0.0,0.0,0.0,0.0,0.0,0.0,0.0,0.0,17.99456049,0.00016485,0.0,0.0,17.99472534,17.9947251
14429954,2021,73,Tolima,73217,Coyaima,,,,,SZH_2208,Bajo Saldaña,,,,,,,,,,,0.0,25.81558605,0.0,0.0,0.0,0.0,0.0,1.99370991,0.0,0.33820404,25.81558605,0.0,2.33191395,28.1475
14041104,2021,76,Valle Del Cauca,76109,Buenaventura,,,TCN_075,LA BREA,SZH_5407,Ríos Calima y Bajo San Juan,,,,,,,,,LEY2_04,Pacifico,0.0,0.0,0.0,0.0,0.0,0.0,0.0,0.0,1.58753852,52.52364482,0.0,0.0,54.11118333,54.11118412
14046032,2021,76,Valle Del Cauca,76109,Buenaventura,,,,,SZH_5407,Ríos Calima y Bajo San Juan,RI_141,Chonara Huena,,,,,,,LEY2_04,Pacifico,0.0,0.0,0.0,0.0,0.0,0.0,0.0,5.57035314,0.92540067,2.23876925,0.0,0.0,8.73452306,8.73452422
14048496,2021,76,Valle Del Cauca,76109,Buenaventura,,,TCN_085,LA ESPERANZA,SZH_5407,Ríos Calima y Bajo San Juan,,,,,,,,,LEY2_04,Pacifico,0.0,0.0,0.0,0.0,0.0,0.0,0.0,0.41617153,0.0,0.02930541,0.0,0.0,0.44547694,0.44547577
14127036,2021,76,Valle Del Cauca,76109,Buenaventura,,,TCN_179,TAPARAL,SZH_5311,Dagua - Buenaventura - Bahia Málaga,,,RFPN_02,Río Anchicayá,,,,,LEY2_04,Pacifico,0.0,0.0,0.0,0.0,0.0,0.0,0.0,0.0,0.0,9.56716735,0.0,0.0,9.56716735,9.56716754
14130732,2021,76,Valle Del Cauca,76109,Buenaventura,,,TCN_120,MAYOR DEL RÍO ANCHICAYA,SZH_5311,Dagua - Buenaventura - Bahia Málaga,,,RFPN_02,Río Anchicayá,,,,,LEY2_04,Pacifico,0.0,0.0,0.0,0.0,0.0,0.0,0.0,0.0,0.0,18.48783194,0.0,0.0,18.48783194,18.48783195
14145516,2021,76,Valle Del Cauca,76109,Buenaventura,,,TCN_166,SABALETAS,SZH_5310,Río Anchicayá,,,RFPN_02,Río Anchicayá,,,,,LEY2_04,Pacifico,0.0,0.0,0.0,0.0,0.0,0.0,0.0,0.0,17.41460803,0.06104219,0.0,0.0,17.47565022,17.47564987
14149212,2021,76,Valle Del Cauca,76109,Buenaventura,,,TCN_120,MAYOR DEL RÍO ANCHICAYA,SZH_5310,Río Anchicayá,,,RFPN_02,Río Anchicayá,,,,,LEY2_04,Pacifico,0.0,0.0,0.0,0.0,0.0,0.0,0.0,0.0,1.06376059,33.52750071,0.0,0.0,34.5912613,34.59126104
14150444,2021,76,Valle Del Cauca,76109,Buenaventura,,,TCN_100,LIMONES,SZH_5310,Río Anchicayá,,,RFPN_02,Río Anchicayá,,,,,LEY2_04,Pacifico,0.0,0.0,0.0,0.0,0.0,0.0,0.0,0.0,15.60139688,0.17169232,0.0,0.0,15.7730892,15.7730896
14151676,2021,76,Valle Del Cauca,76109,Buenaventura,,,TCN_063,GUAIMÍA,SZH_5310,Río Anchicayá,,,RFPN_02,Río Anchicayá,,,,,LEY2_04,Pacifico,0.0,0.0,0.0,0.0,0.0,0.0,0.0,0.0,2.07,0.0,0.0,0.0,2.07,2.07
14157990,2021,76,Valle Del Cauca,76109,Buenaventura,,,TCN_173,SAN MARCOS,SZH_5310,Río Anchicayá,,,RFPN_02,Río Anchicayá,,,,,LEY2_04,Pacifico,0.0,0.0,0.0,0.0,0.0,0.0,0.0,0.0,20.55977424,0.49992116,0.0,0.0,21.0596954,21.0596955
14183862,2021,76,Valle Del Cauca,76109,Buenaventura,,,TCN_101,LLANO BAJO,SZH_5310,Río Anchicayá,,,RFPN_02,Río Anchicayá,,,,,LEY2_04,Pacifico,0.0,0.0,0.0,0.0,0.0,0.0,0.0,0.0,11.9028046,0.0,0.0,0.0,11.9028046,11.9028045
14213738,2021,76,Valle Del Cauca,76109,Buenaventura,,,TCN_121,MAYORQUÍN Y PAPAYAL,SZH_5309,Ríos Cajambre - Mayorquín - Raposo,,,,,,,,,LEY2_04,Pacifico,0.0,0.0,0.0,0.0,0.0,0.0,0.0,0.0,0.0,20.655,0.0,0.0,20.655,20.655
14222670,2021,76,Valle Del Cauca,76109,Buenaventura,,,TCN_162,RÍO RAPOSO,SZH_5309,Ríos Cajambre - Mayorquín - Raposo,,,,,,,,,LEY2_04,Pacifico,0.0,0.0,0.0,0.0,0.0,0.0,0.0,0.0,17.21756967,0.0,0.0,0.0,17.21756967,17.21757031
14224056,2021,76,Valle Del Cauca,76109,Buenaventura,,,,,SZH_5309,Ríos Cajambre - Mayorquín - Raposo,,,,,,,PNN_02020018,Farallones de Cali,LEY2_04,Pacifico,0.0,0.0,0.0,0.0,0.0,0.0,0.0,0.0,2.59350816,3.18392217,0.0,0.0,5.77743033,5.7774297
14259630,2021,76,Valle Del Cauca,76109,Buenaventura,,,TCN_037,CITRONELA RÍO DAGUA,SZH_5311,Dagua - Buenaventura - Bahia Málaga,,,,,,,,,LEY2_04,Pacifico,0.0,0.0,0.0,0.0,0.0,0.0,0.0,0.0,0.0,3.5297808,0.0,0.0,3.5297808,3.52978065
14272258,2021,76,Valle Del Cauca,76109,Buenaventura,,,TCN_043,CORDOBA Y SAN CIPRIANO,SZH_5407,Ríos Calima y Bajo San Juan,,,,,,,,,LEY2_04,Pacifico,0.0,0.0,0.0,0.0,0.0,0.0,0.0,0.0,0.00943173,0.0,0.0,0.0,0.00943173,0.00943178
14281806,2021,76,Valle Del Cauca,76109,Buenaventura,,,TCN_043,CORDOBA Y SAN CIPRIANO,SZH_5311,Dagua - Buenaventura - Bahia Málaga,,,,,,,,,LEY2_04,Pacifico,0.0,1.23602851,0.0,0.0,0.0,0.0,0.0,0.0,11.38831295,16.48493821,1.23602851,0.0,27.87325117,29.10927937
14334320,2021,76,Valle Del Cauca,76109,Buenaventura,,,TCN_111,MAYOR DE LA CUENCA MEDIA Y ALTA DEL RÍO DAGUA,SZH_5311,Dagua - Buenaventura - Bahia Málaga,,,,,,,,,,,0.0,1.54510435,0.0,0.0,0.0,0.0,0.0,0.0,0.9420675,0.57416572,1.54510435,0.0,1.51623323,3.06133763
14339248,2021,76,Valle Del Cauca,76109,Buenaventura,,,TCN_111,MAYOR DE LA CUENCA MEDIA Y ALTA DEL RÍO DAGUA,SZH_5311,Dagua - Buenaventura - Bahia Málaga,,,,,,,,,LEY2_04,Pacifico,0.0,0.02116243,0.0,0.0,0.0,0.0,0.0,0.0,12.81301041,7.88599738,0.02116243,0.0,20.69900778,20.72017058
14340480,2021,76,Valle Del Cauca,76109,Buenaventura,,,TCN_151,CUENCA BAJA DEL RÍO CALIMA,SZH_5407,Ríos Calima y Bajo San Juan,,,,,,,,,LEY2_04,Pacifico,0.0,0.0,0.0,0.0,0.0,0.0,0.0,0.0,148.85698121,1.51183544,0.0,0.0,150.36881666,150.36881587
14342020,2021,76,Valle Del Cauca,76109,Buenaventura,,,TCN_111,MAYOR DE LA CUENCA MEDIA Y ALTA DEL RÍO DAGUA,SZH_5311,Dagua - Buenaventura - Bahia Málaga,,,RFPN_25,De la Cuenca Hidrográfica de los Ríos Escalerete y San Cipriano,,,,,LEY2_04,Pacifico,0.0,0.0,0.0,0.0,0.0,0.0,0.0,0.0,3.3522899,0.0002101,0.0,0.0,3.3525,3.3525
14348180,2021,76,Valle Del Cauca,76109,Buenaventura,,,TCN_150,EL RÍO CAJAMBRE,SZH_5309,Ríos Cajambre - Mayorquín - Raposo,,,,,,,,,LEY2_04,Pacifico,0.0,0.0,0.0,0.0,0.0,0.0,0.0,3.15,0.0,115.1325,0.0,0.0,118.2825,118.28249999
14070364,2021,76,Valle Del Cauca,76126,Calima,,,TCN_151,CUENCA BAJA DEL RÍO CALIMA,SZH_5407,Ríos Calima y Bajo San Juan,,,,,,,,,LEY2_04,Pacifico,0.0,0.0,0.0,0.0,0.0,0.0,0.0,0.0,9.15749999,0.0,0.0,0.0,9.15749999,9.1575
956032,2021,86,Putumayo,86001,Mocoa,,,,,SZH_4408,Río Mecaya,,,,,,,,,,,0.0,0.0,0.0,0.0,0.0,0.0,0.0,0.0,0.0,67.55796143,0.0,0.0,67.55796143,67.55796081
1068144,2021,86,Putumayo,86001,Mocoa,,,,,SZH_4401,Alto Caqueta,,,,,,,,,,,0.0,0.0,0.0,0.0,1.74576315,0.0,0.0,0.0,0.0,2.18333981,0.0,1.74576315,2.18333981,3.92910225
1052128,2021,86,Putumayo,86320,Orito,,,,,SZH_4701,Alto Río Putumayo,,,,,,,,,LEY2_01,Amazonas,0.0,0.0,0.0,0.0,0.0,0.0,0.0,0.0,0.0,4.79089493,0.0,0.0,4.79089493,4.7908953
1066912,2021,86,Putumayo,86320,Orito,,,,,SZH_4701,Alto Río Putumayo,,,,,,,,,,,0.0,0.0,0.0,0.0,0.0,0.0,0.0,0.0,0.0,46.84660506,0.0,0.0,46.84660506,46.8466047
1039346,2021,86,Putumayo,86568,Puerto Asís,,,,,SZH_4701,Alto Río Putumayo,,,,,,,,,,,0.0,0.0,0.0,0.0,0.0,0.0,0.0,0.0,0.0,10.81635922,0.0,0.0,10.81635922,10.81635916
1027026,2021,86,Putumayo,86569,Puerto Caicedo,,,,,SZH_4703,Río Putumayo Medio,,,,,,,,,,,0.0,0.0,0.0,0.0,0.0,0.0,0.0,0.0,0.0,4.45232421,0.0,0.0,4.45232421,4.45232528
1042272,2021,86,Putumayo,86569,Puerto Caicedo,,,,,SZH_4701,Alto Río Putumayo,,,,,,,,,,,0.0,0.0,0.0,0.0,0.0,0.0,0.0,0.0,0.0,87.03881658,0.0,0.0,87.03881658,87.03881558
1113420,2021,86,Putumayo,86571,Puerto Guzmán,,,,,SZH_4401,Alto Caqueta,,,,,,,,,,,0.0,0.0,0.0,0.0,15.05069934,0.0,0.0,108.14367798,0.0,84.06151974,0.0,15.05069934,192.20519772,207.25589777
1115884,2021,86,Putumayo,86571,Puerto Guzmán,,,,,SZH_4408,Río Mecaya,,,,,,,,,,,0.0,0.0,0.0,0.0,0.0,0.0,0.0,0.0,0.0,36.00953857,0.0,0.0,36.00953857,36.0095392
972048,2021,86,Putumayo,86885,Villagarzón,,,,,SZH_4701,Alto Río Putumayo,,,,,,,,,,,0.0,15.79187287,0.0,0.0,15.87805482,0.0,0.0,1.37308785,0.0,6.83097912,15.79187287,15.87805482,8.20406697,39.87399479
986370,2021,86,Putumayo,86885,Villagarzón,,,,,SZH_4703,Río Putumayo Medio,,,,,,,,,,,0.0,0.0,0.0,0.0,3.0279267,0.0,0.0,4.7925,0.0,9.50057864,0.0,3.0279267,14.29307864,17.3210052
14432572,2021,94,Guainía,94001,Inírida,,,,,SZH_3108,"R._Inírida_(mi),_hasta_bocas_Caño_Bocón,_y_R._Las Viñas",RI_166,Cuenca Media Y Alta Del Rio Inirida,,,,,,,LEY2_01,Amazonas,0.0,0.0,0.0,0.0,0.0,0.0,0.0,0.0,7.11,0.0,0.0,0.0,7.11,7.11
14435344,2021,94,Guainía,94001,Inírida,,,,,SZH_3108,"R._Inírida_(mi),_hasta_bocas_Caño_Bocón,_y_R._Las Viñas",RI_223,El Venado,,,,,,,LEY2_01,Amazonas,0.0,0.0,0.0,0.0,0.0,0.0,0.0,0.0,6.66,0.0,0.0,0.0,6.66,6.66
33572,2021,94,Guainía,94884,Puerto Colombia,,,,,SZH_4105,Bajo Río Guainía,RI_708,"Tonina, Sejal, San Jose Y Otras",,,,,,,LEY2_01,Amazonas,0.0,0.0,0.0,0.0,0.0,0.0,0.0,0.0,0.0,43.35410856,0.0,0.0,43.35410856,43.35410812
38654,2021,94,Guainía,94884,Puerto Colombia,,,,,SZH_4106,Río Aquió o Caño Aque,RI_708,"Tonina, Sejal, San Jose Y Otras",,,,,,,LEY2_01,Amazonas,0.0,0.0,0.0,0.0,0.0,0.0,0.0,0.0,0.0,6.6375,0.0,0.0,6.6375,6.63750001
24640,2021,94,Guainía,94887,Pana Pana,,,,,SZH_4105,Bajo Río Guainía,RI_708,"Tonina, Sejal, San Jose Y Otras",,,,,,,LEY2_01,Amazonas,0.0,0.0,0.0,0.0,0.0,0.0,0.0,0.0,0.0,2.74839146,0.0,0.0,2.74839146,2.74839187
816508,2021,94,Guainía,94887,Pana Pana,,,,,SZH_4105,Bajo Río Guainía,RI_623,Rio Cuiari E Isana,,,,,PNN_02040002,Puinawai,LEY2_01,Amazonas,0.0,0.0,0.0,0.0,0.0,0.0,0.0,0.0,0.0,18.42531448,0.0,0.0,18.42531448,18.4253157
848386,2021,94,Guainía,94887,Pana Pana,,,,,SZH_4108,Río Cuiary,RI_623,Rio Cuiari E Isana,,,,,PNN_02040002,Puinawai,LEY2_01,Amazonas,0.0,0.0,0.0,0.0,0.0,0.0,0.0,0.0,0.0,65.99468552,0.0,0.0,65.99468552,65.9946843
8365126,2022,05,Antioquia,05031,Amalfi,,,,,SZH_2701,Río Porce,,,,,,,,,,,0.0,103.88495213,16.98631168,0.0,0.0,0.0,0.0,169.85433407,0.0,668.51479877,120.87126381,0.0,838.3691328,959.240394
8365434,2022,05,Antioquia,05031,Amalfi,,,,,SZH_2310,Rió San Bartolo y otros directos al Magdalena Medio,,,,,,,,,,,0.0,0.0,0.0,0.0,0.0,0.0,0.0,0.0,0.0,0.765,0.0,0.0,0.765,0.765
8359890,2022,05,Antioquia,05038,Angostura,,,,,SZH_2702,Alto Nechí,,,,,,,,,,,0.0,0.0,0.0,0.0,0.0,0.0,0.0,1.1925,0.0,0.0,0.0,0.0,1.1925,1.1925
6159076,2022,05,Antioquia,05040,Anorí,,,TCN_051,EL AGUACATE,SZH_2701,Río Porce,,,,,,,,,,,0.0,0.0,0.0,0.0,0.0,0.0,0.0,0.0,0.23210299,0.0,0.0,0.0,0.23210299,0.2321029
8314306,2022,05,Antioquia,05040,Anorí,,,,,SZH_2702,Alto Nechí,,,,,,,,,,,0.0,114.79573265,153.91935386,0.0,10.66011022,0.0,14.92130757,119.55358146,0.0,806.50524214,268.71508651,10.66011022,940.98013118,1220.35532559
8315538,2022,05,Antioquia,05040,Anorí,,,,,SZH_2701,Río Porce,,,,,,,,,,,0.0,28.05039185,0.0,0.0,0.0,0.0,26.21488682,11.49468668,0.0,52.15919982,28.05039185,0.0,89.86877334,117.91916559
3840606,2022,05,Antioquia,05120,Cáceres,,,,,SZH_2624,Río Taraza - Río Man,,,,,,,,,,,0.0,75.22630936,0.0,0.0,93.97723658,0.0,0.0,91.55083158,0.0,577.5574914,75.22630936,93.97723658,669.10832298,838.3118644
7501956,2022,05,Antioquia,05120,Cáceres,,,,,SZH_2625,Directos al Cauca entre Pto Valdivia y Río Nechí,,,,,,,,,,,0.0,291.43049803,0.0,5.83020329,43.54560075,0.0,0.0,238.48698114,0.0,622.34434213,291.43049803,49.37580404,860.83132327,1201.63762278
7920836,2022,05,Antioquia,05120,Cáceres,,,,,SZH_2704,Directos al Bajo Nechí (mi),,,,,,,,,,,0.0,464.16235248,0.0,0.0,12.89136622,0.0,0.0,340.7176862,0.0,841.71692786,464.16235248,12.89136622,1182.43461407,1659.4883302
7965188,2022,05,Antioquia,05120,Cáceres,,,,,SZH_2702,Alto Nechí,RI_738,Vegas De Segovia,,,,,,,,,0.0,0.0,0.0,0.0,0.0,0.0,0.0,0.0,0.0,12.83192792,0.0,0.0,12.83192792,12.83192803
7966420,2022,05,Antioquia,05120,Cáceres,,,,,SZH_2704,Directos al Bajo Nechí (mi),RI_738,Vegas De Segovia,,,,,,,,,0.0,0.0,0.0,0.0,0.0,0.0,0.0,4.48970948,0.0,0.47405994,0.0,0.0,4.96376942,4.96376913
7976430,2022,05,Antioquia,05120,Cáceres,,,,,SZH_2702,Alto Nechí,,,,,,,,,,,0.0,657.12525296,85.18319687,0.0,0.0,0.0,0.0,0.0,0.0,476.17724118,742.30844983,0.0,476.17724118,1218.48569026
10728102,2022,05,Antioquia,05142,Caracolí,,,,,SZH_2308,Río Nare,,,,,,,,,,,0.0,0.0,0.0,0.0,0.8325,0.0,0.0,1.7325,0.0,5.73499902,0.0,0.8325,7.46749902,8.29999902
2273348,2022,05,Antioquia,05154,Caucasia,,,,,SZH_2502,Bajo San Jorge - La Mojana,,,,,,,,,,,0.0,565.51221408,0.0,0.0,0.0,0.0,0.0,65.47438201,0.0,185.91350874,565.51221408,0.0,251.38789076,816.90010416
2504810,2022,05,Antioquia,05154,Caucasia,,,,,SZH_2624,Río Taraza - Río Man,,,,,,,,,,,0.0,14.10323742,0.0,0.0,15.14923146,0.0,0.0,36.43401209,0.0,52.47618444,14.10323742,15.14923146,88.91019652,118.16266503
2553782,2022,05,Antioquia,05154,Caucasia,,,,,SZH_2626,Directos Bajo Cauca - Cga La Raya entre río Nechí,,,,,,,,,,,0.0,91.72102975,0.0,0.0,0.0,0.0,0.0,102.98406717,0.0,33.49550723,91.72102975,0.0,136.47957438,228.2006042
2834062,2022,05,Antioquia,05154,Caucasia,,,,,SZH_2625,Directos al Cauca entre Pto Valdivia y Río Nechí,,,,,,,,,,,0.0,1.8225,0.0,0.0,0.0,0.0,0.0,0.0,0.0,0.0,1.8225,0.0,0.0,1.8225
4016320,2022,05,Antioquia,05154,Caucasia,,,,,SZH_2704,Directos al Bajo Nechí (mi),,,,,,,,,,,736.45807037,15.69144885,0.03621793,0.0,38.22292936,0.0,0.0,30.20057228,0.0,197.62924641,752.18573715,38.22292936,227.82981869,1018.23848594
3275888,2022,05,Antioquia,05250,El Bagre,,,,,SZH_2704,Directos al Bajo Nechí (mi),,,,,,,,,,,15.38583097,0.0,0.0,0.0,0.0,0.0,0.0,0.0,0.0,0.0,15.38583097,0.0,0.0,15.38583099
4203584,2022,05,Antioquia,05250,El Bagre,,,TCN_193,VILLA GRANDE,SZH_2703,Bajo Nechí (md),,,,,,,,,LEY2_05,Rio Magdalena,0.0,0.0,0.0,0.0,0.0,0.0,0.0,0.0,0.0,31.07368374,0.0,0.0,31.07368374,31.07368401
5453756,2022,05,Antioquia,05250,El Bagre,,,TCN_126,NUEVA ESPERANZA,SZH_2703,Bajo Nechí (md),,,,,,,,,LEY2_05,Rio Magdalena,0.0,0.0,0.0,0.0,0.0,0.0,0.0,11.9025,0.0,6.17349302,0.0,0.0,18.07599302,18.07599283
5456220,2022,05,Antioquia,05250,El Bagre,ZPDRNR_33,SAN LUCAS,TCN_126,NUEVA ESPERANZA,SZH_2703,Bajo Nechí (md),,,,,,,,,LEY2_05,Rio Magdalena,0.0,0.0,0.0,0.0,0.0,0.0,0.0,0.0,0.0,8.99173782,0.0,0.0,8.99173782,8.99173782
8610756,2022,05,Antioquia,05250,El Bagre,,,,,SZH_2703,Bajo Nechí (md),,,,,,,,,,,2028.81486394,446.29751444,16.79692435,0.0,0.0,0.0,0.0,71.79240278,0.0,938.9771378,2491.90930273,0.0,1010.76954056,3502.67884531
8690374,2022,05,Antioquia,05250,El Bagre,ZPDRNR_33,SAN LUCAS,,,SZH_2703,Bajo Nechí (md),,,,,,,,,LEY2_05,Rio Magdalena,0.0,0.0,0.0,0.0,0.0,0.0,0.0,1.73835816,0.0,122.47444995,0.0,0.0,124.21280811,124.21280726
8763832,2022,05,Antioquia,05250,El Bagre,,,,,SZH_2703,Bajo Nechí (md),,,,,,,,,LEY2_05,Rio Magdalena,35.47760645,91.94830819,0.0,0.0,0.0,0.0,0.0,20.04845825,0.0,549.8797994,127.42591464,0.0,569.92825765,697.35417133
10802330,2022,05,Antioquia,05425,Maceo,,,,,SZH_2308,Río Nare,,,,,,,,,,,0.0,0.0,0.0,0.0,0.0,0.0,0.0,3.70848898,0.0,40.59860179,0.0,0.0,44.30709076,44.30709076
10802638,2022,05,Antioquia,05425,Maceo,,,,,SZH_2310,Rió San Bartolo y otros directos al Magdalena Medio,,,,,,,,,,,0.0,6.2775,0.0,0.0,0.0,0.0,0.0,5.625,0.0,2.58541022,6.2775,0.0,8.21041022,14.48791022
5628700,2022,05,Antioquia,05480,Mutatá,,,,,SZH_1111,Río Sucio,,,,,,,,,,,0.0,151.55999954,0.0,0.0,0.0,0.0,0.0,0.0,0.0,2.9810164,151.55999954,0.0,2.9810164,154.54101642
2274580,2022,05,Antioquia,05495,Nechí,,,,,SZH_2502,Bajo San Jorge - La Mojana,,,,,,,,,,,0.0,5.78258631,0.0,0.0,0.0,0.0,0.0,0.0,0.0,5.08500042,5.78258631,0.0,5.08500042,10.86758611
2372678,2022,05,Antioquia,05495,Nechí,,,,,SZH_2626,Directos Bajo Cauca - Cga La Raya entre río Nechí,,,,,,,,,,,0.0,42.68625781,0.0,0.0,39.83245405,0.0,0.0,166.42769704,0.0,162.2412818,42.68625781,39.83245405,328.66897883,411.18769209
2780316,2022,05,Antioquia,05495,Nechí,,,,,SZH_2703,Bajo Nechí (md),,,,,,,,,LEY2_05,Rio Magdalena,0.0,0.0,0.0,0.0,0.0,0.0,0.0,19.01751206,0.0,34.06660972,0.0,0.0,53.08412178,53.0841215
2963422,2022,05,Antioquia,05495,Nechí,,,,,SZH_2703,Bajo Nechí (md),,,,,,,,,,,15.58092631,125.5475579,0.0,0.0,0.0,0.0,0.0,2.45740112,0.0,447.50825259,141.12848421,0.0,449.96565371,591.09413816
3246782,2022,05,Antioquia,05495,Nechí,,,,,SZH_2704,Directos al Bajo Nechí (mi),,,,,,,,,,,3620.1726649,377.63479161,0.19537975,0.0,2.30870598,0.0,0.0,25.64756393,0.0,2637.11642669,3998.00283625,2.30870598,2662.76399063,6663.07552731
10859926,2022,05,Antioquia,05579,Puerto Berrío,,,,,SZH_2308,Río Nare,,,,,,,,,,,0.0,0.0,0.0,0.0,0.0,0.0,0.0,12.22944011,0.0,0.0,0.0,0.0,12.22944011,12.2294409
10873478,2022,05,Antioquia,05579,Puerto Berrío,,,,,SZH_2310,Rió San Bartolo y otros directos al Magdalena Medio,,,,,,,,,,,0.0,0.0,0.0,0.0,0.31329891,0.0,0.0,112.64819504,0.0,0.0,0.0,0.31329891,112.64819504,112.9614946
10879638,2022,05,Antioquia,05585,Puerto Nare,,,,,SZH_2308,Río Nare,,,,,,,,,,,0.0,0.0,0.0,0.0,0.0,0.0,0.0,104.73154695,0.0,0.0,0.0,0.0,104.73154695,104.73154744
10880870,2022,05,Antioquia,05585,Puerto Nare,,,,,SZH_2310,Rió San Bartolo y otros directos al Magdalena Medio,,,,,,,,,,,0.0,0.0,0.0,0.0,0.0,0.0,0.0,50.31501772,0.0,0.0,0.0,0.0,50.31501772,50.31501705
8189258,2022,05,Antioquia,05604,Remedios,,,,,SZH_2701,Río Porce,,,,,,,,,,,0.0,0.0,0.0,0.0,0.0,0.0,0.0,39.47954084,0.0,82.63765353,0.0,0.0,122.11719437,122.11719664
9619148,2022,05,Antioquia,05604,Remedios,,,,,SZH_2703,Bajo Nechí (md),,,,,,,,,,,0.0,93.46093146,47.72371182,0.0,80.83098746,0.0,0.0,38.53292063,0.0,101.69510726,141.18464327,80.83098746,140.2280279,362.24365998
9619456,2022,05,Antioquia,05604,Remedios,,,,,SZH_2703,Bajo Nechí (md),,,,,,,,,LEY2_05,Rio Magdalena,0.0,19.85570144,0.0,0.0,0.0,0.0,0.0,2.22395834,0.0,148.29033976,19.85570144,0.0,150.5142981,170.37000004
9667812,2022,05,Antioquia,05604,Remedios,ZPDRNR_33,SAN LUCAS,,,SZH_2317,Río Cimitarra y otros directos al Magdalena,,,,,,,,,LEY2_05,Rio Magdalena,0.0,0.0,0.0,0.0,0.0,0.0,0.0,0.18659738,0.0,24.39843756,0.0,0.0,24.58503494,24.58503543
9755592,2022,05,Antioquia,05604,Remedios,,,,,SZH_2317,Río Cimitarra y otros directos al Magdalena,,,,,,,,,,,0.0,68.44758268,0.0,0.0,0.0,0.0,0.0,75.01748794,0.0,122.80678305,68.44758268,0.0,197.824271,266.27185221
9760520,2022,05,Antioquia,05604,Remedios,,,,,SZH_2317,Río Cimitarra y otros directos al Magdalena,RI_795,Korodo-Ite,,,,,,,LEY2_05,Rio Magdalena,0.0,0.0,0.0,0.0,0.0,0.0,0.0,5.5088618,0.0,5.04360549,0.0,0.0,10.55246729,10.55246726
9772070,2022,05,Antioquia,05604,Remedios,,,,,SZH_2317,Río Cimitarra y otros directos al Magdalena,,,,,,,,,LEY2_05,Rio Magdalena,0.0,87.63229567,0.0,0.07838127,1.21525567,0.0,0.0,70.71018588,0.0,271.26936943,87.63229567,1.29363694,341.9795553,430.90548647
9778692,2022,05,Antioquia,05604,Remedios,,,,,SZH_2310,Rió San Bartolo y otros directos al Magdalena Medio,,,,,,,,,,,0.0,48.0421665,0.0,0.0,0.0,0.0,0.0,2.58267022,0.0,47.08265282,48.0421665,0.0,49.66532304,97.70748912
10715782,2022,05,Antioquia,05670,San Roque,,,,,SZH_2308,Río Nare,,,,,,,,,,,0.0,5.00892142,0.0,0.0,0.0,0.0,0.0,0.0,0.0,0.8325,5.00892142,0.0,0.8325,5.84142142
10725022,2022,05,Antioquia,05690,Santo Domingo,,,,,SZH_2308,Río Nare,,,,,,,,,,,0.0,0.44087824,0.0,0.0,0.0,0.0,0.0,0.0,0.0,0.01770034,0.44087824,0.0,0.01770034,0.45857858
7407246,2022,05,Antioquia,05736,Segovia,,,,,SZH_2701,Río Porce,,,,,,,,,,,0.0,47.43779922,0.0,0.0,0.0,0.0,0.0,0.0,0.0,43.64929746,47.43779922,0.0,43.64929746,91.08709625
7617918,2022,05,Antioquia,05736,Segovia,,,,,SZH_2703,Bajo Nechí (md),,,,,,,,,,,0.0,68.45259027,28.75909221,0.0,20.56339422,0.0,0.0,10.53244357,0.0,89.20011199,97.21168248,20.56339422,99.73255556,217.50763407
9278808,2022,05,Antioquia,05736,Segovia,ZPDRNR_33,SAN LUCAS,,,SZH_2317,Río Cimitarra y otros directos al Magdalena,,,,,,,,,LEY2_05,Rio Magdalena,0.0,0.0,0.0,0.0,0.0,0.0,0.0,0.0,0.0,127.80995567,0.0,0.0,127.80995567,127.80995614
9283736,2022,05,Antioquia,05736,Segovia,ZPDRNR_33,SAN LUCAS,,,SZH_2703,Bajo Nechí (md),,,,,,,,,LEY2_05,Rio Magdalena,0.0,8.49562585,0.0,0.0,0.0,0.0,0.0,0.0,0.0,18.77673764,8.49562585,0.0,18.77673764,27.27236314
9328704,2022,05,Antioquia,05736,Segovia,,,,,SZH_2703,Bajo Nechí (md),,,,,,,,,LEY2_05,Rio Magdalena,0.0,290.82770212,0.0,0.0,0.0,0.0,0.0,205.33871477,0.0,271.73551823,290.82770212,0.0,477.07423303,767.90193334
9349648,2022,05,Antioquia,05736,Segovia,,,,,SZH_2317,Río Cimitarra y otros directos al Magdalena,,,,,,,,,LEY2_05,Rio Magdalena,0.0,17.73141563,0.0,0.0,0.0,0.0,0.0,67.30886374,0.0,51.22318815,17.73141563,0.0,118.53205189,136.26346733
10852534,2022,05,Antioquia,05756,Sonsón,,,,,SZH_2307,Directos Magdalena Medio entre ríos La Miel y Nare,,,,,,,,,,,0.0,0.0,0.0,0.0,0.0,0.0,0.0,1.98543157,0.0,5.19750008,0.0,0.0,7.18293165,7.18293169
13742806,2022,05,Antioquia,05756,Sonsón,,,,,SZH_2305,Río La Miel (Samaná),,,,,,,,,,,0.0,90.66627757,0.0,0.0,0.0,0.0,0.0,16.63956895,0.0,123.13372011,90.66627757,0.0,139.77328907,230.43956834
6457836,2022,05,Antioquia,05790,Tarazá,,,,,SZH_2702,Alto Nechí,,,,,,,,,,,0.0,0.0,0.0,0.0,0.0,0.0,0.0,18.58499957,0.0,21.98017453,0.0,0.0,40.5651741,40.56517455
6786934,2022,05,Antioquia,05790,Tarazá,,,,,SZH_2624,Río Taraza - Río Man,,,,,,,,,,,0.0,0.0,0.0,147.67394038,95.27877301,0.0,0.0,323.49452745,0.0,706.52886661,0.0,242.9527134,1030.02339407,1272.97610624
7141904,2022,05,Antioquia,05790,Tarazá,,,,,SZH_2625,Directos al Cauca entre Pto Valdivia y Río Nechí,,,,,,,,,,,0.0,49.52354517,0.0,22.63285875,17.87507951,0.0,0.0,61.20811861,0.0,27.8531185,49.52354517,40.50793825,89.06123712,179.09272243
6780774,2022,05,Antioquia,05854,Valdivia,,,,,SZH_2624,Río Taraza - Río Man,,,,,,,,,,,0.0,0.0,0.0,0.0,63.72760054,0.0,0.0,239.25290309,0.0,72.02855375,0.0,63.72760054,311.28145685,375.00905967
8367590,2022,05,Antioquia,05858,Vegachí,,,,,SZH_2701,Río Porce,,,,,,,,,,,0.0,0.0,0.0,0.0,0.0,0.0,0.0,0.0,0.0,24.81206527,0.0,0.0,24.81206527,24.81206475
9748046,2022,05,Antioquia,05858,Vegachí,,,,,SZH_2310,Rió San Bartolo y otros directos al Magdalena Medio,,,,,,,,,,,0.0,183.72883798,0.0,0.0,0.0,0.0,0.0,67.56904706,0.0,51.03572942,183.72883798,0.0,118.60477651,302.3336159
10121650,2022,05,Antioquia,05873,Vigía del Fuerte,,,TCN_117,MAYOR DEL MEDIO ATRATO - ACIA,SZH_1107,Río Murrí,,,,,,,,,LEY2_04,Pacifico,0.0,0.0,0.0,0.0,0.0,0.0,0.0,0.0,25.31250054,0.0,0.0,0.0,25.31250054,25.3125
10301830,2022,05,Antioquia,05873,Vigía del Fuerte,,,,,SZH_1107,Río Murrí,RI_606,Rio Jarapeto,,,,,,,LEY2_04,Pacifico,0.0,0.0,0.0,0.0,0.0,0.0,0.0,0.0,0.0,42.97500149,0.0,0.0,42.97500149,42.97500001
8673742,2022,05,Antioquia,05885,Yalí,,,,,SZH_2310,Rió San Bartolo y otros directos al Magdalena Medio,,,,,,,,,,,0.0,0.3375,0.0,0.0,1.54367064,0.0,0.0,17.66513757,0.0,57.03750001,0.3375,1.54367064,74.70263758,76.58380843
10801406,2022,05,Antioquia,05890,Yolombó,,,,,SZH_2310,Rió San Bartolo y otros directos al Magdalena Medio,,,,,,,,,,,0.0,1.0651366,0.0,0.0,0.0,0.0,0.0,8.15242282,0.0,1.54363238,1.0651366,0.0,9.69605521,10.76119158
9770838,2022,05,Antioquia,05893,Yondó,,,,,SZH_2317,Río Cimitarra y otros directos al Magdalena,,,,,,,,,LEY2_05,Rio Magdalena,0.0,0.0,0.0,0.0,0.0,0.0,0.0,0.0,0.0,71.22035526,0.0,0.0,71.22035526,71.22035538
9773302,2022,05,Antioquia,05893,Yondó,,,,,SZH_2317,Río Cimitarra y otros directos al Magdalena,,,,,,,,,,,0.0,0.0,0.0,46.35424519,0.0,0.0,0.0,52.95541628,0.0,17.57893448,0.0,46.35424519,70.53435076,116.8885953
4113956,2022,05,Antioquia,05895,Zaragoza,,,TCN_036,CHILONA EL SALTO,SZH_2704,Directos al Bajo Nechí (mi),,,,,,,,,,,0.0,61.04452333,0.0,0.0,0.0,0.0,0.0,0.0,0.0,0.00668934,61.04452333,0.0,0.00668934,61.05121212
6230378,2022,05,Antioquia,05895,Zaragoza,,,TCN_020,BOCAS DE CANÁ,SZH_2701,Río Porce,,,,,,,,,,,0.0,11.28079875,0.0,0.0,0.0,0.0,0.0,0.0,0.0,0.0,11.28079875,0.0,0.0,11.28079912
6649258,2022,05,Antioquia,05895,Zaragoza,,,TCN_139,PORCE MEDIO,SZH_2701,Río Porce,,,,,,,,,,,0.0,0.0,0.0,0.0,0.0,0.0,0.0,0.0,0.0,1.4272688,0.0,0.0,1.4272688,1.4272688
6670972,2022,05,Antioquia,05895,Zaragoza,,,,,SZH_2701,Río Porce,,,,,,,,,LEY2_05,Rio Magdalena,0.0,15.26133324,0.0,0.0,0.0,0.0,0.0,0.0,0.0,2.15395214,15.26133324,0.0,2.15395214,17.41528524
6700540,2022,05,Antioquia,05895,Zaragoza,,,,,SZH_2701,Río Porce,,,,,,,,,,,0.0,247.96842943,0.0,0.0,0.0,0.0,0.0,4.80898287,0.53837177,28.87195602,247.96842943,0.0,34.21931067,282.18774019
8309378,2022,05,Antioquia,05895,Zaragoza,,,,,SZH_2702,Alto Nechí,,,,,,,,,,,0.0,16.58196136,35.42108969,0.0,0.0,0.0,0.0,3.49456789,0.0,0.03140305,52.00305105,0.0,3.52597094,55.52902428
8313074,2022,05,Antioquia,05895,Zaragoza,,,TCN_142,PUEBLO NUEVO,SZH_2701,Río Porce,,,,,,,,,,,0.0,25.91384133,0.0,0.0,0.0,0.0,0.0,0.0,0.0,0.0,25.91384133,0.0,0.0,25.91384176
8316770,2022,05,Antioquia,05895,Zaragoza,,,TCN_051,EL AGUACATE,SZH_2701,Río Porce,,,,,,,,,,,0.0,5.42948937,0.0,0.0,0.0,0.0,0.0,0.0,0.03952538,0.0,5.42948937,0.0,0.03952538,5.46901426
8324316,2022,05,Antioquia,05895,Zaragoza,,,TCN_142,PUEBLO NUEVO,SZH_2703,Bajo Nechí (md),,,,,,,,,,,0.0,47.99022444,0.0,0.0,0.0,0.0,0.0,0.0,0.0,0.01607326,47.99022444,0.0,0.01607326,48.00629698
8454292,2022,05,Antioquia,05895,Zaragoza,,,,,SZH_2704,Directos al Bajo Nechí (mi),,,,,,,,,,,622.41199823,896.99753304,0.44439588,169.86585,49.29303629,0.0,0.0,477.07276886,0.0,402.12811487,1519.85392714,219.15888629,879.20088376,2618.213691
8522514,2022,05,Antioquia,05895,Zaragoza,,,,,SZH_2703,Bajo Nechí (md),RI_824,San Antonio 2,,,,,,,LEY2_05,Rio Magdalena,0.0,13.78935242,0.0,0.0,0.0,0.0,0.0,0.0,0.0,0.0,13.78935242,0.0,0.0,13.7893524
8611988,2022,05,Antioquia,05895,Zaragoza,,,,,SZH_2703,Bajo Nechí (md),,,,,,,,,,,397.70632266,1512.99186119,1.81880097,0.0,0.0,0.0,0.0,9.35743284,0.0,410.44927376,1912.51698483,0.0,419.80670658,2332.32368006
8757672,2022,05,Antioquia,05895,Zaragoza,,,,,SZH_2703,Bajo Nechí (md),,,,,,,,,LEY2_05,Rio Magdalena,0.0,1016.39683821,6.72759112,0.0,0.0,0.0,0.0,412.69885498,0.0,740.39161297,1023.12442933,0.0,1153.09046793,2176.2149
1266804,2022,13,Bolívar,13030,Altos del Rosario,,,,,SZH_2626,Directos Bajo Cauca - Cga La Raya entre río Nechí,,,,,,,,,,,0.0,4.70249948,0.0,0.0,0.0,0.0,0.0,10.32750021,0.0,1.3725,4.70249948,0.0,11.70000021,16.40250001
1298682,2022,13,Bolívar,13030,Altos del Rosario,,,,,SZH_2907,Directos Bajo Magdalena entre El Banco y El Plato,,,,,,,,,,,0.0,0.0,0.0,0.0,0.0,0.0,0.0,3.3282714,0.0,0.0,0.0,0.0,3.3282714,3.32827153
4747666,2022,13,Bolívar,13042,Arenal,ZPDRNR_33,SAN LUCAS,,,SZH_2320,Directos al Magdalena (Brazo Morales),,,,,,,,,LEY2_05,Rio Magdalena,0.0,3.51000006,0.0,0.0,0.0,0.0,0.0,0.0,0.0,51.86249884,3.51000006,0.0,51.86249884,55.3725
1311464,2022,13,Bolívar,13074,Barranco de Loba,,,,,SZH_2907,Directos Bajo Magdalena entre El Banco y El Plato,,,,,,,,,,,0.0,144.27690101,0.0,0.0,13.56400759,0.0,7.73733964,114.5870868,0.0,11.45051456,144.27690101,13.56400759,133.77494102,291.61585085
1313928,2022,13,Bolívar,13074,Barranco de Loba,,,,,SZH_2626,Directos Bajo Cauca - Cga La Raya entre río Nechí,,,,,,,,,,,0.0,0.73891946,0.0,0.0,0.0,0.0,0.0,0.13672847,0.0,0.54358073,0.73891946,0.0,0.6803092,1.41922847
4704084,2022,13,Bolívar,13458,Montecristo,,,,,SZH_2626,Directos Bajo Cauca - Cga La Raya entre río Nechí,,,,,,,,,LEY2_05,Rio Magdalena,0.0,0.0,0.0,0.0,0.0,0.0,0.0,41.02153606,0.0,79.70138749,0.0,0.0,120.72292355,120.72292331
5004230,2022,13,Bolívar,13458,Montecristo,ZPDRNR_33,SAN LUCAS,,,SZH_2626,Directos Bajo Cauca - Cga La Raya entre río Nechí,,,,,,,,,LEY2_05,Rio Magdalena,0.0,39.33958028,0.0,0.0,0.0,0.0,0.0,0.0,0.0,791.35717174,39.33958028,0.0,791.35717174,830.69674899
8687910,2022,13,Bolívar,13458,Montecristo,,,,,SZH_2703,Bajo Nechí (md),,,,,,,,,LEY2_05,Rio Magdalena,0.0,0.0,0.0,0.0,0.0,0.0,0.0,0.0,0.0,1.16306869,0.0,0.0,1.16306869,1.16306842
9003764,2022,13,Bolívar,13458,Montecristo,ZPDRNR_33,SAN LUCAS,,,SZH_2703,Bajo Nechí (md),,,,,,,,,LEY2_05,Rio Magdalena,0.0,96.78152956,0.0,0.0,0.0,0.0,0.0,0.0,0.0,529.45492023,96.78152956,0.0,529.45492023,626.23645094
1542464,2022,13,Bolívar,13490,Norosí,,,,,SZH_2320,Directos al Magdalena (Brazo Morales),,,,,,,,,,,0.0,342.09093094,0.0,116.89848695,0.0,0.0,7.42357597,164.23319957,0.0,135.71234932,342.09093094,116.89848695,307.36912488,766.35854105
4558246,2022,13,Bolívar,13490,Norosí,,,,,SZH_2626,Directos Bajo Cauca - Cga La Raya entre río Nechí,,,,,,,,,LEY2_05,Rio Magdalena,0.0,18.54102801,0.0,0.0,4.8825001,0.0,0.0,16.50406618,0.0,69.26184019,18.54102801,4.8825001,85.76590636,109.18943519
4565638,2022,13,Bolívar,13490,Norosí,,,,,SZH_2320,Directos al Magdalena (Brazo Morales),,,,,,,,,LEY2_05,Rio Magdalena,0.0,29.61394267,0.0,0.46216993,13.56499541,0.0,0.0,74.60054041,0.0,28.40609825,29.61394267,14.02716534,103.00663865,146.64774756
4742738,2022,13,Bolívar,13490,Norosí,ZPDRNR_33,SAN LUCAS,,,SZH_2320,Directos al Magdalena (Brazo Morales),,,,,,,,,LEY2_05,Rio Magdalena,0.0,20.38519316,0.0,0.0,0.0,0.0,0.0,0.0,0.0,23.99873963,20.38519316,0.0,23.99873963,44.38393296
4745202,2022,13,Bolívar,13490,Norosí,ZPDRNR_33,SAN LUCAS,,,SZH_2320,Directos al Magdalena (Brazo Morales),,,,,,,,,,,0.0,0.0,0.0,0.0,0.0,0.0,0.0,0.0,0.0,4.29884648,0.0,0.0,4.29884648,4.29884641
1522752,2022,13,Bolívar,13600,Río Viejo,,,,,SZH_2320,Directos al Magdalena (Brazo Morales),,,,,,,,,LEY2_05,Rio Magdalena,0.0,0.0,0.0,0.0,0.0,0.0,0.0,11.08643004,0.0,0.37002228,0.0,0.0,11.45645232,11.45645304
4741352,2022,13,Bolívar,13600,Río Viejo,ZPDRNR_33,SAN LUCAS,,,SZH_2320,Directos al Magdalena (Brazo Morales),,,,,,,,,LEY2_05,Rio Magdalena,0.0,54.32354501,0.0,0.0,0.0,0.0,0.0,0.0,0.0,517.09161257,54.32354501,0.0,517.09161257,571.41515605
4743970,2022,13,Bolívar,13600,Río Viejo,,,,,SZH_2320,Directos al Magdalena (Brazo Morales),,,,,,,,,,,0.0,48.76560356,0.0,0.0,0.0,0.0,0.0,9.16304908,0.0,16.13912196,48.76560356,0.0,25.30217105,74.06777464
4746434,2022,13,Bolívar,13600,Río Viejo,ZPDRNR_33,SAN LUCAS,,,SZH_2320,Directos al Magdalena (Brazo Morales),,,,,,,,,,,0.0,10.0144248,0.0,0.0,0.0,0.0,0.0,0.0,0.0,9.19962351,10.0144248,0.0,9.19962351,19.2140483
4353118,2022,13,Bolívar,13655,San Jacinto del Cauca,,,,,SZH_2626,Directos Bajo Cauca - Cga La Raya entre río Nechí,,,,,,,,,LEY2_05,Rio Magdalena,0.0,0.0,0.0,0.0,0.0,0.0,0.0,2.3201646,0.0,10.34733535,0.0,0.0,12.66749995,12.6675
1317624,2022,13,Bolívar,13667,San Martín de Loba,,,,,SZH_2907,Directos Bajo Magdalena entre El Banco y El Plato,,,,,,,,,,,0.0,141.07760698,0.0,0.0,69.80771838,0.0,2.5407582,324.90792232,0.0,108.63764577,141.07760698,69.80771838,436.08632627,646.97164909
5410174,2022,13,Bolívar,13670,San Pablo,,,,,SZH_2320,Directos al Magdalena (Brazo Morales),,,,,,,,,LEY2_05,Rio Magdalena,0.0,0.0,0.0,0.0,0.0,0.0,0.0,70.04716445,0.0,47.9878356,0.0,0.0,118.03500004,118.03499999
9676590,2022,13,Bolívar,13670,San Pablo,ZPDRNR_33,SAN LUCAS,,,SZH_2317,Río Cimitarra y otros directos al Magdalena,,,,,,,,,LEY2_05,Rio Magdalena,0.0,0.0,0.0,0.0,0.0,0.0,0.0,0.0,0.0,0.96749983,0.0,0.0,0.96749983,0.9675
5385842,2022,13,Bolívar,13688,Santa Rosa del Sur,,,,,SZH_2320,Directos al Magdalena (Brazo Morales),,,,,,,,,LEY2_05,Rio Magdalena,0.0,0.48977018,0.0,0.0,22.37831758,0.0,0.0,78.4770758,0.0,16.34344832,0.48977018,22.37831758,94.82052411,117.68861179
8906436,2022,13,Bolívar,13688,Santa Rosa del Sur,,,,,SZH_2703,Bajo Nechí (md),,,,,,,,,LEY2_05,Rio Magdalena,0.0,0.0,0.0,0.0,0.0,0.0,0.0,0.0056173,0.0,4.85576776,0.0,0.0,4.86138506,4.86138519
9277576,2022,13,Bolívar,13688,Santa Rosa del Sur,ZPDRNR_33,SAN LUCAS,,,SZH_2317,Río Cimitarra y otros directos al Magdalena,,,,,,,,,LEY2_05,Rio Magdalena,0.0,0.0,0.0,0.0,0.0,0.0,0.0,0.0,0.0,4.13279709,0.0,0.0,4.13279709,4.13279729
9288664,2022,13,Bolívar,13688,Santa Rosa del Sur,ZPDRNR_33,SAN LUCAS,,,SZH_2703,Bajo Nechí (md),,,,,,,,,LEY2_05,Rio Magdalena,0.0,63.76502383,0.0,0.0,0.0,0.0,0.0,0.0,0.0,752.2403732,63.76502383,0.0,752.2403732,816.00539396
9447746,2022,13,Bolívar,13688,Santa Rosa del Sur,ZPDRNR_33,SAN LUCAS,,,SZH_2320,Directos al Magdalena (Brazo Morales),,,,,,,,,LEY2_05,Rio Magdalena,0.0,2.90250022,0.0,0.0,8.58260762,0.0,0.0,0.0,0.0,72.69628255,2.90250022,8.58260762,72.69628255,84.18138821
5187952,2022,13,Bolívar,13744,Simití,,,,,SZH_2320,Directos al Magdalena (Brazo Morales),,,,,,,,,,,0.0,0.0,0.0,0.0,0.0,0.0,0.0,0.0,0.0,22.39501209,0.0,0.0,22.39501209,22.39501241
5393234,2022,13,Bolívar,13744,Simití,,,,,SZH_2320,Directos al Magdalena (Brazo Morales),,,,,,,,,LEY2_05,Rio Magdalena,0.0,899.18502429,0.0,0.0,68.01619388,0.0,0.0,78.57308719,0.0,1041.0706823,899.18502429,68.01619388,1119.6437695,2086.84498761
4553318,2022,13,Bolívar,13810,Tiquisio,,,,,SZH_2626,Directos Bajo Cauca - Cga La Raya entre río Nechí,,,,,,,,,LEY2_05,Rio Magdalena,0.0,17.95321501,0.0,0.0,0.0,0.0,0.0,36.16264803,0.0,106.01970176,17.95321501,0.0,142.18234979,160.13556481
13710620,2022,17,Caldas,17380,La Dorada,,,,,SZH_2304,Directos Magdalena entre Ríos Guarinó y La Miel,,,,,,,,,,,0.0,0.0,0.0,0.0,0.0,0.0,0.0,0.0,0.0,4.17447957,0.0,0.0,4.17447957,4.17447942
13748966,2022,17,Caldas,17495,Norcasia,,,,,SZH_2305,Río La Miel (Samaná),,,,,,,,,,,0.0,0.0,0.0,0.0,0.0,0.0,0.0,27.79031761,0.0,9.1096814,0.0,0.0,36.89999899,36.9
13710158,2022,17,Caldas,17867,Victoria,,,,,SZH_2304,Directos Magdalena entre Ríos Guarinó y La Miel,,,,,,,,,,,0.0,0.0,0.0,0.0,0.0,0.0,0.0,22.67915458,0.0,13.53386575,0.0,0.0,36.21302033,36.21302058
1147454,2022,18,Caquetá,18205,Curillo,,,,,SZH_4404,Río Pescado,,,,,,,,,,,0.0,0.0,0.0,0.0,0.0,0.0,0.0,0.0,0.0,1.57266422,0.0,0.0,1.57266422,1.57266422
1148070,2022,18,Caquetá,18205,Curillo,,,,,SZH_4402,Río Caqueta Medio,,,,,,,,,,,0.0,0.0,0.0,0.0,0.0,0.0,0.0,0.0,0.0,1.14983577,0.0,0.0,1.14983577,1.14983577
1146376,2022,18,Caquetá,18610,San José del Fragua,,,,,SZH_4402,Río Caqueta Medio,,,,,,,,,,,0.0,0.0,0.0,0.0,0.0,0.0,0.0,0.0,0.0,122.01750066,0.0,0.0,122.01750066,122.01749999
1146838,2022,18,Caquetá,18610,San José del Fragua,,,,,SZH_4404,Río Pescado,,,,,,,,,,,0.0,0.0,0.0,0.0,0.0,0.0,0.0,0.0,0.0,8.84250047,0.0,0.0,8.84250047,8.8425
789404,2022,19,Cauca,19100,Bolívar,,,,,SZH_5202,Río San Jorge,,,,,,,,,,,0.0,0.0,0.0,0.0,0.0,0.0,0.0,0.0,0.0,39.20464619,0.0,0.0,39.20464619,39.2046462
15586802,2022,19,Cauca,19110,Buenos Aires,,,,,SZH_2628,Río Quinamayo y otros directos al Cauca,,,,,,,,,,,0.0,0.0,0.0,0.0,0.0,0.0,0.0,0.01825963,0.0,39.32535075,0.0,0.0,39.34361038,39.34361035
15538754,2022,19,Cauca,19256,El Tambo,,,,,SZH_5307,Río San Juan del Micay,,,,,,,,,,,0.0,0.0,0.0,0.0,0.0,0.0,0.0,9.45173847,0.0,2.31268727,0.0,0.0,11.76442573,11.76442573
15631154,2022,19,Cauca,19256,El Tambo,,,,,SZH_5201,Río Patia Alto,,,,,,,,,,,0.0,0.0,0.0,0.0,16.00441157,0.0,0.0,0.0,0.0,8.31876498,0.0,16.00441157,8.31876498,24.32317675
14925988,2022,19,Cauca,19318,Guapi,,,TCN_065,GUAPÍ ABAJO,SZH_5304,Río Guapi,,,,,,,,,,,0.0,0.0,0.0,0.0,0.0,0.0,0.0,0.0,73.31043629,0.0,0.0,0.0,73.31043629,73.31043612
14962486,2022,19,Cauca,19318,Guapi,,,TCN_154,RÍO GUAJUÍ,SZH_5304,Río Guapi,,,,,,,,,,,0.0,0.0,0.0,0.0,0.0,0.0,0.0,0.0,85.67894161,0.0,0.0,0.0,85.67894161,85.67893979
15000370,2022,19,Cauca,19318,Guapi,,,TCN_158,RIO NAPI,SZH_5304,Río Guapi,,,,,,,,,,,0.0,0.0,0.0,0.0,0.19019622,0.0,0.0,0.0,151.83000034,0.0,0.0,0.19019622,151.83000034,152.02019628
15052114,2022,19,Cauca,19318,Guapi,,,TCN_163,RÍO SAN FRANCISCO,SZH_5304,Río Guapi,,,,,,,,,,,0.0,0.0,0.0,0.0,4.3793011,0.0,0.0,0.0,53.86300264,0.0,0.0,4.3793011,53.86300264,58.24230375
15310988,2022,19,Cauca,19318,Guapi,,,TCN_008,ALTO GUAPI,SZH_5304,Río Guapi,,,,,,,,,,,0.0,0.0,0.0,0.0,0.0,0.0,0.0,0.0,105.23250117,0.0,0.0,0.0,105.23250117,105.2325
15633618,2022,19,Cauca,19392,La Sierra,,,,,SZH_5201,Río Patia Alto,,,,,,,,,,,0.0,0.0,0.0,0.0,8.12421877,0.0,0.0,0.0,0.0,10.28010485,0.0,8.12421877,10.28010485,18.40432325
15427566,2022,19,Cauca,19418,López de Micay,,,TCN_091,"LA MAMUNCIA, PARTE MEDIA DEL RÍO MICAY",SZH_5307,Río San Juan del Micay,,,,,,,,,,,0.0,0.0,0.0,0.0,0.0,0.0,15.55407091,52.72917849,0.0,108.26487214,0.0,0.0,176.54812154,176.54812109
15481928,2022,19,Cauca,19418,López de Micay,,,TCN_054,EL PLAYON DEL RÍO SIGUÍ,SZH_5307,Río San Juan del Micay,,,,,,,,,,,0.0,0.0,0.0,0.0,0.0,0.0,0.0,6.25134662,0.0,162.04582242,0.0,0.0,168.29716904,168.29717022
15495480,2022,19,Cauca,19418,López de Micay,,,TCN_159,RIO NAYA,SZH_5308,Río Naya - Yurumanguí,,,,,,,,,,,0.0,0.0,0.0,0.0,0.0,0.0,0.0,0.0,0.0,1.1475,0.0,0.0,1.1475,1.1475
15510418,2022,19,Cauca,19418,López de Micay,,,TCN_172,SAN JOC PARTE ALTA DEL RÍO MICAY,SZH_5307,Río San Juan del Micay,,,,,,,,,,,0.0,0.0,0.0,0.0,0.0,0.0,0.0,53.19815002,0.0,151.25343651,0.0,0.0,204.45158654,204.45158537
15525202,2022,19,Cauca,19418,López de Micay,,,TCN_069,CONSEJO COMUN INTEGRACIÓN DEL RÍO CHUARE,SZH_5307,Río San Juan del Micay,,,,,,,,,,,0.0,0.0,0.0,0.0,0.0,0.0,2.11636009,68.13165747,0.0,40.24817929,0.0,0.0,110.49619686,110.49619763
775852,2022,19,Cauca,19450,Mercaderes,,,,,SZH_5202,Río San Jorge,,,,,,,,,,,0.0,0.0,0.0,0.0,0.0,0.0,0.0,0.0,0.0,20.86314574,0.0,0.0,20.86314574,20.86314582
784476,2022,19,Cauca,19450,Mercaderes,ZPDRNR_36,ZONAS DE PROTECCIÓN Y DESARROLLO DE LOS RECURSOS NATURALES RENOVABLES BOSQUES SECOS DEL PAT,,,SZH_5202,Río San Jorge,,,,,,,,,,,0.0,0.0,0.0,0.0,0.0,0.0,0.0,0.0,0.0,53.64720793,0.0,0.0,53.64720793,53.64720798
1087086,2022,19,Cauca,19533,Piamonte,,,,,SZH_4401,Alto Caqueta,RI_788,Guayuyaco,,,,,,,,,0.0,0.0,0.0,0.0,0.0,0.0,0.0,0.0,0.0,3.5748342,0.0,0.0,3.5748342,3.57483399
1100946,2022,19,Cauca,19533,Piamonte,,,,,SZH_4401,Alto Caqueta,,,,,,,,,,,0.0,0.0,0.0,0.0,0.0,0.0,0.0,0.0,0.0,59.65016701,0.0,0.0,59.65016701,59.650166
14413630,2022,19,Cauca,19698,Santander de Quilichao,,,,,SZH_2628,Río Quinamayo y otros directos al Cauca,,,,,,,,,,,0.0,0.0,0.0,0.0,0.0,0.0,0.0,43.70356386,0.0,15.36782595,0.0,0.0,59.0713898,59.07138965
14495558,2022,19,Cauca,19809,Timbiquí,,,TCN_124,NEGROS UNIDOS,SZH_5304,Río Guapi,,,,,,,,,,,0.0,0.0,0.0,0.0,0.0,0.0,0.0,0.0,10.30407663,0.0,0.0,0.0,10.30407663,10.30407659
14511574,2022,19,Cauca,19809,Timbiquí,,,TCN_124,NEGROS UNIDOS,SZH_5305,Río Timbiquí,,,,,,,,,,,0.0,0.0,0.0,0.0,0.0,0.0,0.0,0.0,3.3309232,0.0,0.0,0.0,3.3309232,3.3309234
14516502,2022,19,Cauca,19809,Timbiquí,,,TCN_132,PARTE BAJA DEL RÍO SAIJA,SZH_5306,Río Saija,,,,,,,,,,,0.0,0.0,0.0,0.0,0.0,0.0,0.0,0.0,5.75999992,0.0,0.0,0.0,5.75999992,5.76
14599046,2022,19,Cauca,19809,Timbiquí,,,,,SZH_5306,Río Saija,,,,,,,,,,,0.0,0.0,0.0,0.0,0.0,0.0,0.0,0.0,0.0,0.4725,0.0,0.0,0.4725,0.4725
14601510,2022,19,Cauca,19809,Timbiquí,,,,,SZH_5306,Río Saija,RI_604,Embera - Cholo Del Rio Guangui,,,,,,,,,0.0,0.0,0.0,0.0,0.0,0.0,0.0,0.0,0.0,1.1925,0.0,0.0,1.1925,1.1925
14619066,2022,19,Cauca,19809,Timbiquí,,,TCN_053,EL CUERVAL,SZH_5304,Río Guapi,,,,,,,,,,,0.0,0.0,0.0,0.0,0.0,0.0,0.0,0.0,15.88500016,0.0,0.0,0.0,15.88500016,15.885
14666036,2022,19,Cauca,19809,Timbiquí,,,TCN_145,RENACER NEGRO,SZH_5304,Río Guapi,,,,,,,,,,,0.0,3.2750705,0.0,0.0,0.0,0.0,0.0,0.0,6.75525033,0.0,3.2750705,0.0,6.75525033,10.03032094
14765828,2022,19,Cauca,19809,Timbiquí,,,TCN_083,LA CUENCA DEL RÍO SAN BERNARDO PATÍA NORTE,SZH_5306,Río Saija,,,,,,,,,,,0.0,0.0,0.0,0.0,0.0,0.0,0.0,0.0,11.6717432,0.59075653,0.0,0.0,12.26249972,12.2625
14883946,2022,19,Cauca,19809,Timbiquí,,,TCN_154,RÍO GUAJUÍ,SZH_5304,Río Guapi,,,,,,,,,,,0.0,0.0,0.0,0.0,0.0,0.0,0.0,0.0,0.26940826,0.0,0.0,0.0,0.26940826,0.26940832
14904890,2022,19,Cauca,19809,Timbiquí,,,TCN_131,PARTE ALTA SUR DEL RÍO SAIJA,SZH_5306,Río Saija,,,,,,,,,,,0.0,0.0,0.0,0.0,0.0,0.0,0.0,0.0,219.50999991,0.0,0.0,0.0,219.50999991,219.51000001
14996674,2022,19,Cauca,19809,Timbiquí,,,TCN_145,RENACER NEGRO,SZH_5305,Río Timbiquí,,,,,,,,,,,0.0,734.77705545,0.0,0.0,20.15195091,0.0,0.0,0.0,274.85188895,0.0,734.77705545,20.15195091,274.85188895,1029.78089491
1923922,2022,23,Córdoba,23068,Ayapel,,,,,SZH_2502,Bajo San Jorge - La Mojana,,,,,SR_001,Complejo Cenagoso de Ayapel,,,,,0.0,0.0,0.0,0.0,0.0,0.0,0.0,2.81047719,0.0,661.15667829,0.0,0.0,663.96715548,663.96715595
2180640,2022,23,Córdoba,23068,Ayapel,,,,,SZH_2502,Bajo San Jorge - La Mojana,,,,,,,,,,,0.0,0.0,0.0,0.0,408.20625494,0.0,0.0,237.40205987,0.0,3566.78373851,0.0,408.20625494,3804.18579837,4212.39204963
2178792,2022,23,Córdoba,23350,La Apartada,,,,,SZH_2502,Bajo San Jorge - La Mojana,,,,,,,,,,,0.0,0.0,0.0,0.0,0.0,0.0,0.0,0.0,0.0,30.33000012,0.0,0.0,30.33000012,30.33
1610378,2022,23,Córdoba,23580,Puerto Libertador,,,,,SZH_2501,Alto San Jorge,,,,,,,,,,,0.0,0.0,0.0,0.0,0.0,0.0,0.0,0.0,0.0,74.92499981,0.0,0.0,74.92499981,74.92499999
3092012,2022,23,Córdoba,23682,San José de Uré,,,,,SZH_2624,Río Taraza - Río Man,,,,,,,,,,,0.0,0.0,0.0,0.0,0.0,0.0,0.0,0.0,0.0,27.3452502,0.0,0.0,27.3452502,27.34525038
3094784,2022,23,Córdoba,23682,San José de Uré,,,,,SZH_2501,Alto San Jorge,,,,,,,,,,,0.0,0.0,0.0,0.0,0.0,0.0,0.0,0.0,0.0,127.42865082,0.0,0.0,127.42865082,127.42865129
10458294,2022,27,Chocó,27001,Quibdó,,,,,SZH_1104,Río Bebaramá y otros Directos Atrato (md),RI_610,Rio Negua,,,,,,,LEY2_04,Pacifico,0.0,2.13409959,0.0,0.0,0.0,0.0,0.0,3.83331928,17.92033481,48.90539794,2.13409959,0.0,70.65905204,72.79315171
10597202,2022,27,Chocó,27001,Quibdó,,,TCN_066,GUAYABAL,SZH_1104,Río Bebaramá y otros Directos Atrato (md),,,,,,,,,LEY2_04,Pacifico,0.0,0.0,0.0,0.0,0.0,0.0,0.0,0.0,1.029101,162.24407203,0.0,0.0,163.27317304,163.27317393
12608904,2022,27,Chocó,27001,Quibdó,,,TCN_117,MAYOR DEL MEDIO ATRATO - ACIA,SZH_1105,Directos Atrato entre ríos Quito y Bojayá (mi),,,,,,,,,LEY2_04,Pacifico,0.0,0.0,0.0,0.0,0.0,0.0,0.0,0.0,18.37814201,0.0,0.0,0.0,18.37814201,18.37814186
12942468,2022,27,Chocó,27001,Quibdó,,,TCN_229,CONSEJO COMUNITARIO SANTO DOMINGO,SZH_1104,Río Bebaramá y otros Directos Atrato (md),,,,,,,,,LEY2_04,Pacifico,0.0,0.0,0.0,0.0,0.0,0.0,0.0,0.0,0.0,8.02896125,0.0,0.0,8.02896125,8.02896118
12963720,2022,27,Chocó,27001,Quibdó,,,,,SZH_1104,Río Bebaramá y otros Directos Atrato (md),,,,,,,,,LEY2_04,Pacifico,0.0,0.0,0.0,0.0,0.0,0.0,0.0,0.0,0.0,54.03282002,0.0,0.0,54.03282002,54.03281942
12979736,2022,27,Chocó,27001,Quibdó,,,,,SZH_1104,Río Bebaramá y otros Directos Atrato (md),,,,,,,,,,,0.0,0.0,0.0,0.0,0.0,0.0,0.0,0.0,0.0,1.11686186,0.0,0.0,1.11686186,1.11686197
13303444,2022,27,Chocó,27001,Quibdó,,,TCN_117,MAYOR DEL MEDIO ATRATO - ACIA,SZH_1104,Río Bebaramá y otros Directos Atrato (md),,,,,,,,,LEY2_04,Pacifico,0.0,211.95202521,0.0,0.0,0.0,0.0,0.0,169.35901704,1415.30102137,53.36136038,211.95202521,0.0,1638.02139884,1849.97342122
1180872,2022,27,Chocó,27006,Acandí,,,TCN_078,"CM DE LA CUENCA DEL RÍO ACANDÍ SECO, EL CEDRO Y JUANCHO",SZH_1116,Río Tolo y otros Directos al Caribe,,,RFPN_01,Darién,,,,,,,0.0,0.0,0.0,0.0,0.0,0.0,0.0,0.0,0.0,5.43580373,0.0,0.0,5.43580373,5.43580341
1182104,2022,27,Chocó,27006,Acandí,,,TCN_079,LA CUENCA DEL RÍO ACANDÍ ZONA COSTERA NORTE,SZH_1116,Río Tolo y otros Directos al Caribe,,,RFPN_01,Darién,,,,,,,0.0,0.0,0.0,0.0,0.0,0.0,0.0,0.0,0.0,21.06919653,0.0,0.0,21.06919653,21.06919659
1185800,2022,27,Chocó,27006,Acandí,,,,,SZH_1116,Río Tolo y otros Directos al Caribe,,,RFPN_01,Darién,,,,,,,0.0,0.0,0.0,0.0,0.0,0.0,0.0,0.0,0.0,2.13750015,0.0,0.0,2.13750015,2.1375
10972500,2022,27,Chocó,27050,Atrato,,,TCN_170,SAN ISIDRO,SZH_1103,Río Quito,,,,,,,,,LEY2_04,Pacifico,0.0,0.0,0.0,0.0,0.0,0.0,0.0,0.0,5.55558065,2.05221039,0.0,0.0,7.60779105,7.60779115
11034562,2022,27,Chocó,27050,Atrato,,,TCN_092,LA MOLANA,SZH_1103,Río Quito,,,,,,,,,LEY2_04,Pacifico,0.0,0.0,0.0,0.0,0.0,0.0,0.0,0.0,1.71814448,35.74431905,0.0,0.0,37.46246353,37.46246267
11076604,2022,27,Chocó,27050,Atrato,,,TCN_042,POPULAR DEL ALTO ATRATO - COCOMOPOCA,SZH_1104,Río Bebaramá y otros Directos Atrato (md),,,,,,,,,,,0.0,0.0,0.0,0.0,0.0,0.0,0.0,0.0,0.0,1.44211167,0.0,0.0,1.44211167,1.44211168
11320694,2022,27,Chocó,27050,Atrato,,,TCN_130,PAIMADO,SZH_1103,Río Quito,,,,,,,,,LEY2_04,Pacifico,0.0,0.0,0.0,0.0,1.69525509,0.0,0.0,0.0,113.92523835,0.0,0.0,1.69525509,113.92523835,115.62049263
11369204,2022,27,Chocó,27050,Atrato,,,TCN_130,PAIMADO,SZH_1103,Río Quito,,,,,,,,,,,0.0,0.0,0.0,0.0,0.0,0.0,0.0,0.0,42.68182258,31.09221132,0.0,0.0,73.7740339,73.77403422
11561088,2022,27,Chocó,27050,Atrato,,,TCN_042,POPULAR DEL ALTO ATRATO - COCOMOPOCA,SZH_1103,Río Quito,,,,,,,,,LEY2_04,Pacifico,0.0,0.0,0.0,0.0,0.0,0.0,0.0,0.0,0.0,150.18020245,0.0,0.0,150.18020245,150.18020275
11562320,2022,27,Chocó,27050,Atrato,,,TCN_042,POPULAR DEL ALTO ATRATO - COCOMOPOCA,SZH_1103,Río Quito,,,,,,,,,,,0.0,0.0,0.0,0.0,0.0,0.0,0.0,0.0,1.75055069,329.15818792,0.0,0.0,330.90873861,330.90873728
12959870,2022,27,Chocó,27050,Atrato,,,,,SZH_1103,Río Quito,,,,,,,,,LEY2_04,Pacifico,0.0,0.0,0.0,0.0,0.0,0.0,0.0,0.0,0.0,0.54,0.0,0.0,0.54,0.54
12976040,2022,27,Chocó,27050,Atrato,,,TCN_042,POPULAR DEL ALTO ATRATO - COCOMOPOCA,SZH_1104,Río Bebaramá y otros Directos Atrato (md),,,,,,,,,LEY2_04,Pacifico,0.0,0.92812054,0.0,0.0,0.0,0.0,0.0,0.0,0.00138969,186.94880697,0.92812054,0.0,186.95019666,187.8783169
13319460,2022,27,Chocó,27050,Atrato,,,TCN_117,MAYOR DEL MEDIO ATRATO - ACIA,SZH_1104,Río Bebaramá y otros Directos Atrato (md),,,,,,,,,LEY2_04,Pacifico,0.0,1.10056593,0.0,0.0,0.0,0.0,0.0,0.0,111.90479598,20.13707822,1.10056593,0.0,132.0418742,133.14243919
13509958,2022,27,Chocó,27073,Bagadó,,,,,SZH_1101,Río Andagueda,,,,,,,,,,,0.0,0.0,0.0,0.0,0.0,0.0,0.0,4.87658074,0.0,0.0,0.0,0.0,4.87658074,4.87658043
13553078,2022,27,Chocó,27073,Bagadó,,,,,SZH_1101,Río Andagueda,RI_036,Andagueda,,,,,,,,,0.0,7.07111531,0.0,0.0,0.0,0.0,0.0,0.0,0.0,0.0,7.07111531,0.0,0.0,7.07111503
13555696,2022,27,Chocó,27073,Bagadó,,,TCN_042,POPULAR DEL ALTO ATRATO - COCOMOPOCA,SZH_1101,Río Andagueda,,,,,,,,,,,0.0,31.5388854,0.0,0.0,0.0,0.0,0.0,222.2137045,0.0,20.76235455,31.5388854,0.0,242.97605904,274.51494574
11740806,2022,27,Chocó,27135,El Cantón del San Pablo,,,,,SZH_1103,Río Quito,,,,,,,,,LEY2_04,Pacifico,0.0,0.0,0.0,0.0,0.0,0.0,0.0,0.0,15.05575964,5.69800747,0.0,0.0,20.75376711,20.75376701
11769296,2022,27,Chocó,27135,El Cantón del San Pablo,,,TCN_070,ISTMINA Y PARTE DEL MEDIO SAN JUAN,SZH_1103,Río Quito,,,,,,,,,LEY2_04,Pacifico,0.0,0.0,0.0,0.0,0.0,0.0,0.0,0.0,0.00758883,0.0,0.0,0.0,0.00758883,0.00758881
11850454,2022,27,Chocó,27135,El Cantón del San Pablo,,,TCN_113,"MAYOR DE UNIÓN PANAMERICANA ""COCO MAUPA""",SZH_1103,Río Quito,,,,,,,,,LEY2_04,Pacifico,0.0,0.0,0.0,0.0,0.0,0.0,0.0,0.0,176.98632766,0.0,0.0,0.0,176.98632766,176.98632777
12149522,2022,27,Chocó,27135,El Cantón del San Pablo,,,TCN_116,"MAYOR DEL CANTÓN DE SAN PABLO ""ACISANP""",SZH_1103,Río Quito,,,,,,,,,LEY2_04,Pacifico,0.0,0.0,0.0,0.0,43.69372465,0.0,0.0,87.25040846,5146.34834445,425.01963313,0.0,43.69372465,5658.61838603,5702.31211461
11383988,2022,27,Chocó,27160,Cértegui,,,TCN_041,CONSEJO COMUNITARIO INTEGRAL DE LLORO_COCOILLO,SZH_1101,Río Andagueda,,,,,,,,,,,0.0,0.0,0.0,0.0,0.0,0.0,0.0,0.56497442,0.0,19.23502531,0.0,0.0,19.79999973,19.8
11542146,2022,27,Chocó,27160,Cértegui,,,TCN_116,"MAYOR DEL CANTÓN DE SAN PABLO ""ACISANP""",SZH_1103,Río Quito,,,,,,,,,LEY2_04,Pacifico,0.0,0.0,0.0,0.0,0.0,0.0,0.0,40.42951941,344.586053,66.06447779,0.0,0.0,451.0800502,451.08004975
11605594,2022,27,Chocó,27160,Cértegui,,,TCN_032,CÉRTEGUI,SZH_1103,Río Quito,,,,,,,,,LEY2_04,Pacifico,0.0,5.69932923,0.0,9.04718596,6.72687632,0.0,0.0,0.0,799.26076696,11.07375377,5.69932923,15.77406228,810.33452074,831.80790996
11633776,2022,27,Chocó,27160,Cértegui,,,,,SZH_1103,Río Quito,,,,,,,,,,,0.0,0.0,0.0,0.0,0.0,0.0,0.0,0.0,34.23452827,0.0,0.0,0.0,34.23452827,34.23452766
11651024,2022,27,Chocó,27160,Cértegui,,,TCN_042,POPULAR DEL ALTO ATRATO - COCOMOPOCA,SZH_1101,Río Andagueda,,,,,,,,,,,0.0,0.0,0.0,0.0,0.0,0.0,0.0,7.74132818,0.0,111.71853006,0.0,0.0,119.45985825,119.45985882
11882486,2022,27,Chocó,27160,Cértegui,,,TCN_032,CÉRTEGUI,SZH_1103,Río Quito,,,,,,,,,,,0.0,2.30041874,0.0,81.39250675,0.0,0.0,0.0,0.0,165.80100183,25.39242524,2.30041874,81.39250675,191.19342707,274.88635142
11883718,2022,27,Chocó,27160,Cértegui,,,TCN_113,"MAYOR DE UNIÓN PANAMERICANA ""COCO MAUPA""",SZH_1103,Río Quito,,,,,,,,,,,0.0,0.0,0.0,0.0,2.64252714,0.0,0.0,0.0,0.0,3.16441405,0.0,2.64252714,3.16441405,5.80694102
11903430,2022,27,Chocó,27160,Cértegui,,,TCN_114,"MAYOR DEL ALTO SAN JUAN ""ASOCASAN""",SZH_5401,Río San Juan Alto,,,,,,,,,,,0.0,0.0,0.0,0.0,51.78497147,0.0,0.0,0.0,3.45971791,1.73640226,0.0,51.78497147,5.19612017,56.9810916
11924836,2022,27,Chocó,27160,Cértegui,,,TCN_114,"MAYOR DEL ALTO SAN JUAN ""ASOCASAN""",SZH_1103,Río Quito,,,,,,,,,,,0.0,0.0,0.0,0.0,0.0,0.0,0.0,0.0,27.97662195,3.0830731,0.0,0.0,31.05969504,31.05969524
13005146,2022,27,Chocó,27205,Condoto,,,TCN_118,MAYOR DEL MUNICIPIO DE CONDOTO,SZH_5402,Río Tamaná y otros Directos San Juan,,,,,,,,,,,0.0,115.61122399,0.0,0.0,790.47236403,0.0,0.0,4.12001203,1492.59645601,30.74875848,115.61122399,790.47236403,1527.46522653,2433.54882325
14005992,2022,27,Chocó,27250,El Litoral del San Juan,,,TCN_001,ACADESAN,SZH_5406,Río Munguidó,,,,,,,,,LEY2_04,Pacifico,0.0,0.0,0.0,0.0,0.0,0.0,0.0,0.0,0.7425,0.0,0.0,0.0,0.7425,0.7425
12024628,2022,27,Chocó,27361,Istmina,,,TCN_070,ISTMINA Y PARTE DEL MEDIO SAN JUAN,SZH_5501,Río Baudó,,,,,,,,,LEY2_04,Pacifico,0.0,0.0,0.0,0.0,0.0,0.0,0.0,0.0,37.74001091,0.0,0.0,0.0,37.74001091,37.74000998
12076834,2022,27,Chocó,27361,Istmina,,,TCN_116,"MAYOR DEL CANTÓN DE SAN PABLO ""ACISANP""",SZH_1103,Río Quito,,,,,,,,,LEY2_04,Pacifico,0.0,0.0,0.0,0.0,0.0,0.0,0.0,11.96292233,119.36331188,7.16457809,0.0,0.0,138.4908123,138.49081186
12199264,2022,27,Chocó,27361,Istmina,,,,,SZH_5401,Río San Juan Alto,,,,,,,,,LEY2_04,Pacifico,0.0,9.35567066,0.0,0.0,0.0,0.0,0.0,0.00026755,2.8046338,3.71595172,9.35567066,0.0,6.52085307,15.87652333
12213586,2022,27,Chocó,27361,Istmina,,,TCN_113,"MAYOR DE UNIÓN PANAMERICANA ""COCO MAUPA""",SZH_5401,Río San Juan Alto,,,,,,,,,,,0.0,0.0,0.0,0.0,0.0,0.0,0.0,0.0,2.61592715,0.0,0.0,0.0,2.61592715,2.61592698
12267640,2022,27,Chocó,27361,Istmina,,,TCN_114,"MAYOR DEL ALTO SAN JUAN ""ASOCASAN""",SZH_5401,Río San Juan Alto,,,,,,,,,,,0.0,0.0,0.0,0.0,0.0,0.0,0.0,0.0,30.56417985,0.0,0.0,0.0,30.56417985,30.56417985
12402698,2022,27,Chocó,27361,Istmina,,,TCN_070,ISTMINA Y PARTE DEL MEDIO SAN JUAN,SZH_1103,Río Quito,,,,,,,,,LEY2_04,Pacifico,0.0,10.12115542,0.0,0.0,0.0,0.0,0.0,6.51369513,2417.31534206,507.60139144,10.12115542,0.0,2931.43042867,2941.5515851
12411322,2022,27,Chocó,27361,Istmina,,,TCN_070,ISTMINA Y PARTE DEL MEDIO SAN JUAN,SZH_5401,Río San Juan Alto,,,,,,,,,LEY2_04,Pacifico,0.0,0.0,0.0,0.0,0.0,0.0,0.0,0.0,84.25616557,5.18625205,0.0,0.0,89.44241762,89.44241644
12456444,2022,27,Chocó,27361,Istmina,,,,,SZH_5401,Río San Juan Alto,,,,,,,,,,,0.0,0.09257984,0.0,0.0,0.0,0.0,0.0,0.0,5.02169318,2.77552709,0.09257984,0.0,7.79722027,7.88980014
12460140,2022,27,Chocó,27361,Istmina,,,TCN_070,ISTMINA Y PARTE DEL MEDIO SAN JUAN,SZH_5401,Río San Juan Alto,,,,,,,,,,,0.0,31.31831259,0.0,0.0,0.0,0.0,0.0,0.0,215.74690126,0.59232539,31.31831259,0.0,216.33922665,247.65753872
12769680,2022,27,Chocó,27361,Istmina,,,TCN_070,ISTMINA Y PARTE DEL MEDIO SAN JUAN,SZH_5408,Río San Juan Medio,,,,,,,,,LEY2_04,Pacifico,0.0,0.0,0.0,0.0,0.0,0.0,0.0,0.0,1215.30400652,0.0,0.0,0.0,1215.30400652,1215.3040061
13338710,2022,27,Chocó,27361,Istmina,,,TCN_001,ACADESAN,SZH_5402,Río Tamaná y otros Directos San Juan,,,,,,,,,LEY2_04,Pacifico,0.0,0.0,0.0,0.0,0.0,0.0,0.0,0.0,5.58,0.0,0.0,0.0,5.58,5.58
13885256,2022,27,Chocó,27361,Istmina,,,TCN_001,ACADESAN,SZH_5408,Río San Juan Medio,,,,,,,,,LEY2_04,Pacifico,0.0,0.0,0.0,0.0,0.0,0.0,0.0,0.0,3.3937002,0.0,0.0,0.0,3.3937002,3.3937002
13886488,2022,27,Chocó,27361,Istmina,,,,,SZH_5408,Río San Juan Medio,RI_560,"Puado, La Lerma, Matare Y Terdo",,,,,,,LEY2_04,Pacifico,0.0,0.0,0.0,0.0,0.0,0.0,0.0,0.0,0.0,0.495,0.0,0.0,0.495,0.495
13897730,2022,27,Chocó,27361,Istmina,,,TCN_001,ACADESAN,SZH_5405,Río Capoma y otros directos al San Juan,,,,,,,,,LEY2_04,Pacifico,0.0,0.0,0.0,0.0,0.0,0.0,0.0,0.0,21.0825,0.0,0.0,0.0,21.0825,21.0825
11154374,2022,27,Chocó,27413,Lloró,,,TCN_042,POPULAR DEL ALTO ATRATO - COCOMOPOCA,SZH_1102,Alto Atrato,,,,,,,,,LEY2_04,Pacifico,0.0,0.0,0.0,0.0,0.0,0.0,0.0,0.0,0.0,51.16896373,0.0,0.0,51.16896373,51.16896397
11156838,2022,27,Chocó,27413,Lloró,,,TCN_041,CONSEJO COMUNITARIO INTEGRAL DE LLORO_COCOILLO,SZH_1102,Alto Atrato,,,,,,,,,LEY2_04,Pacifico,0.0,0.0,0.0,0.0,0.0,0.0,0.0,0.0,0.0,54.74990259,0.0,0.0,54.74990259,54.7499033
11333014,2022,27,Chocó,27413,Lloró,,,TCN_042,POPULAR DEL ALTO ATRATO - COCOMOPOCA,SZH_1103,Río Quito,,,,,,,,,,,0.0,0.0,0.0,0.0,0.0,0.0,0.0,0.0,0.0,31.36757673,0.0,0.0,31.36757673,31.36757679
11347798,2022,27,Chocó,27413,Lloró,,,TCN_041,CONSEJO COMUNITARIO INTEGRAL DE LLORO_COCOILLO,SZH_1104,Río Bebaramá y otros Directos Atrato (md),,,,,,,,,LEY2_04,Pacifico,0.0,0.0,0.0,0.0,0.0,0.0,0.0,0.0,0.0,136.44755449,0.0,0.0,136.44755449,136.44755379
11355190,2022,27,Chocó,27413,Lloró,,,,,SZH_1103,Río Quito,,,,,,,,,,,0.0,0.0,0.0,0.0,0.0,0.0,0.0,0.0,0.0,60.95541979,0.0,0.0,60.95541979,60.95541971
11362582,2022,27,Chocó,27413,Lloró,,,TCN_041,CONSEJO COMUNITARIO INTEGRAL DE LLORO_COCOILLO,SZH_1102,Alto Atrato,,,,,,,,,,,0.0,0.0,0.0,0.0,0.0,0.0,0.0,1.7775,0.0,16.7775966,0.0,0.0,18.5550966,18.55509671
11366278,2022,27,Chocó,27413,Lloró,,,,,SZH_1102,Alto Atrato,,,,,,,,,,,0.0,0.0,0.0,0.0,0.0,0.0,0.0,0.0,0.0,4.8150006,0.0,0.0,4.8150006,4.815
11375364,2022,27,Chocó,27413,Lloró,,,TCN_041,CONSEJO COMUNITARIO INTEGRAL DE LLORO_COCOILLO,SZH_1103,Río Quito,,,,,,,,,,,0.0,0.0,0.0,0.0,0.0,0.0,0.0,0.0,0.0,146.65628503,0.0,0.0,146.65628503,146.65628532
11385220,2022,27,Chocó,27413,Lloró,,,,,SZH_1101,Río Andagueda,,,,,,,,,,,0.0,0.0,0.0,0.0,0.0,0.0,0.0,0.0,0.0,8.77959208,0.0,0.0,8.77959208,8.77959214
11387992,2022,27,Chocó,27413,Lloró,,,TCN_041,CONSEJO COMUNITARIO INTEGRAL DE LLORO_COCOILLO,SZH_1101,Río Andagueda,,,,,,,,,,,0.0,0.0,0.0,0.0,0.0,0.0,0.0,4.00390396,0.0,78.26762361,0.0,0.0,82.27152757,82.27152837
11394152,2022,27,Chocó,27413,Lloró,,,TCN_042,POPULAR DEL ALTO ATRATO - COCOMOPOCA,SZH_1102,Alto Atrato,,,,,,,,,,,0.0,0.0,0.0,0.0,0.0,0.0,0.0,0.0,0.0,12.82103606,0.0,0.0,12.82103606,12.82103603
10135202,2022,27,Chocó,27425,Medio Atrato,,,,,SZH_1104,Río Bebaramá y otros Directos Atrato (md),RI_598,Rio Bebara,,,,,,,LEY2_04,Pacifico,0.0,0.0,0.0,0.0,0.0,0.0,0.0,2.50789502,0.0,37.89549736,0.0,0.0,40.40339238,40.4033928
10319694,2022,27,Chocó,27425,Medio Atrato,,,TCN_117,MAYOR DEL MEDIO ATRATO - ACIA,SZH_1104,Río Bebaramá y otros Directos Atrato (md),,,,,,,,,LEY2_04,Pacifico,0.0,0.0,0.0,379.46418171,3.45715587,0.0,0.0,37.07080885,1883.91226129,24.36131354,0.0,382.92133758,1945.34438369,2328.26571767
12355882,2022,27,Chocó,27430,Medio Baudó,,,TCN_070,ISTMINA Y PARTE DEL MEDIO SAN JUAN,SZH_5501,Río Baudó,,,,,,,,,LEY2_04,Pacifico,0.0,0.0,0.0,0.0,0.0,0.0,0.0,0.0,1.72941264,0.0,0.0,0.0,1.72941264,1.72941253
12357114,2022,27,Chocó,27430,Medio Baudó,,,TCN_160,RÍO PEPE,SZH_5501,Río Baudó,,,,,,,,,LEY2_04,Pacifico,0.0,0.0,0.0,0.0,0.0,0.0,0.0,0.0,6.66662079,0.0,0.0,0.0,6.66662079,6.66662087
12440428,2022,27,Chocó,27450,Medio San Juan,,,TCN_070,ISTMINA Y PARTE DEL MEDIO SAN JUAN,SZH_5401,Río San Juan Alto,,,,,,,,,LEY2_04,Pacifico,0.0,0.0,0.0,0.0,0.0,0.0,0.0,0.0,6.67914707,0.0,0.0,0.0,6.67914707,6.6791471
12495868,2022,27,Chocó,27450,Medio San Juan,,,TCN_118,MAYOR DEL MUNICIPIO DE CONDOTO,SZH_5402,Río Tamaná y otros Directos San Juan,RI_528,Peñas Del Olvido,,,,,,,,,0.0,0.0,0.0,0.0,9.60750037,0.0,0.0,0.0,0.0,0.0,0.0,9.60750037,0.0,9.6075
12738264,2022,27,Chocó,27450,Medio San Juan,,,TCN_070,ISTMINA Y PARTE DEL MEDIO SAN JUAN,SZH_5402,Río Tamaná y otros Directos San Juan,,,,,,,,,LEY2_04,Pacifico,0.0,0.0,0.0,0.0,0.0,0.0,0.0,0.0,8.5253706,0.0,0.0,0.0,8.5253706,8.52537053
12756744,2022,27,Chocó,27450,Medio San Juan,,,TCN_070,ISTMINA Y PARTE DEL MEDIO SAN JUAN,SZH_5402,Río Tamaná y otros Directos San Juan,,,,,,,,,,,0.0,0.0,0.0,0.0,46.67983056,0.0,0.0,0.0,11.96775403,1.99525861,0.0,46.67983056,13.96301264,60.64284387
12757976,2022,27,Chocó,27450,Medio San Juan,,,TCN_118,MAYOR DEL MUNICIPIO DE CONDOTO,SZH_5402,Río Tamaná y otros Directos San Juan,,,,,,,,,,,0.0,0.0,0.0,0.0,41.55419686,0.0,0.0,0.0,2.10904481,0.67197263,0.0,41.55419686,2.78101744,44.33521386
13037178,2022,27,Chocó,27450,Medio San Juan,,,TCN_070,ISTMINA Y PARTE DEL MEDIO SAN JUAN,SZH_5408,Río San Juan Medio,,,,,,,,,LEY2_04,Pacifico,0.0,0.0,0.0,0.0,67.08920748,0.0,0.0,0.0,344.11158335,0.0,0.0,67.08920748,344.11158335,411.20079025
13085380,2022,27,Chocó,27450,Medio San Juan,,,TCN_112,MAYOR DE NOVITA,SZH_5404,Río Cajón,,,,,,,,,LEY2_04,Pacifico,0.0,0.0,0.0,0.0,0.0,0.0,0.0,0.0,4.44628895,0.0,0.0,0.0,4.44628895,4.44628913
13343946,2022,27,Chocó,27450,Medio San Juan,,,TCN_001,ACADESAN,SZH_5408,Río San Juan Medio,,,,,,,,,LEY2_04,Pacifico,0.0,0.0,0.0,0.0,0.0,0.0,0.0,0.0,197.07664415,0.0,0.0,0.0,197.07664415,197.07664448
13365660,2022,27,Chocó,27450,Medio San Juan,,,TCN_001,ACADESAN,SZH_5402,Río Tamaná y otros Directos San Juan,,,,,,,,,LEY2_04,Pacifico,0.0,0.0,0.0,0.0,4.45216984,0.0,0.0,0.0,455.49470862,2.69275241,0.0,4.45216984,458.18746103,462.63963152
13754510,2022,27,Chocó,27450,Medio San Juan,,,,,SZH_5408,Río San Juan Medio,RI_560,"Puado, La Lerma, Matare Y Terdo",,,,,,,LEY2_04,Pacifico,0.0,0.0,0.0,0.0,0.0,0.0,0.0,0.0,0.0,27.32439695,0.0,0.0,27.32439695,27.32439654
13754972,2022,27,Chocó,27450,Medio San Juan,,,,,SZH_5405,Río Capoma y otros directos al San Juan,RI_560,"Puado, La Lerma, Matare Y Terdo",,,,,,,LEY2_04,Pacifico,0.0,0.0,0.0,0.0,0.0,0.0,0.0,0.0,0.0,21.5731967,0.0,0.0,21.5731967,21.57319673
13888028,2022,27,Chocó,27450,Medio San Juan,,,TCN_001,ACADESAN,SZH_5405,Río Capoma y otros directos al San Juan,,,,,,,,,LEY2_04,Pacifico,0.0,0.0,0.0,0.0,0.0,0.0,0.0,0.0,15.34500001,3.7074066,0.0,0.0,19.05240661,19.05240673
13902658,2022,27,Chocó,27450,Medio San Juan,,,TCN_001,ACADESAN,SZH_5404,Río Cajón,,,,,,,,,LEY2_04,Pacifico,0.0,0.0,0.0,0.0,0.0,0.0,0.0,0.0,297.36623082,0.0,0.0,0.0,297.36623082,297.36623148
13128346,2022,27,Chocó,27491,Nóvita,,,,,SZH_5402,Río Tamaná y otros Directos San Juan,,,,,,,,,LEY2_04,Pacifico,0.0,0.0,0.0,0.0,0.0,0.0,0.0,0.0,0.05461772,0.0,0.0,0.0,0.05461772,0.05461775
13331010,2022,27,Chocó,27491,Nóvita,,,TCN_112,MAYOR DE NOVITA,SZH_5402,Río Tamaná y otros Directos San Juan,,,,,,,,,,,0.0,0.0,0.0,0.0,22.17065708,0.0,0.0,35.87060274,489.85042288,35.47582363,0.0,22.17065708,561.19684926,583.36750709
13432804,2022,27,Chocó,27491,Nóvita,,,TCN_112,MAYOR DE NOVITA,SZH_5404,Río Cajón,,,,,,,,,LEY2_04,Pacifico,0.0,0.0,0.0,0.0,0.0,0.0,0.0,133.55971596,1229.19912299,46.44418668,0.0,0.0,1409.20302563,1409.20302088
13481622,2022,27,Chocó,27491,Nóvita,,,TCN_112,MAYOR DE NOVITA,SZH_5402,Río Tamaná y otros Directos San Juan,,,,,,,,,LEY2_04,Pacifico,0.0,0.0,0.0,0.0,0.0,0.0,0.0,0.0,678.94278289,0.0,0.0,0.0,678.94278289,678.94278627
13809334,2022,27,Chocó,27491,Nóvita,,,TCN_001,ACADESAN,SZH_5403,Río Sipí,,,,,,,,,LEY2_04,Pacifico,0.0,0.0,0.0,0.0,0.0,0.0,0.0,0.0,30.01119566,0.0,0.0,0.0,30.01119566,30.01119532
13849990,2022,27,Chocó,27491,Nóvita,,,,,SZH_5403,Río Sipí,,,,,,,,,LEY2_04,Pacifico,0.0,0.0,0.0,0.0,0.0,0.0,0.0,0.0,0.17594719,0.0,0.0,0.0,0.17594719,0.17594722
13988128,2022,27,Chocó,27491,Nóvita,,,TCN_001,ACADESAN,SZH_5404,Río Cajón,,,,,,,,,LEY2_04,Pacifico,0.0,0.0,0.0,0.0,188.07893881,0.0,0.0,29.26892727,1912.94448288,512.72040519,0.0,188.07893881,2454.93381538,2643.01275173
12307834,2022,27,Chocó,27580,Río Iró,,,TCN_114,"MAYOR DEL ALTO SAN JUAN ""ASOCASAN""",SZH_5401,Río San Juan Alto,,,,,,,,,,,0.0,0.0,0.0,0.0,0.0,0.0,0.0,0.0,37.17972981,0.0,0.0,0.0,37.17972981,37.17972915
12673892,2022,27,Chocó,27580,Río Iró,,,TCN_118,MAYOR DEL MUNICIPIO DE CONDOTO,SZH_5402,Río Tamaná y otros Directos San Juan,,,,,,,,,,,0.0,8.71463804,0.0,0.0,8.64707848,0.0,0.0,0.0,406.81473119,0.0,8.71463804,8.64707848,406.81473119,424.17644958
11016852,2022,27,Chocó,27600,Río Quito,,,TCN_042,POPULAR DEL ALTO ATRATO - COCOMOPOCA,SZH_1103,Río Quito,,,,,,,,,LEY2_04,Pacifico,0.0,0.0,0.0,0.0,0.0,0.0,0.0,0.0,0.0,13.93179042,0.0,0.0,13.93179042,13.93179
11464838,2022,27,Chocó,27600,Río Quito,,,TCN_130,PAIMADO,SZH_1103,Río Quito,,,,,,,,,LEY2_04,Pacifico,0.0,0.0,0.0,0.0,91.45577111,0.0,0.0,79.02412243,1072.03895066,195.98746023,0.0,91.45577111,1347.05053334,1438.50630217
11474694,2022,27,Chocó,27600,Río Quito,,,TCN_116,"MAYOR DEL CANTÓN DE SAN PABLO ""ACISANP""",SZH_1103,Río Quito,,,,,,,,,LEY2_04,Pacifico,0.0,0.0,0.0,0.0,0.0,0.0,0.0,19.11118856,187.7009091,24.63410943,0.0,0.0,231.44620709,231.44620597
12627076,2022,27,Chocó,27600,Río Quito,,,TCN_192,VILLA CONTO,SZH_1103,Río Quito,,,,,,,,,LEY2_04,Pacifico,0.0,0.0,0.0,0.0,0.0,0.0,0.0,17.683852,852.75779476,21.00119846,0.0,0.0,891.44284524,891.4428451
12661572,2022,27,Chocó,27600,Río Quito,,,TCN_170,SAN ISIDRO,SZH_1103,Río Quito,,,,,,,,,LEY2_04,Pacifico,0.0,0.0,0.0,0.0,0.0,0.0,0.0,58.32597869,475.08267573,57.41688106,0.0,0.0,590.82553546,590.82553408
12962488,2022,27,Chocó,27600,Río Quito,,,,,SZH_1103,Río Quito,,,,,,,,,LEY2_04,Pacifico,0.0,0.0,0.0,0.0,339.6989538,0.0,0.0,4.3122075,850.37218903,0.0,0.0,339.6989538,854.68439654,1194.38334863
5614994,2022,27,Chocó,27615,Riosucio,,,,,SZH_1111,Río Sucio,,,,,,,,,,,0.0,0.0,0.0,0.0,0.0,0.0,0.0,0.0,0.0,3.11648361,0.0,0.0,3.11648361,3.11648361
5671512,2022,27,Chocó,27615,Riosucio,,,TCN_156,RÍO JIGUAMIANDÓ,SZH_1110,Río Murindó - Directos al Atrato,,,,,,,,,,,0.0,0.0,0.0,0.0,0.0,0.0,0.0,139.42299103,0.0,0.85925463,0.0,0.0,140.28224566,140.28224431
5675208,2022,27,Chocó,27615,Riosucio,,,,,SZH_1110,Río Murindó - Directos al Atrato,RI_731,Urada Jiguamiando,,,,,,,,,0.0,0.0,0.0,0.0,0.0,0.0,0.0,79.99275557,0.0,0.0,0.0,0.0,79.99275557,79.9927557
13652716,2022,27,Chocó,27660,San José del Palmar,,,TCN_112,MAYOR DE NOVITA,SZH_5402,Río Tamaná y otros Directos San Juan,,,,,,,,,,,0.0,0.0,0.0,0.0,0.0,0.0,0.0,0.0,14.591475,0.0,0.0,0.0,14.591475,14.591475
14071750,2022,27,Chocó,27660,San José del Palmar,,,TCN_112,MAYOR DE NOVITA,SZH_5402,Río Tamaná y otros Directos San Juan,,,,,,,,,LEY2_04,Pacifico,0.0,0.0,0.0,0.0,0.0,0.0,0.0,0.0,10.65352502,0.0,0.0,0.0,10.65352502,10.653525
13856150,2022,27,Chocó,27745,Sipí,,,,,SZH_5403,Río Sipí,,,,,,,,,LEY2_04,Pacifico,0.0,0.0,0.0,0.0,0.0,0.0,0.0,0.0,31.39189938,34.30963634,0.0,0.0,65.70153572,65.70153499
13895728,2022,27,Chocó,27745,Sipí,,,TCN_001,ACADESAN,SZH_5403,Río Sipí,,,,,,,,,LEY2_04,Pacifico,0.0,76.55723418,0.0,0.0,0.0,0.0,0.0,0.0,521.14041979,1.87056388,76.55723418,0.0,523.01098368,599.56821763
12229602,2022,27,Chocó,27787,Tadó,,,TCN_070,ISTMINA Y PARTE DEL MEDIO SAN JUAN,SZH_5401,Río San Juan Alto,,,,,,,,,,,0.0,0.0,0.0,0.0,0.0,0.0,0.0,0.0,10.54511352,2.58922984,0.0,0.0,13.13434336,13.13434301
13598508,2022,27,Chocó,27787,Tadó,,,,,SZH_5401,Río San Juan Alto,RI_451,Mondo Mondocito,,,,,,,,,0.0,0.0,0.0,0.0,0.0,0.0,0.0,3.71250008,0.0,0.0,0.0,0.0,3.71250008,3.7125
13607132,2022,27,Chocó,27787,Tadó,,,TCN_114,"MAYOR DEL ALTO SAN JUAN ""ASOCASAN""",SZH_5401,Río San Juan Alto,,,,,,,,,,,0.0,13.71838823,0.0,0.0,54.59705817,0.0,0.0,2.47500016,680.36148268,7.77225352,13.71838823,54.59705817,690.60873636,758.92418087
1571416,2022,27,Chocó,27800,Unguía,,,,,SZH_1115,Río Tanela y otros Directos al Atrato,,,,,,,,,,,0.0,0.0,0.0,0.0,0.0,0.0,0.0,25.24500035,0.0,19.86749923,0.0,0.0,45.11249958,45.1125
11603130,2022,27,Chocó,27810,Unión Panamericana,,,TCN_032,CÉRTEGUI,SZH_1103,Río Quito,,,,,,,,,LEY2_04,Pacifico,0.0,0.0,0.0,0.0,4.10271708,0.0,0.0,0.0,251.73544162,47.44416532,0.0,4.10271708,299.17960694,303.28232262
11823350,2022,27,Chocó,27810,Unión Panamericana,,,TCN_116,"MAYOR DEL CANTÓN DE SAN PABLO ""ACISANP""",SZH_1103,Río Quito,,,,,,,,,LEY2_04,Pacifico,0.0,0.0,0.0,0.0,46.69003567,0.0,0.0,0.0,54.24574348,16.10188443,0.0,46.69003567,70.3476279,117.03766253
11856614,2022,27,Chocó,27810,Unión Panamericana,,,,,SZH_1103,Río Quito,,,,,,,,,LEY2_04,Pacifico,0.0,0.0,0.0,0.0,1.33531839,0.0,0.0,0.0,0.34046238,0.0,0.0,1.33531839,0.34046238,1.67578099
11875094,2022,27,Chocó,27810,Unión Panamericana,,,,,SZH_1103,Río Quito,,,,,,,,,,,0.0,0.0,0.0,0.0,3.26399821,0.0,0.0,0.0,3.7975574,0.0,0.0,3.26399821,3.7975574,7.06155549
12190178,2022,27,Chocó,27810,Unión Panamericana,,,TCN_113,"MAYOR DE UNIÓN PANAMERICANA ""COCO MAUPA""",SZH_1103,Río Quito,,,,,,,,,,,0.0,0.0,0.0,0.0,302.96249985,0.0,0.0,0.0,345.89391391,7.4674446,0.0,302.96249985,353.36135851,656.32386027
12202498,2022,27,Chocó,27810,Unión Panamericana,,,TCN_113,"MAYOR DE UNIÓN PANAMERICANA ""COCO MAUPA""",SZH_1103,Río Quito,,,,,,,,,LEY2_04,Pacifico,0.0,20.01593428,0.0,0.0,216.72718403,0.0,0.0,92.70164272,672.59567326,57.69043691,20.01593428,216.72718403,822.98775293,1059.73087373
12211122,2022,27,Chocó,27810,Unión Panamericana,,,TCN_113,"MAYOR DE UNIÓN PANAMERICANA ""COCO MAUPA""",SZH_5401,Río San Juan Alto,,,,,,,,,LEY2_04,Pacifico,0.0,40.49164706,0.0,0.0,0.0,0.0,0.0,0.0,0.6554327,1.44121761,40.49164706,0.0,2.09665031,42.58829761
12245002,2022,27,Chocó,27810,Unión Panamericana,,,TCN_113,"MAYOR DE UNIÓN PANAMERICANA ""COCO MAUPA""",SZH_5401,Río San Juan Alto,,,,,,,,,,,0.0,30.26645465,0.0,0.0,464.29921827,0.0,0.0,0.10772897,258.45750936,3.81035879,30.26645465,464.29921827,262.37559712,756.94127052
9853844,2022,44,La Guajira,44090,Dibulla,,,,,SZH_1503,Río Ancho y Otros Directos al caribe,,,,,,,,,,,0.0,0.0,0.0,0.0,0.0,0.0,0.0,0.0,0.0,6.16500025,0.0,0.0,6.16500025,6.165
141064,2022,52,Nariño,52079,Barbacoas,,,TCN_068,INTEGRACIÓN DE TELEMBÍ,SZH_5206,Río Telembí,,,,,,,,,LEY2_04,Pacifico,0.0,0.0,0.0,0.0,6.2378428,0.0,0.0,0.0,262.38280788,0.1550543,0.0,6.2378428,262.53786219,268.77570755
181412,2022,52,Nariño,52079,Barbacoas,,,TCN_087,LA GRAN MINGA DE LOS RÍOS INGUAMBÍ Y ALBÍ,SZH_5206,Río Telembí,,,,,,,,,LEY2_04,Pacifico,0.0,0.0,0.0,0.0,0.0,0.0,0.0,0.0,60.24584319,0.0,0.0,0.0,60.24584319,60.24584417
231770,2022,52,Nariño,52079,Barbacoas,,,TCN_096,LA NUEVA RESERVA DE ACANURE,SZH_5206,Río Telembí,,,,,,,,,LEY2_04,Pacifico,0.0,0.0,0.0,0.0,0.0,0.0,0.0,0.0,0.0,3.96046761,0.0,0.0,3.96046761,3.96046737
232386,2022,52,Nariño,52079,Barbacoas,,,,,SZH_5102,Río Mira,,,,,,,,,LEY2_04,Pacifico,0.0,0.0,0.0,0.0,0.0,0.0,0.0,0.0,0.0,0.06847084,0.0,0.0,0.06847084,0.06847084
232694,2022,52,Nariño,52079,Barbacoas,,,,,SZH_5102,Río Mira,RI_374,Resguardo Indígena Awa de la Turbia,,,,,,,LEY2_04,Pacifico,0.0,0.0,0.0,0.0,0.0,0.0,0.0,0.0,0.0,2.11402916,0.0,0.0,2.11402916,2.11402916
384692,2022,52,Nariño,52079,Barbacoas,,,TCN_073,LA AMISTAD,SZH_5206,Río Telembí,,,,,,,,,LEY2_04,Pacifico,0.0,0.0,0.0,0.0,0.0,0.0,0.0,0.0,4.185,0.0,0.0,0.0,4.185,4.185
430430,2022,52,Nariño,52079,Barbacoas,,,TCN_146,RENACER TELEMBÍ,SZH_5207,Río Patia Medio,,,,,,,,,LEY2_04,Pacifico,0.0,0.0,0.0,0.0,0.0,0.0,0.0,0.0,0.07294552,0.0,0.0,0.0,0.07294552,0.07294549
469084,2022,52,Nariño,52079,Barbacoas,,,TCN_052,EL BIEN DEL FUTURO,SZH_5206,Río Telembí,,,,,,,,,LEY2_04,Pacifico,0.0,0.0,0.0,0.0,40.45615345,0.0,0.0,0.0,102.66058821,2.13749997,0.0,40.45615345,104.79808818,145.25423963
509278,2022,52,Nariño,52079,Barbacoas,,,TCN_146,RENACER TELEMBÍ,SZH_5206,Río Telembí,,,,,,,,,LEY2_04,Pacifico,0.0,0.0,0.0,0.0,19.6245432,0.0,0.0,0.0,38.13694946,1.42376924,0.0,19.6245432,39.56071868,59.18526293
564564,2022,52,Nariño,52079,Barbacoas,,,TCN_125,NUEVA ALIANZA,SZH_5206,Río Telembí,,,,,,,,,LEY2_04,Pacifico,0.0,0.0,0.0,0.0,24.66552267,0.0,0.0,0.0,180.43703319,106.84920543,0.0,24.66552267,287.28623861,311.95175832
686840,2022,52,Nariño,52079,Barbacoas,,,TCN_006,ALEJANDRO RINCON DEL RIO ÑAMBÌ,SZH_5206,Río Telembí,,,,,,,,,LEY2_04,Pacifico,0.0,0.0,0.0,0.0,0.0,0.0,0.0,0.0,2.75144547,9.14972019,0.0,0.0,11.90116566,11.90116604
698082,2022,52,Nariño,52079,Barbacoas,,,TCN_023,BRISAS DEL ALTO TELEMBÍ,SZH_5206,Río Telembí,,,,,,,,,LEY2_04,Pacifico,0.0,0.0,0.0,0.0,1.1475,0.0,0.0,3.7799996,3.61207568,36.94520817,0.0,1.1475,44.33728345,45.48478332
705628,2022,52,Nariño,52079,Barbacoas,,,,,SZH_5206,Río Telembí,RI_496,Resguardo Indígena Awa de Nunalbi Alto Ulbi,,,,,,,LEY2_04,Pacifico,0.0,0.0,0.0,0.0,0.0,0.0,0.0,0.0,0.0,2.11253533,0.0,0.0,2.11253533,2.11253516
709324,2022,52,Nariño,52079,Barbacoas,,,TCN_184,BAJO RÍO GUELMAMBÍ,SZH_5206,Río Telembí,,,,,,,,,LEY2_04,Pacifico,0.0,0.0,0.0,0.0,26.39000295,0.0,0.0,0.0,398.67222594,5.5270789,0.0,26.39000295,404.19930484,430.58931003
713020,2022,52,Nariño,52079,Barbacoas,,,TCN_110,MANOS UNIDAS DEL SOCORRO,SZH_5206,Río Telembí,,,,,,,,,LEY2_04,Pacifico,0.0,0.0,0.0,0.0,46.59787773,0.0,0.0,0.0,148.11240055,3.92479966,0.0,46.59787773,152.03720021,198.63508045
727804,2022,52,Nariño,52079,Barbacoas,,,TCN_088,LA GRAN UNIÓN DEL RIO TELPÍ,SZH_5206,Río Telembí,,,,,,,,,LEY2_04,Pacifico,0.0,0.0,0.0,0.0,30.03904822,0.0,0.0,0.0,0.0,120.25781168,0.0,30.03904822,120.25781168,150.2968598
730884,2022,52,Nariño,52079,Barbacoas,,,,,SZH_5206,Río Telembí,RI_542,"Pipalta, Palbi, Yaguapi",,,,,,,LEY2_04,Pacifico,0.0,0.0,0.0,0.0,0.0,0.0,0.0,0.0,0.0,13.18771024,0.0,0.0,13.18771024,13.18771049
739046,2022,52,Nariño,52079,Barbacoas,,,,,SZH_5206,Río Telembí,,,,,,,,,LEY2_04,Pacifico,0.0,0.0,0.0,0.0,2.30438149,0.0,0.0,0.0,11.27823683,75.55595558,0.0,2.30438149,86.8341924,89.13857336
745206,2022,52,Nariño,52079,Barbacoas,,,TCN_198,RENACER CAMPESINO,SZH_5206,Río Telembí,,,,,,,,,LEY2_04,Pacifico,0.0,0.0,0.0,0.0,9.6163789,0.0,0.0,0.0,0.0,8.53613799,0.0,9.6163789,8.53613799,18.15251687
762454,2022,52,Nariño,52079,Barbacoas,,,,,SZH_5206,Río Telembí,RI_720,"Tronqueria, Pulgande Y Palicito",,,,,,,LEY2_04,Pacifico,0.0,0.0,0.0,0.0,0.0,0.0,0.0,12.80249961,0.0,0.0,0.0,0.0,12.80249961,12.80249999
601370,2022,52,Nariño,52250,El Charco,,,TCN_141,PRO-DEFENSA DEL RÍO TAPAJE,SZH_5303,Río Iscuandé,,,,,,,,,LEY2_04,Pacifico,0.0,0.0,0.0,0.0,0.0,0.0,0.0,2.38531488,169.69404772,19.26116627,0.0,0.0,191.34052886,191.34052747
767228,2022,52,Nariño,52250,El Charco,,,TCN_076,CORDILLERA OCCIDENTAL DE NARIÑO COPDICONC,SZH_5303,Río Iscuandé,,,,,,,,,LEY2_04,Pacifico,0.0,0.0,0.0,0.0,0.0,0.0,0.0,0.0,6.165,0.0,0.0,0.0,6.165,6.165
15158220,2022,52,Nariño,52250,El Charco,,,TCN_080,LA CUENCA DEL RÍO ISCUANDÉ,SZH_5302,Río Tapaje,,,,,,,,,LEY2_04,Pacifico,0.0,0.0,0.0,0.0,0.0,0.0,0.0,0.0,0.0,15.39786284,0.0,0.0,15.39786284,15.39786315
15240148,2022,52,Nariño,52250,El Charco,,,TCN_141,PRO-DEFENSA DEL RÍO TAPAJE,SZH_5302,Río Tapaje,,,,,,,,,LEY2_04,Pacifico,0.0,0.0,0.0,0.0,0.0865118,0.0,0.0,0.0,52.96776603,8.73258755,0.0,0.0865118,61.70035358,61.78686549
696850,2022,52,Nariño,52385,La Llanada,,,TCN_023,BRISAS DEL ALTO TELEMBÍ,SZH_5206,Río Telembí,,,,,,,,,LEY2_04,Pacifico,0.0,0.0,0.0,0.0,0.0,0.0,0.0,3.08118622,0.0,0.0,0.0,0.0,3.08118622,3.08118591
701008,2022,52,Nariño,52418,Los Andes,,,TCN_023,BRISAS DEL ALTO TELEMBÍ,SZH_5206,Río Telembí,,,,,,,,,LEY2_04,Pacifico,0.0,0.0,0.0,0.0,0.0,0.0,0.0,64.03631432,0.0,2.47479243,0.0,0.0,66.51110675,66.51110643
702702,2022,52,Nariño,52418,Los Andes,,,,,SZH_5206,Río Telembí,,,,,,,,,LEY2_04,Pacifico,0.0,0.0,0.0,0.0,0.0,0.0,0.0,50.71500139,0.0,0.0,0.0,0.0,50.71500139,50.715
58674,2022,52,Nariño,52427,Magüí,,,TCN_098,LA VOZ DE LOS NEGROS,SZH_5206,Río Telembí,,,,,,,,,LEY2_04,Pacifico,0.0,0.0,0.0,0.0,0.0,0.0,0.0,0.0,28.45207258,0.0,0.0,0.0,28.45207258,28.45207219
72072,2022,52,Nariño,52427,Magüí,,,TCN_068,INTEGRACIÓN DE TELEMBÍ,SZH_5207,Río Patia Medio,,,,,,,,,LEY2_04,Pacifico,0.0,0.0,0.0,0.0,0.0,0.0,0.0,16.01002004,47.55905685,0.13562447,0.0,0.0,63.70470136,63.70470027
112574,2022,52,Nariño,52427,Magüí,,,TCN_068,INTEGRACIÓN DE TELEMBÍ,SZH_5206,Río Telembí,,,,,,,,,LEY2_04,Pacifico,0.0,0.0,0.0,0.0,0.0,0.0,0.0,0.0,152.05299558,0.0,0.0,0.0,152.05299558,152.05299523
244552,2022,52,Nariño,52427,Magüí,,,TCN_109,MANOS AMIGAS DEL PATÍA GRANDE,SZH_5303,Río Iscuandé,,,,,,,,,LEY2_04,Pacifico,0.0,0.0,0.0,0.0,0.0,0.0,0.0,0.0,27.26121573,0.0,0.0,0.0,27.26121573,27.26121576
289058,2022,52,Nariño,52427,Magüí,,,TCN_109,MANOS AMIGAS DEL PATÍA GRANDE,SZH_5207,Río Patia Medio,,,,,,,,,LEY2_04,Pacifico,0.0,0.0,0.0,0.0,0.0,0.0,0.0,0.0,29.70000055,0.0,0.0,0.0,29.70000055,29.7
374374,2022,52,Nariño,52427,Magüí,,,TCN_098,LA VOZ DE LOS NEGROS,SZH_5207,Río Patia Medio,,,,,,,,,LEY2_04,Pacifico,0.0,378.18184576,0.0,0.0,0.0,0.0,0.0,0.0,328.01043494,11.89259683,378.18184576,0.0,339.90303179,718.08487613
384384,2022,52,Nariño,52427,Magüí,,,TCN_073,LA AMISTAD,SZH_5206,Río Telembí,,,,,,,,,LEY2_04,Pacifico,0.0,0.0,0.0,0.0,0.0,0.0,0.0,0.0,0.39326661,0.0,0.0,0.0,0.39326661,0.39326661
385154,2022,52,Nariño,52427,Magüí,,,TCN_073,LA AMISTAD,SZH_5207,Río Patia Medio,,,,,,,,,LEY2_04,Pacifico,0.0,0.0,0.0,0.0,0.0,0.0,0.0,0.0,13.5,0.0,0.0,0.0,13.5,13.5
398398,2022,52,Nariño,52427,Magüí,,,,,SZH_5207,Río Patia Medio,,,,,,,,,LEY2_04,Pacifico,0.0,56.56268869,0.0,0.0,28.4479358,0.0,0.0,38.2067143,68.79418421,47.87845367,56.56268869,28.4479358,154.87935218,239.88997868
419188,2022,52,Nariño,52427,Magüí,,,TCN_052,EL BIEN DEL FUTURO,SZH_5207,Río Patia Medio,,,,,,,,,LEY2_04,Pacifico,0.0,0.0,0.0,0.0,0.0,0.0,0.0,16.88471918,46.87036543,0.0,0.0,0.0,63.75508461,63.75508351
420420,2022,52,Nariño,52427,Magüí,,,TCN_146,RENACER TELEMBÍ,SZH_5207,Río Patia Medio,,,,,,,,,LEY2_04,Pacifico,0.0,0.0,0.0,0.0,0.0,0.0,0.0,0.96553318,96.96013984,5.04075048,0.0,0.0,102.96642349,102.96642373
15238454,2022,52,Nariño,52427,Magüí,,,TCN_141,PRO-DEFENSA DEL RÍO TAPAJE,SZH_5302,Río Tapaje,,,,,,,,,LEY2_04,Pacifico,0.0,0.0,0.0,0.0,5.38098813,0.0,0.0,0.0,3.735,0.0,0.0,5.38098813,3.735,9.1159882
46662,2022,52,Nariño,52621,Roberto Payán,,,TCN_003,AGRICULTORES DEL PATÍA GRANDE,SZH_5209,Río Patia Bajo,,,,,,,,,LEY2_04,Pacifico,0.0,0.0,0.0,0.0,0.0,0.0,0.0,0.0,0.0,53.70750017,0.0,0.0,53.70750017,53.70749999
113806,2022,52,Nariño,52621,Roberto Payán,,,TCN_068,INTEGRACIÓN DE TELEMBÍ,SZH_5206,Río Telembí,,,,,,,,,LEY2_04,Pacifico,0.0,0.0,0.0,0.0,0.0,0.0,0.0,0.0,53.77884851,1.63987229,0.0,0.0,55.41872079,55.41872012
120120,2022,52,Nariño,52621,Roberto Payán,,,TCN_185,UNIÓN DE CUENCAS DE ISAGUALPI,SZH_5206,Río Telembí,,,,,,,,,,,0.0,0.0,0.0,0.0,2.64340479,0.0,0.0,0.0,8.28,0.0,0.0,2.64340479,8.28,10.92340486
158774,2022,52,Nariño,52621,Roberto Payán,,,TCN_087,LA GRAN MINGA DE LOS RÍOS INGUAMBÍ Y ALBÍ,SZH_5206,Río Telembí,,,,,,,,,LEY2_04,Pacifico,0.0,0.0,0.0,0.0,0.0,0.0,0.0,0.0,47.59114301,0.0,0.0,0.0,47.59114301,47.59114266
160006,2022,52,Nariño,52621,Roberto Payán,,,TCN_185,UNIÓN DE CUENCAS DE ISAGUALPI,SZH_5206,Río Telembí,,,,,,,,,LEY2_04,Pacifico,0.0,0.0,0.0,0.0,2.77909518,0.0,0.0,0.0,3.39771382,0.0,0.0,2.77909518,3.39771382,6.17680862
15160068,2022,52,Nariño,52696,Santa Bárbara,,,TCN_141,PRO-DEFENSA DEL RÍO TAPAJE,SZH_5303,Río Iscuandé,,,,,,,,,LEY2_04,Pacifico,0.0,0.0,0.0,0.0,0.0,0.0,0.0,0.0,1.4625,0.0,0.0,0.0,1.4625,1.4625
15332856,2022,52,Nariño,52696,Santa Bárbara,,,TCN_080,LA CUENCA DEL RÍO ISCUANDÉ,SZH_5303,Río Iscuandé,,,,,,,,,LEY2_04,Pacifico,0.0,0.0,0.0,0.0,27.38254236,0.0,0.0,32.38548534,0.95678418,260.41272653,0.0,27.38254236,293.75499605,321.13753994
153846,2022,52,Nariño,52835,San Andrés de Tumaco,,,TCN_087,LA GRAN MINGA DE LOS RÍOS INGUAMBÍ Y ALBÍ,SZH_5206,Río Telembí,,,,,,,,,LEY2_04,Pacifico,0.0,0.0,0.0,0.0,0.0,0.0,0.0,0.0,18.14618698,0.0,0.0,0.0,18.14618698,18.1461876
191576,2022,52,Nariño,52835,San Andrés de Tumaco,,,TCN_185,UNIÓN DE CUENCAS DE ISAGUALPI,SZH_5206,Río Telembí,,,,,,,,,LEY2_04,Pacifico,0.0,0.0,0.0,0.0,0.0,0.0,0.0,0.0,15.35549725,0.0,0.0,0.0,15.35549725,15.35549714
198044,2022,52,Nariño,52835,San Andrés de Tumaco,,,TCN_110,MANOS UNIDAS DEL SOCORRO,SZH_5206,Río Telembí,,,,,,,,,LEY2_04,Pacifico,0.0,0.0,0.0,0.0,0.0,0.0,0.0,0.0,33.91928823,0.0,0.0,0.0,33.91928823,33.91928938
14427028,2022,73,Tolima,73067,Ataco,,,,,SZH_2203,Medio Saldaña,,,,,,,,,,,0.0,11.16,0.0,0.0,0.0,0.0,0.6075,0.0,0.0,0.0,11.16,0.0,0.6075,11.7675
14427644,2022,73,Tolima,73168,Chaparral,,,,,SZH_2203,Medio Saldaña,,,,,,,,,,,0.0,0.0,0.0,0.0,0.0,0.0,0.0,1.93071487,0.0,1.17428513,0.0,0.0,3.105,3.105
14430108,2022,73,Tolima,73217,Coyaima,,,,,SZH_2208,Bajo Saldaña,,,,,,,,,,,0.0,24.48482126,0.0,0.0,0.0,0.0,0.0,1.75067166,0.0,0.31450721,24.48482126,0.0,2.06517888,26.55
14041258,2022,76,Valle Del Cauca,76109,Buenaventura,,,TCN_075,LA BREA,SZH_5407,Ríos Calima y Bajo San Juan,,,,,,,,,LEY2_04,Pacifico,0.0,0.0,0.0,0.0,0.0,0.0,0.0,0.0,1.45536513,46.21031513,0.0,0.0,47.66568026,47.66568052
14046186,2022,76,Valle Del Cauca,76109,Buenaventura,,,,,SZH_5407,Ríos Calima y Bajo San Juan,RI_141,Chonara Huena,,,,,,,LEY2_04,Pacifico,0.0,0.0,0.0,0.0,0.0,0.0,0.0,5.92241853,3.81761363,2.34303946,0.0,0.0,12.08307162,12.08307092
14127190,2022,76,Valle Del Cauca,76109,Buenaventura,,,TCN_179,TAPARAL,SZH_5311,Dagua - Buenaventura - Bahia Málaga,,,RFPN_02,Río Anchicayá,,,,,LEY2_04,Pacifico,0.0,0.0,0.0,0.0,0.0,0.0,0.0,0.0,0.0,19.20770977,0.0,0.0,19.20770977,19.20770931
14130886,2022,76,Valle Del Cauca,76109,Buenaventura,,,TCN_120,MAYOR DEL RÍO ANCHICAYA,SZH_5311,Dagua - Buenaventura - Bahia Málaga,,,RFPN_02,Río Anchicayá,,,,,LEY2_04,Pacifico,0.0,0.0,0.0,0.0,0.0,0.0,0.0,0.0,0.0,28.19246793,0.0,0.0,28.19246793,28.19246764
14145670,2022,76,Valle Del Cauca,76109,Buenaventura,,,TCN_166,SABALETAS,SZH_5310,Río Anchicayá,,,RFPN_02,Río Anchicayá,,,,,LEY2_04,Pacifico,0.0,0.0,0.0,0.0,0.0,0.0,0.0,0.0,12.88557371,0.0,0.0,0.0,12.88557371,12.88557381
14149366,2022,76,Valle Del Cauca,76109,Buenaventura,,,TCN_120,MAYOR DEL RÍO ANCHICAYA,SZH_5310,Río Anchicayá,,,RFPN_02,Río Anchicayá,,,,,LEY2_04,Pacifico,0.0,0.0,0.0,0.0,0.0,0.0,0.0,0.0,0.91629766,30.98982297,0.0,0.0,31.90612063,31.90612079
14150598,2022,76,Valle Del Cauca,76109,Buenaventura,,,TCN_100,LIMONES,SZH_5310,Río Anchicayá,,,RFPN_02,Río Anchicayá,,,,,LEY2_04,Pacifico,0.0,0.0,0.0,0.0,0.0,0.0,0.0,0.0,9.34437909,0.00624978,0.0,0.0,9.35062887,9.35062845
14151830,2022,76,Valle Del Cauca,76109,Buenaventura,,,TCN_063,GUAIMÍA,SZH_5310,Río Anchicayá,,,RFPN_02,Río Anchicayá,,,,,LEY2_04,Pacifico,0.0,0.0,0.0,0.0,0.0,0.0,0.0,0.0,1.37250012,0.0,0.0,0.0,1.37250012,1.3725
14158144,2022,76,Valle Del Cauca,76109,Buenaventura,,,TCN_173,SAN MARCOS,SZH_5310,Río Anchicayá,,,RFPN_02,Río Anchicayá,,,,,LEY2_04,Pacifico,0.0,0.0,0.0,0.0,0.0,0.0,0.0,0.0,13.44434831,0.07815205,0.0,0.0,13.52250036,13.5225
14184016,2022,76,Valle Del Cauca,76109,Buenaventura,,,TCN_101,LLANO BAJO,SZH_5310,Río Anchicayá,,,RFPN_02,Río Anchicayá,,,,,LEY2_04,Pacifico,0.0,0.0,0.0,0.0,0.0,0.0,0.0,0.0,10.50750007,0.0,0.0,0.0,10.50750007,10.50750001
14213892,2022,76,Valle Del Cauca,76109,Buenaventura,,,TCN_121,MAYORQUÍN Y PAPAYAL,SZH_5309,Ríos Cajambre - Mayorquín - Raposo,,,,,,,,,LEY2_04,Pacifico,0.0,0.0,0.0,0.0,0.0,0.0,0.0,0.0,0.0,31.07249926,0.0,0.0,31.07249926,31.07249999
14222824,2022,76,Valle Del Cauca,76109,Buenaventura,,,TCN_162,RÍO RAPOSO,SZH_5309,Ríos Cajambre - Mayorquín - Raposo,,,,,,,,,LEY2_04,Pacifico,0.0,0.0,0.0,0.0,0.0,0.0,0.0,0.0,34.28002005,0.00076073,0.0,0.0,34.28078078,34.28078087
14234066,2022,76,Valle Del Cauca,76109,Buenaventura,,,TCN_026,CAMPO HERMOSO,SZH_5311,Dagua - Buenaventura - Bahia Málaga,,,,,,,,,LEY2_04,Pacifico,0.0,0.0,0.0,0.0,0.0,0.0,0.0,0.0,1.1140983,0.01371151,0.0,0.0,1.12780981,1.12780981
14238070,2022,76,Valle Del Cauca,76109,Buenaventura,,,TCN_196,ZACARIAS RÍO DAGUA,SZH_5311,Dagua - Buenaventura - Bahia Málaga,,,,,,,,,LEY2_04,Pacifico,0.0,0.0,0.0,0.0,1.3851121,0.0,0.0,0.0,7.52174879,3.49481612,0.0,1.3851121,11.01656489,12.40167699
14259784,2022,76,Valle Del Cauca,76109,Buenaventura,,,TCN_037,CITRONELA RÍO DAGUA,SZH_5311,Dagua - Buenaventura - Bahia Málaga,,,,,,,,,LEY2_04,Pacifico,0.0,0.0,0.0,0.0,0.0,0.0,0.0,0.0,0.0,2.06728062,0.0,0.0,2.06728062,2.0672808
14272412,2022,76,Valle Del Cauca,76109,Buenaventura,,,TCN_043,CORDOBA Y SAN CIPRIANO,SZH_5407,Ríos Calima y Bajo San Juan,,,,,,,,,LEY2_04,Pacifico,0.0,0.0,0.0,0.0,0.0,0.0,0.0,0.0,0.59399716,0.0,0.0,0.0,0.59399716,0.59399714
14276724,2022,76,Valle Del Cauca,76109,Buenaventura,,,TCN_085,LA ESPERANZA,SZH_5407,Ríos Calima y Bajo San Juan,,,,,,,,,LEY2_04,Pacifico,0.0,0.0,0.0,0.0,0.0,0.0,0.0,0.26474883,0.0,0.60384217,0.0,0.0,0.868591,0.86859096
14281960,2022,76,Valle Del Cauca,76109,Buenaventura,,,TCN_043,CORDOBA Y SAN CIPRIANO,SZH_5311,Dagua - Buenaventura - Bahia Málaga,,,,,,,,,LEY2_04,Pacifico,0.0,0.0,0.0,0.0,0.0,0.0,0.0,0.0,13.40853859,12.27483715,0.0,0.0,25.68337574,25.68337614
14326004,2022,76,Valle Del Cauca,76109,Buenaventura,,,,,SZH_5309,Ríos Cajambre - Mayorquín - Raposo,,,,,,,PNN_02020018,Farallones de Cali,LEY2_04,Pacifico,0.0,0.0,0.0,0.0,0.0,0.0,0.0,0.0,3.73234872,5.45687006,0.0,0.0,9.18921878,9.18921921
14338170,2022,76,Valle Del Cauca,76109,Buenaventura,,,,,SZH_5311,Dagua - Buenaventura - Bahia Málaga,,,RFPN_25,De la Cuenca Hidrográfica de los Ríos Escalerete y San Cipriano,,,,,,,0.0,0.0,0.0,0.0,0.0,0.0,0.0,0.0,0.0,0.7425,0.0,0.0,0.7425,0.7425
14339402,2022,76,Valle Del Cauca,76109,Buenaventura,,,,,SZH_5311,Dagua - Buenaventura - Bahia Málaga,,,,,,,,,LEY2_04,Pacifico,0.0,0.0,0.0,0.0,0.0,0.0,0.0,0.0,9.69952182,24.44534907,0.0,0.0,34.14487089,34.14487059
14340634,2022,76,Valle Del Cauca,76109,Buenaventura,,,TCN_151,CUENCA BAJA DEL RÍO CALIMA,SZH_5407,Ríos Calima y Bajo San Juan,,,,,,,,,LEY2_04,Pacifico,0.0,0.0,0.0,0.0,0.0,0.0,0.0,0.0,162.24012032,3.96749918,0.0,0.0,166.20761948,166.20761972
14340942,2022,76,Valle Del Cauca,76109,Buenaventura,,,,,SZH_5407,Ríos Calima y Bajo San Juan,,,,,,,,,LEY2_04,Pacifico,0.0,0.0,0.0,0.0,0.0,0.0,0.0,0.0,0.47003788,0.0,0.0,0.0,0.47003788,0.47003788
14342174,2022,76,Valle Del Cauca,76109,Buenaventura,,,,,SZH_5311,Dagua - Buenaventura - Bahia Málaga,,,RFPN_25,De la Cuenca Hidrográfica de los Ríos Escalerete y San Cipriano,,,,,LEY2_04,Pacifico,0.0,0.0,0.0,0.0,0.0,0.0,0.0,0.0,0.97188771,0.13910078,0.0,0.0,1.11098848,1.11098853
14348334,2022,76,Valle Del Cauca,76109,Buenaventura,,,TCN_150,EL RÍO CAJAMBRE,SZH_5309,Ríos Cajambre - Mayorquín - Raposo,,,,,,,,,LEY2_04,Pacifico,0.0,0.0,0.0,0.0,0.0,0.0,0.0,3.84749953,0.0,119.7899995,0.0,0.0,123.63749903,123.63749999
14360654,2022,76,Valle Del Cauca,76109,Buenaventura,,,TCN_159,RIO NAYA,SZH_5308,Río Naya - Yurumanguí,,,,,,,,,LEY2_04,Pacifico,0.0,0.0,0.0,0.0,0.0,0.0,0.0,0.0,0.0,1.7325,0.0,0.0,1.7325,1.7325
14070518,2022,76,Valle Del Cauca,76126,Calima,,,TCN_151,CUENCA BAJA DEL RÍO CALIMA,SZH_5407,Ríos Calima y Bajo San Juan,,,,,,,,,LEY2_04,Pacifico,0.0,0.0,0.0,0.0,0.0,0.0,0.0,0.0,11.22749974,0.0,0.0,0.0,11.22749974,11.2275
956186,2022,86,Putumayo,86001,Mocoa,,,,,SZH_4408,Río Mecaya,,,,,,,,,,,0.0,0.0,0.0,0.0,0.0,0.0,0.0,0.0,0.0,71.23112211,0.0,0.0,71.23112211,71.23112113
1068298,2022,86,Putumayo,86001,Mocoa,,,,,SZH_4401,Alto Caqueta,,,,,,,,,,,0.0,0.0,0.0,0.0,0.0,0.0,0.0,0.0,0.0,4.37425299,0.0,0.0,4.37425299,4.37425297
1052282,2022,86,Putumayo,86320,Orito,,,,,SZH_4701,Alto Río Putumayo,,,,,,,,,LEY2_01,Amazonas,0.0,0.0,0.0,0.0,0.0,0.0,0.0,0.0,0.0,2.93486592,0.0,0.0,2.93486592,2.93486592
1067066,2022,86,Putumayo,86320,Orito,,,,,SZH_4701,Alto Río Putumayo,,,,,,,,,,,0.0,0.0,0.0,0.0,0.0,0.0,0.0,0.0,0.0,24.29013422,0.0,0.0,24.29013422,24.29013409
1039500,2022,86,Putumayo,86568,Puerto Asís,,,,,SZH_4701,Alto Río Putumayo,,,,,,,,,,,0.0,0.0,0.0,0.0,0.0,0.0,0.0,0.0,0.0,13.38135931,0.0,0.0,13.38135931,13.38135922
1027180,2022,86,Putumayo,86569,Puerto Caicedo,,,,,SZH_4703,Río Putumayo Medio,,,,,,,,,,,0.0,0.0,0.0,0.0,0.0,0.0,0.0,0.0,0.0,0.52301483,0.0,0.0,0.52301483,0.52301461
1042426,2022,86,Putumayo,86569,Puerto Caicedo,,,,,SZH_4701,Alto Río Putumayo,,,,,,,,,,,0.0,0.0,0.0,0.0,0.0,0.0,0.0,0.0,0.0,85.74812584,0.0,0.0,85.74812584,85.74812616
1113574,2022,86,Putumayo,86571,Puerto Guzmán,,,,,SZH_4401,Alto Caqueta,,,,,,,,,,,0.0,0.0,0.0,0.0,3.62874421,0.0,0.0,125.95893946,0.0,135.00306137,0.0,3.62874421,260.96200083,264.590747
1116038,2022,86,Putumayo,86571,Puerto Guzmán,,,,,SZH_4408,Río Mecaya,,,,,,,,,,,0.0,0.0,0.0,0.0,0.0,0.0,0.0,0.0,0.0,57.91887847,0.0,0.0,57.91887847,57.91887889
972202,2022,86,Putumayo,86885,Villagarzón,,,,,SZH_4701,Alto Río Putumayo,,,,,,,,,,,0.0,17.13136757,0.0,0.0,16.46897666,0.0,0.0,2.45296947,0.0,8.90398655,17.13136757,16.46897666,11.35695602,44.95730067
986524,2022,86,Putumayo,86885,Villagarzón,,,,,SZH_4703,Río Putumayo Medio,,,,,,,,,,,0.0,0.0,0.0,0.0,2.16344421,0.0,0.0,4.25250037,0.0,5.6192554,0.0,2.16344421,9.87175577,12.03519933
14433034,2022,94,Guainía,94001,Inírida,,,,,SZH_3108,"R._Inírida_(mi),_hasta_bocas_Caño_Bocón,_y_R._Las Viñas",RI_166,Cuenca Media Y Alta Del Rio Inirida,,,,,,,LEY2_01,Amazonas,0.0,0.0,0.0,0.0,0.0,0.0,0.0,0.0,9.11222161,0.0,0.0,0.0,9.11222161,9.11222122
14435498,2022,94,Guainía,94001,Inírida,,,,,SZH_3108,"R._Inírida_(mi),_hasta_bocas_Caño_Bocón,_y_R._Las Viñas",RI_223,El Venado,,,,,,,LEY2_01,Amazonas,0.0,0.0,0.0,0.0,0.0,0.0,0.0,0.0,7.38027891,0.0,0.0,0.0,7.38027891,7.38027878
33726,2022,94,Guainía,94884,Puerto Colombia,,,,,SZH_4105,Bajo Río Guainía,RI_708,"Tonina, Sejal, San Jose Y Otras",,,,,,,LEY2_01,Amazonas,0.0,0.0,0.0,0.0,0.0,0.0,0.0,0.0,0.0,41.28749851,0.0,0.0,41.28749851,41.28750002
39116,2022,94,Guainía,94884,Puerto Colombia,,,,,SZH_4106,Río Aquió o Caño Aque,RI_708,"Tonina, Sejal, San Jose Y Otras",,,,,,,LEY2_01,Amazonas,0.0,0.0,0.0,0.0,0.0,0.0,0.0,0.0,0.0,15.7949993,0.0,0.0,15.7949993,15.795
817894,2022,94,Guainía,94887,Pana Pana,,,,,SZH_4105,Bajo Río Guainía,RI_623,Rio Cuiari E Isana,,,,,PNN_02040002,Puinawai,LEY2_01,Amazonas,0.0,0.0,0.0,0.0,0.0,0.0,0.0,0.0,0.0,18.21238669,0.0,0.0,18.21238669,18.21238702
849772,2022,94,Guainía,94887,Pana Pana,,,,,SZH_4108,Río Cuiary,RI_623,Rio Cuiari E Isana,,,,,PNN_02040002,Puinawai,LEY2_01,Amazonas,0.0,0.0,0.0,0.0,0.0,0.0,0.0,0.0,0.0,70.19011247,0.0,0.0,70.19011247,70.19011299
8365280,2023,05,Antioquia,05031,Amalfi,,,,,SZH_2701,Río Porce,,,,,,,,,,,0.0,124.8536752,18.6513108,0.0,0.0,0.0,0.0,148.88304058,0.0,902.44373275,143.50498601,0.0,1089.81448812,1233.319479
6159230,2023,05,Antioquia,05040,Anorí,,,TCN_051,EL AGUACATE,SZH_2701,Río Porce,,,,,,,,,,,0.0,0.0,0.0,0.0,0.0,0.0,0.0,2.1825,0.1985331,0.0,0.0,0.0,2.3810331,2.381033
6181868,2023,05,Antioquia,05040,Anorí,,,TCN_020,BOCAS DE CANÁ,SZH_2701,Río Porce,,,,,,,,,,,0.0,0.0,0.0,0.0,0.0,0.0,0.0,2.45147567,0.0,0.2187385,0.0,0.0,2.67021418,2.670214
7238770,2023,05,Antioquia,05040,Anorí,ZPDRNR_28,BAJO CAUCA_NECHI,,,SZH_2702,Alto Nechí,,,,,,,,,,,0.0,0.0,35.38859586,0.0,0.0,0.0,0.0,12.9075731,0.0,449.73565419,35.38859586,0.0,462.64322729,498.031824
8314460,2023,05,Antioquia,05040,Anorí,,,,,SZH_2702,Alto Nechí,,,,,,,,,,,0.0,120.55904052,215.49890627,0.0,0.0,0.0,0.0,207.40555536,0.0,656.35220316,336.05794679,0.0,938.95884205,1275.016789
8315692,2023,05,Antioquia,05040,Anorí,,,,,SZH_2701,Río Porce,,,,,,,,,,,0.0,34.23090888,0.0,0.0,0.0,0.0,0.0,21.9842133,0.0,166.31467013,34.23090888,0.0,202.04805484,236.278964
3843224,2023,05,Antioquia,05120,Cáceres,,,,,SZH_2624,Río Taraza - Río Man,,,,,,,,,,,0.0,81.22091587,0.0,0.06802216,124.45701002,0.0,0.0,311.78724799,0.0,629.83349164,81.22091587,124.52503218,1003.94597102,1209.691919
3924382,2023,05,Antioquia,05120,Cáceres,,,,,SZH_2625,Directos al Cauca entre Pto Valdivia y Río Nechí,,,,,,,,,,,0.0,267.90586221,0.0,6.92848571,47.74136841,0.0,0.0,137.00446177,0.0,849.23711804,267.90586221,54.66985412,986.24157981,1308.8173
7502110,2023,05,Antioquia,05120,Cáceres,ZPDRNR_28,BAJO CAUCA_NECHI,,,SZH_2625,Directos al Cauca entre Pto Valdivia y Río Nechí,,,,,,,,,,,0.0,0.12086491,0.0,0.0,0.0,0.0,0.0,0.27829844,0.0,140.5214677,0.12086491,0.0,140.79976614,140.920633
7513660,2023,05,Antioquia,05120,Cáceres,ZPDRNR_28,BAJO CAUCA_NECHI,,,SZH_2704,Directos al Bajo Nechí (mi),,,,,,,,,,,0.0,1.95373065,0.0,0.0,0.0,0.0,0.0,31.56767575,0.0,109.14610557,1.95373065,0.0,140.71378132,142.667511
7920990,2023,05,Antioquia,05120,Cáceres,,,,,SZH_2704,Directos al Bajo Nechí (mi),,,,,,,,,,,0.0,307.51408308,0.0,0.0,12.37567154,0.0,0.0,750.17720792,0.0,454.33171459,307.51408308,12.37567154,1437.52724811,1757.417001
7965342,2023,05,Antioquia,05120,Cáceres,ZPDRNR_28,BAJO CAUCA_NECHI,,,SZH_2702,Alto Nechí,RI_738,Vegas De Segovia,,,,,,,,,0.0,0.0,0.0,0.0,0.0,0.0,0.0,0.0,0.0,15.22509398,0.0,0.0,15.22509398,15.225094
7976584,2023,05,Antioquia,05120,Cáceres,ZPDRNR_28,BAJO CAUCA_NECHI,,,SZH_2702,Alto Nechí,,,,,,,,,,,0.0,680.35642168,91.3532563,0.0,0.0,0.0,0.0,0.0,0.0,522.74137578,771.70967798,0.0,522.74137578,1294.451054
7980742,2023,05,Antioquia,05120,Cáceres,,,,,SZH_2704,Directos al Bajo Nechí (mi),RI_738,Vegas De Segovia,,,,,,,,,0.0,0.0,0.0,0.0,0.0,0.0,0.0,9.0,0.0,0.69138519,0.0,0.0,9.69138519,9.691385
10728256,2023,05,Antioquia,05142,Caracolí,,,,,SZH_2308,Río Nare,,,,,,,,,,,0.0,0.0,0.0,0.0,0.0,0.0,0.0,0.0,0.0,3.07840156,0.0,0.0,3.07840156,3.078401
2274888,2023,05,Antioquia,05154,Caucasia,,,,,SZH_2502,Bajo San Jorge - La Mojana,,,,,,,,,,,0.0,1.00823349,0.0,0.0,0.0,0.0,0.0,73.16540818,0.0,1190.65771958,1.00823349,0.0,1263.82312776,1264.831363
2504964,2023,05,Antioquia,05154,Caucasia,,,,,SZH_2624,Río Taraza - Río Man,,,,,,,,,,,0.0,20.46797923,0.0,0.0,17.11682213,0.0,0.0,98.08565759,0.0,41.7394875,20.46797923,17.11682213,139.82514509,177.409946
2834216,2023,05,Antioquia,05154,Caucasia,,,,,SZH_2625,Directos al Cauca entre Pto Valdivia y Río Nechí,,,,,,,,,,,0.0,159.89827547,0.0,0.0,0.0,0.0,0.0,101.38954241,0.0,37.46400688,159.89827547,0.0,151.09441138,310.992686
4016474,2023,05,Antioquia,05154,Caucasia,,,,,SZH_2704,Directos al Bajo Nechí (mi),,,,,,,,,,,768.27496691,12.65587675,0.03621777,0.0,0.0,0.0,0.0,34.03855067,0.0,266.75995919,780.96706143,0.0,300.79850985,1081.76557
1651496,2023,05,Antioquia,05250,El Bagre,,,TCN_034,CHAPARROSA,SZH_2703,Bajo Nechí (md),,,,,,,,,LEY2_05,Rio Magdalena,0.0,0.0,0.0,0.0,0.0,0.0,0.0,0.0,0.0,10.01425868,0.0,0.0,10.01425868,10.014259
2953720,2023,05,Antioquia,05250,El Bagre,,,,,SZH_2704,Directos al Bajo Nechí (mi),,,,,,,,,,,10.06964132,0.0,0.0,0.0,0.0,0.0,0.0,0.0,0.0,0.0,10.06964132,0.0,0.0,10.069641
4203738,2023,05,Antioquia,05250,El Bagre,,,TCN_193,VILLA GRANDE,SZH_2703,Bajo Nechí (md),,,,,,,,,LEY2_05,Rio Magdalena,0.0,0.0,0.0,0.0,0.0,0.0,0.0,0.0,0.0,43.30829217,0.0,0.0,43.30829217,43.308292
4961264,2023,05,Antioquia,05250,El Bagre,ZPDRNR_33,SAN LUCAS,,,SZH_2703,Bajo Nechí (md),RI_859,Valle Del Sol / Comunidad Puerto Claver,,,,,,,LEY2_05,Rio Magdalena,0.0,0.0,0.0,0.0,0.0,0.0,0.0,0.0,0.0,7.515,0.0,0.0,7.515,7.515
5453910,2023,05,Antioquia,05250,El Bagre,,,TCN_126,NUEVA ESPERANZA,SZH_2703,Bajo Nechí (md),,,,,,,,,LEY2_05,Rio Magdalena,0.0,0.0,0.0,0.0,0.0,0.0,0.0,3.06,0.0,1.91664529,0.0,0.0,7.45164529,7.451645
5456374,2023,05,Antioquia,05250,El Bagre,ZPDRNR_33,SAN LUCAS,TCN_126,NUEVA ESPERANZA,SZH_2703,Bajo Nechí (md),,,,,,,,,LEY2_05,Rio Magdalena,0.0,0.0,0.0,0.0,0.0,0.0,0.0,0.0,0.0,27.61889703,0.0,0.0,27.61889703,27.618897
8610910,2023,05,Antioquia,05250,El Bagre,,,,,SZH_2703,Bajo Nechí (md),,,,,,,,,,,2595.54485319,253.71757904,11.03069291,0.0,0.0,0.0,0.0,154.48100995,0.0,1329.40237166,2860.2931251,0.0,1483.88338162,4344.176505
8690528,2023,05,Antioquia,05250,El Bagre,ZPDRNR_33,SAN LUCAS,,,SZH_2703,Bajo Nechí (md),,,,,,,,,LEY2_05,Rio Magdalena,0.0,0.0,0.0,0.0,0.0,0.0,0.0,0.09385336,0.0,92.31443099,0.0,0.0,102.41506131,102.415061
8763986,2023,05,Antioquia,05250,El Bagre,,,,,SZH_2703,Bajo Nechí (md),,,,,,,,,LEY2_05,Rio Magdalena,43.00732184,103.23234258,0.01894832,0.0,0.0,0.0,0.0,34.38833913,0.0,806.12307865,146.25861275,0.0,842.44628107,988.704903
10802484,2023,05,Antioquia,05425,Maceo,,,,,SZH_2308,Río Nare,,,,,,,,,,,0.0,0.0,0.0,0.0,0.0,0.0,0.0,0.0,0.0,5.96869285,0.0,0.0,5.96869285,5.968693
10802792,2023,05,Antioquia,05425,Maceo,,,,,SZH_2310,Rió San Bartolo y otros directos al Magdalena Medio,,,,,,,,,,,0.0,0.0,0.0,0.0,0.0,0.0,0.0,0.0,0.0,11.1375,0.0,0.0,11.1375,11.1375
5628854,2023,05,Antioquia,05480,Mutatá,,,,,SZH_1111,Río Sucio,,,,,,,,,,,0.0,145.49075378,0.0,0.0,0.0,0.0,0.0,0.0,0.0,0.02322178,145.49075378,0.0,4.24668798,149.737441
2274734,2023,05,Antioquia,05495,Nechí,,,,,SZH_2502,Bajo San Jorge - La Mojana,,,,,,,,,,,0.0,0.0,0.0,0.0,0.0,0.0,0.0,0.0,0.0,17.80307222,0.0,0.0,17.80307222,17.803072
2338028,2023,05,Antioquia,05495,Nechí,,,,,SZH_2625,Directos al Cauca entre Pto Valdivia y Río Nechí,,,,,,,,,,,0.0,29.05238292,0.0,0.0,35.03228203,0.0,0.0,174.41200659,0.0,86.2583161,29.05238292,35.03228203,309.96228293,374.046948
2765840,2023,05,Antioquia,05495,Nechí,ZPDRNR_22,HUMEDAL EL SAPO 2,,,SZH_2703,Bajo Nechí (md),,,,,,,,,,,0.0,0.49431134,0.0,0.0,0.0,0.0,0.0,2.8125,0.0,384.05206784,0.49431134,0.0,386.86456784,387.358879
2780470,2023,05,Antioquia,05495,Nechí,,,,,SZH_2703,Bajo Nechí (md),,,,,,,,,LEY2_05,Rio Magdalena,0.0,0.0,0.0,0.0,0.0,0.0,0.0,27.59015594,0.0,49.78724533,0.0,0.0,77.37740126,77.377401
2963576,2023,05,Antioquia,05495,Nechí,,,,,SZH_2703,Bajo Nechí (md),,,,,,,,,,,9.37679521,59.80369119,0.0,0.0,0.0,0.0,0.0,107.69833535,0.0,25.49336845,69.1804864,0.0,133.19170379,202.372191
3246936,2023,05,Antioquia,05495,Nechí,,,,,SZH_2704,Directos al Bajo Nechí (mi),,,,,,,,,,,3754.34998347,398.44399554,8.12660312,0.0,0.0,0.0,0.0,1087.09478628,0.0,1845.47526097,4160.92058209,0.0,2932.57004724,7093.490625
10727332,2023,05,Antioquia,05579,Puerto Berrío,,,,,SZH_2308,Río Nare,,,,,,,,,,,0.0,0.0,0.0,0.0,0.0,0.0,0.0,0.0,0.0,0.24130715,0.0,0.0,0.24130715,0.241307
10873632,2023,05,Antioquia,05579,Puerto Berrío,,,,,SZH_2310,Rió San Bartolo y otros directos al Magdalena Medio,,,,,,,,,,,0.0,23.48932972,0.0,0.0,0.0,0.0,0.0,140.92439487,0.0,0.5607348,23.48932972,0.0,141.48512968,164.97446
10747352,2023,05,Antioquia,05585,Puerto Nare,,,,,SZH_2307,Directos Magdalena Medio entre ríos La Miel y Nare,,,,,,,,,,,0.0,1.2825,0.0,0.0,0.0,0.0,0.0,0.0,0.0,7.36147441,1.2825,0.0,29.5875,30.869999
10878560,2023,05,Antioquia,05585,Puerto Nare,,,,,SZH_2310,Rió San Bartolo y otros directos al Magdalena Medio,,,,,,,,,,,0.0,0.0,0.0,0.0,0.0,0.0,0.0,56.4947294,0.0,0.0,0.0,0.0,56.4947294,56.494729
10881024,2023,05,Antioquia,05585,Puerto Nare,,,,,SZH_2308,Río Nare,,,,,,,,,,,0.0,0.0,0.0,0.0,0.0,0.0,0.0,106.17069499,0.0,2.7675,0.0,0.0,108.93819499,108.938196
8189720,2023,05,Antioquia,05604,Remedios,,,,,SZH_2701,Río Porce,,,,,,,,,,,0.0,3.685973,0.0,0.0,0.0,0.0,0.0,43.10386235,0.0,48.40579515,3.685973,0.0,169.29630312,172.982273
9619302,2023,05,Antioquia,05604,Remedios,,,,,SZH_2703,Bajo Nechí (md),,,,,,,,,,,0.0,97.82029891,53.41658015,0.0,109.21269052,0.0,0.0,75.43130957,0.0,49.6681346,151.23687904,109.21269052,152.81756606,413.267136
9623614,2023,05,Antioquia,05604,Remedios,,,,,SZH_2703,Bajo Nechí (md),,,,,,,,,LEY2_05,Rio Magdalena,0.0,11.02110563,0.0,0.0,0.0,0.0,0.0,2.0925,0.0,45.11169459,11.02110563,0.0,80.00752854,91.028636
9667966,2023,05,Antioquia,05604,Remedios,ZPDRNR_33,SAN LUCAS,,,SZH_2317,Río Cimitarra y otros directos al Magdalena,,,,,,,,,LEY2_05,Rio Magdalena,0.0,0.0,0.0,0.0,0.0,0.0,0.0,0.0,0.0,4.72232467,0.0,0.0,4.72232467,4.722325
9755746,2023,05,Antioquia,05604,Remedios,,,,,SZH_2317,Río Cimitarra y otros directos al Magdalena,,,,,,,,,,,0.0,150.2273537,0.0,0.0,0.0,0.0,0.0,57.05209804,0.0,102.5639523,150.2273537,0.0,210.02806679,360.255421
9760674,2023,05,Antioquia,05604,Remedios,,,,,SZH_2317,Río Cimitarra y otros directos al Magdalena,RI_795,Korodo-Ite,,,,,,,LEY2_05,Rio Magdalena,0.0,0.0,0.0,0.0,0.0,0.0,0.0,5.15828035,0.0,4.62918691,0.0,0.0,9.78746726,9.787467
9772224,2023,05,Antioquia,05604,Remedios,,,,,SZH_2317,Río Cimitarra y otros directos al Magdalena,,,,,,,,,LEY2_05,Rio Magdalena,0.0,20.33550095,0.0,0.03390627,0.0,0.0,0.0,93.60783745,0.0,243.42737241,20.33550095,0.03390627,337.17077018,357.540179
9779000,2023,05,Antioquia,05604,Remedios,,,,,SZH_2310,Rió San Bartolo y otros directos al Magdalena Medio,,,,,,,,,,,0.0,49.66818071,0.0,0.0,0.0,0.0,0.0,4.71005452,0.0,44.43148473,49.66818071,0.0,76.84907929,126.517259
10725484,2023,05,Antioquia,05670,San Roque,,,,,SZH_2308,Río Nare,,,,,,,,,,,0.0,4.16767991,0.0,0.0,3.1275,0.0,0.0,0.14025989,0.0,3.5398947,4.16767991,3.1275,3.68015459,10.975335
10725176,2023,05,Antioquia,05690,Santo Domingo,,,,,SZH_2308,Río Nare,,,,,,,,,,,0.0,0.62070861,0.0,0.0,0.0,0.0,0.0,8.955,0.0,0.02661148,0.62070861,0.0,8.98161148,9.60232
7407400,2023,05,Antioquia,05736,Segovia,,,,,SZH_2701,Río Porce,,,,,,,,,,,0.0,58.36231426,0.0,0.0,0.0,0.0,0.0,0.0,0.0,25.88536743,58.36231426,0.0,44.96536743,103.327682
7618072,2023,05,Antioquia,05736,Segovia,,,,,SZH_2703,Bajo Nechí (md),,,,,,,,,,,0.0,116.69721001,31.65612896,0.0,22.61511132,0.0,0.0,18.62416564,0.0,79.75145706,148.35333897,22.61511132,127.66735106,298.635801
9098782,2023,05,Antioquia,05736,Segovia,,,,,SZH_2703,Bajo Nechí (md),RI_697,Tagual La Po,,,,,,,LEY2_05,Rio Magdalena,0.0,0.0,0.0,0.0,0.0,0.0,0.0,0.0,0.0,0.0,0.0,0.0,3.0825,3.0825
9272802,2023,05,Antioquia,05736,Segovia,ZPDRNR_33,SAN LUCAS,,,SZH_2703,Bajo Nechí (md),,,,,,,,,LEY2_05,Rio Magdalena,0.0,15.66789212,0.0,0.0,0.0,0.0,3.15493008,0.0,0.0,20.72394107,15.66789212,0.0,23.87887115,39.546763
9283890,2023,05,Antioquia,05736,Segovia,ZPDRNR_33,SAN LUCAS,,,SZH_2317,Río Cimitarra y otros directos al Magdalena,,,,,,,,,LEY2_05,Rio Magdalena,0.0,0.0,0.0,0.0,0.0,0.0,38.76116078,0.0,0.0,72.07806146,0.0,0.0,110.83922224,110.839222
9319002,2023,05,Antioquia,05736,Segovia,,,,,SZH_2703,Bajo Nechí (md),,,,,,,,,LEY2_05,Rio Magdalena,0.0,302.34844681,0.0,0.0,0.05640143,0.0,2.35064824,144.82232856,0.0,195.70360817,302.34844681,0.05640143,514.14052671,816.545374
9349802,2023,05,Antioquia,05736,Segovia,,,,,SZH_2317,Río Cimitarra y otros directos al Magdalena,,,,,,,,,LEY2_05,Rio Magdalena,0.0,6.10155139,0.0,0.0,0.0,0.0,26.73993431,79.70445833,0.0,14.09607952,6.10155139,0.0,120.54047216,126.642024
10852688,2023,05,Antioquia,05756,Sonsón,,,,,SZH_2307,Directos Magdalena Medio entre ríos La Miel y Nare,,,,,,,,,,,0.0,0.0,0.0,0.0,0.0,0.0,0.0,0.0,0.0,17.54389959,0.0,0.0,17.54389959,17.5439
13742960,2023,05,Antioquia,05756,Sonsón,,,,,SZH_2305,Río La Miel (Samaná),,,,,,,,,,,0.0,100.73897884,0.0,0.0,0.0,0.0,0.0,15.45812501,0.0,129.4159304,100.73897884,0.0,145.20703726,245.946019
6787088,2023,05,Antioquia,05790,Tarazá,,,,,SZH_2624,Río Taraza - Río Man,,,,,,,,,,,0.0,225.53056908,0.0,206.19317974,39.99527315,0.0,0.0,366.80057806,0.0,721.418594,225.53056908,246.1884529,1089.78136004,1561.500385
6879334,2023,05,Antioquia,05790,Tarazá,,,,,SZH_2702,Alto Nechí,,,,,,,,,,,0.0,0.0,0.0,0.0,0.0,0.0,0.0,41.6925,0.0,18.54,0.0,0.0,60.2325,60.2325
7142058,2023,05,Antioquia,05790,Tarazá,,,,,SZH_2625,Directos al Cauca entre Pto Valdivia y Río Nechí,,,,,,,,,,,0.0,49.7135819,0.0,46.21830245,3.03454549,0.0,0.0,92.04177398,0.0,31.93609622,49.7135819,49.25284793,123.97787024,222.9443
6780928,2023,05,Antioquia,05854,Valdivia,,,,,SZH_2624,Río Taraza - Río Man,,,,,,,,,,,0.0,0.0,0.0,0.0,68.41065807,0.0,0.0,180.74306239,0.0,71.83050229,0.0,68.41065807,296.50520967,364.915866
6879180,2023,05,Antioquia,05854,Valdivia,,,,,SZH_2625,Directos al Cauca entre Pto Valdivia y Río Nechí,,,,,,,,,,,0.0,0.0,0.0,0.0,0.0,0.0,0.0,0.0,0.0,3.75921825,0.0,0.0,3.75921825,3.759218
8367744,2023,05,Antioquia,05858,Vegachí,,,,,SZH_2701,Río Porce,,,,,,,,,,,0.0,0.0,0.0,0.0,0.0,0.0,0.0,0.0,0.0,16.06361387,0.0,0.0,16.06361387,16.063614
9748200,2023,05,Antioquia,05858,Vegachí,,,,,SZH_2310,Rió San Bartolo y otros directos al Magdalena Medio,,,,,,,,,,,0.0,188.31393782,0.0,0.0,0.0,0.0,0.0,106.71300492,0.0,24.71107397,188.31393782,0.0,145.61621133,333.930152
10121804,2023,05,Antioquia,05873,Vigía del Fuerte,,,TCN_117,MAYOR DEL MEDIO ATRATO - ACIA,SZH_1107,Río Murrí,,,,,,,,,LEY2_04,Pacifico,0.0,0.0,0.0,0.0,0.0,0.0,0.0,0.0,30.08869231,0.0,0.0,0.0,30.08869231,30.088691
10301984,2023,05,Antioquia,05873,Vigía del Fuerte,,,,,SZH_1107,Río Murrí,RI_606,Rio Jarapeto,,,,,,,LEY2_04,Pacifico,0.0,0.0,0.0,0.0,0.0,0.0,0.0,0.0,0.0,36.96749999,0.0,0.0,36.96749999,36.9675
8673896,2023,05,Antioquia,05885,Yalí,,,,,SZH_2310,Rió San Bartolo y otros directos al Magdalena Medio,,,,,,,,,,,0.0,6.68279894,0.0,0.0,0.0,0.0,0.0,14.12948969,0.0,73.69045455,6.68279894,0.0,103.81487411,110.497674
10773224,2023,05,Antioquia,05890,Yolombó,,,,,SZH_2308,Río Nare,,,,,,,,,,,0.0,0.0,0.0,0.0,0.0,0.0,0.0,2.82801883,0.0,3.48182659,0.0,0.0,6.30984541,6.309845
10801560,2023,05,Antioquia,05890,Yolombó,,,,,SZH_2310,Rió San Bartolo y otros directos al Magdalena Medio,,,,,,,,,,,0.0,0.0,0.0,0.0,0.0,0.0,0.0,4.25863604,0.0,8.325,0.0,0.0,12.58363604,12.583636
9770992,2023,05,Antioquia,05893,Yondó,,,,,SZH_2317,Río Cimitarra y otros directos al Magdalena,,,,,,,,,LEY2_05,Rio Magdalena,0.0,0.0,0.0,0.0,0.0,0.0,0.0,0.0,0.0,86.10370648,0.0,0.0,86.10370648,86.103708
9773456,2023,05,Antioquia,05893,Yondó,,,,,SZH_2317,Río Cimitarra y otros directos al Magdalena,,,,,,,,,,,0.0,0.0,0.0,51.57200539,0.0,0.0,0.0,23.04211922,0.0,24.14438391,0.0,51.57200539,47.18650312,98.758508
4114110,2023,05,Antioquia,05895,Zaragoza,,,TCN_036,CHILONA EL SALTO,SZH_2704,Directos al Bajo Nechí (mi),,,,,,,,,,,0.0,70.72054925,0.0,0.0,0.0,0.0,0.0,0.0,0.0,0.00856349,70.72054925,0.0,0.00891939,70.729469
6156766,2023,05,Antioquia,05895,Zaragoza,,,TCN_051,EL AGUACATE,SZH_2701,Río Porce,,,,,,,,,,,0.0,1.08,0.0,0.0,0.0,0.0,0.0,0.0,0.0,0.0,1.08,0.0,0.0,1.08
6230532,2023,05,Antioquia,05895,Zaragoza,,,TCN_020,BOCAS DE CANÁ,SZH_2701,Río Porce,,,,,,,,,,,0.0,10.84494433,0.0,0.0,0.0,0.0,0.0,1.76851745,0.0,1.39096492,10.84494433,0.0,3.15948236,14.004426
6666044,2023,05,Antioquia,05895,Zaragoza,,,TCN_139,PORCE MEDIO,SZH_2701,Río Porce,,,,,,,,,,,0.0,17.78398075,0.0,0.0,0.0,0.0,0.0,0.0,0.0,1.44567431,17.78398075,0.0,1.44567431,19.229655
6671126,2023,05,Antioquia,05895,Zaragoza,,,,,SZH_2701,Río Porce,,,,,,,,,LEY2_05,Rio Magdalena,0.0,22.14808916,0.0,0.0,0.0,0.0,0.0,0.0,0.0,3.84883918,22.14808916,0.0,4.01757468,26.165664
6700694,2023,05,Antioquia,05895,Zaragoza,,,,,SZH_2701,Río Porce,,,,,,,,,,,0.0,272.45825618,0.0,0.0,0.0,0.0,0.0,0.0,0.54409993,18.61631945,272.45825618,0.0,40.04692521,312.505181
7908978,2023,05,Antioquia,05895,Zaragoza,ZPDRNR_28,BAJO CAUCA_NECHI,,,SZH_2704,Directos al Bajo Nechí (mi),,,,,,,,,,,0.0,0.0,0.0,0.0,0.0,0.0,0.0,1.9276663,0.0,49.80748321,0.0,0.0,51.73514952,51.73515
8307068,2023,05,Antioquia,05895,Zaragoza,,,TCN_142,PUEBLO NUEVO,SZH_2701,Río Porce,,,,,,,,,,,0.0,17.81566913,0.0,0.0,0.0,0.0,0.0,0.0,0.0,0.0,17.81566913,0.0,0.0,17.815669
8309532,2023,05,Antioquia,05895,Zaragoza,,,,,SZH_2702,Alto Nechí,,,,,,,,,,,0.0,22.53564633,39.67828704,0.0,0.0,0.0,0.0,2.97846669,0.0,0.04462225,62.21393337,0.0,3.02308895,65.237021
8313228,2023,05,Antioquia,05895,Zaragoza,,,TCN_142,PUEBLO NUEVO,SZH_2703,Bajo Nechí (md),,,,,,,,,,,0.0,53.24891695,0.0,0.0,0.0,0.0,0.0,0.0,0.0,0.02424059,53.24891695,0.0,0.02424059,53.273158
8316924,2023,05,Antioquia,05895,Zaragoza,,,TCN_051,EL AGUACATE,SZH_2703,Bajo Nechí (md),,,,,,,,,,,0.0,5.9283986,0.0,0.0,0.0,0.0,0.0,0.0,0.0,0.0,5.9283986,0.0,0.0,5.928399
8453214,2023,05,Antioquia,05895,Zaragoza,,,,,SZH_2704,Directos al Bajo Nechí (mi),,,,,,,,,,,634.41550665,931.80991356,0.52492414,178.147914,40.1461354,0.0,0.0,438.59020306,0.0,355.49806798,1566.75034436,218.29404941,1034.71626266,2819.760655
8522668,2023,05,Antioquia,05895,Zaragoza,,,,,SZH_2703,Bajo Nechí (md),RI_824,San Antonio 2,,,,,,,LEY2_05,Rio Magdalena,0.0,15.89193669,0.0,0.0,0.0,0.0,0.0,0.0,0.0,0.148896,15.89193669,0.0,0.148896,16.040833
8612142,2023,05,Antioquia,05895,Zaragoza,,,,,SZH_2703,Bajo Nechí (md),,,,,,,,,,,510.23654913,1674.36425002,1.95168229,0.0,0.0,0.0,0.0,4.18465848,0.0,206.15455417,2186.55248147,0.0,475.10685925,2661.659343
8757826,2023,05,Antioquia,05895,Zaragoza,,,,,SZH_2703,Bajo Nechí (md),,,,,,,,,LEY2_05,Rio Magdalena,0.0,1106.47041811,8.3564504,0.0,0.0,0.0,0.0,203.68770277,0.0,849.01107262,1114.82686851,0.0,1418.76869515,2533.595566
1298836,2023,13,Bolívar,13030,Altos del Rosario,,,,,SZH_2626,Directos Bajo Cauca - Cga La Raya entre río Nechí,,,,,,,,,,,0.0,0.70323086,0.0,0.0,0.0,0.0,0.0,1.1530841,0.0,6.90176914,0.70323086,0.0,8.05485324,8.758084
4747820,2023,13,Bolívar,13042,Arenal,ZPDRNR_33,SAN LUCAS,,,SZH_2320,Directos al Magdalena (Brazo Morales),,,,,,,,,LEY2_05,Rio Magdalena,0.0,0.0,0.0,0.0,0.0,0.0,0.0,0.0,0.0,50.93260713,0.0,0.0,50.93260713,50.932608
1311618,2023,13,Bolívar,13074,Barranco de Loba,,,,,SZH_2907,Directos Bajo Magdalena entre El Banco y El Plato,,,,,,,,,,,0.0,135.39261744,0.0,0.0,6.87347441,0.0,0.0,127.90751857,0.0,69.99080831,135.39261744,6.87347441,197.89832687,340.16442
4704238,2023,13,Bolívar,13458,Montecristo,,,,,SZH_2626,Directos Bajo Cauca - Cga La Raya entre río Nechí,,,,,,,,,LEY2_05,Rio Magdalena,0.0,0.0,0.0,0.0,0.24648379,0.0,0.0,57.79877491,0.0,165.16253185,0.0,0.24648379,222.96130676,223.207787
5003152,2023,13,Bolívar,13458,Montecristo,ZPDRNR_33,SAN LUCAS,,,SZH_2626,Directos Bajo Cauca - Cga La Raya entre río Nechí,,,,,,,,,LEY2_05,Rio Magdalena,0.0,39.7220809,0.0,0.0,0.0,0.0,0.0,3.65236656,0.0,819.3600506,39.7220809,0.0,823.78400515,863.506086
8688064,2023,13,Bolívar,13458,Montecristo,,,,,SZH_2703,Bajo Nechí (md),,,,,,,,,LEY2_05,Rio Magdalena,0.0,0.0,0.0,0.0,0.0,0.0,0.0,0.0,0.0,0.51325744,0.0,0.0,0.51325744,0.513257
9003918,2023,13,Bolívar,13458,Montecristo,ZPDRNR_33,SAN LUCAS,,,SZH_2703,Bajo Nechí (md),,,,,,,,,LEY2_05,Rio Magdalena,0.0,119.76734328,0.0,0.0,0.0,0.0,0.0,0.0,0.0,618.06079183,119.76734328,0.0,618.06079183,737.828127
1476860,2023,13,Bolívar,13490,Norosí,,,,,SZH_2626,Directos Bajo Cauca - Cga La Raya entre río Nechí,,,,,,,,,LEY2_05,Rio Magdalena,0.0,21.35526473,0.0,0.0,0.0,0.0,0.0,9.24616712,0.0,81.39023176,21.35526473,0.0,90.63639888,111.991663
1542618,2023,13,Bolívar,13490,Norosí,,,,,SZH_2320,Directos al Magdalena (Brazo Morales),,,,,,,,,,,0.0,239.35677453,0.0,84.15937154,0.0,0.0,0.0,88.50977661,0.0,171.5477595,239.35677453,84.15937154,337.87817223,661.394317
4565792,2023,13,Bolívar,13490,Norosí,,,,,SZH_2320,Directos al Magdalena (Brazo Morales),,,,,,,,,LEY2_05,Rio Magdalena,0.0,6.29642544,0.0,0.13963829,12.77023168,0.0,0.0,25.48262298,0.0,36.70496751,6.29642544,12.90986997,107.76386757,126.970166
4742892,2023,13,Bolívar,13490,Norosí,ZPDRNR_33,SAN LUCAS,,,SZH_2320,Directos al Magdalena (Brazo Morales),,,,,,,,,LEY2_05,Rio Magdalena,0.0,0.26940885,0.0,0.0,0.0,0.0,0.0,0.0,0.0,33.42393617,0.26940885,0.0,33.82895547,34.098364
4745356,2023,13,Bolívar,13490,Norosí,ZPDRNR_33,SAN LUCAS,,,SZH_2320,Directos al Magdalena (Brazo Morales),,,,,,,,,,,0.0,0.0,0.0,0.0,0.0,0.0,0.0,0.0,0.0,4.09054484,0.0,0.0,4.09054484,4.090545
1522906,2023,13,Bolívar,13600,Río Viejo,,,,,SZH_2320,Directos al Magdalena (Brazo Morales),,,,,,,,,LEY2_05,Rio Magdalena,0.0,0.0,0.0,0.0,0.0,0.0,0.0,0.0,0.0,7.70541369,0.0,0.0,8.80269004,8.80269
4741660,2023,13,Bolívar,13600,Río Viejo,ZPDRNR_33,SAN LUCAS,,,SZH_2320,Directos al Magdalena (Brazo Morales),,,,,,,,,LEY2_05,Rio Magdalena,0.0,10.85933068,0.0,0.0,0.0,0.0,0.0,0.0,0.0,515.0980895,10.85933068,0.0,515.0980895,525.957421
4744124,2023,13,Bolívar,13600,Río Viejo,,,,,SZH_2320,Directos al Magdalena (Brazo Morales),,,,,,,,,,,0.0,0.0,0.0,0.0,0.0,0.0,0.0,5.00055815,0.0,59.84493107,0.0,0.0,64.84548922,64.84549
4746588,2023,13,Bolívar,13600,Río Viejo,ZPDRNR_33,SAN LUCAS,,,SZH_2320,Directos al Magdalena (Brazo Morales),,,,,,,,,,,0.0,6.66649649,0.0,0.0,0.0,0.0,0.0,0.0,0.0,16.60392392,6.66649649,0.0,16.60392392,23.27042
4353272,2023,13,Bolívar,13655,San Jacinto del Cauca,,,,,SZH_2626,Directos Bajo Cauca - Cga La Raya entre río Nechí,,,,,,,,,LEY2_05,Rio Magdalena,0.0,0.0,0.0,0.0,0.0,0.0,0.0,6.59780382,0.0,13.71897883,0.0,0.0,20.31678265,20.316783
1317778,2023,13,Bolívar,13667,San Martín de Loba,,,,,SZH_2907,Directos Bajo Magdalena entre El Banco y El Plato,,,,,,,,,,,0.0,172.1080453,0.0,0.0,20.46095499,0.0,0.0,356.3054128,0.0,135.72041417,172.1080453,20.46095499,530.87827381,723.447275
5410328,2023,13,Bolívar,13670,San Pablo,,,,,SZH_2320,Directos al Magdalena (Brazo Morales),,,,,,,,,LEY2_05,Rio Magdalena,0.0,0.0,0.0,0.0,0.0,0.0,0.0,20.6775,0.0,22.40101507,0.0,0.0,65.63173161,65.631732
9676744,2023,13,Bolívar,13670,San Pablo,ZPDRNR_33,SAN LUCAS,,,SZH_2317,Río Cimitarra y otros directos al Magdalena,,,,,,,,,LEY2_05,Rio Magdalena,0.0,0.0,0.0,0.0,0.0,0.0,0.0,0.0,0.0,1.64517533,0.0,0.0,1.64517533,1.645175
5385996,2023,13,Bolívar,13688,Santa Rosa del Sur,,,,,SZH_2320,Directos al Magdalena (Brazo Morales),,,,,,,,,LEY2_05,Rio Magdalena,0.0,0.0,0.0,0.0,0.0,0.0,0.0,16.47316621,0.0,63.61789997,0.0,0.0,80.13143233,80.131432
8906590,2023,13,Bolívar,13688,Santa Rosa del Sur,,,,,SZH_2703,Bajo Nechí (md),,,,,,,,,LEY2_05,Rio Magdalena,0.0,0.0,0.0,0.0,0.0,0.0,0.0,0.0,0.0,5.0540321,0.0,0.0,5.0540321,5.054032
9288818,2023,13,Bolívar,13688,Santa Rosa del Sur,ZPDRNR_33,SAN LUCAS,,,SZH_2703,Bajo Nechí (md),,,,,,,,,LEY2_05,Rio Magdalena,0.0,61.44452109,0.0,0.0,0.0,0.0,31.11189723,0.0,0.0,601.05830141,61.44452109,0.0,632.17019864,693.614724
9447900,2023,13,Bolívar,13688,Santa Rosa del Sur,ZPDRNR_33,SAN LUCAS,,,SZH_2320,Directos al Magdalena (Brazo Morales),,,,,,,,,LEY2_05,Rio Magdalena,0.0,0.0,0.0,0.0,0.0,0.0,0.0,0.0,0.0,17.57329473,0.0,0.0,17.57329473,17.573295
5188106,2023,13,Bolívar,13744,Simití,,,,,SZH_2320,Directos al Magdalena (Brazo Morales),,,,,,,,,,,0.0,0.0,0.0,0.0,0.0,0.0,0.0,0.0,0.0,1.85192452,0.0,0.0,17.98501241,17.985012
5393388,2023,13,Bolívar,13744,Simití,,,,,SZH_2320,Directos al Magdalena (Brazo Morales),,,,,,,,,LEY2_05,Rio Magdalena,0.0,166.2189189,0.0,0.0,0.03592381,0.0,0.0,81.55310302,0.0,1000.40784558,166.2189189,0.03592381,2018.24413064,2184.498971
4553472,2023,13,Bolívar,13810,Tiquisio,,,,,SZH_2626,Directos Bajo Cauca - Cga La Raya entre río Nechí,,,,,,,,,LEY2_05,Rio Magdalena,0.0,28.93808607,0.0,0.0,0.0,0.0,0.0,11.78764934,0.0,204.41718423,28.93808607,0.0,216.20483356,245.14292
13710774,2023,17,Caldas,17380,La Dorada,,,,,SZH_2304,Directos Magdalena entre Ríos Guarinó y La Miel,,,,,,,,,,,0.0,0.0,0.0,0.0,0.0,0.0,0.0,0.0,0.0,4.51177635,0.0,0.0,4.51177635,4.511776
13749120,2023,17,Caldas,17495,Norcasia,,,,,SZH_2305,Río La Miel (Samaná),,,,,,,,,,,0.0,0.0,0.0,0.0,0.0,0.0,0.0,4.94147729,0.0,30.29352271,0.0,0.0,35.235,35.235
13718320,2023,17,Caldas,17867,Victoria,,,,,SZH_2304,Directos Magdalena entre Ríos Guarinó y La Miel,,,,,,,,,,,0.0,10.99179845,0.0,0.0,0.0,0.0,0.0,24.47421265,0.0,20.33776305,10.99179845,0.0,44.81197569,55.803774
1147608,2023,18,Caquetá,18205,Curillo,,,,,SZH_4404,Río Pescado,,,,,,,,,,,0.0,0.0,0.0,0.0,0.0,0.0,0.0,0.0,0.0,5.00708022,0.0,0.0,5.00708022,5.00708
1148224,2023,18,Caquetá,18205,Curillo,,,,,SZH_4402,Río Caqueta Medio,,,,,,,,,,,0.0,0.0,0.0,0.0,0.0,0.0,0.0,0.0,0.0,3.09057024,0.0,0.0,3.09057024,3.09057
1146530,2023,18,Caquetá,18610,San José del Fragua,,,,,SZH_4402,Río Caqueta Medio,,,,,,,,,,,0.0,0.0,0.0,0.0,0.0,0.0,0.0,0.0,0.0,162.9182011,0.0,0.0,162.9182011,162.918201
1146992,2023,18,Caquetá,18610,San José del Fragua,,,,,SZH_4404,Río Pescado,,,,,,,,,,,0.0,0.0,0.0,0.0,0.0,0.0,0.0,0.0,0.0,10.32204962,0.0,0.0,10.32204962,10.32205
789558,2023,19,Cauca,19100,Bolívar,,,,,SZH_5202,Río San Jorge,,,,,,,,,,,0.0,0.0,0.0,0.0,0.0,0.0,0.0,0.0,0.0,40.55237401,0.0,0.0,40.55237401,40.552374
15586956,2023,19,Cauca,19110,Buenos Aires,,,,,SZH_2628,Río Quinamayo y otros directos al Cauca,,,,,,,,,,,0.0,0.0,0.0,0.0,0.0,0.0,0.0,0.0546805,0.0,31.1848418,0.0,0.0,31.2395223,31.239522
15538908,2023,19,Cauca,19256,El Tambo,,,,,SZH_5307,Río San Juan del Micay,,,,,,,,,,,0.0,0.0,0.0,0.0,0.0,0.0,0.0,16.99433353,0.0,10.43037106,0.0,0.0,27.42470459,27.424705
15635004,2023,19,Cauca,19256,El Tambo,,,,,SZH_5201,Río Patia Alto,,,,,,,,,,,0.0,0.0,0.0,0.0,15.49117953,0.0,0.0,0.0,0.0,1.39600521,0.0,15.49117953,1.39600521,16.887185
14926142,2023,19,Cauca,19318,Guapi,,,TCN_065,GUAPÍ ABAJO,SZH_5304,Río Guapi,,,,,,,,,,,0.0,0.0,0.0,0.0,0.0,0.0,0.0,0.0,93.20426249,0.0,0.0,0.0,93.20426249,93.204262
14968030,2023,19,Cauca,19318,Guapi,,,TCN_154,RÍO GUAJUÍ,SZH_5304,Río Guapi,,,,,,,,,,,0.0,0.0,0.0,0.0,0.0,0.0,0.0,0.0,130.54173983,0.0,0.0,0.0,130.54173983,130.54174
15000678,2023,19,Cauca,19318,Guapi,,,TCN_158,RIO NAPI,SZH_5304,Río Guapi,,,,,,,,,,,0.0,0.0,0.0,0.0,0.64738732,0.0,0.0,0.0,249.31296904,0.0,0.0,0.64738732,249.31296904,249.960357
15052268,2023,19,Cauca,19318,Guapi,,,TCN_163,RÍO SAN FRANCISCO,SZH_5304,Río Guapi,,,,,,,,,,,0.0,0.0,0.0,0.0,4.70760437,0.0,0.0,0.0,62.0946643,0.00151633,0.0,4.70760437,62.09618064,66.803785
15311142,2023,19,Cauca,19318,Guapi,,,TCN_008,ALTO GUAPI,SZH_5304,Río Guapi,,,,,,,,,,,0.0,0.0,0.0,0.0,0.0,0.0,0.0,0.0,79.24274234,0.0,0.0,0.0,79.24274234,79.242743
15639932,2023,19,Cauca,19392,La Sierra,,,,,SZH_5201,Río Patia Alto,,,,,,,,,,,0.0,0.0,0.0,0.0,8.80932186,0.0,0.0,0.0,0.0,10.9784934,0.0,8.80932186,10.9784934,19.787815
14444584,2023,19,Cauca,19418,López de Micay,,,,,SZH_5307,Río San Juan del Micay,RI_544,Playa Bendita,,,,,,,,,0.0,0.0,0.0,0.0,0.0,0.0,0.0,0.0,0.0,3.6675,0.0,0.0,3.6675,3.6675
15427720,2023,19,Cauca,19418,López de Micay,,,TCN_091,"LA MAMUNCIA, PARTE MEDIA DEL RÍO MICAY",SZH_5307,Río San Juan del Micay,,,,,,,,,,,0.0,0.0,0.0,0.0,0.0,0.0,0.0,158.21220446,0.0,217.69468668,0.0,0.0,375.90689114,375.90689
15482082,2023,19,Cauca,19418,López de Micay,,,TCN_054,EL PLAYON DEL RÍO SIGUÍ,SZH_5307,Río San Juan del Micay,,,,,,,,,,,0.0,0.0,0.0,60.28501745,0.0,0.0,0.0,27.7059399,0.0,244.66026852,0.0,60.28501745,272.36620841,332.651222
15495634,2023,19,Cauca,19418,López de Micay,,,TCN_159,RIO NAYA,SZH_5308,Río Naya - Yurumanguí,,,,,,,,,,,0.0,0.0,3.465,0.0,0.0,0.0,0.0,0.0,0.0,0.0,3.465,0.0,0.0,3.465
15510572,2023,19,Cauca,19418,López de Micay,,,TCN_172,SAN JOC PARTE ALTA DEL RÍO MICAY,SZH_5307,Río San Juan del Micay,,,,,,,,,,,0.0,0.0,0.0,0.0,0.0,0.0,0.0,69.73999841,0.0,175.30195431,0.0,0.0,245.0419527,245.041952
15525356,2023,19,Cauca,19418,López de Micay,,,TCN_069,CONSEJO COMUN INTEGRACIÓN DEL RÍO CHUARE,SZH_5307,Río San Juan del Micay,,,,,,,,,,,0.0,0.0,5.7825,0.0,0.0,0.0,0.0,99.36845372,0.0,119.62622886,5.7825,0.0,218.9946826,224.777182
776006,2023,19,Cauca,19450,Mercaderes,,,,,SZH_5202,Río San Jorge,,,,,,,,,,,0.0,0.0,0.0,0.0,0.0,0.0,0.0,0.0,0.0,18.0583224,0.0,0.0,18.0583224,18.058322
784630,2023,19,Cauca,19450,Mercaderes,ZPDRNR_36,ZONAS DE PROTECCIÓN Y DESARROLLO DE LOS RECURSOS NATURALES RENOVABLES BOSQUES SECOS DEL PAT,,,SZH_5202,Río San Jorge,,,,,,,,,,,0.0,0.0,0.0,0.0,0.0,0.0,0.0,0.0,0.0,51.53332369,0.0,0.0,51.53332369,51.533324
1087240,2023,19,Cauca,19533,Piamonte,,,,,SZH_4401,Alto Caqueta,RI_788,Guayuyaco,,,,,,,,,0.0,0.0,0.0,0.0,0.0,0.0,0.0,0.0,0.0,3.24,0.0,0.0,3.24,3.24
1101100,2023,19,Cauca,19533,Piamonte,,,,,SZH_4401,Alto Caqueta,,,,,,,,,,,0.0,0.0,0.0,0.0,0.0,0.0,0.0,0.0,0.0,118.28315015,0.0,0.0,118.28315015,118.28315
14413784,2023,19,Cauca,19698,Santander de Quilichao,,,,,SZH_2628,Río Quinamayo y otros directos al Cauca,,,,,,,,,,,0.0,0.0,0.0,0.0,0.0,0.0,0.0,43.44775278,0.0,17.60882365,0.0,0.0,61.05657642,61.056577
14495712,2023,19,Cauca,19809,Timbiquí,,,TCN_124,NEGROS UNIDOS,SZH_5304,Río Guapi,,,,,,,,,,,0.0,0.0,0.0,0.0,0.0,0.0,0.0,0.0,1.2937794,0.0,0.0,0.0,1.2937794,1.293779
14511728,2023,19,Cauca,19809,Timbiquí,,,TCN_124,NEGROS UNIDOS,SZH_5305,Río Timbiquí,,,,,,,,,,,0.0,0.0,0.0,0.0,0.0,0.0,0.0,0.0,14.53738113,0.0,0.0,0.0,14.53738113,14.537381
14516656,2023,19,Cauca,19809,Timbiquí,,,TCN_132,PARTE BAJA DEL RÍO SAIJA,SZH_5306,Río Saija,,,,,,,,,,,0.0,0.0,0.0,0.0,0.0,0.0,0.0,0.0,6.48530566,0.0,0.0,0.0,6.48530566,6.485306
14599200,2023,19,Cauca,19809,Timbiquí,,,,,SZH_5306,Río Saija,,,,,,,,,,,0.0,0.0,0.0,0.0,0.0,0.0,0.0,0.0,0.0,0.7875,0.0,0.0,0.7875,0.7875
14601664,2023,19,Cauca,19809,Timbiquí,,,,,SZH_5306,Río Saija,RI_604,Embera - Cholo Del Rio Guangui,,,,,,,,,0.0,0.0,0.0,0.0,0.0,0.0,0.0,0.0,0.0,1.71,0.0,0.0,1.71,1.71
14619220,2023,19,Cauca,19809,Timbiquí,,,TCN_053,EL CUERVAL,SZH_5304,Río Guapi,,,,,,,,,,,0.0,0.0,0.0,0.0,0.0,0.0,0.0,0.0,27.32252256,0.0,0.0,0.0,27.32252256,27.322523
14765982,2023,19,Cauca,19809,Timbiquí,,,TCN_083,LA CUENCA DEL RÍO SAN BERNARDO PATÍA NORTE,SZH_5306,Río Saija,,,,,,,,,,,0.0,0.0,0.0,0.0,0.0,0.0,0.0,0.0,13.36614353,0.58385647,0.0,0.0,13.95,13.95
14884100,2023,19,Cauca,19809,Timbiquí,,,TCN_154,RÍO GUAJUÍ,SZH_5304,Río Guapi,,,,,,,,,,,0.0,0.0,0.0,0.0,0.0,0.0,0.0,0.0,0.31438792,0.0,0.0,0.0,0.31438792,0.314388
14905044,2023,19,Cauca,19809,Timbiquí,,,TCN_131,PARTE ALTA SUR DEL RÍO SAIJA,SZH_5306,Río Saija,,,,,,,,,,,0.0,0.0,0.0,0.0,0.0,0.0,0.0,0.0,247.88332702,0.0,0.0,0.0,247.88332702,247.883329
14996366,2023,19,Cauca,19809,Timbiquí,,,TCN_145,RENACER NEGRO,SZH_5304,Río Guapi,,,,,,,,,,,0.0,0.63174317,0.0,0.0,0.0,0.0,0.0,0.0,0.0,0.0,0.63174317,0.0,0.0,0.631743
14996828,2023,19,Cauca,19809,Timbiquí,,,TCN_145,RENACER NEGRO,SZH_5305,Río Timbiquí,,,,,,,,,,,0.0,771.84938723,0.0,0.0,21.53971056,0.0,24.65899888,0.0,235.51351565,0.0,771.84938723,21.53971056,260.17251453,1053.561612
1924076,2023,23,Córdoba,23068,Ayapel,,,,,SZH_2502,Bajo San Jorge - La Mojana,,,,,SR_001,Complejo Cenagoso de Ayapel,,,,,0.0,0.0,0.0,0.0,0.0,0.0,0.0,0.87646022,0.0,720.17744331,0.0,0.0,721.05390353,721.053902
2180794,2023,23,Córdoba,23068,Ayapel,,,,,SZH_2502,Bajo San Jorge - La Mojana,,,,,,,,,,,0.0,0.0,0.0,0.0,477.90511711,0.0,0.0,652.44347495,0.0,3438.20055351,0.0,477.90511711,4090.64402842,4568.549146
2178946,2023,23,Córdoba,23350,La Apartada,,,,,SZH_2502,Bajo San Jorge - La Mojana,,,,,,,,,,,0.0,0.0,0.0,0.0,0.0,0.0,0.0,0.0,0.0,38.55380787,0.0,0.0,38.55380787,38.553808
1609300,2023,23,Córdoba,23466,Montelíbano,,,,,SZH_2501,Alto San Jorge,,,,,,,,,,,0.0,0.0,0.0,0.0,0.0,0.0,0.0,1.29079704,0.0,39.05978375,0.0,0.0,40.35058079,40.350581
1610994,2023,23,Córdoba,23580,Puerto Libertador,,,,,SZH_2501,Alto San Jorge,,,,,,,,,,,0.0,0.5955642,0.0,0.0,0.0,0.0,0.0,9.14399764,0.0,140.46429067,0.5955642,0.0,149.60828831,150.203852
3094938,2023,23,Córdoba,23682,San José de Uré,,,,,SZH_2501,Alto San Jorge,,,,,,,,,,,0.0,0.0,0.0,0.0,0.0,0.0,0.0,0.0,0.0,225.32851437,0.0,0.0,225.32851437,225.328514
10458448,2023,27,Chocó,27001,Quibdó,,,,,SZH_1104,Río Bebaramá y otros Directos Atrato (md),RI_610,Rio Negua,,,,,,,LEY2_04,Pacifico,0.0,2.13409965,0.0,0.0,0.0,0.0,0.0,3.83331924,14.56560282,48.35933211,2.13409965,0.0,66.75825417,68.892355
10597356,2023,27,Chocó,27001,Quibdó,,,TCN_066,GUAYABAL,SZH_1117,Río Cabi y otros Directos Atrato (md),,,,,,,,,LEY2_04,Pacifico,0.0,0.0,0.0,0.0,0.0,0.0,0.0,0.0,1.02910107,168.171561,0.0,0.0,169.20066207,169.200662
10675280,2023,27,Chocó,27001,Quibdó,,,,,SZH_1104,Río Bebaramá y otros Directos Atrato (md),,,,,,,,,LEY2_04,Pacifico,0.0,0.0,0.0,0.0,0.0,0.0,0.0,0.0,0.0,5.77701428,0.0,0.0,5.77701428,5.777014
10676512,2023,27,Chocó,27001,Quibdó,,,TCN_117,MAYOR DEL MEDIO ATRATO - ACIA,SZH_1104,Río Bebaramá y otros Directos Atrato (md),,,,,,,,,LEY2_04,Pacifico,0.0,205.53428524,0.0,0.0,0.0,0.0,0.0,187.42117203,1272.05624095,7.06883822,205.53428524,0.0,1476.08625121,1681.62053
12609058,2023,27,Chocó,27001,Quibdó,,,TCN_117,MAYOR DEL MEDIO ATRATO - ACIA,SZH_1105,Directos Atrato entre ríos Quito y Bojayá (mi),,,,,,,,,LEY2_04,Pacifico,0.0,0.0,0.0,0.0,0.0,0.0,0.0,0.0,25.27508379,0.0,0.0,0.0,25.27508379,25.275084
12942622,2023,27,Chocó,27001,Quibdó,,,TCN_229,CONSEJO COMUNITARIO SANTO DOMINGO,SZH_1117,Río Cabi y otros Directos Atrato (md),,,,,,,,,LEY2_04,Pacifico,0.0,0.0,0.0,0.0,0.0,0.0,0.0,0.0,0.0,8.02896118,0.0,0.0,8.02896118,8.028961
12963874,2023,27,Chocó,27001,Quibdó,,,,,SZH_1117,Río Cabi y otros Directos Atrato (md),,,,,,,,,LEY2_04,Pacifico,0.0,0.0,0.0,0.0,0.0,0.0,0.0,0.0,0.0,50.59973035,0.0,0.0,50.59973035,50.59973
12979890,2023,27,Chocó,27001,Quibdó,,,,,SZH_1117,Río Cabi y otros Directos Atrato (md),,,,,,,,,,,0.0,0.0,0.0,0.0,0.0,0.0,0.0,0.0,0.0,0.27,0.0,0.0,0.27,0.27
13303598,2023,27,Chocó,27001,Quibdó,,,TCN_117,MAYOR DEL MEDIO ATRATO - ACIA,SZH_1117,Río Cabi y otros Directos Atrato (md),,,,,,,,,LEY2_04,Pacifico,0.0,3.06518982,0.0,0.0,0.0,0.0,0.0,0.0,221.37912227,35.23885856,3.06518982,0.0,256.61798081,259.68317
1181026,2023,27,Chocó,27006,Acandí,,,TCN_078,"CM DE LA CUENCA DEL RÍO ACANDÍ SECO, EL CEDRO Y JUANCHO",SZH_1116,Río Tolo y otros Directos al Caribe,,,RFPN_01,Darién,,,,,,,0.0,0.0,0.0,0.0,0.0,0.0,0.0,0.0,0.0,5.31512477,0.0,0.0,5.31512477,5.315125
1182258,2023,27,Chocó,27006,Acandí,,,TCN_079,LA CUENCA DEL RÍO ACANDÍ ZONA COSTERA NORTE,SZH_1116,Río Tolo y otros Directos al Caribe,,,RFPN_01,Darién,,,,,,,0.0,0.0,0.0,0.0,0.0,0.0,0.0,0.0,0.0,21.86810064,0.0,0.0,21.86810064,21.8681
1185954,2023,27,Chocó,27006,Acandí,,,,,SZH_1116,Río Tolo y otros Directos al Caribe,,,RFPN_01,Darién,,,,,,,0.0,0.0,0.0,0.0,0.0,0.0,0.0,0.0,0.0,2.53927459,0.0,0.0,2.53927459,2.539275
10889956,2023,27,Chocó,27050,Atrato,,,,,SZH_1117,Río Cabi y otros Directos Atrato (md),RI_228,"Playalta, El Veinte Y El Noventa",,,,,,,LEY2_04,Pacifico,0.0,0.0,0.0,0.0,0.0,0.0,0.0,0.0,0.0,2.34,0.0,0.0,2.34,2.34
10972654,2023,27,Chocó,27050,Atrato,,,TCN_170,SAN ISIDRO,SZH_1103,Río Quito,,,,,,,,,LEY2_04,Pacifico,0.0,0.0,0.0,0.0,0.0,0.0,0.0,0.0,5.10558069,2.05221046,0.0,0.0,7.15779115,7.157791
11034716,2023,27,Chocó,27050,Atrato,,,TCN_092,LA MOLANA,SZH_1103,Río Quito,,,,,,,,,LEY2_04,Pacifico,0.0,0.0,0.0,0.0,0.0,0.0,0.0,0.0,1.75483826,37.7965799,0.0,0.0,39.55141816,39.551419
11320848,2023,27,Chocó,27050,Atrato,,,TCN_130,PAIMADO,SZH_1103,Río Quito,,,,,,,,,LEY2_04,Pacifico,0.0,0.0,0.0,0.0,0.0,0.0,0.0,0.0,167.8390357,0.0,0.0,0.0,167.8390357,167.839036
11369358,2023,27,Chocó,27050,Atrato,,,TCN_130,PAIMADO,SZH_1103,Río Quito,,,,,,,,,,,0.0,0.0,0.0,0.0,0.0,0.0,0.0,0.0,40.17316199,30.57471178,0.0,0.0,70.74787376,70.747874
11561242,2023,27,Chocó,27050,Atrato,,,TCN_042,POPULAR DEL ALTO ATRATO - COCOMOPOCA,SZH_1103,Río Quito,,,,,,,,,LEY2_04,Pacifico,0.0,0.0,0.0,0.0,0.0,0.0,0.0,0.0,0.0,146.01992986,0.0,0.0,146.01992986,146.019929
11562474,2023,27,Chocó,27050,Atrato,,,TCN_042,POPULAR DEL ALTO ATRATO - COCOMOPOCA,SZH_1103,Río Quito,,,,,,,,,,,0.0,0.0,0.0,0.0,0.0,0.0,0.0,0.0,1.37375558,324.78648763,0.0,0.0,326.16024321,326.160244
12960024,2023,27,Chocó,27050,Atrato,,,,,SZH_1103,Río Quito,,,,,,,,,LEY2_04,Pacifico,0.0,0.0,0.0,0.0,0.0,0.0,0.0,0.0,0.0,2.69924487,0.0,0.0,2.69924487,2.699245
12960178,2023,27,Chocó,27050,Atrato,,,TCN_229,CONSEJO COMUNITARIO SANTO DOMINGO,SZH_1103,Río Quito,,,,,,,,,LEY2_04,Pacifico,0.0,0.0,0.0,0.0,0.0,0.0,0.0,0.0,0.0,0.8325,0.0,0.0,0.8325,0.8325
12976194,2023,27,Chocó,27050,Atrato,,,TCN_042,POPULAR DEL ALTO ATRATO - COCOMOPOCA,SZH_1117,Río Cabi y otros Directos Atrato (md),,,,,,,,,LEY2_04,Pacifico,0.0,0.43312048,0.0,0.0,0.0,0.0,0.0,0.0,0.0,174.2184568,0.43312048,0.0,174.2184568,174.651577
13319614,2023,27,Chocó,27050,Atrato,,,TCN_117,MAYOR DEL MEDIO ATRATO - ACIA,SZH_1117,Río Cabi y otros Directos Atrato (md),,,,,,,,,LEY2_04,Pacifico,0.0,0.0,0.0,0.0,0.0,0.0,0.0,0.0,108.1347709,22.30464126,0.0,0.0,130.43941215,130.439414
13510112,2023,27,Chocó,27073,Bagadó,,,,,SZH_1101,Río Andagueda,,,,,,,,,,,0.0,0.0,0.0,0.0,0.0,0.0,0.0,3.75494975,0.0,0.0,0.0,0.0,3.75494975,3.75495
13553386,2023,27,Chocó,27073,Bagadó,,,,,SZH_1101,Río Andagueda,RI_036,Andagueda,,,,,,,,,0.0,14.67278435,0.0,0.0,0.0,0.0,0.0,0.0,0.0,0.0226031,14.67278435,0.0,1.71642263,16.389207
13555850,2023,27,Chocó,27073,Bagadó,,,TCN_042,POPULAR DEL ALTO ATRATO - COCOMOPOCA,SZH_1101,Río Andagueda,,,,,,,,,,,0.0,29.26638497,0.0,0.0,0.0,0.0,0.0,195.10809978,0.0,13.32979953,29.26638497,0.0,215.70288849,244.969275
11740960,2023,27,Chocó,27135,El Cantón del San Pablo,,,,,SZH_1103,Río Quito,,,,,,,,,LEY2_04,Pacifico,0.0,0.0,0.0,0.0,0.0,0.0,0.0,0.0,14.67556618,0.0,0.0,0.0,14.67556618,14.675566
11850608,2023,27,Chocó,27135,El Cantón del San Pablo,,,TCN_113,"MAYOR DE UNIÓN PANAMERICANA ""COCO MAUPA""",SZH_1103,Río Quito,,,,,,,,,LEY2_04,Pacifico,0.0,0.0,0.0,0.0,0.0,0.0,0.0,0.0,176.98632777,0.0,0.0,0.0,176.98632777,176.986327
12149676,2023,27,Chocó,27135,El Cantón del San Pablo,,,TCN_116,"MAYOR DEL CANTÓN DE SAN PABLO ""ACISANP""",SZH_1103,Río Quito,,,,,,,,,LEY2_04,Pacifico,0.0,0.0,0.0,0.0,45.76136516,0.0,268.42282258,0.0,5338.15217857,552.88405604,0.0,45.76136516,6159.45905718,6205.220429
11384142,2023,27,Chocó,27160,Cértegui,,,TCN_041,CONSEJO COMUNITARIO INTEGRAL DE LLORO_COCOILLO,SZH_1101,Río Andagueda,,,,,,,,,,,0.0,0.0,0.0,0.0,0.0,0.0,0.0,0.0,0.0,21.58486687,0.0,0.0,21.58486687,21.584866
11542300,2023,27,Chocó,27160,Cértegui,,,TCN_116,"MAYOR DEL CANTÓN DE SAN PABLO ""ACISANP""",SZH_1103,Río Quito,,,,,,,,,LEY2_04,Pacifico,0.0,0.0,0.0,0.0,0.0,0.0,0.0,40.42951395,425.61604897,73.70851066,0.0,0.0,539.75407359,539.754074
11605748,2023,27,Chocó,27160,Cértegui,,,TCN_032,CÉRTEGUI,SZH_1103,Río Quito,,,,,,,,,LEY2_04,Pacifico,0.0,6.30145611,0.0,9.36218459,6.81687993,0.0,0.0,0.0,892.76147529,12.26552543,6.30145611,16.17906452,905.02700072,927.507522
11633930,2023,27,Chocó,27160,Cértegui,,,,,SZH_1103,Río Quito,,,,,,,,,,,0.0,0.0,0.0,0.0,0.0,0.0,0.0,0.0,22.27933803,0.0,0.0,0.0,22.27933803,22.279338
11651178,2023,27,Chocó,27160,Cértegui,,,TCN_042,POPULAR DEL ALTO ATRATO - COCOMOPOCA,SZH_1101,Río Andagueda,,,,,,,,,,,0.0,0.0,0.0,0.0,0.0,0.0,0.0,4.5985203,0.0,111.01469225,0.0,0.0,115.61321255,115.613212
11882640,2023,27,Chocó,27160,Cértegui,,,TCN_032,CÉRTEGUI,SZH_1103,Río Quito,,,,,,,,,,,0.0,2.87370849,0.0,85.07670292,0.0,0.0,0.0,0.0,162.41652805,21.98724241,2.87370849,85.07670292,184.40377044,272.354181
11883872,2023,27,Chocó,27160,Cértegui,,,TCN_113,"MAYOR DE UNIÓN PANAMERICANA ""COCO MAUPA""",SZH_1103,Río Quito,,,,,,,,,,,0.0,0.0,0.0,0.0,2.64252877,0.0,0.0,0.0,0.0,3.16441226,0.0,2.64252877,3.16441226,5.806941
11903584,2023,27,Chocó,27160,Cértegui,,,TCN_114,"MAYOR DEL ALTO SAN JUAN ""ASOCASAN""",SZH_5401,Río San Juan Alto,,,,,,,,,,,0.0,0.0,0.0,0.0,54.53578132,0.0,0.0,0.0,3.93400644,1.50380384,0.0,54.53578132,5.43781028,59.973591
11924990,2023,27,Chocó,27160,Cértegui,,,TCN_114,"MAYOR DEL ALTO SAN JUAN ""ASOCASAN""",SZH_1103,Río Quito,,,,,,,,,,,0.0,0.0,0.0,0.0,0.0,0.0,0.0,0.0,28.08912334,3.08307189,0.0,0.0,31.17219524,31.172195
13005300,2023,27,Chocó,27205,Condoto,,,TCN_118,MAYOR DEL MUNICIPIO DE CONDOTO,SZH_5402,Río Tamaná y otros Directos San Juan,,,,,,,,,,,0.0,303.01230802,0.0,0.0,669.05623531,0.0,0.0,9.35377423,1490.15073014,12.84888678,303.01230802,669.05623531,1541.49213494,2513.560677
12076988,2023,27,Chocó,27361,Istmina,,,TCN_116,"MAYOR DEL CANTÓN DE SAN PABLO ""ACISANP""",SZH_1103,Río Quito,,,,,,,,,LEY2_04,Pacifico,0.0,0.0,0.0,0.0,0.0,0.0,0.0,0.07887168,121.42107053,18.48441123,0.0,0.0,139.98435344,139.984354
12199418,2023,27,Chocó,27361,Istmina,,,,,SZH_5401,Río San Juan Alto,,,,,,,,,LEY2_04,Pacifico,0.0,8.02207777,0.0,0.0,0.0,0.0,0.0,0.0,3.80115005,3.31255935,8.02207777,0.0,7.1137094,15.135787
12213740,2023,27,Chocó,27361,Istmina,,,TCN_113,"MAYOR DE UNIÓN PANAMERICANA ""COCO MAUPA""",SZH_5401,Río San Juan Alto,,,,,,,,,,,0.0,0.0,0.0,0.0,0.0,0.0,0.0,0.0,3.17228136,0.0,0.0,0.0,3.17228136,3.172281
12267794,2023,27,Chocó,27361,Istmina,,,TCN_114,"MAYOR DEL ALTO SAN JUAN ""ASOCASAN""",SZH_5401,Río San Juan Alto,,,,,,,,,,,0.0,0.0,0.0,0.0,0.0,0.0,0.0,0.0,31.52345598,0.0,0.0,0.0,31.52345598,31.523455
12402852,2023,27,Chocó,27361,Istmina,,,TCN_070,ISTMINA Y PARTE DEL MEDIO SAN JUAN,SZH_1103,Río Quito,,,,,,,,,LEY2_04,Pacifico,0.0,4.51466804,0.0,0.0,0.0,0.0,0.0,0.0,2669.5988426,540.97771383,4.51466804,0.0,3210.57655647,3215.091226
12411476,2023,27,Chocó,27361,Istmina,,,TCN_070,ISTMINA Y PARTE DEL MEDIO SAN JUAN,SZH_5401,Río San Juan Alto,,,,,,,,,LEY2_04,Pacifico,0.0,5.58652567,0.0,0.0,0.0,0.0,0.0,0.0,75.3714401,6.47333942,5.58652567,0.0,81.84477952,87.431305
12456598,2023,27,Chocó,27361,Istmina,,,,,SZH_5401,Río San Juan Alto,,,,,,,,,,,0.0,0.03251759,0.0,0.0,0.0,0.0,0.0,0.0,2.74645323,0.78654372,0.03251759,0.0,3.53299695,3.565514
12459062,2023,27,Chocó,27361,Istmina,,,TCN_070,ISTMINA Y PARTE DEL MEDIO SAN JUAN,SZH_5402,Río Tamaná y otros Directos San Juan,,,,,,,,,,,0.0,0.0,0.0,0.0,0.0,0.0,0.0,0.0,2.46211271,0.0,0.0,0.0,2.46211271,2.462113
12460294,2023,27,Chocó,27361,Istmina,,,TCN_070,ISTMINA Y PARTE DEL MEDIO SAN JUAN,SZH_5401,Río San Juan Alto,,,,,,,,,,,0.0,27.96526982,0.0,0.0,0.0,0.0,0.0,0.0,215.80158215,0.67693674,27.96526982,0.0,216.4785189,244.443788
12717474,2023,27,Chocó,27361,Istmina,,,TCN_001,ACADESAN,SZH_5402,Río Tamaná y otros Directos San Juan,,,,,,,,,LEY2_04,Pacifico,0.0,0.0,0.0,0.0,0.0,0.0,0.0,0.0,0.20575524,0.0,0.0,0.0,0.20575524,0.205755
12769834,2023,27,Chocó,27361,Istmina,,,TCN_070,ISTMINA Y PARTE DEL MEDIO SAN JUAN,SZH_5408,Río San Juan Medio,,,,,,,,,LEY2_04,Pacifico,0.0,0.0,0.0,0.0,0.0,0.0,0.0,0.0,1201.24122541,2.586e-05,0.0,0.0,1201.24125127,1201.241251
13885410,2023,27,Chocó,27361,Istmina,,,TCN_001,ACADESAN,SZH_5408,Río San Juan Medio,,,,,,,,,LEY2_04,Pacifico,0.0,0.0,0.0,0.0,0.0,0.0,0.0,0.0,9.2475,0.0,0.0,0.0,9.2475,9.2475
13886796,2023,27,Chocó,27361,Istmina,,,TCN_001,ACADESAN,SZH_5407,Ríos Calima y Bajo San Juan,,,,,,,,,LEY2_04,Pacifico,0.0,0.0,0.0,0.0,0.0,0.0,0.0,0.0,0.08392912,0.0,0.0,0.0,0.08392912,0.083929
13897884,2023,27,Chocó,27361,Istmina,,,TCN_001,ACADESAN,SZH_5405,Río Capoma y otros directos al San Juan,,,,,,,,,LEY2_04,Pacifico,0.0,0.0,0.0,0.0,0.0,0.0,0.0,0.0,27.90607088,0.0,0.0,0.0,27.90607088,27.90607
11154528,2023,27,Chocó,27413,Lloró,,,TCN_042,POPULAR DEL ALTO ATRATO - COCOMOPOCA,SZH_1102,Alto Atrato,,,,,,,,,LEY2_04,Pacifico,0.0,0.0,0.0,0.0,0.0,0.0,0.0,0.0,0.0,50.60646397,0.0,0.0,50.60646397,50.606464
11156992,2023,27,Chocó,27413,Lloró,,,TCN_041,CONSEJO COMUNITARIO INTEGRAL DE LLORO_COCOILLO,SZH_1102,Alto Atrato,,,,,,,,,LEY2_04,Pacifico,0.0,0.0,0.0,0.0,0.0,0.0,0.0,0.0,0.0,63.7888687,0.0,0.0,63.7888687,63.788868
11333168,2023,27,Chocó,27413,Lloró,,,TCN_042,POPULAR DEL ALTO ATRATO - COCOMOPOCA,SZH_1103,Río Quito,,,,,,,,,,,0.0,0.0,0.0,0.0,0.0,0.0,0.0,0.0,0.0,26.05528087,0.0,0.0,26.05528087,26.05528
11347952,2023,27,Chocó,27413,Lloró,,,TCN_041,CONSEJO COMUNITARIO INTEGRAL DE LLORO_COCOILLO,SZH_1117,Río Cabi y otros Directos Atrato (md),,,,,,,,,LEY2_04,Pacifico,0.0,0.0,0.0,0.0,0.0,0.0,0.0,0.0,0.0,142.7475538,0.0,0.0,142.7475538,142.747553
11352880,2023,27,Chocó,27413,Lloró,,,,,SZH_1103,Río Quito,,,,,,,,,,,0.0,0.0,0.0,0.0,0.0,0.0,0.0,0.0,0.0,45.95881719,0.0,0.0,45.95881719,45.958817
11366586,2023,27,Chocó,27413,Lloró,,,TCN_041,CONSEJO COMUNITARIO INTEGRAL DE LLORO_COCOILLO,SZH_1102,Alto Atrato,,,,,,,,,,,0.0,0.0,0.0,0.0,0.0,0.0,0.0,0.0,0.0,18.73509671,0.0,0.0,18.73509671,18.735096
11375518,2023,27,Chocó,27413,Lloró,,,TCN_041,CONSEJO COMUNITARIO INTEGRAL DE LLORO_COCOILLO,SZH_1103,Río Quito,,,,,,,,,,,0.0,0.0,0.0,0.0,0.0,0.0,0.0,0.0,0.0,152.83811715,0.0,0.0,152.83811715,152.838117
11385374,2023,27,Chocó,27413,Lloró,,,,,SZH_1101,Río Andagueda,,,,,,,,,,,0.0,0.0,0.0,0.0,0.0,0.0,0.0,0.0,0.0,18.52410487,0.0,0.0,18.52410487,18.524105
11388146,2023,27,Chocó,27413,Lloró,,,TCN_041,CONSEJO COMUNITARIO INTEGRAL DE LLORO_COCOILLO,SZH_1101,Río Andagueda,,,,,,,,,,,0.0,0.0,0.0,0.0,0.0,0.0,0.0,0.0,0.0,85.00660654,0.0,0.0,85.00660654,85.006606
11394306,2023,27,Chocó,27413,Lloró,,,TCN_042,POPULAR DEL ALTO ATRATO - COCOMOPOCA,SZH_1102,Alto Atrato,,,,,,,,,,,0.0,0.0,0.0,0.0,0.0,0.0,0.0,0.0,0.0,12.32603603,0.0,0.0,12.32603603,12.326036
10135356,2023,27,Chocó,27425,Medio Atrato,,,,,SZH_1104,Río Bebaramá y otros Directos Atrato (md),RI_598,Rio Bebara,,,,,,,LEY2_04,Pacifico,0.0,0.0,0.0,0.0,0.0,0.0,0.0,2.50789199,0.0,1.65305474,0.0,0.0,42.47434588,42.474346
10319848,2023,27,Chocó,27425,Medio Atrato,,,TCN_117,MAYOR DEL MEDIO ATRATO - ACIA,SZH_1104,Río Bebaramá y otros Directos Atrato (md),,,,,,,,,LEY2_04,Pacifico,0.0,0.0,0.0,415.15307773,3.4571589,0.0,0.0,37.06930434,1940.01401424,1.85816391,0.0,418.61023663,1998.78838091,2417.398618
12356036,2023,27,Chocó,27430,Medio Baudó,,,TCN_070,ISTMINA Y PARTE DEL MEDIO SAN JUAN,SZH_5501,Río Baudó,,,,,,,,,LEY2_04,Pacifico,0.0,0.0,0.0,0.0,0.0,0.0,0.0,0.0,1.72941253,0.0,0.0,0.0,1.72941253,1.729413
12357268,2023,27,Chocó,27430,Medio Baudó,,,TCN_160,RÍO PEPE,SZH_5501,Río Baudó,,,,,,,,,LEY2_04,Pacifico,0.0,0.0,0.0,0.0,0.0,0.0,0.0,0.0,2.02636975,7.683e-05,0.0,0.0,2.02644658,2.026447
12440582,2023,27,Chocó,27450,Medio San Juan,,,TCN_070,ISTMINA Y PARTE DEL MEDIO SAN JUAN,SZH_5401,Río San Juan Alto,,,,,,,,,LEY2_04,Pacifico,0.0,0.0,0.0,0.0,0.0,0.0,0.0,0.0,3.5741471,0.0,0.0,0.0,3.5741471,3.574147
12496022,2023,27,Chocó,27450,Medio San Juan,,,TCN_118,MAYOR DEL MUNICIPIO DE CONDOTO,SZH_5402,Río Tamaná y otros Directos San Juan,RI_528,Peñas Del Olvido,,,,,,,,,0.0,7.80371624,0.0,0.0,0.0,0.0,0.0,0.0,0.27378376,0.0,7.80371624,0.0,0.27378376,8.0775
12756898,2023,27,Chocó,27450,Medio San Juan,,,TCN_070,ISTMINA Y PARTE DEL MEDIO SAN JUAN,SZH_5402,Río Tamaná y otros Directos San Juan,,,,,,,,,,,0.0,0.0,0.0,0.0,46.57437917,0.0,0.0,0.0,14.03775632,1.99525877,0.0,46.57437917,16.03301509,62.607394
12773684,2023,27,Chocó,27450,Medio San Juan,,,TCN_118,MAYOR DEL MUNICIPIO DE CONDOTO,SZH_5402,Río Tamaná y otros Directos San Juan,,,,,,,,,,,0.0,0.0,0.0,0.0,45.9880947,0.0,0.0,0.0,2.10904388,12.43947418,0.0,45.9880947,14.54851807,60.536613
13037332,2023,27,Chocó,27450,Medio San Juan,,,TCN_070,ISTMINA Y PARTE DEL MEDIO SAN JUAN,SZH_5408,Río San Juan Medio,,,,,,,,,LEY2_04,Pacifico,0.0,0.0,0.0,0.0,60.30238821,0.0,0.0,0.0,353.75812714,0.0,0.0,60.30238821,353.75812714,414.060517
13084148,2023,27,Chocó,27450,Medio San Juan,,,TCN_112,MAYOR DE NOVITA,SZH_5402,Río Tamaná y otros Directos San Juan,,,,,,,,,LEY2_04,Pacifico,0.0,0.0,0.0,0.0,0.0,0.0,0.0,0.0,0.15107125,0.0,0.0,0.0,0.15107125,0.151071
13085534,2023,27,Chocó,27450,Medio San Juan,,,TCN_112,MAYOR DE NOVITA,SZH_5404,Río Cajón,,,,,,,,,LEY2_04,Pacifico,0.0,0.0,0.0,0.0,0.0,0.0,0.0,0.0,21.59256216,0.0,0.0,0.0,21.59256216,21.592563
13349182,2023,27,Chocó,27450,Medio San Juan,,,TCN_001,ACADESAN,SZH_5408,Río San Juan Medio,,,,,,,,,LEY2_04,Pacifico,0.0,0.0,0.0,0.0,0.0,0.0,0.0,0.0,196.78505836,0.0,0.0,0.0,196.78505836,196.785059
13381830,2023,27,Chocó,27450,Medio San Juan,,,TCN_001,ACADESAN,SZH_5402,Río Tamaná y otros Directos San Juan,,,,,,,,,LEY2_04,Pacifico,0.0,0.0,0.0,0.0,4.3988813,0.0,0.0,0.0,581.24132379,6.95975282,0.0,4.3988813,588.20107661,592.599956
13755126,2023,27,Chocó,27450,Medio San Juan,,,,,SZH_5405,Río Capoma y otros directos al San Juan,RI_560,"Puado, La Lerma, Matare Y Terdo",,,,,,,LEY2_04,Pacifico,0.0,0.0,0.0,0.0,0.0,0.0,0.0,0.0,0.09681691,62.05399081,0.0,0.0,62.15080772,62.150808
13888182,2023,27,Chocó,27450,Medio San Juan,,,TCN_001,ACADESAN,SZH_5405,Río Capoma y otros directos al San Juan,,,,,,,,,LEY2_04,Pacifico,0.0,0.0,0.0,0.0,0.0,0.0,0.0,0.0,18.67500001,5.32323934,0.0,0.0,23.99823935,23.99824
13902812,2023,27,Chocó,27450,Medio San Juan,,,TCN_001,ACADESAN,SZH_5404,Río Cajón,,,,,,,,,LEY2_04,Pacifico,0.0,0.0,0.0,0.0,0.0,0.0,0.0,0.0,233.44321215,0.0,0.0,0.0,233.44321215,233.443211
12920292,2023,27,Chocó,27491,Nóvita,,,TCN_118,MAYOR DEL MUNICIPIO DE CONDOTO,SZH_5402,Río Tamaná y otros Directos San Juan,,,,,,,,,,,0.0,0.0,0.0,0.0,0.0759812,0.0,0.0,0.0,4.76045938,2.56295531,0.0,0.0759812,7.48171642,7.557698
13331164,2023,27,Chocó,27491,Nóvita,,,TCN_112,MAYOR DE NOVITA,SZH_5402,Río Tamaná y otros Directos San Juan,,,,,,,,,,,0.0,0.0,0.0,0.0,22.15592326,0.0,0.0,35.33974807,497.13302686,6.26680901,0.0,22.15592326,569.58360537,591.739528
13432958,2023,27,Chocó,27491,Nóvita,,,TCN_112,MAYOR DE NOVITA,SZH_5404,Río Cajón,,,,,,,,,LEY2_04,Pacifico,0.0,0.0,0.0,0.0,0.0,0.0,0.0,144.88543096,1343.74757478,44.39471186,0.0,0.0,1533.0277176,1533.027709
13481776,2023,27,Chocó,27491,Nóvita,,,TCN_112,MAYOR DE NOVITA,SZH_5402,Río Tamaná y otros Directos San Juan,,,,,,,,,LEY2_04,Pacifico,0.0,0.0,0.0,0.0,0.0,0.0,0.0,0.0,739.35267415,0.0,0.0,0.0,739.35267415,739.352672
13988282,2023,27,Chocó,27491,Nóvita,,,TCN_001,ACADESAN,SZH_5404,Río Cajón,,,,,,,,,LEY2_04,Pacifico,0.0,0.0,0.0,0.0,212.84097607,0.0,0.0,26.93408401,2150.05193634,647.0506866,0.0,212.84097607,2824.03670695,3036.877681
12307988,2023,27,Chocó,27580,Río Iró,,,TCN_114,"MAYOR DEL ALTO SAN JUAN ""ASOCASAN""",SZH_5401,Río San Juan Alto,,,,,,,,,,,0.0,0.0,0.0,0.0,0.0,0.0,0.0,0.0,36.18972915,0.0,0.0,0.0,36.18972915,36.189729
12674046,2023,27,Chocó,27580,Río Iró,,,TCN_118,MAYOR DEL MUNICIPIO DE CONDOTO,SZH_5402,Río Tamaná y otros Directos San Juan,,,,,,,,,,,0.0,15.53186286,0.0,0.0,0.0,0.0,0.0,0.0,396.46777158,0.0,15.53186286,0.0,396.46777158,411.999634
11017006,2023,27,Chocó,27600,Río Quito,,,TCN_042,POPULAR DEL ALTO ATRATO - COCOMOPOCA,SZH_1103,Río Quito,,,,,,,,,LEY2_04,Pacifico,0.0,0.0,0.0,0.0,0.0,0.0,0.0,0.0,0.0,13.89623618,0.0,0.0,13.89623618,13.896236
11464992,2023,27,Chocó,27600,Río Quito,,,TCN_130,PAIMADO,SZH_1103,Río Quito,,,,,,,,,LEY2_04,Pacifico,0.0,0.0,0.0,0.0,5.60004529,0.0,0.0,78.836603,1246.12975917,201.95783144,0.0,5.60004529,1526.9241936,1532.52424
11474848,2023,27,Chocó,27600,Río Quito,,,TCN_116,"MAYOR DEL CANTÓN DE SAN PABLO ""ACISANP""",SZH_1103,Río Quito,,,,,,,,,LEY2_04,Pacifico,0.0,0.0,0.0,0.0,0.0,0.0,0.0,19.60480119,211.7106158,24.63410621,0.0,0.0,255.94952319,255.949524
12627230,2023,27,Chocó,27600,Río Quito,,,TCN_192,VILLA CONTO,SZH_1103,Río Quito,,,,,,,,,LEY2_04,Pacifico,0.0,0.0,0.0,0.0,0.0,0.0,0.0,0.0,977.68513342,39.97440985,0.0,0.0,1017.65954328,1017.659545
12661726,2023,27,Chocó,27600,Río Quito,,,TCN_170,SAN ISIDRO,SZH_1103,Río Quito,,,,,,,,,LEY2_04,Pacifico,0.0,0.0,0.0,0.0,0.0,0.0,0.0,0.0,576.55454033,125.51496532,0.0,0.0,702.06950566,702.069506
12962642,2023,27,Chocó,27600,Río Quito,,,,,SZH_1103,Río Quito,,,,,,,,,LEY2_04,Pacifico,0.0,0.0,0.0,0.0,152.35094559,0.0,0.0,0.0,1126.78254821,5.25796331,0.0,152.35094559,1132.04051152,1284.391458
5615148,2023,27,Chocó,27615,Riosucio,,,,,SZH_1111,Río Sucio,,,,,,,,,,,0.0,0.0,0.0,0.0,0.0,0.0,0.0,0.0,0.0,0.0,0.0,0.0,4.9565338,4.956534
5635014,2023,27,Chocó,27615,Riosucio,,,,,SZH_1110,Río Murindó - Directos al Atrato,,,,,,,,,,,0.0,0.0,0.0,0.0,0.0,0.0,0.0,33.14490105,0.0,0.0,0.0,0.0,33.14490105,33.144901
5671666,2023,27,Chocó,27615,Riosucio,,,TCN_156,RÍO JIGUAMIANDÓ,SZH_1110,Río Murindó - Directos al Atrato,,,,,,,,,,,0.0,0.0,0.0,0.0,0.0,0.0,0.0,106.2354988,0.0,0.45319209,0.0,0.0,106.76285809,106.76286
5675362,2023,27,Chocó,27615,Riosucio,,,,,SZH_1110,Río Murindó - Directos al Atrato,RI_731,Urada Jiguamiando,,,,,,,,,0.0,0.0,0.0,0.0,0.0,0.0,0.0,84.66952199,0.0,0.0,0.0,0.0,84.66952199,84.669522
13652870,2023,27,Chocó,27660,San José del Palmar,,,TCN_112,MAYOR DE NOVITA,SZH_5402,Río Tamaná y otros Directos San Juan,,,,,,,,,,,0.0,0.0,0.0,0.0,0.0,0.0,0.0,0.0,16.21040387,0.0,0.0,0.0,16.21040387,16.210404
14071904,2023,27,Chocó,27660,San José del Palmar,,,TCN_112,MAYOR DE NOVITA,SZH_5402,Río Tamaná y otros Directos San Juan,,,,,,,,,LEY2_04,Pacifico,0.0,0.0,0.0,0.0,0.0,0.0,0.0,0.0,8.921025,0.0,0.0,0.0,8.921025,8.921025
13779458,2023,27,Chocó,27745,Sipí,,,TCN_001,ACADESAN,SZH_5404,Río Cajón,,,,,,,,,LEY2_04,Pacifico,0.0,0.0,0.0,0.0,0.0,0.0,0.0,0.0,15.43783126,0.0,0.0,0.0,15.43783126,15.437831
13856304,2023,27,Chocó,27745,Sipí,,,,,SZH_5403,Río Sipí,,,,,,,,,LEY2_04,Pacifico,0.0,0.0,0.0,0.0,0.0,0.0,0.0,0.0,30.92312136,34.60847032,0.0,0.0,65.53159169,65.531591
13895882,2023,27,Chocó,27745,Sipí,,,TCN_001,ACADESAN,SZH_5403,Río Sipí,,,,,,,,,LEY2_04,Pacifico,0.0,77.47662783,0.0,0.0,0.0,0.0,0.0,0.0,481.47829971,2.83252602,77.47662783,0.0,484.31082571,561.787452
11920062,2023,27,Chocó,27787,Tadó,,,,,SZH_5401,Río San Juan Alto,,,,,,,,,,,0.0,10.31556436,0.0,2.88060506,10.60364377,0.0,0.0,0.0,20.06683009,0.0,10.31556436,13.48424883,20.06683009,43.866642
12229756,2023,27,Chocó,27787,Tadó,,,TCN_070,ISTMINA Y PARTE DEL MEDIO SAN JUAN,SZH_5401,Río San Juan Alto,,,,,,,,,,,0.0,0.0,0.0,0.0,0.0,0.0,0.0,0.0,13.23178165,2.44394081,0.0,0.0,15.67572246,15.675722
13598662,2023,27,Chocó,27787,Tadó,,,,,SZH_5401,Río San Juan Alto,RI_451,Mondo Mondocito,,,,,,,,,0.0,0.0,0.0,0.0,0.0,0.0,0.0,3.7125,0.0,0.0,0.0,0.0,3.7125,3.7125
13607286,2023,27,Chocó,27787,Tadó,,,TCN_114,"MAYOR DEL ALTO SAN JUAN ""ASOCASAN""",SZH_5401,Río San Juan Alto,,,,,,,,,,,0.0,1.54411032,0.0,66.41538505,40.30185533,0.0,0.0,2.475,520.77855383,9.84831833,1.54411032,106.71724038,533.10187216,641.363224
1571878,2023,27,Chocó,27800,Unguía,,,,,SZH_1115,Río Tanela y otros Directos al Atrato,,,,,,,,,,,0.0,0.0,0.0,0.0,0.0,0.0,0.0,41.60952421,0.0,18.16959869,0.0,0.0,59.7791229,59.779124
11603284,2023,27,Chocó,27810,Unión Panamericana,,,TCN_032,CÉRTEGUI,SZH_1103,Río Quito,,,,,,,,,LEY2_04,Pacifico,0.0,0.0,0.0,0.0,4.10271834,0.0,0.0,0.0,310.45905034,47.69165819,0.0,4.10271834,358.15070853,362.253425
11823504,2023,27,Chocó,27810,Unión Panamericana,,,TCN_116,"MAYOR DEL CANTÓN DE SAN PABLO ""ACISANP""",SZH_1103,Río Quito,,,,,,,,,LEY2_04,Pacifico,0.0,0.0,0.0,0.0,47.18672775,0.0,0.0,0.0,51.64817603,16.14074687,0.0,47.18672775,67.78892291,114.975651
11856768,2023,27,Chocó,27810,Unión Panamericana,,,,,SZH_1103,Río Quito,,,,,,,,,LEY2_04,Pacifico,0.0,0.0,0.0,0.0,1.88267224,0.0,0.0,0.0,0.34046241,0.0,0.0,1.88267224,0.34046241,2.223135
11875248,2023,27,Chocó,27810,Unión Panamericana,,,,,SZH_1103,Río Quito,,,,,,,,,,,0.0,0.0,0.0,0.0,3.26399817,0.0,0.0,0.0,2.84368873,0.0,0.0,3.26399817,2.84368873,6.107687
12165692,2023,27,Chocó,27810,Unión Panamericana,,,TCN_113,"MAYOR DE UNIÓN PANAMERICANA ""COCO MAUPA""",SZH_1103,Río Quito,,,,,,,,,LEY2_04,Pacifico,0.0,24.22993022,0.0,0.0,192.92048067,0.0,0.0,0.0,656.45319243,153.51025313,24.22993022,192.92048067,809.96344556,1027.113859
12190332,2023,27,Chocó,27810,Unión Panamericana,,,TCN_113,"MAYOR DE UNIÓN PANAMERICANA ""COCO MAUPA""",SZH_1103,Río Quito,,,,,,,,,,,0.0,70.95352643,0.0,0.0,258.7449632,0.0,0.0,0.0,375.76060386,7.95937479,70.95352643,258.7449632,383.71997866,713.418467
12211276,2023,27,Chocó,27810,Unión Panamericana,,,TCN_113,"MAYOR DE UNIÓN PANAMERICANA ""COCO MAUPA""",SZH_5401,Río San Juan Alto,,,,,,,,,LEY2_04,Pacifico,0.0,44.50322854,0.0,0.0,0.0,0.0,0.0,0.0,3.721343,3.13911827,44.50322854,0.0,6.86046128,51.36369
12245156,2023,27,Chocó,27810,Unión Panamericana,,,TCN_113,"MAYOR DE UNIÓN PANAMERICANA ""COCO MAUPA""",SZH_5401,Río San Juan Alto,,,,,,,,,,,0.0,152.55681086,0.0,0.0,326.95642149,0.0,0.0,0.0,243.38085634,3.03759019,152.55681086,326.95642149,246.41844653,725.931677
9853690,2023,44,La Guajira,44090,Dibulla,ZPDRNR_32,PNN SIERRA NEVADA,,,SZH_1503,Río Ancho y Otros Directos al caribe,,,,,,,,,,,0.0,0.0,0.0,0.0,0.0,0.0,0.0,0.0,0.0,4.53590022,0.0,0.0,4.53590022,4.5359
9853998,2023,44,La Guajira,44090,Dibulla,,,,,SZH_1503,Río Ancho y Otros Directos al caribe,,,,,,,,,,,0.0,0.0,0.0,0.0,0.0,0.0,0.0,0.0,0.0,0.07659978,0.0,0.0,0.07659978,0.0766
68530,2023,52,Nariño,52079,Barbacoas,,,TCN_068,INTEGRACIÓN DE TELEMBÍ,SZH_5207,Río Patia Medio,,,,,,,,,LEY2_04,Pacifico,0.0,0.0,0.0,0.0,0.0,0.0,0.0,1.76e-06,18.58857427,0.14863992,0.0,0.0,18.73721596,18.737216
141218,2023,52,Nariño,52079,Barbacoas,,,TCN_068,INTEGRACIÓN DE TELEMBÍ,SZH_5206,Río Telembí,,,,,,,,,LEY2_04,Pacifico,0.0,0.0,0.0,0.0,2.54566127,0.0,0.0,2.26e-06,238.93288377,3.19e-06,0.0,2.54566127,238.93288922,241.47855
181566,2023,52,Nariño,52079,Barbacoas,,,TCN_087,LA GRAN MINGA DE LOS RÍOS INGUAMBÍ Y ALBÍ,SZH_5206,Río Telembí,,,,,,,,,LEY2_04,Pacifico,0.0,0.0,0.0,0.0,0.0,0.0,0.0,0.0,60.18285002,0.00035598,0.0,0.0,60.183206,60.183206
384846,2023,52,Nariño,52079,Barbacoas,,,TCN_073,LA AMISTAD,SZH_5206,Río Telembí,,,,,,,,,LEY2_04,Pacifico,0.0,0.0,0.0,0.0,0.0,0.0,0.0,0.0,5.85634318,0.0,0.0,0.0,5.85634318,5.856343
469238,2023,52,Nariño,52079,Barbacoas,,,TCN_052,EL BIEN DEL FUTURO,SZH_5206,Río Telembí,,,,,,,,,LEY2_04,Pacifico,0.0,0.0,0.0,0.0,34.87266815,0.0,0.0,0.0,98.91546458,1.43160767,0.0,34.87266815,100.34707225,135.21974
509432,2023,52,Nariño,52079,Barbacoas,,,TCN_146,RENACER TELEMBÍ,SZH_5206,Río Telembí,,,,,,,,,LEY2_04,Pacifico,0.0,0.0,0.0,0.0,20.04339708,0.0,0.0,0.0,58.79030364,1.27554823,0.0,20.04339708,60.06585188,80.109248
564718,2023,52,Nariño,52079,Barbacoas,,,TCN_125,NUEVA ALIANZA,SZH_5206,Río Telembí,,,,,,,,,LEY2_04,Pacifico,0.0,0.0,0.0,0.0,29.2699024,0.0,0.0,0.0,212.00350779,122.96790601,0.0,29.2699024,334.9714138,364.241317
686994,2023,52,Nariño,52079,Barbacoas,,,TCN_006,ALEJANDRO RINCON DEL RIO ÑAMBÌ,SZH_5206,Río Telembí,,,,,,,,,LEY2_04,Pacifico,0.0,0.0,0.0,0.0,0.0,0.0,0.0,0.0,2.53196566,11.79184142,0.0,0.0,14.32380708,14.323807
698390,2023,52,Nariño,52079,Barbacoas,,,TCN_023,BRISAS DEL ALTO TELEMBÍ,SZH_5206,Río Telembí,,,,,,,,,LEY2_04,Pacifico,0.0,0.0,0.0,0.0,2.47053799,0.0,0.0,4.75785302,3.52155876,36.55163349,0.0,2.47053799,44.83104527,47.301584
705782,2023,52,Nariño,52079,Barbacoas,,,,,SZH_5206,Río Telembí,RI_496,Resguardo Indígena Awa de Nunalbi Alto Ulbi,,,,,,,LEY2_04,Pacifico,0.0,0.0,0.0,0.0,0.0,0.0,0.0,0.0,0.0,3.23878694,0.0,0.0,3.23878694,3.238787
709478,2023,52,Nariño,52079,Barbacoas,,,TCN_184,BAJO RÍO GUELMAMBÍ,SZH_5206,Río Telembí,,,,,,,,,LEY2_04,Pacifico,0.0,0.0,0.0,0.0,19.63660443,0.0,0.0,0.0,368.31573177,4.26423396,0.0,19.63660443,372.57996574,392.21657
713174,2023,52,Nariño,52079,Barbacoas,,,TCN_110,MANOS UNIDAS DEL SOCORRO,SZH_5206,Río Telembí,,,,,,,,,LEY2_04,Pacifico,0.0,0.0,0.0,0.0,27.68584853,0.0,0.0,0.0,132.64726741,1.94641456,0.0,27.68584853,134.59368197,162.27953
727958,2023,52,Nariño,52079,Barbacoas,,,TCN_088,LA GRAN UNIÓN DEL RIO TELPÍ,SZH_5206,Río Telembí,,,,,,,,,LEY2_04,Pacifico,0.0,0.0,0.0,0.0,25.83688812,0.0,0.0,0.0,0.0,122.83611325,0.0,25.83688812,122.83611325,148.673
731038,2023,52,Nariño,52079,Barbacoas,,,,,SZH_5206,Río Telembí,RI_542,"Pipalta, Palbi, Yaguapi",,,,,,,LEY2_04,Pacifico,0.0,0.0,0.0,0.0,0.0,0.0,0.0,0.0,0.0,13.87109951,0.0,0.0,13.87109951,13.8711
737968,2023,52,Nariño,52079,Barbacoas,,,,,SZH_5206,Río Telembí,,,,,,,,,LEY2_04,Pacifico,0.0,0.0,0.0,0.0,4.29984154,0.0,0.0,0.0,12.47565692,32.41296779,0.0,4.29984154,44.8886247,49.188466
739200,2023,52,Nariño,52079,Barbacoas,,,TCN_239,,SZH_5206,Río Telembí,,,,,,,,,LEY2_04,Pacifico,0.0,0.0,0.0,0.0,0.0,0.0,0.0,0.0,5.1935567,41.24128257,0.0,0.0,46.43483926,46.43484
745360,2023,52,Nariño,52079,Barbacoas,,,TCN_198,RENACER CAMPESINO,SZH_5206,Río Telembí,,,,,,,,,LEY2_04,Pacifico,0.0,0.0,0.0,0.0,0.0,0.0,0.0,0.0,0.0,23.93308782,0.0,0.0,23.93308782,23.933087
762608,2023,52,Nariño,52079,Barbacoas,,,,,SZH_5206,Río Telembí,RI_720,"Tronqueria, Pulgande Y Palicito",,,,,,,LEY2_04,Pacifico,0.0,0.0,0.0,0.0,0.0,0.0,0.0,0.0,0.0,11.025,0.0,0.0,11.025,11.025
601524,2023,52,Nariño,52250,El Charco,,,TCN_141,PRO-DEFENSA DEL RÍO TAPAJE,SZH_5303,Río Iscuandé,,,,,,,,,LEY2_04,Pacifico,0.0,0.0,0.0,0.0,0.0,0.0,0.0,0.0,205.36003252,27.51046059,0.0,0.0,232.87049309,232.870494
767382,2023,52,Nariño,52250,El Charco,,,TCN_076,CORDILLERA OCCIDENTAL DE NARIÑO COPDICONC,SZH_5303,Río Iscuandé,,,,,,,,,LEY2_04,Pacifico,0.0,0.0,0.0,0.0,0.0,0.0,0.0,0.0,11.79780205,0.0,0.0,0.0,11.79780205,11.797802
15158374,2023,52,Nariño,52250,El Charco,,,TCN_080,LA CUENCA DEL RÍO ISCUANDÉ,SZH_5302,Río Tapaje,,,,,,,,,LEY2_04,Pacifico,0.0,0.0,0.0,0.0,0.0,0.0,0.0,0.0,0.08733395,14.83370076,0.0,0.0,14.92103471,14.921035
15240302,2023,52,Nariño,52250,El Charco,,,TCN_141,PRO-DEFENSA DEL RÍO TAPAJE,SZH_5302,Río Tapaje,,,,,,,,,LEY2_04,Pacifico,0.0,0.0,0.0,0.0,0.38550935,0.0,0.0,0.0,96.70610032,8.99988177,0.0,0.38550935,105.70598209,106.091491
697004,2023,52,Nariño,52385,La Llanada,,,TCN_023,BRISAS DEL ALTO TELEMBÍ,SZH_5206,Río Telembí,,,,,,,,,LEY2_04,Pacifico,0.0,0.0,0.0,0.0,0.0,0.0,0.0,3.2175,0.0,0.0,0.0,0.0,3.2175,3.2175
703318,2023,52,Nariño,52385,La Llanada,,,,,SZH_5206,Río Telembí,,,,,,,,,LEY2_04,Pacifico,0.0,0.0,0.0,0.0,0.0,0.0,0.0,12.1299713,0.0,6.64113584,0.0,0.0,18.77110714,18.771107
701162,2023,52,Nariño,52418,Los Andes,,,TCN_023,BRISAS DEL ALTO TELEMBÍ,SZH_5206,Río Telembí,,,,,,,,,LEY2_04,Pacifico,0.0,0.0,0.0,0.0,0.0,0.0,0.0,2.73466091,0.0,81.38107451,0.0,0.0,84.11573541,84.115737
702856,2023,52,Nariño,52418,Los Andes,,,,,SZH_5206,Río Telembí,,,,,,,,,LEY2_04,Pacifico,0.0,0.0,0.0,0.0,0.0,0.0,0.0,55.89,0.0,0.0,0.0,0.0,55.89,55.89
72226,2023,52,Nariño,52427,Magüí,,,TCN_068,INTEGRACIÓN DE TELEMBÍ,SZH_5207,Río Patia Medio,,,,,,,,,LEY2_04,Pacifico,0.0,0.0,0.0,0.0,0.0,0.0,0.0,15.78442228,54.59641418,0.12895506,0.0,0.0,70.50979152,70.509791
112728,2023,52,Nariño,52427,Magüí,,,TCN_068,INTEGRACIÓN DE TELEMBÍ,SZH_5206,Río Telembí,,,,,,,,,LEY2_04,Pacifico,0.0,0.0,0.0,0.0,0.0,0.0,0.0,1.325e-05,197.33014664,0.00017983,0.0,0.0,197.33033973,197.330341
244706,2023,52,Nariño,52427,Magüí,,,TCN_109,MANOS AMIGAS DEL PATÍA GRANDE,SZH_5303,Río Iscuandé,,,,,,,,,LEY2_04,Pacifico,0.0,0.0,0.0,0.0,0.0,0.0,0.0,0.0,42.62096509,0.0,0.0,0.0,42.62096509,42.620965
289212,2023,52,Nariño,52427,Magüí,,,TCN_109,MANOS AMIGAS DEL PATÍA GRANDE,SZH_5207,Río Patia Medio,,,,,,,,,LEY2_04,Pacifico,0.0,0.0,0.0,0.0,0.0,0.0,0.0,0.0,26.3475,0.0,0.0,0.0,26.3475,26.3475
339108,2023,52,Nariño,52427,Magüí,,,TCN_098,LA VOZ DE LOS NEGROS,SZH_5206,Río Telembí,,,,,,,,,LEY2_04,Pacifico,0.0,0.0,0.0,0.0,0.0,0.0,0.0,0.0,34.89432986,4.36e-06,0.0,0.0,34.89433423,34.894334
374528,2023,52,Nariño,52427,Magüí,,,TCN_098,LA VOZ DE LOS NEGROS,SZH_5207,Río Patia Medio,,,,,,,,,LEY2_04,Pacifico,0.0,408.88860515,0.0,0.0,0.0,0.0,0.0,0.0,422.59013611,13.60875663,408.88860515,0.0,436.19889276,845.0875
384538,2023,52,Nariño,52427,Magüí,,,TCN_073,LA AMISTAD,SZH_5206,Río Telembí,,,,,,,,,LEY2_04,Pacifico,0.0,0.0,0.0,0.0,0.0,0.0,0.0,0.0,1.60397176,0.0,0.0,0.0,1.60397176,1.603972
385308,2023,52,Nariño,52427,Magüí,,,TCN_073,LA AMISTAD,SZH_5207,Río Patia Medio,,,,,,,,,LEY2_04,Pacifico,0.0,0.0,0.0,0.0,0.0,0.0,0.0,0.0,22.0725,0.0,0.0,0.0,22.0725,22.0725
393624,2023,52,Nariño,52427,Magüí,,,TCN_109,MANOS AMIGAS DEL PATÍA GRANDE,SZH_5302,Río Tapaje,,,,,,,,,LEY2_04,Pacifico,0.0,0.0,0.0,0.0,0.0,0.0,0.0,0.0,0.14380975,0.0,0.0,0.0,0.14380975,0.14381
398552,2023,52,Nariño,52427,Magüí,,,,,SZH_5207,Río Patia Medio,,,,,,,,,LEY2_04,Pacifico,0.0,76.22396392,0.0,0.0,0.0,0.0,0.0,40.77855683,69.14940322,115.95257477,76.22396392,0.0,225.88053483,302.1045
419342,2023,52,Nariño,52427,Magüí,,,TCN_052,EL BIEN DEL FUTURO,SZH_5207,Río Patia Medio,,,,,,,,,LEY2_04,Pacifico,0.0,0.0,0.0,0.0,0.0,0.0,0.0,17.89957959,44.22415697,0.0,0.0,0.0,62.12373656,62.123736
420574,2023,52,Nariño,52427,Magüí,,,TCN_146,RENACER TELEMBÍ,SZH_5207,Río Patia Medio,,,,,,,,,LEY2_04,Pacifico,0.0,0.0,0.0,0.0,0.0,0.0,0.0,1.03979323,109.98351695,5.91483451,0.0,0.0,116.9381447,116.938145
15238762,2023,52,Nariño,52427,Magüí,,,TCN_141,PRO-DEFENSA DEL RÍO TAPAJE,SZH_5302,Río Tapaje,,,,,,,,,LEY2_04,Pacifico,0.0,0.0,0.0,0.0,9.31026824,0.0,0.0,0.0,5.14797824,0.0,0.0,9.31026824,5.14797824,14.458246
46816,2023,52,Nariño,52621,Roberto Payán,,,TCN_003,AGRICULTORES DEL PATÍA GRANDE,SZH_5209,Río Patia Bajo,,,,,,,,,LEY2_04,Pacifico,0.0,0.0,0.0,0.0,0.0,0.0,0.0,0.0,0.0,73.215,0.0,0.0,73.215,73.215
93016,2023,52,Nariño,52621,Roberto Payán,,,,,SZH_5206,Río Telembí,,,,,,,,,LEY2_04,Pacifico,0.0,0.0,0.0,0.0,0.0,0.0,0.0,0.0,0.0,2.205,0.0,0.0,2.205,2.205
113960,2023,52,Nariño,52621,Roberto Payán,,,TCN_068,INTEGRACIÓN DE TELEMBÍ,SZH_5206,Río Telembí,,,,,,,,,LEY2_04,Pacifico,0.0,0.0,0.0,0.0,0.0,0.0,0.0,0.0,54.06871517,1.65815893,0.0,0.0,55.7268741,55.726874
120274,2023,52,Nariño,52621,Roberto Payán,,,TCN_185,UNIÓN DE CUENCAS DE ISAGUALPI,SZH_5206,Río Telembí,,,,,,,,,,,0.0,0.0,0.0,0.0,2.57845147,0.0,0.0,0.0,6.3225,0.0,0.0,2.57845147,6.3225,8.900951
158928,2023,52,Nariño,52621,Roberto Payán,,,TCN_087,LA GRAN MINGA DE LOS RÍOS INGUAMBÍ Y ALBÍ,SZH_5206,Río Telembí,,,,,,,,,LEY2_04,Pacifico,0.0,0.0,0.0,0.0,0.0,0.0,0.0,0.0,53.55548305,0.0,0.0,0.0,53.55548305,53.555484
160160,2023,52,Nariño,52621,Roberto Payán,,,TCN_185,UNIÓN DE CUENCAS DE ISAGUALPI,SZH_5206,Río Telembí,,,,,,,,,LEY2_04,Pacifico,0.0,0.0,0.0,0.0,2.12404853,0.0,0.0,0.0,7.4475,0.0,0.0,2.12404853,7.4475,9.571549
15333010,2023,52,Nariño,52696,Santa Bárbara,,,TCN_080,LA CUENCA DEL RÍO ISCUANDÉ,SZH_5303,Río Iscuandé,,,,,,,,,LEY2_04,Pacifico,0.0,0.0,0.0,0.0,36.62214211,0.0,0.0,0.0,3.73174232,243.30665664,0.0,36.62214211,434.21502007,470.837163
154000,2023,52,Nariño,52835,San Andrés de Tumaco,,,TCN_087,LA GRAN MINGA DE LOS RÍOS INGUAMBÍ Y ALBÍ,SZH_5206,Río Telembí,,,,,,,,,LEY2_04,Pacifico,0.0,0.0,0.0,0.0,0.0,0.0,0.0,0.0,13.55099047,0.0,0.0,0.0,13.55099047,13.55099
191730,2023,52,Nariño,52835,San Andrés de Tumaco,,,TCN_185,UNIÓN DE CUENCAS DE ISAGUALPI,SZH_5206,Río Telembí,,,,,,,,,LEY2_04,Pacifico,0.0,0.0,0.0,0.0,0.0,0.0,0.0,0.0,18.63954951,0.0,0.0,0.0,18.63954951,18.639549
198198,2023,52,Nariño,52835,San Andrés de Tumaco,,,TCN_110,MANOS UNIDAS DEL SOCORRO,SZH_5206,Río Telembí,,,,,,,,,LEY2_04,Pacifico,0.0,0.0,0.0,0.0,0.0,0.0,0.0,0.0,65.04404949,0.00013145,0.0,0.0,65.04418093,65.04418
14427182,2023,73,Tolima,73067,Ataco,,,,,SZH_2203,Medio Saldaña,,,,,,,,,,,0.0,16.75124227,0.0,0.0,0.0,0.0,0.0,0.0,0.0,0.36,16.75124227,0.0,0.36,17.111242
14427798,2023,73,Tolima,73168,Chaparral,,,,,SZH_2203,Medio Saldaña,,,,,,,,,,,0.0,4.62375772,0.0,0.0,0.0,0.0,0.0,2.61629045,0.0,1.20870954,4.62375772,0.0,3.825,8.448758
14430262,2023,73,Tolima,73217,Coyaima,,,,,SZH_2208,Bajo Saldaña,,,,,,,,,,,0.0,28.08180911,0.0,0.0,0.0,0.0,0.0,2.68224422,0.0,0.39888134,28.08180911,0.0,3.08112556,31.162935
14041412,2023,76,Valle Del Cauca,76109,Buenaventura,,,TCN_075,LA BREA,SZH_5407,Ríos Calima y Bajo San Juan,,,,,,,,,LEY2_04,Pacifico,0.0,0.0,0.0,0.0,0.0,0.0,0.0,0.0,1.45536524,39.55980156,0.0,0.0,41.0151668,41.015167
14046340,2023,76,Valle Del Cauca,76109,Buenaventura,,,,,SZH_5407,Ríos Calima y Bajo San Juan,RI_141,Chonara Huena,,,,,,,LEY2_04,Pacifico,0.0,0.0,0.0,0.0,0.0,0.0,0.0,5.32889366,2.2356227,0.0,0.0,0.0,7.56451636,7.564516
14127344,2023,76,Valle Del Cauca,76109,Buenaventura,,,TCN_179,TAPARAL,SZH_5310,Río Anchicayá,,,RFPN_02,Río Anchicayá,,,,,LEY2_04,Pacifico,0.0,0.0,0.0,0.0,0.0,0.0,0.0,0.0,0.0,20.49020931,0.0,0.0,20.49020931,20.49021
14145824,2023,76,Valle Del Cauca,76109,Buenaventura,,,TCN_166,SABALETAS,SZH_5310,Río Anchicayá,,,RFPN_02,Río Anchicayá,,,,,LEY2_04,Pacifico,0.0,0.0,0.0,0.0,0.0,0.0,0.0,0.0,12.07784711,0.04965288,0.0,0.0,12.1275,12.1275
14149520,2023,76,Valle Del Cauca,76109,Buenaventura,,,TCN_120,MAYOR DEL RÍO ANCHICAYA,SZH_5310,Río Anchicayá,,,RFPN_02,Río Anchicayá,,,,,LEY2_04,Pacifico,0.0,0.0,0.0,0.0,0.0,0.0,0.0,0.0,0.0,59.13299484,0.0,0.0,59.13299484,59.132995
14150752,2023,76,Valle Del Cauca,76109,Buenaventura,,,TCN_100,LIMONES,SZH_5310,Río Anchicayá,,,RFPN_02,Río Anchicayá,,,,,LEY2_04,Pacifico,0.0,0.0,0.0,0.0,0.0,0.0,0.0,0.0,4.68468798,0.01781202,0.0,0.0,4.7025,4.7025
14151984,2023,76,Valle Del Cauca,76109,Buenaventura,,,TCN_063,GUAIMÍA,SZH_5310,Río Anchicayá,,,RFPN_02,Río Anchicayá,,,,,LEY2_04,Pacifico,0.0,0.0,0.0,0.0,0.0,0.0,0.0,0.0,4.87570214,0.16429786,0.0,0.0,5.04,5.04
14158298,2023,76,Valle Del Cauca,76109,Buenaventura,,,TCN_173,SAN MARCOS,SZH_5310,Río Anchicayá,,,RFPN_02,Río Anchicayá,,,,,LEY2_04,Pacifico,0.0,0.0,0.0,0.0,0.0,0.0,0.0,0.0,9.63,0.0,0.0,0.0,9.63,9.63
14184170,2023,76,Valle Del Cauca,76109,Buenaventura,,,TCN_101,LLANO BAJO,SZH_5310,Río Anchicayá,,,RFPN_02,Río Anchicayá,,,,,LEY2_04,Pacifico,0.0,0.0,0.0,0.0,0.0,0.0,0.0,0.0,8.68500001,0.0,0.0,0.0,8.68500001,8.685
14185402,2023,76,Valle Del Cauca,76109,Buenaventura,,,TCN_004,AGUA CLARA,SZH_5310,Río Anchicayá,,,RFPN_02,Río Anchicayá,,,,,LEY2_04,Pacifico,0.0,0.0,0.0,0.0,0.0,0.0,0.0,0.0,2.115,0.0,0.0,0.0,2.115,2.115
14214046,2023,76,Valle Del Cauca,76109,Buenaventura,,,TCN_121,MAYORQUÍN Y PAPAYAL,SZH_5309,Ríos Cajambre - Mayorquín - Raposo,,,,,,,,,LEY2_04,Pacifico,0.0,0.0,0.0,0.0,0.0,0.0,0.0,0.0,0.0,26.00324636,0.0,0.0,26.00324636,26.003247
14222978,2023,76,Valle Del Cauca,76109,Buenaventura,,,TCN_162,RÍO RAPOSO,SZH_5309,Ríos Cajambre - Mayorquín - Raposo,,,,,,,,,LEY2_04,Pacifico,0.0,0.0,0.0,0.0,0.0,0.0,0.0,0.0,38.05460336,0.0,0.0,0.0,38.05460336,38.054603
14225596,2023,76,Valle Del Cauca,76109,Buenaventura,,,,,SZH_5309,Ríos Cajambre - Mayorquín - Raposo,,,,,,,,,LEY2_04,Pacifico,0.0,0.0,0.0,0.0,0.0,0.0,0.0,0.0,3.8149737,3.01792294,0.0,0.0,6.83289664,6.832897
14230216,2023,76,Valle Del Cauca,76109,Buenaventura,,,TCN_234,,SZH_5311,Dagua - Buenaventura - Bahia Málaga,,,,,,,,,,,0.0,0.0,0.0,0.0,0.0,0.0,0.0,0.0,0.0,4.13604153,0.0,0.0,4.13604153,4.136042
14234220,2023,76,Valle Del Cauca,76109,Buenaventura,,,TCN_026,CAMPO HERMOSO,SZH_5311,Dagua - Buenaventura - Bahia Málaga,,,,,,,,,LEY2_04,Pacifico,0.0,0.0,0.0,0.0,0.0,0.0,0.0,0.0,1.11409796,0.01371185,0.0,0.0,1.12780981,1.12781
14238224,2023,76,Valle Del Cauca,76109,Buenaventura,,,TCN_196,ZACARIAS RÍO DAGUA,SZH_5311,Dagua - Buenaventura - Bahia Málaga,,,,,,,,,LEY2_04,Pacifico,0.0,0.0,0.0,0.0,0.0,0.0,0.0,0.0,8.22465629,4.40652788,0.0,0.0,12.63118417,12.631184
14272566,2023,76,Valle Del Cauca,76109,Buenaventura,,,TCN_043,CORDOBA Y SAN CIPRIANO,SZH_5407,Ríos Calima y Bajo San Juan,,,,,,,,,LEY2_04,Pacifico,0.0,0.0,0.0,0.0,0.0,0.0,0.0,0.0,0.58747634,0.0,0.0,0.0,0.58747634,0.587476
14276878,2023,76,Valle Del Cauca,76109,Buenaventura,,,TCN_085,LA ESPERANZA,SZH_5407,Ríos Calima y Bajo San Juan,,,,,,,,,LEY2_04,Pacifico,0.0,0.0,0.0,0.0,0.0,0.0,0.0,0.25234914,0.0,0.0,0.0,0.0,0.25234914,0.252349
14282114,2023,76,Valle Del Cauca,76109,Buenaventura,,,TCN_043,CORDOBA Y SAN CIPRIANO,SZH_5311,Dagua - Buenaventura - Bahia Málaga,,,,,,,,,LEY2_04,Pacifico,0.0,0.0,0.0,0.0,0.0,0.0,0.0,0.0,2.51611808,1.27430721,0.0,0.0,3.79042529,3.790425
14333396,2023,76,Valle Del Cauca,76109,Buenaventura,,,TCN_151,CUENCA BAJA DEL RÍO CALIMA,SZH_5407,Ríos Calima y Bajo San Juan,,,,,,,,,LEY2_04,Pacifico,0.0,0.0,0.0,0.0,0.0,0.0,0.0,0.0,142.27683847,0.87793056,0.0,0.0,143.15476903,143.154771
14335860,2023,76,Valle Del Cauca,76109,Buenaventura,,,TCN_240,,SZH_5311,Dagua - Buenaventura - Bahia Málaga,,,,,,,,,LEY2_04,Pacifico,0.0,0.0,0.0,0.0,0.0,0.0,0.0,0.0,4.17651148,0.37207471,0.0,0.0,4.54858619,4.548586
14339556,2023,76,Valle Del Cauca,76109,Buenaventura,,,,,SZH_5311,Dagua - Buenaventura - Bahia Málaga,,,,,,,,,LEY2_04,Pacifico,0.0,0.0,0.0,0.0,0.0,0.0,0.0,0.0,0.26871497,12.99874952,0.0,0.0,13.26746449,13.267464
14340788,2023,76,Valle Del Cauca,76109,Buenaventura,ZPDRNR_27,RESERVA NATURAL DE RIO BRAVO,TCN_151,CUENCA BAJA DEL RÍO CALIMA,SZH_5407,Ríos Calima y Bajo San Juan,,,,,,,,,LEY2_04,Pacifico,0.0,0.0,0.0,0.0,0.0,0.0,0.0,0.0,12.39794301,0.0,0.0,0.0,12.39794301,12.397944
14342328,2023,76,Valle Del Cauca,76109,Buenaventura,,,,,SZH_5311,Dagua - Buenaventura - Bahia Málaga,,,RFPN_25,De la Cuenca Hidrográfica de los Ríos Escalerete y San Cipriano,,,,,LEY2_04,Pacifico,0.0,0.0,0.0,0.0,0.0,0.0,0.0,0.0,1.89848853,0.0,0.0,0.0,1.89848853,1.898489
14348488,2023,76,Valle Del Cauca,76109,Buenaventura,,,TCN_150,EL RÍO CAJAMBRE,SZH_5309,Ríos Cajambre - Mayorquín - Raposo,,,,,,,,,LEY2_04,Pacifico,0.0,0.0,0.0,0.0,0.03413992,0.0,0.0,0.0,0.0,145.91623955,0.0,0.03413992,145.91623955,145.95038
14360808,2023,76,Valle Del Cauca,76109,Buenaventura,,,TCN_159,RIO NAYA,SZH_5308,Río Naya - Yurumanguí,,,,,,,,,LEY2_04,Pacifico,0.0,0.0,0.45,0.0,0.0,0.0,0.0,0.0,0.0,0.0,0.45,0.0,0.0,0.45
14070672,2023,76,Valle Del Cauca,76126,Calima,ZPDRNR_27,RESERVA NATURAL DE RIO BRAVO,TCN_151,CUENCA BAJA DEL RÍO CALIMA,SZH_5407,Ríos Calima y Bajo San Juan,,,,,,,,,LEY2_04,Pacifico,0.0,0.0,0.0,0.0,0.0,0.0,0.0,0.0,5.89108316,0.0,0.0,0.0,5.89108316,5.891083
956340,2023,86,Putumayo,86001,Mocoa,,,,,SZH_4408,Río Mecaya,,,,,,,,,,,0.0,0.0,0.0,0.0,0.0,0.0,0.0,0.0,0.0,79.69250119,0.0,0.0,79.69250119,79.692501
1068452,2023,86,Putumayo,86001,Mocoa,,,,,SZH_4401,Alto Caqueta,,,,,,,,,,,0.0,0.0,0.0,0.0,0.0,0.0,0.0,0.92171555,0.0,4.13255537,0.0,0.0,5.05427092,5.054271
1052436,2023,86,Putumayo,86320,Orito,,,,,SZH_4701,Alto Río Putumayo,,,,,,,,,LEY2_01,Amazonas,0.0,0.0,0.0,0.0,0.0,0.0,0.0,0.0,0.0,2.56893033,0.0,0.0,2.56893033,2.56893
1067220,2023,86,Putumayo,86320,Orito,,,,,SZH_4701,Alto Río Putumayo,,,,,,,,,,,0.0,0.0,0.0,0.0,0.0,0.0,0.0,0.0,0.0,17.54463885,0.0,0.0,17.54463885,17.544639
1041348,2023,86,Putumayo,86568,Puerto Asís,,,,,SZH_4701,Alto Río Putumayo,,,,,,,,,,,0.0,0.0,0.0,0.0,0.0,0.0,0.0,0.0,0.0,25.77885921,0.0,0.0,25.77885921,25.77886
1027334,2023,86,Putumayo,86569,Puerto Caicedo,,,,,SZH_4703,Río Putumayo Medio,,,,,,,,,,,0.0,0.0,0.0,0.0,0.0,0.0,0.0,0.0,0.0,5.0522608,0.0,0.0,5.0522608,5.05226
1042580,2023,86,Putumayo,86569,Puerto Caicedo,,,,,SZH_4701,Alto Río Putumayo,,,,,,,,,,,0.0,0.0,0.0,0.0,0.0,0.0,0.0,0.0,0.0,85.09332248,0.0,0.0,85.09332248,85.093323
930622,2023,86,Putumayo,86571,Puerto Guzmán,,,,,SZH_4401,Alto Caqueta,,,,,,,,,,,0.0,0.0,0.0,0.0,5.1258492,0.0,0.0,159.60234968,0.0,54.57320988,0.0,5.1258492,214.17555956,219.301409
1113728,2023,86,Putumayo,86571,Puerto Guzmán,,,,,SZH_4402,Río Caqueta Medio,,,,,,,,,,,0.0,0.0,0.0,0.0,0.0,0.0,0.0,0.0,0.0,115.60647967,0.0,0.0,115.60647967,115.60648
1116192,2023,86,Putumayo,86571,Puerto Guzmán,,,,,SZH_4408,Río Mecaya,,,,,,,,,,,0.0,0.0,0.0,0.0,0.0,0.0,0.0,0.0,0.0,71.35693613,0.0,0.0,71.35693613,71.356937
972356,2023,86,Putumayo,86885,Villagarzón,,,,,SZH_4701,Alto Río Putumayo,,,,,,,,,,,0.0,16.38270509,0.0,0.0,9.98171469,0.0,0.0,5.64753721,0.0,25.28239758,16.38270509,9.98171469,30.9299348,57.294354
986678,2023,86,Putumayo,86885,Villagarzón,,,,,SZH_4703,Río Putumayo Medio,,,,,,,,,,,0.0,0.0,0.0,0.0,0.0,0.0,0.0,0.78037816,0.0,11.4525,0.0,0.0,12.23287816,12.232878
1167474,2023,91,Amazonas,91798,Tarapacá,,,,,SZH_4420,Río Puré,,,,,,,PNN_02020035,Río Puré,LEY2_01,Amazonas,0.0,0.0,0.0,0.0,0.0,0.0,0.0,0.0,0.0,7.16465845,0.0,0.0,7.16465845,7.164658
14433188,2023,94,Guainía,94001,Inírida,,,,,SZH_3108,"R._Inírida_(mi),_hasta_bocas_Caño_Bocón,_y_R._Las Viñas",RI_166,Cuenca Media Y Alta Del Rio Inirida,,,,,,,LEY2_01,Amazonas,0.0,0.0,0.0,0.0,0.0,0.0,0.0,0.0,19.9125,0.0,0.0,0.0,19.9125,19.9125
17248,2023,94,Guainía,94884,Puerto Colombia,,,,,SZH_4105,Bajo Río Guainía,RI_708,"Tonina, Sejal, San Jose Y Otras",,,,,,,LEY2_01,Amazonas,0.0,0.0,0.0,0.0,0.0,0.0,0.0,0.0,0.0,25.04850075,0.0,0.0,25.04850075,25.048502
32648,2023,94,Guainía,94884,Puerto Colombia,,,,,SZH_4102,Medio Río Guainía,RI_708,"Tonina, Sejal, San Jose Y Otras",,,,,,,LEY2_01,Amazonas,0.0,0.0,0.0,0.0,0.0,0.0,0.0,0.0,0.0,22.94849761,0.0,0.0,22.94849761,22.948497
39270,2023,94,Guainía,94884,Puerto Colombia,,,,,SZH_4106,Río Aquió o Caño Aque,RI_708,"Tonina, Sejal, San Jose Y Otras",,,,,,,LEY2_01,Amazonas,0.0,0.0,0.0,0.0,0.0,0.0,0.0,0.0,0.0,26.66216387,0.0,0.0,26.66216387,26.662165
819280,2023,94,Guainía,94887,Pana Pana,,,,,SZH_4102,Medio Río Guainía,RI_623,Rio Cuiari E Isana,,,,,PNN_02040002,Puinawai,LEY2_01,Amazonas,0.0,0.0,0.0,0.0,0.0,0.0,0.0,0.0,0.0,22.71340567,0.0,0.0,22.71340567,22.713406
848694,2023,94,Guainía,94887,Pana Pana,,,,,SZH_4108,Río Cuiary,RI_623,Rio Cuiari E Isana,,,,,PNN_02040002,Puinawai,LEY2_01,Amazonas,0.0,0.0,0.0,0.0,0.0,0.0,0.0,0.0,0.0,80.55403502,0.0,0.0,80.55403502,80.554036
