codigo_dane,anio,trim,homicidios,extorsiones
05001,2023,1,92.0,261.0
05001,2023,2,78.0,237.0
05001,2023,3,101.0,212.0
05001,2023,4,88.0,231.0
05001,2024,1,87.0,201.0
05001,2024,2,53.0,182.0
05001,2024,3,87.0,276.0
05001,2024,4,82.0,291.0
05001,2025,1,85.0,164.0
05001,2025,2,81.0,231.0
05001,2025,3,81.0,308.0
05001,2025,4,86.0,269.0
05002,2023,1,3.0,0.0
05002,2023,2,1.0,0.0
05002,2023,3,2.0,0.0
05002,2023,4,6.0,0.0
05002,2024,1,5.0,0.0
05002,2024,2,2.0,3.0
05002,2024,3,1.0,1.0
05002,2024,4,2.0,1.0
05002,2025,1,1.0,0.0
05002,2025,2,2.0,0.0
05002,2025,3,1.0,2.0
05002,2025,4,2.0,0.0
05021,2023,1,1.0,0.0
05021,2023,2,0.0,1.0
05021,2023,3,1.0,0.0
05021,2024,1,1.0,0.0
05021,2025,2,0.0,1.0
05021,2025,4,1.0,0.0
05030,2023,1,5.0,0.0
05030,2023,2,5.0,1.0
05030,2023,3,2.0,1.0
05030,2023,4,7.0,0.0
05030,2024,1,4.0,1.0
05030,2024,2,1.0,2.0
05030,2024,3,3.0,2.0
05030,2024,4,4.0,1.0
05030,2025,1,4.0,1.0
05030,2025,2,2.0,2.0
05030,2025,3,4.0,3.0
05030,2025,4,2.0,4.0
05031,2023,1,1.0,0.0
05031,2023,2,3.0,0.0
05031,2023,3,6.0,1.0
05031,2023,4,4.0,2.0
05031,2024,1,8.0,1.0
05031,2024,2,17.0,3.0
05031,2024,3,10.0,1.0
05031,2024,4,0.0,1.0
05031,2025,1,4.0,2.0
05031,2025,2,6.0,3.0
05031,2025,3,22.0,1.0
05031,2025,4,1.0,1.0
05034,2023,1,11.0,3.0
05034,2023,2,7.0,3.0
05034,2023,3,4.0,2.0
05034,2023,4,18.0,3.0
05034,2024,1,4.0,5.0
05034,2024,2,1.0,6.0
05034,2024,3,6.0,2.0
05034,2024,4,9.0,2.0
05034,2025,1,18.0,2.0
05034,2025,2,8.0,3.0
05034,2025,3,26.0,7.0
05034,2025,4,15.0,5.0
05036,2023,1,1.0,1.0
05036,2023,2,1.0,0.0
05036,2023,3,3.0,1.0
05036,2024,1,2.0,0.0
05036,2024,3,2.0,1.0
05036,2025,2,2.0,0.0
05036,2025,4,1.0,0.0
05038,2023,1,0.0,2.0
05038,2023,2,1.0,2.0
05038,2023,3,6.0,1.0
05038,2023,4,1.0,1.0
05038,2024,2,1.0,0.0
05038,2024,3,2.0,0.0
05038,2024,4,1.0,0.0
05038,2025,2,1.0,1.0
05038,2025,3,3.0,0.0
05038,2025,4,3.0,2.0
05040,2023,1,4.0,2.0
05040,2023,2,8.0,1.0
05040,2023,3,9.0,2.0
05040,2023,4,10.0,2.0
05040,2024,1,13.0,1.0
05040,2024,2,5.0,1.0
05040,2024,3,3.0,0.0
05040,2024,4,11.0,1.0
05040,2025,1,8.0,0.0
05040,2025,2,14.0,4.0
05040,2025,3,9.0,0.0
05040,2025,4,15.0,0.0
05042,2023,2,6.0,1.0
05042,2023,3,4.0,2.0
05042,2023,4,9.0,1.0
05042,2024,1,3.0,2.0
05042,2024,2,3.0,2.0
05042,2024,3,1.0,1.0
05042,2024,4,0.0,2.0
05042,2025,1,3.0,4.0
05042,2025,2,3.0,1.0
05042,2025,3,3.0,1.0
05042,2025,4,0.0,4.0
05044,2023,1,2.0,0.0
05044,2023,2,1.0,0.0
05044,2023,4,2.0,0.0
05044,2024,1,2.0,0.0
05044,2024,2,1.0,0.0
05044,2024,3,2.0,0.0
05044,2025,1,1.0,2.0
05044,2025,2,1.0,0.0
05044,2025,3,2.0,1.0
05045,2023,1,5.0,2.0
05045,2023,2,15.0,6.0
05045,2023,3,17.0,0.0
05045,2023,4,7.0,2.0
05045,2024,1,13.0,4.0
05045,2024,2,6.0,1.0
05045,2024,3,9.0,3.0
05045,2024,4,5.0,5.0
05045,2025,1,4.0,1.0
05045,2025,2,5.0,3.0
05045,2025,3,8.0,1.0
05045,2025,4,1.0,3.0
05051,2023,3,0.0,1.0
05051,2024,1,1.0,2.0
05051,2024,3,1.0,2.0
05051,2024,4,1.0,0.0
05051,2025,2,1.0,2.0
05051,2025,3,0.0,2.0
05051,2025,4,1.0,0.0
05055,2023,1,2.0,2.0
05055,2023,3,2.0,0.0
05055,2023,4,0.0,1.0
05055,2024,1,1.0,0.0
05055,2024,2,0.0,1.0
05055,2024,3,2.0,2.0
05055,2024,4,3.0,0.0
05055,2025,1,0.0,1.0
05055,2025,2,1.0,0.0
05059,2023,1,0.0,1.0
05059,2023,3,1.0,0.0
05059,2023,4,1.0,2.0
05059,2024,4,0.0,1.0
05079,2023,1,2.0,7.0
05079,2023,2,4.0,7.0
05079,2023,3,6.0,7.0
05079,2023,4,7.0,7.0
05079,2024,1,3.0,4.0
05079,2024,2,7.0,3.0
05079,2024,3,2.0,4.0
05079,2024,4,4.0,3.0
05079,2025,1,3.0,6.0
05079,2025,2,6.0,4.0
05079,2025,3,1.0,2.0
05079,2025,4,1.0,2.0
05086,2023,2,2.0,1.0
05086,2023,3,1.0,0.0
05086,2023,4,2.0,0.0
05086,2024,2,0.0,1.0
05086,2024,3,2.0,0.0
05086,2024,4,2.0,0.0
05086,2025,1,1.0,0.0
05086,2025,2,2.0,0.0
05086,2025,3,2.0,0.0
05088,2023,1,9.0,64.0
05088,2023,2,16.0,56.0
05088,2023,3,14.0,61.0
05088,2023,4,16.0,63.0
05088,2024,1,11.0,44.0
05088,2024,2,9.0,43.0
05088,2024,3,9.0,55.0
05088,2024,4,21.0,52.0
05088,2025,1,8.0,45.0
05088,2025,2,14.0,48.0
05088,2025,3,10.0,58.0
05088,2025,4,14.0,63.0
05091,2023,1,2.0,0.0
05091,2023,2,1.0,1.0
05091,2023,3,3.0,1.0
05091,2023,4,2.0,0.0
05091,2024,1,2.0,0.0
05091,2024,2,1.0,0.0
05091,2024,3,5.0,1.0
05091,2024,4,8.0,2.0
05091,2025,1,10.0,1.0
05091,2025,2,3.0,1.0
05091,2025,3,2.0,0.0
05091,2025,4,4.0,1.0
05093,2023,2,1.0,0.0
05093,2023,3,8.0,1.0
05093,2023,4,3.0,1.0
05093,2024,1,2.0,0.0
05093,2024,2,4.0,2.0
05093,2024,3,4.0,0.0
05093,2024,4,1.0,1.0
05093,2025,1,8.0,0.0
05093,2025,2,9.0,0.0
05093,2025,3,12.0,1.0
05093,2025,4,6.0,0.0
05101,2023,1,13.0,0.0
05101,2023,2,1.0,1.0
05101,2023,3,2.0,1.0
05101,2023,4,4.0,1.0
05101,2024,1,7.0,3.0
05101,2024,2,6.0,0.0
05101,2024,3,10.0,1.0
05101,2024,4,16.0,2.0
05101,2025,1,16.0,3.0
05101,2025,2,6.0,2.0
05101,2025,3,7.0,2.0
05101,2025,4,9.0,3.0
05107,2023,1,1.0,0.0
05107,2023,2,1.0,1.0
05107,2023,3,2.0,0.0
05107,2023,4,4.0,1.0
05107,2024,1,1.0,0.0
05107,2024,3,2.0,1.0
05107,2024,4,2.0,1.0
05107,2025,1,1.0,0.0
05107,2025,2,4.0,0.0
05107,2025,3,5.0,0.0
05107,2025,4,8.0,1.0
05113,2023,1,1.0,0.0
05113,2023,2,3.0,0.0
05113,2023,3,2.0,1.0
05113,2023,4,4.0,0.0
05113,2024,1,1.0,0.0
05113,2024,3,1.0,2.0
05113,2024,4,1.0,1.0
05113,2025,1,6.0,1.0
05113,2025,2,4.0,0.0
05120,2023,1,2.0,1.0
05120,2023,2,5.0,2.0
05120,2023,3,7.0,2.0
05120,2023,4,4.0,1.0
05120,2024,1,9.0,2.0
05120,2024,2,10.0,1.0
05120,2024,3,10.0,2.0
05120,2024,4,8.0,2.0
05120,2025,1,13.0,0.0
05120,2025,2,3.0,2.0
05120,2025,3,5.0,0.0
05120,2025,4,7.0,1.0
05125,2023,1,1.0,1.0
05125,2023,3,1.0,0.0
05125,2023,4,0.0,1.0
05125,2024,1,0.0,1.0
05125,2024,3,1.0,1.0
05125,2024,4,1.0,0.0
05125,2025,1,2.0,1.0
05125,2025,4,1.0,0.0
05129,2023,1,11.0,12.0
05129,2023,2,9.0,5.0
05129,2023,3,3.0,7.0
05129,2023,4,4.0,8.0
05129,2024,1,5.0,6.0
05129,2024,2,1.0,6.0
05129,2024,3,5.0,5.0
05129,2024,4,5.0,9.0
05129,2025,1,2.0,8.0
05129,2025,2,1.0,8.0
05129,2025,3,4.0,11.0
05129,2025,4,4.0,10.0
05134,2023,1,4.0,1.0
05134,2023,2,3.0,0.0
05134,2023,3,2.0,0.0
05134,2023,4,1.0,1.0
05134,2024,2,5.0,1.0
05134,2024,3,2.0,0.0
05134,2024,4,1.0,0.0
05134,2025,1,1.0,0.0
05134,2025,2,3.0,0.0
05134,2025,3,5.0,0.0
05134,2025,4,1.0,0.0
05138,2023,2,2.0,0.0
05138,2023,3,2.0,0.0
05138,2023,4,2.0,0.0
05138,2024,1,2.0,1.0
05138,2024,2,2.0,0.0
05138,2024,3,3.0,2.0
05138,2024,4,3.0,0.0
05138,2025,1,1.0,0.0
05138,2025,2,2.0,0.0
05138,2025,3,2.0,1.0
05138,2025,4,1.0,1.0
05142,2024,2,1.0,0.0
05142,2024,3,1.0,2.0
05142,2025,2,1.0,0.0
05142,2025,4,0.0,1.0
05145,2024,1,0.0,1.0
05145,2024,2,1.0,0.0
05145,2024,4,0.0,1.0
05145,2025,4,1.0,0.0
05147,2023,1,3.0,2.0
05147,2023,2,7.0,1.0
05147,2023,3,5.0,0.0
05147,2023,4,4.0,1.0
05147,2024,1,0.0,1.0
05147,2024,2,2.0,3.0
05147,2024,3,7.0,0.0
05147,2025,1,1.0,4.0
05147,2025,2,2.0,1.0
05147,2025,3,2.0,0.0
05147,2025,4,0.0,4.0
05148,2023,1,1.0,1.0
05148,2023,2,7.0,3.0
05148,2023,3,5.0,2.0
05148,2023,4,12.0,0.0
05148,2024,1,1.0,2.0
05148,2024,2,3.0,4.0
05148,2024,3,3.0,2.0
05148,2024,4,12.0,5.0
05148,2025,1,8.0,5.0
05148,2025,2,3.0,5.0
05148,2025,3,1.0,5.0
05148,2025,4,14.0,4.0
05150,2023,1,0.0,2.0
05150,2024,1,0.0,2.0
05150,2024,4,1.0,0.0
05150,2025,1,0.0,1.0
05150,2025,2,1.0,0.0
05150,2025,3,0.0,1.0
05150,2025,4,2.0,1.0
05154,2023,1,4.0,4.0
05154,2023,2,11.0,2.0
05154,2023,3,13.0,6.0
05154,2023,4,20.0,6.0
05154,2024,1,12.0,6.0
05154,2024,2,9.0,4.0
05154,2024,3,23.0,8.0
05154,2024,4,31.0,7.0
05154,2025,1,11.0,6.0
05154,2025,2,16.0,4.0
05154,2025,3,20.0,11.0
05154,2025,4,16.0,3.0
05172,2023,1,6.0,1.0
05172,2023,2,10.0,1.0
05172,2023,3,13.0,1.0
05172,2023,4,1.0,0.0
05172,2024,1,3.0,2.0
05172,2024,2,4.0,2.0
05172,2024,3,4.0,2.0
05172,2024,4,5.0,4.0
05172,2025,1,1.0,0.0
05172,2025,2,3.0,2.0
05172,2025,3,4.0,2.0
05172,2025,4,3.0,1.0
05190,2023,1,1.0,0.0
05190,2023,2,2.0,1.0
05190,2023,3,2.0,1.0
05190,2023,4,0.0,2.0
05190,2024,1,1.0,2.0
05190,2024,2,1.0,1.0
05190,2024,3,2.0,1.0
05190,2025,1,0.0,3.0
05190,2025,2,0.0,1.0
05190,2025,4,0.0,1.0
05197,2023,1,2.0,1.0
05197,2023,2,2.0,0.0
05197,2023,3,1.0,0.0
05197,2023,4,0.0,1.0
05197,2024,1,0.0,1.0
05197,2024,3,6.0,0.0
05197,2024,4,1.0,2.0
05197,2025,1,1.0,1.0
05197,2025,3,2.0,0.0
05197,2025,4,1.0,0.0
05206,2023,1,1.0,0.0
05206,2024,2,1.0,1.0
05206,2024,4,0.0,1.0
05206,2025,1,1.0,0.0
05206,2025,2,0.0,1.0
05206,2025,3,1.0,0.0
05209,2023,1,3.0,0.0
05209,2023,2,1.0,0.0
05209,2023,3,6.0,0.0
05209,2023,4,9.0,0.0
05209,2024,1,6.0,1.0
05209,2024,2,5.0,0.0
05209,2024,3,4.0,0.0
05209,2024,4,5.0,0.0
05209,2025,1,9.0,2.0
05209,2025,2,1.0,0.0
05209,2025,3,6.0,0.0
05209,2025,4,6.0,2.0
05212,2023,1,3.0,9.0
05212,2023,2,6.0,10.0
05212,2023,3,7.0,4.0
05212,2023,4,5.0,9.0
05212,2024,1,8.0,9.0
05212,2024,2,4.0,6.0
05212,2024,3,3.0,5.0
05212,2024,4,5.0,5.0
05212,2025,1,5.0,7.0
05212,2025,2,3.0,6.0
05212,2025,3,2.0,8.0
05212,2025,4,5.0,5.0
05234,2023,1,1.0,0.0
05234,2023,2,7.0,0.0
05234,2023,3,4.0,0.0
05234,2023,4,6.0,0.0
05234,2024,1,3.0,1.0
05234,2024,2,4.0,1.0
05234,2024,3,2.0,0.0
05234,2024,4,0.0,1.0
05234,2025,1,3.0,0.0
05234,2025,2,2.0,0.0
05234,2025,3,3.0,0.0
05234,2025,4,5.0,2.0
05237,2023,1,0.0,3.0
05237,2023,2,1.0,1.0
05237,2023,3,1.0,1.0
05237,2023,4,2.0,1.0
05237,2024,1,0.0,1.0
05237,2024,2,0.0,3.0
05237,2024,3,2.0,1.0
05237,2024,4,2.0,3.0
05237,2025,1,2.0,0.0
05237,2025,3,2.0,1.0
05237,2025,4,1.0,2.0
05240,2023,1,1.0,0.0
05240,2023,2,1.0,0.0
05240,2023,3,2.0,0.0
05240,2023,4,2.0,1.0
05240,2024,1,1.0,2.0
05240,2024,3,0.0,1.0
05240,2025,1,0.0,1.0
05240,2025,2,0.0,3.0
05240,2025,3,0.0,2.0
05250,2023,1,4.0,3.0
05250,2023,2,2.0,1.0
05250,2023,3,5.0,4.0
05250,2023,4,9.0,2.0
05250,2024,1,11.0,0.0
05250,2024,2,7.0,0.0
05250,2024,3,6.0,2.0
05250,2024,4,5.0,1.0
05250,2025,1,4.0,1.0
05250,2025,2,14.0,1.0
05250,2025,3,4.0,1.0
05250,2025,4,7.0,3.0
05264,2023,1,2.0,0.0
05264,2023,3,2.0,0.0
05264,2023,4,0.0,2.0
05264,2024,2,2.0,0.0
05264,2025,1,1.0,0.0
05264,2025,2,1.0,2.0
05264,2025,4,0.0,1.0
05266,2023,1,2.0,16.0
05266,2023,2,1.0,18.0
05266,2023,3,2.0,3.0
05266,2023,4,4.0,13.0
05266,2024,1,2.0,12.0
05266,2024,2,5.0,10.0
05266,2024,3,3.0,21.0
05266,2024,4,2.0,13.0
05266,2025,1,5.0,13.0
05266,2025,2,0.0,14.0
05266,2025,3,2.0,15.0
05266,2025,4,1.0,11.0
05282,2023,1,1.0,0.0
05282,2023,2,5.0,0.0
05282,2023,3,3.0,0.0
05282,2023,4,0.0,1.0
05282,2024,1,0.0,1.0
05282,2024,2,2.0,0.0
05282,2024,4,1.0,7.0
05282,2025,1,2.0,3.0
05282,2025,2,1.0,2.0
05282,2025,3,1.0,2.0
05282,2025,4,2.0,1.0
05284,2023,1,1.0,0.0
05284,2023,2,2.0,1.0
05284,2023,3,2.0,0.0
05284,2024,1,1.0,0.0
05284,2024,2,3.0,0.0
05284,2024,3,1.0,3.0
05284,2024,4,2.0,1.0
05284,2025,1,2.0,1.0
05284,2025,2,1.0,0.0
05284,2025,3,3.0,0.0
05284,2025,4,1.0,0.0
05306,2023,2,2.0,0.0
05306,2023,3,1.0,1.0
05306,2023,4,1.0,0.0
05306,2024,1,1.0,0.0
05306,2024,2,0.0,1.0
05306,2024,4,0.0,1.0
05306,2025,3,0.0,1.0
05306,2025,4,1.0,0.0
05308,2023,1,2.0,6.0
05308,2023,2,5.0,5.0
05308,2023,3,3.0,5.0
05308,2023,4,5.0,3.0
05308,2024,1,8.0,1.0
05308,2024,2,3.0,9.0
05308,2024,3,2.0,4.0
05308,2024,4,0.0,7.0
05308,2025,1,2.0,4.0
05308,2025,2,1.0,7.0
05308,2025,3,0.0,12.0
05308,2025,4,0.0,7.0
05310,2023,2,2.0,0.0
05310,2023,3,1.0,0.0
05310,2023,4,1.0,0.0
05310,2024,1,0.0,2.0
05310,2024,2,0.0,1.0
05310,2024,3,3.0,1.0
05310,2024,4,1.0,1.0
05310,2025,1,3.0,0.0
05310,2025,2,2.0,0.0
05310,2025,3,0.0,1.0
05310,2025,4,1.0,1.0
05313,2023,1,2.0,0.0
05313,2023,2,0.0,1.0
05313,2023,3,2.0,0.0
05313,2023,4,0.0,1.0
05313,2024,1,0.0,2.0
05313,2024,2,0.0,3.0
05313,2024,3,3.0,1.0
05313,2024,4,1.0,0.0
05313,2025,1,0.0,1.0
05313,2025,2,1.0,2.0
05313,2025,3,1.0,1.0
05313,2025,4,0.0,1.0
05315,2023,1,1.0,0.0
05315,2023,4,1.0,1.0
05315,2024,1,1.0,0.0
05315,2024,2,1.0,1.0
05315,2024,4,0.0,1.0
05315,2025,2,2.0,0.0
05315,2025,3,1.0,0.0
05318,2023,1,4.0,4.0
05318,2023,2,4.0,2.0
05318,2023,3,5.0,1.0
05318,2023,4,4.0,3.0
05318,2024,1,0.0,3.0
05318,2024,2,7.0,3.0
05318,2024,3,6.0,5.0
05318,2024,4,5.0,1.0
05318,2025,1,4.0,4.0
05318,2025,2,6.0,7.0
05318,2025,3,7.0,10.0
05318,2025,4,4.0,7.0
05321,2023,1,0.0,1.0
05321,2023,2,0.0,1.0
05321,2023,3,0.0,1.0
05321,2023,4,0.0,1.0
05321,2024,1,1.0,0.0
05321,2024,2,1.0,0.0
05321,2024,4,0.0,1.0
05321,2025,1,1.0,1.0
05321,2025,3,0.0,3.0
05321,2025,4,2.0,1.0
05347,2023,1,1.0,0.0
05347,2023,2,1.0,0.0
05347,2023,3,0.0,1.0
05347,2024,2,1.0,1.0
05347,2024,3,1.0,1.0
05347,2024,4,0.0,3.0
05347,2025,1,1.0,2.0
05347,2025,2,0.0,1.0
05347,2025,4,1.0,0.0
05353,2023,2,1.0,1.0
05353,2023,3,1.0,1.0
05353,2024,1,2.0,0.0
05353,2024,2,2.0,3.0
05353,2024,3,3.0,0.0
05353,2024,4,3.0,0.0
05353,2025,1,6.0,0.0
05353,2025,2,1.0,0.0
05353,2025,3,1.0,0.0
05353,2025,4,2.0,0.0
05360,2023,1,2.0,41.0
05360,2023,2,3.0,26.0
05360,2023,3,2.0,11.0
05360,2023,4,6.0,23.0
05360,2024,1,5.0,21.0
05360,2024,2,2.0,20.0
05360,2024,3,8.0,23.0
05360,2024,4,0.0,35.0
05360,2025,1,4.0,14.0
05360,2025,2,2.0,20.0
05360,2025,3,2.0,30.0
05360,2025,4,3.0,17.0
05361,2023,1,2.0,4.0
05361,2023,2,10.0,0.0
05361,2023,3,5.0,1.0
05361,2023,4,6.0,0.0
05361,2024,1,4.0,3.0
05361,2024,2,3.0,0.0
05361,2024,3,6.0,0.0
05361,2024,4,1.0,0.0
05361,2025,1,2.0,0.0
05361,2025,2,5.0,1.0
05361,2025,3,10.0,1.0
05361,2025,4,4.0,0.0
05364,2023,1,2.0,0.0
05364,2023,2,1.0,1.0
05364,2023,3,1.0,2.0
05364,2023,4,7.0,1.0
05364,2024,1,0.0,1.0
05364,2024,2,1.0,1.0
05364,2024,3,1.0,0.0
05364,2024,4,0.0,3.0
05364,2025,1,2.0,2.0
05364,2025,2,1.0,1.0
05364,2025,3,3.0,4.0
05364,2025,4,5.0,2.0
05368,2023,1,1.0,0.0
05368,2023,3,0.0,2.0
05368,2023,4,2.0,0.0
05368,2024,1,1.0,0.0
05368,2024,2,0.0,1.0
05368,2024,3,1.0,2.0
05368,2024,4,0.0,1.0
05368,2025,1,3.0,0.0
05368,2025,2,0.0,1.0
05368,2025,3,5.0,1.0
05368,2025,4,2.0,3.0
05376,2023,1,4.0,1.0
05376,2023,2,2.0,3.0
05376,2023,3,1.0,3.0
05376,2023,4,1.0,7.0
05376,2024,1,0.0,2.0
05376,2024,2,1.0,2.0
05376,2024,3,3.0,3.0
05376,2024,4,3.0,4.0
05376,2025,1,2.0,8.0
05376,2025,2,0.0,8.0
05376,2025,3,1.0,6.0
05376,2025,4,5.0,3.0
05380,2023,1,1.0,5.0
05380,2023,2,1.0,10.0
05380,2023,3,2.0,3.0
05380,2023,4,2.0,9.0
05380,2024,1,4.0,5.0
05380,2024,2,0.0,5.0
05380,2024,3,5.0,8.0
05380,2024,4,1.0,9.0
05380,2025,1,5.0,9.0
05380,2025,2,0.0,12.0
05380,2025,3,1.0,10.0
05380,2025,4,2.0,6.0
05390,2023,1,1.0,0.0
05390,2023,2,2.0,0.0
05390,2023,3,0.0,1.0
05390,2024,3,0.0,1.0
05390,2025,1,3.0,2.0
05390,2025,2,1.0,1.0
05390,2025,3,3.0,2.0
05390,2025,4,0.0,1.0
05400,2023,2,2.0,1.0
05400,2023,3,2.0,1.0
05400,2024,1,0.0,2.0
05400,2024,2,4.0,2.0
05400,2024,3,2.0,1.0
05400,2024,4,0.0,5.0
05400,2025,1,3.0,2.0
05400,2025,2,4.0,3.0
05400,2025,3,7.0,2.0
05400,2025,4,3.0,0.0
05411,2023,2,1.0,0.0
05411,2023,4,0.0,1.0
05411,2024,1,1.0,0.0
05411,2024,2,2.0,1.0
05411,2024,3,2.0,1.0
05411,2024,4,0.0,3.0
05411,2025,1,1.0,0.0
05411,2025,2,2.0,1.0
05411,2025,4,1.0,0.0
05425,2023,2,3.0,2.0
05425,2023,3,1.0,1.0
05425,2023,4,3.0,3.0
05425,2024,1,1.0,1.0
05425,2024,2,2.0,1.0
05425,2024,3,1.0,1.0
05425,2024,4,1.0,1.0
05425,2025,2,0.0,3.0
05425,2025,3,1.0,5.0
05440,2023,1,4.0,3.0
05440,2023,2,8.0,5.0
05440,2023,3,6.0,1.0
05440,2023,4,6.0,6.0
05440,2024,1,6.0,3.0
05440,2024,2,2.0,2.0
05440,2024,3,7.0,1.0
05440,2024,4,1.0,3.0
05440,2025,1,5.0,5.0
05440,2025,2,4.0,7.0
05440,2025,3,6.0,6.0
05440,2025,4,10.0,4.0
05467,2024,1,0.0,1.0
05467,2024,2,0.0,1.0
05467,2024,3,1.0,2.0
05467,2025,2,1.0,1.0
05467,2025,3,2.0,2.0
05467,2025,4,0.0,1.0
05475,2023,2,0.0,1.0
05475,2024,2,1.0,0.0
05475,2025,3,1.0,0.0
05480,2023,1,0.0,1.0
05480,2023,2,9.0,1.0
05480,2023,3,5.0,0.0
05480,2023,4,2.0,0.0
05480,2024,1,3.0,0.0
05480,2025,1,2.0,0.0
05480,2025,3,1.0,1.0
05480,2025,4,3.0,0.0
05483,2023,1,4.0,0.0
05483,2023,2,1.0,0.0
05483,2023,4,1.0,0.0
05483,2024,2,1.0,1.0
05483,2024,3,1.0,2.0
05483,2024,4,2.0,2.0
05483,2025,1,1.0,1.0
05483,2025,2,3.0,2.0
05483,2025,4,3.0,1.0
05490,2023,2,1.0,2.0
05490,2023,3,5.0,2.0
05490,2023,4,3.0,1.0
05490,2024,1,1.0,1.0
05490,2024,2,1.0,1.0
05490,2024,3,2.0,3.0
05490,2024,4,3.0,1.0
05490,2025,1,3.0,0.0
05490,2025,3,1.0,0.0
05490,2025,4,0.0,3.0
05495,2023,1,2.0,1.0
05495,2023,2,3.0,0.0
05495,2023,3,2.0,0.0
05495,2024,1,1.0,0.0
05495,2024,2,1.0,0.0
05495,2024,4,2.0,0.0
05495,2025,2,2.0,0.0
05495,2025,3,3.0,2.0
05495,2025,4,0.0,1.0
05501,2023,3,2.0,0.0
05501,2024,2,0.0,1.0
05501,2025,1,0.0,1.0
05541,2023,1,3.0,1.0
05541,2023,2,1.0,2.0
05541,2023,3,1.0,2.0
05541,2023,4,2.0,1.0
05541,2024,1,5.0,2.0
05541,2024,2,4.0,1.0
05541,2024,3,1.0,1.0
05541,2024,4,0.0,3.0
05541,2025,1,0.0,2.0
05541,2025,2,4.0,1.0
05541,2025,3,3.0,0.0
05541,2025,4,3.0,2.0
05543,2023,2,1.0,0.0
05543,2023,3,1.0,0.0
05543,2023,4,1.0,0.0
05543,2024,2,2.0,0.0
05543,2025,1,0.0,1.0
05543,2025,2,1.0,0.0
05576,2023,1,1.0,0.0
05576,2023,2,0.0,1.0
05576,2023,4,1.0,0.0
05576,2024,2,1.0,1.0
05576,2024,3,7.0,0.0
05576,2024,4,6.0,0.0
05576,2025,1,5.0,1.0
05576,2025,2,1.0,0.0
05576,2025,3,3.0,1.0
05579,2023,1,11.0,4.0
05579,2023,2,12.0,1.0
05579,2023,3,9.0,2.0
05579,2023,4,12.0,1.0
05579,2024,1,5.0,2.0
05579,2024,2,3.0,2.0
05579,2024,3,6.0,5.0
05579,2024,4,5.0,3.0
05579,2025,1,6.0,1.0
05579,2025,2,5.0,5.0
05579,2025,3,6.0,1.0
05579,2025,4,3.0,3.0
05585,2023,1,1.0,0.0
05585,2023,3,1.0,0.0
05585,2023,4,1.0,0.0
05585,2024,2,1.0,0.0
05585,2024,4,1.0,0.0
05585,2025,1,2.0,0.0
05585,2025,2,0.0,3.0
05585,2025,3,2.0,0.0
05585,2025,4,1.0,0.0
05591,2023,1,0.0,2.0
05591,2023,2,1.0,1.0
05591,2023,3,1.0,3.0
05591,2023,4,2.0,0.0
05591,2024,1,0.0,2.0
05591,2024,2,2.0,1.0
05591,2024,3,0.0,4.0
05591,2024,4,1.0,0.0
05591,2025,1,1.0,3.0
05591,2025,2,2.0,1.0
05591,2025,3,0.0,1.0
05591,2025,4,0.0,2.0
05604,2023,1,11.0,0.0
05604,2023,2,6.0,3.0
05604,2023,3,2.0,1.0
05604,2023,4,6.0,1.0
05604,2024,1,12.0,1.0
05604,2024,2,26.0,3.0
05604,2024,3,7.0,2.0
05604,2024,4,5.0,1.0
05604,2025,1,8.0,3.0
05604,2025,2,21.0,2.0
05604,2025,3,8.0,3.0
05604,2025,4,2.0,3.0
05607,2023,1,0.0,2.0
05607,2023,4,2.0,1.0
05607,2024,1,3.0,5.0
05607,2024,2,1.0,2.0
05607,2024,3,0.0,3.0
05607,2024,4,1.0,1.0
05607,2025,1,0.0,7.0
05607,2025,2,0.0,1.0
05607,2025,3,0.0,1.0
05607,2025,4,1.0,3.0
05615,2023,1,9.0,8.0
05615,2023,2,11.0,2.0
05615,2023,3,10.0,8.0
05615,2023,4,8.0,7.0
05615,2024,1,7.0,3.0
05615,2024,2,12.0,11.0
05615,2024,3,7.0,14.0
05615,2024,4,9.0,18.0
05615,2025,1,3.0,19.0
05615,2025,2,9.0,27.0
05615,2025,3,14.0,22.0
05615,2025,4,10.0,20.0
05628,2023,2,3.0,0.0
05628,2023,3,2.0,0.0
05628,2023,4,1.0,0.0
05628,2024,1,0.0,1.0
05628,2024,3,3.0,0.0
05628,2024,4,0.0,1.0
05628,2025,1,3.0,0.0
05628,2025,2,2.0,1.0
05628,2025,3,3.0,0.0
05631,2023,1,2.0,10.0
05631,2023,2,0.0,16.0
05631,2023,3,0.0,8.0
05631,2023,4,0.0,9.0
05631,2024,1,0.0,8.0
05631,2024,2,2.0,7.0
05631,2024,3,0.0,7.0
05631,2024,4,0.0,14.0
05631,2025,1,0.0,7.0
05631,2025,2,1.0,8.0
05631,2025,3,1.0,11.0
05631,2025,4,1.0,8.0
05642,2023,1,1.0,1.0
05642,2023,2,4.0,0.0
05642,2023,3,5.0,0.0
05642,2023,4,3.0,0.0
05642,2024,1,8.0,0.0
05642,2024,2,6.0,0.0
05642,2024,3,7.0,0.0
05642,2024,4,8.0,2.0
05642,2025,1,6.0,0.0
05642,2025,2,5.0,0.0
05642,2025,3,4.0,0.0
05642,2025,4,4.0,1.0
05647,2023,1,2.0,0.0
05647,2023,3,4.0,0.0
05647,2023,4,0.0,1.0
05647,2024,1,0.0,1.0
05647,2024,2,0.0,4.0
05647,2024,3,6.0,0.0
05647,2024,4,7.0,0.0
05647,2025,1,8.0,0.0
05647,2025,2,12.0,1.0
05647,2025,3,8.0,1.0
05647,2025,4,1.0,0.0
05649,2023,1,7.0,1.0
05649,2023,2,1.0,1.0
05649,2024,1,2.0,1.0
05649,2024,2,1.0,2.0
05649,2024,3,1.0,2.0
05649,2024,4,3.0,2.0
05649,2025,3,1.0,1.0
05649,2025,4,1.0,1.0
05652,2023,1,2.0,1.0
05652,2025,1,1.0,2.0
05652,2025,3,1.0,0.0
05656,2023,1,1.0,0.0
05656,2023,2,1.0,1.0
05656,2023,3,3.0,0.0
05656,2023,4,4.0,1.0
05656,2024,1,3.0,1.0
05656,2024,2,4.0,2.0
05656,2024,3,0.0,2.0
05656,2024,4,0.0,1.0
05656,2025,1,1.0,2.0
05656,2025,2,5.0,0.0
05656,2025,3,8.0,1.0
05656,2025,4,1.0,2.0
05658,2023,4,1.0,0.0
05658,2024,1,1.0,0.0
05658,2024,2,0.0,1.0
05658,2024,3,1.0,0.0
05658,2024,4,1.0,0.0
05658,2025,2,3.0,0.0
05658,2025,3,0.0,1.0
05658,2025,4,0.0,1.0
05659,2024,3,1.0,0.0
05659,2024,4,0.0,2.0
05659,2025,1,0.0,1.0
05659,2025,2,0.0,1.0
05659,2025,3,2.0,0.0
05659,2025,4,0.0,1.0
05660,2023,1,1.0,1.0
05660,2023,3,2.0,0.0
05660,2024,1,0.0,3.0
05660,2024,2,0.0,3.0
05660,2024,3,1.0,0.0
05660,2025,1,0.0,2.0
05660,2025,2,3.0,0.0
05660,2025,3,3.0,1.0
05660,2025,4,3.0,1.0
05664,2023,1,2.0,2.0
05664,2023,2,1.0,1.0
05664,2023,3,2.0,3.0
05664,2023,4,2.0,1.0
05664,2024,1,1.0,3.0
05664,2024,2,4.0,0.0
05664,2024,3,1.0,8.0
05664,2024,4,3.0,4.0
05664,2025,1,4.0,1.0
05664,2025,2,0.0,1.0
05664,2025,3,2.0,0.0
05664,2025,4,1.0,0.0
05665,2023,1,0.0,1.0
05665,2023,3,0.0,1.0
05665,2023,4,1.0,0.0
05665,2024,1,0.0,1.0
05665,2024,2,2.0,0.0
05665,2024,4,1.0,1.0
05665,2025,1,1.0,0.0
05665,2025,2,0.0,1.0
05665,2025,3,4.0,0.0
05667,2023,2,1.0,1.0
05667,2023,3,2.0,1.0
05667,2023,4,2.0,1.0
05667,2024,1,0.0,1.0
05667,2024,2,1.0,1.0
05667,2024,3,2.0,0.0
05667,2024,4,3.0,2.0
05667,2025,1,2.0,1.0
05667,2025,2,2.0,1.0
05667,2025,3,0.0,1.0
05670,2023,1,1.0,0.0
05670,2023,2,0.0,2.0
05670,2023,3,6.0,1.0
05670,2023,4,2.0,2.0
05670,2024,1,2.0,2.0
05670,2024,2,3.0,2.0
05670,2024,4,0.0,2.0
05670,2025,1,2.0,1.0
05670,2025,2,8.0,2.0
05670,2025,3,5.0,3.0
05670,2025,4,4.0,2.0
05674,2023,1,3.0,0.0
05674,2023,2,4.0,1.0
05674,2023,3,0.0,2.0
05674,2023,4,1.0,0.0
05674,2024,1,1.0,1.0
05674,2024,3,4.0,1.0
05674,2024,4,0.0,1.0
05674,2025,1,2.0,2.0
05674,2025,2,3.0,0.0
05674,2025,3,3.0,3.0
05674,2025,4,2.0,0.0
05679,2023,1,4.0,1.0
05679,2023,2,4.0,1.0
05679,2023,3,1.0,1.0
05679,2023,4,2.0,0.0
05679,2024,1,3.0,1.0
05679,2024,2,4.0,3.0
05679,2024,3,0.0,1.0
05679,2024,4,2.0,6.0
05679,2025,1,2.0,1.0
05679,2025,2,5.0,1.0
05679,2025,3,2.0,1.0
05679,2025,4,1.0,2.0
05686,2023,1,4.0,4.0
05686,2023,2,4.0,3.0
05686,2023,3,2.0,4.0
05686,2023,4,5.0,1.0
05686,2024,1,1.0,2.0
05686,2024,2,7.0,6.0
05686,2024,3,2.0,0.0
05686,2024,4,2.0,2.0
05686,2025,1,1.0,3.0
05686,2025,2,2.0,0.0
05686,2025,3,3.0,3.0
05686,2025,4,3.0,3.0
05690,2023,1,1.0,0.0
05690,2023,2,2.0,1.0
05690,2023,3,0.0,1.0
05690,2024,1,1.0,0.0
05690,2024,2,2.0,2.0
05690,2024,3,1.0,1.0
05690,2025,1,1.0,0.0
05690,2025,2,5.0,1.0
05690,2025,3,1.0,0.0
05690,2025,4,5.0,1.0
05697,2023,1,2.0,0.0
05697,2023,2,1.0,1.0
05697,2023,3,2.0,1.0
05697,2023,4,0.0,1.0
05697,2024,1,0.0,2.0
05697,2024,2,3.0,1.0
05697,2024,3,2.0,0.0
05697,2024,4,5.0,4.0
05697,2025,1,2.0,5.0
05697,2025,2,1.0,1.0
05697,2025,3,3.0,1.0
05697,2025,4,2.0,0.0
05736,2023,1,9.0,0.0
05736,2023,2,9.0,4.0
05736,2023,3,14.0,0.0
05736,2023,4,8.0,1.0
05736,2024,1,9.0,1.0
05736,2024,2,9.0,2.0
05736,2024,3,15.0,4.0
05736,2024,4,12.0,0.0
05736,2025,1,1.0,5.0
05736,2025,2,11.0,6.0
05736,2025,3,8.0,5.0
05736,2025,4,6.0,3.0
05756,2023,1,2.0,2.0
05756,2023,2,3.0,1.0
05756,2023,3,1.0,1.0
05756,2023,4,4.0,1.0
05756,2024,1,6.0,1.0
05756,2024,2,7.0,0.0
05756,2024,3,9.0,3.0
05756,2024,4,8.0,0.0
05756,2025,1,3.0,1.0
05756,2025,2,2.0,0.0
05756,2025,3,2.0,7.0
05756,2025,4,7.0,0.0
05761,2023,1,1.0,0.0
05761,2023,2,3.0,1.0
05761,2023,3,3.0,0.0
05761,2023,4,2.0,1.0
05761,2024,1,2.0,1.0
05761,2024,2,1.0,3.0
05761,2024,3,1.0,1.0
05761,2024,4,5.0,1.0
05761,2025,1,2.0,1.0
05761,2025,2,3.0,0.0
05761,2025,3,0.0,1.0
05761,2025,4,1.0,3.0
05789,2023,1,1.0,0.0
05789,2023,2,1.0,0.0
05789,2023,3,1.0,1.0
05789,2023,4,1.0,0.0
05789,2024,4,0.0,1.0
05789,2025,3,0.0,1.0
05789,2025,4,1.0,0.0
05790,2023,1,3.0,3.0
05790,2023,2,4.0,2.0
05790,2023,3,2.0,2.0
05790,2023,4,3.0,0.0
05790,2024,1,3.0,0.0
05790,2024,2,4.0,1.0
05790,2024,3,11.0,0.0
05790,2024,4,11.0,0.0
05790,2025,1,2.0,1.0
05790,2025,2,1.0,1.0
05790,2025,3,6.0,1.0
05790,2025,4,1.0,1.0
05792,2023,1,1.0,0.0
05792,2023,4,3.0,0.0
05792,2024,1,1.0,0.0
05792,2024,2,1.0,1.0
05792,2024,4,3.0,0.0
05792,2025,2,1.0,0.0
05792,2025,3,3.0,1.0
05792,2025,4,1.0,1.0
05809,2023,1,3.0,1.0
05809,2023,2,1.0,0.0
05809,2023,3,2.0,0.0
05809,2023,4,1.0,1.0
05809,2024,1,7.0,1.0
05809,2024,2,1.0,1.0
05809,2024,3,4.0,1.0
05809,2024,4,1.0,2.0
05809,2025,1,3.0,0.0
05809,2025,2,2.0,1.0
05809,2025,4,2.0,2.0
05819,2023,1,1.0,1.0
05819,2023,4,1.0,0.0
05819,2024,1,0.0,3.0
05819,2024,2,1.0,1.0
05819,2024,3,5.0,1.0
05819,2024,4,6.0,0.0
05819,2025,2,4.0,1.0
05819,2025,3,2.0,1.0
05819,2025,4,0.0,2.0
05837,2023,1,7.0,1.0
05837,2023,2,17.0,2.0
05837,2023,3,12.0,1.0
05837,2023,4,31.0,3.0
05837,2024,1,7.0,4.0
05837,2024,2,4.0,4.0
05837,2024,3,10.0,3.0
05837,2024,4,4.0,2.0
05837,2025,1,4.0,6.0
05837,2025,2,8.0,2.0
05837,2025,3,9.0,2.0
05837,2025,4,7.0,1.0
05842,2023,2,1.0,0.0
05842,2023,4,0.0,3.0
05842,2024,1,1.0,0.0
05842,2024,2,0.0,1.0
05842,2025,1,1.0,0.0
05847,2023,1,7.0,0.0
05847,2023,2,11.0,4.0
05847,2023,3,5.0,1.0
05847,2023,4,11.0,3.0
05847,2024,1,12.0,1.0
05847,2024,2,5.0,0.0
05847,2024,3,6.0,0.0
05847,2024,4,3.0,2.0
05847,2025,1,6.0,2.0
05847,2025,2,7.0,2.0
05847,2025,3,10.0,1.0
05847,2025,4,8.0,1.0
05854,2023,1,4.0,0.0
05854,2023,2,2.0,1.0
05854,2023,4,9.0,1.0
05854,2024,1,0.0,1.0
05854,2024,2,5.0,0.0
05854,2024,3,12.0,1.0
05854,2024,4,7.0,1.0
05854,2025,1,4.0,2.0
05854,2025,2,7.0,0.0
05854,2025,3,4.0,1.0
05854,2025,4,4.0,0.0
05856,2024,2,0.0,1.0
05856,2025,1,0.0,1.0
05856,2025,2,1.0,0.0
05858,2023,1,1.0,3.0
05858,2023,2,0.0,1.0
05858,2023,3,1.0,0.0
05858,2023,4,3.0,1.0
05858,2024,1,5.0,1.0
05858,2024,2,2.0,0.0
05858,2024,3,2.0,1.0
05858,2024,4,0.0,3.0
05858,2025,1,2.0,1.0
05858,2025,2,2.0,1.0
05858,2025,3,1.0,3.0
05858,2025,4,0.0,3.0
05861,2023,1,5.0,0.0
05861,2023,2,3.0,0.0
05861,2023,3,3.0,0.0
05861,2023,4,4.0,0.0
05861,2024,1,2.0,0.0
05861,2024,2,2.0,1.0
05861,2024,3,2.0,2.0
05861,2024,4,2.0,0.0
05861,2025,1,2.0,3.0
05861,2025,2,1.0,0.0
05861,2025,4,2.0,0.0
05873,2024,1,1.0,0.0
05873,2024,4,1.0,0.0
05885,2023,1,2.0,0.0
05885,2023,2,3.0,1.0
05885,2023,3,3.0,1.0
05885,2024,2,2.0,0.0
05885,2024,3,1.0,3.0
05885,2024,4,3.0,2.0
05885,2025,2,0.0,1.0
05885,2025,3,2.0,0.0
05887,2023,1,11.0,3.0
05887,2023,2,2.0,5.0
05887,2023,3,6.0,4.0
05887,2023,4,7.0,6.0
05887,2024,1,7.0,1.0
05887,2024,2,12.0,6.0
05887,2024,3,12.0,7.0
05887,2024,4,4.0,2.0
05887,2025,1,11.0,5.0
05887,2025,2,2.0,0.0
05887,2025,3,8.0,2.0
05887,2025,4,4.0,5.0
05890,2023,1,5.0,1.0
05890,2023,2,4.0,3.0
05890,2023,3,5.0,2.0
05890,2023,4,1.0,3.0
05890,2024,1,1.0,4.0
05890,2024,2,2.0,3.0
05890,2024,3,5.0,3.0
05890,2025,1,0.0,1.0
05890,2025,2,3.0,4.0
05890,2025,3,2.0,0.0
05890,2025,4,3.0,2.0
05893,2023,1,6.0,1.0
05893,2023,2,3.0,3.0
05893,2023,3,4.0,0.0
05893,2023,4,6.0,1.0
05893,2024,1,2.0,1.0
05893,2024,2,4.0,2.0
05893,2024,3,9.0,2.0
05893,2024,4,3.0,1.0
05893,2025,1,5.0,0.0
05893,2025,2,6.0,0.0
05893,2025,3,19.0,4.0
05893,2025,4,11.0,2.0
05895,2023,1,4.0,1.0
05895,2023,2,2.0,2.0
05895,2023,3,2.0,0.0
05895,2023,4,1.0,0.0
05895,2024,1,3.0,1.0
05895,2024,2,1.0,0.0
05895,2024,3,6.0,0.0
05895,2024,4,2.0,0.0
05895,2025,1,4.0,0.0
05895,2025,2,2.0,1.0
05895,2025,3,2.0,0.0
05895,2025,4,1.0,2.0
08001,2023,1,96.0,122.0
08001,2023,2,88.0,180.0
08001,2023,3,81.0,287.0
08001,2023,4,110.0,288.0
08001,2024,1,113.0,149.0
08001,2024,2,107.0,224.0
08001,2024,3,121.0,260.0
08001,2024,4,152.0,252.0
08001,2025,1,115.0,144.0
08001,2025,2,114.0,207.0
08001,2025,3,102.0,222.0
08001,2025,4,98.0,156.0
08078,2023,1,1.0,2.0
08078,2023,2,1.0,0.0
08078,2023,3,0.0,1.0
08078,2023,4,1.0,2.0
08078,2024,1,1.0,1.0
08078,2024,2,2.0,6.0
08078,2024,3,6.0,8.0
08078,2024,4,1.0,7.0
08078,2025,1,7.0,0.0
08078,2025,2,4.0,2.0
08078,2025,3,11.0,5.0
08078,2025,4,10.0,4.0
08137,2023,1,1.0,0.0
08137,2023,2,0.0,1.0
08137,2024,1,3.0,2.0
08137,2024,2,2.0,0.0
08137,2024,3,0.0,1.0
08137,2024,4,1.0,1.0
08137,2025,1,1.0,1.0
08137,2025,2,2.0,1.0
08137,2025,3,0.0,2.0
08137,2025,4,1.0,0.0
08141,2023,2,1.0,1.0
08141,2023,3,1.0,0.0
08141,2023,4,0.0,1.0
08141,2024,3,1.0,1.0
08141,2024,4,1.0,0.0
08141,2025,2,2.0,0.0
08141,2025,3,0.0,2.0
08296,2023,1,2.0,7.0
08296,2023,2,0.0,7.0
08296,2023,3,1.0,5.0
08296,2023,4,2.0,3.0
08296,2024,1,2.0,5.0
08296,2024,2,3.0,2.0
08296,2024,3,2.0,2.0
08296,2024,4,6.0,14.0
08296,2025,1,3.0,0.0
08296,2025,2,7.0,4.0
08296,2025,3,10.0,5.0
08296,2025,4,3.0,3.0
08372,2023,1,0.0,1.0
08372,2023,2,1.0,0.0
08372,2023,4,1.0,2.0
08372,2024,1,0.0,2.0
08372,2024,2,3.0,3.0
08372,2024,3,0.0,3.0
08372,2025,1,2.0,0.0
08372,2025,2,5.0,1.0
08372,2025,3,4.0,1.0
08372,2025,4,4.0,4.0
08421,2023,2,2.0,0.0
08421,2023,3,2.0,1.0
08421,2023,4,0.0,2.0
08421,2024,1,2.0,1.0
08421,2024,2,0.0,1.0
08421,2024,3,1.0,0.0
08421,2024,4,2.0,0.0
08421,2025,1,1.0,1.0
08421,2025,2,0.0,1.0
08421,2025,4,2.0,1.0
08433,2023,1,14.0,10.0
08433,2023,2,21.0,14.0
08433,2023,3,17.0,21.0
08433,2023,4,21.0,21.0
08433,2024,1,15.0,16.0
08433,2024,2,18.0,18.0
08433,2024,3,24.0,24.0
08433,2024,4,20.0,28.0
08433,2025,1,6.0,14.0
08433,2025,2,20.0,19.0
08433,2025,3,11.0,25.0
08433,2025,4,8.0,18.0
08436,2023,2,0.0,2.0
08436,2023,3,0.0,1.0
08436,2023,4,0.0,1.0
08436,2024,1,0.0,1.0
08436,2024,2,0.0,1.0
08436,2024,4,0.0,2.0
08436,2025,1,1.0,0.0
08436,2025,3,1.0,1.0
08436,2025,4,1.0,1.0
08520,2023,1,1.0,0.0
08520,2023,3,1.0,2.0
08520,2023,4,0.0,2.0
08520,2024,1,3.0,0.0
08520,2024,2,2.0,1.0
08520,2024,3,2.0,0.0
08520,2024,4,2.0,2.0
08520,2025,1,1.0,1.0
08520,2025,2,3.0,1.0
08520,2025,3,0.0,1.0
08520,2025,4,4.0,0.0
08549,2023,3,2.0,0.0
08549,2024,3,0.0,3.0
08549,2024,4,0.0,1.0
08549,2025,1,1.0,0.0
08549,2025,2,0.0,1.0
08549,2025,3,1.0,1.0
08549,2025,4,0.0,1.0
08558,2023,3,1.0,1.0
08558,2023,4,2.0,1.0
08558,2024,1,0.0,1.0
08558,2024,2,0.0,1.0
08558,2024,3,1.0,1.0
08558,2024,4,2.0,4.0
08558,2025,1,1.0,0.0
08558,2025,2,0.0,1.0
08558,2025,3,2.0,1.0
08558,2025,4,0.0,4.0
08560,2023,1,1.0,1.0
08560,2023,2,2.0,0.0
08560,2023,3,2.0,1.0
08560,2023,4,2.0,1.0
08560,2024,1,2.0,1.0
08560,2024,3,2.0,0.0
08560,2024,4,0.0,2.0
08560,2025,1,0.0,1.0
08560,2025,2,1.0,0.0
08560,2025,4,2.0,0.0
08573,2023,1,3.0,1.0
08573,2023,2,5.0,2.0
08573,2023,3,5.0,9.0
08573,2023,4,3.0,8.0
08573,2024,1,3.0,4.0
08573,2024,2,4.0,1.0
08573,2024,3,5.0,9.0
08573,2024,4,9.0,6.0
08573,2025,1,3.0,4.0
08573,2025,2,9.0,5.0
08573,2025,3,3.0,7.0
08573,2025,4,4.0,2.0
08606,2023,1,2.0,0.0
08606,2023,2,0.0,2.0
08606,2023,4,0.0,1.0
08606,2024,2,0.0,2.0
08606,2024,3,0.0,1.0
08606,2024,4,3.0,0.0
08606,2025,1,1.0,0.0
08606,2025,2,1.0,0.0
08606,2025,3,0.0,1.0
08634,2023,1,1.0,0.0
08634,2023,2,1.0,0.0
08634,2023,3,1.0,4.0
08634,2023,4,1.0,3.0
08634,2024,1,6.0,2.0
08634,2024,2,0.0,4.0
08634,2024,3,0.0,4.0
08634,2024,4,2.0,6.0
08634,2025,1,9.0,3.0
08634,2025,2,2.0,2.0
08634,2025,3,4.0,2.0
08634,2025,4,2.0,4.0
08638,2023,1,2.0,4.0
08638,2023,2,0.0,6.0
08638,2023,3,3.0,10.0
08638,2023,4,3.0,4.0
08638,2024,1,2.0,3.0
08638,2024,2,4.0,4.0
08638,2024,3,7.0,12.0
08638,2024,4,4.0,13.0
08638,2025,1,5.0,3.0
08638,2025,2,2.0,7.0
08638,2025,3,12.0,1.0
08638,2025,4,11.0,6.0
08675,2023,1,1.0,0.0
08675,2023,3,0.0,1.0
08675,2023,4,1.0,0.0
08675,2024,4,0.0,1.0
08675,2025,1,0.0,1.0
08675,2025,2,0.0,1.0
08675,2025,4,1.0,1.0
08685,2023,2,1.0,1.0
08685,2023,3,3.0,1.0
08685,2023,4,2.0,1.0
08685,2024,1,1.0,0.0
08685,2024,2,1.0,0.0
08685,2024,3,0.0,2.0
08685,2024,4,2.0,3.0
08685,2025,1,2.0,2.0
08685,2025,2,0.0,1.0
08685,2025,3,1.0,1.0
08685,2025,4,2.0,0.0
08758,2023,1,77.0,32.0
08758,2023,2,53.0,67.0
08758,2023,3,42.0,99.0
08758,2023,4,36.0,110.0
08758,2024,1,43.0,68.0
08758,2024,2,46.0,90.0
08758,2024,3,76.0,103.0
08758,2024,4,83.0,90.0
08758,2025,1,55.0,46.0
08758,2025,2,47.0,86.0
08758,2025,3,63.0,101.0
08758,2025,4,44.0,80.0
08770,2023,1,0.0,1.0
08770,2024,2,0.0,1.0
08770,2024,3,0.0,1.0
08770,2024,4,1.0,0.0
08770,2025,2,0.0,2.0
08770,2025,3,0.0,2.0
08832,2023,1,0.0,1.0
08832,2023,3,2.0,0.0
08832,2023,4,0.0,2.0
08832,2024,2,1.0,0.0
08832,2024,3,1.0,1.0
08832,2024,4,0.0,1.0
08832,2025,1,0.0,1.0
08832,2025,2,0.0,1.0
08832,2025,4,0.0,1.0
08849,2024,1,1.0,0.0
08849,2024,2,0.0,1.0
08849,2024,3,0.0,1.0
08849,2024,4,0.0,1.0
08849,2025,2,1.0,0.0
08849,2025,3,0.0,1.0
11001,2023,1,257.0,292.0
11001,2023,2,286.0,335.0
11001,2023,3,266.0,365.0
11001,2023,4,275.0,535.0
11001,2024,1,243.0,522.0
11001,2024,2,289.0,639.0
11001,2024,3,344.0,695.0
11001,2024,4,338.0,785.0
11001,2025,1,282.0,507.0
11001,2025,2,306.0,576.0
11001,2025,3,295.0,586.0
11001,2025,4,303.0,559.0
13001,2023,1,88.0,13.0
13001,2023,2,97.0,16.0
13001,2023,3,92.0,32.0
13001,2023,4,91.0,73.0
13001,2024,1,98.0,46.0
13001,2024,2,86.0,31.0
13001,2024,3,114.0,44.0
13001,2024,4,83.0,76.0
13001,2025,1,85.0,49.0
13001,2025,2,84.0,90.0
13001,2025,3,100.0,121.0
13001,2025,4,91.0,119.0
13006,2023,3,0.0,3.0
13006,2023,4,1.0,1.0
13006,2024,1,2.0,0.0
13006,2024,2,3.0,0.0
13006,2024,3,1.0,0.0
13006,2024,4,1.0,0.0
13006,2025,1,2.0,0.0
13006,2025,2,0.0,1.0
13006,2025,3,1.0,2.0
13006,2025,4,0.0,2.0
13030,2024,3,1.0,0.0
13030,2025,4,0.0,1.0
13042,2023,2,1.0,0.0
13042,2023,3,2.0,0.0
13042,2023,4,1.0,2.0
13042,2024,1,1.0,1.0
13042,2024,2,1.0,0.0
13042,2024,4,0.0,1.0
13042,2025,1,1.0,0.0
13042,2025,2,1.0,0.0
13042,2025,3,2.0,0.0
13042,2025,4,1.0,3.0
13052,2023,1,8.0,1.0
13052,2023,2,2.0,1.0
13052,2023,3,10.0,3.0
13052,2023,4,9.0,2.0
13052,2024,1,3.0,0.0
13052,2024,2,0.0,2.0
13052,2024,3,10.0,0.0
13052,2024,4,7.0,4.0
13052,2025,1,5.0,0.0
13052,2025,2,6.0,5.0
13052,2025,3,6.0,2.0
13052,2025,4,4.0,3.0
13062,2023,1,1.0,0.0
13062,2023,3,0.0,2.0
13062,2023,4,0.0,3.0
13062,2024,4,1.0,0.0
13062,2025,4,0.0,1.0
13074,2023,1,1.0,0.0
13074,2023,2,0.0,2.0
13074,2023,3,2.0,1.0
13074,2024,2,0.0,1.0
13074,2024,3,4.0,2.0
13074,2024,4,0.0,1.0
13074,2025,3,0.0,1.0
13074,2025,4,2.0,1.0
13140,2023,1,2.0,0.0
13140,2023,2,1.0,1.0
13140,2023,4,1.0,2.0
13140,2024,3,1.0,0.0
13140,2024,4,1.0,0.0
13140,2025,1,1.0,0.0
13140,2025,2,0.0,1.0
13140,2025,4,1.0,0.0
13160,2023,1,2.0,0.0
13160,2023,3,0.0,3.0
13160,2023,4,0.0,1.0
13160,2024,1,1.0,0.0
13160,2024,2,3.0,0.0
13160,2024,4,1.0,3.0
13160,2025,1,2.0,0.0
13160,2025,2,1.0,0.0
13160,2025,3,0.0,1.0
13160,2025,4,2.0,2.0
13188,2023,2,1.0,0.0
13188,2023,3,1.0,0.0
13188,2023,4,0.0,1.0
13188,2024,1,1.0,0.0
13188,2024,2,2.0,0.0
13188,2024,4,0.0,1.0
13188,2025,3,2.0,0.0
13188,2025,4,1.0,1.0
13212,2023,3,1.0,0.0
13212,2023,4,2.0,0.0
13212,2024,2,0.0,1.0
13212,2024,3,0.0,1.0
13212,2024,4,0.0,1.0
13212,2025,1,1.0,1.0
13212,2025,2,0.0,2.0
13212,2025,4,1.0,1.0
13222,2023,1,1.0,1.0
13222,2023,3,1.0,0.0
13222,2023,4,0.0,1.0
13222,2024,1,0.0,1.0
13222,2024,2,1.0,0.0
13222,2024,3,0.0,1.0
13222,2025,1,1.0,0.0
13222,2025,2,1.0,0.0
13222,2025,3,1.0,1.0
13244,2023,1,7.0,1.0
13244,2023,2,12.0,5.0
13244,2023,3,9.0,3.0
13244,2023,4,5.0,5.0
13244,2024,1,10.0,2.0
13244,2024,2,5.0,1.0
13244,2024,3,4.0,3.0
13244,2024,4,7.0,3.0
13244,2025,1,4.0,2.0
13244,2025,2,11.0,3.0
13244,2025,3,4.0,10.0
13244,2025,4,9.0,3.0
13248,2023,4,0.0,1.0
13248,2024,2,0.0,1.0
13248,2025,1,0.0,1.0
13268,2023,1,0.0,1.0
13268,2024,3,0.0,1.0
13268,2024,4,1.0,0.0
13268,2025,1,2.0,0.0
13268,2025,2,0.0,1.0
13268,2025,3,0.0,3.0
13300,2023,2,1.0,0.0
13300,2024,2,0.0,1.0
13300,2024,4,0.0,1.0
13300,2025,2,0.0,2.0
13300,2025,3,0.0,1.0
13300,2025,4,0.0,1.0
13430,2023,1,5.0,1.0
13430,2023,2,8.0,0.0
13430,2023,3,1.0,3.0
13430,2023,4,6.0,4.0
13430,2024,1,14.0,5.0
13430,2024,2,5.0,2.0
13430,2024,3,6.0,6.0
13430,2024,4,4.0,4.0
13430,2025,1,7.0,7.0
13430,2025,2,11.0,5.0
13430,2025,3,6.0,3.0
13430,2025,4,6.0,5.0
13433,2023,1,1.0,0.0
13433,2023,3,3.0,1.0
13433,2023,4,1.0,1.0
13433,2024,1,0.0,2.0
13433,2024,2,1.0,0.0
13433,2024,3,1.0,0.0
13433,2024,4,3.0,1.0
13433,2025,1,1.0,1.0
13433,2025,2,1.0,1.0
13433,2025,3,0.0,1.0
13433,2025,4,1.0,1.0
13440,2023,1,1.0,0.0
13440,2024,2,2.0,0.0
13440,2024,3,0.0,1.0
13440,2025,2,1.0,0.0
13442,2023,1,5.0,2.0
13442,2023,2,5.0,2.0
13442,2023,3,7.0,0.0
13442,2023,4,5.0,6.0
13442,2024,1,4.0,1.0
13442,2024,2,2.0,4.0
13442,2024,3,3.0,1.0
13442,2024,4,2.0,1.0
13442,2025,1,3.0,1.0
13442,2025,2,2.0,1.0
13442,2025,3,3.0,1.0
13442,2025,4,3.0,1.0
13458,2023,2,1.0,0.0
13458,2023,3,2.0,0.0
13458,2023,4,2.0,0.0
13458,2024,1,1.0,0.0
13458,2024,3,0.0,1.0
13458,2024,4,2.0,0.0
13458,2025,1,1.0,0.0
13458,2025,2,1.0,0.0
13458,2025,3,4.0,1.0
13458,2025,4,2.0,0.0
13468,2023,1,1.0,3.0
13468,2023,2,0.0,1.0
13468,2023,3,1.0,0.0
13468,2023,4,1.0,2.0
13468,2024,2,1.0,0.0
13468,2024,3,1.0,1.0
13468,2024,4,1.0,1.0
13468,2025,1,1.0,1.0
13468,2025,2,1.0,0.0
13468,2025,3,5.0,6.0
13468,2025,4,3.0,1.0
13473,2023,1,5.0,0.0
13473,2023,2,4.0,0.0
13473,2023,3,0.0,1.0
13473,2023,4,3.0,2.0
13473,2024,1,3.0,1.0
13473,2024,2,3.0,0.0
13473,2024,3,1.0,0.0
13473,2024,4,4.0,2.0
13473,2025,1,0.0,1.0
13473,2025,2,1.0,1.0
13473,2025,3,4.0,1.0
13473,2025,4,0.0,2.0
13490,2023,1,1.0,0.0
13490,2023,2,1.0,0.0
13490,2023,3,2.0,0.0
13490,2023,4,2.0,0.0
13490,2024,1,6.0,1.0
13490,2024,2,1.0,1.0
13490,2024,3,3.0,0.0
13490,2024,4,1.0,0.0
13490,2025,1,3.0,0.0
13490,2025,2,1.0,3.0
13490,2025,3,3.0,1.0
13490,2025,4,5.0,0.0
13549,2023,2,2.0,1.0
13549,2024,4,0.0,1.0
13549,2025,3,0.0,2.0
13580,2023,1,1.0,0.0
13580,2023,3,1.0,1.0
13580,2023,4,0.0,1.0
13580,2024,1,1.0,1.0
13580,2024,2,2.0,2.0
13580,2024,3,0.0,1.0
13580,2024,4,0.0,1.0
13580,2025,1,0.0,1.0
13580,2025,2,1.0,0.0
13580,2025,3,1.0,0.0
13600,2023,1,0.0,1.0
13600,2023,3,2.0,1.0
13600,2023,4,1.0,2.0
13600,2024,1,1.0,2.0
13600,2024,2,0.0,1.0
13600,2024,3,2.0,0.0
13600,2024,4,0.0,1.0
13600,2025,1,0.0,1.0
13600,2025,3,2.0,1.0
13600,2025,4,0.0,3.0
13620,2023,3,0.0,1.0
13620,2024,4,0.0,1.0
13620,2025,3,0.0,1.0
13620,2025,4,0.0,2.0
13647,2023,2,1.0,0.0
13647,2023,3,1.0,0.0
13647,2023,4,1.0,0.0
13647,2024,2,1.0,0.0
13647,2024,3,3.0,0.0
13647,2025,1,2.0,1.0
13647,2025,3,0.0,1.0
13650,2023,1,1.0,0.0
13650,2024,2,1.0,0.0
13650,2024,3,0.0,1.0
13650,2025,2,1.0,0.0
13654,2023,1,1.0,1.0
13654,2023,2,3.0,0.0
13654,2023,3,1.0,1.0
13654,2023,4,1.0,2.0
13654,2024,1,5.0,1.0
13654,2024,2,2.0,1.0
13654,2024,3,3.0,0.0
13654,2024,4,0.0,1.0
13654,2025,1,2.0,1.0
13654,2025,2,3.0,0.0
13654,2025,3,5.0,2.0
13654,2025,4,1.0,6.0
13655,2023,3,1.0,0.0
13655,2023,4,1.0,0.0
13655,2024,3,0.0,1.0
13655,2025,1,1.0,0.0
13655,2025,3,10.0,3.0
13655,2025,4,2.0,0.0
13657,2023,2,3.0,1.0
13657,2023,3,0.0,2.0
13657,2023,4,1.0,1.0
13657,2024,1,1.0,0.0
13657,2024,3,2.0,1.0
13657,2025,2,2.0,3.0
13657,2025,3,1.0,3.0
13657,2025,4,2.0,1.0
13667,2023,1,2.0,1.0
13667,2023,3,0.0,1.0
13667,2023,4,0.0,1.0
13667,2024,2,1.0,0.0
13667,2024,4,1.0,2.0
13667,2025,2,0.0,2.0
13667,2025,3,2.0,4.0
13667,2025,4,0.0,1.0
13670,2023,1,10.0,0.0
13670,2023,2,7.0,4.0
13670,2023,3,11.0,5.0
13670,2023,4,5.0,1.0
13670,2024,1,7.0,0.0
13670,2024,2,8.0,0.0
13670,2024,3,8.0,0.0
13670,2024,4,3.0,2.0
13670,2025,1,2.0,0.0
13670,2025,2,2.0,1.0
13670,2025,3,15.0,4.0
13670,2025,4,14.0,2.0
13673,2023,1,1.0,0.0
13673,2023,2,5.0,1.0
13673,2023,3,2.0,0.0
13673,2024,1,2.0,1.0
13673,2024,2,1.0,0.0
13673,2024,3,2.0,1.0
13673,2024,4,2.0,1.0
13673,2025,2,2.0,2.0
13673,2025,3,4.0,1.0
13683,2023,1,5.0,1.0
13683,2023,2,2.0,0.0
13683,2023,3,6.0,0.0
13683,2023,4,3.0,1.0
13683,2024,1,2.0,0.0
13683,2024,2,2.0,2.0
13683,2024,3,3.0,2.0
13683,2024,4,2.0,2.0
13683,2025,1,1.0,2.0
13683,2025,2,6.0,5.0
13683,2025,3,3.0,1.0
13683,2025,4,4.0,1.0
13688,2023,1,3.0,0.0
13688,2023,2,4.0,2.0
13688,2023,3,11.0,1.0
13688,2023,4,7.0,2.0
13688,2024,1,5.0,2.0
13688,2024,2,11.0,2.0
13688,2024,3,12.0,1.0
13688,2024,4,9.0,0.0
13688,2025,1,8.0,1.0
13688,2025,2,11.0,1.0
13688,2025,3,19.0,4.0
13688,2025,4,7.0,1.0
13744,2023,1,7.0,2.0
13744,2023,2,5.0,1.0
13744,2023,3,2.0,2.0
13744,2023,4,1.0,1.0
13744,2024,1,7.0,0.0
13744,2024,2,4.0,1.0
13744,2024,3,5.0,0.0
13744,2024,4,2.0,0.0
13744,2025,1,2.0,1.0
13744,2025,2,6.0,2.0
13744,2025,3,2.0,0.0
13744,2025,4,1.0,0.0
13760,2023,4,1.0,0.0
13760,2025,2,1.0,0.0
13780,2023,4,1.0,0.0
13780,2024,2,2.0,0.0
13780,2024,4,1.0,1.0
13780,2025,3,0.0,1.0
13810,2023,1,1.0,0.0
13810,2023,2,1.0,0.0
13810,2023,3,1.0,0.0
13810,2024,1,1.0,0.0
13810,2024,4,1.0,1.0
13810,2025,1,3.0,0.0
13810,2025,3,1.0,1.0
13836,2023,1,3.0,1.0
13836,2023,2,4.0,2.0
13836,2023,3,9.0,1.0
13836,2023,4,7.0,5.0
13836,2024,1,5.0,5.0
13836,2024,2,3.0,6.0
13836,2024,3,9.0,0.0
13836,2024,4,9.0,7.0
13836,2025,1,12.0,2.0
13836,2025,2,14.0,7.0
13836,2025,3,11.0,17.0
13836,2025,4,4.0,19.0
13838,2023,2,2.0,0.0
13838,2023,3,1.0,0.0
13838,2023,4,0.0,1.0
13838,2024,1,1.0,0.0
13838,2024,2,1.0,0.0
13838,2025,2,1.0,1.0
13838,2025,3,1.0,1.0
13838,2025,4,0.0,1.0
13873,2023,1,3.0,0.0
13873,2023,2,1.0,0.0
13873,2023,3,3.0,2.0
13873,2023,4,1.0,0.0
13873,2024,1,1.0,0.0
13873,2024,2,6.0,1.0
13873,2024,3,4.0,4.0
13873,2024,4,1.0,2.0
13873,2025,1,1.0,3.0
13873,2025,2,3.0,1.0
13873,2025,3,0.0,2.0
13873,2025,4,4.0,1.0
13894,2023,1,1.0,0.0
13894,2023,3,1.0,1.0
13894,2023,4,1.0,1.0
13894,2024,1,2.0,1.0
13894,2025,1,4.0,1.0
13894,2025,2,0.0,1.0
13894,2025,3,1.0,0.0
13894,2025,4,0.0,1.0
15001,2023,1,3.0,13.0
15001,2023,2,1.0,9.0
15001,2023,3,2.0,12.0
15001,2023,4,0.0,12.0
15001,2024,1,1.0,9.0
15001,2024,2,2.0,3.0
15001,2024,3,3.0,6.0
15001,2024,4,1.0,12.0
15001,2025,1,1.0,5.0
15001,2025,2,1.0,12.0
15001,2025,3,1.0,18.0
15001,2025,4,4.0,22.0
15047,2023,3,1.0,0.0
15047,2024,2,1.0,0.0
15047,2024,3,1.0,0.0
15047,2024,4,1.0,0.0
15051,2023,3,0.0,1.0
15051,2024,3,1.0,0.0
15051,2024,4,0.0,1.0
15087,2023,3,1.0,0.0
15087,2024,3,0.0,1.0
15087,2024,4,0.0,2.0
15087,2025,1,0.0,1.0
15097,2023,2,1.0,0.0
15097,2024,4,1.0,0.0
15104,2024,4,0.0,1.0
15109,2024,2,1.0,0.0
15109,2024,3,1.0,0.0
15131,2023,2,1.0,0.0
15131,2023,3,0.0,1.0
15131,2024,3,0.0,1.0
15131,2025,1,0.0,1.0
15131,2025,3,1.0,0.0
15131,2025,4,0.0,1.0
15172,2024,3,0.0,1.0
15172,2024,4,0.0,1.0
15176,2023,1,1.0,2.0
15176,2023,2,1.0,3.0
15176,2023,3,1.0,1.0
15176,2023,4,1.0,6.0
15176,2024,2,2.0,1.0
15176,2024,3,0.0,1.0
15176,2024,4,1.0,4.0
15176,2025,1,1.0,1.0
15176,2025,2,0.0,1.0
15176,2025,3,2.0,2.0
15176,2025,4,0.0,3.0
15180,2023,1,0.0,1.0
15180,2025,4,2.0,0.0
15183,2023,4,0.0,1.0
15183,2024,1,1.0,0.0
15183,2025,2,0.0,1.0
15183,2025,3,3.0,3.0
15183,2025,4,0.0,1.0
15185,2024,1,1.0,0.0
15187,2024,1,0.0,1.0
15187,2025,4,0.0,1.0
15189,2023,2,0.0,1.0
15204,2023,1,0.0,8.0
15204,2023,2,1.0,7.0
15204,2023,3,0.0,6.0
15204,2023,4,1.0,6.0
15204,2024,1,0.0,3.0
15204,2024,2,0.0,2.0
15204,2024,3,0.0,6.0
15204,2024,4,2.0,4.0
15204,2025,1,0.0,2.0
15204,2025,2,0.0,4.0
15204,2025,3,0.0,7.0
15204,2025,4,0.0,4.0
15215,2025,4,0.0,1.0
15223,2023,1,2.0,0.0
15223,2024,1,1.0,0.0
15223,2024,4,1.0,0.0
15223,2025,2,1.0,0.0
15223,2025,4,1.0,0.0
15232,2025,4,0.0,1.0
15238,2023,1,2.0,8.0
15238,2023,2,1.0,2.0
15238,2023,3,2.0,5.0
15238,2023,4,4.0,7.0
15238,2024,1,2.0,4.0
15238,2024,2,1.0,4.0
15238,2024,3,7.0,9.0
15238,2024,4,2.0,11.0
15238,2025,1,2.0,5.0
15238,2025,2,3.0,4.0
15238,2025,3,2.0,4.0
15238,2025,4,0.0,8.0
15244,2024,4,1.0,0.0
15272,2023,4,0.0,1.0
15272,2025,2,0.0,1.0
15293,2023,1,3.0,0.0
15296,2023,4,0.0,1.0
15299,2023,2,1.0,0.0
15299,2024,1,0.0,1.0
15299,2024,3,0.0,1.0
15299,2024,4,1.0,1.0
15299,2025,1,0.0,1.0
15317,2025,1,1.0,0.0
15317,2025,3,0.0,1.0
15322,2023,1,0.0,1.0
15322,2023,2,0.0,1.0
15322,2024,4,0.0,2.0
15322,2025,2,0.0,1.0
15332,2023,3,1.0,0.0
15332,2025,3,0.0,1.0
15362,2025,3,0.0,1.0
15367,2023,4,0.0,1.0
15367,2025,2,1.0,0.0
15367,2025,4,0.0,1.0
15377,2023,1,0.0,1.0
15377,2024,3,0.0,1.0
15377,2025,2,0.0,2.0
15377,2025,3,0.0,1.0
15380,2023,4,0.0,1.0
15380,2025,3,0.0,1.0
15403,2023,3,0.0,2.0
15407,2023,1,0.0,1.0
15407,2023,3,1.0,1.0
15407,2024,1,0.0,3.0
15407,2025,1,1.0,1.0
15407,2025,2,1.0,1.0
15407,2025,3,1.0,2.0
15407,2025,4,0.0,2.0
15425,2024,2,1.0,0.0
15425,2024,3,1.0,0.0
15442,2023,1,1.0,0.0
15442,2023,2,0.0,1.0
15442,2024,1,2.0,0.0
15442,2024,4,1.0,0.0
15442,2025,3,1.0,0.0
15464,2024,1,0.0,1.0
15464,2025,2,0.0,1.0
15466,2024,3,0.0,1.0
15469,2023,1,0.0,2.0
15469,2023,2,1.0,0.0
15469,2023,4,0.0,1.0
15469,2024,1,0.0,1.0
15469,2024,4,0.0,1.0
15469,2025,1,1.0,0.0
15469,2025,2,0.0,1.0
15469,2025,3,1.0,1.0
15469,2025,4,1.0,0.0
15476,2024,4,1.0,0.0
15480,2023,2,1.0,0.0
15480,2023,4,1.0,0.0
15480,2025,2,1.0,0.0
15491,2023,1,0.0,1.0
15491,2023,2,1.0,0.0
15491,2024,3,0.0,1.0
15491,2025,2,1.0,0.0
15494,2025,3,0.0,1.0
15500,2023,3,1.0,1.0
15500,2024,1,0.0,1.0
15500,2025,1,0.0,1.0
15500,2025,3,0.0,1.0
15500,2025,4,0.0,1.0
15507,2023,1,1.0,0.0
15507,2023,2,0.0,1.0
15507,2024,3,1.0,0.0
15507,2024,4,1.0,0.0
15514,2023,4,0.0,1.0
15516,2023,1,0.0,2.0
15516,2023,2,0.0,1.0
15516,2023,3,0.0,1.0
15516,2023,4,1.0,2.0
15516,2024,1,2.0,0.0
15516,2024,2,0.0,2.0
15516,2024,3,1.0,0.0
15516,2025,1,0.0,3.0
15516,2025,2,1.0,1.0
15516,2025,3,1.0,1.0
15516,2025,4,0.0,1.0
15518,2025,1,0.0,1.0
15518,2025,3,0.0,1.0
15522,2023,4,1.0,0.0
15531,2023,1,1.0,0.0
15531,2023,3,1.0,0.0
15531,2024,3,0.0,1.0
15531,2025,3,0.0,1.0
15533,2024,4,1.0,0.0
15537,2025,1,2.0,0.0
15537,2025,2,1.0,0.0
15542,2023,1,1.0,0.0
15542,2024,2,0.0,1.0
15542,2025,4,0.0,1.0
15572,2023,1,6.0,0.0
15572,2023,2,5.0,0.0
15572,2023,3,5.0,0.0
15572,2023,4,6.0,2.0
15572,2024,1,8.0,1.0
15572,2024,2,6.0,1.0
15572,2024,3,6.0,0.0
15572,2024,4,3.0,0.0
15572,2025,1,3.0,2.0
15572,2025,2,1.0,1.0
15572,2025,3,1.0,6.0
15572,2025,4,5.0,1.0
15580,2023,2,1.0,0.0
15580,2023,3,1.0,0.0
15580,2024,1,1.0,0.0
15580,2024,2,0.0,1.0
15599,2023,4,0.0,1.0
15599,2025,1,0.0,1.0
15599,2025,2,0.0,1.0
15600,2023,2,0.0,1.0
15600,2023,3,0.0,1.0
15600,2024,1,1.0,0.0
15600,2025,2,1.0,1.0
15600,2025,4,1.0,0.0
15632,2024,4,0.0,2.0
15632,2025,2,0.0,1.0
15638,2024,3,1.0,1.0
15638,2025,2,1.0,0.0
15646,2023,1,0.0,1.0
15646,2023,2,2.0,0.0
15646,2023,4,0.0,1.0
15646,2024,1,0.0,3.0
15646,2024,2,1.0,0.0
15646,2024,3,0.0,1.0
15664,2025,1,1.0,0.0
15667,2024,4,1.0,0.0
15667,2025,2,0.0,1.0
15673,2023,4,0.0,1.0
15673,2024,2,0.0,1.0
15673,2024,4,1.0,0.0
15673,2025,4,0.0,1.0
15681,2023,1,1.0,0.0
15681,2023,2,1.0,0.0
15681,2023,3,0.0,1.0
15681,2024,3,1.0,0.0
15681,2025,2,1.0,0.0
15681,2025,3,1.0,0.0
15681,2025,4,0.0,1.0
15686,2023,1,0.0,1.0
15686,2023,2,1.0,0.0
15686,2023,4,1.0,0.0
15686,2025,3,1.0,0.0
15686,2025,4,1.0,0.0
15693,2024,1,0.0,1.0
15693,2024,2,0.0,1.0
15693,2024,3,0.0,1.0
15693,2024,4,0.0,2.0
15693,2025,1,0.0,1.0
15693,2025,2,0.0,1.0
15693,2025,3,0.0,1.0
15720,2023,2,1.0,1.0
15723,2023,4,1.0,0.0
15723,2025,2,0.0,1.0
15740,2023,4,0.0,1.0
15753,2024,1,0.0,1.0
15753,2025,3,0.0,1.0
15755,2023,1,0.0,1.0
15755,2023,3,1.0,1.0
15755,2024,3,1.0,0.0
15755,2024,4,0.0,1.0
15755,2025,3,0.0,1.0
15757,2024,1,1.0,0.0
15757,2024,2,2.0,0.0
15757,2024,3,0.0,1.0
15757,2025,1,0.0,1.0
15757,2025,2,0.0,1.0
15757,2025,3,1.0,0.0
15757,2025,4,1.0,1.0
15759,2023,1,3.0,5.0
15759,2023,2,1.0,12.0
15759,2023,3,2.0,13.0
15759,2023,4,3.0,4.0
15759,2024,1,5.0,6.0
15759,2024,2,4.0,3.0
15759,2024,3,3.0,6.0
15759,2024,4,2.0,8.0
15759,2025,1,2.0,2.0
15759,2025,2,2.0,4.0
15759,2025,3,1.0,5.0
15759,2025,4,2.0,6.0
15761,2023,4,0.0,1.0
15763,2023,1,0.0,1.0
15763,2023,3,0.0,1.0
15763,2023,4,0.0,1.0
15763,2024,1,0.0,3.0
15764,2023,1,1.0,1.0
15764,2025,4,1.0,0.0
15774,2025,3,1.0,0.0
15774,2025,4,1.0,0.0
15776,2023,3,2.0,0.0
15776,2023,4,1.0,0.0
15776,2024,4,2.0,0.0
15778,2024,4,0.0,3.0
15778,2025,2,2.0,0.0
15790,2024,1,1.0,0.0
15790,2024,4,1.0,0.0
15804,2024,1,0.0,1.0
15804,2025,3,0.0,1.0
15806,2023,1,0.0,1.0
15806,2023,3,0.0,1.0
15806,2023,4,0.0,1.0
15806,2024,4,0.0,1.0
15806,2025,3,0.0,2.0
15814,2024,1,1.0,0.0
15814,2024,2,1.0,0.0
15816,2025,4,0.0,1.0
15832,2025,4,1.0,0.0
15835,2024,3,1.0,0.0
15837,2023,1,0.0,15.0
15837,2023,2,0.0,11.0
15837,2023,3,0.0,5.0
15837,2023,4,0.0,2.0
15837,2024,1,0.0,11.0
15837,2024,2,1.0,7.0
15837,2024,3,0.0,2.0
15837,2025,1,0.0,6.0
15837,2025,2,0.0,4.0
15837,2025,3,0.0,8.0
15839,2025,2,1.0,0.0
15842,2024,2,0.0,1.0
15861,2024,3,0.0,1.0
15861,2024,4,0.0,1.0
15861,2025,2,1.0,0.0
15861,2025,4,1.0,0.0
15879,2023,3,1.0,0.0
15897,2023,4,0.0,1.0
15897,2024,1,1.0,0.0
15897,2024,3,0.0,1.0
17001,2023,1,7.0,11.0
17001,2023,2,12.0,9.0
17001,2023,3,7.0,7.0
17001,2023,4,10.0,10.0
17001,2024,1,3.0,12.0
17001,2024,2,8.0,12.0
17001,2024,3,9.0,15.0
17001,2024,4,7.0,8.0
17001,2025,1,7.0,4.0
17001,2025,2,11.0,8.0
17001,2025,3,8.0,13.0
17001,2025,4,11.0,14.0
17013,2023,1,2.0,0.0
17013,2023,2,2.0,0.0
17013,2023,3,3.0,0.0
17013,2023,4,1.0,0.0
17013,2024,1,4.0,0.0
17013,2024,3,1.0,0.0
17013,2024,4,3.0,0.0
17013,2025,3,2.0,0.0
17013,2025,4,3.0,0.0
17042,2023,1,2.0,0.0
17042,2023,2,1.0,1.0
17042,2023,3,1.0,1.0
17042,2023,4,1.0,0.0
17042,2024,1,3.0,2.0
17042,2024,2,2.0,0.0
17042,2024,3,1.0,1.0
17042,2025,3,1.0,0.0
17042,2025,4,1.0,1.0
17050,2023,1,1.0,0.0
17050,2025,2,1.0,0.0
17050,2025,3,1.0,0.0
17088,2023,1,1.0,0.0
17088,2023,2,1.0,1.0
17088,2023,4,0.0,3.0
17088,2024,1,0.0,1.0
17088,2024,3,1.0,0.0
17088,2025,1,1.0,0.0
17088,2025,2,2.0,1.0
17088,2025,4,1.0,0.0
17174,2023,2,1.0,2.0
17174,2023,3,1.0,0.0
17174,2023,4,7.0,1.0
17174,2024,1,4.0,0.0
17174,2024,2,4.0,0.0
17174,2024,3,3.0,0.0
17174,2024,4,6.0,1.0
17174,2025,1,3.0,1.0
17174,2025,2,6.0,1.0
17174,2025,3,3.0,2.0
17174,2025,4,2.0,2.0
17272,2023,3,0.0,1.0
17272,2025,2,1.0,0.0
17272,2025,3,1.0,0.0
17380,2023,1,4.0,3.0
17380,2023,2,3.0,5.0
17380,2023,3,7.0,5.0
17380,2023,4,6.0,3.0
17380,2024,1,4.0,6.0
17380,2024,2,6.0,10.0
17380,2024,3,6.0,5.0
17380,2024,4,5.0,1.0
17380,2025,1,6.0,10.0
17380,2025,2,3.0,1.0
17380,2025,3,7.0,5.0
17380,2025,4,2.0,5.0
17388,2023,3,1.0,0.0
17388,2024,2,0.0,1.0
17388,2025,4,1.0,0.0
17433,2023,1,2.0,0.0
17433,2023,2,1.0,0.0
17433,2023,3,1.0,0.0
17433,2024,2,1.0,0.0
17433,2024,4,1.0,1.0
17433,2025,1,1.0,0.0
17442,2023,1,2.0,0.0
17442,2023,2,2.0,1.0
17442,2023,4,2.0,0.0
17442,2024,2,3.0,0.0
17442,2024,4,1.0,0.0
17442,2025,1,0.0,1.0
17442,2025,3,3.0,0.0
17442,2025,4,1.0,1.0
17444,2023,2,1.0,0.0
17444,2023,3,1.0,0.0
17444,2024,1,1.0,0.0
17444,2024,4,1.0,0.0
17444,2025,2,3.0,0.0
17444,2025,3,1.0,1.0
17444,2025,4,1.0,0.0
17446,2023,2,1.0,0.0
17446,2023,3,2.0,0.0
17446,2024,3,1.0,0.0
17446,2024,4,1.0,0.0
17486,2023,1,0.0,1.0
17486,2023,4,0.0,2.0
17486,2024,2,1.0,0.0
17486,2024,3,2.0,0.0
17486,2024,4,3.0,1.0
17486,2025,1,2.0,0.0
17486,2025,3,3.0,0.0
17486,2025,4,0.0,1.0
17495,2023,4,3.0,0.0
17495,2024,1,0.0,1.0
17495,2024,2,2.0,1.0
17495,2025,3,1.0,1.0
17513,2023,1,1.0,0.0
17513,2023,2,1.0,1.0
17513,2023,3,2.0,0.0
17513,2023,4,3.0,0.0
17513,2024,4,0.0,1.0
17513,2025,2,1.0,0.0
17513,2025,4,1.0,0.0
17524,2023,3,2.0,1.0
17524,2024,1,3.0,0.0
17524,2024,2,6.0,0.0
17524,2024,3,1.0,1.0
17524,2024,4,3.0,0.0
17524,2025,1,1.0,1.0
17524,2025,2,0.0,1.0
17524,2025,3,1.0,1.0
17524,2025,4,4.0,0.0
17541,2023,1,0.0,3.0
17541,2023,2,2.0,0.0
17541,2023,3,1.0,0.0
17541,2024,3,0.0,2.0
17541,2025,3,1.0,0.0
17541,2025,4,1.0,0.0
17614,2023,1,1.0,0.0
17614,2023,2,0.0,1.0
17614,2023,3,2.0,1.0
17614,2023,4,2.0,3.0
17614,2024,1,1.0,3.0
17614,2024,4,1.0,1.0
17614,2025,1,0.0,1.0
17614,2025,2,0.0,3.0
17614,2025,3,0.0,1.0
17616,2023,4,1.0,0.0
17616,2024,1,2.0,0.0
17616,2024,3,1.0,0.0
17616,2024,4,1.0,0.0
17616,2025,4,0.0,1.0
17653,2023,1,1.0,0.0
17653,2023,3,0.0,1.0
17653,2023,4,0.0,1.0
17653,2024,1,1.0,0.0
17653,2024,2,1.0,0.0
17653,2025,3,0.0,1.0
17653,2025,4,1.0,1.0
17662,2023,1,1.0,0.0
17662,2023,3,1.0,0.0
17662,2024,2,1.0,1.0
17662,2024,3,1.0,0.0
17662,2024,4,1.0,0.0
17662,2025,1,3.0,1.0
17662,2025,2,1.0,1.0
17662,2025,3,1.0,0.0
17662,2025,4,0.0,1.0
17665,2024,2,2.0,0.0
17665,2024,4,1.0,0.0
17665,2025,1,2.0,0.0
17777,2023,1,2.0,1.0
17777,2023,2,0.0,1.0
17777,2023,4,1.0,1.0
17777,2024,1,4.0,1.0
17777,2024,2,2.0,2.0
17777,2024,4,4.0,0.0
17777,2025,1,3.0,1.0
17777,2025,2,1.0,1.0
17777,2025,3,1.0,1.0
17777,2025,4,4.0,3.0
17867,2023,3,2.0,0.0
17867,2024,4,1.0,0.0
17867,2025,1,1.0,0.0
17867,2025,3,0.0,1.0
17873,2023,1,1.0,1.0
17873,2023,2,2.0,2.0
17873,2023,3,0.0,2.0
17873,2023,4,1.0,3.0
17873,2024,1,0.0,1.0
17873,2024,2,3.0,1.0
17873,2024,3,1.0,0.0
17873,2024,4,2.0,3.0
17873,2025,1,0.0,3.0
17873,2025,2,2.0,1.0
17873,2025,3,4.0,1.0
17873,2025,4,1.0,0.0
17877,2023,3,3.0,2.0
17877,2023,4,1.0,0.0
17877,2024,2,1.0,0.0
17877,2024,3,1.0,2.0
17877,2025,1,2.0,0.0
17877,2025,2,1.0,0.0
17877,2025,3,2.0,0.0
18001,2023,1,6.0,6.0
18001,2023,2,10.0,5.0
18001,2023,3,5.0,11.0
18001,2023,4,6.0,21.0
18001,2024,1,8.0,11.0
18001,2024,2,5.0,19.0
18001,2024,3,5.0,24.0
18001,2024,4,5.0,32.0
18001,2025,1,6.0,21.0
18001,2025,2,0.0,18.0
18001,2025,3,4.0,25.0
18001,2025,4,11.0,18.0
18029,2024,3,1.0,1.0
18029,2025,3,0.0,1.0
18029,2025,4,1.0,1.0
18094,2023,1,1.0,0.0
18094,2023,3,1.0,0.0
18094,2024,2,4.0,0.0
18094,2024,3,2.0,1.0
18094,2025,1,1.0,0.0
18094,2025,3,1.0,0.0
18150,2023,1,2.0,2.0
18150,2023,2,4.0,0.0
18150,2023,3,8.0,1.0
18150,2023,4,3.0,0.0
18150,2024,1,0.0,1.0
18150,2024,2,1.0,0.0
18150,2024,3,3.0,2.0
18150,2024,4,5.0,2.0
18150,2025,1,7.0,2.0
18150,2025,2,4.0,3.0
18150,2025,3,6.0,1.0
18150,2025,4,4.0,5.0
18205,2023,1,3.0,0.0
18205,2023,2,2.0,0.0
18205,2023,3,1.0,0.0
18205,2023,4,2.0,2.0
18205,2024,3,0.0,1.0
18205,2024,4,1.0,0.0
18205,2025,1,1.0,3.0
18205,2025,3,0.0,1.0
18205,2025,4,1.0,0.0
18247,2023,1,2.0,1.0
18247,2023,2,2.0,0.0
18247,2023,3,4.0,0.0
18247,2023,4,4.0,1.0
18247,2024,1,3.0,2.0
18247,2024,2,0.0,2.0
18247,2024,3,2.0,0.0
18247,2024,4,1.0,0.0
18247,2025,1,0.0,2.0
18247,2025,2,0.0,2.0
18247,2025,3,2.0,2.0
18247,2025,4,1.0,0.0
18256,2023,1,3.0,0.0
18256,2023,2,3.0,0.0
18256,2023,3,2.0,0.0
18256,2023,4,3.0,0.0
18256,2024,1,3.0,1.0
18256,2024,2,2.0,2.0
18256,2024,4,1.0,0.0
18256,2025,1,2.0,0.0
18256,2025,2,2.0,0.0
18256,2025,3,1.0,2.0
18256,2025,4,3.0,0.0
18410,2023,1,5.0,0.0
18410,2023,2,1.0,1.0
18410,2023,3,2.0,0.0
18410,2023,4,1.0,1.0
18410,2024,1,1.0,1.0
18410,2024,2,4.0,0.0
18410,2024,3,2.0,0.0
18410,2024,4,2.0,1.0
18410,2025,1,1.0,1.0
18410,2025,3,0.0,2.0
18410,2025,4,4.0,0.0
18460,2024,1,0.0,3.0
18460,2024,2,0.0,2.0
18460,2024,3,1.0,0.0
18460,2025,1,1.0,0.0
18460,2025,2,0.0,1.0
18460,2025,3,0.0,1.0
18460,2025,4,2.0,1.0
18479,2023,1,0.0,1.0
18479,2023,2,1.0,0.0
18479,2023,4,0.0,2.0
18479,2024,3,0.0,1.0
18479,2025,1,0.0,1.0
18479,2025,2,0.0,1.0
18592,2023,1,3.0,1.0
18592,2023,2,2.0,0.0
18592,2023,3,8.0,0.0
18592,2023,4,3.0,2.0
18592,2024,1,0.0,1.0
18592,2024,2,2.0,1.0
18592,2024,3,6.0,1.0
18592,2024,4,0.0,2.0
18592,2025,1,2.0,0.0
18592,2025,2,1.0,1.0
18592,2025,4,0.0,2.0
18610,2023,1,4.0,0.0
18610,2023,2,1.0,0.0
18610,2023,3,0.0,1.0
18610,2023,4,2.0,2.0
18610,2024,1,2.0,1.0
18610,2024,2,12.0,0.0
18610,2024,3,1.0,0.0
18610,2024,4,3.0,1.0
18610,2025,1,4.0,0.0
18610,2025,2,1.0,0.0
18610,2025,3,2.0,1.0
18610,2025,4,3.0,0.0
18753,2023,1,5.0,1.0
18753,2023,2,8.0,0.0
18753,2023,3,8.0,1.0
18753,2023,4,8.0,4.0
18753,2024,1,7.0,6.0
18753,2024,2,4.0,5.0
18753,2024,3,8.0,5.0
18753,2024,4,1.0,1.0
18753,2025,1,8.0,1.0
18753,2025,2,7.0,6.0
18753,2025,3,10.0,2.0
18753,2025,4,2.0,2.0
18756,2023,3,1.0,0.0
18756,2023,4,0.0,1.0
18756,2024,1,1.0,1.0
18756,2024,3,0.0,1.0
18756,2024,4,0.0,1.0
18756,2025,1,2.0,0.0
18756,2025,2,1.0,0.0
18756,2025,3,0.0,1.0
18785,2023,1,0.0,1.0
18785,2023,4,3.0,1.0
18785,2024,2,1.0,0.0
18785,2024,3,1.0,1.0
18785,2024,4,0.0,2.0
18785,2025,1,2.0,0.0
18785,2025,2,1.0,1.0
18785,2025,3,1.0,1.0
18860,2023,3,1.0,1.0
18860,2023,4,1.0,0.0
18860,2024,1,1.0,0.0
18860,2024,2,1.0,2.0
18860,2024,3,0.0,1.0
18860,2025,1,0.0,1.0
18860,2025,2,0.0,1.0
18860,2025,3,0.0,1.0
18860,2025,4,0.0,1.0
19001,2023,1,14.0,40.0
19001,2023,2,14.0,36.0
19001,2023,3,19.0,34.0
19001,2023,4,24.0,38.0
19001,2024,1,20.0,43.0
19001,2024,2,8.0,47.0
19001,2024,3,23.0,32.0
19001,2024,4,9.0,50.0
19001,2025,1,21.0,38.0
19001,2025,2,18.0,32.0
19001,2025,3,17.0,43.0
19001,2025,4,16.0,60.0
19022,2023,1,0.0,1.0
19022,2023,2,1.0,0.0
19022,2023,3,0.0,2.0
19022,2024,1,1.0,1.0
19022,2024,2,0.0,1.0
19022,2024,3,1.0,0.0
19022,2024,4,1.0,0.0
19022,2025,3,2.0,1.0
19022,2025,4,0.0,1.0
19050,2023,1,6.0,0.0
19050,2023,2,6.0,0.0
19050,2023,3,12.0,1.0
19050,2023,4,6.0,0.0
19050,2024,1,5.0,1.0
19050,2024,2,20.0,2.0
19050,2024,3,11.0,1.0
19050,2024,4,19.0,0.0
19050,2025,1,10.0,0.0
19050,2025,2,8.0,1.0
19050,2025,3,7.0,2.0
19050,2025,4,14.0,0.0
19075,2023,1,7.0,0.0
19075,2023,2,13.0,1.0
19075,2023,3,5.0,0.0
19075,2023,4,0.0,1.0
19075,2024,1,6.0,1.0
19075,2024,2,1.0,4.0
19075,2024,3,2.0,0.0
19075,2024,4,6.0,0.0
19075,2025,1,11.0,0.0
19075,2025,2,2.0,0.0
19075,2025,3,8.0,0.0
19075,2025,4,1.0,0.0
19100,2023,1,9.0,1.0
19100,2023,2,3.0,2.0
19100,2023,3,6.0,1.0
19100,2023,4,3.0,2.0
19100,2024,1,9.0,0.0
19100,2024,2,3.0,2.0
19100,2024,3,2.0,0.0
19100,2025,1,5.0,2.0
19100,2025,2,0.0,1.0
19100,2025,3,16.0,1.0
19100,2025,4,4.0,0.0
19110,2023,1,7.0,0.0
19110,2023,2,4.0,1.0
19110,2023,3,4.0,0.0
19110,2023,4,9.0,1.0
19110,2024,1,3.0,1.0
19110,2024,2,5.0,0.0
19110,2024,3,14.0,1.0
19110,2024,4,10.0,2.0
19110,2025,1,6.0,0.0
19110,2025,2,4.0,0.0
19110,2025,3,2.0,2.0
19110,2025,4,4.0,1.0
19130,2023,1,5.0,1.0
19130,2023,2,4.0,5.0
19130,2023,3,6.0,1.0
19130,2023,4,2.0,10.0
19130,2024,1,7.0,4.0
19130,2024,2,6.0,3.0
19130,2024,3,7.0,3.0
19130,2024,4,4.0,5.0
19130,2025,1,2.0,2.0
19130,2025,2,4.0,1.0
19130,2025,3,4.0,5.0
19130,2025,4,5.0,2.0
19137,2023,1,3.0,2.0
19137,2023,2,2.0,1.0
19137,2023,3,3.0,1.0
19137,2023,4,6.0,3.0
19137,2024,1,3.0,4.0
19137,2024,2,1.0,4.0
19137,2024,3,4.0,2.0
19137,2024,4,9.0,0.0
19137,2025,1,0.0,1.0
19137,2025,2,1.0,3.0
19137,2025,3,4.0,5.0
19137,2025,4,0.0,2.0
19142,2023,1,9.0,2.0
19142,2023,2,7.0,2.0
19142,2023,3,12.0,3.0
19142,2023,4,11.0,2.0
19142,2024,1,1.0,3.0
19142,2024,2,5.0,7.0
19142,2024,3,6.0,3.0
19142,2024,4,8.0,5.0
19142,2025,1,7.0,2.0
19142,2025,2,11.0,1.0
19142,2025,3,9.0,4.0
19142,2025,4,7.0,2.0
19212,2023,1,13.0,3.0
19212,2023,2,5.0,4.0
19212,2023,3,18.0,0.0
19212,2023,4,18.0,1.0
19212,2024,1,11.0,1.0
19212,2024,2,18.0,2.0
19212,2024,3,6.0,3.0
19212,2024,4,7.0,3.0
19212,2025,1,8.0,0.0
19212,2025,2,12.0,0.0
19212,2025,3,8.0,1.0
19212,2025,4,9.0,2.0
19256,2023,1,3.0,8.0
19256,2023,2,11.0,2.0
19256,2023,3,6.0,4.0
19256,2023,4,6.0,4.0
19256,2024,1,10.0,2.0
19256,2024,2,1.0,2.0
19256,2024,3,5.0,3.0
19256,2024,4,7.0,0.0
19256,2025,1,6.0,3.0
19256,2025,2,3.0,0.0
19256,2025,3,6.0,1.0
19256,2025,4,6.0,4.0
19290,2023,1,1.0,1.0
19290,2023,2,1.0,1.0
19290,2024,1,1.0,0.0
19290,2024,2,1.0,0.0
19290,2024,4,2.0,0.0
19290,2025,1,1.0,0.0
19290,2025,2,2.0,1.0
19290,2025,3,2.0,0.0
19300,2023,1,7.0,1.0
19300,2023,2,11.0,3.0
19300,2023,3,6.0,2.0
19300,2023,4,12.0,2.0
19300,2024,1,10.0,0.0
19300,2024,2,8.0,1.0
19300,2024,3,13.0,1.0
19300,2024,4,9.0,0.0
19300,2025,1,8.0,1.0
19300,2025,2,6.0,0.0
19300,2025,3,22.0,0.0
19300,2025,4,14.0,0.0
19318,2023,1,0.0,2.0
19318,2023,2,3.0,1.0
19318,2023,3,1.0,0.0
19318,2023,4,3.0,1.0
19318,2024,1,1.0,1.0
19318,2024,2,3.0,2.0
19318,2024,3,0.0,2.0
19318,2025,1,2.0,1.0
19318,2025,2,4.0,0.0
19318,2025,4,1.0,0.0
19355,2023,1,1.0,0.0
19355,2023,2,2.0,2.0
19355,2023,3,3.0,8.0
19355,2023,4,1.0,5.0
19355,2024,1,1.0,1.0
19355,2024,2,0.0,4.0
19355,2024,3,2.0,3.0
19355,2024,4,2.0,1.0
19355,2025,1,5.0,1.0
19355,2025,2,1.0,2.0
19355,2025,3,0.0,1.0
19355,2025,4,1.0,3.0
19364,2023,2,7.0,0.0
19364,2024,2,0.0,1.0
19364,2024,3,2.0,2.0
19364,2024,4,2.0,0.0
19364,2025,1,0.0,1.0
19364,2025,2,1.0,0.0
19364,2025,3,0.0,2.0
19364,2025,4,0.0,1.0
19392,2023,1,1.0,0.0
19392,2023,3,1.0,0.0
19392,2023,4,3.0,1.0
19392,2024,2,3.0,1.0
19392,2024,3,1.0,0.0
19392,2024,4,1.0,0.0
19392,2025,4,1.0,0.0
19397,2023,1,1.0,1.0
19397,2023,2,0.0,1.0
19397,2023,3,2.0,1.0
19397,2023,4,0.0,2.0
19397,2024,1,1.0,0.0
19397,2024,2,2.0,3.0
19397,2024,3,5.0,0.0
19397,2024,4,1.0,1.0
19397,2025,1,0.0,1.0
19397,2025,2,2.0,1.0
19397,2025,3,4.0,2.0
19397,2025,4,1.0,0.0
19418,2023,1,1.0,0.0
19418,2023,2,0.0,1.0
19418,2023,3,3.0,0.0
19418,2023,4,0.0,1.0
19418,2024,1,1.0,0.0
19418,2024,3,4.0,0.0
19418,2025,2,1.0,1.0
19418,2025,3,0.0,2.0
19450,2023,1,7.0,5.0
19450,2023,2,6.0,1.0
19450,2023,3,2.0,0.0
19450,2023,4,3.0,1.0
19450,2024,1,5.0,1.0
19450,2024,2,2.0,0.0
19450,2024,3,3.0,0.0
19450,2024,4,7.0,1.0
19450,2025,1,4.0,2.0
19450,2025,2,7.0,1.0
19450,2025,3,7.0,2.0
19450,2025,4,6.0,1.0
19455,2023,1,5.0,2.0
19455,2023,2,8.0,4.0
19455,2023,3,21.0,2.0
19455,2023,4,9.0,5.0
19455,2024,1,3.0,1.0
19455,2024,2,14.0,4.0
19455,2024,3,2.0,2.0
19455,2024,4,3.0,3.0
19455,2025,1,17.0,2.0
19455,2025,2,10.0,1.0
19455,2025,3,11.0,2.0
19455,2025,4,7.0,2.0
19473,2023,1,2.0,1.0
19473,2023,2,1.0,1.0
19473,2023,3,3.0,1.0
19473,2023,4,4.0,2.0
19473,2024,1,7.0,2.0
19473,2024,2,7.0,0.0
19473,2024,3,6.0,3.0
19473,2024,4,2.0,1.0
19473,2025,1,2.0,0.0
19473,2025,2,1.0,1.0
19473,2025,3,3.0,0.0
19473,2025,4,0.0,1.0
19513,2023,1,2.0,0.0
19513,2023,2,2.0,0.0
19513,2023,3,0.0,1.0
19513,2023,4,1.0,0.0
19513,2024,1,1.0,0.0
19513,2024,2,2.0,1.0
19513,2024,3,1.0,0.0
19513,2024,4,1.0,0.0
19513,2025,1,1.0,1.0
19513,2025,2,2.0,0.0
19513,2025,3,2.0,1.0
19513,2025,4,6.0,0.0
19517,2023,1,2.0,4.0
19517,2023,2,0.0,3.0
19517,2023,3,4.0,2.0
19517,2023,4,2.0,2.0
19517,2024,1,2.0,1.0
19517,2024,2,8.0,2.0
19517,2024,3,3.0,3.0
19517,2024,4,2.0,0.0
19517,2025,1,6.0,0.0
19517,2025,2,2.0,1.0
19517,2025,3,3.0,0.0
19517,2025,4,2.0,0.0
19532,2023,1,20.0,1.0
19532,2023,2,8.0,2.0
19532,2023,3,14.0,2.0
19532,2023,4,9.0,4.0
19532,2024,1,9.0,2.0
19532,2024,2,10.0,2.0
19532,2024,3,18.0,5.0
19532,2024,4,7.0,0.0
19532,2025,1,6.0,0.0
19532,2025,2,12.0,4.0
19532,2025,3,9.0,6.0
19532,2025,4,9.0,0.0
19533,2023,1,0.0,1.0
19533,2023,3,4.0,0.0
19533,2023,4,7.0,0.0
19533,2024,1,6.0,0.0
19533,2024,2,1.0,1.0
19533,2024,3,2.0,0.0
19533,2025,2,2.0,0.0
19548,2023,1,0.0,5.0
19548,2023,2,5.0,3.0
19548,2023,3,1.0,4.0
19548,2023,4,2.0,5.0
19548,2024,1,1.0,6.0
19548,2024,2,3.0,5.0
19548,2024,3,9.0,3.0
19548,2024,4,3.0,3.0
19548,2025,1,5.0,1.0
19548,2025,2,3.0,4.0
19548,2025,3,2.0,2.0
19548,2025,4,2.0,4.0
19573,2023,1,11.0,1.0
19573,2023,2,15.0,1.0
19573,2023,3,6.0,2.0
19573,2023,4,17.0,2.0
19573,2024,1,10.0,4.0
19573,2024,2,6.0,2.0
19573,2024,3,10.0,4.0
19573,2024,4,18.0,0.0
19573,2025,1,21.0,3.0
19573,2025,2,21.0,5.0
19573,2025,3,19.0,3.0
19573,2025,4,20.0,1.0
19585,2023,1,0.0,1.0
19585,2023,3,0.0,3.0
19585,2023,4,1.0,1.0
19585,2024,1,0.0,1.0
19585,2025,1,0.0,1.0
19585,2025,2,0.0,2.0
19585,2025,3,0.0,1.0
19585,2025,4,0.0,3.0
19622,2023,1,2.0,1.0
19622,2023,2,2.0,1.0
19622,2023,4,0.0,1.0
19622,2024,1,0.0,3.0
19622,2024,2,1.0,0.0
19622,2024,3,1.0,1.0
19622,2024,4,1.0,3.0
19622,2025,1,1.0,2.0
19622,2025,3,1.0,1.0
19622,2025,4,2.0,1.0
19693,2023,1,1.0,0.0
19693,2023,3,1.0,0.0
19693,2024,1,0.0,1.0
19693,2024,3,0.0,1.0
19693,2025,3,0.0,1.0
19698,2023,1,28.0,10.0
19698,2023,2,27.0,18.0
19698,2023,3,44.0,16.0
19698,2023,4,53.0,7.0
19698,2024,1,33.0,9.0
19698,2024,2,37.0,7.0
19698,2024,3,25.0,10.0
19698,2024,4,32.0,15.0
19698,2025,1,29.0,16.0
19698,2025,2,33.0,8.0
19698,2025,3,36.0,6.0
19698,2025,4,36.0,13.0
19701,2023,1,0.0,1.0
19701,2023,4,0.0,1.0
19701,2024,2,0.0,1.0
19701,2025,2,0.0,1.0
19701,2025,3,2.0,0.0
19743,2023,1,3.0,1.0
19743,2023,2,1.0,2.0
19743,2023,3,1.0,1.0
19743,2023,4,4.0,0.0
19743,2024,1,6.0,6.0
19743,2024,2,7.0,2.0
19743,2024,3,1.0,0.0
19743,2024,4,3.0,4.0
19743,2025,1,4.0,3.0
19743,2025,2,0.0,3.0
19743,2025,3,2.0,0.0
19743,2025,4,0.0,3.0
19760,2023,1,1.0,0.0
19760,2023,2,0.0,1.0
19760,2023,3,2.0,1.0
19760,2023,4,2.0,3.0
19760,2024,1,1.0,0.0
19760,2024,2,0.0,1.0
19760,2024,3,1.0,1.0
19760,2024,4,0.0,1.0
19760,2025,1,0.0,2.0
19760,2025,2,1.0,1.0
19780,2023,1,7.0,0.0
19780,2023,2,6.0,4.0
19780,2023,3,3.0,1.0
19780,2023,4,5.0,3.0
19780,2024,1,6.0,1.0
19780,2024,2,12.0,0.0
19780,2024,3,7.0,2.0
19780,2024,4,9.0,0.0
19780,2025,1,2.0,2.0
19780,2025,2,7.0,0.0
19780,2025,3,5.0,1.0
19780,2025,4,7.0,0.0
19785,2023,1,1.0,0.0
19785,2023,2,2.0,0.0
19785,2023,3,3.0,0.0
19785,2023,4,1.0,0.0
19785,2024,1,2.0,0.0
19785,2024,4,1.0,0.0
19785,2025,1,2.0,0.0
19785,2025,2,2.0,1.0
19785,2025,3,9.0,0.0
19785,2025,4,3.0,0.0
19807,2023,1,1.0,1.0
19807,2023,2,0.0,2.0
19807,2023,3,0.0,4.0
19807,2023,4,1.0,3.0
19807,2024,1,6.0,2.0
19807,2024,2,0.0,3.0
19807,2024,3,1.0,8.0
19807,2024,4,2.0,4.0
19807,2025,1,3.0,3.0
19807,2025,2,2.0,4.0
19807,2025,3,6.0,10.0
19807,2025,4,0.0,6.0
19809,2023,1,0.0,1.0
19809,2023,2,0.0,1.0
19809,2023,3,2.0,0.0
19809,2024,1,1.0,0.0
19809,2024,2,0.0,3.0
19809,2024,4,2.0,0.0
19809,2025,2,0.0,3.0
19809,2025,3,1.0,1.0
19821,2023,1,2.0,3.0
19821,2023,2,4.0,0.0
19821,2023,3,3.0,1.0
19821,2023,4,11.0,1.0
19821,2024,1,4.0,1.0
19821,2024,2,5.0,3.0
19821,2024,3,11.0,2.0
19821,2024,4,5.0,1.0
19821,2025,1,4.0,1.0
19821,2025,2,5.0,0.0
19821,2025,3,1.0,0.0
19821,2025,4,0.0,1.0
19824,2023,1,3.0,2.0
19824,2023,2,1.0,3.0
19824,2023,3,0.0,1.0
19824,2023,4,0.0,1.0
19824,2024,1,1.0,0.0
19824,2024,2,3.0,2.0
19824,2024,3,0.0,4.0
19824,2024,4,0.0,2.0
19824,2025,1,0.0,2.0
19824,2025,2,0.0,5.0
19824,2025,3,1.0,3.0
19824,2025,4,2.0,3.0
19845,2023,1,4.0,1.0
19845,2023,2,4.0,0.0
19845,2023,3,5.0,1.0
19845,2023,4,5.0,3.0
19845,2024,1,9.0,2.0
19845,2024,2,3.0,1.0
19845,2024,3,7.0,2.0
19845,2024,4,6.0,0.0
19845,2025,1,8.0,1.0
19845,2025,2,9.0,1.0
19845,2025,3,17.0,3.0
19845,2025,4,8.0,1.0
20001,2023,1,38.0,15.0
20001,2023,2,30.0,18.0
20001,2023,3,36.0,27.0
20001,2023,4,22.0,41.0
20001,2024,1,34.0,48.0
20001,2024,2,29.0,50.0
20001,2024,3,28.0,41.0
20001,2024,4,32.0,27.0
20001,2025,1,31.0,46.0
20001,2025,2,25.0,42.0
20001,2025,3,22.0,50.0
20001,2025,4,34.0,52.0
20011,2023,1,11.0,4.0
20011,2023,2,5.0,5.0
20011,2023,3,12.0,3.0
20011,2023,4,11.0,9.0
20011,2024,1,9.0,8.0
20011,2024,2,9.0,10.0
20011,2024,3,7.0,7.0
20011,2024,4,17.0,4.0
20011,2025,1,12.0,7.0
20011,2025,2,11.0,7.0
20011,2025,3,5.0,6.0
20011,2025,4,16.0,5.0
20013,2023,1,9.0,2.0
20013,2023,2,4.0,2.0
20013,2023,3,7.0,4.0
20013,2023,4,6.0,6.0
20013,2024,1,5.0,7.0
20013,2024,2,7.0,10.0
20013,2024,3,8.0,3.0
20013,2024,4,2.0,8.0
20013,2025,1,5.0,8.0
20013,2025,2,1.0,3.0
20013,2025,3,3.0,3.0
20013,2025,4,10.0,1.0
20032,2023,1,6.0,0.0
20032,2023,2,0.0,1.0
20032,2023,3,2.0,2.0
20032,2023,4,4.0,0.0
20032,2024,1,1.0,0.0
20032,2024,2,6.0,2.0
20032,2024,3,1.0,0.0
20032,2024,4,1.0,0.0
20032,2025,1,0.0,1.0
20032,2025,2,1.0,0.0
20032,2025,3,1.0,1.0
20032,2025,4,2.0,1.0
20045,2023,1,1.0,1.0
20045,2023,2,1.0,1.0
20045,2024,2,2.0,1.0
20045,2024,3,1.0,0.0
20045,2024,4,4.0,1.0
20045,2025,1,1.0,3.0
20045,2025,2,1.0,4.0
20045,2025,3,5.0,4.0
20045,2025,4,3.0,5.0
20060,2023,1,2.0,3.0
20060,2023,2,5.0,1.0
20060,2023,3,6.0,0.0
20060,2023,4,6.0,4.0
20060,2024,1,3.0,1.0
20060,2024,2,5.0,7.0
20060,2024,3,4.0,3.0
20060,2024,4,5.0,3.0
20060,2025,1,4.0,4.0
20060,2025,2,7.0,3.0
20060,2025,3,1.0,3.0
20060,2025,4,6.0,2.0
20175,2023,1,1.0,0.0
20175,2023,2,1.0,2.0
20175,2023,3,1.0,7.0
20175,2023,4,2.0,1.0
20175,2024,1,3.0,1.0
20175,2024,2,1.0,1.0
20175,2024,3,2.0,1.0
20175,2024,4,4.0,0.0
20175,2025,1,3.0,1.0
20175,2025,2,2.0,2.0
20175,2025,3,2.0,0.0
20175,2025,4,1.0,3.0
20178,2023,1,4.0,1.0
20178,2023,2,3.0,2.0
20178,2023,3,6.0,0.0
20178,2023,4,1.0,3.0
20178,2024,1,3.0,3.0
20178,2024,2,4.0,2.0
20178,2024,3,3.0,0.0
20178,2024,4,6.0,1.0
20178,2025,1,3.0,0.0
20178,2025,2,2.0,5.0
20178,2025,3,0.0,7.0
20178,2025,4,3.0,1.0
20228,2023,1,1.0,1.0
20228,2023,2,2.0,0.0
20228,2023,3,2.0,0.0
20228,2023,4,2.0,1.0
20228,2024,1,4.0,2.0
20228,2024,2,3.0,0.0
20228,2024,3,1.0,0.0
20228,2024,4,2.0,2.0
20228,2025,1,2.0,0.0
20228,2025,2,1.0,0.0
20228,2025,3,0.0,1.0
20228,2025,4,5.0,0.0
20238,2023,1,3.0,0.0
20238,2023,2,5.0,0.0
20238,2023,3,5.0,2.0
20238,2023,4,8.0,2.0
20238,2024,1,6.0,2.0
20238,2024,2,2.0,4.0
20238,2024,3,9.0,4.0
20238,2024,4,2.0,5.0
20238,2025,1,4.0,3.0
20238,2025,2,4.0,2.0
20238,2025,3,2.0,2.0
20238,2025,4,0.0,2.0
20250,2023,1,6.0,0.0
20250,2023,2,5.0,1.0
20250,2023,3,4.0,3.0
20250,2023,4,3.0,2.0
20250,2024,1,1.0,4.0
20250,2024,2,1.0,4.0
20250,2024,3,3.0,4.0
20250,2024,4,6.0,1.0
20250,2025,1,1.0,3.0
20250,2025,2,3.0,3.0
20250,2025,3,2.0,1.0
20250,2025,4,2.0,2.0
20295,2023,1,1.0,1.0
20295,2023,3,1.0,0.0
20295,2023,4,2.0,0.0
20295,2024,3,1.0,2.0
20295,2024,4,0.0,3.0
20295,2025,2,1.0,2.0
20295,2025,3,3.0,1.0
20295,2025,4,2.0,1.0
20310,2023,1,1.0,0.0
20310,2023,2,3.0,1.0
20310,2023,3,1.0,0.0
20310,2024,1,0.0,1.0
20310,2024,3,0.0,1.0
20310,2024,4,0.0,1.0
20310,2025,2,1.0,0.0
20383,2023,1,1.0,1.0
20383,2023,2,2.0,2.0
20383,2023,3,4.0,2.0
20383,2023,4,2.0,1.0
20383,2024,1,3.0,5.0
20383,2024,2,1.0,1.0
20383,2024,3,1.0,0.0
20383,2024,4,1.0,2.0
20383,2025,2,3.0,2.0
20383,2025,3,1.0,1.0
20383,2025,4,5.0,0.0
20400,2023,1,1.0,1.0
20400,2023,2,1.0,4.0
20400,2023,3,0.0,1.0
20400,2023,4,1.0,3.0
20400,2024,1,0.0,4.0
20400,2024,2,1.0,3.0
20400,2024,3,3.0,2.0
20400,2024,4,4.0,1.0
20400,2025,1,5.0,5.0
20400,2025,2,3.0,8.0
20400,2025,3,1.0,1.0
20400,2025,4,5.0,5.0
20443,2023,3,0.0,1.0
20443,2024,3,2.0,1.0
20443,2024,4,0.0,1.0
20443,2025,1,0.0,1.0
20443,2025,3,0.0,1.0
20517,2023,1,1.0,2.0
20517,2023,2,2.0,0.0
20517,2023,3,2.0,2.0
20517,2023,4,1.0,1.0
20517,2024,1,2.0,1.0
20517,2024,2,2.0,5.0
20517,2024,3,2.0,0.0
20517,2024,4,2.0,2.0
20517,2025,1,0.0,2.0
20517,2025,2,1.0,2.0
20517,2025,3,0.0,1.0
20517,2025,4,2.0,5.0
20550,2023,2,7.0,0.0
20550,2023,3,1.0,2.0
20550,2023,4,3.0,2.0
20550,2024,1,2.0,3.0
20550,2024,2,1.0,2.0
20550,2024,3,3.0,0.0
20550,2024,4,1.0,2.0
20550,2025,1,1.0,0.0
20550,2025,2,2.0,1.0
20550,2025,3,4.0,2.0
20550,2025,4,5.0,0.0
20570,2024,1,3.0,3.0
20570,2024,3,1.0,1.0
20570,2025,1,1.0,2.0
20570,2025,2,1.0,0.0
20570,2025,3,1.0,1.0
20570,2025,4,2.0,2.0
20614,2023,1,5.0,1.0
20614,2023,2,1.0,0.0
20614,2023,3,5.0,2.0
20614,2023,4,2.0,2.0
20614,2024,2,3.0,0.0
20614,2024,3,6.0,1.0
20614,2024,4,2.0,0.0
20614,2025,1,0.0,1.0
20614,2025,2,9.0,0.0
20614,2025,3,2.0,1.0
20614,2025,4,6.0,1.0
20621,2023,1,2.0,0.0
20621,2023,2,2.0,0.0
20621,2023,3,5.0,0.0
20621,2023,4,7.0,1.0
20621,2024,1,2.0,1.0
20621,2024,2,0.0,3.0
20621,2024,3,2.0,3.0
20621,2024,4,8.0,1.0
20621,2025,1,1.0,2.0
20621,2025,2,2.0,0.0
20621,2025,3,4.0,3.0
20621,2025,4,0.0,2.0
20710,2023,1,2.0,2.0
20710,2023,2,1.0,0.0
20710,2023,3,3.0,5.0
20710,2023,4,1.0,1.0
20710,2024,1,1.0,3.0
20710,2024,2,3.0,1.0
20710,2024,3,1.0,1.0
20710,2024,4,4.0,2.0
20710,2025,1,0.0,4.0
20710,2025,2,10.0,7.0
20710,2025,3,6.0,5.0
20710,2025,4,5.0,3.0
20750,2023,1,1.0,0.0
20750,2023,2,0.0,1.0
20750,2023,3,1.0,0.0
20750,2023,4,1.0,1.0
20750,2024,1,4.0,2.0
20750,2024,2,1.0,1.0
20750,2024,3,0.0,3.0
20750,2024,4,0.0,1.0
20750,2025,1,1.0,0.0
20750,2025,2,2.0,0.0
20750,2025,3,0.0,2.0
20750,2025,4,0.0,4.0
20770,2023,1,0.0,1.0
20770,2023,2,2.0,0.0
20770,2023,3,1.0,1.0
20770,2023,4,0.0,1.0
20770,2024,1,2.0,3.0
20770,2024,2,0.0,2.0
20770,2024,3,0.0,1.0
20770,2024,4,7.0,1.0
20770,2025,1,3.0,1.0
20770,2025,2,8.0,4.0
20770,2025,3,7.0,2.0
20770,2025,4,5.0,2.0
20787,2023,1,1.0,1.0
20787,2023,2,4.0,0.0
20787,2023,4,1.0,0.0
20787,2024,1,1.0,2.0
20787,2024,2,1.0,1.0
20787,2024,4,0.0,1.0
20787,2025,1,0.0,1.0
23001,2023,1,19.0,12.0
23001,2023,2,16.0,4.0
23001,2023,3,19.0,14.0
23001,2023,4,7.0,15.0
23001,2024,1,25.0,9.0
23001,2024,2,28.0,11.0
23001,2024,3,11.0,14.0
23001,2024,4,8.0,13.0
23001,2025,1,5.0,10.0
23001,2025,2,11.0,14.0
23001,2025,3,12.0,13.0
23001,2025,4,15.0,11.0
23068,2023,2,1.0,1.0
23068,2023,3,1.0,0.0
23068,2023,4,1.0,1.0
23068,2024,4,1.0,1.0
23068,2025,2,2.0,1.0
23068,2025,3,0.0,2.0
23068,2025,4,0.0,1.0
23079,2023,2,1.0,1.0
23079,2023,3,1.0,1.0
23079,2023,4,0.0,1.0
23079,2024,1,1.0,0.0
23079,2024,2,0.0,2.0
23079,2024,4,2.0,0.0
23079,2025,2,2.0,1.0
23079,2025,3,0.0,1.0
23079,2025,4,1.0,1.0
23090,2024,2,2.0,1.0
23090,2024,4,0.0,1.0
23162,2023,1,7.0,0.0
23162,2023,2,8.0,1.0
23162,2023,3,10.0,2.0
23162,2023,4,2.0,3.0
23162,2024,1,2.0,1.0
23162,2024,2,6.0,1.0
23162,2024,3,3.0,1.0
23162,2024,4,4.0,4.0
23162,2025,1,5.0,1.0
23162,2025,2,0.0,2.0
23162,2025,3,3.0,1.0
23162,2025,4,1.0,0.0
23168,2023,1,2.0,0.0
23168,2024,1,1.0,0.0
23168,2024,3,3.0,1.0
23168,2024,4,2.0,0.0
23168,2025,1,1.0,0.0
23168,2025,2,1.0,0.0
23168,2025,4,1.0,1.0
23182,2023,1,10.0,0.0
23182,2023,2,4.0,1.0
23182,2023,3,3.0,0.0
23182,2023,4,2.0,1.0
23182,2024,1,2.0,0.0
23182,2024,2,2.0,0.0
23182,2024,3,2.0,0.0
23182,2024,4,0.0,1.0
23182,2025,1,1.0,0.0
23182,2025,2,1.0,0.0
23182,2025,3,2.0,1.0
23182,2025,4,3.0,1.0
23189,2023,1,8.0,1.0
23189,2023,2,5.0,0.0
23189,2023,3,4.0,1.0
23189,2023,4,3.0,1.0
23189,2024,1,2.0,1.0
23189,2024,2,3.0,0.0
23189,2024,3,5.0,0.0
23189,2024,4,1.0,1.0
23189,2025,2,1.0,0.0
23189,2025,3,4.0,3.0
23189,2025,4,1.0,0.0
23300,2023,1,0.0,2.0
23300,2023,2,1.0,0.0
23300,2023,3,2.0,0.0
23300,2024,1,3.0,0.0
23300,2024,2,3.0,0.0
23300,2024,4,2.0,0.0
23300,2025,1,1.0,0.0
23300,2025,2,1.0,1.0
23300,2025,3,0.0,1.0
23350,2023,2,0.0,1.0
23350,2023,3,1.0,0.0
23350,2023,4,3.0,0.0
23350,2024,1,3.0,1.0
23350,2024,3,1.0,0.0
23350,2024,4,3.0,0.0
23350,2025,2,5.0,1.0
23350,2025,3,1.0,1.0
23350,2025,4,2.0,0.0
23417,2023,1,3.0,1.0
23417,2023,2,3.0,0.0
23417,2023,3,6.0,1.0
23417,2023,4,3.0,0.0
23417,2024,1,9.0,0.0
23417,2024,2,3.0,0.0
23417,2024,3,1.0,1.0
23417,2024,4,1.0,1.0
23417,2025,1,1.0,2.0
23417,2025,3,4.0,1.0
23417,2025,4,1.0,0.0
23419,2023,1,1.0,0.0
23419,2023,2,2.0,0.0
23419,2023,3,1.0,0.0
23419,2023,4,0.0,2.0
23419,2024,1,1.0,0.0
23464,2023,2,1.0,0.0
23464,2023,3,2.0,0.0
23464,2024,1,1.0,0.0
23464,2024,2,1.0,0.0
23464,2025,2,1.0,0.0
23464,2025,4,1.0,0.0
23466,2023,1,2.0,0.0
23466,2023,2,6.0,0.0
23466,2023,3,5.0,0.0
23466,2023,4,7.0,1.0
23466,2024,1,9.0,6.0
23466,2024,2,5.0,1.0
23466,2024,3,5.0,0.0
23466,2024,4,6.0,1.0
23466,2025,1,11.0,3.0
23466,2025,2,3.0,0.0
23466,2025,3,4.0,2.0
23466,2025,4,0.0,3.0
23500,2023,2,2.0,0.0
23500,2024,3,1.0,0.0
23500,2024,4,1.0,0.0
23500,2025,3,0.0,1.0
23500,2025,4,1.0,0.0
23555,2023,1,0.0,1.0
23555,2023,2,1.0,0.0
23555,2023,3,5.0,1.0
23555,2023,4,3.0,2.0
23555,2024,1,3.0,1.0
23555,2024,2,2.0,0.0
23555,2024,3,1.0,2.0
23555,2024,4,2.0,0.0
23555,2025,1,2.0,1.0
23555,2025,2,4.0,2.0
23555,2025,3,4.0,0.0
23555,2025,4,4.0,0.0
23570,2023,1,1.0,0.0
23570,2023,2,1.0,1.0
23570,2023,4,1.0,0.0
23570,2024,1,2.0,1.0
23570,2024,2,1.0,0.0
23570,2024,3,0.0,1.0
23570,2024,4,4.0,0.0
23570,2025,3,1.0,0.0
23570,2025,4,2.0,0.0
23574,2023,2,1.0,1.0
23574,2025,1,1.0,0.0
23574,2025,2,2.0,0.0
23574,2025,3,0.0,1.0
23580,2023,1,3.0,0.0
23580,2023,2,2.0,0.0
23580,2023,3,5.0,0.0
23580,2023,4,1.0,1.0
23580,2024,1,2.0,0.0
23580,2024,2,3.0,1.0
23580,2024,3,2.0,0.0
23580,2024,4,3.0,0.0
23580,2025,1,2.0,0.0
23580,2025,2,2.0,0.0
23580,2025,3,1.0,1.0
23580,2025,4,1.0,0.0
23586,2023,1,1.0,0.0
23586,2023,2,1.0,0.0
23586,2023,3,1.0,0.0
23586,2024,2,1.0,0.0
23586,2024,4,1.0,0.0
23586,2025,1,1.0,0.0
23660,2023,1,8.0,0.0
23660,2023,2,8.0,0.0
23660,2023,3,7.0,2.0
23660,2023,4,4.0,1.0
23660,2024,1,4.0,0.0
23660,2024,2,6.0,0.0
23660,2024,3,1.0,0.0
23660,2024,4,1.0,2.0
23660,2025,1,1.0,0.0
23660,2025,2,4.0,0.0
23660,2025,3,6.0,2.0
23660,2025,4,2.0,2.0
23670,2023,1,2.0,0.0
23670,2023,2,1.0,0.0
23670,2023,3,1.0,0.0
23670,2024,2,1.0,0.0
23670,2025,4,1.0,0.0
23672,2023,1,2.0,0.0
23672,2023,2,2.0,0.0
23672,2023,3,5.0,1.0
23672,2023,4,3.0,0.0
23672,2024,1,6.0,0.0
23672,2024,2,1.0,1.0
23672,2024,3,1.0,0.0
23672,2024,4,1.0,0.0
23672,2025,1,1.0,0.0
23672,2025,2,5.0,0.0
23672,2025,3,2.0,1.0
23675,2023,1,1.0,0.0
23675,2023,2,1.0,0.0
23675,2023,3,1.0,0.0
23675,2023,4,1.0,2.0
23675,2024,1,0.0,1.0
23675,2024,3,2.0,0.0
23675,2024,4,0.0,1.0
23675,2025,1,0.0,1.0
23675,2025,2,1.0,0.0
23675,2025,4,1.0,0.0
23678,2023,1,3.0,0.0
23678,2023,2,2.0,0.0
23678,2023,3,3.0,1.0
23678,2023,4,1.0,1.0
23678,2024,1,6.0,0.0
23678,2024,2,4.0,0.0
23678,2024,3,1.0,0.0
23678,2024,4,1.0,0.0
23678,2025,1,1.0,0.0
23678,2025,2,1.0,0.0
23678,2025,3,1.0,0.0
23682,2024,1,2.0,0.0
23682,2025,1,1.0,1.0
23686,2023,1,0.0,1.0
23686,2023,2,2.0,0.0
23686,2023,3,4.0,0.0
23686,2023,4,0.0,1.0
23686,2024,1,2.0,0.0
23686,2024,3,0.0,1.0
23686,2024,4,0.0,1.0
23686,2025,2,2.0,0.0
23686,2025,3,3.0,0.0
23686,2025,4,1.0,0.0
23807,2023,1,4.0,1.0
23807,2023,2,4.0,1.0
23807,2023,3,8.0,1.0
23807,2023,4,9.0,0.0
23807,2024,1,3.0,0.0
23807,2024,2,3.0,1.0
23807,2024,3,2.0,1.0
23807,2024,4,1.0,0.0
23807,2025,1,2.0,0.0
23807,2025,2,2.0,1.0
23807,2025,3,2.0,0.0
23807,2025,4,2.0,3.0
23815,2023,3,1.0,0.0
23815,2024,1,0.0,1.0
23815,2024,3,0.0,1.0
23815,2025,4,1.0,0.0
23855,2023,2,1.0,0.0
23855,2023,3,2.0,0.0
23855,2023,4,1.0,0.0
23855,2024,1,1.0,1.0
23855,2024,3,1.0,0.0
23855,2025,3,1.0,0.0
23855,2025,4,1.0,0.0
25001,2023,3,1.0,1.0
25001,2023,4,1.0,0.0
25001,2024,2,1.0,1.0
25001,2025,2,1.0,0.0
25019,2023,3,0.0,1.0
25019,2023,4,0.0,2.0
25019,2024,4,0.0,2.0
25019,2025,1,2.0,1.0
25019,2025,3,1.0,1.0
25019,2025,4,1.0,0.0
25035,2023,3,0.0,1.0
25035,2023,4,1.0,0.0
25035,2024,1,0.0,1.0
25035,2025,1,1.0,0.0
25035,2025,2,1.0,0.0
25035,2025,4,2.0,0.0
25040,2023,1,0.0,1.0
25040,2023,2,1.0,0.0
25040,2023,4,0.0,4.0
25040,2024,1,1.0,1.0
25040,2024,3,0.0,1.0
25040,2025,2,1.0,1.0
25053,2023,2,0.0,2.0
25053,2023,4,0.0,1.0
25053,2024,4,0.0,1.0
25053,2025,3,2.0,1.0
25086,2024,4,0.0,1.0
25099,2023,3,0.0,1.0
25099,2025,2,0.0,1.0
25099,2025,3,0.0,1.0
25099,2025,4,0.0,1.0
25120,2023,4,0.0,1.0
25120,2025,1,1.0,1.0
25123,2023,2,1.0,0.0
25123,2023,3,2.0,0.0
25123,2025,1,0.0,2.0
25123,2025,2,1.0,0.0
25123,2025,3,1.0,0.0
25123,2025,4,0.0,1.0
25126,2023,1,0.0,1.0
25126,2023,2,1.0,2.0
25126,2023,3,4.0,4.0
25126,2023,4,0.0,5.0
25126,2024,1,0.0,2.0
25126,2024,2,0.0,1.0
25126,2024,3,0.0,4.0
25126,2024,4,1.0,5.0
25126,2025,1,1.0,2.0
25126,2025,3,1.0,1.0
25126,2025,4,0.0,4.0
25148,2023,1,1.0,0.0
25148,2023,4,1.0,1.0
25148,2024,1,0.0,1.0
25148,2024,2,2.0,0.0
25148,2025,3,1.0,0.0
25151,2024,4,0.0,2.0
25151,2025,2,1.0,0.0
25151,2025,3,1.0,1.0
25154,2023,4,0.0,1.0
25154,2025,4,1.0,0.0
25168,2024,3,0.0,1.0
25168,2024,4,0.0,2.0
25175,2023,1,0.0,6.0
25175,2023,2,1.0,3.0
25175,2023,3,1.0,4.0
25175,2023,4,1.0,4.0
25175,2024,1,1.0,4.0
25175,2024,2,0.0,4.0
25175,2024,3,4.0,4.0
25175,2024,4,1.0,7.0
25175,2025,1,3.0,2.0
25175,2025,2,1.0,2.0
25175,2025,3,2.0,9.0
25175,2025,4,2.0,11.0
25178,2023,2,1.0,0.0
25178,2023,4,1.0,0.0
25178,2024,2,0.0,1.0
25178,2024,3,0.0,1.0
25178,2024,4,0.0,2.0
25178,2025,1,1.0,1.0
25181,2023,4,0.0,3.0
25181,2024,1,0.0,1.0
25181,2024,2,0.0,2.0
25181,2024,3,0.0,4.0
25181,2025,1,0.0,2.0
25181,2025,2,0.0,1.0
25181,2025,3,0.0,2.0
25181,2025,4,1.0,3.0
25183,2023,2,0.0,2.0
25183,2023,3,1.0,2.0
25183,2023,4,2.0,2.0
25183,2024,1,0.0,2.0
25183,2024,3,0.0,1.0
25183,2024,4,0.0,1.0
25183,2025,1,1.0,0.0
25183,2025,2,1.0,1.0
25183,2025,3,0.0,1.0
25183,2025,4,1.0,1.0
25200,2023,2,1.0,0.0
25200,2023,3,0.0,2.0
25200,2025,4,0.0,3.0
25214,2023,2,0.0,2.0
25214,2023,3,2.0,0.0
25214,2023,4,1.0,4.0
25214,2024,2,0.0,1.0
25214,2024,3,1.0,2.0
25214,2024,4,2.0,0.0
25214,2025,1,2.0,0.0
25214,2025,2,0.0,1.0
25214,2025,3,1.0,0.0
25214,2025,4,1.0,4.0
25224,2023,3,0.0,1.0
25224,2023,4,0.0,2.0
25224,2024,4,0.0,1.0
25224,2025,1,1.0,0.0
25224,2025,2,1.0,0.0
25245,2023,2,0.0,1.0
25245,2023,4,0.0,1.0
25245,2024,1,1.0,0.0
25245,2024,2,1.0,0.0
25245,2024,3,1.0,1.0
25245,2025,2,1.0,0.0
25245,2025,3,4.0,1.0
25258,2023,2,1.0,0.0
25258,2023,4,0.0,1.0
25258,2025,3,1.0,0.0
25260,2023,1,0.0,1.0
25260,2023,2,2.0,4.0
25260,2023,3,1.0,1.0
25260,2024,1,0.0,1.0
25260,2024,2,0.0,2.0
25260,2024,4,3.0,0.0
25260,2025,1,0.0,1.0
25260,2025,2,1.0,0.0
25260,2025,3,0.0,2.0
25260,2025,4,2.0,1.0
25269,2023,1,1.0,2.0
25269,2023,2,5.0,5.0
25269,2023,3,6.0,0.0
25269,2023,4,6.0,9.0
25269,2024,1,6.0,2.0
25269,2024,2,10.0,1.0
25269,2024,3,4.0,5.0
25269,2024,4,4.0,2.0
25269,2025,1,3.0,1.0
25269,2025,2,5.0,4.0
25269,2025,3,1.0,3.0
25269,2025,4,7.0,3.0
25279,2023,2,0.0,1.0
25279,2023,4,1.0,0.0
25279,2025,1,1.0,0.0
25281,2023,1,0.0,1.0
25281,2024,2,1.0,0.0
25281,2024,4,1.0,0.0
25286,2023,1,3.0,1.0
25286,2023,2,4.0,2.0
25286,2023,3,5.0,3.0
25286,2023,4,2.0,7.0
25286,2024,1,1.0,1.0
25286,2024,2,3.0,3.0
25286,2024,3,1.0,0.0
25286,2024,4,5.0,2.0
25286,2025,1,1.0,3.0
25286,2025,2,3.0,1.0
25286,2025,3,4.0,3.0
25286,2025,4,6.0,4.0
25288,2023,3,0.0,1.0
25290,2023,1,2.0,4.0
25290,2023,2,1.0,6.0
25290,2023,3,4.0,3.0
25290,2023,4,6.0,7.0
25290,2024,1,4.0,4.0
25290,2024,2,5.0,4.0
25290,2024,3,3.0,1.0
25290,2024,4,4.0,7.0
25290,2025,1,2.0,5.0
25290,2025,2,6.0,3.0
25290,2025,3,4.0,1.0
25290,2025,4,6.0,11.0
25293,2025,3,0.0,1.0
25295,2023,3,1.0,1.0
25295,2023,4,0.0,1.0
25295,2024,2,1.0,1.0
25295,2024,4,0.0,1.0
25295,2025,1,1.0,0.0
25295,2025,2,2.0,0.0
25295,2025,3,1.0,0.0
25297,2023,1,0.0,1.0
25297,2024,1,0.0,1.0
25297,2025,1,1.0,0.0
25299,2023,2,0.0,1.0
25307,2023,1,16.0,0.0
25307,2023,2,9.0,2.0
25307,2023,3,20.0,1.0
25307,2023,4,20.0,3.0
25307,2024,1,10.0,1.0
25307,2024,2,12.0,1.0
25307,2024,3,12.0,2.0
25307,2024,4,7.0,5.0
25307,2025,1,5.0,2.0
25307,2025,2,12.0,4.0
25307,2025,3,18.0,1.0
25307,2025,4,15.0,9.0
25312,2023,4,1.0,0.0
25312,2024,2,0.0,2.0
25312,2024,3,0.0,3.0
25312,2024,4,0.0,1.0
25312,2025,1,0.0,1.0
25312,2025,3,0.0,1.0
25312,2025,4,0.0,1.0
25317,2024,4,1.0,0.0
25317,2025,2,1.0,0.0
25320,2023,1,3.0,1.0
25320,2023,2,3.0,2.0
25320,2023,3,1.0,2.0
25320,2023,4,1.0,3.0
25320,2024,1,1.0,1.0
25320,2024,2,0.0,1.0
25320,2024,3,2.0,5.0
25320,2024,4,3.0,2.0
25320,2025,1,2.0,0.0
25320,2025,2,2.0,0.0
25320,2025,3,2.0,0.0
25320,2025,4,2.0,2.0
25322,2023,1,0.0,1.0
25322,2023,4,0.0,1.0
25322,2024,3,0.0,2.0
25322,2025,3,0.0,1.0
25322,2025,4,3.0,1.0
25324,2023,1,1.0,0.0
25326,2023,2,0.0,1.0
25326,2023,3,0.0,2.0
25326,2025,1,1.0,0.0
25326,2025,4,0.0,1.0
25328,2023,2,1.0,0.0
25328,2024,1,0.0,1.0
25328,2024,2,1.0,0.0
25335,2023,4,1.0,2.0
25339,2023,2,0.0,1.0
25339,2025,1,1.0,0.0
25368,2024,4,0.0,1.0
25377,2023,2,1.0,0.0
25377,2023,3,1.0,1.0
25377,2024,1,0.0,1.0
25377,2024,2,0.0,1.0
25377,2024,3,0.0,1.0
25377,2024,4,0.0,4.0
25377,2025,1,1.0,1.0
25377,2025,2,0.0,2.0
25377,2025,3,1.0,12.0
25377,2025,4,3.0,9.0
25386,2023,1,6.0,1.0
25386,2023,2,1.0,0.0
25386,2023,3,5.0,3.0
25386,2023,4,2.0,0.0
25386,2024,1,1.0,0.0
25386,2024,2,0.0,1.0
25386,2024,3,0.0,2.0
25386,2024,4,1.0,1.0
25386,2025,2,1.0,0.0
25386,2025,3,0.0,1.0
25386,2025,4,0.0,2.0
25394,2023,2,0.0,1.0
25394,2024,1,1.0,1.0
25394,2025,1,1.0,0.0
25394,2025,2,0.0,1.0
25398,2023,2,0.0,1.0
25402,2023,1,2.0,2.0
25402,2023,2,1.0,2.0
25402,2023,3,0.0,1.0
25402,2023,4,1.0,1.0
25402,2024,1,0.0,1.0
25402,2024,2,0.0,2.0
25402,2024,4,0.0,1.0
25426,2023,1,0.0,1.0
25426,2023,4,0.0,4.0
25430,2023,1,7.0,3.0
25430,2023,2,5.0,3.0
25430,2023,3,3.0,3.0
25430,2023,4,1.0,5.0
25430,2024,1,2.0,3.0
25430,2024,2,4.0,2.0
25430,2024,3,3.0,2.0
25430,2024,4,0.0,7.0
25430,2025,1,3.0,0.0
25430,2025,2,6.0,3.0
25430,2025,3,8.0,4.0
25430,2025,4,2.0,7.0
25436,2023,1,0.0,3.0
25436,2025,1,0.0,1.0
25436,2025,2,0.0,1.0
25438,2023,1,0.0,1.0
25438,2023,2,0.0,1.0
25438,2023,3,0.0,1.0
25438,2024,1,0.0,1.0
25438,2024,3,1.0,0.0
25438,2024,4,0.0,1.0
25438,2025,1,0.0,1.0
25438,2025,2,0.0,1.0
25473,2023,1,2.0,5.0
25473,2023,2,4.0,3.0
25473,2023,3,5.0,4.0
25473,2023,4,6.0,7.0
25473,2024,1,3.0,3.0
25473,2024,2,3.0,5.0
25473,2024,3,6.0,2.0
25473,2024,4,8.0,7.0
25473,2025,1,6.0,3.0
25473,2025,2,2.0,1.0
25473,2025,3,8.0,8.0
25473,2025,4,5.0,8.0
25483,2023,4,1.0,0.0
25486,2023,4,1.0,1.0
25486,2024,3,0.0,1.0
25486,2024,4,2.0,0.0
25486,2025,2,1.0,0.0
25486,2025,4,1.0,0.0
25488,2023,1,1.0,0.0
25488,2024,1,0.0,1.0
25488,2024,2,0.0,1.0
25488,2024,4,0.0,1.0
25489,2023,3,0.0,1.0
25489,2023,4,0.0,1.0
25489,2024,3,1.0,0.0
25489,2025,4,1.0,0.0
25491,2023,1,0.0,1.0
25491,2023,2,1.0,0.0
25491,2023,4,1.0,0.0
25491,2024,4,1.0,1.0
25491,2025,4,1.0,0.0
25506,2024,1,1.0,1.0
25513,2023,1,0.0,1.0
25513,2023,2,1.0,2.0
25513,2023,3,2.0,5.0
25513,2023,4,2.0,1.0
25513,2024,1,0.0,1.0
25513,2024,3,0.0,2.0
25513,2024,4,0.0,2.0
25513,2025,3,0.0,4.0
25513,2025,4,0.0,1.0
25518,2023,1,2.0,0.0
25518,2024,2,0.0,1.0
25524,2023,2,1.0,2.0
25524,2024,4,0.0,1.0
25524,2025,4,0.0,1.0
25530,2023,1,4.0,1.0
25530,2023,2,3.0,0.0
25530,2023,3,1.0,0.0
25530,2023,4,1.0,2.0
25530,2024,1,0.0,1.0
25530,2024,2,1.0,1.0
25530,2024,3,1.0,0.0
25530,2025,1,2.0,1.0
25530,2025,2,0.0,1.0
25530,2025,3,1.0,1.0
25535,2023,1,0.0,1.0
25535,2023,2,2.0,1.0
25535,2023,3,0.0,2.0
25535,2023,4,1.0,1.0
25535,2024,2,0.0,1.0
25572,2023,2,0.0,1.0
25572,2023,3,1.0,1.0
25572,2024,2,1.0,0.0
25572,2024,3,0.0,1.0
25572,2024,4,2.0,0.0
25572,2025,1,1.0,1.0
25572,2025,2,2.0,0.0
25572,2025,3,2.0,0.0
25572,2025,4,1.0,2.0
25580,2023,4,1.0,0.0
25592,2024,3,1.0,0.0
25596,2023,1,1.0,0.0
25596,2023,3,1.0,1.0
25596,2023,4,1.0,1.0
25596,2024,3,0.0,1.0
25599,2023,2,3.0,0.0
25599,2023,3,0.0,1.0
25599,2024,1,2.0,0.0
25599,2025,1,1.0,0.0
25612,2023,1,0.0,1.0
25612,2023,2,0.0,2.0
25612,2024,2,1.0,0.0
25612,2024,4,1.0,2.0
25612,2025,3,0.0,2.0
25612,2025,4,1.0,0.0
25645,2023,1,0.0,1.0
25645,2024,3,0.0,4.0
25645,2025,3,0.0,3.0
25645,2025,4,1.0,1.0
25653,2024,4,1.0,0.0
25658,2023,3,0.0,1.0
25658,2023,4,1.0,0.0
25658,2024,2,1.0,1.0
25658,2024,3,0.0,1.0
25658,2025,1,1.0,1.0
25658,2025,2,0.0,3.0
25658,2025,3,0.0,2.0
25662,2023,2,0.0,1.0
25662,2024,2,1.0,0.0
25662,2024,4,2.0,0.0
25662,2025,1,1.0,0.0
25718,2023,1,1.0,0.0
25718,2023,3,0.0,1.0
25718,2024,3,1.0,0.0
25718,2025,2,1.0,1.0
25718,2025,3,0.0,1.0
25718,2025,4,2.0,0.0
25736,2023,2,1.0,0.0
25736,2023,3,0.0,1.0
25736,2024,4,0.0,2.0
25736,2025,1,0.0,1.0
25740,2023,2,0.0,1.0
25740,2023,3,2.0,3.0
25740,2023,4,1.0,0.0
25740,2024,1,2.0,0.0
25740,2024,2,4.0,3.0
25740,2024,3,1.0,1.0
25740,2024,4,3.0,3.0
25740,2025,1,2.0,2.0
25740,2025,2,2.0,3.0
25740,2025,3,2.0,3.0
25740,2025,4,2.0,4.0
25743,2023,2,1.0,0.0
25743,2023,3,0.0,5.0
25743,2024,1,1.0,0.0
25743,2024,2,1.0,0.0
25743,2024,3,1.0,0.0
25743,2024,4,1.0,1.0
25743,2025,1,0.0,3.0
25743,2025,3,0.0,3.0
25743,2025,4,1.0,0.0
25745,2024,3,0.0,1.0
25745,2025,3,0.0,1.0
25754,2023,1,29.0,9.0
25754,2023,2,36.0,11.0
25754,2023,3,42.0,21.0
25754,2023,4,45.0,33.0
25754,2024,1,37.0,11.0
25754,2024,2,46.0,15.0
25754,2024,3,46.0,14.0
25754,2024,4,52.0,24.0
25754,2025,1,43.0,11.0
25754,2025,2,38.0,8.0
25754,2025,3,58.0,15.0
25754,2025,4,54.0,34.0
25758,2023,1,0.0,2.0
25758,2023,2,0.0,1.0
25758,2023,3,1.0,1.0
25758,2024,2,1.0,0.0
25758,2024,3,0.0,1.0
25758,2024,4,0.0,2.0
25758,2025,3,0.0,3.0
25758,2025,4,0.0,1.0
25769,2023,1,1.0,0.0
25769,2024,1,0.0,1.0
25769,2024,2,1.0,0.0
25769,2024,3,0.0,3.0
25769,2024,4,0.0,2.0
25769,2025,2,1.0,1.0
25769,2025,3,0.0,4.0
25769,2025,4,0.0,3.0
25772,2023,2,2.0,1.0
25772,2024,4,1.0,1.0
25772,2025,4,1.0,0.0
25777,2025,3,0.0,1.0
25779,2024,3,0.0,1.0
25779,2025,1,1.0,0.0
25781,2023,1,1.0,0.0
25781,2024,4,1.0,0.0
25785,2023,2,0.0,1.0
25785,2023,3,0.0,1.0
25785,2024,1,0.0,1.0
25785,2024,2,1.0,0.0
25785,2024,3,1.0,1.0
25785,2024,4,0.0,1.0
25785,2025,1,0.0,1.0
25785,2025,2,1.0,3.0
25785,2025,4,0.0,1.0
25793,2024,2,2.0,0.0
25797,2023,1,1.0,0.0
25797,2024,3,0.0,1.0
25797,2025,2,1.0,0.0
25797,2025,3,1.0,0.0
25797,2025,4,1.0,0.0
25799,2023,4,1.0,2.0
25799,2024,1,0.0,1.0
25799,2024,2,0.0,1.0
25799,2024,4,0.0,2.0
25799,2025,2,0.0,1.0
25799,2025,3,0.0,3.0
25805,2023,3,0.0,1.0
25805,2023,4,0.0,1.0
25805,2024,2,0.0,1.0
25805,2024,3,0.0,1.0
25805,2025,2,0.0,1.0
25807,2023,4,0.0,1.0
25807,2025,4,1.0,0.0
25815,2023,1,0.0,1.0
25815,2023,3,2.0,0.0
25815,2023,4,2.0,0.0
25815,2024,1,1.0,1.0
25815,2024,2,1.0,0.0
25815,2025,1,1.0,0.0
25815,2025,3,1.0,0.0
25815,2025,4,2.0,2.0
25817,2023,1,0.0,3.0
25817,2023,2,1.0,2.0
25817,2023,3,1.0,1.0
25817,2023,4,0.0,2.0
25817,2024,1,1.0,1.0
25817,2024,3,1.0,0.0
25817,2024,4,1.0,1.0
25817,2025,1,0.0,1.0
25817,2025,2,3.0,2.0
25817,2025,4,1.0,3.0
25823,2023,2,0.0,1.0
25839,2024,3,1.0,0.0
25839,2024,4,0.0,1.0
25841,2024,1,0.0,1.0
25841,2025,1,1.0,0.0
25841,2025,4,0.0,1.0
25843,2023,1,2.0,1.0
25843,2023,2,1.0,1.0
25843,2023,4,1.0,1.0
25843,2024,1,0.0,1.0
25843,2024,2,0.0,1.0
25843,2024,3,1.0,0.0
25843,2024,4,0.0,3.0
25843,2025,1,0.0,1.0
25843,2025,2,1.0,0.0
25843,2025,3,0.0,1.0
25843,2025,4,1.0,2.0
25845,2023,3,0.0,1.0
25845,2023,4,1.0,0.0
25845,2024,4,1.0,1.0
25845,2025,2,1.0,1.0
25845,2025,4,0.0,1.0
25851,2023,3,1.0,0.0
25851,2024,1,0.0,1.0
25862,2023,1,1.0,0.0
25862,2023,4,0.0,1.0
25862,2024,3,1.0,0.0
25862,2025,2,1.0,1.0
25867,2023,2,1.0,0.0
25867,2024,2,0.0,1.0
25871,2023,2,0.0,1.0
25871,2024,3,0.0,1.0
25873,2023,3,0.0,1.0
25873,2023,4,2.0,0.0
25873,2024,4,0.0,1.0
25873,2025,4,1.0,0.0
25875,2023,1,1.0,2.0
25875,2023,2,2.0,1.0
25875,2023,3,0.0,2.0
25875,2023,4,2.0,1.0
25875,2024,1,1.0,1.0
25875,2024,2,1.0,1.0
25875,2024,3,1.0,2.0
25875,2024,4,1.0,3.0
25875,2025,1,2.0,0.0
25875,2025,2,2.0,4.0
25875,2025,3,0.0,2.0
25875,2025,4,1.0,5.0
25878,2023,1,2.0,0.0
25878,2023,2,2.0,0.0
25878,2023,4,2.0,1.0
25878,2024,1,1.0,0.0
25878,2024,2,1.0,1.0
25878,2024,4,0.0,1.0
25878,2025,1,0.0,2.0
25878,2025,2,1.0,2.0
25878,2025,3,3.0,3.0
25878,2025,4,1.0,2.0
25885,2023,1,1.0,1.0
25885,2025,2,1.0,0.0
25885,2025,4,1.0,0.0
25898,2025,1,1.0,1.0
25899,2023,1,2.0,6.0
25899,2023,2,0.0,3.0
25899,2023,3,3.0,3.0
25899,2023,4,3.0,5.0
25899,2024,1,6.0,4.0
25899,2024,2,3.0,7.0
25899,2024,3,1.0,2.0
25899,2024,4,6.0,7.0
25899,2025,1,1.0,1.0
25899,2025,2,1.0,1.0
25899,2025,3,3.0,7.0
25899,2025,4,4.0,6.0
27001,2023,1,29.0,64.0
27001,2023,2,23.0,56.0
27001,2023,3,31.0,90.0
27001,2023,4,21.0,91.0
27001,2024,1,28.0,57.0
27001,2024,2,38.0,70.0
27001,2024,3,54.0,102.0
27001,2024,4,23.0,80.0
27001,2025,1,28.0,62.0
27001,2025,2,29.0,46.0
27001,2025,3,25.0,43.0
27001,2025,4,25.0,36.0
27006,2023,1,2.0,0.0
27006,2023,2,1.0,0.0
27006,2023,4,2.0,2.0
27006,2024,2,2.0,0.0
27006,2024,3,2.0,1.0
27006,2024,4,1.0,0.0
27006,2025,1,1.0,0.0
27006,2025,2,0.0,1.0
27025,2023,1,0.0,1.0
27025,2024,2,0.0,1.0
27025,2024,3,0.0,1.0
27025,2025,3,1.0,0.0
27050,2023,4,0.0,1.0
27050,2024,1,1.0,1.0
27050,2024,2,0.0,1.0
27050,2024,3,1.0,1.0
27050,2024,4,1.0,0.0
27050,2025,1,0.0,1.0
27050,2025,2,2.0,2.0
27050,2025,3,0.0,1.0
27050,2025,4,2.0,1.0
27073,2023,2,0.0,3.0
27073,2024,1,0.0,2.0
27073,2024,3,1.0,1.0
27075,2023,1,2.0,1.0
27075,2023,2,1.0,1.0
27075,2023,3,2.0,2.0
27075,2023,4,5.0,1.0
27075,2024,1,1.0,2.0
27075,2024,2,2.0,3.0
27075,2024,3,0.0,1.0
27075,2024,4,0.0,4.0
27075,2025,2,5.0,1.0
27075,2025,3,1.0,2.0
27075,2025,4,1.0,0.0
27077,2023,2,0.0,2.0
27077,2023,3,3.0,1.0
27077,2023,4,1.0,0.0
27077,2024,1,1.0,3.0
27077,2024,3,1.0,1.0
27077,2024,4,1.0,2.0
27077,2025,1,2.0,1.0
27077,2025,2,0.0,1.0
27077,2025,3,1.0,1.0
27077,2025,4,1.0,0.0
27099,2023,3,0.0,2.0
27099,2024,1,0.0,1.0
27099,2024,4,0.0,1.0
27099,2025,1,0.0,1.0
27099,2025,3,1.0,1.0
27099,2025,4,1.0,0.0
27135,2023,2,0.0,1.0
27135,2024,1,0.0,1.0
27135,2024,3,0.0,1.0
27135,2024,4,0.0,1.0
27135,2025,1,1.0,0.0
27135,2025,2,1.0,0.0
27135,2025,4,1.0,0.0
27150,2023,1,1.0,0.0
27150,2023,3,2.0,0.0
27150,2024,1,0.0,1.0
27150,2024,3,1.0,1.0
27150,2025,2,1.0,1.0
27150,2025,4,1.0,0.0
27160,2023,2,1.0,1.0
27160,2024,3,1.0,0.0
27160,2025,1,1.0,1.0
27160,2025,2,1.0,0.0
27205,2023,1,1.0,1.0
27205,2023,2,1.0,0.0
27205,2023,3,0.0,3.0
27205,2023,4,2.0,0.0
27205,2024,1,1.0,1.0
27205,2024,2,0.0,1.0
27205,2024,3,1.0,1.0
27205,2025,1,1.0,0.0
27205,2025,2,1.0,1.0
27205,2025,3,1.0,0.0
27205,2025,4,2.0,2.0
27245,2023,1,0.0,1.0
27245,2023,2,1.0,1.0
27245,2023,3,0.0,1.0
27245,2024,1,0.0,1.0
27245,2024,2,0.0,2.0
27245,2024,4,1.0,4.0
27245,2025,1,0.0,3.0
27245,2025,2,1.0,1.0
27245,2025,3,0.0,1.0
27245,2025,4,3.0,1.0
27250,2023,2,0.0,1.0
27250,2023,3,0.0,1.0
27250,2023,4,0.0,1.0
27250,2024,1,0.0,1.0
27250,2024,3,1.0,0.0
27250,2024,4,0.0,1.0
27250,2025,1,1.0,0.0
27250,2025,3,0.0,2.0
27250,2025,4,1.0,0.0
27361,2023,1,9.0,11.0
27361,2023,2,2.0,4.0
27361,2023,3,1.0,5.0
27361,2023,4,10.0,1.0
27361,2024,1,7.0,2.0
27361,2024,2,3.0,1.0
27361,2024,3,2.0,3.0
27361,2024,4,6.0,2.0
27361,2025,1,4.0,6.0
27361,2025,2,1.0,1.0
27361,2025,3,2.0,2.0
27361,2025,4,2.0,4.0
27372,2023,4,5.0,0.0
27372,2024,1,1.0,1.0
27372,2024,2,1.0,0.0
27372,2024,3,3.0,1.0
27372,2025,1,2.0,0.0
27413,2023,2,1.0,2.0
27413,2023,4,1.0,1.0
27413,2024,1,4.0,1.0
27413,2024,2,2.0,0.0
27413,2024,3,0.0,3.0
27413,2024,4,1.0,1.0
27413,2025,2,2.0,3.0
27413,2025,3,1.0,0.0
27413,2025,4,0.0,2.0
27425,2024,1,1.0,0.0
27425,2024,2,0.0,1.0
27425,2024,4,0.0,1.0
27430,2023,1,0.0,1.0
27430,2023,4,0.0,1.0
27430,2025,2,1.0,0.0
27430,2025,3,1.0,0.0
27430,2025,4,1.0,0.0
27450,2023,1,1.0,0.0
27450,2023,3,0.0,1.0
27450,2024,2,0.0,2.0
27450,2025,2,0.0,1.0
27450,2025,4,4.0,1.0
27491,2023,2,4.0,1.0
27491,2023,3,1.0,0.0
27491,2023,4,1.0,0.0
27491,2024,1,1.0,0.0
27491,2024,2,2.0,0.0
27491,2024,3,3.0,1.0
27491,2024,4,1.0,0.0
27491,2025,1,4.0,2.0
27491,2025,2,0.0,1.0
27491,2025,4,1.0,0.0
27495,2023,1,1.0,2.0
27495,2023,3,1.0,1.0
27495,2023,4,1.0,0.0
27495,2024,1,1.0,0.0
27495,2024,3,0.0,3.0
27495,2025,1,0.0,1.0
27495,2025,3,0.0,1.0
27495,2025,4,1.0,0.0
27580,2023,2,1.0,0.0
27580,2023,4,1.0,0.0
27580,2024,1,4.0,0.0
27580,2024,2,1.0,0.0
27580,2024,4,2.0,0.0
27580,2025,1,1.0,0.0
27580,2025,2,2.0,0.0
27580,2025,4,3.0,0.0
27600,2023,1,0.0,1.0
27600,2023,2,4.0,0.0
27600,2023,3,1.0,0.0
27600,2024,3,1.0,0.0
27600,2024,4,1.0,0.0
27600,2025,2,0.0,2.0
27615,2023,1,1.0,3.0
27615,2023,2,2.0,0.0
27615,2023,3,4.0,1.0
27615,2023,4,6.0,1.0
27615,2024,1,3.0,3.0
27615,2024,2,2.0,0.0
27615,2024,4,0.0,1.0
27615,2025,1,1.0,0.0
27615,2025,2,1.0,0.0
27615,2025,3,2.0,1.0
27615,2025,4,2.0,1.0
27660,2023,1,2.0,0.0
27660,2023,3,1.0,0.0
27660,2024,2,3.0,0.0
27660,2024,3,1.0,0.0
27660,2024,4,3.0,0.0
27660,2025,1,0.0,1.0
27660,2025,2,1.0,0.0
27745,2023,2,1.0,0.0
27745,2023,3,2.0,0.0
27745,2024,4,2.0,0.0
27787,2023,1,1.0,3.0
27787,2023,2,0.0,4.0
27787,2023,3,1.0,7.0
27787,2023,4,1.0,2.0
27787,2024,1,1.0,1.0
27787,2024,2,8.0,4.0
27787,2024,3,1.0,0.0
27787,2024,4,2.0,1.0
27787,2025,1,2.0,2.0
27787,2025,2,2.0,3.0
27787,2025,3,1.0,0.0
27800,2023,1,1.0,0.0
27800,2023,2,1.0,0.0
27800,2023,4,5.0,0.0
27800,2024,1,1.0,0.0
27800,2024,2,2.0,0.0
27800,2024,3,4.0,0.0
27800,2024,4,0.0,1.0
27800,2025,2,0.0,1.0
27800,2025,3,1.0,0.0
27800,2025,4,0.0,1.0
27810,2023,2,0.0,1.0
27810,2023,3,0.0,1.0
27810,2024,1,1.0,0.0
27810,2024,2,2.0,1.0
27810,2024,4,2.0,0.0
27810,2025,1,4.0,1.0
27810,2025,3,1.0,1.0
27810,2025,4,1.0,1.0
41001,2023,1,17.0,7.0
41001,2023,2,25.0,14.0
41001,2023,3,24.0,21.0
41001,2023,4,26.0,54.0
41001,2024,1,19.0,34.0
41001,2024,2,19.0,33.0
41001,2024,3,24.0,26.0
41001,2024,4,21.0,22.0
41001,2025,1,11.0,18.0
41001,2025,2,24.0,30.0
41001,2025,3,34.0,46.0
41001,2025,4,16.0,33.0
41006,2023,1,2.0,0.0
41006,2023,2,3.0,0.0
41006,2023,3,6.0,1.0
41006,2023,4,7.0,4.0
41006,2024,1,3.0,1.0
41006,2024,2,2.0,4.0
41006,2024,3,5.0,1.0
41006,2024,4,9.0,2.0
41006,2025,1,2.0,1.0
41006,2025,2,4.0,2.0
41006,2025,3,6.0,1.0
41006,2025,4,3.0,2.0
41013,2023,2,1.0,0.0
41013,2023,3,0.0,1.0
41013,2023,4,1.0,2.0
41013,2024,1,0.0,1.0
41013,2024,2,0.0,1.0
41013,2024,3,1.0,0.0
41013,2024,4,1.0,0.0
41013,2025,3,2.0,0.0
41013,2025,4,2.0,0.0
41016,2023,1,1.0,0.0
41016,2023,3,0.0,1.0
41016,2023,4,1.0,1.0
41016,2024,2,0.0,1.0
41016,2024,3,0.0,4.0
41016,2024,4,1.0,1.0
41016,2025,1,1.0,4.0
41016,2025,2,0.0,4.0
41016,2025,3,0.0,2.0
41016,2025,4,1.0,1.0
41020,2023,1,6.0,1.0
41020,2023,2,1.0,1.0
41020,2023,3,18.0,4.0
41020,2023,4,2.0,9.0
41020,2024,1,8.0,6.0
41020,2024,2,4.0,4.0
41020,2024,3,4.0,5.0
41020,2024,4,6.0,1.0
41020,2025,1,6.0,0.0
41020,2025,2,4.0,2.0
41020,2025,3,3.0,2.0
41020,2025,4,17.0,2.0
41026,2023,3,1.0,1.0
41026,2023,4,0.0,1.0
41026,2024,4,1.0,0.0
41026,2025,2,1.0,0.0
41026,2025,3,1.0,0.0
41078,2023,3,1.0,0.0
41078,2024,1,1.0,1.0
41078,2025,2,1.0,2.0
41078,2025,3,0.0,1.0
41078,2025,4,0.0,1.0
41132,2023,1,1.0,1.0
41132,2023,2,6.0,1.0
41132,2023,3,12.0,2.0
41132,2023,4,12.0,2.0
41132,2024,1,6.0,2.0
41132,2024,2,2.0,5.0
41132,2024,3,5.0,4.0
41132,2024,4,3.0,3.0
41132,2025,1,2.0,1.0
41132,2025,2,4.0,2.0
41132,2025,3,2.0,5.0
41132,2025,4,4.0,3.0
41206,2025,1,1.0,0.0
41206,2025,2,0.0,2.0
41244,2023,2,0.0,1.0
41244,2023,4,2.0,1.0
41244,2025,1,1.0,0.0
41298,2023,1,1.0,2.0
41298,2023,2,7.0,1.0
41298,2023,3,4.0,7.0
41298,2023,4,4.0,14.0
41298,2024,1,4.0,5.0
41298,2024,2,9.0,11.0
41298,2024,3,3.0,4.0
41298,2024,4,2.0,3.0
41298,2025,1,7.0,7.0
41298,2025,2,3.0,2.0
41298,2025,3,0.0,6.0
41298,2025,4,2.0,5.0
41306,2023,1,0.0,1.0
41306,2023,2,2.0,0.0
41306,2023,3,0.0,1.0
41306,2023,4,1.0,1.0
41306,2024,1,2.0,1.0
41306,2024,2,1.0,2.0
41306,2024,3,1.0,1.0
41306,2024,4,0.0,6.0
41306,2025,1,2.0,2.0
41306,2025,3,3.0,2.0
41306,2025,4,1.0,2.0
41319,2023,1,2.0,0.0
41319,2023,2,3.0,0.0
41319,2023,4,1.0,0.0
41319,2024,1,3.0,3.0
41319,2024,2,3.0,1.0
41319,2024,3,0.0,1.0
41319,2024,4,2.0,1.0
41319,2025,1,0.0,2.0
41319,2025,2,1.0,0.0
41319,2025,3,0.0,2.0
41319,2025,4,2.0,0.0
41349,2023,2,4.0,0.0
41349,2023,3,2.0,2.0
41349,2024,2,0.0,3.0
41349,2024,3,8.0,3.0
41349,2024,4,2.0,0.0
41349,2025,2,0.0,3.0
41349,2025,3,0.0,3.0
41349,2025,4,0.0,1.0
41357,2023,1,0.0,1.0
41357,2023,2,2.0,0.0
41357,2023,3,4.0,1.0
41357,2023,4,1.0,2.0
41357,2024,1,2.0,0.0
41357,2024,2,1.0,0.0
41357,2024,3,2.0,2.0
41357,2025,1,1.0,0.0
41357,2025,2,1.0,0.0
41359,2023,1,5.0,0.0
41359,2023,2,1.0,1.0
41359,2023,3,2.0,0.0
41359,2023,4,2.0,1.0
41359,2024,1,5.0,0.0
41359,2024,2,3.0,2.0
41359,2024,3,6.0,2.0
41359,2024,4,9.0,2.0
41359,2025,1,4.0,0.0
41359,2025,2,1.0,2.0
41359,2025,3,5.0,0.0
41359,2025,4,5.0,0.0
41378,2023,2,0.0,1.0
41378,2023,3,1.0,1.0
41378,2023,4,1.0,0.0
41378,2024,1,1.0,0.0
41378,2024,2,0.0,1.0
41378,2025,3,1.0,1.0
41378,2025,4,1.0,1.0
41396,2023,1,3.0,0.0
41396,2023,2,5.0,0.0
41396,2023,3,8.0,8.0
41396,2023,4,8.0,9.0
41396,2024,1,9.0,6.0
41396,2024,2,3.0,5.0
41396,2024,3,4.0,4.0
41396,2024,4,5.0,10.0
41396,2025,1,10.0,5.0
41396,2025,2,14.0,4.0
41396,2025,3,15.0,12.0
41396,2025,4,6.0,5.0
41483,2023,2,1.0,0.0
41483,2023,4,1.0,1.0
41483,2024,1,2.0,2.0
41483,2024,2,1.0,0.0
41483,2024,3,1.0,0.0
41483,2024,4,3.0,1.0
41483,2025,3,2.0,0.0
41483,2025,4,3.0,0.0
41503,2023,1,1.0,0.0
41503,2023,2,1.0,0.0
41503,2023,3,1.0,0.0
41503,2023,4,2.0,0.0
41503,2024,1,3.0,0.0
41503,2024,3,1.0,0.0
41503,2024,4,2.0,0.0
41503,2025,1,2.0,0.0
41503,2025,2,1.0,0.0
41503,2025,3,0.0,1.0
41503,2025,4,1.0,0.0
41518,2023,3,1.0,1.0
41518,2023,4,1.0,0.0
41518,2024,3,0.0,1.0
41518,2024,4,0.0,2.0
41518,2025,2,0.0,2.0
41518,2025,3,1.0,1.0
41524,2023,1,0.0,2.0
41524,2023,2,3.0,0.0
41524,2023,3,0.0,2.0
41524,2023,4,0.0,1.0
41524,2024,1,1.0,3.0
41524,2024,2,3.0,1.0
41524,2024,3,1.0,6.0
41524,2024,4,4.0,1.0
41524,2025,1,2.0,1.0
41524,2025,2,3.0,4.0
41524,2025,3,5.0,6.0
41524,2025,4,1.0,0.0
41530,2023,3,0.0,1.0
41530,2023,4,2.0,1.0
41530,2024,2,1.0,0.0
41530,2024,3,1.0,0.0
41530,2024,4,4.0,1.0
41530,2025,1,0.0,1.0
41530,2025,2,1.0,0.0
41530,2025,3,6.0,1.0
41530,2025,4,4.0,1.0
41548,2023,3,1.0,0.0
41548,2023,4,1.0,5.0
41548,2024,1,0.0,1.0
41548,2025,2,1.0,0.0
41548,2025,4,0.0,1.0
41551,2023,1,9.0,4.0
41551,2023,2,5.0,4.0
41551,2023,3,21.0,12.0
41551,2023,4,15.0,21.0
41551,2024,1,18.0,8.0
41551,2024,2,16.0,5.0
41551,2024,3,20.0,7.0
41551,2024,4,17.0,11.0
41551,2025,1,10.0,15.0
41551,2025,2,8.0,16.0
41551,2025,3,21.0,13.0
41551,2025,4,14.0,13.0
41615,2023,1,2.0,0.0
41615,2023,2,1.0,0.0
41615,2023,3,2.0,0.0
41615,2023,4,0.0,4.0
41615,2024,1,0.0,2.0
41615,2024,2,4.0,4.0
41615,2024,3,1.0,5.0
41615,2024,4,1.0,2.0
41615,2025,1,0.0,5.0
41615,2025,2,2.0,5.0
41615,2025,3,0.0,4.0
41615,2025,4,2.0,6.0
41660,2023,3,0.0,1.0
41660,2023,4,0.0,2.0
41660,2024,3,2.0,0.0
41660,2024,4,2.0,0.0
41660,2025,1,2.0,0.0
41660,2025,2,1.0,0.0
41660,2025,3,2.0,0.0
41660,2025,4,5.0,0.0
41668,2023,2,0.0,1.0
41668,2023,3,1.0,1.0
41668,2023,4,3.0,2.0
41668,2024,1,3.0,0.0
41668,2024,2,2.0,1.0
41668,2024,3,3.0,0.0
41668,2024,4,1.0,0.0
41668,2025,1,2.0,2.0
41668,2025,2,0.0,2.0
41668,2025,4,1.0,1.0
41676,2023,4,3.0,0.0
41676,2024,1,0.0,1.0
41676,2024,2,1.0,0.0
41676,2024,3,1.0,1.0
41676,2025,2,1.0,1.0
41676,2025,3,1.0,3.0
41770,2023,1,2.0,2.0
41770,2023,2,1.0,0.0
41770,2023,3,5.0,0.0
41770,2023,4,2.0,3.0
41770,2024,1,0.0,4.0
41770,2024,2,4.0,0.0
41770,2024,3,4.0,4.0
41770,2024,4,7.0,1.0
41770,2025,1,2.0,2.0
41770,2025,2,1.0,1.0
41770,2025,3,4.0,0.0
41770,2025,4,9.0,4.0
41791,2023,1,2.0,0.0
41791,2023,2,1.0,1.0
41791,2023,4,1.0,1.0
41791,2024,2,0.0,2.0
41791,2024,4,1.0,0.0
41791,2025,2,2.0,0.0
41791,2025,3,1.0,0.0
41791,2025,4,0.0,3.0
41797,2023,3,0.0,1.0
41797,2023,4,1.0,2.0
41797,2024,1,0.0,1.0
41797,2024,2,1.0,1.0
41797,2024,3,0.0,1.0
41797,2024,4,2.0,1.0
41797,2025,1,1.0,2.0
41797,2025,2,2.0,1.0
41797,2025,3,5.0,0.0
41797,2025,4,2.0,2.0
41799,2023,1,2.0,0.0
41799,2023,2,6.0,1.0
41799,2023,3,1.0,1.0
41799,2023,4,0.0,1.0
41799,2024,1,2.0,2.0
41799,2024,2,0.0,3.0
41799,2024,3,2.0,2.0
41799,2024,4,1.0,1.0
41799,2025,1,0.0,1.0
41799,2025,2,1.0,1.0
41799,2025,4,0.0,1.0
41801,2023,2,4.0,0.0
41801,2023,3,1.0,1.0
41801,2023,4,2.0,1.0
41801,2024,1,0.0,1.0
41801,2024,2,1.0,2.0
41801,2024,3,2.0,1.0
41801,2024,4,1.0,0.0
41801,2025,1,2.0,0.0
41801,2025,2,0.0,1.0
41801,2025,3,0.0,1.0
41801,2025,4,0.0,1.0
41807,2023,2,2.0,0.0
41807,2023,3,1.0,1.0
41807,2023,4,1.0,0.0
41807,2024,1,0.0,3.0
41807,2024,2,2.0,0.0
41807,2024,4,3.0,2.0
41807,2025,1,3.0,0.0
41807,2025,2,2.0,2.0
41807,2025,3,5.0,4.0
41807,2025,4,4.0,0.0
41872,2023,1,1.0,0.0
41872,2023,2,3.0,1.0
41872,2023,3,0.0,3.0
41872,2024,2,0.0,3.0
41872,2025,1,0.0,2.0
41872,2025,2,0.0,2.0
41872,2025,3,0.0,1.0
41885,2023,3,0.0,1.0
41885,2023,4,0.0,3.0
41885,2024,1,0.0,1.0
41885,2024,2,0.0,1.0
41885,2025,1,0.0,2.0
41885,2025,2,0.0,3.0
41885,2025,3,0.0,1.0
41885,2025,4,1.0,0.0
44001,2023,1,10.0,4.0
44001,2023,2,17.0,6.0
44001,2023,3,24.0,5.0
44001,2023,4,19.0,9.0
44001,2024,1,36.0,10.0
44001,2024,2,21.0,11.0
44001,2024,3,35.0,19.0
44001,2024,4,21.0,20.0
44001,2025,1,22.0,9.0
44001,2025,2,24.0,14.0
44001,2025,3,25.0,25.0
44001,2025,4,29.0,23.0
44035,2023,1,2.0,0.0
44035,2023,4,3.0,1.0
44035,2024,1,1.0,0.0
44035,2024,2,1.0,0.0
44035,2024,3,1.0,0.0
44035,2024,4,4.0,1.0
44035,2025,1,4.0,0.0
44035,2025,2,2.0,0.0
44035,2025,3,2.0,0.0
44035,2025,4,6.0,1.0
44078,2023,1,1.0,0.0
44078,2023,2,2.0,1.0
44078,2023,3,1.0,0.0
44078,2023,4,3.0,1.0
44078,2024,1,2.0,2.0
44078,2024,2,1.0,1.0
44078,2024,3,2.0,4.0
44078,2024,4,4.0,3.0
44078,2025,1,4.0,1.0
44078,2025,2,0.0,1.0
44078,2025,3,1.0,4.0
44078,2025,4,5.0,2.0
44090,2023,1,3.0,2.0
44090,2023,2,12.0,0.0
44090,2023,3,4.0,0.0
44090,2023,4,5.0,3.0
44090,2024,1,2.0,3.0
44090,2024,2,7.0,2.0
44090,2024,3,9.0,2.0
44090,2024,4,7.0,4.0
44090,2025,1,4.0,1.0
44090,2025,2,3.0,1.0
44090,2025,3,6.0,2.0
44090,2025,4,4.0,1.0
44098,2023,4,2.0,0.0
44098,2024,1,0.0,2.0
44098,2024,3,1.0,0.0
44098,2025,1,0.0,1.0
44098,2025,4,1.0,0.0
44110,2023,4,0.0,1.0
44110,2024,1,0.0,1.0
44110,2024,3,1.0,0.0
44110,2025,3,0.0,1.0
44279,2023,1,3.0,0.0
44279,2023,2,1.0,0.0
44279,2023,3,2.0,2.0
44279,2023,4,3.0,1.0
44279,2024,1,3.0,4.0
44279,2024,2,5.0,0.0
44279,2024,3,1.0,0.0
44279,2024,4,3.0,6.0
44279,2025,1,2.0,1.0
44279,2025,2,4.0,0.0
44279,2025,3,7.0,1.0
44279,2025,4,6.0,3.0
44378,2024,4,0.0,2.0
44378,2025,2,0.0,1.0
44378,2025,4,3.0,2.0
44420,2023,3,1.0,0.0
44420,2024,3,0.0,1.0
44420,2025,2,2.0,0.0
44420,2025,4,0.0,1.0
44430,2023,1,14.0,1.0
44430,2023,2,5.0,3.0
44430,2023,3,6.0,1.0
44430,2023,4,10.0,8.0
44430,2024,1,6.0,7.0
44430,2024,2,10.0,5.0
44430,2024,3,7.0,1.0
44430,2024,4,9.0,10.0
44430,2025,1,11.0,5.0
44430,2025,2,13.0,3.0
44430,2025,3,20.0,3.0
44430,2025,4,19.0,25.0
44560,2023,3,1.0,0.0
44560,2023,4,1.0,1.0
44560,2024,4,4.0,2.0
44560,2025,1,1.0,0.0
44560,2025,2,1.0,0.0
44560,2025,3,1.0,0.0
44560,2025,4,2.0,1.0
44650,2023,2,4.0,3.0
44650,2023,3,2.0,0.0
44650,2023,4,2.0,1.0
44650,2024,1,1.0,0.0
44650,2024,2,1.0,2.0
44650,2024,3,2.0,0.0
44650,2024,4,5.0,2.0
44650,2025,1,3.0,0.0
44650,2025,2,2.0,0.0
44650,2025,3,2.0,3.0
44650,2025,4,6.0,2.0
44847,2023,1,5.0,1.0
44847,2023,2,1.0,1.0
44847,2024,1,0.0,1.0
44847,2024,3,0.0,1.0
44847,2024,4,1.0,3.0
44847,2025,1,1.0,0.0
44847,2025,2,2.0,1.0
44847,2025,3,4.0,6.0
44847,2025,4,3.0,4.0
44855,2023,1,1.0,0.0
44855,2024,3,0.0,1.0
44855,2025,3,0.0,2.0
44855,2025,4,0.0,1.0
44874,2023,2,4.0,0.0
44874,2023,4,1.0,0.0
44874,2024,2,1.0,0.0
44874,2024,3,1.0,0.0
44874,2024,4,2.0,0.0
44874,2025,1,1.0,1.0
44874,2025,4,1.0,2.0
47001,2023,1,45.0,22.0
47001,2023,2,35.0,38.0
47001,2023,3,51.0,37.0
47001,2023,4,64.0,37.0
47001,2024,1,50.0,32.0
47001,2024,2,49.0,25.0
47001,2024,3,46.0,47.0
47001,2024,4,53.0,69.0
47001,2025,1,42.0,24.0
47001,2025,2,43.0,38.0
47001,2025,3,41.0,43.0
47001,2025,4,44.0,49.0
47030,2023,3,1.0,0.0
47030,2023,4,3.0,0.0
47030,2024,1,0.0,1.0
47030,2024,2,1.0,0.0
47030,2024,3,5.0,1.0
47030,2024,4,4.0,3.0
47030,2025,2,4.0,0.0
47030,2025,3,1.0,0.0
47030,2025,4,2.0,1.0
47053,2023,1,3.0,1.0
47053,2023,2,1.0,0.0
47053,2023,3,10.0,0.0
47053,2023,4,11.0,1.0
47053,2024,1,6.0,0.0
47053,2024,2,4.0,0.0
47053,2024,3,4.0,2.0
47053,2024,4,4.0,3.0
47053,2025,1,8.0,4.0
47053,2025,2,11.0,1.0
47053,2025,3,3.0,2.0
47053,2025,4,10.0,1.0
47058,2023,1,3.0,2.0
47058,2023,2,3.0,2.0
47058,2023,3,1.0,0.0
47058,2023,4,2.0,0.0
47058,2024,1,2.0,2.0
47058,2024,2,0.0,1.0
47058,2024,3,3.0,1.0
47058,2024,4,0.0,3.0
47058,2025,1,2.0,1.0
47058,2025,2,2.0,3.0
47058,2025,3,2.0,1.0
47058,2025,4,5.0,1.0
47161,2023,3,0.0,1.0
47161,2024,1,1.0,0.0
47170,2023,1,0.0,1.0
47170,2023,2,1.0,0.0
47170,2023,3,0.0,1.0
47170,2023,4,1.0,1.0
47170,2024,1,1.0,0.0
47170,2024,3,3.0,2.0
47170,2024,4,1.0,0.0
47170,2025,1,2.0,2.0
47170,2025,2,0.0,1.0
47170,2025,3,2.0,0.0
47189,2023,1,15.0,4.0
47189,2023,2,13.0,3.0
47189,2023,3,21.0,2.0
47189,2023,4,19.0,5.0
47189,2024,1,25.0,3.0
47189,2024,2,20.0,8.0
47189,2024,3,35.0,6.0
47189,2024,4,16.0,12.0
47189,2025,1,21.0,5.0
47189,2025,2,37.0,8.0
47189,2025,3,21.0,8.0
47189,2025,4,12.0,10.0
47205,2023,3,1.0,0.0
47205,2023,4,0.0,1.0
47205,2024,1,0.0,1.0
47245,2023,1,6.0,1.0
47245,2023,2,6.0,1.0
47245,2023,3,1.0,0.0
47245,2023,4,4.0,0.0
47245,2024,1,4.0,1.0
47245,2024,2,5.0,0.0
47245,2024,3,6.0,0.0
47245,2024,4,3.0,2.0
47245,2025,1,3.0,2.0
47245,2025,2,1.0,1.0
47245,2025,3,7.0,1.0
47245,2025,4,7.0,0.0
47258,2023,1,0.0,1.0
47258,2023,2,0.0,1.0
47258,2023,3,3.0,1.0
47258,2023,4,2.0,0.0
47258,2024,1,1.0,1.0
47258,2024,4,0.0,1.0
47268,2023,1,4.0,2.0
47268,2023,2,3.0,0.0
47268,2023,3,2.0,0.0
47268,2023,4,1.0,1.0
47268,2024,1,2.0,3.0
47268,2024,2,1.0,2.0
47268,2024,3,6.0,1.0
47268,2024,4,5.0,1.0
47268,2025,1,6.0,5.0
47268,2025,2,7.0,6.0
47268,2025,3,2.0,1.0
47268,2025,4,0.0,3.0
47288,2023,1,6.0,4.0
47288,2023,2,3.0,3.0
47288,2023,3,4.0,1.0
47288,2023,4,2.0,3.0
47288,2024,1,12.0,2.0
47288,2024,2,7.0,3.0
47288,2024,3,7.0,7.0
47288,2024,4,16.0,10.0
47288,2025,1,13.0,10.0
47288,2025,2,19.0,4.0
47288,2025,3,8.0,7.0
47288,2025,4,9.0,6.0
47318,2023,1,1.0,0.0
47318,2023,2,1.0,0.0
47318,2023,3,0.0,1.0
47318,2023,4,1.0,0.0
47318,2024,2,1.0,0.0
47318,2024,3,0.0,1.0
47318,2024,4,1.0,2.0
47318,2025,2,0.0,2.0
47318,2025,3,0.0,1.0
47318,2025,4,2.0,0.0
47460,2023,1,3.0,2.0
47460,2023,2,4.0,0.0
47460,2023,3,3.0,2.0
47460,2023,4,2.0,0.0
47460,2024,1,2.0,0.0
47460,2024,2,1.0,2.0
47460,2024,3,2.0,0.0
47460,2024,4,0.0,1.0
47460,2025,1,2.0,1.0
47460,2025,2,4.0,1.0
47460,2025,3,3.0,0.0
47460,2025,4,2.0,0.0
47541,2024,1,1.0,0.0
47541,2024,2,0.0,1.0
47541,2025,1,1.0,0.0
47545,2023,2,1.0,0.0
47545,2023,3,1.0,0.0
47545,2024,1,0.0,1.0
47545,2024,2,0.0,2.0
47545,2025,1,2.0,0.0
47545,2025,2,0.0,1.0
47551,2023,1,3.0,0.0
47551,2023,2,4.0,1.0
47551,2023,3,5.0,0.0
47551,2023,4,1.0,2.0
47551,2024,1,2.0,2.0
47551,2024,2,2.0,3.0
47551,2024,3,2.0,1.0
47551,2024,4,10.0,1.0
47551,2025,1,8.0,2.0
47551,2025,2,7.0,5.0
47551,2025,3,4.0,1.0
47551,2025,4,5.0,3.0
47555,2023,1,2.0,4.0
47555,2023,2,3.0,1.0
47555,2023,3,5.0,1.0
47555,2023,4,2.0,1.0
47555,2024,1,3.0,1.0
47555,2024,2,0.0,2.0
47555,2024,3,2.0,4.0
47555,2024,4,1.0,1.0
47555,2025,1,3.0,2.0
47555,2025,2,0.0,2.0
47555,2025,3,0.0,1.0
47555,2025,4,3.0,1.0
47570,2023,1,1.0,2.0
47570,2023,2,4.0,0.0
47570,2023,3,5.0,1.0
47570,2023,4,3.0,0.0
47570,2024,1,5.0,1.0
47570,2024,2,0.0,1.0
47570,2024,3,5.0,0.0
47570,2024,4,7.0,0.0
47570,2025,1,9.0,0.0
47570,2025,2,4.0,1.0
47570,2025,3,2.0,0.0
47570,2025,4,2.0,0.0
47605,2023,2,0.0,1.0
47605,2023,3,1.0,1.0
47605,2023,4,0.0,2.0
47605,2024,1,1.0,0.0
47605,2024,3,0.0,1.0
47605,2025,1,1.0,2.0
47605,2025,3,0.0,1.0
47605,2025,4,0.0,2.0
47660,2023,1,0.0,1.0
47660,2023,4,0.0,2.0
47660,2024,1,1.0,0.0
47660,2024,2,0.0,1.0
47660,2025,1,0.0,2.0
47660,2025,2,1.0,3.0
47660,2025,3,0.0,1.0
47660,2025,4,0.0,1.0
47675,2023,1,1.0,1.0
47675,2023,2,1.0,0.0
47675,2023,3,2.0,0.0
47675,2024,4,0.0,1.0
47675,2025,1,1.0,1.0
47692,2023,1,1.0,0.0
47692,2023,2,1.0,1.0
47692,2023,3,1.0,1.0
47692,2023,4,0.0,1.0
47692,2024,4,0.0,1.0
47692,2025,1,0.0,1.0
47692,2025,2,1.0,0.0
47703,2023,2,3.0,1.0
47703,2023,3,2.0,0.0
47703,2024,2,4.0,0.0
47703,2024,3,0.0,1.0
47703,2025,4,1.0,0.0
47707,2023,1,1.0,0.0
47707,2023,3,1.0,0.0
47707,2023,4,1.0,0.0
47707,2024,1,1.0,1.0
47707,2024,3,1.0,2.0
47707,2024,4,3.0,2.0
47707,2025,1,0.0,1.0
47707,2025,3,1.0,1.0
47720,2024,2,0.0,1.0
47720,2024,4,0.0,1.0
47720,2025,1,1.0,0.0
47720,2025,3,0.0,1.0
47720,2025,4,0.0,1.0
47745,2023,1,1.0,0.0
47745,2023,2,0.0,1.0
47745,2023,3,1.0,0.0
47745,2023,4,4.0,0.0
47745,2024,1,4.0,0.0
47745,2024,3,5.0,4.0
47745,2024,4,7.0,2.0
47745,2025,1,2.0,0.0
47745,2025,2,9.0,1.0
47745,2025,3,0.0,1.0
47745,2025,4,2.0,1.0
47798,2023,1,3.0,0.0
47798,2023,4,2.0,1.0
47798,2024,1,1.0,1.0
47798,2025,1,0.0,1.0
47798,2025,2,2.0,0.0
47798,2025,3,1.0,0.0
47960,2023,1,1.0,0.0
47960,2023,2,1.0,0.0
47960,2023,4,1.0,0.0
47960,2024,2,0.0,1.0
47960,2025,1,1.0,0.0
47980,2023,1,17.0,3.0
47980,2023,2,31.0,2.0
47980,2023,3,18.0,2.0
47980,2023,4,14.0,4.0
47980,2024,1,19.0,0.0
47980,2024,2,12.0,2.0
47980,2024,3,18.0,6.0
47980,2024,4,27.0,1.0
47980,2025,1,23.0,4.0
47980,2025,2,21.0,7.0
47980,2025,3,33.0,2.0
47980,2025,4,27.0,6.0
50001,2023,1,24.0,61.0
50001,2023,2,34.0,62.0
50001,2023,3,27.0,49.0
50001,2023,4,36.0,72.0
50001,2024,1,34.0,80.0
50001,2024,2,33.0,107.0
50001,2024,3,25.0,148.0
50001,2024,4,30.0,87.0
50001,2025,1,44.0,62.0
50001,2025,2,38.0,63.0
50001,2025,3,30.0,93.0
50001,2025,4,44.0,123.0
50006,2023,1,3.0,11.0
50006,2023,2,4.0,7.0
50006,2023,3,5.0,12.0
50006,2023,4,3.0,14.0
50006,2024,1,0.0,13.0
50006,2024,2,4.0,31.0
50006,2024,3,1.0,14.0
50006,2024,4,6.0,9.0
50006,2025,1,5.0,6.0
50006,2025,2,2.0,18.0
50006,2025,3,7.0,25.0
50006,2025,4,10.0,20.0
50110,2023,1,2.0,0.0
50110,2023,2,1.0,1.0
50110,2024,3,0.0,1.0
50110,2024,4,1.0,1.0
50110,2025,2,1.0,1.0
50110,2025,3,1.0,0.0
50110,2025,4,0.0,1.0
50124,2023,1,0.0,1.0
50124,2025,2,0.0,2.0
50124,2025,3,1.0,1.0
50124,2025,4,2.0,0.0
50150,2023,1,1.0,2.0
50150,2023,2,0.0,2.0
50150,2023,3,0.0,1.0
50150,2023,4,0.0,1.0
50150,2024,1,0.0,1.0
50150,2024,2,0.0,3.0
50150,2024,3,2.0,3.0
50150,2025,1,1.0,0.0
50150,2025,2,1.0,1.0
50150,2025,3,1.0,1.0
50150,2025,4,1.0,4.0
50223,2023,1,0.0,1.0
50223,2023,2,1.0,0.0
50223,2024,3,0.0,2.0
50223,2024,4,0.0,1.0
50223,2025,2,0.0,1.0
50223,2025,3,0.0,1.0
50223,2025,4,0.0,1.0
50226,2023,1,0.0,3.0
50226,2023,2,0.0,1.0
50226,2023,3,0.0,1.0
50226,2023,4,1.0,3.0
50226,2024,1,1.0,8.0
50226,2024,2,0.0,8.0
50226,2024,3,0.0,4.0
50226,2024,4,3.0,2.0
50226,2025,2,0.0,2.0
50226,2025,3,0.0,8.0
50226,2025,4,0.0,3.0
50245,2023,2,0.0,1.0
50245,2024,1,0.0,1.0
50245,2025,3,0.0,1.0
50251,2023,1,0.0,1.0
50251,2023,2,0.0,1.0
50251,2023,3,0.0,3.0
50251,2023,4,0.0,2.0
50251,2024,1,0.0,2.0
50251,2024,2,1.0,2.0
50251,2024,3,0.0,2.0
50251,2024,4,1.0,1.0
50251,2025,1,0.0,3.0
50251,2025,2,1.0,2.0
50251,2025,3,1.0,1.0
50251,2025,4,1.0,0.0
50270,2023,2,0.0,1.0
50270,2025,3,0.0,1.0
50287,2023,1,2.0,1.0
50287,2023,2,0.0,2.0
50287,2023,3,1.0,5.0
50287,2024,1,0.0,1.0
50287,2024,2,0.0,2.0
50287,2024,3,0.0,4.0
50287,2024,4,0.0,2.0
50287,2025,1,0.0,2.0
50287,2025,2,1.0,1.0
50287,2025,3,0.0,4.0
50287,2025,4,0.0,5.0
50313,2023,1,5.0,15.0
50313,2023,2,8.0,12.0
50313,2023,3,4.0,9.0
50313,2023,4,7.0,13.0
50313,2024,1,5.0,14.0
50313,2024,2,5.0,26.0
50313,2024,3,1.0,22.0
50313,2024,4,6.0,18.0
50313,2025,1,6.0,10.0
50313,2025,2,4.0,23.0
50313,2025,3,6.0,36.0
50313,2025,4,6.0,50.0
50318,2023,1,1.0,2.0
50318,2023,2,0.0,3.0
50318,2023,3,2.0,2.0
50318,2023,4,1.0,0.0
50318,2024,2,2.0,5.0
50318,2024,3,1.0,5.0
50318,2024,4,1.0,2.0
50318,2025,1,0.0,1.0
50318,2025,2,3.0,3.0
50318,2025,3,1.0,1.0
50318,2025,4,1.0,6.0
50325,2023,1,4.0,1.0
50325,2023,2,1.0,0.0
50325,2023,3,0.0,2.0
50325,2023,4,1.0,2.0
50325,2024,1,0.0,2.0
50325,2024,2,6.0,2.0
50325,2024,3,3.0,2.0
50325,2024,4,1.0,1.0
50325,2025,1,4.0,2.0
50325,2025,3,5.0,0.0
50325,2025,4,5.0,0.0
50330,2023,1,0.0,1.0
50330,2023,3,2.0,1.0
50330,2023,4,1.0,9.0
50330,2024,1,0.0,2.0
50330,2024,2,1.0,6.0
50330,2024,3,0.0,3.0
50330,2024,4,2.0,0.0
50330,2025,1,0.0,5.0
50330,2025,2,1.0,3.0
50350,2023,1,1.0,4.0
50350,2023,2,3.0,4.0
50350,2023,3,1.0,1.0
50350,2023,4,1.0,0.0
50350,2024,1,2.0,2.0
50350,2024,2,4.0,1.0
50350,2024,3,2.0,1.0
50350,2024,4,1.0,1.0
50350,2025,1,3.0,0.0
50350,2025,2,1.0,0.0
50350,2025,3,2.0,0.0
50350,2025,4,1.0,0.0
50370,2023,1,0.0,5.0
50370,2023,2,1.0,1.0
50370,2023,3,1.0,4.0
50370,2023,4,1.0,0.0
50370,2024,1,0.0,1.0
50370,2024,2,1.0,2.0
50370,2024,3,0.0,3.0
50370,2024,4,1.0,1.0
50370,2025,1,2.0,1.0
50370,2025,2,2.0,2.0
50370,2025,3,0.0,1.0
50370,2025,4,0.0,1.0
50400,2023,1,0.0,2.0
50400,2023,2,0.0,2.0
50400,2023,3,0.0,3.0
50400,2023,4,1.0,3.0
50400,2024,1,0.0,1.0
50400,2024,2,0.0,5.0
50400,2024,3,0.0,4.0
50400,2024,4,0.0,6.0
50400,2025,1,1.0,3.0
50400,2025,2,0.0,3.0
50400,2025,3,1.0,2.0
50400,2025,4,0.0,4.0
50450,2023,1,0.0,1.0
50450,2023,2,2.0,1.0
50450,2024,1,0.0,4.0
50450,2024,2,1.0,1.0
50450,2024,3,1.0,4.0
50450,2024,4,0.0,2.0
50450,2025,1,0.0,1.0
50450,2025,2,0.0,2.0
50450,2025,3,2.0,0.0
50450,2025,4,1.0,0.0
50568,2023,1,7.0,2.0
50568,2023,2,12.0,7.0
50568,2023,3,12.0,6.0
50568,2023,4,4.0,11.0
50568,2024,1,4.0,18.0
50568,2024,2,2.0,6.0
50568,2024,3,2.0,7.0
50568,2024,4,8.0,0.0
50568,2025,1,9.0,8.0
50568,2025,2,11.0,11.0
50568,2025,3,5.0,14.0
50568,2025,4,4.0,2.0
50573,2023,1,3.0,4.0
50573,2023,2,2.0,2.0
50573,2023,3,3.0,0.0
50573,2023,4,4.0,4.0
50573,2024,1,5.0,4.0
50573,2024,2,2.0,2.0
50573,2024,3,4.0,3.0
50573,2024,4,2.0,2.0
50573,2025,1,3.0,2.0
50573,2025,2,2.0,5.0
50573,2025,3,0.0,4.0
50573,2025,4,2.0,6.0
50577,2023,3,2.0,2.0
50577,2023,4,0.0,1.0
50577,2024,1,1.0,3.0
50577,2024,2,0.0,5.0
50577,2024,3,2.0,5.0
50577,2024,4,0.0,5.0
50577,2025,1,4.0,5.0
50577,2025,2,1.0,5.0
50577,2025,3,3.0,3.0
50577,2025,4,0.0,3.0
50590,2023,1,0.0,2.0
50590,2023,2,1.0,0.0
50590,2023,3,0.0,1.0
50590,2023,4,1.0,2.0
50590,2024,2,2.0,3.0
50590,2024,3,3.0,3.0
50590,2024,4,2.0,1.0
50590,2025,1,1.0,4.0
50590,2025,2,3.0,5.0
50590,2025,3,3.0,5.0
50590,2025,4,3.0,0.0
50606,2023,1,1.0,0.0
50606,2023,2,0.0,2.0
50606,2023,3,0.0,2.0
50606,2023,4,1.0,4.0
50606,2024,1,0.0,1.0
50606,2024,2,0.0,2.0
50606,2024,3,2.0,4.0
50606,2024,4,1.0,4.0
50606,2025,1,1.0,2.0
50606,2025,2,0.0,2.0
50606,2025,3,0.0,5.0
50680,2023,1,4.0,2.0
50680,2023,2,1.0,0.0
50680,2023,3,0.0,1.0
50680,2023,4,1.0,2.0
50680,2024,1,1.0,2.0
50680,2024,2,0.0,2.0
50680,2024,3,2.0,2.0
50680,2024,4,1.0,2.0
50680,2025,1,0.0,2.0
50680,2025,2,1.0,1.0
50680,2025,3,4.0,1.0
50680,2025,4,4.0,2.0
50683,2023,1,2.0,0.0
50683,2023,2,1.0,0.0
50683,2023,3,0.0,1.0
50683,2023,4,0.0,3.0
50683,2024,1,1.0,1.0
50683,2024,2,0.0,1.0
50683,2024,3,0.0,8.0
50683,2024,4,1.0,4.0
50683,2025,1,1.0,4.0
50683,2025,2,0.0,2.0
50683,2025,3,0.0,3.0
50683,2025,4,0.0,2.0
50686,2024,2,0.0,1.0
50689,2023,1,3.0,4.0
50689,2023,2,2.0,2.0
50689,2023,3,4.0,3.0
50689,2023,4,1.0,3.0
50689,2024,1,0.0,4.0
50689,2024,2,1.0,4.0
50689,2024,3,2.0,4.0
50689,2024,4,3.0,1.0
50689,2025,1,2.0,2.0
50689,2025,2,5.0,6.0
50689,2025,3,5.0,12.0
50689,2025,4,5.0,8.0
50711,2023,1,1.0,2.0
50711,2023,2,2.0,2.0
50711,2023,3,1.0,6.0
50711,2023,4,3.0,5.0
50711,2024,1,1.0,4.0
50711,2024,2,1.0,3.0
50711,2024,3,1.0,6.0
50711,2024,4,3.0,3.0
50711,2025,1,3.0,1.0
50711,2025,2,2.0,2.0
50711,2025,3,1.0,1.0
50711,2025,4,0.0,1.0
52001,2023,1,12.0,6.0
52001,2023,2,13.0,6.0
52001,2023,3,9.0,20.0
52001,2023,4,7.0,20.0
52001,2024,1,5.0,9.0
52001,2024,2,11.0,11.0
52001,2024,3,8.0,6.0
52001,2024,4,8.0,18.0
52001,2025,1,5.0,5.0
52001,2025,2,14.0,11.0
52001,2025,3,13.0,18.0
52001,2025,4,10.0,31.0
52019,2023,2,2.0,0.0
52019,2023,4,0.0,2.0
52019,2024,3,0.0,1.0
52019,2025,3,0.0,1.0
52022,2024,1,1.0,0.0
52022,2024,2,1.0,0.0
52022,2024,4,1.0,0.0
52022,2025,1,0.0,1.0
52022,2025,3,0.0,1.0
52022,2025,4,2.0,0.0
52036,2023,1,1.0,0.0
52036,2023,3,1.0,0.0
52036,2023,4,2.0,0.0
52036,2024,1,2.0,0.0
52036,2025,3,0.0,1.0
52036,2025,4,1.0,0.0
52051,2023,2,1.0,0.0
52051,2025,4,0.0,1.0
52079,2023,1,7.0,1.0
52079,2023,2,4.0,2.0
52079,2023,3,9.0,2.0
52079,2023,4,3.0,2.0
52079,2024,1,4.0,3.0
52079,2024,2,5.0,4.0
52079,2024,3,9.0,3.0
52079,2025,1,2.0,0.0
52079,2025,2,4.0,2.0
52079,2025,3,4.0,1.0
52079,2025,4,1.0,2.0
52083,2023,2,0.0,1.0
52083,2024,2,2.0,0.0
52083,2025,3,1.0,0.0
52110,2023,1,1.0,0.0
52110,2023,2,1.0,1.0
52110,2023,3,1.0,0.0
52110,2023,4,1.0,0.0
52110,2024,2,1.0,0.0
52110,2024,3,2.0,0.0
52110,2024,4,3.0,0.0
52110,2025,4,2.0,1.0
52203,2024,2,1.0,0.0
52203,2025,4,2.0,0.0
52207,2023,4,2.0,0.0
52207,2024,1,1.0,0.0
52207,2024,2,1.0,0.0
52207,2024,3,0.0,1.0
52207,2025,1,1.0,0.0
52207,2025,2,1.0,2.0
52207,2025,3,4.0,1.0
52215,2023,1,1.0,0.0
52215,2023,2,0.0,1.0
52215,2023,3,1.0,0.0
52215,2024,2,1.0,1.0
52215,2024,3,1.0,0.0
52215,2024,4,3.0,1.0
52215,2025,2,2.0,0.0
52215,2025,4,2.0,0.0
52224,2023,2,1.0,0.0
52224,2023,3,2.0,0.0
52224,2024,3,3.0,0.0
52224,2025,3,1.0,0.0
52224,2025,4,1.0,0.0
52227,2023,2,0.0,1.0
52227,2024,1,0.0,1.0
52227,2024,2,0.0,3.0
52227,2024,3,2.0,1.0
52227,2024,4,1.0,0.0
52227,2025,1,0.0,2.0
52227,2025,2,1.0,0.0
52227,2025,3,2.0,2.0
52227,2025,4,0.0,3.0
52233,2023,3,5.0,0.0
52233,2024,1,1.0,0.0
52233,2024,2,1.0,0.0
52233,2024,3,2.0,0.0
52233,2024,4,3.0,0.0
52233,2025,2,2.0,0.0
52240,2023,2,1.0,0.0
52240,2024,2,0.0,1.0
52240,2024,3,1.0,0.0
52240,2025,2,1.0,0.0
52250,2023,1,3.0,1.0
52250,2023,2,4.0,0.0
52250,2023,3,1.0,0.0
52250,2023,4,1.0,1.0
52250,2024,1,1.0,3.0
52250,2024,2,1.0,2.0
52250,2024,3,2.0,1.0
52250,2024,4,2.0,2.0
52250,2025,1,1.0,1.0
52250,2025,2,0.0,2.0
52250,2025,3,0.0,1.0
52250,2025,4,2.0,3.0
52254,2023,3,1.0,0.0
52254,2023,4,4.0,0.0
52254,2024,2,1.0,0.0
52254,2024,4,0.0,1.0
52254,2025,2,1.0,1.0
52254,2025,4,3.0,0.0
52256,2023,1,5.0,0.0
52256,2023,2,1.0,0.0
52256,2023,3,0.0,1.0
52256,2023,4,2.0,0.0
52256,2024,1,1.0,0.0
52256,2024,3,2.0,0.0
52256,2024,4,1.0,0.0
52256,2025,1,1.0,0.0
52256,2025,2,5.0,0.0
52256,2025,3,2.0,1.0
52256,2025,4,1.0,0.0
52258,2024,2,1.0,0.0
52258,2025,4,1.0,1.0
52260,2023,1,1.0,0.0
52260,2023,2,2.0,0.0
52260,2024,1,1.0,1.0
52260,2024,3,0.0,2.0
52260,2024,4,2.0,5.0
52260,2025,2,0.0,1.0
52260,2025,3,1.0,1.0
52260,2025,4,0.0,1.0
52287,2023,4,0.0,1.0
52287,2024,4,0.0,1.0
52317,2023,1,1.0,1.0
52317,2023,2,0.0,1.0
52317,2024,2,0.0,1.0
52317,2025,1,1.0,0.0
52317,2025,2,0.0,1.0
52317,2025,4,0.0,2.0
52320,2023,4,0.0,1.0
52320,2024,2,1.0,0.0
52320,2025,4,0.0,2.0
52323,2023,1,1.0,0.0
52352,2023,4,1.0,0.0
52352,2024,3,0.0,1.0
52352,2024,4,1.0,0.0
52354,2024,3,1.0,0.0
52354,2025,3,1.0,0.0
52356,2023,1,12.0,3.0
52356,2023,2,5.0,4.0
52356,2023,3,13.0,2.0
52356,2023,4,21.0,3.0
52356,2024,1,8.0,3.0
52356,2024,2,12.0,8.0
52356,2024,3,5.0,6.0
52356,2024,4,13.0,6.0
52356,2025,1,7.0,4.0
52356,2025,2,2.0,7.0
52356,2025,3,10.0,9.0
52356,2025,4,16.0,8.0
52378,2023,1,1.0,0.0
52378,2023,2,2.0,1.0
52378,2023,3,0.0,1.0
52378,2024,1,1.0,2.0
52378,2024,2,1.0,0.0
52378,2024,4,1.0,0.0
52378,2025,2,1.0,0.0
52378,2025,3,1.0,0.0
52378,2025,4,0.0,2.0
52381,2024,1,1.0,0.0
52381,2024,2,0.0,1.0
52381,2024,3,0.0,1.0
52381,2025,1,1.0,0.0
52381,2025,2,0.0,1.0
52381,2025,3,0.0,1.0
52385,2023,3,1.0,0.0
52385,2024,1,2.0,0.0
52385,2024,2,0.0,2.0
52385,2025,1,0.0,1.0
52385,2025,2,2.0,0.0
52385,2025,4,1.0,0.0
52390,2024,1,1.0,1.0
52390,2024,2,1.0,0.0
52390,2024,3,2.0,0.0
52390,2024,4,0.0,1.0
52390,2025,2,1.0,1.0
52399,2023,1,2.0,1.0
52399,2023,2,5.0,1.0
52399,2023,3,3.0,1.0
52399,2023,4,2.0,2.0
52399,2024,1,3.0,1.0
52399,2024,2,4.0,0.0
52399,2024,3,1.0,0.0
52399,2024,4,3.0,0.0
52399,2025,1,3.0,0.0
52399,2025,2,5.0,3.0
52399,2025,3,3.0,1.0
52399,2025,4,2.0,1.0
52405,2023,1,1.0,0.0
52405,2023,2,2.0,0.0
52405,2023,3,4.0,0.0
52405,2023,4,3.0,1.0
52405,2024,1,3.0,0.0
52405,2024,3,1.0,0.0
52405,2025,2,1.0,0.0
52405,2025,3,0.0,1.0
52405,2025,4,1.0,0.0
52411,2023,1,0.0,1.0
52411,2023,2,1.0,0.0
52411,2023,3,2.0,0.0
52411,2023,4,0.0,1.0
52411,2024,2,3.0,0.0
52411,2024,3,1.0,1.0
52411,2025,1,1.0,0.0
52411,2025,2,2.0,0.0
52411,2025,3,2.0,0.0
52418,2023,4,1.0,2.0
52418,2024,1,1.0,0.0
52418,2024,3,2.0,0.0
52418,2024,4,3.0,1.0
52418,2025,1,1.0,0.0
52418,2025,2,4.0,0.0
52418,2025,3,1.0,0.0
52418,2025,4,1.0,0.0
52427,2023,1,2.0,0.0
52427,2023,3,2.0,0.0
52427,2024,1,2.0,0.0
52427,2024,2,0.0,1.0
52427,2024,4,0.0,2.0
52427,2025,1,0.0,1.0
52427,2025,2,2.0,0.0
52435,2023,2,3.0,1.0
52435,2023,3,4.0,0.0
52435,2023,4,4.0,1.0
52435,2024,1,1.0,2.0
52435,2024,2,0.0,2.0
52435,2024,3,1.0,1.0
52435,2024,4,1.0,2.0
52435,2025,1,1.0,3.0
52435,2025,3,2.0,2.0
52435,2025,4,1.0,1.0
52473,2023,2,1.0,0.0
52473,2025,3,1.0,0.0
52490,2023,1,5.0,0.0
52490,2023,3,1.0,0.0
52490,2023,4,1.0,0.0
52490,2024,2,3.0,2.0
52490,2024,3,2.0,0.0
52490,2024,4,2.0,0.0
52490,2025,1,1.0,0.0
52490,2025,2,1.0,1.0
52490,2025,3,3.0,0.0
52490,2025,4,0.0,1.0
52506,2023,3,1.0,0.0
52506,2023,4,1.0,0.0
52506,2024,3,0.0,1.0
52520,2023,1,1.0,0.0
52520,2023,2,2.0,0.0
52520,2024,2,0.0,1.0
52520,2025,3,0.0,1.0
52540,2023,1,3.0,0.0
52540,2023,2,5.0,1.0
52540,2023,3,2.0,0.0
52540,2023,4,4.0,2.0
52540,2024,1,6.0,1.0
52540,2024,2,2.0,0.0
52540,2024,3,8.0,0.0
52540,2024,4,6.0,2.0
52540,2025,1,1.0,1.0
52540,2025,2,4.0,1.0
52540,2025,3,6.0,0.0
52540,2025,4,2.0,0.0
52560,2023,1,1.0,0.0
52560,2024,2,0.0,1.0
52560,2024,4,2.0,0.0
52560,2025,3,2.0,1.0
52560,2025,4,2.0,0.0
52565,2023,3,1.0,0.0
52565,2023,4,1.0,0.0
52565,2024,3,1.0,0.0
52565,2025,1,0.0,1.0
52565,2025,3,1.0,0.0
52565,2025,4,1.0,0.0
52573,2023,4,0.0,1.0
52573,2024,1,1.0,0.0
52573,2025,2,0.0,1.0
52573,2025,3,2.0,0.0
52573,2025,4,0.0,1.0
52585,2023,1,2.0,0.0
52585,2023,2,4.0,0.0
52585,2023,3,2.0,0.0
52585,2023,4,4.0,0.0
52585,2024,1,4.0,0.0
52585,2024,4,1.0,1.0
52585,2025,2,2.0,0.0
52612,2023,1,3.0,1.0
52612,2023,2,1.0,2.0
52612,2023,3,6.0,2.0
52612,2023,4,2.0,4.0
52612,2024,1,3.0,1.0
52612,2024,2,4.0,4.0
52612,2024,3,9.0,4.0
52612,2024,4,1.0,2.0
52612,2025,1,3.0,4.0
52612,2025,2,3.0,6.0
52612,2025,3,5.0,4.0
52612,2025,4,5.0,4.0
52621,2023,1,3.0,0.0
52621,2023,2,3.0,0.0
52621,2023,4,2.0,2.0
52621,2024,1,1.0,0.0
52678,2023,1,2.0,0.0
52678,2023,2,2.0,0.0
52678,2023,3,17.0,1.0
52678,2023,4,8.0,1.0
52678,2024,1,5.0,1.0
52678,2024,2,2.0,0.0
52678,2024,3,2.0,0.0
52678,2024,4,3.0,0.0
52678,2025,1,5.0,1.0
52678,2025,2,2.0,2.0
52678,2025,3,2.0,0.0
52678,2025,4,5.0,2.0
52683,2023,1,1.0,0.0
52683,2023,2,1.0,0.0
52683,2023,3,3.0,0.0
52683,2023,4,1.0,0.0
52683,2024,1,0.0,2.0
52683,2024,2,0.0,3.0
52683,2024,3,3.0,0.0
52683,2024,4,1.0,0.0
52683,2025,1,0.0,3.0
52683,2025,3,0.0,3.0
52685,2023,4,0.0,2.0
52685,2024,1,0.0,1.0
52685,2025,2,0.0,1.0
52687,2023,1,1.0,1.0
52687,2023,2,1.0,0.0
52687,2023,4,1.0,0.0
52687,2024,2,3.0,0.0
52687,2024,3,2.0,0.0
52687,2024,4,2.0,1.0
52687,2025,1,1.0,0.0
52687,2025,2,0.0,1.0
52687,2025,3,1.0,2.0
52693,2023,2,4.0,0.0
52693,2023,3,3.0,0.0
52693,2023,4,2.0,0.0
52693,2024,1,1.0,1.0
52693,2024,2,1.0,0.0
52693,2024,3,3.0,0.0
52693,2025,1,1.0,1.0
52693,2025,3,0.0,1.0
52693,2025,4,0.0,1.0
52694,2023,3,1.0,0.0
52694,2024,1,0.0,1.0
52694,2024,2,1.0,0.0
52694,2025,3,1.0,0.0
52696,2023,1,1.0,0.0
52696,2023,3,1.0,0.0
52696,2024,1,2.0,0.0
52696,2024,2,3.0,0.0
52696,2024,3,1.0,0.0
52696,2024,4,0.0,1.0
52696,2025,1,1.0,1.0
52696,2025,2,0.0,1.0
52696,2025,3,1.0,0.0
52699,2023,2,1.0,2.0
52699,2023,4,4.0,0.0
52699,2024,3,0.0,1.0
52699,2025,2,2.0,0.0
52699,2025,3,1.0,0.0
52720,2023,1,2.0,0.0
52786,2023,1,4.0,1.0
52786,2023,2,2.0,1.0
52786,2023,3,2.0,1.0
52786,2023,4,4.0,2.0
52786,2024,1,7.0,0.0
52786,2024,2,8.0,1.0
52786,2024,3,2.0,2.0
52786,2024,4,2.0,1.0
52786,2025,1,7.0,0.0
52786,2025,2,4.0,1.0
52786,2025,3,1.0,2.0
52786,2025,4,1.0,1.0
52788,2023,2,0.0,1.0
52788,2023,3,0.0,1.0
52788,2024,2,1.0,0.0
52788,2025,4,0.0,1.0
52835,2023,1,17.0,3.0
52835,2023,2,16.0,6.0
52835,2023,3,41.0,7.0
52835,2023,4,16.0,9.0
52835,2024,1,18.0,9.0
52835,2024,2,13.0,9.0
52835,2024,3,13.0,11.0
52835,2024,4,14.0,14.0
52835,2025,1,10.0,11.0
52835,2025,2,11.0,12.0
52835,2025,3,8.0,10.0
52835,2025,4,11.0,4.0
52838,2023,1,2.0,1.0
52838,2023,2,2.0,0.0
52838,2023,3,1.0,1.0
52838,2023,4,6.0,3.0
52838,2024,1,1.0,0.0
52838,2024,2,3.0,1.0
52838,2024,3,0.0,2.0
52838,2024,4,2.0,1.0
52838,2025,2,0.0,2.0
52838,2025,3,1.0,0.0
52838,2025,4,2.0,0.0
52885,2023,3,2.0,0.0
52885,2024,1,1.0,0.0
52885,2024,4,1.0,1.0
52885,2025,2,1.0,0.0
52885,2025,3,0.0,1.0
54001,2023,1,57.0,82.0
54001,2023,2,71.0,101.0
54001,2023,3,76.0,79.0
54001,2023,4,84.0,65.0
54001,2024,1,58.0,52.0
54001,2024,2,93.0,67.0
54001,2024,3,62.0,80.0
54001,2024,4,78.0,97.0
54001,2025,1,70.0,81.0
54001,2025,2,84.0,60.0
54001,2025,3,92.0,55.0
54001,2025,4,98.0,77.0
54003,2023,1,3.0,3.0
54003,2023,2,2.0,3.0
54003,2023,3,7.0,1.0
54003,2023,4,8.0,0.0
54003,2024,1,4.0,2.0
54003,2024,2,3.0,2.0
54003,2024,3,3.0,6.0
54003,2024,4,11.0,2.0
54003,2025,1,0.0,3.0
54003,2025,2,7.0,3.0
54003,2025,3,1.0,3.0
54003,2025,4,4.0,0.0
54051,2023,3,0.0,1.0
54051,2024,1,0.0,2.0
54051,2024,4,0.0,2.0
54099,2023,2,1.0,2.0
54099,2023,3,0.0,4.0
54099,2024,2,0.0,1.0
54099,2025,4,0.0,1.0
54109,2023,1,0.0,2.0
54109,2023,2,0.0,1.0
54109,2024,2,2.0,0.0
54109,2025,1,0.0,1.0
54109,2025,2,2.0,1.0
54109,2025,3,1.0,2.0
54109,2025,4,0.0,3.0
54125,2025,2,0.0,1.0
54128,2024,2,0.0,1.0
54128,2024,3,0.0,1.0
54172,2023,2,0.0,1.0
54172,2023,3,1.0,1.0
54172,2023,4,2.0,1.0
54172,2024,1,2.0,1.0
54172,2024,2,2.0,1.0
54172,2024,3,0.0,2.0
54172,2025,1,1.0,1.0
54172,2025,2,0.0,2.0
54172,2025,3,1.0,3.0
54172,2025,4,1.0,2.0
54174,2023,2,0.0,1.0
54174,2023,3,2.0,0.0
54174,2023,4,0.0,1.0
54174,2024,1,3.0,1.0
54174,2024,2,2.0,1.0
54174,2024,3,1.0,0.0
54174,2025,2,1.0,3.0
54174,2025,4,0.0,2.0
54206,2023,1,5.0,4.0
54206,2023,2,4.0,1.0
54206,2023,3,0.0,1.0
54206,2023,4,3.0,0.0
54206,2024,1,0.0,4.0
54206,2024,3,1.0,2.0
54206,2024,4,2.0,1.0
54206,2025,1,6.0,0.0
54206,2025,2,7.0,0.0
54206,2025,3,2.0,0.0
54206,2025,4,0.0,2.0
54223,2024,3,0.0,1.0
54223,2025,4,0.0,2.0
54239,2023,2,1.0,2.0
54239,2023,3,0.0,2.0
54239,2023,4,0.0,1.0
54239,2024,1,1.0,0.0
54239,2024,4,0.0,1.0
54239,2025,1,0.0,1.0
54245,2023,1,10.0,1.0
54245,2023,2,1.0,1.0
54245,2023,3,2.0,2.0
54245,2023,4,1.0,0.0
54245,2024,1,1.0,1.0
54245,2024,2,3.0,0.0
54245,2024,3,2.0,0.0
54245,2024,4,4.0,0.0
54245,2025,1,1.0,0.0
54245,2025,2,1.0,1.0
54245,2025,3,4.0,2.0
54245,2025,4,1.0,0.0
54250,2023,1,0.0,2.0
54250,2023,2,1.0,0.0
54250,2023,3,2.0,1.0
54250,2023,4,0.0,1.0
54250,2024,1,0.0,2.0
54250,2024,2,1.0,0.0
54250,2024,4,1.0,0.0
54250,2025,1,13.0,4.0
54250,2025,2,6.0,3.0
54250,2025,3,3.0,2.0
54250,2025,4,2.0,2.0
54261,2023,1,4.0,4.0
54261,2023,2,2.0,10.0
54261,2023,3,4.0,13.0
54261,2023,4,2.0,2.0
54261,2024,1,6.0,6.0
54261,2024,2,3.0,5.0
54261,2024,3,2.0,11.0
54261,2024,4,11.0,7.0
54261,2025,1,7.0,8.0
54261,2025,2,7.0,3.0
54261,2025,3,11.0,0.0
54261,2025,4,5.0,5.0
54313,2023,4,0.0,1.0
54344,2023,2,0.0,2.0
54344,2023,4,1.0,1.0
54344,2024,2,0.0,1.0
54344,2024,3,0.0,2.0
54344,2024,4,1.0,0.0
54344,2025,1,1.0,1.0
54344,2025,2,1.0,0.0
54344,2025,4,1.0,0.0
54347,2023,2,0.0,1.0
54347,2025,2,1.0,0.0
54347,2025,3,0.0,1.0
54377,2024,1,0.0,1.0
54377,2024,3,0.0,1.0
54377,2024,4,1.0,1.0
54377,2025,3,1.0,0.0
54385,2023,1,3.0,2.0
54385,2023,2,1.0,0.0
54385,2023,3,0.0,1.0
54385,2024,1,2.0,1.0
54385,2024,4,1.0,1.0
54385,2025,1,1.0,0.0
54385,2025,3,4.0,1.0
54385,2025,4,8.0,2.0
54398,2023,1,1.0,2.0
54398,2023,4,0.0,2.0
54398,2024,2,1.0,1.0
54398,2024,3,0.0,1.0
54398,2024,4,3.0,1.0
54398,2025,1,1.0,2.0
54398,2025,2,1.0,1.0
54398,2025,3,1.0,0.0
54398,2025,4,1.0,0.0
54405,2023,1,8.0,5.0
54405,2023,2,3.0,11.0
54405,2023,3,2.0,9.0
54405,2023,4,3.0,6.0
54405,2024,1,2.0,3.0
54405,2024,2,5.0,5.0
54405,2024,3,0.0,4.0
54405,2024,4,3.0,10.0
54405,2025,1,3.0,6.0
54405,2025,2,4.0,3.0
54405,2025,3,2.0,7.0
54405,2025,4,7.0,5.0
54418,2024,1,0.0,1.0
54418,2024,2,0.0,1.0
54418,2024,3,0.0,1.0
54418,2025,2,1.0,0.0
54480,2024,1,0.0,1.0
54480,2024,3,2.0,0.0
54480,2025,3,1.0,0.0
54498,2023,1,2.0,8.0
54498,2023,2,12.0,9.0
54498,2023,3,22.0,12.0
54498,2023,4,13.0,13.0
54498,2024,1,4.0,11.0
54498,2024,2,8.0,19.0
54498,2024,3,9.0,10.0
54498,2024,4,7.0,10.0
54498,2025,1,9.0,11.0
54498,2025,2,21.0,19.0
54498,2025,3,7.0,17.0
54498,2025,4,12.0,15.0
54518,2023,1,1.0,1.0
54518,2023,2,1.0,5.0
54518,2023,3,0.0,2.0
54518,2023,4,0.0,3.0
54518,2024,1,1.0,2.0
54518,2024,2,0.0,8.0
54518,2024,3,1.0,6.0
54518,2024,4,0.0,4.0
54518,2025,1,1.0,5.0
54518,2025,2,1.0,6.0
54518,2025,3,0.0,6.0
54518,2025,4,1.0,3.0
54520,2023,1,1.0,0.0
54520,2023,4,0.0,1.0
54520,2024,1,0.0,1.0
54520,2024,2,0.0,1.0
54520,2025,1,0.0,2.0
54520,2025,3,0.0,3.0
54553,2023,1,4.0,3.0
54553,2023,2,3.0,3.0
54553,2023,3,1.0,2.0
54553,2023,4,0.0,1.0
54553,2024,1,6.0,3.0
54553,2024,2,1.0,1.0
54553,2024,3,1.0,1.0
54553,2025,1,0.0,1.0
54553,2025,2,2.0,0.0
54553,2025,3,2.0,0.0
54553,2025,4,2.0,1.0
54599,2023,1,0.0,1.0
54599,2024,2,0.0,1.0
54599,2024,3,0.0,1.0
54599,2025,1,2.0,1.0
54599,2025,3,0.0,2.0
54660,2023,3,1.0,0.0
54660,2023,4,0.0,2.0
54660,2024,1,0.0,1.0
54660,2024,4,0.0,1.0
54660,2025,2,1.0,0.0
54660,2025,3,0.0,1.0
54660,2025,4,0.0,1.0
54670,2023,1,1.0,2.0
54670,2023,4,0.0,1.0
54670,2024,4,1.0,0.0
54670,2025,1,1.0,0.0
54670,2025,2,0.0,1.0
54670,2025,3,0.0,1.0
54673,2023,1,0.0,3.0
54673,2023,2,1.0,0.0
54673,2024,2,3.0,2.0
54673,2024,3,1.0,2.0
54673,2024,4,1.0,1.0
54673,2025,1,1.0,1.0
54673,2025,3,4.0,1.0
54673,2025,4,1.0,1.0
54680,2023,2,0.0,1.0
54680,2024,1,0.0,1.0
54680,2024,2,0.0,2.0
54680,2024,3,0.0,1.0
54680,2025,1,0.0,1.0
54680,2025,2,1.0,0.0
54680,2025,4,0.0,1.0
54720,2023,1,2.0,4.0
54720,2023,2,1.0,10.0
54720,2023,3,2.0,4.0
54720,2023,4,3.0,4.0
54720,2024,1,0.0,3.0
54720,2024,2,1.0,2.0
54720,2024,3,1.0,2.0
54720,2024,4,2.0,4.0
54720,2025,1,1.0,2.0
54720,2025,2,6.0,2.0
54720,2025,3,0.0,7.0
54720,2025,4,5.0,3.0
54743,2023,4,0.0,1.0
54743,2024,1,0.0,1.0
54800,2023,1,0.0,2.0
54800,2023,2,1.0,0.0
54800,2023,3,0.0,2.0
54800,2024,2,0.0,1.0
54800,2024,3,2.0,0.0
54800,2024,4,2.0,0.0
54800,2025,1,25.0,0.0
54800,2025,3,1.0,0.0
54800,2025,4,1.0,0.0
54810,2023,1,4.0,8.0
54810,2023,2,12.0,6.0
54810,2023,3,12.0,6.0
54810,2023,4,8.0,4.0
54810,2024,1,5.0,3.0
54810,2024,2,10.0,8.0
54810,2024,3,3.0,4.0
54810,2024,4,11.0,3.0
54810,2025,1,67.0,2.0
54810,2025,2,31.0,3.0
54810,2025,3,34.0,6.0
54810,2025,4,25.0,6.0
54820,2023,1,2.0,0.0
54820,2023,2,0.0,1.0
54820,2023,4,1.0,1.0
54820,2024,1,1.0,0.0
54820,2024,2,0.0,2.0
54820,2024,3,1.0,1.0
54820,2025,1,2.0,1.0
54820,2025,2,1.0,1.0
54820,2025,3,2.0,0.0
54820,2025,4,1.0,1.0
54871,2024,3,2.0,0.0
54871,2025,2,1.0,0.0
54874,2023,1,17.0,20.0
54874,2023,2,11.0,14.0
54874,2023,3,10.0,12.0
54874,2023,4,10.0,4.0
54874,2024,1,11.0,7.0
54874,2024,2,16.0,4.0
54874,2024,3,17.0,17.0
54874,2024,4,8.0,10.0
54874,2025,1,4.0,7.0
54874,2025,2,15.0,15.0
54874,2025,3,6.0,6.0
54874,2025,4,17.0,9.0
63001,2023,1,19.0,16.0
63001,2023,2,22.0,11.0
63001,2023,3,27.0,13.0
63001,2023,4,11.0,21.0
63001,2024,1,24.0,17.0
63001,2024,2,16.0,16.0
63001,2024,3,16.0,13.0
63001,2024,4,13.0,18.0
63001,2025,1,24.0,12.0
63001,2025,2,27.0,17.0
63001,2025,3,26.0,22.0
63001,2025,4,28.0,18.0
63111,2023,3,0.0,1.0
63111,2023,4,0.0,1.0
63130,2023,1,3.0,2.0
63130,2023,2,10.0,1.0
63130,2023,3,3.0,1.0
63130,2023,4,10.0,3.0
63130,2024,1,4.0,2.0
63130,2024,2,3.0,1.0
63130,2024,3,8.0,6.0
63130,2024,4,4.0,1.0
63130,2025,1,4.0,1.0
63130,2025,2,4.0,3.0
63130,2025,3,9.0,4.0
63130,2025,4,2.0,10.0
63190,2023,1,4.0,1.0
63190,2023,2,0.0,1.0
63190,2023,3,2.0,3.0
63190,2023,4,0.0,3.0
63190,2024,3,1.0,3.0
63190,2024,4,0.0,2.0
63190,2025,1,1.0,0.0
63190,2025,2,1.0,3.0
63190,2025,3,1.0,1.0
63190,2025,4,0.0,1.0
63212,2023,4,0.0,1.0
63212,2024,3,1.0,0.0
63212,2025,1,0.0,1.0
63272,2023,3,0.0,1.0
63272,2023,4,0.0,2.0
63272,2024,2,2.0,0.0
63272,2024,4,2.0,0.0
63272,2025,1,0.0,2.0
63272,2025,2,0.0,2.0
63272,2025,4,1.0,1.0
63302,2023,2,2.0,1.0
63302,2023,3,0.0,1.0
63302,2023,4,2.0,0.0
63302,2024,1,1.0,0.0
63302,2024,2,0.0,1.0
63302,2024,3,1.0,2.0
63302,2024,4,0.0,4.0
63302,2025,1,1.0,0.0
63302,2025,2,2.0,0.0
63302,2025,3,0.0,1.0
63401,2023,1,4.0,0.0
63401,2023,2,2.0,0.0
63401,2023,3,1.0,0.0
63401,2023,4,2.0,0.0
63401,2024,1,4.0,1.0
63401,2024,2,2.0,1.0
63401,2024,3,3.0,2.0
63401,2024,4,6.0,1.0
63401,2025,1,6.0,0.0
63401,2025,2,6.0,3.0
63401,2025,3,9.0,2.0
63401,2025,4,7.0,3.0
63470,2023,1,11.0,5.0
63470,2023,2,9.0,5.0
63470,2023,3,7.0,3.0
63470,2023,4,5.0,3.0
63470,2024,1,7.0,1.0
63470,2024,2,5.0,5.0
63470,2024,3,2.0,0.0
63470,2024,4,8.0,0.0
63470,2025,1,6.0,2.0
63470,2025,2,5.0,3.0
63470,2025,3,2.0,1.0
63470,2025,4,3.0,2.0
63548,2023,1,1.0,0.0
63548,2023,2,2.0,0.0
63548,2023,3,2.0,0.0
63548,2024,2,2.0,2.0
63548,2024,3,0.0,1.0
63548,2024,4,0.0,1.0
63548,2025,3,1.0,1.0
63548,2025,4,0.0,1.0
63594,2023,1,6.0,0.0
63594,2023,2,3.0,2.0
63594,2023,3,1.0,1.0
63594,2023,4,5.0,2.0
63594,2024,1,5.0,2.0
63594,2024,2,6.0,2.0
63594,2024,3,3.0,0.0
63594,2024,4,3.0,0.0
63594,2025,1,3.0,2.0
63594,2025,2,5.0,0.0
63594,2025,3,8.0,5.0
63594,2025,4,8.0,0.0
63690,2023,1,0.0,1.0
63690,2023,2,1.0,1.0
63690,2024,1,1.0,2.0
63690,2024,3,2.0,0.0
66001,2023,1,22.0,8.0
66001,2023,2,31.0,6.0
66001,2023,3,27.0,9.0
66001,2023,4,35.0,23.0
66001,2024,1,31.0,19.0
66001,2024,2,16.0,21.0
66001,2024,3,31.0,24.0
66001,2024,4,71.0,34.0
66001,2025,1,56.0,18.0
66001,2025,2,58.0,29.0
66001,2025,3,63.0,31.0
66001,2025,4,29.0,29.0
66045,2023,1,1.0,0.0
66045,2023,3,3.0,0.0
66045,2024,1,0.0,1.0
66045,2024,2,2.0,0.0
66045,2024,4,1.0,0.0
66045,2025,1,3.0,0.0
66045,2025,2,0.0,2.0
66045,2025,3,1.0,3.0
66045,2025,4,1.0,0.0
66075,2023,3,0.0,1.0
66075,2023,4,1.0,1.0
66075,2024,2,0.0,2.0
66075,2024,4,1.0,0.0
66075,2025,2,0.0,2.0
66075,2025,4,1.0,0.0
66088,2023,1,3.0,1.0
66088,2023,2,6.0,0.0
66088,2023,3,0.0,2.0
66088,2023,4,1.0,2.0
66088,2024,1,2.0,0.0
66088,2024,2,4.0,0.0
66088,2024,3,1.0,1.0
66088,2024,4,3.0,0.0
66088,2025,1,1.0,0.0
66088,2025,2,8.0,1.0
66088,2025,3,6.0,2.0
66088,2025,4,6.0,3.0
66170,2023,1,20.0,2.0
66170,2023,2,15.0,3.0
66170,2023,3,18.0,0.0
66170,2023,4,9.0,12.0
66170,2024,1,8.0,11.0
66170,2024,2,14.0,6.0
66170,2024,3,9.0,7.0
66170,2024,4,24.0,4.0
66170,2025,1,25.0,10.0
66170,2025,2,19.0,6.0
66170,2025,3,31.0,11.0
66170,2025,4,19.0,10.0
66318,2023,4,0.0,1.0
66318,2025,1,0.0,1.0
66318,2025,2,0.0,1.0
66318,2025,4,0.0,2.0
66383,2023,1,1.0,0.0
66383,2023,4,1.0,0.0
66383,2024,1,1.0,1.0
66383,2024,2,1.0,0.0
66383,2024,4,0.0,1.0
66383,2025,3,1.0,0.0
66383,2025,4,2.0,0.0
66400,2023,1,4.0,1.0
66400,2023,2,5.0,0.0
66400,2023,3,1.0,1.0
66400,2023,4,9.0,2.0
66400,2024,1,0.0,3.0
66400,2024,2,1.0,0.0
66400,2024,3,1.0,0.0
66400,2024,4,1.0,1.0
66400,2025,1,0.0,2.0
66400,2025,2,0.0,3.0
66400,2025,3,3.0,2.0
66400,2025,4,2.0,1.0
66440,2023,1,1.0,0.0
66440,2024,1,0.0,1.0
66440,2024,2,1.0,1.0
66440,2024,3,2.0,0.0
66440,2024,4,2.0,1.0
66440,2025,1,2.0,0.0
66440,2025,2,2.0,2.0
66440,2025,4,3.0,2.0
66456,2023,1,2.0,0.0
66456,2023,2,2.0,0.0
66456,2023,4,1.0,0.0
66456,2024,1,1.0,0.0
66456,2024,3,1.0,0.0
66456,2025,1,2.0,0.0
66456,2025,2,4.0,0.0
66456,2025,3,12.0,1.0
66456,2025,4,2.0,1.0
66572,2023,4,0.0,1.0
66572,2024,1,0.0,1.0
66572,2024,2,1.0,1.0
66572,2024,3,0.0,1.0
66572,2024,4,1.0,2.0
66572,2025,1,1.0,0.0
66572,2025,2,5.0,2.0
66594,2023,1,0.0,1.0
66594,2023,3,1.0,1.0
66594,2023,4,3.0,0.0
66594,2024,1,1.0,0.0
66594,2024,2,0.0,1.0
66594,2024,4,1.0,1.0
66594,2025,1,3.0,0.0
66594,2025,2,2.0,0.0
66594,2025,3,1.0,0.0
66594,2025,4,0.0,2.0
66682,2023,1,6.0,1.0
66682,2023,2,9.0,0.0
66682,2023,3,3.0,0.0
66682,2023,4,3.0,1.0
66682,2024,1,4.0,6.0
66682,2024,2,5.0,3.0
66682,2024,3,2.0,6.0
66682,2024,4,9.0,5.0
66682,2025,1,2.0,3.0
66682,2025,2,5.0,2.0
66682,2025,3,5.0,2.0
66682,2025,4,5.0,8.0
66687,2023,2,1.0,0.0
66687,2023,3,5.0,0.0
66687,2023,4,0.0,1.0
66687,2024,1,6.0,0.0
66687,2024,2,1.0,1.0
66687,2024,3,2.0,1.0
66687,2024,4,4.0,0.0
66687,2025,1,1.0,0.0
66687,2025,2,1.0,1.0
66687,2025,3,3.0,0.0
68001,2023,1,29.0,13.0
68001,2023,2,29.0,14.0
68001,2023,3,29.0,25.0
68001,2023,4,36.0,29.0
68001,2024,1,32.0,23.0
68001,2024,2,33.0,19.0
68001,2024,3,30.0,25.0
68001,2024,4,36.0,29.0
68001,2025,1,29.0,24.0
68001,2025,2,36.0,28.0
68001,2025,3,32.0,29.0
68001,2025,4,40.0,33.0
68013,2025,3,0.0,1.0
68020,2023,4,1.0,0.0
68020,2024,4,0.0,1.0
68020,2025,1,1.0,0.0
68077,2023,1,1.0,0.0
68077,2023,2,1.0,0.0
68077,2023,3,4.0,1.0
68077,2023,4,1.0,3.0
68077,2024,1,2.0,0.0
68077,2024,2,1.0,1.0
68077,2024,3,1.0,1.0
68077,2024,4,2.0,3.0
68077,2025,1,2.0,2.0
68077,2025,4,0.0,1.0
68079,2024,2,0.0,1.0
68079,2025,4,0.0,1.0
68081,2023,1,36.0,10.0
68081,2023,2,34.0,3.0
68081,2023,3,27.0,13.0
68081,2023,4,26.0,15.0
68081,2024,1,32.0,15.0
68081,2024,2,47.0,12.0
68081,2024,3,29.0,15.0
68081,2024,4,54.0,30.0
68081,2025,1,54.0,22.0
68081,2025,2,38.0,26.0
68081,2025,3,24.0,42.0
68081,2025,4,45.0,27.0
68092,2025,2,1.0,0.0
68092,2025,3,1.0,0.0
68092,2025,4,0.0,2.0
68101,2024,2,2.0,1.0
68101,2024,3,0.0,1.0
68101,2024,4,0.0,1.0
68101,2025,2,1.0,0.0
68101,2025,3,0.0,2.0
68101,2025,4,0.0,1.0
68147,2023,4,0.0,1.0
68147,2024,4,0.0,1.0
68147,2025,1,1.0,0.0
68152,2024,1,1.0,0.0
68152,2025,3,1.0,0.0
68162,2024,4,2.0,0.0
68167,2023,2,0.0,1.0
68167,2024,1,1.0,0.0
68167,2024,3,0.0,3.0
68167,2025,2,1.0,0.0
68167,2025,3,1.0,0.0
68167,2025,4,0.0,1.0
68190,2023,1,2.0,1.0
68190,2023,2,1.0,0.0
68190,2023,3,2.0,2.0
68190,2023,4,1.0,2.0
68190,2024,1,2.0,0.0
68190,2024,2,3.0,0.0
68190,2024,3,4.0,1.0
68190,2024,4,4.0,0.0
68190,2025,1,1.0,1.0
68190,2025,2,0.0,1.0
68190,2025,3,2.0,0.0
68190,2025,4,1.0,0.0
68207,2023,4,0.0,1.0
68211,2023,2,0.0,1.0
68211,2024,1,1.0,0.0
68211,2024,3,1.0,1.0
68217,2023,3,1.0,1.0
68217,2024,4,0.0,1.0
68217,2025,3,0.0,1.0
68217,2025,4,1.0,0.0
68229,2023,2,1.0,0.0
68229,2024,4,1.0,0.0
68235,2023,3,1.0,0.0
68235,2024,1,1.0,0.0
68245,2025,1,0.0,1.0
68250,2023,2,1.0,0.0
68250,2023,4,1.0,0.0
68250,2024,1,1.0,0.0
68250,2024,4,1.0,0.0
68250,2025,1,1.0,0.0
68250,2025,2,1.0,0.0
68250,2025,3,1.0,0.0
68250,2025,4,0.0,1.0
68255,2023,4,0.0,1.0
68255,2025,1,0.0,2.0
68255,2025,3,1.0,1.0
68255,2025,4,0.0,1.0
68264,2024,3,1.0,0.0
68264,2025,4,0.0,1.0
68266,2023,1,1.0,0.0
68266,2025,4,0.0,1.0
68271,2025,3,1.0,0.0
68276,2023,1,8.0,6.0
68276,2023,2,3.0,5.0
68276,2023,3,5.0,4.0
68276,2023,4,12.0,12.0
68276,2024,1,3.0,12.0
68276,2024,2,15.0,5.0
68276,2024,3,15.0,9.0
68276,2024,4,13.0,11.0
68276,2025,1,6.0,6.0
68276,2025,2,8.0,15.0
68276,2025,3,8.0,9.0
68276,2025,4,23.0,10.0
68296,2024,2,1.0,0.0
68298,2023,4,1.0,0.0
68307,2023,1,8.0,6.0
68307,2023,2,9.0,6.0
68307,2023,3,3.0,5.0
68307,2023,4,4.0,10.0
68307,2024,1,6.0,2.0
68307,2024,2,4.0,5.0
68307,2024,3,12.0,6.0
68307,2024,4,8.0,11.0
68307,2025,1,6.0,3.0
68307,2025,2,12.0,6.0
68307,2025,3,6.0,6.0
68307,2025,4,1.0,11.0
68318,2024,3,0.0,1.0
68318,2025,2,1.0,0.0
68320,2025,2,1.0,0.0
68320,2025,4,0.0,1.0
68324,2025,1,1.0,0.0
68327,2023,4,0.0,1.0
68344,2023,4,0.0,1.0
68368,2023,1,1.0,0.0
68368,2025,1,1.0,0.0
68377,2024,4,0.0,1.0
68385,2023,1,1.0,0.0
68385,2023,2,4.0,0.0
68385,2023,4,1.0,0.0
68385,2024,1,1.0,0.0
68385,2024,2,1.0,0.0
68385,2024,4,5.0,0.0
68385,2025,2,4.0,0.0
68397,2023,3,1.0,0.0
68397,2024,3,1.0,0.0
68397,2025,1,0.0,1.0
68406,2023,1,3.0,0.0
68406,2023,2,2.0,2.0
68406,2023,3,3.0,1.0
68406,2023,4,1.0,5.0
68406,2024,1,1.0,2.0
68406,2024,2,1.0,3.0
68406,2024,3,1.0,0.0
68406,2024,4,1.0,0.0
68406,2025,1,0.0,3.0
68406,2025,2,2.0,2.0
68406,2025,3,1.0,3.0
68406,2025,4,0.0,3.0
68418,2023,1,0.0,1.0
68418,2024,4,1.0,2.0
68418,2025,1,1.0,0.0
68418,2025,2,1.0,1.0
68432,2023,4,1.0,0.0
68432,2024,3,0.0,1.0
68432,2024,4,0.0,2.0
68432,2025,1,1.0,0.0
68432,2025,2,1.0,2.0
68432,2025,4,1.0,1.0
68464,2023,1,1.0,0.0
68464,2024,1,0.0,2.0
68464,2024,4,0.0,1.0
68464,2025,4,1.0,0.0
68498,2024,3,0.0,1.0
68498,2024,4,1.0,0.0
68498,2025,3,1.0,0.0
68500,2024,1,0.0,1.0
68500,2024,2,1.0,0.0
68500,2024,3,0.0,1.0
68502,2023,4,1.0,0.0
68502,2025,1,1.0,0.0
68502,2025,4,0.0,1.0
68522,2025,3,1.0,0.0
68524,2025,3,1.0,0.0
68533,2023,4,1.0,0.0
68547,2023,1,4.0,1.0
68547,2023,2,5.0,3.0
68547,2023,3,4.0,3.0
68547,2023,4,4.0,2.0
68547,2024,1,7.0,2.0
68547,2024,2,5.0,5.0
68547,2024,3,8.0,9.0
68547,2024,4,6.0,4.0
68547,2025,1,5.0,5.0
68547,2025,2,8.0,8.0
68547,2025,3,8.0,13.0
68547,2025,4,11.0,6.0
68549,2023,4,1.0,0.0
68549,2025,2,0.0,1.0
68549,2025,4,1.0,0.0
68572,2024,4,0.0,1.0
68572,2025,1,1.0,0.0
68572,2025,4,1.0,1.0
68573,2024,1,0.0,1.0
68573,2025,1,2.0,1.0
68573,2025,3,0.0,3.0
68573,2025,4,0.0,1.0
68575,2023,1,6.0,1.0
68575,2023,2,4.0,0.0
68575,2023,3,5.0,2.0
68575,2023,4,2.0,7.0
68575,2024,1,2.0,1.0
68575,2024,2,8.0,3.0
68575,2024,3,4.0,2.0
68575,2024,4,2.0,1.0
68575,2025,1,2.0,2.0
68575,2025,2,9.0,1.0
68575,2025,3,3.0,2.0
68575,2025,4,4.0,5.0
68615,2023,1,2.0,2.0
68615,2023,2,1.0,0.0
68615,2023,3,2.0,3.0
68615,2023,4,0.0,1.0
68615,2024,1,1.0,1.0
68615,2024,2,1.0,1.0
68615,2024,3,0.0,1.0
68615,2024,4,1.0,2.0
68615,2025,1,1.0,0.0
68615,2025,2,1.0,1.0
68615,2025,3,2.0,2.0
68615,2025,4,2.0,3.0
68655,2023,1,6.0,0.0
68655,2023,2,3.0,0.0
68655,2023,3,3.0,1.0
68655,2023,4,2.0,2.0
68655,2024,1,2.0,1.0
68655,2024,2,0.0,2.0
68655,2024,3,8.0,0.0
68655,2024,4,2.0,6.0
68655,2025,1,2.0,1.0
68655,2025,2,3.0,2.0
68655,2025,3,2.0,3.0
68655,2025,4,2.0,3.0
68669,2023,1,1.0,0.0
68669,2025,4,1.0,0.0
68673,2023,1,1.0,0.0
68679,2023,1,1.0,0.0
68679,2023,2,1.0,0.0
68679,2023,3,1.0,0.0
68679,2023,4,1.0,0.0
68679,2024,2,1.0,1.0
68679,2024,3,1.0,1.0
68679,2024,4,0.0,4.0
68679,2025,1,1.0,1.0
68679,2025,2,0.0,2.0
68679,2025,3,1.0,3.0
68679,2025,4,1.0,3.0
68682,2023,1,1.0,0.0
68684,2025,2,1.0,0.0
68684,2025,4,0.0,1.0
68689,2023,2,1.0,1.0
68689,2023,3,1.0,1.0
68689,2023,4,4.0,2.0
68689,2024,1,1.0,0.0
68689,2024,2,1.0,3.0
68689,2024,3,2.0,0.0
68689,2024,4,0.0,2.0
68689,2025,2,1.0,0.0
68689,2025,3,3.0,3.0
68689,2025,4,0.0,1.0
68745,2023,1,0.0,2.0
68745,2024,2,2.0,0.0
68745,2024,3,1.0,2.0
68745,2024,4,0.0,1.0
68745,2025,1,0.0,1.0
68755,2023,2,0.0,1.0
68755,2023,3,0.0,2.0
68755,2023,4,1.0,1.0
68755,2024,1,1.0,0.0
68755,2024,4,1.0,1.0
68755,2025,2,0.0,1.0
68755,2025,4,0.0,1.0
68770,2023,1,0.0,1.0
68770,2023,2,0.0,1.0
68770,2024,2,1.0,0.0
68773,2024,3,1.0,0.0
68773,2025,3,0.0,1.0
68780,2023,1,0.0,1.0
68780,2023,4,0.0,1.0
68780,2024,1,0.0,1.0
68820,2023,4,0.0,1.0
68820,2024,1,1.0,0.0
68820,2024,3,1.0,0.0
68820,2025,1,1.0,0.0
68820,2025,3,1.0,1.0
68855,2023,2,1.0,0.0
68855,2024,4,1.0,0.0
68861,2023,1,0.0,1.0
68861,2023,2,1.0,0.0
68861,2023,3,1.0,0.0
68861,2024,1,1.0,0.0
68861,2024,4,2.0,1.0
68861,2025,2,0.0,1.0
68861,2025,3,0.0,2.0
68861,2025,4,1.0,0.0
68867,2025,1,0.0,1.0
68872,2023,4,1.0,1.0
70001,2023,1,37.0,13.0
70001,2023,2,48.0,14.0
70001,2023,3,32.0,13.0
70001,2023,4,36.0,11.0
70001,2024,1,18.0,14.0
70001,2024,2,12.0,10.0
70001,2024,3,16.0,22.0
70001,2024,4,11.0,25.0
70001,2025,1,16.0,36.0
70001,2025,2,13.0,20.0
70001,2025,3,7.0,15.0
70001,2025,4,23.0,26.0
70110,2023,2,2.0,0.0
70110,2023,4,1.0,0.0
70110,2024,2,1.0,1.0
70110,2024,4,1.0,0.0
70110,2025,1,1.0,1.0
70110,2025,2,2.0,0.0
70110,2025,3,0.0,1.0
70124,2023,3,0.0,1.0
70124,2024,2,1.0,0.0
70124,2024,4,0.0,1.0
70124,2025,3,0.0,1.0
70204,2023,2,1.0,0.0
70204,2023,3,1.0,1.0
70204,2024,1,0.0,1.0
70204,2024,2,0.0,2.0
70204,2024,3,0.0,2.0
70204,2025,3,1.0,0.0
70204,2025,4,1.0,1.0
70215,2023,1,5.0,1.0
70215,2023,2,8.0,1.0
70215,2023,3,7.0,0.0
70215,2023,4,7.0,4.0
70215,2024,1,4.0,7.0
70215,2024,2,1.0,3.0
70215,2024,3,8.0,4.0
70215,2024,4,2.0,2.0
70215,2025,1,5.0,1.0
70215,2025,2,4.0,5.0
70215,2025,3,3.0,3.0
70215,2025,4,4.0,4.0
70221,2023,1,2.0,1.0
70221,2023,2,2.0,0.0
70221,2023,3,3.0,0.0
70221,2023,4,1.0,1.0
70221,2024,2,1.0,1.0
70221,2024,3,3.0,1.0
70221,2024,4,2.0,6.0
70221,2025,1,2.0,0.0
70221,2025,2,3.0,4.0
70221,2025,3,4.0,1.0
70221,2025,4,1.0,4.0
70230,2023,4,2.0,0.0
70230,2024,3,0.0,2.0
70230,2025,4,1.0,0.0
70233,2023,1,1.0,0.0
70233,2023,2,1.0,0.0
70233,2024,2,1.0,0.0
70233,2024,3,0.0,1.0
70233,2025,1,0.0,1.0
70233,2025,3,4.0,0.0
70233,2025,4,1.0,2.0
70235,2023,1,1.0,0.0
70235,2023,2,4.0,1.0
70235,2023,3,2.0,0.0
70235,2024,3,1.0,0.0
70235,2025,1,2.0,0.0
70235,2025,3,3.0,0.0
70235,2025,4,1.0,0.0
70265,2023,1,0.0,1.0
70265,2023,2,1.0,0.0
70265,2023,3,1.0,0.0
70265,2023,4,1.0,0.0
70265,2024,1,1.0,0.0
70265,2024,2,1.0,0.0
70265,2024,3,2.0,0.0
70265,2024,4,1.0,0.0
70265,2025,3,0.0,2.0
70265,2025,4,1.0,1.0
70400,2023,1,0.0,1.0
70400,2023,2,1.0,0.0
70400,2023,3,1.0,0.0
70400,2024,2,2.0,0.0
70400,2024,3,1.0,1.0
70400,2025,2,0.0,2.0
70400,2025,3,0.0,1.0
70400,2025,4,0.0,1.0
70418,2023,1,0.0,2.0
70418,2023,2,3.0,1.0
70418,2023,3,4.0,0.0
70418,2024,3,0.0,2.0
70418,2024,4,1.0,0.0
70418,2025,2,1.0,0.0
70418,2025,3,1.0,1.0
70418,2025,4,1.0,1.0
70429,2023,1,0.0,1.0
70429,2023,2,1.0,1.0
70429,2023,3,3.0,0.0
70429,2023,4,0.0,1.0
70429,2024,1,1.0,1.0
70429,2024,2,3.0,0.0
70429,2024,3,2.0,1.0
70429,2024,4,2.0,1.0
70429,2025,1,0.0,2.0
70429,2025,2,1.0,0.0
70429,2025,3,1.0,1.0
70429,2025,4,1.0,3.0
70473,2023,1,3.0,0.0
70473,2023,2,1.0,0.0
70473,2023,3,1.0,0.0
70473,2023,4,3.0,0.0
70473,2024,1,2.0,2.0
70473,2024,2,2.0,1.0
70473,2024,4,1.0,1.0
70473,2025,1,1.0,3.0
70508,2023,1,3.0,1.0
70508,2023,2,1.0,0.0
70508,2023,3,4.0,1.0
70508,2023,4,1.0,0.0
70508,2024,1,3.0,0.0
70508,2024,2,1.0,0.0
70508,2024,3,0.0,5.0
70508,2024,4,0.0,1.0
70508,2025,1,0.0,3.0
70508,2025,2,2.0,1.0
70508,2025,3,0.0,3.0
70508,2025,4,0.0,2.0
70523,2023,1,2.0,0.0
70523,2023,3,1.0,1.0
70523,2023,4,1.0,0.0
70523,2024,1,1.0,1.0
70523,2024,2,0.0,2.0
70523,2024,3,0.0,2.0
70523,2024,4,0.0,1.0
70523,2025,1,1.0,2.0
70523,2025,4,1.0,0.0
70670,2023,1,3.0,0.0
70670,2023,2,3.0,0.0
70670,2023,3,7.0,0.0
70670,2023,4,4.0,0.0
70670,2024,1,2.0,2.0
70670,2024,2,4.0,1.0
70670,2024,3,2.0,1.0
70670,2024,4,2.0,1.0
70670,2025,1,4.0,1.0
70670,2025,2,1.0,0.0
70670,2025,3,5.0,3.0
70670,2025,4,3.0,4.0
70678,2023,1,1.0,1.0
70678,2023,2,1.0,0.0
70678,2023,3,2.0,0.0
70678,2023,4,2.0,0.0
70678,2024,1,2.0,0.0
70678,2024,2,2.0,0.0
70678,2024,3,1.0,0.0
70678,2024,4,1.0,2.0
70678,2025,1,0.0,2.0
70678,2025,2,3.0,0.0
70678,2025,3,1.0,0.0
70678,2025,4,0.0,2.0
70702,2023,1,1.0,0.0
70702,2023,3,1.0,0.0
70702,2024,2,0.0,1.0
70702,2024,3,0.0,2.0
70702,2024,4,3.0,1.0
70702,2025,2,1.0,0.0
70708,2023,1,1.0,2.0
70708,2023,3,3.0,0.0
70708,2024,1,5.0,1.0
70708,2024,2,4.0,1.0
70708,2024,3,9.0,0.0
70708,2024,4,2.0,4.0
70708,2025,1,1.0,0.0
70708,2025,2,0.0,2.0
70708,2025,3,0.0,1.0
70708,2025,4,1.0,1.0
70713,2023,1,7.0,1.0
70713,2023,2,4.0,1.0
70713,2023,3,3.0,2.0
70713,2023,4,3.0,1.0
70713,2024,1,4.0,0.0
70713,2024,2,1.0,1.0
70713,2024,3,3.0,3.0
70713,2024,4,1.0,1.0
70713,2025,1,4.0,1.0
70713,2025,2,1.0,1.0
70713,2025,3,4.0,0.0
70713,2025,4,2.0,0.0
70717,2023,1,1.0,1.0
70717,2023,2,2.0,1.0
70717,2023,3,1.0,0.0
70717,2024,1,2.0,1.0
70717,2024,3,1.0,3.0
70717,2024,4,0.0,1.0
70717,2025,1,1.0,6.0
70717,2025,2,0.0,2.0
70717,2025,4,0.0,1.0
70742,2023,1,4.0,1.0
70742,2023,2,6.0,1.0
70742,2023,3,2.0,0.0
70742,2023,4,1.0,1.0
70742,2024,1,2.0,0.0
70742,2024,2,2.0,2.0
70742,2024,3,2.0,3.0
70742,2024,4,1.0,0.0
70742,2025,1,4.0,4.0
70742,2025,2,1.0,2.0
70742,2025,3,1.0,2.0
70742,2025,4,1.0,5.0
70771,2023,2,1.0,0.0
70771,2024,1,1.0,1.0
70771,2024,3,1.0,0.0
70771,2024,4,0.0,1.0
70771,2025,2,0.0,1.0
70771,2025,3,0.0,1.0
70771,2025,4,0.0,2.0
70820,2023,1,5.0,0.0
70820,2023,2,2.0,0.0
70820,2023,3,9.0,1.0
70820,2023,4,5.0,1.0
70820,2024,1,1.0,0.0
70820,2024,2,2.0,1.0
70820,2024,3,1.0,0.0
70820,2024,4,2.0,1.0
70820,2025,1,2.0,1.0
70820,2025,2,6.0,2.0
70820,2025,3,14.0,1.0
70820,2025,4,8.0,2.0
70823,2023,1,5.0,1.0
70823,2023,2,4.0,0.0
70823,2023,3,3.0,0.0
70823,2023,4,1.0,2.0
70823,2024,1,2.0,1.0
70823,2024,2,0.0,1.0
70823,2024,3,1.0,2.0
70823,2024,4,1.0,2.0
70823,2025,1,3.0,1.0
70823,2025,2,1.0,1.0
70823,2025,3,3.0,1.0
70823,2025,4,1.0,0.0
73001,2023,1,18.0,28.0
73001,2023,2,13.0,24.0
73001,2023,3,18.0,34.0
73001,2023,4,19.0,32.0
73001,2024,1,19.0,29.0
73001,2024,2,19.0,54.0
73001,2024,3,22.0,69.0
73001,2024,4,17.0,70.0
73001,2025,1,18.0,44.0
73001,2025,2,24.0,27.0
73001,2025,3,21.0,37.0
73001,2025,4,25.0,57.0
73024,2023,2,0.0,1.0
73024,2024,1,0.0,1.0
73024,2024,2,1.0,0.0
73026,2023,1,1.0,0.0
73026,2023,3,1.0,2.0
73026,2023,4,0.0,1.0
73026,2024,3,0.0,3.0
73026,2024,4,0.0,2.0
73026,2025,1,1.0,0.0
73030,2023,1,3.0,1.0
73030,2023,4,1.0,0.0
73030,2024,2,1.0,0.0
73030,2024,3,2.0,1.0
73030,2024,4,2.0,1.0
73030,2025,3,1.0,2.0
73030,2025,4,0.0,1.0
73043,2023,1,1.0,0.0
73043,2023,2,0.0,1.0
73043,2023,3,5.0,0.0
73043,2023,4,3.0,1.0
73043,2024,1,2.0,0.0
73043,2024,2,1.0,1.0
73043,2024,3,1.0,0.0
73043,2024,4,0.0,3.0
73043,2025,1,1.0,0.0
73043,2025,2,1.0,0.0
73043,2025,4,1.0,0.0
73055,2023,2,1.0,0.0
73055,2023,3,1.0,1.0
73055,2023,4,1.0,0.0
73055,2024,1,1.0,0.0
73055,2024,3,1.0,0.0
73055,2024,4,0.0,3.0
73055,2025,1,1.0,0.0
73055,2025,2,0.0,1.0
73055,2025,3,3.0,0.0
73055,2025,4,1.0,1.0
73067,2023,1,1.0,1.0
73067,2023,3,0.0,1.0
73067,2023,4,1.0,1.0
73067,2024,1,1.0,1.0
73067,2024,2,2.0,0.0
73067,2024,4,3.0,1.0
73067,2025,1,2.0,0.0
73067,2025,2,2.0,0.0
73067,2025,3,3.0,0.0
73067,2025,4,5.0,1.0
73124,2023,3,0.0,1.0
73124,2023,4,2.0,0.0
73124,2024,1,1.0,3.0
73124,2024,2,1.0,3.0
73124,2024,3,0.0,1.0
73124,2024,4,1.0,1.0
73124,2025,1,0.0,1.0
73124,2025,2,1.0,3.0
73124,2025,3,1.0,1.0
73124,2025,4,3.0,4.0
73148,2023,1,1.0,0.0
73148,2023,2,0.0,2.0
73148,2023,3,1.0,1.0
73148,2023,4,0.0,1.0
73148,2024,1,2.0,1.0
73148,2024,2,0.0,1.0
73148,2024,4,1.0,0.0
73148,2025,1,0.0,1.0
73148,2025,2,1.0,0.0
73148,2025,4,1.0,1.0
73152,2023,2,3.0,0.0
73152,2023,4,2.0,0.0
73152,2024,1,2.0,0.0
73152,2024,4,0.0,1.0
73152,2025,1,0.0,1.0
73152,2025,3,2.0,0.0
73152,2025,4,3.0,0.0
73168,2023,1,2.0,8.0
73168,2023,2,6.0,2.0
73168,2023,3,1.0,6.0
73168,2023,4,6.0,7.0
73168,2024,1,3.0,9.0
73168,2024,2,2.0,12.0
73168,2024,3,3.0,4.0
73168,2024,4,3.0,10.0
73168,2025,1,0.0,4.0
73168,2025,2,2.0,1.0
73168,2025,3,0.0,3.0
73168,2025,4,5.0,4.0
73200,2023,1,1.0,0.0
73200,2024,1,1.0,0.0
73200,2024,2,0.0,1.0
73200,2024,3,2.0,0.0
73200,2025,1,0.0,1.0
73200,2025,2,1.0,0.0
73200,2025,4,1.0,0.0
73217,2023,1,2.0,1.0
73217,2023,2,1.0,0.0
73217,2023,3,2.0,0.0
73217,2023,4,0.0,3.0
73217,2024,1,1.0,0.0
73217,2024,2,0.0,1.0
73217,2024,3,1.0,1.0
73217,2024,4,1.0,0.0
73217,2025,2,4.0,0.0
73217,2025,3,2.0,0.0
73217,2025,4,1.0,2.0
73226,2023,1,2.0,0.0
73226,2023,4,2.0,2.0
73226,2024,1,0.0,1.0
73226,2024,4,1.0,0.0
73226,2025,3,0.0,1.0
73226,2025,4,2.0,0.0
73236,2023,2,1.0,0.0
73236,2024,1,0.0,1.0
73236,2024,2,2.0,2.0
73236,2024,3,1.0,0.0
73236,2025,4,0.0,1.0
73268,2023,1,12.0,2.0
73268,2023,2,14.0,3.0
73268,2023,3,7.0,6.0
73268,2023,4,5.0,11.0
73268,2024,1,9.0,5.0
73268,2024,2,6.0,5.0
73268,2024,3,5.0,5.0
73268,2024,4,7.0,6.0
73268,2025,1,6.0,5.0
73268,2025,2,4.0,5.0
73268,2025,3,5.0,6.0
73268,2025,4,16.0,12.0
73270,2023,2,1.0,0.0
73270,2023,3,1.0,0.0
73270,2023,4,0.0,1.0
73270,2024,1,0.0,1.0
73270,2024,2,0.0,1.0
73270,2024,4,2.0,1.0
73270,2025,3,0.0,1.0
73270,2025,4,0.0,1.0
73275,2023,1,7.0,0.0
73275,2023,2,8.0,0.0
73275,2023,3,5.0,1.0
73275,2023,4,6.0,1.0
73275,2024,1,3.0,2.0
73275,2024,2,1.0,0.0
73275,2024,3,12.0,0.0
73275,2024,4,4.0,2.0
73275,2025,1,5.0,0.0
73275,2025,2,3.0,0.0
73275,2025,3,6.0,0.0
73275,2025,4,5.0,1.0
73283,2023,1,4.0,0.0
73283,2023,2,12.0,2.0
73283,2023,3,7.0,2.0
73283,2023,4,2.0,1.0
73283,2024,1,4.0,1.0
73283,2024,2,5.0,0.0
73283,2024,3,4.0,0.0
73283,2024,4,3.0,0.0
73283,2025,1,3.0,0.0
73283,2025,2,4.0,2.0
73283,2025,3,5.0,1.0
73283,2025,4,10.0,0.0
73319,2023,1,2.0,0.0
73319,2023,2,5.0,1.0
73319,2023,3,4.0,2.0
73319,2023,4,2.0,5.0
73319,2024,1,3.0,1.0
73319,2024,2,2.0,2.0
73319,2024,3,2.0,2.0
73319,2024,4,5.0,9.0
73319,2025,1,0.0,2.0
73319,2025,2,2.0,1.0
73319,2025,3,0.0,3.0
73319,2025,4,4.0,4.0
73347,2023,2,1.0,0.0
73347,2023,3,1.0,1.0
73347,2023,4,2.0,0.0
73347,2024,4,2.0,0.0
73347,2025,1,2.0,0.0
73347,2025,2,1.0,0.0
73347,2025,3,1.0,0.0
73347,2025,4,0.0,1.0
73349,2023,1,5.0,2.0
73349,2023,2,3.0,2.0
73349,2023,3,3.0,4.0
73349,2023,4,4.0,1.0
73349,2024,1,2.0,4.0
73349,2024,2,2.0,1.0
73349,2024,3,0.0,3.0
73349,2024,4,0.0,4.0
73349,2025,1,2.0,1.0
73349,2025,2,0.0,1.0
73349,2025,3,1.0,0.0
73349,2025,4,3.0,6.0
73352,2023,2,0.0,1.0
73352,2023,3,1.0,0.0
73352,2024,1,1.0,1.0
73352,2024,3,0.0,2.0
73352,2025,1,0.0,1.0
73352,2025,2,0.0,1.0
73352,2025,3,0.0,2.0
73352,2025,4,0.0,2.0
73408,2023,1,2.0,1.0
73408,2023,2,4.0,0.0
73408,2023,3,1.0,2.0
73408,2023,4,2.0,3.0
73408,2024,1,2.0,1.0
73408,2024,2,0.0,2.0
73408,2024,4,3.0,3.0
73408,2025,1,1.0,1.0
73408,2025,2,2.0,1.0
73408,2025,3,2.0,2.0
73408,2025,4,2.0,0.0
73411,2023,1,3.0,2.0
73411,2023,2,3.0,0.0
73411,2023,3,1.0,1.0
73411,2023,4,2.0,3.0
73411,2024,1,2.0,2.0
73411,2024,2,0.0,2.0
73411,2024,3,0.0,4.0
73411,2024,4,1.0,6.0
73411,2025,1,1.0,1.0
73411,2025,2,1.0,2.0
73411,2025,3,0.0,5.0
73411,2025,4,1.0,6.0
73443,2023,1,12.0,0.0
73443,2023,2,4.0,4.0
73443,2023,3,4.0,8.0
73443,2023,4,2.0,3.0
73443,2024,1,7.0,7.0
73443,2024,2,3.0,5.0
73443,2024,3,1.0,4.0
73443,2024,4,3.0,5.0
73443,2025,1,5.0,5.0
73443,2025,2,1.0,1.0
73443,2025,3,3.0,2.0
73443,2025,4,8.0,2.0
73449,2023,1,4.0,0.0
73449,2023,2,2.0,0.0
73449,2023,3,5.0,2.0
73449,2023,4,5.0,1.0
73449,2024,1,1.0,0.0
73449,2024,2,2.0,3.0
73449,2024,3,3.0,11.0
73449,2024,4,0.0,4.0
73449,2025,1,0.0,2.0
73449,2025,2,2.0,0.0
73449,2025,3,9.0,0.0
73449,2025,4,1.0,2.0
73461,2023,2,0.0,1.0
73461,2023,3,1.0,0.0
73461,2023,4,1.0,0.0
73461,2024,1,0.0,1.0
73461,2024,2,0.0,2.0
73461,2024,3,0.0,2.0
73461,2025,2,0.0,1.0
73483,2023,2,1.0,0.0
73483,2024,1,1.0,0.0
73483,2024,2,1.0,4.0
73483,2024,3,1.0,2.0
73483,2024,4,0.0,1.0
73483,2025,1,0.0,1.0
73483,2025,3,0.0,1.0
73504,2023,1,0.0,1.0
73504,2023,3,1.0,0.0
73504,2023,4,2.0,1.0
73504,2024,1,3.0,0.0
73504,2024,2,0.0,1.0
73504,2024,4,0.0,2.0
73504,2025,1,0.0,1.0
73504,2025,2,1.0,0.0
73504,2025,3,0.0,1.0
73504,2025,4,0.0,3.0
73520,2023,2,1.0,0.0
73520,2023,3,1.0,0.0
73520,2023,4,1.0,0.0
73520,2024,1,1.0,1.0
73520,2024,3,0.0,2.0
73520,2024,4,1.0,0.0
73520,2025,1,1.0,0.0
73520,2025,3,1.0,1.0
73520,2025,4,3.0,1.0
73547,2024,2,0.0,2.0
73547,2024,3,0.0,1.0
73547,2025,3,0.0,1.0
73555,2023,1,3.0,0.0
73555,2023,2,1.0,0.0
73555,2023,3,3.0,0.0
73555,2023,4,3.0,4.0
73555,2024,1,3.0,3.0
73555,2024,2,3.0,0.0
73555,2024,3,2.0,1.0
73555,2024,4,1.0,3.0
73555,2025,1,1.0,1.0
73555,2025,2,1.0,0.0
73555,2025,3,5.0,1.0
73555,2025,4,1.0,2.0
73563,2023,2,1.0,0.0
73563,2023,3,0.0,1.0
73563,2023,4,0.0,2.0
73563,2024,1,0.0,1.0
73563,2024,3,0.0,4.0
73563,2024,4,0.0,1.0
73563,2025,2,2.0,2.0
73563,2025,3,0.0,2.0
73563,2025,4,3.0,1.0
73585,2023,2,2.0,0.0
73585,2023,3,1.0,0.0
73585,2023,4,0.0,1.0
73585,2024,4,1.0,0.0
73585,2025,1,0.0,2.0
73585,2025,2,1.0,1.0
73585,2025,3,1.0,2.0
73616,2023,1,2.0,1.0
73616,2023,2,3.0,0.0
73616,2023,3,3.0,1.0
73616,2023,4,1.0,5.0
73616,2024,1,4.0,1.0
73616,2024,2,0.0,2.0
73616,2024,3,1.0,1.0
73616,2024,4,1.0,2.0
73616,2025,1,0.0,1.0
73616,2025,2,1.0,0.0
73616,2025,3,2.0,1.0
73622,2023,3,0.0,1.0
73622,2024,4,1.0,1.0
73622,2025,1,2.0,1.0
73622,2025,2,0.0,1.0
73624,2023,1,1.0,0.0
73624,2023,2,3.0,3.0
73624,2023,3,7.0,2.0
73624,2023,4,1.0,4.0
73624,2024,1,3.0,4.0
73624,2024,2,2.0,1.0
73624,2024,3,6.0,0.0
73624,2024,4,2.0,6.0
73624,2025,1,7.0,2.0
73624,2025,2,3.0,0.0
73624,2025,3,3.0,1.0
73624,2025,4,4.0,0.0
73671,2023,1,2.0,1.0
73671,2023,2,0.0,1.0
73671,2023,3,0.0,1.0
73671,2023,4,2.0,1.0
73671,2024,1,1.0,0.0
73671,2024,2,2.0,3.0
73671,2024,3,0.0,3.0
73671,2024,4,0.0,1.0
73671,2025,1,1.0,2.0
73671,2025,2,2.0,0.0
73671,2025,3,0.0,3.0
73671,2025,4,0.0,1.0
73675,2023,2,3.0,0.0
73675,2023,3,3.0,2.0
73675,2023,4,5.0,1.0
73675,2024,1,3.0,2.0
73675,2024,2,4.0,2.0
73675,2024,3,1.0,1.0
73675,2024,4,3.0,0.0
73675,2025,1,0.0,1.0
73675,2025,2,1.0,2.0
73675,2025,3,2.0,2.0
73675,2025,4,1.0,2.0
73678,2023,1,1.0,0.0
73678,2023,2,3.0,0.0
73678,2023,3,2.0,0.0
73678,2023,4,0.0,1.0
73678,2024,1,0.0,5.0
73678,2024,2,1.0,2.0
73678,2024,3,1.0,0.0
73678,2025,2,1.0,0.0
73678,2025,3,0.0,2.0
73678,2025,4,0.0,1.0
73686,2023,2,1.0,1.0
73686,2024,2,1.0,0.0
73686,2024,3,0.0,1.0
73686,2024,4,1.0,1.0
73686,2025,4,0.0,2.0
73770,2023,4,1.0,0.0
73770,2025,2,0.0,1.0
73770,2025,3,1.0,0.0
73770,2025,4,0.0,1.0
73854,2023,1,0.0,1.0
73854,2023,2,1.0,0.0
73854,2023,3,1.0,0.0
73854,2024,1,2.0,0.0
73854,2024,3,0.0,1.0
73854,2025,1,0.0,2.0
73854,2025,4,0.0,1.0
73861,2023,1,0.0,1.0
73861,2023,2,2.0,1.0
73861,2023,4,0.0,2.0
73861,2024,2,0.0,1.0
73861,2024,3,0.0,4.0
73861,2024,4,0.0,3.0
73861,2025,2,3.0,1.0
73861,2025,3,1.0,0.0
73861,2025,4,0.0,2.0
73870,2023,1,0.0,2.0
73870,2023,2,2.0,0.0
73870,2023,3,0.0,2.0
73870,2024,2,0.0,2.0
73870,2024,3,1.0,0.0
73870,2025,1,0.0,1.0
73870,2025,2,2.0,0.0
73870,2025,3,1.0,0.0
73873,2024,1,1.0,0.0
73873,2024,2,1.0,0.0
73873,2024,4,1.0,1.0
73873,2025,4,0.0,1.0
76001,2023,1,252.0,69.0
76001,2023,2,256.0,90.0
76001,2023,3,251.0,146.0
76001,2023,4,246.0,163.0
76001,2024,1,199.0,52.0
76001,2024,2,230.0,96.0
76001,2024,3,266.0,177.0
76001,2024,4,255.0,147.0
76001,2025,1,253.0,72.0
76001,2025,2,243.0,68.0
76001,2025,3,257.0,132.0
76001,2025,4,315.0,163.0
76020,2023,1,9.0,0.0
76020,2023,2,3.0,0.0
76020,2023,3,4.0,0.0
76020,2023,4,3.0,3.0
76020,2024,1,2.0,0.0
76020,2024,2,2.0,0.0
76020,2024,3,3.0,0.0
76020,2024,4,10.0,0.0
76020,2025,1,4.0,0.0
76020,2025,2,3.0,0.0
76020,2025,3,2.0,1.0
76020,2025,4,3.0,0.0
76036,2023,1,3.0,0.0
76036,2023,2,5.0,0.0
76036,2023,3,5.0,1.0
76036,2023,4,1.0,3.0
76036,2024,1,4.0,1.0
76036,2024,2,1.0,0.0
76036,2024,3,4.0,1.0
76036,2024,4,5.0,4.0
76036,2025,1,6.0,3.0
76036,2025,2,2.0,2.0
76036,2025,3,3.0,2.0
76036,2025,4,5.0,3.0
76041,2023,1,9.0,0.0
76041,2023,2,19.0,0.0
76041,2023,3,7.0,0.0
76041,2023,4,8.0,2.0
76041,2024,1,12.0,1.0
76041,2024,2,11.0,1.0
76041,2024,3,14.0,0.0
76041,2024,4,6.0,1.0
76041,2025,1,2.0,0.0
76041,2025,2,6.0,0.0
76041,2025,3,5.0,0.0
76041,2025,4,9.0,0.0
76054,2023,1,1.0,0.0
76054,2023,3,0.0,1.0
76054,2023,4,3.0,0.0
76054,2024,1,2.0,0.0
76054,2024,2,1.0,0.0
76054,2024,3,1.0,0.0
76054,2024,4,1.0,1.0
76054,2025,1,3.0,0.0
76054,2025,2,5.0,0.0
76054,2025,3,2.0,0.0
76054,2025,4,1.0,0.0
76100,2023,1,3.0,0.0
76100,2023,3,1.0,0.0
76100,2023,4,1.0,1.0
76100,2024,1,5.0,1.0
76100,2024,2,8.0,3.0
76100,2024,3,7.0,1.0
76100,2024,4,5.0,0.0
76100,2025,1,1.0,1.0
76100,2025,3,0.0,3.0
76100,2025,4,4.0,2.0
76109,2023,1,12.0,42.0
76109,2023,2,48.0,41.0
76109,2023,3,30.0,43.0
76109,2023,4,46.0,32.0
76109,2024,1,21.0,39.0
76109,2024,2,24.0,50.0
76109,2024,3,14.0,40.0
76109,2024,4,20.0,27.0
76109,2025,1,48.0,31.0
76109,2025,2,31.0,26.0
76109,2025,3,38.0,25.0
76109,2025,4,14.0,30.0
76111,2023,1,24.0,2.0
76111,2023,2,19.0,2.0
76111,2023,3,16.0,9.0
76111,2023,4,15.0,9.0
76111,2024,1,29.0,8.0
76111,2024,2,15.0,10.0
76111,2024,3,16.0,17.0
76111,2024,4,25.0,8.0
76111,2025,1,24.0,11.0
76111,2025,2,16.0,11.0
76111,2025,3,16.0,7.0
76111,2025,4,15.0,6.0
76113,2023,1,5.0,0.0
76113,2023,2,4.0,0.0
76113,2023,3,7.0,2.0
76113,2023,4,7.0,4.0
76113,2024,1,3.0,3.0
76113,2024,2,2.0,4.0
76113,2024,3,2.0,1.0
76113,2024,4,5.0,2.0
76113,2025,1,6.0,0.0
76113,2025,2,4.0,0.0
76113,2025,3,4.0,2.0
76122,2023,1,6.0,1.0
76122,2023,2,6.0,0.0
76122,2023,3,5.0,0.0
76122,2023,4,7.0,1.0
76122,2024,1,4.0,0.0
76122,2024,2,6.0,1.0
76122,2024,3,3.0,0.0
76122,2024,4,3.0,1.0
76122,2025,1,4.0,2.0
76122,2025,2,3.0,1.0
76122,2025,3,0.0,5.0
76122,2025,4,3.0,1.0
76126,2023,1,1.0,1.0
76126,2023,2,1.0,1.0
76126,2023,3,2.0,0.0
76126,2023,4,2.0,3.0
76126,2024,1,1.0,0.0
76126,2024,2,1.0,2.0
76126,2024,3,1.0,1.0
76126,2024,4,2.0,1.0
76126,2025,1,4.0,1.0
76126,2025,2,3.0,3.0
76126,2025,3,0.0,2.0
76126,2025,4,3.0,1.0
76130,2023,1,12.0,3.0
76130,2023,2,13.0,3.0
76130,2023,3,18.0,6.0
76130,2023,4,10.0,3.0
76130,2024,1,18.0,3.0
76130,2024,2,13.0,2.0
76130,2024,3,16.0,9.0
76130,2024,4,10.0,4.0
76130,2025,1,11.0,4.0
76130,2025,2,14.0,3.0
76130,2025,3,8.0,6.0
76130,2025,4,17.0,10.0
76147,2023,1,29.0,2.0
76147,2023,2,30.0,5.0
76147,2023,3,26.0,5.0
76147,2023,4,24.0,13.0
76147,2024,1,37.0,4.0
76147,2024,2,45.0,7.0
76147,2024,3,13.0,8.0
76147,2024,4,12.0,6.0
76147,2025,1,24.0,3.0
76147,2025,2,11.0,9.0
76147,2025,3,22.0,10.0
76147,2025,4,18.0,6.0
76233,2023,1,2.0,2.0
76233,2023,2,7.0,4.0
76233,2023,3,8.0,5.0
76233,2023,4,7.0,4.0
76233,2024,1,5.0,7.0
76233,2024,2,8.0,5.0
76233,2024,3,3.0,3.0
76233,2024,4,5.0,8.0
76233,2025,1,1.0,3.0
76233,2025,2,2.0,0.0
76233,2025,3,11.0,6.0
76233,2025,4,5.0,2.0
76243,2023,1,2.0,2.0
76243,2023,2,2.0,0.0
76243,2023,3,4.0,0.0
76243,2023,4,1.0,0.0
76243,2024,1,4.0,0.0
76243,2024,2,6.0,0.0
76243,2024,3,1.0,0.0
76243,2024,4,4.0,0.0
76243,2025,1,5.0,0.0
76243,2025,2,4.0,0.0
76243,2025,3,1.0,0.0
76243,2025,4,6.0,1.0
76246,2023,1,2.0,0.0
76246,2023,2,3.0,0.0
76246,2023,3,1.0,0.0
76246,2023,4,1.0,0.0
76246,2024,2,2.0,0.0
76246,2024,3,1.0,1.0
76246,2024,4,1.0,0.0
76246,2025,3,1.0,0.0
76246,2025,4,2.0,0.0
76248,2023,1,7.0,2.0
76248,2023,2,6.0,0.0
76248,2023,3,6.0,4.0
76248,2023,4,7.0,5.0
76248,2024,1,8.0,2.0
76248,2024,2,6.0,4.0
76248,2024,3,7.0,6.0
76248,2024,4,12.0,5.0
76248,2025,1,6.0,5.0
76248,2025,2,10.0,2.0
76248,2025,3,9.0,5.0
76248,2025,4,15.0,6.0
76250,2023,1,1.0,0.0
76250,2023,4,2.0,0.0
76250,2024,1,1.0,0.0
76250,2024,2,2.0,1.0
76250,2024,3,3.0,0.0
76250,2024,4,1.0,0.0
76250,2025,1,0.0,1.0
76250,2025,2,0.0,1.0
76250,2025,3,3.0,2.0
76250,2025,4,3.0,0.0
76275,2023,1,5.0,4.0
76275,2023,2,9.0,4.0
76275,2023,3,12.0,6.0
76275,2023,4,12.0,8.0
76275,2024,1,13.0,3.0
76275,2024,2,17.0,4.0
76275,2024,3,7.0,9.0
76275,2024,4,15.0,5.0
76275,2025,1,17.0,7.0
76275,2025,2,14.0,7.0
76275,2025,3,11.0,4.0
76275,2025,4,11.0,4.0
76306,2023,1,1.0,2.0
76306,2023,2,1.0,3.0
76306,2023,3,3.0,7.0
76306,2023,4,2.0,8.0
76306,2024,1,1.0,2.0
76306,2024,2,1.0,0.0
76306,2024,3,1.0,2.0
76306,2024,4,0.0,4.0
76306,2025,1,3.0,1.0
76306,2025,2,1.0,5.0
76306,2025,3,3.0,3.0
76306,2025,4,3.0,1.0
76318,2023,1,2.0,0.0
76318,2023,2,10.0,0.0
76318,2023,3,5.0,0.0
76318,2023,4,1.0,4.0
76318,2024,1,6.0,2.0
76318,2024,2,7.0,5.0
76318,2024,3,4.0,6.0
76318,2024,4,6.0,7.0
76318,2025,1,9.0,1.0
76318,2025,2,6.0,2.0
76318,2025,3,5.0,2.0
76318,2025,4,0.0,1.0
76364,2023,1,28.0,11.0
76364,2023,2,29.0,6.0
76364,2023,3,33.0,17.0
76364,2023,4,25.0,24.0
76364,2024,1,28.0,13.0
76364,2024,2,35.0,18.0
76364,2024,3,22.0,19.0
76364,2024,4,34.0,13.0
76364,2025,1,30.0,5.0
76364,2025,2,36.0,10.0
76364,2025,3,26.0,18.0
76364,2025,4,35.0,19.0
76377,2023,3,3.0,1.0
76377,2024,1,0.0,2.0
76377,2024,2,1.0,1.0
76377,2024,3,0.0,2.0
76377,2024,4,0.0,1.0
76377,2025,1,0.0,1.0
76377,2025,2,0.0,1.0
76377,2025,3,1.0,1.0
76400,2023,1,5.0,1.0
76400,2023,2,3.0,1.0
76400,2023,3,13.0,1.0
76400,2023,4,14.0,4.0
76400,2024,1,14.0,5.0
76400,2024,2,9.0,6.0
76400,2024,3,5.0,7.0
76400,2024,4,8.0,15.0
76400,2025,1,6.0,5.0
76400,2025,2,13.0,3.0
76400,2025,3,13.0,4.0
76400,2025,4,3.0,4.0
76403,2023,2,1.0,0.0
76403,2023,3,2.0,1.0
76403,2023,4,0.0,1.0
76403,2024,1,3.0,0.0
76403,2024,2,1.0,0.0
76403,2024,3,3.0,3.0
76403,2024,4,4.0,0.0
76403,2025,1,0.0,2.0
76403,2025,2,1.0,0.0
76403,2025,3,7.0,3.0
76403,2025,4,0.0,3.0
76497,2023,1,5.0,0.0
76497,2023,2,5.0,0.0
76497,2023,3,5.0,3.0
76497,2023,4,7.0,0.0
76497,2024,2,4.0,0.0
76497,2024,3,4.0,3.0
76497,2024,4,6.0,1.0
76497,2025,1,3.0,0.0
76497,2025,2,2.0,1.0
76497,2025,3,7.0,3.0
76497,2025,4,2.0,0.0
76520,2023,1,23.0,18.0
76520,2023,2,31.0,23.0
76520,2023,3,28.0,12.0
76520,2023,4,36.0,19.0
76520,2024,1,23.0,17.0
76520,2024,2,42.0,26.0
76520,2024,3,36.0,16.0
76520,2024,4,50.0,37.0
76520,2025,1,48.0,19.0
76520,2025,2,46.0,24.0
76520,2025,3,40.0,27.0
76520,2025,4,69.0,26.0
76563,2023,1,10.0,4.0
76563,2023,2,7.0,2.0
76563,2023,3,9.0,6.0
76563,2023,4,14.0,2.0
76563,2024,1,11.0,4.0
76563,2024,2,11.0,3.0
76563,2024,3,15.0,7.0
76563,2024,4,16.0,5.0
76563,2025,1,12.0,3.0
76563,2025,2,15.0,3.0
76563,2025,3,11.0,1.0
76563,2025,4,9.0,5.0
76606,2023,1,3.0,0.0
76606,2023,2,1.0,2.0
76606,2023,3,1.0,0.0
76606,2023,4,6.0,0.0
76606,2024,1,5.0,0.0
76606,2024,2,1.0,0.0
76606,2024,3,4.0,3.0
76606,2024,4,2.0,0.0
76606,2025,1,4.0,2.0
76606,2025,2,4.0,2.0
76606,2025,3,2.0,1.0
76606,2025,4,0.0,2.0
76616,2023,1,1.0,0.0
76616,2023,2,5.0,1.0
76616,2023,3,2.0,1.0
76616,2023,4,1.0,1.0
76616,2024,1,1.0,1.0
76616,2024,2,4.0,0.0
76616,2024,3,1.0,4.0
76616,2024,4,2.0,1.0
76616,2025,1,1.0,2.0
76616,2025,2,9.0,1.0
76616,2025,3,1.0,2.0
76616,2025,4,2.0,3.0
76622,2023,1,8.0,0.0
76622,2023,2,6.0,1.0
76622,2023,3,5.0,1.0
76622,2023,4,4.0,1.0
76622,2024,1,5.0,2.0
76622,2024,2,8.0,2.0
76622,2024,3,4.0,0.0
76622,2024,4,5.0,2.0
76622,2025,1,7.0,0.0
76622,2025,2,9.0,5.0
76622,2025,3,5.0,2.0
76622,2025,4,6.0,1.0
76670,2023,1,2.0,0.0
76670,2023,2,1.0,1.0
76670,2023,3,2.0,1.0
76670,2023,4,3.0,3.0
76670,2024,1,2.0,0.0
76670,2024,2,2.0,1.0
76670,2024,3,3.0,3.0
76670,2024,4,2.0,0.0
76670,2025,1,2.0,1.0
76670,2025,2,2.0,2.0
76670,2025,3,1.0,2.0
76670,2025,4,6.0,3.0
76736,2023,1,3.0,1.0
76736,2023,2,8.0,0.0
76736,2023,3,6.0,5.0
76736,2023,4,7.0,2.0
76736,2024,1,8.0,0.0
76736,2024,2,6.0,3.0
76736,2024,3,4.0,10.0
76736,2024,4,5.0,3.0
76736,2025,1,3.0,2.0
76736,2025,2,2.0,5.0
76736,2025,3,6.0,2.0
76736,2025,4,3.0,8.0
76823,2023,1,6.0,0.0
76823,2023,2,3.0,1.0
76823,2023,3,3.0,0.0
76823,2023,4,5.0,1.0
76823,2024,1,9.0,2.0
76823,2024,2,9.0,1.0
76823,2024,3,6.0,3.0
76823,2024,4,2.0,2.0
76823,2025,1,3.0,3.0
76823,2025,2,4.0,2.0
76823,2025,3,3.0,2.0
76823,2025,4,2.0,1.0
76828,2023,1,3.0,0.0
76828,2023,2,2.0,0.0
76828,2023,3,4.0,1.0
76828,2023,4,9.0,2.0
76828,2024,1,3.0,0.0
76828,2024,2,10.0,3.0
76828,2024,3,3.0,5.0
76828,2024,4,7.0,3.0
76828,2025,1,6.0,1.0
76828,2025,2,6.0,0.0
76828,2025,3,6.0,2.0
76828,2025,4,4.0,3.0
76834,2023,1,29.0,18.0
76834,2023,2,23.0,20.0
76834,2023,3,43.0,35.0
76834,2023,4,29.0,38.0
76834,2024,1,13.0,35.0
76834,2024,2,23.0,39.0
76834,2024,3,28.0,33.0
76834,2024,4,28.0,17.0
76834,2025,1,18.0,28.0
76834,2025,2,26.0,25.0
76834,2025,3,25.0,36.0
76834,2025,4,31.0,24.0
76845,2023,2,1.0,0.0
76845,2023,3,0.0,1.0
76845,2024,1,2.0,0.0
76845,2024,2,4.0,0.0
76845,2024,4,1.0,0.0
76845,2025,1,1.0,0.0
76863,2023,2,1.0,0.0
76863,2023,3,1.0,0.0
76863,2023,4,1.0,1.0
76863,2024,2,1.0,1.0
76863,2024,3,1.0,1.0
76863,2024,4,1.0,0.0
76863,2025,1,1.0,1.0
76863,2025,2,0.0,2.0
76863,2025,3,2.0,1.0
76863,2025,4,6.0,1.0
76869,2023,3,0.0,1.0
76869,2023,4,2.0,0.0
76869,2024,1,2.0,0.0
76869,2024,3,3.0,0.0
76869,2024,4,1.0,0.0
76869,2025,1,2.0,0.0
76869,2025,3,1.0,1.0
76869,2025,4,1.0,0.0
76890,2023,1,1.0,1.0
76890,2023,3,4.0,0.0
76890,2023,4,4.0,0.0
76890,2024,1,5.0,0.0
76890,2024,2,5.0,0.0
76890,2024,3,1.0,3.0
76890,2024,4,2.0,0.0
76890,2025,1,1.0,1.0
76890,2025,2,1.0,1.0
76890,2025,3,2.0,2.0
76890,2025,4,3.0,1.0
76892,2023,1,13.0,2.0
76892,2023,2,14.0,5.0
76892,2023,3,15.0,8.0
76892,2023,4,18.0,8.0
76892,2024,1,7.0,4.0
76892,2024,2,13.0,6.0
76892,2024,3,15.0,6.0
76892,2024,4,9.0,9.0
76892,2025,1,10.0,1.0
76892,2025,2,14.0,4.0
76892,2025,3,6.0,6.0
76892,2025,4,14.0,6.0
76895,2023,1,3.0,3.0
76895,2023,2,6.0,0.0
76895,2023,3,1.0,1.0
76895,2023,4,16.0,3.0
76895,2024,1,12.0,2.0
76895,2024,2,9.0,4.0
76895,2024,3,6.0,3.0
76895,2024,4,10.0,4.0
76895,2025,1,6.0,2.0
76895,2025,2,8.0,4.0
76895,2025,3,7.0,2.0
76895,2025,4,6.0,3.0
81001,2023,1,10.0,13.0
81001,2023,2,12.0,9.0
81001,2023,3,6.0,7.0
81001,2023,4,13.0,13.0
81001,2024,1,5.0,10.0
81001,2024,2,10.0,8.0
81001,2024,3,11.0,6.0
81001,2024,4,4.0,12.0
81001,2025,1,1.0,9.0
81001,2025,2,8.0,12.0
81001,2025,3,3.0,8.0
81001,2025,4,2.0,18.0
81065,2023,1,4.0,0.0
81065,2023,2,3.0,0.0
81065,2023,3,4.0,1.0
81065,2023,4,4.0,2.0
81065,2024,1,2.0,1.0
81065,2024,2,17.0,1.0
81065,2024,3,17.0,3.0
81065,2024,4,11.0,2.0
81065,2025,1,7.0,0.0
81065,2025,2,3.0,1.0
81065,2025,3,14.0,4.0
81065,2025,4,11.0,4.0
81220,2023,3,0.0,1.0
81220,2023,4,0.0,1.0
81220,2024,1,0.0,1.0
81220,2024,2,2.0,1.0
81220,2024,3,0.0,1.0
81220,2024,4,1.0,1.0
81220,2025,1,1.0,1.0
81220,2025,3,1.0,0.0
81220,2025,4,1.0,0.0
81300,2023,1,2.0,1.0
81300,2023,2,4.0,2.0
81300,2023,3,1.0,1.0
81300,2023,4,3.0,1.0
81300,2024,1,1.0,4.0
81300,2024,3,3.0,2.0
81300,2024,4,1.0,2.0
81300,2025,1,3.0,1.0
81300,2025,3,3.0,2.0
81300,2025,4,1.0,2.0
81591,2023,1,12.0,0.0
81591,2023,2,1.0,2.0
81591,2023,3,1.0,0.0
81591,2023,4,1.0,0.0
81591,2024,1,0.0,2.0
81591,2024,3,2.0,0.0
81591,2024,4,7.0,0.0
81591,2025,1,2.0,0.0
81591,2025,4,0.0,1.0
81736,2023,1,16.0,2.0
81736,2023,2,6.0,2.0
81736,2023,3,2.0,0.0
81736,2023,4,2.0,1.0
81736,2024,1,6.0,2.0
81736,2024,2,4.0,4.0
81736,2024,3,5.0,2.0
81736,2024,4,4.0,2.0
81736,2025,1,9.0,0.0
81736,2025,2,5.0,1.0
81736,2025,3,3.0,5.0
81736,2025,4,5.0,3.0
81794,2023,1,8.0,4.0
81794,2023,2,7.0,3.0
81794,2023,3,18.0,1.0
81794,2023,4,13.0,8.0
81794,2024,1,15.0,1.0
81794,2024,2,16.0,3.0
81794,2024,3,11.0,2.0
81794,2024,4,23.0,2.0
81794,2025,1,4.0,2.0
81794,2025,2,4.0,0.0
81794,2025,3,19.0,1.0
81794,2025,4,9.0,3.0
85001,2023,1,7.0,1.0
85001,2023,2,4.0,7.0
85001,2023,3,9.0,5.0
85001,2023,4,3.0,20.0
85001,2024,1,6.0,7.0
85001,2024,2,5.0,16.0
85001,2024,3,8.0,21.0
85001,2024,4,13.0,23.0
85001,2025,1,17.0,5.0
85001,2025,2,17.0,6.0
85001,2025,3,6.0,20.0
85001,2025,4,6.0,16.0
85010,2023,1,4.0,0.0
85010,2023,2,1.0,0.0
85010,2023,3,3.0,0.0
85010,2023,4,0.0,4.0
85010,2024,1,3.0,1.0
85010,2024,2,0.0,1.0
85010,2024,3,0.0,3.0
85010,2024,4,1.0,5.0
85010,2025,1,2.0,0.0
85010,2025,2,2.0,1.0
85010,2025,3,2.0,1.0
85010,2025,4,3.0,3.0
85015,2023,2,0.0,1.0
85125,2023,2,0.0,2.0
85125,2023,4,1.0,2.0
85125,2024,1,4.0,0.0
85125,2024,3,1.0,1.0
85125,2024,4,0.0,2.0
85125,2025,1,2.0,1.0
85125,2025,3,0.0,3.0
85125,2025,4,3.0,2.0
85139,2023,1,1.0,0.0
85139,2023,2,2.0,0.0
85139,2023,3,1.0,0.0
85139,2023,4,1.0,3.0
85139,2024,1,1.0,0.0
85139,2024,2,2.0,1.0
85139,2024,3,0.0,2.0
85139,2024,4,1.0,1.0
85139,2025,1,2.0,0.0
85139,2025,2,4.0,3.0
85139,2025,3,2.0,2.0
85139,2025,4,2.0,1.0
85162,2023,3,2.0,0.0
85162,2023,4,3.0,4.0
85162,2024,1,1.0,0.0
85162,2024,2,0.0,1.0
85162,2024,3,0.0,3.0
85162,2024,4,1.0,3.0
85162,2025,1,0.0,1.0
85162,2025,2,0.0,3.0
85162,2025,3,0.0,6.0
85225,2023,2,1.0,0.0
85225,2023,3,1.0,0.0
85225,2023,4,0.0,1.0
85225,2024,3,0.0,1.0
85225,2024,4,0.0,1.0
85225,2025,3,0.0,1.0
85225,2025,4,0.0,1.0
85230,2023,1,1.0,0.0
85230,2023,2,1.0,1.0
85230,2023,4,0.0,2.0
85230,2024,2,0.0,1.0
85230,2024,3,0.0,2.0
85230,2024,4,1.0,0.0
85230,2025,1,0.0,1.0
85230,2025,2,1.0,0.0
85230,2025,3,0.0,2.0
85230,2025,4,1.0,1.0
85250,2023,1,1.0,0.0
85250,2023,3,0.0,2.0
85250,2023,4,3.0,2.0
85250,2024,1,1.0,3.0
85250,2024,2,5.0,0.0
85250,2024,3,1.0,4.0
85250,2024,4,0.0,9.0
85250,2025,1,1.0,2.0
85250,2025,2,2.0,3.0
85250,2025,3,0.0,4.0
85250,2025,4,0.0,3.0
85263,2023,3,1.0,3.0
85263,2023,4,1.0,3.0
85263,2024,1,1.0,1.0
85263,2024,2,1.0,0.0
85263,2024,3,0.0,2.0
85263,2024,4,0.0,1.0
85263,2025,2,0.0,3.0
85263,2025,3,0.0,1.0
85263,2025,4,0.0,2.0
85279,2024,1,1.0,0.0
85279,2025,3,0.0,1.0
85300,2025,2,1.0,0.0
85315,2024,1,0.0,1.0
85315,2024,4,1.0,0.0
85315,2025,3,2.0,0.0
85315,2025,4,1.0,0.0
85325,2023,2,0.0,1.0
85325,2023,3,0.0,1.0
85325,2023,4,0.0,1.0
85325,2025,3,1.0,1.0
85400,2024,2,2.0,0.0
85400,2025,1,0.0,1.0
85400,2025,4,0.0,4.0
85410,2023,3,2.0,0.0
85410,2023,4,0.0,2.0
85410,2024,1,1.0,1.0
85410,2024,2,0.0,2.0
85410,2024,3,1.0,4.0
85410,2024,4,2.0,1.0
85410,2025,1,0.0,2.0
85410,2025,2,0.0,2.0
85410,2025,4,2.0,5.0
85430,2023,4,0.0,2.0
85430,2024,1,1.0,0.0
85430,2024,3,1.0,2.0
85430,2024,4,1.0,1.0
85430,2025,1,1.0,1.0
85430,2025,3,1.0,1.0
85430,2025,4,0.0,4.0
85440,2023,1,3.0,1.0
85440,2023,2,0.0,2.0
85440,2023,3,2.0,4.0
85440,2023,4,7.0,5.0
85440,2024,1,2.0,2.0
85440,2024,2,2.0,3.0
85440,2024,3,1.0,2.0
85440,2024,4,1.0,3.0
85440,2025,1,1.0,2.0
85440,2025,2,5.0,6.0
85440,2025,3,1.0,0.0
85440,2025,4,3.0,4.0
86001,2023,1,2.0,2.0
86001,2023,2,2.0,6.0
86001,2023,3,9.0,4.0
86001,2023,4,1.0,7.0
86001,2024,1,3.0,7.0
86001,2024,2,3.0,4.0
86001,2024,3,1.0,4.0
86001,2024,4,1.0,4.0
86001,2025,1,3.0,8.0
86001,2025,2,4.0,4.0
86001,2025,3,1.0,2.0
86001,2025,4,1.0,1.0
86320,2023,1,7.0,1.0
86320,2023,2,2.0,1.0
86320,2023,3,9.0,5.0
86320,2023,4,13.0,6.0
86320,2024,1,12.0,3.0
86320,2024,2,10.0,0.0
86320,2024,3,5.0,2.0
86320,2024,4,12.0,2.0
86320,2025,1,4.0,0.0
86320,2025,2,3.0,3.0
86320,2025,3,3.0,0.0
86320,2025,4,0.0,2.0
86568,2023,1,5.0,6.0
86568,2023,2,17.0,4.0
86568,2023,3,22.0,6.0
86568,2023,4,18.0,7.0
86568,2024,1,13.0,5.0
86568,2024,2,12.0,5.0
86568,2024,3,13.0,1.0
86568,2024,4,5.0,1.0
86568,2025,1,3.0,2.0
86568,2025,2,1.0,4.0
86568,2025,3,9.0,2.0
86568,2025,4,5.0,3.0
86569,2023,1,2.0,0.0
86569,2023,2,5.0,0.0
86569,2023,3,3.0,0.0
86569,2023,4,2.0,1.0
86569,2024,1,3.0,1.0
86569,2024,2,2.0,1.0
86569,2024,3,1.0,0.0
86569,2024,4,5.0,1.0
86569,2025,1,1.0,0.0
86569,2025,2,3.0,1.0
86569,2025,3,2.0,1.0
86569,2025,4,2.0,1.0
86571,2023,1,1.0,0.0
86571,2023,2,8.0,0.0
86571,2023,3,20.0,0.0
86571,2023,4,16.0,0.0
86571,2024,1,7.0,0.0
86571,2024,2,3.0,2.0
86571,2024,4,17.0,0.0
86571,2025,1,1.0,1.0
86571,2025,2,2.0,1.0
86571,2025,3,1.0,1.0
86571,2025,4,2.0,0.0
86573,2023,1,4.0,2.0
86573,2023,2,5.0,1.0
86573,2023,3,1.0,2.0
86573,2023,4,4.0,1.0
86573,2024,1,3.0,1.0
86573,2024,2,3.0,0.0
86573,2024,3,4.0,2.0
86573,2024,4,1.0,0.0
86573,2025,1,2.0,0.0
86573,2025,2,2.0,0.0
86573,2025,3,1.0,0.0
86573,2025,4,1.0,0.0
86749,2023,2,0.0,1.0
86749,2024,2,1.0,1.0
86749,2025,1,0.0,1.0
86749,2025,2,0.0,1.0
86749,2025,4,0.0,1.0
86755,2025,4,1.0,0.0
86757,2023,1,2.0,1.0
86757,2023,2,3.0,0.0
86757,2023,4,2.0,0.0
86757,2024,1,2.0,0.0
86757,2024,2,2.0,0.0
86757,2024,3,2.0,1.0
86757,2024,4,3.0,0.0
86757,2025,1,3.0,0.0
86757,2025,2,1.0,0.0
86757,2025,3,1.0,0.0
86757,2025,4,0.0,1.0
86760,2023,1,1.0,0.0
86760,2024,1,0.0,1.0
86865,2023,1,6.0,0.0
86865,2023,2,6.0,0.0
86865,2023,3,16.0,1.0
86865,2023,4,9.0,2.0
86865,2024,1,13.0,1.0
86865,2024,2,4.0,3.0
86865,2024,3,3.0,0.0
86865,2024,4,3.0,1.0
86865,2025,1,1.0,0.0
86865,2025,2,4.0,3.0
86865,2025,3,3.0,3.0
86865,2025,4,3.0,3.0
86885,2023,1,3.0,1.0
86885,2023,2,3.0,2.0
86885,2023,3,2.0,1.0
86885,2023,4,1.0,3.0
86885,2024,1,4.0,3.0
86885,2024,2,1.0,1.0
86885,2024,3,3.0,1.0
86885,2024,4,3.0,3.0
86885,2025,1,1.0,5.0
86885,2025,2,4.0,2.0
86885,2025,3,2.0,1.0
86885,2025,4,1.0,0.0
88001,2023,1,7.0,2.0
88001,2023,2,9.0,2.0
88001,2023,3,13.0,7.0
88001,2023,4,12.0,3.0
88001,2024,1,8.0,1.0
88001,2024,2,7.0,0.0
88001,2024,3,3.0,1.0
88001,2024,4,7.0,2.0
88001,2025,1,5.0,1.0
88001,2025,2,6.0,1.0
88001,2025,3,14.0,0.0
88001,2025,4,13.0,2.0
88564,2023,3,0.0,1.0
88564,2025,2,1.0,0.0
88564,2025,3,1.0,0.0
88564,2025,4,0.0,1.0
91001,2023,1,6.0,0.0
91001,2023,2,6.0,0.0
91001,2023,3,4.0,0.0
91001,2023,4,4.0,1.0
91001,2024,1,3.0,0.0
91001,2024,2,6.0,0.0
91001,2024,3,7.0,0.0
91001,2024,4,5.0,1.0
91001,2025,1,4.0,0.0
91001,2025,2,5.0,0.0
91001,2025,3,4.0,0.0
91001,2025,4,2.0,0.0
91407,2024,3,1.0,0.0
91407,2024,4,1.0,0.0
91407,2025,3,0.0,1.0
91407,2025,4,1.0,0.0
91798,2023,3,1.0,0.0
91798,2024,3,1.0,0.0
94001,2023,2,0.0,1.0
94001,2023,3,0.0,1.0
94001,2023,4,0.0,1.0
94001,2024,1,2.0,0.0
94001,2024,3,0.0,2.0
94001,2024,4,0.0,3.0
94001,2025,1,0.0,2.0
94001,2025,2,1.0,1.0
94001,2025,3,1.0,3.0
94001,2025,4,2.0,1.0
95001,2023,1,6.0,9.0
95001,2023,2,6.0,8.0
95001,2023,3,11.0,15.0
95001,2023,4,4.0,16.0
95001,2024,1,2.0,10.0
95001,2024,2,3.0,14.0
95001,2024,3,1.0,10.0
95001,2024,4,10.0,8.0
95001,2025,1,1.0,18.0
95001,2025,2,15.0,12.0
95001,2025,3,11.0,9.0
95001,2025,4,4.0,8.0
95015,2023,1,5.0,6.0
95015,2023,2,2.0,0.0
95015,2023,3,2.0,0.0
95015,2023,4,2.0,0.0
95015,2024,1,1.0,1.0
95015,2024,2,1.0,1.0
95015,2024,3,4.0,1.0
95015,2024,4,2.0,0.0
95015,2025,1,23.0,0.0
95015,2025,2,9.0,2.0
95015,2025,3,1.0,1.0
95015,2025,4,1.0,0.0
95025,2023,1,4.0,7.0
95025,2023,2,0.0,2.0
95025,2023,3,1.0,0.0
95025,2023,4,0.0,1.0
95025,2024,1,0.0,1.0
95025,2024,2,1.0,0.0
95025,2024,3,0.0,1.0
95025,2024,4,2.0,0.0
95025,2025,3,1.0,3.0
95025,2025,4,1.0,0.0
95200,2023,1,2.0,1.0
95200,2023,2,2.0,1.0
95200,2023,4,0.0,1.0
95200,2024,2,3.0,0.0
95200,2024,3,1.0,0.0
95200,2025,1,1.0,0.0
95200,2025,2,0.0,1.0
95200,2025,3,1.0,2.0
97001,2023,1,0.0,2.0
97001,2023,2,0.0,1.0
97001,2023,4,0.0,1.0
97001,2024,2,1.0,0.0
97001,2024,3,0.0,2.0
97001,2025,2,4.0,1.0
97001,2025,4,0.0,1.0
97666,2023,4,1.0,0.0
99001,2023,1,1.0,2.0
99001,2023,2,1.0,1.0
99001,2023,3,4.0,3.0
99001,2023,4,2.0,3.0
99001,2024,1,1.0,3.0
99001,2024,2,1.0,0.0
99001,2024,3,2.0,1.0
99001,2024,4,1.0,0.0
99001,2025,1,1.0,0.0
99001,2025,2,3.0,4.0
99001,2025,3,1.0,6.0
99001,2025,4,1.0,2.0
99524,2023,3,1.0,0.0
99524,2024,1,1.0,0.0
99524,2025,1,0.0,2.0
99524,2025,2,0.0,2.0
99524,2025,3,0.0,2.0
99524,2025,4,0.0,2.0
99624,2023,2,1.0,0.0
99624,2025,1,0.0,1.0
99773,2023,1,1.0,0.0
99773,2023,2,1.0,1.0
99773,2023,3,1.0,1.0
99773,2023,4,2.0,0.0
99773,2024,1,3.0,0.0
99773,2024,2,0.0,1.0
99773,2024,3,1.0,0.0
99773,2024,4,1.0,2.0
99773,2025,1,1.0,1.0
99773,2025,2,1.0,3.0
99773,2025,3,2.0,1.0
99773,2025,4,1.0,2.0
