codigo_dane,anio,poblacion_total,pct_rural,homicidios,tasa_homicidio_10k,extorsiones,tasa_extorsion_10k,area_km2,subregion_pdet,n_titulos_oro,n_titulares_titulos_oro,n_solicitudes_oro,n_titulares_solicitudes_oro,n_subcontratos_oro,n_titulares_subcontratos_oro,n_titulos_oro_con_anotacion_2023_2025,pdet
05001,2023,2518480.0,1.93,359,1.425,941,3.736,374.834004571,,0,0,0,0,0,0,0,0
05001,2024,2524747.0,1.93,309,1.224,950,3.763,374.834004571,,0,0,0,0,0,0,0,0
05001,2025,2528343.0,1.92,333,1.317,972,3.844,374.834004571,,0,0,0,0,0,0,0,0
05002,2023,21030.0,60.29,12,5.706,0,0.0,507.141094601,,0,0,0,0,0,0,0,0
05002,2024,21121.0,60.41,10,4.735,5,2.367,507.141094601,,0,0,0,0,0,0,0,0
05002,2025,21147.0,60.04,6,2.837,2,0.946,507.141094601,,0,0,0,0,0,0,0,0
05004,2023,2782.0,67.86,0,0.0,0,0.0,296.894049976,,1,3,0,0,0,0,3,0
05004,2024,2810.0,68.04,0,0.0,0,0.0,296.894049976,,1,3,0,0,0,0,3,0
05004,2025,2807.0,67.55,0,0.0,0,0.0,296.894049976,,1,3,0,0,0,0,3,0
05021,2023,5130.0,44.19,2,3.899,1,1.949,128.932153183,,0,0,0,0,0,0,0,0
05021,2024,5196.0,44.28,1,1.925,0,0.0,128.932153183,,0,0,0,0,0,0,0,0
05021,2025,5285.0,43.88,1,1.892,1,1.892,128.932153183,,0,0,0,0,0,0,0,0
05030,2023,32238.0,51.14,19,5.894,2,0.62,84.1324771537,,0,0,0,0,0,0,0,0
05030,2024,32595.0,51.28,12,3.682,6,1.841,84.1324771537,,0,0,0,0,0,0,0,0
05030,2025,32858.0,50.91,12,3.652,10,3.043,84.1324771537,,0,0,0,0,0,0,0,0
05031,2023,28334.0,42.45,14,4.941,3,1.059,1209.14546227,BAJO CAUCA Y NORDESTE ANTIOQUEÑO,9,20,0,0,3,3,40,1
05031,2024,28716.0,42.67,35,12.188,6,2.089,1209.14546227,BAJO CAUCA Y NORDESTE ANTIOQUEÑO,9,20,0,0,3,3,40,1
05031,2025,29054.0,42.36,33,11.358,7,2.409,1209.14546227,BAJO CAUCA Y NORDESTE ANTIOQUEÑO,9,20,0,0,3,3,40,1
05034,2023,44976.0,51.29,40,8.894,11,2.446,402.465966216,,2,5,5,12,0,0,5,0
05034,2024,45212.0,51.43,20,4.424,15,3.318,402.465966216,,2,5,5,12,0,0,5,0
05034,2025,45367.0,51.07,67,14.768,17,3.747,402.465966216,,2,5,5,12,0,0,5,0
05036,2023,6096.0,59.56,5,8.202,2,3.281,81.876301801,,0,0,0,0,0,0,0,0
05036,2024,6149.0,59.86,4,6.505,1,1.626,81.876301801,,0,0,0,0,0,0,0,0
05036,2025,6203.0,59.21,3,4.836,0,0.0,81.876301801,,0,0,0,0,0,0,0,0
05038,2023,12256.0,75.35,8,6.527,6,4.896,338.502286533,,0,0,0,0,0,0,0,0
05038,2024,12413.0,75.36,4,3.222,0,0.0,338.502286533,,0,0,0,0,0,0,0,0
05038,2025,12511.0,74.87,7,5.595,3,2.398,338.502286533,,0,0,0,0,0,0,0,0
05040,2023,20320.0,56.03,31,15.256,7,3.445,1413.77571881,BAJO CAUCA Y NORDESTE ANTIOQUEÑO,8,8,1,1,4,4,12,1
05040,2024,20688.0,56.13,32,15.468,3,1.45,1413.77571881,BAJO CAUCA Y NORDESTE ANTIOQUEÑO,8,8,1,1,4,4,12,1
05040,2025,21035.0,55.75,46,21.868,4,1.902,1413.77571881,BAJO CAUCA Y NORDESTE ANTIOQUEÑO,8,8,1,1,4,4,12,1
05042,2023,27882.0,35.36,19,6.814,4,1.435,525.583078385,,1,2,0,0,0,0,2,0
05042,2024,28130.0,35.52,7,2.488,7,2.488,525.583078385,,1,2,0,0,0,0,2,0
05042,2025,28421.0,35.22,9,3.167,10,3.519,525.583078385,,1,2,0,0,0,0,2,0
05044,2023,7543.0,79.69,5,6.629,0,0.0,255.923313978,,1,2,0,0,0,0,4,0
05044,2024,7628.0,79.51,5,6.555,0,0.0,255.923313978,,1,2,0,0,0,0,4,0
05044,2025,7681.0,79.14,4,5.208,3,3.906,255.923313978,,1,2,0,0,0,0,4,0
05045,2023,124339.0,16.73,44,3.539,10,0.804,535.156288838,URABÁ ANTIOQUEÑO,0,0,0,0,0,0,0,1
05045,2024,124423.0,16.84,33,2.652,13,1.045,535.156288838,URABÁ ANTIOQUEÑO,0,0,0,0,0,0,0,1
05045,2025,125203.0,16.63,18,1.438,8,0.639,535.156288838,URABÁ ANTIOQUEÑO,0,0,0,0,0,0,0,1
05051,2023,31150.0,62.7,0,0.0,1,0.321,754.237890373,,0,0,0,0,0,0,0,0
05051,2024,31449.0,62.08,3,0.954,4,1.272,754.237890373,,0,0,0,0,0,0,0,0
05051,2025,31707.0,61.48,2,0.631,4,1.262,754.237890373,,0,0,0,0,0,0,0,0
05055,2023,8099.0,52.85,4,4.939,3,3.704,245.341782088,,0,0,0,0,0,0,0,0
05055,2024,8170.0,53.08,6,7.344,3,3.672,245.341782088,,0,0,0,0,0,0,0,0
05055,2025,8215.0,52.61,1,1.217,1,1.217,245.341782088,,0,0,0,0,0,0,0,0
05059,2023,5286.0,64.28,2,3.784,3,5.675,110.434975035,,0,0,0,0,0,0,0,0
05059,2024,5308.0,64.26,0,0.0,1,1.884,110.434975035,,0,0,0,0,0,0,0,0
05059,2025,5310.0,63.9,0,0.0,0,0.0,110.434975035,,0,0,0,0,0,0,0,0
05079,2023,61506.0,57.77,19,3.089,28,4.552,205.641781234,,3,7,1,1,1,2,10,0
05079,2024,62506.0,57.59,16,2.56,14,2.24,205.641781234,,3,7,1,1,1,2,10,0
05079,2025,63455.0,57.41,11,1.734,14,2.206,205.641781234,,3,7,1,1,1,2,10,0
05086,2023,6149.0,71.18,5,8.131,1,1.626,296.15316702,,2,23,0,0,0,0,46,0
05086,2024,6193.0,71.18,4,6.459,1,1.615,296.15316702,,2,23,0,0,0,0,46,0
05086,2025,6151.0,70.85,5,8.129,0,0.0,296.15316702,,2,23,0,0,0,0,46,0
05088,2023,584062.0,3.74,55,0.942,244,4.178,147.694282755,,1,1,0,0,0,0,1,0
05088,2024,593344.0,3.66,50,0.843,194,3.27,147.694282755,,1,1,0,0,0,0,1,0
05088,2025,601916.0,3.58,46,0.764,214,3.555,147.694282755,,1,1,0,0,0,0,1,0
05091,2023,10686.0,63.27,8,7.486,2,1.872,180.524927094,,0,0,1,1,0,0,0,0
05091,2024,10758.0,63.33,16,14.873,3,2.789,180.524927094,,0,0,1,1,0,0,0,0
05091,2025,10751.0,62.87,19,17.673,3,2.79,180.524927094,,0,0,1,1,0,0,0,0
05093,2023,16667.0,70.31,12,7.2,2,1.2,262.367502243,,1,2,0,0,0,0,4,0
05093,2024,16861.0,70.33,11,6.524,3,1.779,262.367502243,,1,2,0,0,0,0,4,0
05093,2025,16980.0,69.91,35,20.612,1,0.589,262.367502243,,1,2,0,0,0,0,4,0
05101,2023,27252.0,38.44,20,7.339,3,1.101,263.786647658,,0,0,0,0,0,0,0,0
05101,2024,27391.0,38.61,39,14.238,6,2.191,263.786647658,,0,0,0,0,0,0,0,0
05101,2025,27573.0,38.29,38,13.782,10,3.627,263.786647658,,0,0,0,0,0,0,0,0
05107,2023,8041.0,65.13,8,9.949,2,2.487,376.346755818,BAJO CAUCA Y NORDESTE ANTIOQUEÑO,0,0,0,0,0,0,0,1
05107,2024,8023.0,65.08,5,6.232,2,2.493,376.346755818,BAJO CAUCA Y NORDESTE ANTIOQUEÑO,0,0,0,0,0,0,0,1
05107,2025,7957.0,64.71,18,22.622,1,1.257,376.346755818,BAJO CAUCA Y NORDESTE ANTIOQUEÑO,0,0,0,0,0,0,0,1
05113,2023,10605.0,73.86,10,9.43,1,0.943,355.297864747,,1,2,0,0,2,2,4,0
05113,2024,10848.0,73.88,3,2.765,3,2.765,355.297864747,,1,2,0,0,2,2,4,0
05113,2025,11015.0,73.42,10,9.079,1,0.908,355.297864747,,1,2,0,0,2,2,4,0
05120,2023,29240.0,77.61,18,6.156,6,2.052,1873.73390074,BAJO CAUCA Y NORDESTE ANTIOQUEÑO,11,17,3,6,18,19,23,1
05120,2024,29159.0,76.98,37,12.689,7,2.401,1873.73390074,BAJO CAUCA Y NORDESTE ANTIOQUEÑO,11,17,3,6,18,19,23,1
05120,2025,29067.0,76.36,28,9.633,3,1.032,1873.73390074,BAJO CAUCA Y NORDESTE ANTIOQUEÑO,11,17,3,6,18,19,23,1
05125,2023,8920.0,77.65,2,2.242,2,2.242,200.129882942,,0,0,0,0,0,0,0,0
05125,2024,9036.0,77.51,2,2.213,2,2.213,200.129882942,,0,0,0,0,0,0,0,0
05125,2025,9107.0,77.13,3,3.294,1,1.098,200.129882942,,0,0,0,0,0,0,0,0
05129,2023,87460.0,21.21,27,3.087,32,3.659,132.796551071,,0,0,0,0,0,0,0,0
05129,2024,88316.0,21.15,16,1.812,26,2.944,132.796551071,,0,0,0,0,0,0,0,0
05129,2025,89072.0,21.08,11,1.235,37,4.154,132.796551071,,0,0,0,0,0,0,0,0
05134,2023,9811.0,70.3,10,10.193,2,2.039,232.191767205,,0,0,0,0,0,0,0,0
05134,2024,9940.0,70.17,8,8.048,1,1.006,232.191767205,,0,0,0,0,0,0,0,0
05134,2025,10005.0,69.73,10,9.995,0,0.0,232.191767205,,0,0,0,0,0,0,0,0
05138,2023,15570.0,65.14,6,3.854,0,0.0,364.832359389,,0,0,1,1,0,0,0,0
05138,2024,15570.0,65.21,10,6.423,3,1.927,364.832359389,,0,0,1,1,0,0,0,0
05138,2025,15470.0,64.82,6,3.878,2,1.293,364.832359389,,0,0,1,1,0,0,0,0
05142,2023,4541.0,38.52,0,0.0,0,0.0,262.79877563,,0,0,1,1,0,0,0,0
05142,2024,4538.0,38.87,2,4.407,2,4.407,262.79877563,,0,0,1,1,0,0,0,0
05142,2025,4510.0,38.58,1,2.217,1,2.217,262.79877563,,0,0,1,1,0,0,0,0
05145,2023,4590.0,52.35,0,0.0,0,0.0,92.0836830807,,0,0,0,0,1,1,0,0
05145,2024,4556.0,52.46,1,2.195,2,4.39,92.0836830807,,0,0,0,0,1,1,0,0
05145,2025,4499.0,52.14,1,2.223,0,0.0,92.0836830807,,0,0,0,0,1,1,0,0
05147,2023,50303.0,28.21,19,3.777,4,0.795,387.286730715,URABÁ ANTIOQUEÑO,0,0,0,0,0,0,0,1
05147,2024,50543.0,28.32,9,1.781,4,0.791,387.286730715,URABÁ ANTIOQUEÑO,0,0,0,0,0,0,0,1
05147,2025,50952.0,28.01,5,0.981,9,1.766,387.286730715,URABÁ ANTIOQUEÑO,0,0,0,0,0,0,0,1
05148,2023,67061.0,40.77,25,3.728,6,0.895,409.329934903,,0,0,0,0,0,0,0,0
05148,2024,68325.0,40.97,19,2.781,13,1.903,409.329934903,,0,0,0,0,0,0,0,0
05148,2025,69588.0,40.64,26,3.736,19,2.73,409.329934903,,0,0,0,0,0,0,0,0
05150,2023,3976.0,24.4,0,0.0,2,5.03,149.580818158,,0,0,0,0,0,0,0,0
05150,2024,3947.0,24.58,1,2.534,2,5.067,149.580818158,,0,0,0,0,0,0,0,0
05150,2025,3942.0,24.2,3,7.61,3,7.61,149.580818158,,0,0,0,0,0,0,0,0
05154,2023,93262.0,11.25,48,5.147,18,1.93,1429.08227911,BAJO CAUCA Y NORDESTE ANTIOQUEÑO,5,20,2,3,4,4,20,1
05154,2024,93572.0,10.98,75,8.015,25,2.672,1429.08227911,BAJO CAUCA Y NORDESTE ANTIOQUEÑO,5,20,2,3,4,4,20,1
05154,2025,93843.0,10.72,63,6.713,24,2.557,1429.08227911,BAJO CAUCA Y NORDESTE ANTIOQUEÑO,5,20,2,3,4,4,20,1
05172,2023,57067.0,16.15,30,5.257,3,0.526,721.682645316,URABÁ ANTIOQUEÑO,0,0,0,0,0,0,0,1
05172,2024,56758.0,16.26,16,2.819,10,1.762,721.682645316,URABÁ ANTIOQUEÑO,0,0,0,0,0,0,0,1
05172,2025,56738.0,16.07,11,1.939,5,0.881,721.682645316,URABÁ ANTIOQUEÑO,0,0,0,0,0,0,0,1
05190,2023,10033.0,12.49,5,4.984,4,3.987,46.8847795015,,1,2,0,0,0,0,2,0
05190,2024,10040.0,12.57,4,3.984,4,3.984,46.8847795015,,1,2,0,0,0,0,2,0
05190,2025,10092.0,12.41,0,0.0,5,4.954,46.8847795015,,1,2,0,0,0,0,2,0
05197,2023,15981.0,54.87,5,3.129,2,1.251,257.948769233,,0,0,0,0,0,0,0,0
05197,2024,16062.0,54.97,7,4.358,3,1.868,257.948769233,,0,0,0,0,0,0,0,0
05197,2025,16089.0,54.43,4,2.486,1,0.622,257.948769233,,0,0,0,0,0,0,0,0
05206,2023,5052.0,56.87,1,1.979,0,0.0,202.054485622,,0,0,0,0,0,0,0,0
05206,2024,5108.0,56.97,1,1.958,2,3.915,202.054485622,,0,0,0,0,0,0,0,0
05206,2025,5112.0,56.42,2,3.912,1,1.956,202.054485622,,0,0,0,0,0,0,0,0
05209,2023,22061.0,63.84,19,8.612,0,0.0,247.880390514,,0,0,0,0,0,0,0,0
05209,2024,22182.0,63.93,20,9.016,1,0.451,247.880390514,,0,0,0,0,0,0,0,0
05209,2025,22163.0,63.54,22,9.926,4,1.805,247.880390514,,0,0,0,0,0,0,0,0
05212,2023,88121.0,20.06,21,2.383,32,3.631,67.8568045107,,1,1,0,0,0,0,1,0
05212,2024,89546.0,20.0,20,2.233,25,2.792,67.8568045107,,1,1,0,0,0,0,1,0
05212,2025,90882.0,19.93,15,1.65,26,2.861,67.8568045107,,1,1,0,0,0,0,1,0
05234,2023,24409.0,59.41,18,7.374,0,0.0,1957.26270786,URABÁ ANTIOQUEÑO,1,3,0,0,0,0,3,1
05234,2024,24651.0,59.57,9,3.651,3,1.217,1957.26270786,URABÁ ANTIOQUEÑO,1,3,0,0,0,0,3,1
05234,2025,24808.0,59.14,13,5.24,2,0.806,1957.26270786,URABÁ ANTIOQUEÑO,1,3,0,0,0,0,3,1
05237,2023,19621.0,34.47,4,2.039,6,3.058,203.32080362,,2,8,0,0,5,7,11,0
05237,2024,19689.0,34.64,4,2.032,8,4.063,203.32080362,,2,8,0,0,5,7,11,0
05237,2025,19793.0,34.39,5,2.526,3,1.516,203.32080362,,2,8,0,0,5,7,11,0
05240,2023,12553.0,79.07,6,4.78,1,0.797,237.743451493,,0,0,0,0,0,0,0,0
05240,2024,12627.0,78.99,1,0.792,3,2.376,237.743451493,,0,0,0,0,0,0,0,0
05240,2025,12612.0,78.52,0,0.0,6,4.757,237.743451493,,0,0,0,0,0,0,0,0
05250,2023,55234.0,33.3,20,3.621,10,1.81,1560.24755648,BAJO CAUCA Y NORDESTE ANTIOQUEÑO,2,4,0,0,0,0,9,1
05250,2024,55742.0,32.85,29,5.203,3,0.538,1560.24755648,BAJO CAUCA Y NORDESTE ANTIOQUEÑO,2,4,0,0,0,0,9,1
05250,2025,56197.0,32.42,29,5.16,6,1.068,1560.24755648,BAJO CAUCA Y NORDESTE ANTIOQUEÑO,2,4,0,0,0,0,9,1
05264,2023,12348.0,47.56,4,3.239,2,1.62,214.19594585,,5,26,0,0,0,0,118,0
05264,2024,12568.0,47.81,2,1.591,0,0.0,214.19594585,,5,26,0,0,0,0,118,0
05264,2025,12736.0,47.4,2,1.57,3,2.356,214.19594585,,5,26,0,0,0,0,118,0
05266,2023,256042.0,4.29,9,0.352,50,1.953,79.5275859116,,0,0,0,0,0,0,0,0
05266,2024,260430.0,4.2,12,0.461,56,2.15,79.5275859116,,0,0,0,0,0,0,0,0
05266,2025,264637.0,4.12,8,0.302,53,2.003,79.5275859116,,0,0,0,0,0,0,0,0
05282,2023,25957.0,65.59,9,3.467,1,0.385,253.760538479,,0,0,0,0,0,0,0,0
05282,2024,26245.0,65.66,3,1.143,8,3.048,253.760538479,,0,0,0,0,0,0,0,0
05282,2025,26401.0,65.29,6,2.273,8,3.03,253.760538479,,0,0,0,0,0,0,0,0
05284,2023,21588.0,55.98,5,2.316,1,0.463,1384.19329472,,1,1,0,0,0,0,1,0
05284,2024,21716.0,56.12,7,3.223,4,1.842,1384.19329472,,1,1,0,0,0,0,1,0
05284,2025,21778.0,55.74,7,3.214,1,0.459,1384.19329472,,1,1,0,0,0,0,1,0
05306,2023,6189.0,60.8,4,6.463,1,1.616,93.4251282683,,0,0,0,0,0,0,0,0
05306,2024,6331.0,60.88,1,1.58,2,3.159,93.4251282683,,0,0,0,0,0,0,0,0
05306,2025,6404.0,60.45,1,1.562,1,1.562,93.4251282683,,0,0,0,0,0,0,0,0
05308,2023,59708.0,45.39,15,2.512,19,3.182,82.8591235462,,2,3,0,0,0,0,3,0
05308,2024,60604.0,45.26,13,2.145,21,3.465,82.8591235462,,2,3,0,0,0,0,3,0
05308,2025,61439.0,45.17,3,0.488,30,4.883,82.8591235462,,2,3,0,0,0,0,3,0
05310,2023,10215.0,46.42,4,3.916,0,0.0,332.20462843,,2,5,2,6,0,0,5,0
05310,2024,10301.0,46.51,4,3.883,5,4.854,332.20462843,,2,5,2,6,0,0,5,0
05310,2025,10373.0,46.23,6,5.784,2,1.928,332.20462843,,2,5,2,6,0,0,5,0
05313,2023,10442.0,44.43,4,3.831,2,1.915,190.225121317,,0,0,0,0,0,0,0,0
05313,2024,10463.0,44.6,4,3.823,6,5.734,190.225121317,,0,0,0,0,0,0,0,0
05313,2025,10511.0,44.4,2,1.903,5,4.757,190.225121317,,0,0,0,0,0,0,0,0
05315,2023,6914.0,63.68,2,2.893,1,1.446,118.207933506,,1,5,0,0,0,0,5,0
05315,2024,6975.0,63.84,2,2.867,2,2.867,118.207933506,,1,5,0,0,0,0,5,0
05315,2025,7009.0,63.45,3,4.28,0,0.0,118.207933506,,1,5,0,0,0,0,5,0
05318,2023,62651.0,65.09,17,2.713,10,1.596,151.843009902,,0,0,0,0,0,0,0,0
05318,2024,64068.0,65.17,18,2.81,12,1.873,151.843009902,,0,0,0,0,0,0,0,0
05318,2025,65173.0,64.76,21,3.222,28,4.296,151.843009902,,0,0,0,0,0,0,0,0
05321,2023,9368.0,33.93,0,0.0,4,4.27,83.3268891259,,0,0,0,0,0,0,0,0
05321,2024,9518.0,34.09,2,2.101,1,1.051,83.3268891259,,0,0,0,0,0,0,0,0
05321,2025,9695.0,33.87,3,3.094,5,5.157,83.3268891259,,0,0,0,0,0,0,0,0
05347,2023,5175.0,55.0,2,3.865,1,1.932,114.884755445,,0,0,0,0,0,0,0,0
05347,2024,5126.0,55.01,2,3.902,5,9.754,114.884755445,,0,0,0,0,0,0,0,0
05347,2025,5038.0,54.57,2,3.97,3,5.955,114.884755445,,0,0,0,0,0,0,0,0
05353,2023,5818.0,35.49,2,3.438,2,3.438,54.182120663,,0,0,0,0,0,0,0,0
05353,2024,5862.0,35.52,10,17.059,3,5.118,54.182120663,,0,0,0,0,0,0,0,0
05353,2025,5929.0,35.25,10,16.866,0,0.0,54.182120663,,0,0,0,0,0,0,0,0
05360,2023,299320.0,9.79,13,0.434,101,3.374,19.6495552713,,0,0,0,0,0,0,0,0
05360,2024,302075.0,9.72,15,0.497,99,3.277,19.6495552713,,0,0,0,0,0,0,0,0
05360,2025,304527.0,9.65,11,0.361,81,2.66,19.6495552713,,0,0,0,0,0,0,0,0
05361,2023,28961.0,71.76,23,7.942,5,1.726,2841.11608809,BAJO CAUCA Y NORDESTE ANTIOQUEÑO,0,0,0,0,0,0,0,1
05361,2024,29342.0,71.75,14,4.771,3,1.022,2841.11608809,BAJO CAUCA Y NORDESTE ANTIOQUEÑO,0,0,0,0,0,0,0,1
05361,2025,29515.0,71.34,21,7.115,2,0.678,2841.11608809,BAJO CAUCA Y NORDESTE ANTIOQUEÑO,0,0,0,0,0,0,0,1
05364,2023,15227.0,45.73,11,7.224,4,2.627,201.199157673,,0,0,0,0,0,0,0,0
05364,2024,15350.0,45.91,2,1.303,5,3.257,201.199157673,,0,0,0,0,0,0,0,0
05364,2025,15433.0,45.56,11,7.128,9,5.832,201.199157673,,0,0,0,0,0,0,0,0
05368,2023,14215.0,42.24,3,2.11,2,1.407,205.000675759,,0,0,0,0,0,0,0,0
05368,2024,14317.0,42.48,2,1.397,4,2.794,205.000675759,,0,0,0,0,0,0,0,0
05368,2025,14376.0,42.11,10,6.956,5,3.478,205.000675759,,0,0,0,0,0,0,0,0
05376,2023,71255.0,13.47,8,1.123,14,1.965,132.719285264,,0,0,0,0,0,0,0,0
05376,2024,72033.0,13.53,7,0.972,11,1.527,132.719285264,,0,0,0,0,0,0,0,0
05376,2025,73275.0,13.36,8,1.092,25,3.412,132.719285264,,0,0,0,0,0,0,0,0
05380,2023,80676.0,14.69,6,0.744,27,3.347,36.807340511,,0,0,0,0,0,0,0,0
05380,2024,81925.0,14.66,10,1.221,27,3.296,36.807340511,,0,0,0,0,0,0,0,0
05380,2025,83089.0,14.62,8,0.963,37,4.453,36.807340511,,0,0,0,0,0,0,0,0
05390,2023,8520.0,10.72,3,3.521,1,1.174,54.6360795945,,0,0,0,0,0,0,0,0
05390,2024,8554.0,10.76,0,0.0,1,1.169,54.6360795945,,0,0,0,0,0,0,0,0
05390,2025,8654.0,10.71,7,8.089,6,6.933,54.6360795945,,0,0,0,0,0,0,0,0
05400,2023,23399.0,38.43,4,1.709,2,0.855,167.739650165,,0,0,0,0,0,0,0,0
05400,2024,23718.0,38.58,6,2.53,10,4.216,167.739650165,,0,0,0,0,0,0,0,0
05400,2025,24057.0,38.27,17,7.067,7,2.91,167.739650165,,0,0,0,0,0,0,0,0
05411,2023,10675.0,75.19,1,0.937,1,0.937,216.416443161,,0,0,0,0,0,0,0,0
05411,2024,10817.0,75.05,5,4.622,5,4.622,216.416443161,,0,0,0,0,0,0,0,0
05411,2025,10854.0,74.64,4,3.685,1,0.921,216.416443161,,0,0,0,0,0,0,0,0
05425,2023,8725.0,60.45,7,8.023,6,6.877,455.645902059,,1,1,0,0,0,0,1,0
05425,2024,8808.0,60.56,5,5.677,4,4.541,455.645902059,,1,1,0,0,0,0,1,0
05425,2025,8873.0,60.13,1,1.127,8,9.016,455.645902059,,1,1,0,0,0,0,1,0
05440,2023,71999.0,29.49,24,3.333,15,2.083,112.286049327,,0,0,0,0,0,0,0,0
05440,2024,73095.0,29.64,16,2.189,9,1.231,112.286049327,,0,0,0,0,0,0,0,0
05440,2025,74390.0,29.37,25,3.361,22,2.957,112.286049327,,0,0,0,0,0,0,0,0
05467,2023,6608.0,69.26,0,0.0,0,0.0,76.0214720309,,0,0,0,0,0,0,0,0
05467,2024,6595.0,69.14,1,1.516,4,6.065,76.0214720309,,0,0,0,0,0,0,0,0
05467,2025,6538.0,68.72,3,4.589,4,6.118,76.0214720309,,0,0,0,0,0,0,0,0
05475,2023,5636.0,63.25,0,0.0,1,1.774,1266.20156052,CHOCÓ,0,0,0,0,0,0,0,1
05475,2024,5769.0,63.55,1,1.733,0,0.0,1266.20156052,CHOCÓ,0,0,0,0,0,0,0,1
05475,2025,5896.0,63.2,1,1.696,0,0.0,1266.20156052,CHOCÓ,0,0,0,0,0,0,0,1
05480,2023,13895.0,61.1,16,11.515,2,1.439,1074.94731298,URABÁ ANTIOQUEÑO,2,3,0,0,5,5,3,1
05480,2024,13872.0,61.17,3,2.163,0,0.0,1074.94731298,URABÁ ANTIOQUEÑO,2,3,0,0,5,5,3,1
05480,2025,13821.0,60.63,6,4.341,1,0.724,1074.94731298,URABÁ ANTIOQUEÑO,2,3,0,0,5,5,3,1
05483,2023,10787.0,66.9,6,5.562,0,0.0,316.767418301,,1,2,0,0,0,0,2,0
05483,2024,10906.0,66.92,4,3.668,5,4.585,316.767418301,,1,2,0,0,0,0,2,0
05483,2025,11000.0,66.49,7,6.364,4,3.636,316.767418301,,1,2,0,0,0,0,2,0
05490,2023,42628.0,71.79,9,2.111,5,1.173,1255.58547846,URABÁ ANTIOQUEÑO,0,0,0,0,0,0,0,1
05490,2024,42718.0,71.77,7,1.639,6,1.405,1255.58547846,URABÁ ANTIOQUEÑO,0,0,0,0,0,0,0,1
05490,2025,42569.0,71.31,4,0.94,3,0.705,1255.58547846,URABÁ ANTIOQUEÑO,0,0,0,0,0,0,0,1
05495,2023,28513.0,45.06,7,2.455,1,0.351,937.322944761,BAJO CAUCA Y NORDESTE ANTIOQUEÑO,2,6,2,4,5,5,6,1
05495,2024,28955.0,44.56,4,1.381,0,0.0,937.322944761,BAJO CAUCA Y NORDESTE ANTIOQUEÑO,2,6,2,4,5,5,6,1
05495,2025,29415.0,44.03,5,1.7,3,1.02,937.322944761,BAJO CAUCA Y NORDESTE ANTIOQUEÑO,2,6,2,4,5,5,6,1
05501,2023,3367.0,90.32,2,5.94,0,0.0,86.9861918412,,0,0,0,0,0,0,0,0
05501,2024,3431.0,89.77,0,0.0,1,2.915,86.9861918412,,0,0,0,0,0,0,0,0
05501,2025,3469.0,89.13,0,0.0,1,2.883,86.9861918412,,0,0,0,0,0,0,0,0
05541,2023,23147.0,45.64,7,3.024,6,2.592,118.314349783,,0,0,0,0,0,0,0,0
05541,2024,23491.0,45.79,10,4.257,7,2.98,118.314349783,,0,0,0,0,0,0,0,0
05541,2025,23827.0,45.4,10,4.197,5,2.098,118.314349783,,0,0,0,0,0,0,0,0
05543,2023,8617.0,68.78,3,3.481,0,0.0,434.069043458,,0,0,0,0,0,0,0,0
05543,2024,8733.0,68.8,2,2.29,0,0.0,434.069043458,,0,0,0,0,0,0,0,0
05543,2025,8782.0,68.36,1,1.139,1,1.139,434.069043458,,0,0,0,0,0,0,0,0
05576,2023,8983.0,46.57,2,2.226,1,1.113,75.4328597263,,0,0,0,0,0,0,0,0
05576,2024,9040.0,46.85,14,15.487,1,1.106,75.4328597263,,0,0,0,0,0,0,0,0
05576,2025,9053.0,46.48,9,9.941,2,2.209,75.4328597263,,0,0,0,0,0,0,0,0
05579,2023,39383.0,14.77,44,11.172,8,2.031,1220.10917452,,2,12,0,0,3,3,12,0
05579,2024,39164.0,14.82,19,4.851,12,3.064,1220.10917452,,2,12,0,0,3,3,12,0
05579,2025,39192.0,14.62,20,5.103,10,2.552,1220.10917452,,2,12,0,0,3,3,12,0
05585,2023,15293.0,66.46,3,1.962,0,0.0,579.559844289,,0,0,0,0,0,0,0,0
05585,2024,15465.0,66.44,2,1.293,0,0.0,579.559844289,,0,0,0,0,0,0,0,0
05585,2025,15584.0,65.97,5,3.208,3,1.925,579.559844289,,0,0,0,0,0,0,0,0
05591,2023,19661.0,81.52,4,2.034,6,3.052,369.585662463,,0,0,0,0,0,0,0,0
05591,2024,20006.0,81.33,3,1.5,7,3.499,369.585662463,,0,0,0,0,0,0,0,0
05591,2025,20173.0,80.85,3,1.487,7,3.47,369.585662463,,0,0,0,0,0,0,0,0
05604,2023,31804.0,56.82,25,7.861,5,1.572,1966.84180735,BAJO CAUCA Y NORDESTE ANTIOQUEÑO,26,58,2,3,8,8,80,1
05604,2024,32457.0,56.98,50,15.405,7,2.157,1966.84180735,BAJO CAUCA Y NORDESTE ANTIOQUEÑO,26,58,2,3,8,8,80,1
05604,2025,33021.0,56.56,39,11.811,11,3.331,1966.84180735,BAJO CAUCA Y NORDESTE ANTIOQUEÑO,26,58,2,3,8,8,80,1
05607,2023,26306.0,45.26,2,0.76,3,1.14,242.018938696,,0,0,0,0,0,0,0,0
05607,2024,26766.0,45.42,5,1.868,11,4.11,242.018938696,,0,0,0,0,0,0,0,0
05607,2025,27218.0,45.07,1,0.367,12,4.409,242.018938696,,0,0,0,0,0,0,0,0
05615,2023,149627.0,37.13,38,2.54,25,1.671,195.910964195,,0,0,0,0,0,0,0,0
05615,2024,151872.0,37.34,35,2.305,46,3.029,195.910964195,,0,0,0,0,0,0,0,0
05615,2025,154192.0,37.05,36,2.335,88,5.707,195.910964195,,0,0,0,0,0,0,0,0
05628,2023,9692.0,64.89,6,6.191,0,0.0,265.764416086,,0,0,0,0,0,0,0,0
05628,2024,9827.0,64.91,3,3.053,2,2.035,265.764416086,,0,0,0,0,0,0,0,0
05628,2025,9909.0,64.44,8,8.073,1,1.009,265.764416086,,0,0,0,0,0,0,0,0
05631,2023,100767.0,13.74,2,0.198,43,4.267,15.659282936,,0,0,0,0,0,0,0,0
05631,2024,103765.0,13.65,2,0.193,36,3.469,15.659282936,,0,0,0,0,0,0,0,0
05631,2025,106652.0,13.57,3,0.281,34,3.188,15.659282936,,0,0,0,0,0,0,0,0
05642,2023,18844.0,60.74,13,6.899,1,0.531,288.234941974,,0,0,0,0,0,0,0,0
05642,2024,18915.0,60.79,29,15.332,2,1.057,288.234941974,,0,0,0,0,0,0,0,0
05642,2025,18925.0,60.41,19,10.04,1,0.528,288.234941974,,0,0,0,0,0,0,0,0
05647,2023,7389.0,57.91,6,8.12,1,1.353,206.862429392,,0,0,0,0,0,0,0,0
05647,2024,7406.0,57.97,13,17.553,5,6.751,206.862429392,,0,0,0,0,0,0,0,0
05647,2025,7402.0,57.59,29,39.179,2,2.702,206.862429392,,0,0,0,0,0,0,0,0
05649,2023,16827.0,53.49,8,4.754,2,1.189,716.919033986,,1,2,0,0,0,0,2,0
05649,2024,16912.0,53.67,7,4.139,7,4.139,716.919033986,,1,2,0,0,0,0,2,0
05649,2025,16938.0,53.32,2,1.181,2,1.181,716.919033986,,1,2,0,0,0,0,2,0
05652,2023,5960.0,54.26,2,3.356,1,1.678,354.435521454,,0,0,0,0,0,0,0,0
05652,2024,6013.0,54.5,0,0.0,0,0.0,354.435521454,,0,0,0,0,0,0,0,0
05652,2025,6058.0,53.98,2,3.301,2,3.301,354.435521454,,0,0,0,0,0,0,0,0
05656,2023,17549.0,54.48,9,5.128,2,1.14,161.265720037,,0,0,0,0,0,0,0,0
05656,2024,17982.0,54.7,7,3.893,6,3.337,161.265720037,,0,0,0,0,0,0,0,0
05656,2025,18345.0,54.32,15,8.177,5,2.726,161.265720037,,0,0,0,0,0,0,0,0
05658,2023,3924.0,35.37,1,2.548,0,0.0,126.073583685,,0,0,0,0,0,0,0,0
05658,2024,3963.0,35.38,3,7.57,1,2.523,126.073583685,,0,0,0,0,0,0,0,0
05658,2025,4017.0,35.3,3,7.468,2,4.979,126.073583685,,0,0,0,0,0,0,0,0
05659,2023,20094.0,62.99,0,0.0,0,0.0,252.034384341,,0,0,0,0,0,0,0,0
05659,2024,20025.0,62.39,1,0.499,2,0.999,252.034384341,,0,0,0,0,0,0,0,0
05659,2025,19946.0,61.73,2,1.003,3,1.504,252.034384341,,0,0,0,0,0,0,0,0
05660,2023,14066.0,40.01,3,2.133,1,0.711,518.701470021,,0,0,0,0,0,0,0,0
05660,2024,14242.0,40.15,1,0.702,6,4.213,518.701470021,,0,0,0,0,0,0,0,0
05660,2025,14447.0,39.84,9,6.23,4,2.769,518.701470021,,0,0,0,0,0,0,0,0
05664,2023,22311.0,43.58,7,3.137,7,3.137,220.923896195,,0,0,0,0,0,0,0,0
05664,2024,22297.0,43.71,9,4.036,15,6.727,220.923896195,,0,0,0,0,0,0,0,0
05664,2025,22287.0,43.34,7,3.141,2,0.897,220.923896195,,0,0,0,0,0,0,0,0
05665,2023,32182.0,54.43,1,0.311,2,0.621,602.525594617,URABÁ ANTIOQUEÑO,0,0,0,0,0,0,0,1
05665,2024,32352.0,53.79,3,0.927,2,0.618,602.525594617,URABÁ ANTIOQUEÑO,0,0,0,0,0,0,0,1
05665,2025,32471.0,53.19,5,1.54,1,0.308,602.525594617,URABÁ ANTIOQUEÑO,0,0,0,0,0,0,0,1
05667,2023,16982.0,48.48,5,2.944,3,1.767,363.928658352,,0,0,0,0,0,0,0,0
05667,2024,17222.0,48.66,6,3.484,4,2.323,363.928658352,,0,0,0,0,0,0,0,0
05667,2025,17411.0,48.36,4,2.297,3,1.723,363.928658352,,0,0,0,0,0,0,0,0
05670,2023,23768.0,67.13,9,3.787,5,2.104,424.854897721,,1,1,1,1,13,13,1,0
05670,2024,24238.0,67.11,5,2.063,6,2.475,424.854897721,,1,1,1,1,13,13,1,0
05670,2025,24555.0,66.67,19,7.738,8,3.258,424.854897721,,1,1,1,1,13,13,1,0
05674,2023,24116.0,72.21,8,3.317,3,1.244,230.491174298,,1,2,0,0,0,0,2,0
05674,2024,24534.0,72.11,5,2.038,3,1.223,230.491174298,,1,2,0,0,0,0,2,0
05674,2025,24776.0,71.65,10,4.036,5,2.018,230.491174298,,1,2,0,0,0,0,2,0
05679,2023,28829.0,52.65,11,3.816,3,1.041,196.169746157,,0,0,0,0,0,0,0,0
05679,2024,29171.0,52.8,9,3.085,11,3.771,196.169746157,,0,0,0,0,0,0,0,0
05679,2025,29470.0,52.43,10,3.393,5,1.697,196.169746157,,0,0,0,0,0,0,0,0
05686,2023,39288.0,43.13,15,3.818,12,3.054,864.790420694,,7,40,0,0,0,0,109,0
05686,2024,39788.0,43.3,12,3.016,10,2.513,864.790420694,,7,40,0,0,0,0,109,0
05686,2025,40261.0,42.96,9,2.235,9,2.235,864.790420694,,7,40,0,0,0,0,109,0
05690,2023,13254.0,75.46,3,2.263,2,1.509,265.998683226,,3,3,0,0,6,6,6,0
05690,2024,13434.0,75.33,4,2.978,3,2.233,265.998683226,,3,3,0,0,6,6,6,0
05690,2025,13488.0,74.98,12,8.897,2,1.483,265.998683226,,3,3,0,0,6,6,6,0
05697,2023,38877.0,28.2,5,1.286,3,0.772,83.5684588335,,0,0,0,0,0,0,0,0
05697,2024,39396.0,28.34,10,2.538,7,1.777,83.5684588335,,0,0,0,0,0,0,0,0
05697,2025,39984.0,28.07,8,2.001,7,1.751,83.5684588335,,0,0,0,0,0,0,0,0
05736,2023,39062.0,18.48,40,10.24,5,1.28,1133.79973727,BAJO CAUCA Y NORDESTE ANTIOQUEÑO,4,13,0,0,1,1,13,1
05736,2024,39116.0,18.59,45,11.504,7,1.79,1133.79973727,BAJO CAUCA Y NORDESTE ANTIOQUEÑO,4,13,0,0,1,1,13,1
05736,2025,39343.0,18.38,26,6.609,19,4.829,1133.79973727,BAJO CAUCA Y NORDESTE ANTIOQUEÑO,4,13,0,0,1,1,13,1
05756,2023,36248.0,51.18,10,2.759,5,1.379,1346.42542357,,0,0,1,1,2,2,0,0
05756,2024,36144.0,51.39,30,8.3,4,1.107,1346.42542357,,0,0,1,1,2,2,0,0
05756,2025,35980.0,51.0,14,3.891,8,2.223,1346.42542357,,0,0,1,1,2,2,0,0
05761,2023,16164.0,55.1,9,5.568,2,1.237,219.071913636,,2,4,0,0,0,0,4,0
05761,2024,16366.0,55.27,9,5.499,6,3.666,219.071913636,,2,4,0,0,0,0,4,0
05761,2025,16523.0,54.91,6,3.631,5,3.026,219.071913636,,2,4,0,0,0,0,4,0
05789,2023,16637.0,53.01,4,2.404,1,0.601,252.239744186,,0,0,0,0,0,0,0,0
05789,2024,16676.0,53.18,0,0.0,1,0.6,252.239744186,,0,0,0,0,0,0,0,0
05789,2025,16674.0,52.78,1,0.6,1,0.6,252.239744186,,0,0,0,0,0,0,0,0
05790,2023,28729.0,48.94,12,4.177,7,2.437,1149.05383439,BAJO CAUCA Y NORDESTE ANTIOQUEÑO,6,10,1,1,1,1,14,1
05790,2024,29027.0,48.38,29,9.991,1,0.345,1149.05383439,BAJO CAUCA Y NORDESTE ANTIOQUEÑO,6,10,1,1,1,1,14,1
05790,2025,29298.0,47.85,10,3.413,4,1.365,1149.05383439,BAJO CAUCA Y NORDESTE ANTIOQUEÑO,6,10,1,1,1,1,14,1
05792,2023,6470.0,44.08,4,6.182,0,0.0,120.479062166,,0,0,0,0,0,0,0,0
05792,2024,6530.0,44.27,5,7.657,1,1.531,120.479062166,,0,0,0,0,0,0,0,0
05792,2025,6556.0,43.81,5,7.627,2,3.051,120.479062166,,0,0,0,0,0,0,0,0
05809,2023,11348.0,53.96,7,6.168,2,1.762,140.345788067,,0,0,0,0,0,0,0,0
05809,2024,11449.0,54.03,13,11.355,5,4.367,140.345788067,,0,0,0,0,0,0,0,0
05809,2025,11537.0,53.58,7,6.067,3,2.6,140.345788067,,0,0,0,0,0,0,0,0
05819,2023,4905.0,63.79,2,4.077,1,2.039,134.442598099,,0,0,0,0,0,0,0,0
05819,2024,4867.0,63.86,12,24.656,5,10.273,134.442598099,,0,0,0,0,0,0,0,0
05819,2025,4824.0,63.56,6,12.438,4,8.292,134.442598099,,0,0,0,0,0,0,0,0
05837,2023,129280.0,59.14,67,5.183,7,0.541,2921.87443495,URABÁ ANTIOQUEÑO,0,0,0,0,0,0,0,1
05837,2024,130019.0,59.25,25,1.923,13,1.0,2921.87443495,URABÁ ANTIOQUEÑO,0,0,0,0,0,0,0,1
05837,2025,130233.0,58.86,28,2.15,11,0.845,2921.87443495,URABÁ ANTIOQUEÑO,0,0,0,0,0,0,0,1
05842,2023,7345.0,67.0,1,1.361,3,4.084,265.929243447,,0,0,0,0,0,0,0,0
05842,2024,7406.0,67.26,1,1.35,1,1.35,265.929243447,,0,0,0,0,0,0,0,0
05842,2025,7455.0,66.69,1,1.341,0,0.0,265.929243447,,0,0,0,0,0,0,0,0
05847,2023,31559.0,45.29,34,10.773,8,2.535,2563.39722727,,0,0,1,1,0,0,0,0
05847,2024,31776.0,45.46,26,8.182,3,0.944,2563.39722727,,0,0,1,1,0,0,0,0
05847,2025,31988.0,45.13,31,9.691,6,1.876,2563.39722727,,0,0,1,1,0,0,0,0
05854,2023,14720.0,70.99,15,10.19,2,1.359,567.702635538,BAJO CAUCA Y NORDESTE ANTIOQUEÑO,1,2,1,1,0,0,2,1
05854,2024,14927.0,70.99,24,16.078,3,2.01,567.702635538,BAJO CAUCA Y NORDESTE ANTIOQUEÑO,1,2,1,1,0,0,2,1
05854,2025,15014.0,70.6,19,12.655,3,1.998,567.702635538,BAJO CAUCA Y NORDESTE ANTIOQUEÑO,1,2,1,1,0,0,2,1
05856,2023,6667.0,41.77,0,0.0,0,0.0,126.195338709,,1,2,0,0,0,0,0,0
05856,2024,6683.0,41.82,0,0.0,1,1.496,126.195338709,,1,2,0,0,0,0,0,0
05856,2025,6714.0,41.55,1,1.489,1,1.489,126.195338709,,1,2,0,0,0,0,0,0
05858,2023,12114.0,29.36,5,4.127,5,4.127,540.814987936,,2,4,0,0,2,2,4,0
05858,2024,12126.0,29.46,9,7.422,5,4.123,540.814987936,,2,4,0,0,2,2,4,0
05858,2025,12160.0,29.28,5,4.112,8,6.579,540.814987936,,2,4,0,0,2,2,4,0
05861,2023,12222.0,54.04,15,12.273,0,0.0,143.646021751,,0,0,0,0,0,0,0,0
05861,2024,12343.0,54.15,8,6.481,3,2.431,143.646021751,,0,0,0,0,0,0,0,0
05861,2025,12412.0,53.74,5,4.028,3,2.417,143.646021751,,0,0,0,0,0,0,0,0
05873,2023,10815.0,64.12,0,0.0,0,0.0,1661.93586082,CHOCÓ,0,0,0,0,0,0,0,1
05873,2024,11150.0,64.26,2,1.794,0,0.0,1661.93586082,CHOCÓ,0,0,0,0,0,0,0,1
05873,2025,11430.0,63.86,0,0.0,0,0.0,1661.93586082,CHOCÓ,0,0,0,0,0,0,0,1
05885,2023,7729.0,51.17,8,10.351,2,2.588,440.856387574,,1,1,0,0,3,3,1,0
05885,2024,7746.0,51.36,6,7.746,5,6.455,440.856387574,,1,1,0,0,3,3,1,0
05885,2025,7719.0,51.04,2,2.591,1,1.296,440.856387574,,1,1,0,0,3,3,1,0
05887,2023,41983.0,28.31,26,6.193,18,4.287,712.572036765,,0,0,0,0,0,0,0,0
05887,2024,41862.0,28.48,35,8.361,16,3.822,712.572036765,,0,0,0,0,0,0,0,0
05887,2025,41884.0,28.22,25,5.969,12,2.865,712.572036765,,0,0,0,0,0,0,0,0
05890,2023,24454.0,68.55,15,6.134,9,3.68,943.972082701,,2,6,3,8,4,4,6,0
05890,2024,24828.0,68.59,8,3.222,10,4.028,943.972082701,,2,6,3,8,4,4,6,0
05890,2025,25038.0,68.18,8,3.195,7,2.796,943.972082701,,2,6,3,8,4,4,6,0
05893,2023,21255.0,47.63,19,8.939,5,2.352,1894.98116024,SUR DE BOLÍVAR,0,0,0,0,0,0,0,1
05893,2024,21677.0,47.82,18,8.304,6,2.768,1894.98116024,SUR DE BOLÍVAR,0,0,0,0,0,0,0,1
05893,2025,22061.0,47.48,41,18.585,6,2.72,1894.98116024,SUR DE BOLÍVAR,0,0,0,0,0,0,0,1
05895,2023,26283.0,50.62,9,3.424,3,1.141,1167.39872125,BAJO CAUCA Y NORDESTE ANTIOQUEÑO,9,12,1,1,14,15,20,1
05895,2024,26532.0,49.99,12,4.523,1,0.377,1167.39872125,BAJO CAUCA Y NORDESTE ANTIOQUEÑO,9,12,1,1,14,15,20,1
05895,2025,26785.0,49.42,9,3.36,3,1.12,1167.39872125,BAJO CAUCA Y NORDESTE ANTIOQUEÑO,9,12,1,1,14,15,20,1
08001,2023,1277216.0,0.06,375,2.936,877,6.866,154.285924762,,0,0,0,0,0,0,0,0
08001,2024,1279120.0,0.05,493,3.854,885,6.919,154.285924762,,0,0,0,0,0,0,0,0
08001,2025,1279344.0,0.05,429,3.353,729,5.698,154.285924762,,0,0,0,0,0,0,0,0
08078,2023,72072.0,16.12,3,0.416,5,0.694,121.350424556,,0,0,0,0,0,0,0,0
08078,2024,73740.0,15.96,10,1.356,22,2.983,121.350424556,,0,0,0,0,0,0,0,0
08078,2025,75389.0,15.8,32,4.245,11,1.459,121.350424556,,0,0,0,0,0,0,0,0
08137,2023,26217.0,12.87,1,0.381,1,0.381,99.9950064918,,0,0,0,0,0,0,0,0
08137,2024,26781.0,12.81,6,2.24,4,1.494,99.9950064918,,0,0,0,0,0,0,0,0
08137,2025,27320.0,12.67,4,1.464,4,1.464,99.9950064918,,0,0,0,0,0,0,0,0
08141,2023,18647.0,27.05,2,1.073,2,1.073,135.766433386,,0,0,0,0,0,0,0,0
08141,2024,19104.0,26.84,2,1.047,1,0.523,135.766433386,,0,0,0,0,0,0,0,0
08141,2025,19516.0,26.56,2,1.025,2,1.025,135.766433386,,0,0,0,0,0,0,0,0
08296,2023,68313.0,7.44,5,0.732,22,3.22,97.5154002862,,0,0,0,0,0,0,0,0
08296,2024,69030.0,7.44,13,1.883,23,3.332,97.5154002862,,0,0,0,0,0,0,0,0
08296,2025,69643.0,7.42,23,3.303,12,1.723,97.5154002862,,0,0,0,0,0,0,0,0
08372,2023,23545.0,35.85,2,0.849,3,1.274,168.013204483,,0,0,0,0,0,0,0,0
08372,2024,23939.0,35.57,3,1.253,8,3.342,168.013204483,,0,0,0,0,0,0,0,0
08372,2025,24309.0,35.26,15,6.171,6,2.468,168.013204483,,0,0,0,0,0,0,0,0
08421,2023,31844.0,47.69,4,1.256,3,0.942,224.321056003,,0,0,0,0,0,0,0,0
08421,2024,32443.0,47.42,5,1.541,2,0.616,224.321056003,,0,0,0,0,0,0,0,0
08421,2025,33013.0,47.11,3,0.909,3,0.909,224.321056003,,0,0,0,0,0,0,0,0
08433,2023,146583.0,6.84,73,4.98,66,4.503,97.9434564999,,0,0,0,0,0,0,0,0
08433,2024,149019.0,6.83,77,5.167,86,5.771,97.9434564999,,0,0,0,0,0,0,0,0
08433,2025,151319.0,6.83,45,2.974,76,5.023,97.9434564999,,0,0,0,0,0,0,0,0
08436,2023,22882.0,11.51,0,0.0,4,1.748,214.267969997,,0,0,0,0,0,0,0,0
08436,2024,23362.0,11.42,0,0.0,4,1.712,214.267969997,,0,0,0,0,0,0,0,0
08436,2025,23834.0,11.36,3,1.259,2,0.839,214.267969997,,0,0,0,0,0,0,0,0
08520,2023,33778.0,3.82,2,0.592,4,1.184,92.3387923205,,0,0,0,0,0,0,0,0
08520,2024,34647.0,3.79,9,2.598,3,0.866,92.3387923205,,0,0,0,0,0,0,0,0
08520,2025,35503.0,3.72,8,2.253,3,0.845,92.3387923205,,0,0,0,0,0,0,0,0
08549,2023,7571.0,55.78,2,2.642,0,0.0,252.92847561,,0,0,0,0,0,0,0,0
08549,2024,7724.0,55.35,0,0.0,4,5.179,252.92847561,,0,0,0,0,0,0,0,0
08549,2025,7876.0,55.1,2,2.539,3,3.809,252.92847561,,0,0,0,0,0,0,0,0
08558,2023,20628.0,16.09,3,1.454,2,0.97,73.8647555302,,0,0,0,0,0,0,0,0
08558,2024,21012.0,15.87,3,1.428,7,3.331,73.8647555302,,0,0,0,0,0,0,0,0
08558,2025,21402.0,15.75,3,1.402,6,2.803,73.8647555302,,0,0,0,0,0,0,0,0
08560,2023,26657.0,41.24,7,2.626,3,1.125,206.534230964,,0,0,0,0,0,0,0,0
08560,2024,27097.0,40.99,4,1.476,3,1.107,206.534230964,,0,0,0,0,0,0,0,0
08560,2025,27507.0,40.71,3,1.091,1,0.364,206.534230964,,0,0,0,0,0,0,0,0
08573,2023,60841.0,12.85,16,2.63,20,3.287,69.4092366035,,0,0,0,0,0,0,0,0
08573,2024,62582.0,12.82,21,3.356,20,3.196,69.4092366035,,0,0,0,0,0,0,0,0
08573,2025,64226.0,12.78,19,2.958,18,2.803,69.4092366035,,0,0,0,0,0,0,0,0
08606,2023,29382.0,31.41,2,0.681,3,1.021,358.548303856,,0,0,0,0,0,0,0,0
08606,2024,29894.0,31.19,3,1.004,3,1.004,358.548303856,,0,0,0,0,0,0,0,0
08606,2025,30377.0,30.94,2,0.658,1,0.329,358.548303856,,0,0,0,0,0,0,0,0
08634,2023,37771.0,4.47,4,1.059,7,1.853,43.1111325789,,0,0,0,0,0,0,0,0
08634,2024,38726.0,4.42,8,2.066,16,4.132,43.1111325789,,0,0,0,0,0,0,0,0
08634,2025,39668.0,4.38,17,4.286,11,2.773,43.1111325789,,0,0,0,0,0,0,0,0
08638,2023,102557.0,24.25,8,0.78,24,2.34,395.875037131,,0,0,0,0,0,0,0,0
08638,2024,103909.0,24.02,17,1.636,32,3.08,395.875037131,,0,0,0,0,0,0,0,0
08638,2025,105157.0,23.79,30,2.853,17,1.617,395.875037131,,0,0,0,0,0,0,0,0
08675,2023,18699.0,13.73,2,1.07,1,0.535,57.3663552983,,0,0,0,0,0,0,0,0
08675,2024,19147.0,13.56,0,0.0,1,0.522,57.3663552983,,0,0,0,0,0,0,0,0
08675,2025,19570.0,13.42,1,0.511,3,1.533,57.3663552983,,0,0,0,0,0,0,0,0
08685,2023,35083.0,5.32,6,1.71,3,0.855,65.0024745914,,0,0,0,0,0,0,0,0
08685,2024,36050.0,5.28,4,1.11,5,1.387,65.0024745914,,0,0,0,0,0,0,0,0
08685,2025,36989.0,5.19,5,1.352,4,1.081,65.0024745914,,0,0,0,0,0,0,0,0
08758,2023,696982.0,0.16,208,2.984,308,4.419,59.3611262751,,0,0,0,0,0,0,0,0
08758,2024,710269.0,0.15,248,3.492,351,4.942,59.3611262751,,0,0,0,0,0,0,0,0
08758,2025,722845.0,0.15,209,2.891,313,4.33,59.3611262751,,0,0,0,0,0,0,0,0
08770,2023,13814.0,6.01,0,0.0,1,0.724,42.5581404051,,0,0,0,0,0,0,0,0
08770,2024,14150.0,6.01,1,0.707,2,1.413,42.5581404051,,0,0,0,0,0,0,0,0
08770,2025,14460.0,5.91,0,0.0,4,2.766,42.5581404051,,0,0,0,0,0,0,0,0
08832,2023,19692.0,48.15,2,1.016,3,1.523,182.825780971,,0,0,0,0,0,0,0,0
08832,2024,20017.0,47.83,2,0.999,2,0.999,182.825780971,,0,0,0,0,0,0,0,0
08832,2025,20309.0,47.57,0,0.0,3,1.477,182.825780971,,0,0,0,0,0,0,0,0
08849,2023,14627.0,6.47,0,0.0,0,0.0,101.378132661,,0,0,0,0,0,0,0,0
08849,2024,15033.0,6.39,1,0.665,3,1.996,101.378132661,,0,0,0,0,0,0,0,0
08849,2025,15458.0,6.35,1,0.647,1,0.647,101.378132661,,0,0,0,0,0,0,0,0
11001,2023,7883928.0,0.37,1084,1.375,1527,1.937,1622.85297942,,0,0,0,0,0,0,0,0
11001,2024,7918660.0,0.38,1214,1.533,2641,3.335,1622.85297942,,0,0,0,0,0,0,0,0
11001,2025,7942867.0,0.38,1186,1.493,2228,2.805,1622.85297942,,0,0,0,0,0,0,0,0
13001,2023,1008354.0,10.44,368,3.65,134,1.329,598.718656844,,0,0,0,0,0,0,0,0
13001,2024,1010408.0,10.54,381,3.771,197,1.95,598.718656844,,0,0,0,0,0,0,0,0
13001,2025,1011520.0,10.64,360,3.559,379,3.747,598.718656844,,0,0,0,0,0,0,0,0
13006,2023,27083.0,77.46,1,0.369,4,1.477,951.732702292,,0,0,0,0,0,0,0,0
13006,2024,27507.0,77.65,7,2.545,0,0.0,951.732702292,,0,0,0,0,0,0,0,0
13006,2025,27912.0,77.91,3,1.075,5,1.791,951.732702292,,0,0,0,0,0,0,0,0
13030,2023,11439.0,65.44,0,0.0,0,0.0,303.693097473,,3,6,0,0,0,0,6,0
13030,2024,11401.0,65.75,1,0.877,0,0.0,303.693097473,,3,6,0,0,0,0,6,0
13030,2025,11343.0,65.97,0,0.0,1,0.882,303.693097473,,3,6,0,0,0,0,6,0
13042,2023,8394.0,40.28,4,4.765,2,2.383,461.980004927,SUR DE BOLÍVAR,7,5,1,5,0,0,13,1
13042,2024,8533.0,40.5,2,2.344,2,2.344,461.980004927,SUR DE BOLÍVAR,7,5,1,5,0,0,13,1
13042,2025,8668.0,40.92,5,5.768,3,3.461,461.980004927,SUR DE BOLÍVAR,7,5,1,5,0,0,13,1
13052,2023,72954.0,20.84,29,3.975,7,0.96,587.425466361,,0,0,0,0,0,0,0,0
13052,2024,73374.0,20.97,20,2.726,6,0.818,587.425466361,,0,0,0,0,0,0,0,0
13052,2025,73747.0,21.1,21,2.848,10,1.356,587.425466361,,0,0,0,0,0,0,0,0
13062,2023,8528.0,43.09,1,1.173,5,5.863,163.809551531,,0,0,0,0,0,0,0,0
13062,2024,8531.0,43.15,1,1.172,0,0.0,163.809551531,,0,0,0,0,0,0,0,0
13062,2025,8506.0,43.16,0,0.0,1,1.176,163.809551531,,0,0,0,0,0,0,0,0
13074,2023,16946.0,62.29,3,1.77,3,1.77,430.801107578,,7,17,0,0,0,0,17,0
13074,2024,17222.0,62.5,4,2.323,4,2.323,430.801107578,,7,17,0,0,0,0,17,0
13074,2025,17437.0,62.68,2,1.147,2,1.147,430.801107578,,7,17,0,0,0,0,17,0
13140,2023,24554.0,42.86,4,1.629,3,1.222,255.342636526,,0,0,0,0,0,0,0,0
13140,2024,24810.0,42.78,2,0.806,0,0.0,255.342636526,,0,0,0,0,0,0,0,0
13140,2025,25055.0,42.73,2,0.798,1,0.399,255.342636526,,0,0,0,0,0,0,0,0
13160,2023,8759.0,44.61,2,2.283,4,4.567,881.51066087,SUR DE BOLÍVAR,0,0,0,0,0,0,0,1
13160,2024,8825.0,44.54,5,5.666,3,3.399,881.51066087,SUR DE BOLÍVAR,0,0,0,0,0,0,0,1
13160,2025,8898.0,44.63,5,5.619,3,3.372,881.51066087,SUR DE BOLÍVAR,0,0,0,0,0,0,0,1
13188,2023,15393.0,35.0,2,1.299,1,0.65,133.17648176,,0,0,0,0,0,0,0,0
13188,2024,15697.0,34.96,3,1.911,1,0.637,133.17648176,,0,0,0,0,0,0,0,0
13188,2025,16002.0,34.93,3,1.875,1,0.625,133.17648176,,0,0,0,0,0,0,0,0
13212,2023,17906.0,75.73,3,1.675,0,0.0,597.342585624,MONTES DE MARÍA,0,0,0,0,0,0,0,1
13212,2024,18180.0,76.33,0,0.0,3,1.65,597.342585624,MONTES DE MARÍA,0,0,0,0,0,0,0,1
13212,2025,18432.0,76.92,2,1.085,4,2.17,597.342585624,MONTES DE MARÍA,0,0,0,0,0,0,0,1
13222,2023,15729.0,15.74,2,1.272,2,1.272,85.3481956865,,0,0,0,0,0,0,0,0
13222,2024,15919.0,15.89,1,0.628,2,1.256,85.3481956865,,0,0,0,0,0,0,0,0
13222,2025,16097.0,15.95,3,1.864,1,0.621,85.3481956865,,0,0,0,0,0,0,0,0
13244,2023,75759.0,27.04,33,4.356,14,1.848,946.273763473,MONTES DE MARÍA,0,0,0,0,0,0,0,1
13244,2024,76463.0,26.97,26,3.4,9,1.177,946.273763473,MONTES DE MARÍA,0,0,0,0,0,0,0,1
13244,2025,77083.0,26.91,28,3.632,18,2.335,946.273763473,MONTES DE MARÍA,0,0,0,0,0,0,0,1
13248,2023,9484.0,45.77,0,0.0,1,1.054,383.23984103,MONTES DE MARÍA,0,0,0,0,0,0,0,1
13248,2024,9616.0,45.93,0,0.0,1,1.04,383.23984103,MONTES DE MARÍA,0,0,0,0,0,0,0,1
13248,2025,9728.0,45.89,0,0.0,1,1.028,383.23984103,MONTES DE MARÍA,0,0,0,0,0,0,0,1
13268,2023,8033.0,63.96,0,0.0,1,1.245,318.932921883,,0,0,0,0,0,0,0,0
13268,2024,8018.0,64.19,1,1.247,1,1.247,318.932921883,,0,0,0,0,0,0,0,0
13268,2025,7963.0,64.51,2,2.512,4,5.023,318.932921883,,0,0,0,0,0,0,0,0
13300,2023,13169.0,75.05,1,0.759,0,0.0,194.262781835,,2,3,0,0,0,0,3,0
13300,2024,13252.0,75.17,0,0.0,2,1.509,194.262781835,,2,3,0,0,0,0,3,0
13300,2025,13333.0,75.33,0,0.0,4,3.0,194.262781835,,2,3,0,0,0,0,3,0
13430,2023,147082.0,30.88,20,1.36,8,0.544,1130.03308973,,0,0,0,0,0,0,0,0
13430,2024,149065.0,30.85,29,1.945,17,1.14,1130.03308973,,0,0,0,0,0,0,0,0
13430,2025,150929.0,30.82,30,1.988,20,1.325,1130.03308973,,0,0,0,0,0,0,0,0
13433,2023,31171.0,63.78,5,1.604,2,0.642,432.331636395,,0,0,0,0,0,0,0,0
13433,2024,31676.0,63.93,5,1.578,3,0.947,432.331636395,,0,0,0,0,0,0,0,0
13433,2025,32192.0,64.11,3,0.932,4,1.243,432.331636395,,0,0,0,0,0,0,0,0
13440,2023,11610.0,84.13,1,0.861,0,0.0,293.623221264,,0,0,0,0,0,0,0,0
13440,2024,11721.0,84.37,2,1.706,1,0.853,293.623221264,,0,0,0,0,0,0,0,0
13440,2025,11800.0,84.73,1,0.847,0,0.0,293.623221264,,0,0,0,0,0,0,0,0
13442,2023,48770.0,55.92,22,4.511,10,2.05,561.311111867,MONTES DE MARÍA,0,0,0,0,0,0,0,1
13442,2024,48970.0,55.96,11,2.246,7,1.429,561.311111867,MONTES DE MARÍA,0,0,0,0,0,0,0,1
13442,2025,49112.0,55.98,11,2.24,4,0.814,561.311111867,MONTES DE MARÍA,0,0,0,0,0,0,0,1
13458,2023,16560.0,76.3,5,3.019,0,0.0,2092.81355815,,16,18,3,3,6,6,28,0
13458,2024,16510.0,76.5,3,1.817,1,0.606,2092.81355815,,16,18,3,3,6,6,28,0
13458,2025,16435.0,76.75,8,4.868,1,0.608,2092.81355815,,16,18,3,3,6,6,28,0
13468,2023,48118.0,48.88,3,0.623,6,1.247,652.145555885,,0,0,0,0,0,0,0,0
13468,2024,48552.0,48.98,3,0.618,2,0.412,652.145555885,,0,0,0,0,0,0,0,0
13468,2025,48932.0,49.08,10,2.044,8,1.635,652.145555885,,0,0,0,0,0,0,0,0
13473,2023,25250.0,68.81,12,4.752,3,1.188,1347.60784145,SUR DE BOLÍVAR,5,2,0,0,0,0,10,1
13473,2024,25591.0,69.06,11,4.298,3,1.172,1347.60784145,SUR DE BOLÍVAR,5,2,0,0,0,0,10,1
13473,2025,25879.0,69.31,5,1.932,5,1.932,1347.60784145,SUR DE BOLÍVAR,5,2,0,0,0,0,10,1
13490,2023,12099.0,76.79,6,4.959,0,0.0,416.384423168,,6,22,6,19,0,0,24,0
13490,2024,12515.0,77.04,11,8.789,2,1.598,416.384423168,,6,22,6,19,0,0,24,0
13490,2025,12874.0,77.4,12,9.321,4,3.107,416.384423168,,6,22,6,19,0,0,24,0
13549,2023,25684.0,85.4,2,0.779,1,0.389,775.520006089,,0,0,0,0,0,0,0,0
13549,2024,25747.0,85.68,0,0.0,1,0.388,775.520006089,,0,0,0,0,0,0,0,0
13549,2025,25818.0,85.88,0,0.0,2,0.775,775.520006089,,0,0,0,0,0,0,0,0
13580,2023,7662.0,38.06,2,2.61,2,2.61,183.45268914,,0,0,0,0,0,0,0,0
13580,2024,7810.0,38.28,3,3.841,5,6.402,183.45268914,,0,0,0,0,0,0,0,0
13580,2025,7915.0,38.48,2,2.527,1,1.263,183.45268914,,0,0,0,0,0,0,0,0
13600,2023,12091.0,52.12,3,2.481,4,3.308,845.182815819,,3,9,1,5,0,0,9,0
13600,2024,12277.0,52.37,3,2.444,4,3.258,845.182815819,,3,9,1,5,0,0,9,0
13600,2025,12476.0,52.54,2,1.603,5,4.008,845.182815819,,3,9,1,5,0,0,9,0
13620,2023,9325.0,22.84,0,0.0,1,1.072,42.2688054814,,0,0,0,0,0,0,0,0
13620,2024,9542.0,22.86,0,0.0,1,1.048,42.2688054814,,0,0,0,0,0,0,0,0
13620,2025,9752.0,22.84,0,0.0,3,3.076,42.2688054814,,0,0,0,0,0,0,0,0
13647,2023,20670.0,32.5,3,1.451,0,0.0,211.639256676,,0,0,0,0,0,0,0,0
13647,2024,21053.0,32.54,4,1.9,0,0.0,211.639256676,,0,0,0,0,0,0,0,0
13647,2025,21426.0,32.53,2,0.933,2,0.933,211.639256676,,0,0,0,0,0,0,0,0
13650,2023,12821.0,83.8,1,0.78,0,0.0,317.350530231,,0,0,0,0,0,0,0,0
13650,2024,12766.0,84.09,1,0.783,1,0.783,317.350530231,,0,0,0,0,0,0,0,0
13650,2025,12713.0,84.19,1,0.787,0,0.0,317.350530231,,0,0,0,0,0,0,0,0
13654,2023,26737.0,13.59,6,2.244,4,1.496,442.915990485,MONTES DE MARÍA,0,0,0,0,0,0,0,1
13654,2024,27176.0,13.57,10,3.68,3,1.104,442.915990485,MONTES DE MARÍA,0,0,0,0,0,0,0,1
13654,2025,27614.0,13.57,11,3.983,9,3.259,442.915990485,MONTES DE MARÍA,0,0,0,0,0,0,0,1
13655,2023,10601.0,74.84,2,1.887,0,0.0,569.950700729,,0,0,1,1,0,0,0,0
13655,2024,10708.0,75.03,0,0.0,1,0.934,569.950700729,,0,0,1,1,0,0,0,0
13655,2025,10804.0,75.18,13,12.033,3,2.777,569.950700729,,0,0,1,1,0,0,0,0
13657,2023,41331.0,25.68,4,0.968,4,0.968,631.207965475,MONTES DE MARÍA,0,0,0,0,0,0,0,1
13657,2024,42048.0,25.63,3,0.713,1,0.238,631.207965475,MONTES DE MARÍA,0,0,0,0,0,0,0,1
13657,2025,42699.0,25.61,5,1.171,7,1.639,631.207965475,MONTES DE MARÍA,0,0,0,0,0,0,0,1
13667,2023,15833.0,52.35,2,1.263,3,1.895,450.235151579,,8,53,3,7,0,0,54,0
13667,2024,15853.0,52.53,2,1.262,2,1.262,450.235151579,,8,53,3,7,0,0,54,0
13667,2025,15866.0,52.74,2,1.261,7,4.412,450.235151579,,8,53,3,7,0,0,54,0
13670,2023,28837.0,20.19,33,11.444,10,3.468,2021.01468152,SUR DE BOLÍVAR,0,0,0,0,0,0,0,1
13670,2024,29026.0,20.06,26,8.957,2,0.689,2021.01468152,SUR DE BOLÍVAR,0,0,0,0,0,0,0,1
13670,2025,29198.0,19.88,33,11.302,7,2.397,2021.01468152,SUR DE BOLÍVAR,0,0,0,0,0,0,0,1
13673,2023,15100.0,60.36,8,5.298,1,0.662,172.826907013,,0,0,0,0,0,0,0,0
13673,2024,15213.0,60.58,7,4.601,3,1.972,172.826907013,,0,0,0,0,0,0,0,0
13673,2025,15319.0,60.85,6,3.917,3,1.958,172.826907013,,0,0,0,0,0,0,0,0
13683,2023,22252.0,8.79,16,7.19,2,0.899,154.673653226,,0,0,0,0,0,0,0,0
13683,2024,22371.0,8.86,9,4.023,6,2.682,154.673653226,,0,0,0,0,0,0,0,0
13683,2025,22497.0,8.99,14,6.223,9,4.001,154.673653226,,0,0,0,0,0,0,0,0
13688,2023,33641.0,39.39,25,7.431,5,1.486,2382.78713804,SUR DE BOLÍVAR,6,7,3,7,1,1,8,1
13688,2024,33643.0,39.28,37,10.998,5,1.486,2382.78713804,SUR DE BOLÍVAR,6,7,3,7,1,1,8,1
13688,2025,33630.0,39.22,45,13.381,7,2.081,2382.78713804,SUR DE BOLÍVAR,6,7,3,7,1,1,8,1
13744,2023,18534.0,67.04,15,8.093,6,3.237,1354.63786698,SUR DE BOLÍVAR,0,0,0,0,1,1,0,1
13744,2024,18510.0,67.17,18,9.724,1,0.54,1354.63786698,SUR DE BOLÍVAR,0,0,0,0,1,1,0,1
13744,2025,18488.0,67.27,11,5.95,3,1.623,1354.63786698,SUR DE BOLÍVAR,0,0,0,0,1,1,0,1
13760,2023,12490.0,1.72,1,0.801,0,0.0,92.6041341974,,0,0,0,0,0,0,0,0
13760,2024,12824.0,1.72,0,0.0,0,0.0,92.6041341974,,0,0,0,0,0,0,0,0
13760,2025,13119.0,1.69,1,0.762,0,0.0,92.6041341974,,0,0,0,0,0,0,0,0
13780,2023,14720.0,51.95,1,0.679,0,0.0,249.303904395,,0,0,0,0,0,0,0,0
13780,2024,14965.0,51.99,3,2.005,1,0.668,249.303904395,,0,0,0,0,0,0,0,0
13780,2025,15225.0,52.03,0,0.0,1,0.657,249.303904395,,0,0,0,0,0,0,0,0
13810,2023,18567.0,65.96,3,1.616,0,0.0,762.842523391,,3,7,0,0,0,0,8,0
13810,2024,18535.0,65.98,2,1.079,1,0.54,762.842523391,,3,7,0,0,0,0,8,0
13810,2025,18489.0,66.03,4,2.163,1,0.541,762.842523391,,3,7,0,0,0,0,8,0
13836,2023,122249.0,7.97,23,1.881,9,0.736,202.579524474,,0,0,0,0,0,0,0,0
13836,2024,124939.0,8.05,26,2.081,18,1.441,202.579524474,,0,0,0,0,0,0,0,0
13836,2025,127464.0,8.14,41,3.217,45,3.53,202.579524474,,0,0,0,0,0,0,0,0
13838,2023,17523.0,24.42,3,1.712,1,0.571,191.164797606,,0,0,0,0,0,0,0,0
13838,2024,17726.0,24.58,2,1.128,0,0.0,191.164797606,,0,0,0,0,0,0,0,0
13838,2025,17881.0,24.77,2,1.119,3,1.678,191.164797606,,0,0,0,0,0,0,0,0
13873,2023,28055.0,13.3,8,2.852,2,0.713,137.126413957,,0,0,0,0,0,0,0,0
13873,2024,28802.0,13.29,12,4.166,7,2.43,137.126413957,,0,0,0,0,0,0,0,0
13873,2025,29535.0,13.3,8,2.709,7,2.37,137.126413957,,0,0,0,0,0,0,0,0
13894,2023,13112.0,12.68,3,2.288,2,1.525,309.18061411,MONTES DE MARÍA,0,0,0,0,0,0,0,1
13894,2024,13291.0,12.62,2,1.505,1,0.752,309.18061411,MONTES DE MARÍA,0,0,0,0,0,0,0,1
13894,2025,13477.0,12.7,5,3.71,3,2.226,309.18061411,MONTES DE MARÍA,0,0,0,0,0,0,0,1
15001,2023,185748.0,4.35,6,0.323,46,2.476,119.685498122,,0,0,0,0,0,0,0,0
15001,2024,187765.0,4.31,7,0.373,30,1.598,119.685498122,,0,0,0,0,0,0,0,0
15001,2025,189660.0,4.28,7,0.369,57,3.005,119.685498122,,0,0,0,0,0,0,0,0
15022,2023,1846.0,79.96,0,0.0,0,0.0,57.6721192044,,0,0,0,0,0,0,0,0
15022,2024,1825.0,79.73,0,0.0,0,0.0,57.6721192044,,0,0,0,0,0,0,0,0
15022,2025,1807.0,79.08,0,0.0,0,0.0,57.6721192044,,0,0,0,0,0,0,0,0
15047,2023,15450.0,59.73,1,0.647,0,0.0,942.272588903,,0,0,0,0,0,0,0,0
15047,2024,15405.0,59.45,3,1.947,0,0.0,942.272588903,,0,0,0,0,0,0,0,0
15047,2025,15363.0,59.12,0,0.0,0,0.0,942.272588903,,0,0,0,0,0,0,0,0
15051,2023,6292.0,57.02,0,0.0,1,1.589,137.898588013,,0,0,0,0,0,0,0,0
15051,2024,6370.0,56.88,1,1.57,1,1.57,137.898588013,,0,0,0,0,0,0,0,0
15051,2025,6459.0,56.65,0,0.0,0,0.0,137.898588013,,0,0,0,0,0,0,0,0
15087,2023,7629.0,37.59,1,1.311,0,0.0,163.088220076,,0,0,0,0,0,0,0,0
15087,2024,7638.0,37.5,0,0.0,3,3.928,163.088220076,,0,0,0,0,0,0,0,0
15087,2025,7665.0,37.2,0,0.0,1,1.305,163.088220076,,0,0,0,0,0,0,0,0
15090,2023,1619.0,71.96,0,0.0,0,0.0,58.0130163859,,0,0,0,0,0,0,0,0
15090,2024,1645.0,70.58,0,0.0,0,0.0,58.0130163859,,0,0,0,0,0,0,0,0
15090,2025,1652.0,70.94,0,0.0,0,0.0,58.0130163859,,0,0,0,0,0,0,0,0
15092,2023,1857.0,80.99,0,0.0,0,0.0,101.899548534,,0,0,0,0,0,0,0,0
15092,2024,1825.0,80.88,0,0.0,0,0.0,101.899548534,,0,0,0,0,0,0,0,0
15092,2025,1809.0,80.15,0,0.0,0,0.0,101.899548534,,0,0,0,0,0,0,0,0
15097,2023,5171.0,51.07,1,1.934,0,0.0,145.305291108,,0,0,0,0,0,0,0,0
15097,2024,5145.0,50.9,1,1.944,0,0.0,145.305291108,,0,0,0,0,0,0,0,0
15097,2025,5178.0,50.58,0,0.0,0,0.0,145.305291108,,0,0,0,0,0,0,0,0
15104,2023,5250.0,82.76,0,0.0,0,0.0,48.0228679457,,0,0,0,0,0,0,0,0
15104,2024,5297.0,82.29,0,0.0,1,1.888,48.0228679457,,0,0,0,0,0,0,0,0
15104,2025,5324.0,81.89,0,0.0,0,0.0,48.0228679457,,0,0,0,0,0,0,0,0
15106,2023,2259.0,75.21,0,0.0,0,0.0,64.5997029703,,0,0,0,0,0,0,0,0
15106,2024,2247.0,74.9,0,0.0,0,0.0,64.5997029703,,0,0,0,0,0,0,0,0
15106,2025,2254.0,74.62,0,0.0,0,0.0,64.5997029703,,0,0,0,0,0,0,0,0
15109,2023,4512.0,80.08,0,0.0,0,0.0,110.156756538,,0,0,0,0,0,0,0,0
15109,2024,4509.0,79.77,2,4.436,0,0.0,110.156756538,,0,0,0,0,0,0,0,0
15109,2025,4518.0,79.44,0,0.0,0,0.0,110.156756538,,0,0,0,0,0,0,0,0
15114,2023,1254.0,59.33,0,0.0,0,0.0,25.3527146387,,0,0,0,0,0,0,0,0
15114,2024,1288.0,59.01,0,0.0,0,0.0,25.3527146387,,0,0,0,0,0,0,0,0
15114,2025,1338.0,57.77,0,0.0,0,0.0,25.3527146387,,0,0,0,0,0,0,0,0
15131,2023,2948.0,90.06,1,3.392,1,3.392,78.965574261,,0,0,0,0,0,0,0,0
15131,2024,2893.0,89.66,0,0.0,1,3.457,78.965574261,,0,0,0,0,0,0,0,0
15131,2025,2869.0,88.88,1,3.486,2,6.971,78.965574261,,0,0,0,0,0,0,0,0
15135,2023,3177.0,72.27,0,0.0,0,0.0,298.728379247,,0,0,0,0,0,0,0,0
15135,2024,3186.0,71.94,0,0.0,0,0.0,298.728379247,,0,0,0,0,0,0,0,0
15135,2025,3209.0,71.83,0,0.0,0,0.0,298.728379247,,0,0,0,0,0,0,0,0
15162,2023,3620.0,53.26,0,0.0,0,0.0,63.5785818848,,0,0,0,0,0,0,0,0
15162,2024,3583.0,52.61,0,0.0,0,0.0,63.5785818848,,0,0,0,0,0,0,0,0
15162,2025,3545.0,52.58,0,0.0,0,0.0,63.5785818848,,0,0,0,0,0,0,0,0
15172,2023,3121.0,59.47,0,0.0,0,0.0,136.373456468,,0,0,0,0,0,0,0,0
15172,2024,3093.0,59.42,0,0.0,2,6.466,136.373456468,,0,0,0,0,0,0,0,0
15172,2025,3086.0,59.2,0,0.0,0,0.0,136.373456468,,0,0,0,0,0,0,0,0
15176,2023,57965.0,11.68,4,0.69,12,2.07,165.013670731,,0,0,0,0,0,0,0,0
15176,2024,58135.0,11.6,3,0.516,6,1.032,165.013670731,,0,0,0,0,0,0,0,0
15176,2025,58267.0,11.53,3,0.515,7,1.201,165.013670731,,0,0,0,0,0,0,0,0
15180,2023,4074.0,75.65,0,0.0,1,2.455,658.814898157,,0,0,0,0,0,0,0,0
15180,2024,4078.0,75.38,0,0.0,0,0.0,658.814898157,,0,0,0,0,0,0,0,0
15180,2025,4094.0,75.13,2,4.885,0,0.0,658.814898157,,0,0,0,0,0,0,0,0
15183,2023,8209.0,72.65,0,0.0,1,1.218,677.377002486,,0,0,0,0,0,0,0,0
15183,2024,8239.0,72.3,1,1.214,0,0.0,677.377002486,,0,0,0,0,0,0,0,0
15183,2025,8237.0,72.02,3,3.642,5,6.07,677.377002486,,0,0,0,0,0,0,0,0
15185,2023,5967.0,77.48,0,0.0,0,0.0,158.534721661,,0,0,0,0,0,0,0,0
15185,2024,5961.0,77.25,1,1.678,0,0.0,158.534721661,,0,0,0,0,0,0,0,0
15185,2025,5969.0,76.98,0,0.0,0,0.0,158.534721661,,0,0,0,0,0,0,0,0
15187,2023,2857.0,80.64,0,0.0,0,0.0,49.5323401928,,0,0,0,0,0,0,0,0
15187,2024,2858.0,80.41,0,0.0,1,3.499,49.5323401928,,0,0,0,0,0,0,0,0
15187,2025,2848.0,80.02,0,0.0,1,3.511,49.5323401928,,0,0,0,0,0,0,0,0
15189,2023,4576.0,71.2,0,0.0,1,2.185,53.9924224336,,0,0,0,0,0,0,0,0
15189,2024,4535.0,70.94,0,0.0,0,0.0,53.9924224336,,0,0,0,0,0,0,0,0
15189,2025,4531.0,70.58,0,0.0,0,0.0,53.9924224336,,0,0,0,0,0,0,0,0
15204,2023,13419.0,87.71,2,1.49,27,20.121,138.284531442,,0,0,0,0,0,0,0,0
15204,2024,13473.0,87.36,2,1.484,15,11.133,138.284531442,,0,0,0,0,0,0,0,0
15204,2025,13517.0,87.05,0,0.0,17,12.577,138.284531442,,0,0,0,0,0,0,0,0
15212,2023,3536.0,73.11,0,0.0,0,0.0,149.869726675,,0,0,0,0,0,0,0,0
15212,2024,3513.0,72.99,0,0.0,0,0.0,149.869726675,,0,0,0,0,0,0,0,0
15212,2025,3476.0,72.64,0,0.0,0,0.0,149.869726675,,0,0,0,0,0,0,0,0
15215,2023,2546.0,35.9,0,0.0,0,0.0,60.8514318837,,0,0,0,0,0,0,0,0
15215,2024,2561.0,36.12,0,0.0,0,0.0,60.8514318837,,0,0,0,0,0,0,0,0
15215,2025,2570.0,36.15,0,0.0,1,3.891,60.8514318837,,0,0,0,0,0,0,0,0
15218,2023,2863.0,79.81,0,0.0,0,0.0,102.43132245,,0,0,0,0,0,0,0,0
15218,2024,2873.0,79.29,0,0.0,0,0.0,102.43132245,,0,0,0,0,0,0,0,0
15218,2025,2867.0,79.18,0,0.0,0,0.0,102.43132245,,0,0,0,0,0,0,0,0
15223,2023,12624.0,76.8,2,1.584,0,0.0,1177.61461024,,0,0,0,0,0,0,0,0
15223,2024,12974.0,76.48,2,1.542,0,0.0,1177.61461024,,0,0,0,0,0,0,0,0
15223,2025,13318.0,76.05,2,1.502,0,0.0,1177.61461024,,0,0,0,0,0,0,0,0
15224,2023,3793.0,58.21,0,0.0,0,0.0,42.128066501,,0,0,0,0,0,0,0,0
15224,2024,3801.0,58.01,0,0.0,0,0.0,42.128066501,,0,0,0,0,0,0,0,0
15224,2025,3808.0,57.75,0,0.0,0,0.0,42.128066501,,0,0,0,0,0,0,0,0
15226,2023,1839.0,83.85,0,0.0,0,0.0,44.1460367583,,0,0,0,0,0,0,0,0
15226,2024,1837.0,83.78,0,0.0,0,0.0,44.1460367583,,0,0,0,0,0,0,0,0
15226,2025,1843.0,83.29,0,0.0,0,0.0,44.1460367583,,0,0,0,0,0,0,0,0
15232,2023,4796.0,90.72,0,0.0,0,0.0,116.511812725,,0,0,0,0,0,0,0,0
15232,2024,4813.0,90.15,0,0.0,0,0.0,116.511812725,,0,0,0,0,0,0,0,0
15232,2025,4811.0,90.04,0,0.0,1,2.079,116.511812725,,0,0,0,0,0,0,0,0
15236,2023,2651.0,71.33,0,0.0,0,0.0,108.679640813,,0,0,0,0,0,0,0,0
15236,2024,2702.0,70.84,0,0.0,0,0.0,108.679640813,,0,0,0,0,0,0,0,0
15236,2025,2723.0,70.99,0,0.0,0,0.0,108.679640813,,0,0,0,0,0,0,0,0
15238,2023,132756.0,11.13,9,0.678,22,1.657,234.024392648,,0,0,0,0,0,0,0,0
15238,2024,134425.0,11.07,12,0.893,28,2.083,234.024392648,,0,0,0,0,0,0,0,0
15238,2025,135991.0,10.99,7,0.515,21,1.544,234.024392648,,0,0,0,0,0,0,0,0
15244,2023,4300.0,45.09,0,0.0,0,0.0,238.344619472,,0,0,0,0,0,0,0,0
15244,2024,4305.0,44.83,1,2.323,0,0.0,238.344619472,,0,0,0,0,0,0,0,0
15244,2025,4304.0,44.89,0,0.0,0,0.0,238.344619472,,0,0,0,0,0,0,0,0
15248,2023,3119.0,53.57,0,0.0,0,0.0,69.400666281,,0,0,0,0,0,0,0,0
15248,2024,3128.0,53.1,0,0.0,0,0.0,69.400666281,,0,0,0,0,0,0,0,0
15248,2025,3149.0,53.26,0,0.0,0,0.0,69.400666281,,0,0,0,0,0,0,0,0
15272,2023,7040.0,61.04,0,0.0,1,1.42,109.343582237,,0,0,0,0,0,0,0,0
15272,2024,7088.0,60.86,0,0.0,0,0.0,109.343582237,,0,0,0,0,0,0,0,0
15272,2025,7137.0,60.47,0,0.0,1,1.401,109.343582237,,0,0,0,0,0,0,0,0
15276,2023,3338.0,61.59,0,0.0,0,0.0,88.1284564366,,0,0,0,0,0,0,0,0
15276,2024,3328.0,61.18,0,0.0,0,0.0,88.1284564366,,0,0,0,0,0,0,0,0
15276,2025,3351.0,60.94,0,0.0,0,0.0,88.1284564366,,0,0,0,0,0,0,0,0
15293,2023,2762.0,77.48,3,10.862,0,0.0,88.1664273029,,0,0,0,0,0,0,0,0
15293,2024,2765.0,77.03,0,0.0,0,0.0,88.1664273029,,0,0,0,0,0,0,0,0
15293,2025,2750.0,76.95,0,0.0,0,0.0,88.1664273029,,0,0,0,0,0,0,0,0
15296,2023,4721.0,70.96,0,0.0,1,2.118,123.681617105,,0,0,0,0,0,0,0,0
15296,2024,4687.0,70.62,0,0.0,0,0.0,123.681617105,,0,0,0,0,0,0,0,0
15296,2025,4644.0,70.37,0,0.0,0,0.0,123.681617105,,0,0,0,0,0,0,0,0
15299,2023,19114.0,29.13,1,0.523,0,0.0,193.5124911,,0,0,0,0,0,0,0,0
15299,2024,19295.0,28.97,1,0.518,3,1.555,193.5124911,,0,0,0,0,0,0,0,0
15299,2025,19470.0,28.8,0,0.0,1,0.514,193.5124911,,0,0,0,0,0,0,0,0
15317,2023,1828.0,64.39,0,0.0,0,0.0,57.6523298973,,0,0,0,0,0,0,0,0
15317,2024,1811.0,63.83,0,0.0,0,0.0,57.6523298973,,0,0,0,0,0,0,0,0
15317,2025,1814.0,63.56,1,5.513,1,5.513,57.6523298973,,0,0,0,0,0,0,0,0
15322,2023,11276.0,27.79,0,0.0,2,1.774,36.1392852562,,0,0,0,0,0,0,0,0
15322,2024,11331.0,27.73,0,0.0,2,1.765,36.1392852562,,0,0,0,0,0,0,0,0
15322,2025,11408.0,27.56,0,0.0,1,0.877,36.1392852562,,0,0,0,0,0,0,0,0
15325,2023,3476.0,64.67,0,0.0,0,0.0,99.9668386091,,0,0,0,0,0,0,0,0
15325,2024,3455.0,64.46,0,0.0,0,0.0,99.9668386091,,0,0,0,0,0,0,0,0
15325,2025,3473.0,64.18,0,0.0,0,0.0,99.9668386091,,0,0,0,0,0,0,0,0
15332,2023,4352.0,66.89,1,2.298,0,0.0,952.217878106,,0,0,0,0,0,0,0,0
15332,2024,4383.0,66.6,0,0.0,0,0.0,952.217878106,,0,0,0,0,0,0,0,0
15332,2025,4359.0,66.67,0,0.0,1,2.294,952.217878106,,0,0,0,0,0,0,0,0
15362,2023,1961.0,38.5,0,0.0,0,0.0,34.2477827747,,0,0,0,0,0,0,0,0
15362,2024,1934.0,38.26,0,0.0,0,0.0,34.2477827747,,0,0,0,0,0,0,0,0
15362,2025,1936.0,37.86,0,0.0,1,5.165,34.2477827747,,0,0,0,0,0,0,0,0
15367,2023,7369.0,73.89,0,0.0,1,1.357,59.0082906137,,0,0,0,0,0,0,0,0
15367,2024,7401.0,73.57,0,0.0,0,0.0,59.0082906137,,0,0,0,0,0,0,0,0
15367,2025,7387.0,73.32,1,1.354,1,1.354,59.0082906137,,0,0,0,0,0,0,0,0
15368,2023,4010.0,66.11,0,0.0,0,0.0,131.736891166,,0,0,0,0,0,0,0,0
15368,2024,4024.0,65.98,0,0.0,0,0.0,131.736891166,,0,0,0,0,0,0,0,0
15368,2025,4019.0,65.56,0,0.0,0,0.0,131.736891166,,0,0,0,0,0,0,0,0
15377,2023,3727.0,64.74,0,0.0,1,2.683,581.276770139,,0,0,0,0,0,0,0,0
15377,2024,3741.0,64.23,0,0.0,1,2.673,581.276770139,,0,0,0,0,0,0,0,0
15377,2025,3766.0,64.05,0,0.0,3,7.966,581.276770139,,0,0,0,0,0,0,0,0
15380,2023,2599.0,59.79,0,0.0,1,3.848,56.9311692212,,0,0,0,0,0,0,0,0
15380,2024,2586.0,59.67,0,0.0,0,0.0,56.9311692212,,0,0,0,0,0,0,0,0
15380,2025,2550.0,58.9,0,0.0,1,3.922,56.9311692212,,0,0,0,0,0,0,0,0
15401,2023,1140.0,61.84,0,0.0,0,0.0,28.0052177244,,0,0,0,0,0,0,0,0
15401,2024,1142.0,61.47,0,0.0,0,0.0,28.0052177244,,0,0,0,0,0,0,0,0
15401,2025,1150.0,60.96,0,0.0,0,0.0,28.0052177244,,0,0,0,0,0,0,0,0
15403,2023,2876.0,53.65,0,0.0,2,6.954,161.563186225,,0,0,0,0,0,0,0,0
15403,2024,2854.0,53.33,0,0.0,0,0.0,161.563186225,,0,0,0,0,0,0,0,0
15403,2025,2835.0,52.95,0,0.0,0,0.0,161.563186225,,0,0,0,0,0,0,0,0
15407,2023,18665.0,49.28,1,0.536,2,1.072,126.588412682,,0,0,0,0,0,0,0,0
15407,2024,19143.0,49.08,0,0.0,3,1.567,126.588412682,,0,0,0,0,0,0,0,0
15407,2025,19633.0,48.8,3,1.528,6,3.056,126.588412682,,0,0,0,0,0,0,0,0
15425,2023,5249.0,74.83,0,0.0,0,0.0,199.966005558,,0,0,0,0,0,0,0,0
15425,2024,5314.0,74.29,2,3.764,0,0.0,199.966005558,,0,0,0,0,0,0,0,0
15425,2025,5342.0,74.07,0,0.0,0,0.0,199.966005558,,0,0,0,0,0,0,0,0
15442,2023,5873.0,84.06,1,1.703,1,1.703,160.684789397,,0,0,0,0,0,0,0,0
15442,2024,5887.0,83.81,3,5.096,0,0.0,160.684789397,,0,0,0,0,0,0,0,0
15442,2025,5881.0,83.49,1,1.7,0,0.0,160.684789397,,0,0,0,0,0,0,0,0
15455,2023,9040.0,38.08,0,0.0,0,0.0,258.714180805,,0,0,0,0,0,0,0,0
15455,2024,9038.0,37.85,0,0.0,0,0.0,258.714180805,,0,0,0,0,0,0,0,0
15455,2025,9050.0,37.67,0,0.0,0,0.0,258.714180805,,0,0,0,0,0,0,0,0
15464,2023,4564.0,55.24,0,0.0,0,0.0,360.817159199,,0,0,0,0,0,0,0,0
15464,2024,4526.0,55.1,0,0.0,1,2.209,360.817159199,,0,0,0,0,0,0,0,0
15464,2025,4509.0,54.93,0,0.0,1,2.218,360.817159199,,0,0,0,0,0,0,0,0
15466,2023,4313.0,44.96,0,0.0,0,0.0,68.8544075772,,0,0,0,0,0,0,0,0
15466,2024,4325.0,44.67,0,0.0,1,2.312,68.8544075772,,0,0,0,0,0,0,0,0
15466,2025,4338.0,44.61,0,0.0,0,0.0,68.8544075772,,0,0,0,0,0,0,0,0
15469,2023,23611.0,46.64,1,0.424,3,1.271,218.228560428,,0,0,0,0,0,0,0,0
15469,2024,23763.0,46.42,0,0.0,2,0.842,218.228560428,,0,0,0,0,0,0,0,0
15469,2025,23864.0,46.2,3,1.257,2,0.838,218.228560428,,0,0,0,0,0,0,0,0
15476,2023,5346.0,83.82,0,0.0,0,0.0,60.044832223,,0,0,0,0,0,0,0,0
15476,2024,5281.0,83.47,1,1.894,0,0.0,60.044832223,,0,0,0,0,0,0,0,0
15476,2025,5219.0,82.95,0,0.0,0,0.0,60.044832223,,0,0,0,0,0,0,0,0
15480,2023,8308.0,33.44,2,2.407,0,0.0,137.874127282,,0,0,0,0,0,0,0,0
15480,2024,8228.0,33.22,0,0.0,0,0.0,137.874127282,,0,0,0,0,0,0,0,0
15480,2025,8125.0,33.08,1,1.231,0,0.0,137.874127282,,0,0,0,0,0,0,0,0
15491,2023,16840.0,66.14,1,0.594,1,0.594,55.4915090347,,0,0,0,0,0,0,0,0
15491,2024,16962.0,65.89,0,0.0,1,0.59,55.4915090347,,0,0,0,0,0,0,0,0
15491,2025,17091.0,65.61,1,0.585,0,0.0,55.4915090347,,0,0,0,0,0,0,0,0
15494,2023,5227.0,78.21,0,0.0,0,0.0,51.396797323,,0,0,0,0,0,0,0,0
15494,2024,5229.0,77.87,0,0.0,0,0.0,51.396797323,,0,0,0,0,0,0,0,0
15494,2025,5249.0,77.5,0,0.0,1,1.905,51.396797323,,0,0,0,0,0,0,0,0
15500,2023,2907.0,83.49,1,3.44,1,3.44,60.3021762043,,0,0,0,0,0,0,0,0
15500,2024,2929.0,83.13,0,0.0,1,3.414,60.3021762043,,0,0,0,0,0,0,0,0
15500,2025,2926.0,83.19,0,0.0,3,10.253,60.3021762043,,0,0,0,0,0,0,0,0
15507,2023,8171.0,53.92,1,1.224,1,1.224,475.040067491,,0,0,0,0,0,0,0,0
15507,2024,8190.0,53.68,2,2.442,0,0.0,475.040067491,,0,0,0,0,0,0,0,0
15507,2025,8210.0,53.29,0,0.0,0,0.0,475.040067491,,0,0,0,0,0,0,0,0
15511,2023,2330.0,76.44,0,0.0,0,0.0,66.6901693839,,0,0,0,0,0,0,0,0
15511,2024,2301.0,76.4,0,0.0,0,0.0,66.6901693839,,0,0,0,0,0,0,0,0
15511,2025,2281.0,75.71,0,0.0,0,0.0,66.6901693839,,0,0,0,0,0,0,0,0
15514,2023,3359.0,55.37,0,0.0,1,2.977,339.069083378,,0,0,0,0,0,0,0,0
15514,2024,3376.0,55.42,0,0.0,0,0.0,339.069083378,,0,0,0,0,0,0,0,0
15514,2025,3376.0,55.15,0,0.0,0,0.0,339.069083378,,0,0,0,0,0,0,0,0
15516,2023,37228.0,37.86,1,0.269,6,1.612,305.109194954,,0,0,0,0,0,0,0,0
15516,2024,37880.0,37.65,3,0.792,2,0.528,305.109194954,,0,0,0,0,0,0,0,0
15516,2025,38533.0,37.5,2,0.519,6,1.557,305.109194954,,0,0,0,0,0,0,0,0
15518,2023,2245.0,57.28,0,0.0,0,0.0,313.682574281,,0,0,0,0,0,0,0,0
15518,2024,2205.0,57.28,0,0.0,0,0.0,313.682574281,,0,0,0,0,0,0,0,0
15518,2025,2172.0,56.81,0,0.0,2,9.208,313.682574281,,0,0,0,0,0,0,0,0
15522,2023,1731.0,49.57,1,5.777,0,0.0,39.7152486334,,0,0,0,0,0,0,0,0
15522,2024,1725.0,49.45,0,0.0,0,0.0,39.7152486334,,0,0,0,0,0,0,0,0
15522,2025,1705.0,49.15,0,0.0,0,0.0,39.7152486334,,0,0,0,0,0,0,0,0
15531,2023,7321.0,68.47,2,2.732,0,0.0,252.62872291,,0,0,0,0,0,0,0,0
15531,2024,7346.0,68.2,0,0.0,1,1.361,252.62872291,,0,0,0,0,0,0,0,0
15531,2025,7360.0,67.83,0,0.0,1,1.359,252.62872291,,0,0,0,0,0,0,0,0
15533,2023,2746.0,78.19,0,0.0,0,0.0,443.810457276,,0,0,0,0,0,0,0,0
15533,2024,2735.0,77.66,1,3.656,0,0.0,443.810457276,,0,0,0,0,0,0,0,0
15533,2025,2776.0,76.51,0,0.0,0,0.0,443.810457276,,0,0,0,0,0,0,0,0
15537,2023,4392.0,33.56,0,0.0,0,0.0,122.699509124,,0,0,0,0,0,0,0,0
15537,2024,4373.0,33.23,0,0.0,0,0.0,122.699509124,,0,0,0,0,0,0,0,0
15537,2025,4375.0,33.12,3,6.857,0,0.0,122.699509124,,0,0,0,0,0,0,0,0
15542,2023,6986.0,64.96,1,1.431,0,0.0,263.092584389,,0,0,0,0,0,0,0,0
15542,2024,7014.0,64.64,0,0.0,1,1.426,263.092584389,,0,0,0,0,0,0,0,0
15542,2025,7023.0,64.39,0,0.0,1,1.424,263.092584389,,0,0,0,0,0,0,0,0
15550,2023,1925.0,66.86,0,0.0,0,0.0,464.950746572,,0,0,0,0,0,0,0,0
15550,2024,1951.0,66.74,0,0.0,0,0.0,464.950746572,,0,0,0,0,0,0,0,0
15550,2025,1957.0,65.76,0,0.0,0,0.0,464.950746572,,0,0,0,0,0,0,0,0
15572,2023,47733.0,27.79,22,4.609,2,0.419,1513.60103672,,0,0,0,0,1,1,0,0
15572,2024,47787.0,27.63,23,4.813,2,0.419,1513.60103672,,0,0,0,0,1,1,0,0
15572,2025,47802.0,27.49,10,2.092,10,2.092,1513.60103672,,0,0,0,0,1,1,0,0
15580,2023,4975.0,70.41,2,4.02,0,0.0,167.326859074,,0,0,0,0,0,0,0,0
15580,2024,5005.0,70.21,1,1.998,1,1.998,167.326859074,,0,0,0,0,0,0,0,0
15580,2025,5002.0,69.85,0,0.0,0,0.0,167.326859074,,0,0,0,0,0,0,0,0
15599,2023,10116.0,56.68,0,0.0,1,0.989,125.683802291,,0,0,0,0,0,0,0,0
15599,2024,10131.0,56.45,0,0.0,0,0.0,125.683802291,,0,0,0,0,0,0,0,0
15599,2025,10118.0,56.28,0,0.0,2,1.977,125.683802291,,0,0,0,0,0,0,0,0
15600,2023,8035.0,67.36,0,0.0,2,2.489,220.666370223,,0,0,0,0,0,0,0,0
15600,2024,8043.0,66.82,1,1.243,0,0.0,220.666370223,,0,0,0,0,0,0,0,0
15600,2025,8064.0,66.34,2,2.48,1,1.24,220.666370223,,0,0,0,0,0,0,0,0
15621,2023,2475.0,71.72,0,0.0,0,0.0,206.363429709,,0,0,0,0,0,0,0,0
15621,2024,2467.0,71.63,0,0.0,0,0.0,206.363429709,,0,0,0,0,0,0,0,0
15621,2025,2468.0,71.35,0,0.0,0,0.0,206.363429709,,0,0,0,0,0,0,0,0
15632,2023,14314.0,90.65,0,0.0,0,0.0,248.651960673,,0,0,0,0,0,0,0,0
15632,2024,14424.0,90.21,0,0.0,2,1.387,248.651960673,,0,0,0,0,0,0,0,0
15632,2025,14530.0,89.91,0,0.0,1,0.688,248.651960673,,0,0,0,0,0,0,0,0
15638,2023,6130.0,50.75,0,0.0,0,0.0,63.9272582748,,0,0,0,0,0,0,0,0
15638,2024,6250.0,50.56,1,1.6,1,1.6,63.9272582748,,0,0,0,0,0,0,0,0
15638,2025,6356.0,50.24,1,1.573,0,0.0,63.9272582748,,0,0,0,0,0,0,0,0
15646,2023,19212.0,58.64,2,1.041,2,1.041,167.586236764,,0,0,0,0,0,0,0,0
15646,2024,19327.0,58.15,1,0.517,4,2.07,167.586236764,,0,0,0,0,0,0,0,0
15646,2025,19427.0,57.73,0,0.0,0,0.0,167.586236764,,0,0,0,0,0,0,0,0
15660,2023,1685.0,52.76,0,0.0,0,0.0,109.469601663,,0,0,0,0,0,0,0,0
15660,2024,1672.0,52.39,0,0.0,0,0.0,109.469601663,,0,0,0,0,0,0,0,0
15660,2025,1660.0,52.41,0,0.0,0,0.0,109.469601663,,0,0,0,0,0,0,0,0
15664,2023,4878.0,77.9,0,0.0,0,0.0,74.4035503165,,0,0,0,0,0,0,0,0
15664,2024,4871.0,77.62,0,0.0,0,0.0,74.4035503165,,0,0,0,0,0,0,0,0
15664,2025,4825.0,77.28,1,2.073,0,0.0,74.4035503165,,0,0,0,0,0,0,0,0
15667,2023,5363.0,53.78,0,0.0,0,0.0,469.845496076,,0,0,0,0,0,0,0,0
15667,2024,5304.0,53.41,1,1.885,0,0.0,469.845496076,,0,0,0,0,0,0,0,0
15667,2025,5277.0,53.25,0,0.0,1,1.895,469.845496076,,0,0,0,0,0,0,0,0
15673,2023,3405.0,61.32,0,0.0,1,2.937,123.879471827,,0,0,0,0,0,0,0,0
15673,2024,3397.0,61.52,1,2.944,1,2.944,123.879471827,,0,0,0,0,0,0,0,0
15673,2025,3409.0,60.93,0,0.0,1,2.933,123.879471827,,0,0,0,0,0,0,0,0
15676,2023,3074.0,83.99,0,0.0,0,0.0,93.9980690539,,0,0,0,0,0,0,0,0
15676,2024,3081.0,83.67,0,0.0,0,0.0,93.9980690539,,0,0,0,0,0,0,0,0
15676,2025,3081.0,83.32,0,0.0,0,0.0,93.9980690539,,0,0,0,0,0,0,0,0
15681,2023,6736.0,86.51,2,2.969,1,1.485,195.90435675,,0,0,0,0,0,0,0,0
15681,2024,6772.0,86.16,1,1.477,0,0.0,195.90435675,,0,0,0,0,0,0,0,0
15681,2025,6771.0,85.88,2,2.954,1,1.477,195.90435675,,0,0,0,0,0,0,0,0
15686,2023,7745.0,64.42,2,2.582,1,1.291,67.9638235119,,0,0,0,0,0,0,0,0
15686,2024,7746.0,64.23,0,0.0,0,0.0,67.9638235119,,0,0,0,0,0,0,0,0
15686,2025,7771.0,63.9,2,2.574,0,0.0,67.9638235119,,0,0,0,0,0,0,0,0
15690,2023,3630.0,39.61,0,0.0,0,0.0,309.659673382,,0,0,0,0,0,0,0,0
15690,2024,3640.0,39.45,0,0.0,0,0.0,309.659673382,,0,0,0,0,0,0,0,0
15690,2025,3625.0,39.2,0,0.0,0,0.0,309.659673382,,0,0,0,0,0,0,0,0
15693,2023,13415.0,38.0,0,0.0,0,0.0,116.706092413,,0,0,0,0,0,0,0,0
15693,2024,13452.0,37.83,0,0.0,5,3.717,116.706092413,,0,0,0,0,0,0,0,0
15693,2025,13468.0,37.69,0,0.0,3,2.228,116.706092413,,0,0,0,0,0,0,0,0
15696,2023,3305.0,65.72,0,0.0,0,0.0,77.5628164441,,0,0,0,0,0,0,0,0
15696,2024,3338.0,65.34,0,0.0,0,0.0,77.5628164441,,0,0,0,0,0,0,0,0
15696,2025,3332.0,65.25,0,0.0,0,0.0,77.5628164441,,0,0,0,0,0,0,0,0
15720,2023,2104.0,67.06,1,4.753,1,4.753,161.310164585,,0,0,0,0,0,0,0,0
15720,2024,2080.0,66.68,0,0.0,0,0.0,161.310164585,,0,0,0,0,0,0,0,0
15720,2025,2063.0,65.87,0,0.0,0,0.0,161.310164585,,0,0,0,0,0,0,0,0
15723,2023,1041.0,69.93,1,9.606,0,0.0,54.88468107,,0,0,0,0,0,0,0,0
15723,2024,1055.0,69.19,0,0.0,0,0.0,54.88468107,,0,0,0,0,0,0,0,0
15723,2025,1026.0,69.2,0,0.0,1,9.747,54.88468107,,0,0,0,0,0,0,0,0
15740,2023,6885.0,81.31,0,0.0,1,1.452,119.22296694,,0,0,0,0,0,0,0,0
15740,2024,6894.0,80.9,0,0.0,0,0.0,119.22296694,,0,0,0,0,0,0,0,0
15740,2025,6891.0,80.71,0,0.0,0,0.0,119.22296694,,0,0,0,0,0,0,0,0
15753,2023,9258.0,27.13,0,0.0,0,0.0,123.095437726,,0,0,0,0,0,0,0,0
15753,2024,9285.0,27.08,0,0.0,1,1.077,123.095437726,,0,0,0,0,0,0,0,0
15753,2025,9269.0,26.72,0,0.0,1,1.079,123.095437726,,0,0,0,0,0,0,0,0
15755,2023,7428.0,77.79,1,1.346,2,2.693,603.586387823,,0,0,0,0,0,0,0,0
15755,2024,7460.0,77.32,1,1.34,1,1.34,603.586387823,,0,0,0,0,0,0,0,0
15755,2025,7477.0,77.02,0,0.0,1,1.337,603.586387823,,0,0,0,0,0,0,0,0
15757,2023,8344.0,44.88,0,0.0,0,0.0,150.152003501,,0,0,0,0,0,0,0,0
15757,2024,8424.0,44.72,3,3.561,1,1.187,150.152003501,,0,0,0,0,0,0,0,0
15757,2025,8447.0,44.51,2,2.368,3,3.552,150.152003501,,0,0,0,0,0,0,0,0
15759,2023,135514.0,11.23,9,0.664,34,2.509,207.654603305,,0,0,0,0,0,0,0,0
15759,2024,136725.0,11.17,14,1.024,23,1.682,207.654603305,,0,0,0,0,0,0,0,0
15759,2025,137839.0,11.11,7,0.508,17,1.233,207.654603305,,0,0,0,0,0,0,0,0
15761,2023,2967.0,75.23,0,0.0,1,3.37,58.7950501201,,0,0,0,0,0,0,0,0
15761,2024,2963.0,75.3,0,0.0,0,0.0,58.7950501201,,0,0,0,0,0,0,0,0
15761,2025,2980.0,74.4,0,0.0,0,0.0,58.7950501201,,0,0,0,0,0,0,0,0
15762,2023,3154.0,81.64,0,0.0,0,0.0,47.8450237779,,0,0,0,0,0,0,0,0
15762,2024,3150.0,81.87,0,0.0,0,0.0,47.8450237779,,0,0,0,0,0,0,0,0
15762,2025,3170.0,81.01,0,0.0,0,0.0,47.8450237779,,0,0,0,0,0,0,0,0
15763,2023,8139.0,87.06,0,0.0,3,3.686,292.068188416,,0,0,0,0,0,0,0,0
15763,2024,8132.0,86.53,0,0.0,3,3.689,292.068188416,,0,0,0,0,0,0,0,0
15763,2025,8086.0,86.32,0,0.0,0,0.0,292.068188416,,0,0,0,0,0,0,0,0
15764,2023,6143.0,72.51,1,1.628,1,1.628,55.7577530587,,0,0,0,0,0,0,0,0
15764,2024,6179.0,71.99,0,0.0,0,0.0,55.7577530587,,0,0,0,0,0,0,0,0
15764,2025,6213.0,71.54,1,1.61,0,0.0,55.7577530587,,0,0,0,0,0,0,0,0
15774,2023,2771.0,75.57,0,0.0,0,0.0,182.703137194,,0,0,0,0,0,0,0,0
15774,2024,2795.0,75.03,0,0.0,0,0.0,182.703137194,,0,0,0,0,0,0,0,0
15774,2025,2783.0,75.24,2,7.186,0,0.0,182.703137194,,0,0,0,0,0,0,0,0
15776,2023,6285.0,62.56,3,4.773,0,0.0,103.505336175,,0,0,0,0,0,0,0,0
15776,2024,6304.0,62.01,2,3.173,0,0.0,103.505336175,,0,0,0,0,0,0,0,0
15776,2025,6315.0,61.44,0,0.0,0,0.0,103.505336175,,0,0,0,0,0,0,0,0
15778,2023,4239.0,80.3,0,0.0,0,0.0,41.1270106013,,0,0,0,0,0,0,0,0
15778,2024,4257.0,79.87,0,0.0,3,7.047,41.1270106013,,0,0,0,0,0,0,0,0
15778,2025,4250.0,79.58,2,4.706,0,0.0,41.1270106013,,0,0,0,0,0,0,0,0
15790,2023,6002.0,69.89,0,0.0,0,0.0,209.698111622,,0,0,0,0,0,0,0,0
15790,2024,6012.0,69.63,2,3.327,0,0.0,209.698111622,,0,0,0,0,0,0,0,0
15790,2025,6013.0,69.4,0,0.0,0,0.0,209.698111622,,0,0,0,0,0,0,0,0
15798,2023,3679.0,68.25,0,0.0,0,0.0,45.8640825239,,0,0,0,0,0,0,0,0
15798,2024,3673.0,68.12,0,0.0,0,0.0,45.8640825239,,0,0,0,0,0,0,0,0
15798,2025,3623.0,67.73,0,0.0,0,0.0,45.8640825239,,0,0,0,0,0,0,0,0
15804,2023,9116.0,78.72,0,0.0,0,0.0,121.83265481,,0,0,0,0,0,0,0,0
15804,2024,9107.0,78.26,0,0.0,1,1.098,121.83265481,,0,0,0,0,0,0,0,0
15804,2025,9095.0,78.02,0,0.0,1,1.1,121.83265481,,0,0,0,0,0,0,0,0
15806,2023,13521.0,65.23,0,0.0,3,2.219,93.7605521137,,0,0,0,0,0,0,0,0
15806,2024,13579.0,65.0,0,0.0,1,0.736,93.7605521137,,0,0,0,0,0,0,0,0
15806,2025,13648.0,64.76,0,0.0,2,1.465,93.7605521137,,0,0,0,0,0,0,0,0
15808,2023,3516.0,75.03,0,0.0,0,0.0,79.7514017504,,0,0,0,0,0,0,0,0
15808,2024,3552.0,74.8,0,0.0,0,0.0,79.7514017504,,0,0,0,0,0,0,0,0
15808,2025,3607.0,74.13,0,0.0,0,0.0,79.7514017504,,0,0,0,0,0,0,0,0
15810,2023,3225.0,69.61,0,0.0,0,0.0,71.9476712113,,0,0,0,0,0,0,0,0
15810,2024,3217.0,69.32,0,0.0,0,0.0,71.9476712113,,0,0,0,0,0,0,0,0
15810,2025,3187.0,69.16,0,0.0,0,0.0,71.9476712113,,0,0,0,0,0,0,0,0
15814,2023,8948.0,49.54,0,0.0,0,0.0,168.251862823,,0,0,0,0,0,0,0,0
15814,2024,8960.0,49.26,2,2.232,0,0.0,168.251862823,,0,0,0,0,0,0,0,0
15814,2025,8971.0,48.89,0,0.0,0,0.0,168.251862823,,0,0,0,0,0,0,0,0
15816,2023,4442.0,83.61,0,0.0,0,0.0,101.44312439,,0,0,0,0,0,0,0,0
15816,2024,4440.0,83.29,0,0.0,0,0.0,101.44312439,,0,0,0,0,0,0,0,0
15816,2025,4459.0,82.98,0,0.0,1,2.243,101.44312439,,0,0,0,0,0,0,0,0
15820,2023,3721.0,68.93,0,0.0,0,0.0,33.6295281932,,0,0,0,0,0,0,0,0
15820,2024,3720.0,68.55,0,0.0,0,0.0,33.6295281932,,0,0,0,0,0,0,0,0
15820,2025,3743.0,68.18,0,0.0,0,0.0,33.6295281932,,0,0,0,0,0,0,0,0
15822,2023,5172.0,81.11,0,0.0,0,0.0,196.046061076,,0,0,0,0,0,0,0,0
15822,2024,5161.0,80.72,0,0.0,0,0.0,196.046061076,,0,0,0,0,0,0,0,0
15822,2025,5146.0,80.51,0,0.0,0,0.0,196.046061076,,0,0,0,0,0,0,0,0
15832,2023,1563.0,80.68,0,0.0,0,0.0,29.2213080628,,0,0,0,0,0,0,0,0
15832,2024,1570.0,80.7,0,0.0,0,0.0,29.2213080628,,0,0,0,0,0,0,0,0
15832,2025,1558.0,80.17,1,6.418,0,0.0,29.2213080628,,0,0,0,0,0,0,0,0
15835,2023,5824.0,63.96,0,0.0,0,0.0,79.7066042878,,0,0,0,0,0,0,0,0
15835,2024,5756.0,63.64,1,1.737,0,0.0,79.7066042878,,0,0,0,0,0,0,0,0
15835,2025,5670.0,63.54,0,0.0,0,0.0,79.7066042878,,0,0,0,0,0,0,0,0
15837,2023,8283.0,69.2,0,0.0,33,39.841,165.550110742,,0,0,0,0,0,0,0,0
15837,2024,8251.0,68.84,1,1.212,20,24.239,165.550110742,,0,0,0,0,0,0,0,0
15837,2025,8231.0,68.45,0,0.0,18,21.869,165.550110742,,0,0,0,0,0,0,0,0
15839,2023,2041.0,90.2,0,0.0,0,0.0,122.009502034,,0,0,0,0,0,0,0,0
15839,2024,2021.0,90.0,0,0.0,0,0.0,122.009502034,,0,0,0,0,0,0,0,0
15839,2025,2015.0,89.28,1,4.963,0,0.0,122.009502034,,0,0,0,0,0,0,0,0
15842,2023,7694.0,83.95,0,0.0,0,0.0,146.085349892,,0,0,0,0,0,0,0,0
15842,2024,7698.0,83.72,0,0.0,1,1.299,146.085349892,,0,0,0,0,0,0,0,0
15842,2025,7722.0,83.33,0,0.0,0,0.0,146.085349892,,0,0,0,0,0,0,0,0
15861,2023,16803.0,82.64,0,0.0,0,0.0,160.011504573,,0,0,0,0,0,0,0,0
15861,2024,16977.0,82.29,0,0.0,2,1.178,160.011504573,,0,0,0,0,0,0,0,0
15861,2025,17151.0,81.92,2,1.166,0,0.0,160.011504573,,0,0,0,0,0,0,0,0
15879,2023,2887.0,83.24,1,3.464,0,0.0,62.5811446292,,0,0,0,0,0,0,0,0
15879,2024,2910.0,82.78,0,0.0,0,0.0,62.5811446292,,0,0,0,0,0,0,0,0
15879,2025,2913.0,82.39,0,0.0,0,0.0,62.5811446292,,0,0,0,0,0,0,0,0
15897,2023,4742.0,72.18,0,0.0,1,2.109,251.505065014,,0,0,0,0,0,0,0,0
15897,2024,4740.0,71.77,1,2.11,1,2.11,251.505065014,,0,0,0,0,0,0,0,0
15897,2025,4743.0,71.58,0,0.0,0,0.0,251.505065014,,0,0,0,0,0,0,0,0
17001,2023,462721.0,5.75,36,0.778,37,0.8,441.004225868,,1,3,0,0,0,0,3,0
17001,2024,467681.0,5.64,27,0.577,47,1.005,441.004225868,,1,3,0,0,0,0,3,0
17001,2025,472087.0,5.54,37,0.784,39,0.826,441.004225868,,1,3,0,0,0,0,3,0
17013,2023,22845.0,47.42,8,3.502,0,0.0,475.732663847,,1,6,1,1,0,0,6,0
17013,2024,22674.0,46.96,8,3.528,0,0.0,475.732663847,,1,6,1,1,0,0,6,0
17013,2025,22505.0,46.43,5,2.222,0,0.0,475.732663847,,1,6,1,1,0,0,6,0
17042,2023,37397.0,42.0,5,1.337,2,0.535,209.153270893,,3,8,0,0,2,2,9,0
17042,2024,37428.0,41.54,6,1.603,3,0.802,209.153270893,,3,8,0,0,2,2,9,0
17042,2025,37421.0,41.09,2,0.534,1,0.267,209.153270893,,3,8,0,0,2,2,9,0
17050,2023,10801.0,33.06,1,0.926,0,0.0,149.576756354,,0,0,0,0,0,0,0,0
17050,2024,10820.0,32.6,0,0.0,0,0.0,149.576756354,,0,0,0,0,0,0,0,0
17050,2025,10797.0,32.2,2,1.852,0,0.0,149.576756354,,0,0,0,0,0,0,0,0
17088,2023,10533.0,54.3,2,1.899,4,3.798,113.381379757,,0,0,0,0,0,0,0,0
17088,2024,10467.0,53.75,1,0.955,1,0.955,113.381379757,,0,0,0,0,0,0,0,0
17088,2025,10411.0,53.08,4,3.842,1,0.961,113.381379757,,0,0,0,0,0,0,0,0
17174,2023,51146.0,11.58,9,1.76,3,0.587,109.372320965,,0,0,0,0,0,0,0,0
17174,2024,51007.0,11.4,17,3.333,1,0.196,109.372320965,,0,0,0,0,0,0,0,0
17174,2025,50770.0,11.19,14,2.758,6,1.182,109.372320965,,0,0,0,0,0,0,0,0
17272,2023,11314.0,63.55,0,0.0,1,0.884,192.596108335,,0,0,0,0,0,0,0,0
17272,2024,11182.0,63.01,0,0.0,0,0.0,192.596108335,,0,0,0,0,0,0,0,0
17272,2025,11063.0,62.4,2,1.808,0,0.0,192.596108335,,0,0,0,0,0,0,0,0
17380,2023,72159.0,12.33,20,2.772,16,2.217,549.236340842,,3,3,0,0,0,0,3,0
17380,2024,72044.0,12.18,21,2.915,22,3.054,549.236340842,,3,3,0,0,0,0,3,0
17380,2025,71814.0,12.01,18,2.506,21,2.924,549.236340842,,3,3,0,0,0,0,3,0
17388,2023,5910.0,61.07,1,1.692,0,0.0,88.6003592025,,0,0,0,0,0,0,0,0
17388,2024,5844.0,60.32,0,0.0,1,1.711,88.6003592025,,0,0,0,0,0,0,0,0
17388,2025,5773.0,59.64,1,1.732,0,0.0,88.6003592025,,0,0,0,0,0,0,0,0
17433,2023,18371.0,40.2,4,2.177,0,0.0,197.911886605,,0,0,0,0,0,0,0,0
17433,2024,18375.0,39.72,2,1.088,1,0.544,197.911886605,,0,0,0,0,0,0,0,0
17433,2025,18367.0,39.26,1,0.544,0,0.0,197.911886605,,0,0,0,0,0,0,0,0
17442,2023,9401.0,86.57,6,6.382,1,1.064,36.8632990916,,20,20,3,6,3,3,28,0
17442,2024,9394.0,85.99,4,4.258,0,0.0,36.8632990916,,20,20,3,6,3,3,28,0
17442,2025,9390.0,85.3,4,4.26,2,2.13,36.8632990916,,20,20,3,6,3,3,28,0
17444,2023,13625.0,49.42,2,1.468,0,0.0,90.3330373391,,0,0,0,0,0,0,0,0
17444,2024,13619.0,48.8,2,1.469,0,0.0,90.3330373391,,0,0,0,0,0,0,0,0
17444,2025,13618.0,48.36,5,3.672,1,0.734,90.3330373391,,0,0,0,0,0,0,0,0
17446,2023,2683.0,67.01,3,11.182,0,0.0,376.263317496,,0,0,0,0,0,0,0,0
17446,2024,2685.0,66.22,2,7.449,0,0.0,376.263317496,,0,0,0,0,0,0,0,0
17446,2025,2689.0,65.6,0,0.0,0,0.0,376.263317496,,0,0,0,0,0,0,0,0
17486,2023,21569.0,42.19,0,0.0,3,1.391,369.332102678,,1,1,0,0,4,4,1,0
17486,2024,21568.0,41.67,6,2.782,1,0.464,369.332102678,,1,1,0,0,4,4,1,0
17486,2025,21553.0,41.15,5,2.32,1,0.464,369.332102678,,1,1,0,0,4,4,1,0
17495,2023,6169.0,31.45,3,4.863,0,0.0,227.546688892,,0,0,0,0,0,0,0,0
17495,2024,6171.0,31.0,2,3.241,2,3.241,227.546688892,,0,0,0,0,0,0,0,0
17495,2025,6167.0,30.73,1,1.622,1,1.622,227.546688892,,0,0,0,0,0,0,0,0
17513,2023,15757.0,49.24,7,4.442,1,0.635,257.276774768,,1,1,0,0,0,0,1,0
17513,2024,15748.0,48.79,0,0.0,1,0.635,257.276774768,,1,1,0,0,0,0,1,0
17513,2025,15713.0,48.23,2,1.273,0,0.0,257.276774768,,1,1,0,0,0,0,1,0
17524,2023,16095.0,65.31,2,1.243,1,0.621,112.235477182,,0,0,0,0,0,0,0,0
17524,2024,16059.0,64.74,13,8.095,1,0.623,112.235477182,,0,0,0,0,0,0,0,0
17524,2025,16038.0,64.08,6,3.741,3,1.871,112.235477182,,0,0,0,0,0,0,0,0
17541,2023,20535.0,58.02,3,1.461,3,1.461,499.226477636,,1,3,0,0,0,0,3,0
17541,2024,20493.0,57.45,0,0.0,2,0.976,499.226477636,,1,3,0,0,0,0,3,0
17541,2025,20473.0,56.82,2,0.977,0,0.0,499.226477636,,1,3,0,0,0,0,3,0
17614,2023,52456.0,62.17,5,0.953,5,0.953,384.161536633,,0,0,1,2,0,0,0,0
17614,2024,52440.0,61.6,2,0.381,4,0.763,384.161536633,,0,0,1,2,0,0,0,0
17614,2025,52327.0,61.02,0,0.0,5,0.956,384.161536633,,0,0,1,2,0,0,0,0
17616,2023,11177.0,57.18,1,0.895,0,0.0,89.922628343,,0,0,0,0,0,0,0,0
17616,2024,11157.0,56.54,4,3.585,0,0.0,89.922628343,,0,0,0,0,0,0,0,0
17616,2025,11130.0,56.01,0,0.0,1,0.898,89.922628343,,0,0,0,0,0,0,0,0
17653,2023,19577.0,39.52,1,0.511,2,1.022,388.104169655,,0,0,0,0,0,0,0,0
17653,2024,19511.0,39.07,2,1.025,0,0.0,388.104169655,,0,0,0,0,0,0,0,0
17653,2025,19396.0,38.59,1,0.516,2,1.031,388.104169655,,0,0,0,0,0,0,0,0
17662,2023,21127.0,67.26,2,0.947,0,0.0,758.175286416,,0,0,0,0,0,0,0,0
17662,2024,21128.0,66.58,3,1.42,1,0.473,758.175286416,,0,0,0,0,0,0,0,0
17662,2025,21073.0,65.94,5,2.373,3,1.424,758.175286416,,0,0,0,0,0,0,0,0
17665,2023,5003.0,70.68,0,0.0,0,0.0,60.9111934194,,0,0,0,0,0,0,0,0
17665,2024,5002.0,70.11,3,5.998,0,0.0,60.9111934194,,0,0,0,0,0,0,0,0
17665,2025,4990.0,69.4,2,4.008,0,0.0,60.9111934194,,0,0,0,0,0,0,0,0
17777,2023,31037.0,50.86,3,0.967,3,0.967,121.465013833,,3,9,3,5,1,1,9,0
17777,2024,31325.0,50.32,10,3.192,3,0.958,121.465013833,,3,9,3,5,1,1,9,0
17777,2025,31570.0,49.82,9,2.851,6,1.901,121.465013833,,3,9,3,5,1,1,9,0
17867,2023,10846.0,55.38,2,1.844,0,0.0,558.885284928,,2,2,0,0,0,0,2,0
17867,2024,10927.0,54.83,1,0.915,0,0.0,558.885284928,,2,2,0,0,0,0,2,0
17867,2025,10986.0,54.31,1,0.91,1,0.91,558.885284928,,2,2,0,0,0,0,2,0
17873,2023,71547.0,11.94,4,0.559,8,1.118,455.076577933,,0,0,0,0,0,0,0,0
17873,2024,72649.0,11.73,6,0.826,5,0.688,455.076577933,,0,0,0,0,0,0,0,0
17873,2025,73653.0,11.54,7,0.95,5,0.679,455.076577933,,0,0,0,0,0,0,0,0
17877,2023,12769.0,14.92,4,3.133,2,1.566,112.875981949,,0,0,0,0,0,0,0,0
17877,2024,12728.0,14.64,2,1.571,2,1.571,112.875981949,,0,0,0,0,0,0,0,0
17877,2025,12676.0,14.48,5,3.944,0,0.0,112.875981949,,0,0,0,0,0,0,0,0
18001,2023,181642.0,12.12,27,1.486,43,2.367,2547.63121094,CUENCA DEL CAGUÁN Y PIEDEMONTE CAQUETEÑO,0,0,0,0,0,0,0,1
18001,2024,184170.0,12.18,23,1.249,86,4.67,2547.63121094,CUENCA DEL CAGUÁN Y PIEDEMONTE CAQUETEÑO,0,0,0,0,0,0,0,1
18001,2025,186497.0,12.24,21,1.126,82,4.397,2547.63121094,CUENCA DEL CAGUÁN Y PIEDEMONTE CAQUETEÑO,0,0,0,0,0,0,0,1
18029,2023,4816.0,52.82,0,0.0,0,0.0,412.849070916,CUENCA DEL CAGUÁN Y PIEDEMONTE CAQUETEÑO,0,0,1,1,0,0,0,1
18029,2024,4833.0,52.68,1,2.069,1,2.069,412.849070916,CUENCA DEL CAGUÁN Y PIEDEMONTE CAQUETEÑO,0,0,1,1,0,0,0,1
18029,2025,4835.0,52.89,1,2.068,2,4.137,412.849070916,CUENCA DEL CAGUÁN Y PIEDEMONTE CAQUETEÑO,0,0,1,1,0,0,0,1
18094,2023,11327.0,38.14,2,1.766,0,0.0,1191.619366,CUENCA DEL CAGUÁN Y PIEDEMONTE CAQUETEÑO,0,0,0,0,0,0,0,1
18094,2024,11371.0,38.16,6,5.277,1,0.879,1191.619366,CUENCA DEL CAGUÁN Y PIEDEMONTE CAQUETEÑO,0,0,0,0,0,0,0,1
18094,2025,11403.0,38.26,2,1.754,0,0.0,1191.619366,CUENCA DEL CAGUÁN Y PIEDEMONTE CAQUETEÑO,0,0,0,0,0,0,0,1
18150,2023,31990.0,48.25,17,5.314,3,0.938,12785.6187891,CUENCA DEL CAGUÁN Y PIEDEMONTE CAQUETEÑO,0,0,0,0,0,0,0,1
18150,2024,32224.0,48.3,9,2.793,5,1.552,12785.6187891,CUENCA DEL CAGUÁN Y PIEDEMONTE CAQUETEÑO,0,0,0,0,0,0,0,1
18150,2025,32456.0,48.37,21,6.47,11,3.389,12785.6187891,CUENCA DEL CAGUÁN Y PIEDEMONTE CAQUETEÑO,0,0,0,0,0,0,0,1
18205,2023,7763.0,30.53,8,10.305,2,2.576,399.281521754,CUENCA DEL CAGUÁN Y PIEDEMONTE CAQUETEÑO,0,0,0,0,0,0,0,1
18205,2024,7783.0,30.67,1,1.285,1,1.285,399.281521754,CUENCA DEL CAGUÁN Y PIEDEMONTE CAQUETEÑO,0,0,0,0,0,0,0,1
18205,2025,7807.0,30.81,2,2.562,4,5.124,399.281521754,CUENCA DEL CAGUÁN Y PIEDEMONTE CAQUETEÑO,0,0,0,0,0,0,0,1
18247,2023,19748.0,30.45,12,6.077,2,1.013,1106.07615076,CUENCA DEL CAGUÁN Y PIEDEMONTE CAQUETEÑO,0,0,0,0,0,0,0,1
18247,2024,19817.0,30.56,6,3.028,4,2.018,1106.07615076,CUENCA DEL CAGUÁN Y PIEDEMONTE CAQUETEÑO,0,0,0,0,0,0,0,1
18247,2025,19860.0,30.67,3,1.511,6,3.021,1106.07615076,CUENCA DEL CAGUÁN Y PIEDEMONTE CAQUETEÑO,0,0,0,0,0,0,0,1
18256,2023,18748.0,50.8,11,5.867,0,0.0,1234.73414476,CUENCA DEL CAGUÁN Y PIEDEMONTE CAQUETEÑO,0,0,0,0,0,0,0,1
18256,2024,18838.0,50.88,6,3.185,3,1.593,1234.73414476,CUENCA DEL CAGUÁN Y PIEDEMONTE CAQUETEÑO,0,0,0,0,0,0,0,1
18256,2025,18896.0,51.05,8,4.234,2,1.058,1234.73414476,CUENCA DEL CAGUÁN Y PIEDEMONTE CAQUETEÑO,0,0,0,0,0,0,0,1
18410,2023,15298.0,81.89,9,5.883,2,1.307,1701.06764624,CUENCA DEL CAGUÁN Y PIEDEMONTE CAQUETEÑO,0,0,0,0,0,0,0,1
18410,2024,15382.0,81.86,9,5.851,2,1.3,1701.06764624,CUENCA DEL CAGUÁN Y PIEDEMONTE CAQUETEÑO,0,0,0,0,0,0,0,1
18410,2025,15448.0,81.84,5,3.237,3,1.942,1701.06764624,CUENCA DEL CAGUÁN Y PIEDEMONTE CAQUETEÑO,0,0,0,0,0,0,0,1
18460,2023,10139.0,89.11,0,0.0,0,0.0,1220.57610453,CUENCA DEL CAGUÁN Y PIEDEMONTE CAQUETEÑO,0,0,0,0,0,0,0,1
18460,2024,10177.0,89.04,1,0.983,5,4.913,1220.57610453,CUENCA DEL CAGUÁN Y PIEDEMONTE CAQUETEÑO,0,0,0,0,0,0,0,1
18460,2025,10250.0,89.05,3,2.927,3,2.927,1220.57610453,CUENCA DEL CAGUÁN Y PIEDEMONTE CAQUETEÑO,0,0,0,0,0,0,0,1
18479,2023,3786.0,45.83,1,2.641,3,7.924,462.479590181,CUENCA DEL CAGUÁN Y PIEDEMONTE CAQUETEÑO,0,0,0,0,0,0,0,1
18479,2024,3807.0,45.97,0,0.0,1,2.627,462.479590181,CUENCA DEL CAGUÁN Y PIEDEMONTE CAQUETEÑO,0,0,0,0,0,0,0,1
18479,2025,3805.0,46.02,0,0.0,2,5.256,462.479590181,CUENCA DEL CAGUÁN Y PIEDEMONTE CAQUETEÑO,0,0,0,0,0,0,0,1
18592,2023,27222.0,44.54,16,5.878,3,1.102,4146.39715962,CUENCA DEL CAGUÁN Y PIEDEMONTE CAQUETEÑO,0,0,0,0,0,0,0,1
18592,2024,27339.0,44.63,8,2.926,5,1.829,4146.39715962,CUENCA DEL CAGUÁN Y PIEDEMONTE CAQUETEÑO,0,0,0,0,0,0,0,1
18592,2025,27430.0,44.73,3,1.094,3,1.094,4146.39715962,CUENCA DEL CAGUÁN Y PIEDEMONTE CAQUETEÑO,0,0,0,0,0,0,0,1
18610,2023,13186.0,49.52,7,5.309,3,2.275,1310.11696987,CUENCA DEL CAGUÁN Y PIEDEMONTE CAQUETEÑO,0,0,0,0,0,0,0,1
18610,2024,13229.0,49.62,18,13.606,2,1.512,1310.11696987,CUENCA DEL CAGUÁN Y PIEDEMONTE CAQUETEÑO,0,0,0,0,0,0,0,1
18610,2025,13270.0,49.68,10,7.536,1,0.754,1310.11696987,CUENCA DEL CAGUÁN Y PIEDEMONTE CAQUETEÑO,0,0,0,0,0,0,0,1
18753,2023,52279.0,52.96,29,5.547,6,1.148,20192.9097728,CUENCA DEL CAGUÁN Y PIEDEMONTE CAQUETEÑO,0,0,0,0,0,0,0,1
18753,2024,52473.0,53.03,20,3.811,17,3.24,20192.9097728,CUENCA DEL CAGUÁN Y PIEDEMONTE CAQUETEÑO,0,0,0,0,0,0,0,1
18753,2025,52672.0,53.12,27,5.126,11,2.088,20192.9097728,CUENCA DEL CAGUÁN Y PIEDEMONTE CAQUETEÑO,0,0,0,0,0,0,0,1
18756,2023,10840.0,74.91,1,0.923,1,0.923,42312.7836094,CUENCA DEL CAGUÁN Y PIEDEMONTE CAQUETEÑO,0,0,2,27,0,0,0,1
18756,2024,10830.0,75.0,1,0.923,3,2.77,42312.7836094,CUENCA DEL CAGUÁN Y PIEDEMONTE CAQUETEÑO,0,0,2,27,0,0,0,1
18756,2025,10837.0,74.97,3,2.768,1,0.923,42312.7836094,CUENCA DEL CAGUÁN Y PIEDEMONTE CAQUETEÑO,0,0,2,27,0,0,0,1
18785,2023,6362.0,40.22,3,4.715,2,3.144,476.931472797,CUENCA DEL CAGUÁN Y PIEDEMONTE CAQUETEÑO,0,0,0,0,0,0,0,1
18785,2024,6398.0,40.33,2,3.126,3,4.689,476.931472797,CUENCA DEL CAGUÁN Y PIEDEMONTE CAQUETEÑO,0,0,0,0,0,0,0,1
18785,2025,6412.0,40.44,4,6.238,2,3.119,476.931472797,CUENCA DEL CAGUÁN Y PIEDEMONTE CAQUETEÑO,0,0,0,0,0,0,0,1
18860,2023,7125.0,66.6,2,2.807,1,1.404,1330.21001496,CUENCA DEL CAGUÁN Y PIEDEMONTE CAQUETEÑO,0,0,0,0,0,0,0,1
18860,2024,7156.0,66.8,2,2.795,3,4.192,1330.21001496,CUENCA DEL CAGUÁN Y PIEDEMONTE CAQUETEÑO,0,0,0,0,0,0,0,1
18860,2025,7163.0,66.86,0,0.0,4,5.584,1330.21001496,CUENCA DEL CAGUÁN Y PIEDEMONTE CAQUETEÑO,0,0,0,0,0,0,0,1
19001,2023,344359.0,17.53,71,2.062,148,4.298,480.181910608,,2,2,0,0,0,0,2,0
19001,2024,348444.0,17.69,60,1.722,172,4.936,480.181910608,,2,2,0,0,0,0,2,0
19001,2025,352150.0,17.85,72,2.045,173,4.913,480.181910608,,2,2,0,0,0,0,2,0
19022,2023,18431.0,93.9,1,0.543,3,1.628,236.714830767,,0,0,0,0,0,0,0,0
19022,2024,18432.0,94.09,3,1.628,2,1.085,236.714830767,,0,0,0,0,0,0,0,0
19022,2025,18398.0,94.34,2,1.087,2,1.087,236.714830767,,0,0,0,0,0,0,0,0
19050,2023,27251.0,90.5,30,11.009,1,0.367,775.787826158,ALTO PATÍA Y NORTE DEL CAUCA,0,0,0,0,0,0,0,1
19050,2024,27464.0,90.65,55,20.026,4,1.456,775.787826158,ALTO PATÍA Y NORTE DEL CAUCA,0,0,0,0,0,0,0,1
19050,2025,27672.0,90.82,39,14.094,3,1.084,775.787826158,ALTO PATÍA Y NORTE DEL CAUCA,0,0,0,0,0,0,0,1
19075,2023,22043.0,75.09,25,11.341,2,0.907,413.211197478,ALTO PATÍA Y NORTE DEL CAUCA,0,0,0,0,0,0,0,1
19075,2024,22220.0,75.27,15,6.751,5,2.25,413.211197478,ALTO PATÍA Y NORTE DEL CAUCA,0,0,0,0,0,0,0,1
19075,2025,22405.0,75.41,22,9.819,0,0.0,413.211197478,ALTO PATÍA Y NORTE DEL CAUCA,0,0,0,0,0,0,0,1
19100,2023,38038.0,87.74,21,5.521,6,1.577,797.82025538,,1,1,0,0,0,0,1,0
19100,2024,38005.0,88.06,14,3.684,2,0.526,797.82025538,,1,1,0,0,0,0,1,0
19100,2025,37978.0,88.28,25,6.583,4,1.053,797.82025538,,1,1,0,0,0,0,1,0
19110,2023,32773.0,97.03,24,7.323,2,0.61,434.914126568,ALTO PATÍA Y NORTE DEL CAUCA,3,2,1,2,0,0,6,1
19110,2024,33003.0,97.19,32,9.696,4,1.212,434.914126568,ALTO PATÍA Y NORTE DEL CAUCA,3,2,1,2,0,0,6,1
19110,2025,33182.0,97.41,16,4.822,3,0.904,434.914126568,ALTO PATÍA Y NORTE DEL CAUCA,3,2,1,2,0,0,6,1
19130,2023,45170.0,95.63,17,3.764,17,3.764,552.282204057,ALTO PATÍA Y NORTE DEL CAUCA,0,0,0,0,0,0,0,1
19130,2024,45786.0,95.83,24,5.242,15,3.276,552.282204057,ALTO PATÍA Y NORTE DEL CAUCA,0,0,0,0,0,0,0,1
19130,2025,46390.0,95.99,15,3.233,10,2.156,552.282204057,ALTO PATÍA Y NORTE DEL CAUCA,0,0,0,0,0,0,0,1
19137,2023,43351.0,95.57,14,3.229,7,1.615,354.738653382,ALTO PATÍA Y NORTE DEL CAUCA,0,0,0,0,0,0,0,1
19137,2024,43991.0,95.77,17,3.864,10,2.273,354.738653382,ALTO PATÍA Y NORTE DEL CAUCA,0,0,0,0,0,0,0,1
19137,2025,44587.0,95.95,5,1.121,11,2.467,354.738653382,ALTO PATÍA Y NORTE DEL CAUCA,0,0,0,0,0,0,0,1
19142,2023,30947.0,83.06,39,12.602,9,2.908,264.801383607,ALTO PATÍA Y NORTE DEL CAUCA,0,0,0,0,0,0,0,1
19142,2024,31061.0,83.22,20,6.439,18,5.795,264.801383607,ALTO PATÍA Y NORTE DEL CAUCA,0,0,0,0,0,0,0,1
19142,2025,31162.0,83.41,34,10.911,9,2.888,264.801383607,ALTO PATÍA Y NORTE DEL CAUCA,0,0,0,0,0,0,0,1
19212,2023,26903.0,50.63,54,20.072,8,2.974,325.92311344,ALTO PATÍA Y NORTE DEL CAUCA,1,3,0,0,0,0,3,1
19212,2024,27157.0,50.89,42,15.466,9,3.314,325.92311344,ALTO PATÍA Y NORTE DEL CAUCA,1,3,0,0,0,0,3,1
19212,2025,27349.0,51.19,37,13.529,3,1.097,325.92311344,ALTO PATÍA Y NORTE DEL CAUCA,1,3,0,0,0,0,3,1
19256,2023,56993.0,95.15,26,4.562,18,3.158,2739.59631857,ALTO PATÍA Y NORTE DEL CAUCA,6,18,1,1,0,0,23,1
19256,2024,57546.0,95.33,23,3.997,7,1.216,2739.59631857,ALTO PATÍA Y NORTE DEL CAUCA,6,18,1,1,0,0,23,1
19256,2025,58071.0,95.5,21,3.616,8,1.378,2739.59631857,ALTO PATÍA Y NORTE DEL CAUCA,6,18,1,1,0,0,23,1
19290,2023,5195.0,77.56,2,3.85,2,3.85,56.6526362978,,0,0,0,0,0,0,0,0
19290,2024,5213.0,77.67,4,7.673,0,0.0,56.6526362978,,0,0,0,0,0,0,0,0
19290,2025,5194.0,77.92,5,9.626,1,1.925,56.6526362978,,0,0,0,0,0,0,0,0
19300,2023,20233.0,67.46,36,17.793,8,3.954,100.659336988,,0,0,0,0,0,0,0,0
19300,2024,20320.0,67.64,40,19.685,2,0.984,100.659336988,,0,0,0,0,0,0,0,0
19300,2025,20381.0,67.87,50,24.533,1,0.491,100.659336988,,0,0,0,0,0,0,0,0
19318,2023,28979.0,49.73,7,2.416,4,1.38,2567.94927073,PACÍFICO MEDIO,1,1,4,6,0,0,1,1
19318,2024,29275.0,49.82,4,1.366,5,1.708,2567.94927073,PACÍFICO MEDIO,1,1,4,6,0,0,1,1
19318,2025,29530.0,49.94,7,2.37,1,0.339,2567.94927073,PACÍFICO MEDIO,1,1,4,6,0,0,1,1
19355,2023,29161.0,96.38,7,2.4,15,5.144,866.312068578,,0,0,0,0,0,0,0,0
19355,2024,29139.0,96.58,5,1.716,9,3.089,866.312068578,,0,0,0,0,0,0,0,0
19355,2025,29134.0,96.71,7,2.403,7,2.403,866.312068578,,0,0,0,0,0,0,0,0
19364,2023,18963.0,90.23,7,3.691,0,0.0,234.433517157,ALTO PATÍA Y NORTE DEL CAUCA,0,0,0,0,0,0,0,1
19364,2024,19163.0,90.41,4,2.087,3,1.566,234.433517157,ALTO PATÍA Y NORTE DEL CAUCA,0,0,0,0,0,0,0,1
19364,2025,19319.0,90.63,1,0.518,4,2.071,234.433517157,ALTO PATÍA Y NORTE DEL CAUCA,0,0,0,0,0,0,0,1
19392,2023,11198.0,83.98,5,4.465,1,0.893,208.354419849,,1,1,2,2,0,0,1,0
19392,2024,11305.0,84.14,5,4.423,1,0.885,208.354419849,,1,1,2,2,0,0,1,0
19392,2025,11382.0,84.36,1,0.879,0,0.0,208.354419849,,1,1,2,2,0,0,1,0
19397,2023,24447.0,96.72,3,1.227,5,2.045,516.074880741,,0,0,0,0,0,0,0,0
19397,2024,24423.0,96.87,9,3.685,4,1.638,516.074880741,,0,0,0,0,0,0,0,0
19397,2025,24396.0,97.06,7,2.869,4,1.64,516.074880741,,0,0,0,0,0,0,0,0
19418,2023,19325.0,90.75,4,2.07,2,1.035,3367.63505753,PACÍFICO MEDIO,0,0,0,0,0,0,0,1
19418,2024,19491.0,90.89,5,2.565,0,0.0,3367.63505753,PACÍFICO MEDIO,0,0,0,0,0,0,0,1
19418,2025,19624.0,91.11,1,0.51,3,1.529,3367.63505753,PACÍFICO MEDIO,0,0,0,0,0,0,0,1
19450,2023,25249.0,74.81,18,7.129,7,2.772,697.981385356,ALTO PATÍA Y NORTE DEL CAUCA,0,0,0,0,0,0,0,1
19450,2024,25765.0,75.05,17,6.598,2,0.776,697.981385356,ALTO PATÍA Y NORTE DEL CAUCA,0,0,0,0,0,0,0,1
19450,2025,26270.0,75.26,24,9.136,6,2.284,697.981385356,ALTO PATÍA Y NORTE DEL CAUCA,0,0,0,0,0,0,0,1
19455,2023,32449.0,43.13,43,13.252,13,4.006,189.682645575,ALTO PATÍA Y NORTE DEL CAUCA,0,0,0,0,0,0,0,1
19455,2024,32570.0,43.26,22,6.755,10,3.07,189.682645575,ALTO PATÍA Y NORTE DEL CAUCA,0,0,0,0,0,0,0,1
19455,2025,32681.0,43.41,45,13.769,7,2.142,189.682645575,ALTO PATÍA Y NORTE DEL CAUCA,0,0,0,0,0,0,0,1
19473,2023,43668.0,94.57,10,2.29,5,1.145,511.477727463,ALTO PATÍA Y NORTE DEL CAUCA,0,0,0,0,0,0,0,1
19473,2024,44523.0,94.76,22,4.941,6,1.348,511.477727463,ALTO PATÍA Y NORTE DEL CAUCA,0,0,0,0,0,0,0,1
19473,2025,45325.0,94.94,6,1.324,2,0.441,511.477727463,ALTO PATÍA Y NORTE DEL CAUCA,0,0,0,0,0,0,0,1
19513,2023,10466.0,55.51,5,4.777,1,0.955,69.6834254067,,0,0,0,0,0,0,0,0
19513,2024,10541.0,55.73,5,4.743,1,0.949,69.6834254067,,0,0,0,0,0,0,0,0
19513,2025,10584.0,55.91,11,10.393,2,1.89,69.6834254067,,0,0,0,0,0,0,0,0
19517,2023,51411.0,94.78,8,1.556,11,2.14,1793.143888,,0,0,0,0,0,0,0,0
19517,2024,52403.0,95.05,15,2.862,6,1.145,1793.143888,,0,0,0,0,0,0,0,0
19517,2025,53393.0,95.25,13,2.435,1,0.187,1793.143888,,0,0,0,0,0,0,0,0
19532,2023,38560.0,63.74,51,13.226,9,2.334,755.293670854,ALTO PATÍA Y NORTE DEL CAUCA,0,0,1,1,0,0,0,1
19532,2024,38915.0,63.93,44,11.307,9,2.313,755.293670854,ALTO PATÍA Y NORTE DEL CAUCA,0,0,1,1,0,0,0,1
19532,2025,39198.0,64.14,36,9.184,10,2.551,755.293670854,ALTO PATÍA Y NORTE DEL CAUCA,0,0,1,1,0,0,0,1
19533,2023,9579.0,77.0,11,11.483,1,1.044,1104.75266584,,0,0,0,0,0,0,0,0
19533,2024,9705.0,77.3,9,9.274,1,1.03,1104.75266584,,0,0,0,0,0,0,0,0
19533,2025,9839.0,77.5,2,2.033,0,0.0,1104.75266584,,0,0,0,0,0,0,0,0
19548,2023,42466.0,65.94,8,1.884,17,4.003,181.266037388,ALTO PATÍA Y NORTE DEL CAUCA,0,0,0,0,0,0,0,1
19548,2024,42676.0,66.18,16,3.749,17,3.984,181.266037388,ALTO PATÍA Y NORTE DEL CAUCA,0,0,0,0,0,0,0,1
19548,2025,42857.0,66.42,12,2.8,11,2.567,181.266037388,ALTO PATÍA Y NORTE DEL CAUCA,0,0,0,0,0,0,0,1
19573,2023,43275.0,14.0,49,11.323,6,1.386,109.224390771,,0,0,0,0,0,0,0,0
19573,2024,43471.0,14.15,44,10.122,10,2.3,109.224390771,,0,0,0,0,0,0,0,0
19573,2025,43622.0,14.28,81,18.569,12,2.751,109.224390771,,0,0,0,0,0,0,0,0
19585,2023,17958.0,91.01,1,0.557,5,2.784,848.323308203,,0,0,0,0,0,0,0,0
19585,2024,18062.0,91.22,0,0.0,1,0.554,848.323308203,,0,0,0,0,0,0,0,0
19585,2025,18144.0,91.42,0,0.0,7,3.858,848.323308203,,0,0,0,0,0,0,0,0
19622,2023,11917.0,91.3,4,3.357,3,2.517,169.091744467,,1,5,0,0,0,0,5,0
19622,2024,12028.0,91.36,3,2.494,7,5.82,169.091744467,,1,5,0,0,0,0,5,0
19622,2025,12121.0,91.48,4,3.3,4,3.3,169.091744467,,1,5,0,0,0,0,5,0
19693,2023,10850.0,94.81,2,1.843,0,0.0,419.034904413,,0,0,0,0,0,0,0,0
19693,2024,10813.0,95.1,0,0.0,2,1.85,419.034904413,,0,0,0,0,0,0,0,0
19693,2025,10815.0,95.16,0,0.0,1,0.925,419.034904413,,0,0,0,0,0,0,0,0
19698,2023,123743.0,53.41,152,12.284,51,4.121,518.144383041,ALTO PATÍA Y NORTE DEL CAUCA,0,0,0,0,0,0,0,1
19698,2024,126198.0,53.6,127,10.064,41,3.249,518.144383041,ALTO PATÍA Y NORTE DEL CAUCA,0,0,0,0,0,0,0,1
19698,2025,128547.0,53.78,134,10.424,43,3.345,518.144383041,ALTO PATÍA Y NORTE DEL CAUCA,0,0,0,0,0,0,0,1
19701,2023,5349.0,88.15,0,0.0,2,3.739,3619.37102616,,2,15,2,2,0,0,15,0
19701,2024,5328.0,88.36,0,0.0,1,1.877,3619.37102616,,2,15,2,2,0,0,15,0
19701,2025,5326.0,88.68,2,3.755,1,1.878,3619.37102616,,2,15,2,2,0,0,15,0
19743,2023,39515.0,89.2,9,2.278,4,1.012,680.991566506,,0,0,0,0,0,0,0,0
19743,2024,39887.0,89.47,17,4.262,12,3.008,680.991566506,,0,0,0,0,0,0,0,0
19743,2025,40219.0,89.69,6,1.492,9,2.238,680.991566506,,0,0,0,0,0,0,0,0
19760,2023,14492.0,96.81,5,3.45,5,3.45,515.905701334,,0,0,0,0,0,0,0,0
19760,2024,14596.0,97.01,2,1.37,3,2.055,515.905701334,,0,0,0,0,0,0,0,0
19760,2025,14713.0,97.12,1,0.68,3,2.039,515.905701334,,0,0,0,0,0,0,0,0
19780,2023,36370.0,81.35,21,5.774,8,2.2,392.385708811,ALTO PATÍA Y NORTE DEL CAUCA,4,5,2,3,0,0,5,1
19780,2024,37158.0,81.65,34,9.15,3,0.807,392.385708811,ALTO PATÍA Y NORTE DEL CAUCA,4,5,2,3,0,0,5,1
19780,2025,37875.0,81.98,21,5.545,3,0.792,392.385708811,ALTO PATÍA Y NORTE DEL CAUCA,4,5,2,3,0,0,5,1
19785,2023,9729.0,83.44,7,7.195,0,0.0,135.873296197,,0,0,0,0,0,0,0,0
19785,2024,9756.0,83.79,3,3.075,0,0.0,135.873296197,,0,0,0,0,0,0,0,0
19785,2025,9809.0,83.81,16,16.312,1,1.019,135.873296197,,0,0,0,0,0,0,0,0
19807,2023,38080.0,59.81,2,0.525,10,2.626,201.319930131,,0,0,0,0,0,0,0,0
19807,2024,38572.0,59.97,9,2.333,17,4.407,201.319930131,,0,0,0,0,0,0,0,0
19807,2025,39064.0,60.1,11,2.816,23,5.888,201.319930131,,0,0,0,0,0,0,0,0
19809,2023,28538.0,76.73,2,0.701,2,0.701,2057.70619342,PACÍFICO MEDIO,2,177,6,7,16,16,353,1
19809,2024,29010.0,76.94,3,1.034,3,1.034,2057.70619342,PACÍFICO MEDIO,2,177,6,7,16,16,353,1
19809,2025,29477.0,77.12,1,0.339,4,1.357,2057.70619342,PACÍFICO MEDIO,2,177,6,7,16,16,353,1
19821,2023,38643.0,94.06,20,5.176,5,1.294,492.147675919,ALTO PATÍA Y NORTE DEL CAUCA,0,0,0,0,0,0,0,1
19821,2024,39282.0,94.26,25,6.364,7,1.782,492.147675919,ALTO PATÍA Y NORTE DEL CAUCA,0,0,0,0,0,0,0,1
19821,2025,39914.0,94.43,10,2.505,2,0.501,492.147675919,ALTO PATÍA Y NORTE DEL CAUCA,0,0,0,0,0,0,0,1
19824,2023,26712.0,95.54,4,1.497,7,2.621,404.479548795,,0,0,0,0,0,0,0,0
19824,2024,27100.0,95.74,4,1.476,8,2.952,404.479548795,,0,0,0,0,0,0,0,0
19824,2025,27422.0,95.9,3,1.094,13,4.741,404.479548795,,0,0,0,0,0,0,0,0
19845,2023,22966.0,31.85,18,7.838,5,2.177,81.5408895157,,0,0,0,0,0,0,0,0
19845,2024,23298.0,32.0,25,10.731,5,2.146,81.5408895157,,0,0,0,0,0,0,0,0
19845,2025,23629.0,32.13,42,17.775,6,2.539,81.5408895157,,0,0,0,0,0,0,0,0
20001,2023,585985.0,12.24,126,2.15,101,1.724,4188.75485263,SIERRA NEVADA - PERIJÁ,0,0,0,0,0,0,0,1
20001,2024,601259.0,12.24,123,2.046,166,2.761,4188.75485263,SIERRA NEVADA - PERIJÁ,0,0,0,0,0,0,0,1
20001,2025,615987.0,12.25,112,1.818,190,3.084,4188.75485263,SIERRA NEVADA - PERIJÁ,0,0,0,0,0,0,0,1
20011,2023,129255.0,13.09,39,3.017,21,1.625,877.66727299,,0,0,0,0,0,0,0,0
20011,2024,132237.0,13.09,42,3.176,29,2.193,877.66727299,,0,0,0,0,0,0,0,0
20011,2025,135087.0,13.1,44,3.257,25,1.851,877.66727299,,0,0,0,0,0,0,0,0
20013,2023,67188.0,21.76,26,3.87,14,2.084,1753.09250654,SIERRA NEVADA - PERIJÁ,0,0,0,0,0,0,0,1
20013,2024,67850.0,21.79,22,3.242,28,4.127,1753.09250654,SIERRA NEVADA - PERIJÁ,0,0,0,0,0,0,0,1
20013,2025,68390.0,21.82,19,2.778,15,2.193,1753.09250654,SIERRA NEVADA - PERIJÁ,0,0,0,0,0,0,0,1
20032,2023,22010.0,47.44,12,5.452,3,1.363,637.902772529,,0,0,0,0,0,0,0,0
20032,2024,22144.0,47.44,9,4.064,2,0.903,637.902772529,,0,0,0,0,0,0,0,0
20032,2025,22255.0,47.42,4,1.797,3,1.348,637.902772529,,0,0,0,0,0,0,0,0
20045,2023,26218.0,25.71,2,0.763,2,0.763,1225.40113279,SIERRA NEVADA - PERIJÁ,0,0,0,0,0,0,0,1
20045,2024,26931.0,25.71,7,2.599,2,0.743,1225.40113279,SIERRA NEVADA - PERIJÁ,0,0,0,0,0,0,0,1
20045,2025,27594.0,25.73,10,3.624,16,5.798,1225.40113279,SIERRA NEVADA - PERIJÁ,0,0,0,0,0,0,0,1
20060,2023,46702.0,6.36,19,4.068,8,1.713,586.612841724,,0,0,0,0,0,0,0,0
20060,2024,47690.0,6.36,17,3.565,14,2.936,586.612841724,,0,0,0,0,0,0,0,0
20060,2025,48639.0,6.37,18,3.701,12,2.467,586.612841724,,0,0,0,0,0,0,0,0
20175,2023,37498.0,60.5,5,1.333,10,2.667,1376.42532214,,0,0,0,0,0,0,0,0
20175,2024,37732.0,60.53,10,2.65,3,0.795,1376.42532214,,0,0,0,0,0,0,0,0
20175,2025,37925.0,60.59,8,2.109,6,1.582,1376.42532214,,0,0,0,0,0,0,0,0
20178,2023,31880.0,40.91,14,4.391,6,1.882,1114.48037132,,0,0,0,0,0,0,0,0
20178,2024,32424.0,40.91,16,4.935,6,1.85,1114.48037132,,0,0,0,0,0,0,0,0
20178,2025,32915.0,40.94,8,2.431,13,3.95,1114.48037132,,0,0,0,0,0,0,0,0
20228,2023,43896.0,29.81,7,1.595,2,0.456,915.171271451,,0,0,0,0,0,0,0,0
20228,2024,44811.0,29.8,10,2.232,4,0.893,915.171271451,,0,0,0,0,0,0,0,0
20228,2025,45650.0,29.78,8,1.752,1,0.219,915.171271451,,0,0,0,0,0,0,0,0
20238,2023,34255.0,25.33,21,6.13,4,1.168,956.45083592,,0,0,0,0,0,0,0,0
20238,2024,34776.0,25.31,19,5.464,15,4.313,956.45083592,,0,0,0,0,0,0,0,0
20238,2025,35248.0,25.32,10,2.837,9,2.553,956.45083592,,0,0,0,0,0,0,0,0
20250,2023,44810.0,82.44,18,4.017,6,1.339,813.528902608,,0,0,0,0,0,0,0,0
20250,2024,45704.0,82.48,11,2.407,13,2.844,813.528902608,,0,0,0,0,0,0,0,0
20250,2025,46484.0,82.57,8,1.721,9,1.936,813.528902608,,0,0,0,0,0,0,0,0
20295,2023,16037.0,34.89,4,2.494,1,0.624,326.87990406,,0,0,0,0,0,0,0,0
20295,2024,16058.0,34.9,1,0.623,5,3.114,326.87990406,,0,0,0,0,0,0,0,0
20295,2025,16073.0,34.88,6,3.733,4,2.489,326.87990406,,0,0,0,0,0,0,0,0
20310,2023,4882.0,70.05,5,10.242,1,2.048,72.697830617,,0,0,0,0,0,0,0,0
20310,2024,4928.0,70.17,0,0.0,3,6.088,72.697830617,,0,0,0,0,0,0,0,0
20310,2025,5006.0,70.28,1,1.998,0,0.0,72.697830617,,0,0,0,0,0,0,0,0
20383,2023,19292.0,65.4,9,4.665,6,3.11,802.872114097,,2,3,0,0,0,0,4,0
20383,2024,19514.0,65.4,6,3.075,8,4.1,802.872114097,,2,3,0,0,0,0,4,0
20383,2025,19713.0,65.4,9,4.566,3,1.522,802.872114097,,2,3,0,0,0,0,4,0
20400,2023,57606.0,23.47,3,0.521,9,1.562,755.906758702,SIERRA NEVADA - PERIJÁ,0,0,0,0,0,0,0,1
20400,2024,58996.0,23.45,8,1.356,10,1.695,755.906758702,SIERRA NEVADA - PERIJÁ,0,0,0,0,0,0,0,1
20400,2025,60223.0,23.42,14,2.325,19,3.155,755.906758702,SIERRA NEVADA - PERIJÁ,0,0,0,0,0,0,0,1
20443,2023,11347.0,17.16,0,0.0,1,0.881,136.782085129,SIERRA NEVADA - PERIJÁ,0,0,0,0,0,0,0,1
20443,2024,11548.0,17.12,2,1.732,2,1.732,136.782085129,SIERRA NEVADA - PERIJÁ,0,0,0,0,0,0,0,1
20443,2025,11726.0,17.09,0,0.0,2,1.706,136.782085129,SIERRA NEVADA - PERIJÁ,0,0,0,0,0,0,0,1
20517,2023,20818.0,25.58,6,2.882,5,2.402,531.767497468,,2,4,0,0,0,0,5,0
20517,2024,21068.0,25.58,8,3.797,8,3.797,531.767497468,,2,4,0,0,0,0,5,0
20517,2025,21310.0,25.59,3,1.408,10,4.693,531.767497468,,2,4,0,0,0,0,5,0
20550,2023,23797.0,31.0,11,4.622,4,1.681,423.397846814,,3,5,0,0,0,0,7,0
20550,2024,24204.0,31.07,7,2.892,7,2.892,423.397846814,,3,5,0,0,0,0,7,0
20550,2025,24612.0,31.04,12,4.876,3,1.219,423.397846814,,3,5,0,0,0,0,7,0
20570,2023,32893.0,68.66,0,0.0,0,0.0,743.801820091,SIERRA NEVADA - PERIJÁ,0,0,0,0,0,0,0,1
20570,2024,33724.0,68.7,4,1.186,4,1.186,743.801820091,SIERRA NEVADA - PERIJÁ,0,0,0,0,0,0,0,1
20570,2025,34527.0,68.71,5,1.448,5,1.448,743.801820091,SIERRA NEVADA - PERIJÁ,0,0,0,0,0,0,0,1
20614,2023,19101.0,53.99,13,6.806,5,2.618,518.690127787,,0,0,0,0,0,0,0,0
20614,2024,19390.0,54.06,11,5.673,1,0.516,518.690127787,,0,0,0,0,0,0,0,0
20614,2025,19669.0,54.12,17,8.643,3,1.525,518.690127787,,0,0,0,0,0,0,0,0
20621,2023,32153.0,29.72,16,4.976,1,0.311,1073.10115256,SIERRA NEVADA - PERIJÁ,0,0,0,0,0,0,0,1
20621,2024,32751.0,29.73,12,3.664,8,2.443,1073.10115256,SIERRA NEVADA - PERIJÁ,0,0,0,0,0,0,0,1
20621,2025,33287.0,29.72,7,2.103,7,2.103,1073.10115256,SIERRA NEVADA - PERIJÁ,0,0,0,0,0,0,0,1
20710,2023,30543.0,20.54,7,2.292,8,2.619,550.211705372,,0,0,0,0,0,0,0,0
20710,2024,31199.0,20.55,9,2.885,7,2.244,550.211705372,,0,0,0,0,0,0,0,0
20710,2025,31811.0,20.57,21,6.601,19,5.973,550.211705372,,0,0,0,0,0,0,0,0
20750,2023,22761.0,45.78,3,1.318,2,0.879,645.999443987,SIERRA NEVADA - PERIJÁ,0,0,0,0,0,0,0,1
20750,2024,23324.0,45.8,5,2.144,7,3.001,645.999443987,SIERRA NEVADA - PERIJÁ,0,0,0,0,0,0,0,1
20750,2025,23861.0,45.86,3,1.257,6,2.515,645.999443987,SIERRA NEVADA - PERIJÁ,0,0,0,0,0,0,0,1
20770,2023,32446.0,46.13,3,0.925,3,0.925,993.291243414,,0,0,0,0,0,0,0,0
20770,2024,33351.0,46.18,9,2.699,7,2.099,993.291243414,,0,0,0,0,0,0,0,0
20770,2025,34220.0,46.21,23,6.721,9,2.63,993.291243414,,0,0,0,0,0,0,0,0
20787,2023,16774.0,60.5,6,3.577,1,0.596,513.363513019,,0,0,0,0,0,0,0,0
20787,2024,16871.0,60.48,2,1.185,4,2.371,513.363513019,,0,0,0,0,0,0,0,0
20787,2025,16947.0,60.48,0,0.0,1,0.59,513.363513019,,0,0,0,0,0,0,0,0
23001,2023,552371.0,21.57,61,1.104,45,0.815,3136.89104481,,1,1,0,0,0,0,1,0
23001,2024,563597.0,21.61,72,1.278,47,0.834,3136.89104481,,1,1,0,0,0,0,1,0
23001,2025,574570.0,21.65,43,0.748,48,0.835,3136.89104481,,1,1,0,0,0,0,1,0
23068,2023,49544.0,41.31,3,0.606,2,0.404,1964.83882201,,0,0,1,1,8,8,0,0
23068,2024,49883.0,41.36,1,0.2,1,0.2,1964.83882201,,0,0,1,1,8,8,0,0
23068,2025,50190.0,41.39,2,0.398,4,0.797,1964.83882201,,0,0,1,1,8,8,0,0
23079,2023,22164.0,63.45,2,0.902,3,1.354,834.927037877,,0,0,0,0,0,0,0,0
23079,2024,22295.0,63.53,3,1.346,2,0.897,834.927037877,,0,0,0,0,0,0,0,0
23079,2025,22410.0,63.59,3,1.339,3,1.339,834.927037877,,0,0,0,0,0,0,0,0
23090,2023,16271.0,75.19,0,0.0,0,0.0,420.04154977,,0,0,0,0,0,0,0,0
23090,2024,16420.0,75.19,2,1.218,2,1.218,420.04154977,,0,0,0,0,0,0,0,0
23090,2025,16518.0,75.35,0,0.0,0,0.0,420.04154977,,0,0,0,0,0,0,0,0
23162,2023,117379.0,44.44,27,2.3,6,0.511,290.881961369,,0,0,0,0,0,0,0,0
23162,2024,119389.0,44.46,15,1.256,7,0.586,290.881961369,,0,0,0,0,0,0,0,0
23162,2025,121334.0,44.49,9,0.742,4,0.33,290.881961369,,0,0,0,0,0,0,0,0
23168,2023,19166.0,79.35,2,1.044,0,0.0,323.951638724,,0,0,0,0,0,0,0,0
23168,2024,19407.0,79.63,6,3.092,1,0.515,323.951638724,,0,0,0,0,0,0,0,0
23168,2025,19635.0,79.8,3,1.528,1,0.509,323.951638724,,0,0,0,0,0,0,0,0
23182,2023,51590.0,58.08,19,3.683,2,0.388,626.230625028,,0,0,0,0,0,0,0,0
23182,2024,52071.0,58.04,6,1.152,1,0.192,626.230625028,,0,0,0,0,0,0,0,0
23182,2025,52515.0,58.0,7,1.333,2,0.381,626.230625028,,0,0,0,0,0,0,0,0
23189,2023,62210.0,63.11,20,3.215,3,0.482,641.257202177,,0,0,0,0,0,0,0,0
23189,2024,62594.0,63.23,11,1.757,2,0.32,641.257202177,,0,0,0,0,0,0,0,0
23189,2025,62919.0,63.34,6,0.954,3,0.477,641.257202177,,0,0,0,0,0,0,0,0
23300,2023,21014.0,68.78,3,1.428,2,0.952,88.1122974464,,0,0,0,0,0,0,0,0
23300,2024,21334.0,68.88,8,3.75,0,0.0,88.1122974464,,0,0,0,0,0,0,0,0
23300,2025,21648.0,68.94,2,0.924,2,0.924,88.1122974464,,0,0,0,0,0,0,0,0
23350,2023,16087.0,23.83,4,2.486,1,0.622,287.043717345,,0,0,0,0,0,0,0,0
23350,2024,16297.0,23.91,7,4.295,1,0.614,287.043717345,,0,0,0,0,0,0,0,0
23350,2025,16498.0,23.94,8,4.849,2,1.212,287.043717345,,0,0,0,0,0,0,0,0
23417,2023,119776.0,52.09,15,1.252,2,0.167,951.053880386,,0,0,0,0,0,0,0,0
23417,2024,120346.0,52.0,14,1.163,2,0.166,951.053880386,,0,0,0,0,0,0,0,0
23417,2025,120798.0,51.91,6,0.497,3,0.248,951.053880386,,0,0,0,0,0,0,0,0
23419,2023,19209.0,80.38,4,2.082,2,1.041,366.064789811,,0,0,0,0,0,0,0,0
23419,2024,19217.0,80.5,1,0.52,0,0.0,366.064789811,,0,0,0,0,0,0,0,0
23419,2025,19229.0,80.57,0,0.0,0,0.0,366.064789811,,0,0,0,0,0,0,0,0
23464,2023,21867.0,40.01,3,1.372,0,0.0,158.762773668,,0,0,0,0,0,0,0,0
23464,2024,22186.0,39.96,2,0.901,0,0.0,158.762773668,,0,0,0,0,0,0,0,0
23464,2025,22486.0,39.89,2,0.889,0,0.0,158.762773668,,0,0,0,0,0,0,0,0
23466,2023,86707.0,25.56,20,2.307,1,0.115,1551.0073662,SUR DE CÓRDOBA,3,6,0,0,1,1,6,1
23466,2024,87467.0,25.61,25,2.858,8,0.915,1551.0073662,SUR DE CÓRDOBA,3,6,0,0,1,1,6,1
23466,2025,88139.0,25.65,18,2.042,8,0.908,1551.0073662,SUR DE CÓRDOBA,3,6,0,0,1,1,6,1
23500,2023,32504.0,78.73,2,0.615,0,0.0,203.344089773,,0,0,0,0,0,0,0,0
23500,2024,32846.0,78.72,2,0.609,0,0.0,203.344089773,,0,0,0,0,0,0,0,0
23500,2025,33137.0,78.76,1,0.302,1,0.302,203.344089773,,0,0,0,0,0,0,0,0
23555,2023,66266.0,36.22,9,1.358,4,0.604,1140.410547,,1,1,0,0,0,0,1,0
23555,2024,66459.0,36.27,8,1.204,3,0.451,1140.410547,,1,1,0,0,0,0,1,0
23555,2025,66591.0,36.32,14,2.102,3,0.451,1140.410547,,1,1,0,0,0,0,1,0
23570,2023,37711.0,72.01,3,0.796,1,0.265,849.279888064,,0,0,0,0,0,0,0,0
23570,2024,37976.0,72.09,7,1.843,2,0.527,849.279888064,,0,0,0,0,0,0,0,0
23570,2025,38206.0,72.17,3,0.785,0,0.0,849.279888064,,0,0,0,0,0,0,0,0
23574,2023,24584.0,82.88,1,0.407,1,0.407,411.041731137,,0,0,0,0,0,0,0,0
23574,2024,24650.0,82.99,0,0.0,0,0.0,411.041731137,,0,0,0,0,0,0,0,0
23574,2025,24698.0,83.11,3,1.215,1,0.405,411.041731137,,0,0,0,0,0,0,0,0
23580,2023,45186.0,69.12,11,2.434,1,0.221,1647.51501396,SUR DE CÓRDOBA,3,6,0,0,4,9,6,1
23580,2024,45697.0,69.19,10,2.188,1,0.219,1647.51501396,SUR DE CÓRDOBA,3,6,0,0,4,9,6,1
23580,2025,46166.0,69.27,6,1.3,1,0.217,1647.51501396,SUR DE CÓRDOBA,3,6,0,0,4,9,6,1
23586,2023,18835.0,58.32,3,1.593,0,0.0,117.734571533,,0,0,0,0,0,0,0,0
23586,2024,19091.0,58.32,2,1.048,0,0.0,117.734571533,,0,0,0,0,0,0,0,0
23586,2025,19309.0,58.32,1,0.518,0,0.0,117.734571533,,0,0,0,0,0,0,0,0
23660,2023,117077.0,50.99,27,2.306,3,0.256,964.825490694,,0,0,0,0,0,0,0,0
23660,2024,118572.0,51.06,12,1.012,2,0.169,964.825490694,,0,0,0,0,0,0,0,0
23660,2025,119946.0,51.13,13,1.084,4,0.333,964.825490694,,0,0,0,0,0,0,0,0
23670,2023,51786.0,79.24,4,0.772,0,0.0,206.75986479,,0,0,0,0,0,0,0,0
23670,2024,52225.0,79.2,1,0.191,0,0.0,206.75986479,,0,0,0,0,0,0,0,0
23670,2025,52617.0,79.16,1,0.19,0,0.0,206.75986479,,0,0,0,0,0,0,0,0
23672,2023,38127.0,53.1,12,3.147,1,0.262,207.458615923,,0,0,0,0,0,0,0,0
23672,2024,38802.0,53.05,9,2.319,1,0.258,207.458615923,,0,0,0,0,0,0,0,0
23672,2025,39432.0,53.0,8,2.029,1,0.254,207.458615923,,0,0,0,0,0,0,0,0
23675,2023,40394.0,75.41,4,0.99,2,0.495,315.489296872,,0,0,0,0,0,0,0,0
23675,2024,40897.0,75.53,2,0.489,2,0.489,315.489296872,,0,0,0,0,0,0,0,0
23675,2025,41366.0,75.67,2,0.483,1,0.242,315.489296872,,0,0,0,0,0,0,0,0
23678,2023,28531.0,83.37,9,3.154,2,0.701,446.691491406,,0,0,0,0,0,0,0,0
23678,2024,28745.0,83.42,12,4.175,0,0.0,446.691491406,,0,0,0,0,0,0,0,0
23678,2025,28909.0,83.56,3,1.038,0,0.0,446.691491406,,0,0,0,0,0,0,0,0
23682,2023,14981.0,62.1,0,0.0,0,0.0,525.650276568,SUR DE CÓRDOBA,1,1,0,0,0,0,1,1
23682,2024,15244.0,62.19,2,1.312,0,0.0,525.650276568,SUR DE CÓRDOBA,1,1,0,0,0,0,1,1
23682,2025,15495.0,62.27,1,0.645,1,0.645,525.650276568,SUR DE CÓRDOBA,1,1,0,0,0,0,1,1
23686,2023,56999.0,82.99,6,1.053,2,0.351,445.587827267,,0,0,0,0,0,0,0,0
23686,2024,57804.0,83.09,2,0.346,2,0.346,445.587827267,,0,0,0,0,0,0,0,0
23686,2025,58534.0,83.18,6,1.025,0,0.0,445.587827267,,0,0,0,0,0,0,0,0
23807,2023,99416.0,54.37,25,2.515,3,0.302,4937.63144214,SUR DE CÓRDOBA,0,0,0,0,0,0,0,1
23807,2024,100490.0,54.4,9,0.896,2,0.199,4937.63144214,SUR DE CÓRDOBA,0,0,0,0,0,0,0,1
23807,2025,101499.0,54.43,8,0.788,4,0.394,4937.63144214,SUR DE CÓRDOBA,0,0,0,0,0,0,0,1
23815,2023,59341.0,85.84,1,0.169,0,0.0,106.404399951,,0,0,0,0,0,0,0,0
23815,2024,60386.0,85.87,0,0.0,2,0.331,106.404399951,,0,0,0,0,0,0,0,0
23815,2025,61361.0,85.92,1,0.163,0,0.0,106.404399951,,0,0,0,0,0,0,0,0
23855,2023,36658.0,54.11,4,1.091,0,0.0,919.35069093,SUR DE CÓRDOBA,0,0,0,0,0,0,0,1
23855,2024,36721.0,54.14,2,0.545,1,0.272,919.35069093,SUR DE CÓRDOBA,0,0,0,0,0,0,0,1
23855,2025,36752.0,54.18,2,0.544,0,0.0,919.35069093,SUR DE CÓRDOBA,0,0,0,0,0,0,0,1
25001,2023,11821.0,20.36,2,1.692,1,0.846,85.9587073309,,0,0,0,0,0,0,0,0
25001,2024,11820.0,19.96,1,0.846,1,0.846,85.9587073309,,0,0,0,0,0,0,0,0
25001,2025,11838.0,19.65,1,0.845,0,0.0,85.9587073309,,0,0,0,0,0,0,0,0
25019,2023,6868.0,69.35,0,0.0,3,4.368,50.8350997195,,0,0,0,0,0,0,0,0
25019,2024,6911.0,68.4,0,0.0,2,2.894,50.8350997195,,0,0,0,0,0,0,0,0
25019,2025,6980.0,67.38,4,5.731,2,2.865,50.8350997195,,0,0,0,0,0,0,0,0
25035,2023,16299.0,55.67,1,0.614,1,0.614,123.955490168,,0,0,0,0,0,0,0,0
25035,2024,16635.0,54.71,0,0.0,1,0.601,123.955490168,,0,0,0,0,0,0,0,0
25035,2025,16983.0,53.82,4,2.355,0,0.0,123.955490168,,0,0,0,0,0,0,0,0
25040,2023,14484.0,65.28,1,0.69,5,3.452,120.951463352,,0,0,0,0,0,0,0,0
25040,2024,14581.0,64.36,1,0.686,2,1.372,120.951463352,,0,0,0,0,0,0,0,0
25040,2025,14673.0,63.46,1,0.682,1,0.682,120.951463352,,0,0,0,0,0,0,0,0
25053,2023,10803.0,54.61,0,0.0,3,2.777,142.457162642,,0,0,0,0,0,0,0,0
25053,2024,10753.0,53.65,0,0.0,1,0.93,142.457162642,,0,0,0,0,0,0,0,0
25053,2025,10712.0,52.78,2,1.867,1,0.934,142.457162642,,0,0,0,0,0,0,0,0
25086,2023,1793.0,75.68,0,0.0,0,0.0,176.853200125,,0,0,0,0,0,0,0,0
25086,2024,1805.0,74.52,0,0.0,1,5.54,176.853200125,,0,0,0,0,0,0,0,0
25086,2025,1778.0,73.68,0,0.0,0,0.0,176.853200125,,0,0,0,0,0,0,0,0
25095,2023,2463.0,77.79,0,0.0,0,0.0,61.0470760557,,0,0,0,0,0,0,0,0
25095,2024,2476.0,76.62,0,0.0,0,0.0,61.0470760557,,0,0,0,0,0,0,0,0
25095,2025,2466.0,75.55,0,0.0,0,0.0,61.0470760557,,0,0,0,0,0,0,0,0
25099,2023,10690.0,18.12,0,0.0,1,0.935,102.319881266,,0,0,0,0,0,0,0,0
25099,2024,10793.0,17.6,0,0.0,0,0.0,102.319881266,,0,0,0,0,0,0,0,0
25099,2025,10927.0,17.27,0,0.0,3,2.745,102.319881266,,0,0,0,0,0,0,0,0
25120,2023,4896.0,73.47,0,0.0,1,2.042,421.839592754,,0,0,0,0,0,0,0,0
25120,2024,4887.0,72.4,0,0.0,0,0.0,421.839592754,,0,0,0,0,0,0,0,0
25120,2025,4921.0,71.49,1,2.032,1,2.032,421.839592754,,0,0,0,0,0,0,0,0
25123,2023,10296.0,60.69,3,2.914,0,0.0,53.4526156151,,0,0,0,0,0,0,0,0
25123,2024,10338.0,59.81,0,0.0,0,0.0,53.4526156151,,0,0,0,0,0,0,0,0
25123,2025,10378.0,58.86,2,1.927,3,2.891,53.4526156151,,0,0,0,0,0,0,0,0
25126,2023,114761.0,38.23,5,0.436,12,1.046,50.8720674129,,0,0,0,0,0,0,0,0
25126,2024,118870.0,37.76,1,0.084,12,1.01,50.8720674129,,0,0,0,0,0,0,0,0
25126,2025,122811.0,37.32,2,0.163,7,0.57,50.8720674129,,0,0,0,0,0,0,0,0
25148,2023,11716.0,70.76,2,1.707,1,0.854,615.667597623,,0,0,0,0,0,0,0,0
25148,2024,11509.0,69.79,2,1.738,1,0.869,615.667597623,,0,0,0,0,0,0,0,0
25148,2025,11310.0,68.82,1,0.884,0,0.0,615.667597623,,0,0,0,0,0,0,0,0
25151,2023,17935.0,50.68,0,0.0,0,0.0,111.506819664,,0,0,0,0,0,0,0,0
25151,2024,18061.0,49.81,0,0.0,2,1.107,111.506819664,,0,0,0,0,0,0,0,0
25151,2025,18167.0,48.96,2,1.101,1,0.55,111.506819664,,0,0,0,0,0,0,0,0
25154,2023,7753.0,66.39,0,0.0,1,1.29,298.549064061,,0,0,0,0,0,0,0,0
25154,2024,7764.0,65.25,0,0.0,0,0.0,298.549064061,,0,0,0,0,0,0,0,0
25154,2025,7771.0,64.15,1,1.287,0,0.0,298.549064061,,0,0,0,0,0,0,0,0
25168,2023,4338.0,73.4,0,0.0,0,0.0,172.026722569,,0,0,0,0,0,0,0,0
25168,2024,4366.0,72.45,0,0.0,3,6.871,172.026722569,,0,0,0,0,0,0,0,0
25168,2025,4381.0,71.56,0,0.0,0,0.0,172.026722569,,0,0,0,0,0,0,0,0
25175,2023,165266.0,22.37,3,0.182,17,1.029,80.4780787508,,0,0,0,0,0,0,0,0
25175,2024,169539.0,22.06,6,0.354,19,1.121,80.4780787508,,0,0,0,0,0,0,0,0
25175,2025,173728.0,21.75,8,0.46,24,1.381,80.4780787508,,0,0,0,0,0,0,0,0
25178,2023,10055.0,66.84,2,1.989,0,0.0,150.549554102,,0,0,0,0,0,0,0,0
25178,2024,10150.0,65.91,0,0.0,4,3.941,150.549554102,,0,0,0,0,0,0,0,0
25178,2025,10204.0,64.95,1,0.98,1,0.98,150.549554102,,0,0,0,0,0,0,0,0
25181,2023,11252.0,57.01,0,0.0,3,2.666,212.420096278,,0,0,0,0,0,0,0,0
25181,2024,11283.0,56.13,0,0.0,7,6.204,212.420096278,,0,0,0,0,0,0,0,0
25181,2025,11285.0,55.21,1,0.886,8,7.089,212.420096278,,0,0,0,0,0,0,0,0
25183,2023,21686.0,42.73,3,1.383,6,2.767,300.108735491,,0,0,0,0,0,0,0,0
25183,2024,21836.0,41.84,0,0.0,4,1.832,300.108735491,,0,0,0,0,0,0,0,0
25183,2025,21987.0,41.0,3,1.364,3,1.364,300.108735491,,0,0,0,0,0,0,0,0
25200,2023,24521.0,60.16,1,0.408,2,0.816,132.858468856,,0,0,0,0,0,0,0,0
25200,2024,24963.0,59.19,0,0.0,0,0.0,132.858468856,,0,0,0,0,0,0,0,0
25200,2025,25389.0,58.22,0,0.0,3,1.182,132.858468856,,0,0,0,0,0,0,0,0
25214,2023,44875.0,41.35,3,0.669,6,1.337,53.7106061101,,0,0,0,0,0,0,0,0
25214,2024,46260.0,40.85,3,0.649,3,0.649,53.7106061101,,0,0,0,0,0,0,0,0
25214,2025,47586.0,40.37,4,0.841,5,1.051,53.7106061101,,0,0,0,0,0,0,0,0
25224,2023,8153.0,80.92,0,0.0,3,3.68,109.840173636,,0,0,0,0,0,0,0,0
25224,2024,8234.0,79.86,0,0.0,1,1.214,109.840173636,,0,0,0,0,0,0,0,0
25224,2025,8325.0,78.74,2,2.402,0,0.0,109.840173636,,0,0,0,0,0,0,0,0
25245,2023,26203.0,52.61,0,0.0,2,0.763,118.279645049,,0,0,0,0,0,0,0,0
25245,2024,26618.0,51.76,3,1.127,1,0.376,118.279645049,,0,0,0,0,0,0,0,0
25245,2025,27003.0,50.91,5,1.852,1,0.37,118.279645049,,0,0,0,0,0,0,0,0
25258,2023,4736.0,83.04,1,2.111,1,2.111,134.090998334,,0,0,0,0,0,0,0,0
25258,2024,4710.0,82.17,0,0.0,0,0.0,134.090998334,,0,0,0,0,0,0,0,0
25258,2025,4735.0,80.59,1,2.112,0,0.0,134.090998334,,0,0,0,0,0,0,0,0
25260,2023,25863.0,9.47,3,1.16,6,2.32,87.2381769324,,0,0,0,0,0,0,0,0
25260,2024,26497.0,9.14,3,1.132,3,1.132,87.2381769324,,0,0,0,0,0,0,0,0
25260,2025,27092.0,8.84,3,1.107,4,1.476,87.2381769324,,0,0,0,0,0,0,0,0
25269,2023,158434.0,7.11,18,1.136,16,1.01,157.99553938,,0,0,0,0,0,0,0,0
25269,2024,161874.0,6.88,24,1.483,10,0.618,157.99553938,,0,0,0,0,0,0,0,0
25269,2025,165243.0,6.67,16,0.968,11,0.666,157.99553938,,0,0,0,0,0,0,0,0
25279,2023,12320.0,51.06,1,0.812,1,0.812,460.17535169,,0,0,0,0,0,0,0,0
25279,2024,12340.0,50.14,0,0.0,0,0.0,460.17535169,,0,0,0,0,0,0,0,0
25279,2025,12359.0,49.32,1,0.809,0,0.0,460.17535169,,0,0,0,0,0,0,0,0
25281,2023,5666.0,71.43,0,0.0,1,1.765,111.203545249,,0,0,0,0,0,0,0,0
25281,2024,5631.0,70.38,2,3.552,0,0.0,111.203545249,,0,0,0,0,0,0,0,0
25281,2025,5597.0,69.41,0,0.0,0,0.0,111.203545249,,0,0,0,0,0,0,0,0
25286,2023,114641.0,3.67,14,1.221,13,1.134,67.7527655846,,0,0,0,0,0,0,0,0
25286,2024,118457.0,3.58,10,0.844,6,0.507,67.7527655846,,0,0,0,0,0,0,0,0
25286,2025,122260.0,3.49,14,1.145,11,0.9,67.7527655846,,0,0,0,0,0,0,0,0
25288,2023,4973.0,93.06,0,0.0,1,2.011,77.4612284433,,0,0,0,0,0,0,0,0
25288,2024,4961.0,92.04,0,0.0,0,0.0,77.4612284433,,0,0,0,0,0,0,0,0
25288,2025,4948.0,90.84,0,0.0,0,0.0,77.4612284433,,0,0,0,0,0,0,0,0
25290,2023,153894.0,13.94,13,0.845,20,1.3,193.95073697,,0,0,0,0,0,0,0,0
25290,2024,156943.0,13.59,16,1.019,16,1.019,193.95073697,,0,0,0,0,0,0,0,0
25290,2025,159944.0,13.25,18,1.125,20,1.25,193.95073697,,0,0,0,0,0,0,0,0
25293,2023,4523.0,61.09,0,0.0,0,0.0,384.997087302,,0,0,0,0,0,0,0,0
25293,2024,4548.0,60.14,0,0.0,0,0.0,384.997087302,,0,0,0,0,0,0,0,0
25293,2025,4545.0,59.23,0,0.0,1,2.2,384.997087302,,0,0,0,0,0,0,0,0
25295,2023,20237.0,28.71,1,0.494,2,0.988,42.9244210849,,0,0,0,0,0,0,0,0
25295,2024,20800.0,28.04,1,0.481,2,0.962,42.9244210849,,0,0,0,0,0,0,0,0
25295,2025,21332.0,27.39,4,1.875,0,0.0,42.9244210849,,0,0,0,0,0,0,0,0
25297,2023,8593.0,54.56,0,0.0,1,1.164,258.862031997,,0,0,0,0,0,0,0,0
25297,2024,8619.0,53.58,0,0.0,1,1.16,258.862031997,,0,0,0,0,0,0,0,0
25297,2025,8618.0,52.67,1,1.16,0,0.0,258.862031997,,0,0,0,0,0,0,0,0
25299,2023,3191.0,71.67,0,0.0,1,3.134,107.686798395,,0,0,0,0,0,0,0,0
25299,2024,3193.0,70.59,0,0.0,0,0.0,107.686798395,,0,0,0,0,0,0,0,0
25299,2025,3188.0,69.42,0,0.0,0,0.0,107.686798395,,0,0,0,0,0,0,0,0
25307,2023,103443.0,3.83,65,6.284,6,0.58,130.156680658,,0,0,0,0,0,0,0,0
25307,2024,103831.0,3.71,41,3.949,9,0.867,130.156680658,,0,0,0,0,0,0,0,0
25307,2025,104137.0,3.59,50,4.801,16,1.536,130.156680658,,0,0,0,0,0,0,0,0
25312,2023,7567.0,69.3,1,1.322,0,0.0,60.7049777643,,0,0,0,0,0,0,0,0
25312,2024,7614.0,68.37,0,0.0,6,7.88,60.7049777643,,0,0,0,0,0,0,0,0
25312,2025,7660.0,67.28,0,0.0,3,3.916,60.7049777643,,0,0,0,0,0,0,0,0
25317,2023,14515.0,51.04,0,0.0,0,0.0,170.173303648,,0,0,0,0,0,0,0,0
25317,2024,14716.0,50.28,1,0.68,0,0.0,170.173303648,,0,0,0,0,0,0,0,0
25317,2025,14913.0,49.47,1,0.671,0,0.0,170.173303648,,0,0,0,0,0,0,0,0
25320,2023,30808.0,50.44,8,2.597,8,2.597,763.675864065,,0,0,0,0,0,0,0,0
25320,2024,30787.0,49.51,6,1.949,9,2.923,763.675864065,,0,0,0,0,0,0,0,0
25320,2025,30732.0,48.59,8,2.603,2,0.651,763.675864065,,0,0,0,0,0,0,0,0
25322,2023,17196.0,54.66,0,0.0,2,1.163,360.588514093,,0,0,0,0,0,0,0,0
25322,2024,17529.0,53.71,0,0.0,2,1.141,360.588514093,,0,0,0,0,0,0,0,0
25322,2025,17869.0,52.77,3,1.679,2,1.119,360.588514093,,0,0,0,0,0,0,0,0
25324,2023,3092.0,52.43,1,3.234,0,0.0,90.9522028319,,0,0,0,0,0,0,0,0
25324,2024,3118.0,51.51,0,0.0,0,0.0,90.9522028319,,0,0,0,0,0,0,0,0
25324,2025,3153.0,50.65,0,0.0,0,0.0,90.9522028319,,0,0,0,0,0,0,0,0
25326,2023,6410.0,59.94,0,0.0,3,4.68,252.360516768,,0,0,0,0,0,0,0,0
25326,2024,6391.0,59.07,0,0.0,0,0.0,252.360516768,,0,0,0,0,0,0,0,0
25326,2025,6379.0,58.16,1,1.568,1,1.568,252.360516768,,0,0,0,0,0,0,0,0
25328,2023,4970.0,72.37,1,2.012,0,0.0,61.8734487002,,0,0,0,0,0,0,0,0
25328,2024,5062.0,71.49,1,1.976,1,1.976,61.8734487002,,0,0,0,0,0,0,0,0
25328,2025,5132.0,70.46,0,0.0,0,0.0,61.8734487002,,0,0,0,0,0,0,0,0
25335,2023,6872.0,63.71,1,1.455,2,2.91,222.824800942,,0,0,0,0,0,0,0,0
25335,2024,6989.0,62.71,0,0.0,0,0.0,222.824800942,,0,0,0,0,0,0,0,0
25335,2025,7066.0,61.72,0,0.0,0,0.0,222.824800942,,0,0,0,0,0,0,0,0
25339,2023,3493.0,66.33,0,0.0,1,2.863,453.22549052,,0,0,0,0,0,0,0,0
25339,2024,3512.0,65.32,0,0.0,0,0.0,453.22549052,,0,0,0,0,0,0,0,0
25339,2025,3520.0,64.15,1,2.841,0,0.0,453.22549052,,0,0,0,0,0,0,0,0
25368,2023,2191.0,60.47,0,0.0,0,0.0,221.86018189,,0,0,0,0,0,0,0,0
25368,2024,2169.0,60.17,0,0.0,1,4.61,221.86018189,,0,0,0,0,0,0,0,0
25368,2025,2135.0,58.92,0,0.0,0,0.0,221.86018189,,0,0,0,0,0,0,0,0
25372,2023,5229.0,80.8,0,0.0,0,0.0,343.825553814,,0,0,0,0,0,0,0,0
25372,2024,5105.0,79.8,0,0.0,0,0.0,343.825553814,,0,0,0,0,0,0,0,0
25372,2025,4976.0,78.68,0,0.0,0,0.0,343.825553814,,0,0,0,0,0,0,0,0
25377,2023,41416.0,59.08,2,0.483,1,0.241,326.572650772,,0,0,0,0,0,0,0,0
25377,2024,42445.0,58.44,0,0.0,7,1.649,326.572650772,,0,0,0,0,0,0,0,0
25377,2025,43453.0,57.85,5,1.151,24,5.523,326.572650772,,0,0,0,0,0,0,0,0
25386,2023,36266.0,43.23,14,3.86,4,1.103,148.198807878,,0,0,0,0,0,0,0,0
25386,2024,36901.0,42.44,2,0.542,4,1.084,148.198807878,,0,0,0,0,0,0,0,0
25386,2025,37508.0,41.62,1,0.267,3,0.8,148.198807878,,0,0,0,0,0,0,0,0
25394,2023,9687.0,52.16,0,0.0,1,1.032,190.790693297,,0,0,0,0,0,0,0,0
25394,2024,9706.0,51.36,1,1.03,1,1.03,190.790693297,,0,0,0,0,0,0,0,0
25394,2025,9708.0,50.43,1,1.03,1,1.03,190.790693297,,0,0,0,0,0,0,0,0
25398,2023,6032.0,78.45,0,0.0,1,1.658,128.452388826,,0,0,0,0,0,0,0,0
25398,2024,6051.0,77.13,0,0.0,0,0.0,128.452388826,,0,0,0,0,0,0,0,0
25398,2025,6073.0,76.06,0,0.0,0,0.0,128.452388826,,0,0,0,0,0,0,0,0
25402,2023,18642.0,58.29,4,2.146,6,3.219,155.437581127,,0,0,0,0,0,0,0,0
25402,2024,18891.0,57.36,0,0.0,4,2.117,155.437581127,,0,0,0,0,0,0,0,0
25402,2025,19137.0,56.4,0,0.0,0,0.0,155.437581127,,0,0,0,0,0,0,0,0
25407,2023,10547.0,67.54,0,0.0,0,0.0,155.630376856,,0,0,0,0,0,0,0,0
25407,2024,10629.0,66.5,0,0.0,0,0.0,155.630376856,,0,0,0,0,0,0,0,0
25407,2025,10670.0,65.53,0,0.0,0,0.0,155.630376856,,0,0,0,0,0,0,0,0
25426,2023,6250.0,68.3,0,0.0,5,8.0,229.191506823,,0,0,0,0,0,0,0,0
25426,2024,6273.0,67.19,0,0.0,0,0.0,229.191506823,,0,0,0,0,0,0,0,0
25426,2025,6280.0,65.99,0,0.0,0,0.0,229.191506823,,0,0,0,0,0,0,0,0
25430,2023,135299.0,5.32,16,1.183,14,1.035,119.581899417,,0,0,0,0,0,0,0,0
25430,2024,139289.0,5.12,9,0.646,14,1.005,119.581899417,,0,0,0,0,0,0,0,0
25430,2025,143090.0,4.92,19,1.328,14,0.978,119.581899417,,0,0,0,0,0,0,0,0
25436,2023,3551.0,68.23,0,0.0,3,8.448,107.906512215,,0,0,0,0,0,0,0,0
25436,2024,3502.0,67.39,0,0.0,0,0.0,107.906512215,,0,0,0,0,0,0,0,0
25436,2025,3471.0,66.21,0,0.0,2,5.762,107.906512215,,0,0,0,0,0,0,0,0
25438,2023,8449.0,41.51,0,0.0,3,3.551,1196.94764193,,0,0,0,0,0,0,0,0
25438,2024,8472.0,40.56,1,1.18,2,2.361,1196.94764193,,0,0,0,0,0,0,0,0
25438,2025,8517.0,39.69,0,0.0,2,2.348,1196.94764193,,0,0,0,0,0,0,0,0
25473,2023,167198.0,1.87,17,1.017,19,1.136,105.939522085,,0,0,0,0,0,0,0,0
25473,2024,173675.0,1.85,20,1.152,17,0.979,105.939522085,,0,0,0,0,0,0,0,0
25473,2025,179940.0,1.82,21,1.167,20,1.111,105.939522085,,0,0,0,0,0,0,0,0
25483,2023,2436.0,26.85,1,4.105,0,0.0,55.1626268432,,0,0,0,0,0,0,0,0
25483,2024,2462.0,26.56,0,0.0,0,0.0,55.1626268432,,0,0,0,0,0,0,0,0
25483,2025,2482.0,26.11,0,0.0,0,0.0,55.1626268432,,0,0,0,0,0,0,0,0
25486,2023,14430.0,47.52,1,0.693,1,0.693,98.3813517164,,0,0,0,0,0,0,0,0
25486,2024,14659.0,46.74,2,1.364,1,0.682,98.3813517164,,0,0,0,0,0,0,0,0
25486,2025,14872.0,45.99,2,1.345,0,0.0,98.3813517164,,0,0,0,0,0,0,0,0
25488,2023,11008.0,69.54,1,0.908,0,0.0,224.643775144,,0,0,0,0,0,0,0,0
25488,2024,11030.0,68.42,0,0.0,3,2.72,224.643775144,,0,0,0,0,0,0,0,0
25488,2025,11080.0,67.29,0,0.0,0,0.0,224.643775144,,0,0,0,0,0,0,0,0
25489,2023,3662.0,75.2,0,0.0,2,5.461,59.5181528472,,0,0,0,0,0,0,0,0
25489,2024,3674.0,73.87,1,2.722,0,0.0,59.5181528472,,0,0,0,0,0,0,0,0
25489,2025,3672.0,72.88,1,2.723,0,0.0,59.5181528472,,0,0,0,0,0,0,0,0
25491,2023,5752.0,64.31,2,3.477,1,1.739,68.9382330244,,0,0,0,0,0,0,0,0
25491,2024,5654.0,63.35,1,1.769,1,1.769,68.9382330244,,0,0,0,0,0,0,0,0
25491,2025,5578.0,62.41,1,1.793,0,0.0,68.9382330244,,0,0,0,0,0,0,0,0
25506,2023,4463.0,67.82,0,0.0,0,0.0,122.203316749,,0,0,0,0,0,0,0,0
25506,2024,4505.0,66.75,1,2.22,1,2.22,122.203316749,,0,0,0,0,0,0,0,0
25506,2025,4528.0,65.77,0,0.0,0,0.0,122.203316749,,0,0,0,0,0,0,0,0
25513,2023,24965.0,42.86,5,2.003,9,3.605,402.626777174,,0,0,0,0,0,0,0,0
25513,2024,25018.0,42.07,0,0.0,5,1.999,402.626777174,,0,0,0,0,0,0,0,0
25513,2025,25021.0,41.28,0,0.0,5,1.998,402.626777174,,0,0,0,0,0,0,0,0
25518,2023,3914.0,83.83,2,5.11,0,0.0,173.635711136,,0,0,0,0,0,0,0,0
25518,2024,3853.0,82.71,0,0.0,1,2.595,173.635711136,,0,0,0,0,0,0,0,0
25518,2025,3786.0,81.8,0,0.0,0,0.0,173.635711136,,0,0,0,0,0,0,0,0
25524,2023,4954.0,74.08,1,2.019,2,4.037,71.697583134,,0,0,0,0,0,0,0,0
25524,2024,4941.0,73.2,0,0.0,1,2.024,71.697583134,,0,0,0,0,0,0,0,0
25524,2025,4908.0,72.29,0,0.0,1,2.037,71.697583134,,0,0,0,0,0,0,0,0
25530,2023,8775.0,53.36,9,10.256,3,3.419,885.533703499,,0,0,0,0,0,0,0,0
25530,2024,8841.0,52.41,2,2.262,2,2.262,885.533703499,,0,0,0,0,0,0,0,0
25530,2025,8881.0,51.51,3,3.378,3,3.378,885.533703499,,0,0,0,0,0,0,0,0
25535,2023,9337.0,65.39,3,3.213,5,5.355,271.713751734,,0,0,0,0,0,0,0,0
25535,2024,9386.0,64.44,0,0.0,1,1.065,271.713751734,,0,0,0,0,0,0,0,0
25535,2025,9394.0,63.4,0,0.0,0,0.0,271.713751734,,0,0,0,0,0,0,0,0
25572,2023,15732.0,25.17,1,0.636,2,1.271,515.94145464,,0,0,0,0,0,0,0,0
25572,2024,15771.0,24.63,3,1.902,1,0.634,515.94145464,,0,0,0,0,0,0,0,0
25572,2025,15799.0,24.17,6,3.798,3,1.899,515.94145464,,0,0,0,0,0,0,0,0
25580,2023,3597.0,75.42,1,2.78,0,0.0,197.687884601,,0,0,0,0,0,0,0,0
25580,2024,3652.0,74.1,0,0.0,0,0.0,197.687884601,,0,0,0,0,0,0,0,0
25580,2025,3686.0,72.95,0,0.0,0,0.0,197.687884601,,0,0,0,0,0,0,0,0
25592,2023,4906.0,86.42,0,0.0,0,0.0,79.8564294775,,0,0,0,0,0,0,0,0
25592,2024,4922.0,85.39,1,2.032,0,0.0,79.8564294775,,0,0,0,0,0,0,0,0
25592,2025,4939.0,84.31,0,0.0,0,0.0,79.8564294775,,0,0,0,0,0,0,0,0
25594,2023,5179.0,67.97,0,0.0,0,0.0,137.828538689,,0,0,0,0,0,0,0,0
25594,2024,5182.0,67.14,0,0.0,0,0.0,137.828538689,,0,0,0,0,0,0,0,0
25594,2025,5201.0,65.95,0,0.0,0,0.0,137.828538689,,0,0,0,0,0,0,0,0
25596,2023,5874.0,85.73,3,5.107,2,3.405,127.717135027,,0,0,0,0,0,0,0,0
25596,2024,5777.0,84.46,0,0.0,1,1.731,127.717135027,,0,0,0,0,0,0,0,0
25596,2025,5675.0,83.33,0,0.0,0,0.0,127.717135027,,0,0,0,0,0,0,0,0
25599,2023,8557.0,53.84,3,3.506,1,1.169,121.983485194,,0,0,0,0,0,0,0,0
25599,2024,8624.0,53.06,2,2.319,0,0.0,121.983485194,,0,0,0,0,0,0,0,0
25599,2025,8666.0,52.3,1,1.154,0,0.0,121.983485194,,0,0,0,0,0,0,0,0
25612,2023,14851.0,41.75,0,0.0,3,2.02,128.204403237,,0,0,0,0,0,0,0,0
25612,2024,15191.0,40.83,2,1.317,2,1.317,128.204403237,,0,0,0,0,0,0,0,0
25612,2025,15535.0,40.05,1,0.644,2,1.287,128.204403237,,0,0,0,0,0,0,0,0
25645,2023,12184.0,87.99,0,0.0,1,0.821,88.5656487024,,0,0,0,0,0,0,0,0
25645,2024,12208.0,86.84,0,0.0,4,3.277,88.5656487024,,0,0,0,0,0,0,0,0
25645,2025,12207.0,85.68,1,0.819,4,3.277,88.5656487024,,0,0,0,0,0,0,0,0
25649,2023,8685.0,54.61,0,0.0,0,0.0,247.01542227,,0,0,0,0,0,0,0,0
25649,2024,8709.0,53.91,0,0.0,0,0.0,247.01542227,,0,0,0,0,0,0,0,0
25649,2025,8729.0,53.02,0,0.0,0,0.0,247.01542227,,0,0,0,0,0,0,0,0
25653,2023,4825.0,82.16,0,0.0,0,0.0,287.80794527,,0,0,0,0,0,0,0,0
25653,2024,4839.0,80.86,1,2.067,0,0.0,287.80794527,,0,0,0,0,0,0,0,0
25653,2025,4824.0,79.66,0,0.0,0,0.0,287.80794527,,0,0,0,0,0,0,0,0
25658,2023,12263.0,54.8,1,0.815,1,0.815,118.745975333,,0,0,0,0,0,0,0,0
25658,2024,12563.0,53.94,1,0.796,2,1.592,118.745975333,,0,0,0,0,0,0,0,0
25658,2025,12843.0,53.1,1,0.779,6,4.672,118.745975333,,0,0,0,0,0,0,0,0
25662,2023,8380.0,59.92,0,0.0,1,1.193,314.087273803,,0,0,0,0,0,0,0,0
25662,2024,8423.0,59.14,3,3.562,0,0.0,314.087273803,,0,0,0,0,0,0,0,0
25662,2025,8415.0,58.36,1,1.188,0,0.0,314.087273803,,0,0,0,0,0,0,0,0
25718,2023,11267.0,71.48,1,0.888,1,0.888,111.615253664,,0,0,0,0,0,0,0,0
25718,2024,11389.0,70.41,1,0.878,0,0.0,111.615253664,,0,0,0,0,0,0,0,0
25718,2025,11447.0,69.43,3,2.621,2,1.747,111.615253664,,0,0,0,0,0,0,0,0
25736,2023,12522.0,64.86,1,0.799,1,0.799,141.190757899,,0,0,0,0,0,0,0,0
25736,2024,12723.0,63.9,0,0.0,2,1.572,141.190757899,,0,0,0,0,0,0,0,0
25736,2025,12897.0,62.86,0,0.0,1,0.775,141.190757899,,0,0,0,0,0,0,0,0
25740,2023,39697.0,34.24,3,0.756,4,1.008,122.132672587,,0,0,0,0,0,0,0,0
25740,2024,40013.0,33.89,10,2.499,7,1.749,122.132672587,,0,0,0,0,0,0,0,0
25740,2025,40324.0,33.56,8,1.984,12,2.976,122.132672587,,0,0,0,0,0,0,0,0
25743,2023,22358.0,63.82,1,0.447,5,2.236,162.574528048,,0,0,0,0,0,0,0,0
25743,2024,22445.0,62.88,4,1.782,1,0.446,162.574528048,,0,0,0,0,0,0,0,0
25743,2025,22520.0,61.96,1,0.444,6,2.664,162.574528048,,0,0,0,0,0,0,0,0
25745,2023,14074.0,36.92,0,0.0,0,0.0,96.7155455252,,0,0,0,0,0,0,0,0
25745,2024,14289.0,36.15,0,0.0,1,0.7,96.7155455252,,0,0,0,0,0,0,0,0
25745,2025,14487.0,35.34,0,0.0,1,0.69,96.7155455252,,0,0,0,0,0,0,0,0
25754,2023,814670.0,0.87,152,1.866,74,0.908,187.445942097,,0,0,0,0,0,0,0,0
25754,2024,842579.0,0.86,181,2.148,64,0.76,187.445942097,,0,0,0,0,0,0,0,0
25754,2025,870077.0,0.85,193,2.218,68,0.782,187.445942097,,0,0,0,0,0,0,0,0
25758,2023,32323.0,35.05,1,0.309,4,1.238,111.097917443,,0,0,0,0,0,0,0,0
25758,2024,32937.0,34.56,1,0.304,3,0.911,111.097917443,,0,0,0,0,0,0,0,0
25758,2025,33511.0,34.06,0,0.0,4,1.194,111.097917443,,0,0,0,0,0,0,0,0
25769,2023,17411.0,46.98,1,0.574,0,0.0,209.217284706,,0,0,0,0,0,0,0,0
25769,2024,17703.0,46.0,1,0.565,6,3.389,209.217284706,,0,0,0,0,0,0,0,0
25769,2025,17999.0,45.05,1,0.556,8,4.445,209.217284706,,0,0,0,0,0,0,0,0
25772,2023,18840.0,50.48,2,1.062,1,0.531,173.267639804,,0,0,0,0,0,0,0,0
25772,2024,19171.0,49.51,1,0.522,1,0.522,173.267639804,,0,0,0,0,0,0,0,0
25772,2025,19477.0,48.61,1,0.513,0,0.0,173.267639804,,0,0,0,0,0,0,0,0
25777,2023,5494.0,64.27,0,0.0,0,0.0,130.389677349,,0,0,0,0,0,0,0,0
25777,2024,5529.0,63.37,0,0.0,0,0.0,130.389677349,,0,0,0,0,0,0,0,0
25777,2025,5550.0,62.41,0,0.0,1,1.802,130.389677349,,0,0,0,0,0,0,0,0
25779,2023,6582.0,60.85,0,0.0,0,0.0,104.154571546,,0,0,0,0,0,0,0,0
25779,2024,6595.0,59.83,0,0.0,1,1.516,104.154571546,,0,0,0,0,0,0,0,0
25779,2025,6595.0,58.89,1,1.516,0,0.0,104.154571546,,0,0,0,0,0,0,0,0
25781,2023,6616.0,62.64,1,1.511,0,0.0,64.8505380991,,0,0,0,0,0,0,0,0
25781,2024,6727.0,61.65,1,1.487,0,0.0,64.8505380991,,0,0,0,0,0,0,0,0
25781,2025,6869.0,60.77,0,0.0,0,0.0,64.8505380991,,0,0,0,0,0,0,0,0
25785,2023,22727.0,66.05,0,0.0,2,0.88,75.1957647042,,0,0,0,0,0,0,0,0
25785,2024,22884.0,65.05,2,0.874,3,1.311,75.1957647042,,0,0,0,0,0,0,0,0
25785,2025,23025.0,64.05,1,0.434,5,2.172,75.1957647042,,0,0,0,0,0,0,0,0
25793,2023,8491.0,77.71,0,0.0,0,0.0,201.87201781,,0,0,0,0,0,0,0,0
25793,2024,8560.0,76.47,2,2.336,0,0.0,201.87201781,,0,0,0,0,0,0,0,0
25793,2025,8602.0,75.47,0,0.0,0,0.0,201.87201781,,0,0,0,0,0,0,0,0
25797,2023,10838.0,89.47,1,0.923,0,0.0,51.4372722954,,0,0,0,0,0,0,0,0
25797,2024,11062.0,88.32,0,0.0,1,0.904,51.4372722954,,0,0,0,0,0,0,0,0
25797,2025,11316.0,87.07,3,2.651,0,0.0,51.4372722954,,0,0,0,0,0,0,0,0
25799,2023,24235.0,54.38,1,0.413,2,0.825,114.208772984,,0,0,0,0,0,0,0,0
25799,2024,24623.0,53.3,0,0.0,4,1.624,114.208772984,,0,0,0,0,0,0,0,0
25799,2025,25014.0,52.23,0,0.0,4,1.599,114.208772984,,0,0,0,0,0,0,0,0
25805,2023,4301.0,83.96,0,0.0,2,4.65,84.7522731021,,0,0,0,0,0,0,0,0
25805,2024,4276.0,82.81,0,0.0,2,4.677,84.7522731021,,0,0,0,0,0,0,0,0
25805,2025,4265.0,81.83,0,0.0,1,2.345,84.7522731021,,0,0,0,0,0,0,0,0
25807,2023,3323.0,79.51,0,0.0,1,3.009,56.5473945079,,0,0,0,0,0,0,0,0
25807,2024,3346.0,78.63,0,0.0,0,0.0,56.5473945079,,0,0,0,0,0,0,0,0
25807,2025,3376.0,77.37,1,2.962,0,0.0,56.5473945079,,0,0,0,0,0,0,0,0
25815,2023,16028.0,35.35,4,2.496,1,0.624,245.76681281,,0,0,0,0,0,0,0,0
25815,2024,16059.0,34.82,2,1.245,1,0.623,245.76681281,,0,0,0,0,0,0,0,0
25815,2025,16083.0,34.13,4,2.487,2,1.244,245.76681281,,0,0,0,0,0,0,0,0
25817,2023,47128.0,56.33,2,0.424,8,1.698,73.2401597024,,0,0,0,0,0,0,0,0
25817,2024,48367.0,55.33,3,0.62,2,0.414,73.2401597024,,0,0,0,0,0,0,0,0
25817,2025,49532.0,54.31,4,0.808,6,1.211,73.2401597024,,0,0,0,0,0,0,0,0
25823,2023,4036.0,78.49,0,0.0,1,2.478,143.710792264,,0,0,0,0,0,0,0,0
25823,2024,3994.0,77.42,0,0.0,0,0.0,143.710792264,,0,0,0,0,0,0,0,0
25823,2025,3972.0,76.03,0,0.0,0,0.0,143.710792264,,0,0,0,0,0,0,0,0
25839,2023,7884.0,76.81,0,0.0,0,0.0,522.45862452,,0,0,0,0,0,0,0,0
25839,2024,7889.0,75.79,1,1.268,1,1.268,522.45862452,,0,0,0,0,0,0,0,0
25839,2025,7897.0,74.85,0,0.0,0,0.0,522.45862452,,0,0,0,0,0,0,0,0
25841,2023,6886.0,78.88,0,0.0,0,0.0,107.090788745,,0,0,0,0,0,0,0,0
25841,2024,6923.0,77.74,0,0.0,1,1.444,107.090788745,,0,0,0,0,0,0,0,0
25841,2025,6934.0,76.62,1,1.442,1,1.442,107.090788745,,0,0,0,0,0,0,0,0
25843,2023,46613.0,22.03,4,0.858,3,0.644,102.276880185,,0,0,0,0,0,0,0,0
25843,2024,47305.0,21.48,1,0.211,5,1.057,102.276880185,,0,0,0,0,0,0,0,0
25843,2025,47985.0,20.97,2,0.417,4,0.834,102.276880185,,0,0,0,0,0,0,0,0
25845,2023,6779.0,42.84,1,1.475,1,1.475,209.128268581,,0,0,0,0,0,0,0,0
25845,2024,6730.0,41.99,1,1.486,1,1.486,209.128268581,,0,0,0,0,0,0,0,0
25845,2025,6670.0,41.23,1,1.499,2,2.999,209.128268581,,0,0,0,0,0,0,0,0
25851,2023,4323.0,39.56,1,2.313,0,0.0,92.0843217235,,0,0,0,0,0,0,0,0
25851,2024,4342.0,38.9,0,0.0,1,2.303,92.0843217235,,0,0,0,0,0,0,0,0
25851,2025,4345.0,38.32,0,0.0,0,0.0,92.0843217235,,0,0,0,0,0,0,0,0
25862,2023,6750.0,77.93,1,1.481,1,1.481,144.65077513,,0,0,0,0,0,0,0,0
25862,2024,6708.0,76.88,1,1.491,0,0.0,144.65077513,,0,0,0,0,0,0,0,0
25862,2025,6696.0,75.73,1,1.493,1,1.493,144.65077513,,0,0,0,0,0,0,0,0
25867,2023,4572.0,61.9,1,2.187,0,0.0,67.1183769297,,0,0,0,0,0,0,0,0
25867,2024,4624.0,60.92,0,0.0,1,2.163,67.1183769297,,0,0,0,0,0,0,0,0
25867,2025,4643.0,60.0,0,0.0,0,0.0,67.1183769297,,0,0,0,0,0,0,0,0
25871,2023,1663.0,60.67,0,0.0,1,6.013,62.9689269638,,0,0,0,0,0,0,0,0
25871,2024,1645.0,59.64,0,0.0,1,6.079,62.9689269638,,0,0,0,0,0,0,0,0
25871,2025,1629.0,58.87,0,0.0,0,0.0,62.9689269638,,0,0,0,0,0,0,0,0
25873,2023,18016.0,57.82,2,1.11,1,0.555,226.159939303,,0,0,0,0,0,0,0,0
25873,2024,18129.0,56.99,0,0.0,1,0.552,226.159939303,,0,0,0,0,0,0,0,0
25873,2025,18231.0,55.98,1,0.549,0,0.0,226.159939303,,0,0,0,0,0,0,0,0
25875,2023,28823.0,28.95,5,1.735,6,2.082,140.887226029,,0,0,0,0,0,0,0,0
25875,2024,29130.0,28.42,4,1.373,7,2.403,140.887226029,,0,0,0,0,0,0,0,0
25875,2025,29421.0,27.85,5,1.699,11,3.739,140.887226029,,0,0,0,0,0,0,0,0
25878,2023,13468.0,63.61,6,4.455,1,0.743,201.329286583,,0,0,0,0,0,0,0,0
25878,2024,13500.0,62.75,2,1.481,2,1.481,201.329286583,,0,0,0,0,0,0,0,0
25878,2025,13513.0,61.68,5,3.7,9,6.66,201.329286583,,0,0,0,0,0,0,0,0
25885,2023,11413.0,71.23,1,0.876,1,0.876,956.783274559,,0,0,0,0,0,0,0,0
25885,2024,11191.0,70.21,0,0.0,0,0.0,956.783274559,,0,0,0,0,0,0,0,0
25885,2025,10996.0,69.14,2,1.819,0,0.0,956.783274559,,0,0,0,0,0,0,0,0
25898,2023,4692.0,68.76,0,0.0,0,0.0,54.2703825131,,0,0,0,0,0,0,0,0
25898,2024,4679.0,67.86,0,0.0,0,0.0,54.2703825131,,0,0,0,0,0,0,0,0
25898,2025,4655.0,66.81,1,2.148,1,2.148,54.2703825131,,0,0,0,0,0,0,0,0
25899,2023,159790.0,21.71,8,0.501,17,1.064,194.820384648,,0,0,0,0,0,0,0,0
25899,2024,163372.0,21.49,16,0.979,20,1.224,194.820384648,,0,0,0,0,0,0,0,0
25899,2025,166810.0,21.27,9,0.54,15,0.899,194.820384648,,0,0,0,0,0,0,0,0
27001,2023,138336.0,13.87,104,7.518,301,21.759,3507.08818508,,2,3,1,2,0,0,3,0
27001,2024,140076.0,14.05,143,10.209,309,22.059,3507.08818508,,2,3,1,2,0,0,3,0
27001,2025,141778.0,14.24,107,7.547,187,13.19,3507.08818508,,2,3,1,2,0,0,3,0
27006,2023,15650.0,56.01,5,3.195,2,1.278,797.603256078,CHOCÓ,0,0,0,0,0,0,0,1
27006,2024,15963.0,57.14,5,3.132,1,0.626,797.603256078,CHOCÓ,0,0,0,0,0,0,0,1
27006,2025,16200.0,57.74,1,0.617,1,0.617,797.603256078,CHOCÓ,0,0,0,0,0,0,0,1
27025,2023,28707.0,88.6,0,0.0,1,0.348,2050.39821136,,0,0,0,0,0,0,0,0
27025,2024,28940.0,88.81,0,0.0,2,0.691,2050.39821136,,0,0,0,0,0,0,0,0
27025,2025,29176.0,89.0,1,0.343,0,0.0,2050.39821136,,0,0,0,0,0,0,0,0
27050,2023,6356.0,53.32,0,0.0,1,1.573,421.601300745,,0,0,1,1,0,0,0,0
27050,2024,6409.0,53.61,3,4.681,3,4.681,421.601300745,,0,0,1,1,0,0,0,0
27050,2025,6464.0,53.99,4,6.188,5,7.735,421.601300745,,0,0,1,1,0,0,0,0
27073,2023,12213.0,78.65,0,0.0,3,2.456,807.454205717,,1,2,0,0,0,0,2,0
27073,2024,12471.0,79.18,1,0.802,3,2.406,807.454205717,,1,2,0,0,0,0,2,0
27073,2025,12701.0,79.88,0,0.0,0,0.0,807.454205717,,1,2,0,0,0,0,2,0
27075,2023,10654.0,39.8,10,9.386,5,4.693,895.245035494,,0,0,0,0,0,0,0,0
27075,2024,10756.0,39.79,3,2.789,10,9.297,895.245035494,,0,0,0,0,0,0,0,0
27075,2025,10867.0,39.89,7,6.442,3,2.761,895.245035494,,0,0,0,0,0,0,0,0
27077,2023,33684.0,78.03,4,1.188,3,0.891,3479.26725812,,0,0,0,0,0,0,0,0
27077,2024,34197.0,78.4,3,0.877,6,1.755,3479.26725812,,0,0,0,0,0,0,0,0
27077,2025,34655.0,78.76,4,1.154,3,0.866,3479.26725812,,0,0,0,0,0,0,0,0
27099,2023,12876.0,91.66,0,0.0,2,1.553,3630.57160563,CHOCÓ,0,0,0,0,0,0,0,1
27099,2024,13019.0,91.93,0,0.0,2,1.536,3630.57160563,CHOCÓ,0,0,0,0,0,0,0,1
27099,2025,13159.0,92.2,2,1.52,2,1.52,3630.57160563,CHOCÓ,0,0,0,0,0,0,0,1
27135,2023,6411.0,54.31,0,0.0,1,1.56,380.495730829,,0,0,2,3,0,0,0,0
27135,2024,6486.0,54.5,0,0.0,3,4.625,380.495730829,,0,0,2,3,0,0,0,0
27135,2025,6535.0,54.72,3,4.591,0,0.0,380.495730829,,0,0,2,3,0,0,0,0
27150,2023,20965.0,88.91,3,1.431,0,0.0,3180.69440081,CHOCÓ,0,0,1,1,0,0,0,1
27150,2024,21234.0,89.24,1,0.471,2,0.942,3180.69440081,CHOCÓ,0,0,1,1,0,0,0,1
27150,2025,21470.0,89.53,2,0.932,1,0.466,3180.69440081,CHOCÓ,0,0,1,1,0,0,0,1
27160,2023,5911.0,42.28,1,1.692,1,1.692,423.36063743,,0,0,2,4,0,0,0,0
27160,2024,5986.0,42.52,1,1.671,0,0.0,423.36063743,,0,0,2,4,0,0,0,0
27160,2025,6038.0,42.89,2,3.312,1,1.656,423.36063743,,0,0,2,4,0,0,0,0
27205,2023,12668.0,22.73,4,3.158,4,3.158,467.717404844,CHOCÓ,4,6,1,2,11,11,8,1
27205,2024,12664.0,22.83,2,1.579,3,2.369,467.717404844,CHOCÓ,4,6,1,2,11,11,8,1
27205,2025,12644.0,22.93,5,3.954,3,2.373,467.717404844,CHOCÓ,4,6,1,2,11,11,8,1
27245,2023,8553.0,70.31,1,1.169,3,3.508,830.18092876,,0,0,0,0,0,0,0,0
27245,2024,8622.0,70.46,1,1.16,7,8.119,830.18092876,,0,0,0,0,0,0,0,0
27245,2025,8704.0,70.74,4,4.596,6,6.893,830.18092876,,0,0,0,0,0,0,0,0
27250,2023,25517.0,92.81,0,0.0,3,1.176,4134.98539425,CHOCÓ,0,0,0,0,0,0,0,1
27250,2024,26236.0,93.13,1,0.381,2,0.762,4134.98539425,CHOCÓ,0,0,0,0,0,0,0,1
27250,2025,26940.0,93.43,2,0.742,2,0.742,4134.98539425,CHOCÓ,0,0,0,0,0,0,0,1
27361,2023,34462.0,27.39,22,6.384,21,6.094,1879.96673795,CHOCÓ,4,6,1,2,0,0,7,1
27361,2024,35215.0,27.57,18,5.111,8,2.272,1879.96673795,CHOCÓ,4,6,1,2,0,0,7,1
27361,2025,35971.0,27.72,9,2.502,13,3.614,1879.96673795,CHOCÓ,4,6,1,2,0,0,7,1
27372,2023,8017.0,64.29,5,6.237,0,0.0,1252.13555916,,0,0,0,0,0,0,0,0
27372,2024,8260.0,64.81,5,6.053,2,2.421,1252.13555916,,0,0,0,0,0,0,0,0
27372,2025,8541.0,65.1,2,2.342,0,0.0,1252.13555916,,0,0,0,0,0,0,0,0
27413,2023,10241.0,66.44,2,1.953,3,2.929,842.902478902,,0,0,0,0,0,0,0,0
27413,2024,10316.0,66.69,7,6.786,5,4.847,842.902478902,,0,0,0,0,0,0,0,0
27413,2025,10407.0,66.99,3,2.883,5,4.804,842.902478902,,0,0,0,0,0,0,0,0
27425,2023,11079.0,92.17,0,0.0,0,0.0,1812.93290155,CHOCÓ,0,0,1,2,0,0,0,1
27425,2024,11179.0,92.39,1,0.895,2,1.789,1812.93290155,CHOCÓ,0,0,1,2,0,0,0,1
27425,2025,11265.0,92.68,0,0.0,0,0.0,1812.93290155,CHOCÓ,0,0,1,2,0,0,0,1
27430,2023,16684.0,85.99,0,0.0,2,1.199,1372.0440693,,0,0,0,0,0,0,0,0
27430,2024,17004.0,86.33,0,0.0,0,0.0,1372.0440693,,0,0,0,0,0,0,0,0
27430,2025,17301.0,86.65,3,1.734,0,0.0,1372.0440693,,0,0,0,0,0,0,0,0
27450,2023,11023.0,76.02,1,0.907,1,0.907,663.424558602,CHOCÓ,1,2,2,3,0,0,2,1
27450,2024,11112.0,76.25,0,0.0,2,1.8,663.424558602,CHOCÓ,1,2,2,3,0,0,2,1
27450,2025,11225.0,76.53,4,3.563,2,1.782,663.424558602,CHOCÓ,1,2,2,3,0,0,2,1
27491,2023,9717.0,62.12,6,6.175,1,1.029,945.275000687,CHOCÓ,0,0,3,5,7,7,0,1
27491,2024,9825.0,62.37,7,7.125,1,1.018,945.275000687,CHOCÓ,0,0,3,5,7,7,0,1
27491,2025,9914.0,62.67,5,5.043,3,3.026,945.275000687,CHOCÓ,0,0,3,5,7,7,0,1
27493,2023,0.0,,0,,0,,,,0,0,0,0,0,0,0,0
27493,2024,29812.0,58.37,0,0.0,0,0.0,,,0,0,0,0,0,0,0,0
27493,2025,30214.0,58.39,0,0.0,0,0.0,,,0,0,0,0,0,0,0,0
27495,2023,18287.0,91.73,3,1.641,3,1.641,704.046240394,,0,0,0,0,0,0,0,0
27495,2024,18555.0,92.17,1,0.539,3,1.617,704.046240394,,0,0,0,0,0,0,0,0
27495,2025,18766.0,92.62,1,0.533,2,1.066,704.046240394,,0,0,0,0,0,0,0,0
27580,2023,5706.0,72.57,2,3.505,0,0.0,325.108589834,,1,2,0,0,0,0,2,0
27580,2024,5747.0,72.93,7,12.18,0,0.0,325.108589834,,1,2,0,0,0,0,2,0
27580,2025,5807.0,73.03,6,10.332,0,0.0,325.108589834,,1,2,0,0,0,0,2,0
27600,2023,8401.0,73.04,5,5.952,1,1.19,698.956778907,,0,0,1,2,0,0,0,0
27600,2024,8434.0,73.41,2,2.371,0,0.0,698.956778907,,0,0,1,2,0,0,0,0
27600,2025,8446.0,73.74,0,0.0,2,2.368,698.956778907,,0,0,1,2,0,0,0,0
27615,2023,60070.0,75.14,13,2.164,5,0.832,7609.28971906,CHOCÓ,0,0,1,1,0,0,0,1
27615,2024,30082.0,50.35,5,1.662,4,1.33,7609.28971906,CHOCÓ,0,0,1,1,0,0,0,1
27615,2025,30268.0,50.72,6,1.982,2,0.661,7609.28971906,CHOCÓ,0,0,1,1,0,0,0,1
27660,2023,5149.0,76.03,3,5.826,0,0.0,1582.2097361,,0,0,0,0,0,0,0,0
27660,2024,5164.0,76.43,7,13.555,0,0.0,1582.2097361,,0,0,0,0,0,0,0,0
27660,2025,5130.0,77.08,1,1.949,1,1.949,1582.2097361,,0,0,0,0,0,0,0,0
27745,2023,3307.0,77.62,3,9.072,0,0.0,1576.86504121,CHOCÓ,0,0,1,2,0,0,0,1
27745,2024,3325.0,78.14,2,6.015,0,0.0,1576.86504121,CHOCÓ,0,0,1,2,0,0,0,1
27745,2025,3341.0,78.6,0,0.0,0,0.0,1576.86504121,CHOCÓ,0,0,1,2,0,0,0,1
27787,2023,18945.0,40.65,3,1.584,16,8.446,714.828210867,,3,4,3,9,0,0,4,0
27787,2024,19134.0,40.84,12,6.272,6,3.136,714.828210867,,3,4,3,9,0,0,4,0
27787,2025,19308.0,41.03,5,2.59,5,2.59,714.828210867,,3,4,3,9,0,0,4,0
27800,2023,12717.0,70.61,7,5.504,0,0.0,1190.3211959,CHOCÓ,0,0,0,0,0,0,0,1
27800,2024,12703.0,71.6,7,5.511,1,0.787,1190.3211959,CHOCÓ,0,0,0,0,0,0,0,1
27800,2025,12599.0,72.09,1,0.794,2,1.587,1190.3211959,CHOCÓ,0,0,0,0,0,0,0,1
27810,2023,7136.0,57.54,0,0.0,2,2.803,177.759841244,,5,44,3,5,10,10,44,0
27810,2024,7202.0,57.93,5,6.943,1,1.389,177.759841244,,5,44,3,5,10,10,44,0
27810,2025,7272.0,58.22,6,8.251,3,4.125,177.759841244,,5,44,3,5,10,10,44,0
41001,2023,390199.0,6.36,92,2.358,96,2.46,1269.813217,,1,3,0,0,1,1,3,0
41001,2024,396442.0,6.37,83,2.094,115,2.901,1269.813217,,1,3,0,0,1,1,3,0
41001,2025,402479.0,6.39,85,2.112,127,3.155,1269.813217,,1,3,0,0,1,1,3,0
41006,2023,25768.0,81.45,18,6.985,5,1.94,521.797288749,,0,0,0,0,0,0,0,0
41006,2024,25976.0,81.51,19,7.314,8,3.08,521.797288749,,0,0,0,0,0,0,0,0
41006,2025,26133.0,81.59,15,5.74,6,2.296,521.797288749,,0,0,0,0,0,0,0,0
41013,2023,9209.0,35.38,2,2.172,3,3.258,273.731684072,,0,0,0,0,0,0,0,0
41013,2024,9282.0,35.42,2,2.155,2,2.155,273.731684072,,0,0,0,0,0,0,0,0
41013,2025,9337.0,35.39,4,4.284,0,0.0,273.731684072,,0,0,0,0,0,0,0,0
41016,2023,17039.0,34.35,2,1.174,2,1.174,795.630624708,,0,0,0,0,0,0,0,0
41016,2024,17200.0,34.34,1,0.581,6,3.488,795.630624708,,0,0,0,0,0,0,0,0
41016,2025,17368.0,34.36,2,1.152,11,6.333,795.630624708,,0,0,0,0,0,0,0,0
41020,2023,22728.0,51.41,27,11.88,15,6.6,589.688986874,CUENCA DEL CAGUÁN Y PIEDEMONTE CAQUETEÑO,0,0,0,0,0,0,0,1
41020,2024,22769.0,51.4,22,9.662,16,7.027,589.688986874,CUENCA DEL CAGUÁN Y PIEDEMONTE CAQUETEÑO,0,0,0,0,0,0,0,1
41020,2025,22780.0,51.38,30,13.169,6,2.634,589.688986874,CUENCA DEL CAGUÁN Y PIEDEMONTE CAQUETEÑO,0,0,0,0,0,0,0,1
41026,2023,4649.0,44.03,1,2.151,2,4.302,180.975562067,,0,0,0,0,0,0,0,0
41026,2024,4710.0,44.01,1,2.123,0,0.0,180.975562067,,0,0,0,0,0,0,0,0
41026,2025,4760.0,44.01,2,4.202,0,0.0,180.975562067,,0,0,0,0,0,0,0,0
41078,2023,8246.0,52.51,1,1.213,0,0.0,786.002024789,,0,0,0,0,0,0,0,0
41078,2024,8221.0,52.55,1,1.216,1,1.216,786.002024789,,0,0,0,0,0,0,0,0
41078,2025,8183.0,52.54,1,1.222,4,4.888,786.002024789,,0,0,0,0,0,0,0,0
41132,2023,31782.0,23.72,31,9.754,6,1.888,462.7993382,,2,3,0,0,0,0,4,0
41132,2024,31873.0,23.72,16,5.02,14,4.392,462.7993382,,2,3,0,0,0,0,4,0
41132,2025,31929.0,23.73,12,3.758,11,3.445,462.7993382,,2,3,0,0,0,0,4,0
41206,2023,7593.0,70.62,0,0.0,0,0.0,1584.96991803,,0,0,0,0,0,0,0,0
41206,2024,7666.0,70.61,0,0.0,0,0.0,1584.96991803,,0,0,0,0,0,0,0,0
41206,2025,7705.0,70.86,1,1.298,2,2.596,1584.96991803,,0,0,0,0,0,0,0,0
41244,2023,4619.0,66.12,2,4.33,2,4.33,80.4417431624,,0,0,0,0,0,0,0,0
41244,2024,4683.0,66.03,0,0.0,0,0.0,80.4417431624,,0,0,0,0,0,0,0,0
41244,2025,4766.0,66.24,1,2.098,0,0.0,80.4417431624,,0,0,0,0,0,0,0,0
41298,2023,75551.0,46.39,16,2.118,24,3.177,606.51145714,,0,0,0,0,0,0,0,0
41298,2024,76079.0,46.41,18,2.366,23,3.023,606.51145714,,0,0,0,0,0,0,0,0
41298,2025,76558.0,46.45,12,1.567,20,2.612,606.51145714,,0,0,0,0,0,0,0,0
41306,2023,23919.0,59.95,3,1.254,3,1.254,503.712817497,,0,0,0,0,0,0,0,0
41306,2024,23760.0,59.97,4,1.684,10,4.209,503.712817497,,0,0,0,0,0,0,0,0
41306,2025,23562.0,59.99,6,2.546,6,2.546,503.712817497,,0,0,0,0,0,0,0,0
41319,2023,18423.0,69.8,6,3.257,0,0.0,249.607338804,,0,0,0,0,0,0,0,0
41319,2024,18490.0,69.88,8,4.327,6,3.245,249.607338804,,0,0,0,0,0,0,0,0
41319,2025,18554.0,69.9,3,1.617,4,2.156,249.607338804,,0,0,0,0,0,0,0,0
41349,2023,7878.0,22.89,6,7.616,2,2.539,194.233397878,,0,0,0,0,0,0,0,0
41349,2024,7995.0,22.88,10,12.508,6,7.505,194.233397878,,0,0,0,0,0,0,0,0
41349,2025,8082.0,22.93,0,0.0,7,8.661,194.233397878,,0,0,0,0,0,0,0,0
41357,2023,9639.0,71.75,7,7.262,4,4.15,356.515479887,,1,1,1,2,0,0,2,0
41357,2024,9715.0,71.78,5,5.147,2,2.059,356.515479887,,1,1,1,2,0,0,2,0
41357,2025,9791.0,71.79,2,2.043,0,0.0,356.515479887,,1,1,1,2,0,0,2,0
41359,2023,26316.0,75.53,10,3.8,2,0.76,370.656566298,,0,0,0,0,0,0,0,0
41359,2024,26521.0,75.58,23,8.672,6,2.262,370.656566298,,0,0,0,0,0,0,0,0
41359,2025,26685.0,75.62,15,5.621,2,0.749,370.656566298,,0,0,0,0,0,0,0,0
41378,2023,13727.0,62.31,2,1.457,2,1.457,356.421100865,,0,0,0,0,0,0,0,0
41378,2024,13876.0,62.37,1,0.721,1,0.721,356.421100865,,0,0,0,0,0,0,0,0
41378,2025,14021.0,62.36,2,1.426,2,1.426,356.421100865,,0,0,0,0,0,0,0,0
41396,2023,66481.0,57.86,24,3.61,17,2.557,814.650921274,,0,0,0,0,0,0,0,0
41396,2024,67536.0,57.91,21,3.109,25,3.702,814.650921274,,0,0,0,0,0,0,0,0
41396,2025,68544.0,57.94,45,6.565,26,3.793,814.650921274,,0,0,0,0,0,0,0,0
41483,2023,6899.0,58.99,2,2.899,1,1.449,131.940030545,,0,0,1,2,0,0,0,0
41483,2024,7007.0,58.98,7,9.99,3,4.281,131.940030545,,0,0,1,2,0,0,0,0
41483,2025,7050.0,59.19,5,7.092,0,0.0,131.940030545,,0,0,1,2,0,0,0,0
41503,2023,12188.0,80.18,5,4.102,0,0.0,155.81260715,,0,0,0,0,0,0,0,0
41503,2024,12309.0,80.19,6,4.874,0,0.0,155.81260715,,0,0,0,0,0,0,0,0
41503,2025,12403.0,80.27,4,3.225,1,0.806,155.81260715,,0,0,0,0,0,0,0,0
41518,2023,7395.0,57.78,2,2.705,1,1.352,278.310725094,,0,0,0,0,0,0,0,0
41518,2024,7546.0,57.88,0,0.0,3,3.976,278.310725094,,0,0,0,0,0,0,0,0
41518,2025,7718.0,57.98,1,1.296,3,3.887,278.310725094,,0,0,0,0,0,0,0,0
41524,2023,26638.0,52.5,3,1.126,5,1.877,884.263211132,,3,4,0,0,1,1,5,0
41524,2024,26677.0,52.52,9,3.374,11,4.123,884.263211132,,3,4,0,0,1,1,5,0
41524,2025,26694.0,52.56,11,4.121,11,4.121,884.263211132,,3,4,0,0,1,1,5,0
41530,2023,11738.0,84.62,2,1.704,2,1.704,196.937041605,,0,0,0,0,0,0,0,0
41530,2024,11821.0,84.79,6,5.076,1,0.846,196.937041605,,0,0,0,0,0,0,0,0
41530,2025,11920.0,84.91,11,9.228,3,2.517,196.937041605,,0,0,0,0,0,0,0,0
41548,2023,14516.0,64.4,2,1.378,5,3.444,193.660048112,,0,0,0,0,0,0,0,0
41548,2024,14641.0,64.4,0,0.0,1,0.683,193.660048112,,0,0,0,0,0,0,0,0
41548,2025,14761.0,64.43,1,0.677,1,0.677,193.660048112,,0,0,0,0,0,0,0,0
41551,2023,138056.0,41.1,50,3.622,41,2.97,630.665936576,,0,0,0,0,0,0,0,0
41551,2024,140776.0,41.11,71,5.043,31,2.202,630.665936576,,0,0,0,0,0,0,0,0
41551,2025,143407.0,41.13,53,3.696,57,3.975,630.665936576,,0,0,0,0,0,0,0,0
41615,2023,27738.0,52.01,5,1.803,4,1.442,251.230551063,,1,2,0,0,0,0,2,0
41615,2024,28367.0,52.06,6,2.115,13,4.583,251.230551063,,1,2,0,0,0,0,2,0
41615,2025,28966.0,52.09,4,1.381,20,6.905,251.230551063,,1,2,0,0,0,0,2,0
41660,2023,10721.0,82.53,0,0.0,3,2.798,466.644908587,,0,0,0,0,0,0,0,0
41660,2024,10768.0,82.51,4,3.715,0,0.0,466.644908587,,0,0,0,0,0,0,0,0
41660,2025,10798.0,82.55,10,9.261,0,0.0,466.644908587,,0,0,0,0,0,0,0,0
41668,2023,35223.0,66.36,4,1.136,4,1.136,1390.43219041,,0,0,0,0,0,0,0,0
41668,2024,35620.0,66.4,9,2.527,1,0.281,1390.43219041,,0,0,0,0,0,0,0,0
41668,2025,36013.0,66.46,3,0.833,5,1.388,1390.43219041,,0,0,0,0,0,0,0,0
41676,2023,10680.0,75.93,3,2.809,0,0.0,339.379589293,,0,0,0,0,0,0,0,0
41676,2024,10740.0,76.02,2,1.862,2,1.862,339.379589293,,0,0,0,0,0,0,0,0
41676,2025,10786.0,76.04,2,1.854,4,3.709,339.379589293,,0,0,0,0,0,0,0,0
41770,2023,25011.0,79.94,10,3.998,5,1.999,429.667173826,,0,0,0,0,0,0,0,0
41770,2024,25611.0,79.99,15,5.857,9,3.514,429.667173826,,0,0,0,0,0,0,0,0
41770,2025,26160.0,80.06,16,6.116,7,2.676,429.667173826,,0,0,0,0,0,0,0,0
41791,2023,18481.0,68.53,4,2.164,2,1.082,362.811836319,,0,0,0,0,0,0,0,0
41791,2024,18649.0,68.6,1,0.536,2,1.072,362.811836319,,0,0,0,0,0,0,0,0
41791,2025,18837.0,68.65,3,1.593,3,1.593,362.811836319,,0,0,0,0,0,0,0,0
41797,2023,11821.0,50.37,1,0.846,3,2.538,367.025387128,,1,3,1,2,0,0,3,0
41797,2024,12047.0,50.3,3,2.49,4,3.32,367.025387128,,1,3,1,2,0,0,3,0
41797,2025,12262.0,50.32,10,8.155,5,4.078,367.025387128,,1,3,1,2,0,0,3,0
41799,2023,12371.0,55.56,9,7.275,3,2.425,530.416107479,,0,0,0,0,0,0,0,0
41799,2024,12495.0,55.51,5,4.002,8,6.403,530.416107479,,0,0,0,0,0,0,0,0
41799,2025,12561.0,55.55,1,0.796,3,2.388,530.416107479,,0,0,0,0,0,0,0,0
41801,2023,8223.0,46.76,7,8.513,2,2.432,471.734353796,,0,0,0,0,0,0,0,0
41801,2024,8237.0,46.74,4,4.856,4,4.856,471.734353796,,0,0,0,0,0,0,0,0
41801,2025,8265.0,46.74,2,2.42,3,3.63,471.734353796,,0,0,0,0,0,0,0,0
41807,2023,23015.0,64.37,4,1.738,1,0.434,185.727085367,,0,0,0,0,0,0,0,0
41807,2024,23228.0,64.47,5,2.153,5,2.153,185.727085367,,0,0,0,0,0,0,0,0
41807,2025,23418.0,64.56,14,5.978,6,2.562,185.727085367,,0,0,0,0,0,0,0,0
41872,2023,7427.0,66.73,4,5.386,4,5.386,543.926921481,,0,0,0,0,0,0,0,0
41872,2024,7418.0,67.08,0,0.0,3,4.044,543.926921481,,0,0,0,0,0,0,0,0
41872,2025,7435.0,66.95,0,0.0,5,6.725,543.926921481,,0,0,0,0,0,0,0,0
41885,2023,7975.0,16.58,0,0.0,4,5.016,332.91537664,,0,0,0,0,0,0,0,0
41885,2024,8003.0,16.57,0,0.0,2,2.499,332.91537664,,0,0,0,0,0,0,0,0
41885,2025,8037.0,16.6,1,1.244,6,7.465,332.91537664,,0,0,0,0,0,0,0,0
44001,2023,207427.0,27.84,70,3.375,24,1.157,3088.63478633,,0,0,0,0,0,0,0,0
44001,2024,209292.0,27.45,113,5.399,60,2.867,3088.63478633,,0,0,0,0,0,0,0,0
44001,2025,210871.0,27.09,100,4.742,71,3.367,3088.63478633,,0,0,0,0,0,0,0,0
44035,2023,35050.0,41.79,5,1.427,1,0.285,546.026552486,,0,0,0,0,0,0,0,0
44035,2024,35960.0,41.42,7,1.947,1,0.278,546.026552486,,0,0,0,0,0,0,0,0
44035,2025,36852.0,41.07,14,3.799,1,0.271,546.026552486,,0,0,0,0,0,0,0,0
44078,2023,41974.0,51.9,7,1.668,2,0.476,800.941764717,,0,0,0,0,0,0,0,0
44078,2024,42798.0,51.49,9,2.103,10,2.337,800.941764717,,0,0,0,0,0,0,0,0
44078,2025,43576.0,51.09,10,2.295,8,1.836,800.941764717,,0,0,0,0,0,0,0,0
44090,2023,47219.0,85.18,24,5.083,5,1.059,1749.74317922,SIERRA NEVADA - PERIJÁ,0,0,0,0,0,0,0,1
44090,2024,48596.0,84.93,25,5.144,11,2.264,1749.74317922,SIERRA NEVADA - PERIJÁ,0,0,0,0,0,0,0,1
44090,2025,49910.0,84.7,17,3.406,5,1.002,1749.74317922,SIERRA NEVADA - PERIJÁ,0,0,0,0,0,0,0,1
44098,2023,14217.0,51.19,2,1.407,0,0.0,231.872841286,,0,0,0,0,0,0,0,0
44098,2024,14277.0,50.81,1,0.7,2,1.401,231.872841286,,0,0,0,0,0,0,0,0
44098,2025,14353.0,50.43,1,0.697,1,0.697,231.872841286,,0,0,0,0,0,0,0,0
44110,2023,7552.0,6.55,0,0.0,1,1.324,242.184814638,,1,1,0,0,0,0,1,0
44110,2024,7527.0,6.28,1,1.329,1,1.329,242.184814638,,1,1,0,0,0,0,1,0
44110,2025,7508.0,5.77,0,0.0,1,1.332,242.184814638,,1,1,0,0,0,0,1,0
44279,2023,52263.0,11.91,9,1.722,3,0.574,473.522416327,SIERRA NEVADA - PERIJÁ,0,0,0,0,0,0,0,1
44279,2024,53775.0,11.66,12,2.232,10,1.86,473.522416327,SIERRA NEVADA - PERIJÁ,0,0,0,0,0,0,0,1
44279,2025,55201.0,11.39,19,3.442,5,0.906,473.522416327,SIERRA NEVADA - PERIJÁ,0,0,0,0,0,0,0,1
44378,2023,22889.0,36.66,0,0.0,0,0.0,214.639917404,,0,0,0,0,0,0,0,0
44378,2024,23232.0,36.26,0,0.0,2,0.861,214.639917404,,0,0,0,0,0,0,0,0
44378,2025,23554.0,35.95,3,1.274,3,1.274,214.639917404,,0,0,0,0,0,0,0,0
44420,2023,4059.0,34.49,1,2.464,0,0.0,179.590796284,,0,0,0,0,0,0,0,0
44420,2024,4149.0,34.3,0,0.0,1,2.41,179.590796284,,0,0,0,0,0,0,0,0
44420,2025,4230.0,33.66,2,4.728,1,2.364,179.590796284,,0,0,0,0,0,0,0,0
44430,2023,203879.0,36.0,35,1.717,13,0.638,1768.73272612,,0,0,0,0,0,0,0,0
44430,2024,208965.0,35.66,32,1.531,23,1.101,1768.73272612,,0,0,0,0,0,0,0,0
44430,2025,213830.0,35.34,63,2.946,36,1.684,1768.73272612,,0,0,0,0,0,0,0,0
44560,2023,95144.0,87.06,2,0.21,1,0.105,1619.40520807,,0,0,0,0,0,0,0,0
44560,2024,96422.0,86.73,4,0.415,2,0.207,1619.40520807,,0,0,0,0,0,0,0,0
44560,2025,97580.0,86.43,5,0.512,1,0.102,1619.40520807,,0,0,0,0,0,0,0,0
44650,2023,56381.0,30.0,8,1.419,4,0.709,1311.03122293,SIERRA NEVADA - PERIJÁ,1,1,0,0,0,0,1,1
44650,2024,57850.0,29.6,9,1.556,4,0.691,1311.03122293,SIERRA NEVADA - PERIJÁ,1,1,0,0,0,0,1,1
44650,2025,59279.0,29.21,13,2.193,5,0.843,1311.03122293,SIERRA NEVADA - PERIJÁ,1,1,0,0,0,0,1,1
44847,2023,196169.0,94.1,6,0.306,2,0.102,7887.5422505,,0,0,0,0,0,0,0,0
44847,2024,200665.0,93.89,1,0.05,5,0.249,7887.5422505,,0,0,0,0,0,0,0,0
44847,2025,204947.0,93.7,10,0.488,11,0.537,7887.5422505,,0,0,0,0,0,0,0,0
44855,2023,11534.0,10.49,1,0.867,0,0.0,246.274609891,,0,0,0,0,0,0,0,0
44855,2024,11700.0,10.31,0,0.0,1,0.855,246.274609891,,0,0,0,0,0,0,0,0
44855,2025,11868.0,10.3,0,0.0,3,2.528,246.274609891,,0,0,0,0,0,0,0,0
44874,2023,32157.0,5.31,5,1.555,0,0.0,260.095936544,,0,0,0,0,0,0,0,0
44874,2024,32651.0,5.22,4,1.225,0,0.0,260.095936544,,0,0,0,0,0,0,0,0
44874,2025,33120.0,5.14,2,0.604,3,0.906,260.095936544,,0,0,0,0,0,0,0,0
47001,2023,565844.0,10.2,195,3.446,134,2.368,2347.13867429,SIERRA NEVADA - PERIJÁ,0,0,0,0,0,0,0,1
47001,2024,574486.0,10.29,198,3.447,173,3.011,2347.13867429,SIERRA NEVADA - PERIJÁ,0,0,0,0,0,0,0,1
47001,2025,582394.0,10.39,170,2.919,154,2.644,2347.13867429,SIERRA NEVADA - PERIJÁ,0,0,0,0,0,0,0,1
47030,2023,18218.0,36.6,4,2.196,0,0.0,406.388377574,,0,0,0,0,0,0,0,0
47030,2024,18615.0,36.86,10,5.372,5,2.686,406.388377574,,0,0,0,0,0,0,0,0
47030,2025,18979.0,37.11,7,3.688,1,0.527,406.388377574,,0,0,0,0,0,0,0,0
47053,2023,44032.0,41.78,25,5.678,2,0.454,1740.83007106,SIERRA NEVADA - PERIJÁ,0,0,0,0,0,0,0,1
47053,2024,44403.0,42.09,18,4.054,5,1.126,1740.83007106,SIERRA NEVADA - PERIJÁ,0,0,0,0,0,0,0,1
47053,2025,44719.0,42.41,32,7.156,8,1.789,1740.83007106,SIERRA NEVADA - PERIJÁ,0,0,0,0,0,0,0,1
47058,2023,31599.0,37.9,9,2.848,4,1.266,1131.74423768,,0,0,0,0,0,0,0,0
47058,2024,31525.0,38.12,5,1.586,7,2.22,1131.74423768,,0,0,0,0,0,0,0,0
47058,2025,31412.0,38.36,11,3.502,6,1.91,1131.74423768,,0,0,0,0,0,0,0,0
47161,2023,11175.0,45.41,0,0.0,1,0.895,177.203968953,,0,0,0,0,0,0,0,0
47161,2024,11374.0,45.5,1,0.879,0,0.0,177.203968953,,0,0,0,0,0,0,0,0
47161,2025,11570.0,45.46,0,0.0,0,0.0,177.203968953,,0,0,0,0,0,0,0,0
47170,2023,25369.0,37.4,2,0.788,3,1.183,536.55012404,,0,0,0,0,0,0,0,0
47170,2024,25934.0,37.43,5,1.928,2,0.771,536.55012404,,0,0,0,0,0,0,0,0
47170,2025,26484.0,37.52,4,1.51,3,1.133,536.55012404,,0,0,0,0,0,0,0,0
47189,2023,135013.0,12.01,68,5.037,14,1.037,1324.83636438,SIERRA NEVADA - PERIJÁ,0,0,0,0,0,0,0,1
47189,2024,136851.0,12.07,96,7.015,29,2.119,1324.83636438,SIERRA NEVADA - PERIJÁ,0,0,0,0,0,0,0,1
47189,2025,138516.0,12.13,91,6.57,31,2.238,1324.83636438,SIERRA NEVADA - PERIJÁ,0,0,0,0,0,0,0,1
47205,2023,11111.0,60.93,1,0.9,1,0.9,109.483705985,,0,0,0,0,0,0,0,0
47205,2024,11170.0,61.05,0,0.0,1,0.895,109.483705985,,0,0,0,0,0,0,0,0
47205,2025,11208.0,61.15,0,0.0,0,0.0,109.483705985,,0,0,0,0,0,0,0,0
47245,2023,74044.0,39.58,17,2.296,2,0.27,814.873331,,0,0,0,0,0,0,0,0
47245,2024,75024.0,40.0,18,2.399,3,0.4,814.873331,,0,0,0,0,0,0,0,0
47245,2025,75903.0,40.42,18,2.371,4,0.527,814.873331,,0,0,0,0,0,0,0,0
47258,2023,25696.0,67.76,5,1.946,3,1.167,557.142377003,,0,0,0,0,0,0,0,0
47258,2024,26170.0,67.91,1,0.382,2,0.764,557.142377003,,0,0,0,0,0,0,0,0
47258,2025,26580.0,68.1,0,0.0,0,0.0,557.142377003,,0,0,0,0,0,0,0,0
47268,2023,21186.0,22.35,10,4.72,3,1.416,262.182276859,,0,0,0,0,0,0,0,0
47268,2024,21274.0,22.53,14,6.581,7,3.29,262.182276859,,0,0,0,0,0,0,0,0
47268,2025,21323.0,22.68,15,7.035,15,7.035,262.182276859,,0,0,0,0,0,0,0,0
47288,2023,74427.0,15.63,15,2.015,11,1.478,971.909642065,SIERRA NEVADA - PERIJÁ,0,0,0,0,0,0,0,1
47288,2024,75360.0,15.76,42,5.573,22,2.919,971.909642065,SIERRA NEVADA - PERIJÁ,0,0,0,0,0,0,0,1
47288,2025,76213.0,15.89,49,6.429,27,3.543,971.909642065,SIERRA NEVADA - PERIJÁ,0,0,0,0,0,0,0,1
47318,2023,28615.0,70.52,3,1.048,1,0.349,564.528394997,,0,0,0,0,0,0,0,0
47318,2024,28668.0,70.97,2,0.698,3,1.046,564.528394997,,0,0,0,0,0,0,0,0
47318,2025,28658.0,71.48,2,0.698,3,1.047,564.528394997,,0,0,0,0,0,0,0,0
47460,2023,22265.0,59.25,12,5.39,4,1.797,842.06497005,,0,0,0,0,0,0,0,0
47460,2024,22650.0,59.37,5,2.208,3,1.325,842.06497005,,0,0,0,0,0,0,0,0
47460,2025,23036.0,59.53,11,4.775,2,0.868,842.06497005,,0,0,0,0,0,0,0,0
47541,2023,10125.0,67.97,0,0.0,0,0.0,305.782458081,,0,0,0,0,0,0,0,0
47541,2024,10248.0,68.35,1,0.976,1,0.976,305.782458081,,0,0,0,0,0,0,0,0
47541,2025,10329.0,69.01,1,0.968,0,0.0,305.782458081,,0,0,0,0,0,0,0,0
47545,2023,13813.0,54.67,2,1.448,0,0.0,661.564154103,,0,0,0,0,0,0,0,0
47545,2024,14019.0,54.98,0,0.0,3,2.14,661.564154103,,0,0,0,0,0,0,0,0
47545,2025,14229.0,55.35,2,1.406,1,0.703,661.564154103,,0,0,0,0,0,0,0,0
47551,2023,40092.0,41.77,13,3.243,3,0.748,1640.44445356,,0,0,0,0,0,0,0,0
47551,2024,40406.0,41.85,16,3.96,7,1.732,1640.44445356,,0,0,0,0,0,0,0,0
47551,2025,40669.0,41.94,24,5.901,11,2.705,1640.44445356,,0,0,0,0,0,0,0,0
47555,2023,71190.0,23.43,12,1.686,7,0.983,1457.31289529,,0,0,0,0,0,0,0,0
47555,2024,72742.0,23.43,6,0.825,8,1.1,1457.31289529,,0,0,0,0,0,0,0,0
47555,2025,74242.0,23.42,6,0.808,6,0.808,1457.31289529,,0,0,0,0,0,0,0,0
47570,2023,33750.0,69.08,13,3.852,3,0.889,675.462847303,,0,0,0,0,0,0,0,0
47570,2024,34162.0,69.44,17,4.976,2,0.585,675.462847303,,0,0,0,0,0,0,0,0
47570,2025,34516.0,69.84,17,4.925,1,0.29,675.462847303,,0,0,0,0,0,0,0,0
47605,2023,13238.0,35.21,1,0.755,4,3.022,594.931200528,,0,0,0,0,0,0,0,0
47605,2024,13533.0,35.3,1,0.739,1,0.739,594.931200528,,0,0,0,0,0,0,0,0
47605,2025,13808.0,35.36,1,0.724,5,3.621,594.931200528,,0,0,0,0,0,0,0,0
47660,2023,16608.0,71.44,0,0.0,3,1.806,1238.96717415,,0,0,0,0,0,0,0,0
47660,2024,16704.0,71.62,1,0.599,1,0.599,1238.96717415,,0,0,0,0,0,0,0,0
47660,2025,16760.0,71.8,1,0.597,7,4.177,1238.96717415,,0,0,0,0,0,0,0,0
47675,2023,12346.0,33.4,4,3.24,1,0.81,170.478641216,,0,0,0,0,0,0,0,0
47675,2024,12611.0,33.35,0,0.0,1,0.793,170.478641216,,0,0,0,0,0,0,0,0
47675,2025,12861.0,33.36,1,0.778,1,0.778,170.478641216,,0,0,0,0,0,0,0,0
47692,2023,21652.0,70.82,3,1.386,3,1.386,437.644350737,,0,0,0,0,0,0,0,0
47692,2024,21808.0,71.19,0,0.0,1,0.459,437.644350737,,0,0,0,0,0,0,0,0
47692,2025,21943.0,71.59,1,0.456,1,0.456,437.644350737,,0,0,0,0,0,0,0,0
47703,2023,13708.0,89.67,5,3.648,1,0.73,268.883197477,,0,0,0,0,0,0,0,0
47703,2024,13973.0,90.12,4,2.863,1,0.716,268.883197477,,0,0,0,0,0,0,0,0
47703,2025,14204.0,90.6,1,0.704,0,0.0,268.883197477,,0,0,0,0,0,0,0,0
47707,2023,27860.0,44.01,3,1.077,0,0.0,1120.42354335,,0,0,0,0,0,0,0,0
47707,2024,28187.0,44.07,5,1.774,5,1.774,1120.42354335,,0,0,0,0,0,0,0,0
47707,2025,28471.0,44.07,1,0.351,2,0.702,1120.42354335,,0,0,0,0,0,0,0,0
47720,2023,11012.0,37.83,0,0.0,0,0.0,494.705157465,,0,0,0,0,0,0,0,0
47720,2024,11045.0,37.94,0,0.0,2,1.811,494.705157465,,0,0,0,0,0,0,0,0
47720,2025,11028.0,38.0,1,0.907,2,1.814,494.705157465,,0,0,0,0,0,0,0,0
47745,2023,28736.0,48.37,6,2.088,1,0.348,970.904644983,,0,0,0,0,0,0,0,0
47745,2024,28889.0,48.49,16,5.538,6,2.077,970.904644983,,0,0,0,0,0,0,0,0
47745,2025,28971.0,48.63,13,4.487,3,1.036,970.904644983,,0,0,0,0,0,0,0,0
47798,2023,14254.0,51.28,5,3.508,1,0.702,492.190918888,,0,0,0,0,0,0,0,0
47798,2024,14340.0,51.35,1,0.697,1,0.697,492.190918888,,0,0,0,0,0,0,0,0
47798,2025,14447.0,51.57,3,2.077,1,0.692,492.190918888,,0,0,0,0,0,0,0,0
47960,2023,10922.0,61.77,3,2.747,0,0.0,372.926831244,,0,0,0,0,0,0,0,0
47960,2024,11061.0,61.9,0,0.0,1,0.904,372.926831244,,0,0,0,0,0,0,0,0
47960,2025,11186.0,62.12,1,0.894,0,0.0,372.926831244,,0,0,0,0,0,0,0,0
47980,2023,78127.0,95.86,80,10.24,11,1.408,446.462117981,,0,0,0,0,0,0,0,0
47980,2024,79037.0,96.33,76,9.616,9,1.139,446.462117981,,0,0,0,0,0,0,0,0
47980,2025,79848.0,96.74,104,13.025,19,2.38,446.462117981,,0,0,0,0,0,0,0,0
50001,2023,573473.0,7.91,121,2.11,244,4.255,1285.80032984,,0,0,0,0,0,0,0,0
50001,2024,579176.0,7.96,122,2.106,422,7.286,1285.80032984,,0,0,0,0,0,0,0,0
50001,2025,584389.0,8.01,156,2.669,341,5.835,1285.80032984,,0,0,0,0,0,0,0,0
50006,2023,100048.0,24.1,15,1.499,44,4.398,1123.5805312,,0,0,0,0,0,0,0,0
50006,2024,102025.0,24.22,11,1.078,67,6.567,1123.5805312,,0,0,0,0,0,0,0,0
50006,2025,103943.0,24.33,24,2.309,69,6.638,1123.5805312,,0,0,0,0,0,0,0,0
50110,2023,7559.0,29.4,3,3.969,1,1.323,403.822785367,,0,0,0,0,0,0,0,0
50110,2024,7750.0,29.3,1,1.29,2,2.581,403.822785367,,0,0,0,0,0,0,0,0
50110,2025,7922.0,29.46,2,2.525,2,2.525,403.822785367,,0,0,0,0,0,0,0,0
50124,2023,6756.0,50.65,0,0.0,1,1.48,913.662509658,,0,0,0,0,0,0,0,0
50124,2024,6865.0,50.74,0,0.0,0,0.0,913.662509658,,0,0,0,0,0,0,0,0
50124,2025,6963.0,50.96,3,4.308,3,4.308,913.662509658,,0,0,0,0,0,0,0,0
50150,2023,16831.0,59.18,1,0.594,6,3.565,514.685966462,,0,0,0,0,0,0,0,0
50150,2024,17240.0,59.43,2,1.16,7,4.06,514.685966462,,0,0,0,0,0,0,0,0
50150,2025,17622.0,59.67,4,2.27,6,3.405,514.685966462,,0,0,0,0,0,0,0,0
50223,2023,7367.0,34.34,1,1.357,1,1.357,1157.86524634,,0,0,0,0,0,0,0,0
50223,2024,7436.0,34.56,0,0.0,3,4.034,1157.86524634,,0,0,0,0,0,0,0,0
50223,2025,7455.0,34.41,0,0.0,3,4.024,1157.86524634,,0,0,0,0,0,0,0,0
50226,2023,24360.0,34.67,1,0.411,8,3.284,624.873282817,,0,0,0,0,0,0,0,0
50226,2024,24556.0,34.77,4,1.629,22,8.959,624.873282817,,0,0,0,0,0,0,0,0
50226,2025,24710.0,34.89,0,0.0,13,5.261,624.873282817,,0,0,0,0,0,0,0,0
50245,2023,1890.0,65.03,0,0.0,1,5.291,270.307080715,,0,0,0,0,0,0,0,0
50245,2024,1896.0,64.77,0,0.0,1,5.274,270.307080715,,0,0,0,0,0,0,0,0
50245,2025,1909.0,64.59,0,0.0,1,5.238,270.307080715,,0,0,0,0,0,0,0,0
50251,2023,8421.0,62.25,0,0.0,7,8.313,568.218055548,,0,0,0,0,0,0,0,0
50251,2024,8473.0,62.35,2,2.36,7,8.262,568.218055548,,0,0,0,0,0,0,0,0
50251,2025,8517.0,62.44,3,3.522,6,7.045,568.218055548,,0,0,0,0,0,0,0,0
50270,2023,4114.0,64.24,0,0.0,1,2.431,117.341083491,,0,0,0,0,0,0,0,0
50270,2024,4122.0,64.43,0,0.0,0,0.0,117.341083491,,0,0,0,0,0,0,0,0
50270,2025,4145.0,64.56,0,0.0,1,2.413,117.341083491,,0,0,0,0,0,0,0,0
50287,2023,12796.0,43.08,3,2.344,8,6.252,570.991216483,,0,0,0,0,0,0,0,0
50287,2024,12853.0,43.13,0,0.0,9,7.002,570.991216483,,0,0,0,0,0,0,0,0
50287,2025,12922.0,43.25,1,0.774,12,9.286,570.991216483,,0,0,0,0,0,0,0,0
50313,2023,73401.0,16.12,24,3.27,49,6.676,348.311788876,,0,0,0,0,0,0,0,0
50313,2024,73899.0,16.18,17,2.3,80,10.826,348.311788876,,0,0,0,0,0,0,0,0
50313,2025,74331.0,16.28,22,2.96,119,16.009,348.311788876,,0,0,0,0,0,0,0,0
50318,2023,15920.0,32.71,4,2.513,7,4.397,595.703918122,,0,0,0,0,0,0,0,0
50318,2024,16202.0,32.84,4,2.469,12,7.406,595.703918122,,0,0,0,0,0,0,0,0
50318,2025,16492.0,32.99,5,3.032,11,6.67,595.703918122,,0,0,0,0,0,0,0,0
50325,2023,7250.0,66.37,6,8.276,5,6.897,11949.1471298,MACARENA - GUAVIARE,0,0,0,0,0,0,0,1
50325,2024,7280.0,66.48,10,13.736,7,9.615,11949.1471298,MACARENA - GUAVIARE,0,0,0,0,0,0,0,1
50325,2025,7301.0,66.79,14,19.175,2,2.739,11949.1471298,MACARENA - GUAVIARE,0,0,0,0,0,0,0,1
50330,2023,11721.0,59.31,3,2.56,11,9.385,2280.62998973,MACARENA - GUAVIARE,0,0,0,0,0,0,0,1
50330,2024,11781.0,59.48,3,2.546,11,9.337,2280.62998973,MACARENA - GUAVIARE,0,0,0,0,0,0,0,1
50330,2025,11873.0,59.49,1,0.842,8,6.738,2280.62998973,MACARENA - GUAVIARE,0,0,0,0,0,0,0,1
50350,2023,29175.0,83.78,6,2.057,9,3.085,8118.66952658,MACARENA - GUAVIARE,0,0,0,0,0,0,0,1
50350,2024,29571.0,83.9,9,3.044,5,1.691,8118.66952658,MACARENA - GUAVIARE,0,0,0,0,0,0,0,1
50350,2025,29924.0,84.1,7,2.339,0,0.0,8118.66952658,MACARENA - GUAVIARE,0,0,0,0,0,0,0,1
50370,2023,9642.0,78.2,3,3.111,10,10.371,6460.95748442,MACARENA - GUAVIARE,0,0,0,0,0,0,0,1
50370,2024,9695.0,78.32,2,2.063,7,7.22,6460.95748442,MACARENA - GUAVIARE,0,0,0,0,0,0,0,1
50370,2025,9736.0,78.42,4,4.108,5,5.136,6460.95748442,MACARENA - GUAVIARE,0,0,0,0,0,0,0,1
50400,2023,12100.0,58.35,1,0.826,10,8.264,815.426334905,,0,0,0,0,0,0,0,0
50400,2024,12161.0,58.44,0,0.0,16,13.157,815.426334905,,0,0,0,0,0,0,0,0
50400,2025,12229.0,58.6,2,1.635,12,9.813,815.426334905,,0,0,0,0,0,0,0,0
50450,2023,8650.0,60.53,2,2.312,2,2.312,1242.93551676,MACARENA - GUAVIARE,0,0,0,0,0,0,0,1
50450,2024,8692.0,60.75,2,2.301,11,12.655,1242.93551676,MACARENA - GUAVIARE,0,0,0,0,0,0,0,1
50450,2025,8729.0,60.96,3,3.437,3,3.437,1242.93551676,MACARENA - GUAVIARE,0,0,0,0,0,0,0,1
50568,2023,51325.0,50.72,35,6.819,26,5.066,17249.9672513,,0,0,0,0,0,0,0,0
50568,2024,53006.0,50.87,16,3.019,31,5.848,17249.9672513,,0,0,0,0,0,0,0,0
50568,2025,54636.0,51.03,29,5.308,35,6.406,17249.9672513,,0,0,0,0,0,0,0,0
50573,2023,32019.0,39.43,12,3.748,10,3.123,6913.34657559,,0,0,0,0,0,0,0,0
50573,2024,32222.0,39.56,13,4.035,11,3.414,6913.34657559,,0,0,0,0,0,0,0,0
50573,2025,32366.0,39.67,7,2.163,17,5.252,6913.34657559,,0,0,0,0,0,0,0,0
50577,2023,10682.0,62.25,2,1.872,3,2.808,2535.77421049,MACARENA - GUAVIARE,0,0,0,0,0,0,0,1
50577,2024,10704.0,62.44,3,2.803,18,16.816,2535.77421049,MACARENA - GUAVIARE,0,0,0,0,0,0,0,1
50577,2025,10723.0,62.65,8,7.461,16,14.921,2535.77421049,MACARENA - GUAVIARE,0,0,0,0,0,0,0,1
50590,2023,13435.0,50.52,2,1.489,5,3.722,3428.13357007,MACARENA - GUAVIARE,0,0,0,0,0,0,0,1
50590,2024,13492.0,50.7,7,5.188,7,5.188,3428.13357007,MACARENA - GUAVIARE,0,0,0,0,0,0,0,1
50590,2025,13545.0,50.78,10,7.383,14,10.336,3428.13357007,MACARENA - GUAVIARE,0,0,0,0,0,0,0,1
50606,2023,20804.0,33.65,2,0.961,8,3.845,365.137621017,,0,0,0,0,0,0,0,0
50606,2024,21173.0,33.81,3,1.417,11,5.195,365.137621017,,0,0,0,0,0,0,0,0
50606,2025,21525.0,33.85,1,0.465,9,4.181,365.137621017,,0,0,0,0,0,0,0,0
50680,2023,14145.0,49.25,6,4.242,5,3.535,808.031219141,,0,0,0,0,0,0,0,0
50680,2024,14424.0,49.44,4,2.773,8,5.546,808.031219141,,0,0,0,0,0,0,0,0
50680,2025,14694.0,49.52,9,6.125,6,4.083,808.031219141,,0,0,0,0,0,0,0,0
50683,2023,9407.0,51.55,3,3.189,4,4.252,1167.01768729,,0,0,0,0,0,0,0,0
50683,2024,9444.0,51.61,2,2.118,14,14.824,1167.01768729,,0,0,0,0,0,0,0,0
50683,2025,9469.0,51.78,1,1.056,11,11.617,1167.01768729,,0,0,0,0,0,0,0,0
50686,2023,1387.0,46.07,0,0.0,0,0.0,244.895419136,,0,0,0,0,0,0,0,0
50686,2024,1395.0,46.31,0,0.0,1,7.168,244.895419136,,0,0,0,0,0,0,0,0
50686,2025,1393.0,46.52,0,0.0,0,0.0,244.895419136,,0,0,0,0,0,0,0,0
50689,2023,28182.0,27.8,10,3.548,12,4.258,5933.65235452,,0,0,0,0,0,0,0,0
50689,2024,28332.0,27.93,6,2.118,13,4.588,5933.65235452,,0,0,0,0,0,0,0,0
50689,2025,28448.0,28.0,17,5.976,28,9.843,5933.65235452,,0,0,0,0,0,0,0,0
50711,2023,18342.0,57.66,7,3.816,15,8.178,4821.30006687,MACARENA - GUAVIARE,0,0,0,0,0,0,0,1
50711,2024,18421.0,57.65,6,3.257,16,8.686,4821.30006687,MACARENA - GUAVIARE,0,0,0,0,0,0,0,1
50711,2025,18494.0,57.67,6,3.244,5,2.704,4821.30006687,MACARENA - GUAVIARE,0,0,0,0,0,0,0,1
52001,2023,401996.0,21.92,41,1.02,52,1.294,1099.39922213,,0,0,0,0,0,0,0,0
52001,2024,403166.0,21.9,32,0.794,44,1.091,1099.39922213,,0,0,0,0,0,0,0,0
52001,2025,404102.0,21.89,42,1.039,65,1.609,1099.39922213,,0,0,0,0,0,0,0,0
52019,2023,9631.0,71.17,2,2.077,2,2.077,38.6100874535,,0,0,0,0,0,0,0,0
52019,2024,9628.0,71.16,0,0.0,1,1.039,38.6100874535,,0,0,0,0,0,0,0,0
52019,2025,9627.0,71.03,0,0.0,1,1.039,38.6100874535,,0,0,0,0,0,0,0,0
52022,2023,7705.0,78.59,0,0.0,0,0.0,47.6405484613,,0,0,0,0,0,0,0,0
52022,2024,7748.0,78.7,3,3.872,0,0.0,47.6405484613,,0,0,0,0,0,0,0,0
52022,2025,7802.0,78.61,2,2.563,2,2.563,47.6405484613,,0,0,0,0,0,0,0,0
52036,2023,8824.0,75.61,4,4.533,0,0.0,68.906361991,,0,0,0,0,0,0,0,0
52036,2024,8823.0,75.46,2,2.267,0,0.0,68.906361991,,0,0,0,0,0,0,0,0
52036,2025,8813.0,75.39,1,1.135,1,1.135,68.906361991,,0,0,0,0,0,0,0,0
52051,2023,8962.0,86.04,1,1.116,0,0.0,60.1857646487,,0,0,0,0,0,0,0,0
52051,2024,9049.0,86.15,0,0.0,0,0.0,60.1857646487,,0,0,0,0,0,0,0,0
52051,2025,9147.0,86.05,0,0.0,1,1.093,60.1857646487,,0,0,0,0,0,0,0,0
52079,2023,62594.0,77.79,23,3.674,7,1.118,2732.93327633,PACÍFICO Y FRONTERA NARIÑENSE,0,0,15,20,0,0,0,1
52079,2024,63548.0,77.72,18,2.833,10,1.574,2732.93327633,PACÍFICO Y FRONTERA NARIÑENSE,0,0,15,20,0,0,0,1
52079,2025,64392.0,77.63,11,1.708,5,0.776,2732.93327633,PACÍFICO Y FRONTERA NARIÑENSE,0,0,15,20,0,0,0,1
52083,2023,6307.0,48.18,0,0.0,1,1.586,41.845405551,,0,0,0,0,0,0,0,0
52083,2024,6288.0,48.16,2,3.181,0,0.0,41.845405551,,0,0,0,0,0,0,0,0
52083,2025,6278.0,47.93,1,1.593,0,0.0,41.845405551,,0,0,0,0,0,0,0,0
52110,2023,24892.0,72.17,4,1.607,1,0.402,635.960832626,,0,0,0,0,0,0,0,0
52110,2024,25040.0,72.12,6,2.396,0,0.0,635.960832626,,0,0,0,0,0,0,0,0
52110,2025,25192.0,72.07,2,0.794,1,0.397,635.960832626,,0,0,0,0,0,0,0,0
52203,2023,8537.0,86.72,0,0.0,0,0.0,61.750529298,,0,0,0,0,0,0,0,0
52203,2024,8501.0,86.74,1,1.176,0,0.0,61.750529298,,0,0,0,0,0,0,0,0
52203,2025,8510.0,86.76,2,2.35,0,0.0,61.750529298,,0,0,0,0,0,0,0,0
52207,2023,14988.0,84.21,2,1.334,0,0.0,119.353635869,,0,0,0,0,0,0,0,0
52207,2024,15175.0,84.15,2,1.318,1,0.659,119.353635869,,0,0,0,0,0,0,0,0
52207,2025,15347.0,84.15,6,3.91,3,1.955,119.353635869,,0,0,0,0,0,0,0,0
52210,2023,7485.0,81.68,0,0.0,0,0.0,43.2090459286,,0,0,0,0,0,0,0,0
52210,2024,7530.0,81.67,0,0.0,0,0.0,43.2090459286,,0,0,0,0,0,0,0,0
52210,2025,7554.0,81.65,0,0.0,0,0.0,43.2090459286,,0,0,0,0,0,0,0,0
52215,2023,16553.0,79.98,2,1.208,1,0.604,304.63446148,,0,0,0,0,0,0,0,0
52215,2024,16735.0,79.95,5,2.988,2,1.195,304.63446148,,0,0,0,0,0,0,0,0
52215,2025,16936.0,79.85,4,2.362,0,0.0,304.63446148,,0,0,0,0,0,0,0,0
52224,2023,9777.0,70.34,3,3.068,0,0.0,57.1185917752,,0,0,0,0,0,0,0,0
52224,2024,9889.0,70.22,3,3.034,0,0.0,57.1185917752,,0,0,0,0,0,0,0,0
52224,2025,9995.0,70.28,2,2.001,0,0.0,57.1185917752,,0,0,0,0,0,0,0,0
52227,2023,39843.0,81.38,0,0.0,1,0.251,915.327641609,,0,0,0,0,0,0,0,0
52227,2024,40406.0,81.37,3,0.742,5,1.237,915.327641609,,0,0,0,0,0,0,0,0
52227,2025,40971.0,81.31,3,0.732,7,1.709,915.327641609,,0,0,0,0,0,0,0,0
52233,2023,5936.0,71.85,5,8.423,0,0.0,355.166976948,ALTO PATÍA Y NORTE DEL CAUCA,0,0,0,0,0,0,0,1
52233,2024,5948.0,71.62,7,11.769,0,0.0,355.166976948,ALTO PATÍA Y NORTE DEL CAUCA,0,0,0,0,0,0,0,1
52233,2025,5949.0,71.58,2,3.362,0,0.0,355.166976948,ALTO PATÍA Y NORTE DEL CAUCA,0,0,0,0,0,0,0,1
52240,2023,16229.0,71.05,1,0.616,0,0.0,146.271761008,,0,0,0,0,0,0,0,0
52240,2024,16366.0,70.97,1,0.611,1,0.611,146.271761008,,0,0,0,0,0,0,0,0
52240,2025,16474.0,70.95,1,0.607,0,0.0,146.271761008,,0,0,0,0,0,0,0,0
52250,2023,22348.0,66.86,9,4.027,2,0.895,2490.59690975,PACÍFICO Y FRONTERA NARIÑENSE,0,0,0,0,0,0,0,1
52250,2024,22396.0,66.69,6,2.679,8,3.572,2490.59690975,PACÍFICO Y FRONTERA NARIÑENSE,0,0,0,0,0,0,0,1
52250,2025,22434.0,66.64,3,1.337,7,3.12,2490.59690975,PACÍFICO Y FRONTERA NARIÑENSE,0,0,0,0,0,0,0,1
52254,2023,7774.0,81.44,5,6.432,0,0.0,121.119314746,,0,0,0,0,0,0,0,0
52254,2024,7831.0,81.41,1,1.277,1,1.277,121.119314746,,0,0,0,0,0,0,0,0
52254,2025,7885.0,81.36,4,5.073,1,1.268,121.119314746,,0,0,0,0,0,0,0,0
52256,2023,12801.0,85.17,8,6.25,1,0.781,520.291550289,ALTO PATÍA Y NORTE DEL CAUCA,0,0,0,0,0,0,0,1
52256,2024,12872.0,85.12,4,3.108,0,0.0,520.291550289,ALTO PATÍA Y NORTE DEL CAUCA,0,0,0,0,0,0,0,1
52256,2025,12964.0,85.0,9,6.942,1,0.771,520.291550289,ALTO PATÍA Y NORTE DEL CAUCA,0,0,0,0,0,0,0,1
52258,2023,14631.0,88.8,0,0.0,0,0.0,306.9026105,,0,0,0,0,0,0,0,0
52258,2024,14671.0,88.83,1,0.682,0,0.0,306.9026105,,0,0,0,0,0,0,0,0
52258,2025,14702.0,88.8,1,0.68,1,0.68,306.9026105,,0,0,0,0,0,0,0,0
52260,2023,14518.0,62.37,3,2.066,0,0.0,246.315097385,,0,0,0,0,0,0,0,0
52260,2024,14548.0,62.32,3,2.062,8,5.499,246.315097385,,0,0,0,0,0,0,0,0
52260,2025,14560.0,62.2,1,0.687,3,2.06,246.315097385,,0,0,0,0,0,0,0,0
52287,2023,7417.0,56.55,0,0.0,1,1.348,394.762357,,0,0,0,0,0,0,0,0
52287,2024,7441.0,56.47,0,0.0,1,1.344,394.762357,,0,0,0,0,0,0,0,0
52287,2025,7452.0,56.51,0,0.0,0,0.0,394.762357,,0,0,0,0,0,0,0,0
52317,2023,20338.0,84.39,1,0.492,2,0.983,155.666896546,,0,0,0,0,0,0,0,0
52317,2024,20468.0,84.4,0,0.0,1,0.489,155.666896546,,0,0,0,0,0,0,0,0
52317,2025,20577.0,84.37,1,0.486,3,1.458,155.666896546,,0,0,0,0,0,0,0,0
52320,2023,11582.0,61.61,0,0.0,1,0.863,116.739782376,,0,0,0,0,0,0,0,0
52320,2024,11604.0,61.53,1,0.862,0,0.0,116.739782376,,0,0,0,0,0,0,0,0
52320,2025,11593.0,61.45,0,0.0,2,1.725,116.739782376,,0,0,0,0,0,0,0,0
52323,2023,7542.0,57.4,1,1.326,0,0.0,29.9618656843,,0,0,0,0,0,0,0,0
52323,2024,7609.0,57.31,0,0.0,0,0.0,29.9618656843,,0,0,0,0,0,0,0,0
52323,2025,7677.0,57.13,0,0.0,0,0.0,29.9618656843,,0,0,0,0,0,0,0,0
52352,2023,7697.0,71.89,1,1.299,0,0.0,80.5315384359,,0,0,0,0,0,0,0,0
52352,2024,7678.0,71.8,1,1.302,1,1.302,80.5315384359,,0,0,0,0,0,0,0,0
52352,2025,7673.0,71.64,0,0.0,0,0.0,80.5315384359,,0,0,0,0,0,0,0,0
52354,2023,7823.0,86.23,0,0.0,0,0.0,81.7298649164,,0,0,0,0,0,0,0,0
52354,2024,7836.0,86.24,1,1.276,0,0.0,81.7298649164,,0,0,0,0,0,0,0,0
52354,2025,7843.0,86.22,1,1.275,0,0.0,81.7298649164,,0,0,0,0,0,0,0,0
52356,2023,120690.0,33.26,51,4.226,12,0.994,1571.75175576,,0,0,0,0,0,0,0,0
52356,2024,121440.0,33.22,38,3.129,23,1.894,1571.75175576,,0,0,0,0,0,0,0,0
52356,2025,122149.0,33.19,35,2.865,28,2.292,1571.75175576,,0,0,0,0,0,0,0,0
52378,2023,19442.0,56.84,3,1.543,2,1.029,238.846319226,,0,0,0,0,0,0,0,0
52378,2024,19560.0,56.79,3,1.534,2,1.022,238.846319226,,0,0,0,0,0,0,0,0
52378,2025,19684.0,56.7,2,1.016,2,1.016,238.846319226,,0,0,0,0,0,0,0,0
52381,2023,10113.0,79.93,0,0.0,0,0.0,136.312920315,,0,0,0,0,0,0,0,0
52381,2024,10098.0,79.78,1,0.99,2,1.981,136.312920315,,0,0,0,0,0,0,0,0
52381,2025,10097.0,79.78,1,0.99,2,1.981,136.312920315,,0,0,0,0,0,0,0,0
52385,2023,6569.0,50.83,1,1.522,0,0.0,244.983953695,,3,4,1,1,0,0,7,0
52385,2024,6565.0,50.78,2,3.046,2,3.046,244.983953695,,3,4,1,1,0,0,7,0
52385,2025,6575.0,50.9,3,4.563,1,1.521,244.983953695,,3,4,1,1,0,0,7,0
52390,2023,7762.0,60.18,0,0.0,0,0.0,415.909047756,PACÍFICO Y FRONTERA NARIÑENSE,0,0,0,0,0,0,0,1
52390,2024,7838.0,60.09,4,5.103,2,2.552,415.909047756,PACÍFICO Y FRONTERA NARIÑENSE,0,0,0,0,0,0,0,1
52390,2025,7895.0,60.06,1,1.267,1,1.267,415.909047756,PACÍFICO Y FRONTERA NARIÑENSE,0,0,0,0,0,0,0,1
52399,2023,33941.0,59.69,12,3.536,5,1.473,142.152377394,,0,0,0,0,0,0,0,0
52399,2024,34338.0,59.69,11,3.203,1,0.291,142.152377394,,0,0,0,0,0,0,0,0
52399,2025,34707.0,59.6,13,3.746,5,1.441,142.152377394,,0,0,0,0,0,0,0,0
52405,2023,9769.0,68.7,10,10.236,1,1.024,310.420445841,ALTO PATÍA Y NORTE DEL CAUCA,0,0,0,0,0,0,0,1
52405,2024,9779.0,68.57,4,4.09,0,0.0,310.420445841,ALTO PATÍA Y NORTE DEL CAUCA,0,0,0,0,0,0,0,1
52405,2025,9763.0,68.47,2,2.049,1,1.024,310.420445841,ALTO PATÍA Y NORTE DEL CAUCA,0,0,0,0,0,0,0,1
52411,2023,10236.0,78.0,3,2.931,2,1.954,135.631606324,,0,0,0,0,0,0,0,0
52411,2024,10242.0,77.87,4,3.905,1,0.976,135.631606324,,0,0,0,0,0,0,0,0
52411,2025,10237.0,77.76,5,4.884,0,0.0,135.631606324,,0,0,0,0,0,0,0,0
52418,2023,9555.0,52.82,1,1.047,2,2.093,956.871511776,ALTO PATÍA Y NORTE DEL CAUCA,1,6,0,0,0,0,6,1
52418,2024,9553.0,52.75,6,6.281,1,1.047,956.871511776,ALTO PATÍA Y NORTE DEL CAUCA,1,6,0,0,0,0,6,1
52418,2025,9544.0,52.69,7,7.334,0,0.0,956.871511776,ALTO PATÍA Y NORTE DEL CAUCA,1,6,0,0,0,0,6,1
52427,2023,27528.0,69.84,4,1.453,0,0.0,1808.09579962,PACÍFICO Y FRONTERA NARIÑENSE,0,0,0,0,0,0,0,1
52427,2024,27970.0,69.74,2,0.715,3,1.073,1808.09579962,PACÍFICO Y FRONTERA NARIÑENSE,0,0,0,0,0,0,0,1
52427,2025,28377.0,69.63,2,0.705,1,0.352,1808.09579962,PACÍFICO Y FRONTERA NARIÑENSE,0,0,0,0,0,0,0,1
52435,2023,8939.0,86.2,11,12.306,2,2.237,569.04545348,,1,3,3,6,0,0,3,0
52435,2024,8934.0,86.18,3,3.358,7,7.835,569.04545348,,1,3,3,6,0,0,3,0
52435,2025,8927.0,86.03,4,4.481,6,6.721,569.04545348,,1,3,3,6,0,0,3,0
52473,2023,12080.0,52.86,1,0.828,0,0.0,768.052228807,PACÍFICO Y FRONTERA NARIÑENSE,0,0,0,0,0,0,0,1
52473,2024,12081.0,52.67,0,0.0,0,0.0,768.052228807,PACÍFICO Y FRONTERA NARIÑENSE,0,0,0,0,0,0,0,1
52473,2025,12083.0,52.68,1,0.828,0,0.0,768.052228807,PACÍFICO Y FRONTERA NARIÑENSE,0,0,0,0,0,0,0,1
52480,2023,4501.0,38.97,0,0.0,0,0.0,25.3128147282,,0,0,0,0,0,0,0,0
52480,2024,4530.0,39.07,0,0.0,0,0.0,25.3128147282,,0,0,0,0,0,0,0,0
52480,2025,4540.0,38.9,0,0.0,0,0.0,25.3128147282,,0,0,0,0,0,0,0,0
52490,2023,26579.0,56.38,7,2.634,0,0.0,1003.11744485,PACÍFICO Y FRONTERA NARIÑENSE,0,0,0,0,0,0,0,1
52490,2024,26822.0,56.28,7,2.61,2,0.746,1003.11744485,PACÍFICO Y FRONTERA NARIÑENSE,0,0,0,0,0,0,0,1
52490,2025,27052.0,56.18,5,1.848,2,0.739,1003.11744485,PACÍFICO Y FRONTERA NARIÑENSE,0,0,0,0,0,0,0,1
52506,2023,7115.0,71.76,2,2.811,0,0.0,64.8432116595,,0,0,0,0,0,0,0,0
52506,2024,7111.0,71.65,0,0.0,1,1.406,64.8432116595,,0,0,0,0,0,0,0,0
52506,2025,7099.0,71.59,0,0.0,0,0.0,64.8432116595,,0,0,0,0,0,0,0,0
52520,2023,15441.0,60.9,3,1.943,0,0.0,525.18401619,PACÍFICO Y FRONTERA NARIÑENSE,0,0,0,0,0,0,0,1
52520,2024,15667.0,60.79,0,0.0,1,0.638,525.18401619,PACÍFICO Y FRONTERA NARIÑENSE,0,0,0,0,0,0,0,1
52520,2025,15906.0,60.59,0,0.0,1,0.629,525.18401619,PACÍFICO Y FRONTERA NARIÑENSE,0,0,0,0,0,0,0,1
52540,2023,9897.0,73.22,14,14.146,3,3.031,434.227897104,ALTO PATÍA Y NORTE DEL CAUCA,0,0,0,0,0,0,0,1
52540,2024,9905.0,73.06,22,22.211,3,3.029,434.227897104,ALTO PATÍA Y NORTE DEL CAUCA,0,0,0,0,0,0,0,1
52540,2025,9869.0,73.18,13,13.173,2,2.027,434.227897104,ALTO PATÍA Y NORTE DEL CAUCA,0,0,0,0,0,0,0,1
52560,2023,10407.0,79.18,1,0.961,0,0.0,388.299557437,,0,0,0,0,0,0,0,0
52560,2024,10402.0,79.07,2,1.923,1,0.961,388.299557437,,0,0,0,0,0,0,0,0
52560,2025,10396.0,78.96,4,3.848,1,0.962,388.299557437,,0,0,0,0,0,0,0,0
52565,2023,5569.0,72.76,2,3.591,0,0.0,39.9833747829,,0,0,0,0,0,0,0,0
52565,2024,5555.0,72.82,1,1.8,0,0.0,39.9833747829,,0,0,0,0,0,0,0,0
52565,2025,5571.0,72.68,2,3.59,1,1.795,39.9833747829,,0,0,0,0,0,0,0,0
52573,2023,8537.0,58.84,0,0.0,1,1.171,350.143976046,,0,0,0,0,0,0,0,0
52573,2024,8534.0,58.6,1,1.172,0,0.0,350.143976046,,0,0,0,0,0,0,0,0
52573,2025,8488.0,58.59,2,2.356,2,2.356,350.143976046,,0,0,0,0,0,0,0,0
52585,2023,17363.0,63.98,12,6.911,0,0.0,129.659798322,,0,0,0,0,0,0,0,0
52585,2024,17327.0,63.81,5,2.886,1,0.577,129.659798322,,0,0,0,0,0,0,0,0
52585,2025,17246.0,63.81,2,1.16,0,0.0,129.659798322,,0,0,0,0,0,0,0,0
52612,2023,22060.0,87.87,12,5.44,9,4.08,1055.73278091,PACÍFICO Y FRONTERA NARIÑENSE,0,0,0,0,0,0,0,1
52612,2024,22530.0,87.89,17,7.545,11,4.882,1055.73278091,PACÍFICO Y FRONTERA NARIÑENSE,0,0,0,0,0,0,0,1
52612,2025,23033.0,87.83,16,6.947,18,7.815,1055.73278091,PACÍFICO Y FRONTERA NARIÑENSE,0,0,0,0,0,0,0,1
52621,2023,12406.0,72.78,8,6.448,2,1.612,1457.71173255,PACÍFICO Y FRONTERA NARIÑENSE,0,0,2,2,0,0,0,1
52621,2024,12427.0,72.69,1,0.805,0,0.0,1457.71173255,PACÍFICO Y FRONTERA NARIÑENSE,0,0,2,2,0,0,0,1
52621,2025,12462.0,72.64,0,0.0,0,0.0,1457.71173255,PACÍFICO Y FRONTERA NARIÑENSE,0,0,2,2,0,0,0,1
52678,2023,29411.0,66.06,29,9.86,2,0.68,605.043944883,,0,0,0,0,0,0,0,0
52678,2024,29401.0,65.93,12,4.081,1,0.34,605.043944883,,0,0,0,0,0,0,0,0
52678,2025,29386.0,65.83,14,4.764,5,1.701,605.043944883,,0,0,0,0,0,0,0,0
52683,2023,20820.0,49.15,6,2.882,0,0.0,101.612514287,,0,0,0,0,0,0,0,0
52683,2024,20826.0,49.05,4,1.921,5,2.401,101.612514287,,0,0,0,0,0,0,0,0
52683,2025,20804.0,48.88,0,0.0,6,2.884,101.612514287,,0,0,0,0,0,0,0,0
52685,2023,9192.0,71.46,0,0.0,2,2.176,65.1645144277,,0,0,0,0,0,0,0,0
52685,2024,9192.0,71.46,0,0.0,1,1.088,65.1645144277,,0,0,0,0,0,0,0,0
52685,2025,9190.0,71.41,0,0.0,1,1.088,65.1645144277,,0,0,0,0,0,0,0,0
52687,2023,18710.0,87.98,3,1.603,1,0.534,249.147306628,,0,0,0,0,0,0,0,0
52687,2024,18725.0,87.95,7,3.738,1,0.534,249.147306628,,0,0,0,0,0,0,0,0
52687,2025,18745.0,87.92,2,1.067,3,1.6,249.147306628,,0,0,0,0,0,0,0,0
52693,2023,15401.0,73.23,9,5.844,0,0.0,111.859643899,,0,0,0,0,0,0,0,0
52693,2024,15407.0,73.13,5,3.245,1,0.649,111.859643899,,0,0,0,0,0,0,0,0
52693,2025,15378.0,73.15,1,0.65,3,1.951,111.859643899,,0,0,0,0,0,0,0,0
52694,2023,6834.0,87.81,1,1.463,0,0.0,55.6472765237,,0,0,0,0,0,0,0,0
52694,2024,6842.0,87.69,1,1.462,1,1.462,55.6472765237,,0,0,0,0,0,0,0,0
52694,2025,6820.0,87.61,1,1.466,0,0.0,55.6472765237,,0,0,0,0,0,0,0,0
52696,2023,14020.0,72.72,2,1.427,0,0.0,1224.57560644,PACÍFICO Y FRONTERA NARIÑENSE,0,0,1,2,0,0,0,1
52696,2024,14142.0,72.61,6,4.243,1,0.707,1224.57560644,PACÍFICO Y FRONTERA NARIÑENSE,0,0,1,2,0,0,0,1
52696,2025,14254.0,72.51,2,1.403,2,1.403,1224.57560644,PACÍFICO Y FRONTERA NARIÑENSE,0,0,1,2,0,0,0,1
52699,2023,10664.0,86.01,5,4.689,2,1.875,540.54009799,,0,0,3,5,0,0,0,0
52699,2024,10666.0,85.96,0,0.0,1,0.938,540.54009799,,0,0,3,5,0,0,0,0
52699,2025,10646.0,85.93,3,2.818,0,0.0,540.54009799,,0,0,3,5,0,0,0,0
52720,2023,7389.0,80.31,2,2.707,0,0.0,115.54851075,,0,0,0,0,0,0,0,0
52720,2024,7368.0,80.35,0,0.0,0,0.0,115.54851075,,0,0,0,0,0,0,0,0
52720,2025,7374.0,80.42,0,0.0,0,0.0,115.54851075,,0,0,0,0,0,0,0,0
52786,2023,18310.0,77.48,12,6.554,5,2.731,234.58749334,,0,0,0,0,0,0,0,0
52786,2024,18398.0,77.38,19,10.327,4,2.174,234.58749334,,0,0,0,0,0,0,0,0
52786,2025,18438.0,77.39,13,7.051,4,2.169,234.58749334,,0,0,0,0,0,0,0,0
52788,2023,14387.0,79.13,0,0.0,2,1.39,217.972315943,,0,0,0,0,0,0,0,0
52788,2024,14521.0,79.12,1,0.689,0,0.0,217.972315943,,0,0,0,0,0,0,0,0
52788,2025,14662.0,79.02,0,0.0,1,0.682,217.972315943,,0,0,0,0,0,0,0,0
52835,2023,269643.0,65.69,90,3.338,25,0.927,3611.04840126,PACÍFICO Y FRONTERA NARIÑENSE,0,0,0,0,0,0,0,1
52835,2024,272306.0,65.59,58,2.13,43,1.579,3611.04840126,PACÍFICO Y FRONTERA NARIÑENSE,0,0,0,0,0,0,0,1
52835,2025,274765.0,65.49,40,1.456,37,1.347,3611.04840126,PACÍFICO Y FRONTERA NARIÑENSE,0,0,0,0,0,0,0,1
52838,2023,46667.0,61.1,11,2.357,5,1.071,216.329111259,,0,0,0,0,0,0,0,0
52838,2024,47014.0,61.04,6,1.276,4,0.851,216.329111259,,0,0,0,0,0,0,0,0
52838,2025,47314.0,60.98,3,0.634,2,0.423,216.329111259,,0,0,0,0,0,0,0,0
52885,2023,11481.0,69.37,2,1.742,0,0.0,102.734817857,,0,0,0,0,0,0,0,0
52885,2024,11573.0,69.28,2,1.728,1,0.864,102.734817857,,0,0,0,0,0,0,0,0
52885,2025,11661.0,69.34,1,0.858,1,0.858,102.734817857,,0,0,0,0,0,0,0,0
54001,2023,787444.0,3.85,288,3.657,327,4.153,1133.90020146,,1,3,0,0,0,0,3,0
54001,2024,790984.0,3.87,291,3.679,296,3.742,1133.90020146,,1,3,0,0,0,0,3,0
54001,2025,793211.0,3.9,344,4.337,273,3.442,1133.90020146,,1,3,0,0,0,0,3,0
54003,2023,35395.0,48.34,20,5.651,7,1.978,1382.44975635,,0,0,0,0,0,0,0,0
54003,2024,35875.0,48.33,21,5.854,12,3.345,1382.44975635,,0,0,0,0,0,0,0,0
54003,2025,36269.0,48.3,12,3.309,9,2.481,1382.44975635,,0,0,0,0,0,0,0,0
54051,2023,10489.0,76.28,0,0.0,1,0.953,456.148988658,,0,0,0,0,0,0,0,0
54051,2024,10559.0,76.3,0,0.0,4,3.788,456.148988658,,0,0,0,0,0,0,0,0
54051,2025,10639.0,76.17,0,0.0,0,0.0,456.148988658,,0,0,0,0,0,0,0,0
54099,2023,9310.0,62.72,1,1.074,6,6.445,170.278343339,,0,0,0,0,0,0,0,0
54099,2024,9467.0,62.68,0,0.0,1,1.056,170.278343339,,0,0,0,0,0,0,0,0
54099,2025,9634.0,62.66,0,0.0,1,1.038,170.278343339,,0,0,0,0,0,0,0,0
54109,2023,7401.0,91.04,0,0.0,3,4.054,270.790858986,,0,0,0,0,0,0,0,0
54109,2024,7559.0,90.99,2,2.646,0,0.0,270.790858986,,0,0,0,0,0,0,0,0
54109,2025,7703.0,91.11,3,3.895,7,9.087,270.790858986,,0,0,0,0,0,0,0,0
54125,2023,3090.0,65.86,0,0.0,0,0.0,138.922190157,,0,0,0,0,0,0,0,0
54125,2024,3121.0,65.62,0,0.0,0,0.0,138.922190157,,0,0,0,0,0,0,0,0
54125,2025,3144.0,65.78,0,0.0,1,3.181,138.922190157,,0,0,0,0,0,0,0,0
54128,2023,12028.0,82.72,0,0.0,0,0.0,615.81990459,,0,0,0,0,0,0,0,0
54128,2024,12099.0,82.68,0,0.0,2,1.653,615.81990459,,0,0,0,0,0,0,0,0
54128,2025,12176.0,82.67,0,0.0,0,0.0,615.81990459,,0,0,0,0,0,0,0,0
54172,2023,19692.0,35.57,3,1.523,3,1.523,166.253793339,,0,0,0,0,0,0,0,0
54172,2024,20021.0,35.69,4,1.998,4,1.998,166.253793339,,0,0,0,0,0,0,0,0
54172,2025,20355.0,35.65,3,1.474,8,3.93,166.253793339,,0,0,0,0,0,0,0,0
54174,2023,13034.0,61.97,2,1.534,2,1.534,1185.17804113,,0,0,0,0,0,0,0,0
54174,2024,13208.0,61.99,6,4.543,2,1.514,1185.17804113,,0,0,0,0,0,0,0,0
54174,2025,13383.0,62.0,1,0.747,5,3.736,1185.17804113,,0,0,0,0,0,0,0,0
54206,2023,20702.0,59.75,12,5.797,6,2.898,931.783373446,CATATUMBO,0,0,0,0,0,0,0,1
54206,2024,20973.0,59.77,3,1.43,7,3.338,931.783373446,CATATUMBO,0,0,0,0,0,0,0,1
54206,2025,21228.0,59.81,15,7.066,2,0.942,931.783373446,CATATUMBO,0,0,0,0,0,0,0,1
54223,2023,8588.0,80.82,0,0.0,0,0.0,374.910545304,,0,0,0,0,0,0,0,0
54223,2024,8603.0,80.8,0,0.0,1,1.162,374.910545304,,0,0,0,0,0,0,0,0
54223,2025,8586.0,80.77,0,0.0,2,2.329,374.910545304,,0,0,0,0,0,0,0,0
54239,2023,4981.0,50.81,1,2.008,5,10.038,175.000421757,,0,0,0,0,0,0,0,0
54239,2024,5044.0,50.99,1,1.983,1,1.983,175.000421757,,0,0,0,0,0,0,0,0
54239,2025,5079.0,50.86,0,0.0,1,1.969,175.000421757,,0,0,0,0,0,0,0,0
54245,2023,14657.0,82.99,14,9.552,4,2.729,1727.75630132,CATATUMBO,0,0,0,0,0,0,0,1
54245,2024,14851.0,82.97,10,6.734,1,0.673,1727.75630132,CATATUMBO,0,0,0,0,0,0,0,1
54245,2025,15027.0,82.96,7,4.658,3,1.996,1727.75630132,CATATUMBO,0,0,0,0,0,0,0,1
54250,2023,25796.0,56.79,3,1.163,4,1.551,704.100286702,CATATUMBO,0,0,0,0,0,0,0,1
54250,2024,26769.0,56.74,2,0.747,2,0.747,704.100286702,CATATUMBO,0,0,0,0,0,0,0,1
54250,2025,27716.0,56.7,24,8.659,11,3.969,704.100286702,CATATUMBO,0,0,0,0,0,0,0,1
54261,2023,31132.0,39.95,12,3.855,29,9.315,505.326349054,,0,0,0,0,0,0,0,0
54261,2024,31482.0,40.15,22,6.988,29,9.212,505.326349054,,0,0,0,0,0,0,0,0
54261,2025,31833.0,40.29,30,9.424,16,5.026,505.326349054,,0,0,0,0,0,0,0,0
54313,2023,8298.0,65.92,0,0.0,1,1.205,149.023907795,,0,0,0,0,0,0,0,0
54313,2024,8430.0,65.82,0,0.0,0,0.0,149.023907795,,0,0,0,0,0,0,0,0
54313,2025,8553.0,65.92,0,0.0,0,0.0,149.023907795,,0,0,0,0,0,0,0,0
54344,2023,10724.0,85.64,1,0.932,3,2.797,419.004934147,CATATUMBO,0,0,0,0,0,0,0,1
54344,2024,10775.0,85.5,1,0.928,3,2.784,419.004934147,CATATUMBO,0,0,0,0,0,0,0,1
54344,2025,10791.0,85.47,3,2.78,1,0.927,419.004934147,CATATUMBO,0,0,0,0,0,0,0,1
54347,2023,8172.0,81.68,0,0.0,1,1.224,106.958024788,,0,0,0,0,0,0,0,0
54347,2024,8388.0,81.65,0,0.0,0,0.0,106.958024788,,0,0,0,0,0,0,0,0
54347,2025,8602.0,81.57,1,1.163,1,1.163,106.958024788,,0,0,0,0,0,0,0,0
54377,2023,6926.0,73.46,0,0.0,0,0.0,256.039785936,,0,0,0,0,0,0,0,0
54377,2024,6999.0,73.37,1,1.429,3,4.286,256.039785936,,0,0,0,0,0,0,0,0
54377,2025,7049.0,73.36,1,1.419,0,0.0,256.039785936,,0,0,0,0,0,0,0,0
54385,2023,12419.0,84.62,4,3.221,3,2.416,669.899282212,,0,0,0,0,0,0,0,0
54385,2024,12516.0,84.6,3,2.397,2,1.598,669.899282212,,0,0,0,0,0,0,0,0
54385,2025,12579.0,84.56,13,10.335,3,2.385,669.899282212,,0,0,0,0,0,0,0,0
54398,2023,8472.0,88.09,1,1.18,4,4.721,242.214667188,,0,0,0,0,0,0,0,0
54398,2024,8582.0,88.01,4,4.661,3,3.496,242.214667188,,0,0,0,0,0,0,0,0
54398,2025,8668.0,88.02,4,4.615,3,3.461,242.214667188,,0,0,0,0,0,0,0,0
54405,2023,102015.0,2.74,16,1.568,31,3.039,126.374129004,,0,0,0,0,0,0,0,0
54405,2024,103208.0,2.74,10,0.969,22,2.132,126.374129004,,0,0,0,0,0,0,0,0
54405,2025,104220.0,2.74,16,1.535,21,2.015,126.374129004,,0,0,0,0,0,0,0,0
54418,2023,4463.0,52.36,0,0.0,0,0.0,86.5873363844,,0,0,0,0,0,0,0,0
54418,2024,4520.0,52.54,0,0.0,3,6.637,86.5873363844,,0,0,0,0,0,0,0,0
54418,2025,4584.0,52.6,1,2.182,0,0.0,86.5873363844,,0,0,0,0,0,0,0,0
54480,2023,4593.0,80.49,0,0.0,0,0.0,158.809674887,,0,0,0,0,0,0,0,0
54480,2024,4636.0,80.48,2,4.314,1,2.157,158.809674887,,0,0,0,0,0,0,0,0
54480,2025,4668.0,80.63,1,2.142,0,0.0,158.809674887,,0,0,0,0,0,0,0,0
54498,2023,134317.0,10.14,49,3.648,42,3.127,553.780838099,,0,0,0,0,0,0,0,0
54498,2024,136427.0,10.15,28,2.052,50,3.665,553.780838099,,0,0,0,0,0,0,0,0
54498,2025,138352.0,10.17,49,3.542,62,4.481,553.780838099,,0,0,0,0,0,0,0,0
54518,2023,52357.0,7.38,2,0.382,11,2.101,298.294090539,,0,0,0,0,0,0,0,0
54518,2024,52427.0,7.35,2,0.381,20,3.815,298.294090539,,0,0,0,0,0,0,0,0
54518,2025,52424.0,7.35,3,0.572,20,3.815,298.294090539,,0,0,0,0,0,0,0,0
54520,2023,6094.0,78.75,1,1.641,1,1.641,170.932335165,,0,0,0,0,0,0,0,0
54520,2024,6204.0,78.79,0,0.0,2,3.224,170.932335165,,0,0,0,0,0,0,0,0
54520,2025,6253.0,78.92,0,0.0,5,7.996,170.932335165,,0,0,0,0,0,0,0,0
54553,2023,9452.0,6.61,8,8.464,9,9.522,44.9454010807,,0,0,0,0,0,0,0,0
54553,2024,9525.0,6.56,8,8.399,5,5.249,44.9454010807,,0,0,0,0,0,0,0,0
54553,2025,9563.0,6.65,6,6.274,2,2.091,44.9454010807,,0,0,0,0,0,0,0,0
54599,2023,6562.0,51.22,0,0.0,1,1.524,97.7257778151,,0,0,0,0,0,0,0,0
54599,2024,6653.0,51.19,0,0.0,2,3.006,97.7257778151,,0,0,0,0,0,0,0,0
54599,2025,6736.0,51.34,2,2.969,3,4.454,97.7257778151,,0,0,0,0,0,0,0,0
54660,2023,11316.0,61.52,1,0.884,2,1.767,493.910089497,,0,0,0,0,0,0,0,0
54660,2024,11438.0,61.47,0,0.0,2,1.749,493.910089497,,0,0,0,0,0,0,0,0
54660,2025,11551.0,61.54,1,0.866,2,1.731,493.910089497,,0,0,0,0,0,0,0,0
54670,2023,13405.0,81.63,1,0.746,3,2.238,398.021952557,CATATUMBO,0,0,0,0,0,0,0,1
54670,2024,13579.0,81.49,1,0.736,0,0.0,398.021952557,CATATUMBO,0,0,0,0,0,0,0,1
54670,2025,13733.0,81.42,1,0.728,2,1.456,398.021952557,CATATUMBO,0,0,0,0,0,0,0,1
54673,2023,8556.0,68.34,1,1.169,3,3.506,138.95306848,,0,0,0,0,0,0,0,0
54673,2024,8712.0,68.56,5,5.739,5,5.739,138.95306848,,0,0,0,0,0,0,0,0
54673,2025,8839.0,68.62,6,6.788,3,3.394,138.95306848,,0,0,0,0,0,0,0,0
54680,2023,3950.0,47.34,0,0.0,1,2.532,172.538188266,,0,0,0,0,0,0,0,0
54680,2024,4040.0,47.57,0,0.0,4,9.901,172.538188266,,0,0,0,0,0,0,0,0
54680,2025,4132.0,47.6,1,2.42,2,4.84,172.538188266,,0,0,0,0,0,0,0,0
54720,2023,28123.0,61.46,8,2.845,22,7.823,1467.70683044,CATATUMBO,0,0,0,0,0,0,0,1
54720,2024,28494.0,61.44,4,1.404,11,3.86,1467.70683044,CATATUMBO,0,0,0,0,0,0,0,1
54720,2025,28815.0,61.48,12,4.164,14,4.859,1467.70683044,CATATUMBO,0,0,0,0,0,0,0,1
54743,2023,7051.0,85.18,0,0.0,1,1.418,316.855407728,,0,0,0,0,0,0,0,0
54743,2024,7166.0,85.14,0,0.0,1,1.395,316.855407728,,0,0,0,0,0,0,0,0
54743,2025,7269.0,85.2,0,0.0,0,0.0,316.855407728,,0,0,0,0,0,0,0,0
54800,2023,18071.0,83.68,1,0.553,4,2.213,927.053956394,CATATUMBO,0,0,0,0,0,0,0,1
54800,2024,18309.0,83.57,4,2.185,1,0.546,927.053956394,CATATUMBO,0,0,0,0,0,0,0,1
54800,2025,18521.0,83.54,27,14.578,0,0.0,927.053956394,CATATUMBO,0,0,0,0,0,0,0,1
54810,2023,65269.0,63.01,36,5.516,24,3.677,2680.07274008,CATATUMBO,0,0,0,0,0,0,0,1
54810,2024,67062.0,63.03,29,4.324,18,2.684,2680.07274008,CATATUMBO,0,0,0,0,0,0,0,1
54810,2025,68802.0,63.05,157,22.819,17,2.471,2680.07274008,CATATUMBO,0,0,0,0,0,0,0,1
54820,2023,17196.0,65.02,3,1.745,2,1.163,1480.66501529,,0,0,0,0,0,0,0,0
54820,2024,17424.0,65.02,2,1.148,3,1.722,1480.66501529,,0,0,0,0,0,0,0,0
54820,2025,17628.0,65.01,6,3.404,3,1.702,1480.66501529,,0,0,0,0,0,0,0,0
54871,2023,5354.0,55.04,0,0.0,0,0.0,401.058451659,,0,0,0,0,0,0,0,0
54871,2024,5381.0,55.25,2,3.717,0,0.0,401.058451659,,0,0,0,0,0,0,0,0
54871,2025,5394.0,55.23,1,1.854,0,0.0,401.058451659,,0,0,0,0,0,0,0,0
54874,2023,121164.0,3.16,48,3.962,50,4.127,91.7693128349,,0,0,0,0,0,0,0,0
54874,2024,123460.0,3.17,52,4.212,38,3.078,91.7693128349,,0,0,0,0,0,0,0,0
54874,2025,125580.0,3.18,42,3.344,37,2.946,91.7693128349,,0,0,0,0,0,0,0,0
63001,2023,304311.0,2.67,79,2.596,61,2.005,121.587950906,,0,0,0,0,0,0,0,0
63001,2024,305676.0,2.68,69,2.257,64,2.094,121.587950906,,0,0,0,0,0,0,0,0
63001,2025,306682.0,2.69,105,3.424,69,2.25,121.587950906,,0,0,0,0,0,0,0,0
63111,2023,3185.0,61.26,0,0.0,2,6.279,38.4580994864,,0,0,0,0,0,0,0,0
63111,2024,3199.0,61.43,0,0.0,0,0.0,38.4580994864,,0,0,0,0,0,0,0,0
63111,2025,3178.0,61.64,0,0.0,0,0.0,38.4580994864,,0,0,0,0,0,0,0,0
63130,2023,74465.0,22.66,26,3.492,7,0.94,220.827579956,,0,0,0,0,0,0,0,0
63130,2024,74545.0,22.76,19,2.549,10,1.341,220.827579956,,0,0,0,0,0,0,0,0
63130,2025,74536.0,22.86,19,2.549,18,2.415,220.827579956,,0,0,0,0,0,0,0,0
63190,2023,28950.0,25.32,6,2.073,8,2.763,90.3168598842,,0,0,0,0,0,0,0,0
63190,2024,29013.0,25.42,1,0.345,5,1.723,90.3168598842,,0,0,0,0,0,0,0,0
63190,2025,29024.0,25.51,3,1.034,5,1.723,90.3168598842,,0,0,0,0,0,0,0,0
63212,2023,5848.0,40.6,0,0.0,1,1.71,92.9851288441,,0,0,0,0,0,0,0,0
63212,2024,5866.0,40.64,1,1.705,0,0.0,92.9851288441,,0,0,0,0,0,0,0,0
63212,2025,5877.0,40.7,0,0.0,1,1.702,92.9851288441,,0,0,0,0,0,0,0,0
63272,2023,12417.0,44.63,0,0.0,3,2.416,106.621712886,,0,0,0,0,0,0,0,0
63272,2024,12418.0,44.75,4,3.221,0,0.0,106.621712886,,0,0,0,0,0,0,0,0
63272,2025,12398.0,44.85,1,0.807,5,4.033,106.621712886,,0,0,0,0,0,0,0,0
63302,2023,7704.0,43.47,4,5.192,2,2.596,294.937718589,,0,0,0,0,0,0,0,0
63302,2024,7723.0,43.7,2,2.59,7,9.064,294.937718589,,0,0,0,0,0,0,0,0
63302,2025,7718.0,43.74,3,3.887,1,1.296,294.937718589,,0,0,0,0,0,0,0,0
63401,2023,33884.0,10.11,9,2.656,0,0.0,89.4170734984,,1,2,0,0,0,0,2,0
63401,2024,33885.0,10.1,15,4.427,5,1.476,89.4170734984,,1,2,0,0,0,0,2,0
63401,2025,33859.0,10.12,28,8.27,8,2.363,89.4170734984,,1,2,0,0,0,0,2,0
63470,2023,37477.0,17.99,32,8.539,16,4.269,149.034327961,,0,0,0,0,0,0,0,0
63470,2024,37530.0,18.05,22,5.862,6,1.599,149.034327961,,0,0,0,0,0,0,0,0
63470,2025,37547.0,18.12,16,4.261,8,2.131,149.034327961,,0,0,0,0,0,0,0,0
63548,2023,5360.0,43.38,5,9.328,0,0.0,248.582616581,,0,0,0,0,0,0,0,0
63548,2024,5361.0,43.5,2,3.731,4,7.461,248.582616581,,0,0,0,0,0,0,0,0
63548,2025,5351.0,43.66,1,1.869,2,3.738,248.582616581,,0,0,0,0,0,0,0,0
63594,2023,31368.0,18.82,15,4.782,5,1.594,133.520353988,,0,0,0,0,0,0,0,0
63594,2024,31400.0,18.89,17,5.414,4,1.274,133.520353988,,0,0,0,0,0,0,0,0
63594,2025,31408.0,19.01,24,7.641,7,2.229,133.520353988,,0,0,0,0,0,0,0,0
63690,2023,10151.0,58.49,1,0.985,2,1.97,347.28142408,,0,0,0,0,0,0,0,0
63690,2024,10264.0,58.65,3,2.923,2,1.949,347.28142408,,0,0,0,0,0,0,0,0
63690,2025,10306.0,58.7,0,0.0,0,0.0,347.28142408,,0,0,0,0,0,0,0,0
66001,2023,484084.0,16.43,115,2.376,46,0.95,608.012203213,,0,0,0,0,0,0,0,0
66001,2024,486042.0,16.3,149,3.066,98,2.016,608.012203213,,0,0,0,0,0,0,0,0
66001,2025,487359.0,16.16,206,4.227,107,2.196,608.012203213,,0,0,0,0,0,0,0,0
66045,2023,12760.0,54.28,4,3.135,0,0.0,149.980513651,,1,4,0,0,0,0,4,0
66045,2024,12754.0,53.92,3,2.352,1,0.784,149.980513651,,1,4,0,0,0,0,4,0
66045,2025,12753.0,53.65,5,3.921,5,3.921,149.980513651,,1,4,0,0,0,0,4,0
66075,2023,6654.0,74.77,1,1.503,2,3.006,119.485984953,,0,0,0,0,0,0,0,0
66075,2024,6647.0,74.44,1,1.504,2,3.009,119.485984953,,0,0,0,0,0,0,0,0
66075,2025,6630.0,74.09,1,1.508,2,3.017,119.485984953,,0,0,0,0,0,0,0,0
66088,2023,25385.0,47.76,10,3.939,5,1.97,180.600438726,,0,0,0,0,0,0,0,0
66088,2024,25391.0,47.48,10,3.938,1,0.394,180.600438726,,0,0,0,0,0,0,0,0
66088,2025,25361.0,47.19,21,8.28,6,2.366,180.600438726,,0,0,0,0,0,0,0,0
66170,2023,236459.0,4.87,62,2.622,17,0.719,70.1288668445,,0,0,0,0,0,0,0,0
66170,2024,240061.0,4.8,55,2.291,28,1.166,70.1288668445,,0,0,0,0,0,0,0,0
66170,2025,243418.0,4.72,94,3.862,37,1.52,70.1288668445,,0,0,0,0,0,0,0,0
66318,2023,12585.0,68.39,0,0.0,1,0.795,100.820639083,,0,0,0,0,0,0,0,0
66318,2024,12548.0,68.08,0,0.0,0,0.0,100.820639083,,0,0,0,0,0,0,0,0
66318,2025,12526.0,67.8,0,0.0,4,3.193,100.820639083,,0,0,0,0,0,0,0,0
66383,2023,7740.0,59.9,2,2.584,0,0.0,92.4736614818,,0,0,0,0,0,0,0,0
66383,2024,7749.0,59.65,2,2.581,2,2.581,92.4736614818,,0,0,0,0,0,0,0,0
66383,2025,7733.0,59.37,3,3.879,0,0.0,92.4736614818,,0,0,0,0,0,0,0,0
66400,2023,28321.0,2.3,19,6.709,4,1.412,32.9415703567,,0,0,0,0,0,0,0,0
66400,2024,28384.0,2.28,3,1.057,4,1.409,32.9415703567,,0,0,0,0,0,0,0,0
66400,2025,28417.0,2.26,5,1.76,8,2.815,32.9415703567,,0,0,0,0,0,0,0,0
66440,2023,17389.0,47.08,1,0.575,0,0.0,149.319137377,,0,0,0,0,0,0,0,0
66440,2024,17421.0,46.75,5,2.87,3,1.722,149.319137377,,0,0,0,0,0,0,0,0
66440,2025,17379.0,46.37,7,4.028,4,2.302,149.319137377,,0,0,0,0,0,0,0,0
66456,2023,18270.0,75.37,5,2.737,0,0.0,564.743480239,,0,0,1,2,0,0,0,0
66456,2024,18387.0,75.09,2,1.088,0,0.0,564.743480239,,0,0,1,2,0,0,0,0
66456,2025,18455.0,74.84,20,10.837,2,1.084,564.743480239,,0,0,1,2,0,0,0,0
66572,2023,18093.0,81.05,0,0.0,1,0.553,613.767813145,,0,0,0,0,0,0,0,0
66572,2024,18266.0,80.81,2,1.095,5,2.737,613.767813145,,0,0,0,0,0,0,0,0
66572,2025,18445.0,80.5,6,3.253,2,1.084,613.767813145,,0,0,0,0,0,0,0,0
66594,2023,28256.0,71.63,4,1.416,2,0.708,140.142967001,,1,7,1,2,2,2,7,0
66594,2024,28224.0,71.3,2,0.709,2,0.709,140.142967001,,1,7,1,2,2,2,7,0
66594,2025,28154.0,71.04,6,2.131,2,0.71,140.142967001,,1,7,1,2,2,2,7,0
66682,2023,82318.0,16.22,21,2.551,2,0.243,543.490030532,,0,0,1,1,0,0,0,0
66682,2024,83030.0,16.1,20,2.409,20,2.409,543.490030532,,0,0,1,1,0,0,0,0
66682,2025,83602.0,15.95,17,2.033,15,1.794,543.490030532,,0,0,1,1,0,0,0,0
66687,2023,13024.0,48.1,6,4.607,1,0.768,190.842757074,,1,4,0,0,0,0,4,0
66687,2024,13026.0,47.84,13,9.98,2,1.535,190.842757074,,1,4,0,0,0,0,4,0
66687,2025,12993.0,47.53,5,3.848,1,0.77,190.842757074,,1,4,0,0,0,0,4,0
68001,2023,612638.0,1.72,123,2.008,81,1.322,153.786150417,,0,0,0,0,0,0,0,0
68001,2024,615463.0,1.72,131,2.128,96,1.56,153.786150417,,0,0,0,0,0,0,0,0
68001,2025,617659.0,1.72,137,2.218,114,1.846,153.786150417,,0,0,0,0,0,0,0,0
68013,2023,1904.0,80.41,0,0.0,0,0.0,75.2312480469,,0,0,0,0,0,0,0,0
68013,2024,1891.0,79.8,0,0.0,0,0.0,75.2312480469,,0,0,0,0,0,0,0,0
68013,2025,1892.0,79.6,0,0.0,1,5.285,75.2312480469,,0,0,0,0,0,0,0,0
68020,2023,4218.0,83.64,1,2.371,0,0.0,166.216966057,,0,0,0,0,0,0,0,0
68020,2024,4223.0,83.14,0,0.0,1,2.368,166.216966057,,0,0,0,0,0,0,0,0
68020,2025,4236.0,82.53,1,2.361,0,0.0,166.216966057,,0,0,0,0,0,0,0,0
68051,2023,8810.0,68.62,0,0.0,0,0.0,169.791551892,,0,0,0,0,0,0,0,0
68051,2024,8824.0,68.14,0,0.0,0,0.0,169.791551892,,0,0,0,0,0,0,0,0
68051,2025,8854.0,67.52,0,0.0,0,0.0,169.791551892,,0,0,0,0,0,0,0,0
68077,2023,33402.0,23.87,7,2.096,4,1.198,46.7153820035,,0,0,0,0,0,0,0,0
68077,2024,33724.0,23.68,6,1.779,5,1.483,46.7153820035,,0,0,0,0,0,0,0,0
68077,2025,34021.0,23.49,2,0.588,3,0.882,46.7153820035,,0,0,0,0,0,0,0,0
68079,2023,12392.0,68.58,0,0.0,0,0.0,137.275811749,,0,0,0,0,0,0,0,0
68079,2024,12657.0,68.07,0,0.0,1,0.79,137.275811749,,0,0,0,0,0,0,0,0
68079,2025,12935.0,67.52,0,0.0,1,0.773,137.275811749,,0,0,0,0,0,0,0,0
68081,2023,224011.0,12.41,123,5.491,41,1.83,1326.83830227,,0,0,0,0,0,0,0,0
68081,2024,226559.0,12.27,162,7.15,72,3.178,1326.83830227,,0,0,0,0,0,0,0,0
68081,2025,228836.0,12.13,161,7.036,117,5.113,1326.83830227,,0,0,0,0,0,0,0,0
68092,2023,6664.0,75.86,0,0.0,0,0.0,431.248708633,,0,0,0,0,0,0,0,0
68092,2024,6747.0,75.22,0,0.0,0,0.0,431.248708633,,0,0,0,0,0,0,0,0
68092,2025,6835.0,74.6,2,2.926,2,2.926,431.248708633,,0,0,0,0,0,0,0,0
68101,2023,11529.0,84.02,0,0.0,0,0.0,1010.12568134,,0,0,0,0,0,0,0,0
68101,2024,11558.0,83.53,2,1.73,3,2.596,1010.12568134,,0,0,0,0,0,0,0,0
68101,2025,11571.0,83.09,1,0.864,3,2.593,1010.12568134,,0,0,0,0,0,0,0,0
68121,2023,2092.0,77.68,0,0.0,0,0.0,65.5743093321,,0,0,0,0,0,0,0,0
68121,2024,2117.0,76.85,0,0.0,0,0.0,65.5743093321,,0,0,0,0,0,0,0,0
68121,2025,2135.0,76.07,0,0.0,0,0.0,65.5743093321,,0,0,0,0,0,0,0,0
68132,2023,2425.0,54.1,0,0.0,0,0.0,45.0134597371,,5,16,0,0,1,1,18,0
68132,2024,2465.0,53.55,0,0.0,0,0.0,45.0134597371,,5,16,0,0,1,1,18,0
68132,2025,2498.0,52.8,0,0.0,0,0.0,45.0134597371,,5,16,0,0,1,1,18,0
68147,2023,6123.0,34.8,0,0.0,1,1.633,85.2840640353,,0,0,0,0,0,0,0,0
68147,2024,6215.0,34.34,0,0.0,1,1.609,85.2840640353,,0,0,0,0,0,0,0,0
68147,2025,6279.0,33.95,1,1.593,0,0.0,85.2840640353,,0,0,0,0,0,0,0,0
68152,2023,4794.0,83.65,0,0.0,0,0.0,258.946151676,,0,0,0,0,0,0,0,0
68152,2024,4852.0,83.37,1,2.061,0,0.0,258.946151676,,0,0,0,0,0,0,0,0
68152,2025,4920.0,82.66,1,2.033,0,0.0,258.946151676,,0,0,0,0,0,0,0,0
68160,2023,2159.0,71.42,0,0.0,0,0.0,107.967108874,,0,0,0,0,0,0,0,0
68160,2024,2167.0,70.88,0,0.0,0,0.0,107.967108874,,0,0,0,0,0,0,0,0
68160,2025,2188.0,69.84,0,0.0,0,0.0,107.967108874,,0,0,0,0,0,0,0,0
68162,2023,7421.0,48.09,0,0.0,0,0.0,421.081442648,,0,0,0,0,0,0,0,0
68162,2024,7482.0,47.58,2,2.673,0,0.0,421.081442648,,0,0,0,0,0,0,0,0
68162,2025,7553.0,47.19,0,0.0,0,0.0,421.081442648,,0,0,0,0,0,0,0,0
68167,2023,13553.0,38.54,0,0.0,1,0.738,419.218191869,,0,0,0,0,0,0,0,0
68167,2024,13688.0,38.06,1,0.731,3,2.192,419.218191869,,0,0,0,0,0,0,0,0
68167,2025,13841.0,37.69,2,1.445,1,0.722,419.218191869,,0,0,0,0,0,0,0,0
68169,2023,3233.0,72.53,0,0.0,0,0.0,126.706250431,,0,0,0,0,0,0,0,0
68169,2024,3252.0,72.08,0,0.0,0,0.0,126.706250431,,0,0,0,0,0,0,0,0
68169,2025,3298.0,71.41,0,0.0,0,0.0,126.706250431,,0,0,0,0,0,0,0,0
68176,2023,3203.0,68.97,0,0.0,0,0.0,173.219022011,,0,0,0,0,0,0,0,0
68176,2024,3243.0,68.33,0,0.0,0,0.0,173.219022011,,0,0,0,0,0,0,0,0
68176,2025,3283.0,67.68,0,0.0,0,0.0,173.219022011,,0,0,0,0,0,0,0,0
68179,2023,5223.0,85.24,0,0.0,0,0.0,94.9368191321,,0,0,0,0,0,0,0,0
68179,2024,5247.0,84.62,0,0.0,0,0.0,94.9368191321,,0,0,0,0,0,0,0,0
68179,2025,5242.0,84.3,0,0.0,0,0.0,94.9368191321,,0,0,0,0,0,0,0,0
68190,2023,33725.0,54.14,6,1.779,5,1.483,3174.28853864,,0,0,0,0,0,0,0,0
68190,2024,33782.0,53.56,13,3.848,1,0.296,3174.28853864,,0,0,0,0,0,0,0,0
68190,2025,33830.0,52.96,4,1.182,2,0.591,3174.28853864,,0,0,0,0,0,0,0,0
68207,2023,6092.0,49.24,0,0.0,1,1.641,337.119918077,,0,0,0,0,0,0,0,0
68207,2024,6125.0,48.72,0,0.0,0,0.0,337.119918077,,0,0,0,0,0,0,0,0
68207,2025,6116.0,48.17,0,0.0,0,0.0,337.119918077,,0,0,0,0,0,0,0,0
68209,2023,3574.0,75.97,0,0.0,0,0.0,71.4217004651,,0,0,0,0,0,0,0,0
68209,2024,3613.0,75.2,0,0.0,0,0.0,71.4217004651,,0,0,0,0,0,0,0,0
68209,2025,3674.0,74.88,0,0.0,0,0.0,71.4217004651,,0,0,0,0,0,0,0,0
68211,2023,4082.0,22.59,0,0.0,1,2.45,137.172076432,,0,0,0,0,0,0,0,0
68211,2024,4144.0,22.47,2,4.826,1,2.413,137.172076432,,0,0,0,0,0,0,0,0
68211,2025,4199.0,22.17,0,0.0,0,0.0,137.172076432,,0,0,0,0,0,0,0,0
68217,2023,5594.0,83.04,1,1.788,1,1.788,577.508905094,,0,0,0,0,0,0,0,0
68217,2024,5662.0,82.39,0,0.0,1,1.766,577.508905094,,0,0,0,0,0,0,0,0
68217,2025,5715.0,82.01,1,1.75,1,1.75,577.508905094,,0,0,0,0,0,0,0,0
68229,2023,14236.0,61.96,1,0.702,0,0.0,244.237894346,,0,0,0,0,0,0,0,0
68229,2024,14441.0,61.45,1,0.692,0,0.0,244.237894346,,0,0,0,0,0,0,0,0
68229,2025,14607.0,60.96,0,0.0,0,0.0,244.237894346,,0,0,0,0,0,0,0,0
68235,2023,23852.0,83.58,1,0.419,0,0.0,924.032623457,,0,0,0,0,0,0,0,0
68235,2024,24214.0,82.93,1,0.413,0,0.0,924.032623457,,0,0,0,0,0,0,0,0
68235,2025,24554.0,82.21,0,0.0,0,0.0,924.032623457,,0,0,0,0,0,0,0,0
68245,2023,2209.0,64.24,0,0.0,0,0.0,92.9676301341,,0,0,0,0,0,0,0,0
68245,2024,2201.0,63.74,0,0.0,0,0.0,92.9676301341,,0,0,0,0,0,0,0,0
68245,2025,2221.0,63.03,0,0.0,1,4.502,92.9676301341,,0,0,0,0,0,0,0,0
68250,2023,5340.0,84.12,2,3.745,0,0.0,398.217746603,,0,0,0,0,0,0,0,0
68250,2024,5351.0,83.57,2,3.738,0,0.0,398.217746603,,0,0,0,0,0,0,0,0
68250,2025,5328.0,83.3,3,5.631,1,1.877,398.217746603,,0,0,0,0,0,0,0,0
68255,2023,14985.0,46.04,0,0.0,1,0.667,454.981920872,,0,0,0,0,0,0,0,0
68255,2024,15124.0,45.62,0,0.0,0,0.0,454.981920872,,0,0,0,0,0,0,0,0
68255,2025,15214.0,45.11,1,0.657,4,2.629,454.981920872,,0,0,0,0,0,0,0,0
68264,2023,2850.0,76.07,0,0.0,0,0.0,400.432691331,,0,0,0,0,0,0,0,0
68264,2024,2898.0,75.67,1,3.451,0,0.0,400.432691331,,0,0,0,0,0,0,0,0
68264,2025,2926.0,74.95,0,0.0,1,3.418,400.432691331,,0,0,0,0,0,0,0,0
68266,2023,3860.0,72.33,1,2.591,0,0.0,74.8160322802,,0,0,0,0,0,0,0,0
68266,2024,3921.0,71.69,0,0.0,0,0.0,74.8160322802,,0,0,0,0,0,0,0,0
68266,2025,3960.0,71.06,0,0.0,1,2.525,74.8160322802,,0,0,0,0,0,0,0,0
68271,2023,5694.0,74.94,0,0.0,0,0.0,176.599655184,,0,0,0,0,0,0,0,0
68271,2024,5703.0,74.63,0,0.0,0,0.0,176.599655184,,0,0,0,0,0,0,0,0
68271,2025,5706.0,74.2,1,1.753,0,0.0,176.599655184,,0,0,0,0,0,0,0,0
68276,2023,310552.0,4.07,28,0.902,27,0.869,100.189046441,,0,0,0,0,0,0,0,0
68276,2024,312530.0,4.06,46,1.472,37,1.184,100.189046441,,0,0,0,0,0,0,0,0
68276,2025,314188.0,4.05,45,1.432,40,1.273,100.189046441,,0,0,0,0,0,0,0,0
68296,2023,3069.0,69.53,0,0.0,0,0.0,201.731575544,,0,0,0,0,0,0,0,0
68296,2024,3063.0,68.69,1,3.265,0,0.0,201.731575544,,0,0,0,0,0,0,0,0
68296,2025,3079.0,67.91,0,0.0,0,0.0,201.731575544,,0,0,0,0,0,0,0,0
68298,2023,4110.0,81.09,1,2.433,0,0.0,608.233066167,,0,0,0,0,0,0,0,0
68298,2024,4110.0,80.46,0,0.0,0,0.0,608.233066167,,0,0,0,0,0,0,0,0
68298,2025,4111.0,80.3,0,0.0,0,0.0,608.233066167,,0,0,0,0,0,0,0,0
68307,2023,173400.0,11.55,24,1.384,27,1.557,492.13476282,,0,0,0,0,0,0,0,0
68307,2024,175000.0,11.5,30,1.714,24,1.371,492.13476282,,0,0,0,0,0,0,0,0
68307,2025,176444.0,11.44,25,1.417,26,1.474,492.13476282,,0,0,0,0,0,0,0,0
68318,2023,6621.0,71.5,0,0.0,0,0.0,302.398263712,,0,0,0,0,0,0,0,0
68318,2024,6668.0,71.1,0,0.0,1,1.5,302.398263712,,0,0,0,0,0,0,0,0
68318,2025,6754.0,70.4,1,1.481,0,0.0,302.398263712,,0,0,0,0,0,0,0,0
68320,2023,4602.0,60.0,0,0.0,0,0.0,146.330709129,,0,0,0,0,0,0,0,0
68320,2024,4608.0,59.42,0,0.0,0,0.0,146.330709129,,0,0,0,0,0,0,0,0
68320,2025,4615.0,59.2,1,2.167,1,2.167,146.330709129,,0,0,0,0,0,0,0,0
68322,2023,2597.0,69.39,0,0.0,0,0.0,67.3003638584,,0,0,0,0,0,0,0,0
68322,2024,2634.0,68.75,0,0.0,0,0.0,67.3003638584,,0,0,0,0,0,0,0,0
68322,2025,2652.0,68.25,0,0.0,0,0.0,67.3003638584,,0,0,0,0,0,0,0,0
68324,2023,4309.0,72.8,0,0.0,0,0.0,83.7954550634,,0,0,0,0,0,0,0,0
68324,2024,4326.0,72.45,0,0.0,0,0.0,83.7954550634,,0,0,0,0,0,0,0,0
68324,2025,4314.0,72.04,1,2.318,0,0.0,83.7954550634,,0,0,0,0,0,0,0,0
68327,2023,5508.0,37.89,0,0.0,1,1.816,30.1567486296,,0,0,0,0,0,0,0,0
68327,2024,5560.0,37.37,0,0.0,0,0.0,30.1567486296,,0,0,0,0,0,0,0,0
68327,2025,5613.0,37.15,0,0.0,0,0.0,30.1567486296,,0,0,0,0,0,0,0,0
68344,2023,2600.0,68.73,0,0.0,1,3.846,169.017572273,,0,0,0,0,0,0,0,0
68344,2024,2618.0,68.68,0,0.0,0,0.0,169.017572273,,0,0,0,0,0,0,0,0
68344,2025,2662.0,68.11,0,0.0,0,0.0,169.017572273,,0,0,0,0,0,0,0,0
68368,2023,3428.0,76.05,1,2.917,0,0.0,89.5930851604,,0,0,0,0,0,0,0,0
68368,2024,3429.0,75.91,0,0.0,0,0.0,89.5930851604,,0,0,0,0,0,0,0,0
68368,2025,3436.0,75.29,1,2.91,0,0.0,89.5930851604,,0,0,0,0,0,0,0,0
68370,2023,1531.0,87.59,0,0.0,0,0.0,39.8991774994,,0,0,0,0,0,0,0,0
68370,2024,1551.0,87.56,0,0.0,0,0.0,39.8991774994,,0,0,0,0,0,0,0,0
68370,2025,1564.0,87.53,0,0.0,0,0.0,39.8991774994,,0,0,0,0,0,0,0,0
68377,2023,6321.0,69.32,0,0.0,0,0.0,335.201581553,,0,0,0,0,0,0,0,0
68377,2024,6336.0,68.91,0,0.0,1,1.578,335.201581553,,0,0,0,0,0,0,0,0
68377,2025,6341.0,68.38,0,0.0,0,0.0,335.201581553,,0,0,0,0,0,0,0,0
68385,2023,10597.0,66.34,6,5.662,0,0.0,590.177486743,,0,0,0,0,0,0,0,0
68385,2024,10619.0,65.7,7,6.592,0,0.0,590.177486743,,0,0,0,0,0,0,0,0
68385,2025,10629.0,65.36,4,3.763,0,0.0,590.177486743,,0,0,0,0,0,0,0,0
68397,2023,5058.0,82.36,1,1.977,0,0.0,284.346971785,,0,0,0,0,0,0,0,0
68397,2024,5075.0,82.05,1,1.97,0,0.0,284.346971785,,0,0,0,0,0,0,0,0
68397,2025,5085.0,81.4,0,0.0,1,1.967,284.346971785,,0,0,0,0,0,0,0,0
68406,2023,49127.0,43.03,9,1.832,8,1.628,550.458400201,,1,3,0,0,1,1,3,0
68406,2024,50221.0,42.51,4,0.796,5,0.996,550.458400201,,1,3,0,0,1,1,3,0
68406,2025,51241.0,41.99,3,0.585,11,2.147,550.458400201,,1,3,0,0,1,1,3,0
68418,2023,16430.0,86.38,0,0.0,1,0.609,290.121683905,,0,0,0,0,0,0,0,0
68418,2024,16737.0,85.81,1,0.597,2,1.195,290.121683905,,0,0,0,0,0,0,0,0
68418,2025,17016.0,85.26,2,1.175,1,0.588,290.121683905,,0,0,0,0,0,0,0,0
68425,2023,2402.0,85.3,0,0.0,0,0.0,102.917508101,,0,0,0,0,0,0,0,0
68425,2024,2430.0,84.81,0,0.0,0,0.0,102.917508101,,0,0,0,0,0,0,0,0
68425,2025,2458.0,83.97,0,0.0,0,0.0,102.917508101,,0,0,0,0,0,0,0,0
68432,2023,23449.0,12.94,1,0.426,0,0.0,57.1676541631,,0,0,0,0,0,0,0,0
68432,2024,23796.0,12.82,0,0.0,3,1.261,57.1676541631,,0,0,0,0,0,0,0,0
68432,2025,24116.0,12.66,3,1.244,3,1.244,57.1676541631,,0,0,0,0,0,0,0,0
68444,2023,5543.0,69.29,0,0.0,0,0.0,235.748567876,,0,0,0,0,0,0,0,0
68444,2024,5607.0,68.88,0,0.0,0,0.0,235.748567876,,0,0,0,0,0,0,0,0
68444,2025,5673.0,68.61,0,0.0,0,0.0,235.748567876,,0,0,0,0,0,0,0,0
68464,2023,11170.0,58.25,1,0.895,0,0.0,483.970127337,,0,0,0,0,0,0,0,0
68464,2024,11185.0,57.82,0,0.0,3,2.682,483.970127337,,0,0,0,0,0,0,0,0
68464,2025,11181.0,57.25,1,0.894,0,0.0,483.970127337,,0,0,0,0,0,0,0,0
68468,2023,4614.0,82.9,0,0.0,0,0.0,180.471701995,,0,0,0,0,0,0,0,0
68468,2024,4660.0,82.36,0,0.0,0,0.0,180.471701995,,0,0,0,0,0,0,0,0
68468,2025,4716.0,81.98,0,0.0,0,0.0,180.471701995,,0,0,0,0,0,0,0,0
68498,2023,6392.0,83.45,0,0.0,0,0.0,75.2212790557,,0,0,0,0,0,0,0,0
68498,2024,6494.0,82.75,1,1.54,1,1.54,75.2212790557,,0,0,0,0,0,0,0,0
68498,2025,6563.0,82.19,1,1.524,0,0.0,75.2212790557,,0,0,0,0,0,0,0,0
68500,2023,11536.0,53.29,0,0.0,0,0.0,287.847232621,,0,0,0,0,0,0,0,0
68500,2024,11595.0,52.84,1,0.862,2,1.725,287.847232621,,0,0,0,0,0,0,0,0
68500,2025,11609.0,52.33,0,0.0,0,0.0,287.847232621,,0,0,0,0,0,0,0,0
68502,2023,4657.0,67.58,1,2.147,0,0.0,489.228436958,,0,0,0,0,0,0,0,0
68502,2024,4721.0,67.15,0,0.0,0,0.0,489.228436958,,0,0,0,0,0,0,0,0
68502,2025,4764.0,66.52,1,2.099,1,2.099,489.228436958,,0,0,0,0,0,0,0,0
68522,2023,1521.0,62.66,0,0.0,0,0.0,19.6944416468,,0,0,0,0,0,0,0,0
68522,2024,1523.0,62.77,0,0.0,0,0.0,19.6944416468,,0,0,0,0,0,0,0,0
68522,2025,1545.0,62.27,1,6.472,0,0.0,19.6944416468,,0,0,0,0,0,0,0,0
68524,2023,2762.0,67.2,0,0.0,0,0.0,58.5411197007,,0,0,0,0,0,0,0,0
68524,2024,2789.0,66.65,0,0.0,0,0.0,58.5411197007,,0,0,0,0,0,0,0,0
68524,2025,2816.0,65.66,1,3.551,0,0.0,58.5411197007,,0,0,0,0,0,0,0,0
68533,2023,5382.0,70.48,1,1.858,0,0.0,72.9811188554,,0,0,0,0,0,0,0,0
68533,2024,5496.0,69.76,0,0.0,0,0.0,72.9811188554,,0,0,0,0,0,0,0,0
68533,2025,5581.0,69.09,0,0.0,0,0.0,72.9811188554,,0,0,0,0,0,0,0,0
68547,2023,187910.0,18.06,17,0.905,9,0.479,484.714003933,,0,0,0,0,0,0,0,0
68547,2024,189863.0,17.99,26,1.369,20,1.053,484.714003933,,0,0,0,0,0,0,0,0
68547,2025,191588.0,17.93,32,1.67,32,1.67,484.714003933,,0,0,0,0,0,0,0,0
68549,2023,5905.0,76.7,1,1.693,0,0.0,55.5350473483,,0,0,0,0,0,0,0,0
68549,2024,6013.0,75.94,0,0.0,0,0.0,55.5350473483,,0,0,0,0,0,0,0,0
68549,2025,6088.0,75.48,1,1.643,1,1.643,55.5350473483,,0,0,0,0,0,0,0,0
68572,2023,15194.0,60.31,0,0.0,0,0.0,251.678548312,,0,0,0,0,0,0,0,0
68572,2024,15257.0,59.89,0,0.0,1,0.655,251.678548312,,0,0,0,0,0,0,0,0
68572,2025,15311.0,59.45,2,1.306,1,0.653,251.678548312,,0,0,0,0,0,0,0,0
68573,2023,8745.0,63.5,0,0.0,0,0.0,762.344600576,,0,0,0,0,0,0,0,0
68573,2024,8892.0,63.02,0,0.0,1,1.125,762.344600576,,0,0,0,0,0,0,0,0
68573,2025,9045.0,62.38,2,2.211,5,5.528,762.344600576,,0,0,0,0,0,0,0,0
68575,2023,35802.0,48.78,17,4.748,10,2.793,1481.87058446,,0,0,0,0,0,0,0,0
68575,2024,36099.0,48.32,16,4.432,7,1.939,1481.87058446,,0,0,0,0,0,0,0,0
68575,2025,36359.0,47.86,18,4.951,10,2.75,1481.87058446,,0,0,0,0,0,0,0,0
68615,2023,27349.0,73.72,5,1.828,6,2.194,1168.43222322,,1,3,0,0,1,1,3,0
68615,2024,27251.0,73.19,3,1.101,5,1.835,1168.43222322,,1,3,0,0,1,1,3,0
68615,2025,27119.0,72.68,6,2.212,6,2.212,1168.43222322,,1,3,0,0,1,1,3,0
68655,2023,37002.0,30.34,14,3.784,3,0.811,1429.00296037,,0,0,0,0,0,0,0,0
68655,2024,37531.0,30.02,12,3.197,9,2.398,1429.00296037,,0,0,0,0,0,0,0,0
68655,2025,38015.0,29.68,9,2.367,9,2.367,1429.00296037,,0,0,0,0,0,0,0,0
68669,2023,8926.0,61.43,1,1.12,0,0.0,281.55885528,,0,0,0,0,0,0,0,0
68669,2024,8900.0,60.96,0,0.0,0,0.0,281.55885528,,0,0,0,0,0,0,0,0
68669,2025,8842.0,60.39,1,1.131,0,0.0,281.55885528,,0,0,0,0,0,0,0,0
68673,2023,3012.0,88.25,1,3.32,0,0.0,59.1130221456,,0,0,0,0,0,0,0,0
68673,2024,3015.0,87.66,0,0.0,0,0.0,59.1130221456,,0,0,0,0,0,0,0,0
68673,2025,3017.0,87.34,0,0.0,0,0.0,59.1130221456,,0,0,0,0,0,0,0,0
68679,2023,66196.0,12.45,4,0.604,0,0.0,146.862488344,,0,0,0,0,0,0,0,0
68679,2024,67893.0,12.33,2,0.295,6,0.884,146.862488344,,0,0,0,0,0,0,0,0
68679,2025,69546.0,12.19,3,0.431,9,1.294,146.862488344,,0,0,0,0,0,0,0,0
68682,2023,2485.0,60.89,1,4.024,0,0.0,143.133427091,,0,0,0,0,0,0,0,0
68682,2024,2525.0,60.16,0,0.0,0,0.0,143.133427091,,0,0,0,0,0,0,0,0
68682,2025,2565.0,59.34,0,0.0,0,0.0,143.133427091,,0,0,0,0,0,0,0,0
68684,2023,4529.0,77.06,0,0.0,0,0.0,75.317784653,,0,0,0,0,0,0,0,0
68684,2024,4519.0,76.41,0,0.0,0,0.0,75.317784653,,0,0,0,0,0,0,0,0
68684,2025,4477.0,76.19,1,2.234,1,2.234,75.317784653,,0,0,0,0,0,0,0,0
68686,2023,2674.0,71.95,0,0.0,0,0.0,71.2113478021,,0,0,0,0,0,0,0,0
68686,2024,2665.0,71.41,0,0.0,0,0.0,71.2113478021,,0,0,0,0,0,0,0,0
68686,2025,2654.0,70.84,0,0.0,0,0.0,71.2113478021,,0,0,0,0,0,0,0,0
68689,2023,35598.0,60.73,6,1.685,4,1.124,1116.36060494,,0,0,0,0,0,0,0,0
68689,2024,35766.0,60.21,4,1.118,5,1.398,1116.36060494,,0,0,0,0,0,0,0,0
68689,2025,35892.0,59.68,4,1.114,4,1.114,1116.36060494,,0,0,0,0,0,0,0,0
68705,2023,2598.0,87.88,0,0.0,0,0.0,221.217094427,,0,0,0,0,0,0,0,0
68705,2024,2624.0,86.85,0,0.0,0,0.0,221.217094427,,0,0,0,0,0,0,0,0
68705,2025,2655.0,86.06,0,0.0,0,0.0,221.217094427,,0,0,0,0,0,0,0,0
68720,2023,3466.0,74.06,0,0.0,0,0.0,373.857262731,,0,0,0,0,0,0,0,0
68720,2024,3472.0,73.5,0,0.0,0,0.0,373.857262731,,0,0,0,0,0,0,0,0
68720,2025,3483.0,73.1,0,0.0,0,0.0,373.857262731,,0,0,0,0,0,0,0,0
68745,2023,11324.0,75.79,0,0.0,2,1.766,904.712955117,,0,0,0,0,0,0,0,0
68745,2024,11483.0,75.18,3,2.613,3,2.613,904.712955117,,0,0,0,0,0,0,0,0
68745,2025,11626.0,74.58,0,0.0,1,0.86,904.712955117,,0,0,0,0,0,0,0,0
68755,2023,35860.0,17.16,1,0.279,4,1.115,127.825834948,,0,0,0,0,0,0,0,0
68755,2024,36336.0,16.91,2,0.55,1,0.275,127.825834948,,0,0,0,0,0,0,0,0
68755,2025,36807.0,16.72,0,0.0,2,0.543,127.825834948,,0,0,0,0,0,0,0,0
68770,2023,10247.0,76.33,0,0.0,2,1.952,283.415049151,,0,0,0,0,0,0,0,0
68770,2024,10286.0,75.96,1,0.972,0,0.0,283.415049151,,0,0,0,0,0,0,0,0
68770,2025,10295.0,75.56,0,0.0,0,0.0,283.415049151,,0,0,0,0,0,0,0,0
68773,2023,7357.0,90.1,0,0.0,0,0.0,522.5392009,,0,0,0,0,0,0,0,0
68773,2024,7377.0,89.52,1,1.356,0,0.0,522.5392009,,0,0,0,0,0,0,0,0
68773,2025,7389.0,89.19,0,0.0,1,1.353,522.5392009,,0,0,0,0,0,0,0,0
68780,2023,4425.0,74.78,0,0.0,2,4.52,363.00877436,,0,0,0,0,0,0,0,0
68780,2024,4451.0,74.39,0,0.0,1,2.247,363.00877436,,0,0,0,0,0,0,0,0
68780,2025,4512.0,73.76,0,0.0,0,0.0,363.00877436,,0,0,0,0,0,0,0,0
68820,2023,8246.0,90.82,0,0.0,1,1.213,330.726283672,,0,0,0,0,0,0,0,0
68820,2024,8362.0,90.12,2,2.392,0,0.0,330.726283672,,0,0,0,0,0,0,0,0
68820,2025,8439.0,89.63,2,2.37,1,1.185,330.726283672,,0,0,0,0,0,0,0,0
68855,2023,6896.0,58.29,1,1.45,0,0.0,81.1149389295,,0,0,0,0,0,0,0,0
68855,2024,7004.0,57.82,1,1.428,0,0.0,81.1149389295,,0,0,0,0,0,0,0,0
68855,2025,7095.0,57.29,0,0.0,0,0.0,81.1149389295,,0,0,0,0,0,0,0,0
68861,2023,26448.0,43.52,2,0.756,1,0.378,447.715807503,,0,0,0,0,0,0,0,0
68861,2024,26750.0,43.44,3,1.121,1,0.374,447.715807503,,0,0,0,0,0,0,0,0
68861,2025,27042.0,43.29,1,0.37,3,1.109,447.715807503,,0,0,0,0,0,0,0,0
68867,2023,2176.0,64.84,0,0.0,0,0.0,92.4223863941,,2,4,0,0,0,0,4,0
68867,2024,2162.0,64.62,0,0.0,0,0.0,92.4223863941,,2,4,0,0,0,0,4,0
68867,2025,2150.0,64.23,0,0.0,1,4.651,92.4223863941,,2,4,0,0,0,0,4,0
68872,2023,8850.0,38.94,1,1.13,1,1.13,97.6069133282,,0,0,0,0,0,0,0,0
68872,2024,8989.0,38.37,0,0.0,0,0.0,97.6069133282,,0,0,0,0,0,0,0,0
68872,2025,9122.0,37.96,0,0.0,0,0.0,97.6069133282,,0,0,0,0,0,0,0,0
68895,2023,10172.0,32.7,0,0.0,0,0.0,364.418550932,,0,0,0,0,0,0,0,0
68895,2024,10231.0,32.37,0,0.0,0,0.0,364.418550932,,0,0,0,0,0,0,0,0
68895,2025,10278.0,31.97,0,0.0,0,0.0,364.418550932,,0,0,0,0,0,0,0,0
70001,2023,313864.0,11.13,153,4.875,51,1.625,279.733734118,,0,0,0,0,0,0,0,0
70001,2024,319888.0,11.15,57,1.782,71,2.22,279.733734118,,0,0,0,0,0,0,0,0
70001,2025,325685.0,11.17,59,1.812,97,2.978,279.733734118,,0,0,0,0,0,0,0,0
70110,2023,11714.0,20.5,3,2.561,0,0.0,146.475663595,,0,0,0,0,0,0,0,0
70110,2024,11927.0,20.48,2,1.677,1,0.838,146.475663595,,0,0,0,0,0,0,0,0
70110,2025,12123.0,20.44,3,2.475,2,1.65,146.475663595,,0,0,0,0,0,0,0,0
70124,2023,17196.0,75.42,0,0.0,1,0.582,412.469807282,,0,0,0,0,0,0,0,0
70124,2024,17498.0,75.52,1,0.571,1,0.571,412.469807282,,0,0,0,0,0,0,0,0
70124,2025,17775.0,75.62,0,0.0,1,0.563,412.469807282,,0,0,0,0,0,0,0,0
70204,2023,9861.0,56.0,2,2.028,1,1.014,131.162692304,MONTES DE MARÍA,0,0,0,0,0,0,0,1
70204,2024,10048.0,56.08,0,0.0,5,4.976,131.162692304,MONTES DE MARÍA,0,0,0,0,0,0,0,1
70204,2025,10243.0,56.18,2,1.953,1,0.976,131.162692304,MONTES DE MARÍA,0,0,0,0,0,0,0,1
70215,2023,75486.0,23.86,27,3.577,6,0.795,286.112574762,,0,0,0,0,0,0,0,0
70215,2024,76816.0,23.83,15,1.953,16,2.083,286.112574762,,0,0,0,0,0,0,0,0
70215,2025,78092.0,23.82,16,2.049,13,1.665,286.112574762,,0,0,0,0,0,0,0,0
70221,2023,21314.0,39.81,8,3.753,2,0.938,56.6220357777,,0,0,0,0,0,0,0,0
70221,2024,21748.0,39.82,6,2.759,8,3.678,56.6220357777,,0,0,0,0,0,0,0,0
70221,2025,22132.0,39.81,10,4.518,9,4.067,56.6220357777,,0,0,0,0,0,0,0,0
70230,2023,4804.0,35.87,2,4.163,0,0.0,83.7100149133,MONTES DE MARÍA,0,0,0,0,0,0,0,1
70230,2024,4847.0,35.94,0,0.0,2,4.126,83.7100149133,MONTES DE MARÍA,0,0,0,0,0,0,0,1
70230,2025,4888.0,35.82,1,2.046,0,0.0,83.7100149133,MONTES DE MARÍA,0,0,0,0,0,0,0,1
70233,2023,10514.0,56.33,2,1.902,0,0.0,198.434401879,,0,0,0,0,0,0,0,0
70233,2024,10586.0,56.35,1,0.945,1,0.945,198.434401879,,0,0,0,0,0,0,0,0
70233,2025,10636.0,56.29,5,4.701,3,2.821,198.434401879,,0,0,0,0,0,0,0,0
70235,2023,24728.0,45.62,7,2.831,1,0.404,321.856425977,,0,0,0,0,0,0,0,0
70235,2024,25175.0,45.61,1,0.397,0,0.0,321.856425977,,0,0,0,0,0,0,0,0
70235,2025,25568.0,45.6,6,2.347,0,0.0,321.856425977,,0,0,0,0,0,0,0,0
70265,2023,19288.0,59.72,3,1.555,1,0.518,361.867637088,,0,0,0,0,0,0,0,0
70265,2024,19509.0,59.75,5,2.563,0,0.0,361.867637088,,0,0,0,0,0,0,0,0
70265,2025,19707.0,59.79,1,0.507,3,1.522,361.867637088,,0,0,0,0,0,0,0,0
70400,2023,13736.0,51.86,2,1.456,1,0.728,232.350395177,,0,0,0,0,0,0,0,0
70400,2024,13950.0,51.82,3,2.151,1,0.717,232.350395177,,0,0,0,0,0,0,0,0
70400,2025,14165.0,51.85,0,0.0,4,2.824,232.350395177,,0,0,0,0,0,0,0,0
70418,2023,25216.0,51.34,7,2.776,3,1.19,198.884827684,MONTES DE MARÍA,0,0,0,0,0,0,0,1
70418,2024,25570.0,51.4,1,0.391,2,0.782,198.884827684,MONTES DE MARÍA,0,0,0,0,0,0,0,1
70418,2025,25905.0,51.41,3,1.158,2,0.772,198.884827684,MONTES DE MARÍA,0,0,0,0,0,0,0,1
70429,2023,39705.0,71.84,4,1.007,3,0.756,845.071891215,,0,0,0,0,0,0,0,0
70429,2024,40125.0,71.87,8,1.994,3,0.748,845.071891215,,0,0,0,0,0,0,0,0
70429,2025,40501.0,71.92,3,0.741,6,1.481,845.071891215,,0,0,0,0,0,0,0,0
70473,2023,16749.0,39.54,8,4.776,0,0.0,170.013954794,MONTES DE MARÍA,0,0,0,0,0,0,0,1
70473,2024,17030.0,39.48,5,2.936,4,2.349,170.013954794,MONTES DE MARÍA,0,0,0,0,0,0,0,1
70473,2025,17275.0,39.48,1,0.579,3,1.737,170.013954794,MONTES DE MARÍA,0,0,0,0,0,0,0,1
70508,2023,24292.0,49.78,9,3.705,2,0.823,460.048361957,MONTES DE MARÍA,0,0,0,0,0,0,0,1
70508,2024,24462.0,49.74,4,1.635,6,2.453,460.048361957,MONTES DE MARÍA,0,0,0,0,0,0,0,1
70508,2025,24604.0,49.74,2,0.813,9,3.658,460.048361957,MONTES DE MARÍA,0,0,0,0,0,0,0,1
70523,2023,15825.0,65.76,4,2.528,1,0.632,174.703445196,MONTES DE MARÍA,0,0,0,0,0,0,0,1
70523,2024,16081.0,65.84,1,0.622,6,3.731,174.703445196,MONTES DE MARÍA,0,0,0,0,0,0,0,1
70523,2025,16362.0,65.88,2,1.222,2,1.222,174.703445196,MONTES DE MARÍA,0,0,0,0,0,0,0,1
70670,2023,52173.0,49.31,17,3.258,0,0.0,213.857287244,,0,0,0,0,0,0,0,0
70670,2024,53083.0,49.28,10,1.884,5,0.942,213.857287244,,0,0,0,0,0,0,0,0
70670,2025,53896.0,49.27,13,2.412,8,1.484,213.857287244,,0,0,0,0,0,0,0,0
70678,2023,31490.0,79.56,6,1.905,1,0.318,1494.16295565,,0,0,0,0,0,0,0,0
70678,2024,31892.0,79.66,6,1.881,2,0.627,1494.16295565,,0,0,0,0,0,0,0,0
70678,2025,32276.0,79.76,4,1.239,4,1.239,1494.16295565,,0,0,0,0,0,0,0,0
70702,2023,14578.0,49.28,2,1.372,0,0.0,168.111944081,,0,0,0,0,0,0,0,0
70702,2024,14694.0,49.37,3,2.042,4,2.722,168.111944081,,0,0,0,0,0,0,0,0
70702,2025,14839.0,49.45,1,0.674,0,0.0,168.111944081,,0,0,0,0,0,0,0,0
70708,2023,63243.0,44.28,4,0.632,2,0.316,970.354812386,,0,0,0,0,0,0,0,0
70708,2024,64076.0,44.31,20,3.121,6,0.936,970.354812386,,0,0,0,0,0,0,0,0
70708,2025,64873.0,44.35,2,0.308,4,0.617,970.354812386,,0,0,0,0,0,0,0,0
70713,2023,52648.0,61.25,17,3.229,5,0.95,1035.07898236,MONTES DE MARÍA,0,0,0,0,0,0,0,1
70713,2024,52983.0,61.24,9,1.699,5,0.944,1035.07898236,MONTES DE MARÍA,0,0,0,0,0,0,0,1
70713,2025,53277.0,61.25,11,2.065,2,0.375,1035.07898236,MONTES DE MARÍA,0,0,0,0,0,0,0,1
70717,2023,20470.0,34.61,4,1.954,2,0.977,212.992762242,,0,0,0,0,0,0,0,0
70717,2024,20760.0,34.63,3,1.445,5,2.408,212.992762242,,0,0,0,0,0,0,0,0
70717,2025,21013.0,34.61,1,0.476,9,4.283,212.992762242,,0,0,0,0,0,0,0,0
70742,2023,32502.0,26.69,13,4.0,3,0.923,418.979769915,,0,0,0,0,0,0,0,0
70742,2024,32683.0,26.72,7,2.142,5,1.53,418.979769915,,0,0,0,0,0,0,0,0
70742,2025,32824.0,26.69,7,2.133,13,3.961,418.979769915,,0,0,0,0,0,0,0,0
70771,2023,32930.0,76.55,1,0.304,0,0.0,1131.26629683,,0,0,0,0,0,0,0,0
70771,2024,33442.0,76.8,2,0.598,2,0.598,1131.26629683,,0,0,0,0,0,0,0,0
70771,2025,33927.0,77.02,0,0.0,4,1.179,1131.26629683,,0,0,0,0,0,0,0,0
70820,2023,36887.0,19.22,21,5.693,2,0.542,302.535448111,,0,0,0,0,0,0,0,0
70820,2024,37512.0,19.13,6,1.599,2,0.533,302.535448111,,0,0,0,0,0,0,0,0
70820,2025,38136.0,19.09,30,7.867,6,1.573,302.535448111,,0,0,0,0,0,0,0,0
70823,2023,22963.0,69.53,13,5.661,3,1.306,285.014292223,MONTES DE MARÍA,0,0,0,0,0,0,0,1
70823,2024,23190.0,69.62,4,1.725,6,2.587,285.014292223,MONTES DE MARÍA,0,0,0,0,0,0,0,1
70823,2025,23380.0,69.69,8,3.422,3,1.283,285.014292223,MONTES DE MARÍA,0,0,0,0,0,0,0,1
73001,2023,548695.0,7.24,68,1.239,118,2.151,1377.25137591,,0,0,0,0,0,0,0,0
73001,2024,552035.0,7.25,77,1.395,222,4.021,1377.25137591,,0,0,0,0,0,0,0,0
73001,2025,554947.0,7.26,88,1.586,165,2.973,1377.25137591,,0,0,0,0,0,0,0,0
73024,2023,4751.0,53.82,0,0.0,1,2.105,501.511320185,,0,0,0,0,0,0,0,0
73024,2024,4807.0,53.48,1,2.08,1,2.08,501.511320185,,0,0,0,0,0,0,0,0
73024,2025,4852.0,53.13,0,0.0,0,0.0,501.511320185,,0,0,0,0,0,0,0,0
73026,2023,8835.0,62.07,2,2.264,3,3.396,344.335592604,,0,0,0,0,0,0,0,0
73026,2024,8855.0,62.04,0,0.0,5,5.647,344.335592604,,0,0,0,0,0,0,0,0
73026,2025,8846.0,61.97,1,1.13,0,0.0,344.335592604,,0,0,0,0,0,0,0,0
73030,2023,6740.0,20.88,4,5.935,1,1.484,238.037625006,,0,0,0,0,0,0,0,0
73030,2024,6761.0,20.88,5,7.395,2,2.958,238.037625006,,0,0,0,0,0,0,0,0
73030,2025,6761.0,20.78,1,1.479,3,4.437,238.037625006,,0,0,0,0,0,0,0,0
73043,2023,10537.0,85.03,9,8.541,2,1.898,469.711325601,,0,0,0,0,0,0,0,0
73043,2024,10590.0,84.92,4,3.777,4,3.777,469.711325601,,0,0,0,0,0,0,0,0
73043,2025,10635.0,84.76,3,2.821,0,0.0,469.711325601,,0,0,0,0,0,0,0,0
73055,2023,12812.0,36.81,3,2.342,1,0.781,440.630843529,,1,3,0,0,0,0,3,0
73055,2024,12831.0,36.83,2,1.559,3,2.338,440.630843529,,1,3,0,0,0,0,3,0
73055,2025,12822.0,36.84,5,3.9,2,1.56,440.630843529,,1,3,0,0,0,0,3,0
73067,2023,20146.0,73.26,2,0.993,3,1.489,1017.65981094,SUR DEL TOLIMA,1,2,0,0,0,0,2,1
73067,2024,20279.0,73.01,6,2.959,2,0.986,1017.65981094,SUR DEL TOLIMA,1,2,0,0,0,0,2,1
73067,2025,20461.0,72.67,12,5.865,1,0.489,1017.65981094,SUR DEL TOLIMA,1,2,0,0,0,0,2,1
73124,2023,19017.0,48.61,2,1.052,1,0.526,508.490910902,,0,0,0,0,0,0,0,0
73124,2024,19013.0,48.37,3,1.578,8,4.208,508.490910902,,0,0,0,0,0,0,0,0
73124,2025,18986.0,48.08,5,2.634,9,4.74,508.490910902,,0,0,0,0,0,0,0,0
73148,2023,10803.0,24.8,2,1.851,4,3.703,190.836135689,,0,0,0,0,0,0,0,0
73148,2024,10895.0,24.77,3,2.754,2,1.836,190.836135689,,0,0,0,0,0,0,0,0
73148,2025,10994.0,24.8,2,1.819,2,1.819,190.836135689,,0,0,0,0,0,0,0,0
73152,2023,6571.0,73.08,5,7.609,0,0.0,174.930571126,,0,0,0,0,0,0,0,0
73152,2024,6590.0,73.11,2,3.035,1,1.517,174.930571126,,0,0,0,0,0,0,0,0
73152,2025,6597.0,73.12,5,7.579,1,1.516,174.930571126,,0,0,0,0,0,0,0,0
73168,2023,52524.0,43.01,15,2.856,23,4.379,2102.06323598,SUR DEL TOLIMA,2,4,0,0,0,0,4,1
73168,2024,52842.0,42.95,11,2.082,35,6.624,2102.06323598,SUR DEL TOLIMA,2,4,0,0,0,0,4,1
73168,2025,53132.0,42.9,7,1.317,12,2.259,2102.06323598,SUR DEL TOLIMA,2,4,0,0,0,0,4,1
73200,2023,8499.0,81.41,1,1.177,0,0.0,343.598107566,,0,0,0,0,0,0,0,0
73200,2024,8536.0,81.28,3,3.515,1,1.172,343.598107566,,0,0,0,0,0,0,0,0
73200,2025,8590.0,81.12,2,2.328,1,1.164,343.598107566,,0,0,0,0,0,0,0,0
73217,2023,23516.0,82.3,5,2.126,4,1.701,669.05568706,,1,1,0,0,0,0,1,0
73217,2024,23625.0,82.14,3,1.27,2,0.847,669.05568706,,1,1,0,0,0,0,1,0
73217,2025,23707.0,82.08,7,2.953,2,0.844,669.05568706,,1,1,0,0,0,0,1,0
73226,2023,8984.0,71.52,4,4.452,2,2.226,507.516484901,,0,0,0,0,0,0,0,0
73226,2024,9022.0,71.43,1,1.108,1,1.108,507.516484901,,0,0,0,0,0,0,0,0
73226,2025,9057.0,71.43,2,2.208,1,1.104,507.516484901,,0,0,0,0,0,0,0,0
73236,2023,8564.0,58.49,1,1.168,0,0.0,651.950399456,,0,0,0,0,0,0,0,0
73236,2024,8594.0,58.52,3,3.491,3,3.491,651.950399456,,0,0,0,0,0,0,0,0
73236,2025,8615.0,58.33,0,0.0,1,1.161,651.950399456,,0,0,0,0,0,0,0,0
73268,2023,71609.0,28.09,38,5.307,22,3.072,216.498945791,,0,0,0,0,0,0,0,0
73268,2024,71777.0,28.06,27,3.762,21,2.926,216.498945791,,0,0,0,0,0,0,0,0
73268,2025,71888.0,28.04,31,4.312,28,3.895,216.498945791,,0,0,0,0,0,0,0,0
73270,2023,7922.0,75.79,2,2.525,1,1.262,181.322213446,,1,3,0,0,0,0,3,0
73270,2024,7948.0,75.67,2,2.516,3,3.775,181.322213446,,1,3,0,0,0,0,3,0
73270,2025,7980.0,75.56,0,0.0,2,2.506,181.322213446,,1,3,0,0,0,0,3,0
73275,2023,28971.0,13.52,26,8.974,2,0.69,96.7971745354,,0,0,0,0,0,0,0,0
73275,2024,29056.0,13.55,20,6.883,4,1.377,96.7971745354,,0,0,0,0,0,0,0,0
73275,2025,29121.0,13.53,19,6.525,1,0.343,96.7971745354,,0,0,0,0,0,0,0,0
73283,2023,31745.0,49.2,25,7.875,5,1.575,219.661479096,,0,0,0,0,0,0,0,0
73283,2024,31821.0,49.14,16,5.028,1,0.314,219.661479096,,0,0,0,0,0,0,0,0
73283,2025,31853.0,49.12,22,6.907,3,0.942,219.661479096,,0,0,0,0,0,0,0,0
73319,2023,33684.0,49.24,13,3.859,8,2.375,505.743827272,,0,0,0,0,0,0,0,0
73319,2024,33796.0,49.19,12,3.551,14,4.143,505.743827272,,0,0,0,0,0,0,0,0
73319,2025,33860.0,49.13,6,1.772,10,2.953,505.743827272,,0,0,0,0,0,0,0,0
73347,2023,7622.0,69.64,4,5.248,1,1.312,322.743433439,,0,0,0,0,0,0,0,0
73347,2024,7598.0,69.47,2,2.632,0,0.0,322.743433439,,0,0,0,0,0,0,0,0
73347,2025,7588.0,69.25,4,5.271,1,1.318,322.743433439,,0,0,0,0,0,0,0,0
73349,2023,24915.0,5.09,15,6.02,9,3.612,304.886912218,,0,0,0,0,0,0,0,0
73349,2024,24953.0,5.11,4,1.603,12,4.809,304.886912218,,0,0,0,0,0,0,0,0
73349,2025,24969.0,5.17,6,2.403,8,3.204,304.886912218,,0,0,0,0,0,0,0,0
73352,2023,12361.0,69.32,1,0.809,1,0.809,215.181855194,,0,0,0,0,0,0,0,0
73352,2024,12415.0,69.32,1,0.805,3,2.416,215.181855194,,0,0,0,0,0,0,0,0
73352,2025,12460.0,69.15,0,0.0,6,4.815,215.181855194,,0,0,0,0,0,0,0,0
73408,2023,18555.0,25.58,9,4.85,6,3.234,271.954476395,,0,0,0,0,1,1,0,0
73408,2024,18514.0,25.47,5,2.701,6,3.241,271.954476395,,0,0,0,0,1,1,0,0
73408,2025,18483.0,25.49,7,3.787,4,2.164,271.954476395,,0,0,0,0,1,1,0,0
73411,2023,37413.0,35.83,9,2.406,6,1.604,282.372611982,,4,10,0,0,1,1,14,0
73411,2024,37508.0,35.8,3,0.8,14,3.733,282.372611982,,4,10,0,0,1,1,14,0
73411,2025,37588.0,35.77,3,0.798,14,3.725,282.372611982,,4,10,0,0,1,1,14,0
73443,2023,39801.0,26.37,22,5.527,15,3.769,293.343154108,,0,0,0,0,0,0,0,0
73443,2024,40114.0,26.34,14,3.49,21,5.235,293.343154108,,0,0,0,0,0,0,0,0
73443,2025,40392.0,26.35,17,4.209,10,2.476,293.343154108,,0,0,0,0,0,0,0,0
73449,2023,38706.0,18.65,16,4.134,3,0.775,202.198803366,,0,0,0,0,0,0,0,0
73449,2024,39096.0,18.64,6,1.535,18,4.604,202.198803366,,0,0,0,0,0,0,0,0
73449,2025,39472.0,18.62,12,3.04,4,1.013,202.198803366,,0,0,0,0,0,0,0,0
73461,2023,4248.0,57.27,2,4.708,1,2.354,423.932176522,,0,0,0,0,0,0,0,0
73461,2024,4251.0,57.16,0,0.0,5,11.762,423.932176522,,0,0,0,0,0,0,0,0
73461,2025,4232.0,56.97,0,0.0,1,2.363,423.932176522,,0,0,0,0,0,0,0,0
73483,2023,15596.0,44.77,1,0.641,0,0.0,859.830024978,,0,0,1,2,0,0,0,0
73483,2024,15717.0,44.49,3,1.909,7,4.454,859.830024978,,0,0,1,2,0,0,0,0
73483,2025,15879.0,44.17,0,0.0,2,1.26,859.830024978,,0,0,1,2,0,0,0,0
73504,2023,36081.0,79.16,3,0.831,2,0.554,953.80432451,,0,0,0,0,0,0,0,0
73504,2024,36303.0,79.03,3,0.826,3,0.826,953.80432451,,0,0,0,0,0,0,0,0
73504,2025,36466.0,78.91,1,0.274,5,1.371,953.80432451,,0,0,0,0,0,0,0,0
73520,2023,10080.0,68.58,3,2.976,0,0.0,65.0111294831,,0,0,0,0,0,0,0,0
73520,2024,10120.0,68.59,2,1.976,3,2.964,65.0111294831,,0,0,0,0,0,0,0,0
73520,2025,10174.0,68.42,5,4.914,2,1.966,65.0111294831,,0,0,0,0,0,0,0,0
73547,2023,7297.0,65.66,0,0.0,0,0.0,354.425320082,,0,0,0,0,0,0,0,0
73547,2024,7393.0,65.51,0,0.0,3,4.058,354.425320082,,0,0,0,0,0,0,0,0
73547,2025,7477.0,65.56,0,0.0,1,1.337,354.425320082,,0,0,0,0,0,0,0,0
73555,2023,26845.0,72.17,10,3.725,4,1.49,1754.1012326,SUR DEL TOLIMA,0,0,0,0,0,0,0,1
73555,2024,27075.0,71.83,9,3.324,7,2.585,1754.1012326,SUR DEL TOLIMA,0,0,0,0,0,0,0,1
73555,2025,27270.0,71.55,8,2.934,4,1.467,1754.1012326,SUR DEL TOLIMA,0,0,0,0,0,0,0,1
73563,2023,8630.0,55.28,1,1.159,3,3.476,423.013002821,,0,0,0,0,0,0,0,0
73563,2024,8623.0,55.21,0,0.0,6,6.958,423.013002821,,0,0,0,0,0,0,0,0
73563,2025,8634.0,55.17,5,5.791,5,5.791,423.013002821,,0,0,0,0,0,0,0,0
73585,2023,23997.0,43.36,3,1.25,1,0.417,402.203605461,,0,0,0,0,0,0,0,0
73585,2024,24074.0,43.33,1,0.415,0,0.0,402.203605461,,0,0,0,0,0,0,0,0
73585,2025,24120.0,43.26,2,0.829,5,2.073,402.203605461,,0,0,0,0,0,0,0,0
73616,2023,23669.0,82.07,9,3.802,7,2.957,2046.21901758,SUR DEL TOLIMA,0,0,0,0,0,0,0,1
73616,2024,23853.0,81.81,6,2.515,6,2.515,2046.21901758,SUR DEL TOLIMA,0,0,0,0,0,0,0,1
73616,2025,24014.0,81.55,3,1.249,2,0.833,2046.21901758,SUR DEL TOLIMA,0,0,0,0,0,0,0,1
73622,2023,5607.0,65.56,0,0.0,1,1.783,775.849528564,,0,0,0,0,0,0,0,0
73622,2024,5609.0,65.52,1,1.783,1,1.783,775.849528564,,0,0,0,0,0,0,0,0
73622,2025,5642.0,65.33,2,3.545,2,3.545,775.849528564,,0,0,0,0,0,0,0,0
73624,2023,22250.0,52.65,12,5.393,9,4.045,739.476195317,,0,0,0,0,0,0,0,0
73624,2024,22305.0,52.57,13,5.828,11,4.932,739.476195317,,0,0,0,0,0,0,0,0
73624,2025,22356.0,52.48,17,7.604,3,1.342,739.476195317,,0,0,0,0,0,0,0,0
73671,2023,14733.0,41.07,4,2.715,4,2.715,193.226780491,,0,0,0,0,0,0,0,0
73671,2024,14768.0,40.98,3,2.031,7,4.74,193.226780491,,0,0,0,0,0,0,0,0
73671,2025,14797.0,40.93,3,2.027,6,4.055,193.226780491,,0,0,0,0,0,0,0,0
73675,2023,13228.0,65.89,11,8.316,3,2.268,383.406969885,,0,0,0,0,0,0,0,0
73675,2024,13284.0,65.8,11,8.281,5,3.764,383.406969885,,0,0,0,0,0,0,0,0
73675,2025,13336.0,65.68,4,2.999,7,5.249,383.406969885,,0,0,0,0,0,0,0,0
73678,2023,13922.0,71.75,6,4.31,1,0.718,412.226226791,,0,0,0,0,0,0,0,0
73678,2024,13979.0,71.57,2,1.431,7,5.008,412.226226791,,0,0,0,0,0,0,0,0
73678,2025,14022.0,71.53,1,0.713,3,2.139,412.226226791,,0,0,0,0,0,0,0,0
73686,2023,5925.0,62.04,1,1.688,1,1.688,270.186622773,,3,2,0,0,0,0,3,0
73686,2024,5933.0,62.09,2,3.371,2,3.371,270.186622773,,3,2,0,0,0,0,3,0
73686,2025,5940.0,61.94,0,0.0,2,3.367,270.186622773,,3,2,0,0,0,0,3,0
73770,2023,3890.0,58.84,1,2.571,0,0.0,190.07818665,,0,0,0,0,0,0,0,0
73770,2024,3916.0,58.76,0,0.0,0,0.0,190.07818665,,0,0,0,0,0,0,0,0
73770,2025,3924.0,58.69,1,2.548,2,5.097,190.07818665,,0,0,0,0,0,0,0,0
73854,2023,5467.0,60.16,2,3.658,1,1.829,197.846407813,,0,0,0,0,0,0,0,0
73854,2024,5503.0,60.0,2,3.634,1,1.817,197.846407813,,0,0,0,0,0,0,0,0
73854,2025,5511.0,59.93,0,0.0,3,5.444,197.846407813,,0,0,0,0,0,0,0,0
73861,2023,13023.0,31.87,2,1.536,4,3.071,334.632774755,,0,0,0,0,0,0,0,0
73861,2024,13031.0,31.78,0,0.0,8,6.139,334.632774755,,0,0,0,0,0,0,0,0
73861,2025,13072.0,31.7,4,3.06,3,2.295,334.632774755,,0,0,0,0,0,0,0,0
73870,2023,9521.0,63.33,2,2.101,4,4.201,279.215549324,,1,3,0,0,0,0,3,0
73870,2024,9556.0,63.29,1,1.046,2,2.093,279.215549324,,1,3,0,0,0,0,3,0
73870,2025,9587.0,63.24,3,3.129,1,1.043,279.215549324,,1,3,0,0,0,0,3,0
73873,2023,5251.0,61.4,0,0.0,0,0.0,430.463012107,,0,0,0,0,0,0,0,0
73873,2024,5280.0,61.4,3,5.682,1,1.894,430.463012107,,0,0,0,0,0,0,0,0
73873,2025,5301.0,61.35,0,0.0,1,1.886,430.463012107,,0,0,0,0,0,0,0,0
76001,2023,2280485.0,2.31,1005,4.407,468,2.052,563.040919732,,0,0,0,0,0,0,0,0
76001,2024,2280171.0,2.31,950,4.166,472,2.07,563.040919732,,0,0,0,0,0,0,0,0
76001,2025,2277296.0,2.32,1068,4.69,435,1.91,563.040919732,,0,0,0,0,0,0,0,0
76020,2023,14352.0,25.88,19,13.239,3,2.09,62.3569465931,,0,0,0,0,0,0,0,0
76020,2024,14381.0,25.6,17,11.821,0,0.0,62.3569465931,,0,0,0,0,0,0,0,0
76020,2025,14359.0,25.29,12,8.357,1,0.696,62.3569465931,,0,0,0,0,0,0,0,0
76036,2023,24302.0,20.88,14,5.761,4,1.646,110.460417975,,0,0,0,0,0,0,0,0
76036,2024,24590.0,20.67,14,5.693,6,2.44,110.460417975,,0,0,0,0,0,0,0,0
76036,2025,24857.0,20.46,16,6.437,10,4.023,110.460417975,,0,0,0,0,0,0,0,0
76041,2023,17884.0,39.65,43,24.044,2,1.118,305.451674207,,0,0,0,0,0,0,0,0
76041,2024,17894.0,39.19,43,24.03,3,1.677,305.451674207,,0,0,0,0,0,0,0,0
76041,2025,17879.0,38.7,22,12.305,0,0.0,305.451674207,,0,0,0,0,0,0,0,0
76054,2023,5537.0,45.96,4,7.224,1,1.806,90.7960436237,,0,0,0,0,0,0,0,0
76054,2024,5543.0,45.48,5,9.02,1,1.804,90.7960436237,,0,0,0,0,0,0,0,0
76054,2025,5524.0,44.9,11,19.913,0,0.0,90.7960436237,,0,0,0,0,0,0,0,0
76100,2023,16087.0,69.93,5,3.108,1,0.622,743.571537322,,0,0,0,0,0,0,0,0
76100,2024,16071.0,69.49,25,15.556,5,3.111,743.571537322,,0,0,0,0,0,0,0,0
76100,2025,16013.0,69.03,5,3.122,6,3.747,743.571537322,,0,0,0,0,0,0,0,0
76109,2023,325233.0,22.51,136,4.182,158,4.858,6292.04789806,PACÍFICO MEDIO,0,0,1,2,0,0,0,1
76109,2024,328686.0,22.25,79,2.404,156,4.746,6292.04789806,PACÍFICO MEDIO,0,0,1,2,0,0,0,1
76109,2025,332054.0,22.0,131,3.945,112,3.373,6292.04789806,PACÍFICO MEDIO,0,0,1,2,0,0,0,1
76111,2023,131814.0,13.75,74,5.614,22,1.669,825.877594911,,0,0,0,0,0,0,0,0
76111,2024,132138.0,13.68,85,6.433,43,3.254,825.877594911,,0,0,0,0,0,0,0,0
76111,2025,132303.0,13.6,71,5.366,35,2.645,825.877594911,,0,0,0,0,0,0,0,0
76113,2023,25273.0,46.48,23,9.101,6,2.374,396.781323137,,0,0,0,0,0,0,0,0
76113,2024,25391.0,46.2,12,4.726,10,3.938,396.781323137,,0,0,0,0,0,0,0,0
76113,2025,25476.0,45.86,14,5.495,2,0.785,396.781323137,,0,0,0,0,0,0,0,0
76122,2023,29956.0,16.41,24,8.012,2,0.668,166.983686544,,0,0,0,0,0,0,0,0
76122,2024,30115.0,16.28,16,5.313,2,0.664,166.983686544,,0,0,0,0,0,0,0,0
76122,2025,30193.0,16.12,10,3.312,9,2.981,166.983686544,,0,0,0,0,0,0,0,0
76126,2023,19054.0,34.84,6,3.149,5,2.624,793.497981718,,0,0,0,0,0,0,0,0
76126,2024,19194.0,34.62,5,2.605,4,2.084,793.497981718,,0,0,0,0,0,0,0,0
76126,2025,19313.0,34.3,10,5.178,7,3.625,793.497981718,,0,0,0,0,0,0,0,0
76130,2023,107848.0,74.86,53,4.914,15,1.391,296.476940619,,0,0,0,0,0,0,0,0
76130,2024,110619.0,74.82,57,5.153,18,1.627,296.476940619,,0,0,0,0,0,0,0,0
76130,2025,113360.0,74.76,50,4.411,23,2.029,296.476940619,,0,0,0,0,0,0,0,0
76147,2023,141786.0,3.28,109,7.688,25,1.763,248.224034893,,0,0,0,0,0,0,0,0
76147,2024,142792.0,3.24,107,7.493,25,1.751,248.224034893,,0,0,0,0,0,0,0,0
76147,2025,143613.0,3.21,75,5.222,28,1.95,248.224034893,,0,0,0,0,0,0,0,0
76233,2023,56463.0,77.7,24,4.251,15,2.657,916.607613543,,0,0,0,0,0,0,0,0
76233,2024,57738.0,77.62,21,3.637,23,3.984,916.607613543,,0,0,0,0,0,0,0,0
76233,2025,58952.0,77.56,19,3.223,11,1.866,916.607613543,,0,0,0,0,0,0,0,0
76243,2023,9223.0,71.67,9,9.758,2,2.168,187.813135681,,0,0,0,0,0,0,0,0
76243,2024,9210.0,71.12,15,16.287,0,0.0,187.813135681,,0,0,0,0,0,0,0,0
76243,2025,9208.0,70.72,16,17.376,1,1.086,187.813135681,,0,0,0,0,0,0,0,0
76246,2023,7032.0,51.68,7,9.954,0,0.0,214.203355241,,0,0,0,0,0,0,0,0
76246,2024,7034.0,51.35,4,5.687,1,1.422,214.203355241,,0,0,0,0,0,0,0,0
76246,2025,7026.0,50.88,3,4.27,0,0.0,214.203355241,,0,0,0,0,0,0,0,0
76248,2023,56919.0,35.17,26,4.568,11,1.933,441.888583014,,0,0,0,0,0,0,0,0
76248,2024,56819.0,34.89,33,5.808,17,2.992,441.888583014,,0,0,0,0,0,0,0,0
76248,2025,56653.0,34.63,40,7.061,18,3.177,441.888583014,,0,0,0,0,0,0,0,0
76250,2023,9192.0,36.18,3,3.264,0,0.0,236.188128489,,0,0,0,0,0,0,0,0
76250,2024,9256.0,35.81,7,7.563,1,1.08,236.188128489,,0,0,0,0,0,0,0,0
76250,2025,9279.0,35.41,6,6.466,4,4.311,236.188128489,,0,0,0,0,0,0,0,0
76275,2023,57700.0,28.97,38,6.586,22,3.813,401.555631651,ALTO PATÍA Y NORTE DEL CAUCA,0,0,0,0,0,0,0,1
76275,2024,57543.0,28.74,52,9.037,21,3.649,401.555631651,ALTO PATÍA Y NORTE DEL CAUCA,0,0,0,0,0,0,0,1
76275,2025,57327.0,28.51,53,9.245,22,3.838,401.555631651,ALTO PATÍA Y NORTE DEL CAUCA,0,0,0,0,0,0,0,1
76306,2023,24033.0,52.88,7,2.913,20,8.322,268.744306328,,0,0,0,0,0,0,0,0
76306,2024,24240.0,52.48,3,1.238,8,3.3,268.744306328,,0,0,0,0,0,0,0,0
76306,2025,24396.0,52.09,10,4.099,10,4.099,268.744306328,,0,0,0,0,0,0,0,0
76318,2023,34412.0,36.8,18,5.231,4,1.162,162.487145859,,0,0,0,0,0,0,0,0
76318,2024,34561.0,36.49,23,6.655,20,5.787,162.487145859,,0,0,0,0,0,0,0,0
76318,2025,34676.0,36.18,20,5.768,6,1.73,162.487145859,,0,0,0,0,0,0,0,0
76364,2023,185865.0,23.28,115,6.187,58,3.121,629.081407543,,1,1,0,0,0,0,1,0
76364,2024,189878.0,23.39,119,6.267,63,3.318,629.081407543,,1,1,0,0,0,0,1,0
76364,2025,193630.0,23.5,127,6.559,52,2.686,629.081407543,,1,1,0,0,0,0,1,0
76377,2023,17995.0,80.34,3,1.667,1,0.556,255.382640527,,0,0,0,0,0,0,0,0
76377,2024,18290.0,79.91,1,0.547,6,3.28,255.382640527,,0,0,0,0,0,0,0,0
76377,2025,18546.0,79.51,1,0.539,3,1.618,255.382640527,,0,0,0,0,0,0,0,0
76400,2023,34763.0,19.16,35,10.068,7,2.014,120.874949064,,0,0,0,0,0,0,0,0
76400,2024,34777.0,18.97,36,10.352,33,9.489,120.874949064,,0,0,0,0,0,0,0,0
76400,2025,34778.0,18.76,35,10.064,16,4.601,120.874949064,,0,0,0,0,0,0,0,0
76403,2023,12632.0,23.35,3,2.375,2,1.583,264.697798209,,1,2,0,0,0,0,2,0
76403,2024,12681.0,23.03,11,8.674,3,2.366,264.697798209,,1,2,0,0,0,0,2,0
76403,2025,12723.0,22.81,8,6.288,8,6.288,264.697798209,,1,2,0,0,0,0,2,0
76497,2023,12583.0,24.84,22,17.484,3,2.384,214.677027506,,0,0,0,0,0,0,0,0
76497,2024,12572.0,24.34,14,11.136,4,3.182,214.677027506,,0,0,0,0,0,0,0,0
76497,2025,12595.0,23.87,14,11.116,4,3.176,214.677027506,,0,0,0,0,0,0,0,0
76520,2023,375394.0,22.1,118,3.143,72,1.918,1005.14483124,,0,0,0,0,0,0,0,0
76520,2024,378446.0,22.21,151,3.99,96,2.537,1005.14483124,,0,0,0,0,0,0,0,0
76520,2025,380980.0,22.32,203,5.328,96,2.52,1005.14483124,,0,0,0,0,0,0,0,0
76563,2023,49549.0,12.15,40,8.073,14,2.825,356.732011887,ALTO PATÍA Y NORTE DEL CAUCA,0,0,0,0,0,0,0,1
76563,2024,49776.0,12.01,53,10.648,19,3.817,356.732011887,ALTO PATÍA Y NORTE DEL CAUCA,0,0,0,0,0,0,0,1
76563,2025,49973.0,11.92,47,9.405,12,2.401,356.732011887,ALTO PATÍA Y NORTE DEL CAUCA,0,0,0,0,0,0,0,1
76606,2023,15868.0,32.19,11,6.932,2,1.26,137.21855525,,0,0,0,0,0,0,0,0
76606,2024,15926.0,31.82,12,7.535,3,1.884,137.21855525,,0,0,0,0,0,0,0,0
76606,2025,15994.0,31.56,10,6.252,7,4.377,137.21855525,,0,0,0,0,0,0,0,0
76616,2023,16061.0,50.75,9,5.604,3,1.868,308.084996995,,0,0,0,0,0,0,0,0
76616,2024,16128.0,50.41,8,4.96,6,3.72,308.084996995,,0,0,0,0,0,0,0,0
76616,2025,16173.0,50.06,13,8.038,8,4.947,308.084996995,,0,0,0,0,0,0,0,0
76622,2023,38255.0,22.91,23,6.012,3,0.784,234.948640356,,0,0,0,0,0,0,0,0
76622,2024,38443.0,22.67,22,5.723,6,1.561,234.948640356,,0,0,0,0,0,0,0,0
76622,2025,38577.0,22.43,27,6.999,8,2.074,234.948640356,,0,0,0,0,0,0,0,0
76670,2023,17280.0,52.76,8,4.63,5,2.894,202.128604698,,0,0,0,0,0,0,0,0
76670,2024,17270.0,52.19,9,5.211,4,2.316,202.128604698,,0,0,0,0,0,0,0,0
76670,2025,17275.0,51.58,11,6.368,8,4.631,202.128604698,,0,0,0,0,0,0,0,0
76736,2023,43721.0,22.91,24,5.489,8,1.83,537.174351764,,0,0,0,0,0,0,0,0
76736,2024,43923.0,22.72,23,5.236,16,3.643,537.174351764,,0,0,0,0,0,0,0,0
76736,2025,44068.0,22.5,14,3.177,17,3.858,537.174351764,,0,0,0,0,0,0,0,0
76823,2023,14958.0,30.66,17,11.365,2,1.337,175.763653412,,0,0,0,0,0,0,0,0
76823,2024,14973.0,30.33,26,17.365,8,5.343,175.763653412,,0,0,0,0,0,0,0,0
76823,2025,14964.0,29.95,12,8.019,8,5.346,175.763653412,,0,0,0,0,0,0,0,0
76828,2023,19871.0,51.16,18,9.058,3,1.51,307.645427934,,0,0,0,0,0,0,0,0
76828,2024,19948.0,50.73,23,11.53,11,5.514,307.645427934,,0,0,0,0,0,0,0,0
76828,2025,20019.0,50.29,22,10.99,6,2.997,307.645427934,,0,0,0,0,0,0,0,0
76834,2023,223026.0,17.57,124,5.56,111,4.977,909.358972323,,0,0,0,0,0,0,0,0
76834,2024,224250.0,17.44,92,4.103,124,5.53,909.358972323,,0,0,0,0,0,0,0,0
76834,2025,225236.0,17.3,100,4.44,113,5.017,909.358972323,,0,0,0,0,0,0,0,0
76845,2023,5629.0,53.15,1,1.777,1,1.777,41.8608774999,,0,0,0,0,0,0,0,0
76845,2024,5636.0,52.73,7,12.42,0,0.0,41.8608774999,,0,0,0,0,0,0,0,0
76845,2025,5620.0,52.49,1,1.779,0,0.0,41.8608774999,,0,0,0,0,0,0,0,0
76863,2023,7457.0,41.34,3,4.023,1,1.341,200.597259691,,0,0,0,0,0,0,0,0
76863,2024,7457.0,40.81,3,4.023,2,2.682,200.597259691,,0,0,0,0,0,0,0,0
76863,2025,7441.0,40.34,9,12.095,5,6.72,200.597259691,,0,0,0,0,0,0,0,0
76869,2023,13729.0,35.63,2,1.457,1,0.728,112.933808876,,0,0,0,0,0,0,0,0
76869,2024,13893.0,35.29,6,4.319,0,0.0,112.933808876,,0,0,0,0,0,0,0,0
76869,2025,14022.0,34.86,4,2.853,1,0.713,112.933808876,,0,0,0,0,0,0,0,0
76890,2023,16679.0,46.28,9,5.396,1,0.6,327.686397394,,0,0,0,0,0,0,0,0
76890,2024,16743.0,45.95,13,7.764,3,1.792,327.686397394,,0,0,0,0,0,0,0,0
76890,2025,16822.0,45.62,7,4.161,5,2.972,327.686397394,,0,0,0,0,0,0,0,0
76892,2023,113917.0,14.34,60,5.267,23,2.019,230.589698947,,0,0,0,0,0,0,0,0
76892,2024,114676.0,14.43,44,3.837,25,2.18,230.589698947,,0,0,0,0,0,0,0,0
76892,2025,115267.0,14.52,44,3.817,17,1.475,230.589698947,,0,0,0,0,0,0,0,0
76895,2023,43578.0,23.0,26,5.966,7,1.606,367.946908437,,0,0,0,0,0,0,0,0
76895,2024,43760.0,22.78,37,8.455,13,2.971,367.946908437,,0,0,0,0,0,0,0,0
76895,2025,43933.0,22.59,27,6.146,11,2.504,367.946908437,,0,0,0,0,0,0,0,0
81001,2023,90162.0,14.06,41,4.547,42,4.658,5787.89044103,,0,0,0,0,0,0,0,0
81001,2024,90619.0,14.14,30,3.311,36,3.973,5787.89044103,,0,0,0,0,0,0,0,0
81001,2025,91017.0,14.24,14,1.538,47,5.164,5787.89044103,,0,0,0,0,0,0,0,0
81065,2023,52947.0,72.97,15,2.833,3,0.567,3046.89620605,ARAUCA,0,0,0,0,0,0,0,1
81065,2024,53319.0,73.12,47,8.815,7,1.313,3046.89620605,ARAUCA,0,0,0,0,0,0,0,1
81065,2025,53636.0,73.25,35,6.525,9,1.678,3046.89620605,ARAUCA,0,0,0,0,0,0,0,1
81220,2023,4130.0,30.19,0,0.0,2,4.843,5212.56909644,,0,0,0,0,0,0,0,0
81220,2024,4135.0,30.21,3,7.255,4,9.674,5212.56909644,,0,0,0,0,0,0,0,0
81220,2025,4162.0,30.35,3,7.208,1,2.403,5212.56909644,,0,0,0,0,0,0,0,0
81300,2023,19934.0,46.13,10,5.017,5,2.508,1158.59610303,ARAUCA,0,0,0,0,0,0,0,1
81300,2024,20073.0,46.17,5,2.491,8,3.985,1158.59610303,ARAUCA,0,0,0,0,0,0,0,1
81300,2025,20164.0,46.21,7,3.472,5,2.48,1158.59610303,ARAUCA,0,0,0,0,0,0,0,1
81591,2023,4635.0,33.1,15,32.362,2,4.315,2281.46025247,,0,0,0,0,0,0,0,0
81591,2024,4673.0,33.32,9,19.26,2,4.28,2281.46025247,,0,0,0,0,0,0,0,0
81591,2025,4692.0,33.25,2,4.263,1,2.131,2281.46025247,,0,0,0,0,0,0,0,0
81736,2023,58651.0,24.62,26,4.433,5,0.853,945.136070593,ARAUCA,0,0,0,0,0,0,0,1
81736,2024,58996.0,24.76,19,3.221,10,1.695,945.136070593,ARAUCA,0,0,0,0,0,0,0,1
81736,2025,59249.0,24.91,22,3.713,9,1.519,945.136070593,ARAUCA,0,0,0,0,0,0,0,1
81794,2023,45781.0,41.45,46,10.048,16,3.495,5418.70888948,ARAUCA,0,0,0,0,0,0,0,1
81794,2024,46068.0,41.72,65,14.11,8,1.737,5418.70888948,ARAUCA,0,0,0,0,0,0,0,1
81794,2025,46271.0,41.97,36,7.78,6,1.297,5418.70888948,ARAUCA,0,0,0,0,0,0,0,1
85001,2023,189187.0,13.86,23,1.216,33,1.744,2482.9391268,,0,0,0,0,0,0,0,0
85001,2024,192468.0,13.73,32,1.663,67,3.481,2482.9391268,,0,0,0,0,0,0,0,0
85001,2025,195600.0,13.61,46,2.352,47,2.403,2482.9391268,,0,0,0,0,0,0,0,0
85010,2023,38978.0,26.43,8,2.052,4,1.026,1442.50681512,,0,0,0,0,0,0,0,0
85010,2024,39218.0,26.22,4,1.02,10,2.55,1442.50681512,,0,0,0,0,0,0,0,0
85010,2025,39364.0,25.95,9,2.286,5,1.27,1442.50681512,,0,0,0,0,0,0,0,0
85015,2023,2669.0,39.0,0,0.0,1,3.747,309.795184,,0,0,0,0,0,0,0,0
85015,2024,2691.0,38.54,0,0.0,0,0.0,309.795184,,0,0,0,0,0,0,0,0
85015,2025,2695.0,38.44,0,0.0,0,0.0,309.795184,,0,0,0,0,0,0,0,0
85125,2023,13017.0,54.46,1,0.768,4,3.073,5509.71245958,,0,0,0,0,0,0,0,0
85125,2024,13104.0,53.95,5,3.816,3,2.289,5509.71245958,,0,0,0,0,0,0,0,0
85125,2025,13153.0,53.46,5,3.801,6,4.562,5509.71245958,,0,0,0,0,0,0,0,0
85136,2023,1485.0,50.3,0,0.0,0,0.0,199.894277213,,0,0,0,0,0,0,0,0
85136,2024,1518.0,49.74,0,0.0,0,0.0,199.894277213,,0,0,0,0,0,0,0,0
85136,2025,1521.0,49.31,0,0.0,0,0.0,199.894277213,,0,0,0,0,0,0,0,0
85139,2023,19182.0,32.56,5,2.607,3,1.564,3754.54852405,,0,0,0,0,0,0,0,0
85139,2024,19474.0,32.25,4,2.054,4,2.054,3754.54852405,,0,0,0,0,0,0,0,0
85139,2025,19764.0,31.96,10,5.06,6,3.036,3754.54852405,,0,0,0,0,0,0,0,0
85162,2023,18706.0,28.62,5,2.673,4,2.138,779.172473919,,0,0,0,0,0,0,0,0
85162,2024,18836.0,28.36,2,1.062,7,3.716,779.172473919,,0,0,0,0,0,0,0,0
85162,2025,18955.0,28.05,0,0.0,10,5.276,779.172473919,,0,0,0,0,0,0,0,0
85225,2023,9311.0,75.79,2,2.148,1,1.074,1102.06025646,,0,0,0,0,0,0,0,0
85225,2024,9365.0,75.23,0,0.0,2,2.136,1102.06025646,,0,0,0,0,0,0,0,0
85225,2025,9398.0,74.85,0,0.0,2,2.128,1102.06025646,,0,0,0,0,0,0,0,0
85230,2023,13947.0,54.18,2,1.434,3,2.151,4753.48411842,,0,0,0,0,0,0,0,0
85230,2024,14229.0,53.87,1,0.703,3,2.108,4753.48411842,,0,0,0,0,0,0,0,0
85230,2025,14484.0,53.46,2,1.381,4,2.762,4753.48411842,,0,0,0,0,0,0,0,0
85250,2023,38285.0,31.04,4,1.045,4,1.045,12115.0422169,,0,0,0,0,0,0,0,0
85250,2024,38468.0,30.84,7,1.82,16,4.159,12115.0422169,,0,0,0,0,0,0,0,0
85250,2025,38638.0,30.68,3,0.776,12,3.106,12115.0422169,,0,0,0,0,0,0,0,0
85263,2023,13212.0,40.52,2,1.514,6,4.541,781.463384816,,0,0,0,0,0,0,0,0
85263,2024,13407.0,40.11,2,1.492,4,2.984,781.463384816,,0,0,0,0,0,0,0,0
85263,2025,13575.0,39.77,0,0.0,6,4.42,781.463384816,,0,0,0,0,0,0,0,0
85279,2023,1708.0,80.09,0,0.0,0,0.0,181.226754961,,0,0,0,0,0,0,0,0
85279,2024,1728.0,79.69,1,5.787,0,0.0,181.226754961,,0,0,0,0,0,0,0,0
85279,2025,1738.0,79.52,0,0.0,1,5.754,181.226754961,,0,0,0,0,0,0,0,0
85300,2023,3811.0,49.2,0,0.0,0,0.0,400.942058264,,0,0,0,0,0,0,0,0
85300,2024,3836.0,49.22,0,0.0,0,0.0,400.942058264,,0,0,0,0,0,0,0,0
85300,2025,3855.0,48.69,1,2.594,0,0.0,400.942058264,,0,0,0,0,0,0,0,0
85315,2023,2113.0,47.94,0,0.0,0,0.0,312.236926967,,0,0,0,0,0,0,0,0
85315,2024,2125.0,47.67,1,4.706,1,4.706,312.236926967,,0,0,0,0,0,0,0,0
85315,2025,2122.0,46.89,3,14.138,0,0.0,312.236926967,,0,0,0,0,0,0,0,0
85325,2023,8927.0,62.35,0,0.0,3,3.361,2989.4482432,,0,0,0,0,0,0,0,0
85325,2024,8976.0,61.94,0,0.0,0,0.0,2989.4482432,,0,0,0,0,0,0,0,0
85325,2025,9035.0,61.64,1,1.107,1,1.107,2989.4482432,,0,0,0,0,0,0,0,0
85400,2023,7255.0,74.69,0,0.0,0,0.0,1091.22843531,,0,0,0,0,0,0,0,0
85400,2024,7293.0,74.35,2,2.742,0,0.0,1091.22843531,,0,0,0,0,0,0,0,0
85400,2025,7331.0,73.97,0,0.0,5,6.82,1091.22843531,,0,0,0,0,0,0,0,0
85410,2023,25625.0,36.35,2,0.78,2,0.78,2385.41074746,,0,0,0,0,0,0,0,0
85410,2024,25904.0,36.04,4,1.544,8,3.088,2385.41074746,,0,0,0,0,0,0,0,0
85410,2025,26170.0,35.74,2,0.764,9,3.439,2385.41074746,,0,0,0,0,0,0,0,0
85430,2023,13954.0,45.48,0,0.0,2,1.433,2969.23833884,,0,0,0,0,0,0,0,0
85430,2024,14036.0,45.03,3,2.137,3,2.137,2969.23833884,,0,0,0,0,0,0,0,0
85430,2025,14109.0,44.67,2,1.418,6,4.253,2969.23833884,,0,0,0,0,0,0,0,0
85440,2023,40090.0,24.62,12,2.993,12,2.993,833.885508796,,0,0,0,0,0,0,0,0
85440,2024,40889.0,24.45,6,1.467,10,2.446,833.885508796,,0,0,0,0,0,0,0,0
85440,2025,41658.0,24.26,10,2.4,12,2.881,833.885508796,,0,0,0,0,0,0,0,0
86001,2023,64386.0,30.41,14,2.174,19,2.951,1304.63788021,PUTUMAYO,1,1,0,0,0,0,1,1
86001,2024,65766.0,30.17,8,1.216,19,2.889,1304.63788021,PUTUMAYO,1,1,0,0,0,0,1,1
86001,2025,67093.0,29.93,9,1.341,15,2.236,1304.63788021,PUTUMAYO,1,1,0,0,0,0,1,1
86219,2023,5721.0,36.74,0,0.0,0,0.0,64.2746184176,,0,0,0,0,0,0,0,0
86219,2024,5762.0,36.5,0,0.0,0,0.0,64.2746184176,,0,0,0,0,0,0,0,0
86219,2025,5827.0,36.4,0,0.0,0,0.0,64.2746184176,,0,0,0,0,0,0,0,0
86320,2023,38815.0,46.78,31,7.987,13,3.349,1939.32978877,PUTUMAYO,0,0,0,0,0,0,0,1
86320,2024,38938.0,46.51,39,10.016,7,1.798,1939.32978877,PUTUMAYO,0,0,0,0,0,0,0,1
86320,2025,39069.0,46.24,10,2.56,5,1.28,1939.32978877,PUTUMAYO,0,0,0,0,0,0,0,1
86568,2023,70548.0,39.87,62,8.788,23,3.26,2819.15477639,PUTUMAYO,0,0,0,0,0,0,0,1
86568,2024,71540.0,39.77,43,6.011,12,1.677,2819.15477639,PUTUMAYO,0,0,0,0,0,0,0,1
86568,2025,72516.0,39.68,18,2.482,11,1.517,2819.15477639,PUTUMAYO,0,0,0,0,0,0,0,1
86569,2023,17175.0,60.34,12,6.987,1,0.582,926.522784931,PUTUMAYO,0,0,0,0,0,0,0,1
86569,2024,17329.0,60.0,11,6.348,3,1.731,926.522784931,PUTUMAYO,0,0,0,0,0,0,0,1
86569,2025,17484.0,59.75,8,4.576,3,1.716,926.522784931,PUTUMAYO,0,0,0,0,0,0,0,1
86571,2023,40257.0,85.83,45,11.178,0,0.0,4576.59155963,PUTUMAYO,1,1,0,0,0,0,1,1
86571,2024,41134.0,85.63,27,6.564,2,0.486,4576.59155963,PUTUMAYO,1,1,0,0,0,0,1,1
86571,2025,42038.0,85.35,6,1.427,3,0.714,4576.59155963,PUTUMAYO,1,1,0,0,0,0,1,1
86573,2023,34982.0,54.95,14,4.002,6,1.715,10906.8768149,PUTUMAYO,0,0,2,27,0,0,0,1
86573,2024,36170.0,54.84,11,3.041,3,0.829,10906.8768149,PUTUMAYO,0,0,2,27,0,0,0,1
86573,2025,37304.0,54.76,6,1.608,0,0.0,10906.8768149,PUTUMAYO,0,0,2,27,0,0,0,1
86749,2023,15868.0,33.19,0,0.0,1,0.63,97.7346245615,,0,0,0,0,0,0,0,0
86749,2024,16037.0,33.05,1,0.624,1,0.624,97.7346245615,,0,0,0,0,0,0,0,0
86749,2025,16194.0,32.9,0,0.0,3,1.853,97.7346245615,,0,0,0,0,0,0,0,0
86755,2023,5668.0,39.54,0,0.0,0,0.0,407.356740966,,0,0,0,0,0,0,0,0
86755,2024,5670.0,39.38,0,0.0,0,0.0,407.356740966,,0,0,0,0,0,0,0,0
86755,2025,5660.0,39.05,1,1.767,0,0.0,407.356740966,,0,0,0,0,0,0,0,0
86757,2023,19475.0,73.18,7,3.594,1,0.513,379.742131268,PUTUMAYO,0,0,0,0,0,0,0,1
86757,2024,19566.0,72.95,9,4.6,1,0.511,379.742131268,PUTUMAYO,0,0,0,0,0,0,0,1
86757,2025,19661.0,72.73,5,2.543,1,0.509,379.742131268,PUTUMAYO,0,0,0,0,0,0,0,1
86760,2023,7292.0,51.89,1,1.371,0,0.0,341.923819757,,0,0,0,0,0,0,0,0
86760,2024,7308.0,51.51,0,0.0,1,1.368,341.923819757,,0,0,0,0,0,0,0,0
86760,2025,7298.0,51.34,0,0.0,0,0.0,341.923819757,,0,0,0,0,0,0,0,0
86865,2023,34464.0,54.74,37,10.736,3,0.87,815.16156248,PUTUMAYO,0,0,0,0,0,0,0,1
86865,2024,34604.0,54.58,23,6.647,5,1.445,815.16156248,PUTUMAYO,0,0,0,0,0,0,0,1
86865,2025,34728.0,54.41,11,3.167,9,2.592,815.16156248,PUTUMAYO,0,0,0,0,0,0,0,1
86885,2023,25270.0,39.12,9,3.562,7,2.77,1396.97600333,PUTUMAYO,1,1,0,0,0,0,1,1
86885,2024,25576.0,38.82,11,4.301,8,3.128,1396.97600333,PUTUMAYO,1,1,0,0,0,0,1,1
86885,2025,25870.0,38.51,8,3.092,8,3.092,1396.97600333,PUTUMAYO,1,1,0,0,0,0,1,1
88001,2023,56768.0,24.65,41,7.222,14,2.466,27.1685018937,,0,0,0,0,0,0,0,0
88001,2024,56965.0,24.33,25,4.389,4,0.702,27.1685018937,,0,0,0,0,0,0,0,0
88001,2025,57118.0,23.98,38,6.653,4,0.7,27.1685018937,,0,0,0,0,0,0,0,0
88564,2023,6239.0,40.84,0,0.0,1,1.603,22.2491909344,,0,0,0,0,0,0,0,0
88564,2024,6285.0,40.41,0,0.0,0,0.0,22.2491909344,,0,0,0,0,0,0,0,0
88564,2025,6320.0,39.94,2,3.165,1,1.582,22.2491909344,,0,0,0,0,0,0,0,0
91001,2023,52369.0,29.1,20,3.819,1,0.191,6182.41649158,,0,0,0,0,0,0,0,0
91001,2024,53059.0,28.8,21,3.958,1,0.188,6182.41649158,,0,0,0,0,0,0,0,0
91001,2025,53670.0,28.49,15,2.795,0,0.0,6182.41649158,,0,0,0,0,0,0,0,0
91263,2023,2185.0,100.0,0,0.0,0,0.0,10897.5467041,,0,0,0,0,0,0,0,0
91263,2024,2211.0,100.0,0,0.0,0,0.0,10897.5467041,,0,0,0,0,0,0,0,0
91263,2025,2225.0,100.0,0,0.0,0,0.0,10897.5467041,,0,0,0,0,0,0,0,0
91405,2023,3107.0,100.0,0,0.0,0,0.0,12668.178618,,0,0,0,0,0,0,0,0
91405,2024,3127.0,100.0,0,0.0,0,0.0,12668.178618,,0,0,0,0,0,0,0,0
91405,2025,3156.0,100.0,0,0.0,0,0.0,12668.178618,,0,0,0,0,0,0,0,0
91407,2023,4049.0,100.0,0,0.0,0,0.0,13668.2148936,,0,0,0,0,0,0,0,0
91407,2024,4073.0,100.0,2,4.91,0,0.0,13668.2148936,,0,0,0,0,0,0,0,0
91407,2025,4097.0,100.0,1,2.441,1,2.441,13668.2148936,,0,0,0,0,0,0,0,0
91430,2023,678.0,100.0,0,0.0,0,0.0,1432.79497758,,0,0,0,0,0,0,0,0
91430,2024,681.0,100.0,0,0.0,0,0.0,1432.79497758,,0,0,0,0,0,0,0,0
91430,2025,682.0,100.0,0,0.0,0,0.0,1432.79497758,,0,0,0,0,0,0,0,0
91460,2023,2028.0,100.0,0,0.0,0,0.0,16867.5325392,,0,0,0,0,0,0,0,0
91460,2024,2043.0,100.0,0,0.0,0,0.0,16867.5325392,,0,0,0,0,0,0,0,0
91460,2025,2084.0,100.0,0,0.0,0,0.0,16867.5325392,,0,0,0,0,0,0,0,0
91530,2023,787.0,100.0,0,0.0,0,0.0,8494.18249407,,0,0,0,0,0,0,0,0
91530,2024,793.0,100.0,0,0.0,0,0.0,8494.18249407,,0,0,0,0,0,0,0,0
91530,2025,795.0,100.0,0,0.0,0,0.0,8494.18249407,,0,0,0,0,0,0,0,0
91536,2023,1067.0,100.0,0,0.0,0,0.0,13850.0162734,,0,0,0,0,0,0,0,0
91536,2024,1067.0,100.0,0,0.0,0,0.0,13850.0162734,,0,0,0,0,0,0,0,0
91536,2025,1080.0,100.0,0,0.0,0,0.0,13850.0162734,,0,0,0,0,0,0,0,0
91540,2023,10986.0,61.94,0,0.0,0,0.0,1509.20436076,,0,0,0,0,0,0,0,0
91540,2024,11184.0,61.44,0,0.0,0,0.0,1509.20436076,,0,0,0,0,0,0,0,0
91540,2025,11375.0,60.85,0,0.0,0,0.0,1509.20436076,,0,0,0,0,0,0,0,0
91669,2023,1843.0,100.0,0,0.0,0,0.0,14731.0884981,,0,0,0,0,0,0,0,0
91669,2024,1853.0,100.0,0,0.0,0,0.0,14731.0884981,,0,0,0,0,0,0,0,0
91669,2025,1860.0,100.0,0,0.0,0,0.0,14731.0884981,,0,0,0,0,0,0,0,0
91798,2023,3988.0,100.0,1,2.508,0,0.0,9195.87793559,,0,0,0,0,0,0,0,0
91798,2024,4018.0,100.0,1,2.489,0,0.0,9195.87793559,,0,0,0,0,0,0,0,0
91798,2025,4033.0,100.0,0,0.0,0,0.0,9195.87793559,,0,0,0,0,0,0,0,0
94001,2023,37593.0,33.91,0,0.0,3,0.798,15970.1985923,,0,0,0,0,0,0,0,0
94001,2024,38710.0,33.73,2,0.517,5,1.292,15970.1985923,,0,0,0,0,0,0,0,0
94001,2025,39735.0,33.57,4,1.007,7,1.762,15970.1985923,,0,0,0,0,0,0,0,0
94343,2023,11030.0,89.3,0,0.0,0,0.0,14402.4368987,,0,0,0,0,0,0,0,0
94343,2024,11359.0,89.21,0,0.0,0,0.0,14402.4368987,,0,0,0,0,0,0,0,0
94343,2025,11709.0,89.03,0,0.0,0,0.0,14402.4368987,,0,0,0,0,0,0,0,0
94663,2023,0.0,,0,,0,,,,0,0,0,0,0,0,0,0
94663,2024,0.0,,0,,0,,,,0,0,0,0,0,0,0,0
94663,2025,0.0,,0,,0,,,,0,0,0,0,0,0,0,0
94883,2023,1886.0,100.0,0,0.0,0,0.0,2926.36512489,,0,0,0,0,0,0,0,0
94883,2024,1926.0,100.0,0,0.0,0,0.0,2926.36512489,,0,0,0,0,0,0,0,0
94883,2025,1968.0,100.0,0,0.0,0,0.0,2926.36512489,,0,0,0,0,0,0,0,0
94884,2023,1955.0,100.0,0,0.0,0,0.0,15700.7128072,,0,0,0,0,0,0,0,0
94884,2024,1971.0,100.0,0,0.0,0,0.0,15700.7128072,,0,0,0,0,0,0,0,0
94884,2025,1983.0,100.0,0,0.0,0,0.0,15700.7128072,,0,0,0,0,0,0,0,0
94885,2023,313.0,100.0,0,0.0,0,0.0,1178.87070143,,0,0,0,0,0,0,0,0
94885,2024,319.0,100.0,0,0.0,0,0.0,1178.87070143,,0,0,0,0,0,0,0,0
94885,2025,319.0,100.0,0,0.0,0,0.0,1178.87070143,,0,0,0,0,0,0,0,0
94886,2023,908.0,100.0,0,0.0,0,0.0,2335.3247055,,0,0,0,0,0,0,0,0
94886,2024,902.0,100.0,0,0.0,0,0.0,2335.3247055,,0,0,0,0,0,0,0,0
94886,2025,914.0,100.0,0,0.0,0,0.0,2335.3247055,,0,0,0,0,0,0,0,0
94887,2023,1990.0,100.0,0,0.0,0,0.0,10227.1469658,,0,0,0,0,0,0,0,0
94887,2024,2001.0,100.0,0,0.0,0,0.0,10227.1469658,,0,0,0,0,0,0,0,0
94887,2025,2011.0,100.0,0,0.0,0,0.0,10227.1469658,,0,0,0,0,0,0,0,0
94888,2023,1022.0,100.0,0,0.0,0,0.0,8548.29888746,,0,0,0,0,0,0,0,0
94888,2024,1052.0,100.0,0,0.0,0,0.0,8548.29888746,,0,0,0,0,0,0,0,0
94888,2025,1067.0,100.0,0,0.0,0,0.0,8548.29888746,,0,0,0,0,0,0,0,0
95001,2023,54140.0,31.3,27,4.987,48,8.866,16757.0844302,MACARENA - GUAVIARE,0,0,0,0,0,0,0,1
95001,2024,54315.0,31.39,16,2.946,42,7.733,16757.0844302,MACARENA - GUAVIARE,0,0,0,0,0,0,0,1
95001,2025,54434.0,31.5,31,5.695,47,8.634,16757.0844302,MACARENA - GUAVIARE,0,0,0,0,0,0,0,1
95015,2023,9819.0,54.63,11,11.203,6,6.111,13536.4802535,MACARENA - GUAVIARE,0,0,0,0,0,0,0,1
95015,2024,9862.0,54.8,8,8.112,3,3.042,13536.4802535,MACARENA - GUAVIARE,0,0,0,0,0,0,0,1
95015,2025,9885.0,54.97,34,34.396,3,3.035,13536.4802535,MACARENA - GUAVIARE,0,0,0,0,0,0,0,1
95025,2023,13339.0,74.44,5,3.748,10,7.497,12442.225772,MACARENA - GUAVIARE,0,0,0,0,0,0,0,1
95025,2024,13324.0,74.46,3,2.252,2,1.501,12442.225772,MACARENA - GUAVIARE,0,0,0,0,0,0,0,1
95025,2025,13292.0,74.55,2,1.505,3,2.257,12442.225772,MACARENA - GUAVIARE,0,0,0,0,0,0,0,1
95200,2023,7020.0,73.32,4,5.698,3,4.274,12808.0770569,MACARENA - GUAVIARE,0,0,0,0,0,0,0,1
95200,2024,7049.0,73.43,4,5.675,0,0.0,12808.0770569,MACARENA - GUAVIARE,0,0,0,0,0,0,0,1
95200,2025,7085.0,73.59,2,2.823,3,4.234,12808.0770569,MACARENA - GUAVIARE,0,0,0,0,0,0,0,1
97001,2023,31550.0,69.7,0,0.0,4,1.268,16215.7372636,,0,0,0,0,0,0,0,0
97001,2024,31810.0,70.21,1,0.314,2,0.629,16215.7372636,,0,0,0,0,0,0,0,0
97001,2025,32040.0,70.78,4,1.248,2,0.624,16215.7372636,,0,0,0,0,0,0,0,0
97161,2023,3006.0,53.93,0,0.0,0,0.0,6368.48641709,,0,0,0,0,0,0,0,0
97161,2024,3025.0,54.68,0,0.0,0,0.0,6368.48641709,,0,0,0,0,0,0,0,0
97161,2025,3030.0,54.79,0,0.0,0,0.0,6368.48641709,,0,0,0,0,0,0,0,0
97511,2023,4234.0,100.0,0,0.0,0,0.0,13993.2505748,,0,0,0,0,0,0,0,0
97511,2024,4255.0,100.0,0,0.0,0,0.0,13993.2505748,,0,0,0,0,0,0,0,0
97511,2025,4279.0,100.0,0,0.0,0,0.0,13993.2505748,,0,0,0,0,0,0,0,0
97666,2023,2743.0,59.17,1,3.646,0,0.0,6510.24656108,,0,0,0,0,0,0,0,0
97666,2024,2831.0,59.63,0,0.0,0,0.0,6510.24656108,,0,0,0,0,0,0,0,0
97666,2025,2918.0,60.21,0,0.0,0,0.0,6510.24656108,,0,0,0,0,0,0,0,0
97777,2023,759.0,100.0,0,0.0,0,0.0,5551.15354819,,0,0,0,0,0,0,0,0
97777,2024,768.0,100.0,0,0.0,0,0.0,5551.15354819,,0,0,0,0,0,0,0,0
97777,2025,763.0,100.0,0,0.0,0,0.0,5551.15354819,,0,0,0,0,0,0,0,0
97889,2023,1091.0,100.0,0,0.0,0,0.0,4660.40564989,,0,0,0,0,0,0,0,0
97889,2024,1086.0,100.0,0,0.0,0,0.0,4660.40564989,,0,0,0,0,0,0,0,0
97889,2025,1112.0,100.0,0,0.0,0,0.0,4660.40564989,,0,0,0,0,0,0,0,0
99001,2023,23536.0,24.45,8,3.399,9,3.824,12204.9132033,,0,0,0,0,0,0,0,0
99001,2024,23959.0,24.48,5,2.087,4,1.67,12204.9132033,,0,0,0,0,0,0,0,0
99001,2025,24341.0,24.51,6,2.465,12,4.93,12204.9132033,,0,0,0,0,0,0,0,0
99524,2023,10549.0,39.78,1,0.948,0,0.0,18569.3376541,,0,0,0,0,0,0,0,0
99524,2024,10603.0,39.86,1,0.943,0,0.0,18569.3376541,,0,0,0,0,0,0,0,0
99524,2025,10672.0,39.96,0,0.0,8,7.496,18569.3376541,,0,0,0,0,0,0,0,0
99624,2023,4187.0,38.72,1,2.388,0,0.0,3691.8691786,,0,0,0,0,0,0,0,0
99624,2024,4170.0,38.51,0,0.0,0,0.0,3691.8691786,,0,0,0,0,0,0,0,0
99624,2025,4170.0,38.68,0,0.0,1,2.398,3691.8691786,,0,0,0,0,0,0,0,0
99773,2023,99157.0,96.33,5,0.504,2,0.202,65597.250557,,0,0,0,0,0,0,0,0
99773,2024,104385.0,96.42,5,0.479,3,0.287,65597.250557,,0,0,0,0,0,0,0,0
99773,2025,109555.0,96.52,5,0.456,7,0.639,65597.250557,,0,0,0,0,0,0,0,0
