codigo_dane,municipio,departamento,anio,gramos_anm,regalias_cop,n_trimestres,precio_usd_onza,trm,precio_cop_gramo,g_titulos,g_barequeros,g_otros,gramos_simci,share_barequeo,share_titulos,n_barequeros,tope_bareq_g,ratio_tope_bareq,bareq_sin_inscritos,evoa_ha_2023,evoa_ha_prom_2021_2023,ha_permisos_2023,ha_transito_2023,ha_ilicita_2023,share_ilicita_2023,var_huella_2021_2023_pct,explotador_dominante,tipo_predominante,minas,capturas,maquinaria
05001,Medellin,Antioquia,2023,2717.11,22296545.21,3.0,1942.6658333333335,4324.239683333333,269878.148573841,736.07,1981.03378348,0.0,2717.10378348,0.7290975764432305,0.2709024235567696,0.0,0.0,,1,0.0,0.0,0.0,0.0,0.0,,,barequeros,aluvión con barequeo,0.0,0.0,0.0
05001,Medellin,Antioquia,2024,274.94,2911314.28,2.0,2387.7025,4074.8423916666666,313907.9749326904,0.0,274.94,0.0,274.94,1.0,0.0,0.0,0.0,,1,0.0,0.0,0.0,0.0,0.0,,,barequeros,aluvión con barequeo,29.0,14.0,4.0
05001,Medellin,Antioquia,2025,100.16,1591963.32,1.0,3441.505833333333,4051.7821666666664,445999.5059239138,0.0,100.16,0.0,100.16,1.0,0.0,0.0,0.0,,1,0.0,0.0,0.0,0.0,0.0,,,barequeros,aluvión con barequeo,10.0,6.0,1.0
05004,Abriaqui,Antioquia,2023,341.83,3019302.1,3.0,1942.6658333333335,4324.239683333333,269878.148573841,0.0,341.83660736,0.0,341.83660736,1.0,0.0,14.0,5880.0,0.058135477442176876,0,0.0,0.0,0.0,0.0,0.0,,,barequeros,aluvión con barequeo,0.0,0.0,0.0
05004,Abriaqui,Antioquia,2024,0.0,0.0,0.0,2387.7025,4074.8423916666666,313907.9749326904,0.0,0.0,0.0,0.0,,,14.0,5880.0,0.0,0,0.0,0.0,0.0,0.0,0.0,,,barequeros,aluvión con barequeo,0.0,0.0,0.0
05004,Abriaqui,Antioquia,2025,0.0,0.0,0.0,3441.505833333333,4051.7821666666664,445999.5059239138,0.0,0.0,0.0,0.0,,,14.0,5880.0,0.0,0,0.0,0.0,0.0,0.0,0.0,,,barequeros,aluvión con barequeo,0.0,0.0,0.0
05031,Amalfi,Antioquia,2023,132967.13999999998,1260822228.02,4.0,1942.6658333333335,4324.239683333333,269878.148573841,15774.7488886,102335.61639896,14856.78,132967.14528756,0.769630845105721,0.11863644101319092,101.0,42420.0,2.4124379160528053,0,1233.319479,1174.0138758166668,143.50498601,0.0,1089.81448812,0.8836432949260181,-7.1796547405988065,barequeros,aluvión con barequeo,0.0,0.0,0.0
05031,Amalfi,Antioquia,2024,49150.92,480965848.23,4.0,2387.7025,4074.8423916666666,313907.9749326904,21526.56,20232.85,7391.51,49150.920000000006,0.411647432031791,0.43796860770866547,101.0,42420.0,0.4769648750589344,0,1233.319479,1174.0138758166668,143.50498601,0.0,1089.81448812,0.8836432949260181,-7.1796547405988065,barequeros,aluvión con barequeo,5.0,0.0,9.0
05031,Amalfi,Antioquia,2025,20587.43,299863707.65,4.0,3441.505833333333,4051.7821666666664,445999.5059239138,10401.82,0.0,10185.61,20587.43,0.0,0.5052510196755982,101.0,42420.0,0.0,0,1233.319479,1174.0138758166668,143.50498601,0.0,1089.81448812,0.8836432949260181,-7.1796547405988065,barequeros,aluvión con barequeo,0.0,7.0,0.0
05034,Andes,Antioquia,2023,235870.24,1973193021.3799999,4.0,1942.6658333333335,4324.239683333333,269878.148573841,0.0,0.0,235870.24375022,235870.24375022,0.0,0.0,0.0,0.0,,0,0.0,0.0,0.0,0.0,0.0,,,otros,otros,0.0,2.0,0.0
05034,Andes,Antioquia,2024,135248.43,1217122115.18,4.0,2387.7025,4074.8423916666666,313907.9749326904,0.0,0.0,135248.43,135248.43,0.0,0.0,0.0,0.0,,0,0.0,0.0,0.0,0.0,0.0,,,otros,otros,7.0,12.0,2.0
05034,Andes,Antioquia,2025,56465.93,583419883.05,4.0,3441.505833333333,4051.7821666666664,445999.5059239138,0.0,0.0,56465.93,56465.93,0.0,0.0,0.0,0.0,,0,0.0,0.0,0.0,0.0,0.0,,,otros,otros,1.0,0.0,0.0
05040,Anori,Antioquia,2023,1059343.8499999999,5319847758.83,4.0,1942.6658333333335,4324.239683333333,269878.148573841,875247.01142179,150511.96476079,56067.18045,1081826.15663258,0.1391276813173859,0.8090458952722933,33.0,13860.0,10.859449116940116,0,2014.378824,1694.0204134533333,405.67745153,0.0,1608.70137146,0.7986091554842517,16.49358023893408,títulos,aluvión con títulos,0.0,0.0,0.0
05040,Anori,Antioquia,2024,101726.98999999999,557424680.88,4.0,2387.7025,4074.8423916666666,313907.9749326904,70239.84,0.0,31487.15,101726.98999999999,0.0,0.69047398335486,33.0,13860.0,0.0,0,2014.378824,1694.0204134533333,405.67745153,0.0,1608.70137146,0.7986091554842517,16.49358023893408,títulos,aluvión con títulos,0.0,4.0,0.0
05040,Anori,Antioquia,2025,902901.29,2835898425.08,4.0,3441.505833333333,4051.7821666666664,445999.5059239138,900408.13,0.0,2493.16,902901.29,0.0,0.9972387236261452,33.0,13860.0,0.0,0,2014.378824,1694.0204134533333,405.67745153,0.0,1608.70137146,0.7986091554842517,16.49358023893408,títulos,aluvión con títulos,15.0,0.0,21.0
05042,Santafe de Antioquia,Antioquia,2023,67574.33,594911760.99,4.0,1942.6658333333335,4324.239683333333,269878.148573841,0.0,67574.33054421,0.0,67574.33054421,1.0,0.0,7.0,2940.0,22.9844661715,0,0.0,0.0,0.0,0.0,0.0,,,barequeros,aluvión con barequeo,1.0,0.0,0.0
05042,Santafe de Antioquia,Antioquia,2024,52239.19,462789987.65999997,3.0,2387.7025,4074.8423916666666,313907.9749326904,0.0,51154.27,0.0,51154.27,1.0,0.0,7.0,2940.0,17.39941156462585,0,0.0,0.0,0.0,0.0,0.0,,,barequeros,aluvión con barequeo,3.0,0.0,0.0
05042,Santafe de Antioquia,Antioquia,2025,0.0,0.0,0.0,3441.505833333333,4051.7821666666664,445999.5059239138,0.0,0.0,0.0,0.0,,,7.0,2940.0,0.0,0,0.0,0.0,0.0,0.0,0.0,,,barequeros,aluvión con barequeo,1.0,0.0,0.0
05044,Anza,Antioquia,2023,321.77,2915996.05,3.0,1942.6658333333335,4324.239683333333,269878.148573841,0.0,321.77,0.0,321.77,1.0,0.0,5.0,2100.0,0.1532238095238095,0,0.0,0.0,0.0,0.0,0.0,,,barequeros,aluvión con barequeo,0.0,0.0,0.0
05044,Anza,Antioquia,2024,0.0,0.0,0.0,2387.7025,4074.8423916666666,313907.9749326904,0.0,0.0,0.0,0.0,,,5.0,2100.0,0.0,0,0.0,0.0,0.0,0.0,0.0,,,barequeros,aluvión con barequeo,0.0,0.0,0.0
05044,Anza,Antioquia,2025,0.0,0.0,0.0,3441.505833333333,4051.7821666666664,445999.5059239138,0.0,0.0,0.0,0.0,,,5.0,2100.0,0.0,0,0.0,0.0,0.0,0.0,0.0,,,barequeros,aluvión con barequeo,0.0,0.0,2.0
05055,Argelia - Antioquia,Antioquia,2023,246.76000000000002,2223048.23,2.0,1942.6658333333335,4324.239683333333,269878.148573841,0.0,246.76,0.0,246.76,1.0,0.0,0.0,0.0,,1,0.0,1.252145,0.0,0.0,0.0,,-100.0,barequeros,aluvión con barequeo,0.0,4.0,0.0
05055,Argelia - Antioquia,Antioquia,2024,0.0,0.0,0.0,2387.7025,4074.8423916666666,313907.9749326904,0.0,0.0,0.0,0.0,,,0.0,0.0,,0,0.0,1.252145,0.0,0.0,0.0,,-100.0,barequeros,aluvión con barequeo,0.0,4.0,0.0
05055,Argelia - Antioquia,Antioquia,2025,0.0,0.0,0.0,3441.505833333333,4051.7821666666664,445999.5059239138,0.0,0.0,0.0,0.0,,,0.0,0.0,,0,0.0,1.252145,0.0,0.0,0.0,,-100.0,barequeros,aluvión con barequeo,2.0,25.0,0.0
05079,Barbosa - Antioquia,Antioquia,2023,33085.21,278021190.68,4.0,1942.6658333333335,4324.239683333333,269878.148573841,21695.58,6597.54,6033.03,34326.15,0.19220157227070322,0.6320423350710755,6.0,2520.0,2.6180714285714286,0,0.0,0.0,0.0,0.0,0.0,,,títulos,veta / títulos,7.0,14.0,6.0
05079,Barbosa - Antioquia,Antioquia,2024,18801.25,170606554.24,4.0,2387.7025,4074.8423916666666,313907.9749326904,12846.89,0.0,5954.36,18801.25,0.0,0.6832997805996941,6.0,2520.0,0.0,0,0.0,0.0,0.0,0.0,0.0,,,títulos,veta / títulos,14.0,33.0,10.0
05079,Barbosa - Antioquia,Antioquia,2025,22013.71,240453209.8,4.0,3441.505833333333,4051.7821666666664,445999.5059239138,11044.39,0.0,10969.32,22013.71,0.0,0.5017050737926502,6.0,2520.0,0.0,0,0.0,0.0,0.0,0.0,0.0,,,títulos,veta / títulos,20.0,24.0,21.0
05086,Belmira,Antioquia,2023,147.94,1072796.08,1.0,1942.6658333333335,4324.239683333333,269878.148573841,0.0,205.96,0.0,205.96,1.0,0.0,0.0,0.0,,1,0.0,0.0,0.0,0.0,0.0,,,barequeros,aluvión con barequeo,0.0,0.0,0.0
05086,Belmira,Antioquia,2024,0.0,0.0,0.0,2387.7025,4074.8423916666666,313907.9749326904,0.0,0.0,0.0,0.0,,,0.0,0.0,,0,0.0,0.0,0.0,0.0,0.0,,,barequeros,aluvión con barequeo,0.0,0.0,0.0
05086,Belmira,Antioquia,2025,0.0,0.0,0.0,3441.505833333333,4051.7821666666664,445999.5059239138,0.0,0.0,0.0,0.0,,,0.0,0.0,,0,0.0,0.0,0.0,0.0,0.0,,,barequeros,aluvión con barequeo,0.0,0.0,2.0
05088,Bello,Antioquia,2023,1771.33,7702665.109999999,4.0,1942.6658333333335,4324.239683333333,269878.148573841,1771.33,0.0,0.0,1771.33,0.0,1.0,0.0,0.0,,0,0.0,0.0,0.0,0.0,0.0,,,títulos,veta / títulos,0.0,18.0,3.0
05088,Bello,Antioquia,2024,1230.31,5428288.7,3.0,2387.7025,4074.8423916666666,313907.9749326904,1230.31,0.0,0.0,1230.31,0.0,1.0,0.0,0.0,,0,0.0,0.0,0.0,0.0,0.0,,,títulos,veta / títulos,17.0,0.0,2.0
05088,Bello,Antioquia,2025,6529.42,45870376.440000005,1.0,3441.505833333333,4051.7821666666664,445999.5059239138,6529.42,0.0,0.0,6529.42,0.0,1.0,0.0,0.0,,0,0.0,0.0,0.0,0.0,0.0,,,títulos,veta / títulos,15.0,0.0,0.0
05107,Briceño - Antioquia,Antioquia,2023,3762.58,33118599.26,1.0,1942.6658333333335,4324.239683333333,269878.148573841,0.0,3762.58,0.0,3762.58,1.0,0.0,0.0,0.0,,1,0.0,0.0,0.0,0.0,0.0,,,barequeros,aluvión con barequeo,0.0,7.0,1.0
05107,Briceño - Antioquia,Antioquia,2024,0.0,0.0,0.0,2387.7025,4074.8423916666666,313907.9749326904,0.0,0.0,0.0,0.0,,,0.0,0.0,,0,0.0,0.0,0.0,0.0,0.0,,,barequeros,aluvión con barequeo,0.0,0.0,0.0
05107,Briceño - Antioquia,Antioquia,2025,0.0,0.0,0.0,3441.505833333333,4051.7821666666664,445999.5059239138,0.0,0.0,0.0,0.0,,,0.0,0.0,,0,0.0,0.0,0.0,0.0,0.0,,,barequeros,aluvión con barequeo,0.0,0.0,0.0
05113,Buritica,Antioquia,2023,7891503.18,68818604977.88,4.0,1942.6658333333335,4324.239683333333,269878.148573841,8158391.85917847,0.0,0.0,8158391.85917847,0.0,1.0,1.0,420.0,0.0,0,0.0,0.0,0.0,0.0,0.0,,,títulos,veta / títulos,292.0,6.0,4.0
05113,Buritica,Antioquia,2024,7912992.800000001,76514254238.63,4.0,2387.7025,4074.8423916666666,313907.9749326904,7912992.8,0.0,0.0,7912992.8,0.0,1.0,1.0,420.0,0.0,0,0.0,0.0,0.0,0.0,0.0,,,títulos,veta / títulos,164.0,5.0,1.0
05113,Buritica,Antioquia,2025,8746438.5,119700719161.64,4.0,3441.505833333333,4051.7821666666664,445999.5059239138,8746438.5,0.0,0.0,8746438.5,0.0,1.0,1.0,420.0,0.0,0,0.0,0.0,0.0,0.0,0.0,,,títulos,veta / títulos,140.0,5.0,1.0
05120,Caceres,Antioquia,2023,446051.17000000004,3939305939.81,4.0,1942.6658333333335,4324.239683333333,269878.148573841,16682.57,420848.993857,10106.07,447637.63385700004,0.9401555231869585,0.03726802381707103,155.0,65100.0,6.464654283517666,0,5878.881897,5262.060701956667,1430.4251347,191.57055784,4256.88620135,0.7240979281319283,18.249745748630787,barequeros,aluvión con barequeo,17.0,11.0,10.0
05120,Caceres,Antioquia,2024,372193.23,3562924562.53,4.0,2387.7025,4074.8423916666666,313907.9749326904,21458.27,349823.47,911.49,372193.23,0.9398974559531886,0.05765357419316843,155.0,65100.0,5.373632411674347,0,5878.881897,5262.060701956667,1430.4251347,191.57055784,4256.88620135,0.7240979281319283,18.249745748630787,barequeros,aluvión con barequeo,4.0,28.0,3.0
05120,Caceres,Antioquia,2025,199729.8,1714552233.85,4.0,3441.505833333333,4051.7821666666664,445999.5059239138,135342.69,64225.05,162.06,199729.8,0.3215596771237943,0.6776289266799447,155.0,65100.0,0.9865599078341014,0,5878.881897,5262.060701956667,1430.4251347,191.57055784,4256.88620135,0.7240979281319283,18.249745748630787,barequeros,aluvión con barequeo,4.0,0.0,300.0
05138,Cañasgordas,Antioquia,2023,172160.14,1473933932.1299999,4.0,1942.6658333333335,4324.239683333333,269878.148573841,0.0,161497.31938553,10662.81,172160.12938553,0.9380645795396562,0.0,827.0,347340.0,0.46495456724111817,0,0.0,0.0,0.0,0.0,0.0,,,barequeros,aluvión con barequeo,11.0,0.0,0.0
05138,Cañasgordas,Antioquia,2024,311896.93000000005,3149831383.3599997,4.0,2387.7025,4074.8423916666666,313907.9749326904,0.0,303167.7,5688.37,308856.07,0.9815824568382289,0.0,827.0,347340.0,0.8728269131110727,0,0.0,0.0,0.0,0.0,0.0,,,barequeros,aluvión con barequeo,4.0,0.0,0.0
05138,Cañasgordas,Antioquia,2025,247026.44,3132413171.43,4.0,3441.505833333333,4051.7821666666664,445999.5059239138,0.0,247026.44,0.0,247026.44,1.0,0.0,827.0,347340.0,0.7111949098865665,0,0.0,0.0,0.0,0.0,0.0,,,barequeros,aluvión con barequeo,1.0,0.0,0.0
05142,Caracoli,Antioquia,2023,2427.01,21761123.93,2.0,1942.6658333333335,4324.239683333333,269878.148573841,0.0,2427.01,0.0,2427.01,1.0,0.0,8.0,3360.0,0.7223244047619048,0,3.078401,3.7928000066666665,0.0,0.0,3.07840156,1.0,,barequeros,aluvión con barequeo,99.0,0.0,137.0
05142,Caracoli,Antioquia,2024,0.0,0.0,0.0,2387.7025,4074.8423916666666,313907.9749326904,0.0,0.0,0.0,0.0,,,8.0,3360.0,0.0,0,3.078401,3.7928000066666665,0.0,0.0,3.07840156,1.0,,barequeros,aluvión con barequeo,26.0,0.0,37.0
05142,Caracoli,Antioquia,2025,0.0,0.0,0.0,3441.505833333333,4051.7821666666664,445999.5059239138,0.0,0.0,0.0,0.0,,,8.0,3360.0,0.0,0,3.078401,3.7928000066666665,0.0,0.0,3.07840156,1.0,,barequeros,aluvión con barequeo,27.0,0.0,40.0
05150,Carolina,Antioquia,2023,326.0,2896682.62,2.0,1942.6658333333335,4324.239683333333,269878.148573841,0.0,326.00184003,0.0,326.00184003,1.0,0.0,0.0,0.0,,1,0.0,0.0,0.0,0.0,0.0,,,barequeros,aluvión con barequeo,0.0,0.0,0.0
05150,Carolina,Antioquia,2024,389.98,3800502.1500000004,4.0,2387.7025,4074.8423916666666,313907.9749326904,0.0,389.98,0.0,389.98,1.0,0.0,0.0,0.0,,1,0.0,0.0,0.0,0.0,0.0,,,barequeros,aluvión con barequeo,0.0,0.0,0.0
05150,Carolina,Antioquia,2025,0.0,0.0,0.0,3441.505833333333,4051.7821666666664,445999.5059239138,0.0,0.0,0.0,0.0,,,0.0,0.0,,0,0.0,0.0,0.0,0.0,0.0,,,barequeros,aluvión con barequeo,1.0,6.0,1.0
05154,Caucasia,Antioquia,2023,11268554.790000001,98412112194.07,4.0,1942.6658333333335,4324.239683333333,269878.148573841,220605.9298131,11087610.0652903,36074.00818834,11344290.003291741,0.977373644544792,0.01944642897431989,29209.0,12267780.0,0.9037992257189402,0,2834.999565,2341.46244983,962.34154962,17.11682213,1855.54119408,0.6545119854648019,41.321531983660265,barequeros,aluvión con barequeo,48.0,16.0,46.0
05154,Caucasia,Antioquia,2024,15381919.9,144164527912.64,4.0,2387.7025,4074.8423916666666,313907.9749326904,2324385.6,12953353.09,102659.95999999999,15380398.65,0.842198787220642,0.15112648591849082,29209.0,12267780.0,1.0558840385138957,0,2834.999565,2341.46244983,962.34154962,17.11682213,1855.54119408,0.6545119854648019,41.321531983660265,barequeros,aluvión con barequeo,9.0,14.0,18.0
05154,Caucasia,Antioquia,2025,8971732.97,124034835525.52,4.0,3441.505833333333,4051.7821666666664,445999.5059239138,206569.86,8761237.42,3925.69,8971732.969999999,0.9765379162862,0.023024521649355333,29209.0,12267780.0,0.7141664930411207,0,2834.999565,2341.46244983,962.34154962,17.11682213,1855.54119408,0.6545119854648019,41.321531983660265,barequeros,aluvión con barequeo,21.0,52.0,47.0
05172,Chigorodo,Antioquia,2023,0.0,0.0,0.0,1942.6658333333335,4324.239683333333,269878.148573841,0.0,0.0,0.0,0.0,,,0.0,0.0,,0,0.0,7.7224069733333325,0.0,0.0,0.0,,-100.0,barequeros,aluvión con barequeo,0.0,0.0,0.0
05172,Chigorodo,Antioquia,2024,0.0,0.0,0.0,2387.7025,4074.8423916666666,313907.9749326904,0.0,0.0,0.0,0.0,,,0.0,0.0,,0,0.0,7.7224069733333325,0.0,0.0,0.0,,-100.0,barequeros,aluvión con barequeo,0.0,0.0,0.0
05172,Chigorodo,Antioquia,2025,70.41,839860.93,1.0,3441.505833333333,4051.7821666666664,445999.5059239138,0.0,70.41,0.0,70.41,1.0,0.0,0.0,0.0,,1,0.0,7.7224069733333325,0.0,0.0,0.0,,-100.0,barequeros,aluvión con barequeo,1.0,0.0,1.0
05190,Cisneros,Antioquia,2023,39645.79,323858889.44,4.0,1942.6658333333335,4324.239683333333,269878.148573841,0.0,39771.252,0.0,39771.252,1.0,0.0,2.0,840.0,47.34672857142857,0,0.0,0.0,0.0,0.0,0.0,,,barequeros,aluvión con barequeo,21.0,8.0,3.0
05190,Cisneros,Antioquia,2024,26241.78,369862944.90999997,4.0,2387.7025,4074.8423916666666,313907.9749326904,0.0,25422.86,818.92,26241.78,0.968793275456162,0.0,2.0,840.0,30.265309523809524,0,0.0,0.0,0.0,0.0,0.0,,,barequeros,aluvión con barequeo,2.0,0.0,0.0
05190,Cisneros,Antioquia,2025,5031.98,1161461214.95,4.0,3441.505833333333,4051.7821666666664,445999.5059239138,0.0,5031.98,0.0,5031.98,1.0,0.0,2.0,840.0,5.99045238095238,0,0.0,0.0,0.0,0.0,0.0,,,barequeros,aluvión con barequeo,2.0,0.0,0.0
05212,Copacabana,Antioquia,2023,0.0,0.0,0.0,1942.6658333333335,4324.239683333333,269878.148573841,0.0,0.0,0.0,0.0,,,0.0,0.0,,0,0.0,0.0,0.0,0.0,0.0,,,títulos,veta / títulos,0.0,0.0,0.0
05212,Copacabana,Antioquia,2024,0.0,263705.92,1.0,2387.7025,4074.8423916666666,313907.9749326904,0.0,0.0,0.0,0.0,,,0.0,0.0,,0,0.0,0.0,0.0,0.0,0.0,,,títulos,veta / títulos,7.0,0.0,2.0
05212,Copacabana,Antioquia,2025,992.1,4236023.41,1.0,3441.505833333333,4051.7821666666664,445999.5059239138,992.1,0.0,0.0,992.1,0.0,1.0,0.0,0.0,,0,0.0,0.0,0.0,0.0,0.0,,,títulos,veta / títulos,9.0,0.0,0.0
05234,Dabeiba,Antioquia,2023,454907.15,3934600081.2,4.0,1942.6658333333335,4324.239683333333,269878.148573841,0.0,453200.24806546,0.0,453200.24806546,1.0,0.0,529.0,222180.0,2.0397886761430373,0,0.0,4.3125,0.0,0.0,0.0,,-100.0,barequeros,aluvión con barequeo,1.0,0.0,0.0
05234,Dabeiba,Antioquia,2024,446419.95999999996,4453735042.280001,4.0,2387.7025,4074.8423916666666,313907.9749326904,0.0,446419.96,0.0,446419.96,1.0,0.0,529.0,222180.0,2.0092715816005042,0,0.0,4.3125,0.0,0.0,0.0,,-100.0,barequeros,aluvión con barequeo,0.0,0.0,0.0
05234,Dabeiba,Antioquia,2025,193451.03000000003,2570945768.36,4.0,3441.505833333333,4051.7821666666664,445999.5059239138,0.0,193451.03,0.0,193451.03,1.0,0.0,529.0,222180.0,0.8706950670627419,0,0.0,4.3125,0.0,0.0,0.0,,-100.0,barequeros,aluvión con barequeo,0.0,0.0,0.0
05237,Don Matias,Antioquia,2023,112.55,801832.98,2.0,1942.6658333333335,4324.239683333333,269878.148573841,0.0,128.79,0.0,128.79,1.0,0.0,0.0,0.0,,1,0.0,0.0,0.0,0.0,0.0,,,títulos,veta / títulos,1.0,2.0,0.0
05237,Don Matias,Antioquia,2024,3703.43,47447112.599999994,3.0,2387.7025,4074.8423916666666,313907.9749326904,3703.43,0.0,0.0,3703.43,0.0,1.0,0.0,0.0,,0,0.0,0.0,0.0,0.0,0.0,,,títulos,veta / títulos,2.0,8.0,0.0
05237,Don Matias,Antioquia,2025,2102.01,55923126.03,4.0,3441.505833333333,4051.7821666666664,445999.5059239138,2102.01,0.0,0.0,2102.01,0.0,1.0,0.0,0.0,,0,0.0,0.0,0.0,0.0,0.0,,,títulos,veta / títulos,2.0,4.0,7.0
05240,Ebejico,Antioquia,2023,292.27,2590319.83,2.0,1942.6658333333335,4324.239683333333,269878.148573841,0.0,292.27,0.0,292.27,1.0,0.0,0.0,0.0,,1,0.0,0.0,0.0,0.0,0.0,,,barequeros,aluvión con barequeo,3.0,0.0,0.0
05240,Ebejico,Antioquia,2024,36.9,302009.82,1.0,2387.7025,4074.8423916666666,313907.9749326904,0.0,36.9,0.0,36.9,1.0,0.0,0.0,0.0,,1,0.0,0.0,0.0,0.0,0.0,,,barequeros,aluvión con barequeo,0.0,0.0,0.0
05240,Ebejico,Antioquia,2025,0.0,0.0,0.0,3441.505833333333,4051.7821666666664,445999.5059239138,0.0,0.0,0.0,0.0,,,0.0,0.0,,0,0.0,0.0,0.0,0.0,0.0,,,barequeros,aluvión con barequeo,0.0,0.0,0.0
05250,El Bagre,Antioquia,2023,5113379.68,31728192092.53,4.0,1942.6658333333335,4324.239683333333,269878.148573841,3069209.07,2216654.55605145,136.81509055,5286000.441142,0.4193443759101462,0.5806297415550197,626.0,262920.0,8.430908854600068,0,5541.274203,4836.061168406667,3016.62137917,0.0,2524.65281717,0.4556087146532424,21.276187025877434,títulos,aluvión con títulos,22.0,6.0,25.0
05250,El Bagre,Antioquia,2024,4162878.33,28940181296.010002,4.0,2387.7025,4074.8423916666666,313907.9749326904,2454811.93,1691232.16,14128.7,4160172.79,0.4065293066829563,0.5900745122656312,626.0,262920.0,6.432497185455651,0,5541.274203,4836.061168406667,3016.62137917,0.0,2524.65281717,0.4556087146532424,21.276187025877434,títulos,aluvión con títulos,0.0,3.0,0.0
05250,El Bagre,Antioquia,2025,3854111.15,27252499031.71,4.0,3441.505833333333,4051.7821666666664,445999.5059239138,2855529.04,998582.11,0.0,3854111.15,0.25909530657931334,0.7409046934206867,626.0,262920.0,3.7980454510877832,0,5541.274203,4836.061168406667,3016.62137917,0.0,2524.65281717,0.4556087146532424,21.276187025877434,títulos,aluvión con títulos,12.0,0.0,41.0
05282,Fredonia,Antioquia,2023,105.81,879703.9400000001,2.0,1942.6658333333335,4324.239683333333,269878.148573841,0.0,105.81,0.0,105.81,1.0,0.0,9.0,3780.0,0.02799206349206349,0,0.0,0.0,0.0,0.0,0.0,,,barequeros,aluvión con barequeo,5.0,0.0,3.0
05282,Fredonia,Antioquia,2024,0.0,0.0,0.0,2387.7025,4074.8423916666666,313907.9749326904,0.0,0.0,0.0,0.0,,,9.0,3780.0,0.0,0,0.0,0.0,0.0,0.0,0.0,,,barequeros,aluvión con barequeo,3.0,7.0,6.0
05282,Fredonia,Antioquia,2025,0.0,0.0,0.0,3441.505833333333,4051.7821666666664,445999.5059239138,0.0,0.0,0.0,0.0,,,9.0,3780.0,0.0,0,0.0,0.0,0.0,0.0,0.0,,,barequeros,aluvión con barequeo,7.0,0.0,20.0
05284,Frontino,Antioquia,2023,975.65,8487783.120000001,4.0,1942.6658333333335,4324.239683333333,269878.148573841,0.0,975.64348428,0.0,975.64348428,1.0,0.0,0.0,0.0,,1,0.0,2.4225,0.0,0.0,0.0,,-100.0,barequeros,aluvión con barequeo,2.0,0.0,4.0
05284,Frontino,Antioquia,2024,9698.46,104715237.77000001,4.0,2387.7025,4074.8423916666666,313907.9749326904,7714.79,1983.67,0.0,9698.46,0.2045345343487523,0.7954654656512478,0.0,0.0,,1,0.0,2.4225,0.0,0.0,0.0,,-100.0,barequeros,aluvión con barequeo,0.0,0.0,0.0
05284,Frontino,Antioquia,2025,14403.98,191131147.97,4.0,3441.505833333333,4051.7821666666664,445999.5059239138,4079.98,10324.0,0.0,14403.98,0.7167463437188888,0.2832536562811112,0.0,0.0,,1,0.0,2.4225,0.0,0.0,0.0,,-100.0,barequeros,aluvión con barequeo,0.0,3.0,1.0
05308,Girardota,Antioquia,2023,3050.9500000000003,39641802.6,4.0,1942.6658333333335,4324.239683333333,269878.148573841,3050.95,0.0,0.0,3050.95,0.0,1.0,2.0,840.0,0.0,0,0.0,0.0,0.0,0.0,0.0,,,títulos,veta / títulos,0.0,11.0,0.0
05308,Girardota,Antioquia,2024,887.29,12962836.17,4.0,2387.7025,4074.8423916666666,313907.9749326904,887.29,0.0,0.0,887.29,0.0,1.0,2.0,840.0,0.0,0,0.0,0.0,0.0,0.0,0.0,,,títulos,veta / títulos,4.0,0.0,0.0
05308,Girardota,Antioquia,2025,1108.57,17139240.53,3.0,3441.505833333333,4051.7821666666664,445999.5059239138,1108.57,0.0,0.0,1108.57,0.0,1.0,2.0,840.0,0.0,0,0.0,0.0,0.0,0.0,0.0,,,títulos,veta / títulos,9.0,18.0,1.0
05310,Gomez Plata,Antioquia,2023,28683.09,248051266.96,4.0,1942.6658333333335,4324.239683333333,269878.148573841,28683.0929,0.0,0.0,28683.0929,0.0,1.0,0.0,0.0,,0,0.0,0.0,0.0,0.0,0.0,,,títulos,veta / títulos,0.0,0.0,0.0
05310,Gomez Plata,Antioquia,2024,9845.92,83992378.4,3.0,2387.7025,4074.8423916666666,313907.9749326904,9845.92,0.0,0.0,9845.92,0.0,1.0,0.0,0.0,,0,0.0,0.0,0.0,0.0,0.0,,,títulos,veta / títulos,0.0,0.0,0.0
05310,Gomez Plata,Antioquia,2025,18037.17,219121642.61,4.0,3441.505833333333,4051.7821666666664,445999.5059239138,18037.17,0.0,0.0,18037.17,0.0,1.0,0.0,0.0,,0,0.0,0.0,0.0,0.0,0.0,,,títulos,veta / títulos,3.0,0.0,6.0
05390,La Pintada,Antioquia,2023,3242.54,28882890.009999998,3.0,1942.6658333333335,4324.239683333333,269878.148573841,0.0,3445.705021,0.0,3445.705021,1.0,0.0,48.0,20160.0,0.17091790778769841,0,0.0,0.0,0.0,0.0,0.0,,,barequeros,aluvión con barequeo,0.0,4.0,2.0
05390,La Pintada,Antioquia,2024,0.0,0.0,0.0,2387.7025,4074.8423916666666,313907.9749326904,0.0,0.0,0.0,0.0,,,48.0,20160.0,0.0,0,0.0,0.0,0.0,0.0,0.0,,,barequeros,aluvión con barequeo,11.0,9.0,14.0
05390,La Pintada,Antioquia,2025,0.0,0.0,0.0,3441.505833333333,4051.7821666666664,445999.5059239138,0.0,0.0,0.0,0.0,,,48.0,20160.0,0.0,0,0.0,0.0,0.0,0.0,0.0,,,barequeros,aluvión con barequeo,31.0,5.0,41.0
05425,Maceo,Antioquia,2023,1499.1399999999999,13856772.360000001,3.0,1942.6658333333335,4324.239683333333,269878.148573841,0.0,0.0,1499.14,1499.14,0.0,0.0,2.0,840.0,0.0,0,17.106193,25.300397993333334,0.0,0.0,17.10619285,0.9999999912312458,,otros,otros,15.0,0.0,27.0
05425,Maceo,Antioquia,2024,207.54,1799181.0,1.0,2387.7025,4074.8423916666666,313907.9749326904,0.0,207.54,0.0,207.54,1.0,0.0,2.0,840.0,0.24707142857142855,0,17.106193,25.300397993333334,0.0,0.0,17.10619285,0.9999999912312458,,otros,otros,3.0,0.0,3.0
05425,Maceo,Antioquia,2025,1469.1999999999998,22034479.34,2.0,3441.505833333333,4051.7821666666664,445999.5059239138,1469.2,0.0,0.0,1469.2,0.0,1.0,2.0,840.0,0.0,0,17.106193,25.300397993333334,0.0,0.0,17.10619285,0.9999999912312458,,otros,otros,1.0,13.0,3.0
05480,Mutata,Antioquia,2023,97.12,875841.69,1.0,1942.6658333333335,4324.239683333333,269878.148573841,0.0,97.12015174,0.0,97.12015174,1.0,0.0,681.0,286020.0,0.00033955720488077753,0,149.737441,158.96874550333334,145.49075378,0.0,4.24668798,0.028360895923151247,-13.259938933736759,barequeros,aluvión con barequeo,0.0,0.0,0.0
05480,Mutata,Antioquia,2024,262373.61,2768569101.62,3.0,2387.7025,4074.8423916666666,313907.9749326904,0.0,262373.61,0.0,262373.61,1.0,0.0,681.0,286020.0,0.9173260960771974,0,149.737441,158.96874550333334,145.49075378,0.0,4.24668798,0.028360895923151247,-13.259938933736759,barequeros,aluvión con barequeo,0.0,0.0,0.0
05480,Mutata,Antioquia,2025,237951.01,3152078369.1,4.0,3441.505833333333,4051.7821666666664,445999.5059239138,0.0,237951.01,0.0,237951.01,1.0,0.0,681.0,286020.0,0.8319383609537795,0,149.737441,158.96874550333334,145.49075378,0.0,4.24668798,0.028360895923151247,-13.259938933736759,barequeros,aluvión con barequeo,0.0,4.0,7.0
05495,Nechi,Antioquia,2023,113671.09,942616678.6400001,4.0,1942.6658333333335,4324.239683333333,269878.148573841,0.0,92074.393574,21596.69399868,113671.08757268,0.8100071490485976,0.0,82.0,34440.0,2.673472519570267,0,8152.449116,7830.24216289,4259.64776275,35.03228203,3857.76907528,0.47320369871536405,7.142634671829318,barequeros,aluvión con barequeo,7.0,0.0,11.0
05495,Nechi,Antioquia,2024,38628.54,1086657795.79,4.0,2387.7025,4074.8423916666666,313907.9749326904,13252.76,25375.78,0.0,38628.54,0.6569179161314406,0.3430820838685594,82.0,34440.0,0.7368112659698025,0,8152.449116,7830.24216289,4259.64776275,35.03228203,3857.76907528,0.47320369871536405,7.142634671829318,barequeros,aluvión con barequeo,6.0,1.0,13.0
05495,Nechi,Antioquia,2025,81876.73,3888387624.92,4.0,3441.505833333333,4051.7821666666664,445999.5059239138,63304.59,17999.69,572.45,81876.73,0.2198388968391874,0.7731694951666975,82.0,34440.0,0.5226390824622531,0,8152.449116,7830.24216289,4259.64776275,35.03228203,3857.76907528,0.47320369871536405,7.142634671829318,barequeros,aluvión con barequeo,37.0,0.0,50.0
05579,Puerto Berrio,Antioquia,2023,297796.38,2603558093.15,4.0,1942.6658333333335,4324.239683333333,269878.148573841,77858.03,194121.90682955,26100.97040025,298080.90722979995,0.6512389828439944,0.26119764168584203,4.0,1680.0,115.54875406520833,0,165.215767,135.71165300333334,23.48932972,0.0,141.72643683,0.8578263406905953,41.53879440994317,barequeros,aluvión con barequeo,38.0,0.0,39.0
05579,Puerto Berrio,Antioquia,2024,185739.37,1739240977.83,4.0,2387.7025,4074.8423916666666,313907.9749326904,79566.81,101411.0,2941.77,183919.58,0.5513877315291825,0.4326173972341607,4.0,1680.0,60.36369047619048,0,165.215767,135.71165300333334,23.48932972,0.0,141.72643683,0.8578263406905953,41.53879440994317,barequeros,aluvión con barequeo,24.0,0.0,21.0
05579,Puerto Berrio,Antioquia,2025,122311.06,1602726002.87,4.0,3441.505833333333,4051.7821666666664,445999.5059239138,102172.65,18990.49,0.0,121163.14,0.15673487828063884,0.8432651217193612,4.0,1680.0,11.303863095238096,0,165.215767,135.71165300333334,23.48932972,0.0,141.72643683,0.8578263406905953,41.53879440994317,barequeros,aluvión con barequeo,9.0,28.0,14.0
05585,Puerto Nare,Antioquia,2023,131854.05,1155560509.1,4.0,1942.6658333333335,4324.239683333333,269878.148573841,0.0,131854.04576316,0.0,131854.04576316,1.0,0.0,231.0,97020.0,1.3590398450129868,0,196.302924,171.10957732333335,1.2825,0.0,195.02042439,0.993466732008536,21.190172137233134,barequeros,aluvión con barequeo,21.0,2.0,23.0
05585,Puerto Nare,Antioquia,2024,123624.16,1176642889.0,4.0,2387.7025,4074.8423916666666,313907.9749326904,0.0,123624.16,0.0,123624.16,1.0,0.0,231.0,97020.0,1.2742131519274378,0,196.302924,171.10957732333335,1.2825,0.0,195.02042439,0.993466732008536,21.190172137233134,barequeros,aluvión con barequeo,12.0,6.0,24.0
05585,Puerto Nare,Antioquia,2025,127737.55000000002,1702909455.8,4.0,3441.505833333333,4051.7821666666664,445999.5059239138,0.0,127737.55,0.0,127737.55,1.0,0.0,231.0,97020.0,1.3166104926819213,0,196.302924,171.10957732333335,1.2825,0.0,195.02042439,0.993466732008536,21.190172137233134,barequeros,aluvión con barequeo,10.0,3.0,2.0
05604,Remedios,Antioquia,2023,3237675.51,25371857787.25,4.0,1942.6658333333335,4324.239683333333,269878.148573841,2910749.07947362,322974.04904523,324.29173767,3234047.4202565197,0.09986682539726402,0.9000329003347587,1878.0,788760.0,0.4094706235676631,0,1536.100696,1743.9053237966666,386.17499303,109.24659679,1040.67910591,0.6774810457543078,-30.520284183675926,títulos,aluvión con títulos,30.0,67.0,42.0
05604,Remedios,Antioquia,2024,2243942.4299999997,22348970981.32,4.0,2387.7025,4074.8423916666666,313907.9749326904,2129456.67,110840.56,3645.2,2243942.43,0.04939545619269742,0.9489800814542286,1878.0,788760.0,0.14052507733657893,0,1536.100696,1743.9053237966666,386.17499303,109.24659679,1040.67910591,0.6774810457543078,-30.520284183675926,títulos,aluvión con títulos,90.0,61.0,63.0
05604,Remedios,Antioquia,2025,2275230.5300000003,31932734794.03,4.0,3441.505833333333,4051.7821666666664,445999.5059239138,1625164.16,649520.73,545.64,2275230.53,0.28547468989878577,0.7142854926441234,1878.0,788760.0,0.8234706754906436,0,1536.100696,1743.9053237966666,386.17499303,109.24659679,1040.67910591,0.6774810457543078,-30.520284183675926,títulos,aluvión con títulos,109.0,23.0,77.0
05667,San Rafael,Antioquia,2023,2667.86,21151113.91,1.0,1942.6658333333335,4324.239683333333,269878.148573841,0.0,2667.86,0.0,2667.86,1.0,0.0,136.0,57120.0,0.0467062324929972,0,0.0,0.0,0.0,0.0,0.0,,,barequeros,aluvión con barequeo,0.0,0.0,4.0
05667,San Rafael,Antioquia,2024,29212.410000000003,302505968.07,3.0,2387.7025,4074.8423916666666,313907.9749326904,0.0,29212.41,0.0,29212.41,1.0,0.0,136.0,57120.0,0.511421743697479,0,0.0,0.0,0.0,0.0,0.0,,,barequeros,aluvión con barequeo,3.0,0.0,2.0
05667,San Rafael,Antioquia,2025,3045.11,36181273.12,1.0,3441.505833333333,4051.7821666666664,445999.5059239138,0.0,3045.11,0.0,3045.11,1.0,0.0,136.0,57120.0,0.05331074929971989,0,0.0,0.0,0.0,0.0,0.0,,,barequeros,aluvión con barequeo,2.0,0.0,3.0
05670,San Roque,Antioquia,2023,46474.979999999996,402205533.73,4.0,1942.6658333333335,4324.239683333333,269878.148573841,10629.373,0.0,35845.60999999999,46474.98299999999,0.0,0.2287117135685666,1.0,420.0,0.0,0,10.975335,5.605585473333332,4.16767991,3.1275,3.68015459,0.3353113677167941,,otros,otros,310.0,2.0,54.0
05670,San Roque,Antioquia,2024,61201.41,605814485.46,4.0,2387.7025,4074.8423916666666,313907.9749326904,4610.96,0.0,56590.45,61201.409999999996,0.0,0.07534074786839062,1.0,420.0,0.0,0,10.975335,5.605585473333332,4.16767991,3.1275,3.68015459,0.3353113677167941,,otros,otros,76.0,6.0,59.0
05670,San Roque,Antioquia,2025,96650.41,1521235130.06,4.0,3441.505833333333,4051.7821666666664,445999.5059239138,8403.53,0.0,88246.88,96650.41,0.0,0.08694769116861481,1.0,420.0,0.0,0,10.975335,5.605585473333332,4.16767991,3.1275,3.68015459,0.3353113677167941,,otros,otros,250.0,1.0,79.0
05674,San Vicente,Antioquia,2023,0.0,0.0,0.0,1942.6658333333335,4324.239683333333,269878.148573841,0.0,0.0,0.0,0.0,,,0.0,0.0,,0,0.0,0.0,0.0,0.0,0.0,,,títulos,veta / títulos,0.0,6.0,0.0
05674,San Vicente,Antioquia,2024,68.4,493653.94,2.0,2387.7025,4074.8423916666666,313907.9749326904,68.4,0.0,0.0,68.4,0.0,1.0,0.0,0.0,,0,0.0,0.0,0.0,0.0,0.0,,,títulos,veta / títulos,0.0,5.0,0.0
05674,San Vicente,Antioquia,2025,0.0,0.0,0.0,3441.505833333333,4051.7821666666664,445999.5059239138,0.0,0.0,0.0,0.0,,,0.0,0.0,,0,0.0,0.0,0.0,0.0,0.0,,,títulos,veta / títulos,3.0,6.0,2.0
05686,Santa Rosa de Osos,Antioquia,2023,17191.129999999997,151170581.07,4.0,1942.6658333333335,4324.239683333333,269878.148573841,17764.63,49.93,0.0,17814.56,0.0028027635821485345,0.9971972364178514,8.0,3360.0,0.014860119047619047,0,0.0,0.0,0.0,0.0,0.0,,,títulos,veta / títulos,0.0,0.0,0.0
05686,Santa Rosa de Osos,Antioquia,2024,88995.5,989810010.94,4.0,2387.7025,4074.8423916666666,313907.9749326904,88995.5,0.0,0.0,88995.5,0.0,1.0,8.0,3360.0,0.0,0,0.0,0.0,0.0,0.0,0.0,,,títulos,veta / títulos,0.0,0.0,0.0
05686,Santa Rosa de Osos,Antioquia,2025,402723.37,5533259667.81,4.0,3441.505833333333,4051.7821666666664,445999.5059239138,402723.37,0.0,0.0,402723.37,0.0,1.0,8.0,3360.0,0.0,0,0.0,0.0,0.0,0.0,0.0,,,títulos,veta / títulos,8.0,27.0,5.0
05690,Santo Domingo,Antioquia,2023,889857.09,7748815635.389999,4.0,1942.6658333333335,4324.239683333333,269878.148573841,925928.56,3102.27,2489.57,931520.4,0.003330329641734094,0.99399708261891,4.0,1680.0,1.8465892857142856,0,9.60232,3.35363286,0.62070861,0.0,8.98161148,0.9353584841996516,,títulos,veta / títulos,23.0,11.0,4.0
05690,Santo Domingo,Antioquia,2024,992406.64,9310802589.3,4.0,2387.7025,4074.8423916666666,313907.9749326904,987343.49,0.0,5063.15,992406.64,0.0,0.9948981095088199,4.0,1680.0,0.0,0,9.60232,3.35363286,0.62070861,0.0,8.98161148,0.9353584841996516,,títulos,veta / títulos,24.0,3.0,15.0
05690,Santo Domingo,Antioquia,2025,1067697.7,12884200921.74,4.0,3441.505833333333,4051.7821666666664,445999.5059239138,1057410.87,0.0,10286.83,1067697.7000000002,0.0,0.9903654096098549,4.0,1680.0,0.0,0,9.60232,3.35363286,0.62070861,0.0,8.98161148,0.9353584841996516,,títulos,veta / títulos,10.0,12.0,4.0
05736,Segovia,Antioquia,2023,5500890.26,8840949270.6,4.0,1942.6658333333335,4324.239683333333,269878.148573841,5064486.3712367,435717.61066439,879.38,5501083.36190109,0.07920578220683658,0.9206343620080121,154.0,64680.0,6.736512224248455,0,1498.619366,1577.12294541,530.8335435500001,22.67151275,945.11431075,0.630656677867861,-19.641067894519292,títulos,aluvión con títulos,12.0,52.0,8.0
05736,Segovia,Antioquia,2024,4511108.52,8324162707.69,4.0,2387.7025,4074.8423916666666,313907.9749326904,4465617.17,45491.35,0.0,4511108.52,0.010084295201127195,0.9899157047988729,154.0,64680.0,0.7033294681508967,0,1498.619366,1577.12294541,530.8335435500001,22.67151275,945.11431075,0.630656677867861,-19.641067894519292,títulos,aluvión con títulos,54.0,12.0,16.0
05736,Segovia,Antioquia,2025,6811817.96,9466202951.57,4.0,3441.505833333333,4051.7821666666664,445999.5059239138,6639941.31,171876.65,0.0,6811817.96,0.025232126138614544,0.9747678738613854,154.0,64680.0,2.6573384353741494,0,1498.619366,1577.12294541,530.8335435500001,22.67151275,945.11431075,0.630656677867861,-19.641067894519292,títulos,aluvión con títulos,82.0,52.0,33.0
05756,Sonson,Antioquia,2023,0.0,0.0,0.0,1942.6658333333335,4324.239683333333,269878.148573841,0.0,0.0,0.0,0.0,,,0.0,0.0,,0,263.489919,259.68497300999996,100.73897884,0.0,162.75093685,0.6176742452526238,-5.199845651528645,sin declaración,huella sin declaración,0.0,2.0,0.0
05756,Sonson,Antioquia,2024,0.0,0.0,0.0,2387.7025,4074.8423916666666,313907.9749326904,0.0,0.0,0.0,0.0,,,0.0,0.0,,0,263.489919,259.68497300999996,100.73897884,0.0,162.75093685,0.6176742452526238,-5.199845651528645,sin declaración,huella sin declaración,2.0,0.0,2.0
05756,Sonson,Antioquia,2025,0.0,0.0,0.0,3441.505833333333,4051.7821666666664,445999.5059239138,0.0,0.0,0.0,0.0,,,0.0,0.0,,0,263.489919,259.68497300999996,100.73897884,0.0,162.75093685,0.6176742452526238,-5.199845651528645,sin declaración,huella sin declaración,8.0,0.0,1.0
05790,Taraza,Antioquia,2023,205520.86000000002,2504877157.58,4.0,1942.6658333333335,4324.239683333333,269878.148573841,150550.73,18772.93,36197.2,205520.86,0.09134318530975397,0.732532600340423,12.0,5040.0,3.7247876984126984,0,1844.677185,1618.64261008,275.24415098,295.44130083,1273.99173028,0.6906312609270981,21.470892255354723,títulos,aluvión con títulos,0.0,0.0,0.0
05790,Taraza,Antioquia,2024,130211.59000000001,1914472504.21,4.0,2387.7025,4074.8423916666666,313907.9749326904,122655.68,6569.34,986.5699999999999,130211.59,0.05045126935321195,0.9419720625483492,12.0,5040.0,1.3034404761904763,0,1844.677185,1618.64261008,275.24415098,295.44130083,1273.99173028,0.6906312609270981,21.470892255354723,títulos,aluvión con títulos,0.0,0.0,0.0
05790,Taraza,Antioquia,2025,155643.73,3069471902.3599997,4.0,3441.505833333333,4051.7821666666664,445999.5059239138,134711.29,18472.81,2459.63,155643.73,0.11868650282282492,0.8655105477104668,12.0,5040.0,3.6652400793650797,0,1844.677185,1618.64261008,275.24415098,295.44130083,1273.99173028,0.6906312609270981,21.470892255354723,títulos,aluvión con títulos,0.0,0.0,0.0
05809,Titiribi,Antioquia,2023,0.0,0.0,0.0,1942.6658333333335,4324.239683333333,269878.148573841,0.0,0.0,0.0,0.0,,,0.0,0.0,,0,0.0,0.0,0.0,0.0,0.0,,,títulos,veta / títulos,0.0,0.0,0.0
05809,Titiribi,Antioquia,2024,0.0,0.0,0.0,2387.7025,4074.8423916666666,313907.9749326904,0.0,0.0,0.0,0.0,,,0.0,0.0,,0,0.0,0.0,0.0,0.0,0.0,,,títulos,veta / títulos,0.0,0.0,0.0
05809,Titiribi,Antioquia,2025,11546.59,170026169.99,2.0,3441.505833333333,4051.7821666666664,445999.5059239138,11546.59,0.0,0.0,11546.59,0.0,1.0,0.0,0.0,,0,0.0,0.0,0.0,0.0,0.0,,,títulos,veta / títulos,0.0,0.0,0.0
05854,Valdivia,Antioquia,2023,0.0,0.0,0.0,1942.6658333333335,4324.239683333333,269878.148573841,0.0,0.0,0.0,0.0,,,20.0,8400.0,0.0,0,368.675084,376.3090232833333,0.0,68.41065807,300.26442792,0.814441878366806,-4.300622037186697,sin declaración,huella sin declaración,0.0,0.0,0.0
05854,Valdivia,Antioquia,2024,0.0,0.0,0.0,2387.7025,4074.8423916666666,313907.9749326904,0.0,0.0,0.0,0.0,,,20.0,8400.0,0.0,0,368.675084,376.3090232833333,0.0,68.41065807,300.26442792,0.814441878366806,-4.300622037186697,sin declaración,huella sin declaración,0.0,0.0,1.0
05854,Valdivia,Antioquia,2025,0.0,0.0,0.0,3441.505833333333,4051.7821666666664,445999.5059239138,0.0,0.0,0.0,0.0,,,20.0,8400.0,0.0,0,368.675084,376.3090232833333,0.0,68.41065807,300.26442792,0.814441878366806,-4.300622037186697,sin declaración,huella sin declaración,0.0,0.0,1.0
05856,Valparaiso - Antioquia,Antioquia,2023,93.01,772696.54,1.0,1942.6658333333335,4324.239683333333,269878.148573841,0.0,93.01,0.0,93.01,1.0,0.0,0.0,0.0,,1,0.0,0.0,0.0,0.0,0.0,,,títulos,veta / títulos,0.0,11.0,1.0
05856,Valparaiso - Antioquia,Antioquia,2024,0.0,0.0,0.0,2387.7025,4074.8423916666666,313907.9749326904,0.0,0.0,0.0,0.0,,,0.0,0.0,,0,0.0,0.0,0.0,0.0,0.0,,,títulos,veta / títulos,4.0,0.0,2.0
05856,Valparaiso - Antioquia,Antioquia,2025,670.19,7969935.05,1.0,3441.505833333333,4051.7821666666664,445999.5059239138,670.19,0.0,0.0,670.19,0.0,1.0,0.0,0.0,,0,0.0,0.0,0.0,0.0,0.0,,,títulos,veta / títulos,2.0,0.0,10.0
05858,Vegachi,Antioquia,2023,4343856.32,37571784709.77,4.0,1942.6658333333335,4324.239683333333,269878.148573841,0.0,4343933.48872569,0.0,4343933.48872569,1.0,0.0,0.0,0.0,,1,349.993766,345.8286328466667,188.31393782,0.0,161.6798252,0.4619505857141467,-2.8729812200732563,barequeros,aluvión con barequeo,4.0,0.0,7.0
05858,Vegachi,Antioquia,2024,1589419.11,13760240218.84,4.0,2387.7025,4074.8423916666666,313907.9749326904,0.0,1589419.11,0.0,1589419.11,1.0,0.0,0.0,0.0,,1,349.993766,345.8286328466667,188.31393782,0.0,161.6798252,0.4619505857141467,-2.8729812200732563,barequeros,aluvión con barequeo,2.0,0.0,2.0
05858,Vegachi,Antioquia,2025,200868.32,1704954407.98,4.0,3441.505833333333,4051.7821666666664,445999.5059239138,0.0,200868.32,0.0,200868.32,1.0,0.0,0.0,0.0,,1,349.993766,345.8286328466667,188.31393782,0.0,161.6798252,0.4619505857141467,-2.8729812200732563,barequeros,aluvión con barequeo,2.0,0.0,0.0
05861,Venecia - Antioquia,Antioquia,2023,98.9,781763.4,1.0,1942.6658333333335,4324.239683333333,269878.148573841,0.0,98.9,0.0,98.9,1.0,0.0,2.0,840.0,0.11773809523809524,0,0.0,0.0,0.0,0.0,0.0,,,barequeros,aluvión con barequeo,0.0,0.0,0.0
05861,Venecia - Antioquia,Antioquia,2024,0.0,0.0,0.0,2387.7025,4074.8423916666666,313907.9749326904,0.0,0.0,0.0,0.0,,,2.0,840.0,0.0,0,0.0,0.0,0.0,0.0,0.0,,,barequeros,aluvión con barequeo,9.0,16.0,30.0
05861,Venecia - Antioquia,Antioquia,2025,0.0,0.0,0.0,3441.505833333333,4051.7821666666664,445999.5059239138,0.0,0.0,0.0,0.0,,,2.0,840.0,0.0,0,0.0,0.0,0.0,0.0,0.0,,,barequeros,aluvión con barequeo,0.0,0.0,0.0
05873,Vigia del Fuerte,Antioquia,2023,0.0,0.0,0.0,1942.6658333333335,4324.239683333333,269878.148573841,0.0,0.0,0.0,0.0,,,0.0,0.0,,0,67.056191,75.03206368000001,0.0,0.0,67.05619229999999,1.0,-25.287662207084704,sin declaración,huella sin declaración,0.0,0.0,0.0
05873,Vigia del Fuerte,Antioquia,2024,0.0,0.0,0.0,2387.7025,4074.8423916666666,313907.9749326904,0.0,0.0,0.0,0.0,,,0.0,0.0,,0,67.056191,75.03206368000001,0.0,0.0,67.05619229999999,1.0,-25.287662207084704,sin declaración,huella sin declaración,0.0,0.0,0.0
05873,Vigia del Fuerte,Antioquia,2025,0.0,0.0,0.0,3441.505833333333,4051.7821666666664,445999.5059239138,0.0,0.0,0.0,0.0,,,0.0,0.0,,0,67.056191,75.03206368000001,0.0,0.0,67.05619229999999,1.0,-25.287662207084704,sin declaración,huella sin declaración,0.0,0.0,1.0
05885,Yali,Antioquia,2023,14849.47,174972527.85999998,3.0,1942.6658333333335,4324.239683333333,269878.148573841,2474.5,6194.71620311,6778.31,15447.52620311,0.40101671436963404,0.1601874609218541,300.0,126000.0,0.04916441431039682,0,110.497674,83.10551974666667,6.68279894,0.0,103.81487411,0.9395208998698018,77.54886739730851,barequeros,aluvión con barequeo,19.0,0.0,19.0
05885,Yali,Antioquia,2024,1069467.97,11432762888.08,2.0,2387.7025,4074.8423916666666,313907.9749326904,0.0,1069467.97,0.0,1069467.97,1.0,0.0,300.0,126000.0,8.487841031746031,0,110.497674,83.10551974666667,6.68279894,0.0,103.81487411,0.9395208998698018,77.54886739730851,barequeros,aluvión con barequeo,5.0,0.0,7.0
05885,Yali,Antioquia,2025,436467.39,5494252678.14,4.0,3441.505833333333,4051.7821666666664,445999.5059239138,0.0,436467.39,0.0,436467.39,1.0,0.0,300.0,126000.0,3.464026904761905,0,110.497674,83.10551974666667,6.68279894,0.0,103.81487411,0.9395208998698018,77.54886739730851,barequeros,aluvión con barequeo,9.0,0.0,13.0
05887,Yarumal,Antioquia,2023,0.0,0.0,0.0,1942.6658333333335,4324.239683333333,269878.148573841,0.0,0.0,0.0,0.0,,,31.0,13020.0,0.0,0,0.0,0.0,0.0,0.0,0.0,,,barequeros,aluvión con barequeo,0.0,2.0,1.0
05887,Yarumal,Antioquia,2024,0.0,0.0,0.0,2387.7025,4074.8423916666666,313907.9749326904,0.0,0.0,0.0,0.0,,,31.0,13020.0,0.0,0,0.0,0.0,0.0,0.0,0.0,,,barequeros,aluvión con barequeo,0.0,7.0,0.0
05887,Yarumal,Antioquia,2025,294.5,3836632.25,1.0,3441.505833333333,4051.7821666666664,445999.5059239138,0.0,294.5,0.0,294.5,1.0,0.0,31.0,13020.0,0.02261904761904762,0,0.0,0.0,0.0,0.0,0.0,,,barequeros,aluvión con barequeo,0.0,0.0,0.0
05890,Yolombo,Antioquia,2023,38549.96,350584686.32,4.0,1942.6658333333335,4324.239683333333,269878.148573841,187.16,36649.72661747,1713.07,38549.95661747,0.9507073375242435,0.004854998978525002,5.0,2100.0,17.45225077022381,0,18.893481,10.64986526,0.0,0.0,18.89348145,1.0,723.2729095248155,barequeros,aluvión con barequeo,31.0,3.0,9.0
05890,Yolombo,Antioquia,2024,4715.71,59791000.81999999,4.0,2387.7025,4074.8423916666666,313907.9749326904,0.0,734.76,3980.95,4715.71,0.15581110797737774,0.0,5.0,2100.0,0.3498857142857143,0,18.893481,10.64986526,0.0,0.0,18.89348145,1.0,723.2729095248155,barequeros,aluvión con barequeo,34.0,15.0,24.0
05890,Yolombo,Antioquia,2025,5095.4,84900705.13,4.0,3441.505833333333,4051.7821666666664,445999.5059239138,126.4,80.46,4888.54,5095.4,0.015790713192291087,0.024806688385602703,5.0,2100.0,0.03831428571428571,0,18.893481,10.64986526,0.0,0.0,18.89348145,1.0,723.2729095248155,barequeros,aluvión con barequeo,24.0,0.0,10.0
05893,Yondo,Antioquia,2023,0.0,0.0,0.0,1942.6658333333335,4324.239683333333,269878.148573841,0.0,0.0,0.0,0.0,,,0.0,0.0,,0,184.862216,202.45544527333334,0.0,51.57200539,133.2902096,0.721024623008955,-21.132241471416535,sin declaración,huella sin declaración,0.0,0.0,0.0
05893,Yondo,Antioquia,2024,0.0,0.0,0.0,2387.7025,4074.8423916666666,313907.9749326904,0.0,0.0,0.0,0.0,,,0.0,0.0,,0,184.862216,202.45544527333334,0.0,51.57200539,133.2902096,0.721024623008955,-21.132241471416535,sin declaración,huella sin declaración,2.0,0.0,0.0
05893,Yondo,Antioquia,2025,0.0,0.0,0.0,3441.505833333333,4051.7821666666664,445999.5059239138,0.0,0.0,0.0,0.0,,,0.0,0.0,,0,184.862216,202.45544527333334,0.0,51.57200539,133.2902096,0.721024623008955,-21.132241471416535,sin declaración,huella sin declaración,0.0,0.0,2.0
05895,Zaragoza,Antioquia,2023,1060446.1099999999,8980194131.16,4.0,1942.6658333333335,4324.239683333333,269878.148573841,1026827.78,37717.74792464,0.0,1064545.52792464,0.035430845309332853,0.9645691546906671,5.0,2100.0,17.960832345066667,0,8668.760189,8062.175833323334,5418.26436875,218.29404941,3032.20176807,0.3497849406328755,10.164195625052574,títulos,aluvión con títulos,5.0,0.0,8.0
05895,Zaragoza,Antioquia,2024,744460.13,7255476415.41,4.0,2387.7025,4074.8423916666666,313907.9749326904,736967.95,7226.73,0.0,744194.6799999999,0.009710805780014445,0.9902891942199856,5.0,2100.0,3.4412999999999996,0,8668.760189,8062.175833323334,5418.26436875,218.29404941,3032.20176807,0.3497849406328755,10.164195625052574,títulos,aluvión con títulos,0.0,0.0,0.0
05895,Zaragoza,Antioquia,2025,691642.87,10286642440.89,4.0,3441.505833333333,4051.7821666666664,445999.5059239138,691642.87,0.0,0.0,691642.87,0.0,1.0,5.0,2100.0,0.0,0,8668.760189,8062.175833323334,5418.26436875,218.29404941,3032.20176807,0.3497849406328755,10.164195625052574,títulos,aluvión con títulos,5.0,0.0,68.0
13006,Achi,Bolívar,2023,562952.61,4897709014.4,4.0,1942.6658333333335,4324.239683333333,269878.148573841,0.0,567300.28,0.0,567300.28,1.0,0.0,1992.0,836640.0,0.6780697552113215,0,0.0,0.0,0.0,0.0,0.0,,,barequeros,aluvión con barequeo,0.0,0.0,6.0
13006,Achi,Bolívar,2024,151860.65,1522382867.88,4.0,2387.7025,4074.8423916666666,313907.9749326904,0.0,151860.65,0.0,151860.65,1.0,0.0,1992.0,836640.0,0.18151253824823102,0,0.0,0.0,0.0,0.0,0.0,,,barequeros,aluvión con barequeo,0.0,0.0,1.0
13006,Achi,Bolívar,2025,548655.05,7469595077.75,4.0,3441.505833333333,4051.7821666666664,445999.5059239138,0.0,548655.05,0.0,548655.05,1.0,0.0,1992.0,836640.0,0.6557839094473131,0,0.0,0.0,0.0,0.0,0.0,,,barequeros,aluvión con barequeo,0.0,0.0,0.0
13030,Altos del Rosario,Bolívar,2023,25349.11,202916952.83,2.0,1942.6658333333335,4324.239683333333,269878.148573841,0.0,25349.112,0.0,25349.112,1.0,0.0,0.0,0.0,,1,8.758084,13.478785179999997,0.70323086,0.0,8.05485324,0.9197049537318893,-26.695258422264068,barequeros,aluvión con barequeo,0.0,0.0,0.0
13030,Altos del Rosario,Bolívar,2024,0.0,0.0,0.0,2387.7025,4074.8423916666666,313907.9749326904,0.0,0.0,0.0,0.0,,,0.0,0.0,,0,8.758084,13.478785179999997,0.70323086,0.0,8.05485324,0.9197049537318893,-26.695258422264068,barequeros,aluvión con barequeo,0.0,0.0,0.0
13030,Altos del Rosario,Bolívar,2025,0.0,0.0,0.0,3441.505833333333,4051.7821666666664,445999.5059239138,0.0,0.0,0.0,0.0,,,0.0,0.0,,0,8.758084,13.478785179999997,0.70323086,0.0,8.05485324,0.9197049537318893,-26.695258422264068,barequeros,aluvión con barequeo,1.0,0.0,0.0
13042,Arenal,Bolívar,2023,173767.85,1511867383.08,4.0,1942.6658333333335,4324.239683333333,269878.148573841,102957.498306,102.4,70707.95999999999,173767.85830599998,0.0005892919496059891,0.5925002431962701,0.0,0.0,,1,50.932608,51.770036000000005,0.0,0.0,50.93260713,0.9999999829186049,3.9334925007652233,títulos,aluvión con títulos,0.0,0.0,0.0
13042,Arenal,Bolívar,2024,253886.25,2261138446.0,4.0,2387.7025,4074.8423916666666,313907.9749326904,134253.7,0.0,119632.55,253886.25,0.0,0.528794686596852,0.0,0.0,,0,50.932608,51.770036000000005,0.0,0.0,50.93260713,0.9999999829186049,3.9334925007652233,títulos,aluvión con títulos,0.0,0.0,0.0
13042,Arenal,Bolívar,2025,115682.62999999999,1583401614.6999998,4.0,3441.505833333333,4051.7821666666664,445999.5059239138,110680.07,0.0,5002.56,115682.63,0.0,0.9567561698761518,0.0,0.0,,0,50.932608,51.770036000000005,0.0,0.0,50.93260713,0.9999999829186049,3.9334925007652233,títulos,aluvión con títulos,0.0,0.0,0.0
13074,Barranco de Loba,Bolívar,2023,88376.57,776459899.74,4.0,1942.6658333333335,4324.239683333333,269878.148573841,16236.895324,69300.97067849,2838.72,88376.58600249,0.784155326802706,0.18372394837182923,1516.0,636720.0,0.10884057463012,0,340.16442,278.80471269333333,135.39261744,6.87347441,197.89832687,0.5817725641911637,67.39169091147023,barequeros,aluvión con barequeo,0.0,0.0,0.0
13074,Barranco de Loba,Bolívar,2024,291166.71,3027257476.59,4.0,2387.7025,4074.8423916666666,313907.9749326904,0.0,285368.76,0.0,285368.76,1.0,0.0,1516.0,636720.0,0.44818563889935925,0,340.16442,278.80471269333333,135.39261744,6.87347441,197.89832687,0.5817725641911637,67.39169091147023,barequeros,aluvión con barequeo,0.0,0.0,0.0
13074,Barranco de Loba,Bolívar,2025,385461.45,5094368149.22,4.0,3441.505833333333,4051.7821666666664,445999.5059239138,1280.39,384181.06,0.0,385461.45,0.9966782929914262,0.00332170700857375,1516.0,636720.0,0.6033752041713784,0,340.16442,278.80471269333333,135.39261744,6.87347441,197.89832687,0.5817725641911637,67.39169091147023,barequeros,aluvión con barequeo,0.0,0.0,0.0
13212,Cordoba - Bolivar,Bolívar,2023,485617.06,4224352249.65,4.0,1942.6658333333335,4324.239683333333,269878.148573841,0.0,485617.05191013,0.0,485617.05191013,1.0,0.0,0.0,0.0,,1,0.0,0.0,0.0,0.0,0.0,,,barequeros,aluvión con barequeo,0.0,0.0,0.0
13212,Cordoba - Bolivar,Bolívar,2024,23711.73,195233412.5,1.0,2387.7025,4074.8423916666666,313907.9749326904,0.0,23711.73,0.0,23711.73,1.0,0.0,0.0,0.0,,1,0.0,0.0,0.0,0.0,0.0,,,barequeros,aluvión con barequeo,0.0,0.0,0.0
13212,Cordoba - Bolivar,Bolívar,2025,23462.05,193997495.03,1.0,3441.505833333333,4051.7821666666664,445999.5059239138,0.0,23462.05,0.0,23462.05,1.0,0.0,0.0,0.0,,1,0.0,0.0,0.0,0.0,0.0,,,barequeros,aluvión con barequeo,0.0,0.0,0.0
13244,El Carmen de Bolivar,Bolívar,2023,106.92,922030.55,2.0,1942.6658333333335,4324.239683333333,269878.148573841,0.0,106.92,0.0,106.92,1.0,0.0,0.0,0.0,,1,0.0,0.0,0.0,0.0,0.0,,,barequeros,aluvión con barequeo,1.0,0.0,0.0
13244,El Carmen de Bolivar,Bolívar,2024,54.66,447367.39,1.0,2387.7025,4074.8423916666666,313907.9749326904,0.0,54.66,0.0,54.66,1.0,0.0,0.0,0.0,,1,0.0,0.0,0.0,0.0,0.0,,,barequeros,aluvión con barequeo,2.0,0.0,0.0
13244,El Carmen de Bolivar,Bolívar,2025,0.0,0.0,0.0,3441.505833333333,4051.7821666666664,445999.5059239138,0.0,0.0,0.0,0.0,,,0.0,0.0,,0,0.0,0.0,0.0,0.0,0.0,,,barequeros,aluvión con barequeo,0.0,0.0,0.0
13300,Hatillo de Loba,Bolívar,2023,18397.69,166993542.12,4.0,1942.6658333333335,4324.239683333333,269878.148573841,0.0,9169.36745526,10227.33,19396.69745526,0.4727282815236905,0.0,2.0,840.0,10.915913637214286,0,0.0,0.0,0.0,0.0,0.0,,,títulos,veta / títulos,0.0,0.0,0.0
13300,Hatillo de Loba,Bolívar,2024,3855.12,36074494.03,4.0,2387.7025,4074.8423916666666,313907.9749326904,0.0,3855.12,0.0,3855.12,1.0,0.0,2.0,840.0,4.589428571428571,0,0.0,0.0,0.0,0.0,0.0,,,títulos,veta / títulos,5.0,0.0,0.0
13300,Hatillo de Loba,Bolívar,2025,14257.96,193165130.9,4.0,3441.505833333333,4051.7821666666664,445999.5059239138,14139.46,118.5,0.0,14257.96,0.008311146896189918,0.99168885310381,2.0,840.0,0.14107142857142857,0,0.0,0.0,0.0,0.0,0.0,,,títulos,veta / títulos,3.0,0.0,0.0
13430,Magangue,Bolívar,2023,5183.65,39480195.52,2.0,1942.6658333333335,4324.239683333333,269878.148573841,0.0,5198.2998797,0.0,5198.2998797,1.0,0.0,0.0,0.0,,1,0.0,0.0,0.0,0.0,0.0,,,barequeros,aluvión con barequeo,5.0,0.0,2.0
13430,Magangue,Bolívar,2024,52.9,511383.92,1.0,2387.7025,4074.8423916666666,313907.9749326904,0.0,52.9,0.0,52.9,1.0,0.0,0.0,0.0,,1,0.0,0.0,0.0,0.0,0.0,,,barequeros,aluvión con barequeo,29.0,2.0,2.0
13430,Magangue,Bolívar,2025,0.0,0.0,0.0,3441.505833333333,4051.7821666666664,445999.5059239138,0.0,0.0,0.0,0.0,,,0.0,0.0,,0,0.0,0.0,0.0,0.0,0.0,,,barequeros,aluvión con barequeo,44.0,0.0,1.0
13440,Margarita,Bolívar,2023,1570.02,11727611.040000001,2.0,1942.6658333333335,4324.239683333333,269878.148573841,0.0,1584.9855,0.0,1584.9855,1.0,0.0,0.0,0.0,,1,0.0,0.0,0.0,0.0,0.0,,,barequeros,aluvión con barequeo,0.0,0.0,0.0
13440,Margarita,Bolívar,2024,0.0,0.0,0.0,2387.7025,4074.8423916666666,313907.9749326904,0.0,0.0,0.0,0.0,,,0.0,0.0,,0,0.0,0.0,0.0,0.0,0.0,,,barequeros,aluvión con barequeo,0.0,0.0,0.0
13440,Margarita,Bolívar,2025,0.0,0.0,0.0,3441.505833333333,4051.7821666666664,445999.5059239138,0.0,0.0,0.0,0.0,,,0.0,0.0,,0,0.0,0.0,0.0,0.0,0.0,,,barequeros,aluvión con barequeo,1.0,0.0,0.0
13458,Montecristo,Bolívar,2023,1017903.0,8828595612.84,4.0,1942.6658333333335,4324.239683333333,269878.148573841,690896.4434,0.0,327006.57,1017903.0134,0.0,0.6787448649869573,0.0,0.0,,0,1825.055257,1951.5381414466665,159.48942418,0.24648379,1665.31936118,0.9124761317733625,-25.530440801105104,títulos,aluvión con títulos,11.0,0.0,12.0
13458,Montecristo,Bolívar,2024,855981.85,8500481232.5,4.0,2387.7025,4074.8423916666666,313907.9749326904,625573.38,0.0,230408.46999999997,855981.85,0.0,0.730825519256045,0.0,0.0,,0,1825.055257,1951.5381414466665,159.48942418,0.24648379,1665.31936118,0.9124761317733625,-25.530440801105104,títulos,aluvión con títulos,0.0,0.0,0.0
13458,Montecristo,Bolívar,2025,932717.6000000001,12791137772.57,4.0,3441.505833333333,4051.7821666666664,445999.5059239138,708557.92,0.0,224159.68,932717.6000000001,0.0,0.7596703653924832,0.0,0.0,,0,1825.055257,1951.5381414466665,159.48942418,0.24648379,1665.31936118,0.9124761317733625,-25.530440801105104,títulos,aluvión con títulos,4.0,0.0,4.0
13473,Morales - Bolivar,Bolívar,2023,16303.36,140247291.28,4.0,1942.6658333333335,4324.239683333333,269878.148573841,16303.357,0.0,0.0,16303.357,0.0,1.0,15.0,6300.0,0.0,0,0.0,0.0,0.0,0.0,0.0,,,títulos,veta / títulos,0.0,0.0,0.0
13473,Morales - Bolivar,Bolívar,2024,14518.279999999999,118162782.84,4.0,2387.7025,4074.8423916666666,313907.9749326904,14518.28,0.0,0.0,14518.28,0.0,1.0,15.0,6300.0,0.0,0,0.0,0.0,0.0,0.0,0.0,,,títulos,veta / títulos,0.0,0.0,0.0
13473,Morales - Bolivar,Bolívar,2025,17000.4,189067351.32,4.0,3441.505833333333,4051.7821666666664,445999.5059239138,17000.4,0.0,0.0,17000.4,0.0,1.0,15.0,6300.0,0.0,0,0.0,0.0,0.0,0.0,0.0,,,títulos,veta / títulos,0.0,0.0,0.0
13490,Norosi,Bolívar,2023,547114.46,4774161678.58,4.0,1942.6658333333335,4324.239683333333,269878.148573841,302305.542464,175.93642,244632.99099028,547114.46987428,0.00032157149863067585,0.552545324808291,76.0,31920.0,0.005511792606516291,0,938.545055,990.8108815466667,267.27787355,97.06924151,574.19793899,0.6117958172929695,-2.540373898202275,títulos,aluvión con títulos,0.0,0.0,0.0
13490,Norosi,Bolívar,2024,452588.51,4461492622.440001,4.0,2387.7025,4074.8423916666666,313907.9749326904,244487.13,1028.44,207072.94,452588.51,0.0022723511032129383,0.5401973859212643,76.0,31920.0,0.032219298245614036,0,938.545055,990.8108815466667,267.27787355,97.06924151,574.19793899,0.6117958172929695,-2.540373898202275,títulos,aluvión con títulos,0.0,0.0,0.0
13490,Norosi,Bolívar,2025,311358.62,3927401134.0899997,4.0,3441.505833333333,4051.7821666666664,445999.5059239138,118306.46,2116.5,190935.66,311358.62,0.006797627764408771,0.3799684749373568,76.0,31920.0,0.0663063909774436,0,938.545055,990.8108815466667,267.27787355,97.06924151,574.19793899,0.6117958172929695,-2.540373898202275,títulos,aluvión con títulos,0.0,0.0,0.0
13600,Rio Viejo,Bolívar,2023,26000.0,231206360.0,3.0,1942.6658333333335,4324.239683333333,269878.148573841,0.0,0.0,26000.0,26000.0,0.0,0.0,0.0,0.0,,0,622.876021,637.0890294233333,17.52582717,0.0,605.3501926800001,0.9718630550396482,1.7376236199249107,otros,otros,0.0,0.0,0.0
13600,Rio Viejo,Bolívar,2024,5237.92,869574045.6299999,3.0,2387.7025,4074.8423916666666,313907.9749326904,5237.92,0.0,0.0,5237.92,0.0,1.0,0.0,0.0,,0,622.876021,637.0890294233333,17.52582717,0.0,605.3501926800001,0.9718630550396482,1.7376236199249107,otros,otros,0.0,0.0,2.0
13600,Rio Viejo,Bolívar,2025,0.0,257126072.54000002,4.0,3441.505833333333,4051.7821666666664,445999.5059239138,0.0,0.0,0.0,0.0,,,0.0,0.0,,0,622.876021,637.0890294233333,17.52582717,0.0,605.3501926800001,0.9718630550396482,1.7376236199249107,otros,otros,1.0,0.0,1.0
13655,San Jacinto del Cauca,Bolívar,2023,205895.6,1749403877.4900002,4.0,1942.6658333333335,4324.239683333333,269878.148573841,0.0,207295.91439061,0.0,207295.91439061,1.0,0.0,0.0,0.0,,1,20.316783,16.402261,0.0,0.0,20.31678265,0.9999999827728632,25.238298659269542,barequeros,aluvión con barequeo,0.0,0.0,0.0
13655,San Jacinto del Cauca,Bolívar,2024,466.12,3823819.52,1.0,2387.7025,4074.8423916666666,313907.9749326904,0.0,466.12,0.0,466.12,1.0,0.0,0.0,0.0,,1,20.316783,16.402261,0.0,0.0,20.31678265,0.9999999827728632,25.238298659269542,barequeros,aluvión con barequeo,0.0,0.0,0.0
13655,San Jacinto del Cauca,Bolívar,2025,54243.649999999994,816481260.12,2.0,3441.505833333333,4051.7821666666664,445999.5059239138,0.0,54243.65,0.0,54243.65,1.0,0.0,0.0,0.0,,1,20.316783,16.402261,0.0,0.0,20.31678265,0.9999999827728632,25.238298659269542,barequeros,aluvión con barequeo,1.0,0.0,0.0
13657,San Juan Nepomuceno,Bolívar,2023,44.11,359874.84,1.0,1942.6658333333335,4324.239683333333,269878.148573841,0.0,44.11,0.0,44.11,1.0,0.0,0.0,0.0,,1,0.0,0.0,0.0,0.0,0.0,,,barequeros,aluvión con barequeo,0.0,0.0,0.0
13657,San Juan Nepomuceno,Bolívar,2024,0.0,0.0,0.0,2387.7025,4074.8423916666666,313907.9749326904,0.0,0.0,0.0,0.0,,,0.0,0.0,,0,0.0,0.0,0.0,0.0,0.0,,,barequeros,aluvión con barequeo,14.0,0.0,0.0
13657,San Juan Nepomuceno,Bolívar,2025,0.0,0.0,0.0,3441.505833333333,4051.7821666666664,445999.5059239138,0.0,0.0,0.0,0.0,,,0.0,0.0,,0,0.0,0.0,0.0,0.0,0.0,,,barequeros,aluvión con barequeo,39.0,0.0,1.0
13667,San Martin de Loba,Bolívar,2023,552127.86,4761327785.95,4.0,1942.6658333333335,4324.239683333333,269878.148573841,209049.698505,350290.68307769,5058.4673,564398.8488826901,0.6206438651870775,0.37039355930446066,440.0,184800.0,1.8955123543165044,0,723.447275,622.37809512,172.1080453,20.46095499,530.87827381,0.7338175042680201,45.6462455983428,barequeros,aluvión con barequeo,0.0,0.0,0.0
13667,San Martin de Loba,Bolívar,2024,733756.5800000001,7069559241.860001,4.0,2387.7025,4074.8423916666666,313907.9749326904,320372.67,349693.66,63690.25,733756.58,0.476579930635852,0.43661982561028617,440.0,184800.0,1.8922817099567097,0,723.447275,622.37809512,172.1080453,20.46095499,530.87827381,0.7338175042680201,45.6462455983428,barequeros,aluvión con barequeo,1.0,0.0,0.0
13667,San Martin de Loba,Bolívar,2025,288112.44,3881214204.47,4.0,3441.505833333333,4051.7821666666664,445999.5059239138,131480.91,139928.98,16702.55,288112.44,0.4856748983140055,0.4563527697728012,440.0,184800.0,0.7571914502164503,0,723.447275,622.37809512,172.1080453,20.46095499,530.87827381,0.7338175042680201,45.6462455983428,barequeros,aluvión con barequeo,0.0,0.0,0.0
13670,San Pablo - Bolivar,Bolívar,2023,0.0,0.0,0.0,1942.6658333333335,4324.239683333333,269878.148573841,0.0,0.0,0.0,0.0,,,20.0,8400.0,0.0,0,67.276907,98.97068203333333,0.0,0.0,67.27690694,0.9999999991081636,-39.18891609093064,sin declaración,huella sin declaración,0.0,4.0,2.0
13670,San Pablo - Bolivar,Bolívar,2024,0.0,0.0,0.0,2387.7025,4074.8423916666666,313907.9749326904,0.0,0.0,0.0,0.0,,,20.0,8400.0,0.0,0,67.276907,98.97068203333333,0.0,0.0,67.27690694,0.9999999991081636,-39.18891609093064,sin declaración,huella sin declaración,2.0,0.0,2.0
13670,San Pablo - Bolivar,Bolívar,2025,0.0,0.0,0.0,3441.505833333333,4051.7821666666664,445999.5059239138,0.0,0.0,0.0,0.0,,,20.0,8400.0,0.0,0,67.276907,98.97068203333333,0.0,0.0,67.27690694,0.9999999991081636,-39.18891609093064,sin declaración,huella sin declaración,0.0,0.0,0.0
13683,Santa Rosa - Bolivar,Bolívar,2023,0.0,0.0,0.0,1942.6658333333335,4324.239683333333,269878.148573841,0.0,0.0,0.0,0.0,,,0.0,0.0,,0,0.0,0.0,0.0,0.0,0.0,,,sin declaración,registro sin volumen ni huella,0.0,0.0,0.0
13683,Santa Rosa - Bolivar,Bolívar,2024,0.0,0.0,0.0,2387.7025,4074.8423916666666,313907.9749326904,0.0,0.0,0.0,0.0,,,0.0,0.0,,0,0.0,0.0,0.0,0.0,0.0,,,sin declaración,registro sin volumen ni huella,1.0,0.0,1.0
13683,Santa Rosa - Bolivar,Bolívar,2025,0.0,6033571.17,1.0,3441.505833333333,4051.7821666666664,445999.5059239138,0.0,0.0,0.0,0.0,,,0.0,0.0,,0,0.0,0.0,0.0,0.0,0.0,,,sin declaración,registro sin volumen ni huella,0.0,12.0,1.0
13688,Santa Rosa del Sur,Bolívar,2023,91.59,841228.1,2.0,1942.6658333333335,4324.239683333333,269878.148573841,0.0,91.59,0.0,91.59,1.0,0.0,0.0,0.0,,1,796.373483,1410.81228029,61.44452109,0.0,734.9289578,0.9228445867276573,-66.9443990293174,títulos,aluvión con títulos,5.0,0.0,5.0
13688,Santa Rosa del Sur,Bolívar,2024,3920.73,40099928.58,4.0,2387.7025,4074.8423916666666,313907.9749326904,0.0,0.0,1045.56,1045.56,0.0,0.0,0.0,0.0,,0,796.373483,1410.81228029,61.44452109,0.0,734.9289578,0.9228445867276573,-66.9443990293174,títulos,aluvión con títulos,0.0,0.0,0.0
13688,Santa Rosa del Sur,Bolívar,2025,23101.5,350036359.4,4.0,3441.505833333333,4051.7821666666664,445999.5059239138,20507.5,0.0,0.0,20507.5,0.0,1.0,0.0,0.0,,0,796.373483,1410.81228029,61.44452109,0.0,734.9289578,0.9228445867276573,-66.9443990293174,títulos,aluvión con títulos,8.0,0.0,13.0
13744,Simiti,Bolívar,2023,5518.15,50837716.89,2.0,1942.6658333333335,4324.239683333333,269878.148573841,0.0,5518.15,0.0,5518.15,1.0,0.0,1.0,420.0,13.13845238095238,0,2202.483983,2117.183827656667,166.2189189,0.03592381,2036.22914305,0.9245148472210251,7.97403128715477,barequeros,aluvión con barequeo,0.0,0.0,0.0
13744,Simiti,Bolívar,2024,0.0,0.0,0.0,2387.7025,4074.8423916666666,313907.9749326904,0.0,0.0,0.0,0.0,,,1.0,420.0,0.0,0,2202.483983,2117.183827656667,166.2189189,0.03592381,2036.22914305,0.9245148472210251,7.97403128715477,barequeros,aluvión con barequeo,10.0,0.0,8.0
13744,Simiti,Bolívar,2025,573.43,13718382.15,1.0,3441.505833333333,4051.7821666666664,445999.5059239138,0.0,0.0,573.43,573.43,0.0,0.0,1.0,420.0,0.0,0,2202.483983,2117.183827656667,166.2189189,0.03592381,2036.22914305,0.9245148472210251,7.97403128715477,barequeros,aluvión con barequeo,3.0,0.0,0.0
13810,Tiquisio,Bolívar,2023,10178.76,83006919.39,2.0,1942.6658333333335,4324.239683333333,269878.148573841,10178.755105,0.0,0.0,10178.755105,0.0,1.0,1.0,420.0,0.0,0,245.14292,171.5805877066667,28.93808607,0.0,216.20483356,0.8819542231119707,123.94991615887405,títulos,aluvión con títulos,0.0,0.0,0.0
13810,Tiquisio,Bolívar,2024,4000.72,32819941.73,1.0,2387.7025,4074.8423916666666,313907.9749326904,4000.72,0.0,0.0,4000.72,0.0,1.0,1.0,420.0,0.0,0,245.14292,171.5805877066667,28.93808607,0.0,216.20483356,0.8819542231119707,123.94991615887405,títulos,aluvión con títulos,0.0,0.0,0.0
13810,Tiquisio,Bolívar,2025,0.0,0.0,0.0,3441.505833333333,4051.7821666666664,445999.5059239138,0.0,0.0,0.0,0.0,,,1.0,420.0,0.0,0,245.14292,171.5805877066667,28.93808607,0.0,216.20483356,0.8819542231119707,123.94991615887405,títulos,aluvión con títulos,0.0,0.0,0.0
15572,Puerto Boyaca,Boyacá,2023,0.0,0.0,0.0,1942.6658333333335,4324.239683333333,269878.148573841,0.0,0.0,0.0,0.0,,,0.0,0.0,,0,0.0,0.0,0.0,0.0,0.0,,,otros,otros,14.0,0.0,15.0
15572,Puerto Boyaca,Boyacá,2024,0.0,0.0,0.0,2387.7025,4074.8423916666666,313907.9749326904,0.0,0.0,0.0,0.0,,,0.0,0.0,,0,0.0,0.0,0.0,0.0,0.0,,,otros,otros,1.0,4.0,2.0
15572,Puerto Boyaca,Boyacá,2025,10764.57,229545283.12,4.0,3441.505833333333,4051.7821666666664,445999.5059239138,0.0,0.0,10764.57,10764.57,0.0,0.0,0.0,0.0,,0,0.0,0.0,0.0,0.0,0.0,,,otros,otros,11.0,11.0,5.0
17001,Manizales,Caldas,2023,1551.5500000000002,13534347.72,3.0,1942.6658333333335,4324.239683333333,269878.148573841,1811.94,0.0,0.0,1811.94,0.0,1.0,3.0,1260.0,0.0,0,0.0,0.0,0.0,0.0,0.0,,,títulos,veta / títulos,26.0,9.0,1.0
17001,Manizales,Caldas,2024,0.0,0.0,0.0,2387.7025,4074.8423916666666,313907.9749326904,0.0,0.0,0.0,0.0,,,3.0,1260.0,0.0,0,0.0,0.0,0.0,0.0,0.0,,,títulos,veta / títulos,56.0,9.0,0.0
17001,Manizales,Caldas,2025,998.94,14779916.36,2.0,3441.505833333333,4051.7821666666664,445999.5059239138,998.94,0.0,0.0,998.94,0.0,1.0,3.0,1260.0,0.0,0,0.0,0.0,0.0,0.0,0.0,,,títulos,veta / títulos,78.0,13.0,2.0
17042,Anserma,Caldas,2023,1167.48,10837324.48,3.0,1942.6658333333335,4324.239683333333,269878.148573841,0.0,879.57,287.91,1167.48,0.7533919210607463,0.0,0.0,0.0,,1,0.0,0.0,0.0,0.0,0.0,,,barequeros,aluvión con barequeo,8.0,44.0,2.0
17042,Anserma,Caldas,2024,1703.05,14714714.3,2.0,2387.7025,4074.8423916666666,313907.9749326904,0.0,1132.28,570.77,1703.05,0.6648542321129738,0.0,0.0,0.0,,1,0.0,0.0,0.0,0.0,0.0,,,barequeros,aluvión con barequeo,39.0,33.0,1.0
17042,Anserma,Caldas,2025,0.0,0.0,0.0,3441.505833333333,4051.7821666666664,445999.5059239138,0.0,0.0,0.0,0.0,,,0.0,0.0,,0,0.0,0.0,0.0,0.0,0.0,,,barequeros,aluvión con barequeo,49.0,33.0,6.0
17174,Chinchina,Caldas,2023,32661.8,288716525.03,4.0,1942.6658333333335,4324.239683333333,269878.148573841,0.0,32661.8,0.0,32661.8,1.0,0.0,0.0,0.0,,1,0.0,0.0,0.0,0.0,0.0,,,barequeros,aluvión con barequeo,2.0,0.0,0.0
17174,Chinchina,Caldas,2024,0.0,0.0,0.0,2387.7025,4074.8423916666666,313907.9749326904,0.0,0.0,0.0,0.0,,,0.0,0.0,,0,0.0,0.0,0.0,0.0,0.0,,,barequeros,aluvión con barequeo,0.0,0.0,1.0
17174,Chinchina,Caldas,2025,0.0,0.0,0.0,3441.505833333333,4051.7821666666664,445999.5059239138,0.0,0.0,0.0,0.0,,,0.0,0.0,,0,0.0,0.0,0.0,0.0,0.0,,,barequeros,aluvión con barequeo,3.0,16.0,1.0
17380,La Dorada,Caldas,2023,1769.24,13785026.99,1.0,1942.6658333333335,4324.239683333333,269878.148573841,0.0,1769.233068,0.0,1769.233068,1.0,0.0,78.0,32760.0,0.054005893406593404,0,4.511776,3.8016008733333337,0.0,0.0,4.51177635,1.0,65.96276128661663,barequeros,aluvión con barequeo,0.0,2.0,0.0
17380,La Dorada,Caldas,2024,0.0,44678.71,1.0,2387.7025,4074.8423916666666,313907.9749326904,0.0,0.0,0.0,0.0,,,78.0,32760.0,0.0,0,4.511776,3.8016008733333337,0.0,0.0,4.51177635,1.0,65.96276128661663,barequeros,aluvión con barequeo,2.0,4.0,1.0
17380,La Dorada,Caldas,2025,0.0,0.0,0.0,3441.505833333333,4051.7821666666664,445999.5059239138,0.0,0.0,0.0,0.0,,,78.0,32760.0,0.0,0,4.511776,3.8016008733333337,0.0,0.0,4.51177635,1.0,65.96276128661663,barequeros,aluvión con barequeo,3.0,5.0,3.0
17442,Marmato,Caldas,2023,1511210.91,12877165460.6,4.0,1942.6658333333335,4324.239683333333,269878.148573841,892179.090065,736325.1314838,4191.67603931,1632695.8975881098,0.45098731035677364,0.546445355428997,200.0,84000.0,8.765775374807143,0,0.0,0.0,0.0,0.0,0.0,,,títulos,veta / títulos,6.0,0.0,0.0
17442,Marmato,Caldas,2024,1304301.8399999999,12471137392.98,4.0,2387.7025,4074.8423916666666,313907.9749326904,913201.89,365581.05,25518.9,1304301.8399999999,0.2802886868579439,0.7001461333520775,200.0,84000.0,4.352155357142857,0,0.0,0.0,0.0,0.0,0.0,,,títulos,veta / títulos,12.0,23.0,0.0
17442,Marmato,Caldas,2025,1216669.25,16135408007.449999,4.0,3441.505833333333,4051.7821666666664,445999.5059239138,1034197.32,130915.97,51555.96,1216669.25,0.10760193865341793,0.8500233896763644,200.0,84000.0,1.5585234523809524,0,0.0,0.0,0.0,0.0,0.0,,,títulos,veta / títulos,0.0,2.0,0.0
17495,Norcasia,Caldas,2023,0.0,0.0,0.0,1942.6658333333335,4324.239683333333,269878.148573841,0.0,0.0,0.0,0.0,,,1.0,420.0,0.0,0,35.235,34.755000003333336,0.0,0.0,35.235,1.0,9.663865512087177,sin declaración,huella sin declaración,35.0,0.0,6.0
17495,Norcasia,Caldas,2024,0.0,0.0,0.0,2387.7025,4074.8423916666666,313907.9749326904,0.0,0.0,0.0,0.0,,,1.0,420.0,0.0,0,35.235,34.755000003333336,0.0,0.0,35.235,1.0,9.663865512087177,sin declaración,huella sin declaración,6.0,0.0,4.0
17495,Norcasia,Caldas,2025,0.0,0.0,0.0,3441.505833333333,4051.7821666666664,445999.5059239138,0.0,0.0,0.0,0.0,,,1.0,420.0,0.0,0,35.235,34.755000003333336,0.0,0.0,35.235,1.0,9.663865512087177,sin declaración,huella sin declaración,7.0,0.0,10.0
17513,Pacora,Caldas,2023,0.0,0.0,0.0,1942.6658333333335,4324.239683333333,269878.148573841,0.0,0.0,0.0,0.0,,,0.0,0.0,,0,0.0,0.0,0.0,0.0,0.0,,,sin declaración,registro sin volumen ni huella,0.0,0.0,0.0
17513,Pacora,Caldas,2024,0.0,2789609.14,2.0,2387.7025,4074.8423916666666,313907.9749326904,0.0,0.0,0.0,0.0,,,0.0,0.0,,0,0.0,0.0,0.0,0.0,0.0,,,sin declaración,registro sin volumen ni huella,0.0,0.0,0.0
17513,Pacora,Caldas,2025,0.0,10004001.8,4.0,3441.505833333333,4051.7821666666664,445999.5059239138,0.0,0.0,0.0,0.0,,,0.0,0.0,,0,0.0,0.0,0.0,0.0,0.0,,,sin declaración,registro sin volumen ni huella,5.0,0.0,0.0
17524,Palestina - Caldas,Caldas,2023,60475.66,535417685.27,4.0,1942.6658333333335,4324.239683333333,269878.148573841,0.0,60475.662,0.0,60475.662,1.0,0.0,0.0,0.0,,1,0.0,0.0,0.0,0.0,0.0,,,barequeros,aluvión con barequeo,0.0,0.0,0.0
17524,Palestina - Caldas,Caldas,2024,0.0,0.0,0.0,2387.7025,4074.8423916666666,313907.9749326904,0.0,0.0,0.0,0.0,,,0.0,0.0,,0,0.0,0.0,0.0,0.0,0.0,,,barequeros,aluvión con barequeo,0.0,0.0,0.0
17524,Palestina - Caldas,Caldas,2025,0.0,0.0,0.0,3441.505833333333,4051.7821666666664,445999.5059239138,0.0,0.0,0.0,0.0,,,0.0,0.0,,0,0.0,0.0,0.0,0.0,0.0,,,barequeros,aluvión con barequeo,0.0,0.0,0.0
17541,Pensilvania,Caldas,2023,7633.95,65326470.78,4.0,1942.6658333333335,4324.239683333333,269878.148573841,6061.84463,0.0,1572.1,7633.94463,0.0,0.7940645267687774,0.0,0.0,,0,0.0,0.0,0.0,0.0,0.0,,,títulos,veta / títulos,0.0,0.0,0.0
17541,Pensilvania,Caldas,2024,3159.8500000000004,26960385.259999998,2.0,2387.7025,4074.8423916666666,313907.9749326904,3159.85,0.0,0.0,3159.85,0.0,1.0,0.0,0.0,,0,0.0,0.0,0.0,0.0,0.0,,,títulos,veta / títulos,0.0,0.0,0.0
17541,Pensilvania,Caldas,2025,0.0,0.0,0.0,3441.505833333333,4051.7821666666664,445999.5059239138,0.0,0.0,0.0,0.0,,,0.0,0.0,,0,0.0,0.0,0.0,0.0,0.0,,,títulos,veta / títulos,0.0,0.0,0.0
17614,Riosucio - Caldas,Caldas,2023,10173.24,87821099.02,4.0,1942.6658333333335,4324.239683333333,269878.148573841,0.0,188.1,9985.141,10173.241,0.018489682884736534,0.0,4.0,1680.0,0.11196428571428571,0,0.0,0.0,0.0,0.0,0.0,,,otros,otros,21.0,18.0,1.0
17614,Riosucio - Caldas,Caldas,2024,794.15,7425548.83,2.0,2387.7025,4074.8423916666666,313907.9749326904,0.0,60.64,733.51,794.15,0.0763583705849021,0.0,4.0,1680.0,0.0360952380952381,0,0.0,0.0,0.0,0.0,0.0,,,otros,otros,17.0,19.0,0.0
17614,Riosucio - Caldas,Caldas,2025,0.0,0.0,0.0,3441.505833333333,4051.7821666666664,445999.5059239138,0.0,0.0,0.0,0.0,,,4.0,1680.0,0.0,0,0.0,0.0,0.0,0.0,0.0,,,otros,otros,17.0,11.0,2.0
17777,Supia,Caldas,2023,17267.65,152279924.32999998,4.0,1942.6658333333335,4324.239683333333,269878.148573841,0.0,17267.64084,0.0,17267.64084,1.0,0.0,26.0,10920.0,1.5812857912087912,0,0.0,0.0,0.0,0.0,0.0,,,barequeros,aluvión con barequeo,0.0,0.0,0.0
17777,Supia,Caldas,2024,6908.300000000001,65208920.11,4.0,2387.7025,4074.8423916666666,313907.9749326904,0.0,6908.3,0.0,6908.3,1.0,0.0,26.0,10920.0,0.6326282051282052,0,0.0,0.0,0.0,0.0,0.0,,,barequeros,aluvión con barequeo,11.0,0.0,0.0
17777,Supia,Caldas,2025,2741.25,56121231.52,4.0,3441.505833333333,4051.7821666666664,445999.5059239138,0.0,2741.25,0.0,2741.25,1.0,0.0,26.0,10920.0,0.2510302197802198,0,0.0,0.0,0.0,0.0,0.0,,,barequeros,aluvión con barequeo,38.0,30.0,2.0
17867,Victoria,Caldas,2023,4657.57,57783402.72,4.0,1942.6658333333335,4324.239683333333,269878.148573841,4657.5702,0.0,0.0,4657.5702,0.0,1.0,23.0,9660.0,0.0,0,55.803774,41.94608246000001,10.99179845,0.0,44.81197569,0.8030276893100455,64.9952009157927,títulos,aluvión con títulos,1.0,6.0,5.0
17867,Victoria,Caldas,2024,79.04,1179395.66,1.0,2387.7025,4074.8423916666666,313907.9749326904,79.04,0.0,0.0,79.04,0.0,1.0,23.0,9660.0,0.0,0,55.803774,41.94608246000001,10.99179845,0.0,44.81197569,0.8030276893100455,64.9952009157927,títulos,aluvión con títulos,8.0,4.0,23.0
17867,Victoria,Caldas,2025,0.0,0.0,0.0,3441.505833333333,4051.7821666666664,445999.5059239138,0.0,0.0,0.0,0.0,,,23.0,9660.0,0.0,0,55.803774,41.94608246000001,10.99179845,0.0,44.81197569,0.8030276893100455,64.9952009157927,títulos,aluvión con títulos,13.0,2.0,24.0
18205,Curillo,Caquetá,2023,0.0,0.0,0.0,1942.6658333333335,4324.239683333333,269878.148573841,0.0,0.0,0.0,0.0,,,0.0,0.0,,0,8.09765,4.34103589,0.0,0.0,8.09765046,1.0,267.5808243397576,sin declaración,huella sin declaración,0.0,0.0,9.0
18205,Curillo,Caquetá,2024,0.0,0.0,0.0,2387.7025,4074.8423916666666,313907.9749326904,0.0,0.0,0.0,0.0,,,0.0,0.0,,0,8.09765,4.34103589,0.0,0.0,8.09765046,1.0,267.5808243397576,sin declaración,huella sin declaración,0.0,2.0,5.0
18205,Curillo,Caquetá,2025,0.0,0.0,0.0,3441.505833333333,4051.7821666666664,445999.5059239138,0.0,0.0,0.0,0.0,,,0.0,0.0,,0,8.09765,4.34103589,0.0,0.0,8.09765046,1.0,267.5808243397576,sin declaración,huella sin declaración,0.0,0.0,2.0
18610,San Jose del Fragua,Caquetá,2023,0.0,0.0,0.0,1942.6658333333335,4324.239683333333,269878.148573841,0.0,0.0,0.0,0.0,,,0.0,0.0,,0,173.240251,134.32993110333334,0.0,0.0,173.24025072,0.9999999983837474,75.18561309486702,sin declaración,huella sin declaración,0.0,0.0,0.0
18610,San Jose del Fragua,Caquetá,2024,0.0,0.0,0.0,2387.7025,4074.8423916666666,313907.9749326904,0.0,0.0,0.0,0.0,,,0.0,0.0,,0,173.240251,134.32993110333334,0.0,0.0,173.24025072,0.9999999983837474,75.18561309486702,sin declaración,huella sin declaración,0.0,0.0,3.0
18610,San Jose del Fragua,Caquetá,2025,0.0,0.0,0.0,3441.505833333333,4051.7821666666664,445999.5059239138,0.0,0.0,0.0,0.0,,,0.0,0.0,,0,173.240251,134.32993110333334,0.0,0.0,173.24025072,0.9999999983837474,75.18561309486702,sin declaración,huella sin declaración,1.0,5.0,6.0
19001,Popayan,Cauca,2023,637.4,5650595.62,1.0,1942.6658333333335,4324.239683333333,269878.148573841,637.4,0.0,0.0,637.4,0.0,1.0,0.0,0.0,,0,0.0,0.0,0.0,0.0,0.0,,,títulos,veta / títulos,3.0,0.0,0.0
19001,Popayan,Cauca,2024,127.78,1235248.34,1.0,2387.7025,4074.8423916666666,313907.9749326904,127.78,0.0,0.0,127.78,0.0,1.0,0.0,0.0,,0,0.0,0.0,0.0,0.0,0.0,,,títulos,veta / títulos,65.0,0.0,2.0
19001,Popayan,Cauca,2025,725.9,10237946.68,1.0,3441.505833333333,4051.7821666666664,445999.5059239138,725.9,0.0,0.0,725.9,0.0,1.0,0.0,0.0,,0,0.0,0.0,0.0,0.0,0.0,,,títulos,veta / títulos,38.0,0.0,2.0
19022,Almaguer,Cauca,2023,1025.0,9108664.0,1.0,1942.6658333333335,4324.239683333333,269878.148573841,0.0,0.0,0.0,0.0,,,0.0,0.0,,0,0.0,0.0,0.0,0.0,0.0,,,sin declaración,registro sin volumen ni huella,0.0,0.0,0.0
19022,Almaguer,Cauca,2024,194.0,2332281.58,1.0,2387.7025,4074.8423916666666,313907.9749326904,0.0,0.0,0.0,0.0,,,0.0,0.0,,0,0.0,0.0,0.0,0.0,0.0,,,sin declaración,registro sin volumen ni huella,0.0,0.0,0.0
19022,Almaguer,Cauca,2025,1345.0,17620816.41,3.0,3441.505833333333,4051.7821666666664,445999.5059239138,0.0,0.0,0.0,0.0,,,0.0,0.0,,0,0.0,0.0,0.0,0.0,0.0,,,sin declaración,registro sin volumen ni huella,0.0,0.0,0.0
19100,Bolivar - Cauca,Cauca,2023,0.0,0.0,0.0,1942.6658333333335,4324.239683333333,269878.148573841,0.0,0.0,0.0,0.0,,,1.0,420.0,0.0,0,40.552374,41.27315262333333,0.0,0.0,40.55237401,1.0,-7.966113214816151,sin declaración,huella sin declaración,0.0,0.0,0.0
19100,Bolivar - Cauca,Cauca,2024,0.0,0.0,0.0,2387.7025,4074.8423916666666,313907.9749326904,0.0,0.0,0.0,0.0,,,1.0,420.0,0.0,0,40.552374,41.27315262333333,0.0,0.0,40.55237401,1.0,-7.966113214816151,sin declaración,huella sin declaración,0.0,0.0,0.0
19100,Bolivar - Cauca,Cauca,2025,0.0,0.0,0.0,3441.505833333333,4051.7821666666664,445999.5059239138,0.0,0.0,0.0,0.0,,,1.0,420.0,0.0,0,40.552374,41.27315262333333,0.0,0.0,40.55237401,1.0,-7.966113214816151,sin declaración,huella sin declaración,3.0,0.0,0.0
19110,Buenos Aires,Cauca,2023,121080.84999999999,1046064190.06,4.0,1942.6658333333335,4324.239683333333,269878.148573841,117200.04139648,0.0,5072.73,122272.77139647999,0.0,0.9585130038187224,53.0,22260.0,0.0,0,31.239522,36.54474761,0.0,0.0,31.2395223,1.0,-20.003498963238698,títulos,veta / títulos,0.0,0.0,0.0
19110,Buenos Aires,Cauca,2024,105290.17,1023831175.87,4.0,2387.7025,4074.8423916666666,313907.9749326904,97415.61,0.0,7874.56,105290.17,0.0,0.9252108720120786,53.0,22260.0,0.0,0,31.239522,36.54474761,0.0,0.0,31.2395223,1.0,-20.003498963238698,títulos,veta / títulos,0.0,0.0,0.0
19110,Buenos Aires,Cauca,2025,146461.72999999998,1942075664.8999999,4.0,3441.505833333333,4051.7821666666664,445999.5059239138,134279.86,0.0,12181.87,146461.72999999998,0.0,0.9168255762102496,53.0,22260.0,0.0,0,31.239522,36.54474761,0.0,0.0,31.2395223,1.0,-20.003498963238698,títulos,veta / títulos,39.0,0.0,57.0
19256,El Tambo - Cauca,Cauca,2023,37817.93,319967222.74,4.0,1942.6658333333335,4324.239683333333,269878.148573841,38324.05,0.0,0.0,38324.05,0.0,1.0,63.0,26460.0,0.0,0,44.31189,36.94198112,0.0,15.49117953,28.8207098,0.6504057895070601,45.63607886691514,títulos,veta / títulos,0.0,0.0,0.0
19256,El Tambo - Cauca,Cauca,2024,34920.88,332020937.45,4.0,2387.7025,4074.8423916666666,313907.9749326904,34920.88,0.0,0.0,34920.88,0.0,1.0,63.0,26460.0,0.0,0,44.31189,36.94198112,0.0,15.49117953,28.8207098,0.6504057895070601,45.63607886691514,títulos,veta / títulos,0.0,0.0,0.0
19256,El Tambo - Cauca,Cauca,2025,52758.17999999999,735636937.8,4.0,3441.505833333333,4051.7821666666664,445999.5059239138,52758.18,0.0,0.0,52758.18,0.0,1.0,63.0,26460.0,0.0,0,44.31189,36.94198112,0.0,15.49117953,28.8207098,0.6504057895070601,45.63607886691514,títulos,veta / títulos,3.0,0.0,0.0
19318,Guapi,Cauca,2023,92589.35,801778917.54,4.0,1942.6658333333335,4324.239683333333,269878.148573841,0.0,92589.35,0.0,92589.35,1.0,0.0,28.0,11760.0,7.873244047619048,0,619.752887,549.4210523133333,0.0,5.35499169,614.39789434,0.9913594712145326,11.863523656892472,barequeros,aluvión con barequeo,1.0,0.0,12.0
19318,Guapi,Cauca,2024,71159.48999999999,655644484.55,4.0,2387.7025,4074.8423916666666,313907.9749326904,0.0,71159.49,0.0,71159.49,1.0,0.0,28.0,11760.0,6.050977040816327,0,619.752887,549.4210523133333,0.0,5.35499169,614.39789434,0.9913594712145326,11.863523656892472,barequeros,aluvión con barequeo,4.0,0.0,3.0
19318,Guapi,Cauca,2025,5391.82,48101219.12,1.0,3441.505833333333,4051.7821666666664,445999.5059239138,0.0,5391.82,0.0,5391.82,1.0,0.0,28.0,11760.0,0.4584880952380952,0,619.752887,549.4210523133333,0.0,5.35499169,614.39789434,0.9913594712145326,11.863523656892472,barequeros,aluvión con barequeo,0.0,0.0,0.0
19392,La Sierra,Cauca,2023,27488.52,235389999.77,3.0,1942.6658333333335,4324.239683333333,269878.148573841,3807.63,0.0,26245.79,30053.420000000002,0.0,0.12669539772844488,0.0,0.0,,0,19.787815,19.448562456666664,0.0,8.80932186,10.9784934,0.5548107964421539,-1.8147380286336556,otros,otros,0.0,0.0,0.0
19392,La Sierra,Cauca,2024,0.0,0.0,0.0,2387.7025,4074.8423916666666,313907.9749326904,0.0,0.0,0.0,0.0,,,0.0,0.0,,0,19.787815,19.448562456666664,0.0,8.80932186,10.9784934,0.5548107964421539,-1.8147380286336556,otros,otros,0.0,0.0,0.0
19392,La Sierra,Cauca,2025,8344.220000000001,124120106.44,2.0,3441.505833333333,4051.7821666666664,445999.5059239138,0.0,0.0,8344.22,8344.22,0.0,0.0,0.0,0.0,,0,19.787815,19.448562456666664,0.0,8.80932186,10.9784934,0.5548107964421539,-1.8147380286336556,otros,otros,0.0,0.0,0.0
19418,Lopez,Cauca,2023,8064.11,71742991.42,3.0,1942.6658333333335,4324.239683333333,269878.148573841,0.0,8064.10920233,0.0,8064.10920233,1.0,0.0,45.0,18900.0,0.42667244456772485,0,1185.509746,776.3359400933332,9.2475,60.28501745,1115.97723485,0.9413480054595857,145.67222477605296,barequeros,aluvión con barequeo,11.0,0.0,15.0
19418,Lopez,Cauca,2024,0.0,0.0,0.0,2387.7025,4074.8423916666666,313907.9749326904,0.0,0.0,0.0,0.0,,,45.0,18900.0,0.0,0,1185.509746,776.3359400933332,9.2475,60.28501745,1115.97723485,0.9413480054595857,145.67222477605296,barequeros,aluvión con barequeo,17.0,0.0,27.0
19418,Lopez,Cauca,2025,0.0,0.0,0.0,3441.505833333333,4051.7821666666664,445999.5059239138,0.0,0.0,0.0,0.0,,,45.0,18900.0,0.0,0,1185.509746,776.3359400933332,9.2475,60.28501745,1115.97723485,0.9413480054595857,145.67222477605296,barequeros,aluvión con barequeo,0.0,7.0,0.0
19450,Mercaderes,Cauca,2023,0.0,0.0,0.0,1942.6658333333335,4324.239683333333,269878.148573841,0.0,0.0,0.0,0.0,,,32.0,13440.0,0.0,0,69.591646,78.48902071,0.0,0.0,69.59164609000001,1.0,-23.831228015099416,sin declaración,huella sin declaración,0.0,0.0,0.0
19450,Mercaderes,Cauca,2024,0.0,0.0,0.0,2387.7025,4074.8423916666666,313907.9749326904,0.0,0.0,0.0,0.0,,,32.0,13440.0,0.0,0,69.591646,78.48902071,0.0,0.0,69.59164609000001,1.0,-23.831228015099416,sin declaración,huella sin declaración,0.0,1.0,2.0
19450,Mercaderes,Cauca,2025,0.0,0.0,0.0,3441.505833333333,4051.7821666666664,445999.5059239138,0.0,0.0,0.0,0.0,,,32.0,13440.0,0.0,0,69.591646,78.48902071,0.0,0.0,69.59164609000001,1.0,-23.831228015099416,sin declaración,huella sin declaración,1.0,0.0,0.0
19533,Piamonte,Cauca,2023,0.0,0.0,0.0,1942.6658333333335,4324.239683333333,269878.148573841,0.0,0.0,0.0,0.0,,,17.0,7140.0,0.0,0,121.52315,76.76271666333334,0.0,0.0,121.52315015,1.0,166.84925340360124,sin declaración,huella sin declaración,0.0,3.0,1.0
19533,Piamonte,Cauca,2024,0.0,0.0,0.0,2387.7025,4074.8423916666666,313907.9749326904,0.0,0.0,0.0,0.0,,,17.0,7140.0,0.0,0,121.52315,76.76271666333334,0.0,0.0,121.52315015,1.0,166.84925340360124,sin declaración,huella sin declaración,3.0,0.0,5.0
19533,Piamonte,Cauca,2025,0.0,0.0,0.0,3441.505833333333,4051.7821666666664,445999.5059239138,0.0,0.0,0.0,0.0,,,17.0,7140.0,0.0,0,121.52315,76.76271666333334,0.0,0.0,121.52315015,1.0,166.84925340360124,sin declaración,huella sin declaración,5.0,0.0,5.0
19622,Rosas,Cauca,2023,2509.61,22227217.86,4.0,1942.6658333333335,4324.239683333333,269878.148573841,0.0,0.0,2509.61,2509.61,0.0,0.0,6.0,2520.0,0.0,0,0.0,0.0,0.0,0.0,0.0,,,otros,otros,0.0,0.0,0.0
19622,Rosas,Cauca,2024,1535.63,15468858.08,2.0,2387.7025,4074.8423916666666,313907.9749326904,231.95,0.0,1303.68,1535.63,0.0,0.1510454992413537,6.0,2520.0,0.0,0,0.0,0.0,0.0,0.0,0.0,,,otros,otros,0.0,0.0,0.0
19622,Rosas,Cauca,2025,1037.5,14684797.04,1.0,3441.505833333333,4051.7821666666664,445999.5059239138,1037.5,0.0,0.0,1037.5,0.0,1.0,6.0,2520.0,0.0,0,0.0,0.0,0.0,0.0,0.0,,,otros,otros,2.0,0.0,0.0
19698,Santander de Quilichao,Cauca,2023,0.0,0.0,0.0,1942.6658333333335,4324.239683333333,269878.148573841,0.0,0.0,0.0,0.0,,,17.0,7140.0,0.0,0,61.056577,59.298118726666665,0.0,0.0,61.05657642,0.9999999905006139,5.695677879074124,sin declaración,huella sin declaración,115.0,41.0,7.0
19698,Santander de Quilichao,Cauca,2024,0.0,0.0,0.0,2387.7025,4074.8423916666666,313907.9749326904,0.0,0.0,0.0,0.0,,,17.0,7140.0,0.0,0,61.056577,59.298118726666665,0.0,0.0,61.05657642,0.9999999905006139,5.695677879074124,sin declaración,huella sin declaración,46.0,7.0,8.0
19698,Santander de Quilichao,Cauca,2025,0.0,0.0,0.0,3441.505833333333,4051.7821666666664,445999.5059239138,0.0,0.0,0.0,0.0,,,17.0,7140.0,0.0,0,61.056577,59.298118726666665,0.0,0.0,61.05657642,0.9999999905006139,5.695677879074124,sin declaración,huella sin declaración,29.0,9.0,41.0
19701,Santa Rosa - Cauca,Cauca,2023,1859.97,15883523.37,3.0,1942.6658333333335,4324.239683333333,269878.148573841,1859.96528,0.0,0.0,1859.96528,0.0,1.0,9.0,3780.0,0.0,0,0.0,0.0,0.0,0.0,0.0,,,títulos,veta / títulos,0.0,0.0,0.0
19701,Santa Rosa - Cauca,Cauca,2024,772.17,7175180.93,1.0,2387.7025,4074.8423916666666,313907.9749326904,772.17,0.0,0.0,772.17,0.0,1.0,9.0,3780.0,0.0,0,0.0,0.0,0.0,0.0,0.0,,,títulos,veta / títulos,0.0,0.0,0.0
19701,Santa Rosa - Cauca,Cauca,2025,3496.83,42570051.28,2.0,3441.505833333333,4051.7821666666664,445999.5059239138,3496.83,0.0,0.0,3496.83,0.0,1.0,9.0,3780.0,0.0,0,0.0,0.0,0.0,0.0,0.0,,,títulos,veta / títulos,0.0,0.0,0.0
19780,Suarez - Cauca,Cauca,2023,1512.8600000000001,12576299.280000001,3.0,1942.6658333333335,4324.239683333333,269878.148573841,592.86,0.0,0.0,592.86,0.0,1.0,0.0,0.0,,0,0.0,0.0,0.0,0.0,0.0,,,títulos,veta / títulos,0.0,0.0,0.0
19780,Suarez - Cauca,Cauca,2024,2020.9299999999998,26070433.91,2.0,2387.7025,4074.8423916666666,313907.9749326904,2020.93,0.0,0.0,2020.93,0.0,1.0,0.0,0.0,,0,0.0,0.0,0.0,0.0,0.0,,,títulos,veta / títulos,0.0,0.0,0.0
19780,Suarez - Cauca,Cauca,2025,1840.9,29259117.33,1.0,3441.505833333333,4051.7821666666664,445999.5059239138,1840.9,0.0,0.0,1840.9,0.0,1.0,0.0,0.0,,0,0.0,0.0,0.0,0.0,0.0,,,títulos,veta / títulos,0.0,0.0,0.0
19809,Timbiqui,Cauca,2023,2256.03,28424565.099999998,2.0,1942.6658333333335,4324.239683333333,269878.148573841,0.0,0.0,2256.03176,2256.03176,0.0,0.0,41.0,17220.0,0.0,0,1368.477561,1347.9649303899998,772.4811304000001,21.53971056,574.45671822,0.4197779595306057,0.13598924468716245,otros,otros,0.0,0.0,0.0
19809,Timbiqui,Cauca,2024,9998.83,99520605.72999999,2.0,2387.7025,4074.8423916666666,313907.9749326904,0.0,0.0,9998.83,9998.83,0.0,0.0,41.0,17220.0,0.0,0,1368.477561,1347.9649303899998,772.4811304000001,21.53971056,574.45671822,0.4197779595306057,0.13598924468716245,otros,otros,0.0,0.0,0.0
19809,Timbiqui,Cauca,2025,5615.44,86989445.66999999,2.0,3441.505833333333,4051.7821666666664,445999.5059239138,0.0,0.0,5615.44,5615.44,0.0,0.0,41.0,17220.0,0.0,0,1368.477561,1347.9649303899998,772.4811304000001,21.53971056,574.45671822,0.4197779595306057,0.13598924468716245,otros,otros,0.0,0.0,0.0
23068,Ayapel,Córdoba,2023,1219015.56,10696134791.7,4.0,1942.6658333333335,4324.239683333333,269878.148573841,112169.0,226249.63052239,913024.67325,1251443.30377239,0.18079095540355367,0.08963170737489605,0.0,0.0,,1,5289.603048,4840.879648876667,0.0,477.90511711,4811.69793195,0.9096519886817034,21.41371556072209,otros,otros,5.0,0.0,2.0
23068,Ayapel,Córdoba,2024,1057275.6,10097332341.9,4.0,2387.7025,4074.8423916666666,313907.9749326904,146808.45,40243.39,870223.76,1057275.6,0.03806329210661818,0.1388554223704775,0.0,0.0,,1,5289.603048,4840.879648876667,0.0,477.90511711,4811.69793195,0.9096519886817034,21.41371556072209,otros,otros,25.0,7.0,2.0
23068,Ayapel,Córdoba,2025,12293.21,166082808.77,4.0,3441.505833333333,4051.7821666666664,445999.5059239138,0.0,1760.92,10532.29,12293.210000000001,0.1432433026036324,0.0,0.0,0.0,,1,5289.603048,4840.879648876667,0.0,477.90511711,4811.69793195,0.9096519886817034,21.41371556072209,otros,otros,2.0,0.0,2.0
23162,Cerete,Córdoba,2023,0.0,0.0,0.0,1942.6658333333335,4324.239683333333,269878.148573841,0.0,0.0,0.0,0.0,,,0.0,0.0,,0,0.0,0.0,0.0,0.0,0.0,,,barequeros,aluvión con barequeo,0.0,0.0,0.0
23162,Cerete,Córdoba,2024,0.0,0.0,0.0,2387.7025,4074.8423916666666,313907.9749326904,0.0,0.0,0.0,0.0,,,0.0,0.0,,0,0.0,0.0,0.0,0.0,0.0,,,barequeros,aluvión con barequeo,0.0,0.0,0.0
23162,Cerete,Córdoba,2025,53.11,633561.08,1.0,3441.505833333333,4051.7821666666664,445999.5059239138,0.0,53.11,0.0,53.11,1.0,0.0,0.0,0.0,,1,0.0,0.0,0.0,0.0,0.0,,,barequeros,aluvión con barequeo,1.0,0.0,0.0
23350,La Apartada,Córdoba,2023,0.0,0.0,0.0,1942.6658333333335,4324.239683333333,269878.148573841,0.0,0.0,0.0,0.0,,,0.0,0.0,,0,38.553808,29.04376933,0.0,0.0,38.55380787,0.9999999966280894,111.28268541514323,sin declaración,huella sin declaración,0.0,0.0,0.0
23350,La Apartada,Córdoba,2024,0.0,0.0,0.0,2387.7025,4074.8423916666666,313907.9749326904,0.0,0.0,0.0,0.0,,,0.0,0.0,,0,38.553808,29.04376933,0.0,0.0,38.55380787,0.9999999966280894,111.28268541514323,sin declaración,huella sin declaración,1.0,0.0,0.0
23350,La Apartada,Córdoba,2025,0.0,0.0,0.0,3441.505833333333,4051.7821666666664,445999.5059239138,0.0,0.0,0.0,0.0,,,0.0,0.0,,0,38.553808,29.04376933,0.0,0.0,38.55380787,0.9999999966280894,111.28268541514323,sin declaración,huella sin declaración,0.0,0.0,0.0
23466,Montelibano,Córdoba,2023,0.0,0.0,0.0,1942.6658333333335,4324.239683333333,269878.148573841,0.0,0.0,0.0,0.0,,,0.0,0.0,,0,40.350581,13.450193666666665,0.0,0.0,40.35058079,0.9999999947956141,,sin declaración,huella sin declaración,0.0,2.0,0.0
23466,Montelibano,Córdoba,2024,0.0,0.0,0.0,2387.7025,4074.8423916666666,313907.9749326904,0.0,0.0,0.0,0.0,,,0.0,0.0,,0,40.350581,13.450193666666665,0.0,0.0,40.35058079,0.9999999947956141,,sin declaración,huella sin declaración,5.0,3.0,0.0
23466,Montelibano,Córdoba,2025,0.0,0.0,0.0,3441.505833333333,4051.7821666666664,445999.5059239138,0.0,0.0,0.0,0.0,,,0.0,0.0,,0,40.350581,13.450193666666665,0.0,0.0,40.35058079,0.9999999947956141,,sin declaración,huella sin declaración,2.0,4.0,0.0
23580,Puerto Libertador,Córdoba,2023,213223.41999999998,1864441115.9899998,4.0,1942.6658333333335,4324.239683333333,269878.148573841,0.0,213223.42,0.0,213223.42,1.0,0.0,0.0,0.0,,1,150.203852,97.07795066000001,0.5955642,0.0,149.60828831,0.9960349639368768,127.2201074392588,barequeros,aluvión con barequeo,0.0,18.0,1.0
23580,Puerto Libertador,Córdoba,2024,129728.44,1149746563.77,4.0,2387.7025,4074.8423916666666,313907.9749326904,0.0,129728.44,0.0,129728.44,1.0,0.0,0.0,0.0,,1,150.203852,97.07795066000001,0.5955642,0.0,149.60828831,0.9960349639368768,127.2201074392588,barequeros,aluvión con barequeo,11.0,13.0,1.0
23580,Puerto Libertador,Córdoba,2025,7786.16,92853853.58000001,2.0,3441.505833333333,4051.7821666666664,445999.5059239138,0.0,7786.16,0.0,7786.16,1.0,0.0,0.0,0.0,,1,150.203852,97.07795066000001,0.5955642,0.0,149.60828831,0.9960349639368768,127.2201074392588,barequeros,aluvión con barequeo,6.0,6.0,47.0
23660,Sahagun,Córdoba,2023,0.0,0.0,0.0,1942.6658333333335,4324.239683333333,269878.148573841,0.0,0.0,0.0,0.0,,,0.0,0.0,,0,0.0,0.0,0.0,0.0,0.0,,,barequeros,aluvión con barequeo,2.0,0.0,1.0
23660,Sahagun,Córdoba,2024,0.0,0.0,0.0,2387.7025,4074.8423916666666,313907.9749326904,0.0,0.0,0.0,0.0,,,0.0,0.0,,0,0.0,0.0,0.0,0.0,0.0,,,barequeros,aluvión con barequeo,8.0,0.0,0.0
23660,Sahagun,Córdoba,2025,66.6,794414.68,1.0,3441.505833333333,4051.7821666666664,445999.5059239138,0.0,66.6,0.0,66.6,1.0,0.0,0.0,0.0,,1,0.0,0.0,0.0,0.0,0.0,,,barequeros,aluvión con barequeo,16.0,0.0,0.0
23670,San Andres Sotavento,Córdoba,2023,0.0,0.0,0.0,1942.6658333333335,4324.239683333333,269878.148573841,0.0,0.0,0.0,0.0,,,0.0,0.0,,0,0.0,0.0,0.0,0.0,0.0,,,barequeros,aluvión con barequeo,0.0,0.0,0.0
23670,San Andres Sotavento,Córdoba,2024,0.0,0.0,0.0,2387.7025,4074.8423916666666,313907.9749326904,0.0,0.0,0.0,0.0,,,0.0,0.0,,0,0.0,0.0,0.0,0.0,0.0,,,barequeros,aluvión con barequeo,2.0,0.0,0.0
23670,San Andres Sotavento,Córdoba,2025,61.05,732371.5,1.0,3441.505833333333,4051.7821666666664,445999.5059239138,0.0,61.05,0.0,61.05,1.0,0.0,0.0,0.0,,1,0.0,0.0,0.0,0.0,0.0,,,barequeros,aluvión con barequeo,1.0,0.0,0.0
23682,San Jose de Ure,Córdoba,2023,1214558.81,10461892208.91,4.0,1942.6658333333335,4324.239683333333,269878.148573841,95.23,1221216.41739778,320.07,1221631.7173977802,0.9996600448448697,7.795311683856011e-05,4716.0,1980720.0,0.6165517677399027,0,225.328514,172.9740887,0.0,0.0,225.32851437,1.0,62.31721421830956,barequeros,aluvión con barequeo,0.0,4.0,0.0
23682,San Jose de Ure,Córdoba,2024,707879.91,7508134765.6,4.0,2387.7025,4074.8423916666666,313907.9749326904,0.0,707879.91,0.0,707879.91,1.0,0.0,4716.0,1980720.0,0.35738514782503333,0,225.328514,172.9740887,0.0,0.0,225.32851437,1.0,62.31721421830956,barequeros,aluvión con barequeo,0.0,0.0,0.0
23682,San Jose de Ure,Córdoba,2025,860643.43,12437782029.23,4.0,3441.505833333333,4051.7821666666664,445999.5059239138,0.0,860643.43,0.0,860643.43,1.0,0.0,4716.0,1980720.0,0.4345103952098227,0,225.328514,172.9740887,0.0,0.0,225.32851437,1.0,62.31721421830956,barequeros,aluvión con barequeo,0.0,0.0,0.0
27001,Quibdo,Chocó,2023,138216.2,1206262680.45,4.0,1942.6658333333335,4324.239683333333,269878.148573841,15207.1518,124888.73384561,0.0,140095.88564561,0.8914518315086827,0.10854816849131733,184.0,77280.0,1.6160550445860506,0,2269.347506,2224.959877206667,210.73357471,0.0,2058.61393786,0.907139136873998,1.40361106680571,barequeros,aluvión con barequeo,40.0,0.0,47.0
27001,Quibdo,Chocó,2024,106109.89,966351163.6400001,4.0,2387.7025,4074.8423916666666,313907.9749326904,84075.25,22034.64,0.0,106109.89,0.20765868289939796,0.7923413171006021,184.0,77280.0,0.2851273291925466,0,2269.347506,2224.959877206667,210.73357471,0.0,2058.61393786,0.907139136873998,1.40361106680571,barequeros,aluvión con barequeo,37.0,0.0,155.0
27001,Quibdo,Chocó,2025,13679.199999999999,164056041.79999998,4.0,3441.505833333333,4051.7821666666664,445999.5059239138,4306.73,9372.47,0.0,13679.199999999999,0.6851621439850284,0.3148378560149716,184.0,77280.0,0.12127937370600413,0,2269.347506,2224.959877206667,210.73357471,0.0,2058.61393786,0.907139136873998,1.40361106680571,barequeros,aluvión con barequeo,122.0,9.0,159.0
27006,Acandi,Chocó,2023,3058.82,24178700.85,1.0,1942.6658333333335,4324.239683333333,269878.148573841,0.0,3058.82,0.0,3058.82,1.0,0.0,0.0,0.0,,1,29.7225,36.6675,0.0,0.0,29.722500000000004,1.0,-42.44008714596951,barequeros,aluvión con barequeo,0.0,0.0,0.0
27006,Acandi,Chocó,2024,0.0,0.0,0.0,2387.7025,4074.8423916666666,313907.9749326904,0.0,0.0,0.0,0.0,,,0.0,0.0,,0,29.7225,36.6675,0.0,0.0,29.722500000000004,1.0,-42.44008714596951,barequeros,aluvión con barequeo,0.0,0.0,0.0
27006,Acandi,Chocó,2025,0.0,0.0,0.0,3441.505833333333,4051.7821666666664,445999.5059239138,0.0,0.0,0.0,0.0,,,0.0,0.0,,0,29.7225,36.6675,0.0,0.0,29.722500000000004,1.0,-42.44008714596951,barequeros,aluvión con barequeo,0.0,15.0,0.0
27050,Atrato,Chocó,2023,280292.64,2424423066.88,4.0,1942.6658333333335,4324.239683333333,269878.148573841,673.06747519,261991.02161778,19306.07,281970.15909297,0.9291444969231564,0.0023870166877058754,609.0,255780.0,1.0242826711149426,0,1068.439029,1057.83730116,0.43312048,0.0,1068.00590566,0.9995946204432412,0.18028257188582586,barequeros,aluvión con barequeo,28.0,0.0,14.0
27050,Atrato,Chocó,2024,167208.22999999998,1494111725.8200002,4.0,2387.7025,4074.8423916666666,313907.9749326904,0.0,167208.23,0.0,167208.23,1.0,0.0,609.0,255780.0,0.6537189381499727,0,1068.439029,1057.83730116,0.43312048,0.0,1068.00590566,0.9995946204432412,0.18028257188582586,barequeros,aluvión con barequeo,5.0,0.0,8.0
27050,Atrato,Chocó,2025,32509.690000000002,377100605.62,4.0,3441.505833333333,4051.7821666666664,445999.5059239138,0.0,32509.69,0.0,32509.69,1.0,0.0,609.0,255780.0,0.1271002032997107,0,1068.439029,1057.83730116,0.43312048,0.0,1068.00590566,0.9995946204432412,0.18028257188582586,barequeros,aluvión con barequeo,2.0,0.0,2.0
27073,Bagado,Chocó,2023,3432.4,31348659.34,4.0,1942.6658333333335,4324.239683333333,269878.148573841,0.0,3432.39619146,0.0,3432.39619146,1.0,0.0,28.0,11760.0,0.29187042444387756,0,265.113432,296.18565127333335,43.939169320000005,0.0,221.17426087,0.8342627501046421,-21.326862369097455,barequeros,aluvión con barequeo,0.0,0.0,0.0
27073,Bagado,Chocó,2024,0.0,0.0,0.0,2387.7025,4074.8423916666666,313907.9749326904,0.0,0.0,0.0,0.0,,,28.0,11760.0,0.0,0,265.113432,296.18565127333335,43.939169320000005,0.0,221.17426087,0.8342627501046421,-21.326862369097455,barequeros,aluvión con barequeo,0.0,0.0,2.0
27073,Bagado,Chocó,2025,0.0,0.0,0.0,3441.505833333333,4051.7821666666664,445999.5059239138,0.0,0.0,0.0,0.0,,,28.0,11760.0,0.0,0,265.113432,296.18565127333335,43.939169320000005,0.0,221.17426087,0.8342627501046421,-21.326862369097455,barequeros,aluvión con barequeo,0.0,0.0,0.0
27135,El Canton del San Pablo,Chocó,2023,1548597.38,13721510652.26,4.0,1942.6658333333335,4324.239683333333,269878.148573841,1411.87255022,1554449.60168029,41.03522043,1555902.50945094,0.9990661961390096,0.000907429958910622,1623.0,681660.0,2.2803884659218525,0,6396.882322,5979.971709383334,0.0,45.76136516,6351.12095113,0.9928463009687362,13.360143899109023,barequeros,aluvión con barequeo,7.0,0.0,8.0
27135,El Canton del San Pablo,Chocó,2024,663273.5,6428814085.04,4.0,2387.7025,4074.8423916666666,313907.9749326904,0.0,663273.5,0.0,663273.5,1.0,0.0,1623.0,681660.0,0.9730268755684652,0,6396.882322,5979.971709383334,0.0,45.76136516,6351.12095113,0.9928463009687362,13.360143899109023,barequeros,aluvión con barequeo,3.0,0.0,5.0
27135,El Canton del San Pablo,Chocó,2025,543168.39,7385775161.43,4.0,3441.505833333333,4051.7821666666664,445999.5059239138,0.0,543168.39,0.0,543168.39,1.0,0.0,1623.0,681660.0,0.7968318369861808,0,6396.882322,5979.971709383334,0.0,45.76136516,6351.12095113,0.9928463009687362,13.360143899109023,barequeros,aluvión con barequeo,0.0,0.0,0.0
27160,Certegui,Chocó,2023,279142.18,2421011448.45,4.0,1942.6658333333335,4324.239683333333,269878.148573841,92.52936543,276299.501758,3427.77251468,279819.80363811,0.9874193969320957,0.00033067482796774426,1519.0,637980.0,0.4330848956989247,0,1996.04592,1855.4066526966665,9.1751646,158.43407753,1828.43667998,0.916029366689119,14.382809230187554,barequeros,aluvión con barequeo,23.0,0.0,25.0
27160,Certegui,Chocó,2024,1299297.8800000001,13077447604.55,4.0,2387.7025,4074.8423916666666,313907.9749326904,0.0,1273966.54,25331.34,1299297.8800000001,0.980503824111527,0.0,1519.0,637980.0,1.9968753565942507,0,1996.04592,1855.4066526966665,9.1751646,158.43407753,1828.43667998,0.916029366689119,14.382809230187554,barequeros,aluvión con barequeo,14.0,0.0,14.0
27160,Certegui,Chocó,2025,1031194.99,13861181118.19,4.0,3441.505833333333,4051.7821666666664,445999.5059239138,0.0,998446.31,32748.68,1031194.9900000001,0.9682420101750105,0.0,1519.0,637980.0,1.5650119282736137,0,1996.04592,1855.4066526966665,9.1751646,158.43407753,1828.43667998,0.916029366689119,14.382809230187554,barequeros,aluvión con barequeo,6.0,0.0,1.0
27205,Condoto,Chocó,2023,298577.02,2595192782.2400002,4.0,1942.6658333333335,4324.239683333333,269878.148573841,7632.55,150870.51096187,140862.56,299365.62096186995,0.5039673910354799,0.025495746557258003,180.0,75600.0,1.9956416793898146,0,2513.560677,2538.8429923766666,303.01230802,669.05623531,1541.49213494,0.6132703097423575,-5.838677706141815,otros,otros,0.0,0.0,0.0
27205,Condoto,Chocó,2024,620073.0700000001,6029358855.110001,4.0,2387.7025,4074.8423916666666,313907.9749326904,41963.91,63460.53,514648.63,620073.0700000001,0.10234363185616172,0.06767574989186355,180.0,75600.0,0.839425,0,2513.560677,2538.8429923766666,303.01230802,669.05623531,1541.49213494,0.6132703097423575,-5.838677706141815,otros,otros,3.0,0.0,3.0
27205,Condoto,Chocó,2025,628568.36,8230527994.63,4.0,3441.505833333333,4051.7821666666664,445999.5059239138,2965.4100000000003,89500.99,536101.96,628568.36,0.1423886337517848,0.004717720758327703,180.0,75600.0,1.1838755291005292,0,2513.560677,2538.8429923766666,303.01230802,669.05623531,1541.49213494,0.6132703097423575,-5.838677706141815,otros,otros,0.0,0.0,0.0
27245,El Carmen de Atrato,Chocó,2023,9639.42,2498043642.35,4.0,1942.6658333333335,4324.239683333333,269878.148573841,0.0,0.0,0.0,0.0,,,0.0,0.0,,0,0.0,0.0,0.0,0.0,0.0,,,barequeros,aluvión con barequeo,0.0,0.0,0.0
27245,El Carmen de Atrato,Chocó,2024,10643.0,3092598964.0,4.0,2387.7025,4074.8423916666666,313907.9749326904,0.0,10643.0,0.0,10643.0,1.0,0.0,0.0,0.0,,1,0.0,0.0,0.0,0.0,0.0,,,barequeros,aluvión con barequeo,0.0,0.0,2.0
27245,El Carmen de Atrato,Chocó,2025,4152.0,1600058382.0,2.0,3441.505833333333,4051.7821666666664,445999.5059239138,0.0,4152.0,0.0,4152.0,1.0,0.0,0.0,0.0,,1,0.0,0.0,0.0,0.0,0.0,,,barequeros,aluvión con barequeo,0.0,0.0,0.0
27250,El Litoral del San Juan,Chocó,2023,0.0,0.0,0.0,1942.6658333333335,4324.239683333333,269878.148573841,0.0,0.0,0.0,0.0,,,0.0,0.0,,0,0.0,0.24750000000000003,0.0,0.0,0.0,,,barequeros,aluvión con barequeo,0.0,0.0,0.0
27250,El Litoral del San Juan,Chocó,2024,33.28,321717.52,1.0,2387.7025,4074.8423916666666,313907.9749326904,0.0,33.28,0.0,33.28,1.0,0.0,0.0,0.0,,1,0.0,0.24750000000000003,0.0,0.0,0.0,,,barequeros,aluvión con barequeo,0.0,0.0,0.0
27250,El Litoral del San Juan,Chocó,2025,0.0,0.0,0.0,3441.505833333333,4051.7821666666664,445999.5059239138,0.0,0.0,0.0,0.0,,,0.0,0.0,,0,0.0,0.24750000000000003,0.0,0.0,0.0,,,barequeros,aluvión con barequeo,0.0,0.0,0.0
27361,Istmina,Chocó,2023,383331.4,3447075318.88,4.0,1942.6658333333335,4324.239683333333,269878.148573841,20145.1175,366095.7479848,386.95,386627.8154848,0.9468944895383317,0.052104677142123496,224.0,94080.0,3.891323851879252,0,4981.494328,4823.526526856666,46.12105889,0.0,4935.37327124,0.9907415217757526,5.285814089968355,barequeros,aluvión con barequeo,0.0,1.0,0.0
27361,Istmina,Chocó,2024,185083.11,1694137627.31,4.0,2387.7025,4074.8423916666666,313907.9749326904,0.0,185083.11,0.0,185083.11,1.0,0.0,224.0,94080.0,1.9672949617346938,0,4981.494328,4823.526526856666,46.12105889,0.0,4935.37327124,0.9907415217757526,5.285814089968355,barequeros,aluvión con barequeo,5.0,0.0,3.0
27361,Istmina,Chocó,2025,85659.07,1087977116.0,4.0,3441.505833333333,4051.7821666666664,445999.5059239138,1522.22,76636.85,7500.0,85659.07,0.8946729167150659,0.017770680909797408,224.0,94080.0,0.814592368197279,0,4981.494328,4823.526526856666,46.12105889,0.0,4935.37327124,0.9907415217757526,5.285814089968355,barequeros,aluvión con barequeo,0.0,0.0,9.0
27413,Lloro,Chocó,2023,263381.48,2346917103.94,4.0,1942.6658333333335,4324.239683333333,269878.148573841,195.27571343,263707.82899112,0.0,263903.10470455,0.9992600476843626,0.0007399523156372825,8077.0,3392340.0,0.0777362613980674,0,616.586942,619.8223830433334,0.0,0.0,616.58694583,1.0,-2.791348778435565,barequeros,aluvión con barequeo,10.0,0.0,6.0
27413,Lloro,Chocó,2024,723317.63,7909533814.690001,4.0,2387.7025,4074.8423916666666,313907.9749326904,0.0,723317.63,0.0,723317.63,1.0,0.0,8077.0,3392340.0,0.21322085345218936,0,616.586942,619.8223830433334,0.0,0.0,616.58694583,1.0,-2.791348778435565,barequeros,aluvión con barequeo,0.0,0.0,0.0
27413,Lloro,Chocó,2025,2105559.07,29811470636.33,4.0,3441.505833333333,4051.7821666666664,445999.5059239138,0.0,2105559.07,0.0,2105559.07,1.0,0.0,8077.0,3392340.0,0.6206804359232859,0,616.586942,619.8223830433334,0.0,0.0,616.58694583,1.0,-2.791348778435565,barequeros,aluvión con barequeo,0.0,0.0,0.0
27425,Medio Atrato,Chocó,2023,281243.6,2453085816.02,4.0,1942.6658333333335,4324.239683333333,269878.148573841,0.0,321.7,280921.9,281243.60000000003,0.0011438482511246476,0.0,3.0,1260.0,0.25531746031746033,0,2459.872964,2431.4554933833333,0.0,418.61023663,2041.26272679,0.8298244489303634,-0.24135707580356103,otros,otros,2.0,0.0,10.0
27425,Medio Atrato,Chocó,2024,288179.9,2740606503.2799997,4.0,2387.7025,4074.8423916666666,313907.9749326904,0.0,13295.67,274884.23,288179.89999999997,0.04613670141463718,0.0,3.0,1260.0,10.552119047619048,0,2459.872964,2431.4554933833333,0.0,418.61023663,2041.26272679,0.8298244489303634,-0.24135707580356103,otros,otros,0.0,0.0,0.0
27425,Medio Atrato,Chocó,2025,94627.94,1250917272.94,4.0,3441.505833333333,4051.7821666666664,445999.5059239138,0.0,34.5,94593.44,94627.94,0.00036458576610671226,0.0,3.0,1260.0,0.02738095238095238,0,2459.872964,2431.4554933833333,0.0,418.61023663,2041.26272679,0.8298244489303634,-0.24135707580356103,otros,otros,0.0,0.0,0.0
27430,Medio Baudo,Chocó,2023,0.0,0.0,0.0,1942.6658333333335,4324.239683333333,269878.148573841,0.0,0.0,0.0,0.0,,,0.0,0.0,,0,3.75586,5.767049320000001,0.0,0.0,3.75585911,0.9999997630369608,-27.060121882962417,barequeros,aluvión con barequeo,0.0,0.0,0.0
27430,Medio Baudo,Chocó,2024,46.8,405713.06,1.0,2387.7025,4074.8423916666666,313907.9749326904,0.0,46.8,0.0,46.8,1.0,0.0,0.0,0.0,,1,3.75586,5.767049320000001,0.0,0.0,3.75585911,0.9999997630369608,-27.060121882962417,barequeros,aluvión con barequeo,0.0,0.0,0.0
27430,Medio Baudo,Chocó,2025,66.45,931624.14,1.0,3441.505833333333,4051.7821666666664,445999.5059239138,0.0,66.45,0.0,66.45,1.0,0.0,0.0,0.0,,1,3.75586,5.767049320000001,0.0,0.0,3.75585911,0.9999997630369608,-27.060121882962417,barequeros,aluvión con barequeo,0.0,0.0,1.0
27450,Medio San Juan,Chocó,2023,14178.82,124065936.62,4.0,1942.6658333333335,4324.239683333333,269878.148573841,0.0,14178.8192584,0.0,14178.8192584,1.0,0.0,2955.0,1241100.0,0.011424397114172912,0,1679.577079,1631.2641586399998,7.80371624,157.26374338,1514.50961876,0.901720818708553,2.179859302055598,barequeros,aluvión con barequeo,0.0,0.0,0.0
27450,Medio San Juan,Chocó,2024,1160691.83,12373784524.279999,4.0,2387.7025,4074.8423916666666,313907.9749326904,0.0,1160691.83,0.0,1160691.83,1.0,0.0,2955.0,1241100.0,0.9352121746837484,0,1679.577079,1631.2641586399998,7.80371624,157.26374338,1514.50961876,0.901720818708553,2.179859302055598,barequeros,aluvión con barequeo,0.0,0.0,1.0
27450,Medio San Juan,Chocó,2025,1280496.99,18189648018.22,4.0,3441.505833333333,4051.7821666666664,445999.5059239138,3329.31,1276820.52,347.16,1280496.99,0.997128872595007,0.0026000139211572845,2955.0,1241100.0,1.0287813391346385,0,1679.577079,1631.2641586399998,7.80371624,157.26374338,1514.50961876,0.901720818708553,2.179859302055598,barequeros,aluvión con barequeo,0.0,0.0,3.0
27491,Novita,Chocó,2023,1844477.01,15679432416.95,4.0,1942.6658333333335,4324.239683333333,269878.148573841,2568.93025891,1840876.60202174,10704.21950672,1854149.75178737,0.9928413820119788,0.0013855031161499188,12.0,5040.0,365.2532940519325,0,5908.555288,5643.15993429,0.0,235.07288053,5673.48242049,0.960214831536328,4.09429499816909,barequeros,aluvión con barequeo,1.0,0.0,4.0
27491,Novita,Chocó,2024,818579.96,7229943631.17,4.0,2387.7025,4074.8423916666666,313907.9749326904,3835.4,800780.47,13964.09,818579.96,0.9782556489655574,0.004685431097042738,12.0,5040.0,158.8850138888889,0,5908.555288,5643.15993429,0.0,235.07288053,5673.48242049,0.960214831536328,4.09429499816909,barequeros,aluvión con barequeo,0.0,0.0,1.0
27491,Novita,Chocó,2025,143371.15,1392828895.9499998,4.0,3441.505833333333,4051.7821666666664,445999.5059239138,10096.6,116717.76,16556.79,143371.15,0.8140951648919604,0.07042281518980632,12.0,5040.0,23.158285714285714,0,5908.555288,5643.15993429,0.0,235.07288053,5673.48242049,0.960214831536328,4.09429499816909,barequeros,aluvión con barequeo,5.0,0.0,5.0
27493,MUNICIPIO NUEVO BELEN DE BAJIRA,Chocó,2023,0.0,0.0,0.0,1942.6658333333335,4324.239683333333,269878.148573841,0.0,0.0,0.0,0.0,,,0.0,0.0,,0,0.0,0.0,0.0,0.0,0.0,,,barequeros,aluvión con barequeo,0.0,0.0,0.0
27493,MUNICIPIO NUEVO BELEN DE BAJIRA,Chocó,2024,64989.83,768157832.18,1.0,2387.7025,4074.8423916666666,313907.9749326904,0.0,64989.83,0.0,64989.83,1.0,0.0,0.0,0.0,,1,0.0,0.0,0.0,0.0,0.0,,,barequeros,aluvión con barequeo,0.0,0.0,0.0
27493,MUNICIPIO NUEVO BELEN DE BAJIRA,Chocó,2025,421230.02999999997,5490044332.34,4.0,3441.505833333333,4051.7821666666664,445999.5059239138,0.0,421230.03,0.0,421230.03,1.0,0.0,0.0,0.0,,1,0.0,0.0,0.0,0.0,0.0,,,barequeros,aluvión con barequeo,0.0,0.0,0.0
27495,Nuqui,Chocó,2023,148.56,1243035.92,1.0,1942.6658333333335,4324.239683333333,269878.148573841,0.0,148.555,0.0,148.555,1.0,0.0,0.0,0.0,,1,0.0,0.0,0.0,0.0,0.0,,,barequeros,aluvión con barequeo,0.0,0.0,0.0
27495,Nuqui,Chocó,2024,75.94,734078.73,1.0,2387.7025,4074.8423916666666,313907.9749326904,0.0,75.94,0.0,75.94,1.0,0.0,0.0,0.0,,1,0.0,0.0,0.0,0.0,0.0,,,barequeros,aluvión con barequeo,0.0,0.0,0.0
27495,Nuqui,Chocó,2025,0.0,0.0,0.0,3441.505833333333,4051.7821666666664,445999.5059239138,0.0,0.0,0.0,0.0,,,0.0,0.0,,0,0.0,0.0,0.0,0.0,0.0,,,barequeros,aluvión con barequeo,0.0,0.0,0.0
27580,Rio Iro,Chocó,2023,7837.889999999999,69095050.03,4.0,1942.6658333333335,4324.239683333333,269878.148573841,0.0,7837.87308388,0.0,7837.87308388,1.0,0.0,9.0,3780.0,2.073511397851852,0,448.189363,462.05032305333333,15.53186286,0.0,432.65750073,0.9653453126017182,-5.962178102592741,barequeros,aluvión con barequeo,0.0,0.0,0.0
27580,Rio Iro,Chocó,2024,4013.76,48761834.989999995,4.0,2387.7025,4074.8423916666666,313907.9749326904,0.0,4013.76,0.0,4013.76,1.0,0.0,9.0,3780.0,1.0618412698412698,0,448.189363,462.05032305333333,15.53186286,0.0,432.65750073,0.9653453126017182,-5.962178102592741,barequeros,aluvión con barequeo,0.0,0.0,0.0
27580,Rio Iro,Chocó,2025,2554.97,33278925.28,4.0,3441.505833333333,4051.7821666666664,445999.5059239138,0.0,2554.97,0.0,2554.97,1.0,0.0,9.0,3780.0,0.6759179894179894,0,448.189363,462.05032305333333,15.53186286,0.0,432.65750073,0.9653453126017182,-5.962178102592741,barequeros,aluvión con barequeo,0.0,0.0,0.0
27600,Rio Quito,Chocó,2023,22448.79,202802380.23,4.0,1942.6658333333335,4324.239683333333,269878.148573841,0.0,4104.13030115,23362.01,27466.14030115,0.14942508325343992,0.0,1.0,420.0,9.771738812261905,0,4806.490509,4485.9582002,0.0,157.95099088,4648.53951343,0.9671379782662127,12.017261750140484,otros,otros,32.0,0.0,25.0
27600,Rio Quito,Chocó,2024,1535.87,16435030.97,4.0,2387.7025,4074.8423916666666,313907.9749326904,0.0,1535.87,0.0,1535.87,1.0,0.0,1.0,420.0,3.656833333333333,0,4806.490509,4485.9582002,0.0,157.95099088,4648.53951343,0.9671379782662127,12.017261750140484,otros,otros,18.0,0.0,23.0
27600,Rio Quito,Chocó,2025,1504.6,20345582.37,4.0,3441.505833333333,4051.7821666666664,445999.5059239138,0.0,1504.6,0.0,1504.6,1.0,0.0,1.0,420.0,3.582380952380952,0,4806.490509,4485.9582002,0.0,157.95099088,4648.53951343,0.9671379782662127,12.017261750140484,otros,otros,13.0,13.0,18.0
27615,Riosucio - Choco,Chocó,2023,0.0,0.0,0.0,1942.6658333333335,4324.239683333333,269878.148573841,0.0,0.0,0.0,0.0,,,0.0,0.0,,0,229.533817,242.20929826333335,0.0,0.0,229.53381493,0.999999990981721,-16.13750768564738,sin declaración,huella sin declaración,0.0,0.0,5.0
27615,Riosucio - Choco,Chocó,2024,0.0,0.0,0.0,2387.7025,4074.8423916666666,313907.9749326904,0.0,0.0,0.0,0.0,,,0.0,0.0,,0,229.533817,242.20929826333335,0.0,0.0,229.53381493,0.999999990981721,-16.13750768564738,sin declaración,huella sin declaración,0.0,0.0,4.0
27615,Riosucio - Choco,Chocó,2025,0.0,0.0,0.0,3441.505833333333,4051.7821666666664,445999.5059239138,0.0,0.0,0.0,0.0,,,0.0,0.0,,0,229.533817,242.20929826333335,0.0,0.0,229.53381493,0.999999990981721,-16.13750768564738,sin declaración,huella sin declaración,0.0,10.0,7.0
27660,San Jose del Palmar,Chocó,2023,0.0,0.0,0.0,1942.6658333333335,4324.239683333333,269878.148573841,0.0,0.0,0.0,0.0,,,0.0,0.0,,0,25.131429,29.639642993333336,0.0,0.0,25.13142887,0.9999999948271943,-34.795539954489485,sin declaración,huella sin declaración,0.0,0.0,0.0
27660,San Jose del Palmar,Chocó,2024,0.0,0.0,0.0,2387.7025,4074.8423916666666,313907.9749326904,0.0,0.0,0.0,0.0,,,0.0,0.0,,0,25.131429,29.639642993333336,0.0,0.0,25.13142887,0.9999999948271943,-34.795539954489485,sin declaración,huella sin declaración,0.0,0.0,0.0
27660,San Jose del Palmar,Chocó,2025,0.0,0.0,0.0,3441.505833333333,4051.7821666666664,445999.5059239138,0.0,0.0,0.0,0.0,,,0.0,0.0,,0,25.131429,29.639642993333336,0.0,0.0,25.13142887,0.9999999948271943,-34.795539954489485,sin declaración,huella sin declaración,0.0,0.0,0.0
27745,Sipi,Chocó,2023,574331.87,5037837970.58,4.0,1942.6658333333335,4324.239683333333,269878.148573841,0.0,577309.46334432,0.0,577309.46334432,1.0,0.0,26.0,10920.0,52.86716697292307,0,642.756874,688.6237988133333,77.47662783,0.0,565.28024866,0.8794620042601052,-15.186209683459994,barequeros,aluvión con barequeo,0.0,0.0,0.0
27745,Sipi,Chocó,2024,169759.03,1460912456.57,4.0,2387.7025,4074.8423916666666,313907.9749326904,0.0,169759.03,0.0,169759.03,1.0,0.0,26.0,10920.0,15.545698717948717,0,642.756874,688.6237988133333,77.47662783,0.0,565.28024866,0.8794620042601052,-15.186209683459994,barequeros,aluvión con barequeo,0.0,0.0,0.0
27745,Sipi,Chocó,2025,34017.229999999996,301855993.1,4.0,3441.505833333333,4051.7821666666664,445999.5059239138,0.0,34017.23,0.0,34017.23,1.0,0.0,26.0,10920.0,3.1151309523809525,0,642.756874,688.6237988133333,77.47662783,0.0,565.28024866,0.8794620042601052,-15.186209683459994,barequeros,aluvión con barequeo,0.0,0.0,0.0
27787,Tado,Chocó,2023,203892.19,1703367585.6999998,4.0,1942.6658333333335,4324.239683333333,269878.148573841,0.0,193632.42804152,10259.76,203892.18804152,0.9496804654530916,0.0,46.0,19320.0,10.022382403805384,0,704.618088,829.1228508333334,11.85967468,120.20148921,572.55692471,0.8125776707423952,-30.02656662323069,barequeros,aluvión con barequeo,0.0,0.0,11.0
27787,Tado,Chocó,2024,86786.41,809589039.72,4.0,2387.7025,4074.8423916666666,313907.9749326904,1885.01,83734.96,1166.44,86786.41,0.9648395411217033,0.021720105717012606,46.0,19320.0,4.334107660455487,0,704.618088,829.1228508333334,11.85967468,120.20148921,572.55692471,0.8125776707423952,-30.02656662323069,barequeros,aluvión con barequeo,1.0,0.0,10.0
27787,Tado,Chocó,2025,15114.88,174104370.25,4.0,3441.505833333333,4051.7821666666664,445999.5059239138,127.37,14353.88,633.63,15114.88,0.9496522632002371,0.008426795316932719,46.0,19320.0,0.7429544513457557,0,704.618088,829.1228508333334,11.85967468,120.20148921,572.55692471,0.8125776707423952,-30.02656662323069,barequeros,aluvión con barequeo,0.0,0.0,12.0
27800,Unguia,Chocó,2023,0.0,0.0,0.0,1942.6658333333335,4324.239683333333,269878.148573841,0.0,0.0,0.0,0.0,,,7.0,2940.0,0.0,0,59.779124,63.03637466666666,0.0,0.0,59.7791229,0.9999999815989273,-29.01816843292665,barequeros,aluvión con barequeo,0.0,0.0,12.0
27800,Unguia,Chocó,2024,47.03,387784.7,1.0,2387.7025,4074.8423916666666,313907.9749326904,0.0,47.03,0.0,47.03,1.0,0.0,7.0,2940.0,0.015996598639455784,0,59.779124,63.03637466666666,0.0,0.0,59.7791229,0.9999999815989273,-29.01816843292665,barequeros,aluvión con barequeo,0.0,0.0,0.0
27800,Unguia,Chocó,2025,0.0,0.0,0.0,3441.505833333333,4051.7821666666664,445999.5059239138,0.0,0.0,0.0,0.0,,,7.0,2940.0,0.0,0,59.779124,63.03637466666666,0.0,0.0,59.7791229,0.9999999815989273,-29.01816843292665,barequeros,aluvión con barequeo,0.0,0.0,0.0
27810,Union Panamericana,Chocó,2023,2044227.56,17820867950.88,4.0,1942.6658333333335,4324.239683333333,269878.148573841,22946.64463682,1936201.0243908,110733.41386485,2069881.08289247,0.9354165514113185,0.011085972438935554,9386.0,3942120.0,0.4911573022614228,0,3003.387591,3030.171354876667,292.24349605,835.0579818599999,1876.08611461,0.6246566777567804,-4.426346204206966,barequeros,aluvión con barequeo,8.0,0.0,7.0
27810,Union Panamericana,Chocó,2024,2016887.3900000001,19960788467.690002,4.0,2387.7025,4074.8423916666666,313907.9749326904,75368.44,1825863.51,115655.44,2016887.39,0.9052877810892556,0.03736869017759093,9386.0,3942120.0,0.4631679172627926,0,3003.387591,3030.171354876667,292.24349605,835.0579818599999,1876.08611461,0.6246566777567804,-4.426346204206966,barequeros,aluvión con barequeo,5.0,1.0,17.0
27810,Union Panamericana,Chocó,2025,2806721.91,39786139074.85,4.0,3441.505833333333,4051.7821666666664,445999.5059239138,135333.75,2404662.36,266725.8,2806721.9099999997,0.8567511984113881,0.04821772670738157,9386.0,3942120.0,0.609992176798271,0,3003.387591,3030.171354876667,292.24349605,835.0579818599999,1876.08611461,0.6246566777567804,-4.426346204206966,barequeros,aluvión con barequeo,0.0,0.0,30.0
41001,Neiva,Huila,2023,79218.89,1020126669.15,4.0,1942.6658333333335,4324.239683333333,269878.148573841,79218.885808,0.0,0.0,79218.885808,0.0,1.0,38.0,15960.0,0.0,0,0.0,0.0,0.0,0.0,0.0,,,títulos,veta / títulos,0.0,1.0,0.0
41001,Neiva,Huila,2024,80575.01,1179123456.49,4.0,2387.7025,4074.8423916666666,313907.9749326904,80575.01,0.0,0.0,80575.01,0.0,1.0,38.0,15960.0,0.0,0,0.0,0.0,0.0,0.0,0.0,,,títulos,veta / títulos,31.0,1.0,0.0
41001,Neiva,Huila,2025,59227.93,1317793630.81,4.0,3441.505833333333,4051.7821666666664,445999.5059239138,59227.93,0.0,0.0,59227.93,0.0,1.0,38.0,15960.0,0.0,0,0.0,0.0,0.0,0.0,0.0,,,títulos,veta / títulos,141.0,6.0,0.0
41132,Campoalegre,Huila,2023,40328.090000000004,525400497.61,4.0,1942.6658333333335,4324.239683333333,269878.148573841,40328.08750077,0.0,0.0,40328.08750077,0.0,1.0,0.0,0.0,,0,0.0,0.0,0.0,0.0,0.0,,,títulos,veta / títulos,0.0,0.0,0.0
41132,Campoalegre,Huila,2024,28941.39,388203251.69,4.0,2387.7025,4074.8423916666666,313907.9749326904,28941.39,0.0,0.0,28941.39,0.0,1.0,0.0,0.0,,0,0.0,0.0,0.0,0.0,0.0,,,títulos,veta / títulos,4.0,5.0,2.0
41132,Campoalegre,Huila,2025,19531.17,316122900.85,4.0,3441.505833333333,4051.7821666666664,445999.5059239138,19531.17,0.0,0.0,19531.17,0.0,1.0,0.0,0.0,,0,0.0,0.0,0.0,0.0,0.0,,,títulos,veta / títulos,0.0,0.0,0.0
41298,Garzon,Huila,2023,11972.759999999998,97003434.59,3.0,1942.6658333333335,4324.239683333333,269878.148573841,0.0,11972.75549,0.0,11972.75549,1.0,0.0,12.0,5040.0,2.375546724206349,0,0.0,0.0,0.0,0.0,0.0,,,barequeros,aluvión con barequeo,18.0,0.0,0.0
41298,Garzon,Huila,2024,4574.04,51278857.18,1.0,2387.7025,4074.8423916666666,313907.9749326904,0.0,4574.04,0.0,4574.04,1.0,0.0,12.0,5040.0,0.907547619047619,0,0.0,0.0,0.0,0.0,0.0,,,barequeros,aluvión con barequeo,60.0,2.0,0.0
41298,Garzon,Huila,2025,3456.39,45361759.23,2.0,3441.505833333333,4051.7821666666664,445999.5059239138,0.0,3456.39,0.0,3456.39,1.0,0.0,12.0,5040.0,0.6857916666666667,0,0.0,0.0,0.0,0.0,0.0,,,barequeros,aluvión con barequeo,46.0,0.0,0.0
41357,Iquira,Huila,2023,29800.28,263846385.61,4.0,1942.6658333333335,4324.239683333333,269878.148573841,29819.26,0.0,0.0,29819.26,0.0,1.0,0.0,0.0,,0,0.0,0.0,0.0,0.0,0.0,,,títulos,veta / títulos,0.0,0.0,0.0
41357,Iquira,Huila,2024,28742.739999999998,283087977.25,4.0,2387.7025,4074.8423916666666,313907.9749326904,28742.74,0.0,0.0,28742.74,0.0,1.0,0.0,0.0,,0,0.0,0.0,0.0,0.0,0.0,,,títulos,veta / títulos,0.0,0.0,0.0
41357,Iquira,Huila,2025,26892.3,349286297.11,4.0,3441.505833333333,4051.7821666666664,445999.5059239138,26892.3,0.0,0.0,26892.3,0.0,1.0,0.0,0.0,,0,0.0,0.0,0.0,0.0,0.0,,,títulos,veta / títulos,0.0,0.0,0.0
41524,Palermo,Huila,2023,27602.29,361371159.21000004,4.0,1942.6658333333335,4324.239683333333,269878.148573841,27602.2842,0.0,0.0,27602.2842,0.0,1.0,46.0,19320.0,0.0,0,0.0,0.0,0.0,0.0,0.0,,,títulos,veta / títulos,1.0,0.0,0.0
41524,Palermo,Huila,2024,12507.81,205588196.7,4.0,2387.7025,4074.8423916666666,313907.9749326904,12507.81,0.0,0.0,12507.81,0.0,1.0,46.0,19320.0,0.0,0,0.0,0.0,0.0,0.0,0.0,,,títulos,veta / títulos,73.0,0.0,0.0
41524,Palermo,Huila,2025,9039.34,216328082.57,4.0,3441.505833333333,4051.7821666666664,445999.5059239138,9039.34,0.0,0.0,9039.34,0.0,1.0,46.0,19320.0,0.0,0,0.0,0.0,0.0,0.0,0.0,,,títulos,veta / títulos,19.0,2.0,1.0
41615,Rivera,Huila,2023,53933.36,723794383.49,4.0,1942.6658333333335,4324.239683333333,269878.148573841,53933.74155869,0.0,0.0,53933.74155869,0.0,1.0,0.0,0.0,,0,0.0,0.0,0.0,0.0,0.0,,,títulos,veta / títulos,3.0,0.0,0.0
41615,Rivera,Huila,2024,17307.3,209817932.86,4.0,2387.7025,4074.8423916666666,313907.9749326904,17307.3,0.0,0.0,17307.3,0.0,1.0,0.0,0.0,,0,0.0,0.0,0.0,0.0,0.0,,,títulos,veta / títulos,54.0,0.0,2.0
41615,Rivera,Huila,2025,39056.100000000006,662370714.5899999,4.0,3441.505833333333,4051.7821666666664,445999.5059239138,39056.1,0.0,0.0,39056.1,0.0,1.0,0.0,0.0,,0,0.0,0.0,0.0,0.0,0.0,,,títulos,veta / títulos,62.0,0.0,0.0
44090,Dibulla,La Guajira,2023,0.0,0.0,0.0,1942.6658333333335,4324.239683333333,269878.148573841,0.0,0.0,0.0,0.0,,,0.0,0.0,,0,4.6125,4.23,0.0,0.0,4.612500000000001,1.0,141.17647058823528,sin declaración,huella sin declaración,1.0,10.0,1.0
44090,Dibulla,La Guajira,2024,0.0,0.0,0.0,2387.7025,4074.8423916666666,313907.9749326904,0.0,0.0,0.0,0.0,,,0.0,0.0,,0,4.6125,4.23,0.0,0.0,4.612500000000001,1.0,141.17647058823528,sin declaración,huella sin declaración,6.0,8.0,0.0
44090,Dibulla,La Guajira,2025,0.0,0.0,0.0,3441.505833333333,4051.7821666666664,445999.5059239138,0.0,0.0,0.0,0.0,,,0.0,0.0,,0,4.6125,4.23,0.0,0.0,4.612500000000001,1.0,141.17647058823528,sin declaración,huella sin declaración,2.0,19.0,1.0
50223,Cubarral,Meta,2023,64.24,569492.1,1.0,1942.6658333333335,4324.239683333333,269878.148573841,0.0,64.24,0.0,64.24,1.0,0.0,44.0,18480.0,0.003476190476190476,0,0.0,0.0,0.0,0.0,0.0,,,barequeros,aluvión con barequeo,0.0,0.0,0.0
50223,Cubarral,Meta,2024,0.0,0.0,0.0,2387.7025,4074.8423916666666,313907.9749326904,0.0,0.0,0.0,0.0,,,44.0,18480.0,0.0,0,0.0,0.0,0.0,0.0,0.0,,,barequeros,aluvión con barequeo,0.0,0.0,2.0
50223,Cubarral,Meta,2025,3835.46,48868477.84,2.0,3441.505833333333,4051.7821666666664,445999.5059239138,0.0,3835.46,0.0,3835.46,1.0,0.0,44.0,18480.0,0.20754653679653678,0,0.0,0.0,0.0,0.0,0.0,,,barequeros,aluvión con barequeo,0.0,5.0,0.0
50330,Mesetas,Meta,2023,0.0,0.0,0.0,1942.6658333333335,4324.239683333333,269878.148573841,0.0,0.0,0.0,0.0,,,29.0,12180.0,0.0,0,0.0,0.0,0.0,0.0,0.0,,,barequeros,aluvión con barequeo,0.0,2.0,0.0
50330,Mesetas,Meta,2024,0.0,0.0,0.0,2387.7025,4074.8423916666666,313907.9749326904,0.0,0.0,0.0,0.0,,,29.0,12180.0,0.0,0,0.0,0.0,0.0,0.0,0.0,,,barequeros,aluvión con barequeo,0.0,5.0,2.0
50330,Mesetas,Meta,2025,2807.5699999999997,36315032.09,2.0,3441.505833333333,4051.7821666666664,445999.5059239138,0.0,2807.57,0.0,2807.57,1.0,0.0,29.0,12180.0,0.23050656814449919,0,0.0,0.0,0.0,0.0,0.0,,,barequeros,aluvión con barequeo,0.0,0.0,0.0
52079,Barbacoas,Nariño,2023,91603.44,787031796.58,4.0,1942.6658333333335,4324.239683333333,269878.148573841,0.0,91603.450068,0.0,91603.450068,1.0,0.0,726.0,304920.0,0.30041797870916964,0,1818.311391,1788.4393380933334,0.0,166.66134951,1651.65004383,0.9083427910120814,5.783931547409327,barequeros,aluvión con barequeo,3.0,7.0,4.0
52079,Barbacoas,Nariño,2024,193711.39,1913946243.0,4.0,2387.7025,4074.8423916666666,313907.9749326904,0.0,193711.39,0.0,193711.39,1.0,0.0,726.0,304920.0,0.6352859438541257,0,1818.311391,1788.4393380933334,0.0,166.66134951,1651.65004383,0.9083427910120814,5.783931547409327,barequeros,aluvión con barequeo,0.0,0.0,0.0
52079,Barbacoas,Nariño,2025,139917.41,1915692932.25,4.0,3441.505833333333,4051.7821666666664,445999.5059239138,0.0,139917.41,0.0,139917.41,1.0,0.0,726.0,304920.0,0.4588659648432376,0,1818.311391,1788.4393380933334,0.0,166.66134951,1651.65004383,0.9083427910120814,5.783931547409327,barequeros,aluvión con barequeo,0.0,0.0,0.0
52250,El Charco,Nariño,2023,512.92,4234151.56,1.0,1942.6658333333335,4324.239683333333,269878.148573841,0.0,512.92,0.0,512.92,1.0,0.0,46.0,19320.0,0.026548654244306417,0,365.680822,291.26247816666665,0.0,0.38550935,365.29531194,0.9989457744655803,56.66460896553795,otros,otros,0.0,0.0,0.0
52250,El Charco,Nariño,2024,32959.82,273695443.38,3.0,2387.7025,4074.8423916666666,313907.9749326904,8579.25,287.01,24093.56,32959.82,0.008707875225046739,0.26029420063580444,46.0,19320.0,0.0148555900621118,0,365.680822,291.26247816666665,0.0,0.38550935,365.29531194,0.9989457744655803,56.66460896553795,otros,otros,0.0,0.0,0.0
52250,El Charco,Nariño,2025,0.0,0.0,0.0,3441.505833333333,4051.7821666666664,445999.5059239138,0.0,0.0,0.0,0.0,,,46.0,19320.0,0.0,0,365.680822,291.26247816666665,0.0,0.38550935,365.29531194,0.9989457744655803,56.66460896553795,otros,otros,0.0,0.0,0.0
52385,La Llanada,Nariño,2023,0.0,0.0,0.0,1942.6658333333335,4324.239683333333,269878.148573841,0.0,0.0,0.0,0.0,,,116.0,48720.0,0.0,0,21.988607,9.248659636666666,0.0,0.0,21.988607140000003,1.0,721.6397141304826,títulos,veta / títulos,0.0,0.0,0.0
52385,La Llanada,Nariño,2024,0.0,0.0,0.0,2387.7025,4074.8423916666666,313907.9749326904,0.0,0.0,0.0,0.0,,,116.0,48720.0,0.0,0,21.988607,9.248659636666666,0.0,0.0,21.988607140000003,1.0,721.6397141304826,títulos,veta / títulos,0.0,0.0,0.0
52385,La Llanada,Nariño,2025,11800.37,159480590.22,4.0,3441.505833333333,4051.7821666666664,445999.5059239138,11800.37,0.0,0.0,11800.37,0.0,1.0,116.0,48720.0,0.0,0,21.988607,9.248659636666666,0.0,0.0,21.988607140000003,1.0,721.6397141304826,títulos,veta / títulos,0.0,0.0,0.0
52418,Los Andes,Nariño,2023,0.0,0.0,0.0,1942.6658333333335,4324.239683333333,269878.148573841,0.0,0.0,0.0,0.0,,,19.0,7980.0,0.0,0,140.005737,117.39431685,0.0,0.0,140.00573541,0.9999999886433224,47.45034707500524,sin declaración,huella sin declaración,0.0,0.0,0.0
52418,Los Andes,Nariño,2024,0.0,0.0,0.0,2387.7025,4074.8423916666666,313907.9749326904,0.0,0.0,0.0,0.0,,,19.0,7980.0,0.0,0,140.005737,117.39431685,0.0,0.0,140.00573541,0.9999999886433224,47.45034707500524,sin declaración,huella sin declaración,0.0,0.0,0.0
52418,Los Andes,Nariño,2025,0.0,0.0,0.0,3441.505833333333,4051.7821666666664,445999.5059239138,0.0,0.0,0.0,0.0,,,19.0,7980.0,0.0,0,140.005737,117.39431685,0.0,0.0,140.00573541,0.9999999886433224,47.45034707500524,sin declaración,huella sin declaración,0.0,0.0,0.0
52427,Magüi,Nariño,2023,0.0,0.0,0.0,1942.6658333333335,4324.239683333333,269878.148573841,0.0,0.0,0.0,0.0,,,178.0,74760.0,0.0,0,1736.23534,1499.17892022,485.11256907,9.31026824,1241.81249917,0.715232820436658,32.292174993839076,sin declaración,huella sin declaración,14.0,0.0,11.0
52427,Magüi,Nariño,2024,0.0,60355323.45999999,2.0,2387.7025,4074.8423916666666,313907.9749326904,0.0,0.0,0.0,0.0,,,178.0,74760.0,0.0,0,1736.23534,1499.17892022,485.11256907,9.31026824,1241.81249917,0.715232820436658,32.292174993839076,sin declaración,huella sin declaración,1.0,0.0,1.0
52427,Magüi,Nariño,2025,0.0,0.0,0.0,3441.505833333333,4051.7821666666664,445999.5059239138,0.0,0.0,0.0,0.0,,,178.0,74760.0,0.0,0,1736.23534,1499.17892022,485.11256907,9.31026824,1241.81249917,0.715232820436658,32.292174993839076,sin declaración,huella sin declaración,3.0,0.0,3.0
52621,Roberto Payan,Nariño,2023,501724.43,4469748427.96,4.0,1942.6658333333335,4324.239683333333,269878.148573841,0.0,501799.55,0.0,501799.55,1.0,0.0,0.0,0.0,,1,203.174858,166.51786146333333,0.0,4.702500000000001,198.47235715,0.976854907657915,65.77427493778902,barequeros,aluvión con barequeo,0.0,0.0,3.0
52621,Roberto Payan,Nariño,2024,62113.07,567066396.4300001,4.0,2387.7025,4074.8423916666666,313907.9749326904,0.0,62113.07,0.0,62113.07,1.0,0.0,0.0,0.0,,1,203.174858,166.51786146333333,0.0,4.702500000000001,198.47235715,0.976854907657915,65.77427493778902,barequeros,aluvión con barequeo,0.0,0.0,0.0
52621,Roberto Payan,Nariño,2025,14221.16,182025085.48000002,3.0,3441.505833333333,4051.7821666666664,445999.5059239138,0.0,14221.16,0.0,14221.16,1.0,0.0,0.0,0.0,,1,203.174858,166.51786146333333,0.0,4.702500000000001,198.47235715,0.976854907657915,65.77427493778902,barequeros,aluvión con barequeo,0.0,0.0,0.0
52685,San Bernardo - Nariño,Nariño,2023,0.0,0.0,0.0,1942.6658333333335,4324.239683333333,269878.148573841,0.0,0.0,0.0,0.0,,,0.0,0.0,,0,0.0,0.0,0.0,0.0,0.0,,,barequeros,aluvión con barequeo,5.0,0.0,0.0
52685,San Bernardo - Nariño,Nariño,2024,0.0,0.0,0.0,2387.7025,4074.8423916666666,313907.9749326904,0.0,0.0,0.0,0.0,,,0.0,0.0,,0,0.0,0.0,0.0,0.0,0.0,,,barequeros,aluvión con barequeo,0.0,0.0,0.0
52685,San Bernardo - Nariño,Nariño,2025,2546.9,32324343.01,1.0,3441.505833333333,4051.7821666666664,445999.5059239138,0.0,2546.9,0.0,2546.9,1.0,0.0,0.0,0.0,,1,0.0,0.0,0.0,0.0,0.0,,,barequeros,aluvión con barequeo,0.0,0.0,0.0
52696,Santa Barbara - Nariño,Nariño,2023,56317.51,493781685.05,4.0,1942.6658333333335,4324.239683333333,269878.148573841,0.0,52083.74,4233.77,56317.509999999995,0.9248232032985834,0.0,281.0,118020.0,0.4413128283341806,0,470.837163,340.31741458666664,0.0,36.62214211,434.21502007,0.9222190901485828,106.94770829349514,barequeros,aluvión con barequeo,0.0,0.0,3.0
52696,Santa Barbara - Nariño,Nariño,2024,55503.16,546199298.47,4.0,2387.7025,4074.8423916666666,313907.9749326904,0.0,50302.07,5201.09,55503.16,0.9062920021130327,0.0,281.0,118020.0,0.4262164887307236,0,470.837163,340.31741458666664,0.0,36.62214211,434.21502007,0.9222190901485828,106.94770829349514,barequeros,aluvión con barequeo,0.0,0.0,6.0
52696,Santa Barbara - Nariño,Nariño,2025,27711.239999999998,385554568.88,4.0,3441.505833333333,4051.7821666666664,445999.5059239138,0.0,13220.74,14490.5,27711.239999999998,0.4770894409633059,0.0,281.0,118020.0,0.11202118285036435,0,470.837163,340.31741458666664,0.0,36.62214211,434.21502007,0.9222190901485828,106.94770829349514,barequeros,aluvión con barequeo,0.0,0.0,1.0
52835,San Andres de Tumaco,Nariño,2023,0.0,0.0,0.0,1942.6658333333335,4324.239683333333,269878.148573841,0.0,0.0,0.0,0.0,,,0.0,0.0,,0,97.234719,70.38688889000001,0.0,0.0,97.23472091,1.0,109.08455930086211,sin declaración,huella sin declaración,0.0,0.0,0.0
52835,San Andres de Tumaco,Nariño,2024,0.0,0.0,0.0,2387.7025,4074.8423916666666,313907.9749326904,0.0,0.0,0.0,0.0,,,0.0,0.0,,0,97.234719,70.38688889000001,0.0,0.0,97.23472091,1.0,109.08455930086211,sin declaración,huella sin declaración,0.0,0.0,0.0
52835,San Andres de Tumaco,Nariño,2025,0.0,0.0,0.0,3441.505833333333,4051.7821666666664,445999.5059239138,0.0,0.0,0.0,0.0,,,0.0,0.0,,0,97.234719,70.38688889000001,0.0,0.0,97.23472091,1.0,109.08455930086211,sin declaración,huella sin declaración,0.0,0.0,0.0
63130,Calarca,Quindío,2023,0.0,0.0,0.0,1942.6658333333335,4324.239683333333,269878.148573841,0.0,0.0,0.0,0.0,,,18.0,7560.0,0.0,0,0.0,0.0,0.0,0.0,0.0,,,sin declaración,registro sin volumen ni huella,9.0,0.0,0.0
63130,Calarca,Quindío,2024,0.0,0.0,0.0,2387.7025,4074.8423916666666,313907.9749326904,0.0,0.0,0.0,0.0,,,18.0,7560.0,0.0,0,0.0,0.0,0.0,0.0,0.0,,,sin declaración,registro sin volumen ni huella,8.0,0.0,2.0
63130,Calarca,Quindío,2025,69.0,745941.28,1.0,3441.505833333333,4051.7821666666664,445999.5059239138,0.0,0.0,0.0,0.0,,,18.0,7560.0,0.0,0,0.0,0.0,0.0,0.0,0.0,,,sin declaración,registro sin volumen ni huella,13.0,0.0,0.0
66088,Belen de Umbria - Risaralda,Risaralda,2023,111.7,912433.72,1.0,1942.6658333333335,4324.239683333333,269878.148573841,0.0,111.7,0.0,111.7,1.0,0.0,6.0,2520.0,0.04432539682539682,0,0.0,0.0,0.0,0.0,0.0,,,barequeros,aluvión con barequeo,1.0,8.0,1.0
66088,Belen de Umbria - Risaralda,Risaralda,2024,53.230000000000004,438379.5,1.0,2387.7025,4074.8423916666666,313907.9749326904,0.0,53.23,0.0,53.23,1.0,0.0,6.0,2520.0,0.021123015873015873,0,0.0,0.0,0.0,0.0,0.0,,,barequeros,aluvión con barequeo,0.0,0.0,2.0
66088,Belen de Umbria - Risaralda,Risaralda,2025,0.0,0.0,0.0,3441.505833333333,4051.7821666666664,445999.5059239138,0.0,0.0,0.0,0.0,,,6.0,2520.0,0.0,0,0.0,0.0,0.0,0.0,0.0,,,barequeros,aluvión con barequeo,4.0,1.0,3.0
66456,Mistrato,Risaralda,2023,1474.86,12741278.06,4.0,1942.6658333333335,4324.239683333333,269878.148573841,0.0,288.76,1186.10396,1474.86396,0.1957875491106312,0.0,9.0,3780.0,0.07639153439153439,0,0.0,0.0,0.0,0.0,0.0,,,barequeros,aluvión con barequeo,0.0,0.0,0.0
66456,Mistrato,Risaralda,2024,936.63,7710847.92,2.0,2387.7025,4074.8423916666666,313907.9749326904,0.0,936.63,0.0,936.63,1.0,0.0,9.0,3780.0,0.24778571428571428,0,0.0,0.0,0.0,0.0,0.0,,,barequeros,aluvión con barequeo,0.0,0.0,1.0
66456,Mistrato,Risaralda,2025,0.0,0.0,0.0,3441.505833333333,4051.7821666666664,445999.5059239138,0.0,0.0,0.0,0.0,,,9.0,3780.0,0.0,0,0.0,0.0,0.0,0.0,0.0,,,barequeros,aluvión con barequeo,1.0,4.0,4.0
66572,Pueblo Rico,Risaralda,2023,389.23,3192657.37,1.0,1942.6658333333335,4324.239683333333,269878.148573841,0.0,389.23,0.0,389.23,1.0,0.0,23.0,9660.0,0.040292960662525884,0,0.0,0.0,0.0,0.0,0.0,,,barequeros,aluvión con barequeo,0.0,0.0,0.0
66572,Pueblo Rico,Risaralda,2024,136.89000000000001,1127759.28,2.0,2387.7025,4074.8423916666666,313907.9749326904,0.0,136.89,0.0,136.89,1.0,0.0,23.0,9660.0,0.014170807453416147,0,0.0,0.0,0.0,0.0,0.0,,,barequeros,aluvión con barequeo,0.0,0.0,2.0
66572,Pueblo Rico,Risaralda,2025,0.0,0.0,0.0,3441.505833333333,4051.7821666666664,445999.5059239138,0.0,0.0,0.0,0.0,,,23.0,9660.0,0.0,0,0.0,0.0,0.0,0.0,0.0,,,barequeros,aluvión con barequeo,0.0,0.0,3.0
66594,Quinchia,Risaralda,2023,74555.1,657980657.14,4.0,1942.6658333333335,4324.239683333333,269878.148573841,12106.675073,61298.41099561,1150.003352,74555.08942061,0.822189490643474,0.16238562876236362,83.0,34860.0,1.7584168386577739,0,0.0,0.0,0.0,0.0,0.0,,,barequeros,aluvión con barequeo,0.0,0.0,0.0
66594,Quinchia,Risaralda,2024,30647.96,279941609.57000005,4.0,2387.7025,4074.8423916666666,313907.9749326904,3079.55,24308.04,3260.37,30647.96,0.7931372920089951,0.10048140235108635,83.0,34860.0,0.6973046471600689,0,0.0,0.0,0.0,0.0,0.0,,,barequeros,aluvión con barequeo,14.0,0.0,5.0
66594,Quinchia,Risaralda,2025,17115.81,218646133.38,4.0,3441.505833333333,4051.7821666666664,445999.5059239138,4631.08,12484.73,0.0,17115.809999999998,0.729426769752644,0.27057323024735613,83.0,34860.0,0.35813912794033276,0,0.0,0.0,0.0,0.0,0.0,,,barequeros,aluvión con barequeo,12.0,11.0,12.0
68132,California,Santander,2023,15496.82,130407032.16,2.0,1942.6658333333335,4324.239683333333,269878.148573841,11575.97229,0.0,3920.85,15496.82229,0.0,0.7469900650193234,93.0,39060.0,0.0,0,0.0,0.0,0.0,0.0,0.0,,,títulos,veta / títulos,57.0,0.0,0.0
68132,California,Santander,2024,4655.12,45258781.28,3.0,2387.7025,4074.8423916666666,313907.9749326904,3845.13,0.0,809.99,4655.12,0.0,0.8260001890391655,93.0,39060.0,0.0,0,0.0,0.0,0.0,0.0,0.0,,,títulos,veta / títulos,98.0,7.0,0.0
68132,California,Santander,2025,9089.52,122107286.77,4.0,3441.505833333333,4051.7821666666664,445999.5059239138,9089.52,0.0,0.0,9089.52,0.0,1.0,93.0,39060.0,0.0,0,0.0,0.0,0.0,0.0,0.0,,,títulos,veta / títulos,107.0,19.0,0.0
68406,Lebrija,Santander,2023,0.0,0.0,0.0,1942.6658333333335,4324.239683333333,269878.148573841,0.0,0.0,0.0,0.0,,,14.0,5880.0,0.0,0,0.0,0.0,0.0,0.0,0.0,,,títulos,veta / títulos,0.0,0.0,0.0
68406,Lebrija,Santander,2024,1000.6600000000001,47051663.25,2.0,2387.7025,4074.8423916666666,313907.9749326904,0.0,1000.66,0.0,1000.66,1.0,0.0,14.0,5880.0,0.17018027210884354,0,0.0,0.0,0.0,0.0,0.0,,,títulos,veta / títulos,6.0,0.0,0.0
68406,Lebrija,Santander,2025,1231.17,105277062.06,4.0,3441.505833333333,4051.7821666666664,445999.5059239138,1231.17,0.0,0.0,1231.17,0.0,1.0,14.0,5880.0,0.0,0,0.0,0.0,0.0,0.0,0.0,,,títulos,veta / títulos,10.0,0.0,0.0
68615,Rionegro - Santander,Santander,2023,30144.24,361820854.23,4.0,1942.6658333333335,4324.239683333333,269878.148573841,30144.24,0.0,0.0,30144.24,0.0,1.0,1.0,420.0,0.0,0,0.0,0.0,0.0,0.0,0.0,,,títulos,veta / títulos,0.0,0.0,0.0
68615,Rionegro - Santander,Santander,2024,20004.079999999998,248042401.04,4.0,2387.7025,4074.8423916666666,313907.9749326904,20004.08,0.0,0.0,20004.08,0.0,1.0,1.0,420.0,0.0,0,0.0,0.0,0.0,0.0,0.0,,,títulos,veta / títulos,0.0,2.0,0.0
68615,Rionegro - Santander,Santander,2025,17798.19,274861300.83000004,4.0,3441.505833333333,4051.7821666666664,445999.5059239138,17798.19,0.0,0.0,17798.19,0.0,1.0,1.0,420.0,0.0,0,0.0,0.0,0.0,0.0,0.0,,,títulos,veta / títulos,5.0,1.0,1.0
68655,Sabana de Torres,Santander,2023,0.0,0.0,0.0,1942.6658333333335,4324.239683333333,269878.148573841,0.0,0.0,0.0,0.0,,,82.0,34440.0,0.0,0,0.0,0.0,0.0,0.0,0.0,,,barequeros,aluvión con barequeo,2.0,3.0,0.0
68655,Sabana de Torres,Santander,2024,653.35,5510366.74,1.0,2387.7025,4074.8423916666666,313907.9749326904,0.0,653.35,0.0,653.35,1.0,0.0,82.0,34440.0,0.018970673635307782,0,0.0,0.0,0.0,0.0,0.0,,,barequeros,aluvión con barequeo,8.0,19.0,7.0
68655,Sabana de Torres,Santander,2025,0.0,0.0,0.0,3441.505833333333,4051.7821666666664,445999.5059239138,0.0,0.0,0.0,0.0,,,82.0,34440.0,0.0,0,0.0,0.0,0.0,0.0,0.0,,,barequeros,aluvión con barequeo,7.0,26.0,4.0
68867,Vetas,Santander,2023,45411.130000000005,386287573.15,4.0,1942.6658333333335,4324.239683333333,269878.148573841,45411.134593,0.0,0.0,45411.134593,0.0,1.0,36.0,15120.0,0.0,0,0.0,0.0,0.0,0.0,0.0,,,títulos,veta / títulos,3.0,2.0,0.0
68867,Vetas,Santander,2024,43942.92,417373959.84000003,4.0,2387.7025,4074.8423916666666,313907.9749326904,43942.92,0.0,0.0,43942.92,0.0,1.0,36.0,15120.0,0.0,0,0.0,0.0,0.0,0.0,0.0,,,títulos,veta / títulos,14.0,0.0,0.0
68867,Vetas,Santander,2025,36043.619999999995,506332829.15,4.0,3441.505833333333,4051.7821666666664,445999.5059239138,36043.62,0.0,0.0,36043.62,0.0,1.0,36.0,15120.0,0.0,0,0.0,0.0,0.0,0.0,0.0,,,títulos,veta / títulos,1.0,2.0,0.0
70771,Sucre - Sucre,Sucre,2023,69629.59,610571490.91,3.0,1942.6658333333335,4324.239683333333,269878.148573841,0.0,70355.59,0.0,70355.59,1.0,0.0,606.0,254520.0,0.27642460317460316,0,0.0,0.0,0.0,0.0,0.0,,,barequeros,aluvión con barequeo,0.0,0.0,0.0
70771,Sucre - Sucre,Sucre,2024,33863.07,322542858.23,4.0,2387.7025,4074.8423916666666,313907.9749326904,0.0,33863.07,0.0,33863.07,1.0,0.0,606.0,254520.0,0.1330467939651108,0,0.0,0.0,0.0,0.0,0.0,,,barequeros,aluvión con barequeo,0.0,0.0,0.0
70771,Sucre - Sucre,Sucre,2025,95364.89,1250886967.91,4.0,3441.505833333333,4051.7821666666664,445999.5059239138,0.0,95364.89,0.0,95364.89,1.0,0.0,606.0,254520.0,0.3746852506679239,0,0.0,0.0,0.0,0.0,0.0,,,barequeros,aluvión con barequeo,0.0,0.0,0.0
73001,Ibague,Tolima,2023,55264.17,458347587.3299999,3.0,1942.6658333333335,4324.239683333333,269878.148573841,0.0,55264.17008675,0.0,55264.17008675,1.0,0.0,46.0,19320.0,2.860464290204451,0,0.0,0.0,0.0,0.0,0.0,,,barequeros,aluvión con barequeo,6.0,0.0,0.0
73001,Ibague,Tolima,2024,0.0,0.0,0.0,2387.7025,4074.8423916666666,313907.9749326904,0.0,0.0,0.0,0.0,,,46.0,19320.0,0.0,0,0.0,0.0,0.0,0.0,0.0,,,barequeros,aluvión con barequeo,79.0,0.0,1.0
73001,Ibague,Tolima,2025,0.0,0.0,0.0,3441.505833333333,4051.7821666666664,445999.5059239138,0.0,0.0,0.0,0.0,,,46.0,19320.0,0.0,0,0.0,0.0,0.0,0.0,0.0,,,barequeros,aluvión con barequeo,107.0,8.0,9.0
73043,Anzoategui,Tolima,2023,1499.88,13745995.81,2.0,1942.6658333333335,4324.239683333333,269878.148573841,0.0,0.0,1499.879997,1499.879997,0.0,0.0,0.0,0.0,,0,0.0,0.0,0.0,0.0,0.0,,,otros,otros,0.0,0.0,0.0
73043,Anzoategui,Tolima,2024,0.0,0.0,0.0,2387.7025,4074.8423916666666,313907.9749326904,0.0,0.0,0.0,0.0,,,0.0,0.0,,0,0.0,0.0,0.0,0.0,0.0,,,otros,otros,0.0,0.0,0.0
73043,Anzoategui,Tolima,2025,0.0,0.0,0.0,3441.505833333333,4051.7821666666664,445999.5059239138,0.0,0.0,0.0,0.0,,,0.0,0.0,,0,0.0,0.0,0.0,0.0,0.0,,,otros,otros,0.0,0.0,0.0
73067,Ataco,Tolima,2023,29015.69,397163250.17,3.0,1942.6658333333335,4324.239683333333,269878.148573841,30515.69,0.0,0.0,30515.69,0.0,1.0,8.0,3360.0,0.0,0,17.111242,9.626247333333334,16.75124227,0.0,0.36,0.021038800105801787,,títulos,veta / títulos,6.0,9.0,0.0
73067,Ataco,Tolima,2024,61602.31,878247967.8999999,4.0,2387.7025,4074.8423916666666,313907.9749326904,61602.31,0.0,0.0,61602.31,0.0,1.0,8.0,3360.0,0.0,0,17.111242,9.626247333333334,16.75124227,0.0,0.36,0.021038800105801787,,títulos,veta / títulos,2.0,4.0,1.0
73067,Ataco,Tolima,2025,136882.61,2573428513.4399996,4.0,3441.505833333333,4051.7821666666664,445999.5059239138,136882.61000000002,0.0,0.0,136882.61000000002,0.0,1.0,8.0,3360.0,0.0,0,17.111242,9.626247333333334,16.75124227,0.0,0.36,0.021038800105801787,,títulos,veta / títulos,9.0,24.0,6.0
73124,Cajamarca,Tolima,2023,0.0,0.0,0.0,1942.6658333333335,4324.239683333333,269878.148573841,0.0,0.0,0.0,0.0,,,17.0,7140.0,0.0,0,0.0,0.0,0.0,0.0,0.0,,,sin declaración,registro sin volumen ni huella,0.0,0.0,0.0
73124,Cajamarca,Tolima,2024,0.0,0.0,0.0,2387.7025,4074.8423916666666,313907.9749326904,0.0,0.0,0.0,0.0,,,17.0,7140.0,0.0,0,0.0,0.0,0.0,0.0,0.0,,,sin declaración,registro sin volumen ni huella,0.0,0.0,0.0
73124,Cajamarca,Tolima,2025,31.0,324226.82,1.0,3441.505833333333,4051.7821666666664,445999.5059239138,0.0,0.0,0.0,0.0,,,17.0,7140.0,0.0,0,0.0,0.0,0.0,0.0,0.0,,,sin declaración,registro sin volumen ni huella,1.0,0.0,1.0
73168,Chaparral,Tolima,2023,119718.70999999999,1040622832.6600001,4.0,1942.6658333333335,4324.239683333333,269878.148573841,0.0,119718.71,0.0,119718.71,1.0,0.0,12.0,5040.0,23.753712301587303,0,8.448758,3.851252666666667,4.62375772,0.0,3.825,0.45272926505884065,,barequeros,aluvión con barequeo,3.0,5.0,1.0
73168,Chaparral,Tolima,2024,11859.83,204325082.7,4.0,2387.7025,4074.8423916666666,313907.9749326904,0.0,11859.83,0.0,11859.83,1.0,0.0,12.0,5040.0,2.353140873015873,0,8.448758,3.851252666666667,4.62375772,0.0,3.825,0.45272926505884065,,barequeros,aluvión con barequeo,3.0,4.0,0.0
73168,Chaparral,Tolima,2025,188.84,319111743.61,4.0,3441.505833333333,4051.7821666666664,445999.5059239138,0.0,162.84,0.0,162.84,1.0,0.0,12.0,5040.0,0.03230952380952381,0,8.448758,3.851252666666667,4.62375772,0.0,3.825,0.45272926505884065,,barequeros,aluvión con barequeo,1.0,2.0,1.0
73217,Coyaima,Tolima,2023,67063.08,596281229.0799999,4.0,1942.6658333333335,4324.239683333333,269878.148573841,0.0,67063.08,0.0,67063.08,1.0,0.0,45.0,18900.0,3.5483111111111114,0,31.162935,28.620145000000004,28.08180911,0.0,3.08112556,0.09887148177795191,10.712976285638165,barequeros,aluvión con barequeo,2.0,2.0,3.0
73217,Coyaima,Tolima,2024,10060.54,86485941.19999999,2.0,2387.7025,4074.8423916666666,313907.9749326904,899.74,9160.8,0.0,10060.539999999999,0.910567424810199,0.08943257518980095,45.0,18900.0,0.4846984126984127,0,31.162935,28.620145000000004,28.08180911,0.0,3.08112556,0.09887148177795191,10.712976285638165,barequeros,aluvión con barequeo,1.0,0.0,0.0
73217,Coyaima,Tolima,2025,0.0,0.0,0.0,3441.505833333333,4051.7821666666664,445999.5059239138,0.0,0.0,0.0,0.0,,,45.0,18900.0,0.0,0,31.162935,28.620145000000004,28.08180911,0.0,3.08112556,0.09887148177795191,10.712976285638165,barequeros,aluvión con barequeo,1.0,8.0,1.0
73270,Falan,Tolima,2023,94152.51,739147797.64,4.0,1942.6658333333335,4324.239683333333,269878.148573841,57407.59,7595.43,29149.49,94152.51,0.08067156149103195,0.6097297884039417,1.0,420.0,18.084357142857144,0,0.0,0.0,0.0,0.0,0.0,,,otros,otros,4.0,12.0,1.0
73270,Falan,Tolima,2024,93533.45,836268715.2099999,4.0,2387.7025,4074.8423916666666,313907.9749326904,741.83,0.0,92791.62,93533.45,0.0,0.007931173286134534,1.0,420.0,0.0,0,0.0,0.0,0.0,0.0,0.0,,,otros,otros,2.0,2.0,0.0
73270,Falan,Tolima,2025,0.0,11791822.59,4.0,3441.505833333333,4051.7821666666664,445999.5059239138,0.0,0.0,0.0,0.0,,,1.0,420.0,0.0,0,0.0,0.0,0.0,0.0,0.0,,,otros,otros,0.0,0.0,0.0
73408,Lerida,Tolima,2023,27670.28,243900685.79000002,4.0,1942.6658333333335,4324.239683333333,269878.148573841,0.0,27670.28,0.0,27670.28,1.0,0.0,0.0,0.0,,1,0.0,0.0,0.0,0.0,0.0,,,barequeros,aluvión con barequeo,1.0,0.0,0.0
73408,Lerida,Tolima,2024,6751.34,55878287.440000005,2.0,2387.7025,4074.8423916666666,313907.9749326904,0.0,6751.34,0.0,6751.34,1.0,0.0,0.0,0.0,,1,0.0,0.0,0.0,0.0,0.0,,,barequeros,aluvión con barequeo,2.0,0.0,0.0
73408,Lerida,Tolima,2025,0.0,0.0,0.0,3441.505833333333,4051.7821666666664,445999.5059239138,0.0,0.0,0.0,0.0,,,0.0,0.0,,0,0.0,0.0,0.0,0.0,0.0,,,barequeros,aluvión con barequeo,8.0,0.0,0.0
73411,Libano,Tolima,2023,260030.27,2261776287.38,4.0,1942.6658333333335,4324.239683333333,269878.148573841,260030.26613552,0.0,0.0,260030.26613552,0.0,1.0,15.0,6300.0,0.0,0,0.0,0.0,0.0,0.0,0.0,,,títulos,veta / títulos,0.0,0.0,0.0
73411,Libano,Tolima,2024,174267.82,1677299156.02,4.0,2387.7025,4074.8423916666666,313907.9749326904,174267.82,0.0,0.0,174267.82,0.0,1.0,15.0,6300.0,0.0,0,0.0,0.0,0.0,0.0,0.0,,,títulos,veta / títulos,0.0,0.0,0.0
73411,Libano,Tolima,2025,186293.45,2093179690.84,4.0,3441.505833333333,4051.7821666666664,445999.5059239138,186293.45,0.0,0.0,186293.45,0.0,1.0,15.0,6300.0,0.0,0,0.0,0.0,0.0,0.0,0.0,,,títulos,veta / títulos,3.0,7.0,6.0
73443,Mariquita,Tolima,2023,34984.21,308459787.43,4.0,1942.6658333333335,4324.239683333333,269878.148573841,0.0,34984.214,0.0,34984.214,1.0,0.0,4.0,1680.0,20.823936904761904,0,0.0,0.0,0.0,0.0,0.0,,,barequeros,aluvión con barequeo,1.0,0.0,0.0
73443,Mariquita,Tolima,2024,3817.96,31581586.17,2.0,2387.7025,4074.8423916666666,313907.9749326904,0.0,3817.96,0.0,3817.96,1.0,0.0,4.0,1680.0,2.272595238095238,0,0.0,0.0,0.0,0.0,0.0,,,barequeros,aluvión con barequeo,2.0,5.0,3.0
73443,Mariquita,Tolima,2025,0.0,0.0,0.0,3441.505833333333,4051.7821666666664,445999.5059239138,0.0,0.0,0.0,0.0,,,4.0,1680.0,0.0,0,0.0,0.0,0.0,0.0,0.0,,,barequeros,aluvión con barequeo,3.0,0.0,0.0
73504,Ortega,Tolima,2023,35036.35,310294089.09000003,4.0,1942.6658333333335,4324.239683333333,269878.148573841,0.0,35036.35,0.0,35036.35,1.0,0.0,4.0,1680.0,20.854970238095238,0,0.0,0.0,0.0,0.0,0.0,,,barequeros,aluvión con barequeo,0.0,0.0,0.0
73504,Ortega,Tolima,2024,6804.54,56371166.02,2.0,2387.7025,4074.8423916666666,313907.9749326904,0.0,6804.54,0.0,6804.54,1.0,0.0,4.0,1680.0,4.050321428571428,0,0.0,0.0,0.0,0.0,0.0,,,barequeros,aluvión con barequeo,1.0,0.0,0.0
73504,Ortega,Tolima,2025,0.0,0.0,0.0,3441.505833333333,4051.7821666666664,445999.5059239138,0.0,0.0,0.0,0.0,,,4.0,1680.0,0.0,0,0.0,0.0,0.0,0.0,0.0,,,barequeros,aluvión con barequeo,1.0,0.0,0.0
73686,Santa Isabel,Tolima,2023,0.0,0.0,0.0,1942.6658333333335,4324.239683333333,269878.148573841,0.0,0.0,0.0,0.0,,,0.0,0.0,,0,0.0,0.0,0.0,0.0,0.0,,,títulos,veta / títulos,0.0,0.0,0.0
73686,Santa Isabel,Tolima,2024,324.13,3588073.33,1.0,2387.7025,4074.8423916666666,313907.9749326904,324.13,0.0,0.0,324.13,0.0,1.0,0.0,0.0,,0,0.0,0.0,0.0,0.0,0.0,,,títulos,veta / títulos,0.0,0.0,0.0
73686,Santa Isabel,Tolima,2025,0.0,0.0,0.0,3441.505833333333,4051.7821666666664,445999.5059239138,0.0,0.0,0.0,0.0,,,0.0,0.0,,0,0.0,0.0,0.0,0.0,0.0,,,títulos,veta / títulos,2.0,3.0,2.0
73861,Venadillo,Tolima,2023,13071.4,115807791.3,4.0,1942.6658333333335,4324.239683333333,269878.148573841,0.0,13071.4,0.0,13071.4,1.0,0.0,20.0,8400.0,1.5561190476190476,0,0.0,0.0,0.0,0.0,0.0,,,barequeros,aluvión con barequeo,0.0,0.0,0.0
73861,Venadillo,Tolima,2024,909.9000000000001,7521506.100000001,2.0,2387.7025,4074.8423916666666,313907.9749326904,0.0,909.9,0.0,909.9,1.0,0.0,20.0,8400.0,0.10832142857142857,0,0.0,0.0,0.0,0.0,0.0,,,barequeros,aluvión con barequeo,0.0,0.0,0.0
73861,Venadillo,Tolima,2025,0.0,0.0,0.0,3441.505833333333,4051.7821666666664,445999.5059239138,0.0,0.0,0.0,0.0,,,20.0,8400.0,0.0,0,0.0,0.0,0.0,0.0,0.0,,,barequeros,aluvión con barequeo,0.0,0.0,0.0
73870,Villahermosa,Tolima,2023,0.0,0.0,0.0,1942.6658333333335,4324.239683333333,269878.148573841,0.0,0.0,0.0,0.0,,,0.0,0.0,,0,0.0,0.0,0.0,0.0,0.0,,,sin declaración,registro sin volumen ni huella,0.0,0.0,0.0
73870,Villahermosa,Tolima,2024,0.0,54476165.870000005,2.0,2387.7025,4074.8423916666666,313907.9749326904,0.0,0.0,0.0,0.0,,,0.0,0.0,,0,0.0,0.0,0.0,0.0,0.0,,,sin declaración,registro sin volumen ni huella,0.0,0.0,0.0
73870,Villahermosa,Tolima,2025,0.0,134300997.95,4.0,3441.505833333333,4051.7821666666664,445999.5059239138,0.0,0.0,0.0,0.0,,,0.0,0.0,,0,0.0,0.0,0.0,0.0,0.0,,,sin declaración,registro sin volumen ni huella,0.0,0.0,0.0
76109,Buenaventura,Valle del Cauca,2023,0.0,0.0,0.0,1942.6658333333335,4324.239683333333,269878.148573841,0.0,0.0,0.0,0.0,,,225.0,94500.0,0.0,0,585.586555,594.6380183533333,0.45,0.03413992,585.10241076,0.9991732319742211,3.405256909574028,sin declaración,huella sin declaración,16.0,1.0,12.0
76109,Buenaventura,Valle del Cauca,2024,0.0,0.0,0.0,2387.7025,4074.8423916666666,313907.9749326904,0.0,0.0,0.0,0.0,,,225.0,94500.0,0.0,0,585.586555,594.6380183533333,0.45,0.03413992,585.10241076,0.9991732319742211,3.405256909574028,sin declaración,huella sin declaración,9.0,0.0,14.0
76109,Buenaventura,Valle del Cauca,2025,0.0,0.0,0.0,3441.505833333333,4051.7821666666664,445999.5059239138,0.0,0.0,0.0,0.0,,,225.0,94500.0,0.0,0,585.586555,594.6380183533333,0.45,0.03413992,585.10241076,0.9991732319742211,3.405256909574028,sin declaración,huella sin declaración,11.0,1.0,10.0
76126,Calima,Valle del Cauca,2023,0.0,0.0,0.0,1942.6658333333335,4324.239683333333,269878.148573841,0.0,0.0,0.0,0.0,,,0.0,0.0,,0,5.891083,8.758694333333333,0.0,0.0,5.89108316,1.0,-35.66930930930931,sin declaración,huella sin declaración,0.0,0.0,0.0
76126,Calima,Valle del Cauca,2024,0.0,0.0,0.0,2387.7025,4074.8423916666666,313907.9749326904,0.0,0.0,0.0,0.0,,,0.0,0.0,,0,5.891083,8.758694333333333,0.0,0.0,5.89108316,1.0,-35.66930930930931,sin declaración,huella sin declaración,0.0,0.0,0.0
76126,Calima,Valle del Cauca,2025,0.0,0.0,0.0,3441.505833333333,4051.7821666666664,445999.5059239138,0.0,0.0,0.0,0.0,,,0.0,0.0,,0,5.891083,8.758694333333333,0.0,0.0,5.89108316,1.0,-35.66930930930931,sin declaración,huella sin declaración,0.0,0.0,0.0
76250,El Dovio,Valle del Cauca,2023,198.98,1646107.56,1.0,1942.6658333333335,4324.239683333333,269878.148573841,0.0,198.98,0.0,198.98,1.0,0.0,0.0,0.0,,1,0.0,0.0,0.0,0.0,0.0,,,barequeros,aluvión con barequeo,0.0,0.0,0.0
76250,El Dovio,Valle del Cauca,2024,110.93,907911.91,1.0,2387.7025,4074.8423916666666,313907.9749326904,0.0,110.93,0.0,110.93,1.0,0.0,0.0,0.0,,1,0.0,0.0,0.0,0.0,0.0,,,barequeros,aluvión con barequeo,0.0,0.0,0.0
76250,El Dovio,Valle del Cauca,2025,0.0,0.0,0.0,3441.505833333333,4051.7821666666664,445999.5059239138,0.0,0.0,0.0,0.0,,,0.0,0.0,,0,0.0,0.0,0.0,0.0,0.0,,,barequeros,aluvión con barequeo,1.0,0.0,0.0
76364,Jamundi,Valle del Cauca,2023,4390.07,28807267.47,1.0,1942.6658333333335,4324.239683333333,269878.148573841,0.0,0.0,4390.07,4390.07,0.0,0.0,19.0,7980.0,0.0,0,0.0,0.0,0.0,0.0,0.0,,,otros,otros,0.0,0.0,0.0
76364,Jamundi,Valle del Cauca,2024,7426.28,53374221.51,2.0,2387.7025,4074.8423916666666,313907.9749326904,0.0,0.0,7426.28,7426.28,0.0,0.0,19.0,7980.0,0.0,0,0.0,0.0,0.0,0.0,0.0,,,otros,otros,13.0,5.0,3.0
76364,Jamundi,Valle del Cauca,2025,0.0,0.0,0.0,3441.505833333333,4051.7821666666664,445999.5059239138,0.0,0.0,0.0,0.0,,,19.0,7980.0,0.0,0,0.0,0.0,0.0,0.0,0.0,,,otros,otros,4.0,0.0,0.0
86001,Mocoa,Putumayo,2023,0.0,0.0,0.0,1942.6658333333335,4324.239683333333,269878.148573841,0.0,0.0,0.0,0.0,,,1.0,420.0,0.0,0,84.746772,77.27973638666667,0.0,0.0,84.74677211,1.0,18.54840354662628,sin declaración,huella sin declaración,0.0,11.0,4.0
86001,Mocoa,Putumayo,2024,0.0,0.0,0.0,2387.7025,4074.8423916666666,313907.9749326904,0.0,0.0,0.0,0.0,,,1.0,420.0,0.0,0,84.746772,77.27973638666667,0.0,0.0,84.74677211,1.0,18.54840354662628,sin declaración,huella sin declaración,1.0,7.0,2.0
86001,Mocoa,Putumayo,2025,0.0,0.0,0.0,3441.505833333333,4051.7821666666664,445999.5059239138,0.0,0.0,0.0,0.0,,,1.0,420.0,0.0,0,84.746772,77.27973638666667,0.0,0.0,84.74677211,1.0,18.54840354662628,sin declaración,huella sin declaración,8.0,0.0,7.0
86320,Orito,Putumayo,2023,0.0,0.0,0.0,1942.6658333333335,4324.239683333333,269878.148573841,0.0,0.0,0.0,0.0,,,3.0,1260.0,0.0,0,20.113569,32.99202300333334,0.0,0.0,20.11356918,1.0,-61.04852287581699,sin declaración,huella sin declaración,0.0,0.0,3.0
86320,Orito,Putumayo,2024,0.0,0.0,0.0,2387.7025,4074.8423916666666,313907.9749326904,0.0,0.0,0.0,0.0,,,3.0,1260.0,0.0,0,20.113569,32.99202300333334,0.0,0.0,20.11356918,1.0,-61.04852287581699,sin declaración,huella sin declaración,7.0,0.0,10.0
86320,Orito,Putumayo,2025,0.0,0.0,0.0,3441.505833333333,4051.7821666666664,445999.5059239138,0.0,0.0,0.0,0.0,,,3.0,1260.0,0.0,0,20.113569,32.99202300333334,0.0,0.0,20.11356918,1.0,-61.04852287581699,sin declaración,huella sin declaración,6.0,1.0,6.0
86568,Puerto Asís,Putumayo,2023,0.0,0.0,0.0,1942.6658333333335,4324.239683333333,269878.148573841,0.0,0.0,0.0,0.0,,,0.0,0.0,,0,25.77886,16.65885946,0.0,0.0,25.77885921,0.9999999693547348,138.33213763216054,sin declaración,huella sin declaración,0.0,0.0,2.0
86568,Puerto Asís,Putumayo,2024,0.0,0.0,0.0,2387.7025,4074.8423916666666,313907.9749326904,0.0,0.0,0.0,0.0,,,0.0,0.0,,0,25.77886,16.65885946,0.0,0.0,25.77885921,0.9999999693547348,138.33213763216054,sin declaración,huella sin declaración,2.0,3.0,1.0
86568,Puerto Asís,Putumayo,2025,0.0,0.0,0.0,3441.505833333333,4051.7821666666664,445999.5059239138,0.0,0.0,0.0,0.0,,,0.0,0.0,,0,25.77886,16.65885946,0.0,0.0,25.77885921,0.9999999693547348,138.33213763216054,sin declaración,huella sin declaración,11.0,0.0,9.0
86569,Puerto Caicedo,Putumayo,2023,0.0,0.0,0.0,1942.6658333333335,4324.239683333333,269878.148573841,0.0,0.0,0.0,0.0,,,0.0,0.0,,0,90.145583,89.30262154333333,0.0,0.0,90.14558328,1.0,-1.4706974329448785,sin declaración,huella sin declaración,1.0,0.0,0.0
86569,Puerto Caicedo,Putumayo,2024,0.0,0.0,0.0,2387.7025,4074.8423916666666,313907.9749326904,0.0,0.0,0.0,0.0,,,0.0,0.0,,0,90.145583,89.30262154333333,0.0,0.0,90.14558328,1.0,-1.4706974329448785,sin declaración,huella sin declaración,9.0,1.0,31.0
86569,Puerto Caicedo,Putumayo,2025,0.0,0.0,0.0,3441.505833333333,4051.7821666666664,445999.5059239138,0.0,0.0,0.0,0.0,,,0.0,0.0,,0,90.145583,89.30262154333333,0.0,0.0,90.14558328,1.0,-1.4706974329448785,sin declaración,huella sin declaración,11.0,7.0,28.0
86571,Puerto Guzman,Putumayo,2023,0.0,0.0,0.0,1942.6658333333335,4324.239683333333,269878.148573841,0.0,0.0,0.0,0.0,,,2.0,840.0,0.0,0,406.264826,324.0132962866667,0.0,5.1258492,401.13897536,0.9873829819567003,67.00474636275659,sin declaración,huella sin declaración,4.0,2.0,6.0
86571,Puerto Guzman,Putumayo,2024,0.0,0.0,0.0,2387.7025,4074.8423916666666,313907.9749326904,0.0,0.0,0.0,0.0,,,2.0,840.0,0.0,0,406.264826,324.0132962866667,0.0,5.1258492,401.13897536,0.9873829819567003,67.00474636275659,sin declaración,huella sin declaración,4.0,0.0,5.0
86571,Puerto Guzman,Putumayo,2025,0.0,0.0,0.0,3441.505833333333,4051.7821666666664,445999.5059239138,0.0,0.0,0.0,0.0,,,2.0,840.0,0.0,0,406.264826,324.0132962866667,0.0,5.1258492,401.13897536,0.9873829819567003,67.00474636275659,sin declaración,huella sin declaración,10.0,0.0,10.0
86885,Villagarzon,Putumayo,2023,0.0,0.0,0.0,1942.6658333333335,4324.239683333333,269878.148573841,0.0,0.0,0.0,0.0,,,3.0,1260.0,0.0,0,69.527232,61.23824399666666,16.38270509,9.98171469,43.16281296,0.6208044203456855,21.561730941788927,sin declaración,huella sin declaración,1.0,4.0,4.0
86885,Villagarzon,Putumayo,2024,0.0,0.0,0.0,2387.7025,4074.8423916666666,313907.9749326904,0.0,0.0,0.0,0.0,,,3.0,1260.0,0.0,0,69.527232,61.23824399666666,16.38270509,9.98171469,43.16281296,0.6208044203456855,21.561730941788927,sin declaración,huella sin declaración,17.0,3.0,13.0
86885,Villagarzon,Putumayo,2025,0.0,0.0,0.0,3441.505833333333,4051.7821666666664,445999.5059239138,0.0,0.0,0.0,0.0,,,3.0,1260.0,0.0,0,69.527232,61.23824399666666,16.38270509,9.98171469,43.16281296,0.6208044203456855,21.561730941788927,sin declaración,huella sin declaración,6.0,0.0,24.0
91798,Tarapacá,Amazonas,2023,0.0,0.0,0.0,1942.6658333333335,4324.239683333333,269878.148573841,0.0,0.0,0.0,0.0,,,0.0,0.0,,0,7.164658,2.3882193333333332,0.0,0.0,7.16465845,1.0,,sin declaración,huella sin declaración,0.0,0.0,6.0
91798,Tarapacá,Amazonas,2024,0.0,0.0,0.0,2387.7025,4074.8423916666666,313907.9749326904,0.0,0.0,0.0,0.0,,,0.0,0.0,,0,7.164658,2.3882193333333332,0.0,0.0,7.16465845,1.0,,sin declaración,huella sin declaración,0.0,0.0,20.0
91798,Tarapacá,Amazonas,2025,0.0,0.0,0.0,3441.505833333333,4051.7821666666664,445999.5059239138,0.0,0.0,0.0,0.0,,,0.0,0.0,,0,7.164658,2.3882193333333332,0.0,0.0,7.16465845,1.0,,sin declaración,huella sin declaración,0.0,0.0,46.0
94001,Inirida,Guainía,2023,59886.24,511344215.01,4.0,1942.6658333333335,4324.239683333333,269878.148573841,0.0,59886.24671999,0.0,59886.24671999,1.0,0.0,1.0,420.0,142.5863017142619,0,19.9125,16.724999999999998,0.0,0.0,19.9125,1.0,44.60784313725492,barequeros,aluvión con barequeo,0.0,13.0,17.0
94001,Inirida,Guainía,2024,9582.78,79235063.26,3.0,2387.7025,4074.8423916666666,313907.9749326904,0.0,9582.78,0.0,9582.78,1.0,0.0,1.0,420.0,22.816142857142857,0,19.9125,16.724999999999998,0.0,0.0,19.9125,1.0,44.60784313725492,barequeros,aluvión con barequeo,0.0,11.0,6.0
94001,Inirida,Guainía,2025,0.0,0.0,0.0,3441.505833333333,4051.7821666666664,445999.5059239138,0.0,0.0,0.0,0.0,,,1.0,420.0,0.0,0,19.9125,16.724999999999998,0.0,0.0,19.9125,1.0,44.60784313725492,barequeros,aluvión con barequeo,15.0,13.0,0.0
94884,Puerto Colombia,Guainía,2023,0.0,0.0,0.0,1942.6658333333335,4324.239683333333,269878.148573841,0.0,0.0,0.0,0.0,,,0.0,0.0,,0,74.659164,60.577757383333335,0.0,0.0,74.65916222999999,0.9999999762922605,49.343393406856585,sin declaración,huella sin declaración,0.0,0.0,0.0
94884,Puerto Colombia,Guainía,2024,0.0,0.0,0.0,2387.7025,4074.8423916666666,313907.9749326904,0.0,0.0,0.0,0.0,,,0.0,0.0,,0,74.659164,60.577757383333335,0.0,0.0,74.65916222999999,0.9999999762922605,49.343393406856585,sin declaración,huella sin declaración,0.0,0.0,0.0
94884,Puerto Colombia,Guainía,2025,0.0,0.0,0.0,3441.505833333333,4051.7821666666664,445999.5059239138,0.0,0.0,0.0,0.0,,,0.0,0.0,,0,74.659164,60.577757383333335,0.0,0.0,74.65916222999999,0.9999999762922605,49.343393406856585,sin declaración,huella sin declaración,0.0,0.0,0.0
94887,Pana Pana,Guainía,2023,0.0,0.0,0.0,1942.6658333333335,4324.239683333333,269878.148573841,0.0,0.0,0.0,0.0,,,0.0,0.0,,0,103.267442,92.94611129333333,0.0,0.0,103.26744069,0.9999999873144916,18.46890803493264,sin declaración,huella sin declaración,0.0,0.0,0.0
94887,Pana Pana,Guainía,2024,0.0,0.0,0.0,2387.7025,4074.8423916666666,313907.9749326904,0.0,0.0,0.0,0.0,,,0.0,0.0,,0,103.267442,92.94611129333333,0.0,0.0,103.26744069,0.9999999873144916,18.46890803493264,sin declaración,huella sin declaración,0.0,0.0,0.0
94887,Pana Pana,Guainía,2025,0.0,0.0,0.0,3441.505833333333,4051.7821666666664,445999.5059239138,0.0,0.0,0.0,0.0,,,0.0,0.0,,0,103.267442,92.94611129333333,0.0,0.0,103.26744069,0.9999999873144916,18.46890803493264,sin declaración,huella sin declaración,0.0,0.0,0.0
99001,Puerto Carreño,Vichada,2023,508.03,4015781.82,1.0,1942.6658333333335,4324.239683333333,269878.148573841,0.0,508.032,0.0,508.032,1.0,0.0,13.0,5460.0,0.09304615384615385,0,0.0,0.0,0.0,0.0,0.0,,,barequeros,aluvión con barequeo,0.0,0.0,1.0
99001,Puerto Carreño,Vichada,2024,0.0,0.0,0.0,2387.7025,4074.8423916666666,313907.9749326904,0.0,0.0,0.0,0.0,,,13.0,5460.0,0.0,0,0.0,0.0,0.0,0.0,0.0,,,barequeros,aluvión con barequeo,4.0,1.0,0.0
99001,Puerto Carreño,Vichada,2025,0.0,0.0,0.0,3441.505833333333,4051.7821666666664,445999.5059239138,0.0,0.0,0.0,0.0,,,13.0,5460.0,0.0,0,0.0,0.0,0.0,0.0,0.0,,,barequeros,aluvión con barequeo,3.0,0.0,0.0
