codigo_dane,municipio,departamento,anio,gramos_anm,regalias_cop,n_trimestres,precio_usd_onza,trm,precio_cop_gramo,g_titulos,g_barequeros,g_otros,gramos_simci,share_barequeo,share_titulos,n_barequeros,tope_bareq_g,ratio_tope_bareq,bareq_sin_inscritos,evoa_ha_2023,evoa_ha_prom_2021_2023,ha_permisos_2023,ha_transito_2023,ha_ilicita_2023,share_ilicita_2023,var_huella_2021_2023_pct,explotador_dominante,tipo_predominante,minas,capturas,maquinaria,poblacion_total,pct_rural,area_km2,n_titulos_oro,n_titulares_titulos_oro,n_solicitudes_oro,n_titulares_solicitudes_oro,n_subcontratos_oro,n_titulares_subcontratos_oro,n_titulos_oro_con_anotacion_2023_2025,pdet,subregion_pdet,evoa_ha_por_100km2,minas_por_100km2,inscritos_por_10k,figuras_oro_rucom
05001,Medellin,Antioquia,2023,2717.11,22296545.21,3.0,1942.6658333333332,4324.239683333333,269878.148573841,736.07,1981.03378348,0.0,2717.10378348,0.7290975764432305,0.2709024235567696,0.0,0.0,,1,0.0,0.0,0.0,0.0,0.0,,,barequeros,aluvión con barequeo,0.0,0.0,0.0,2518480.0,1.93,374.834004571,0,0,0,0,0,0,0,0,,0.0,0.0,0.0,0
05001,Medellin,Antioquia,2024,274.94,2911314.28,2.0,2387.7025,4074.8423916666666,313907.9749326904,0.0,274.94,0.0,274.94,1.0,0.0,0.0,0.0,,1,0.0,0.0,0.0,0.0,0.0,,,barequeros,aluvión con barequeo,29.0,14.0,4.0,2524747.0,1.93,374.834004571,0,0,0,0,0,0,0,0,,0.0,7.73675804392152,0.0,0
05001,Medellin,Antioquia,2025,100.16,1591963.32,1.0,3441.505833333333,4051.7821666666655,445999.5059239138,0.0,100.16,0.0,100.16,1.0,0.0,0.0,0.0,,1,0.0,0.0,0.0,0.0,0.0,,,barequeros,aluvión con barequeo,10.0,6.0,1.0,2528343.0,1.92,374.834004571,0,0,0,0,0,0,0,0,,0.0,2.6678476013522485,0.0,0
05004,Abriaqui,Antioquia,2023,341.83,3019302.1,3.0,1942.6658333333332,4324.239683333333,269878.148573841,0.0,341.83660736,0.0,341.83660736,1.0,0.0,14.0,5880.0,0.0581354774421768,0,0.0,0.0,0.0,0.0,0.0,,,barequeros,aluvión con barequeo,0.0,0.0,0.0,2782.0,67.86,296.894049976,1,3,0,0,0,0,3,0,,0.0,0.0,50.3235082674335,1
05004,Abriaqui,Antioquia,2024,0.0,0.0,0.0,2387.7025,4074.8423916666666,313907.9749326904,0.0,0.0,0.0,0.0,,,14.0,5880.0,0.0,0,0.0,0.0,0.0,0.0,0.0,,,barequeros,aluvión con barequeo,0.0,0.0,0.0,2810.0,68.04,296.894049976,1,3,0,0,0,0,3,0,,0.0,0.0,49.8220640569395,1
05004,Abriaqui,Antioquia,2025,0.0,0.0,0.0,3441.505833333333,4051.7821666666655,445999.5059239138,0.0,0.0,0.0,0.0,,,14.0,5880.0,0.0,0,0.0,0.0,0.0,0.0,0.0,,,barequeros,aluvión con barequeo,0.0,0.0,0.0,2807.0,67.55,296.894049976,1,3,0,0,0,0,3,0,,0.0,0.0,49.87531172069826,1
05031,Amalfi,Antioquia,2023,132967.13999999998,1260822228.02,4.0,1942.6658333333332,4324.239683333333,269878.148573841,15774.7488886,102335.61639896,14856.78,132967.14528756,0.769630845105721,0.1186364410131909,101.0,42420.0,2.4124379160528053,0,1233.319479,1174.0138758166668,143.50498601,0.0,1089.81448812,0.8836432949260181,-7.179654740598807,barequeros,aluvión con barequeo,0.0,0.0,0.0,28334.0,42.45,1209.14546227,9,20,0,0,3,3,40,1,BAJO CAUCA Y NORDESTE ANTIOQUEÑO,101.99926456198385,0.0,35.64622008893909,12
05031,Amalfi,Antioquia,2024,49150.92,480965848.23,4.0,2387.7025,4074.8423916666666,313907.9749326904,21526.56,20232.85,7391.51,49150.920000000006,0.411647432031791,0.4379686077086654,101.0,42420.0,0.4769648750589344,0,1233.319479,1174.0138758166668,143.50498601,0.0,1089.81448812,0.8836432949260181,-7.179654740598807,barequeros,aluvión con barequeo,5.0,0.0,9.0,28716.0,42.67,1209.14546227,9,20,0,0,3,3,40,1,BAJO CAUCA Y NORDESTE ANTIOQUEÑO,101.99926456198385,0.4135151771246121,35.17202953057529,12
05031,Amalfi,Antioquia,2025,20587.43,299863707.65,4.0,3441.505833333333,4051.7821666666655,445999.5059239138,10401.82,0.0,10185.61,20587.43,0.0,0.5052510196755982,101.0,42420.0,0.0,0,1233.319479,1174.0138758166668,143.50498601,0.0,1089.81448812,0.8836432949260181,-7.179654740598807,barequeros,aluvión con barequeo,0.0,7.0,0.0,29054.0,42.36,1209.14546227,9,20,0,0,3,3,40,1,BAJO CAUCA Y NORDESTE ANTIOQUEÑO,101.99926456198385,0.0,34.76285537275418,12
05034,Andes,Antioquia,2023,235870.24,1973193021.38,4.0,1942.6658333333332,4324.239683333333,269878.148573841,0.0,0.0,235870.24375022,235870.24375022,0.0,0.0,0.0,0.0,,0,0.0,0.0,0.0,0.0,0.0,,,otros,otros,0.0,2.0,0.0,44976.0,51.29,402.465966216,2,5,5,12,0,0,5,0,,0.0,0.0,0.0,7
05034,Andes,Antioquia,2024,135248.43,1217122115.18,4.0,2387.7025,4074.8423916666666,313907.9749326904,0.0,0.0,135248.43,135248.43,0.0,0.0,0.0,0.0,,0,0.0,0.0,0.0,0.0,0.0,,,otros,otros,7.0,12.0,2.0,45212.0,51.43,402.465966216,2,5,5,12,0,0,5,0,,0.0,1.739277501105065,0.0,7
05034,Andes,Antioquia,2025,56465.93,583419883.05,4.0,3441.505833333333,4051.7821666666655,445999.5059239138,0.0,0.0,56465.93,56465.93,0.0,0.0,0.0,0.0,,0,0.0,0.0,0.0,0.0,0.0,,,otros,otros,1.0,0.0,0.0,45367.0,51.07,402.465966216,2,5,5,12,0,0,5,0,,0.0,0.2484682144435807,0.0,7
05040,Anori,Antioquia,2023,1059343.85,5319847758.83,4.0,1942.6658333333332,4324.239683333333,269878.148573841,875247.01142179,150511.96476079,56067.18045,1081826.15663258,0.1391276813173859,0.8090458952722933,33.0,13860.0,10.859449116940116,0,2014.378824,1694.0204134533333,405.67745153,0.0,1608.70137146,0.7986091554842517,16.49358023893408,títulos,aluvión con títulos,0.0,0.0,0.0,20320.0,56.03,1413.77571881,8,8,1,1,4,4,12,1,BAJO CAUCA Y NORDESTE ANTIOQUEÑO,142.48220543040154,0.0,16.24015748031496,13
05040,Anori,Antioquia,2024,101726.99,557424680.88,4.0,2387.7025,4074.8423916666666,313907.9749326904,70239.84,0.0,31487.15,101726.99,0.0,0.69047398335486,33.0,13860.0,0.0,0,2014.378824,1694.0204134533333,405.67745153,0.0,1608.70137146,0.7986091554842517,16.49358023893408,títulos,aluvión con títulos,0.0,4.0,0.0,20688.0,56.13,1413.77571881,8,8,1,1,4,4,12,1,BAJO CAUCA Y NORDESTE ANTIOQUEÑO,142.48220543040154,0.0,15.951276102088167,13
05040,Anori,Antioquia,2025,902901.29,2835898425.08,4.0,3441.505833333333,4051.7821666666655,445999.5059239138,900408.13,0.0,2493.16,902901.29,0.0,0.9972387236261452,33.0,13860.0,0.0,0,2014.378824,1694.0204134533333,405.67745153,0.0,1608.70137146,0.7986091554842517,16.49358023893408,títulos,aluvión con títulos,15.0,0.0,21.0,21035.0,55.75,1413.77571881,8,8,1,1,4,4,12,1,BAJO CAUCA Y NORDESTE ANTIOQUEÑO,142.48220543040154,1.0609886561516113,15.688138816258617,13
05042,Santafe de Antioquia,Antioquia,2023,67574.33,594911760.99,4.0,1942.6658333333332,4324.239683333333,269878.148573841,0.0,67574.33054421,0.0,67574.33054421,1.0,0.0,7.0,2940.0,22.9844661715,0,0.0,0.0,0.0,0.0,0.0,,,barequeros,aluvión con barequeo,1.0,0.0,0.0,27882.0,35.36,525.583078385,1,2,0,0,0,0,2,0,,0.0,0.19026487745244341,2.5105803027042537,1
05042,Santafe de Antioquia,Antioquia,2024,52239.19,462789987.66,3.0,2387.7025,4074.8423916666666,313907.9749326904,0.0,51154.27,0.0,51154.27,1.0,0.0,7.0,2940.0,17.39941156462585,0,0.0,0.0,0.0,0.0,0.0,,,barequeros,aluvión con barequeo,3.0,0.0,0.0,28130.0,35.52,525.583078385,1,2,0,0,0,0,2,0,,0.0,0.5707946323573303,2.4884464984002843,1
05042,Santafe de Antioquia,Antioquia,2025,0.0,0.0,0.0,3441.505833333333,4051.7821666666655,445999.5059239138,0.0,0.0,0.0,0.0,,,7.0,2940.0,0.0,0,0.0,0.0,0.0,0.0,0.0,,,barequeros,aluvión con barequeo,1.0,0.0,0.0,28421.0,35.22,525.583078385,1,2,0,0,0,0,2,0,,0.0,0.19026487745244341,2.462967524013933,1
05044,Anza,Antioquia,2023,321.77,2915996.05,3.0,1942.6658333333332,4324.239683333333,269878.148573841,0.0,321.77,0.0,321.77,1.0,0.0,5.0,2100.0,0.1532238095238095,0,0.0,0.0,0.0,0.0,0.0,,,barequeros,aluvión con barequeo,0.0,0.0,0.0,7543.0,79.69,255.923313978,1,2,0,0,0,0,4,0,,0.0,0.0,6.628662335940607,1
05044,Anza,Antioquia,2024,0.0,0.0,0.0,2387.7025,4074.8423916666666,313907.9749326904,0.0,0.0,0.0,0.0,,,5.0,2100.0,0.0,0,0.0,0.0,0.0,0.0,0.0,,,barequeros,aluvión con barequeo,0.0,0.0,0.0,7628.0,79.51,255.923313978,1,2,0,0,0,0,4,0,,0.0,0.0,6.554798112218144,1
05044,Anza,Antioquia,2025,0.0,0.0,0.0,3441.505833333333,4051.7821666666655,445999.5059239138,0.0,0.0,0.0,0.0,,,5.0,2100.0,0.0,0,0.0,0.0,0.0,0.0,0.0,,,barequeros,aluvión con barequeo,0.0,0.0,2.0,7681.0,79.14,255.923313978,1,2,0,0,0,0,4,0,,0.0,0.0,6.509569066527796,1
05055,Argelia - Antioquia,Antioquia,2023,246.76,2223048.23,2.0,1942.6658333333332,4324.239683333333,269878.148573841,0.0,246.76,0.0,246.76,1.0,0.0,0.0,0.0,,1,0.0,1.252145,0.0,0.0,0.0,,-100.0,barequeros,aluvión con barequeo,0.0,4.0,0.0,8099.0,52.85,245.341782088,0,0,0,0,0,0,0,0,,0.0,0.0,0.0,0
05055,Argelia - Antioquia,Antioquia,2024,0.0,0.0,0.0,2387.7025,4074.8423916666666,313907.9749326904,0.0,0.0,0.0,0.0,,,0.0,0.0,,0,0.0,1.252145,0.0,0.0,0.0,,-100.0,barequeros,aluvión con barequeo,0.0,4.0,0.0,8170.0,53.08,245.341782088,0,0,0,0,0,0,0,0,,0.0,0.0,0.0,0
05055,Argelia - Antioquia,Antioquia,2025,0.0,0.0,0.0,3441.505833333333,4051.7821666666655,445999.5059239138,0.0,0.0,0.0,0.0,,,0.0,0.0,,0,0.0,1.252145,0.0,0.0,0.0,,-100.0,barequeros,aluvión con barequeo,2.0,25.0,0.0,8215.0,52.61,245.341782088,0,0,0,0,0,0,0,0,,0.0,0.8151893179298068,0.0,0
05079,Barbosa - Antioquia,Antioquia,2023,33085.21,278021190.68,4.0,1942.6658333333332,4324.239683333333,269878.148573841,21695.58,6597.54,6033.03,34326.15,0.1922015722707032,0.6320423350710755,6.0,2520.0,2.6180714285714286,0,0.0,0.0,0.0,0.0,0.0,,,títulos,veta / títulos,7.0,14.0,6.0,61506.0,57.77,205.641781234,3,7,1,1,1,2,10,0,,0.0,3.4039775176011986,0.97551458394303,5
05079,Barbosa - Antioquia,Antioquia,2024,18801.25,170606554.24,4.0,2387.7025,4074.8423916666666,313907.9749326904,12846.89,0.0,5954.36,18801.25,0.0,0.6832997805996941,6.0,2520.0,0.0,0,0.0,0.0,0.0,0.0,0.0,,,títulos,veta / títulos,14.0,33.0,10.0,62506.0,57.59,205.641781234,3,7,1,1,1,2,10,0,,0.0,6.807955035202397,0.9599078488465107,5
05079,Barbosa - Antioquia,Antioquia,2025,22013.71,240453209.8,4.0,3441.505833333333,4051.7821666666655,445999.5059239138,11044.39,0.0,10969.32,22013.71,0.0,0.5017050737926502,6.0,2520.0,0.0,0,0.0,0.0,0.0,0.0,0.0,,,títulos,veta / títulos,20.0,24.0,21.0,63455.0,57.41,205.641781234,3,7,1,1,1,2,10,0,,0.0,9.725650050289138,0.9455519659601292,5
05086,Belmira,Antioquia,2023,147.94,1072796.08,1.0,1942.6658333333332,4324.239683333333,269878.148573841,0.0,205.96,0.0,205.96,1.0,0.0,0.0,0.0,,1,0.0,0.0,0.0,0.0,0.0,,,barequeros,aluvión con barequeo,0.0,0.0,0.0,6149.0,71.18,296.15316702,2,23,0,0,0,0,46,0,,0.0,0.0,0.0,2
05086,Belmira,Antioquia,2024,0.0,0.0,0.0,2387.7025,4074.8423916666666,313907.9749326904,0.0,0.0,0.0,0.0,,,0.0,0.0,,0,0.0,0.0,0.0,0.0,0.0,,,barequeros,aluvión con barequeo,0.0,0.0,0.0,6193.0,71.18,296.15316702,2,23,0,0,0,0,46,0,,0.0,0.0,0.0,2
05086,Belmira,Antioquia,2025,0.0,0.0,0.0,3441.505833333333,4051.7821666666655,445999.5059239138,0.0,0.0,0.0,0.0,,,0.0,0.0,,0,0.0,0.0,0.0,0.0,0.0,,,barequeros,aluvión con barequeo,0.0,0.0,2.0,6151.0,70.85,296.15316702,2,23,0,0,0,0,46,0,,0.0,0.0,0.0,2
05088,Bello,Antioquia,2023,1771.33,7702665.109999999,4.0,1942.6658333333332,4324.239683333333,269878.148573841,1771.33,0.0,0.0,1771.33,0.0,1.0,0.0,0.0,,0,0.0,0.0,0.0,0.0,0.0,,,títulos,veta / títulos,0.0,18.0,3.0,584062.0,3.74,147.694282755,1,1,0,0,0,0,1,0,,0.0,0.0,0.0,1
05088,Bello,Antioquia,2024,1230.31,5428288.7,3.0,2387.7025,4074.8423916666666,313907.9749326904,1230.31,0.0,0.0,1230.31,0.0,1.0,0.0,0.0,,0,0.0,0.0,0.0,0.0,0.0,,,títulos,veta / títulos,17.0,0.0,2.0,593344.0,3.66,147.694282755,1,1,0,0,0,0,1,0,,0.0,11.51026274199127,0.0,1
05088,Bello,Antioquia,2025,6529.42,45870376.440000005,1.0,3441.505833333333,4051.7821666666655,445999.5059239138,6529.42,0.0,0.0,6529.42,0.0,1.0,0.0,0.0,,0,0.0,0.0,0.0,0.0,0.0,,,títulos,veta / títulos,15.0,0.0,0.0,601916.0,3.58,147.694282755,1,1,0,0,0,0,1,0,,0.0,10.156114184109944,0.0,1
05107,Briceño - Antioquia,Antioquia,2023,3762.58,33118599.26,1.0,1942.6658333333332,4324.239683333333,269878.148573841,0.0,3762.58,0.0,3762.58,1.0,0.0,0.0,0.0,,1,0.0,0.0,0.0,0.0,0.0,,,barequeros,aluvión con barequeo,0.0,7.0,1.0,8041.0,65.13,376.346755818,0,0,0,0,0,0,0,1,BAJO CAUCA Y NORDESTE ANTIOQUEÑO,0.0,0.0,0.0,0
05107,Briceño - Antioquia,Antioquia,2024,0.0,0.0,0.0,2387.7025,4074.8423916666666,313907.9749326904,0.0,0.0,0.0,0.0,,,0.0,0.0,,0,0.0,0.0,0.0,0.0,0.0,,,barequeros,aluvión con barequeo,0.0,0.0,0.0,8023.0,65.08,376.346755818,0,0,0,0,0,0,0,1,BAJO CAUCA Y NORDESTE ANTIOQUEÑO,0.0,0.0,0.0,0
05107,Briceño - Antioquia,Antioquia,2025,0.0,0.0,0.0,3441.505833333333,4051.7821666666655,445999.5059239138,0.0,0.0,0.0,0.0,,,0.0,0.0,,0,0.0,0.0,0.0,0.0,0.0,,,barequeros,aluvión con barequeo,0.0,0.0,0.0,7957.0,64.71,376.346755818,0,0,0,0,0,0,0,1,BAJO CAUCA Y NORDESTE ANTIOQUEÑO,0.0,0.0,0.0,0
05113,Buritica,Antioquia,2023,7891503.18,68818604977.88,4.0,1942.6658333333332,4324.239683333333,269878.148573841,8158391.85917847,0.0,0.0,8158391.85917847,0.0,1.0,1.0,420.0,0.0,0,0.0,0.0,0.0,0.0,0.0,,,títulos,veta / títulos,292.0,6.0,4.0,10605.0,73.86,355.297864747,1,2,0,0,2,2,4,0,,0.0,82.1845637062657,0.942951438000943,3
05113,Buritica,Antioquia,2024,7912992.800000001,76514254238.63,4.0,2387.7025,4074.8423916666666,313907.9749326904,7912992.8,0.0,0.0,7912992.8,0.0,1.0,1.0,420.0,0.0,0,0.0,0.0,0.0,0.0,0.0,,,títulos,veta / títulos,164.0,5.0,1.0,10848.0,73.88,355.297864747,1,2,0,0,2,2,4,0,,0.0,46.158453588450605,0.9218289085545722,3
05113,Buritica,Antioquia,2025,8746438.5,119700719161.64,4.0,3441.505833333333,4051.7821666666655,445999.5059239138,8746438.5,0.0,0.0,8746438.5,0.0,1.0,1.0,420.0,0.0,0,0.0,0.0,0.0,0.0,0.0,,,títulos,veta / títulos,140.0,5.0,1.0,11015.0,73.42,355.297864747,1,2,0,0,2,2,4,0,,0.0,39.403557941360276,0.9078529278256922,3
05120,Caceres,Antioquia,2023,446051.17,3939305939.81,4.0,1942.6658333333332,4324.239683333333,269878.148573841,16682.57,420848.993857,10106.07,447637.633857,0.9401555231869584,0.037268023817071,155.0,65100.0,6.464654283517666,0,5878.881897,5262.060701956667,1430.4251347,191.57055784,4256.88620135,0.7240979281319283,18.249745748630787,barequeros,aluvión con barequeo,17.0,11.0,10.0,29240.0,77.61,1873.73390074,11,17,3,6,18,19,23,1,BAJO CAUCA Y NORDESTE ANTIOQUEÑO,313.75222995529055,0.9072793096867241,53.00957592339261,32
05120,Caceres,Antioquia,2024,372193.23,3562924562.53,4.0,2387.7025,4074.8423916666666,313907.9749326904,21458.27,349823.47,911.49,372193.23,0.9398974559531886,0.0576535741931684,155.0,65100.0,5.373632411674347,0,5878.881897,5262.060701956667,1430.4251347,191.57055784,4256.88620135,0.7240979281319283,18.249745748630787,barequeros,aluvión con barequeo,4.0,28.0,3.0,29159.0,76.98,1873.73390074,11,17,3,6,18,19,23,1,BAJO CAUCA Y NORDESTE ANTIOQUEÑO,313.75222995529055,0.21347748463217037,53.156829795260464,32
05120,Caceres,Antioquia,2025,199729.8,1714552233.85,4.0,3441.505833333333,4051.7821666666655,445999.5059239138,135342.69,64225.05,162.06,199729.8,0.3215596771237943,0.6776289266799447,155.0,65100.0,0.9865599078341014,0,5878.881897,5262.060701956667,1430.4251347,191.57055784,4256.88620135,0.7240979281319283,18.249745748630787,barequeros,aluvión con barequeo,4.0,0.0,300.0,29067.0,76.36,1873.73390074,11,17,3,6,18,19,23,1,BAJO CAUCA Y NORDESTE ANTIOQUEÑO,313.75222995529055,0.21347748463217037,53.325076547287296,32
05138,Cañasgordas,Antioquia,2023,172160.14,1473933932.13,4.0,1942.6658333333332,4324.239683333333,269878.148573841,0.0,161497.31938553,10662.81,172160.12938553,0.9380645795396562,0.0,827.0,347340.0,0.4649545672411181,0,0.0,0.0,0.0,0.0,0.0,,,barequeros,aluvión con barequeo,11.0,0.0,0.0,15570.0,65.14,364.832359389,0,0,1,1,0,0,0,0,,0.0,3.0150834258293755,531.1496467565831,1
05138,Cañasgordas,Antioquia,2024,311896.93000000005,3149831383.36,4.0,2387.7025,4074.8423916666666,313907.9749326904,0.0,303167.7,5688.37,308856.07,0.9815824568382288,0.0,827.0,347340.0,0.8728269131110727,0,0.0,0.0,0.0,0.0,0.0,,,barequeros,aluvión con barequeo,4.0,0.0,0.0,15570.0,65.21,364.832359389,0,0,1,1,0,0,0,0,,0.0,1.0963939730288639,531.1496467565831,1
05138,Cañasgordas,Antioquia,2025,247026.44,3132413171.43,4.0,3441.505833333333,4051.7821666666655,445999.5059239138,0.0,247026.44,0.0,247026.44,1.0,0.0,827.0,347340.0,0.7111949098865665,0,0.0,0.0,0.0,0.0,0.0,,,barequeros,aluvión con barequeo,1.0,0.0,0.0,15470.0,64.82,364.832359389,0,0,1,1,0,0,0,0,,0.0,0.27409849325721597,534.5830639948286,1
05142,Caracoli,Antioquia,2023,2427.01,21761123.93,2.0,1942.6658333333332,4324.239683333333,269878.148573841,0.0,2427.01,0.0,2427.01,1.0,0.0,8.0,3360.0,0.7223244047619048,0,3.078401,3.7928000066666665,0.0,0.0,3.07840156,1.0,,barequeros,aluvión con barequeo,99.0,0.0,137.0,4541.0,38.52,262.79877563,0,0,1,1,0,0,0,0,,1.171390921673907,37.671408385625135,17.617264919621228,1
05142,Caracoli,Antioquia,2024,0.0,0.0,0.0,2387.7025,4074.8423916666666,313907.9749326904,0.0,0.0,0.0,0.0,,,8.0,3360.0,0.0,0,3.078401,3.7928000066666665,0.0,0.0,3.07840156,1.0,,barequeros,aluvión con barequeo,26.0,0.0,37.0,4538.0,38.87,262.79877563,0,0,1,1,0,0,0,0,,1.171390921673907,9.893501192184377,17.628911414720143,1
05142,Caracoli,Antioquia,2025,0.0,0.0,0.0,3441.505833333333,4051.7821666666655,445999.5059239138,0.0,0.0,0.0,0.0,,,8.0,3360.0,0.0,0,3.078401,3.7928000066666665,0.0,0.0,3.07840156,1.0,,barequeros,aluvión con barequeo,27.0,0.0,40.0,4510.0,38.58,262.79877563,0,0,1,1,0,0,0,0,,1.171390921673907,10.274020468806853,17.738359201773836,1
05150,Carolina,Antioquia,2023,326.0,2896682.62,2.0,1942.6658333333332,4324.239683333333,269878.148573841,0.0,326.00184003,0.0,326.00184003,1.0,0.0,0.0,0.0,,1,0.0,0.0,0.0,0.0,0.0,,,barequeros,aluvión con barequeo,0.0,0.0,0.0,3976.0,24.4,149.580818158,0,0,0,0,0,0,0,0,,0.0,0.0,0.0,0
05150,Carolina,Antioquia,2024,389.98,3800502.15,4.0,2387.7025,4074.8423916666666,313907.9749326904,0.0,389.98,0.0,389.98,1.0,0.0,0.0,0.0,,1,0.0,0.0,0.0,0.0,0.0,,,barequeros,aluvión con barequeo,0.0,0.0,0.0,3947.0,24.58,149.580818158,0,0,0,0,0,0,0,0,,0.0,0.0,0.0,0
05150,Carolina,Antioquia,2025,0.0,0.0,0.0,3441.505833333333,4051.7821666666655,445999.5059239138,0.0,0.0,0.0,0.0,,,0.0,0.0,,0,0.0,0.0,0.0,0.0,0.0,,,barequeros,aluvión con barequeo,1.0,6.0,1.0,3942.0,24.2,149.580818158,0,0,0,0,0,0,0,0,,0.0,0.6685349179890933,0.0,0
05154,Caucasia,Antioquia,2023,11268554.79,98412112194.07,4.0,1942.6658333333332,4324.239683333333,269878.148573841,220605.9298131,11087610.0652903,36074.00818834,11344290.00329174,0.977373644544792,0.0194464289743198,29209.0,12267780.0,0.9037992257189402,0,2834.999565,2341.46244983,962.34154962,17.11682213,1855.54119408,0.6545119854648019,41.321531983660265,barequeros,aluvión con barequeo,48.0,16.0,46.0,93262.0,11.25,1429.08227911,5,20,2,3,4,4,20,1,BAJO CAUCA Y NORDESTE ANTIOQUEÑO,198.37903012593324,3.358798909037856,3131.929403186721,11
05154,Caucasia,Antioquia,2024,15381919.9,144164527912.64,4.0,2387.7025,4074.8423916666666,313907.9749326904,2324385.6,12953353.09,102659.96,15380398.65,0.842198787220642,0.1511264859184908,29209.0,12267780.0,1.0558840385138957,0,2834.999565,2341.46244983,962.34154962,17.11682213,1855.54119408,0.6545119854648019,41.321531983660265,barequeros,aluvión con barequeo,9.0,14.0,18.0,93572.0,10.98,1429.08227911,5,20,2,3,4,4,20,1,BAJO CAUCA Y NORDESTE ANTIOQUEÑO,198.37903012593324,0.6297747954445979,3121.5534561621,11
05154,Caucasia,Antioquia,2025,8971732.97,124034835525.52,4.0,3441.505833333333,4051.7821666666655,445999.5059239138,206569.86,8761237.42,3925.69,8971732.969999999,0.9765379162862,0.0230245216493553,29209.0,12267780.0,0.7141664930411207,0,2834.999565,2341.46244983,962.34154962,17.11682213,1855.54119408,0.6545119854648019,41.321531983660265,barequeros,aluvión con barequeo,21.0,52.0,47.0,93843.0,10.72,1429.08227911,5,20,2,3,4,4,20,1,BAJO CAUCA Y NORDESTE ANTIOQUEÑO,198.37903012593324,1.4694745227040618,3112.5390279509393,11
05172,Chigorodo,Antioquia,2023,0.0,0.0,0.0,1942.6658333333332,4324.239683333333,269878.148573841,0.0,0.0,0.0,0.0,,,0.0,0.0,,0,0.0,7.722406973333332,0.0,0.0,0.0,,-100.0,barequeros,aluvión con barequeo,0.0,0.0,0.0,57067.0,16.15,721.682645316,0,0,0,0,0,0,0,1,URABÁ ANTIOQUEÑO,0.0,0.0,0.0,0
05172,Chigorodo,Antioquia,2024,0.0,0.0,0.0,2387.7025,4074.8423916666666,313907.9749326904,0.0,0.0,0.0,0.0,,,0.0,0.0,,0,0.0,7.722406973333332,0.0,0.0,0.0,,-100.0,barequeros,aluvión con barequeo,0.0,0.0,0.0,56758.0,16.26,721.682645316,0,0,0,0,0,0,0,1,URABÁ ANTIOQUEÑO,0.0,0.0,0.0,0
05172,Chigorodo,Antioquia,2025,70.41,839860.93,1.0,3441.505833333333,4051.7821666666655,445999.5059239138,0.0,70.41,0.0,70.41,1.0,0.0,0.0,0.0,,1,0.0,7.722406973333332,0.0,0.0,0.0,,-100.0,barequeros,aluvión con barequeo,1.0,0.0,1.0,56738.0,16.07,721.682645316,0,0,0,0,0,0,0,1,URABÁ ANTIOQUEÑO,0.0,0.1385650613175178,0.0,0
05190,Cisneros,Antioquia,2023,39645.79,323858889.44,4.0,1942.6658333333332,4324.239683333333,269878.148573841,0.0,39771.252,0.0,39771.252,1.0,0.0,2.0,840.0,47.34672857142857,0,0.0,0.0,0.0,0.0,0.0,,,barequeros,aluvión con barequeo,21.0,8.0,3.0,10033.0,12.49,46.8847795015,1,2,0,0,0,0,2,0,,0.0,44.79065535400063,1.993421708362404,1
05190,Cisneros,Antioquia,2024,26241.78,369862944.91,4.0,2387.7025,4074.8423916666666,313907.9749326904,0.0,25422.86,818.92,26241.78,0.968793275456162,0.0,2.0,840.0,30.265309523809524,0,0.0,0.0,0.0,0.0,0.0,,,barequeros,aluvión con barequeo,2.0,0.0,0.0,10040.0,12.57,46.8847795015,1,2,0,0,0,0,2,0,,0.0,4.2657767003810125,1.9920318725099602,1
05190,Cisneros,Antioquia,2025,5031.98,1161461214.95,4.0,3441.505833333333,4051.7821666666655,445999.5059239138,0.0,5031.98,0.0,5031.98,1.0,0.0,2.0,840.0,5.99045238095238,0,0.0,0.0,0.0,0.0,0.0,,,barequeros,aluvión con barequeo,2.0,0.0,0.0,10092.0,12.41,46.8847795015,1,2,0,0,0,0,2,0,,0.0,4.2657767003810125,1.9817677368212447,1
05212,Copacabana,Antioquia,2023,0.0,0.0,0.0,1942.6658333333332,4324.239683333333,269878.148573841,0.0,0.0,0.0,0.0,,,0.0,0.0,,0,0.0,0.0,0.0,0.0,0.0,,,títulos,veta / títulos,0.0,0.0,0.0,88121.0,20.06,67.8568045107,1,1,0,0,0,0,1,0,,0.0,0.0,0.0,1
05212,Copacabana,Antioquia,2024,0.0,263705.92,1.0,2387.7025,4074.8423916666666,313907.9749326904,0.0,0.0,0.0,0.0,,,0.0,0.0,,0,0.0,0.0,0.0,0.0,0.0,,,títulos,veta / títulos,7.0,0.0,2.0,89546.0,20.0,67.8568045107,1,1,0,0,0,0,1,0,,0.0,10.315840910097977,0.0,1
05212,Copacabana,Antioquia,2025,992.1,4236023.41,1.0,3441.505833333333,4051.7821666666655,445999.5059239138,992.1,0.0,0.0,992.1,0.0,1.0,0.0,0.0,,0,0.0,0.0,0.0,0.0,0.0,,,títulos,veta / títulos,9.0,0.0,0.0,90882.0,19.93,67.8568045107,1,1,0,0,0,0,1,0,,0.0,13.263224027268826,0.0,1
05234,Dabeiba,Antioquia,2023,454907.15,3934600081.2,4.0,1942.6658333333332,4324.239683333333,269878.148573841,0.0,453200.24806546,0.0,453200.24806546,1.0,0.0,529.0,222180.0,2.0397886761430373,0,0.0,4.3125,0.0,0.0,0.0,,-100.0,barequeros,aluvión con barequeo,1.0,0.0,0.0,24409.0,59.41,1957.26270786,1,3,0,0,0,0,3,1,URABÁ ANTIOQUEÑO,0.0,0.051091761774451,216.72333975173095,1
05234,Dabeiba,Antioquia,2024,446419.96,4453735042.280001,4.0,2387.7025,4074.8423916666666,313907.9749326904,0.0,446419.96,0.0,446419.96,1.0,0.0,529.0,222180.0,2.009271581600504,0,0.0,4.3125,0.0,0.0,0.0,,-100.0,barequeros,aluvión con barequeo,0.0,0.0,0.0,24651.0,59.57,1957.26270786,1,3,0,0,0,0,3,1,URABÁ ANTIOQUEÑO,0.0,0.0,214.59575676443146,1
05234,Dabeiba,Antioquia,2025,193451.03000000003,2570945768.36,4.0,3441.505833333333,4051.7821666666655,445999.5059239138,0.0,193451.03,0.0,193451.03,1.0,0.0,529.0,222180.0,0.8706950670627419,0,0.0,4.3125,0.0,0.0,0.0,,-100.0,barequeros,aluvión con barequeo,0.0,0.0,0.0,24808.0,59.14,1957.26270786,1,3,0,0,0,0,3,1,URABÁ ANTIOQUEÑO,0.0,0.0,213.23766526926798,1
05237,Don Matias,Antioquia,2023,112.55,801832.98,2.0,1942.6658333333332,4324.239683333333,269878.148573841,0.0,128.79,0.0,128.79,1.0,0.0,0.0,0.0,,1,0.0,0.0,0.0,0.0,0.0,,,títulos,veta / títulos,1.0,2.0,0.0,19621.0,34.47,203.32080362,2,8,0,0,5,7,11,0,,0.0,0.49183358623201573,0.0,7
05237,Don Matias,Antioquia,2024,3703.43,47447112.6,3.0,2387.7025,4074.8423916666666,313907.9749326904,3703.43,0.0,0.0,3703.43,0.0,1.0,0.0,0.0,,0,0.0,0.0,0.0,0.0,0.0,,,títulos,veta / títulos,2.0,8.0,0.0,19689.0,34.64,203.32080362,2,8,0,0,5,7,11,0,,0.0,0.9836671724640315,0.0,7
05237,Don Matias,Antioquia,2025,2102.01,55923126.03,4.0,3441.505833333333,4051.7821666666655,445999.5059239138,2102.01,0.0,0.0,2102.01,0.0,1.0,0.0,0.0,,0,0.0,0.0,0.0,0.0,0.0,,,títulos,veta / títulos,2.0,4.0,7.0,19793.0,34.39,203.32080362,2,8,0,0,5,7,11,0,,0.0,0.9836671724640315,0.0,7
05240,Ebejico,Antioquia,2023,292.27,2590319.83,2.0,1942.6658333333332,4324.239683333333,269878.148573841,0.0,292.27,0.0,292.27,1.0,0.0,0.0,0.0,,1,0.0,0.0,0.0,0.0,0.0,,,barequeros,aluvión con barequeo,3.0,0.0,0.0,12553.0,79.07,237.743451493,0,0,0,0,0,0,0,0,,0.0,1.2618644093708424,0.0,0
05240,Ebejico,Antioquia,2024,36.9,302009.82,1.0,2387.7025,4074.8423916666666,313907.9749326904,0.0,36.9,0.0,36.9,1.0,0.0,0.0,0.0,,1,0.0,0.0,0.0,0.0,0.0,,,barequeros,aluvión con barequeo,0.0,0.0,0.0,12627.0,78.99,237.743451493,0,0,0,0,0,0,0,0,,0.0,0.0,0.0,0
05240,Ebejico,Antioquia,2025,0.0,0.0,0.0,3441.505833333333,4051.7821666666655,445999.5059239138,0.0,0.0,0.0,0.0,,,0.0,0.0,,0,0.0,0.0,0.0,0.0,0.0,,,barequeros,aluvión con barequeo,0.0,0.0,0.0,12612.0,78.52,237.743451493,0,0,0,0,0,0,0,0,,0.0,0.0,0.0,0
05250,El Bagre,Antioquia,2023,5113379.68,31728192092.53,4.0,1942.6658333333332,4324.239683333333,269878.148573841,3069209.07,2216654.55605145,136.81509055,5286000.441142,0.4193443759101462,0.5806297415550197,626.0,262920.0,8.430908854600068,0,5541.274203,4836.061168406667,3016.62137917,0.0,2524.65281717,0.4556087146532424,21.276187025877437,títulos,aluvión con títulos,22.0,6.0,25.0,55234.0,33.3,1560.24755648,2,4,0,0,0,0,9,1,BAJO CAUCA Y NORDESTE ANTIOQUEÑO,355.15352547652145,1.4100326521025388,113.33598870261072,2
05250,El Bagre,Antioquia,2024,4162878.33,28940181296.01,4.0,2387.7025,4074.8423916666666,313907.9749326904,2454811.93,1691232.16,14128.7,4160172.79,0.4065293066829563,0.5900745122656312,626.0,262920.0,6.432497185455651,0,5541.274203,4836.061168406667,3016.62137917,0.0,2524.65281717,0.4556087146532424,21.276187025877437,títulos,aluvión con títulos,0.0,3.0,0.0,55742.0,32.85,1560.24755648,2,4,0,0,0,0,9,1,BAJO CAUCA Y NORDESTE ANTIOQUEÑO,355.15352547652145,0.0,112.30311076028848,2
05250,El Bagre,Antioquia,2025,3854111.15,27252499031.71,4.0,3441.505833333333,4051.7821666666655,445999.5059239138,2855529.04,998582.11,0.0,3854111.15,0.2590953065793133,0.7409046934206867,626.0,262920.0,3.7980454510877832,0,5541.274203,4836.061168406667,3016.62137917,0.0,2524.65281717,0.4556087146532424,21.276187025877437,títulos,aluvión con títulos,12.0,0.0,41.0,56197.0,32.42,1560.24755648,2,4,0,0,0,0,9,1,BAJO CAUCA Y NORDESTE ANTIOQUEÑO,355.15352547652145,0.7691087193286575,111.39384664661814,2
05282,Fredonia,Antioquia,2023,105.81,879703.9400000001,2.0,1942.6658333333332,4324.239683333333,269878.148573841,0.0,105.81,0.0,105.81,1.0,0.0,9.0,3780.0,0.0279920634920634,0,0.0,0.0,0.0,0.0,0.0,,,barequeros,aluvión con barequeo,5.0,0.0,3.0,25957.0,65.59,253.760538479,0,0,0,0,0,0,0,0,,0.0,1.97036151876458,3.4672727973186426,0
05282,Fredonia,Antioquia,2024,0.0,0.0,0.0,2387.7025,4074.8423916666666,313907.9749326904,0.0,0.0,0.0,0.0,,,9.0,3780.0,0.0,0,0.0,0.0,0.0,0.0,0.0,,,barequeros,aluvión con barequeo,3.0,7.0,6.0,26245.0,65.66,253.760538479,0,0,0,0,0,0,0,0,,0.0,1.1822169112587477,3.429224614212231,0
05282,Fredonia,Antioquia,2025,0.0,0.0,0.0,3441.505833333333,4051.7821666666655,445999.5059239138,0.0,0.0,0.0,0.0,,,9.0,3780.0,0.0,0,0.0,0.0,0.0,0.0,0.0,,,barequeros,aluvión con barequeo,7.0,0.0,20.0,26401.0,65.29,253.760538479,0,0,0,0,0,0,0,0,,0.0,2.7585061262704116,3.4089617817506914,0
05284,Frontino,Antioquia,2023,975.65,8487783.120000001,4.0,1942.6658333333332,4324.239683333333,269878.148573841,0.0,975.64348428,0.0,975.64348428,1.0,0.0,0.0,0.0,,1,0.0,2.4225,0.0,0.0,0.0,,-100.0,barequeros,aluvión con barequeo,2.0,0.0,4.0,21588.0,55.98,1384.19329472,1,1,0,0,0,0,1,0,,0.0,0.1444884907063914,0.0,1
05284,Frontino,Antioquia,2024,9698.46,104715237.77,4.0,2387.7025,4074.8423916666666,313907.9749326904,7714.79,1983.67,0.0,9698.46,0.2045345343487523,0.7954654656512478,0.0,0.0,,1,0.0,2.4225,0.0,0.0,0.0,,-100.0,barequeros,aluvión con barequeo,0.0,0.0,0.0,21716.0,56.12,1384.19329472,1,1,0,0,0,0,1,0,,0.0,0.0,0.0,1
05284,Frontino,Antioquia,2025,14403.98,191131147.97,4.0,3441.505833333333,4051.7821666666655,445999.5059239138,4079.98,10324.0,0.0,14403.98,0.7167463437188888,0.2832536562811112,0.0,0.0,,1,0.0,2.4225,0.0,0.0,0.0,,-100.0,barequeros,aluvión con barequeo,0.0,3.0,1.0,21778.0,55.74,1384.19329472,1,1,0,0,0,0,1,0,,0.0,0.0,0.0,1
05308,Girardota,Antioquia,2023,3050.9500000000003,39641802.6,4.0,1942.6658333333332,4324.239683333333,269878.148573841,3050.95,0.0,0.0,3050.95,0.0,1.0,2.0,840.0,0.0,0,0.0,0.0,0.0,0.0,0.0,,,títulos,veta / títulos,0.0,11.0,0.0,59708.0,45.39,82.8591235462,2,3,0,0,0,0,3,0,,0.0,0.0,0.3349634889797012,2
05308,Girardota,Antioquia,2024,887.29,12962836.17,4.0,2387.7025,4074.8423916666666,313907.9749326904,887.29,0.0,0.0,887.29,0.0,1.0,2.0,840.0,0.0,0,0.0,0.0,0.0,0.0,0.0,,,títulos,veta / títulos,4.0,0.0,0.0,60604.0,45.26,82.8591235462,2,3,0,0,0,0,3,0,,0.0,4.827470806844474,0.330011220381493,2
05308,Girardota,Antioquia,2025,1108.57,17139240.53,3.0,3441.505833333333,4051.7821666666655,445999.5059239138,1108.57,0.0,0.0,1108.57,0.0,1.0,2.0,840.0,0.0,0,0.0,0.0,0.0,0.0,0.0,,,títulos,veta / títulos,9.0,18.0,1.0,61439.0,45.17,82.8591235462,2,3,0,0,0,0,3,0,,0.0,10.861809315400066,0.325526131610215,2
05310,Gomez Plata,Antioquia,2023,28683.09,248051266.96,4.0,1942.6658333333332,4324.239683333333,269878.148573841,28683.0929,0.0,0.0,28683.0929,0.0,1.0,0.0,0.0,,0,0.0,0.0,0.0,0.0,0.0,,,títulos,veta / títulos,0.0,0.0,0.0,10215.0,46.42,332.20462843,2,5,2,6,0,0,5,0,,0.0,0.0,0.0,4
05310,Gomez Plata,Antioquia,2024,9845.92,83992378.4,3.0,2387.7025,4074.8423916666666,313907.9749326904,9845.92,0.0,0.0,9845.92,0.0,1.0,0.0,0.0,,0,0.0,0.0,0.0,0.0,0.0,,,títulos,veta / títulos,0.0,0.0,0.0,10301.0,46.51,332.20462843,2,5,2,6,0,0,5,0,,0.0,0.0,0.0,4
05310,Gomez Plata,Antioquia,2025,18037.17,219121642.61,4.0,3441.505833333333,4051.7821666666655,445999.5059239138,18037.17,0.0,0.0,18037.17,0.0,1.0,0.0,0.0,,0,0.0,0.0,0.0,0.0,0.0,,,títulos,veta / títulos,3.0,0.0,6.0,10373.0,46.23,332.20462843,2,5,2,6,0,0,5,0,,0.0,0.9030578574952456,0.0,4
05390,La Pintada,Antioquia,2023,3242.54,28882890.01,3.0,1942.6658333333332,4324.239683333333,269878.148573841,0.0,3445.705021,0.0,3445.705021,1.0,0.0,48.0,20160.0,0.1709179077876984,0,0.0,0.0,0.0,0.0,0.0,,,barequeros,aluvión con barequeo,0.0,4.0,2.0,8520.0,10.72,54.6360795945,0,0,0,0,0,0,0,0,,0.0,0.0,56.33802816901409,0
05390,La Pintada,Antioquia,2024,0.0,0.0,0.0,2387.7025,4074.8423916666666,313907.9749326904,0.0,0.0,0.0,0.0,,,48.0,20160.0,0.0,0,0.0,0.0,0.0,0.0,0.0,,,barequeros,aluvión con barequeo,11.0,9.0,14.0,8554.0,10.76,54.6360795945,0,0,0,0,0,0,0,0,,0.0,20.133216148816295,56.11409866729015,0
05390,La Pintada,Antioquia,2025,0.0,0.0,0.0,3441.505833333333,4051.7821666666655,445999.5059239138,0.0,0.0,0.0,0.0,,,48.0,20160.0,0.0,0,0.0,0.0,0.0,0.0,0.0,,,barequeros,aluvión con barequeo,31.0,5.0,41.0,8654.0,10.71,54.6360795945,0,0,0,0,0,0,0,0,,0.0,56.73906369211865,55.46568061012249,0
05425,Maceo,Antioquia,2023,1499.14,13856772.36,3.0,1942.6658333333332,4324.239683333333,269878.148573841,0.0,0.0,1499.14,1499.14,0.0,0.0,2.0,840.0,0.0,0,17.106193,25.30039799333333,0.0,0.0,17.10619285,0.9999999912312458,,otros,otros,15.0,0.0,27.0,8725.0,60.45,455.645902059,1,1,0,0,0,0,1,0,,3.754273422124398,3.2920300461865457,2.2922636103151866,1
05425,Maceo,Antioquia,2024,207.54,1799181.0,1.0,2387.7025,4074.8423916666666,313907.9749326904,0.0,207.54,0.0,207.54,1.0,0.0,2.0,840.0,0.2470714285714285,0,17.106193,25.30039799333333,0.0,0.0,17.10619285,0.9999999912312458,,otros,otros,3.0,0.0,3.0,8808.0,60.56,455.645902059,1,1,0,0,0,0,1,0,,3.754273422124398,0.6584060092373092,2.2706630336058127,1
05425,Maceo,Antioquia,2025,1469.1999999999998,22034479.34,2.0,3441.505833333333,4051.7821666666655,445999.5059239138,1469.2,0.0,0.0,1469.2,0.0,1.0,2.0,840.0,0.0,0,17.106193,25.30039799333333,0.0,0.0,17.10619285,0.9999999912312458,,otros,otros,1.0,13.0,3.0,8873.0,60.13,455.645902059,1,1,0,0,0,0,1,0,,3.754273422124398,0.2194686697457697,2.254029076975093,1
05480,Mutata,Antioquia,2023,97.12,875841.69,1.0,1942.6658333333332,4324.239683333333,269878.148573841,0.0,97.12015174,0.0,97.12015174,1.0,0.0,681.0,286020.0,0.0003395572048807,0,149.737441,158.96874550333334,145.49075378,0.0,4.24668798,0.0283608959231512,-13.25993893373676,barequeros,aluvión con barequeo,0.0,0.0,0.0,13895.0,61.1,1074.94731298,2,3,0,0,5,5,3,1,URABÁ ANTIOQUEÑO,13.929746992426404,0.0,490.10435408420295,7
05480,Mutata,Antioquia,2024,262373.61,2768569101.62,3.0,2387.7025,4074.8423916666666,313907.9749326904,0.0,262373.61,0.0,262373.61,1.0,0.0,681.0,286020.0,0.9173260960771974,0,149.737441,158.96874550333334,145.49075378,0.0,4.24668798,0.0283608959231512,-13.25993893373676,barequeros,aluvión con barequeo,0.0,0.0,0.0,13872.0,61.17,1074.94731298,2,3,0,0,5,5,3,1,URABÁ ANTIOQUEÑO,13.929746992426404,0.0,490.91695501730106,7
05480,Mutata,Antioquia,2025,237951.01,3152078369.1,4.0,3441.505833333333,4051.7821666666655,445999.5059239138,0.0,237951.01,0.0,237951.01,1.0,0.0,681.0,286020.0,0.8319383609537795,0,149.737441,158.96874550333334,145.49075378,0.0,4.24668798,0.0283608959231512,-13.25993893373676,barequeros,aluvión con barequeo,0.0,4.0,7.0,13821.0,60.63,1074.94731298,2,3,0,0,5,5,3,1,URABÁ ANTIOQUEÑO,13.929746992426404,0.0,492.72845669633165,7
05495,Nechi,Antioquia,2023,113671.09,942616678.64,4.0,1942.6658333333332,4324.239683333333,269878.148573841,0.0,92074.393574,21596.69399868,113671.08757268,0.8100071490485976,0.0,82.0,34440.0,2.673472519570267,0,8152.449116,7830.24216289,4259.64776275,35.03228203,3857.76907528,0.473203698715364,7.142634671829318,barequeros,aluvión con barequeo,7.0,0.0,11.0,28513.0,45.06,937.322944761,2,6,2,4,5,5,6,1,BAJO CAUCA Y NORDESTE ANTIOQUEÑO,869.7588340887913,0.7468077079650355,28.75881177006979,9
05495,Nechi,Antioquia,2024,38628.54,1086657795.79,4.0,2387.7025,4074.8423916666666,313907.9749326904,13252.76,25375.78,0.0,38628.54,0.6569179161314406,0.3430820838685594,82.0,34440.0,0.7368112659698025,0,8152.449116,7830.24216289,4259.64776275,35.03228203,3857.76907528,0.473203698715364,7.142634671829318,barequeros,aluvión con barequeo,6.0,1.0,13.0,28955.0,44.56,937.322944761,2,6,2,4,5,5,6,1,BAJO CAUCA Y NORDESTE ANTIOQUEÑO,869.7588340887913,0.640120892541459,28.319806596442753,9
05495,Nechi,Antioquia,2025,81876.73,3888387624.92,4.0,3441.505833333333,4051.7821666666655,445999.5059239138,63304.59,17999.69,572.45,81876.73,0.2198388968391874,0.7731694951666975,82.0,34440.0,0.5226390824622531,0,8152.449116,7830.24216289,4259.64776275,35.03228203,3857.76907528,0.473203698715364,7.142634671829318,barequeros,aluvión con barequeo,37.0,0.0,50.0,29415.0,44.03,937.322944761,2,6,2,4,5,5,6,1,BAJO CAUCA Y NORDESTE ANTIOQUEÑO,869.7588340887913,3.9474121706723304,27.876933537310894,9
05579,Puerto Berrio,Antioquia,2023,297796.38,2603558093.15,4.0,1942.6658333333332,4324.239683333333,269878.148573841,77858.03,194121.90682955,26100.97040025,298080.90722979995,0.6512389828439944,0.261197641685842,4.0,1680.0,115.54875406520831,0,165.215767,135.71165300333334,23.48932972,0.0,141.72643683,0.8578263406905953,41.53879440994317,barequeros,aluvión con barequeo,38.0,0.0,39.0,39383.0,14.77,1220.10917452,2,12,0,0,3,3,12,0,,13.541064230174085,3.11447539233114,1.0156666582027778,5
05579,Puerto Berrio,Antioquia,2024,185739.37,1739240977.83,4.0,2387.7025,4074.8423916666666,313907.9749326904,79566.81,101411.0,2941.77,183919.58,0.5513877315291825,0.4326173972341607,4.0,1680.0,60.36369047619048,0,165.215767,135.71165300333334,23.48932972,0.0,141.72643683,0.8578263406905953,41.53879440994317,barequeros,aluvión con barequeo,24.0,0.0,21.0,39164.0,14.82,1220.10917452,2,12,0,0,3,3,12,0,,13.541064230174085,1.9670370898933514,1.021346134204882,5
05579,Puerto Berrio,Antioquia,2025,122311.06,1602726002.87,4.0,3441.505833333333,4051.7821666666655,445999.5059239138,102172.65,18990.49,0.0,121163.14,0.1567348782806388,0.8432651217193612,4.0,1680.0,11.303863095238096,0,165.215767,135.71165300333334,23.48932972,0.0,141.72643683,0.8578263406905953,41.53879440994317,barequeros,aluvión con barequeo,9.0,28.0,14.0,39192.0,14.62,1220.10917452,2,12,0,0,3,3,12,0,,13.541064230174085,0.7376389087100068,1.0206164523372117,5
05585,Puerto Nare,Antioquia,2023,131854.05,1155560509.1,4.0,1942.6658333333332,4324.239683333333,269878.148573841,0.0,131854.04576316,0.0,131854.04576316,1.0,0.0,231.0,97020.0,1.3590398450129868,0,196.302924,171.10957732333335,1.2825,0.0,195.02042439,0.993466732008536,21.190172137233134,barequeros,aluvión con barequeo,21.0,2.0,23.0,15293.0,66.46,579.559844289,0,0,0,0,0,0,0,0,,33.871036086156565,3.623439444077195,151.04949977113714,0
05585,Puerto Nare,Antioquia,2024,123624.16,1176642889.0,4.0,2387.7025,4074.8423916666666,313907.9749326904,0.0,123624.16,0.0,123624.16,1.0,0.0,231.0,97020.0,1.2742131519274378,0,196.302924,171.10957732333335,1.2825,0.0,195.02042439,0.993466732008536,21.190172137233134,barequeros,aluvión con barequeo,12.0,6.0,24.0,15465.0,66.44,579.559844289,0,0,0,0,0,0,0,0,,33.871036086156565,2.0705368251869687,149.36954413191077,0
05585,Puerto Nare,Antioquia,2025,127737.55000000002,1702909455.8,4.0,3441.505833333333,4051.7821666666655,445999.5059239138,0.0,127737.55,0.0,127737.55,1.0,0.0,231.0,97020.0,1.316610492681921,0,196.302924,171.10957732333335,1.2825,0.0,195.02042439,0.993466732008536,21.190172137233134,barequeros,aluvión con barequeo,10.0,3.0,2.0,15584.0,65.97,579.559844289,0,0,0,0,0,0,0,0,,33.871036086156565,1.725447354322474,148.2289527720739,0
05604,Remedios,Antioquia,2023,3237675.51,25371857787.25,4.0,1942.6658333333332,4324.239683333333,269878.148573841,2910749.07947362,322974.04904523,324.29173767,3234047.42025652,0.099866825397264,0.9000329003347587,1878.0,788760.0,0.4094706235676631,0,1536.100696,1743.9053237966666,386.17499303,109.24659679,1040.67910591,0.6774810457543078,-30.52028418367593,títulos,aluvión con títulos,30.0,67.0,42.0,31804.0,56.82,1966.84180735,26,58,2,3,8,8,80,1,BAJO CAUCA Y NORDESTE ANTIOQUEÑO,78.09985990025534,1.5252878949334583,590.4917620425103,36
05604,Remedios,Antioquia,2024,2243942.43,22348970981.32,4.0,2387.7025,4074.8423916666666,313907.9749326904,2129456.67,110840.56,3645.2,2243942.43,0.0493954561926974,0.9489800814542286,1878.0,788760.0,0.1405250773365789,0,1536.100696,1743.9053237966666,386.17499303,109.24659679,1040.67910591,0.6774810457543078,-30.52028418367593,títulos,aluvión con títulos,90.0,61.0,63.0,32457.0,56.98,1966.84180735,26,58,2,3,8,8,80,1,BAJO CAUCA Y NORDESTE ANTIOQUEÑO,78.09985990025534,4.575863684800375,578.6117016360107,36
05604,Remedios,Antioquia,2025,2275230.5300000003,31932734794.03,4.0,3441.505833333333,4051.7821666666655,445999.5059239138,1625164.16,649520.73,545.64,2275230.53,0.2854746898987857,0.7142854926441234,1878.0,788760.0,0.8234706754906436,0,1536.100696,1743.9053237966666,386.17499303,109.24659679,1040.67910591,0.6774810457543078,-30.52028418367593,títulos,aluvión con títulos,109.0,23.0,77.0,33021.0,56.56,1966.84180735,26,58,2,3,8,8,80,1,BAJO CAUCA Y NORDESTE ANTIOQUEÑO,78.09985990025534,5.541879351591565,568.7289906423185,36
05667,San Rafael,Antioquia,2023,2667.86,21151113.91,1.0,1942.6658333333332,4324.239683333333,269878.148573841,0.0,2667.86,0.0,2667.86,1.0,0.0,136.0,57120.0,0.0467062324929972,0,0.0,0.0,0.0,0.0,0.0,,,barequeros,aluvión con barequeo,0.0,0.0,4.0,16982.0,48.48,363.928658352,0,0,0,0,0,0,0,0,,0.0,0.0,80.0847956659993,0
05667,San Rafael,Antioquia,2024,29212.410000000003,302505968.07,3.0,2387.7025,4074.8423916666666,313907.9749326904,0.0,29212.41,0.0,29212.41,1.0,0.0,136.0,57120.0,0.511421743697479,0,0.0,0.0,0.0,0.0,0.0,,,barequeros,aluvión con barequeo,3.0,0.0,2.0,17222.0,48.66,363.928658352,0,0,0,0,0,0,0,0,,0.0,0.824337388977576,78.96876088723725,0
05667,San Rafael,Antioquia,2025,3045.11,36181273.12,1.0,3441.505833333333,4051.7821666666655,445999.5059239138,0.0,3045.11,0.0,3045.11,1.0,0.0,136.0,57120.0,0.0533107492997198,0,0.0,0.0,0.0,0.0,0.0,,,barequeros,aluvión con barequeo,2.0,0.0,3.0,17411.0,48.36,363.928658352,0,0,0,0,0,0,0,0,,0.0,0.549558259318384,78.11153868244213,0
05670,San Roque,Antioquia,2023,46474.98,402205533.73,4.0,1942.6658333333332,4324.239683333333,269878.148573841,10629.373,0.0,35845.60999999999,46474.98299999999,0.0,0.2287117135685666,1.0,420.0,0.0,0,10.975335,5.605585473333332,4.16767991,3.1275,3.68015459,0.3353113677167941,,otros,otros,310.0,2.0,54.0,23768.0,67.13,424.854897721,1,1,1,1,13,13,1,0,,2.5833137522654726,72.96608834284297,0.4207337596768765,15
05670,San Roque,Antioquia,2024,61201.41,605814485.46,4.0,2387.7025,4074.8423916666666,313907.9749326904,4610.96,0.0,56590.45,61201.41,0.0,0.0753407478683906,1.0,420.0,0.0,0,10.975335,5.605585473333332,4.16767991,3.1275,3.68015459,0.3353113677167941,,otros,otros,76.0,6.0,59.0,24238.0,67.11,424.854897721,1,1,1,1,13,13,1,0,,2.5833137522654726,17.888460367922793,0.41257529499133594,15
05670,San Roque,Antioquia,2025,96650.41,1521235130.06,4.0,3441.505833333333,4051.7821666666655,445999.5059239138,8403.53,0.0,88246.88,96650.41,0.0,0.0869476911686148,1.0,420.0,0.0,0,10.975335,5.605585473333332,4.16767991,3.1275,3.68015459,0.3353113677167941,,otros,otros,250.0,1.0,79.0,24555.0,66.67,424.854897721,1,1,1,1,13,13,1,0,,2.5833137522654726,58.84361963132497,0.4072490327835471,15
05674,San Vicente,Antioquia,2023,0.0,0.0,0.0,1942.6658333333332,4324.239683333333,269878.148573841,0.0,0.0,0.0,0.0,,,0.0,0.0,,0,0.0,0.0,0.0,0.0,0.0,,,títulos,veta / títulos,0.0,6.0,0.0,24116.0,72.21,230.491174298,1,2,0,0,0,0,2,0,,0.0,0.0,0.0,1
05674,San Vicente,Antioquia,2024,68.4,493653.94,2.0,2387.7025,4074.8423916666666,313907.9749326904,68.4,0.0,0.0,68.4,0.0,1.0,0.0,0.0,,0,0.0,0.0,0.0,0.0,0.0,,,títulos,veta / títulos,0.0,5.0,0.0,24534.0,72.11,230.491174298,1,2,0,0,0,0,2,0,,0.0,0.0,0.0,1
05674,San Vicente,Antioquia,2025,0.0,0.0,0.0,3441.505833333333,4051.7821666666655,445999.5059239138,0.0,0.0,0.0,0.0,,,0.0,0.0,,0,0.0,0.0,0.0,0.0,0.0,,,títulos,veta / títulos,3.0,6.0,2.0,24776.0,71.65,230.491174298,1,2,0,0,0,0,2,0,,0.0,1.3015682744196213,0.0,1
05686,Santa Rosa de Osos,Antioquia,2023,17191.129999999997,151170581.07,4.0,1942.6658333333332,4324.239683333333,269878.148573841,17764.63,49.93,0.0,17814.56,0.0028027635821485,0.9971972364178514,8.0,3360.0,0.014860119047619,0,0.0,0.0,0.0,0.0,0.0,,,títulos,veta / títulos,0.0,0.0,0.0,39288.0,43.13,864.790420694,7,40,0,0,0,0,109,0,,0.0,0.0,2.0362451639177355,7
05686,Santa Rosa de Osos,Antioquia,2024,88995.5,989810010.94,4.0,2387.7025,4074.8423916666666,313907.9749326904,88995.5,0.0,0.0,88995.5,0.0,1.0,8.0,3360.0,0.0,0,0.0,0.0,0.0,0.0,0.0,,,títulos,veta / títulos,0.0,0.0,0.0,39788.0,43.3,864.790420694,7,40,0,0,0,0,109,0,,0.0,0.0,2.0106564793405046,7
05686,Santa Rosa de Osos,Antioquia,2025,402723.37,5533259667.81,4.0,3441.505833333333,4051.7821666666655,445999.5059239138,402723.37,0.0,0.0,402723.37,0.0,1.0,8.0,3360.0,0.0,0,0.0,0.0,0.0,0.0,0.0,,,títulos,veta / títulos,8.0,27.0,5.0,40261.0,42.96,864.790420694,7,40,0,0,0,0,109,0,,0.0,0.9250796272211188,1.9870345992399594,7
05690,Santo Domingo,Antioquia,2023,889857.09,7748815635.389999,4.0,1942.6658333333332,4324.239683333333,269878.148573841,925928.56,3102.27,2489.57,931520.4,0.003330329641734,0.99399708261891,4.0,1680.0,1.8465892857142856,0,9.60232,3.35363286,0.62070861,0.0,8.98161148,0.9353584841996516,,títulos,veta / títulos,23.0,11.0,4.0,13254.0,75.46,265.998683226,3,3,0,0,6,6,6,0,,3.6099126069137704,8.6466593447226,3.0179568432171417,9
05690,Santo Domingo,Antioquia,2024,992406.64,9310802589.3,4.0,2387.7025,4074.8423916666666,313907.9749326904,987343.49,0.0,5063.15,992406.64,0.0,0.99489810950882,4.0,1680.0,0.0,0,9.60232,3.35363286,0.62070861,0.0,8.98161148,0.9353584841996516,,títulos,veta / títulos,24.0,3.0,15.0,13434.0,75.33,265.998683226,3,3,0,0,6,6,6,0,,3.6099126069137704,9.022601055362713,2.977519726068185,9
05690,Santo Domingo,Antioquia,2025,1067697.7,12884200921.74,4.0,3441.505833333333,4051.7821666666655,445999.5059239138,1057410.87,0.0,10286.83,1067697.7000000002,0.0,0.9903654096098548,4.0,1680.0,0.0,0,9.60232,3.35363286,0.62070861,0.0,8.98161148,0.9353584841996516,,títulos,veta / títulos,10.0,12.0,4.0,13488.0,74.98,265.998683226,3,3,0,0,6,6,6,0,,3.6099126069137704,3.7594171064011306,2.965599051008304,9
05736,Segovia,Antioquia,2023,5500890.26,8840949270.6,4.0,1942.6658333333332,4324.239683333333,269878.148573841,5064486.3712367,435717.61066439,879.38,5501083.36190109,0.0792057822068365,0.920634362008012,154.0,64680.0,6.736512224248455,0,1498.619366,1577.12294541,530.8335435500001,22.67151275,945.11431075,0.630656677867861,-19.64106789451929,títulos,aluvión con títulos,12.0,52.0,8.0,39062.0,18.48,1133.79973727,4,13,0,0,1,1,13,1,BAJO CAUCA Y NORDESTE ANTIOQUEÑO,132.17672546021439,1.0583879679575505,39.42450463365931,5
05736,Segovia,Antioquia,2024,4511108.52,8324162707.69,4.0,2387.7025,4074.8423916666666,313907.9749326904,4465617.17,45491.35,0.0,4511108.52,0.0100842952011271,0.9899157047988728,154.0,64680.0,0.7033294681508967,0,1498.619366,1577.12294541,530.8335435500001,22.67151275,945.11431075,0.630656677867861,-19.64106789451929,títulos,aluvión con títulos,54.0,12.0,16.0,39116.0,18.59,1133.79973727,4,13,0,0,1,1,13,1,BAJO CAUCA Y NORDESTE ANTIOQUEÑO,132.17672546021439,4.762745855808978,39.37007874015748,5
05736,Segovia,Antioquia,2025,6811817.96,9466202951.57,4.0,3441.505833333333,4051.7821666666655,445999.5059239138,6639941.31,171876.65,0.0,6811817.96,0.0252321261386145,0.9747678738613854,154.0,64680.0,2.6573384353741494,0,1498.619366,1577.12294541,530.8335435500001,22.67151275,945.11431075,0.630656677867861,-19.64106789451929,títulos,aluvión con títulos,82.0,52.0,33.0,39343.0,18.38,1133.79973727,4,13,0,0,1,1,13,1,BAJO CAUCA Y NORDESTE ANTIOQUEÑO,132.17672546021439,7.232317781043262,39.14292250209694,5
05756,Sonson,Antioquia,2023,0.0,0.0,0.0,1942.6658333333332,4324.239683333333,269878.148573841,0.0,0.0,0.0,0.0,,,0.0,0.0,,0,263.489919,259.68497301,100.73897884,0.0,162.75093685,0.6176742452526238,-5.199845651528645,sin declaración,huella sin declaración,0.0,2.0,0.0,36248.0,51.18,1346.42542357,0,0,1,1,2,2,0,0,,19.569588808072684,0.0,0.0,3
05756,Sonson,Antioquia,2024,0.0,0.0,0.0,2387.7025,4074.8423916666666,313907.9749326904,0.0,0.0,0.0,0.0,,,0.0,0.0,,0,263.489919,259.68497301,100.73897884,0.0,162.75093685,0.6176742452526238,-5.199845651528645,sin declaración,huella sin declaración,2.0,0.0,2.0,36144.0,51.39,1346.42542357,0,0,1,1,2,2,0,0,,19.569588808072684,0.14854146133820542,0.0,3
05756,Sonson,Antioquia,2025,0.0,0.0,0.0,3441.505833333333,4051.7821666666655,445999.5059239138,0.0,0.0,0.0,0.0,,,0.0,0.0,,0,263.489919,259.68497301,100.73897884,0.0,162.75093685,0.6176742452526238,-5.199845651528645,sin declaración,huella sin declaración,8.0,0.0,1.0,35980.0,51.0,1346.42542357,0,0,1,1,2,2,0,0,,19.569588808072684,0.5941658453528217,0.0,3
05790,Taraza,Antioquia,2023,205520.86,2504877157.58,4.0,1942.6658333333332,4324.239683333333,269878.148573841,150550.73,18772.93,36197.2,205520.86,0.0913431853097539,0.732532600340423,12.0,5040.0,3.7247876984126975,0,1844.677185,1618.64261008,275.24415098,295.44130083,1273.99173028,0.6906312609270981,21.470892255354723,títulos,aluvión con títulos,0.0,0.0,0.0,28729.0,48.94,1149.05383439,6,10,1,1,1,1,14,1,BAJO CAUCA Y NORDESTE ANTIOQUEÑO,160.53879546725383,0.0,4.1769640433011945,8
05790,Taraza,Antioquia,2024,130211.59,1914472504.21,4.0,2387.7025,4074.8423916666666,313907.9749326904,122655.68,6569.34,986.57,130211.59,0.0504512693532119,0.9419720625483492,12.0,5040.0,1.3034404761904763,0,1844.677185,1618.64261008,275.24415098,295.44130083,1273.99173028,0.6906312609270981,21.470892255354723,títulos,aluvión con títulos,0.0,0.0,0.0,29027.0,48.38,1149.05383439,6,10,1,1,1,1,14,1,BAJO CAUCA Y NORDESTE ANTIOQUEÑO,160.53879546725383,0.0,4.134082061528922,8
05790,Taraza,Antioquia,2025,155643.73,3069471902.36,4.0,3441.505833333333,4051.7821666666655,445999.5059239138,134711.29,18472.81,2459.63,155643.73,0.1186865028228249,0.8655105477104668,12.0,5040.0,3.66524007936508,0,1844.677185,1618.64261008,275.24415098,295.44130083,1273.99173028,0.6906312609270981,21.470892255354723,títulos,aluvión con títulos,0.0,0.0,0.0,29298.0,47.85,1149.05383439,6,10,1,1,1,1,14,1,BAJO CAUCA Y NORDESTE ANTIOQUEÑO,160.53879546725383,0.0,4.095842719639566,8
05809,Titiribi,Antioquia,2023,0.0,0.0,0.0,1942.6658333333332,4324.239683333333,269878.148573841,0.0,0.0,0.0,0.0,,,0.0,0.0,,0,0.0,0.0,0.0,0.0,0.0,,,títulos,veta / títulos,0.0,0.0,0.0,11348.0,53.96,140.345788067,0,0,0,0,0,0,0,0,,0.0,0.0,0.0,0
05809,Titiribi,Antioquia,2024,0.0,0.0,0.0,2387.7025,4074.8423916666666,313907.9749326904,0.0,0.0,0.0,0.0,,,0.0,0.0,,0,0.0,0.0,0.0,0.0,0.0,,,títulos,veta / títulos,0.0,0.0,0.0,11449.0,54.03,140.345788067,0,0,0,0,0,0,0,0,,0.0,0.0,0.0,0
05809,Titiribi,Antioquia,2025,11546.59,170026169.99,2.0,3441.505833333333,4051.7821666666655,445999.5059239138,11546.59,0.0,0.0,11546.59,0.0,1.0,0.0,0.0,,0,0.0,0.0,0.0,0.0,0.0,,,títulos,veta / títulos,0.0,0.0,0.0,11537.0,53.58,140.345788067,0,0,0,0,0,0,0,0,,0.0,0.0,0.0,0
05854,Valdivia,Antioquia,2023,0.0,0.0,0.0,1942.6658333333332,4324.239683333333,269878.148573841,0.0,0.0,0.0,0.0,,,20.0,8400.0,0.0,0,368.675084,376.3090232833333,0.0,68.41065807,300.26442792,0.814441878366806,-4.300622037186697,sin declaración,huella sin declaración,0.0,0.0,0.0,14720.0,70.99,567.702635538,1,2,1,1,0,0,2,1,BAJO CAUCA Y NORDESTE ANTIOQUEÑO,64.94158401266084,0.0,13.58695652173913,2
05854,Valdivia,Antioquia,2024,0.0,0.0,0.0,2387.7025,4074.8423916666666,313907.9749326904,0.0,0.0,0.0,0.0,,,20.0,8400.0,0.0,0,368.675084,376.3090232833333,0.0,68.41065807,300.26442792,0.814441878366806,-4.300622037186697,sin declaración,huella sin declaración,0.0,0.0,1.0,14927.0,70.99,567.702635538,1,2,1,1,0,0,2,1,BAJO CAUCA Y NORDESTE ANTIOQUEÑO,64.94158401266084,0.0,13.398539559188048,2
05854,Valdivia,Antioquia,2025,0.0,0.0,0.0,3441.505833333333,4051.7821666666655,445999.5059239138,0.0,0.0,0.0,0.0,,,20.0,8400.0,0.0,0,368.675084,376.3090232833333,0.0,68.41065807,300.26442792,0.814441878366806,-4.300622037186697,sin declaración,huella sin declaración,0.0,0.0,1.0,15014.0,70.6,567.702635538,1,2,1,1,0,0,2,1,BAJO CAUCA Y NORDESTE ANTIOQUEÑO,64.94158401266084,0.0,13.320900492873317,2
05856,Valparaiso - Antioquia,Antioquia,2023,93.01,772696.54,1.0,1942.6658333333332,4324.239683333333,269878.148573841,0.0,93.01,0.0,93.01,1.0,0.0,0.0,0.0,,1,0.0,0.0,0.0,0.0,0.0,,,títulos,veta / títulos,0.0,11.0,1.0,6667.0,41.77,126.195338709,1,2,0,0,0,0,0,0,,0.0,0.0,0.0,1
05856,Valparaiso - Antioquia,Antioquia,2024,0.0,0.0,0.0,2387.7025,4074.8423916666666,313907.9749326904,0.0,0.0,0.0,0.0,,,0.0,0.0,,0,0.0,0.0,0.0,0.0,0.0,,,títulos,veta / títulos,4.0,0.0,2.0,6683.0,41.82,126.195338709,1,2,0,0,0,0,0,0,,0.0,3.1696891825963522,0.0,1
05856,Valparaiso - Antioquia,Antioquia,2025,670.19,7969935.05,1.0,3441.505833333333,4051.7821666666655,445999.5059239138,670.19,0.0,0.0,670.19,0.0,1.0,0.0,0.0,,0,0.0,0.0,0.0,0.0,0.0,,,títulos,veta / títulos,2.0,0.0,10.0,6714.0,41.55,126.195338709,1,2,0,0,0,0,0,0,,0.0,1.5848445912981761,0.0,1
05858,Vegachi,Antioquia,2023,4343856.32,37571784709.77,4.0,1942.6658333333332,4324.239683333333,269878.148573841,0.0,4343933.48872569,0.0,4343933.48872569,1.0,0.0,0.0,0.0,,1,349.993766,345.8286328466667,188.31393782,0.0,161.6798252,0.4619505857141467,-2.8729812200732563,barequeros,aluvión con barequeo,4.0,0.0,7.0,12114.0,29.36,540.814987936,2,4,0,0,2,2,4,0,,64.71598861114002,0.7396244721814847,0.0,4
05858,Vegachi,Antioquia,2024,1589419.11,13760240218.84,4.0,2387.7025,4074.8423916666666,313907.9749326904,0.0,1589419.11,0.0,1589419.11,1.0,0.0,0.0,0.0,,1,349.993766,345.8286328466667,188.31393782,0.0,161.6798252,0.4619505857141467,-2.8729812200732563,barequeros,aluvión con barequeo,2.0,0.0,2.0,12126.0,29.46,540.814987936,2,4,0,0,2,2,4,0,,64.71598861114002,0.3698122360907424,0.0,4
05858,Vegachi,Antioquia,2025,200868.32,1704954407.98,4.0,3441.505833333333,4051.7821666666655,445999.5059239138,0.0,200868.32,0.0,200868.32,1.0,0.0,0.0,0.0,,1,349.993766,345.8286328466667,188.31393782,0.0,161.6798252,0.4619505857141467,-2.8729812200732563,barequeros,aluvión con barequeo,2.0,0.0,0.0,12160.0,29.28,540.814987936,2,4,0,0,2,2,4,0,,64.71598861114002,0.3698122360907424,0.0,4
05861,Venecia - Antioquia,Antioquia,2023,98.9,781763.4,1.0,1942.6658333333332,4324.239683333333,269878.148573841,0.0,98.9,0.0,98.9,1.0,0.0,2.0,840.0,0.1177380952380952,0,0.0,0.0,0.0,0.0,0.0,,,barequeros,aluvión con barequeo,0.0,0.0,0.0,12222.0,54.04,143.646021751,0,0,0,0,0,0,0,0,,0.0,0.0,1.6363933889707085,0
05861,Venecia - Antioquia,Antioquia,2024,0.0,0.0,0.0,2387.7025,4074.8423916666666,313907.9749326904,0.0,0.0,0.0,0.0,,,2.0,840.0,0.0,0,0.0,0.0,0.0,0.0,0.0,,,barequeros,aluvión con barequeo,9.0,16.0,30.0,12343.0,54.15,143.646021751,0,0,0,0,0,0,0,0,,0.0,6.265401498971443,1.6203516163007374,0
05861,Venecia - Antioquia,Antioquia,2025,0.0,0.0,0.0,3441.505833333333,4051.7821666666655,445999.5059239138,0.0,0.0,0.0,0.0,,,2.0,840.0,0.0,0,0.0,0.0,0.0,0.0,0.0,,,barequeros,aluvión con barequeo,0.0,0.0,0.0,12412.0,53.74,143.646021751,0,0,0,0,0,0,0,0,,0.0,0.0,1.6113438607798907,0
05873,Vigia del Fuerte,Antioquia,2023,0.0,0.0,0.0,1942.6658333333332,4324.239683333333,269878.148573841,0.0,0.0,0.0,0.0,,,0.0,0.0,,0,67.056191,75.03206368000001,0.0,0.0,67.05619229999999,1.0,-25.287662207084704,sin declaración,huella sin declaración,0.0,0.0,0.0,10815.0,64.12,1661.93586082,0,0,0,0,0,0,0,1,CHOCÓ,4.03482424206879,0.0,0.0,0
05873,Vigia del Fuerte,Antioquia,2024,0.0,0.0,0.0,2387.7025,4074.8423916666666,313907.9749326904,0.0,0.0,0.0,0.0,,,0.0,0.0,,0,67.056191,75.03206368000001,0.0,0.0,67.05619229999999,1.0,-25.287662207084704,sin declaración,huella sin declaración,0.0,0.0,0.0,11150.0,64.26,1661.93586082,0,0,0,0,0,0,0,1,CHOCÓ,4.03482424206879,0.0,0.0,0
05873,Vigia del Fuerte,Antioquia,2025,0.0,0.0,0.0,3441.505833333333,4051.7821666666655,445999.5059239138,0.0,0.0,0.0,0.0,,,0.0,0.0,,0,67.056191,75.03206368000001,0.0,0.0,67.05619229999999,1.0,-25.287662207084704,sin declaración,huella sin declaración,0.0,0.0,1.0,11430.0,63.86,1661.93586082,0,0,0,0,0,0,0,1,CHOCÓ,4.03482424206879,0.0,0.0,0
05885,Yali,Antioquia,2023,14849.47,174972527.85999998,3.0,1942.6658333333332,4324.239683333333,269878.148573841,2474.5,6194.71620311,6778.31,15447.52620311,0.401016714369634,0.1601874609218541,300.0,126000.0,0.0491644143103968,0,110.497674,83.10551974666667,6.68279894,0.0,103.81487411,0.9395208998698018,77.54886739730851,barequeros,aluvión con barequeo,19.0,0.0,19.0,7729.0,51.17,440.856387574,1,1,0,0,3,3,1,0,,25.064324146024177,4.309793514517413,388.1485315047225,4
05885,Yali,Antioquia,2024,1069467.97,11432762888.08,2.0,2387.7025,4074.8423916666666,313907.9749326904,0.0,1069467.97,0.0,1069467.97,1.0,0.0,300.0,126000.0,8.487841031746031,0,110.497674,83.10551974666667,6.68279894,0.0,103.81487411,0.9395208998698018,77.54886739730851,barequeros,aluvión con barequeo,5.0,0.0,7.0,7746.0,51.36,440.856387574,1,1,0,0,3,3,1,0,,25.064324146024177,1.1341561880308981,387.29666924864443,4
05885,Yali,Antioquia,2025,436467.39,5494252678.14,4.0,3441.505833333333,4051.7821666666655,445999.5059239138,0.0,436467.39,0.0,436467.39,1.0,0.0,300.0,126000.0,3.464026904761905,0,110.497674,83.10551974666667,6.68279894,0.0,103.81487411,0.9395208998698018,77.54886739730851,barequeros,aluvión con barequeo,9.0,0.0,13.0,7719.0,51.04,440.856387574,1,1,0,0,3,3,1,0,,25.064324146024177,2.0414811384556164,388.65137971239795,4
05887,Yarumal,Antioquia,2023,0.0,0.0,0.0,1942.6658333333332,4324.239683333333,269878.148573841,0.0,0.0,0.0,0.0,,,31.0,13020.0,0.0,0,0.0,0.0,0.0,0.0,0.0,,,barequeros,aluvión con barequeo,0.0,2.0,1.0,41983.0,28.31,712.572036765,0,0,0,0,0,0,0,0,,0.0,0.0,7.383941119024367,0
05887,Yarumal,Antioquia,2024,0.0,0.0,0.0,2387.7025,4074.8423916666666,313907.9749326904,0.0,0.0,0.0,0.0,,,31.0,13020.0,0.0,0,0.0,0.0,0.0,0.0,0.0,,,barequeros,aluvión con barequeo,0.0,7.0,0.0,41862.0,28.48,712.572036765,0,0,0,0,0,0,0,0,,0.0,0.0,7.405284028474511,0
05887,Yarumal,Antioquia,2025,294.5,3836632.25,1.0,3441.505833333333,4051.7821666666655,445999.5059239138,0.0,294.5,0.0,294.5,1.0,0.0,31.0,13020.0,0.0226190476190476,0,0.0,0.0,0.0,0.0,0.0,,,barequeros,aluvión con barequeo,0.0,0.0,0.0,41884.0,28.22,712.572036765,0,0,0,0,0,0,0,0,,0.0,0.0,7.40139432718938,0
05890,Yolombo,Antioquia,2023,38549.96,350584686.32,4.0,1942.6658333333332,4324.239683333333,269878.148573841,187.16,36649.72661747,1713.07,38549.95661747,0.9507073375242436,0.004854998978525,5.0,2100.0,17.45225077022381,0,18.893481,10.64986526,0.0,0.0,18.89348145,1.0,723.2729095248155,barequeros,aluvión con barequeo,31.0,3.0,9.0,24454.0,68.55,943.972082701,2,6,3,8,4,4,6,0,,2.0014872628372475,3.28399542402772,2.044655271121289,9
05890,Yolombo,Antioquia,2024,4715.71,59791000.81999999,4.0,2387.7025,4074.8423916666666,313907.9749326904,0.0,734.76,3980.95,4715.71,0.1558111079773777,0.0,5.0,2100.0,0.3498857142857143,0,18.893481,10.64986526,0.0,0.0,18.89348145,1.0,723.2729095248155,barequeros,aluvión con barequeo,34.0,15.0,24.0,24828.0,68.59,943.972082701,2,6,3,8,4,4,6,0,,2.0014872628372475,3.6018014328045957,2.0138553246334783,9
05890,Yolombo,Antioquia,2025,5095.4,84900705.13,4.0,3441.505833333333,4051.7821666666655,445999.5059239138,126.4,80.46,4888.54,5095.4,0.015790713192291,0.0248066883856027,5.0,2100.0,0.0383142857142857,0,18.893481,10.64986526,0.0,0.0,18.89348145,1.0,723.2729095248155,barequeros,aluvión con barequeo,24.0,0.0,10.0,25038.0,68.18,943.972082701,2,6,3,8,4,4,6,0,,2.0014872628372475,2.5424480702150087,1.9969646137870436,9
05893,Yondo,Antioquia,2023,0.0,0.0,0.0,1942.6658333333332,4324.239683333333,269878.148573841,0.0,0.0,0.0,0.0,,,0.0,0.0,,0,184.862216,202.4554452733333,0.0,51.57200539,133.2902096,0.721024623008955,-21.13224147141653,sin declaración,huella sin declaración,0.0,0.0,0.0,21255.0,47.63,1894.98116024,0,0,0,0,0,0,0,1,SUR DE BOLÍVAR,9.755359044128287,0.0,0.0,0
05893,Yondo,Antioquia,2024,0.0,0.0,0.0,2387.7025,4074.8423916666666,313907.9749326904,0.0,0.0,0.0,0.0,,,0.0,0.0,,0,184.862216,202.4554452733333,0.0,51.57200539,133.2902096,0.721024623008955,-21.13224147141653,sin declaración,huella sin declaración,2.0,0.0,0.0,21677.0,47.82,1894.98116024,0,0,0,0,0,0,0,1,SUR DE BOLÍVAR,9.755359044128287,0.10554194637727689,0.0,0
05893,Yondo,Antioquia,2025,0.0,0.0,0.0,3441.505833333333,4051.7821666666655,445999.5059239138,0.0,0.0,0.0,0.0,,,0.0,0.0,,0,184.862216,202.4554452733333,0.0,51.57200539,133.2902096,0.721024623008955,-21.13224147141653,sin declaración,huella sin declaración,0.0,0.0,2.0,22061.0,47.48,1894.98116024,0,0,0,0,0,0,0,1,SUR DE BOLÍVAR,9.755359044128287,0.0,0.0,0
05895,Zaragoza,Antioquia,2023,1060446.11,8980194131.16,4.0,1942.6658333333332,4324.239683333333,269878.148573841,1026827.78,37717.74792464,0.0,1064545.52792464,0.0354308453093328,0.9645691546906672,5.0,2100.0,17.960832345066667,0,8668.760189,8062.175833323334,5418.26436875,218.29404941,3032.20176807,0.3497849406328755,10.164195625052574,títulos,aluvión con títulos,5.0,0.0,8.0,26283.0,50.62,1167.39872125,9,12,1,1,14,15,20,1,BAJO CAUCA Y NORDESTE ANTIOQUEÑO,742.5706428492457,0.42830267919483556,1.9023703534604117,24
05895,Zaragoza,Antioquia,2024,744460.13,7255476415.41,4.0,2387.7025,4074.8423916666666,313907.9749326904,736967.95,7226.73,0.0,744194.6799999999,0.0097108057800144,0.9902891942199856,5.0,2100.0,3.4413,0,8668.760189,8062.175833323334,5418.26436875,218.29404941,3032.20176807,0.3497849406328755,10.164195625052574,títulos,aluvión con títulos,0.0,0.0,0.0,26532.0,49.99,1167.39872125,9,12,1,1,14,15,20,1,BAJO CAUCA Y NORDESTE ANTIOQUEÑO,742.5706428492457,0.0,1.8845168098899443,24
05895,Zaragoza,Antioquia,2025,691642.87,10286642440.89,4.0,3441.505833333333,4051.7821666666655,445999.5059239138,691642.87,0.0,0.0,691642.87,0.0,1.0,5.0,2100.0,0.0,0,8668.760189,8062.175833323334,5418.26436875,218.29404941,3032.20176807,0.3497849406328755,10.164195625052574,títulos,aluvión con títulos,5.0,0.0,68.0,26785.0,49.42,1167.39872125,9,12,1,1,14,15,20,1,BAJO CAUCA Y NORDESTE ANTIOQUEÑO,742.5706428492457,0.42830267919483556,1.8667164457718872,24
13006,Achi,Bolívar,2023,562952.61,4897709014.4,4.0,1942.6658333333332,4324.239683333333,269878.148573841,0.0,567300.28,0.0,567300.28,1.0,0.0,1992.0,836640.0,0.6780697552113215,0,0.0,0.0,0.0,0.0,0.0,,,barequeros,aluvión con barequeo,0.0,0.0,6.0,27083.0,77.46,951.732702292,0,0,0,0,0,0,0,0,,0.0,0.0,735.5167448214747,0
13006,Achi,Bolívar,2024,151860.65,1522382867.88,4.0,2387.7025,4074.8423916666666,313907.9749326904,0.0,151860.65,0.0,151860.65,1.0,0.0,1992.0,836640.0,0.181512538248231,0,0.0,0.0,0.0,0.0,0.0,,,barequeros,aluvión con barequeo,0.0,0.0,1.0,27507.0,77.65,951.732702292,0,0,0,0,0,0,0,0,,0.0,0.0,724.1792998145927,0
13006,Achi,Bolívar,2025,548655.05,7469595077.75,4.0,3441.505833333333,4051.7821666666655,445999.5059239138,0.0,548655.05,0.0,548655.05,1.0,0.0,1992.0,836640.0,0.6557839094473131,0,0.0,0.0,0.0,0.0,0.0,,,barequeros,aluvión con barequeo,0.0,0.0,0.0,27912.0,77.91,951.732702292,0,0,0,0,0,0,0,0,,0.0,0.0,713.6715391229578,0
13030,Altos del Rosario,Bolívar,2023,25349.11,202916952.83,2.0,1942.6658333333332,4324.239683333333,269878.148573841,0.0,25349.112,0.0,25349.112,1.0,0.0,0.0,0.0,,1,8.758084,13.478785179999996,0.70323086,0.0,8.05485324,0.9197049537318892,-26.695258422264068,barequeros,aluvión con barequeo,0.0,0.0,0.0,11439.0,65.44,303.693097473,3,6,0,0,0,0,6,0,,2.8838600787687123,0.0,0.0,3
13030,Altos del Rosario,Bolívar,2024,0.0,0.0,0.0,2387.7025,4074.8423916666666,313907.9749326904,0.0,0.0,0.0,0.0,,,0.0,0.0,,0,8.758084,13.478785179999996,0.70323086,0.0,8.05485324,0.9197049537318892,-26.695258422264068,barequeros,aluvión con barequeo,0.0,0.0,0.0,11401.0,65.75,303.693097473,3,6,0,0,0,0,6,0,,2.8838600787687123,0.0,0.0,3
13030,Altos del Rosario,Bolívar,2025,0.0,0.0,0.0,3441.505833333333,4051.7821666666655,445999.5059239138,0.0,0.0,0.0,0.0,,,0.0,0.0,,0,8.758084,13.478785179999996,0.70323086,0.0,8.05485324,0.9197049537318892,-26.695258422264068,barequeros,aluvión con barequeo,1.0,0.0,0.0,11343.0,65.97,303.693097473,3,6,0,0,0,0,6,0,,2.8838600787687123,0.3292797921062086,0.0,3
13042,Arenal,Bolívar,2023,173767.85,1511867383.08,4.0,1942.6658333333332,4324.239683333333,269878.148573841,102957.498306,102.4,70707.95999999999,173767.85830599998,0.0005892919496059,0.5925002431962701,0.0,0.0,,1,50.932608,51.770036000000005,0.0,0.0,50.93260713,0.9999999829186048,3.9334925007652233,títulos,aluvión con títulos,0.0,0.0,0.0,8394.0,40.28,461.980004927,7,5,1,5,0,0,13,1,SUR DE BOLÍVAR,11.024851174684096,0.0,0.0,8
13042,Arenal,Bolívar,2024,253886.25,2261138446.0,4.0,2387.7025,4074.8423916666666,313907.9749326904,134253.7,0.0,119632.55,253886.25,0.0,0.528794686596852,0.0,0.0,,0,50.932608,51.770036000000005,0.0,0.0,50.93260713,0.9999999829186048,3.9334925007652233,títulos,aluvión con títulos,0.0,0.0,0.0,8533.0,40.5,461.980004927,7,5,1,5,0,0,13,1,SUR DE BOLÍVAR,11.024851174684096,0.0,0.0,8
13042,Arenal,Bolívar,2025,115682.63,1583401614.6999998,4.0,3441.505833333333,4051.7821666666655,445999.5059239138,110680.07,0.0,5002.56,115682.63,0.0,0.9567561698761518,0.0,0.0,,0,50.932608,51.770036000000005,0.0,0.0,50.93260713,0.9999999829186048,3.9334925007652233,títulos,aluvión con títulos,0.0,0.0,0.0,8668.0,40.92,461.980004927,7,5,1,5,0,0,13,1,SUR DE BOLÍVAR,11.024851174684096,0.0,0.0,8
13074,Barranco de Loba,Bolívar,2023,88376.57,776459899.74,4.0,1942.6658333333332,4324.239683333333,269878.148573841,16236.895324,69300.97067849,2838.72,88376.58600249,0.784155326802706,0.1837239483718292,1516.0,636720.0,0.10884057463012,0,340.16442,278.80471269333333,135.39261744,6.87347441,197.89832687,0.5817725641911637,67.39169091147023,barequeros,aluvión con barequeo,0.0,0.0,0.0,16946.0,62.29,430.801107578,7,17,0,0,0,0,17,0,,78.96089727169759,0.0,894.606396789803,7
13074,Barranco de Loba,Bolívar,2024,291166.71,3027257476.59,4.0,2387.7025,4074.8423916666666,313907.9749326904,0.0,285368.76,0.0,285368.76,1.0,0.0,1516.0,636720.0,0.4481856388993592,0,340.16442,278.80471269333333,135.39261744,6.87347441,197.89832687,0.5817725641911637,67.39169091147023,barequeros,aluvión con barequeo,0.0,0.0,0.0,17222.0,62.5,430.801107578,7,17,0,0,0,0,17,0,,78.96089727169759,0.0,880.2694228312623,7
13074,Barranco de Loba,Bolívar,2025,385461.45,5094368149.22,4.0,3441.505833333333,4051.7821666666655,445999.5059239138,1280.39,384181.06,0.0,385461.45,0.9966782929914262,0.0033217070085737,1516.0,636720.0,0.6033752041713784,0,340.16442,278.80471269333333,135.39261744,6.87347441,197.89832687,0.5817725641911637,67.39169091147023,barequeros,aluvión con barequeo,0.0,0.0,0.0,17437.0,62.68,430.801107578,7,17,0,0,0,0,17,0,,78.96089727169759,0.0,869.4156104834547,7
13212,Cordoba - Bolivar,Bolívar,2023,485617.06,4224352249.65,4.0,1942.6658333333332,4324.239683333333,269878.148573841,0.0,485617.05191013,0.0,485617.05191013,1.0,0.0,0.0,0.0,,1,0.0,0.0,0.0,0.0,0.0,,,barequeros,aluvión con barequeo,0.0,0.0,0.0,17906.0,75.73,597.342585624,0,0,0,0,0,0,0,1,MONTES DE MARÍA,0.0,0.0,0.0,0
13212,Cordoba - Bolivar,Bolívar,2024,23711.73,195233412.5,1.0,2387.7025,4074.8423916666666,313907.9749326904,0.0,23711.73,0.0,23711.73,1.0,0.0,0.0,0.0,,1,0.0,0.0,0.0,0.0,0.0,,,barequeros,aluvión con barequeo,0.0,0.0,0.0,18180.0,76.33,597.342585624,0,0,0,0,0,0,0,1,MONTES DE MARÍA,0.0,0.0,0.0,0
13212,Cordoba - Bolivar,Bolívar,2025,23462.05,193997495.03,1.0,3441.505833333333,4051.7821666666655,445999.5059239138,0.0,23462.05,0.0,23462.05,1.0,0.0,0.0,0.0,,1,0.0,0.0,0.0,0.0,0.0,,,barequeros,aluvión con barequeo,0.0,0.0,0.0,18432.0,76.92,597.342585624,0,0,0,0,0,0,0,1,MONTES DE MARÍA,0.0,0.0,0.0,0
13244,El Carmen de Bolivar,Bolívar,2023,106.92,922030.55,2.0,1942.6658333333332,4324.239683333333,269878.148573841,0.0,106.92,0.0,106.92,1.0,0.0,0.0,0.0,,1,0.0,0.0,0.0,0.0,0.0,,,barequeros,aluvión con barequeo,1.0,0.0,0.0,75759.0,27.04,946.273763473,0,0,0,0,0,0,0,1,MONTES DE MARÍA,0.0,0.10567766312465589,0.0,0
13244,El Carmen de Bolivar,Bolívar,2024,54.66,447367.39,1.0,2387.7025,4074.8423916666666,313907.9749326904,0.0,54.66,0.0,54.66,1.0,0.0,0.0,0.0,,1,0.0,0.0,0.0,0.0,0.0,,,barequeros,aluvión con barequeo,2.0,0.0,0.0,76463.0,26.97,946.273763473,0,0,0,0,0,0,0,1,MONTES DE MARÍA,0.0,0.21135532624931178,0.0,0
13244,El Carmen de Bolivar,Bolívar,2025,0.0,0.0,0.0,3441.505833333333,4051.7821666666655,445999.5059239138,0.0,0.0,0.0,0.0,,,0.0,0.0,,0,0.0,0.0,0.0,0.0,0.0,,,barequeros,aluvión con barequeo,0.0,0.0,0.0,77083.0,26.91,946.273763473,0,0,0,0,0,0,0,1,MONTES DE MARÍA,0.0,0.0,0.0,0
13300,Hatillo de Loba,Bolívar,2023,18397.69,166993542.12,4.0,1942.6658333333332,4324.239683333333,269878.148573841,0.0,9169.36745526,10227.33,19396.69745526,0.4727282815236905,0.0,2.0,840.0,10.915913637214286,0,0.0,0.0,0.0,0.0,0.0,,,títulos,veta / títulos,0.0,0.0,0.0,13169.0,75.05,194.262781835,2,3,0,0,0,0,3,0,,0.0,0.0,1.518718201837649,2
13300,Hatillo de Loba,Bolívar,2024,3855.12,36074494.03,4.0,2387.7025,4074.8423916666666,313907.9749326904,0.0,3855.12,0.0,3855.12,1.0,0.0,2.0,840.0,4.589428571428571,0,0.0,0.0,0.0,0.0,0.0,,,títulos,veta / títulos,5.0,0.0,0.0,13252.0,75.17,194.262781835,2,3,0,0,0,0,3,0,,0.0,2.5738332133258672,1.5092061575611229,2
13300,Hatillo de Loba,Bolívar,2025,14257.96,193165130.9,4.0,3441.505833333333,4051.7821666666655,445999.5059239138,14139.46,118.5,0.0,14257.96,0.0083111468961899,0.99168885310381,2.0,840.0,0.1410714285714285,0,0.0,0.0,0.0,0.0,0.0,,,títulos,veta / títulos,3.0,0.0,0.0,13333.0,75.33,194.262781835,2,3,0,0,0,0,3,0,,0.0,1.5442999279955205,1.5000375009375233,2
13430,Magangue,Bolívar,2023,5183.65,39480195.52,2.0,1942.6658333333332,4324.239683333333,269878.148573841,0.0,5198.2998797,0.0,5198.2998797,1.0,0.0,0.0,0.0,,1,0.0,0.0,0.0,0.0,0.0,,,barequeros,aluvión con barequeo,5.0,0.0,2.0,147082.0,30.88,1130.03308973,0,0,0,0,0,0,0,0,,0.0,0.44246491942945276,0.0,0
13430,Magangue,Bolívar,2024,52.9,511383.92,1.0,2387.7025,4074.8423916666666,313907.9749326904,0.0,52.9,0.0,52.9,1.0,0.0,0.0,0.0,,1,0.0,0.0,0.0,0.0,0.0,,,barequeros,aluvión con barequeo,29.0,2.0,2.0,149065.0,30.85,1130.03308973,0,0,0,0,0,0,0,0,,0.0,2.566296532690826,0.0,0
13430,Magangue,Bolívar,2025,0.0,0.0,0.0,3441.505833333333,4051.7821666666655,445999.5059239138,0.0,0.0,0.0,0.0,,,0.0,0.0,,0,0.0,0.0,0.0,0.0,0.0,,,barequeros,aluvión con barequeo,44.0,0.0,1.0,150929.0,30.82,1130.03308973,0,0,0,0,0,0,0,0,,0.0,3.8936912909791843,0.0,0
13440,Margarita,Bolívar,2023,1570.02,11727611.04,2.0,1942.6658333333332,4324.239683333333,269878.148573841,0.0,1584.9855,0.0,1584.9855,1.0,0.0,0.0,0.0,,1,0.0,0.0,0.0,0.0,0.0,,,barequeros,aluvión con barequeo,0.0,0.0,0.0,11610.0,84.13,293.623221264,0,0,0,0,0,0,0,0,,0.0,0.0,0.0,0
13440,Margarita,Bolívar,2024,0.0,0.0,0.0,2387.7025,4074.8423916666666,313907.9749326904,0.0,0.0,0.0,0.0,,,0.0,0.0,,0,0.0,0.0,0.0,0.0,0.0,,,barequeros,aluvión con barequeo,0.0,0.0,0.0,11721.0,84.37,293.623221264,0,0,0,0,0,0,0,0,,0.0,0.0,0.0,0
13440,Margarita,Bolívar,2025,0.0,0.0,0.0,3441.505833333333,4051.7821666666655,445999.5059239138,0.0,0.0,0.0,0.0,,,0.0,0.0,,0,0.0,0.0,0.0,0.0,0.0,,,barequeros,aluvión con barequeo,1.0,0.0,0.0,11800.0,84.73,293.623221264,0,0,0,0,0,0,0,0,,0.0,0.3405725186499771,0.0,0
13458,Montecristo,Bolívar,2023,1017903.0,8828595612.84,4.0,1942.6658333333332,4324.239683333333,269878.148573841,690896.4434,0.0,327006.57,1017903.0134,0.0,0.6787448649869573,0.0,0.0,,0,1825.055257,1951.5381414466665,159.48942418,0.24648379,1665.31936118,0.9124761317733624,-25.530440801105104,títulos,aluvión con títulos,11.0,0.0,12.0,16560.0,76.3,2092.81355815,16,18,3,3,6,6,28,0,,87.20582155504133,0.5256082156560449,0.0,25
13458,Montecristo,Bolívar,2024,855981.85,8500481232.5,4.0,2387.7025,4074.8423916666666,313907.9749326904,625573.38,0.0,230408.47,855981.85,0.0,0.730825519256045,0.0,0.0,,0,1825.055257,1951.5381414466665,159.48942418,0.24648379,1665.31936118,0.9124761317733624,-25.530440801105104,títulos,aluvión con títulos,0.0,0.0,0.0,16510.0,76.5,2092.81355815,16,18,3,3,6,6,28,0,,87.20582155504133,0.0,0.0,25
13458,Montecristo,Bolívar,2025,932717.6,12791137772.57,4.0,3441.505833333333,4051.7821666666655,445999.5059239138,708557.92,0.0,224159.68,932717.6,0.0,0.7596703653924832,0.0,0.0,,0,1825.055257,1951.5381414466665,159.48942418,0.24648379,1665.31936118,0.9124761317733624,-25.530440801105104,títulos,aluvión con títulos,4.0,0.0,4.0,16435.0,76.75,2092.81355815,16,18,3,3,6,6,28,0,,87.20582155504133,0.1911302602385618,0.0,25
13473,Morales - Bolivar,Bolívar,2023,16303.36,140247291.28,4.0,1942.6658333333332,4324.239683333333,269878.148573841,16303.357,0.0,0.0,16303.357,0.0,1.0,15.0,6300.0,0.0,0,0.0,0.0,0.0,0.0,0.0,,,títulos,veta / títulos,0.0,0.0,0.0,25250.0,68.81,1347.60784145,5,2,0,0,0,0,10,1,SUR DE BOLÍVAR,0.0,0.0,5.9405940594059405,5
13473,Morales - Bolivar,Bolívar,2024,14518.28,118162782.84,4.0,2387.7025,4074.8423916666666,313907.9749326904,14518.28,0.0,0.0,14518.28,0.0,1.0,15.0,6300.0,0.0,0,0.0,0.0,0.0,0.0,0.0,,,títulos,veta / títulos,0.0,0.0,0.0,25591.0,69.06,1347.60784145,5,2,0,0,0,0,10,1,SUR DE BOLÍVAR,0.0,0.0,5.8614356609745615,5
13473,Morales - Bolivar,Bolívar,2025,17000.4,189067351.32,4.0,3441.505833333333,4051.7821666666655,445999.5059239138,17000.4,0.0,0.0,17000.4,0.0,1.0,15.0,6300.0,0.0,0,0.0,0.0,0.0,0.0,0.0,,,títulos,veta / títulos,0.0,0.0,0.0,25879.0,69.31,1347.60784145,5,2,0,0,0,0,10,1,SUR DE BOLÍVAR,0.0,0.0,5.796205417519997,5
13490,Norosi,Bolívar,2023,547114.46,4774161678.58,4.0,1942.6658333333332,4324.239683333333,269878.148573841,302305.542464,175.93642,244632.99099028,547114.46987428,0.0003215714986306,0.552545324808291,76.0,31920.0,0.0055117926065162,0,938.545055,990.8108815466668,267.27787355,97.06924151,574.19793899,0.6117958172929695,-2.540373898202275,títulos,aluvión con títulos,0.0,0.0,0.0,12099.0,76.79,416.384423168,6,22,6,19,0,0,24,0,,225.40349801253785,0.0,62.81510868666832,12
13490,Norosi,Bolívar,2024,452588.51,4461492622.440001,4.0,2387.7025,4074.8423916666666,313907.9749326904,244487.13,1028.44,207072.94,452588.51,0.0022723511032129,0.5401973859212643,76.0,31920.0,0.032219298245614,0,938.545055,990.8108815466668,267.27787355,97.06924151,574.19793899,0.6117958172929695,-2.540373898202275,títulos,aluvión con títulos,0.0,0.0,0.0,12515.0,77.04,416.384423168,6,22,6,19,0,0,24,0,,225.40349801253785,0.0,60.72712744706352,12
13490,Norosi,Bolívar,2025,311358.62,3927401134.09,4.0,3441.505833333333,4051.7821666666655,445999.5059239138,118306.46,2116.5,190935.66,311358.62,0.0067976277644087,0.3799684749373568,76.0,31920.0,0.0663063909774436,0,938.545055,990.8108815466668,267.27787355,97.06924151,574.19793899,0.6117958172929695,-2.540373898202275,títulos,aluvión con títulos,0.0,0.0,0.0,12874.0,77.4,416.384423168,6,22,6,19,0,0,24,0,,225.40349801253785,0.0,59.03371135622184,12
13600,Rio Viejo,Bolívar,2023,26000.0,231206360.0,3.0,1942.6658333333332,4324.239683333333,269878.148573841,0.0,0.0,26000.0,26000.0,0.0,0.0,0.0,0.0,,0,622.876021,637.0890294233333,17.52582717,0.0,605.3501926800001,0.9718630550396482,1.7376236199249109,otros,otros,0.0,0.0,0.0,12091.0,52.12,845.182815819,3,9,1,5,0,0,9,0,,73.69719418590167,0.0,0.0,4
13600,Rio Viejo,Bolívar,2024,5237.92,869574045.6299999,3.0,2387.7025,4074.8423916666666,313907.9749326904,5237.92,0.0,0.0,5237.92,0.0,1.0,0.0,0.0,,0,622.876021,637.0890294233333,17.52582717,0.0,605.3501926800001,0.9718630550396482,1.7376236199249109,otros,otros,0.0,0.0,2.0,12277.0,52.37,845.182815819,3,9,1,5,0,0,9,0,,73.69719418590167,0.0,0.0,4
13600,Rio Viejo,Bolívar,2025,0.0,257126072.54,4.0,3441.505833333333,4051.7821666666655,445999.5059239138,0.0,0.0,0.0,0.0,,,0.0,0.0,,0,622.876021,637.0890294233333,17.52582717,0.0,605.3501926800001,0.9718630550396482,1.7376236199249109,otros,otros,1.0,0.0,1.0,12476.0,52.54,845.182815819,3,9,1,5,0,0,9,0,,73.69719418590167,0.11831759724444692,0.0,4
13655,San Jacinto del Cauca,Bolívar,2023,205895.6,1749403877.4900002,4.0,1942.6658333333332,4324.239683333333,269878.148573841,0.0,207295.91439061,0.0,207295.91439061,1.0,0.0,0.0,0.0,,1,20.316783,16.402261,0.0,0.0,20.31678265,0.9999999827728632,25.238298659269542,barequeros,aluvión con barequeo,0.0,0.0,0.0,10601.0,74.84,569.950700729,0,0,1,1,0,0,0,0,,3.564656201670365,0.0,0.0,1
13655,San Jacinto del Cauca,Bolívar,2024,466.12,3823819.52,1.0,2387.7025,4074.8423916666666,313907.9749326904,0.0,466.12,0.0,466.12,1.0,0.0,0.0,0.0,,1,20.316783,16.402261,0.0,0.0,20.31678265,0.9999999827728632,25.238298659269542,barequeros,aluvión con barequeo,0.0,0.0,0.0,10708.0,75.03,569.950700729,0,0,1,1,0,0,0,0,,3.564656201670365,0.0,0.0,1
13655,San Jacinto del Cauca,Bolívar,2025,54243.65,816481260.12,2.0,3441.505833333333,4051.7821666666655,445999.5059239138,0.0,54243.65,0.0,54243.65,1.0,0.0,0.0,0.0,,1,20.316783,16.402261,0.0,0.0,20.31678265,0.9999999827728632,25.238298659269542,barequeros,aluvión con barequeo,1.0,0.0,0.0,10804.0,75.18,569.950700729,0,0,1,1,0,0,0,0,,3.564656201670365,0.17545377147899668,0.0,1
13657,San Juan Nepomuceno,Bolívar,2023,44.11,359874.84,1.0,1942.6658333333332,4324.239683333333,269878.148573841,0.0,44.11,0.0,44.11,1.0,0.0,0.0,0.0,,1,0.0,0.0,0.0,0.0,0.0,,,barequeros,aluvión con barequeo,0.0,0.0,0.0,41331.0,25.68,631.207965475,0,0,0,0,0,0,0,1,MONTES DE MARÍA,0.0,0.0,0.0,0
13657,San Juan Nepomuceno,Bolívar,2024,0.0,0.0,0.0,2387.7025,4074.8423916666666,313907.9749326904,0.0,0.0,0.0,0.0,,,0.0,0.0,,0,0.0,0.0,0.0,0.0,0.0,,,barequeros,aluvión con barequeo,14.0,0.0,0.0,42048.0,25.63,631.207965475,0,0,0,0,0,0,0,1,MONTES DE MARÍA,0.0,2.217969475316213,0.0,0
13657,San Juan Nepomuceno,Bolívar,2025,0.0,0.0,0.0,3441.505833333333,4051.7821666666655,445999.5059239138,0.0,0.0,0.0,0.0,,,0.0,0.0,,0,0.0,0.0,0.0,0.0,0.0,,,barequeros,aluvión con barequeo,39.0,0.0,1.0,42699.0,25.61,631.207965475,0,0,0,0,0,0,0,1,MONTES DE MARÍA,0.0,6.1786292526665925,0.0,0
13667,San Martin de Loba,Bolívar,2023,552127.86,4761327785.95,4.0,1942.6658333333332,4324.239683333333,269878.148573841,209049.698505,350290.68307769,5058.4673,564398.8488826901,0.6206438651870775,0.3703935593044606,440.0,184800.0,1.8955123543165044,0,723.447275,622.37809512,172.1080453,20.46095499,530.87827381,0.7338175042680201,45.6462455983428,barequeros,aluvión con barequeo,0.0,0.0,0.0,15833.0,52.35,450.235151579,8,53,3,7,0,0,54,0,,160.68209522575697,0.0,277.90058738078693,11
13667,San Martin de Loba,Bolívar,2024,733756.5800000001,7069559241.860001,4.0,2387.7025,4074.8423916666666,313907.9749326904,320372.67,349693.66,63690.25,733756.58,0.476579930635852,0.4366198256102861,440.0,184800.0,1.8922817099567095,0,723.447275,622.37809512,172.1080453,20.46095499,530.87827381,0.7338175042680201,45.6462455983428,barequeros,aluvión con barequeo,1.0,0.0,0.0,15853.0,52.53,450.235151579,8,53,3,7,0,0,54,0,,160.68209522575697,0.22210615863575817,277.5499905380685,11
13667,San Martin de Loba,Bolívar,2025,288112.44,3881214204.47,4.0,3441.505833333333,4051.7821666666655,445999.5059239138,131480.91,139928.98,16702.55,288112.44,0.4856748983140055,0.4563527697728012,440.0,184800.0,0.7571914502164503,0,723.447275,622.37809512,172.1080453,20.46095499,530.87827381,0.7338175042680201,45.6462455983428,barequeros,aluvión con barequeo,0.0,0.0,0.0,15866.0,52.74,450.235151579,8,53,3,7,0,0,54,0,,160.68209522575697,0.0,277.3225765788479,11
13670,San Pablo - Bolivar,Bolívar,2023,0.0,0.0,0.0,1942.6658333333332,4324.239683333333,269878.148573841,0.0,0.0,0.0,0.0,,,20.0,8400.0,0.0,0,67.276907,98.97068203333332,0.0,0.0,67.27690694,0.9999999991081636,-39.18891609093064,sin declaración,huella sin declaración,0.0,4.0,2.0,28837.0,20.19,2021.01468152,0,0,0,0,0,0,0,1,SUR DE BOLÍVAR,3.3288678016629354,0.0,6.935534209522488,0
13670,San Pablo - Bolivar,Bolívar,2024,0.0,0.0,0.0,2387.7025,4074.8423916666666,313907.9749326904,0.0,0.0,0.0,0.0,,,20.0,8400.0,0.0,0,67.276907,98.97068203333332,0.0,0.0,67.27690694,0.9999999991081636,-39.18891609093064,sin declaración,huella sin declaración,2.0,0.0,2.0,29026.0,20.06,2021.01468152,0,0,0,0,0,0,0,1,SUR DE BOLÍVAR,3.3288678016629354,0.09896019154575389,6.890374147316199,0
13670,San Pablo - Bolivar,Bolívar,2025,0.0,0.0,0.0,3441.505833333333,4051.7821666666655,445999.5059239138,0.0,0.0,0.0,0.0,,,20.0,8400.0,0.0,0,67.276907,98.97068203333332,0.0,0.0,67.27690694,0.9999999991081636,-39.18891609093064,sin declaración,huella sin declaración,0.0,0.0,0.0,29198.0,19.88,2021.01468152,0,0,0,0,0,0,0,1,SUR DE BOLÍVAR,3.3288678016629354,0.0,6.849784231796699,0
13683,Santa Rosa - Bolivar,Bolívar,2023,0.0,0.0,0.0,1942.6658333333332,4324.239683333333,269878.148573841,0.0,0.0,0.0,0.0,,,0.0,0.0,,0,0.0,0.0,0.0,0.0,0.0,,,sin declaración,registro sin volumen ni huella,0.0,0.0,0.0,22252.0,8.79,154.673653226,0,0,0,0,0,0,0,0,,0.0,0.0,0.0,0
13683,Santa Rosa - Bolivar,Bolívar,2024,0.0,0.0,0.0,2387.7025,4074.8423916666666,313907.9749326904,0.0,0.0,0.0,0.0,,,0.0,0.0,,0,0.0,0.0,0.0,0.0,0.0,,,sin declaración,registro sin volumen ni huella,1.0,0.0,1.0,22371.0,8.86,154.673653226,0,0,0,0,0,0,0,0,,0.0,0.6465225196038132,0.0,0
13683,Santa Rosa - Bolivar,Bolívar,2025,0.0,6033571.17,1.0,3441.505833333333,4051.7821666666655,445999.5059239138,0.0,0.0,0.0,0.0,,,0.0,0.0,,0,0.0,0.0,0.0,0.0,0.0,,,sin declaración,registro sin volumen ni huella,0.0,12.0,1.0,22497.0,8.99,154.673653226,0,0,0,0,0,0,0,0,,0.0,0.0,0.0,0
13688,Santa Rosa del Sur,Bolívar,2023,91.59,841228.1,2.0,1942.6658333333332,4324.239683333333,269878.148573841,0.0,91.59,0.0,91.59,1.0,0.0,0.0,0.0,,1,796.373483,1410.81228029,61.44452109,0.0,734.9289578,0.9228445867276572,-66.9443990293174,títulos,aluvión con títulos,5.0,0.0,5.0,33641.0,39.39,2382.78713804,6,7,3,7,1,1,8,1,SUR DE BOLÍVAR,33.42193141327218,0.2098382990313113,0.0,10
13688,Santa Rosa del Sur,Bolívar,2024,3920.73,40099928.58,4.0,2387.7025,4074.8423916666666,313907.9749326904,0.0,0.0,1045.56,1045.56,0.0,0.0,0.0,0.0,,0,796.373483,1410.81228029,61.44452109,0.0,734.9289578,0.9228445867276572,-66.9443990293174,títulos,aluvión con títulos,0.0,0.0,0.0,33643.0,39.28,2382.78713804,6,7,3,7,1,1,8,1,SUR DE BOLÍVAR,33.42193141327218,0.0,0.0,10
13688,Santa Rosa del Sur,Bolívar,2025,23101.5,350036359.4,4.0,3441.505833333333,4051.7821666666655,445999.5059239138,20507.5,0.0,0.0,20507.5,0.0,1.0,0.0,0.0,,0,796.373483,1410.81228029,61.44452109,0.0,734.9289578,0.9228445867276572,-66.9443990293174,títulos,aluvión con títulos,8.0,0.0,13.0,33630.0,39.22,2382.78713804,6,7,3,7,1,1,8,1,SUR DE BOLÍVAR,33.42193141327218,0.3357412784500981,0.0,10
13744,Simiti,Bolívar,2023,5518.15,50837716.89,2.0,1942.6658333333332,4324.239683333333,269878.148573841,0.0,5518.15,0.0,5518.15,1.0,0.0,1.0,420.0,13.13845238095238,0,2202.483983,2117.183827656667,166.2189189,0.03592381,2036.22914305,0.9245148472210252,7.97403128715477,barequeros,aluvión con barequeo,0.0,0.0,0.0,18534.0,67.04,1354.63786698,0,0,0,0,1,1,0,1,SUR DE BOLÍVAR,162.588396256054,0.0,0.5395489370885939,1
13744,Simiti,Bolívar,2024,0.0,0.0,0.0,2387.7025,4074.8423916666666,313907.9749326904,0.0,0.0,0.0,0.0,,,1.0,420.0,0.0,0,2202.483983,2117.183827656667,166.2189189,0.03592381,2036.22914305,0.9245148472210252,7.97403128715477,barequeros,aluvión con barequeo,10.0,0.0,8.0,18510.0,67.17,1354.63786698,0,0,0,0,1,1,0,1,SUR DE BOLÍVAR,162.588396256054,0.738204670322245,0.5402485143165856,1
13744,Simiti,Bolívar,2025,573.43,13718382.15,1.0,3441.505833333333,4051.7821666666655,445999.5059239138,0.0,0.0,573.43,573.43,0.0,0.0,1.0,420.0,0.0,0,2202.483983,2117.183827656667,166.2189189,0.03592381,2036.22914305,0.9245148472210252,7.97403128715477,barequeros,aluvión con barequeo,3.0,0.0,0.0,18488.0,67.27,1354.63786698,0,0,0,0,1,1,0,1,SUR DE BOLÍVAR,162.588396256054,0.2214614010966735,0.540891389009087,1
13810,Tiquisio,Bolívar,2023,10178.76,83006919.39,2.0,1942.6658333333332,4324.239683333333,269878.148573841,10178.755105,0.0,0.0,10178.755105,0.0,1.0,1.0,420.0,0.0,0,245.14292,171.5805877066667,28.93808607,0.0,216.20483356,0.8819542231119707,123.94991615887405,títulos,aluvión con títulos,0.0,0.0,0.0,18567.0,65.96,762.842523391,3,7,0,0,0,0,8,0,,32.13545554727163,0.0,0.5385899714547315,3
13810,Tiquisio,Bolívar,2024,4000.72,32819941.73,1.0,2387.7025,4074.8423916666666,313907.9749326904,4000.72,0.0,0.0,4000.72,0.0,1.0,1.0,420.0,0.0,0,245.14292,171.5805877066667,28.93808607,0.0,216.20483356,0.8819542231119707,123.94991615887405,títulos,aluvión con títulos,0.0,0.0,0.0,18535.0,65.98,762.842523391,3,7,0,0,0,0,8,0,,32.13545554727163,0.0,0.5395198273536552,3
13810,Tiquisio,Bolívar,2025,0.0,0.0,0.0,3441.505833333333,4051.7821666666655,445999.5059239138,0.0,0.0,0.0,0.0,,,1.0,420.0,0.0,0,245.14292,171.5805877066667,28.93808607,0.0,216.20483356,0.8819542231119707,123.94991615887405,títulos,aluvión con títulos,0.0,0.0,0.0,18489.0,66.03,762.842523391,3,7,0,0,0,0,8,0,,32.13545554727163,0.0,0.5408621342419817,3
15572,Puerto Boyaca,Boyacá,2023,0.0,0.0,0.0,1942.6658333333332,4324.239683333333,269878.148573841,0.0,0.0,0.0,0.0,,,0.0,0.0,,0,0.0,0.0,0.0,0.0,0.0,,,otros,otros,14.0,0.0,15.0,47733.0,27.79,1513.60103672,0,0,0,0,1,1,0,0,,0.0,0.9249465123476822,0.0,1
15572,Puerto Boyaca,Boyacá,2024,0.0,0.0,0.0,2387.7025,4074.8423916666666,313907.9749326904,0.0,0.0,0.0,0.0,,,0.0,0.0,,0,0.0,0.0,0.0,0.0,0.0,,,otros,otros,1.0,4.0,2.0,47787.0,27.63,1513.60103672,0,0,0,0,1,1,0,0,,0.0,0.06606760802483444,0.0,1
15572,Puerto Boyaca,Boyacá,2025,10764.57,229545283.12,4.0,3441.505833333333,4051.7821666666655,445999.5059239138,0.0,0.0,10764.57,10764.57,0.0,0.0,0.0,0.0,,0,0.0,0.0,0.0,0.0,0.0,,,otros,otros,11.0,11.0,5.0,47802.0,27.49,1513.60103672,0,0,0,0,1,1,0,0,,0.0,0.7267436882731789,0.0,1
17001,Manizales,Caldas,2023,1551.5500000000002,13534347.72,3.0,1942.6658333333332,4324.239683333333,269878.148573841,1811.94,0.0,0.0,1811.94,0.0,1.0,3.0,1260.0,0.0,0,0.0,0.0,0.0,0.0,0.0,,,títulos,veta / títulos,26.0,9.0,1.0,462721.0,5.75,441.004225868,1,3,0,0,0,0,3,0,,0.0,5.89563511524768,0.06483388478154223,1
17001,Manizales,Caldas,2024,0.0,0.0,0.0,2387.7025,4074.8423916666666,313907.9749326904,0.0,0.0,0.0,0.0,,,3.0,1260.0,0.0,0,0.0,0.0,0.0,0.0,0.0,,,títulos,veta / títulos,56.0,9.0,0.0,467681.0,5.64,441.004225868,1,3,0,0,0,0,3,0,,0.0,12.698291017456542,0.06414628774741758,1
17001,Manizales,Caldas,2025,998.94,14779916.36,2.0,3441.505833333333,4051.7821666666655,445999.5059239138,998.94,0.0,0.0,998.94,0.0,1.0,3.0,1260.0,0.0,0,0.0,0.0,0.0,0.0,0.0,,,títulos,veta / títulos,78.0,13.0,2.0,472087.0,5.54,441.004225868,1,3,0,0,0,0,3,0,,0.0,17.68690534574304,0.06354760880939318,1
17042,Anserma,Caldas,2023,1167.48,10837324.48,3.0,1942.6658333333332,4324.239683333333,269878.148573841,0.0,879.57,287.91,1167.48,0.7533919210607463,0.0,0.0,0.0,,1,0.0,0.0,0.0,0.0,0.0,,,barequeros,aluvión con barequeo,8.0,44.0,2.0,37397.0,42.0,209.153270893,3,8,0,0,2,2,9,0,,0.0,3.8249461583092774,0.0,5
17042,Anserma,Caldas,2024,1703.05,14714714.3,2.0,2387.7025,4074.8423916666666,313907.9749326904,0.0,1132.28,570.77,1703.05,0.6648542321129738,0.0,0.0,0.0,,1,0.0,0.0,0.0,0.0,0.0,,,barequeros,aluvión con barequeo,39.0,33.0,1.0,37428.0,41.54,209.153270893,3,8,0,0,2,2,9,0,,0.0,18.646612521757728,0.0,5
17042,Anserma,Caldas,2025,0.0,0.0,0.0,3441.505833333333,4051.7821666666655,445999.5059239138,0.0,0.0,0.0,0.0,,,0.0,0.0,,0,0.0,0.0,0.0,0.0,0.0,,,barequeros,aluvión con barequeo,49.0,33.0,6.0,37421.0,41.09,209.153270893,3,8,0,0,2,2,9,0,,0.0,23.427795219644324,0.0,5
17174,Chinchina,Caldas,2023,32661.8,288716525.03,4.0,1942.6658333333332,4324.239683333333,269878.148573841,0.0,32661.8,0.0,32661.8,1.0,0.0,0.0,0.0,,1,0.0,0.0,0.0,0.0,0.0,,,barequeros,aluvión con barequeo,2.0,0.0,0.0,51146.0,11.58,109.372320965,0,0,0,0,0,0,0,0,,0.0,1.8286162187597863,0.0,0
17174,Chinchina,Caldas,2024,0.0,0.0,0.0,2387.7025,4074.8423916666666,313907.9749326904,0.0,0.0,0.0,0.0,,,0.0,0.0,,0,0.0,0.0,0.0,0.0,0.0,,,barequeros,aluvión con barequeo,0.0,0.0,1.0,51007.0,11.4,109.372320965,0,0,0,0,0,0,0,0,,0.0,0.0,0.0,0
17174,Chinchina,Caldas,2025,0.0,0.0,0.0,3441.505833333333,4051.7821666666655,445999.5059239138,0.0,0.0,0.0,0.0,,,0.0,0.0,,0,0.0,0.0,0.0,0.0,0.0,,,barequeros,aluvión con barequeo,3.0,16.0,1.0,50770.0,11.19,109.372320965,0,0,0,0,0,0,0,0,,0.0,2.7429243281396793,0.0,0
17380,La Dorada,Caldas,2023,1769.24,13785026.99,1.0,1942.6658333333332,4324.239683333333,269878.148573841,0.0,1769.233068,0.0,1769.233068,1.0,0.0,78.0,32760.0,0.0540058934065934,0,4.511776,3.8016008733333337,0.0,0.0,4.51177635,1.0,65.96276128661663,barequeros,aluvión con barequeo,0.0,2.0,0.0,72159.0,12.33,549.236340842,3,3,0,0,0,0,3,0,,0.8214634874821426,0.0,10.80946243711803,3
17380,La Dorada,Caldas,2024,0.0,44678.71,1.0,2387.7025,4074.8423916666666,313907.9749326904,0.0,0.0,0.0,0.0,,,78.0,32760.0,0.0,0,4.511776,3.8016008733333337,0.0,0.0,4.51177635,1.0,65.96276128661663,barequeros,aluvión con barequeo,2.0,4.0,1.0,72044.0,12.18,549.236340842,3,3,0,0,0,0,3,0,,0.8214634874821426,0.36414196426513307,10.826717006273944,3
17380,La Dorada,Caldas,2025,0.0,0.0,0.0,3441.505833333333,4051.7821666666655,445999.5059239138,0.0,0.0,0.0,0.0,,,78.0,32760.0,0.0,0,4.511776,3.8016008733333337,0.0,0.0,4.51177635,1.0,65.96276128661663,barequeros,aluvión con barequeo,3.0,5.0,3.0,71814.0,12.01,549.236340842,3,3,0,0,0,0,3,0,,0.8214634874821426,0.5462129463976996,10.861391929150306,3
17442,Marmato,Caldas,2023,1511210.91,12877165460.6,4.0,1942.6658333333332,4324.239683333333,269878.148573841,892179.090065,736325.1314838,4191.67603931,1632695.8975881098,0.4509873103567736,0.546445355428997,200.0,84000.0,8.765775374807143,0,0.0,0.0,0.0,0.0,0.0,,,títulos,veta / títulos,6.0,0.0,0.0,9401.0,86.57,36.8632990916,20,20,3,6,3,3,28,0,,0.0,16.276351134744786,212.74332517817254,26
17442,Marmato,Caldas,2024,1304301.84,12471137392.98,4.0,2387.7025,4074.8423916666666,313907.9749326904,913201.89,365581.05,25518.9,1304301.84,0.2802886868579439,0.7001461333520775,200.0,84000.0,4.352155357142857,0,0.0,0.0,0.0,0.0,0.0,,,títulos,veta / títulos,12.0,23.0,0.0,9394.0,85.99,36.8632990916,20,20,3,6,3,3,28,0,,0.0,32.55270226948957,212.90185224611454,26
17442,Marmato,Caldas,2025,1216669.25,16135408007.45,4.0,3441.505833333333,4051.7821666666655,445999.5059239138,1034197.32,130915.97,51555.96,1216669.25,0.1076019386534179,0.8500233896763644,200.0,84000.0,1.5585234523809524,0,0.0,0.0,0.0,0.0,0.0,,,títulos,veta / títulos,0.0,2.0,0.0,9390.0,85.3,36.8632990916,20,20,3,6,3,3,28,0,,0.0,0.0,212.99254526091588,26
17495,Norcasia,Caldas,2023,0.0,0.0,0.0,1942.6658333333332,4324.239683333333,269878.148573841,0.0,0.0,0.0,0.0,,,1.0,420.0,0.0,0,35.235,34.755000003333336,0.0,0.0,35.235,1.0,9.663865512087176,sin declaración,huella sin declaración,35.0,0.0,6.0,6169.0,31.45,227.546688892,0,0,0,0,0,0,0,0,,15.484734219412665,15.381458710925026,1.6210082671421624,0
17495,Norcasia,Caldas,2024,0.0,0.0,0.0,2387.7025,4074.8423916666666,313907.9749326904,0.0,0.0,0.0,0.0,,,1.0,420.0,0.0,0,35.235,34.755000003333336,0.0,0.0,35.235,1.0,9.663865512087176,sin declaración,huella sin declaración,6.0,0.0,4.0,6171.0,31.0,227.546688892,0,0,0,0,0,0,0,0,,15.484734219412665,2.636821493301433,1.6204829039053639,0
17495,Norcasia,Caldas,2025,0.0,0.0,0.0,3441.505833333333,4051.7821666666655,445999.5059239138,0.0,0.0,0.0,0.0,,,1.0,420.0,0.0,0,35.235,34.755000003333336,0.0,0.0,35.235,1.0,9.663865512087176,sin declaración,huella sin declaración,7.0,0.0,10.0,6167.0,30.73,227.546688892,0,0,0,0,0,0,0,0,,15.484734219412665,3.0762917421850053,1.6215339711366954,0
17513,Pacora,Caldas,2023,0.0,0.0,0.0,1942.6658333333332,4324.239683333333,269878.148573841,0.0,0.0,0.0,0.0,,,0.0,0.0,,0,0.0,0.0,0.0,0.0,0.0,,,sin declaración,registro sin volumen ni huella,0.0,0.0,0.0,15757.0,49.24,257.276774768,1,1,0,0,0,0,1,0,,0.0,0.0,0.0,1
17513,Pacora,Caldas,2024,0.0,2789609.14,2.0,2387.7025,4074.8423916666666,313907.9749326904,0.0,0.0,0.0,0.0,,,0.0,0.0,,0,0.0,0.0,0.0,0.0,0.0,,,sin declaración,registro sin volumen ni huella,0.0,0.0,0.0,15748.0,48.79,257.276774768,1,1,0,0,0,0,1,0,,0.0,0.0,0.0,1
17513,Pacora,Caldas,2025,0.0,10004001.8,4.0,3441.505833333333,4051.7821666666655,445999.5059239138,0.0,0.0,0.0,0.0,,,0.0,0.0,,0,0.0,0.0,0.0,0.0,0.0,,,sin declaración,registro sin volumen ni huella,5.0,0.0,0.0,15713.0,48.23,257.276774768,1,1,0,0,0,0,1,0,,0.0,1.943432322839387,0.0,1
17524,Palestina - Caldas,Caldas,2023,60475.66,535417685.27,4.0,1942.6658333333332,4324.239683333333,269878.148573841,0.0,60475.662,0.0,60475.662,1.0,0.0,0.0,0.0,,1,0.0,0.0,0.0,0.0,0.0,,,barequeros,aluvión con barequeo,0.0,0.0,0.0,16095.0,65.31,112.235477182,0,0,0,0,0,0,0,0,,0.0,0.0,0.0,0
17524,Palestina - Caldas,Caldas,2024,0.0,0.0,0.0,2387.7025,4074.8423916666666,313907.9749326904,0.0,0.0,0.0,0.0,,,0.0,0.0,,0,0.0,0.0,0.0,0.0,0.0,,,barequeros,aluvión con barequeo,0.0,0.0,0.0,16059.0,64.74,112.235477182,0,0,0,0,0,0,0,0,,0.0,0.0,0.0,0
17524,Palestina - Caldas,Caldas,2025,0.0,0.0,0.0,3441.505833333333,4051.7821666666655,445999.5059239138,0.0,0.0,0.0,0.0,,,0.0,0.0,,0,0.0,0.0,0.0,0.0,0.0,,,barequeros,aluvión con barequeo,0.0,0.0,0.0,16038.0,64.08,112.235477182,0,0,0,0,0,0,0,0,,0.0,0.0,0.0,0
17541,Pensilvania,Caldas,2023,7633.95,65326470.78,4.0,1942.6658333333332,4324.239683333333,269878.148573841,6061.84463,0.0,1572.1,7633.94463,0.0,0.7940645267687774,0.0,0.0,,0,0.0,0.0,0.0,0.0,0.0,,,títulos,veta / títulos,0.0,0.0,0.0,20535.0,58.02,499.226477636,1,3,0,0,0,0,3,0,,0.0,0.0,0.0,1
17541,Pensilvania,Caldas,2024,3159.8500000000004,26960385.26,2.0,2387.7025,4074.8423916666666,313907.9749326904,3159.85,0.0,0.0,3159.85,0.0,1.0,0.0,0.0,,0,0.0,0.0,0.0,0.0,0.0,,,títulos,veta / títulos,0.0,0.0,0.0,20493.0,57.45,499.226477636,1,3,0,0,0,0,3,0,,0.0,0.0,0.0,1
17541,Pensilvania,Caldas,2025,0.0,0.0,0.0,3441.505833333333,4051.7821666666655,445999.5059239138,0.0,0.0,0.0,0.0,,,0.0,0.0,,0,0.0,0.0,0.0,0.0,0.0,,,títulos,veta / títulos,0.0,0.0,0.0,20473.0,56.82,499.226477636,1,3,0,0,0,0,3,0,,0.0,0.0,0.0,1
17614,Riosucio - Caldas,Caldas,2023,10173.24,87821099.02,4.0,1942.6658333333332,4324.239683333333,269878.148573841,0.0,188.1,9985.141,10173.241,0.0184896828847365,0.0,4.0,1680.0,0.1119642857142857,0,0.0,0.0,0.0,0.0,0.0,,,otros,otros,21.0,18.0,1.0,52456.0,62.17,384.161536633,0,0,1,2,0,0,0,0,,0.0,5.466450437504855,0.7625438462711607,1
17614,Riosucio - Caldas,Caldas,2024,794.15,7425548.83,2.0,2387.7025,4074.8423916666666,313907.9749326904,0.0,60.64,733.51,794.15,0.0763583705849021,0.0,4.0,1680.0,0.0360952380952381,0,0.0,0.0,0.0,0.0,0.0,,,otros,otros,17.0,19.0,0.0,52440.0,61.6,384.161536633,0,0,1,2,0,0,0,0,,0.0,4.425221782742025,0.7627765064836003,1
17614,Riosucio - Caldas,Caldas,2025,0.0,0.0,0.0,3441.505833333333,4051.7821666666655,445999.5059239138,0.0,0.0,0.0,0.0,,,4.0,1680.0,0.0,0,0.0,0.0,0.0,0.0,0.0,,,otros,otros,17.0,11.0,2.0,52327.0,61.02,384.161536633,0,0,1,2,0,0,0,0,,0.0,4.425221782742025,0.7644237200680337,1
17777,Supia,Caldas,2023,17267.65,152279924.32999998,4.0,1942.6658333333332,4324.239683333333,269878.148573841,0.0,17267.64084,0.0,17267.64084,1.0,0.0,26.0,10920.0,1.5812857912087912,0,0.0,0.0,0.0,0.0,0.0,,,barequeros,aluvión con barequeo,0.0,0.0,0.0,31037.0,50.86,121.465013833,3,9,3,5,1,1,9,0,,0.0,0.0,8.377098302026614,7
17777,Supia,Caldas,2024,6908.300000000001,65208920.11,4.0,2387.7025,4074.8423916666666,313907.9749326904,0.0,6908.3,0.0,6908.3,1.0,0.0,26.0,10920.0,0.6326282051282052,0,0.0,0.0,0.0,0.0,0.0,,,barequeros,aluvión con barequeo,11.0,0.0,0.0,31325.0,50.32,121.465013833,3,9,3,5,1,1,9,0,,0.0,9.056105666051046,8.300079808459696,7
17777,Supia,Caldas,2025,2741.25,56121231.52,4.0,3441.505833333333,4051.7821666666655,445999.5059239138,0.0,2741.25,0.0,2741.25,1.0,0.0,26.0,10920.0,0.2510302197802198,0,0.0,0.0,0.0,0.0,0.0,,,barequeros,aluvión con barequeo,38.0,30.0,2.0,31570.0,49.82,121.465013833,3,9,3,5,1,1,9,0,,0.0,31.28472866453998,8.235666772252138,7
17867,Victoria,Caldas,2023,4657.57,57783402.72,4.0,1942.6658333333332,4324.239683333333,269878.148573841,4657.5702,0.0,0.0,4657.5702,0.0,1.0,23.0,9660.0,0.0,0,55.803774,41.94608246000001,10.99179845,0.0,44.81197569,0.8030276893100455,64.9952009157927,títulos,aluvión con títulos,1.0,6.0,5.0,10846.0,55.38,558.885284928,2,2,0,0,0,0,2,0,,9.984835082424665,0.1789275951555654,21.205974552830536,2
17867,Victoria,Caldas,2024,79.04,1179395.66,1.0,2387.7025,4074.8423916666666,313907.9749326904,79.04,0.0,0.0,79.04,0.0,1.0,23.0,9660.0,0.0,0,55.803774,41.94608246000001,10.99179845,0.0,44.81197569,0.8030276893100455,64.9952009157927,títulos,aluvión con títulos,8.0,4.0,23.0,10927.0,54.83,558.885284928,2,2,0,0,0,0,2,0,,9.984835082424665,1.431420761244523,21.048778255696895,2
17867,Victoria,Caldas,2025,0.0,0.0,0.0,3441.505833333333,4051.7821666666655,445999.5059239138,0.0,0.0,0.0,0.0,,,23.0,9660.0,0.0,0,55.803774,41.94608246000001,10.99179845,0.0,44.81197569,0.8030276893100455,64.9952009157927,títulos,aluvión con títulos,13.0,2.0,24.0,10986.0,54.31,558.885284928,2,2,0,0,0,0,2,0,,9.984835082424665,2.32605873702235,20.935736391771343,2
18205,Curillo,Caquetá,2023,0.0,0.0,0.0,1942.6658333333332,4324.239683333333,269878.148573841,0.0,0.0,0.0,0.0,,,0.0,0.0,,0,8.09765,4.34103589,0.0,0.0,8.09765046,1.0,267.5808243397576,sin declaración,huella sin declaración,0.0,0.0,9.0,7763.0,30.53,399.281521754,0,0,0,0,0,0,0,1,CUENCA DEL CAGUÁN Y PIEDEMONTE CAQUETEÑO,2.028055284008113,0.0,0.0,0
18205,Curillo,Caquetá,2024,0.0,0.0,0.0,2387.7025,4074.8423916666666,313907.9749326904,0.0,0.0,0.0,0.0,,,0.0,0.0,,0,8.09765,4.34103589,0.0,0.0,8.09765046,1.0,267.5808243397576,sin declaración,huella sin declaración,0.0,2.0,5.0,7783.0,30.67,399.281521754,0,0,0,0,0,0,0,1,CUENCA DEL CAGUÁN Y PIEDEMONTE CAQUETEÑO,2.028055284008113,0.0,0.0,0
18205,Curillo,Caquetá,2025,0.0,0.0,0.0,3441.505833333333,4051.7821666666655,445999.5059239138,0.0,0.0,0.0,0.0,,,0.0,0.0,,0,8.09765,4.34103589,0.0,0.0,8.09765046,1.0,267.5808243397576,sin declaración,huella sin declaración,0.0,0.0,2.0,7807.0,30.81,399.281521754,0,0,0,0,0,0,0,1,CUENCA DEL CAGUÁN Y PIEDEMONTE CAQUETEÑO,2.028055284008113,0.0,0.0,0
18610,San Jose del Fragua,Caquetá,2023,0.0,0.0,0.0,1942.6658333333332,4324.239683333333,269878.148573841,0.0,0.0,0.0,0.0,,,0.0,0.0,,0,173.240251,134.32993110333334,0.0,0.0,173.24025072,0.9999999983837474,75.18561309486702,sin declaración,huella sin declaración,0.0,0.0,0.0,13186.0,49.52,1310.11696987,0,0,0,0,0,0,0,1,CUENCA DEL CAGUÁN Y PIEDEMONTE CAQUETEÑO,13.22326593610876,0.0,0.0,0
18610,San Jose del Fragua,Caquetá,2024,0.0,0.0,0.0,2387.7025,4074.8423916666666,313907.9749326904,0.0,0.0,0.0,0.0,,,0.0,0.0,,0,173.240251,134.32993110333334,0.0,0.0,173.24025072,0.9999999983837474,75.18561309486702,sin declaración,huella sin declaración,0.0,0.0,3.0,13229.0,49.62,1310.11696987,0,0,0,0,0,0,0,1,CUENCA DEL CAGUÁN Y PIEDEMONTE CAQUETEÑO,13.22326593610876,0.0,0.0,0
18610,San Jose del Fragua,Caquetá,2025,0.0,0.0,0.0,3441.505833333333,4051.7821666666655,445999.5059239138,0.0,0.0,0.0,0.0,,,0.0,0.0,,0,173.240251,134.32993110333334,0.0,0.0,173.24025072,0.9999999983837474,75.18561309486702,sin declaración,huella sin declaración,1.0,5.0,6.0,13270.0,49.68,1310.11696987,0,0,0,0,0,0,0,1,CUENCA DEL CAGUÁN Y PIEDEMONTE CAQUETEÑO,13.22326593610876,0.07632906244235793,0.0,0
19001,Popayan,Cauca,2023,637.4,5650595.62,1.0,1942.6658333333332,4324.239683333333,269878.148573841,637.4,0.0,0.0,637.4,0.0,1.0,0.0,0.0,,0,0.0,0.0,0.0,0.0,0.0,,,títulos,veta / títulos,3.0,0.0,0.0,344359.0,17.53,480.181910608,2,2,0,0,0,0,2,0,,0.0,0.6247632269615153,0.0,2
19001,Popayan,Cauca,2024,127.78,1235248.34,1.0,2387.7025,4074.8423916666666,313907.9749326904,127.78,0.0,0.0,127.78,0.0,1.0,0.0,0.0,,0,0.0,0.0,0.0,0.0,0.0,,,títulos,veta / títulos,65.0,0.0,2.0,348444.0,17.69,480.181910608,2,2,0,0,0,0,2,0,,0.0,13.536536584166168,0.0,2
19001,Popayan,Cauca,2025,725.9,10237946.68,1.0,3441.505833333333,4051.7821666666655,445999.5059239138,725.9,0.0,0.0,725.9,0.0,1.0,0.0,0.0,,0,0.0,0.0,0.0,0.0,0.0,,,títulos,veta / títulos,38.0,0.0,2.0,352150.0,17.85,480.181910608,2,2,0,0,0,0,2,0,,0.0,7.913667541512528,0.0,2
19022,Almaguer,Cauca,2023,1025.0,9108664.0,1.0,1942.6658333333332,4324.239683333333,269878.148573841,0.0,0.0,0.0,0.0,,,0.0,0.0,,0,0.0,0.0,0.0,0.0,0.0,,,sin declaración,registro sin volumen ni huella,0.0,0.0,0.0,18431.0,93.9,236.714830767,0,0,0,0,0,0,0,0,,0.0,0.0,0.0,0
19022,Almaguer,Cauca,2024,194.0,2332281.58,1.0,2387.7025,4074.8423916666666,313907.9749326904,0.0,0.0,0.0,0.0,,,0.0,0.0,,0,0.0,0.0,0.0,0.0,0.0,,,sin declaración,registro sin volumen ni huella,0.0,0.0,0.0,18432.0,94.09,236.714830767,0,0,0,0,0,0,0,0,,0.0,0.0,0.0,0
19022,Almaguer,Cauca,2025,1345.0,17620816.41,3.0,3441.505833333333,4051.7821666666655,445999.5059239138,0.0,0.0,0.0,0.0,,,0.0,0.0,,0,0.0,0.0,0.0,0.0,0.0,,,sin declaración,registro sin volumen ni huella,0.0,0.0,0.0,18398.0,94.34,236.714830767,0,0,0,0,0,0,0,0,,0.0,0.0,0.0,0
19100,Bolivar - Cauca,Cauca,2023,0.0,0.0,0.0,1942.6658333333332,4324.239683333333,269878.148573841,0.0,0.0,0.0,0.0,,,1.0,420.0,0.0,0,40.552374,41.27315262333333,0.0,0.0,40.55237401,1.0,-7.966113214816151,sin declaración,huella sin declaración,0.0,0.0,0.0,38038.0,87.74,797.82025538,1,1,0,0,0,0,1,0,,5.082896019064469,0.0,0.262894999737105,1
19100,Bolivar - Cauca,Cauca,2024,0.0,0.0,0.0,2387.7025,4074.8423916666666,313907.9749326904,0.0,0.0,0.0,0.0,,,1.0,420.0,0.0,0,40.552374,41.27315262333333,0.0,0.0,40.55237401,1.0,-7.966113214816151,sin declaración,huella sin declaración,0.0,0.0,0.0,38005.0,88.06,797.82025538,1,1,0,0,0,0,1,0,,5.082896019064469,0.0,0.26312327325351925,1
19100,Bolivar - Cauca,Cauca,2025,0.0,0.0,0.0,3441.505833333333,4051.7821666666655,445999.5059239138,0.0,0.0,0.0,0.0,,,1.0,420.0,0.0,0,40.552374,41.27315262333333,0.0,0.0,40.55237401,1.0,-7.966113214816151,sin declaración,huella sin declaración,3.0,0.0,0.0,37978.0,88.28,797.82025538,1,1,0,0,0,0,1,0,,5.082896019064469,0.3760245468537404,0.26331033756385275,1
19110,Buenos Aires,Cauca,2023,121080.85,1046064190.06,4.0,1942.6658333333332,4324.239683333333,269878.148573841,117200.04139648,0.0,5072.73,122272.77139648,0.0,0.9585130038187224,53.0,22260.0,0.0,0,31.239522,36.54474761,0.0,0.0,31.2395223,1.0,-20.003498963238695,títulos,veta / títulos,0.0,0.0,0.0,32773.0,97.03,434.914126568,3,2,1,2,0,0,6,1,ALTO PATÍA Y NORTE DEL CAUCA,7.182917291401345,0.0,16.171848777957464,4
19110,Buenos Aires,Cauca,2024,105290.17,1023831175.87,4.0,2387.7025,4074.8423916666666,313907.9749326904,97415.61,0.0,7874.56,105290.17,0.0,0.9252108720120786,53.0,22260.0,0.0,0,31.239522,36.54474761,0.0,0.0,31.2395223,1.0,-20.003498963238695,títulos,veta / títulos,0.0,0.0,0.0,33003.0,97.19,434.914126568,3,2,1,2,0,0,6,1,ALTO PATÍA Y NORTE DEL CAUCA,7.182917291401345,0.0,16.05914613822986,4
19110,Buenos Aires,Cauca,2025,146461.72999999998,1942075664.9,4.0,3441.505833333333,4051.7821666666655,445999.5059239138,134279.86,0.0,12181.87,146461.72999999998,0.0,0.9168255762102496,53.0,22260.0,0.0,0,31.239522,36.54474761,0.0,0.0,31.2395223,1.0,-20.003498963238695,títulos,veta / títulos,39.0,0.0,57.0,33182.0,97.41,434.914126568,3,2,1,2,0,0,6,1,ALTO PATÍA Y NORTE DEL CAUCA,7.182917291401345,8.967287475290194,15.97251521909469,4
19256,El Tambo - Cauca,Cauca,2023,37817.93,319967222.74,4.0,1942.6658333333332,4324.239683333333,269878.148573841,38324.05,0.0,0.0,38324.05,0.0,1.0,63.0,26460.0,0.0,0,44.31189,36.94198112,0.0,15.49117953,28.8207098,0.6504057895070601,45.63607886691514,títulos,veta / títulos,0.0,0.0,0.0,56993.0,95.15,2739.59631857,6,18,1,1,0,0,23,1,ALTO PATÍA Y NORTE DEL CAUCA,1.6174605616030933,0.0,11.053989086379028,7
19256,El Tambo - Cauca,Cauca,2024,34920.88,332020937.45,4.0,2387.7025,4074.8423916666666,313907.9749326904,34920.88,0.0,0.0,34920.88,0.0,1.0,63.0,26460.0,0.0,0,44.31189,36.94198112,0.0,15.49117953,28.8207098,0.6504057895070601,45.63607886691514,títulos,veta / títulos,0.0,0.0,0.0,57546.0,95.33,2739.59631857,6,18,1,1,0,0,23,1,ALTO PATÍA Y NORTE DEL CAUCA,1.6174605616030933,0.0,10.947763528307789,7
19256,El Tambo - Cauca,Cauca,2025,52758.17999999999,735636937.8,4.0,3441.505833333333,4051.7821666666655,445999.5059239138,52758.18,0.0,0.0,52758.18,0.0,1.0,63.0,26460.0,0.0,0,44.31189,36.94198112,0.0,15.49117953,28.8207098,0.6504057895070601,45.63607886691514,títulos,veta / títulos,3.0,0.0,0.0,58071.0,95.5,2739.59631857,6,18,1,1,0,0,23,1,ALTO PATÍA Y NORTE DEL CAUCA,1.6174605616030933,0.10950518438300151,10.848788551945034,7
19318,Guapi,Cauca,2023,92589.35,801778917.54,4.0,1942.6658333333332,4324.239683333333,269878.148573841,0.0,92589.35,0.0,92589.35,1.0,0.0,28.0,11760.0,7.873244047619048,0,619.752887,549.4210523133333,0.0,5.35499169,614.39789434,0.9913594712145326,11.863523656892472,barequeros,aluvión con barequeo,1.0,0.0,12.0,28979.0,49.73,2567.94927073,1,1,4,6,0,0,1,1,PACÍFICO MEDIO,24.134156155811468,0.03894157923593741,9.662169156975741,5
19318,Guapi,Cauca,2024,71159.48999999999,655644484.55,4.0,2387.7025,4074.8423916666666,313907.9749326904,0.0,71159.49,0.0,71159.49,1.0,0.0,28.0,11760.0,6.050977040816327,0,619.752887,549.4210523133333,0.0,5.35499169,614.39789434,0.9913594712145326,11.863523656892472,barequeros,aluvión con barequeo,4.0,0.0,3.0,29275.0,49.82,2567.94927073,1,1,4,6,0,0,1,1,PACÍFICO MEDIO,24.134156155811468,0.15576631694374965,9.564474807856532,5
19318,Guapi,Cauca,2025,5391.82,48101219.12,1.0,3441.505833333333,4051.7821666666655,445999.5059239138,0.0,5391.82,0.0,5391.82,1.0,0.0,28.0,11760.0,0.4584880952380952,0,619.752887,549.4210523133333,0.0,5.35499169,614.39789434,0.9913594712145326,11.863523656892472,barequeros,aluvión con barequeo,0.0,0.0,0.0,29530.0,49.94,2567.94927073,1,1,4,6,0,0,1,1,PACÍFICO MEDIO,24.134156155811468,0.0,9.481882831019302,5
19392,La Sierra,Cauca,2023,27488.52,235389999.77,3.0,1942.6658333333332,4324.239683333333,269878.148573841,3807.63,0.0,26245.79,30053.42,0.0,0.1266953977284448,0.0,0.0,,0,19.787815,19.448562456666664,0.0,8.80932186,10.9784934,0.5548107964421539,-1.814738028633656,otros,otros,0.0,0.0,0.0,11198.0,83.98,208.354419849,1,1,2,2,0,0,1,0,,9.497189939306665,0.0,0.0,3
19392,La Sierra,Cauca,2024,0.0,0.0,0.0,2387.7025,4074.8423916666666,313907.9749326904,0.0,0.0,0.0,0.0,,,0.0,0.0,,0,19.787815,19.448562456666664,0.0,8.80932186,10.9784934,0.5548107964421539,-1.814738028633656,otros,otros,0.0,0.0,0.0,11305.0,84.14,208.354419849,1,1,2,2,0,0,1,0,,9.497189939306665,0.0,0.0,3
19392,La Sierra,Cauca,2025,8344.220000000001,124120106.44,2.0,3441.505833333333,4051.7821666666655,445999.5059239138,0.0,0.0,8344.22,8344.22,0.0,0.0,0.0,0.0,,0,19.787815,19.448562456666664,0.0,8.80932186,10.9784934,0.5548107964421539,-1.814738028633656,otros,otros,0.0,0.0,0.0,11382.0,84.36,208.354419849,1,1,2,2,0,0,1,0,,9.497189939306665,0.0,0.0,3
19418,Lopez,Cauca,2023,8064.11,71742991.42,3.0,1942.6658333333332,4324.239683333333,269878.148573841,0.0,8064.10920233,0.0,8064.10920233,1.0,0.0,45.0,18900.0,0.4266724445677248,0,1185.509746,776.3359400933332,9.2475,60.28501745,1115.97723485,0.9413480054595856,145.67222477605296,barequeros,aluvión con barequeo,11.0,0.0,15.0,19325.0,90.75,3367.63505753,0,0,0,0,0,0,0,1,PACÍFICO MEDIO,35.20303494136668,0.3266387186284958,23.28589909443726,0
19418,Lopez,Cauca,2024,0.0,0.0,0.0,2387.7025,4074.8423916666666,313907.9749326904,0.0,0.0,0.0,0.0,,,45.0,18900.0,0.0,0,1185.509746,776.3359400933332,9.2475,60.28501745,1115.97723485,0.9413480054595856,145.67222477605296,barequeros,aluvión con barequeo,17.0,0.0,27.0,19491.0,90.89,3367.63505753,0,0,0,0,0,0,0,1,PACÍFICO MEDIO,35.20303494136668,0.5048052924258573,23.087578882561182,0
19418,Lopez,Cauca,2025,0.0,0.0,0.0,3441.505833333333,4051.7821666666655,445999.5059239138,0.0,0.0,0.0,0.0,,,45.0,18900.0,0.0,0,1185.509746,776.3359400933332,9.2475,60.28501745,1115.97723485,0.9413480054595856,145.67222477605296,barequeros,aluvión con barequeo,0.0,7.0,0.0,19624.0,91.11,3367.63505753,0,0,0,0,0,0,0,1,PACÍFICO MEDIO,35.20303494136668,0.0,22.93110476966979,0
19450,Mercaderes,Cauca,2023,0.0,0.0,0.0,1942.6658333333332,4324.239683333333,269878.148573841,0.0,0.0,0.0,0.0,,,32.0,13440.0,0.0,0,69.591646,78.48902071,0.0,0.0,69.59164609000001,1.0,-23.831228015099416,sin declaración,huella sin declaración,0.0,0.0,0.0,25249.0,74.81,697.981385356,0,0,0,0,0,0,0,1,ALTO PATÍA Y NORTE DEL CAUCA,9.97041575320885,0.0,12.673769258188443,0
19450,Mercaderes,Cauca,2024,0.0,0.0,0.0,2387.7025,4074.8423916666666,313907.9749326904,0.0,0.0,0.0,0.0,,,32.0,13440.0,0.0,0,69.591646,78.48902071,0.0,0.0,69.59164609000001,1.0,-23.831228015099416,sin declaración,huella sin declaración,0.0,1.0,2.0,25765.0,75.05,697.981385356,0,0,0,0,0,0,0,1,ALTO PATÍA Y NORTE DEL CAUCA,9.97041575320885,0.0,12.419949543954978,0
19450,Mercaderes,Cauca,2025,0.0,0.0,0.0,3441.505833333333,4051.7821666666655,445999.5059239138,0.0,0.0,0.0,0.0,,,32.0,13440.0,0.0,0,69.591646,78.48902071,0.0,0.0,69.59164609000001,1.0,-23.831228015099416,sin declaración,huella sin declaración,1.0,0.0,0.0,26270.0,75.26,697.981385356,0,0,0,0,0,0,0,1,ALTO PATÍA Y NORTE DEL CAUCA,9.97041575320885,0.14327029645496314,12.181195279786829,0
19533,Piamonte,Cauca,2023,0.0,0.0,0.0,1942.6658333333332,4324.239683333333,269878.148573841,0.0,0.0,0.0,0.0,,,17.0,7140.0,0.0,0,121.52315,76.76271666333334,0.0,0.0,121.52315015,1.0,166.84925340360124,sin declaración,huella sin declaración,0.0,3.0,1.0,9579.0,77.0,1104.75266584,0,0,0,0,0,0,0,0,,11.000032292983853,0.0,17.747155235410794,0
19533,Piamonte,Cauca,2024,0.0,0.0,0.0,2387.7025,4074.8423916666666,313907.9749326904,0.0,0.0,0.0,0.0,,,17.0,7140.0,0.0,0,121.52315,76.76271666333334,0.0,0.0,121.52315015,1.0,166.84925340360124,sin declaración,huella sin declaración,3.0,0.0,5.0,9705.0,77.3,1104.75266584,0,0,0,0,0,0,0,0,,11.000032292983853,0.2715539950943632,17.51674394641937,0
19533,Piamonte,Cauca,2025,0.0,0.0,0.0,3441.505833333333,4051.7821666666655,445999.5059239138,0.0,0.0,0.0,0.0,,,17.0,7140.0,0.0,0,121.52315,76.76271666333334,0.0,0.0,121.52315015,1.0,166.84925340360124,sin declaración,huella sin declaración,5.0,0.0,5.0,9839.0,77.5,1104.75266584,0,0,0,0,0,0,0,0,,11.000032292983853,0.4525899918239386,17.278178676694786,0
19622,Rosas,Cauca,2023,2509.61,22227217.86,4.0,1942.6658333333332,4324.239683333333,269878.148573841,0.0,0.0,2509.61,2509.61,0.0,0.0,6.0,2520.0,0.0,0,0.0,0.0,0.0,0.0,0.0,,,otros,otros,0.0,0.0,0.0,11917.0,91.3,169.091744467,1,5,0,0,0,0,5,0,,0.0,0.0,5.034824200721658,1
19622,Rosas,Cauca,2024,1535.63,15468858.08,2.0,2387.7025,4074.8423916666666,313907.9749326904,231.95,0.0,1303.68,1535.63,0.0,0.1510454992413537,6.0,2520.0,0.0,0,0.0,0.0,0.0,0.0,0.0,,,otros,otros,0.0,0.0,0.0,12028.0,91.36,169.091744467,1,5,0,0,0,0,5,0,,0.0,0.0,4.988360492184902,1
19622,Rosas,Cauca,2025,1037.5,14684797.04,1.0,3441.505833333333,4051.7821666666655,445999.5059239138,1037.5,0.0,0.0,1037.5,0.0,1.0,6.0,2520.0,0.0,0,0.0,0.0,0.0,0.0,0.0,,,otros,otros,2.0,0.0,0.0,12121.0,91.48,169.091744467,1,5,0,0,0,0,5,0,,0.0,1.1827898554741805,4.950086626515963,1
19698,Santander de Quilichao,Cauca,2023,0.0,0.0,0.0,1942.6658333333332,4324.239683333333,269878.148573841,0.0,0.0,0.0,0.0,,,17.0,7140.0,0.0,0,61.056577,59.298118726666665,0.0,0.0,61.05657642,0.999999990500614,5.695677879074124,sin declaración,huella sin declaración,115.0,41.0,7.0,123743.0,53.41,518.144383041,0,0,0,0,0,0,0,1,ALTO PATÍA Y NORTE DEL CAUCA,11.783699485779948,22.194585865249113,1.3738150844896275,0
19698,Santander de Quilichao,Cauca,2024,0.0,0.0,0.0,2387.7025,4074.8423916666666,313907.9749326904,0.0,0.0,0.0,0.0,,,17.0,7140.0,0.0,0,61.056577,59.298118726666665,0.0,0.0,61.05657642,0.999999990500614,5.695677879074124,sin declaración,huella sin declaración,46.0,7.0,8.0,126198.0,53.6,518.144383041,0,0,0,0,0,0,0,1,ALTO PATÍA Y NORTE DEL CAUCA,11.783699485779948,8.877834346099645,1.3470894942867557,0
19698,Santander de Quilichao,Cauca,2025,0.0,0.0,0.0,3441.505833333333,4051.7821666666655,445999.5059239138,0.0,0.0,0.0,0.0,,,17.0,7140.0,0.0,0,61.056577,59.298118726666665,0.0,0.0,61.05657642,0.999999990500614,5.695677879074124,sin declaración,huella sin declaración,29.0,9.0,41.0,128547.0,53.78,518.144383041,0,0,0,0,0,0,0,1,ALTO PATÍA Y NORTE DEL CAUCA,11.783699485779948,5.596895566019342,1.3224734921857375,0
19701,Santa Rosa - Cauca,Cauca,2023,1859.97,15883523.37,3.0,1942.6658333333332,4324.239683333333,269878.148573841,1859.96528,0.0,0.0,1859.96528,0.0,1.0,9.0,3780.0,0.0,0,0.0,0.0,0.0,0.0,0.0,,,títulos,veta / títulos,0.0,0.0,0.0,5349.0,88.15,3619.37102616,2,15,2,2,0,0,15,0,,0.0,0.0,16.825574873808186,4
19701,Santa Rosa - Cauca,Cauca,2024,772.17,7175180.93,1.0,2387.7025,4074.8423916666666,313907.9749326904,772.17,0.0,0.0,772.17,0.0,1.0,9.0,3780.0,0.0,0,0.0,0.0,0.0,0.0,0.0,,,títulos,veta / títulos,0.0,0.0,0.0,5328.0,88.36,3619.37102616,2,15,2,2,0,0,15,0,,0.0,0.0,16.89189189189189,4
19701,Santa Rosa - Cauca,Cauca,2025,3496.83,42570051.28,2.0,3441.505833333333,4051.7821666666655,445999.5059239138,3496.83,0.0,0.0,3496.83,0.0,1.0,9.0,3780.0,0.0,0,0.0,0.0,0.0,0.0,0.0,,,títulos,veta / títulos,0.0,0.0,0.0,5326.0,88.68,3619.37102616,2,15,2,2,0,0,15,0,,0.0,0.0,16.898235073225685,4
19780,Suarez - Cauca,Cauca,2023,1512.86,12576299.28,3.0,1942.6658333333332,4324.239683333333,269878.148573841,592.86,0.0,0.0,592.86,0.0,1.0,0.0,0.0,,0,0.0,0.0,0.0,0.0,0.0,,,títulos,veta / títulos,0.0,0.0,0.0,36370.0,81.35,392.385708811,4,5,2,3,0,0,5,1,ALTO PATÍA Y NORTE DEL CAUCA,0.0,0.0,0.0,6
19780,Suarez - Cauca,Cauca,2024,2020.93,26070433.91,2.0,2387.7025,4074.8423916666666,313907.9749326904,2020.93,0.0,0.0,2020.93,0.0,1.0,0.0,0.0,,0,0.0,0.0,0.0,0.0,0.0,,,títulos,veta / títulos,0.0,0.0,0.0,37158.0,81.65,392.385708811,4,5,2,3,0,0,5,1,ALTO PATÍA Y NORTE DEL CAUCA,0.0,0.0,0.0,6
19780,Suarez - Cauca,Cauca,2025,1840.9,29259117.33,1.0,3441.505833333333,4051.7821666666655,445999.5059239138,1840.9,0.0,0.0,1840.9,0.0,1.0,0.0,0.0,,0,0.0,0.0,0.0,0.0,0.0,,,títulos,veta / títulos,0.0,0.0,0.0,37875.0,81.98,392.385708811,4,5,2,3,0,0,5,1,ALTO PATÍA Y NORTE DEL CAUCA,0.0,0.0,0.0,6
19809,Timbiqui,Cauca,2023,2256.03,28424565.1,2.0,1942.6658333333332,4324.239683333333,269878.148573841,0.0,0.0,2256.03176,2256.03176,0.0,0.0,41.0,17220.0,0.0,0,1368.477561,1347.9649303899998,772.4811304000001,21.53971056,574.45671822,0.4197779595306057,0.1359892446871624,otros,otros,0.0,0.0,0.0,28538.0,76.73,2057.70619342,2,177,6,7,16,16,353,1,PACÍFICO MEDIO,66.50500277328362,0.0,14.36680916672507,24
19809,Timbiqui,Cauca,2024,9998.83,99520605.73,2.0,2387.7025,4074.8423916666666,313907.9749326904,0.0,0.0,9998.83,9998.83,0.0,0.0,41.0,17220.0,0.0,0,1368.477561,1347.9649303899998,772.4811304000001,21.53971056,574.45671822,0.4197779595306057,0.1359892446871624,otros,otros,0.0,0.0,0.0,29010.0,76.94,2057.70619342,2,177,6,7,16,16,353,1,PACÍFICO MEDIO,66.50500277328362,0.0,14.13305756635643,24
19809,Timbiqui,Cauca,2025,5615.44,86989445.66999999,2.0,3441.505833333333,4051.7821666666655,445999.5059239138,0.0,0.0,5615.44,5615.44,0.0,0.0,41.0,17220.0,0.0,0,1368.477561,1347.9649303899998,772.4811304000001,21.53971056,574.45671822,0.4197779595306057,0.1359892446871624,otros,otros,0.0,0.0,0.0,29477.0,77.12,2057.70619342,2,177,6,7,16,16,353,1,PACÍFICO MEDIO,66.50500277328362,0.0,13.909149506394817,24
23068,Ayapel,Córdoba,2023,1219015.56,10696134791.7,4.0,1942.6658333333332,4324.239683333333,269878.148573841,112169.0,226249.63052239,913024.67325,1251443.30377239,0.1807909554035536,0.089631707374896,0.0,0.0,,1,5289.603048,4840.879648876667,0.0,477.90511711,4811.69793195,0.9096519886817034,21.41371556072209,otros,otros,5.0,0.0,2.0,49544.0,41.31,1964.83882201,0,0,1,1,8,8,0,0,,269.2130768562897,0.25447379927505076,0.0,9
23068,Ayapel,Córdoba,2024,1057275.6,10097332341.9,4.0,2387.7025,4074.8423916666666,313907.9749326904,146808.45,40243.39,870223.76,1057275.6,0.0380632921066181,0.1388554223704775,0.0,0.0,,1,5289.603048,4840.879648876667,0.0,477.90511711,4811.69793195,0.9096519886817034,21.41371556072209,otros,otros,25.0,7.0,2.0,49883.0,41.36,1964.83882201,0,0,1,1,8,8,0,0,,269.2130768562897,1.272368996375254,0.0,9
23068,Ayapel,Córdoba,2025,12293.21,166082808.77,4.0,3441.505833333333,4051.7821666666655,445999.5059239138,0.0,1760.92,10532.29,12293.21,0.1432433026036324,0.0,0.0,0.0,,1,5289.603048,4840.879648876667,0.0,477.90511711,4811.69793195,0.9096519886817034,21.41371556072209,otros,otros,2.0,0.0,2.0,50190.0,41.39,1964.83882201,0,0,1,1,8,8,0,0,,269.2130768562897,0.10178951971002032,0.0,9
23162,Cerete,Córdoba,2023,0.0,0.0,0.0,1942.6658333333332,4324.239683333333,269878.148573841,0.0,0.0,0.0,0.0,,,0.0,0.0,,0,0.0,0.0,0.0,0.0,0.0,,,barequeros,aluvión con barequeo,0.0,0.0,0.0,117379.0,44.44,290.881961369,0,0,0,0,0,0,0,0,,0.0,0.0,0.0,0
23162,Cerete,Córdoba,2024,0.0,0.0,0.0,2387.7025,4074.8423916666666,313907.9749326904,0.0,0.0,0.0,0.0,,,0.0,0.0,,0,0.0,0.0,0.0,0.0,0.0,,,barequeros,aluvión con barequeo,0.0,0.0,0.0,119389.0,44.46,290.881961369,0,0,0,0,0,0,0,0,,0.0,0.0,0.0,0
23162,Cerete,Córdoba,2025,53.11,633561.08,1.0,3441.505833333333,4051.7821666666655,445999.5059239138,0.0,53.11,0.0,53.11,1.0,0.0,0.0,0.0,,1,0.0,0.0,0.0,0.0,0.0,,,barequeros,aluvión con barequeo,1.0,0.0,0.0,121334.0,44.49,290.881961369,0,0,0,0,0,0,0,0,,0.0,0.3437820603565871,0.0,0
23350,La Apartada,Córdoba,2023,0.0,0.0,0.0,1942.6658333333332,4324.239683333333,269878.148573841,0.0,0.0,0.0,0.0,,,0.0,0.0,,0,38.553808,29.04376933,0.0,0.0,38.55380787,0.9999999966280894,111.28268541514323,sin declaración,huella sin declaración,0.0,0.0,0.0,16087.0,23.83,287.043717345,0,0,0,0,0,0,0,0,,13.431336646766557,0.0,0.0,0
23350,La Apartada,Córdoba,2024,0.0,0.0,0.0,2387.7025,4074.8423916666666,313907.9749326904,0.0,0.0,0.0,0.0,,,0.0,0.0,,0,38.553808,29.04376933,0.0,0.0,38.55380787,0.9999999966280894,111.28268541514323,sin declaración,huella sin declaración,1.0,0.0,0.0,16297.0,23.91,287.043717345,0,0,0,0,0,0,0,0,,13.431336646766557,0.3483789888346842,0.0,0
23350,La Apartada,Córdoba,2025,0.0,0.0,0.0,3441.505833333333,4051.7821666666655,445999.5059239138,0.0,0.0,0.0,0.0,,,0.0,0.0,,0,38.553808,29.04376933,0.0,0.0,38.55380787,0.9999999966280894,111.28268541514323,sin declaración,huella sin declaración,0.0,0.0,0.0,16498.0,23.94,287.043717345,0,0,0,0,0,0,0,0,,13.431336646766557,0.0,0.0,0
23466,Montelibano,Córdoba,2023,0.0,0.0,0.0,1942.6658333333332,4324.239683333333,269878.148573841,0.0,0.0,0.0,0.0,,,0.0,0.0,,0,40.350581,13.450193666666664,0.0,0.0,40.35058079,0.999999994795614,,sin declaración,huella sin declaración,0.0,2.0,0.0,86707.0,25.56,1551.0073662,3,6,0,0,1,1,6,1,SUR DE CÓRDOBA,2.601572492776727,0.0,0.0,4
23466,Montelibano,Córdoba,2024,0.0,0.0,0.0,2387.7025,4074.8423916666666,313907.9749326904,0.0,0.0,0.0,0.0,,,0.0,0.0,,0,40.350581,13.450193666666664,0.0,0.0,40.35058079,0.999999994795614,,sin declaración,huella sin declaración,5.0,3.0,0.0,87467.0,25.61,1551.0073662,3,6,0,0,1,1,6,1,SUR DE CÓRDOBA,2.601572492776727,0.3223711317535585,0.0,4
23466,Montelibano,Córdoba,2025,0.0,0.0,0.0,3441.505833333333,4051.7821666666655,445999.5059239138,0.0,0.0,0.0,0.0,,,0.0,0.0,,0,40.350581,13.450193666666664,0.0,0.0,40.35058079,0.999999994795614,,sin declaración,huella sin declaración,2.0,4.0,0.0,88139.0,25.65,1551.0073662,3,6,0,0,1,1,6,1,SUR DE CÓRDOBA,2.601572492776727,0.1289484527014234,0.0,4
23580,Puerto Libertador,Córdoba,2023,213223.42,1864441115.99,4.0,1942.6658333333332,4324.239683333333,269878.148573841,0.0,213223.42,0.0,213223.42,1.0,0.0,0.0,0.0,,1,150.203852,97.07795066,0.5955642,0.0,149.60828831,0.9960349639368768,127.2201074392588,barequeros,aluvión con barequeo,0.0,18.0,1.0,45186.0,69.12,1647.51501396,3,6,0,0,4,9,6,1,SUR DE CÓRDOBA,9.116994426592024,0.0,0.0,7
23580,Puerto Libertador,Córdoba,2024,129728.44,1149746563.77,4.0,2387.7025,4074.8423916666666,313907.9749326904,0.0,129728.44,0.0,129728.44,1.0,0.0,0.0,0.0,,1,150.203852,97.07795066,0.5955642,0.0,149.60828831,0.9960349639368768,127.2201074392588,barequeros,aluvión con barequeo,11.0,13.0,1.0,45697.0,69.19,1647.51501396,3,6,0,0,4,9,6,1,SUR DE CÓRDOBA,9.116994426592024,0.6676722158397925,0.0,7
23580,Puerto Libertador,Córdoba,2025,7786.16,92853853.58,2.0,3441.505833333333,4051.7821666666655,445999.5059239138,0.0,7786.16,0.0,7786.16,1.0,0.0,0.0,0.0,,1,150.203852,97.07795066,0.5955642,0.0,149.60828831,0.9960349639368768,127.2201074392588,barequeros,aluvión con barequeo,6.0,6.0,47.0,46166.0,69.27,1647.51501396,3,6,0,0,4,9,6,1,SUR DE CÓRDOBA,9.116994426592024,0.3641848450035232,0.0,7
23660,Sahagun,Córdoba,2023,0.0,0.0,0.0,1942.6658333333332,4324.239683333333,269878.148573841,0.0,0.0,0.0,0.0,,,0.0,0.0,,0,0.0,0.0,0.0,0.0,0.0,,,barequeros,aluvión con barequeo,2.0,0.0,1.0,117077.0,50.99,964.825490694,0,0,0,0,0,0,0,0,,0.0,0.20729137230416644,0.0,0
23660,Sahagun,Córdoba,2024,0.0,0.0,0.0,2387.7025,4074.8423916666666,313907.9749326904,0.0,0.0,0.0,0.0,,,0.0,0.0,,0,0.0,0.0,0.0,0.0,0.0,,,barequeros,aluvión con barequeo,8.0,0.0,0.0,118572.0,51.06,964.825490694,0,0,0,0,0,0,0,0,,0.0,0.8291654892166658,0.0,0
23660,Sahagun,Córdoba,2025,66.6,794414.68,1.0,3441.505833333333,4051.7821666666655,445999.5059239138,0.0,66.6,0.0,66.6,1.0,0.0,0.0,0.0,,1,0.0,0.0,0.0,0.0,0.0,,,barequeros,aluvión con barequeo,16.0,0.0,0.0,119946.0,51.13,964.825490694,0,0,0,0,0,0,0,0,,0.0,1.6583309784333315,0.0,0
23670,San Andres Sotavento,Córdoba,2023,0.0,0.0,0.0,1942.6658333333332,4324.239683333333,269878.148573841,0.0,0.0,0.0,0.0,,,0.0,0.0,,0,0.0,0.0,0.0,0.0,0.0,,,barequeros,aluvión con barequeo,0.0,0.0,0.0,51786.0,79.24,206.75986479,0,0,0,0,0,0,0,0,,0.0,0.0,0.0,0
23670,San Andres Sotavento,Córdoba,2024,0.0,0.0,0.0,2387.7025,4074.8423916666666,313907.9749326904,0.0,0.0,0.0,0.0,,,0.0,0.0,,0,0.0,0.0,0.0,0.0,0.0,,,barequeros,aluvión con barequeo,2.0,0.0,0.0,52225.0,79.2,206.75986479,0,0,0,0,0,0,0,0,,0.0,0.9673057205910548,0.0,0
23670,San Andres Sotavento,Córdoba,2025,61.05,732371.5,1.0,3441.505833333333,4051.7821666666655,445999.5059239138,0.0,61.05,0.0,61.05,1.0,0.0,0.0,0.0,,1,0.0,0.0,0.0,0.0,0.0,,,barequeros,aluvión con barequeo,1.0,0.0,0.0,52617.0,79.16,206.75986479,0,0,0,0,0,0,0,0,,0.0,0.4836528602955274,0.0,0
23682,San Jose de Ure,Córdoba,2023,1214558.81,10461892208.91,4.0,1942.6658333333332,4324.239683333333,269878.148573841,95.23,1221216.41739778,320.07,1221631.7173977802,0.9996600448448696,7.795311683856011e-05,4716.0,1980720.0,0.6165517677399027,0,225.328514,172.9740887,0.0,0.0,225.32851437,1.0,62.31721421830956,barequeros,aluvión con barequeo,0.0,4.0,0.0,14981.0,62.1,525.650276568,1,1,0,0,0,0,1,1,SUR DE CÓRDOBA,42.866621410566445,0.0,3147.9874507709765,1
23682,San Jose de Ure,Córdoba,2024,707879.91,7508134765.6,4.0,2387.7025,4074.8423916666666,313907.9749326904,0.0,707879.91,0.0,707879.91,1.0,0.0,4716.0,1980720.0,0.3573851478250333,0,225.328514,172.9740887,0.0,0.0,225.32851437,1.0,62.31721421830956,barequeros,aluvión con barequeo,0.0,0.0,0.0,15244.0,62.19,525.650276568,1,1,0,0,0,0,1,1,SUR DE CÓRDOBA,42.866621410566445,0.0,3093.676200472317,1
23682,San Jose de Ure,Córdoba,2025,860643.43,12437782029.23,4.0,3441.505833333333,4051.7821666666655,445999.5059239138,0.0,860643.43,0.0,860643.43,1.0,0.0,4716.0,1980720.0,0.4345103952098227,0,225.328514,172.9740887,0.0,0.0,225.32851437,1.0,62.31721421830956,barequeros,aluvión con barequeo,0.0,0.0,0.0,15495.0,62.27,525.650276568,1,1,0,0,0,0,1,1,SUR DE CÓRDOBA,42.866621410566445,0.0,3043.5624394966117,1
27001,Quibdo,Chocó,2023,138216.2,1206262680.45,4.0,1942.6658333333332,4324.239683333333,269878.148573841,15207.1518,124888.73384561,0.0,140095.88564561,0.8914518315086827,0.1085481684913173,184.0,77280.0,1.6160550445860506,0,2269.347506,2224.959877206667,210.73357471,0.0,2058.61393786,0.907139136873998,1.40361106680571,barequeros,aluvión con barequeo,40.0,0.0,47.0,138336.0,13.87,3507.08818508,2,3,1,2,0,0,3,0,,64.70745490958431,1.1405473113042797,13.300948415452233,3
27001,Quibdo,Chocó,2024,106109.89,966351163.64,4.0,2387.7025,4074.8423916666666,313907.9749326904,84075.25,22034.64,0.0,106109.89,0.2076586828993979,0.7923413171006021,184.0,77280.0,0.2851273291925466,0,2269.347506,2224.959877206667,210.73357471,0.0,2058.61393786,0.907139136873998,1.40361106680571,barequeros,aluvión con barequeo,37.0,0.0,155.0,140076.0,14.05,3507.08818508,2,3,1,2,0,0,3,0,,64.70745490958431,1.0550062629564587,13.135726319997715,3
27001,Quibdo,Chocó,2025,13679.2,164056041.79999998,4.0,3441.505833333333,4051.7821666666655,445999.5059239138,4306.73,9372.47,0.0,13679.2,0.6851621439850284,0.3148378560149716,184.0,77280.0,0.1212793737060041,0,2269.347506,2224.959877206667,210.73357471,0.0,2058.61393786,0.907139136873998,1.40361106680571,barequeros,aluvión con barequeo,122.0,9.0,159.0,141778.0,14.24,3507.08818508,2,3,1,2,0,0,3,0,,64.70745490958431,3.478669299478053,12.97803608458294,3
27006,Acandi,Chocó,2023,3058.82,24178700.85,1.0,1942.6658333333332,4324.239683333333,269878.148573841,0.0,3058.82,0.0,3058.82,1.0,0.0,0.0,0.0,,1,29.7225,36.6675,0.0,0.0,29.722500000000004,1.0,-42.44008714596951,barequeros,aluvión con barequeo,0.0,0.0,0.0,15650.0,56.01,797.603256078,0,0,0,0,0,0,0,1,CHOCÓ,3.72647676316574,0.0,0.0,0
27006,Acandi,Chocó,2024,0.0,0.0,0.0,2387.7025,4074.8423916666666,313907.9749326904,0.0,0.0,0.0,0.0,,,0.0,0.0,,0,29.7225,36.6675,0.0,0.0,29.722500000000004,1.0,-42.44008714596951,barequeros,aluvión con barequeo,0.0,0.0,0.0,15963.0,57.14,797.603256078,0,0,0,0,0,0,0,1,CHOCÓ,3.72647676316574,0.0,0.0,0
27006,Acandi,Chocó,2025,0.0,0.0,0.0,3441.505833333333,4051.7821666666655,445999.5059239138,0.0,0.0,0.0,0.0,,,0.0,0.0,,0,29.7225,36.6675,0.0,0.0,29.722500000000004,1.0,-42.44008714596951,barequeros,aluvión con barequeo,0.0,15.0,0.0,16200.0,57.74,797.603256078,0,0,0,0,0,0,0,1,CHOCÓ,3.72647676316574,0.0,0.0,0
27050,Atrato,Chocó,2023,280292.64,2424423066.88,4.0,1942.6658333333332,4324.239683333333,269878.148573841,673.06747519,261991.02161778,19306.07,281970.15909297,0.9291444969231564,0.0023870166877058,609.0,255780.0,1.0242826711149426,0,1068.439029,1057.83730116,0.43312048,0.0,1068.00590566,0.9995946204432412,0.1802825718858258,barequeros,aluvión con barequeo,28.0,0.0,14.0,6356.0,53.32,421.601300745,0,0,1,1,0,0,0,0,,253.42403524656848,6.641345733640285,958.1497797356827,1
27050,Atrato,Chocó,2024,167208.22999999998,1494111725.8200002,4.0,2387.7025,4074.8423916666666,313907.9749326904,0.0,167208.23,0.0,167208.23,1.0,0.0,609.0,255780.0,0.6537189381499727,0,1068.439029,1057.83730116,0.43312048,0.0,1068.00590566,0.9995946204432412,0.1802825718858258,barequeros,aluvión con barequeo,5.0,0.0,8.0,6409.0,53.61,421.601300745,0,0,1,1,0,0,0,0,,253.42403524656848,1.1859545952929078,950.2262443438914,1
27050,Atrato,Chocó,2025,32509.69,377100605.62,4.0,3441.505833333333,4051.7821666666655,445999.5059239138,0.0,32509.69,0.0,32509.69,1.0,0.0,609.0,255780.0,0.1271002032997107,0,1068.439029,1057.83730116,0.43312048,0.0,1068.00590566,0.9995946204432412,0.1802825718858258,barequeros,aluvión con barequeo,2.0,0.0,2.0,6464.0,53.99,421.601300745,0,0,1,1,0,0,0,0,,253.42403524656848,0.4743818381171631,942.1410891089109,1
27073,Bagado,Chocó,2023,3432.4,31348659.34,4.0,1942.6658333333332,4324.239683333333,269878.148573841,0.0,3432.39619146,0.0,3432.39619146,1.0,0.0,28.0,11760.0,0.2918704244438775,0,265.113432,296.1856512733333,43.939169320000005,0.0,221.17426087,0.8342627501046421,-21.32686236909745,barequeros,aluvión con barequeo,0.0,0.0,0.0,12213.0,78.65,807.454205717,1,2,0,0,0,0,2,0,,32.833246780179394,0.0,22.926389912388437,1
27073,Bagado,Chocó,2024,0.0,0.0,0.0,2387.7025,4074.8423916666666,313907.9749326904,0.0,0.0,0.0,0.0,,,28.0,11760.0,0.0,0,265.113432,296.1856512733333,43.939169320000005,0.0,221.17426087,0.8342627501046421,-21.32686236909745,barequeros,aluvión con barequeo,0.0,0.0,2.0,12471.0,79.18,807.454205717,1,2,0,0,0,0,2,0,,32.833246780179394,0.0,22.452088846123004,1
27073,Bagado,Chocó,2025,0.0,0.0,0.0,3441.505833333333,4051.7821666666655,445999.5059239138,0.0,0.0,0.0,0.0,,,28.0,11760.0,0.0,0,265.113432,296.1856512733333,43.939169320000005,0.0,221.17426087,0.8342627501046421,-21.32686236909745,barequeros,aluvión con barequeo,0.0,0.0,0.0,12701.0,79.88,807.454205717,1,2,0,0,0,0,2,0,,32.833246780179394,0.0,22.045508227698605,1
27135,El Canton del San Pablo,Chocó,2023,1548597.38,13721510652.26,4.0,1942.6658333333332,4324.239683333333,269878.148573841,1411.87255022,1554449.60168029,41.03522043,1555902.50945094,0.9990661961390096,0.0009074299589106,1623.0,681660.0,2.2803884659218525,0,6396.882322,5979.971709383334,0.0,45.76136516,6351.12095113,0.9928463009687362,13.360143899109024,barequeros,aluvión con barequeo,7.0,0.0,8.0,6411.0,54.31,380.495730829,0,0,2,3,0,0,0,0,,1681.1968712665653,1.8397052667973022,2531.5863359850255,2
27135,El Canton del San Pablo,Chocó,2024,663273.5,6428814085.04,4.0,2387.7025,4074.8423916666666,313907.9749326904,0.0,663273.5,0.0,663273.5,1.0,0.0,1623.0,681660.0,0.9730268755684652,0,6396.882322,5979.971709383334,0.0,45.76136516,6351.12095113,0.9928463009687362,13.360143899109024,barequeros,aluvión con barequeo,3.0,0.0,5.0,6486.0,54.5,380.495730829,0,0,2,3,0,0,0,0,,1681.1968712665653,0.788445114341701,2502.3126734505086,2
27135,El Canton del San Pablo,Chocó,2025,543168.39,7385775161.43,4.0,3441.505833333333,4051.7821666666655,445999.5059239138,0.0,543168.39,0.0,543168.39,1.0,0.0,1623.0,681660.0,0.7968318369861808,0,6396.882322,5979.971709383334,0.0,45.76136516,6351.12095113,0.9928463009687362,13.360143899109024,barequeros,aluvión con barequeo,0.0,0.0,0.0,6535.0,54.72,380.495730829,0,0,2,3,0,0,0,0,,1681.1968712665653,0.0,2483.550114766641,2
27160,Certegui,Chocó,2023,279142.18,2421011448.45,4.0,1942.6658333333332,4324.239683333333,269878.148573841,92.52936543,276299.501758,3427.77251468,279819.80363811,0.9874193969320956,0.0003306748279677,1519.0,637980.0,0.4330848956989247,0,1996.04592,1855.4066526966665,9.1751646,158.43407753,1828.43667998,0.916029366689119,14.382809230187554,barequeros,aluvión con barequeo,23.0,0.0,25.0,5911.0,42.28,423.36063743,0,0,2,4,0,0,0,0,,471.47650100796955,5.432720467264249,2569.785146337337,2
27160,Certegui,Chocó,2024,1299297.88,13077447604.55,4.0,2387.7025,4074.8423916666666,313907.9749326904,0.0,1273966.54,25331.34,1299297.88,0.980503824111527,0.0,1519.0,637980.0,1.9968753565942507,0,1996.04592,1855.4066526966665,9.1751646,158.43407753,1828.43667998,0.916029366689119,14.382809230187554,barequeros,aluvión con barequeo,14.0,0.0,14.0,5986.0,42.52,423.36063743,0,0,2,4,0,0,0,0,,471.47650100796955,3.306873327899978,2537.5877046441697,2
27160,Certegui,Chocó,2025,1031194.99,13861181118.19,4.0,3441.505833333333,4051.7821666666655,445999.5059239138,0.0,998446.31,32748.68,1031194.99,0.9682420101750104,0.0,1519.0,637980.0,1.5650119282736137,0,1996.04592,1855.4066526966665,9.1751646,158.43407753,1828.43667998,0.916029366689119,14.382809230187554,barequeros,aluvión con barequeo,6.0,0.0,1.0,6038.0,42.89,423.36063743,0,0,2,4,0,0,0,0,,471.47650100796955,1.4172314262428476,2515.733686651209,2
27205,Condoto,Chocó,2023,298577.02,2595192782.24,4.0,1942.6658333333332,4324.239683333333,269878.148573841,7632.55,150870.51096187,140862.56,299365.62096186995,0.5039673910354799,0.025495746557258,180.0,75600.0,1.9956416793898144,0,2513.560677,2538.842992376666,303.01230802,669.05623531,1541.49213494,0.6132703097423575,-5.838677706141815,otros,otros,0.0,0.0,0.0,12668.0,22.73,467.717404844,4,6,1,2,11,11,8,1,CHOCÓ,537.4101222165037,0.0,142.0903062835491,16
27205,Condoto,Chocó,2024,620073.0700000001,6029358855.110001,4.0,2387.7025,4074.8423916666666,313907.9749326904,41963.91,63460.53,514648.63,620073.0700000001,0.1023436318561617,0.0676757498918635,180.0,75600.0,0.839425,0,2513.560677,2538.842992376666,303.01230802,669.05623531,1541.49213494,0.6132703097423575,-5.838677706141815,otros,otros,3.0,0.0,3.0,12664.0,22.83,467.717404844,4,6,1,2,11,11,8,1,CHOCÓ,537.4101222165037,0.6414129491291016,142.1351863550221,16
27205,Condoto,Chocó,2025,628568.36,8230527994.63,4.0,3441.505833333333,4051.7821666666655,445999.5059239138,2965.4100000000003,89500.99,536101.96,628568.36,0.1423886337517848,0.0047177207583277,180.0,75600.0,1.1838755291005292,0,2513.560677,2538.842992376666,303.01230802,669.05623531,1541.49213494,0.6132703097423575,-5.838677706141815,otros,otros,0.0,0.0,0.0,12644.0,22.93,467.717404844,4,6,1,2,11,11,8,1,CHOCÓ,537.4101222165037,0.0,142.36001265422334,16
27245,El Carmen de Atrato,Chocó,2023,9639.42,2498043642.35,4.0,1942.6658333333332,4324.239683333333,269878.148573841,0.0,0.0,0.0,0.0,,,0.0,0.0,,0,0.0,0.0,0.0,0.0,0.0,,,barequeros,aluvión con barequeo,0.0,0.0,0.0,8553.0,70.31,830.18092876,0,0,0,0,0,0,0,0,,0.0,0.0,0.0,0
27245,El Carmen de Atrato,Chocó,2024,10643.0,3092598964.0,4.0,2387.7025,4074.8423916666666,313907.9749326904,0.0,10643.0,0.0,10643.0,1.0,0.0,0.0,0.0,,1,0.0,0.0,0.0,0.0,0.0,,,barequeros,aluvión con barequeo,0.0,0.0,2.0,8622.0,70.46,830.18092876,0,0,0,0,0,0,0,0,,0.0,0.0,0.0,0
27245,El Carmen de Atrato,Chocó,2025,4152.0,1600058382.0,2.0,3441.505833333333,4051.7821666666655,445999.5059239138,0.0,4152.0,0.0,4152.0,1.0,0.0,0.0,0.0,,1,0.0,0.0,0.0,0.0,0.0,,,barequeros,aluvión con barequeo,0.0,0.0,0.0,8704.0,70.74,830.18092876,0,0,0,0,0,0,0,0,,0.0,0.0,0.0,0
27250,El Litoral del San Juan,Chocó,2023,0.0,0.0,0.0,1942.6658333333332,4324.239683333333,269878.148573841,0.0,0.0,0.0,0.0,,,0.0,0.0,,0,0.0,0.2475,0.0,0.0,0.0,,,barequeros,aluvión con barequeo,0.0,0.0,0.0,25517.0,92.81,4134.98539425,0,0,0,0,0,0,0,1,CHOCÓ,0.0,0.0,0.0,0
27250,El Litoral del San Juan,Chocó,2024,33.28,321717.52,1.0,2387.7025,4074.8423916666666,313907.9749326904,0.0,33.28,0.0,33.28,1.0,0.0,0.0,0.0,,1,0.0,0.2475,0.0,0.0,0.0,,,barequeros,aluvión con barequeo,0.0,0.0,0.0,26236.0,93.13,4134.98539425,0,0,0,0,0,0,0,1,CHOCÓ,0.0,0.0,0.0,0
27250,El Litoral del San Juan,Chocó,2025,0.0,0.0,0.0,3441.505833333333,4051.7821666666655,445999.5059239138,0.0,0.0,0.0,0.0,,,0.0,0.0,,0,0.0,0.2475,0.0,0.0,0.0,,,barequeros,aluvión con barequeo,0.0,0.0,0.0,26940.0,93.43,4134.98539425,0,0,0,0,0,0,0,1,CHOCÓ,0.0,0.0,0.0,0
27361,Istmina,Chocó,2023,383331.4,3447075318.88,4.0,1942.6658333333332,4324.239683333333,269878.148573841,20145.1175,366095.7479848,386.95,386627.8154848,0.9468944895383316,0.0521046771421234,224.0,94080.0,3.891323851879252,0,4981.494328,4823.526526856666,46.12105889,0.0,4935.37327124,0.9907415217757526,5.285814089968355,barequeros,aluvión con barequeo,0.0,1.0,0.0,34462.0,27.39,1879.96673795,4,6,1,2,0,0,7,1,CHOCÓ,264.9777906938952,0.0,64.99912947594451,5
27361,Istmina,Chocó,2024,185083.11,1694137627.31,4.0,2387.7025,4074.8423916666666,313907.9749326904,0.0,185083.11,0.0,185083.11,1.0,0.0,224.0,94080.0,1.9672949617346935,0,4981.494328,4823.526526856666,46.12105889,0.0,4935.37327124,0.9907415217757526,5.285814089968355,barequeros,aluvión con barequeo,5.0,0.0,3.0,35215.0,27.57,1879.96673795,4,6,1,2,0,0,7,1,CHOCÓ,264.9777906938952,0.2659621523651118,63.60925741871362,5
27361,Istmina,Chocó,2025,85659.07,1087977116.0,4.0,3441.505833333333,4051.7821666666655,445999.5059239138,1522.22,76636.85,7500.0,85659.07,0.8946729167150659,0.0177706809097974,224.0,94080.0,0.814592368197279,0,4981.494328,4823.526526856666,46.12105889,0.0,4935.37327124,0.9907415217757526,5.285814089968355,barequeros,aluvión con barequeo,0.0,0.0,9.0,35971.0,27.72,1879.96673795,4,6,1,2,0,0,7,1,CHOCÓ,264.9777906938952,0.0,62.27238608879375,5
27413,Lloro,Chocó,2023,263381.48,2346917103.94,4.0,1942.6658333333332,4324.239683333333,269878.148573841,195.27571343,263707.82899112,0.0,263903.10470455,0.9992600476843626,0.0007399523156372,8077.0,3392340.0,0.0777362613980674,0,616.586942,619.8223830433334,0.0,0.0,616.58694583,1.0,-2.791348778435565,barequeros,aluvión con barequeo,10.0,0.0,6.0,10241.0,66.44,842.902478902,0,0,0,0,0,0,0,0,,73.15044829423114,1.186376864501148,7886.925104970218,0
27413,Lloro,Chocó,2024,723317.63,7909533814.690001,4.0,2387.7025,4074.8423916666666,313907.9749326904,0.0,723317.63,0.0,723317.63,1.0,0.0,8077.0,3392340.0,0.2132208534521893,0,616.586942,619.8223830433334,0.0,0.0,616.58694583,1.0,-2.791348778435565,barequeros,aluvión con barequeo,0.0,0.0,0.0,10316.0,66.69,842.902478902,0,0,0,0,0,0,0,0,,73.15044829423114,0.0,7829.585110507948,0
27413,Lloro,Chocó,2025,2105559.07,29811470636.33,4.0,3441.505833333333,4051.7821666666655,445999.5059239138,0.0,2105559.07,0.0,2105559.07,1.0,0.0,8077.0,3392340.0,0.6206804359232859,0,616.586942,619.8223830433334,0.0,0.0,616.58694583,1.0,-2.791348778435565,barequeros,aluvión con barequeo,0.0,0.0,0.0,10407.0,66.99,842.902478902,0,0,0,0,0,0,0,0,,73.15044829423114,0.0,7761.1223215143655,0
27425,Medio Atrato,Chocó,2023,281243.6,2453085816.02,4.0,1942.6658333333332,4324.239683333333,269878.148573841,0.0,321.7,280921.9,281243.60000000003,0.0011438482511246,0.0,3.0,1260.0,0.2553174603174603,0,2459.872964,2431.4554933833333,0.0,418.61023663,2041.26272679,0.8298244489303634,-0.241357075803561,otros,otros,2.0,0.0,10.0,11079.0,92.17,1812.93290155,0,0,1,2,0,0,0,1,CHOCÓ,135.68472180613452,0.11031847887420784,2.7078256160303273,1
27425,Medio Atrato,Chocó,2024,288179.9,2740606503.28,4.0,2387.7025,4074.8423916666666,313907.9749326904,0.0,13295.67,274884.23,288179.9,0.0461367014146371,0.0,3.0,1260.0,10.552119047619048,0,2459.872964,2431.4554933833333,0.0,418.61023663,2041.26272679,0.8298244489303634,-0.241357075803561,otros,otros,0.0,0.0,0.0,11179.0,92.39,1812.93290155,0,0,1,2,0,0,0,1,CHOCÓ,135.68472180613452,0.0,2.6836031845424455,1
27425,Medio Atrato,Chocó,2025,94627.94,1250917272.94,4.0,3441.505833333333,4051.7821666666655,445999.5059239138,0.0,34.5,94593.44,94627.94,0.0003645857661067,0.0,3.0,1260.0,0.0273809523809523,0,2459.872964,2431.4554933833333,0.0,418.61023663,2041.26272679,0.8298244489303634,-0.241357075803561,otros,otros,0.0,0.0,0.0,11265.0,92.68,1812.93290155,0,0,1,2,0,0,0,1,CHOCÓ,135.68472180613452,0.0,2.6631158455392807,1
27430,Medio Baudo,Chocó,2023,0.0,0.0,0.0,1942.6658333333332,4324.239683333333,269878.148573841,0.0,0.0,0.0,0.0,,,0.0,0.0,,0,3.75586,5.767049320000001,0.0,0.0,3.75585911,0.9999997630369608,-27.060121882962417,barequeros,aluvión con barequeo,0.0,0.0,0.0,16684.0,85.99,1372.0440693,0,0,0,0,0,0,0,0,,0.2737419361403015,0.0,0.0,0
27430,Medio Baudo,Chocó,2024,46.8,405713.06,1.0,2387.7025,4074.8423916666666,313907.9749326904,0.0,46.8,0.0,46.8,1.0,0.0,0.0,0.0,,1,3.75586,5.767049320000001,0.0,0.0,3.75585911,0.9999997630369608,-27.060121882962417,barequeros,aluvión con barequeo,0.0,0.0,0.0,17004.0,86.33,1372.0440693,0,0,0,0,0,0,0,0,,0.2737419361403015,0.0,0.0,0
27430,Medio Baudo,Chocó,2025,66.45,931624.14,1.0,3441.505833333333,4051.7821666666655,445999.5059239138,0.0,66.45,0.0,66.45,1.0,0.0,0.0,0.0,,1,3.75586,5.767049320000001,0.0,0.0,3.75585911,0.9999997630369608,-27.060121882962417,barequeros,aluvión con barequeo,0.0,0.0,1.0,17301.0,86.65,1372.0440693,0,0,0,0,0,0,0,0,,0.2737419361403015,0.0,0.0,0
27450,Medio San Juan,Chocó,2023,14178.82,124065936.62,4.0,1942.6658333333332,4324.239683333333,269878.148573841,0.0,14178.8192584,0.0,14178.8192584,1.0,0.0,2955.0,1241100.0,0.0114243971141729,0,1679.577079,1631.2641586399998,7.80371624,157.26374338,1514.50961876,0.901720818708553,2.179859302055598,barequeros,aluvión con barequeo,0.0,0.0,0.0,11023.0,76.02,663.424558602,1,2,2,3,0,0,2,1,CHOCÓ,253.16775769339696,0.0,2680.7584142248024,3
27450,Medio San Juan,Chocó,2024,1160691.83,12373784524.28,4.0,2387.7025,4074.8423916666666,313907.9749326904,0.0,1160691.83,0.0,1160691.83,1.0,0.0,2955.0,1241100.0,0.9352121746837484,0,1679.577079,1631.2641586399998,7.80371624,157.26374338,1514.50961876,0.901720818708553,2.179859302055598,barequeros,aluvión con barequeo,0.0,0.0,1.0,11112.0,76.25,663.424558602,1,2,2,3,0,0,2,1,CHOCÓ,253.16775769339696,0.0,2659.2872570194386,3
27450,Medio San Juan,Chocó,2025,1280496.99,18189648018.22,4.0,3441.505833333333,4051.7821666666655,445999.5059239138,3329.31,1276820.52,347.16,1280496.99,0.997128872595007,0.0026000139211572,2955.0,1241100.0,1.0287813391346383,0,1679.577079,1631.2641586399998,7.80371624,157.26374338,1514.50961876,0.901720818708553,2.179859302055598,barequeros,aluvión con barequeo,0.0,0.0,3.0,11225.0,76.53,663.424558602,1,2,2,3,0,0,2,1,CHOCÓ,253.16775769339696,0.0,2632.516703786191,3
27491,Novita,Chocó,2023,1844477.01,15679432416.95,4.0,1942.6658333333332,4324.239683333333,269878.148573841,2568.93025891,1840876.60202174,10704.21950672,1854149.75178737,0.9928413820119788,0.0013855031161499,12.0,5040.0,365.2532940519325,0,5908.555288,5643.15993429,0.0,235.07288053,5673.48242049,0.960214831536328,4.09429499816909,barequeros,aluvión con barequeo,1.0,0.0,4.0,9717.0,62.12,945.275000687,0,0,3,5,7,7,0,1,CHOCÓ,625.0620490022294,0.10578932049120388,12.34949058351343,10
27491,Novita,Chocó,2024,818579.96,7229943631.17,4.0,2387.7025,4074.8423916666666,313907.9749326904,3835.4,800780.47,13964.09,818579.96,0.9782556489655574,0.0046854310970427,12.0,5040.0,158.8850138888889,0,5908.555288,5643.15993429,0.0,235.07288053,5673.48242049,0.960214831536328,4.09429499816909,barequeros,aluvión con barequeo,0.0,0.0,1.0,9825.0,62.37,945.275000687,0,0,3,5,7,7,0,1,CHOCÓ,625.0620490022294,0.0,12.213740458015268,10
27491,Novita,Chocó,2025,143371.15,1392828895.9499998,4.0,3441.505833333333,4051.7821666666655,445999.5059239138,10096.6,116717.76,16556.79,143371.15,0.8140951648919604,0.0704228151898063,12.0,5040.0,23.158285714285714,0,5908.555288,5643.15993429,0.0,235.07288053,5673.48242049,0.960214831536328,4.09429499816909,barequeros,aluvión con barequeo,5.0,0.0,5.0,9914.0,62.67,945.275000687,0,0,3,5,7,7,0,1,CHOCÓ,625.0620490022294,0.5289466024560194,12.104095218882387,10
27493,MUNICIPIO NUEVO BELEN DE BAJIRA,Chocó,2023,0.0,0.0,0.0,1942.6658333333332,4324.239683333333,269878.148573841,0.0,0.0,0.0,0.0,,,0.0,0.0,,0,0.0,0.0,0.0,0.0,0.0,,,barequeros,aluvión con barequeo,0.0,0.0,0.0,0.0,,,0,0,0,0,0,0,0,0,,,,,0
27493,MUNICIPIO NUEVO BELEN DE BAJIRA,Chocó,2024,64989.83,768157832.18,1.0,2387.7025,4074.8423916666666,313907.9749326904,0.0,64989.83,0.0,64989.83,1.0,0.0,0.0,0.0,,1,0.0,0.0,0.0,0.0,0.0,,,barequeros,aluvión con barequeo,0.0,0.0,0.0,29812.0,58.37,,0,0,0,0,0,0,0,0,,,,0.0,0
27493,MUNICIPIO NUEVO BELEN DE BAJIRA,Chocó,2025,421230.03,5490044332.34,4.0,3441.505833333333,4051.7821666666655,445999.5059239138,0.0,421230.03,0.0,421230.03,1.0,0.0,0.0,0.0,,1,0.0,0.0,0.0,0.0,0.0,,,barequeros,aluvión con barequeo,0.0,0.0,0.0,30214.0,58.39,,0,0,0,0,0,0,0,0,,,,0.0,0
27495,Nuqui,Chocó,2023,148.56,1243035.92,1.0,1942.6658333333332,4324.239683333333,269878.148573841,0.0,148.555,0.0,148.555,1.0,0.0,0.0,0.0,,1,0.0,0.0,0.0,0.0,0.0,,,barequeros,aluvión con barequeo,0.0,0.0,0.0,18287.0,91.73,704.046240394,0,0,0,0,0,0,0,0,,0.0,0.0,0.0,0
27495,Nuqui,Chocó,2024,75.94,734078.73,1.0,2387.7025,4074.8423916666666,313907.9749326904,0.0,75.94,0.0,75.94,1.0,0.0,0.0,0.0,,1,0.0,0.0,0.0,0.0,0.0,,,barequeros,aluvión con barequeo,0.0,0.0,0.0,18555.0,92.17,704.046240394,0,0,0,0,0,0,0,0,,0.0,0.0,0.0,0
27495,Nuqui,Chocó,2025,0.0,0.0,0.0,3441.505833333333,4051.7821666666655,445999.5059239138,0.0,0.0,0.0,0.0,,,0.0,0.0,,0,0.0,0.0,0.0,0.0,0.0,,,barequeros,aluvión con barequeo,0.0,0.0,0.0,18766.0,92.62,704.046240394,0,0,0,0,0,0,0,0,,0.0,0.0,0.0,0
27580,Rio Iro,Chocó,2023,7837.889999999999,69095050.03,4.0,1942.6658333333332,4324.239683333333,269878.148573841,0.0,7837.87308388,0.0,7837.87308388,1.0,0.0,9.0,3780.0,2.073511397851852,0,448.189363,462.0503230533333,15.53186286,0.0,432.65750073,0.9653453126017182,-5.962178102592741,barequeros,aluvión con barequeo,0.0,0.0,0.0,5706.0,72.57,325.108589834,1,2,0,0,0,0,2,0,,137.85835779634272,0.0,15.772870662460567,1
27580,Rio Iro,Chocó,2024,4013.76,48761834.99,4.0,2387.7025,4074.8423916666666,313907.9749326904,0.0,4013.76,0.0,4013.76,1.0,0.0,9.0,3780.0,1.0618412698412698,0,448.189363,462.0503230533333,15.53186286,0.0,432.65750073,0.9653453126017182,-5.962178102592741,barequeros,aluvión con barequeo,0.0,0.0,0.0,5747.0,72.93,325.108589834,1,2,0,0,0,0,2,0,,137.85835779634272,0.0,15.660344527579607,1
27580,Rio Iro,Chocó,2025,2554.97,33278925.28,4.0,3441.505833333333,4051.7821666666655,445999.5059239138,0.0,2554.97,0.0,2554.97,1.0,0.0,9.0,3780.0,0.6759179894179894,0,448.189363,462.0503230533333,15.53186286,0.0,432.65750073,0.9653453126017182,-5.962178102592741,barequeros,aluvión con barequeo,0.0,0.0,0.0,5807.0,73.03,325.108589834,1,2,0,0,0,0,2,0,,137.85835779634272,0.0,15.498536249354228,1
27600,Rio Quito,Chocó,2023,22448.79,202802380.23,4.0,1942.6658333333332,4324.239683333333,269878.148573841,0.0,4104.13030115,23362.01,27466.14030115,0.1494250832534399,0.0,1.0,420.0,9.771738812261905,0,4806.490509,4485.9582002,0.0,157.95099088,4648.53951343,0.9671379782662128,12.017261750140484,otros,otros,32.0,0.0,25.0,8401.0,73.04,698.956778907,0,0,1,2,0,0,0,0,,687.6663413317478,4.578251612358677,1.1903344839900012,1
27600,Rio Quito,Chocó,2024,1535.87,16435030.97,4.0,2387.7025,4074.8423916666666,313907.9749326904,0.0,1535.87,0.0,1535.87,1.0,0.0,1.0,420.0,3.656833333333333,0,4806.490509,4485.9582002,0.0,157.95099088,4648.53951343,0.9671379782662128,12.017261750140484,otros,otros,18.0,0.0,23.0,8434.0,73.41,698.956778907,0,0,1,2,0,0,0,0,,687.6663413317478,2.575266531951756,1.1856770215793218,1
27600,Rio Quito,Chocó,2025,1504.6,20345582.37,4.0,3441.505833333333,4051.7821666666655,445999.5059239138,0.0,1504.6,0.0,1504.6,1.0,0.0,1.0,420.0,3.582380952380952,0,4806.490509,4485.9582002,0.0,157.95099088,4648.53951343,0.9671379782662128,12.017261750140484,otros,otros,13.0,13.0,18.0,8446.0,73.74,698.956778907,0,0,1,2,0,0,0,0,,687.6663413317478,1.8599147175207127,1.1839924224484963,1
27615,Riosucio - Choco,Chocó,2023,0.0,0.0,0.0,1942.6658333333332,4324.239683333333,269878.148573841,0.0,0.0,0.0,0.0,,,0.0,0.0,,0,229.533817,242.20929826333332,0.0,0.0,229.53381493,0.999999990981721,-16.13750768564738,sin declaración,huella sin declaración,0.0,0.0,5.0,60070.0,75.14,7609.28971906,0,0,1,1,0,0,0,1,CHOCÓ,3.016494646340724,0.0,0.0,1
27615,Riosucio - Choco,Chocó,2024,0.0,0.0,0.0,2387.7025,4074.8423916666666,313907.9749326904,0.0,0.0,0.0,0.0,,,0.0,0.0,,0,229.533817,242.20929826333332,0.0,0.0,229.53381493,0.999999990981721,-16.13750768564738,sin declaración,huella sin declaración,0.0,0.0,4.0,30082.0,50.35,7609.28971906,0,0,1,1,0,0,0,1,CHOCÓ,3.016494646340724,0.0,0.0,1
27615,Riosucio - Choco,Chocó,2025,0.0,0.0,0.0,3441.505833333333,4051.7821666666655,445999.5059239138,0.0,0.0,0.0,0.0,,,0.0,0.0,,0,229.533817,242.20929826333332,0.0,0.0,229.53381493,0.999999990981721,-16.13750768564738,sin declaración,huella sin declaración,0.0,10.0,7.0,30268.0,50.72,7609.28971906,0,0,1,1,0,0,0,1,CHOCÓ,3.016494646340724,0.0,0.0,1
27660,San Jose del Palmar,Chocó,2023,0.0,0.0,0.0,1942.6658333333332,4324.239683333333,269878.148573841,0.0,0.0,0.0,0.0,,,0.0,0.0,,0,25.131429,29.639642993333336,0.0,0.0,25.13142887,0.9999999948271944,-34.795539954489485,sin declaración,huella sin declaración,0.0,0.0,0.0,5149.0,76.03,1582.2097361,0,0,0,0,0,0,0,0,,1.5883753226008226,0.0,0.0,0
27660,San Jose del Palmar,Chocó,2024,0.0,0.0,0.0,2387.7025,4074.8423916666666,313907.9749326904,0.0,0.0,0.0,0.0,,,0.0,0.0,,0,25.131429,29.639642993333336,0.0,0.0,25.13142887,0.9999999948271944,-34.795539954489485,sin declaración,huella sin declaración,0.0,0.0,0.0,5164.0,76.43,1582.2097361,0,0,0,0,0,0,0,0,,1.5883753226008226,0.0,0.0,0
27660,San Jose del Palmar,Chocó,2025,0.0,0.0,0.0,3441.505833333333,4051.7821666666655,445999.5059239138,0.0,0.0,0.0,0.0,,,0.0,0.0,,0,25.131429,29.639642993333336,0.0,0.0,25.13142887,0.9999999948271944,-34.795539954489485,sin declaración,huella sin declaración,0.0,0.0,0.0,5130.0,77.08,1582.2097361,0,0,0,0,0,0,0,0,,1.5883753226008226,0.0,0.0,0
27745,Sipi,Chocó,2023,574331.87,5037837970.58,4.0,1942.6658333333332,4324.239683333333,269878.148573841,0.0,577309.46334432,0.0,577309.46334432,1.0,0.0,26.0,10920.0,52.86716697292307,0,642.756874,688.6237988133333,77.47662783,0.0,565.28024866,0.8794620042601052,-15.186209683459994,barequeros,aluvión con barequeo,0.0,0.0,0.0,3307.0,77.62,1576.86504121,0,0,1,2,0,0,0,1,CHOCÓ,40.761692167820755,0.0,78.62110674327185,1
27745,Sipi,Chocó,2024,169759.03,1460912456.57,4.0,2387.7025,4074.8423916666666,313907.9749326904,0.0,169759.03,0.0,169759.03,1.0,0.0,26.0,10920.0,15.545698717948715,0,642.756874,688.6237988133333,77.47662783,0.0,565.28024866,0.8794620042601052,-15.186209683459994,barequeros,aluvión con barequeo,0.0,0.0,0.0,3325.0,78.14,1576.86504121,0,0,1,2,0,0,0,1,CHOCÓ,40.761692167820755,0.0,78.19548872180452,1
27745,Sipi,Chocó,2025,34017.23,301855993.1,4.0,3441.505833333333,4051.7821666666655,445999.5059239138,0.0,34017.23,0.0,34017.23,1.0,0.0,26.0,10920.0,3.1151309523809525,0,642.756874,688.6237988133333,77.47662783,0.0,565.28024866,0.8794620042601052,-15.186209683459994,barequeros,aluvión con barequeo,0.0,0.0,0.0,3341.0,78.6,1576.86504121,0,0,1,2,0,0,0,1,CHOCÓ,40.761692167820755,0.0,77.82101167315176,1
27787,Tado,Chocó,2023,203892.19,1703367585.6999998,4.0,1942.6658333333332,4324.239683333333,269878.148573841,0.0,193632.42804152,10259.76,203892.18804152,0.9496804654530916,0.0,46.0,19320.0,10.022382403805384,0,704.618088,829.1228508333334,11.85967468,120.20148921,572.55692471,0.8125776707423952,-30.02656662323069,barequeros,aluvión con barequeo,0.0,0.0,11.0,18945.0,40.65,714.828210867,3,4,3,9,0,0,4,0,,98.57166761023373,0.0,24.2808128793877,6
27787,Tado,Chocó,2024,86786.41,809589039.72,4.0,2387.7025,4074.8423916666666,313907.9749326904,1885.01,83734.96,1166.44,86786.41,0.9648395411217032,0.0217201057170126,46.0,19320.0,4.334107660455487,0,704.618088,829.1228508333334,11.85967468,120.20148921,572.55692471,0.8125776707423952,-30.02656662323069,barequeros,aluvión con barequeo,1.0,0.0,10.0,19134.0,40.84,714.828210867,3,4,3,9,0,0,4,0,,98.57166761023373,0.13989375136539745,24.04097418208425,6
27787,Tado,Chocó,2025,15114.88,174104370.25,4.0,3441.505833333333,4051.7821666666655,445999.5059239138,127.37,14353.88,633.63,15114.88,0.9496522632002372,0.0084267953169327,46.0,19320.0,0.7429544513457557,0,704.618088,829.1228508333334,11.85967468,120.20148921,572.55692471,0.8125776707423952,-30.02656662323069,barequeros,aluvión con barequeo,0.0,0.0,12.0,19308.0,41.03,714.828210867,3,4,3,9,0,0,4,0,,98.57166761023373,0.0,23.824321524756577,6
27800,Unguia,Chocó,2023,0.0,0.0,0.0,1942.6658333333332,4324.239683333333,269878.148573841,0.0,0.0,0.0,0.0,,,7.0,2940.0,0.0,0,59.779124,63.03637466666666,0.0,0.0,59.7791229,0.9999999815989272,-29.01816843292665,barequeros,aluvión con barequeo,0.0,0.0,12.0,12717.0,70.61,1190.3211959,0,0,0,0,0,0,0,1,CHOCÓ,5.02210027057454,0.0,5.50444287174648,0
27800,Unguia,Chocó,2024,47.03,387784.7,1.0,2387.7025,4074.8423916666666,313907.9749326904,0.0,47.03,0.0,47.03,1.0,0.0,7.0,2940.0,0.0159965986394557,0,59.779124,63.03637466666666,0.0,0.0,59.7791229,0.9999999815989272,-29.01816843292665,barequeros,aluvión con barequeo,0.0,0.0,0.0,12703.0,71.6,1190.3211959,0,0,0,0,0,0,0,1,CHOCÓ,5.02210027057454,0.0,5.510509328505077,0
27800,Unguia,Chocó,2025,0.0,0.0,0.0,3441.505833333333,4051.7821666666655,445999.5059239138,0.0,0.0,0.0,0.0,,,7.0,2940.0,0.0,0,59.779124,63.03637466666666,0.0,0.0,59.7791229,0.9999999815989272,-29.01816843292665,barequeros,aluvión con barequeo,0.0,0.0,0.0,12599.0,72.09,1190.3211959,0,0,0,0,0,0,0,1,CHOCÓ,5.02210027057454,0.0,5.555996507659338,0
27810,Union Panamericana,Chocó,2023,2044227.56,17820867950.88,4.0,1942.6658333333332,4324.239683333333,269878.148573841,22946.64463682,1936201.0243908,110733.41386485,2069881.08289247,0.9354165514113184,0.0110859724389355,9386.0,3942120.0,0.4911573022614228,0,3003.387591,3030.171354876667,292.24349605,835.0579818599999,1876.08611461,0.6246566777567804,-4.426346204206966,barequeros,aluvión con barequeo,8.0,0.0,7.0,7136.0,57.54,177.759841244,5,44,3,5,10,10,44,0,,1689.5759863317132,4.500454064323163,13153.026905829596,18
27810,Union Panamericana,Chocó,2024,2016887.39,19960788467.69,4.0,2387.7025,4074.8423916666666,313907.9749326904,75368.44,1825863.51,115655.44,2016887.39,0.9052877810892556,0.0373686901775909,9386.0,3942120.0,0.4631679172627926,0,3003.387591,3030.171354876667,292.24349605,835.0579818599999,1876.08611461,0.6246566777567804,-4.426346204206966,barequeros,aluvión con barequeo,5.0,1.0,17.0,7202.0,57.93,177.759841244,5,44,3,5,10,10,44,0,,1689.5759863317132,2.8127837902019768,13032.490974729242,18
27810,Union Panamericana,Chocó,2025,2806721.91,39786139074.85,4.0,3441.505833333333,4051.7821666666655,445999.5059239138,135333.75,2404662.36,266725.8,2806721.91,0.8567511984113881,0.0482177267073815,9386.0,3942120.0,0.609992176798271,0,3003.387591,3030.171354876667,292.24349605,835.0579818599999,1876.08611461,0.6246566777567804,-4.426346204206966,barequeros,aluvión con barequeo,0.0,0.0,30.0,7272.0,58.22,177.759841244,5,44,3,5,10,10,44,0,,1689.5759863317132,0.0,12907.040704070407,18
41001,Neiva,Huila,2023,79218.89,1020126669.15,4.0,1942.6658333333332,4324.239683333333,269878.148573841,79218.885808,0.0,0.0,79218.885808,0.0,1.0,38.0,15960.0,0.0,0,0.0,0.0,0.0,0.0,0.0,,,títulos,veta / títulos,0.0,1.0,0.0,390199.0,6.36,1269.813217,1,3,0,0,1,1,3,0,,0.0,0.0,0.9738620550027037,2
41001,Neiva,Huila,2024,80575.01,1179123456.49,4.0,2387.7025,4074.8423916666666,313907.9749326904,80575.01,0.0,0.0,80575.01,0.0,1.0,38.0,15960.0,0.0,0,0.0,0.0,0.0,0.0,0.0,,,títulos,veta / títulos,31.0,1.0,0.0,396442.0,6.37,1269.813217,1,3,0,0,1,1,3,0,,0.0,2.4413039323404684,0.9585260895666957,2
41001,Neiva,Huila,2025,59227.93,1317793630.81,4.0,3441.505833333333,4051.7821666666655,445999.5059239138,59227.93,0.0,0.0,59227.93,0.0,1.0,38.0,15960.0,0.0,0,0.0,0.0,0.0,0.0,0.0,,,títulos,veta / títulos,141.0,6.0,0.0,402479.0,6.39,1269.813217,1,3,0,0,1,1,3,0,,0.0,11.103995305161485,0.944148638810969,2
41132,Campoalegre,Huila,2023,40328.09,525400497.61,4.0,1942.6658333333332,4324.239683333333,269878.148573841,40328.08750077,0.0,0.0,40328.08750077,0.0,1.0,0.0,0.0,,0,0.0,0.0,0.0,0.0,0.0,,,títulos,veta / títulos,0.0,0.0,0.0,31782.0,23.72,462.7993382,2,3,0,0,0,0,4,0,,0.0,0.0,0.0,2
41132,Campoalegre,Huila,2024,28941.39,388203251.69,4.0,2387.7025,4074.8423916666666,313907.9749326904,28941.39,0.0,0.0,28941.39,0.0,1.0,0.0,0.0,,0,0.0,0.0,0.0,0.0,0.0,,,títulos,veta / títulos,4.0,5.0,2.0,31873.0,23.72,462.7993382,2,3,0,0,0,0,4,0,,0.0,0.8643054710401052,0.0,2
41132,Campoalegre,Huila,2025,19531.17,316122900.85,4.0,3441.505833333333,4051.7821666666655,445999.5059239138,19531.17,0.0,0.0,19531.17,0.0,1.0,0.0,0.0,,0,0.0,0.0,0.0,0.0,0.0,,,títulos,veta / títulos,0.0,0.0,0.0,31929.0,23.73,462.7993382,2,3,0,0,0,0,4,0,,0.0,0.0,0.0,2
41298,Garzon,Huila,2023,11972.759999999998,97003434.59,3.0,1942.6658333333332,4324.239683333333,269878.148573841,0.0,11972.75549,0.0,11972.75549,1.0,0.0,12.0,5040.0,2.375546724206349,0,0.0,0.0,0.0,0.0,0.0,,,barequeros,aluvión con barequeo,18.0,0.0,0.0,75551.0,46.39,606.51145714,0,0,0,0,0,0,0,0,,0.0,2.9677922466426043,1.5883310611375097,0
41298,Garzon,Huila,2024,4574.04,51278857.18,1.0,2387.7025,4074.8423916666666,313907.9749326904,0.0,4574.04,0.0,4574.04,1.0,0.0,12.0,5040.0,0.907547619047619,0,0.0,0.0,0.0,0.0,0.0,,,barequeros,aluvión con barequeo,60.0,2.0,0.0,76079.0,46.41,606.51145714,0,0,0,0,0,0,0,0,,0.0,9.892640822142013,1.5773077984726402,0
41298,Garzon,Huila,2025,3456.39,45361759.23,2.0,3441.505833333333,4051.7821666666655,445999.5059239138,0.0,3456.39,0.0,3456.39,1.0,0.0,12.0,5040.0,0.6857916666666667,0,0.0,0.0,0.0,0.0,0.0,,,barequeros,aluvión con barequeo,46.0,0.0,0.0,76558.0,46.45,606.51145714,0,0,0,0,0,0,0,0,,0.0,7.58435796364221,1.5674390658063169,0
41357,Iquira,Huila,2023,29800.28,263846385.61,4.0,1942.6658333333332,4324.239683333333,269878.148573841,29819.26,0.0,0.0,29819.26,0.0,1.0,0.0,0.0,,0,0.0,0.0,0.0,0.0,0.0,,,títulos,veta / títulos,0.0,0.0,0.0,9639.0,71.75,356.515479887,1,1,1,2,0,0,2,0,,0.0,0.0,0.0,2
41357,Iquira,Huila,2024,28742.74,283087977.25,4.0,2387.7025,4074.8423916666666,313907.9749326904,28742.74,0.0,0.0,28742.74,0.0,1.0,0.0,0.0,,0,0.0,0.0,0.0,0.0,0.0,,,títulos,veta / títulos,0.0,0.0,0.0,9715.0,71.78,356.515479887,1,1,1,2,0,0,2,0,,0.0,0.0,0.0,2
41357,Iquira,Huila,2025,26892.3,349286297.11,4.0,3441.505833333333,4051.7821666666655,445999.5059239138,26892.3,0.0,0.0,26892.3,0.0,1.0,0.0,0.0,,0,0.0,0.0,0.0,0.0,0.0,,,títulos,veta / títulos,0.0,0.0,0.0,9791.0,71.79,356.515479887,1,1,1,2,0,0,2,0,,0.0,0.0,0.0,2
41524,Palermo,Huila,2023,27602.29,361371159.21,4.0,1942.6658333333332,4324.239683333333,269878.148573841,27602.2842,0.0,0.0,27602.2842,0.0,1.0,46.0,19320.0,0.0,0,0.0,0.0,0.0,0.0,0.0,,,títulos,veta / títulos,1.0,0.0,0.0,26638.0,52.5,884.263211132,3,4,0,0,1,1,5,0,,0.0,0.11308849982799105,17.268563705983933,4
41524,Palermo,Huila,2024,12507.81,205588196.7,4.0,2387.7025,4074.8423916666666,313907.9749326904,12507.81,0.0,0.0,12507.81,0.0,1.0,46.0,19320.0,0.0,0,0.0,0.0,0.0,0.0,0.0,,,títulos,veta / títulos,73.0,0.0,0.0,26677.0,52.52,884.263211132,3,4,0,0,1,1,5,0,,0.0,8.255460487443345,17.243318214192,4
41524,Palermo,Huila,2025,9039.34,216328082.57,4.0,3441.505833333333,4051.7821666666655,445999.5059239138,9039.34,0.0,0.0,9039.34,0.0,1.0,46.0,19320.0,0.0,0,0.0,0.0,0.0,0.0,0.0,,,títulos,veta / títulos,19.0,2.0,1.0,26694.0,52.56,884.263211132,3,4,0,0,1,1,5,0,,0.0,2.1486814967318297,17.232336854723908,4
41615,Rivera,Huila,2023,53933.36,723794383.49,4.0,1942.6658333333332,4324.239683333333,269878.148573841,53933.74155869,0.0,0.0,53933.74155869,0.0,1.0,0.0,0.0,,0,0.0,0.0,0.0,0.0,0.0,,,títulos,veta / títulos,3.0,0.0,0.0,27738.0,52.01,251.230551063,1,2,0,0,0,0,2,0,,0.0,1.1941222862054317,0.0,1
41615,Rivera,Huila,2024,17307.3,209817932.86,4.0,2387.7025,4074.8423916666666,313907.9749326904,17307.3,0.0,0.0,17307.3,0.0,1.0,0.0,0.0,,0,0.0,0.0,0.0,0.0,0.0,,,títulos,veta / títulos,54.0,0.0,2.0,28367.0,52.06,251.230551063,1,2,0,0,0,0,2,0,,0.0,21.49420115169777,0.0,1
41615,Rivera,Huila,2025,39056.100000000006,662370714.5899999,4.0,3441.505833333333,4051.7821666666655,445999.5059239138,39056.1,0.0,0.0,39056.1,0.0,1.0,0.0,0.0,,0,0.0,0.0,0.0,0.0,0.0,,,títulos,veta / títulos,62.0,0.0,0.0,28966.0,52.09,251.230551063,1,2,0,0,0,0,2,0,,0.0,24.678527248245587,0.0,1
44090,Dibulla,La Guajira,2023,0.0,0.0,0.0,1942.6658333333332,4324.239683333333,269878.148573841,0.0,0.0,0.0,0.0,,,0.0,0.0,,0,4.6125,4.23,0.0,0.0,4.612500000000001,1.0,141.17647058823528,sin declaración,huella sin declaración,1.0,10.0,1.0,47219.0,85.18,1749.74317922,0,0,0,0,0,0,0,1,SIERRA NEVADA - PERIJÁ,0.263610114602999,0.05715124435837376,0.0,0
44090,Dibulla,La Guajira,2024,0.0,0.0,0.0,2387.7025,4074.8423916666666,313907.9749326904,0.0,0.0,0.0,0.0,,,0.0,0.0,,0,4.6125,4.23,0.0,0.0,4.612500000000001,1.0,141.17647058823528,sin declaración,huella sin declaración,6.0,8.0,0.0,48596.0,84.93,1749.74317922,0,0,0,0,0,0,0,1,SIERRA NEVADA - PERIJÁ,0.263610114602999,0.3429074661502426,0.0,0
44090,Dibulla,La Guajira,2025,0.0,0.0,0.0,3441.505833333333,4051.7821666666655,445999.5059239138,0.0,0.0,0.0,0.0,,,0.0,0.0,,0,4.6125,4.23,0.0,0.0,4.612500000000001,1.0,141.17647058823528,sin declaración,huella sin declaración,2.0,19.0,1.0,49910.0,84.7,1749.74317922,0,0,0,0,0,0,0,1,SIERRA NEVADA - PERIJÁ,0.263610114602999,0.11430248871674752,0.0,0
50223,Cubarral,Meta,2023,64.24,569492.1,1.0,1942.6658333333332,4324.239683333333,269878.148573841,0.0,64.24,0.0,64.24,1.0,0.0,44.0,18480.0,0.0034761904761904,0,0.0,0.0,0.0,0.0,0.0,,,barequeros,aluvión con barequeo,0.0,0.0,0.0,7367.0,34.34,1157.86524634,0,0,0,0,0,0,0,0,,0.0,0.0,59.72580426225058,0
50223,Cubarral,Meta,2024,0.0,0.0,0.0,2387.7025,4074.8423916666666,313907.9749326904,0.0,0.0,0.0,0.0,,,44.0,18480.0,0.0,0,0.0,0.0,0.0,0.0,0.0,,,barequeros,aluvión con barequeo,0.0,0.0,2.0,7436.0,34.56,1157.86524634,0,0,0,0,0,0,0,0,,0.0,0.0,59.171597633136095,0
50223,Cubarral,Meta,2025,3835.46,48868477.84,2.0,3441.505833333333,4051.7821666666655,445999.5059239138,0.0,3835.46,0.0,3835.46,1.0,0.0,44.0,18480.0,0.2075465367965367,0,0.0,0.0,0.0,0.0,0.0,,,barequeros,aluvión con barequeo,0.0,5.0,0.0,7455.0,34.41,1157.86524634,0,0,0,0,0,0,0,0,,0.0,0.0,59.02079141515761,0
50330,Mesetas,Meta,2023,0.0,0.0,0.0,1942.6658333333332,4324.239683333333,269878.148573841,0.0,0.0,0.0,0.0,,,29.0,12180.0,0.0,0,0.0,0.0,0.0,0.0,0.0,,,barequeros,aluvión con barequeo,0.0,2.0,0.0,11721.0,59.31,2280.62998973,0,0,0,0,0,0,0,1,MACARENA - GUAVIARE,0.0,0.0,24.741916218752667,0
50330,Mesetas,Meta,2024,0.0,0.0,0.0,2387.7025,4074.8423916666666,313907.9749326904,0.0,0.0,0.0,0.0,,,29.0,12180.0,0.0,0,0.0,0.0,0.0,0.0,0.0,,,barequeros,aluvión con barequeo,0.0,5.0,2.0,11781.0,59.48,2280.62998973,0,0,0,0,0,0,0,1,MACARENA - GUAVIARE,0.0,0.0,24.615906968848147,0
50330,Mesetas,Meta,2025,2807.57,36315032.09,2.0,3441.505833333333,4051.7821666666655,445999.5059239138,0.0,2807.57,0.0,2807.57,1.0,0.0,29.0,12180.0,0.2305065681444991,0,0.0,0.0,0.0,0.0,0.0,,,barequeros,aluvión con barequeo,0.0,0.0,0.0,11873.0,59.49,2280.62998973,0,0,0,0,0,0,0,1,MACARENA - GUAVIARE,0.0,0.0,24.425166343805273,0
52079,Barbacoas,Nariño,2023,91603.44,787031796.58,4.0,1942.6658333333332,4324.239683333333,269878.148573841,0.0,91603.450068,0.0,91603.450068,1.0,0.0,726.0,304920.0,0.3004179787091696,0,1818.311391,1788.4393380933334,0.0,166.66134951,1651.65004383,0.9083427910120814,5.783931547409327,barequeros,aluvión con barequeo,3.0,7.0,4.0,62594.0,77.79,2732.93327633,0,0,15,20,0,0,0,1,PACÍFICO Y FRONTERA NARIÑENSE,66.53332544736595,0.10977216406939282,115.98555772118733,15
52079,Barbacoas,Nariño,2024,193711.39,1913946243.0,4.0,2387.7025,4074.8423916666666,313907.9749326904,0.0,193711.39,0.0,193711.39,1.0,0.0,726.0,304920.0,0.6352859438541257,0,1818.311391,1788.4393380933334,0.0,166.66134951,1651.65004383,0.9083427910120814,5.783931547409327,barequeros,aluvión con barequeo,0.0,0.0,0.0,63548.0,77.72,2732.93327633,0,0,15,20,0,0,0,1,PACÍFICO Y FRONTERA NARIÑENSE,66.53332544736595,0.0,114.24435072700952,15
52079,Barbacoas,Nariño,2025,139917.41,1915692932.25,4.0,3441.505833333333,4051.7821666666655,445999.5059239138,0.0,139917.41,0.0,139917.41,1.0,0.0,726.0,304920.0,0.4588659648432376,0,1818.311391,1788.4393380933334,0.0,166.66134951,1651.65004383,0.9083427910120814,5.783931547409327,barequeros,aluvión con barequeo,0.0,0.0,0.0,64392.0,77.63,2732.93327633,0,0,15,20,0,0,0,1,PACÍFICO Y FRONTERA NARIÑENSE,66.53332544736595,0.0,112.74692508386134,15
52250,El Charco,Nariño,2023,512.92,4234151.56,1.0,1942.6658333333332,4324.239683333333,269878.148573841,0.0,512.92,0.0,512.92,1.0,0.0,46.0,19320.0,0.0265486542443064,0,365.680822,291.26247816666665,0.0,0.38550935,365.29531194,0.9989457744655804,56.66460896553795,otros,otros,0.0,0.0,0.0,22348.0,66.86,2490.59690975,0,0,0,0,0,0,0,1,PACÍFICO Y FRONTERA NARIÑENSE,14.682457067559202,0.0,20.583497404689457,0
52250,El Charco,Nariño,2024,32959.82,273695443.38,3.0,2387.7025,4074.8423916666666,313907.9749326904,8579.25,287.01,24093.56,32959.82,0.0087078752250467,0.2602942006358044,46.0,19320.0,0.0148555900621118,0,365.680822,291.26247816666665,0.0,0.38550935,365.29531194,0.9989457744655804,56.66460896553795,otros,otros,0.0,0.0,0.0,22396.0,66.69,2490.59690975,0,0,0,0,0,0,0,1,PACÍFICO Y FRONTERA NARIÑENSE,14.682457067559202,0.0,20.539382032505802,0
52250,El Charco,Nariño,2025,0.0,0.0,0.0,3441.505833333333,4051.7821666666655,445999.5059239138,0.0,0.0,0.0,0.0,,,46.0,19320.0,0.0,0,365.680822,291.26247816666665,0.0,0.38550935,365.29531194,0.9989457744655804,56.66460896553795,otros,otros,0.0,0.0,0.0,22434.0,66.64,2490.59690975,0,0,0,0,0,0,0,1,PACÍFICO Y FRONTERA NARIÑENSE,14.682457067559202,0.0,20.504591245431044,0
52385,La Llanada,Nariño,2023,0.0,0.0,0.0,1942.6658333333332,4324.239683333333,269878.148573841,0.0,0.0,0.0,0.0,,,116.0,48720.0,0.0,0,21.988607,9.248659636666666,0.0,0.0,21.988607140000003,1.0,721.6397141304826,títulos,veta / títulos,0.0,0.0,0.0,6569.0,50.83,244.983953695,3,4,1,1,0,0,7,0,,8.975529486055795,0.0,176.58699954330947,4
52385,La Llanada,Nariño,2024,0.0,0.0,0.0,2387.7025,4074.8423916666666,313907.9749326904,0.0,0.0,0.0,0.0,,,116.0,48720.0,0.0,0,21.988607,9.248659636666666,0.0,0.0,21.988607140000003,1.0,721.6397141304826,títulos,veta / títulos,0.0,0.0,0.0,6565.0,50.78,244.983953695,3,4,1,1,0,0,7,0,,8.975529486055795,0.0,176.6945925361767,4
52385,La Llanada,Nariño,2025,11800.37,159480590.22,4.0,3441.505833333333,4051.7821666666655,445999.5059239138,11800.37,0.0,0.0,11800.37,0.0,1.0,116.0,48720.0,0.0,0,21.988607,9.248659636666666,0.0,0.0,21.988607140000003,1.0,721.6397141304826,títulos,veta / títulos,0.0,0.0,0.0,6575.0,50.9,244.983953695,3,4,1,1,0,0,7,0,,8.975529486055795,0.0,176.425855513308,4
52418,Los Andes,Nariño,2023,0.0,0.0,0.0,1942.6658333333332,4324.239683333333,269878.148573841,0.0,0.0,0.0,0.0,,,19.0,7980.0,0.0,0,140.005737,117.39431685,0.0,0.0,140.00573541,0.9999999886433224,47.45034707500524,sin declaración,huella sin declaración,0.0,0.0,0.0,9555.0,52.82,956.871511776,1,6,0,0,0,0,6,1,ALTO PATÍA Y NORTE DEL CAUCA,14.63161305117576,0.0,19.88487702773417,1
52418,Los Andes,Nariño,2024,0.0,0.0,0.0,2387.7025,4074.8423916666666,313907.9749326904,0.0,0.0,0.0,0.0,,,19.0,7980.0,0.0,0,140.005737,117.39431685,0.0,0.0,140.00573541,0.9999999886433224,47.45034707500524,sin declaración,huella sin declaración,0.0,0.0,0.0,9553.0,52.75,956.871511776,1,6,0,0,0,0,6,1,ALTO PATÍA Y NORTE DEL CAUCA,14.63161305117576,0.0,19.88904009211766,1
52418,Los Andes,Nariño,2025,0.0,0.0,0.0,3441.505833333333,4051.7821666666655,445999.5059239138,0.0,0.0,0.0,0.0,,,19.0,7980.0,0.0,0,140.005737,117.39431685,0.0,0.0,140.00573541,0.9999999886433224,47.45034707500524,sin declaración,huella sin declaración,0.0,0.0,0.0,9544.0,52.69,956.871511776,1,6,0,0,0,0,6,1,ALTO PATÍA Y NORTE DEL CAUCA,14.63161305117576,0.0,19.907795473595975,1
52427,Magüi,Nariño,2023,0.0,0.0,0.0,1942.6658333333332,4324.239683333333,269878.148573841,0.0,0.0,0.0,0.0,,,178.0,74760.0,0.0,0,1736.23534,1499.17892022,485.11256907,9.31026824,1241.81249917,0.715232820436658,32.29217499383908,sin declaración,huella sin declaración,14.0,0.0,11.0,27528.0,69.84,1808.09579962,0,0,0,0,0,0,0,1,PACÍFICO Y FRONTERA NARIÑENSE,96.02562764455828,0.7742952559782685,64.66143562917756,0
52427,Magüi,Nariño,2024,0.0,60355323.45999999,2.0,2387.7025,4074.8423916666666,313907.9749326904,0.0,0.0,0.0,0.0,,,178.0,74760.0,0.0,0,1736.23534,1499.17892022,485.11256907,9.31026824,1241.81249917,0.715232820436658,32.29217499383908,sin declaración,huella sin declaración,1.0,0.0,1.0,27970.0,69.74,1808.09579962,0,0,0,0,0,0,0,1,PACÍFICO Y FRONTERA NARIÑENSE,96.02562764455828,0.05530680399844775,63.639613872005725,0
52427,Magüi,Nariño,2025,0.0,0.0,0.0,3441.505833333333,4051.7821666666655,445999.5059239138,0.0,0.0,0.0,0.0,,,178.0,74760.0,0.0,0,1736.23534,1499.17892022,485.11256907,9.31026824,1241.81249917,0.715232820436658,32.29217499383908,sin declaración,huella sin declaración,3.0,0.0,3.0,28377.0,69.63,1808.09579962,0,0,0,0,0,0,0,1,PACÍFICO Y FRONTERA NARIÑENSE,96.02562764455828,0.16592041199534324,62.726856256827716,0
52621,Roberto Payan,Nariño,2023,501724.43,4469748427.96,4.0,1942.6658333333332,4324.239683333333,269878.148573841,0.0,501799.55,0.0,501799.55,1.0,0.0,0.0,0.0,,1,203.174858,166.51786146333333,0.0,4.702500000000001,198.47235715,0.976854907657915,65.77427493778902,barequeros,aluvión con barequeo,0.0,0.0,3.0,12406.0,72.78,1457.71173255,0,0,2,2,0,0,0,1,PACÍFICO Y FRONTERA NARIÑENSE,13.937931174127463,0.0,0.0,2
52621,Roberto Payan,Nariño,2024,62113.07,567066396.4300001,4.0,2387.7025,4074.8423916666666,313907.9749326904,0.0,62113.07,0.0,62113.07,1.0,0.0,0.0,0.0,,1,203.174858,166.51786146333333,0.0,4.702500000000001,198.47235715,0.976854907657915,65.77427493778902,barequeros,aluvión con barequeo,0.0,0.0,0.0,12427.0,72.69,1457.71173255,0,0,2,2,0,0,0,1,PACÍFICO Y FRONTERA NARIÑENSE,13.937931174127463,0.0,0.0,2
52621,Roberto Payan,Nariño,2025,14221.16,182025085.48,3.0,3441.505833333333,4051.7821666666655,445999.5059239138,0.0,14221.16,0.0,14221.16,1.0,0.0,0.0,0.0,,1,203.174858,166.51786146333333,0.0,4.702500000000001,198.47235715,0.976854907657915,65.77427493778902,barequeros,aluvión con barequeo,0.0,0.0,0.0,12462.0,72.64,1457.71173255,0,0,2,2,0,0,0,1,PACÍFICO Y FRONTERA NARIÑENSE,13.937931174127463,0.0,0.0,2
52685,San Bernardo - Nariño,Nariño,2023,0.0,0.0,0.0,1942.6658333333332,4324.239683333333,269878.148573841,0.0,0.0,0.0,0.0,,,0.0,0.0,,0,0.0,0.0,0.0,0.0,0.0,,,barequeros,aluvión con barequeo,5.0,0.0,0.0,9192.0,71.46,65.1645144277,0,0,0,0,0,0,0,0,,0.0,7.672887681143544,0.0,0
52685,San Bernardo - Nariño,Nariño,2024,0.0,0.0,0.0,2387.7025,4074.8423916666666,313907.9749326904,0.0,0.0,0.0,0.0,,,0.0,0.0,,0,0.0,0.0,0.0,0.0,0.0,,,barequeros,aluvión con barequeo,0.0,0.0,0.0,9192.0,71.46,65.1645144277,0,0,0,0,0,0,0,0,,0.0,0.0,0.0,0
52685,San Bernardo - Nariño,Nariño,2025,2546.9,32324343.01,1.0,3441.505833333333,4051.7821666666655,445999.5059239138,0.0,2546.9,0.0,2546.9,1.0,0.0,0.0,0.0,,1,0.0,0.0,0.0,0.0,0.0,,,barequeros,aluvión con barequeo,0.0,0.0,0.0,9190.0,71.41,65.1645144277,0,0,0,0,0,0,0,0,,0.0,0.0,0.0,0
52696,Santa Barbara - Nariño,Nariño,2023,56317.51,493781685.05,4.0,1942.6658333333332,4324.239683333333,269878.148573841,0.0,52083.74,4233.77,56317.51,0.9248232032985834,0.0,281.0,118020.0,0.4413128283341806,0,470.837163,340.31741458666664,0.0,36.62214211,434.21502007,0.9222190901485828,106.94770829349514,barequeros,aluvión con barequeo,0.0,0.0,3.0,14020.0,72.72,1224.57560644,0,0,1,2,0,0,0,1,PACÍFICO Y FRONTERA NARIÑENSE,38.4490071926865,0.0,200.42796005706134,1
52696,Santa Barbara - Nariño,Nariño,2024,55503.16,546199298.47,4.0,2387.7025,4074.8423916666666,313907.9749326904,0.0,50302.07,5201.09,55503.16,0.9062920021130328,0.0,281.0,118020.0,0.4262164887307236,0,470.837163,340.31741458666664,0.0,36.62214211,434.21502007,0.9222190901485828,106.94770829349514,barequeros,aluvión con barequeo,0.0,0.0,6.0,14142.0,72.61,1224.57560644,0,0,1,2,0,0,0,1,PACÍFICO Y FRONTERA NARIÑENSE,38.4490071926865,0.0,198.69891104511382,1
52696,Santa Barbara - Nariño,Nariño,2025,27711.24,385554568.88,4.0,3441.505833333333,4051.7821666666655,445999.5059239138,0.0,13220.74,14490.5,27711.24,0.4770894409633059,0.0,281.0,118020.0,0.1120211828503643,0,470.837163,340.31741458666664,0.0,36.62214211,434.21502007,0.9222190901485828,106.94770829349514,barequeros,aluvión con barequeo,0.0,0.0,1.0,14254.0,72.51,1224.57560644,0,0,1,2,0,0,0,1,PACÍFICO Y FRONTERA NARIÑENSE,38.4490071926865,0.0,197.13764557317242,1
52835,San Andres de Tumaco,Nariño,2023,0.0,0.0,0.0,1942.6658333333332,4324.239683333333,269878.148573841,0.0,0.0,0.0,0.0,,,0.0,0.0,,0,97.234719,70.38688889000001,0.0,0.0,97.23472091,1.0,109.08455930086213,sin declaración,huella sin declaración,0.0,0.0,0.0,269643.0,65.69,3611.04840126,0,0,0,0,0,0,0,1,PACÍFICO Y FRONTERA NARIÑENSE,2.692700517834986,0.0,0.0,0
52835,San Andres de Tumaco,Nariño,2024,0.0,0.0,0.0,2387.7025,4074.8423916666666,313907.9749326904,0.0,0.0,0.0,0.0,,,0.0,0.0,,0,97.234719,70.38688889000001,0.0,0.0,97.23472091,1.0,109.08455930086213,sin declaración,huella sin declaración,0.0,0.0,0.0,272306.0,65.59,3611.04840126,0,0,0,0,0,0,0,1,PACÍFICO Y FRONTERA NARIÑENSE,2.692700517834986,0.0,0.0,0
52835,San Andres de Tumaco,Nariño,2025,0.0,0.0,0.0,3441.505833333333,4051.7821666666655,445999.5059239138,0.0,0.0,0.0,0.0,,,0.0,0.0,,0,97.234719,70.38688889000001,0.0,0.0,97.23472091,1.0,109.08455930086213,sin declaración,huella sin declaración,0.0,0.0,0.0,274765.0,65.49,3611.04840126,0,0,0,0,0,0,0,1,PACÍFICO Y FRONTERA NARIÑENSE,2.692700517834986,0.0,0.0,0
63130,Calarca,Quindío,2023,0.0,0.0,0.0,1942.6658333333332,4324.239683333333,269878.148573841,0.0,0.0,0.0,0.0,,,18.0,7560.0,0.0,0,0.0,0.0,0.0,0.0,0.0,,,sin declaración,registro sin volumen ni huella,9.0,0.0,0.0,74465.0,22.66,220.827579956,0,0,0,0,0,0,0,0,,0.0,4.0755778792636566,2.4172430000671454,0
63130,Calarca,Quindío,2024,0.0,0.0,0.0,2387.7025,4074.8423916666666,313907.9749326904,0.0,0.0,0.0,0.0,,,18.0,7560.0,0.0,0,0.0,0.0,0.0,0.0,0.0,,,sin declaración,registro sin volumen ni huella,8.0,0.0,2.0,74545.0,22.76,220.827579956,0,0,0,0,0,0,0,0,,0.0,3.6227358926788056,2.414648869810182,0
63130,Calarca,Quindío,2025,69.0,745941.28,1.0,3441.505833333333,4051.7821666666655,445999.5059239138,0.0,0.0,0.0,0.0,,,18.0,7560.0,0.0,0,0.0,0.0,0.0,0.0,0.0,,,sin declaración,registro sin volumen ni huella,13.0,0.0,0.0,74536.0,22.86,220.827579956,0,0,0,0,0,0,0,0,,0.0,5.88694582560306,2.414940431469357,0
66088,Belen de Umbria - Risaralda,Risaralda,2023,111.7,912433.72,1.0,1942.6658333333332,4324.239683333333,269878.148573841,0.0,111.7,0.0,111.7,1.0,0.0,6.0,2520.0,0.0443253968253968,0,0.0,0.0,0.0,0.0,0.0,,,barequeros,aluvión con barequeo,1.0,8.0,1.0,25385.0,47.76,180.600438726,0,0,0,0,0,0,0,0,,0.0,0.5537085109284597,2.3636005515067953,0
66088,Belen de Umbria - Risaralda,Risaralda,2024,53.23,438379.5,1.0,2387.7025,4074.8423916666666,313907.9749326904,0.0,53.23,0.0,53.23,1.0,0.0,6.0,2520.0,0.0211230158730158,0,0.0,0.0,0.0,0.0,0.0,,,barequeros,aluvión con barequeo,0.0,0.0,2.0,25391.0,47.48,180.600438726,0,0,0,0,0,0,0,0,,0.0,0.0,2.3630420227639712,0
66088,Belen de Umbria - Risaralda,Risaralda,2025,0.0,0.0,0.0,3441.505833333333,4051.7821666666655,445999.5059239138,0.0,0.0,0.0,0.0,,,6.0,2520.0,0.0,0,0.0,0.0,0.0,0.0,0.0,,,barequeros,aluvión con barequeo,4.0,1.0,3.0,25361.0,47.19,180.600438726,0,0,0,0,0,0,0,0,,0.0,2.214834043713839,2.365837309254367,0
66456,Mistrato,Risaralda,2023,1474.86,12741278.06,4.0,1942.6658333333332,4324.239683333333,269878.148573841,0.0,288.76,1186.10396,1474.86396,0.1957875491106312,0.0,9.0,3780.0,0.0763915343915343,0,0.0,0.0,0.0,0.0,0.0,,,barequeros,aluvión con barequeo,0.0,0.0,0.0,18270.0,75.37,564.743480239,0,0,1,2,0,0,0,0,,0.0,0.0,4.926108374384236,1
66456,Mistrato,Risaralda,2024,936.63,7710847.92,2.0,2387.7025,4074.8423916666666,313907.9749326904,0.0,936.63,0.0,936.63,1.0,0.0,9.0,3780.0,0.2477857142857142,0,0.0,0.0,0.0,0.0,0.0,,,barequeros,aluvión con barequeo,0.0,0.0,1.0,18387.0,75.09,564.743480239,0,0,1,2,0,0,0,0,,0.0,0.0,4.894762604013706,1
66456,Mistrato,Risaralda,2025,0.0,0.0,0.0,3441.505833333333,4051.7821666666655,445999.5059239138,0.0,0.0,0.0,0.0,,,9.0,3780.0,0.0,0,0.0,0.0,0.0,0.0,0.0,,,barequeros,aluvión con barequeo,1.0,4.0,4.0,18455.0,74.84,564.743480239,0,0,1,2,0,0,0,0,,0.0,0.1770715439825528,4.876727174207532,1
66572,Pueblo Rico,Risaralda,2023,389.23,3192657.37,1.0,1942.6658333333332,4324.239683333333,269878.148573841,0.0,389.23,0.0,389.23,1.0,0.0,23.0,9660.0,0.0402929606625258,0,0.0,0.0,0.0,0.0,0.0,,,barequeros,aluvión con barequeo,0.0,0.0,0.0,18093.0,81.05,613.767813145,0,0,0,0,0,0,0,0,,0.0,0.0,12.712098601669155,0
66572,Pueblo Rico,Risaralda,2024,136.89,1127759.28,2.0,2387.7025,4074.8423916666666,313907.9749326904,0.0,136.89,0.0,136.89,1.0,0.0,23.0,9660.0,0.0141708074534161,0,0.0,0.0,0.0,0.0,0.0,,,barequeros,aluvión con barequeo,0.0,0.0,2.0,18266.0,80.81,613.767813145,0,0,0,0,0,0,0,0,,0.0,0.0,12.591700427022882,0
66572,Pueblo Rico,Risaralda,2025,0.0,0.0,0.0,3441.505833333333,4051.7821666666655,445999.5059239138,0.0,0.0,0.0,0.0,,,23.0,9660.0,0.0,0,0.0,0.0,0.0,0.0,0.0,,,barequeros,aluvión con barequeo,0.0,0.0,3.0,18445.0,80.5,613.767813145,0,0,0,0,0,0,0,0,,0.0,0.0,12.4695039306045,0
66594,Quinchia,Risaralda,2023,74555.1,657980657.14,4.0,1942.6658333333332,4324.239683333333,269878.148573841,12106.675073,61298.41099561,1150.003352,74555.08942061,0.822189490643474,0.1623856287623636,83.0,34860.0,1.758416838657774,0,0.0,0.0,0.0,0.0,0.0,,,barequeros,aluvión con barequeo,0.0,0.0,0.0,28256.0,71.63,140.142967001,1,7,1,2,2,2,7,0,,0.0,0.0,29.374292185730464,4
66594,Quinchia,Risaralda,2024,30647.96,279941609.57000005,4.0,2387.7025,4074.8423916666666,313907.9749326904,3079.55,24308.04,3260.37,30647.96,0.7931372920089951,0.1004814023510863,83.0,34860.0,0.6973046471600689,0,0.0,0.0,0.0,0.0,0.0,,,barequeros,aluvión con barequeo,14.0,0.0,5.0,28224.0,71.3,140.142967001,1,7,1,2,2,2,7,0,,0.0,9.989798489067313,29.407596371882086,4
66594,Quinchia,Risaralda,2025,17115.81,218646133.38,4.0,3441.505833333333,4051.7821666666655,445999.5059239138,4631.08,12484.73,0.0,17115.809999999998,0.729426769752644,0.2705732302473561,83.0,34860.0,0.3581391279403327,0,0.0,0.0,0.0,0.0,0.0,,,barequeros,aluvión con barequeo,12.0,11.0,12.0,28154.0,71.04,140.142967001,1,7,1,2,2,2,7,0,,0.0,8.562684419200554,29.480713220146338,4
68132,California,Santander,2023,15496.82,130407032.16,2.0,1942.6658333333332,4324.239683333333,269878.148573841,11575.97229,0.0,3920.85,15496.82229,0.0,0.7469900650193234,93.0,39060.0,0.0,0,0.0,0.0,0.0,0.0,0.0,,,títulos,veta / títulos,57.0,0.0,0.0,2425.0,54.1,45.0134597371,5,16,0,0,1,1,18,0,,0.0,126.62879132798743,383.50515463917526,6
68132,California,Santander,2024,4655.12,45258781.28,3.0,2387.7025,4074.8423916666666,313907.9749326904,3845.13,0.0,809.99,4655.12,0.0,0.8260001890391655,93.0,39060.0,0.0,0,0.0,0.0,0.0,0.0,0.0,,,títulos,veta / títulos,98.0,7.0,0.0,2465.0,53.55,45.0134597371,5,16,0,0,1,1,18,0,,0.0,217.71265877443454,377.2819472616633,6
68132,California,Santander,2025,9089.52,122107286.77,4.0,3441.505833333333,4051.7821666666655,445999.5059239138,9089.52,0.0,0.0,9089.52,0.0,1.0,93.0,39060.0,0.0,0,0.0,0.0,0.0,0.0,0.0,,,títulos,veta / títulos,107.0,19.0,0.0,2498.0,52.8,45.0134597371,5,16,0,0,1,1,18,0,,0.0,237.706678457801,372.2978382706165,6
68406,Lebrija,Santander,2023,0.0,0.0,0.0,1942.6658333333332,4324.239683333333,269878.148573841,0.0,0.0,0.0,0.0,,,14.0,5880.0,0.0,0,0.0,0.0,0.0,0.0,0.0,,,títulos,veta / títulos,0.0,0.0,0.0,49127.0,43.03,550.458400201,1,3,0,0,1,1,3,0,,0.0,0.0,2.8497567529057344,2
68406,Lebrija,Santander,2024,1000.66,47051663.25,2.0,2387.7025,4074.8423916666666,313907.9749326904,0.0,1000.66,0.0,1000.66,1.0,0.0,14.0,5880.0,0.1701802721088435,0,0.0,0.0,0.0,0.0,0.0,,,títulos,veta / títulos,6.0,0.0,0.0,50221.0,42.51,550.458400201,1,3,0,0,1,1,3,0,,0.0,1.0900006245356777,2.7876784612014895,2
68406,Lebrija,Santander,2025,1231.17,105277062.06,4.0,3441.505833333333,4051.7821666666655,445999.5059239138,1231.17,0.0,0.0,1231.17,0.0,1.0,14.0,5880.0,0.0,0,0.0,0.0,0.0,0.0,0.0,,,títulos,veta / títulos,10.0,0.0,0.0,51241.0,41.99,550.458400201,1,3,0,0,1,1,3,0,,0.0,1.8166677075594626,2.7321871157861866,2
68615,Rionegro - Santander,Santander,2023,30144.24,361820854.23,4.0,1942.6658333333332,4324.239683333333,269878.148573841,30144.24,0.0,0.0,30144.24,0.0,1.0,1.0,420.0,0.0,0,0.0,0.0,0.0,0.0,0.0,,,títulos,veta / títulos,0.0,0.0,0.0,27349.0,73.72,1168.43222322,1,3,0,0,1,1,3,0,,0.0,0.0,0.365644082050532,2
68615,Rionegro - Santander,Santander,2024,20004.08,248042401.04,4.0,2387.7025,4074.8423916666666,313907.9749326904,20004.08,0.0,0.0,20004.08,0.0,1.0,1.0,420.0,0.0,0,0.0,0.0,0.0,0.0,0.0,,,títulos,veta / títulos,0.0,2.0,0.0,27251.0,73.19,1168.43222322,1,3,0,0,1,1,3,0,,0.0,0.0,0.36695901067850717,2
68615,Rionegro - Santander,Santander,2025,17798.19,274861300.83000004,4.0,3441.505833333333,4051.7821666666655,445999.5059239138,17798.19,0.0,0.0,17798.19,0.0,1.0,1.0,420.0,0.0,0,0.0,0.0,0.0,0.0,0.0,,,títulos,veta / títulos,5.0,1.0,1.0,27119.0,72.68,1168.43222322,1,3,0,0,1,1,3,0,,0.0,0.42792383679909585,0.3687451602197721,2
68655,Sabana de Torres,Santander,2023,0.0,0.0,0.0,1942.6658333333332,4324.239683333333,269878.148573841,0.0,0.0,0.0,0.0,,,82.0,34440.0,0.0,0,0.0,0.0,0.0,0.0,0.0,,,barequeros,aluvión con barequeo,2.0,3.0,0.0,37002.0,30.34,1429.00296037,0,0,0,0,0,0,0,0,,0.0,0.13995772265455325,22.1609642722015,0
68655,Sabana de Torres,Santander,2024,653.35,5510366.74,1.0,2387.7025,4074.8423916666666,313907.9749326904,0.0,653.35,0.0,653.35,1.0,0.0,82.0,34440.0,0.0189706736353077,0,0.0,0.0,0.0,0.0,0.0,,,barequeros,aluvión con barequeo,8.0,19.0,7.0,37531.0,30.02,1429.00296037,0,0,0,0,0,0,0,0,,0.0,0.559830890618213,21.84860515307346,0
68655,Sabana de Torres,Santander,2025,0.0,0.0,0.0,3441.505833333333,4051.7821666666655,445999.5059239138,0.0,0.0,0.0,0.0,,,82.0,34440.0,0.0,0,0.0,0.0,0.0,0.0,0.0,,,barequeros,aluvión con barequeo,7.0,26.0,4.0,38015.0,29.68,1429.00296037,0,0,0,0,0,0,0,0,,0.0,0.48985202929093635,21.570432723924768,0
68867,Vetas,Santander,2023,45411.130000000005,386287573.15,4.0,1942.6658333333332,4324.239683333333,269878.148573841,45411.134593,0.0,0.0,45411.134593,0.0,1.0,36.0,15120.0,0.0,0,0.0,0.0,0.0,0.0,0.0,,,títulos,veta / títulos,3.0,2.0,0.0,2176.0,64.84,92.4223863941,2,4,0,0,0,0,4,0,,0.0,3.2459668236736983,165.44117647058823,2
68867,Vetas,Santander,2024,43942.92,417373959.84,4.0,2387.7025,4074.8423916666666,313907.9749326904,43942.92,0.0,0.0,43942.92,0.0,1.0,36.0,15120.0,0.0,0,0.0,0.0,0.0,0.0,0.0,,,títulos,veta / títulos,14.0,0.0,0.0,2162.0,64.62,92.4223863941,2,4,0,0,0,0,4,0,,0.0,15.147845177143926,166.51248843663276,2
68867,Vetas,Santander,2025,36043.62,506332829.15,4.0,3441.505833333333,4051.7821666666655,445999.5059239138,36043.62,0.0,0.0,36043.62,0.0,1.0,36.0,15120.0,0.0,0,0.0,0.0,0.0,0.0,0.0,,,títulos,veta / títulos,1.0,2.0,0.0,2150.0,64.23,92.4223863941,2,4,0,0,0,0,4,0,,0.0,1.081988941224566,167.4418604651163,2
70771,Sucre - Sucre,Sucre,2023,69629.59,610571490.91,3.0,1942.6658333333332,4324.239683333333,269878.148573841,0.0,70355.59,0.0,70355.59,1.0,0.0,606.0,254520.0,0.2764246031746031,0,0.0,0.0,0.0,0.0,0.0,,,barequeros,aluvión con barequeo,0.0,0.0,0.0,32930.0,76.55,1131.26629683,0,0,0,0,0,0,0,0,,0.0,0.0,184.02672335256605,0
70771,Sucre - Sucre,Sucre,2024,33863.07,322542858.23,4.0,2387.7025,4074.8423916666666,313907.9749326904,0.0,33863.07,0.0,33863.07,1.0,0.0,606.0,254520.0,0.1330467939651108,0,0.0,0.0,0.0,0.0,0.0,,,barequeros,aluvión con barequeo,0.0,0.0,0.0,33442.0,76.8,1131.26629683,0,0,0,0,0,0,0,0,,0.0,0.0,181.2092578195084,0
70771,Sucre - Sucre,Sucre,2025,95364.89,1250886967.91,4.0,3441.505833333333,4051.7821666666655,445999.5059239138,0.0,95364.89,0.0,95364.89,1.0,0.0,606.0,254520.0,0.3746852506679239,0,0.0,0.0,0.0,0.0,0.0,,,barequeros,aluvión con barequeo,0.0,0.0,0.0,33927.0,77.02,1131.26629683,0,0,0,0,0,0,0,0,,0.0,0.0,178.61879918648862,0
73001,Ibague,Tolima,2023,55264.17,458347587.3299999,3.0,1942.6658333333332,4324.239683333333,269878.148573841,0.0,55264.17008675,0.0,55264.17008675,1.0,0.0,46.0,19320.0,2.860464290204451,0,0.0,0.0,0.0,0.0,0.0,,,barequeros,aluvión con barequeo,6.0,0.0,0.0,548695.0,7.24,1377.25137591,0,0,0,0,0,0,0,0,,0.0,0.4356503180863103,0.8383528189613538,0
73001,Ibague,Tolima,2024,0.0,0.0,0.0,2387.7025,4074.8423916666666,313907.9749326904,0.0,0.0,0.0,0.0,,,46.0,19320.0,0.0,0,0.0,0.0,0.0,0.0,0.0,,,barequeros,aluvión con barequeo,79.0,0.0,1.0,552035.0,7.25,1377.25137591,0,0,0,0,0,0,0,0,,0.0,5.736062521469752,0.8332804985191157,0
73001,Ibague,Tolima,2025,0.0,0.0,0.0,3441.505833333333,4051.7821666666655,445999.5059239138,0.0,0.0,0.0,0.0,,,46.0,19320.0,0.0,0,0.0,0.0,0.0,0.0,0.0,,,barequeros,aluvión con barequeo,107.0,8.0,9.0,554947.0,7.26,1377.25137591,0,0,0,0,0,0,0,0,,0.0,7.769097339205867,0.8289079858076537,0
73043,Anzoategui,Tolima,2023,1499.88,13745995.81,2.0,1942.6658333333332,4324.239683333333,269878.148573841,0.0,0.0,1499.879997,1499.879997,0.0,0.0,0.0,0.0,,0,0.0,0.0,0.0,0.0,0.0,,,otros,otros,0.0,0.0,0.0,10537.0,85.03,469.711325601,0,0,0,0,0,0,0,0,,0.0,0.0,0.0,0
73043,Anzoategui,Tolima,2024,0.0,0.0,0.0,2387.7025,4074.8423916666666,313907.9749326904,0.0,0.0,0.0,0.0,,,0.0,0.0,,0,0.0,0.0,0.0,0.0,0.0,,,otros,otros,0.0,0.0,0.0,10590.0,84.92,469.711325601,0,0,0,0,0,0,0,0,,0.0,0.0,0.0,0
73043,Anzoategui,Tolima,2025,0.0,0.0,0.0,3441.505833333333,4051.7821666666655,445999.5059239138,0.0,0.0,0.0,0.0,,,0.0,0.0,,0,0.0,0.0,0.0,0.0,0.0,,,otros,otros,0.0,0.0,0.0,10635.0,84.76,469.711325601,0,0,0,0,0,0,0,0,,0.0,0.0,0.0,0
73067,Ataco,Tolima,2023,29015.69,397163250.17,3.0,1942.6658333333332,4324.239683333333,269878.148573841,30515.69,0.0,0.0,30515.69,0.0,1.0,8.0,3360.0,0.0,0,17.111242,9.626247333333334,16.75124227,0.0,0.36,0.0210388001058017,,títulos,veta / títulos,6.0,9.0,0.0,20146.0,73.26,1017.65981094,1,2,0,0,0,0,2,1,SUR DEL TOLIMA,1.6814304560376179,0.5895879876063763,3.9710116152089743,1
73067,Ataco,Tolima,2024,61602.31,878247967.8999999,4.0,2387.7025,4074.8423916666666,313907.9749326904,61602.31,0.0,0.0,61602.31,0.0,1.0,8.0,3360.0,0.0,0,17.111242,9.626247333333334,16.75124227,0.0,0.36,0.0210388001058017,,títulos,veta / títulos,2.0,4.0,1.0,20279.0,73.01,1017.65981094,1,2,0,0,0,0,2,1,SUR DEL TOLIMA,1.6814304560376179,0.19652932920212543,3.9449677005769517,1
73067,Ataco,Tolima,2025,136882.61,2573428513.44,4.0,3441.505833333333,4051.7821666666655,445999.5059239138,136882.61000000002,0.0,0.0,136882.61000000002,0.0,1.0,8.0,3360.0,0.0,0,17.111242,9.626247333333334,16.75124227,0.0,0.36,0.0210388001058017,,títulos,veta / títulos,9.0,24.0,6.0,20461.0,72.67,1017.65981094,1,2,0,0,0,0,2,1,SUR DEL TOLIMA,1.6814304560376179,0.8843819814095645,3.9098773275988465,1
73124,Cajamarca,Tolima,2023,0.0,0.0,0.0,1942.6658333333332,4324.239683333333,269878.148573841,0.0,0.0,0.0,0.0,,,17.0,7140.0,0.0,0,0.0,0.0,0.0,0.0,0.0,,,sin declaración,registro sin volumen ni huella,0.0,0.0,0.0,19017.0,48.61,508.490910902,0,0,0,0,0,0,0,0,,0.0,0.0,8.939370037335015,0
73124,Cajamarca,Tolima,2024,0.0,0.0,0.0,2387.7025,4074.8423916666666,313907.9749326904,0.0,0.0,0.0,0.0,,,17.0,7140.0,0.0,0,0.0,0.0,0.0,0.0,0.0,,,sin declaración,registro sin volumen ni huella,0.0,0.0,0.0,19013.0,48.37,508.490910902,0,0,0,0,0,0,0,0,,0.0,0.0,8.941250723189397,0
73124,Cajamarca,Tolima,2025,31.0,324226.82,1.0,3441.505833333333,4051.7821666666655,445999.5059239138,0.0,0.0,0.0,0.0,,,17.0,7140.0,0.0,0,0.0,0.0,0.0,0.0,0.0,,,sin declaración,registro sin volumen ni huella,1.0,0.0,1.0,18986.0,48.08,508.490910902,0,0,0,0,0,0,0,0,,0.0,0.19666034899741344,8.953966080269673,0
73168,Chaparral,Tolima,2023,119718.71,1040622832.66,4.0,1942.6658333333332,4324.239683333333,269878.148573841,0.0,119718.71,0.0,119718.71,1.0,0.0,12.0,5040.0,23.753712301587303,0,8.448758,3.851252666666667,4.62375772,0.0,3.825,0.4527292650588406,,barequeros,aluvión con barequeo,3.0,5.0,1.0,52524.0,43.01,2102.06323598,2,4,0,0,0,0,4,1,SUR DEL TOLIMA,0.4019269190092236,0.1427169244316941,2.284669865204478,2
73168,Chaparral,Tolima,2024,11859.83,204325082.7,4.0,2387.7025,4074.8423916666666,313907.9749326904,0.0,11859.83,0.0,11859.83,1.0,0.0,12.0,5040.0,2.353140873015873,0,8.448758,3.851252666666667,4.62375772,0.0,3.825,0.4527292650588406,,barequeros,aluvión con barequeo,3.0,4.0,0.0,52842.0,42.95,2102.06323598,2,4,0,0,0,0,4,1,SUR DEL TOLIMA,0.4019269190092236,0.1427169244316941,2.2709208584080844,2
73168,Chaparral,Tolima,2025,188.84,319111743.61,4.0,3441.505833333333,4051.7821666666655,445999.5059239138,0.0,162.84,0.0,162.84,1.0,0.0,12.0,5040.0,0.0323095238095238,0,8.448758,3.851252666666667,4.62375772,0.0,3.825,0.4527292650588406,,barequeros,aluvión con barequeo,1.0,2.0,1.0,53132.0,42.9,2102.06323598,2,4,0,0,0,0,4,1,SUR DEL TOLIMA,0.4019269190092236,0.047572308143898026,2.258525935406158,2
73217,Coyaima,Tolima,2023,67063.08,596281229.0799999,4.0,1942.6658333333332,4324.239683333333,269878.148573841,0.0,67063.08,0.0,67063.08,1.0,0.0,45.0,18900.0,3.5483111111111114,0,31.162935,28.620145000000004,28.08180911,0.0,3.08112556,0.0988714817779519,10.712976285638163,barequeros,aluvión con barequeo,2.0,2.0,3.0,23516.0,82.3,669.05568706,1,1,0,0,0,0,1,0,,4.6577490637495105,0.29892877957416464,19.135907467256335,1
73217,Coyaima,Tolima,2024,10060.54,86485941.19999999,2.0,2387.7025,4074.8423916666666,313907.9749326904,899.74,9160.8,0.0,10060.54,0.910567424810199,0.0894325751898009,45.0,18900.0,0.4846984126984127,0,31.162935,28.620145000000004,28.08180911,0.0,3.08112556,0.0988714817779519,10.712976285638163,barequeros,aluvión con barequeo,1.0,0.0,0.0,23625.0,82.14,669.05568706,1,1,0,0,0,0,1,0,,4.6577490637495105,0.14946438978708232,19.047619047619047,1
73217,Coyaima,Tolima,2025,0.0,0.0,0.0,3441.505833333333,4051.7821666666655,445999.5059239138,0.0,0.0,0.0,0.0,,,45.0,18900.0,0.0,0,31.162935,28.620145000000004,28.08180911,0.0,3.08112556,0.0988714817779519,10.712976285638163,barequeros,aluvión con barequeo,1.0,8.0,1.0,23707.0,82.08,669.05568706,1,1,0,0,0,0,1,0,,4.6577490637495105,0.14946438978708232,18.981735352427552,1
73270,Falan,Tolima,2023,94152.51,739147797.64,4.0,1942.6658333333332,4324.239683333333,269878.148573841,57407.59,7595.43,29149.49,94152.51,0.0806715614910319,0.6097297884039417,1.0,420.0,18.084357142857144,0,0.0,0.0,0.0,0.0,0.0,,,otros,otros,4.0,12.0,1.0,7922.0,75.79,181.322213446,1,3,0,0,0,0,3,0,,0.0,2.2060176323576863,1.2623074981065388,1
73270,Falan,Tolima,2024,93533.45,836268715.2099999,4.0,2387.7025,4074.8423916666666,313907.9749326904,741.83,0.0,92791.62,93533.45,0.0,0.0079311732861345,1.0,420.0,0.0,0,0.0,0.0,0.0,0.0,0.0,,,otros,otros,2.0,2.0,0.0,7948.0,75.67,181.322213446,1,3,0,0,0,0,3,0,,0.0,1.1030088161788432,1.2581781580271767,1
73270,Falan,Tolima,2025,0.0,11791822.59,4.0,3441.505833333333,4051.7821666666655,445999.5059239138,0.0,0.0,0.0,0.0,,,1.0,420.0,0.0,0,0.0,0.0,0.0,0.0,0.0,,,otros,otros,0.0,0.0,0.0,7980.0,75.56,181.322213446,1,3,0,0,0,0,3,0,,0.0,0.0,1.2531328320802004,1
73408,Lerida,Tolima,2023,27670.28,243900685.79,4.0,1942.6658333333332,4324.239683333333,269878.148573841,0.0,27670.28,0.0,27670.28,1.0,0.0,0.0,0.0,,1,0.0,0.0,0.0,0.0,0.0,,,barequeros,aluvión con barequeo,1.0,0.0,0.0,18555.0,25.58,271.954476395,0,0,0,0,1,1,0,0,,0.0,0.36770860081286216,0.0,1
73408,Lerida,Tolima,2024,6751.34,55878287.440000005,2.0,2387.7025,4074.8423916666666,313907.9749326904,0.0,6751.34,0.0,6751.34,1.0,0.0,0.0,0.0,,1,0.0,0.0,0.0,0.0,0.0,,,barequeros,aluvión con barequeo,2.0,0.0,0.0,18514.0,25.47,271.954476395,0,0,0,0,1,1,0,0,,0.0,0.7354172016257243,0.0,1
73408,Lerida,Tolima,2025,0.0,0.0,0.0,3441.505833333333,4051.7821666666655,445999.5059239138,0.0,0.0,0.0,0.0,,,0.0,0.0,,0,0.0,0.0,0.0,0.0,0.0,,,barequeros,aluvión con barequeo,8.0,0.0,0.0,18483.0,25.49,271.954476395,0,0,0,0,1,1,0,0,,0.0,2.9416688065028973,0.0,1
73411,Libano,Tolima,2023,260030.27,2261776287.38,4.0,1942.6658333333332,4324.239683333333,269878.148573841,260030.26613552,0.0,0.0,260030.26613552,0.0,1.0,15.0,6300.0,0.0,0,0.0,0.0,0.0,0.0,0.0,,,títulos,veta / títulos,0.0,0.0,0.0,37413.0,35.83,282.372611982,4,10,0,0,1,1,14,0,,0.0,0.0,4.009301579664823,5
73411,Libano,Tolima,2024,174267.82,1677299156.02,4.0,2387.7025,4074.8423916666666,313907.9749326904,174267.82,0.0,0.0,174267.82,0.0,1.0,15.0,6300.0,0.0,0,0.0,0.0,0.0,0.0,0.0,,,títulos,veta / títulos,0.0,0.0,0.0,37508.0,35.8,282.372611982,4,10,0,0,1,1,14,0,,0.0,0.0,3.999146848672283,5
73411,Libano,Tolima,2025,186293.45,2093179690.84,4.0,3441.505833333333,4051.7821666666655,445999.5059239138,186293.45,0.0,0.0,186293.45,0.0,1.0,15.0,6300.0,0.0,0,0.0,0.0,0.0,0.0,0.0,,,títulos,veta / títulos,3.0,7.0,6.0,37588.0,35.77,282.372611982,4,10,0,0,1,1,14,0,,0.0,1.0624259835055236,3.9906353091412154,5
73443,Mariquita,Tolima,2023,34984.21,308459787.43,4.0,1942.6658333333332,4324.239683333333,269878.148573841,0.0,34984.214,0.0,34984.214,1.0,0.0,4.0,1680.0,20.823936904761904,0,0.0,0.0,0.0,0.0,0.0,,,barequeros,aluvión con barequeo,1.0,0.0,0.0,39801.0,26.37,293.343154108,0,0,0,0,0,0,0,0,,0.0,0.34089767768428314,1.0049998743750157,0
73443,Mariquita,Tolima,2024,3817.96,31581586.17,2.0,2387.7025,4074.8423916666666,313907.9749326904,0.0,3817.96,0.0,3817.96,1.0,0.0,4.0,1680.0,2.272595238095238,0,0.0,0.0,0.0,0.0,0.0,,,barequeros,aluvión con barequeo,2.0,5.0,3.0,40114.0,26.34,293.343154108,0,0,0,0,0,0,0,0,,0.0,0.6817953553685663,0.9971580994166626,0
73443,Mariquita,Tolima,2025,0.0,0.0,0.0,3441.505833333333,4051.7821666666655,445999.5059239138,0.0,0.0,0.0,0.0,,,4.0,1680.0,0.0,0,0.0,0.0,0.0,0.0,0.0,,,barequeros,aluvión con barequeo,3.0,0.0,0.0,40392.0,26.35,293.343154108,0,0,0,0,0,0,0,0,,0.0,1.0226930330528496,0.9902951079421667,0
73504,Ortega,Tolima,2023,35036.35,310294089.09000003,4.0,1942.6658333333332,4324.239683333333,269878.148573841,0.0,35036.35,0.0,35036.35,1.0,0.0,4.0,1680.0,20.85497023809524,0,0.0,0.0,0.0,0.0,0.0,,,barequeros,aluvión con barequeo,0.0,0.0,0.0,36081.0,79.16,953.80432451,0,0,0,0,0,0,0,0,,0.0,0.0,1.1086167234832738,0
73504,Ortega,Tolima,2024,6804.54,56371166.02,2.0,2387.7025,4074.8423916666666,313907.9749326904,0.0,6804.54,0.0,6804.54,1.0,0.0,4.0,1680.0,4.050321428571428,0,0.0,0.0,0.0,0.0,0.0,,,barequeros,aluvión con barequeo,1.0,0.0,0.0,36303.0,79.03,953.80432451,0,0,0,0,0,0,0,0,,0.0,0.10484330740623683,1.1018373137206292,0
73504,Ortega,Tolima,2025,0.0,0.0,0.0,3441.505833333333,4051.7821666666655,445999.5059239138,0.0,0.0,0.0,0.0,,,4.0,1680.0,0.0,0,0.0,0.0,0.0,0.0,0.0,,,barequeros,aluvión con barequeo,1.0,0.0,0.0,36466.0,78.91,953.80432451,0,0,0,0,0,0,0,0,,0.0,0.10484330740623683,1.0969121921790161,0
73686,Santa Isabel,Tolima,2023,0.0,0.0,0.0,1942.6658333333332,4324.239683333333,269878.148573841,0.0,0.0,0.0,0.0,,,0.0,0.0,,0,0.0,0.0,0.0,0.0,0.0,,,títulos,veta / títulos,0.0,0.0,0.0,5925.0,62.04,270.186622773,3,2,0,0,0,0,3,0,,0.0,0.0,0.0,3
73686,Santa Isabel,Tolima,2024,324.13,3588073.33,1.0,2387.7025,4074.8423916666666,313907.9749326904,324.13,0.0,0.0,324.13,0.0,1.0,0.0,0.0,,0,0.0,0.0,0.0,0.0,0.0,,,títulos,veta / títulos,0.0,0.0,0.0,5933.0,62.09,270.186622773,3,2,0,0,0,0,3,0,,0.0,0.0,0.0,3
73686,Santa Isabel,Tolima,2025,0.0,0.0,0.0,3441.505833333333,4051.7821666666655,445999.5059239138,0.0,0.0,0.0,0.0,,,0.0,0.0,,0,0.0,0.0,0.0,0.0,0.0,,,títulos,veta / títulos,2.0,3.0,2.0,5940.0,61.94,270.186622773,3,2,0,0,0,0,3,0,,0.0,0.7402290977523043,0.0,3
73861,Venadillo,Tolima,2023,13071.4,115807791.3,4.0,1942.6658333333332,4324.239683333333,269878.148573841,0.0,13071.4,0.0,13071.4,1.0,0.0,20.0,8400.0,1.5561190476190476,0,0.0,0.0,0.0,0.0,0.0,,,barequeros,aluvión con barequeo,0.0,0.0,0.0,13023.0,31.87,334.632774755,0,0,0,0,0,0,0,0,,0.0,0.0,15.357444521231667,0
73861,Venadillo,Tolima,2024,909.9,7521506.100000001,2.0,2387.7025,4074.8423916666666,313907.9749326904,0.0,909.9,0.0,909.9,1.0,0.0,20.0,8400.0,0.1083214285714285,0,0.0,0.0,0.0,0.0,0.0,,,barequeros,aluvión con barequeo,0.0,0.0,0.0,13031.0,31.78,334.632774755,0,0,0,0,0,0,0,0,,0.0,0.0,15.348016268897245,0
73861,Venadillo,Tolima,2025,0.0,0.0,0.0,3441.505833333333,4051.7821666666655,445999.5059239138,0.0,0.0,0.0,0.0,,,20.0,8400.0,0.0,0,0.0,0.0,0.0,0.0,0.0,,,barequeros,aluvión con barequeo,0.0,0.0,0.0,13072.0,31.7,334.632774755,0,0,0,0,0,0,0,0,,0.0,0.0,15.299877600979192,0
73870,Villahermosa,Tolima,2023,0.0,0.0,0.0,1942.6658333333332,4324.239683333333,269878.148573841,0.0,0.0,0.0,0.0,,,0.0,0.0,,0,0.0,0.0,0.0,0.0,0.0,,,sin declaración,registro sin volumen ni huella,0.0,0.0,0.0,9521.0,63.33,279.215549324,1,3,0,0,0,0,3,0,,0.0,0.0,0.0,1
73870,Villahermosa,Tolima,2024,0.0,54476165.870000005,2.0,2387.7025,4074.8423916666666,313907.9749326904,0.0,0.0,0.0,0.0,,,0.0,0.0,,0,0.0,0.0,0.0,0.0,0.0,,,sin declaración,registro sin volumen ni huella,0.0,0.0,0.0,9556.0,63.29,279.215549324,1,3,0,0,0,0,3,0,,0.0,0.0,0.0,1
73870,Villahermosa,Tolima,2025,0.0,134300997.95,4.0,3441.505833333333,4051.7821666666655,445999.5059239138,0.0,0.0,0.0,0.0,,,0.0,0.0,,0,0.0,0.0,0.0,0.0,0.0,,,sin declaración,registro sin volumen ni huella,0.0,0.0,0.0,9587.0,63.24,279.215549324,1,3,0,0,0,0,3,0,,0.0,0.0,0.0,1
76109,Buenaventura,Valle del Cauca,2023,0.0,0.0,0.0,1942.6658333333332,4324.239683333333,269878.148573841,0.0,0.0,0.0,0.0,,,225.0,94500.0,0.0,0,585.586555,594.6380183533333,0.45,0.03413992,585.10241076,0.9991732319742213,3.405256909574028,sin declaración,huella sin declaración,16.0,1.0,12.0,325233.0,22.51,6292.04789806,0,0,1,2,0,0,0,1,PACÍFICO MEDIO,9.30677204762779,0.2542892275968403,6.91811716523231,1
76109,Buenaventura,Valle del Cauca,2024,0.0,0.0,0.0,2387.7025,4074.8423916666666,313907.9749326904,0.0,0.0,0.0,0.0,,,225.0,94500.0,0.0,0,585.586555,594.6380183533333,0.45,0.03413992,585.10241076,0.9991732319742213,3.405256909574028,sin declaración,huella sin declaración,9.0,0.0,14.0,328686.0,22.25,6292.04789806,0,0,1,2,0,0,0,1,PACÍFICO MEDIO,9.30677204762779,0.14303769052322268,6.8454391121009115,1
76109,Buenaventura,Valle del Cauca,2025,0.0,0.0,0.0,3441.505833333333,4051.7821666666655,445999.5059239138,0.0,0.0,0.0,0.0,,,225.0,94500.0,0.0,0,585.586555,594.6380183533333,0.45,0.03413992,585.10241076,0.9991732319742213,3.405256909574028,sin declaración,huella sin declaración,11.0,1.0,10.0,332054.0,22.0,6292.04789806,0,0,1,2,0,0,0,1,PACÍFICO MEDIO,9.30677204762779,0.1748238439728277,6.7760063122263245,1
76126,Calima,Valle del Cauca,2023,0.0,0.0,0.0,1942.6658333333332,4324.239683333333,269878.148573841,0.0,0.0,0.0,0.0,,,0.0,0.0,,0,5.891083,8.758694333333333,0.0,0.0,5.89108316,1.0,-35.66930930930931,sin declaración,huella sin declaración,0.0,0.0,0.0,19054.0,34.84,793.497981718,0,0,0,0,0,0,0,0,,0.7424194056858512,0.0,0.0,0
76126,Calima,Valle del Cauca,2024,0.0,0.0,0.0,2387.7025,4074.8423916666666,313907.9749326904,0.0,0.0,0.0,0.0,,,0.0,0.0,,0,5.891083,8.758694333333333,0.0,0.0,5.89108316,1.0,-35.66930930930931,sin declaración,huella sin declaración,0.0,0.0,0.0,19194.0,34.62,793.497981718,0,0,0,0,0,0,0,0,,0.7424194056858512,0.0,0.0,0
76126,Calima,Valle del Cauca,2025,0.0,0.0,0.0,3441.505833333333,4051.7821666666655,445999.5059239138,0.0,0.0,0.0,0.0,,,0.0,0.0,,0,5.891083,8.758694333333333,0.0,0.0,5.89108316,1.0,-35.66930930930931,sin declaración,huella sin declaración,0.0,0.0,0.0,19313.0,34.3,793.497981718,0,0,0,0,0,0,0,0,,0.7424194056858512,0.0,0.0,0
76250,El Dovio,Valle del Cauca,2023,198.98,1646107.56,1.0,1942.6658333333332,4324.239683333333,269878.148573841,0.0,198.98,0.0,198.98,1.0,0.0,0.0,0.0,,1,0.0,0.0,0.0,0.0,0.0,,,barequeros,aluvión con barequeo,0.0,0.0,0.0,9192.0,36.18,236.188128489,0,0,0,0,0,0,0,0,,0.0,0.0,0.0,0
76250,El Dovio,Valle del Cauca,2024,110.93,907911.91,1.0,2387.7025,4074.8423916666666,313907.9749326904,0.0,110.93,0.0,110.93,1.0,0.0,0.0,0.0,,1,0.0,0.0,0.0,0.0,0.0,,,barequeros,aluvión con barequeo,0.0,0.0,0.0,9256.0,35.81,236.188128489,0,0,0,0,0,0,0,0,,0.0,0.0,0.0,0
76250,El Dovio,Valle del Cauca,2025,0.0,0.0,0.0,3441.505833333333,4051.7821666666655,445999.5059239138,0.0,0.0,0.0,0.0,,,0.0,0.0,,0,0.0,0.0,0.0,0.0,0.0,,,barequeros,aluvión con barequeo,1.0,0.0,0.0,9279.0,35.41,236.188128489,0,0,0,0,0,0,0,0,,0.0,0.4233913052266609,0.0,0
76364,Jamundi,Valle del Cauca,2023,4390.07,28807267.47,1.0,1942.6658333333332,4324.239683333333,269878.148573841,0.0,0.0,4390.07,4390.07,0.0,0.0,19.0,7980.0,0.0,0,0.0,0.0,0.0,0.0,0.0,,,otros,otros,0.0,0.0,0.0,185865.0,23.28,629.081407543,1,1,0,0,0,0,1,0,,0.0,0.0,1.0222473300513815,1
76364,Jamundi,Valle del Cauca,2024,7426.28,53374221.51,2.0,2387.7025,4074.8423916666666,313907.9749326904,0.0,0.0,7426.28,7426.28,0.0,0.0,19.0,7980.0,0.0,0,0.0,0.0,0.0,0.0,0.0,,,otros,otros,13.0,5.0,3.0,189878.0,23.39,629.081407543,1,1,0,0,0,0,1,0,,0.0,2.0665052001415893,1.0006425178272365,1
76364,Jamundi,Valle del Cauca,2025,0.0,0.0,0.0,3441.505833333333,4051.7821666666655,445999.5059239138,0.0,0.0,0.0,0.0,,,19.0,7980.0,0.0,0,0.0,0.0,0.0,0.0,0.0,,,otros,otros,4.0,0.0,0.0,193630.0,23.5,629.081407543,1,1,0,0,0,0,1,0,,0.0,0.6358477538897199,0.9812529050250478,1
86001,Mocoa,Putumayo,2023,0.0,0.0,0.0,1942.6658333333332,4324.239683333333,269878.148573841,0.0,0.0,0.0,0.0,,,1.0,420.0,0.0,0,84.746772,77.27973638666667,0.0,0.0,84.74677211,1.0,18.54840354662628,sin declaración,huella sin declaración,0.0,11.0,4.0,64386.0,30.41,1304.63788021,1,1,0,0,0,0,1,1,PUTUMAYO,6.495808015811928,0.0,0.15531326685925512,1
86001,Mocoa,Putumayo,2024,0.0,0.0,0.0,2387.7025,4074.8423916666666,313907.9749326904,0.0,0.0,0.0,0.0,,,1.0,420.0,0.0,0,84.746772,77.27973638666667,0.0,0.0,84.74677211,1.0,18.54840354662628,sin declaración,huella sin declaración,1.0,7.0,2.0,65766.0,30.17,1304.63788021,1,1,0,0,0,0,1,1,PUTUMAYO,6.495808015811928,0.0766496217202459,0.1520542529574552,1
86001,Mocoa,Putumayo,2025,0.0,0.0,0.0,3441.505833333333,4051.7821666666655,445999.5059239138,0.0,0.0,0.0,0.0,,,1.0,420.0,0.0,0,84.746772,77.27973638666667,0.0,0.0,84.74677211,1.0,18.54840354662628,sin declaración,huella sin declaración,8.0,0.0,7.0,67093.0,29.93,1304.63788021,1,1,0,0,0,0,1,1,PUTUMAYO,6.495808015811928,0.6131969737619672,0.14904684542351662,1
86320,Orito,Putumayo,2023,0.0,0.0,0.0,1942.6658333333332,4324.239683333333,269878.148573841,0.0,0.0,0.0,0.0,,,3.0,1260.0,0.0,0,20.113569,32.99202300333334,0.0,0.0,20.11356918,1.0,-61.04852287581699,sin declaración,huella sin declaración,0.0,0.0,3.0,38815.0,46.78,1939.32978877,0,0,0,0,0,0,0,1,PUTUMAYO,1.0371402077393357,0.0,0.7728970758727297,0
86320,Orito,Putumayo,2024,0.0,0.0,0.0,2387.7025,4074.8423916666666,313907.9749326904,0.0,0.0,0.0,0.0,,,3.0,1260.0,0.0,0,20.113569,32.99202300333334,0.0,0.0,20.11356918,1.0,-61.04852287581699,sin declaración,huella sin declaración,7.0,0.0,10.0,38938.0,46.51,1939.32978877,0,0,0,0,0,0,0,1,PUTUMAYO,1.0371402077393357,0.36094943936480645,0.7704555960758128,0
86320,Orito,Putumayo,2025,0.0,0.0,0.0,3441.505833333333,4051.7821666666655,445999.5059239138,0.0,0.0,0.0,0.0,,,3.0,1260.0,0.0,0,20.113569,32.99202300333334,0.0,0.0,20.11356918,1.0,-61.04852287581699,sin declaración,huella sin declaración,6.0,1.0,6.0,39069.0,46.24,1939.32978877,0,0,0,0,0,0,0,1,PUTUMAYO,1.0371402077393357,0.3093852337412627,0.7678722260615835,0
86568,Puerto Asís,Putumayo,2023,0.0,0.0,0.0,1942.6658333333332,4324.239683333333,269878.148573841,0.0,0.0,0.0,0.0,,,0.0,0.0,,0,25.77886,16.65885946,0.0,0.0,25.77885921,0.9999999693547348,138.33213763216054,sin declaración,huella sin declaración,0.0,0.0,2.0,70548.0,39.87,2819.15477639,0,0,0,0,0,0,0,1,PUTUMAYO,0.9144180452912378,0.0,0.0,0
86568,Puerto Asís,Putumayo,2024,0.0,0.0,0.0,2387.7025,4074.8423916666666,313907.9749326904,0.0,0.0,0.0,0.0,,,0.0,0.0,,0,25.77886,16.65885946,0.0,0.0,25.77885921,0.9999999693547348,138.33213763216054,sin declaración,huella sin declaración,2.0,3.0,1.0,71540.0,39.77,2819.15477639,0,0,0,0,0,0,0,1,PUTUMAYO,0.9144180452912378,0.07094324925859698,0.0,0
86568,Puerto Asís,Putumayo,2025,0.0,0.0,0.0,3441.505833333333,4051.7821666666655,445999.5059239138,0.0,0.0,0.0,0.0,,,0.0,0.0,,0,25.77886,16.65885946,0.0,0.0,25.77885921,0.9999999693547348,138.33213763216054,sin declaración,huella sin declaración,11.0,0.0,9.0,72516.0,39.68,2819.15477639,0,0,0,0,0,0,0,1,PUTUMAYO,0.9144180452912378,0.3901878709222834,0.0,0
86569,Puerto Caicedo,Putumayo,2023,0.0,0.0,0.0,1942.6658333333332,4324.239683333333,269878.148573841,0.0,0.0,0.0,0.0,,,0.0,0.0,,0,90.145583,89.30262154333333,0.0,0.0,90.14558328,1.0,-1.4706974329448783,sin declaración,huella sin declaración,1.0,0.0,0.0,17175.0,60.34,926.522784931,0,0,0,0,0,0,0,1,PUTUMAYO,9.729451284537307,0.10793042721280427,0.0,0
86569,Puerto Caicedo,Putumayo,2024,0.0,0.0,0.0,2387.7025,4074.8423916666666,313907.9749326904,0.0,0.0,0.0,0.0,,,0.0,0.0,,0,90.145583,89.30262154333333,0.0,0.0,90.14558328,1.0,-1.4706974329448783,sin declaración,huella sin declaración,9.0,1.0,31.0,17329.0,60.0,926.522784931,0,0,0,0,0,0,0,1,PUTUMAYO,9.729451284537307,0.9713738449152384,0.0,0
86569,Puerto Caicedo,Putumayo,2025,0.0,0.0,0.0,3441.505833333333,4051.7821666666655,445999.5059239138,0.0,0.0,0.0,0.0,,,0.0,0.0,,0,90.145583,89.30262154333333,0.0,0.0,90.14558328,1.0,-1.4706974329448783,sin declaración,huella sin declaración,11.0,7.0,28.0,17484.0,59.75,926.522784931,0,0,0,0,0,0,0,1,PUTUMAYO,9.729451284537307,1.187234699340847,0.0,0
86571,Puerto Guzman,Putumayo,2023,0.0,0.0,0.0,1942.6658333333332,4324.239683333333,269878.148573841,0.0,0.0,0.0,0.0,,,2.0,840.0,0.0,0,406.264826,324.0132962866667,0.0,5.1258492,401.13897536,0.9873829819567004,67.00474636275659,sin declaración,huella sin declaración,4.0,2.0,6.0,40257.0,85.83,4576.59155963,1,1,0,0,0,0,1,1,PUTUMAYO,8.877017332804,0.08740128866390219,0.49680800854509777,1
86571,Puerto Guzman,Putumayo,2024,0.0,0.0,0.0,2387.7025,4074.8423916666666,313907.9749326904,0.0,0.0,0.0,0.0,,,2.0,840.0,0.0,0,406.264826,324.0132962866667,0.0,5.1258492,401.13897536,0.9873829819567004,67.00474636275659,sin declaración,huella sin declaración,4.0,0.0,5.0,41134.0,85.63,4576.59155963,1,1,0,0,0,0,1,1,PUTUMAYO,8.877017332804,0.08740128866390219,0.48621578256430203,1
86571,Puerto Guzman,Putumayo,2025,0.0,0.0,0.0,3441.505833333333,4051.7821666666655,445999.5059239138,0.0,0.0,0.0,0.0,,,2.0,840.0,0.0,0,406.264826,324.0132962866667,0.0,5.1258492,401.13897536,0.9873829819567004,67.00474636275659,sin declaración,huella sin declaración,10.0,0.0,10.0,42038.0,85.35,4576.59155963,1,1,0,0,0,0,1,1,PUTUMAYO,8.877017332804,0.2185032216597555,0.4757600266425615,1
86885,Villagarzon,Putumayo,2023,0.0,0.0,0.0,1942.6658333333332,4324.239683333333,269878.148573841,0.0,0.0,0.0,0.0,,,3.0,1260.0,0.0,0,69.527232,61.23824399666666,16.38270509,9.98171469,43.16281296,0.6208044203456855,21.561730941788927,sin declaración,huella sin declaración,1.0,4.0,4.0,25270.0,39.12,1396.97600333,1,1,0,0,0,0,1,1,PUTUMAYO,4.9769811245337445,0.07158319095075934,1.187178472497032,1
86885,Villagarzon,Putumayo,2024,0.0,0.0,0.0,2387.7025,4074.8423916666666,313907.9749326904,0.0,0.0,0.0,0.0,,,3.0,1260.0,0.0,0,69.527232,61.23824399666666,16.38270509,9.98171469,43.16281296,0.6208044203456855,21.561730941788927,sin declaración,huella sin declaración,17.0,3.0,13.0,25576.0,38.82,1396.97600333,1,1,0,0,0,0,1,1,PUTUMAYO,4.9769811245337445,1.2169142461629088,1.1729746637472631,1
86885,Villagarzon,Putumayo,2025,0.0,0.0,0.0,3441.505833333333,4051.7821666666655,445999.5059239138,0.0,0.0,0.0,0.0,,,3.0,1260.0,0.0,0,69.527232,61.23824399666666,16.38270509,9.98171469,43.16281296,0.6208044203456855,21.561730941788927,sin declaración,huella sin declaración,6.0,0.0,24.0,25870.0,38.51,1396.97600333,1,1,0,0,0,0,1,1,PUTUMAYO,4.9769811245337445,0.4294991457045561,1.1596443757247779,1
91798,Tarapacá,Amazonas,2023,0.0,0.0,0.0,1942.6658333333332,4324.239683333333,269878.148573841,0.0,0.0,0.0,0.0,,,0.0,0.0,,0,7.164658,2.388219333333333,0.0,0.0,7.16465845,1.0,,sin declaración,huella sin declaración,0.0,0.0,6.0,3988.0,100.0,9195.87793559,0,0,0,0,0,0,0,0,,0.07791162573256058,0.0,0.0,0
91798,Tarapacá,Amazonas,2024,0.0,0.0,0.0,2387.7025,4074.8423916666666,313907.9749326904,0.0,0.0,0.0,0.0,,,0.0,0.0,,0,7.164658,2.388219333333333,0.0,0.0,7.16465845,1.0,,sin declaración,huella sin declaración,0.0,0.0,20.0,4018.0,100.0,9195.87793559,0,0,0,0,0,0,0,0,,0.07791162573256058,0.0,0.0,0
91798,Tarapacá,Amazonas,2025,0.0,0.0,0.0,3441.505833333333,4051.7821666666655,445999.5059239138,0.0,0.0,0.0,0.0,,,0.0,0.0,,0,7.164658,2.388219333333333,0.0,0.0,7.16465845,1.0,,sin declaración,huella sin declaración,0.0,0.0,46.0,4033.0,100.0,9195.87793559,0,0,0,0,0,0,0,0,,0.07791162573256058,0.0,0.0,0
94001,Inirida,Guainía,2023,59886.24,511344215.01,4.0,1942.6658333333332,4324.239683333333,269878.148573841,0.0,59886.24671999,0.0,59886.24671999,1.0,0.0,1.0,420.0,142.5863017142619,0,19.9125,16.724999999999998,0.0,0.0,19.9125,1.0,44.60784313725492,barequeros,aluvión con barequeo,0.0,13.0,17.0,37593.0,33.91,15970.1985923,0,0,0,0,0,0,0,0,,0.12468536245755124,0.0,0.2660069693825978,0
94001,Inirida,Guainía,2024,9582.78,79235063.26,3.0,2387.7025,4074.8423916666666,313907.9749326904,0.0,9582.78,0.0,9582.78,1.0,0.0,1.0,420.0,22.816142857142857,0,19.9125,16.724999999999998,0.0,0.0,19.9125,1.0,44.60784313725492,barequeros,aluvión con barequeo,0.0,11.0,6.0,38710.0,33.73,15970.1985923,0,0,0,0,0,0,0,0,,0.12468536245755124,0.0,0.25833118057349524,0
94001,Inirida,Guainía,2025,0.0,0.0,0.0,3441.505833333333,4051.7821666666655,445999.5059239138,0.0,0.0,0.0,0.0,,,1.0,420.0,0.0,0,19.9125,16.724999999999998,0.0,0.0,19.9125,1.0,44.60784313725492,barequeros,aluvión con barequeo,15.0,13.0,0.0,39735.0,33.57,15970.1985923,0,0,0,0,0,0,0,0,,0.12468536245755124,0.09392494347084838,0.25166729583490627,0
94884,Puerto Colombia,Guainía,2023,0.0,0.0,0.0,1942.6658333333332,4324.239683333333,269878.148573841,0.0,0.0,0.0,0.0,,,0.0,0.0,,0,74.659164,60.577757383333335,0.0,0.0,74.65916222999999,0.9999999762922605,49.343393406856585,sin declaración,huella sin declaración,0.0,0.0,0.0,1955.0,100.0,15700.7128072,0,0,0,0,0,0,0,0,,0.4755144872515786,0.0,0.0,0
94884,Puerto Colombia,Guainía,2024,0.0,0.0,0.0,2387.7025,4074.8423916666666,313907.9749326904,0.0,0.0,0.0,0.0,,,0.0,0.0,,0,74.659164,60.577757383333335,0.0,0.0,74.65916222999999,0.9999999762922605,49.343393406856585,sin declaración,huella sin declaración,0.0,0.0,0.0,1971.0,100.0,15700.7128072,0,0,0,0,0,0,0,0,,0.4755144872515786,0.0,0.0,0
94884,Puerto Colombia,Guainía,2025,0.0,0.0,0.0,3441.505833333333,4051.7821666666655,445999.5059239138,0.0,0.0,0.0,0.0,,,0.0,0.0,,0,74.659164,60.577757383333335,0.0,0.0,74.65916222999999,0.9999999762922605,49.343393406856585,sin declaración,huella sin declaración,0.0,0.0,0.0,1983.0,100.0,15700.7128072,0,0,0,0,0,0,0,0,,0.4755144872515786,0.0,0.0,0
94887,Pana Pana,Guainía,2023,0.0,0.0,0.0,1942.6658333333332,4324.239683333333,269878.148573841,0.0,0.0,0.0,0.0,,,0.0,0.0,,0,103.267442,92.94611129333332,0.0,0.0,103.26744069,0.9999999873144916,18.46890803493264,sin declaración,huella sin declaración,0.0,0.0,0.0,1990.0,100.0,10227.1469658,0,0,0,0,0,0,0,0,,1.0097385159842776,0.0,0.0,0
94887,Pana Pana,Guainía,2024,0.0,0.0,0.0,2387.7025,4074.8423916666666,313907.9749326904,0.0,0.0,0.0,0.0,,,0.0,0.0,,0,103.267442,92.94611129333332,0.0,0.0,103.26744069,0.9999999873144916,18.46890803493264,sin declaración,huella sin declaración,0.0,0.0,0.0,2001.0,100.0,10227.1469658,0,0,0,0,0,0,0,0,,1.0097385159842776,0.0,0.0,0
94887,Pana Pana,Guainía,2025,0.0,0.0,0.0,3441.505833333333,4051.7821666666655,445999.5059239138,0.0,0.0,0.0,0.0,,,0.0,0.0,,0,103.267442,92.94611129333332,0.0,0.0,103.26744069,0.9999999873144916,18.46890803493264,sin declaración,huella sin declaración,0.0,0.0,0.0,2011.0,100.0,10227.1469658,0,0,0,0,0,0,0,0,,1.0097385159842776,0.0,0.0,0
99001,Puerto Carreño,Vichada,2023,508.03,4015781.82,1.0,1942.6658333333332,4324.239683333333,269878.148573841,0.0,508.032,0.0,508.032,1.0,0.0,13.0,5460.0,0.0930461538461538,0,0.0,0.0,0.0,0.0,0.0,,,barequeros,aluvión con barequeo,0.0,0.0,1.0,23536.0,24.45,12204.9132033,0,0,0,0,0,0,0,0,,0.0,0.0,5.523453433038749,0
99001,Puerto Carreño,Vichada,2024,0.0,0.0,0.0,2387.7025,4074.8423916666666,313907.9749326904,0.0,0.0,0.0,0.0,,,13.0,5460.0,0.0,0,0.0,0.0,0.0,0.0,0.0,,,barequeros,aluvión con barequeo,4.0,1.0,0.0,23959.0,24.48,12204.9132033,0,0,0,0,0,0,0,0,,0.0,0.03277368657499726,5.425935973955507,0
99001,Puerto Carreño,Vichada,2025,0.0,0.0,0.0,3441.505833333333,4051.7821666666655,445999.5059239138,0.0,0.0,0.0,0.0,,,13.0,5460.0,0.0,0,0.0,0.0,0.0,0.0,0.0,,,barequeros,aluvión con barequeo,3.0,0.0,0.0,24341.0,24.51,12204.9132033,0,0,0,0,0,0,0,0,,0.0,0.02458026493124794,5.340783040959698,0
