"codigo_dane","nombre_municipio","a_o_liquidado","trimestre","regalias_pagadas","volumenes_de_explotacion"
"05001","Medellin","2012","Trimestre 1","54,337,944.14","16,516.73"
"05001","Medellin","2023","Trimestre 1","6,525,312.08","736.07"
"05001","Medellin","2012","Trimestre 1","61,057,047.34","19,375.35"
"05001","Medellin","2012","Trimestre 1","78,266,238.03","24,476.81"
"05001","Medellin","2024","Trimestre 1","743,729.88","90.87"
"05001","Medellin","2023","Trimestre 3","479,226.79","56.96"
"05001","Medellin","2023","Trimestre 4","12,797,199.65","1,617.94"
"05001","Medellin","2024","Trimestre 4","2,167,584.40","184.07"
"05001","Medellin","2023","Trimestre 4","2,494,806.69","306.14"
"05001","Medellin","2025","Trimestre 4","1,591,963.32","100.16"
"05002","Abejorral","2013","Trimestre 1","603,236.84","193.45"
"05002","Abejorral","2016","Trimestre 1","792,962.96","221.63"
"05002","Abejorral","2014","Trimestre 1","580,477.72","231.31"
"05002","Abejorral","2016","Trimestre 1","4,441,859.35","1,198.52"
"05002","Abejorral","2017","Trimestre 1","840,290.16","232.91"
"05002","Abejorral","2016","Trimestre 1","4,712,722.61","1,155.08"
"05002","Abejorral","2020","Trimestre 1","133,820.45","25.14"
"05002","Abejorral","2015","Trimestre 2","7,198,211.12","2,295.33"
"05002","Abejorral","2016","Trimestre 2","824,384.98","204.63"
"05002","Abejorral","2016","Trimestre 2","488,023.19","127.34"
"05002","Abejorral","2016","Trimestre 2","3,787,105.32","976.20"
"05002","Abejorral","2016","Trimestre 3","1,704,467.70","433.68"
"05002","Abejorral","2013","Trimestre 3","2,719,464.62","1,080.00"
"05002","Abejorral","2015","Trimestre 3","5,187,656.50","1,633.10"
"05002","Abejorral","2016","Trimestre 3","794,043.40","197.85"
"05002","Abejorral","2012","Trimestre 3","1,701,014.13","563.13"
"05002","Abejorral","2016","Trimestre 3","1,614,236.18","394.51"
"05002","Abejorral","2012","Trimestre 4","506,358.95","156.46"
"05002","Abejorral","2015","Trimestre 4","9,259,776.70","2,604.73"
"05002","Abejorral","2016","Trimestre 4","2,641,046.19","662.84"
"05002","Abejorral","2013","Trimestre 4","1,358,938.06","532.05"
"05002","Abejorral","2016","Trimestre 4","2,389,983.51","606.00"
"05002","Abejorral","2012","Trimestre 4","1,233,199.24","377.71"
"05002","Abejorral","2015","Trimestre 4","424,326.30","126.79"
"05002","Abejorral","2016","Trimestre 4","905,675.47","229.42"
"05004","Abriaqui","2012","Trimestre 1","493,046.84","149.87"
"05004","Abriaqui","2013","Trimestre 1","425,711.52","136.52"
"05004","Abriaqui","2014","Trimestre 1","1,231,280.74","504.79"
"05004","Abriaqui","2018","Trimestre 1","14,609,831.43","3,757.21"
"05004","Abriaqui","2022","Trimestre 1","1,558,939.31","214.19"
"05004","Abriaqui","2023","Trimestre 1","825,783.93","93.38"
"05004","Abriaqui","2012","Trimestre 1","624,658.38","198.22"
"05004","Abriaqui","2013","Trimestre 1","793,626.23","260.82"
"05004","Abriaqui","2014","Trimestre 1","394,070.37","157.03"
"05004","Abriaqui","2023","Trimestre 1","240,772.37","26.27"
"05004","Abriaqui","2012","Trimestre 1","1,129,812.12","353.34"
"05004","Abriaqui","2013","Trimestre 1","2,079,447.14","693.23"
"05004","Abriaqui","2014","Trimestre 1","487,240.99","178.41"
"05004","Abriaqui","2018","Trimestre 1","10,855,451.46","2,770.52"
"05004","Abriaqui","2020","Trimestre 1","18,310,149.59","3,378.00"
"05004","Abriaqui","2021","Trimestre 1","23,694,826.47","3,550.55"
"05004","Abriaqui","2022","Trimestre 1","35,151,768.38","4,686.42"
"05004","Abriaqui","2023","Trimestre 1","846,017.37","91.93"
"05004","Abriaqui","2012","Trimestre 2","218,399.80","71.82"
"05004","Abriaqui","2013","Trimestre 2","1,082,888.91","364.71"
"05004","Abriaqui","2014","Trimestre 2","537,063.66","193.31"
"05004","Abriaqui","2018","Trimestre 2","18,330,247.93","4,721.04"
"05004","Abriaqui","2023","Trimestre 2","139,392.18","15.02"
"05004","Abriaqui","2013","Trimestre 2","865,505.14","309.55"
"05004","Abriaqui","2023","Trimestre 2","61,061.64","6.51"
"05004","Abriaqui","2012","Trimestre 2","44,026.14","15.04"
"05004","Abriaqui","2013","Trimestre 2","2,923,702.29","1,087.93"
"05004","Abriaqui","2014","Trimestre 2","344,351.26","132.87"
"05004","Abriaqui","2015","Trimestre 2","9,186,757.44","3,181.01"
"05004","Abriaqui","2019","Trimestre 2","20,733,498.93","5,167.93"
"05004","Abriaqui","2021","Trimestre 2","11,207,471.97","1,700.09"
"05004","Abriaqui","2022","Trimestre 2","12,374,350.93","1,625.89"
"05004","Abriaqui","2013","Trimestre 3","1,389,478.31","527.01"
"05004","Abriaqui","2023","Trimestre 3","68,808.30","7.39"
"05004","Abriaqui","2012","Trimestre 3","1,874,118.83","640.54"
"05004","Abriaqui","2013","Trimestre 3","1,347,696.16","535.22"
"05004","Abriaqui","2023","Trimestre 3","655,476.80","78.68"
"05004","Abriaqui","2012","Trimestre 3","2,933,768.34","971.24"
"05004","Abriaqui","2013","Trimestre 3","730,147.43","276.91"
"05004","Abriaqui","2020","Trimestre 3","80,993,872.87","11,673.68"
"05004","Abriaqui","2021","Trimestre 3","17,274,313.87","2,449.22"
"05004","Abriaqui","2022","Trimestre 3","15,488,132.57","2,109.30"
"05004","Abriaqui","2023","Trimestre 3","181,989.51","22.65"
"05004","Abriaqui","2012","Trimestre 4","2,265,054.96","699.88"
"05004","Abriaqui","2013","Trimestre 4","1,444,339.91","542.30"
"05004","Abriaqui","2012","Trimestre 4","486,835.60","150.07"
"05004","Abriaqui","2013","Trimestre 4","3,981,493.13","1,558.83"
"05004","Abriaqui","2012","Trimestre 4","1,138,418.52","353.13"
"05004","Abriaqui","2013","Trimestre 4","5,394,101.72","2,138.19"
"05004","Abriaqui","2017","Trimestre 4","6,191,780.80","1,556.89"
"05004","Abriaqui","2019","Trimestre 4","5,887,412.22","1,129.43"
"05004","Abriaqui","2020","Trimestre 4","44,845,037.86","6,077.13"
"05004","Abriaqui","2021","Trimestre 4","41,489,923.70","5,918.27"
"05004","Abriaqui","2022","Trimestre 4","4,391,791.92","543.64"
"05021","Alejandria","2013","Trimestre 2","9,316,586.60","3,466.77"
"05021","Alejandria","2013","Trimestre 4","2,629,201.71","1,042.20"
"05031","Amalfi","2026","Trimestre 1","72,620,630.12","4,594.37"
"05031","Amalfi","2026","Trimestre 3","1,344,856.82","152.99"
"05031","Amalfi","2026","Trimestre 2","12,870,064.16","965.86"
"05031","Amalfi","2012","Trimestre 1","30,154,817.30","9,165.95"
"05031","Amalfi","2013","Trimestre 1","71,533,426.98","22,542.96"
"05031","Amalfi","2014","Trimestre 1","111,946,745.46","45,647.59"
"05031","Amalfi","2015","Trimestre 1","23,101,186.74","7,974.67"
"05031","Amalfi","2016","Trimestre 1","168,929,713.42","47,214.82"
"05031","Amalfi","2017","Trimestre 1","80,616,869.20","25,069.21"
"05031","Amalfi","2018","Trimestre 1","53,256,337.69","10,064.54"
"05031","Amalfi","2019","Trimestre 1","23,256,103.63","6,331.70"
"05031","Amalfi","2022","Trimestre 1","1,204,221.26","165.46"
"05031","Amalfi","2023","Trimestre 1","61,140,056.29","6,896.74"
"05031","Amalfi","2025","Trimestre 1","8,958,916.84","693.32"
"05031","Amalfi","2026","Trimestre 1","2,431,183.07","289.54"
"05031","Amalfi","2012","Trimestre 1","42,891,722.26","13,234.73"
"05031","Amalfi","2013","Trimestre 1","29,245,614.79","9,026.43"
"05031","Amalfi","2014","Trimestre 1","95,227,674.69","37,946.53"
"05031","Amalfi","2015","Trimestre 1","15,583,002.86","5,163.40"
"05031","Amalfi","2016","Trimestre 1","266,282,575.20","71,960.32"
"05031","Amalfi","2017","Trimestre 1","141,668,353.93","40,555.12"
"05031","Amalfi","2018","Trimestre 1","33,734,031.11","8,615.92"
"05031","Amalfi","2019","Trimestre 1","56,421,529.12","14,489.32"
"05031","Amalfi","2023","Trimestre 1","241,067,063.00","24,915.42"
"05031","Amalfi","2024","Trimestre 1","101,602,580.20","11,957.06"
"05031","Amalfi","2025","Trimestre 1","4,568,064.17","351.51"
"05031","Amalfi","2012","Trimestre 1","81,072,556.60","21,792.19"
"05031","Amalfi","2013","Trimestre 1","47,559,571.16","15,322.80"
"05031","Amalfi","2014","Trimestre 1","290,783,813.17","106,474.50"
"05031","Amalfi","2015","Trimestre 1","7,136,121.78","2,334.77"
"05031","Amalfi","2016","Trimestre 1","311,635,761.53","76,747.65"
"05031","Amalfi","2017","Trimestre 1","246,767,258.44","69,296.84"
"05031","Amalfi","2018","Trimestre 1","136,543,279.60","29,005.39"
"05031","Amalfi","2019","Trimestre 1","44,663,590.24","11,081.86"
"05031","Amalfi","2020","Trimestre 1","516,806,843.45","83,167.76"
"05031","Amalfi","2021","Trimestre 1","289,650,327.60","45,123.44"
"05031","Amalfi","2022","Trimestre 1","334,561,619.58","46,219.03"
"05031","Amalfi","2023","Trimestre 1","171,289,643.53","17,820.09"
"05031","Amalfi","2024","Trimestre 1","78,227,400.85","9,543.48"
"05031","Amalfi","2025","Trimestre 1","18,762,725.90","707.27"
"05031","Amalfi","2026","Trimestre 1","8,611,227.26","914.89"
"05031","Amalfi","2012","Trimestre 2","163,084,687.43","53,182.85"
"05031","Amalfi","2013","Trimestre 2","73,175,879.35","24,111.44"
"05031","Amalfi","2014","Trimestre 2","210,846,356.82","75,891.77"
"05031","Amalfi","2015","Trimestre 2","26,647,356.78","8,622.74"
"05031","Amalfi","2016","Trimestre 2","341,831,783.22","83,972.34"
"05031","Amalfi","2017","Trimestre 2","140,326,800.69","38,746.11"
"05031","Amalfi","2018","Trimestre 2","138,431,773.90","34,570.48"
"05031","Amalfi","2023","Trimestre 2","207,443,505.80","21,015.64"
"05031","Amalfi","2024","Trimestre 2","35,597,528.88","4,159.44"
"05031","Amalfi","2026","Trimestre 2","23,237,218.31","1,577.84"
"05031","Amalfi","2012","Trimestre 2","87,559,712.28","28,719.75"
"05031","Amalfi","2013","Trimestre 2","49,167,818.88","16,747.01"
"05031","Amalfi","2014","Trimestre 2","87,254,804.74","33,667.79"
"05031","Amalfi","2015","Trimestre 2","5,993,262.55","1,948.85"
"05031","Amalfi","2016","Trimestre 2","231,221,172.30","59,483.09"
"05031","Amalfi","2017","Trimestre 2","132,436,999.19","36,462.79"
"05031","Amalfi","2018","Trimestre 2","216,618,440.86","56,941.76"
"05031","Amalfi","2023","Trimestre 2","192,497,954.40","19,166.26"
"05031","Amalfi","2024","Trimestre 2","26,585,119.42","2,564.41"
"05031","Amalfi","2026","Trimestre 2","23,757,055.62","1,530.03"
"05031","Amalfi","2012","Trimestre 2","141,004,144.87","47,828.96"
"05031","Amalfi","2013","Trimestre 2","27,135,129.22","10,089.70"
"05031","Amalfi","2014","Trimestre 2","65,337,861.33","25,736.46"
"05031","Amalfi","2015","Trimestre 2","369,996,519.45","122,661.44"
"05031","Amalfi","2016","Trimestre 2","221,403,878.61","59,344.01"
"05031","Amalfi","2017","Trimestre 2","152,953,543.10","42,382.05"
"05031","Amalfi","2018","Trimestre 2","250,942,578.23","59,289.90"
"05031","Amalfi","2019","Trimestre 2","129,932,986.40","34,812.60"
"05031","Amalfi","2020","Trimestre 2","629,099,535.73","88,201.49"
"05031","Amalfi","2021","Trimestre 2","675,596,931.38","105,101.40"
"05031","Amalfi","2022","Trimestre 2","660,227,359.54","88,618.92"
"05031","Amalfi","2023","Trimestre 2","124,181,390.00","12,886.41"
"05031","Amalfi","2025","Trimestre 2","33,396,363.52","2,343.14"
"05031","Amalfi","2026","Trimestre 2","22,541,908.13","1,635.91"
"05031","Amalfi","2012","Trimestre 3","96,190,033.03","32,022.26"
"05031","Amalfi","2013","Trimestre 3","75,386,692.53","27,924.18"
"05031","Amalfi","2014","Trimestre 3","95,688,115.93","38,508.28"
"05031","Amalfi","2015","Trimestre 3","68,589,974.53","22,161.57"
"05031","Amalfi","2016","Trimestre 3","186,140,207.88","49,069.44"
"05031","Amalfi","2017","Trimestre 3","84,727,291.59","22,928.60"
"05031","Amalfi","2018","Trimestre 3","169,271,756.40","46,025.08"
"05031","Amalfi","2023","Trimestre 3","50,026,644.28","5,242.94"
"05031","Amalfi","2024","Trimestre 3","54,963,771.37","5,102.20"
"05031","Amalfi","2025","Trimestre 3","12,458,942.14","987.17"
"05031","Amalfi","2026","Trimestre 3","23,150,141.68","1,567.89"
"05031","Amalfi","2012","Trimestre 3","106,939,356.95","35,803.44"
"05031","Amalfi","2013","Trimestre 3","82,715,361.92","32,568.17"
"05031","Amalfi","2014","Trimestre 3","69,361,834.08","27,671.57"
"05031","Amalfi","2015","Trimestre 3","81,757,200.95","25,737.56"
"05031","Amalfi","2016","Trimestre 3","116,687,639.21","29,411.05"
"05031","Amalfi","2017","Trimestre 3","86,958,736.36","22,919.41"
"05031","Amalfi","2018","Trimestre 3","115,031,776.50","32,179.85"
"05031","Amalfi","2023","Trimestre 3","34,617,915.10","3,637.87"
"05031","Amalfi","2024","Trimestre 3","18,373,280.90","1,608.13"
"05031","Amalfi","2025","Trimestre 3","8,279,673.52","742.08"
"05031","Amalfi","2012","Trimestre 3","89,306,730.64","28,676.93"
"05031","Amalfi","2013","Trimestre 3","38,008,612.57","14,337.22"
"05031","Amalfi","2014","Trimestre 3","87,941,603.79","34,769.62"
"05031","Amalfi","2015","Trimestre 3","120,366,249.38","34,974.91"
"05031","Amalfi","2016","Trimestre 3","107,491,283.46","28,608.34"
"05031","Amalfi","2017","Trimestre 3","69,672,190.36","18,141.93"
"05031","Amalfi","2018","Trimestre 3","102,671,905.30","29,225.09"
"05031","Amalfi","2019","Trimestre 3","291,210,461.10","64,879.48"
"05031","Amalfi","2020","Trimestre 3","624,480,693.41","74,610.14"
"05031","Amalfi","2021","Trimestre 3","466,113,882.85","68,367.61"
"05031","Amalfi","2022","Trimestre 3","445,348,565.36","58,611.69"
"05031","Amalfi","2023","Trimestre 3","23,480,848.93","2,878.06"
"05031","Amalfi","2024","Trimestre 3","50,135,371.02","4,162.26"
"05031","Amalfi","2025","Trimestre 3","15,494,695.76","1,298.71"
"05031","Amalfi","2012","Trimestre 4","93,952,575.73","27,642.04"
"05031","Amalfi","2013","Trimestre 4","120,150,402.46","45,112.35"
"05031","Amalfi","2014","Trimestre 4","78,039,218.93","31,063.16"
"05031","Amalfi","2015","Trimestre 4","163,609,993.45","46,153.38"
"05031","Amalfi","2016","Trimestre 4","174,512,931.32","45,028.71"
"05031","Amalfi","2017","Trimestre 4","152,083,487.30","39,630.53"
"05031","Amalfi","2018","Trimestre 4","113,063,119.50","30,847.96"
"05031","Amalfi","2023","Trimestre 4","39,472,931.22","4,639.14"
"05031","Amalfi","2024","Trimestre 4","80,389,623.48","7,341.22"
"05031","Amalfi","2025","Trimestre 4","7,655,276.21","1,062.72"
"05031","Amalfi","2012","Trimestre 4","85,709,907.63","25,558.15"
"05031","Amalfi","2013","Trimestre 4","107,633,809.88","42,013.90"
"05031","Amalfi","2014","Trimestre 4","65,573,317.05","25,468.61"
"05031","Amalfi","2015","Trimestre 4","117,991,029.10","33,579.36"
"05031","Amalfi","2016","Trimestre 4","105,187,960.95","32,310.91"
"05031","Amalfi","2017","Trimestre 4","94,062,620.57","32,853.76"
"05031","Amalfi","2018","Trimestre 4","78,112,625.20","21,906.80"
"05031","Amalfi","2024","Trimestre 4","8,291,485.31","536.25"
"05031","Amalfi","2025","Trimestre 4","37,557,432.49","2,798.81"
"05031","Amalfi","2012","Trimestre 4","126,003,644.11","38,600.25"
"05031","Amalfi","2013","Trimestre 4","91,112,477.74","36,116.45"
"05031","Amalfi","2014","Trimestre 4","85,443,808.48","33,209.47"
"05031","Amalfi","2015","Trimestre 4","364,952,937.23","108,939.24"
"05031","Amalfi","2016","Trimestre 4","127,023,785.23","34,752.22"
"05031","Amalfi","2017","Trimestre 4","188,947,936.88","43,152.30"
"05031","Amalfi","2018","Trimestre 4","71,682,116.79","18,733.93"
"05031","Amalfi","2019","Trimestre 4","782,190,697.80","122,542.69"
"05031","Amalfi","2020","Trimestre 4","649,172,100.12","79,593.02"
"05031","Amalfi","2021","Trimestre 4","698,178,873.90","102,667.20"
"05031","Amalfi","2022","Trimestre 4","363,175,041.87","44,311.34"
"05031","Amalfi","2023","Trimestre 4","115,604,275.47","13,868.57"
"05031","Amalfi","2024","Trimestre 4","26,799,686.80","2,176.47"
"05031","Amalfi","2025","Trimestre 4","152,731,617.10","9,602.70"
"05034","Andes","2026","Trimestre 3","8,560,424.80","717.67"
"05034","Andes","2012","Trimestre 1","3,910,771.92","1,188.73"
"05034","Andes","2013","Trimestre 1","4,022,711.90","1,290.03"
"05034","Andes","2014","Trimestre 1","2,276,963.21","933.49"
"05034","Andes","2016","Trimestre 1","43,468,180.51","12,149.09"
"05034","Andes","2023","Trimestre 1","5,657,509.09","729.81"
"05034","Andes","2025","Trimestre 1","18,843,335.05","1,702.22"
"05034","Andes","2026","Trimestre 1","29,103,355.87","2,308.19"
"05034","Andes","2012","Trimestre 1","190,983.07","55.35"
"05034","Andes","2013","Trimestre 1","10,641,991.55","3,497.42"
"05034","Andes","2014","Trimestre 1","3,452,626.56","1,375.81"
"05034","Andes","2016","Trimestre 1","292,497,562.40","78,922.58"
"05034","Andes","2023","Trimestre 1","37,955,826.10","5,027.15"
"05034","Andes","2025","Trimestre 1","29,294,459.32","3,646.11"
"05034","Andes","2012","Trimestre 1","1,429,622.34","447.10"
"05034","Andes","2013","Trimestre 1","5,466,419.47","1,822.35"
"05034","Andes","2014","Trimestre 1","12,609,466.99","4,617.13"
"05034","Andes","2016","Trimestre 1","254,026,809.44","61,292.54"
"05034","Andes","2020","Trimestre 1","56,538,311.48","10,759.64"
"05034","Andes","2021","Trimestre 1","141,253,219.30","20,189.80"
"05034","Andes","2022","Trimestre 1","238,067,998.78","33,930.60"
"05034","Andes","2023","Trimestre 1","313,382,745.10","41,301.19"
"05034","Andes","2024","Trimestre 1","19,756,295.27","2,121.01"
"05034","Andes","2025","Trimestre 1","92,564,349.61","10,706.91"
"05034","Andes","2012","Trimestre 2","417,105.97","137.16"
"05034","Andes","2013","Trimestre 2","8,683,004.76","2,924.38"
"05034","Andes","2014","Trimestre 2","5,714,861.90","2,057.00"
"05034","Andes","2015","Trimestre 2","22,582,900.24","7,388.59"
"05034","Andes","2016","Trimestre 2","235,623,297.57","58,487.33"
"05034","Andes","2023","Trimestre 2","235,949,077.10","30,468.36"
"05034","Andes","2024","Trimestre 2","203,205,940.30","24,656.75"
"05034","Andes","2025","Trimestre 2","87,609,021.47","8,636.00"
"05034","Andes","2026","Trimestre 2","18,638,947.25","1,550.40"
"05034","Andes","2012","Trimestre 2","4,683,162.71","1,552.23"
"05034","Andes","2013","Trimestre 2","122,241.59","43.72"
"05034","Andes","2015","Trimestre 2","11,848,959.82","3,811.76"
"05034","Andes","2016","Trimestre 2","217,675,142.30","56,793.57"
"05034","Andes","2023","Trimestre 2","208,387,806.00","26,064.45"
"05034","Andes","2024","Trimestre 2","81,007,249.74","9,802.96"
"05034","Andes","2012","Trimestre 2","4,376,356.47","1,495.03"
"05034","Andes","2013","Trimestre 2","5,017,686.94","1,867.12"
"05034","Andes","2015","Trimestre 2","61,424,857.50","20,154.21"
"05034","Andes","2016","Trimestre 2","183,575,619.20","47,320.28"
"05034","Andes","2019","Trimestre 2","6,831,749.29","1,563.67"
"05034","Andes","2020","Trimestre 2","47,544,770.91","8,166.38"
"05034","Andes","2021","Trimestre 2","163,036,305.99","23,645.81"
"05034","Andes","2022","Trimestre 2","70,600,294.19","9,693.83"
"05034","Andes","2023","Trimestre 2","306,771,065.80","34,330.01"
"05034","Andes","2025","Trimestre 2","148,835,920.14","13,243.93"
"05034","Andes","2012","Trimestre 3","5,113,267.60","1,740.78"
"05034","Andes","2013","Trimestre 3","17,197,618.44","6,522.82"
"05034","Andes","2014","Trimestre 3","164,076.05","66.03"
"05034","Andes","2015","Trimestre 3","25,005,500.51","8,045.97"
"05034","Andes","2016","Trimestre 3","168,240,806.53","42,806.93"
"05034","Andes","2023","Trimestre 3","224,097,084.80","24,098.87"
"05034","Andes","2024","Trimestre 3","146,868,523.20","17,925.97"
"05034","Andes","2025","Trimestre 3","63,903,565.66","5,712.98"
"05034","Andes","2012","Trimestre 3","5,857,067.55","2,001.84"
"05034","Andes","2013","Trimestre 3","10,675,731.73","4,216.05"
"05034","Andes","2014","Trimestre 3","1,077,842.30","430.00"
"05034","Andes","2015","Trimestre 3","21,322,803.08","6,712.52"
"05034","Andes","2016","Trimestre 3","254,659,412.42","62,523.14"
"05034","Andes","2023","Trimestre 3","212,428,582.00","22,823.20"
"05034","Andes","2024","Trimestre 3","154,022,471.64","17,092.69"
"05034","Andes","2025","Trimestre 3","29,557,865.53","2,506.00"
"05034","Andes","2012","Trimestre 3","4,582,827.42","1,517.17"
"05034","Andes","2013","Trimestre 3","13,413,528.86","5,087.11"
"05034","Andes","2014","Trimestre 3","3,346,901.29","1,323.27"
"05034","Andes","2015","Trimestre 3","71,416,535.78","20,611.53"
"05034","Andes","2016","Trimestre 3","92,474,506.77","22,600.51"
"05034","Andes","2019","Trimestre 3","45,054,609.03","9,321.96"
"05034","Andes","2020","Trimestre 3","467,352,267.07","74,351.15"
"05034","Andes","2021","Trimestre 3","216,348,444.61","30,643.82"
"05034","Andes","2022","Trimestre 3","79,469,132.04","10,828.42"
"05034","Andes","2023","Trimestre 3","42,050,912.14","4,722.25"
"05034","Andes","2024","Trimestre 3","149,262,714.77","16,002.86"
"05034","Andes","2012","Trimestre 4","4,247,512.04","1,312.44"
"05034","Andes","2013","Trimestre 4","12,853,240.26","4,825.95"
"05034","Andes","2014","Trimestre 4","729,137.75","290.23"
"05034","Andes","2015","Trimestre 4","11,590,460.45","3,260.34"
"05034","Andes","2023","Trimestre 4","118,044,513.70","13,488.62"
"05034","Andes","2024","Trimestre 4","184,486,429.85","19,625.51"
"05034","Andes","2025","Trimestre 4","56,513,416.41","5,621.39"
"05034","Andes","2012","Trimestre 4","8,593,441.58","2,648.98"
"05034","Andes","2013","Trimestre 4","16,040,960.56","6,280.34"
"05034","Andes","2014","Trimestre 4","852,088.52","339.17"
"05034","Andes","2015","Trimestre 4","3,909,437.15","1,117.04"
"05034","Andes","2024","Trimestre 4","146,789,326.63","15,053.71"
"05034","Andes","2012","Trimestre 4","5,663,088.68","1,756.34"
"05034","Andes","2013","Trimestre 4","21,387,781.45","8,477.99"
"05034","Andes","2014","Trimestre 4","2,559,521.58","994.81"
"05034","Andes","2015","Trimestre 4","14,383,582.57","4,297.85"
"05034","Andes","2016","Trimestre 4","9,543,320.47","2,355.01"
"05034","Andes","2019","Trimestre 4","14,322,648.18","2,709.68"
"05034","Andes","2020","Trimestre 4","273,711,099.00","38,709.32"
"05034","Andes","2021","Trimestre 4","855,998,708.15","123,754.79"
"05034","Andes","2022","Trimestre 4","70,752,924.47","9,448.39"
"05034","Andes","2023","Trimestre 4","268,467,899.55","32,816.33"
"05034","Andes","2024","Trimestre 4","131,723,163.78","12,966.97"
"05034","Andes","2025","Trimestre 4","56,297,949.86","4,690.39"
"05038","Angostura","2012","Trimestre 1","119,718.51","36.39"
"05038","Angostura","2013","Trimestre 1","231,187,079.98","74,138.61"
"05038","Angostura","2013","Trimestre 1","308,765,757.18","101,473.82"
"05038","Angostura","2012","Trimestre 1","61,344,160.26","19,184.64"
"05038","Angostura","2013","Trimestre 1","97,392,586.09","32,467.94"
"05038","Angostura","2012","Trimestre 2","138,152,486.85","45,429.69"
"05038","Angostura","2013","Trimestre 2","151,843,109.70","51,139.78"
"05038","Angostura","2012","Trimestre 2","622,565,406.83","206,602.97"
"05038","Angostura","2013","Trimestre 2","37,959,816.95","13,576.42"
"05038","Angostura","2012","Trimestre 2","2,097,388.96","716.50"
"05038","Angostura","2012","Trimestre 3","1,060,380.75","361.00"
"05038","Angostura","2012","Trimestre 4","315,182,358.61","97,388.29"
"05038","Angostura","2012","Trimestre 4","555,480,981.28","171,230.35"
"05038","Angostura","2012","Trimestre 4","137,349,244.60","42,604.84"
"05040","Anori","2026","Trimestre 1","986,487,660.16","218,610.47"
"05040","Anori","2026","Trimestre 3","262,764,144.21","32,315.06"
"05040","Anori","2026","Trimestre 2","69,327,188.66","25,400.32"
"05040","Anori","2012","Trimestre 1","20,187,129.78","6,136.14"
"05040","Anori","2013","Trimestre 1","16,003,566.14","5,132.13"
"05040","Anori","2014","Trimestre 1","9,507,953.82","3,897.99"
"05040","Anori","2015","Trimestre 1","11,772,649.14","4,063.99"
"05040","Anori","2016","Trimestre 1","251,460,040.84","70,281.54"
"05040","Anori","2017","Trimestre 1","4,804,585.67","1,346.75"
"05040","Anori","2018","Trimestre 1","9,317,202.66","2,396.10"
"05040","Anori","2019","Trimestre 1","17,271,636.81","7,190.11"
"05040","Anori","2022","Trimestre 1","1,264,410.48","1,737.30"
"05040","Anori","2023","Trimestre 1","1,305,418,365.90","283,556.30"
"05040","Anori","2025","Trimestre 1","20,030,889.30","1,338.00"
"05040","Anori","2026","Trimestre 1","546,806,552.52","183,415.47"
"05040","Anori","2012","Trimestre 1","39,333,425.06","12,477.13"
"05040","Anori","2013","Trimestre 1","99,464,138.50","32,688.23"
"05040","Anori","2014","Trimestre 1","98,390,207.94","39,206.74"
"05040","Anori","2015","Trimestre 1","6,512,457.81","2,248.14"
"05040","Anori","2016","Trimestre 1","334,736,628.47","90,319.65"
"05040","Anori","2018","Trimestre 1","2,960,390.28","753.16"
"05040","Anori","2019","Trimestre 1","43,292,929.09","12,151.89"
"05040","Anori","2023","Trimestre 1","898,930,243.50","185,686.80"
"05040","Anori","2024","Trimestre 1","56,371,204.51","20,387.25"
"05040","Anori","2025","Trimestre 1","99,141,460.97","40,879.38"
"05040","Anori","2012","Trimestre 1","13,819,751.44","4,321.96"
"05040","Anori","2013","Trimestre 1","105,406,671.69","35,139.61"
"05040","Anori","2014","Trimestre 1","476,900,188.21","174,623.57"
"05040","Anori","2015","Trimestre 1","66,908,777.94","21,661.89"
"05040","Anori","2016","Trimestre 1","295,177,737.31","71,221.59"
"05040","Anori","2017","Trimestre 1","9,908,191.70","2,876.50"
"05040","Anori","2018","Trimestre 1","78,573,642.00","20,033.52"
"05040","Anori","2019","Trimestre 1","17,093,120.66","4,040.57"
"05040","Anori","2020","Trimestre 1","426,716.92","80.73"
"05040","Anori","2021","Trimestre 1","231,870,552.50","49,736.28"
"05040","Anori","2022","Trimestre 1","409,590,311.09","89,615.32"
"05040","Anori","2023","Trimestre 1","893,955,124.63","154,876.73"
"05040","Anori","2024","Trimestre 1","70,590,239.74","8,629.02"
"05040","Anori","2025","Trimestre 1","175,816,006.66","103,874.57"
"05040","Anori","2026","Trimestre 1","335,244,438.04","106,715.05"
"05040","Anori","2012","Trimestre 2","28,304,210.49","9,307.48"
"05040","Anori","2013","Trimestre 2","110,764,116.39","37,304.64"
"05040","Anori","2014","Trimestre 2","423,213,472.57","152,330.91"
"05040","Anori","2015","Trimestre 2","138,453,125.50","45,298.58"
"05040","Anori","2016","Trimestre 2","334,352,622.80","82,895.94"
"05040","Anori","2023","Trimestre 2","717,588,074.30","124,596.66"
"05040","Anori","2024","Trimestre 2","20,577,006.29","3,612.58"
"05040","Anori","2025","Trimestre 2","280,374,231.66","106,341.44"
"05040","Anori","2026","Trimestre 2","200,072,829.32","64,560.03"
"05040","Anori","2012","Trimestre 2","7,540,571.12","2,493.80"
"05040","Anori","2013","Trimestre 2","148,995,221.52","53,288.50"
"05040","Anori","2014","Trimestre 2","210,110,299.83","81,072.32"
"05040","Anori","2015","Trimestre 2","291,257,532.70","93,900.05"
"05040","Anori","2016","Trimestre 2","386,238,207.89","100,783.62"
"05040","Anori","2018","Trimestre 2","394,910.26","104.00"
"05040","Anori","2023","Trimestre 2","520,772,753.60","90,778.56"
"05040","Anori","2024","Trimestre 2","22,320,458.72","16,092.92"
"05040","Anori","2026","Trimestre 2","196,711,138.40","53,996.23"
"05040","Anori","2012","Trimestre 2","10,126,480.75","3,459.36"
"05040","Anori","2013","Trimestre 2","59,158,412.85","22,013.28"
"05040","Anori","2014","Trimestre 2","250,950,761.36","98,328.44"
"05040","Anori","2015","Trimestre 2","479,336,852.21","156,994.13"
"05040","Anori","2016","Trimestre 2","363,087,771.59","93,593.12"
"05040","Anori","2017","Trimestre 2","10,933,307.35","2,922.28"
"05040","Anori","2018","Trimestre 2","55,396,793.19","14,368.26"
"05040","Anori","2019","Trimestre 2","13,358,398.35","4,090.47"
"05040","Anori","2020","Trimestre 2","17,439,025.29","2,556.34"
"05040","Anori","2021","Trimestre 2","392,048,383.60","93,359.48"
"05040","Anori","2022","Trimestre 2","179,503,341.95","42,801.14"
"05040","Anori","2023","Trimestre 2","227,339,760.70","34,540.34"
"05040","Anori","2025","Trimestre 2","255,359,039.08","100,900.43"
"05040","Anori","2026","Trimestre 2","208,895,002.02","30,018.75"
"05040","Anori","2012","Trimestre 3","26,884,793.69","9,152.76"
"05040","Anori","2013","Trimestre 3","13,115,318.99","4,974.46"
"05040","Anori","2014","Trimestre 3","36,072,825.51","14,516.98"
"05040","Anori","2015","Trimestre 3","221,856,738.40","71,386.40"
"05040","Anori","2016","Trimestre 3","486,066,409.97","123,684.89"
"05040","Anori","2017","Trimestre 3","6,912,986.57","1,835.13"
"05040","Anori","2018","Trimestre 3","18,921,903.87","4,965.72"
"05040","Anori","2023","Trimestre 3","363,774,667.80","96,018.49"
"05040","Anori","2024","Trimestre 3","96,381,462.45","17,722.17"
"05040","Anori","2025","Trimestre 3","333,333,178.63","101,180.77"
"05040","Anori","2026","Trimestre 3","355,201,308.80","104,279.24"
"05040","Anori","2012","Trimestre 3","49,141,388.36","16,757.41"
"05040","Anori","2013","Trimestre 3","90,152,669.59","35,802.96"
"05040","Anori","2014","Trimestre 3","129,357,469.23","51,606.54"
"05040","Anori","2015","Trimestre 3","353,356,127.15","111,389.67"
"05040","Anori","2016","Trimestre 3","535,809,311.82","131,607.97"
"05040","Anori","2017","Trimestre 3","26,425,863.01","6,882.30"
"05040","Anori","2018","Trimestre 3","9,564,235.56","2,599.07"
"05040","Anori","2023","Trimestre 3","110,171,942.90","48,927.70"
"05040","Anori","2024","Trimestre 3","38,275,782.54","13,414.21"
"05040","Anori","2025","Trimestre 3","208,340,896.90","71,783.93"
"05040","Anori","2012","Trimestre 3","43,901,980.62","14,533.99"
"05040","Anori","2013","Trimestre 3","86,065,874.15","32,640.67"
"05040","Anori","2014","Trimestre 3","160,753,773.08","63,557.49"
"05040","Anori","2015","Trimestre 3","284,609,665.70","82,141.21"
"05040","Anori","2016","Trimestre 3","232,716,888.35","56,881.06"
"05040","Anori","2017","Trimestre 3","15,019,457.88","5,416.12"
"05040","Anori","2018","Trimestre 3","10,332,668.10","2,824.44"
"05040","Anori","2019","Trimestre 3","25,504,419.21","5,224.32"
"05040","Anori","2020","Trimestre 3","328,279,050.61","85,253.84"
"05040","Anori","2021","Trimestre 3","212,611,142.66","53,908.63"
"05040","Anori","2022","Trimestre 3","2,022,076,003.12","513,026.49"
"05040","Anori","2023","Trimestre 3","106,309,097.63","12,435.09"
"05040","Anori","2024","Trimestre 3","37,313,253.83","5,862.75"
"05040","Anori","2025","Trimestre 3","430,951,786.85","83,000.65"
"05040","Anori","2012","Trimestre 4","15,212,775.53","4,700.60"
"05040","Anori","2013","Trimestre 4","15,109,595.90","5,673.13"
"05040","Anori","2014","Trimestre 4","139,104,197.52","55,369.80"
"05040","Anori","2015","Trimestre 4","171,761,242.93","48,315.60"
"05040","Anori","2017","Trimestre 4","21,930,409.36","13,518.80"
"05040","Anori","2018","Trimestre 4","16,158,551.50","4,314.70"
"05040","Anori","2023","Trimestre 4","46,534,527.59","5,860.83"
"05040","Anori","2024","Trimestre 4","57,314,209.06","4,471.71"
"05040","Anori","2025","Trimestre 4","221,676,967.63","76,701.66"
"05040","Anori","2012","Trimestre 4","30,517,393.81","9,407.17"
"05040","Anori","2013","Trimestre 4","10,696,749.22","4,187.98"
"05040","Anori","2014","Trimestre 4","93,580,624.81","36,346.62"
"05040","Anori","2015","Trimestre 4","152,654,379.01","43,617.80"
"05040","Anori","2016","Trimestre 4","12,766,711.98","3,341.44"
"05040","Anori","2017","Trimestre 4","1,126,513.59","1,263.24"
"05040","Anori","2018","Trimestre 4","29,841,620.41","7,746.94"
"05040","Anori","2024","Trimestre 4","84,374,138.89","7,534.35"
"05040","Anori","2025","Trimestre 4","319,053,555.90","75,403.71"
"05040","Anori","2012","Trimestre 4","14,294,240.47","4,413.40"
"05040","Anori","2013","Trimestre 4","10,777,607.92","4,272.18"
"05040","Anori","2014","Trimestre 4","86,532,443.27","33,632.59"
"05040","Anori","2015","Trimestre 4","47,406,960.35","14,103.77"
"05040","Anori","2016","Trimestre 4","84,413,693.32","21,075.45"
"05040","Anori","2017","Trimestre 4","17,097,059.08","4,322.23"
"05040","Anori","2018","Trimestre 4","7,387,658.99","1,840.26"
"05040","Anori","2019","Trimestre 4","40,461,603.99","13,696.65"
"05040","Anori","2020","Trimestre 4","313,727,349.16","76,466.30"
"05040","Anori","2021","Trimestre 4","639,047,037.96","168,237.84"
"05040","Anori","2022","Trimestre 4","3,021,031,450.69","649,548.13"
"05040","Anori","2023","Trimestre 4","129,053,200.28","22,066.35"
"05040","Anori","2024","Trimestre 4","73,906,924.85","4,000.03"
"05040","Anori","2025","Trimestre 4","491,820,411.50","141,496.75"
"05042","Santafe de Antioquia","2012","Trimestre 1","12,390,948.53","3,766.39"
"05042","Santafe de Antioquia","2013","Trimestre 1","10,789,566.73","3,460.07"
"05042","Santafe de Antioquia","2014","Trimestre 1","4,362,888.74","1,788.66"
"05042","Santafe de Antioquia","2023","Trimestre 1","20,802,892.93","2,386.90"
"05042","Santafe de Antioquia","2012","Trimestre 1","3,518,367.25","1,116.49"
"05042","Santafe de Antioquia","2013","Trimestre 1","7,900,448.36","2,596.43"
"05042","Santafe de Antioquia","2014","Trimestre 1","10,835,692.83","4,317.83"
"05042","Santafe de Antioquia","2023","Trimestre 1","43,750,845.64","4,920.41"
"05042","Santafe de Antioquia","2024","Trimestre 1","52,343,916.91","6,342.76"
"05042","Santafe de Antioquia","2013","Trimestre 1","4,795,786.82","1,598.78"
"05042","Santafe de Antioquia","2014","Trimestre 1","12,577,377.52","4,605.38"
"05042","Santafe de Antioquia","2020","Trimestre 1","6,377,867.60","1,200.59"
"05042","Santafe de Antioquia","2021","Trimestre 1","12,335,801.24","1,854.73"
"05042","Santafe de Antioquia","2022","Trimestre 1","128,909,866.74","17,440.28"
"05042","Santafe de Antioquia","2023","Trimestre 1","66,697,251.37","7,291.69"
"05042","Santafe de Antioquia","2024","Trimestre 1","44,293,751.63","5,396.23"
"05042","Santafe de Antioquia","2026","Trimestre 1","2,716,624.50","143.24"
"05042","Santafe de Antioquia","2013","Trimestre 2","16,341,464.96","5,503.70"
"05042","Santafe de Antioquia","2014","Trimestre 2","51,512,548.25","18,541.36"
"05042","Santafe de Antioquia","2023","Trimestre 2","37,588,091.87","4,101.87"
"05042","Santafe de Antioquia","2024","Trimestre 2","121,582,007.50","14,269.40"
"05042","Santafe de Antioquia","2012","Trimestre 2","102,376,757.65","33,974.49"
"05042","Santafe de Antioquia","2013","Trimestre 2","9,973,985.65","3,567.22"
"05042","Santafe de Antioquia","2014","Trimestre 2","63,060,804.95","24,332.39"
"05042","Santafe de Antioquia","2023","Trimestre 2","73,503,066.45","7,866.93"
"05042","Santafe de Antioquia","2024","Trimestre 2","123,428,217.00","13,650.37"
"05042","Santafe de Antioquia","2012","Trimestre 2","4,072,740.02","1,391.31"
"05042","Santafe de Antioquia","2013","Trimestre 2","7,931,744.16","2,951.46"
"05042","Santafe de Antioquia","2014","Trimestre 2","97,063,223.11","38,233.02"
"05042","Santafe de Antioquia","2019","Trimestre 2","5,813,025.10","1,364.10"
"05042","Santafe de Antioquia","2020","Trimestre 2","22,598,728.96","3,370.85"
"05042","Santafe de Antioquia","2021","Trimestre 2","4,108,919.39","599.34"
"05042","Santafe de Antioquia","2022","Trimestre 2","179,311,365.54","23,664.03"
"05042","Santafe de Antioquia","2023","Trimestre 2","66,029,186.08","7,089.06"
"05042","Santafe de Antioquia","2012","Trimestre 3","3,366,958.56","1,146.26"
"05042","Santafe de Antioquia","2013","Trimestre 3","12,778,185.75","4,846.59"
"05042","Santafe de Antioquia","2014","Trimestre 3","67,357,055.74","27,106.86"
"05042","Santafe de Antioquia","2023","Trimestre 3","72,779,421.15","8,083.49"
"05042","Santafe de Antioquia","2024","Trimestre 3","63,476,268.30","6,787.10"
"05042","Santafe de Antioquia","2012","Trimestre 3","11,233,009.64","3,839.24"
"05042","Santafe de Antioquia","2013","Trimestre 3","6,127,230.78","2,433.35"
"05042","Santafe de Antioquia","2014","Trimestre 3","78,987,542.34","31,511.70"
"05042","Santafe de Antioquia","2023","Trimestre 3","57,383,696.79","6,540.25"
"05042","Santafe de Antioquia","2024","Trimestre 3","55,846,266.49","5,610.65"
"05042","Santafe de Antioquia","2012","Trimestre 3","12,821,235.79","4,244.54"
"05042","Santafe de Antioquia","2013","Trimestre 3","4,929,121.36","1,869.38"
"05042","Santafe de Antioquia","2014","Trimestre 3","106,322,308.05","42,036.83"
"05042","Santafe de Antioquia","2019","Trimestre 3","22,347,460.25","4,681.51"
"05042","Santafe de Antioquia","2020","Trimestre 3","20,077,124.68","2,911.43"
"05042","Santafe de Antioquia","2021","Trimestre 3","105,889,267.18","14,948.62"
"05042","Santafe de Antioquia","2022","Trimestre 3","162,275,151.19","21,316.51"
"05042","Santafe de Antioquia","2023","Trimestre 3","48,566,506.45","5,884.82"
"05042","Santafe de Antioquia","2024","Trimestre 3","1,819,559.83","182.68"
"05042","Santafe de Antioquia","2012","Trimestre 4","13,077,886.47","4,040.94"
"05042","Santafe de Antioquia","2013","Trimestre 4","4,608,144.78","1,730.20"
"05042","Santafe de Antioquia","2014","Trimestre 4","41,869,534.90","16,665.98"
"05042","Santafe de Antioquia","2023","Trimestre 4","24,740,885.42","3,096.05"
"05042","Santafe de Antioquia","2012","Trimestre 4","8,481,326.98","2,614.42"
"05042","Santafe de Antioquia","2013","Trimestre 4","1,436,303.41","562.34"
"05042","Santafe de Antioquia","2014","Trimestre 4","4,459,306.16","1,731.99"
"05042","Santafe de Antioquia","2012","Trimestre 4","9,905,559.63","3,072.64"
"05042","Santafe de Antioquia","2013","Trimestre 4","1,907,394.77","756.08"
"05042","Santafe de Antioquia","2014","Trimestre 4","2,059,817.84","800.59"
"05042","Santafe de Antioquia","2019","Trimestre 4","20,432,169.13","3,883.51"
"05042","Santafe de Antioquia","2020","Trimestre 4","24,231,321.39","3,300.83"
"05042","Santafe de Antioquia","2021","Trimestre 4","379,319,238.30","53,554.15"
"05042","Santafe de Antioquia","2022","Trimestre 4","95,731,954.90","12,238.61"
"05042","Santafe de Antioquia","2023","Trimestre 4","83,069,916.84","10,312.86"
"05044","Anza","2014","Trimestre 1","492,644.01","201.97"
"05044","Anza","2014","Trimestre 1","2,438,704.07","971.78"
"05044","Anza","2013","Trimestre 1","403,723.43","134.59"
"05044","Anza","2014","Trimestre 1","309,042.04","113.16"
"05044","Anza","2020","Trimestre 1","2,492,132.90","469.85"
"05044","Anza","2021","Trimestre 1","70,270,403.84","10,532.58"
"05044","Anza","2022","Trimestre 1","28,233,318.56","3,763.02"
"05044","Anza","2023","Trimestre 1","810,524.59","88.45"
"05044","Anza","2012","Trimestre 2","1,307,804.66","409.00"
"05044","Anza","2023","Trimestre 2","423,727.05","46.24"
"05044","Anza","2012","Trimestre 2","608,454.02","201.92"
"05044","Anza","2023","Trimestre 2","1,264,694.09","135.50"
"05044","Anza","2012","Trimestre 2","585,454.00","200.00"
"05044","Anza","2020","Trimestre 2","596,800.25","92.91"
"05044","Anza","2021","Trimestre 2","40,229,595.02","6,013.06"
"05044","Anza","2022","Trimestre 2","5,385,484.21","706.12"
"05044","Anza","2012","Trimestre 3","4,079,998.52","1,389.01"
"05044","Anza","2023","Trimestre 3","19,345.44","2.08"
"05044","Anza","2012","Trimestre 3","2,240,346.48","765.71"
"05044","Anza","2013","Trimestre 3","747,047.00","296.68"
"05044","Anza","2013","Trimestre 3","2,491,745.76","945.00"
"05044","Anza","2020","Trimestre 3","1,029,086.81","149.22"
"05044","Anza","2021","Trimestre 3","756,241.38","108.71"
"05044","Anza","2022","Trimestre 3","1,116,708.30","142.38"
"05044","Anza","2023","Trimestre 3","397,704.88","49.50"
"05044","Anza","2013","Trimestre 4","1,984,522.51","745.12"
"05044","Anza","2013","Trimestre 4","709,748.54","277.88"
"05044","Anza","2013","Trimestre 4","147,656.09","58.53"
"05044","Anza","2019","Trimestre 4","2,643,768.78","504.98"
"05044","Anza","2020","Trimestre 4","12,925.82","1.96"
"05044","Anza","2021","Trimestre 4","55,840,132.47","7,809.43"
"05044","Anza","2022","Trimestre 4","1,559,648.11","194.17"
"05045","Apartado","2022","Trimestre 1","6,548,180.51","899.72"
"05045","Apartado","2015","Trimestre 1","16,287.51","5.33"
"05045","Apartado","2022","Trimestre 1","45,017,055.23","6,059.41"
"05045","Apartado","2021","Trimestre 4","106,644,007.24","15,138.89"
"05055","Argelia - Antioquia","2012","Trimestre 1","1,343,979.33","408.52"
"05055","Argelia - Antioquia","2013","Trimestre 1","1,059,944.34","339.91"
"05055","Argelia - Antioquia","2014","Trimestre 1","557,087.52","228.39"
"05055","Argelia - Antioquia","2012","Trimestre 1","562,029.93","178.35"
"05055","Argelia - Antioquia","2013","Trimestre 1","3,135,252.63","1,030.38"
"05055","Argelia - Antioquia","2014","Trimestre 1","86,076.63","34.30"
"05055","Argelia - Antioquia","2012","Trimestre 1","1,612,117.05","504.17"
"05055","Argelia - Antioquia","2013","Trimestre 1","1,852,946.27","617.72"
"05055","Argelia - Antioquia","2014","Trimestre 1","644,383.79","235.95"
"05055","Argelia - Antioquia","2012","Trimestre 2","710,229.66","233.55"
"05055","Argelia - Antioquia","2013","Trimestre 2","1,596,319.17","537.63"
"05055","Argelia - Antioquia","2014","Trimestre 2","188,726.58","67.93"
"05055","Argelia - Antioquia","2012","Trimestre 2","664,230.98","220.43"
"05055","Argelia - Antioquia","2013","Trimestre 2","753,888.39","269.63"
"05055","Argelia - Antioquia","2014","Trimestre 2","156,068.58","60.22"
"05055","Argelia - Antioquia","2012","Trimestre 2","1,578,061.98","539.09"
"05055","Argelia - Antioquia","2013","Trimestre 2","1,713,457.33","637.59"
"05055","Argelia - Antioquia","2014","Trimestre 2","346,104.73","136.33"
"05055","Argelia - Antioquia","2023","Trimestre 2","1,540,008.38","165.58"
"05055","Argelia - Antioquia","2012","Trimestre 3","4,696,693.64","1,598.96"
"05055","Argelia - Antioquia","2013","Trimestre 3","1,007,945.88","382.30"
"05055","Argelia - Antioquia","2014","Trimestre 3","141,165.53","56.81"
"05055","Argelia - Antioquia","2023","Trimestre 3","683,039.85","81.18"
"05055","Argelia - Antioquia","2012","Trimestre 3","1,439,923.88","492.14"
"05055","Argelia - Antioquia","2013","Trimestre 3","2,094,919.43","831.97"
"05055","Argelia - Antioquia","2014","Trimestre 3","189,449.58","75.58"
"05055","Argelia - Antioquia","2012","Trimestre 3","1,096,825.32","363.11"
"05055","Argelia - Antioquia","2013","Trimestre 3","1,550,393.22","587.99"
"05055","Argelia - Antioquia","2012","Trimestre 4","1,373,408.83","424.37"
"05055","Argelia - Antioquia","2013","Trimestre 4","1,047,712.40","393.38"
"05055","Argelia - Antioquia","2014","Trimestre 4","332,776.03","132.46"
"05055","Argelia - Antioquia","2012","Trimestre 4","1,509,459.63","465.30"
"05055","Argelia - Antioquia","2013","Trimestre 4","1,045,364.48","409.28"
"05055","Argelia - Antioquia","2012","Trimestre 4","1,911,935.74","593.07"
"05055","Argelia - Antioquia","2013","Trimestre 4","906,875.29","359.48"
"05079","Barbosa - Antioquia","2026","Trimestre 1","5,662,577.48","- 0"
"05079","Barbosa - Antioquia","2026","Trimestre 2","11,656,061.49","- 0"
"05079","Barbosa - Antioquia","2012","Trimestre 1","4,023,877.79","1,223.11"
"05079","Barbosa - Antioquia","2013","Trimestre 1","2,085,930.31","668.93"
"05079","Barbosa - Antioquia","2014","Trimestre 1","10,795,579.94","4,425.88"
"05079","Barbosa - Antioquia","2015","Trimestre 1","2,224,816.00","768.02"
"05079","Barbosa - Antioquia","2016","Trimestre 1","5,054,207.45","1,412.62"
"05079","Barbosa - Antioquia","2018","Trimestre 1","31,738,688.69","5,781.64"
"05079","Barbosa - Antioquia","2019","Trimestre 1","21,237,282.26","4,342.35"
"05079","Barbosa - Antioquia","2023","Trimestre 1","5,460,529.94","624.36"
"05079","Barbosa - Antioquia","2026","Trimestre 1","11,806,983.73","- 0"
"05079","Barbosa - Antioquia","2012","Trimestre 1","4,825,106.54","1,531.16"
"05079","Barbosa - Antioquia","2013","Trimestre 1","968,283.63","318.22"
"05079","Barbosa - Antioquia","2014","Trimestre 1","12,217,586.66","4,868.49"
"05079","Barbosa - Antioquia","2015","Trimestre 1","2,995,559.07","969.82"
"05079","Barbosa - Antioquia","2016","Trimestre 1","42,376,700.72","11,434.21"
"05079","Barbosa - Antioquia","2017","Trimestre 1","3,026,050.99","838.77"
"05079","Barbosa - Antioquia","2018","Trimestre 1","2,601,327.59","661.81"
"05079","Barbosa - Antioquia","2019","Trimestre 1","16,896,998.46","3,381.68"
"05079","Barbosa - Antioquia","2023","Trimestre 1","30,869,226.51","3,584.37"
"05079","Barbosa - Antioquia","2024","Trimestre 1","22,022,893.62","2,684.57"
"05079","Barbosa - Antioquia","2012","Trimestre 1","6,030,610.23","1,886.00"
"05079","Barbosa - Antioquia","2013","Trimestre 1","4,066,210.98","1,355.56"
"05079","Barbosa - Antioquia","2014","Trimestre 1","11,585,225.84","4,242.09"
"05079","Barbosa - Antioquia","2016","Trimestre 1","102,959,774.45","24,842.52"
"05079","Barbosa - Antioquia","2017","Trimestre 1","6,288,630.04","1,718.33"
"05079","Barbosa - Antioquia","2018","Trimestre 1","35,828,729.71","6,872.30"
"05079","Barbosa - Antioquia","2019","Trimestre 1","5,313,337.27","1,030.01"
"05079","Barbosa - Antioquia","2020","Trimestre 1","92,677,428.70","16,208.82"
"05079","Barbosa - Antioquia","2021","Trimestre 1","76,190,618.83","11,408.06"
"05079","Barbosa - Antioquia","2022","Trimestre 1","12,249,282.46","1,630.56"
"05079","Barbosa - Antioquia","2023","Trimestre 1","32,666,969.36","4,048.04"
"05079","Barbosa - Antioquia","2025","Trimestre 1","38,666,912.98","4,234.57"
"05079","Barbosa - Antioquia","2026","Trimestre 1","16,775,285.58","- 0"
"05079","Barbosa - Antioquia","2012","Trimestre 2","2,217,333.65","729.14"
"05079","Barbosa - Antioquia","2013","Trimestre 2","1,717,669.47","578.50"
"05079","Barbosa - Antioquia","2014","Trimestre 2","20,313,514.11","7,311.62"
"05079","Barbosa - Antioquia","2015","Trimestre 2","5,929,785.30","1,913.87"
"05079","Barbosa - Antioquia","2016","Trimestre 2","96,797,212.45","24,027.38"
"05079","Barbosa - Antioquia","2017","Trimestre 2","2,817,778.48","756.26"
"05079","Barbosa - Antioquia","2018","Trimestre 2","8,118,115.08","1,891.21"
"05079","Barbosa - Antioquia","2023","Trimestre 2","33,033,020.50","3,902.29"
"05079","Barbosa - Antioquia","2024","Trimestre 2","51,103,867.21","5,497.76"
"05079","Barbosa - Antioquia","2026","Trimestre 2","3,031,845.13","- 0"
"05079","Barbosa - Antioquia","2012","Trimestre 2","1,179,874.06","391.55"
"05079","Barbosa - Antioquia","2013","Trimestre 2","2,386,423.18","853.51"
"05079","Barbosa - Antioquia","2014","Trimestre 2","9,978,593.03","3,850.30"
"05079","Barbosa - Antioquia","2015","Trimestre 2","2,606,516.43","847.57"
"05079","Barbosa - Antioquia","2016","Trimestre 2","103,450,181.70","26,993.92"
"05079","Barbosa - Antioquia","2017","Trimestre 2","2,250,990.45","601.65"
"05079","Barbosa - Antioquia","2018","Trimestre 2","5,303,340.96","1,396.64"
"05079","Barbosa - Antioquia","2023","Trimestre 2","20,136,669.30","2,163.85"
"05079","Barbosa - Antioquia","2024","Trimestre 2","3,308,338.57","365.30"
"05079","Barbosa - Antioquia","2012","Trimestre 2","2,947,936.53","1,007.06"
"05079","Barbosa - Antioquia","2013","Trimestre 2","3,525,837.73","1,311.99"
"05079","Barbosa - Antioquia","2014","Trimestre 2","15,554,250.87","6,126.79"
"05079","Barbosa - Antioquia","2015","Trimestre 2","3,915,638.75","1,303.71"
"05079","Barbosa - Antioquia","2016","Trimestre 2","132,051,561.50","34,038.93"
"05079","Barbosa - Antioquia","2017","Trimestre 2","3,106,227.00","829.42"
"05079","Barbosa - Antioquia","2018","Trimestre 2","15,071,116.75","3,056.70"
"05079","Barbosa - Antioquia","2019","Trimestre 2","32,851,583.03","6,548.91"
"05079","Barbosa - Antioquia","2020","Trimestre 2","51,476,404.39","7,179.69"
"05079","Barbosa - Antioquia","2021","Trimestre 2","100,877,000.59","15,293.62"
"05079","Barbosa - Antioquia","2022","Trimestre 2","132,968,667.83","16,631.22"
"05079","Barbosa - Antioquia","2023","Trimestre 2","30,262,099.05","3,439.66"
"05079","Barbosa - Antioquia","2025","Trimestre 2","41,146,915.16","4,054.78"
"05079","Barbosa - Antioquia","2012","Trimestre 3","1,466,145.29","499.14"
"05079","Barbosa - Antioquia","2013","Trimestre 3","1,916,309.97","726.83"
"05079","Barbosa - Antioquia","2014","Trimestre 3","10,080,103.66","4,056.59"
"05079","Barbosa - Antioquia","2015","Trimestre 3","7,026,118.10","2,260.78"
"05079","Barbosa - Antioquia","2016","Trimestre 3","101,209,310.24","25,751.54"
"05079","Barbosa - Antioquia","2017","Trimestre 3","3,270,909.91","851.87"
"05079","Barbosa - Antioquia","2018","Trimestre 3","27,038,960.97","5,265.66"
"05079","Barbosa - Antioquia","2023","Trimestre 3","17,398,557.75","1,977.42"
"05079","Barbosa - Antioquia","2024","Trimestre 3","25,434,094.94","2,719.60"
"05079","Barbosa - Antioquia","2025","Trimestre 3","123,905,469.70","10,969.32"
"05079","Barbosa - Antioquia","2026","Trimestre 3","5,951,240.53","- 0"
"05079","Barbosa - Antioquia","2012","Trimestre 3","4,533,065.53","1,549.32"
"05079","Barbosa - Antioquia","2013","Trimestre 3","2,235,367.19","887.75"
"05079","Barbosa - Antioquia","2014","Trimestre 3","6,640,511.21","2,649.20"
"05079","Barbosa - Antioquia","2015","Trimestre 3","3,809,789.86","1,199.34"
"05079","Barbosa - Antioquia","2016","Trimestre 3","142,664,582.55","35,026.54"
"05079","Barbosa - Antioquia","2017","Trimestre 3","6,130,522.68","1,592.29"
"05079","Barbosa - Antioquia","2018","Trimestre 3","20,541,246.20","4,601.08"
"05079","Barbosa - Antioquia","2023","Trimestre 3","19,295,769.35","2,365.09"
"05079","Barbosa - Antioquia","2024","Trimestre 3","19,596,754.05","1,972.22"
"05079","Barbosa - Antioquia","2012","Trimestre 3","2,570,083.04","850.84"
"05079","Barbosa - Antioquia","2013","Trimestre 3","1,524,763.83","578.27"
"05079","Barbosa - Antioquia","2014","Trimestre 3","3,486,719.09","1,378.55"
"05079","Barbosa - Antioquia","2015","Trimestre 3","2,830,358.81","816.87"
"05079","Barbosa - Antioquia","2016","Trimestre 3","71,298,527.17","17,425.16"
"05079","Barbosa - Antioquia","2017","Trimestre 3","15,305,604.94","3,114.54"
"05079","Barbosa - Antioquia","2018","Trimestre 3","6,517,690.76","1,625.14"
"05079","Barbosa - Antioquia","2019","Trimestre 3","71,734,881.91","12,187.03"
"05079","Barbosa - Antioquia","2020","Trimestre 3","68,052,556.76","9,370.35"
"05079","Barbosa - Antioquia","2021","Trimestre 3","68,456,925.71","9,269.48"
"05079","Barbosa - Antioquia","2022","Trimestre 3","86,071,985.33","11,157.99"
"05079","Barbosa - Antioquia","2023","Trimestre 3","51,964,944.71","6,436.74"
"05079","Barbosa - Antioquia","2024","Trimestre 3","916,261.64","99.78"
"05079","Barbosa - Antioquia","2025","Trimestre 3","8,386,420.07","781.32"
"05079","Barbosa - Antioquia","2012","Trimestre 4","21,027,391.81","6,497.26"
"05079","Barbosa - Antioquia","2013","Trimestre 4","4,142,855.86","1,555.50"
"05079","Barbosa - Antioquia","2014","Trimestre 4","3,470,658.50","1,381.48"
"05079","Barbosa - Antioquia","2015","Trimestre 4","1,311,718.44","368.98"
"05079","Barbosa - Antioquia","2017","Trimestre 4","24,965,983.37","1,957.05"
"05079","Barbosa - Antioquia","2018","Trimestre 4","8,462,392.72","1,894.46"
"05079","Barbosa - Antioquia","2023","Trimestre 4","15,915,327.37","2,013.43"
"05079","Barbosa - Antioquia","2024","Trimestre 4","20,634,798.13","2,401.84"
"05079","Barbosa - Antioquia","2025","Trimestre 4","21,726,766.53","1,973.72"
"05079","Barbosa - Antioquia","2012","Trimestre 4","1,058,114.01","326.17"
"05079","Barbosa - Antioquia","2013","Trimestre 4","9,473,130.28","3,708.91"
"05079","Barbosa - Antioquia","2014","Trimestre 4","1,701,961.18","661.04"
"05079","Barbosa - Antioquia","2015","Trimestre 4","4,181,583.02","1,194.80"
"05079","Barbosa - Antioquia","2017","Trimestre 4","6,190,732.73","1,582.09"
"05079","Barbosa - Antioquia","2018","Trimestre 4","6,639,297.09","1,394.68"
"05079","Barbosa - Antioquia","2025","Trimestre 4","4,966,177.05","- 0"
"05079","Barbosa - Antioquia","2012","Trimestre 4","1,854,842.35","575.36"
"05079","Barbosa - Antioquia","2013","Trimestre 4","7,844,314.88","3,109.44"
"05079","Barbosa - Antioquia","2014","Trimestre 4","1,432,628.15","556.82"
"05079","Barbosa - Antioquia","2015","Trimestre 4","1,228,203.82","366.99"
"05079","Barbosa - Antioquia","2017","Trimestre 4","29,079,387.73","6,628.63"
"05079","Barbosa - Antioquia","2018","Trimestre 4","12,053,766.11","2,622.82"
"05079","Barbosa - Antioquia","2019","Trimestre 4","56,299,552.12","9,766.00"
"05079","Barbosa - Antioquia","2020","Trimestre 4","146,023,448.29","19,535.34"
"05079","Barbosa - Antioquia","2021","Trimestre 4","119,779,317.45","16,885.09"
"05079","Barbosa - Antioquia","2022","Trimestre 4","23,441,468.06","2,891.41"
"05079","Barbosa - Antioquia","2023","Trimestre 4","21,018,076.84","2,529.96"
"05079","Barbosa - Antioquia","2024","Trimestre 4","27,589,546.08","3,060.18"
"05079","Barbosa - Antioquia","2025","Trimestre 4","1,654,548.31","- 0"
"05086","Belmira","2012","Trimestre 1","2,181,515.45","663.10"
"05086","Belmira","2013","Trimestre 1","108,454.78","34.78"
"05086","Belmira","2014","Trimestre 1","143,790.49","58.95"
"05086","Belmira","2012","Trimestre 1","997,504.65","316.54"
"05086","Belmira","2013","Trimestre 1","306,137.32","100.61"
"05086","Belmira","2016","Trimestre 1","291,116.73","78.55"
"05086","Belmira","2023","Trimestre 1","422,610.04","58.04"
"05086","Belmira","2012","Trimestre 1","333,154.44","104.19"
"05086","Belmira","2013","Trimestre 1","775,500.55","258.53"
"05086","Belmira","2014","Trimestre 1","256,524.56","93.93"
"05086","Belmira","2020","Trimestre 1","641,021.61","122.58"
"05086","Belmira","2023","Trimestre 1","650,186.04","89.90"
"05086","Belmira","2012","Trimestre 2","1,300,795.28","427.75"
"05086","Belmira","2013","Trimestre 2","610,492.69","205.61"
"05086","Belmira","2014","Trimestre 2","80,041.41","28.81"
"05086","Belmira","2012","Trimestre 2","760,145.65","252.26"
"05086","Belmira","2013","Trimestre 2","296,377.14","106.00"
"05086","Belmira","2014","Trimestre 2","592,863.66","228.76"
"05086","Belmira","2012","Trimestre 2","573,422.92","195.89"
"05086","Belmira","2013","Trimestre 2","548,040.83","203.93"
"05086","Belmira","2014","Trimestre 2","465,094.90","183.20"
"05086","Belmira","2012","Trimestre 3","1,166,330.71","397.07"
"05086","Belmira","2013","Trimestre 3","195,920.63","74.31"
"05086","Belmira","2014","Trimestre 3","337,594.60","135.86"
"05086","Belmira","2012","Trimestre 3","297,470.36","101.67"
"05086","Belmira","2013","Trimestre 3","195,474.11","77.63"
"05086","Belmira","2014","Trimestre 3","314,078.23","125.30"
"05086","Belmira","2012","Trimestre 3","466,870.43","154.56"
"05086","Belmira","2013","Trimestre 3","196,992.94","74.71"
"05086","Belmira","2014","Trimestre 3","872,090.78","344.80"
"05086","Belmira","2019","Trimestre 3","352,239.52","78.39"
"05086","Belmira","2012","Trimestre 4","880,836.73","272.17"
"05086","Belmira","2014","Trimestre 4","702,281.52","279.54"
"05086","Belmira","2012","Trimestre 4","101,182.13","31.19"
"05086","Belmira","2013","Trimestre 4","369,841.62","144.80"
"05086","Belmira","2014","Trimestre 4","156,179.60","60.66"
"05086","Belmira","2013","Trimestre 4","146,419.95","58.04"
"05086","Belmira","2014","Trimestre 4","415,622.20","161.54"
"05086","Belmira","2019","Trimestre 4","331,760.11","63.62"
"05086","Belmira","2020","Trimestre 4","564,371.98","89.83"
"05086","Belmira","2021","Trimestre 4","838,347.99","124.38"
"05088","Bello","2026","Trimestre 1","46,781,949.18","6,957.10"
"05088","Bello","2026","Trimestre 3","18,913,933.07","2,888.49"
"05088","Bello","2026","Trimestre 2","56,648,461.64","8,660.67"
"05088","Bello","2012","Trimestre 1","3,246,842.45","986.92"
"05088","Bello","2026","Trimestre 1","18,794,335.40","3,004.83"
"05088","Bello","2017","Trimestre 1","226,889.79","62.89"
"05088","Bello","2023","Trimestre 1","1,777,096.96","395.44"
"05088","Bello","2012","Trimestre 1","3,082,383.66","963.98"
"05088","Bello","2013","Trimestre 1","2,908,824.48","969.72"
"05088","Bello","2019","Trimestre 1","236,710.55","559.55"
"05088","Bello","2020","Trimestre 1","2,646,717.95","978.44"
"05088","Bello","2021","Trimestre 1","1,082,170.38","322.52"
"05088","Bello","2022","Trimestre 1","5,029,160.76","1,334.11"
"05088","Bello","2023","Trimestre 1","569,795.58","124.36"
"05088","Bello","2024","Trimestre 1","955,914.28","233.59"
"05088","Bello","2026","Trimestre 1","30,297,450.91","4,289.20"
"05088","Bello","2012","Trimestre 2","120,910.86","39.76"
"05088","Bello","2014","Trimestre 2","190,893.61","68.71"
"05088","Bello","2015","Trimestre 2","965,270.16","307.80"
"05088","Bello","2023","Trimestre 2","436,452.25","93.11"
"05088","Bello","2024","Trimestre 2","772,025.13","178.11"
"05088","Bello","2026","Trimestre 2","32,824,423.26","4,740.11"
"05088","Bello","2012","Trimestre 2","4,711,932.75","1,563.69"
"05088","Bello","2017","Trimestre 2","443,276.57","118.48"
"05088","Bello","2024","Trimestre 2","757,549.02","163.05"
"05088","Bello","2026","Trimestre 2","28,253,012.11","4,209.37"
"05088","Bello","2013","Trimestre 2","1,689,136.38","628.54"
"05088","Bello","2014","Trimestre 2","720,744.77","283.90"
"05088","Bello","2016","Trimestre 2","1,075,261.06","277.17"
"05088","Bello","2017","Trimestre 2","343,571.73","91.74"
"05088","Bello","2021","Trimestre 2","1,355,203.10","416.51"
"05088","Bello","2022","Trimestre 2","1,545,188.95","403.76"
"05088","Bello","2023","Trimestre 2","827,273.50","177.63"
"05088","Bello","2026","Trimestre 2","15,722,002.44","2,403.65"
"05088","Bello","2023","Trimestre 3","671,509.88","144.40"
"05088","Bello","2024","Trimestre 3","1,350,036.50","288.62"
"05088","Bello","2026","Trimestre 3","29,266,832.46","4,751.88"
"05088","Bello","2012","Trimestre 3","4,578,942.73","1,565.00"
"05088","Bello","2017","Trimestre 3","1,407,595.20","364.26"
"05088","Bello","2023","Trimestre 3","1,264,145.38","300.49"
"05088","Bello","2024","Trimestre 3","768,919.18","207.35"
"05088","Bello","2012","Trimestre 3","5,371,517.05","1,778.27"
"05088","Bello","2013","Trimestre 3","1,926,475.44","730.62"
"05088","Bello","2018","Trimestre 3","1,485,013.88","405.93"
"05088","Bello","2019","Trimestre 3","134,646.86","321.89"
"05088","Bello","2020","Trimestre 3","2,177,631.97","633.77"
"05088","Bello","2021","Trimestre 3","694,050.24","199.54"
"05088","Bello","2022","Trimestre 3","1,901,022.78","497.51"
"05088","Bello","2023","Trimestre 3","873,620.45","214.16"
"05088","Bello","2024","Trimestre 3","823,844.59","159.59"
"05088","Bello","2014","Trimestre 4","144,757.32","57.62"
"05088","Bello","2015","Trimestre 4","421,016.90","118.43"
"05088","Bello","2023","Trimestre 4","690,520.12","171.89"
"05088","Bello","2025","Trimestre 4","6,496,396.23","1,244.11"
"05088","Bello","2015","Trimestre 4","189,900.15","54.26"
"05088","Bello","2017","Trimestre 4","1,860,334.37","478.40"
"05088","Bello","2018","Trimestre 4","756,588.26","196.40"
"05088","Bello","2025","Trimestre 4","33,501,055.26","4,293.21"
"05088","Bello","2012","Trimestre 4","2,776,396.21","861.22"
"05088","Bello","2013","Trimestre 4","1,675,655.69","664.22"
"05088","Bello","2018","Trimestre 4","949,661.79","236.56"
"05088","Bello","2019","Trimestre 4","7,697,974.38","2,937.98"
"05088","Bello","2020","Trimestre 4","3,559,080.86","994.50"
"05088","Bello","2021","Trimestre 4","5,453,873.29","1,536.21"
"05088","Bello","2022","Trimestre 4","24,489,901.43","3,251.63"
"05088","Bello","2023","Trimestre 4","592,250.99","149.85"
"05088","Bello","2025","Trimestre 4","5,872,924.95","992.10"
"05107","Briceño - Antioquia","2012","Trimestre 1","17,410,276.40","5,292.08"
"05107","Briceño - Antioquia","2017","Trimestre 1","4,318,271.00","1,210.43"
"05107","Briceño - Antioquia","2018","Trimestre 1","65,470,239.79","16,836.98"
"05107","Briceño - Antioquia","2019","Trimestre 1","2,803,246.79","681.89"
"05107","Briceño - Antioquia","2022","Trimestre 1","82,628,453.81","11,353.15"
"05107","Briceño - Antioquia","2023","Trimestre 1","33,118,599.26","3,762.58"
"05107","Briceño - Antioquia","2012","Trimestre 1","51,966,513.35","16,490.63"
"05107","Briceño - Antioquia","2017","Trimestre 1","6,431,779.35","1,782.78"
"05107","Briceño - Antioquia","2018","Trimestre 1","75,963,906.98","19,326.16"
"05107","Briceño - Antioquia","2019","Trimestre 1","8,967,654.44","2,132.94"
"05107","Briceño - Antioquia","2017","Trimestre 1","8,650,279.55","2,363.64"
"05107","Briceño - Antioquia","2018","Trimestre 1","27,710,411.59","7,072.23"
"05107","Briceño - Antioquia","2019","Trimestre 1","7,371,426.00","1,742.50"
"05107","Briceño - Antioquia","2020","Trimestre 1","117,725,537.23","22,251.98"
"05107","Briceño - Antioquia","2021","Trimestre 1","94,618,319.41","14,240.38"
"05107","Briceño - Antioquia","2022","Trimestre 1","96,726,917.79","12,896.56"
"05107","Briceño - Antioquia","2012","Trimestre 2","16,451,236.19","5,409.78"
"05107","Briceño - Antioquia","2017","Trimestre 2","19,327,066.82","5,187.17"
"05107","Briceño - Antioquia","2018","Trimestre 2","23,432,156.07","6,035.06"
"05107","Briceño - Antioquia","2012","Trimestre 2","23,505,212.67","7,800.38"
"05107","Briceño - Antioquia","2013","Trimestre 2","2,919,566.52","1,044.19"
"05107","Briceño - Antioquia","2017","Trimestre 2","6,797,081.25","1,816.74"
"05107","Briceño - Antioquia","2018","Trimestre 2","67,764,587.41","17,845.87"
"05107","Briceño - Antioquia","2012","Trimestre 2","35,421,255.00","12,100.44"
"05107","Briceño - Antioquia","2013","Trimestre 2","3,135,923.33","1,166.90"
"05107","Briceño - Antioquia","2016","Trimestre 2","1,638,693.66","422.41"
"05107","Briceño - Antioquia","2017","Trimestre 2","51,967,376.23","13,876.25"
"05107","Briceño - Antioquia","2018","Trimestre 2","67,801,020.56","17,696.46"
"05107","Briceño - Antioquia","2019","Trimestre 2","3,741,501.71","856.37"
"05107","Briceño - Antioquia","2020","Trimestre 2","191,473,229.24","28,855.61"
"05107","Briceño - Antioquia","2021","Trimestre 2","797,566,977.90","119,500.98"
"05107","Briceño - Antioquia","2022","Trimestre 2","322,815,260.60","42,430.59"
"05107","Briceño - Antioquia","2012","Trimestre 3","40,325,633.74","13,728.61"
"05107","Briceño - Antioquia","2013","Trimestre 3","1,874,758.24","711.07"
"05107","Briceño - Antioquia","2016","Trimestre 3","6,341,934.57","1,613.63"
"05107","Briceño - Antioquia","2018","Trimestre 3","84,083,378.67","22,066.20"
"05107","Briceño - Antioquia","2012","Trimestre 3","13,861,820.16","4,737.72"
"05107","Briceño - Antioquia","2016","Trimestre 3","9,597,888.18","2,356.44"
"05107","Briceño - Antioquia","2017","Trimestre 3","50,145,685.33","12,976.79"
"05107","Briceño - Antioquia","2018","Trimestre 3","74,738,605.59","20,310.13"
"05107","Briceño - Antioquia","2012","Trimestre 3","12,390,069.36","4,101.80"
"05107","Briceño - Antioquia","2016","Trimestre 3","10,408,282.33","2,543.76"
"05107","Briceño - Antioquia","2017","Trimestre 3","74,575,957.48","18,999.21"
"05107","Briceño - Antioquia","2018","Trimestre 3","14,547,560.79","3,976.59"
"05107","Briceño - Antioquia","2019","Trimestre 3","32,214,993.81","6,477.01"
"05107","Briceño - Antioquia","2020","Trimestre 3","146,888,478.81","20,326.77"
"05107","Briceño - Antioquia","2021","Trimestre 3","479,974.01","68.07"
"05107","Briceño - Antioquia","2022","Trimestre 3","419,393,580.02","54,907.04"
"05107","Briceño - Antioquia","2012","Trimestre 4","13,380,323.15","4,134.39"
"05107","Briceño - Antioquia","2016","Trimestre 4","9,936,868.82","2,493.91"
"05107","Briceño - Antioquia","2017","Trimestre 4","89,452,380.14","22,656.88"
"05107","Briceño - Antioquia","2012","Trimestre 4","2,010,309.56","619.69"
"05107","Briceño - Antioquia","2015","Trimestre 4","2,622,037.28","749.19"
"05107","Briceño - Antioquia","2016","Trimestre 4","10,891,500.22","2,850.64"
"05107","Briceño - Antioquia","2017","Trimestre 4","82,317,968.20","21,168.73"
"05107","Briceño - Antioquia","2018","Trimestre 4","624,223.84","162.04"
"05107","Briceño - Antioquia","2016","Trimestre 4","10,234,119.53","2,592.45"
"05107","Briceño - Antioquia","2017","Trimestre 4","36,582,249.50","9,198.41"
"05107","Briceño - Antioquia","2018","Trimestre 4","707,710.00","176.29"
"05107","Briceño - Antioquia","2019","Trimestre 4","4,342,535.76","843.35"
"05107","Briceño - Antioquia","2020","Trimestre 4","433,318,131.70","59,774.46"
"05107","Briceño - Antioquia","2021","Trimestre 4","533,899,956.77","76,841.66"
"05107","Briceño - Antioquia","2022","Trimestre 4","93,749,669.70","11,929.57"
"05113","Buritica","2026","Trimestre 1","4,628,980,530.45","266,332.90"
"05113","Buritica","2026","Trimestre 3","3,988,374,686.31","226,857.40"
"05113","Buritica","2026","Trimestre 2","1,823,529,206.40","102,868.70"
"05113","Buritica","2012","Trimestre 1","7,276,280.12","2,211.72"
"05113","Buritica","2013","Trimestre 1","102,334,849.58","32,817.42"
"05113","Buritica","2014","Trimestre 1","296,337,411.89","120,687.39"
"05113","Buritica","2015","Trimestre 1","50,438,506.95","17,416.86"
"05113","Buritica","2016","Trimestre 1","33,214,167.26","9,283.16"
"05113","Buritica","2017","Trimestre 1","13,657,406.53","3,828.23"
"05113","Buritica","2018","Trimestre 1","142,701,375.20","36,445.78"
"05113","Buritica","2019","Trimestre 1","235,532.42","57.29"
"05113","Buritica","2022","Trimestre 1","2,674,930,138.93","367,535.40"
"05113","Buritica","2023","Trimestre 1","5,486,655,947.93","629,377.41"
"05113","Buritica","2024","Trimestre 1","1,031,803,311.00","125,135.70"
"05113","Buritica","2025","Trimestre 1","9,095,118,223.16","758,543.90"
"05113","Buritica","2026","Trimestre 1","21,850,337,293.92","1,334,890.80"
"05113","Buritica","2012","Trimestre 1","33,477,962.85","10,623.62"
"05113","Buritica","2013","Trimestre 1","100,831,243.51","33,137.52"
"05113","Buritica","2014","Trimestre 1","363,333,413.46","144,781.87"
"05113","Buritica","2015","Trimestre 1","57,071,821.81","18,477.15"
"05113","Buritica","2016","Trimestre 1","26,376,857.71","7,117.08"
"05113","Buritica","2017","Trimestre 1","15,652,184.46","4,338.52"
"05113","Buritica","2018","Trimestre 1","29,093,000.01","7,401.62"
"05113","Buritica","2019","Trimestre 1","10,331,331.67","2,461.83"
"05113","Buritica","2023","Trimestre 1","3,480,471,046.00","379,891.90"
"05113","Buritica","2024","Trimestre 1","2,545,039,612.00","309,622.10"
"05113","Buritica","2025","Trimestre 1","7,029,212,957.08","586,885.90"
"05113","Buritica","2012","Trimestre 1","28,547,585.04","8,927.91"
"05113","Buritica","2013","Trimestre 1","97,632,618.41","32,547.96"
"05113","Buritica","2014","Trimestre 1","360,096,869.26","131,854.43"
"05113","Buritica","2015","Trimestre 1","105,926,923.17","34,656.78"
"05113","Buritica","2016","Trimestre 1","16,750,568.90","4,041.64"
"05113","Buritica","2017","Trimestre 1","25,982,937.45","7,099.68"
"05113","Buritica","2018","Trimestre 1","88,441,353.05","22,551.96"
"05113","Buritica","2019","Trimestre 1","9,019,010.07","2,136.47"
"05113","Buritica","2020","Trimestre 1","220,433,622.32","42,013.23"
"05113","Buritica","2021","Trimestre 1","8,398,332,777.00","1,262,839.61"
"05113","Buritica","2022","Trimestre 1","10,562,338,305.74","1,405,774.68"
"05113","Buritica","2023","Trimestre 1","8,528,109,386.91","942,388.70"
"05113","Buritica","2024","Trimestre 1","4,363,692,567.72","530,764.70"
"05113","Buritica","2025","Trimestre 1","11,612,672,825.96","956,367.30"
"05113","Buritica","2026","Trimestre 1","14,267,026,814.93","769,203.80"
"05113","Buritica","2012","Trimestre 2","22,501,462.35","7,399.32"
"05113","Buritica","2013","Trimestre 2","124,704,466.48","41,999.66"
"05113","Buritica","2014","Trimestre 2","156,367,511.87","56,282.72"
"05113","Buritica","2015","Trimestre 2","17,936,212.27","5,719.40"
"05113","Buritica","2016","Trimestre 2","801,371,335.11","224,032.31"
"05113","Buritica","2017","Trimestre 2","18,009,511.49","4,833.55"
"05113","Buritica","2018","Trimestre 2","13,410,555.51","3,453.95"
"05113","Buritica","2023","Trimestre 2","3,648,186,420.00","390,337.00"
"05113","Buritica","2024","Trimestre 2","10,645,411,296.00","1,265,147.20"
"05113","Buritica","2025","Trimestre 2","4,427,985,708.22","348,889.90"
"05113","Buritica","2026","Trimestre 2","16,036,369,554.02","857,304.50"
"05113","Buritica","2012","Trimestre 2","31,144,426.37","10,335.51"
"05113","Buritica","2013","Trimestre 2","134,690,131.26","48,172.25"
"05113","Buritica","2014","Trimestre 2","80,774,978.08","31,167.51"
"05113","Buritica","2015","Trimestre 2","66,848,564.75","21,737.38"
"05113","Buritica","2016","Trimestre 2","16,307,152.56","4,255.13"
"05113","Buritica","2017","Trimestre 2","5,951,384.53","1,590.70"
"05113","Buritica","2018","Trimestre 2","1,207,400.14","317.97"
"05113","Buritica","2023","Trimestre 2","8,430,824,457.00","909,334.11"
"05113","Buritica","2024","Trimestre 2","7,678,830,140.00","866,206.00"
"05113","Buritica","2026","Trimestre 2","6,886,654,740.31","377,436.70"
"05113","Buritica","2012","Trimestre 2","20,625,661.51","7,046.04"
"05113","Buritica","2013","Trimestre 2","153,667,154.95","57,180.67"
"05113","Buritica","2014","Trimestre 2","121,429,491.47","47,595.34"
"05113","Buritica","2015","Trimestre 2","41,210,620.56","14,187.13"
"05113","Buritica","2016","Trimestre 2","6,213,408.27","1,601.63"
"05113","Buritica","2017","Trimestre 2","7,365,370.48","1,966.69"
"05113","Buritica","2018","Trimestre 2","49,484,763.28","12,905.55"
"05113","Buritica","2019","Trimestre 2","106,235,297.00","25,606.90"
"05113","Buritica","2020","Trimestre 2","151,506,574.78","23,517.76"
"05113","Buritica","2021","Trimestre 2","11,053,073,437.81","1,640,155.99"
"05113","Buritica","2022","Trimestre 2","12,680,165,266.55","1,665,641.58"
"05113","Buritica","2023","Trimestre 2","6,635,928,630.00","712,361.50"
"05113","Buritica","2025","Trimestre 2","16,845,412,619.50","1,252,085.80"
"05113","Buritica","2026","Trimestre 2","8,207,448,278.38","462,290.00"
"05113","Buritica","2012","Trimestre 3","56,997,433.38","19,404.42"
"05113","Buritica","2013","Trimestre 3","160,090,609.49","60,720.17"
"05113","Buritica","2014","Trimestre 3","52,613,445.20","21,173.51"
"05113","Buritica","2015","Trimestre 3","2,768,958.96","890.96"
"05113","Buritica","2016","Trimestre 3","4,391,946.27","1,117.48"
"05113","Buritica","2017","Trimestre 3","33,014,123.39","8,598.14"
"05113","Buritica","2018","Trimestre 3","113,838,228.50","29,855.68"
"05113","Buritica","2023","Trimestre 3","2,443,171,482.00","286,904.90"
"05113","Buritica","2024","Trimestre 3","7,414,450,777.00","804,607.60"
"05113","Buritica","2025","Trimestre 3","18,956,899,622.18","1,337,403.00"
"05113","Buritica","2026","Trimestre 3","8,843,037,411.44","517,131.30"
"05113","Buritica","2012","Trimestre 3","52,879,070.84","18,043.09"
"05113","Buritica","2013","Trimestre 3","187,648,338.67","74,103.78"
"05113","Buritica","2014","Trimestre 3","19,801,717.68","7,899.80"
"05113","Buritica","2015","Trimestre 3","18,451,657.43","5,808.67"
"05113","Buritica","2017","Trimestre 3","34,973,938.75","9,050.58"
"05113","Buritica","2018","Trimestre 3","62,639,726.09","16,891.99"
"05113","Buritica","2023","Trimestre 3","7,430,704,004.00","852,323.75"
"05113","Buritica","2024","Trimestre 3","7,956,656,545.63","811,584.70"
"05113","Buritica","2025","Trimestre 3","4,882,793,134.00","347,533.10"
"05113","Buritica","2012","Trimestre 3","73,502,369.22","24,333.36"
"05113","Buritica","2013","Trimestre 3","197,943,074.22","74,816.70"
"05113","Buritica","2014","Trimestre 3","97,056,899.96","38,373.55"
"05113","Buritica","2015","Trimestre 3","37,932,221.91","10,957.28"
"05113","Buritica","2016","Trimestre 3","1,816,469.30","443.94"
"05113","Buritica","2017","Trimestre 3","503,347,089.23","134,622.72"
"05113","Buritica","2018","Trimestre 3","18,193,901.67","4,951.90"
"05113","Buritica","2019","Trimestre 3","122,163,880.60","27,606.78"
"05113","Buritica","2020","Trimestre 3","5,769,597,501.30","797,247.62"
"05113","Buritica","2021","Trimestre 3","11,177,603,471.32","1,581,286.99"
"05113","Buritica","2022","Trimestre 3","15,171,909,557.92","1,980,774.68"
"05113","Buritica","2023","Trimestre 3","3,295,629,821.47","407,428.60"
"05113","Buritica","2024","Trimestre 3","13,654,621,263.65","1,344,530.20"
"05113","Buritica","2025","Trimestre 3","13,118,023,465.69","938,815.10"
"05113","Buritica","2012","Trimestre 4","90,755,860.12","28,042.68"
"05113","Buritica","2013","Trimestre 4","330,658,278.29","124,150.82"
"05113","Buritica","2014","Trimestre 4","106,641,752.98","42,448.27"
"05113","Buritica","2015","Trimestre 4","40,807,053.71","11,523.79"
"05113","Buritica","2016","Trimestre 4","1,511,899.10","379.45"
"05113","Buritica","2017","Trimestre 4","23,587,307.09","5,974.46"
"05113","Buritica","2018","Trimestre 4","246,489.46","65.82"
"05113","Buritica","2023","Trimestre 4","8,045,034,534.00","991,567.70"
"05113","Buritica","2024","Trimestre 4","4,339,376,900.70","391,999.30"
"05113","Buritica","2025","Trimestre 4","12,465,217,632.85","863,448.50"
"05113","Buritica","2012","Trimestre 4","81,667,345.71","25,174.45"
"05113","Buritica","2013","Trimestre 4","157,994,636.88","61,857.89"
"05113","Buritica","2014","Trimestre 4","83,166,488.52","32,301.78"
"05113","Buritica","2015","Trimestre 4","48,682,496.04","13,887.48"
"05113","Buritica","2016","Trimestre 4","8,952,294.57","2,343.09"
"05113","Buritica","2017","Trimestre 4","21,443,487.60","5,513.96"
"05113","Buritica","2018","Trimestre 4","55,283,677.80","14,975.84"
"05113","Buritica","2024","Trimestre 4","5,945,559,445.25","534,750.00"
"05113","Buritica","2025","Trimestre 4","12,304,650,335.00","798,250.70"
"05113","Buritica","2012","Trimestre 4","113,499,413.34","34,936.74"
"05113","Buritica","2013","Trimestre 4","270,723,542.02","107,313.21"
"05113","Buritica","2014","Trimestre 4","133,654,896.90","51,947.61"
"05113","Buritica","2015","Trimestre 4","45,088,626.73","13,467.89"
"05113","Buritica","2016","Trimestre 4","540,529,317.36","136,429.02"
"05113","Buritica","2017","Trimestre 4","32,921,482.47","8,279.14"
"05113","Buritica","2018","Trimestre 4","534,976.63","136.21"
"05113","Buritica","2019","Trimestre 4","224,391,771.61","50,440.15"
"05113","Buritica","2020","Trimestre 4","10,499,105,844.78","1,430,332.07"
"05113","Buritica","2021","Trimestre 4","11,762,911,675.22","1,663,701.88"
"05113","Buritica","2022","Trimestre 4","13,830,531,647.64","1,725,298.24"
"05113","Buritica","2023","Trimestre 4","11,393,889,248.57","1,389,587.61"
"05113","Buritica","2024","Trimestre 4","10,938,812,379.68","928,645.30"
"05113","Buritica","2025","Trimestre 4","8,962,732,638.00","558,215.30"
"05120","Caceres","2026","Trimestre 1","252,895,531.87","1,248.79"
"05120","Caceres","2026","Trimestre 3","32,625,731.92","1,150.67"
"05120","Caceres","2026","Trimestre 2","29,512,315.19","1,104.72"
"05120","Caceres","2012","Trimestre 1","160,550,132.31","48,801.30"
"05120","Caceres","2013","Trimestre 1","248,029,872.02","79,175.86"
"05120","Caceres","2014","Trimestre 1","99,108,963.07","40,631.85"
"05120","Caceres","2015","Trimestre 1","52,110,844.24","17,988.98"
"05120","Caceres","2016","Trimestre 1","305,599,678.60","85,413.24"
"05120","Caceres","2017","Trimestre 1","498,860,023.36","139,832.62"
"05120","Caceres","2018","Trimestre 1","216,903,761.00","55,781.14"
"05120","Caceres","2019","Trimestre 1","260,017,079.90","63,284.46"
"05120","Caceres","2022","Trimestre 1","69,113,345.30","9,251.33"
"05120","Caceres","2023","Trimestre 1","86,748,423.88","8,774.58"
"05120","Caceres","2024","Trimestre 1","1,098,310.08","132.44"
"05120","Caceres","2025","Trimestre 1","205,789,552.43","17,835.42"
"05120","Caceres","2026","Trimestre 1","163,059,989.50","1,299.11"
"05120","Caceres","2012","Trimestre 1","212,187,362.26","67,099.56"
"05120","Caceres","2013","Trimestre 1","346,370,139.05","113,381.78"
"05120","Caceres","2014","Trimestre 1","174,542,449.96","69,552.05"
"05120","Caceres","2015","Trimestre 1","317,175,069.73","102,686.25"
"05120","Caceres","2016","Trimestre 1","408,771,466.19","110,295.96"
"05120","Caceres","2017","Trimestre 1","546,165,696.91","151,387.87"
"05120","Caceres","2018","Trimestre 1","392,782,071.20","99,928.63"
"05120","Caceres","2019","Trimestre 1","152,379,439.90","31,838.60"
"05120","Caceres","2023","Trimestre 1","180,241,609.60","18,289.13"
"05120","Caceres","2024","Trimestre 1","323,657,493.40","39,090.67"
"05120","Caceres","2025","Trimestre 1","49,235,663.64","3,859.03"
"05120","Caceres","2012","Trimestre 1","83,371,603.64","24,601.08"
"05120","Caceres","2013","Trimestre 1","342,425,892.64","113,823.38"
"05120","Caceres","2014","Trimestre 1","240,080,362.40","87,908.73"
"05120","Caceres","2015","Trimestre 1","21,040,262.61","6,857.66"
"05120","Caceres","2016","Trimestre 1","417,222,924.75","100,700.54"
"05120","Caceres","2017","Trimestre 1","183,043,808.44","50,015.61"
"05120","Caceres","2018","Trimestre 1","514,251,825.27","131,246.42"
"05120","Caceres","2019","Trimestre 1","177,272,332.10","38,791.86"
"05120","Caceres","2020","Trimestre 1","631,399,675.11","108,632.38"
"05120","Caceres","2021","Trimestre 1","218,901,885.50","28,734.59"
"05120","Caceres","2022","Trimestre 1","261,710,334.94","32,553.10"
"05120","Caceres","2023","Trimestre 1","321,612,158.71","35,928.79"
"05120","Caceres","2024","Trimestre 1","229,933,908.01","27,271.07"
"05120","Caceres","2025","Trimestre 1","568,809,380.50","93,696.46"
"05120","Caceres","2026","Trimestre 1","100,863,166.47","4,615.46"
"05120","Caceres","2012","Trimestre 2","94,294,931.03","29,612.44"
"05120","Caceres","2013","Trimestre 2","258,043,002.22","85,980.89"
"05120","Caceres","2014","Trimestre 2","171,084,090.94","61,579.79"
"05120","Caceres","2015","Trimestre 2","216,489,599.90","70,051.96"
"05120","Caceres","2016","Trimestre 2","459,369,711.60","114,023.08"
"05120","Caceres","2017","Trimestre 2","468,373,477.94","125,711.59"
"05120","Caceres","2018","Trimestre 2","416,985,004.70","107,396.41"
"05120","Caceres","2023","Trimestre 2","71,253,823.75","6,564.12"
"05120","Caceres","2024","Trimestre 2","394,162,527.80","45,734.19"
"05120","Caceres","2025","Trimestre 2","265,751,041.26","54,269.02"
"05120","Caceres","2026","Trimestre 2","50,628,314.19","1,424.56"
"05120","Caceres","2012","Trimestre 2","144,582,496.24","46,995.38"
"05120","Caceres","2013","Trimestre 2","129,650,542.12","45,449.71"
"05120","Caceres","2014","Trimestre 2","157,642,731.46","60,827.39"
"05120","Caceres","2015","Trimestre 2","63,280,961.84","20,491.45"
"05120","Caceres","2016","Trimestre 2","222,745,817.22","58,122.50"
"05120","Caceres","2017","Trimestre 2","458,515,449.47","122,554.87"
"05120","Caceres","2018","Trimestre 2","238,376,943.84","62,776.80"
"05120","Caceres","2023","Trimestre 2","388,468,021.70","40,319.12"
"05120","Caceres","2024","Trimestre 2","370,641,054.00","39,281.38"
"05120","Caceres","2026","Trimestre 2","58,858,598.27","2,274.16"
"05120","Caceres","2012","Trimestre 2","300,156,220.99","102,049.12"
"05120","Caceres","2013","Trimestre 2","217,068,199.37","80,360.29"
"05120","Caceres","2014","Trimestre 2","43,801,672.62","17,253.40"
"05120","Caceres","2015","Trimestre 2","57,622,500.80","19,185.38"
"05120","Caceres","2016","Trimestre 2","451,125,256.47","116,286.54"
"05120","Caceres","2017","Trimestre 2","485,306,284.99","129,586.63"
"05120","Caceres","2018","Trimestre 2","388,315,709.70","101,430.33"
"05120","Caceres","2019","Trimestre 2","523,666,179.10","123,632.55"
"05120","Caceres","2020","Trimestre 2","406,720,572.44","42,572.07"
"05120","Caceres","2021","Trimestre 2","727,837,522.95","99,501.51"
"05120","Caceres","2022","Trimestre 2","267,568,201.84","32,134.92"
"05120","Caceres","2023","Trimestre 2","370,433,549.90","38,381.11"
"05120","Caceres","2025","Trimestre 2","129,170,834.87","24,387.74"
"05120","Caceres","2026","Trimestre 2","26,980,685.17","1,140.44"
"05120","Caceres","2012","Trimestre 3","313,344,538.63","106,387.83"
"05120","Caceres","2013","Trimestre 3","174,109,418.58","65,430.82"
"05120","Caceres","2014","Trimestre 3","60,903,238.42","24,509.62"
"05120","Caceres","2015","Trimestre 3","129,895,228.98","41,796.13"
"05120","Caceres","2016","Trimestre 3","471,213,682.51","119,894.88"
"05120","Caceres","2017","Trimestre 3","161,983,040.55","42,202.75"
"05120","Caceres","2018","Trimestre 3","271,136,785.70","71,155.07"
"05120","Caceres","2023","Trimestre 3","542,181,822.50","60,477.05"
"05120","Caceres","2024","Trimestre 3","275,991,097.20","28,908.00"
"05120","Caceres","2025","Trimestre 3","105,600,084.73","1,367.37"
"05120","Caceres","2026","Trimestre 3","152,994,526.17","8,590.09"
"05120","Caceres","2012","Trimestre 3","211,073,769.12","72,047.04"
"05120","Caceres","2013","Trimestre 3","103,159,655.52","40,910.58"
"05120","Caceres","2014","Trimestre 3","114,087,958.41","45,514.84"
"05120","Caceres","2015","Trimestre 3","81,679,688.63","25,713.16"
"05120","Caceres","2016","Trimestre 3","549,721,575.43","134,965.84"
"05120","Caceres","2017","Trimestre 3","154,729,673.83","40,052.96"
"05120","Caceres","2018","Trimestre 3","276,120,973.20","75,035.56"
"05120","Caceres","2023","Trimestre 3","352,852,009.80","41,669.88"
"05120","Caceres","2024","Trimestre 3","627,254,405.44","64,110.45"
"05120","Caceres","2025","Trimestre 3","43,896,242.65","467.88"
"05120","Caceres","2012","Trimestre 3","255,868,494.88","84,569.59"
"05120","Caceres","2013","Trimestre 3","154,848,305.59","58,427.75"
"05120","Caceres","2014","Trimestre 3","112,013,242.25","44,286.86"
"05120","Caceres","2015","Trimestre 3","99,105,324.40","28,602.79"
"05120","Caceres","2016","Trimestre 3","518,834,843.23","126,801.78"
"05120","Caceres","2017","Trimestre 3","187,306,221.16","47,738.89"
"05120","Caceres","2018","Trimestre 3","127,314,242.80","34,801.47"
"05120","Caceres","2019","Trimestre 3","741,161,220.10","154,393.04"
"05120","Caceres","2020","Trimestre 3","1,429,272,695.74","182,806.21"
"05120","Caceres","2021","Trimestre 3","195,513,180.42","43,518.62"
"05120","Caceres","2022","Trimestre 3","208,866,812.50","24,703.92"
"05120","Caceres","2023","Trimestre 3","198,616,785.85","23,882.39"
"05120","Caceres","2024","Trimestre 3","497,420,593.99","48,788.64"
"05120","Caceres","2025","Trimestre 3","79,863,562.51","705.04"
"05120","Caceres","2012","Trimestre 4","262,752,535.87","81,101.19"
"05120","Caceres","2013","Trimestre 4","220,783,008.00","82,708.46"
"05120","Caceres","2014","Trimestre 4","123,122,838.04","49,008.49"
"05120","Caceres","2015","Trimestre 4","173,090,333.12","48,689.47"
"05120","Caceres","2016","Trimestre 4","557,252,503.80","139,856.86"
"05120","Caceres","2017","Trimestre 4","220,875,642.50","57,006.75"
"05120","Caceres","2018","Trimestre 4","201,590,880.10","53,853.53"
"05120","Caceres","2023","Trimestre 4","439,270,618.20","54,762.99"
"05120","Caceres","2024","Trimestre 4","342,914,687.08","37,338.13"
"05120","Caceres","2025","Trimestre 4","49,324,309.42","526.04"
"05120","Caceres","2012","Trimestre 4","313,107,327.64","95,865.13"
"05120","Caceres","2013","Trimestre 4","158,273,746.15","61,967.17"
"05120","Caceres","2014","Trimestre 4","158,717,098.46","61,645.56"
"05120","Caceres","2015","Trimestre 4","110,507,900.32","31,575.32"
"05120","Caceres","2016","Trimestre 4","540,374,667.42","141,432.62"
"05120","Caceres","2017","Trimestre 4","92,126,487.84","23,691.07"
"05120","Caceres","2018","Trimestre 4","252,171,597.20","65,570.86"
"05120","Caceres","2024","Trimestre 4","290,568,509.29","24,923.91"
"05120","Caceres","2025","Trimestre 4","64,938,331.24","560.75"
"05120","Caceres","2012","Trimestre 4","275,260,586.46","84,426.75"
"05120","Caceres","2013","Trimestre 4","193,190,668.77","76,579.64"
"05120","Caceres","2014","Trimestre 4","155,962,280.69","60,617.91"
"05120","Caceres","2015","Trimestre 4","215,854,290.80","64,489.11"
"05120","Caceres","2016","Trimestre 4","589,126,651.23","149,323.82"
"05120","Caceres","2017","Trimestre 4","109,413,282.10","27,516.99"
"05120","Caceres","2018","Trimestre 4","237,382,196.60","59,182.80"
"05120","Caceres","2019","Trimestre 4","863,157,506.94","155,645.19"
"05120","Caceres","2020","Trimestre 4","468,798,924.90","54,050.94"
"05120","Caceres","2021","Trimestre 4","490,004,188.56","76,095.49"
"05120","Caceres","2022","Trimestre 4","285,838,071.20","32,917.99"
"05120","Caceres","2023","Trimestre 4","987,627,115.92","117,002.01"
"05120","Caceres","2024","Trimestre 4","209,281,976.24","16,614.35"
"05120","Caceres","2025","Trimestre 4","152,173,230.60","2,055.05"
"05125","Caicedo","2016","Trimestre 1","1,676,740.97","468.64"
"05125","Caicedo","2016","Trimestre 1","7,055,869.85","1,903.84"
"05125","Caicedo","2017","Trimestre 1","1,644,276.11","455.77"
"05125","Caicedo","2016","Trimestre 1","6,499,549.90","1,585.11"
"05125","Caicedo","2015","Trimestre 2","13,262,961.83","4,229.22"
"05125","Caicedo","2016","Trimestre 2","4,318,044.98","1,069.45"
"05125","Caicedo","2016","Trimestre 2","1,145,922.22","299.01"
"05125","Caicedo","2016","Trimestre 2","5,336,926.25","1,375.70"
"05125","Caicedo","2016","Trimestre 3","11,140,037.60","2,834.45"
"05125","Caicedo","2017","Trimestre 3","74,623.05","20.39"
"05125","Caicedo","2015","Trimestre 3","5,524,550.89","1,739.15"
"05125","Caicedo","2016","Trimestre 3","562,862.33","138.19"
"05125","Caicedo","2015","Trimestre 3","5,262,391.57","1,648.07"
"05125","Caicedo","2016","Trimestre 3","2,474,078.41","604.66"
"05125","Caicedo","2015","Trimestre 4","2,523,418.33","709.83"
"05125","Caicedo","2016","Trimestre 4","6,804,276.44","1,707.71"
"05125","Caicedo","2015","Trimestre 4","23,744,512.78","6,781.80"
"05125","Caicedo","2016","Trimestre 4","3,246,960.99","820.35"
"05125","Caicedo","2015","Trimestre 4","2,878,819.13","851.13"
"05125","Caicedo","2016","Trimestre 4","2,313,609.95","586.07"
"05129","Caldas - Antioquia","2012","Trimestre 1","20,388.75","6.47"
"05129","Caldas - Antioquia","2014","Trimestre 4","332,132.69","129.00"
"05134","Campamento","2013","Trimestre 2","1,381,972.31","514.24"
"05138","Cañasgordas","2012","Trimestre 1","212,858,499.56","64,701.11"
"05138","Cañasgordas","2013","Trimestre 1","231,574,373.94","74,262.81"
"05138","Cañasgordas","2014","Trimestre 1","159,346,714.35","65,327.61"
"05138","Cañasgordas","2015","Trimestre 1","311,987.56","107.70"
"05138","Cañasgordas","2016","Trimestre 1","699,836.46","195.60"
"05138","Cañasgordas","2023","Trimestre 1","85,738,201.41","9,748.23"
"05138","Cañasgordas","2024","Trimestre 1","2,576,504.92","311.08"
"05138","Cañasgordas","2025","Trimestre 1","337,804,219.68","28,294.72"
"05138","Cañasgordas","2012","Trimestre 1","700,847,606.60","222,401.27"
"05138","Cañasgordas","2013","Trimestre 1","327,728,713.71","107,705.87"
"05138","Cañasgordas","2015","Trimestre 1","1,252,128.99","405.38"
"05138","Cañasgordas","2016","Trimestre 1","101,343,237.82","27,344.74"
"05138","Cañasgordas","2023","Trimestre 1","69,818,400.37","7,841.44"
"05138","Cañasgordas","2024","Trimestre 1","234,150,354.50","28,377.90"
"05138","Cañasgordas","2025","Trimestre 1","338,446,158.95","28,333.28"
"05138","Cañasgordas","2012","Trimestre 1","648,251,205.75","202,732.68"
"05138","Cañasgordas","2013","Trimestre 1","248,473,639.40","82,834.10"
"05138","Cañasgordas","2014","Trimestre 1","492,866.89","180.47"
"05138","Cañasgordas","2016","Trimestre 1","79,668,773.26","19,222.78"
"05138","Cañasgordas","2022","Trimestre 1","61,310,096.66","8,328.16"
"05138","Cañasgordas","2023","Trimestre 1","89,583,367.89","9,773.06"
"05138","Cañasgordas","2024","Trimestre 1","221,698,916.89","26,999.85"
"05138","Cañasgordas","2025","Trimestre 1","335,070,556.59","31,983.40"
"05138","Cañasgordas","2026","Trimestre 1","2,782,198.20","146.70"
"05138","Cañasgordas","2012","Trimestre 2","948,910,753.31","309,202.99"
"05138","Cañasgordas","2013","Trimestre 2","478,892,603.11","161,287.94"
"05138","Cañasgordas","2015","Trimestre 2","658,104.83","213.95"
"05138","Cañasgordas","2016","Trimestre 2","108,703,278.68","26,982.75"
"05138","Cañasgordas","2023","Trimestre 2","56,575,517.01","6,165.36"
"05138","Cañasgordas","2024","Trimestre 2","238,147,605.10","27,983.15"
"05138","Cañasgordas","2025","Trimestre 2","567,706,718.69","45,920.53"
"05138","Cañasgordas","2012","Trimestre 2","3,118,692,775.23","1,034,961.44"
"05138","Cañasgordas","2013","Trimestre 2","29,842,326.55","10,673.18"
"05138","Cañasgordas","2014","Trimestre 2","232,962.56","89.89"
"05138","Cañasgordas","2016","Trimestre 2","55,727,215.21","14,541.26"
"05138","Cañasgordas","2023","Trimestre 2","159,720,850.20","17,128.26"
"05138","Cañasgordas","2024","Trimestre 2","142,697,670.10","15,389.09"
"05138","Cañasgordas","2012","Trimestre 2","2,324,040,738.38","793,927.70"
"05138","Cañasgordas","2013","Trimestre 2","372,150.71","138.48"
"05138","Cañasgordas","2014","Trimestre 2","121,503.50","47.86"
"05138","Cañasgordas","2015","Trimestre 2","474,786.70","158.08"
"05138","Cañasgordas","2016","Trimestre 2","120,391,181.39","31,033.23"
"05138","Cañasgordas","2022","Trimestre 2","90,299,826.17","11,928.71"
"05138","Cañasgordas","2023","Trimestre 2","91,664,080.70","9,841.66"
"05138","Cañasgordas","2025","Trimestre 2","866,148,937.25","63,590.26"
"05138","Cañasgordas","2012","Trimestre 3","2,356,817,237.18","802,363.70"
"05138","Cañasgordas","2013","Trimestre 3","104,485.73","39.63"
"05138","Cañasgordas","2014","Trimestre 3","106,153.70","42.72"
"05138","Cañasgordas","2015","Trimestre 3","481,589.21","154.96"
"05138","Cañasgordas","2016","Trimestre 3","53,664,334.19","13,654.27"
"05138","Cañasgordas","2023","Trimestre 3","133,581,712.10","15,078.21"
"05138","Cañasgordas","2024","Trimestre 3","233,933,015.70","25,010.68"
"05138","Cañasgordas","2025","Trimestre 3","347,954,052.20","24,543.93"
"05138","Cañasgordas","2012","Trimestre 3","879,261,427.46","300,515.69"
"05138","Cañasgordas","2014","Trimestre 3","111,168.15","44.35"
"05138","Cañasgordas","2015","Trimestre 3","161,242.79","50.76"
"05138","Cañasgordas","2016","Trimestre 3","105,428,340.16","25,884.42"
"05138","Cañasgordas","2023","Trimestre 3","185,070,201.20","22,311.09"
"05138","Cañasgordas","2024","Trimestre 3","238,110,884.64","23,968.33"
"05138","Cañasgordas","2025","Trimestre 3","233,445,058.90","16,534.15"
"05138","Cañasgordas","2012","Trimestre 3","576,485,780.10","190,848.76"
"05138","Cañasgordas","2013","Trimestre 3","42,689.27","16.19"
"05138","Cañasgordas","2014","Trimestre 3","102,688.18","40.60"
"05138","Cañasgordas","2016","Trimestre 3","67,829,829.41","16,577.42"
"05138","Cañasgordas","2021","Trimestre 3","3,611,163.83","506.54"
"05138","Cañasgordas","2022","Trimestre 3","255,593,405.39","33,216.19"
"05138","Cañasgordas","2023","Trimestre 3","114,895,695.73","14,119.09"
"05138","Cañasgordas","2024","Trimestre 3","396,369,281.28","38,815.53"
"05138","Cañasgordas","2025","Trimestre 3","98,881,075.57","7,325.71"
"05138","Cañasgordas","2012","Trimestre 4","175,077,472.84","54,097.24"
"05138","Cañasgordas","2014","Trimestre 4","194,048.17","77.24"
"05138","Cañasgordas","2015","Trimestre 4","154,890.71","43.57"
"05138","Cañasgordas","2023","Trimestre 4","162,998,408.00","20,362.76"
"05138","Cañasgordas","2024","Trimestre 4","437,664,790.90","39,871.64"
"05138","Cañasgordas","2012","Trimestre 4","193,735.07","59.72"
"05138","Cañasgordas","2013","Trimestre 4","428,152.97","167.63"
"05138","Cañasgordas","2014","Trimestre 4","113,337.06","44.02"
"05138","Cañasgordas","2015","Trimestre 4","155,566.93","44.45"
"05138","Cañasgordas","2024","Trimestre 4","406,038,634.19","34,823.30"
"05138","Cañasgordas","2012","Trimestre 4","97,138,078.60","30,130.23"
"05138","Cañasgordas","2013","Trimestre 4","118,012,079.61","46,779.29"
"05138","Cañasgordas","2014","Trimestre 4","214,706.40","83.45"
"05138","Cañasgordas","2020","Trimestre 4","1,704,418.61","330.37"
"05138","Cañasgordas","2021","Trimestre 4","216,484,429.49","30,469.09"
"05138","Cañasgordas","2022","Trimestre 4","487,048,473.29","60,709.27"
"05138","Cañasgordas","2023","Trimestre 4","324,287,497.52","39,790.98"
"05138","Cañasgordas","2024","Trimestre 4","598,443,725.14","50,346.38"
"05138","Cañasgordas","2025","Trimestre 4","6,956,393.60","500.46"
"05142","Caracoli","2012","Trimestre 1","172,422.30","52.41"
"05142","Caracoli","2013","Trimestre 1","8,637,715.38","2,770.00"
"05142","Caracoli","2016","Trimestre 1","13,337,230.70","3,727.67"
"05142","Caracoli","2022","Trimestre 1","1,486,826.79","204.29"
"05142","Caracoli","2023","Trimestre 1","6,628,058.24","747.66"
"05142","Caracoli","2013","Trimestre 1","1,451,877.75","477.15"
"05142","Caracoli","2016","Trimestre 1","43,621,613.13","11,770.12"
"05142","Caracoli","2023","Trimestre 1","14,329,113.98","1,592.91"
"05142","Caracoli","2012","Trimestre 1","2,798,388.61","875.16"
"05142","Caracoli","2013","Trimestre 1","16,512,345.36","5,504.75"
"05142","Caracoli","2016","Trimestre 1","35,054,565.83","8,529.88"
"05142","Caracoli","2020","Trimestre 1","2,619,029.03","488.94"
"05142","Caracoli","2021","Trimestre 1","39,893,021.41","6,010.64"
"05142","Caracoli","2022","Trimestre 1","10,728,016.11","1,436.06"
"05142","Caracoli","2012","Trimestre 2","12,966,899.05","4,264.00"
"05142","Caracoli","2013","Trimestre 2","9,476,784.81","3,191.72"
"05142","Caracoli","2015","Trimestre 2","29,368,463.83","9,364.85"
"05142","Caracoli","2016","Trimestre 2","42,108,673.85","10,452.38"
"05142","Caracoli","2012","Trimestre 2","17,546,690.47","5,823.00"
"05142","Caracoli","2013","Trimestre 2","10,708,721.36","3,830.00"
"05142","Caracoli","2015","Trimestre 2","33,636,856.01","10,937.81"
"05142","Caracoli","2016","Trimestre 2","9,585,936.66","2,501.32"
"05142","Caracoli","2012","Trimestre 2","7,657,943.23","2,616.07"
"05142","Caracoli","2013","Trimestre 2","3,896,725.36","1,450.00"
"05142","Caracoli","2015","Trimestre 2","579,927.93","193.09"
"05142","Caracoli","2016","Trimestre 2","27,876,089.97","7,185.62"
"05142","Caracoli","2020","Trimestre 2","445,527.83","64.54"
"05142","Caracoli","2021","Trimestre 2","8,621,488.39","1,300.06"
"05142","Caracoli","2022","Trimestre 2","5,121,177.30","676.03"
"05142","Caracoli","2012","Trimestre 3","2,678,856.63","912.00"
"05142","Caracoli","2016","Trimestre 3","28,496,866.07","7,250.70"
"05142","Caracoli","2017","Trimestre 3","120,421.75","32.90"
"05142","Caracoli","2023","Trimestre 3","803,951.71","86.44"
"05142","Caracoli","2012","Trimestre 3","942,121.12","322.00"
"05142","Caracoli","2015","Trimestre 3","35,242,723.25","11,094.58"
"05142","Caracoli","2016","Trimestre 3","9,114,784.92","2,252.60"
"05142","Caracoli","2017","Trimestre 3","293,309.47","76.39"
"05142","Caracoli","2012","Trimestre 3","9,841,251.64","3,258.00"
"05142","Caracoli","2015","Trimestre 3","26,965,855.73","8,198.81"
"05142","Caracoli","2016","Trimestre 3","14,304,282.78","3,495.93"
"05142","Caracoli","2019","Trimestre 3","3,781,335.07","778.37"
"05142","Caracoli","2020","Trimestre 3","32,241,175.54","4,572.90"
"05142","Caracoli","2021","Trimestre 3","4,966,088.93","704.89"
"05142","Caracoli","2022","Trimestre 3","7,540,333.95","970.54"
"05142","Caracoli","2012","Trimestre 4","1,356,029.64","419.00"
"05142","Caracoli","2015","Trimestre 4","91,345,431.73","25,695.02"
"05142","Caracoli","2016","Trimestre 4","29,411,225.25","7,381.50"
"05142","Caracoli","2012","Trimestre 4","11,628,678.45","3,584.61"
"05142","Caracoli","2015","Trimestre 4","16,233,018.45","4,635.72"
"05142","Caracoli","2016","Trimestre 4","22,193,653.62","5,658.23"
"05142","Caracoli","2012","Trimestre 4","8,727,617.39","2,707.25"
"05142","Caracoli","2015","Trimestre 4","7,956,416.41","2,377.39"
"05142","Caracoli","2016","Trimestre 4","19,274,170.91","4,886.02"
"05142","Caracoli","2019","Trimestre 4","5,115,551.73","971.06"
"05142","Caracoli","2020","Trimestre 4","48,042,740.97","6,575.09"
"05142","Caracoli","2021","Trimestre 4","21,441,112.94","3,057.76"
"05142","Caracoli","2022","Trimestre 4","77,998,799.60","9,828.72"
"05145","Caramanta","2013","Trimestre 3","1,212.91","21.66"
"05147","Carepa","2013","Trimestre 1","528,179.14","169.38"
"05147","Carepa","2012","Trimestre 3","933,771.06","309.13"
"05150","Carolina","2024","Trimestre 1","228,549.76","27.86"
"05150","Carolina","2024","Trimestre 2","352,258.67","42.94"
"05150","Carolina","2024","Trimestre 2","619,714.14","66.69"
"05150","Carolina","2023","Trimestre 3","2,024,760.39","217.70"
"05150","Carolina","2024","Trimestre 3","354,185.18","35.56"
"05150","Carolina","2022","Trimestre 3","905,525.94","115.72"
"05150","Carolina","2024","Trimestre 3","1,652,117.87","163.30"
"05150","Carolina","2023","Trimestre 4","488,755.00","61.83"
"05150","Carolina","2024","Trimestre 4","593,676.53","53.63"
"05150","Carolina","2023","Trimestre 4","383,167.23","46.47"
"05154","Caucasia","2026","Trimestre 1","21,992,392,676.39","1,240,612.42"
"05154","Caucasia","2026","Trimestre 3","2,995,618,400.34","167,691.03"
"05154","Caucasia","2026","Trimestre 2","3,963,292,536.67","223,892.99"
"05154","Caucasia","2012","Trimestre 1","395,595,318.20","120,246.34"
"05154","Caucasia","2013","Trimestre 1","1,154,123,021.72","370,111.84"
"05154","Caucasia","2014","Trimestre 1","963,425,161.34","389,502.12"
"05154","Caucasia","2015","Trimestre 1","89,779,796.03","30,992.53"
"05154","Caucasia","2016","Trimestre 1","165,567,998.24","46,275.24"
"05154","Caucasia","2017","Trimestre 1","111,402,489.20","31,226.60"
"05154","Caucasia","2018","Trimestre 1","494,137,989.50","127,077.45"
"05154","Caucasia","2019","Trimestre 1","1,000,401,360.00","242,412.25"
"05154","Caucasia","2022","Trimestre 1","2,141,215,508.04","294,203.01"
"05154","Caucasia","2023","Trimestre 1","7,400,793,020.00","831,385.59"
"05154","Caucasia","2024","Trimestre 1","29,641,261,562.83","3,927,661.59"
"05154","Caucasia","2025","Trimestre 1","9,480,084,994.96","784,689.34"
"05154","Caucasia","2026","Trimestre 1","20,734,182,581.53","1,251,165.61"
"05154","Caucasia","2012","Trimestre 1","668,722,412.93","212,206.92"
"05154","Caucasia","2013","Trimestre 1","1,301,414,547.58","427,701.27"
"05154","Caucasia","2014","Trimestre 1","932,929,539.43","371,755.75"
"05154","Caucasia","2015","Trimestre 1","121,791,237.05","39,430.23"
"05154","Caucasia","2016","Trimestre 1","134,552,872.40","36,347.96"
"05154","Caucasia","2017","Trimestre 1","96,072,360.47","26,629.63"
"05154","Caucasia","2018","Trimestre 1","735,828,898.70","187,301.90"
"05154","Caucasia","2019","Trimestre 1","1,137,019,212.00","269,970.53"
"05154","Caucasia","2023","Trimestre 1","9,023,954,289.90","988,322.48"
"05154","Caucasia","2024","Trimestre 1","6,825,514,901.87","816,027.40"
"05154","Caucasia","2025","Trimestre 1","9,715,973,069.93","799,843.97"
"05154","Caucasia","2012","Trimestre 1","615,273,875.76","192,419.42"
"05154","Caucasia","2013","Trimestre 1","1,441,332,940.32","480,499.73"
"05154","Caucasia","2014","Trimestre 1","955,894,843.06","350,491.74"
"05154","Caucasia","2015","Trimestre 1","24,484,840.19","7,953.04"
"05154","Caucasia","2016","Trimestre 1","171,046,923.80","41,421.49"
"05154","Caucasia","2017","Trimestre 1","98,123,908.18","26,811.80"
"05154","Caucasia","2018","Trimestre 1","679,878,756.01","173,481.90"
"05154","Caucasia","2019","Trimestre 1","1,221,089,947.00","288,195.98"
"05154","Caucasia","2020","Trimestre 1","4,504,429,736.34","847,139.61"
"05154","Caucasia","2021","Trimestre 1","9,088,853,747.00","1,356,547.96"
"05154","Caucasia","2022","Trimestre 1","12,819,882,749.59","1,695,567.17"
"05154","Caucasia","2023","Trimestre 1","8,413,579,910.77","941,762.17"
"05154","Caucasia","2024","Trimestre 1","7,954,320,331.16","963,601.34"
"05154","Caucasia","2025","Trimestre 1","4,626,079,693.38","763,147.53"
"05154","Caucasia","2026","Trimestre 1","28,089,499,717.17","1,515,400.82"
"05154","Caucasia","2012","Trimestre 2","387,793,668.08","127,521.02"
"05154","Caucasia","2013","Trimestre 2","1,717,725,595.69","578,518.90"
"05154","Caucasia","2014","Trimestre 2","781,989,143.46","281,468.16"
"05154","Caucasia","2015","Trimestre 2","505,378,718.23","163,003.63"
"05154","Caucasia","2016","Trimestre 2","153,943,850.12","38,210.72"
"05154","Caucasia","2017","Trimestre 2","158,160,457.71","42,668.33"
"05154","Caucasia","2018","Trimestre 2","690,171,822.60","177,681.50"
"05154","Caucasia","2023","Trimestre 2","6,436,707,508.00","681,942.96"
"05154","Caucasia","2024","Trimestre 2","10,422,674,422.54","1,208,482.75"
"05154","Caucasia","2025","Trimestre 2","6,226,425,963.64","278,956.30"
"05154","Caucasia","2026","Trimestre 2","15,258,733,612.31","814,163.13"
"05154","Caucasia","2012","Trimestre 2","1,029,301,180.35","340,292.16"
"05154","Caucasia","2013","Trimestre 2","1,148,240,639.35","410,671.03"
"05154","Caucasia","2014","Trimestre 2","560,987,736.30","216,460.48"
"05154","Caucasia","2015","Trimestre 2","507,908,742.63","164,730.82"
"05154","Caucasia","2016","Trimestre 2","137,417,459.67","35,857.22"
"05154","Caucasia","2017","Trimestre 2","263,276,026.78","70,384.87"
"05154","Caucasia","2018","Trimestre 2","806,431,216.12","212,206.16"
"05154","Caucasia","2023","Trimestre 2","8,293,589,807.00","881,649.15"
"05154","Caucasia","2024","Trimestre 2","9,318,165,004.00","1,006,245.54"
"05154","Caucasia","2026","Trimestre 2","15,863,365,231.77","882,930.70"
"05154","Caucasia","2012","Trimestre 2","998,954,871.91","341,258.19"
"05154","Caucasia","2013","Trimestre 2","1,364,183,366.84","507,622.61"
"05154","Caucasia","2014","Trimestre 2","700,147,256.54","275,509.50"
"05154","Caucasia","2015","Trimestre 2","383,911,549.00","127,431.48"
"05154","Caucasia","2016","Trimestre 2","133,409,241.38","34,388.89"
"05154","Caucasia","2017","Trimestre 2","355,242,744.70","94,772.38"
"05154","Caucasia","2018","Trimestre 2","972,416,575.10","244,308.02"
"05154","Caucasia","2019","Trimestre 2","1,908,149,841.00","435,363.48"
"05154","Caucasia","2020","Trimestre 2","7,675,688,826.74","1,142,816.74"
"05154","Caucasia","2021","Trimestre 2","11,404,586,065.48","1,688,197.47"
"05154","Caucasia","2022","Trimestre 2","13,526,635,785.51","1,761,694.49"
"05154","Caucasia","2023","Trimestre 2","7,940,074,965.00","844,063.09"
"05154","Caucasia","2025","Trimestre 2","17,664,134,251.67","1,271,373.56"
"05154","Caucasia","2026","Trimestre 2","5,217,803,032.12","291,761.52"
"05154","Caucasia","2012","Trimestre 3","990,609,927.43","337,246.96"
"05154","Caucasia","2013","Trimestre 3","1,128,553,501.28","428,044.81"
"05154","Caucasia","2014","Trimestre 3","752,724,521.42","302,922.95"
"05154","Caucasia","2015","Trimestre 3","279,064,601.19","89,794.06"
"05154","Caucasia","2016","Trimestre 3","33,022,857.86","8,402.28"
"05154","Caucasia","2017","Trimestre 3","194,850,202.98","50,918.75"
"05154","Caucasia","2018","Trimestre 3","918,968,158.40","241,493.20"
"05154","Caucasia","2023","Trimestre 3","8,917,517,064.00","1,013,559.48"
"05154","Caucasia","2024","Trimestre 3","10,273,706,407.00","1,094,583.92"
"05154","Caucasia","2025","Trimestre 3","10,139,923,210.39","703,673.57"
"05154","Caucasia","2026","Trimestre 3","12,202,947,512.69","758,072.49"
"05154","Caucasia","2012","Trimestre 3","1,010,161,759.61","341,990.76"
"05154","Caucasia","2013","Trimestre 3","1,078,068,235.21","424,627.42"
"05154","Caucasia","2014","Trimestre 3","881,798,140.81","351,789.13"
"05154","Caucasia","2015","Trimestre 3","155,150,694.76","48,925.14"
"05154","Caucasia","2016","Trimestre 3","103,600,390.32","25,446.40"
"05154","Caucasia","2017","Trimestre 3","468,057,099.42","121,215.11"
"05154","Caucasia","2018","Trimestre 3","830,105,492.30","225,580.21"
"05154","Caucasia","2023","Trimestre 3","8,939,503,873.87","1,069,751.25"
"05154","Caucasia","2024","Trimestre 3","9,902,097,505.77","994,563.06"
"05154","Caucasia","2025","Trimestre 3","8,578,101,467.00","606,326.12"
"05154","Caucasia","2012","Trimestre 3","1,512,635,420.88","500,766.20"
"05154","Caucasia","2013","Trimestre 3","1,206,301,807.06","454,841.60"
"05154","Caucasia","2014","Trimestre 3","627,705,292.14","248,176.90"
"05154","Caucasia","2015","Trimestre 3","59,659,346.12","17,535.48"
"05154","Caucasia","2016","Trimestre 3","166,655,451.72","40,730.12"
"05154","Caucasia","2017","Trimestre 3","587,355,675.33","149,866.64"
"05154","Caucasia","2018","Trimestre 3","824,047,833.50","225,254.08"
"05154","Caucasia","2019","Trimestre 3","3,381,691,204.00","703,378.18"
"05154","Caucasia","2020","Trimestre 3","9,745,759,825.50","1,390,014.72"
"05154","Caucasia","2021","Trimestre 3","10,912,272,226.95","2,158,046.31"
"05154","Caucasia","2022","Trimestre 3","21,688,174,725.12","2,793,277.85"
"05154","Caucasia","2023","Trimestre 3","8,385,344,436.85","1,023,935.18"
"05154","Caucasia","2024","Trimestre 3","14,351,560,795.07","1,396,411.36"
"05154","Caucasia","2025","Trimestre 3","11,049,955,124.64","781,432.26"
"05154","Caucasia","2012","Trimestre 4","1,325,570,509.22","409,588.42"
"05154","Caucasia","2013","Trimestre 4","1,573,413,560.12","590,762.72"
"05154","Caucasia","2014","Trimestre 4","482,650,699.60","192,116.94"
"05154","Caucasia","2015","Trimestre 4","72,698,805.86","20,449.82"
"05154","Caucasia","2016","Trimestre 4","195,737,379.31","49,125.33"
"05154","Caucasia","2017","Trimestre 4","685,510,073.40","196,196.67"
"05154","Caucasia","2018","Trimestre 4","1,076,061,387.00","286,876.97"
"05154","Caucasia","2023","Trimestre 4","8,828,942,231.00","1,096,123.15"
"05154","Caucasia","2024","Trimestre 4","18,605,814,436.98","1,700,792.40"
"05154","Caucasia","2025","Trimestre 4","11,403,993,254.37","776,886.17"
"05154","Caucasia","2012","Trimestre 4","1,278,605,431.71","394,137.81"
"05154","Caucasia","2013","Trimestre 4","1,048,566,781.87","410,533.76"
"05154","Caucasia","2014","Trimestre 4","490,693,923.60","190,585.02"
"05154","Caucasia","2015","Trimestre 4","94,562,438.21","27,018.07"
"05154","Caucasia","2016","Trimestre 4","212,113,858.85","55,387.58"
"05154","Caucasia","2017","Trimestre 4","791,198,540.20","204,083.19"
"05154","Caucasia","2018","Trimestre 4","1,011,062,852.00","259,289.78"
"05154","Caucasia","2024","Trimestre 4","13,391,617,863.29","1,149,579.78"
"05154","Caucasia","2025","Trimestre 4","10,401,816,408.00","654,536.31"
"05154","Caucasia","2012","Trimestre 4","1,022,163,285.00","311,138.75"
"05154","Caucasia","2013","Trimestre 4","1,446,097,679.20","573,224.56"
"05154","Caucasia","2014","Trimestre 4","703,114,048.58","273,279.54"
"05154","Caucasia","2015","Trimestre 4","91,204,666.22","27,245.42"
"05154","Caucasia","2016","Trimestre 4","197,349,852.22","50,031.06"
"05154","Caucasia","2017","Trimestre 4","640,002,185.70","161,072.91"
"05154","Caucasia","2018","Trimestre 4","988,275,925.40","246,410.10"
"05154","Caucasia","2019","Trimestre 4","5,444,121,945.15","1,035,415.48"
"05154","Caucasia","2020","Trimestre 4","14,182,856,602.73","1,933,883.76"
"05154","Caucasia","2021","Trimestre 4","23,789,053,999.70","4,020,414.63"
"05154","Caucasia","2022","Trimestre 4","24,498,995,829.18","3,055,901.54"
"05154","Caucasia","2023","Trimestre 4","15,832,105,087.68","1,896,060.29"
"05154","Caucasia","2024","Trimestre 4","13,477,794,682.13","1,123,970.76"
"05154","Caucasia","2025","Trimestre 4","24,748,348,087.54","1,550,867.84"
"05172","Chigorodo","2025","Trimestre 1","839,860.93","70.41"
"05190","Cisneros","2026","Trimestre 1","53,768,915.61","- 0"
"05190","Cisneros","2026","Trimestre 3","9,784,447.28","- 0"
"05190","Cisneros","2026","Trimestre 2","58,300,487.45","- 0"
"05190","Cisneros","2013","Trimestre 1","5,082,843.34","1,630.00"
"05190","Cisneros","2022","Trimestre 1","758,515.29","104.22"
"05190","Cisneros","2023","Trimestre 1","1,774,343.76","200.15"
"05190","Cisneros","2025","Trimestre 1","21,599,469.49","125.45"
"05190","Cisneros","2026","Trimestre 1","148,753,396.66","- 0"
"05190","Cisneros","2023","Trimestre 1","2,227,290.88","263.53"
"05190","Cisneros","2024","Trimestre 1","32,347,533.20","3,909.82"
"05190","Cisneros","2025","Trimestre 1","38,097,415.22","- 0"
"05190","Cisneros","2012","Trimestre 1","5,327,145.62","1,666.00"
"05190","Cisneros","2013","Trimestre 1","9,058,955.08","3,020.00"
"05190","Cisneros","2015","Trimestre 1","13,670,610.75","4,472.70"
"05190","Cisneros","2021","Trimestre 1","11,636.90","- 0"
"05190","Cisneros","2022","Trimestre 1","6,018,340.09","812.56"
"05190","Cisneros","2023","Trimestre 1","2,762,204.77","367.72"
"05190","Cisneros","2024","Trimestre 1","66,021,467.90","8,057.20"
"05190","Cisneros","2025","Trimestre 1","88,089,778.29","4,841.67"
"05190","Cisneros","2026","Trimestre 1","134,850,052.09","- 0"
"05190","Cisneros","2012","Trimestre 2","14,432,669.53","4,746.00"
"05190","Cisneros","2013","Trimestre 2","6,974,599.12","2,349.00"
"05190","Cisneros","2015","Trimestre 2","19,381,439.04","6,341.15"
"05190","Cisneros","2023","Trimestre 2","4,754,972.26","632.34"
"05190","Cisneros","2024","Trimestre 2","53,983,676.47","6,227.15"
"05190","Cisneros","2025","Trimestre 2","26,859,588.47","- 0"
"05190","Cisneros","2026","Trimestre 2","54,582,655.14","- 0"
"05190","Cisneros","2012","Trimestre 2","14,250,094.32","4,729.00"
"05190","Cisneros","2014","Trimestre 2","1,677,024.59","647.09"
"05190","Cisneros","2024","Trimestre 2","38,676,582.65","4,162.25"
"05190","Cisneros","2026","Trimestre 2","46,052,671.20","- 0"
"05190","Cisneros","2012","Trimestre 2","29,383,936.26","10,038.00"
"05190","Cisneros","2013","Trimestre 2","4,165,465.04","1,550.00"
"05190","Cisneros","2021","Trimestre 2","959,409.47","134.55"
"05190","Cisneros","2022","Trimestre 2","18,930,390.35","2,503.45"
"05190","Cisneros","2023","Trimestre 2","1,056,658.47","140.37"
"05190","Cisneros","2025","Trimestre 2","216,353,741.52","64.86"
"05190","Cisneros","2026","Trimestre 2","65,156,172.18","- 0"
"05190","Cisneros","2012","Trimestre 3","10,057,461.75","3,424.00"
"05190","Cisneros","2024","Trimestre 3","29,944,086.63","3,207.96"
"05190","Cisneros","2025","Trimestre 3","207,307,709.74","- 0"
"05190","Cisneros","2026","Trimestre 3","88,023,447.66","- 0"
"05190","Cisneros","2012","Trimestre 3","4,976,857.24","1,701.00"
"05190","Cisneros","2023","Trimestre 3","7,654,703.47","938.24"
"05190","Cisneros","2025","Trimestre 3","145,022,951.90","- 0"
"05190","Cisneros","2012","Trimestre 3","9,074,008.57","3,004.00"
"05190","Cisneros","2013","Trimestre 3","2,668,409.22","1,012.00"
"05190","Cisneros","2019","Trimestre 3","660,341.90","133.22"
"05190","Cisneros","2022","Trimestre 3","2,961,031.53","380.07"
"05190","Cisneros","2023","Trimestre 3","67,198,348.74","7,960.53"
"05190","Cisneros","2024","Trimestre 3","36,565,277.19","117.57"
"05190","Cisneros","2025","Trimestre 3","42,937,616.61","- 0"
"05190","Cisneros","2012","Trimestre 4","10,942,091.24","3,381.00"
"05190","Cisneros","2013","Trimestre 4","6,400,053.12","2,403.00"
"05190","Cisneros","2023","Trimestre 4","60,721,669.75","7,487.64"
"05190","Cisneros","2024","Trimestre 4","43,843,811.07","559.83"
"05190","Cisneros","2025","Trimestre 4","93,877,819.94","- 0"
"05190","Cisneros","2012","Trimestre 4","12,288,487.16","3,788.00"
"05190","Cisneros","2013","Trimestre 4","2,766,558.31","1,083.16"
"05190","Cisneros","2024","Trimestre 4","37,932,465.89","- 0"
"05190","Cisneros","2025","Trimestre 4","182,485,127.50","- 0"
"05190","Cisneros","2012","Trimestre 4","11,989,291.37","3,719.00"
"05190","Cisneros","2013","Trimestre 4","5,924,407.31","2,348.40"
"05190","Cisneros","2021","Trimestre 4","44,779,984.86","6,346.97"
"05190","Cisneros","2022","Trimestre 4","3,564,921.05","424.57"
"05190","Cisneros","2023","Trimestre 4","175,708,697.34","21,655.27"
"05190","Cisneros","2024","Trimestre 4","30,548,043.91","- 0"
"05190","Cisneros","2025","Trimestre 4","98,829,996.27","- 0"
"05197","Cocorna","2022","Trimestre 1","470,142.32","62.82"
"05197","Cocorna","2021","Trimestre 3","426,788.99","59.91"
"05197","Cocorna","2022","Trimestre 3","311,649.06","41.26"
"05197","Cocorna","2021","Trimestre 4","1,754,388.82","245.91"
"05206","Concepcion - Antioquia","2015","Trimestre 1","123,795,423.42","40,502.93"
"05206","Concepcion - Antioquia","2015","Trimestre 2","59,697,788.30","19,036.10"
"05206","Concepcion - Antioquia","2015","Trimestre 2","160,681,741.44","52,249.44"
"05206","Concepcion - Antioquia","2013","Trimestre 3","14,897,756.00","5,916.45"
"05212","Copacabana","2026","Trimestre 1","16,021,043.41","- 0"
"05212","Copacabana","2026","Trimestre 3","6,477,304.77","- 0"
"05212","Copacabana","2026","Trimestre 2","19,399,949.74","- 0"
"05212","Copacabana","2026","Trimestre 1","6,436,347.11","- 0"
"05212","Copacabana","2020","Trimestre 1","62,723.77","23.57"
"05212","Copacabana","2026","Trimestre 1","10,375,727.92","- 0"
"05212","Copacabana","2026","Trimestre 2","11,241,120.11","- 0"
"05212","Copacabana","2026","Trimestre 2","9,675,585.18","- 0"
"05212","Copacabana","2026","Trimestre 2","5,384,189.58","- 0"
"05212","Copacabana","2026","Trimestre 3","10,022,780.18","- 0"
"05212","Copacabana","2024","Trimestre 3","263,705.92","- 0"
"05212","Copacabana","2025","Trimestre 4","2,224,769.34","- 0"
"05212","Copacabana","2019","Trimestre 4","91,235.82","35.44"
"05212","Copacabana","2025","Trimestre 4","2,011,254.07","992.10"
"05234","Dabeiba","2026","Trimestre 1","240,934,045.38","13,398.90"
"05234","Dabeiba","2026","Trimestre 3","29,382,281.56","1,663.55"
"05234","Dabeiba","2026","Trimestre 2","682,903.30","36.73"
"05234","Dabeiba","2012","Trimestre 1","10,784,897.85","3,278.21"
"05234","Dabeiba","2019","Trimestre 1","21,023,860.72","5,114.06"
"05234","Dabeiba","2022","Trimestre 1","47,715,720.67","6,556.14"
"05234","Dabeiba","2023","Trimestre 1","351,432,619.30","40,007.78"
"05234","Dabeiba","2024","Trimestre 1","329,667,208.80","39,981.59"
"05234","Dabeiba","2025","Trimestre 1","154,121,752.72","13,420.83"
"05234","Dabeiba","2026","Trimestre 1","332,165,318.88","19,961.89"
"05234","Dabeiba","2012","Trimestre 1","9,351.35","- 0"
"05234","Dabeiba","2013","Trimestre 1","4,230,664.95","1,390.38"
"05234","Dabeiba","2019","Trimestre 1","35,694,182.45","8,489.80"
"05234","Dabeiba","2023","Trimestre 1","260,033,945.60","28,367.80"
"05234","Dabeiba","2024","Trimestre 1","165,618,461.80","19,996.31"
"05234","Dabeiba","2025","Trimestre 1","296,328,475.81","24,825.05"
"05234","Dabeiba","2013","Trimestre 1","4,412,191.07","1,470.90"
"05234","Dabeiba","2019","Trimestre 1","16,839,448.49","3,980.61"
"05234","Dabeiba","2020","Trimestre 1","167,578,359.68","34,410.26"
"05234","Dabeiba","2021","Trimestre 1","322,171,871.30","47,513.92"
"05234","Dabeiba","2022","Trimestre 1","491,733,821.46","65,946.08"
"05234","Dabeiba","2023","Trimestre 1","300,215,090.65","32,704.36"
"05234","Dabeiba","2024","Trimestre 1","77,325,207.49","9,425.87"
"05234","Dabeiba","2025","Trimestre 1","467,741,202.64","38,967.04"
"05234","Dabeiba","2026","Trimestre 1","296,761,754.28","15,811.81"
"05234","Dabeiba","2012","Trimestre 2","1,390,201.20","457.15"
"05234","Dabeiba","2015","Trimestre 2","12,597,393.75","4,113.07"
"05234","Dabeiba","2016","Trimestre 2","1,506,905.76","374.05"
"05234","Dabeiba","2023","Trimestre 2","239,122,698.40","25,565.18"
"05234","Dabeiba","2024","Trimestre 2","126,103,793.20","15,061.37"
"05234","Dabeiba","2025","Trimestre 2","422,258,265.58","33,991.66"
"05234","Dabeiba","2026","Trimestre 2","87,871,054.24","4,711.50"
"05234","Dabeiba","2012","Trimestre 2","82,371.06","- 0"
"05234","Dabeiba","2015","Trimestre 2","10,165,404.83","3,305.52"
"05234","Dabeiba","2023","Trimestre 2","290,525,860.40","31,158.86"
"05234","Dabeiba","2024","Trimestre 2","266,353,250.90","29,647.21"
"05234","Dabeiba","2026","Trimestre 2","191,024,001.73","10,460.52"
"05234","Dabeiba","2019","Trimestre 2","215,639,386.90","51,161.00"
"05234","Dabeiba","2020","Trimestre 2","185,805,083.93","32,179.95"
"05234","Dabeiba","2021","Trimestre 2","164,804,340.27","24,764.66"
"05234","Dabeiba","2022","Trimestre 2","445,482,751.88","58,618.29"
"05234","Dabeiba","2023","Trimestre 2","292,403,441.10","31,421.02"
"05234","Dabeiba","2025","Trimestre 2","271,427,222.54","21,298.51"
"05234","Dabeiba","2026","Trimestre 2","22,090,969.10","1,257.90"
"05234","Dabeiba","2018","Trimestre 3","19,843,091.16","5,207.47"
"05234","Dabeiba","2023","Trimestre 3","392,183,545.70","43,937.04"
"05234","Dabeiba","2024","Trimestre 3","386,484,129.80","41,380.37"
"05234","Dabeiba","2025","Trimestre 3","23,928,459.07","1,844.98"
"05234","Dabeiba","2026","Trimestre 3","157,386,964.86","9,248.58"
"05234","Dabeiba","2018","Trimestre 3","31,891,209.82","8,666.40"
"05234","Dabeiba","2023","Trimestre 3","512,159,981.50","61,955.37"
"05234","Dabeiba","2024","Trimestre 3","264,371,368.96","26,834.05"
"05234","Dabeiba","2025","Trimestre 3","2,280,879.88","164.09"
"05234","Dabeiba","2018","Trimestre 3","43,784,342.59","11,968.49"
"05234","Dabeiba","2019","Trimestre 3","267,930,012.18","54,563.47"
"05234","Dabeiba","2020","Trimestre 3","266,884,679.56","39,902.24"
"05234","Dabeiba","2021","Trimestre 3","613,976,830.21","107,102.79"
"05234","Dabeiba","2022","Trimestre 3","746,733,177.64","97,025.37"
"05234","Dabeiba","2023","Trimestre 3","269,077,520.19","33,213.99"
"05234","Dabeiba","2024","Trimestre 3","723,665,091.70","71,998.00"
"05234","Dabeiba","2025","Trimestre 3","1,648,383.77","118.00"
"05234","Dabeiba","2018","Trimestre 4","47,794,685.08","12,762.27"
"05234","Dabeiba","2023","Trimestre 4","289,438,994.10","36,381.52"
"05234","Dabeiba","2024","Trimestre 4","991,376,329.52","93,094.01"
"05234","Dabeiba","2025","Trimestre 4","112,011,737.55","7,582.49"
"05234","Dabeiba","2012","Trimestre 4","194,124.36","59.84"
"05234","Dabeiba","2018","Trimestre 4","6,512,075.09","1,696.64"
"05234","Dabeiba","2024","Trimestre 4","566,350,833.90","51,332.73"
"05234","Dabeiba","2025","Trimestre 4","214,395,897.10","13,242.15"
"05234","Dabeiba","2016","Trimestre 4","383,235.12","100.00"
"05234","Dabeiba","2018","Trimestre 4","74,770,988.74","19,566.70"
"05234","Dabeiba","2019","Trimestre 4","305,018,210.61","57,850.76"
"05234","Dabeiba","2020","Trimestre 4","341,943,935.73","45,852.79"
"05234","Dabeiba","2021","Trimestre 4","689,178,947.32","97,912.13"
"05234","Dabeiba","2022","Trimestre 4","1,471,930,332.12","185,642.90"
"05234","Dabeiba","2023","Trimestre 4","738,006,384.26","90,194.23"
"05234","Dabeiba","2024","Trimestre 4","556,419,366.21","47,668.45"
"05234","Dabeiba","2025","Trimestre 4","604,803,491.70","37,996.23"
"05237","Don Matias","2026","Trimestre 1","15,657,367.86","1,341.39"
"05237","Don Matias","2026","Trimestre 2","32,229,712.09","2,442.46"
"05237","Don Matias","2022","Trimestre 1","503,784.57","69.22"
"05237","Don Matias","2026","Trimestre 1","32,647,021.28","2,913.58"
"05237","Don Matias","2023","Trimestre 1","115,647.70","16.24"
"05237","Don Matias","2012","Trimestre 1","293,846.76","91.90"
"05237","Don Matias","2021","Trimestre 1","76,466,087.25","11,509.71"
"05237","Don Matias","2022","Trimestre 1","155,912,801.38","20,699.55"
"05237","Don Matias","2025","Trimestre 1","11,206,411.73","- 0"
"05237","Don Matias","2026","Trimestre 1","53,249,767.64","3,800.05"
"05237","Don Matias","2012","Trimestre 2","273,916.62","90.07"
"05237","Don Matias","2023","Trimestre 2","229,899.74","32.64"
"05237","Don Matias","2024","Trimestre 2","27,656,540.13","3,190.25"
"05237","Don Matias","2026","Trimestre 2","8,383,234.42","601.89"
"05237","Don Matias","2012","Trimestre 2","749,056.55","248.58"
"05237","Don Matias","2023","Trimestre 2","124,607.92","16.65"
"05237","Don Matias","2012","Trimestre 2","1,018,045.96","347.78"
"05237","Don Matias","2021","Trimestre 2","96,578,197.78","14,415.81"
"05237","Don Matias","2022","Trimestre 2","785,160.29","104.40"
"05237","Don Matias","2023","Trimestre 2","331,677.62","47.02"
"05237","Don Matias","2025","Trimestre 2","17,190,403.06","324.01"
"05237","Don Matias","2012","Trimestre 3","281,485.56","95.83"
"05237","Don Matias","2026","Trimestre 3","16,455,538.59","1,274.49"
"05237","Don Matias","2012","Trimestre 3","190,647.86","65.16"
"05237","Don Matias","2014","Trimestre 3","764,516.05","305.00"
"05237","Don Matias","2024","Trimestre 3","5,111,382.21","513.18"
"05237","Don Matias","2021","Trimestre 3","551,859.34","79.33"
"05237","Don Matias","2025","Trimestre 3","2,567,629.13","- 0"
"05237","Don Matias","2024","Trimestre 4","6,232,234.15","- 0"
"05237","Don Matias","2025","Trimestre 4","6,651,977.63","- 0"
"05237","Don Matias","2025","Trimestre 4","13,731,778.72","1,333.67"
"05237","Don Matias","2020","Trimestre 4","126,130,121.10","17,193.53"
"05237","Don Matias","2021","Trimestre 4","216,103,033.96","30,572.52"
"05237","Don Matias","2022","Trimestre 4","210,133.80","- 0"
"05237","Don Matias","2024","Trimestre 4","8,446,956.11","- 0"
"05237","Don Matias","2025","Trimestre 4","4,574,925.76","444.33"
"05240","Ebejico","2024","Trimestre 2","302,009.82","36.90"
"05240","Ebejico","2023","Trimestre 2","696,170.93","74.74"
"05240","Ebejico","2015","Trimestre 2","869,922.29","289.64"
"05240","Ebejico","2023","Trimestre 2","805,997.86","86.66"
"05240","Ebejico","2023","Trimestre 3","673,532.15","80.05"
"05240","Ebejico","2023","Trimestre 3","414,618.89","50.82"
"05250","El Bagre","2026","Trimestre 1","1,397,975,149.49","143,469.59"
"05250","El Bagre","2026","Trimestre 3","693,152,025.11","109,017.84"
"05250","El Bagre","2026","Trimestre 2","15,280,248.97","120.01"
"05250","El Bagre","2012","Trimestre 1","911,545,043.43","499,813.29"
"05250","El Bagre","2013","Trimestre 1","996,755,295.37","533,506.68"
"05250","El Bagre","2014","Trimestre 1","884,675,425.72","561,111.43"
"05250","El Bagre","2015","Trimestre 1","423,219,344.95","389,595.35"
"05250","El Bagre","2016","Trimestre 1","1,707,699,184.23","698,282.68"
"05250","El Bagre","2017","Trimestre 1","1,388,545,069.79","587,887.05"
"05250","El Bagre","2018","Trimestre 1","373,470,102.40","282,191.92"
"05250","El Bagre","2019","Trimestre 1","520,741,377.80","320,212.85"
"05250","El Bagre","2022","Trimestre 1","829,673,222.52","140,723.73"
"05250","El Bagre","2023","Trimestre 1","2,252,224,948.90","356,524.10"
"05250","El Bagre","2024","Trimestre 1","568,466,334.30","129,142.24"
"05250","El Bagre","2025","Trimestre 1","2,307,816,697.24","323,639.55"
"05250","El Bagre","2026","Trimestre 1","3,562,713,644.01","338,992.17"
"05250","El Bagre","2012","Trimestre 1","983,116,139.59","531,819.55"
"05250","El Bagre","2013","Trimestre 1","767,863,489.99","421,587.98"
"05250","El Bagre","2014","Trimestre 1","892,898,753.41","525,475.50"
"05250","El Bagre","2015","Trimestre 1","628,252,016.81","369,633.39"
"05250","El Bagre","2016","Trimestre 1","1,618,187,862.57","658,641.36"
"05250","El Bagre","2017","Trimestre 1","1,159,562,643.58","520,849.89"
"05250","El Bagre","2018","Trimestre 1","533,799,533.40","290,570.77"
"05250","El Bagre","2019","Trimestre 1","843,770,656.90","342,658.06"
"05250","El Bagre","2023","Trimestre 1","3,142,177,471.00","462,744.18"
"05250","El Bagre","2024","Trimestre 1","1,959,528,236.00","332,496.34"
"05250","El Bagre","2025","Trimestre 1","2,594,210,756.91","384,353.76"
"05250","El Bagre","2012","Trimestre 1","877,263,778.14","518,010.53"
"05250","El Bagre","2013","Trimestre 1","637,040,010.01","420,783.19"
"05250","El Bagre","2014","Trimestre 1","1,104,152,851.82","591,258.90"
"05250","El Bagre","2015","Trimestre 1","96,020,245.06","257,190.22"
"05250","El Bagre","2016","Trimestre 1","1,882,668,585.69","742,033.86"
"05250","El Bagre","2017","Trimestre 1","907,430,558.55","493,502.91"
"05250","El Bagre","2018","Trimestre 1","517,121,408.29","277,331.19"
"05250","El Bagre","2019","Trimestre 1","657,387,960.50","270,596.97"
"05250","El Bagre","2020","Trimestre 1","3,025,893,035.63","854,425.55"
"05250","El Bagre","2021","Trimestre 1","6,225,421,077.00","1,246,373.17"
"05250","El Bagre","2022","Trimestre 1","4,431,839,148.90","760,881.39"
"05250","El Bagre","2023","Trimestre 1","1,973,556,219.48","273,881.49"
"05250","El Bagre","2024","Trimestre 1","1,782,369,849.22","257,705.70"
"05250","El Bagre","2025","Trimestre 1","4,022,583,236.17","597,382.81"
"05250","El Bagre","2026","Trimestre 1","2,076,239,106.13","306,987.74"
"05250","El Bagre","2012","Trimestre 2","809,201,522.68","488,810.05"
"05250","El Bagre","2013","Trimestre 2","900,594,308.10","560,682.51"
"05250","El Bagre","2014","Trimestre 2","900,532,306.29","481,319.58"
"05250","El Bagre","2015","Trimestre 2","1,758,925,233.96","779,184.23"
"05250","El Bagre","2016","Trimestre 2","1,661,942,946.23","612,813.17"
"05250","El Bagre","2017","Trimestre 2","1,012,679,995.64","501,669.45"
"05250","El Bagre","2018","Trimestre 2","653,707,403.40","333,703.85"
"05250","El Bagre","2023","Trimestre 2","2,850,256,232.00","416,656.53"
"05250","El Bagre","2024","Trimestre 2","2,476,573,896.00","392,818.64"
"05250","El Bagre","2025","Trimestre 2","2,769,840,572.25","348,314.46"
"05250","El Bagre","2026","Trimestre 2","780,340,420.58","100,873.75"
"05250","El Bagre","2012","Trimestre 2","807,200,447.01","497,995.62"
"05250","El Bagre","2013","Trimestre 2","881,543,054.88","519,753.93"
"05250","El Bagre","2014","Trimestre 2","629,287,214.81","421,814.49"
"05250","El Bagre","2015","Trimestre 2","1,269,078,270.04","614,741.10"
"05250","El Bagre","2016","Trimestre 2","1,916,449,249.34","691,221.41"
"05250","El Bagre","2017","Trimestre 2","1,281,632,742.97","571,750.20"
"05250","El Bagre","2018","Trimestre 2","572,683,801.29","375,761.72"
"05250","El Bagre","2023","Trimestre 2","2,738,117,526.00","426,996.88"
"05250","El Bagre","2024","Trimestre 2","2,971,763,268.00","497,549.21"
"05250","El Bagre","2026","Trimestre 2","620,336,452.84","89,867.99"
"05250","El Bagre","2012","Trimestre 2","618,550,245.46","432,104.34"
"05250","El Bagre","2013","Trimestre 2","1,129,894,592.71","661,039.30"
"05250","El Bagre","2014","Trimestre 2","708,172,771.84","525,523.56"
"05250","El Bagre","2015","Trimestre 2","1,935,911,782.69","835,739.50"
"05250","El Bagre","2016","Trimestre 2","1,635,254,698.47","649,432.69"
"05250","El Bagre","2017","Trimestre 2","2,095,446,424.48","807,826.33"
"05250","El Bagre","2018","Trimestre 2","505,108,093.80","328,164.84"
"05250","El Bagre","2019","Trimestre 2","927,883,976.40","503,116.41"
"05250","El Bagre","2020","Trimestre 2","3,248,823,147.18","761,817.58"
"05250","El Bagre","2021","Trimestre 2","6,291,465,530.80","1,251,344.47"
"05250","El Bagre","2022","Trimestre 2","4,693,928,188.72","928,624.09"
"05250","El Bagre","2023","Trimestre 2","2,839,989,321.00","438,966.25"
"05250","El Bagre","2025","Trimestre 2","4,011,669,609.83","457,865.76"
"05250","El Bagre","2026","Trimestre 2","667,489,734.67","102,861.77"
"05250","El Bagre","2012","Trimestre 3","610,400,775.04","436,319.50"
"05250","El Bagre","2013","Trimestre 3","1,185,948,679.75","684,717.34"
"05250","El Bagre","2014","Trimestre 3","552,508,192.02","477,316.39"
"05250","El Bagre","2015","Trimestre 3","1,526,119,042.05","692,429.14"
"05250","El Bagre","2016","Trimestre 3","1,294,197,503.83","488,178.93"
"05250","El Bagre","2017","Trimestre 3","529,114,074.09","346,548.76"
"05250","El Bagre","2018","Trimestre 3","694,221,741.50","371,145.76"
"05250","El Bagre","2023","Trimestre 3","1,965,220,725.00","291,529.13"
"05250","El Bagre","2024","Trimestre 3","2,714,252,910.00","394,857.09"
"05250","El Bagre","2025","Trimestre 3","2,533,224,733.95","409,922.22"
"05250","El Bagre","2026","Trimestre 3","944,050,418.47","137,819.81"
"05250","El Bagre","2012","Trimestre 3","644,926,424.74","438,927.60"
"05250","El Bagre","2013","Trimestre 3","1,001,407,745.82","667,581.50"
"05250","El Bagre","2014","Trimestre 3","489,720,065.63","455,097.73"
"05250","El Bagre","2015","Trimestre 3","2,283,921,311.54","905,822.67"
"05250","El Bagre","2016","Trimestre 3","1,409,966,835.45","548,734.59"
"05250","El Bagre","2017","Trimestre 3","816,733,531.77","400,706.10"
"05250","El Bagre","2018","Trimestre 3","844,966,834.30","410,978.68"
"05250","El Bagre","2023","Trimestre 3","2,623,547,055.00","493,515.96"
"05250","El Bagre","2024","Trimestre 3","3,793,266,644.53","493,957.45"
"05250","El Bagre","2025","Trimestre 3","1,426,618,969.00","234,150.62"
"05250","El Bagre","2012","Trimestre 3","775,576,716.82","471,512.95"
"05250","El Bagre","2013","Trimestre 3","917,633,228.40","562,431.70"
"05250","El Bagre","2014","Trimestre 3","447,526,453.29","431,219.64"
"05250","El Bagre","2015","Trimestre 3","1,518,903,525.87","632,735.84"
"05250","El Bagre","2016","Trimestre 3","1,690,819,789.41","595,312.30"
"05250","El Bagre","2017","Trimestre 3","558,992,142.05","321,551.10"
"05250","El Bagre","2018","Trimestre 3","753,225,527.20","369,755.97"
"05250","El Bagre","2019","Trimestre 3","1,991,743,746.40","578,286.40"
"05250","El Bagre","2020","Trimestre 3","4,330,882,855.97","849,329.36"
"05250","El Bagre","2021","Trimestre 3","5,161,228,691.19","1,160,255.62"
"05250","El Bagre","2022","Trimestre 3","6,668,980,096.27","1,250,853.64"
"05250","El Bagre","2023","Trimestre 3","2,282,124,660.22","402,700.69"
"05250","El Bagre","2024","Trimestre 3","4,263,909,938.95","522,925.47"
"05250","El Bagre","2025","Trimestre 3","1,933,208,330.49","293,158.74"
"05250","El Bagre","2012","Trimestre 4","427,221,817.96","349,873.26"
"05250","El Bagre","2013","Trimestre 4","1,284,285,931.46","769,686.86"
"05250","El Bagre","2014","Trimestre 4","438,798,372.08","444,655.54"
"05250","El Bagre","2015","Trimestre 4","1,140,225,107.22","529,904.85"
"05250","El Bagre","2016","Trimestre 4","2,185,919,321.57","770,189.41"
"05250","El Bagre","2017","Trimestre 4","614,050,415.40","361,038.62"
"05250","El Bagre","2018","Trimestre 4","806,857,798.10","382,362.04"
"05250","El Bagre","2023","Trimestre 4","2,568,638,229.00","460,657.71"
"05250","El Bagre","2024","Trimestre 4","3,834,041,032.10","453,630.31"
"05250","El Bagre","2025","Trimestre 4","1,652,210,523.87","277,867.00"
"05250","El Bagre","2012","Trimestre 4","742,165,909.58","424,377.23"
"05250","El Bagre","2013","Trimestre 4","910,783,284.37","524,811.99"
"05250","El Bagre","2014","Trimestre 4","802,461,621.98","546,136.70"
"05250","El Bagre","2015","Trimestre 4","1,380,283,701.42","574,439.94"
"05250","El Bagre","2016","Trimestre 4","1,863,834,944.22","675,218.09"
"05250","El Bagre","2017","Trimestre 4","246,560,393.30","261,180.82"
"05250","El Bagre","2018","Trimestre 4","796,647,293.20","438,559.31"
"05250","El Bagre","2024","Trimestre 4","2,528,993,961.78","377,805.47"
"05250","El Bagre","2025","Trimestre 4","1,734,265,728.00","285,518.71"
"05250","El Bagre","2012","Trimestre 4","872,235,368.80","458,792.35"
"05250","El Bagre","2013","Trimestre 4","720,347,237.95","447,609.33"
"05250","El Bagre","2014","Trimestre 4","1,086,885,911.87","676,332.87"
"05250","El Bagre","2015","Trimestre 4","1,584,675,843.21","669,526.61"
"05250","El Bagre","2016","Trimestre 4","1,934,589,814.00","700,796.78"
"05250","El Bagre","2017","Trimestre 4","164,818,542.40","221,774.90"
"05250","El Bagre","2018","Trimestre 4","711,719,941.80","382,544.37"
"05250","El Bagre","2019","Trimestre 4","3,369,563,508.28","893,641.36"
"05250","El Bagre","2020","Trimestre 4","6,378,547,544.90","1,131,534.66"
"05250","El Bagre","2021","Trimestre 4","8,747,252,413.76","1,457,979.83"
"05250","El Bagre","2022","Trimestre 4","9,450,434,182.56","1,618,873.18"
"05250","El Bagre","2023","Trimestre 4","6,492,339,704.93","1,089,206.76"
"05250","El Bagre","2024","Trimestre 4","2,047,015,225.13","309,990.41"
"05250","El Bagre","2025","Trimestre 4","2,266,849,874.00","241,937.52"
"05282","Fredonia","2023","Trimestre 3","53,007.53","6.30"
"05282","Fredonia","2023","Trimestre 4","826,696.41","99.51"
"05284","Frontino","2026","Trimestre 2","3,293,010.27","187.51"
"05284","Frontino","2014","Trimestre 1","1,572,670.33","644.75"
"05284","Frontino","2016","Trimestre 1","199,926,548.67","56,335.56"
"05284","Frontino","2022","Trimestre 1","4,988,897.27","685.47"
"05284","Frontino","2023","Trimestre 1","482,629.65","54.83"
"05284","Frontino","2024","Trimestre 1","1,236,652.79","149.31"
"05284","Frontino","2025","Trimestre 1","23,888,451.33","1,997.97"
"05284","Frontino","2026","Trimestre 1","1,284,696.45","76.50"
"05284","Frontino","2012","Trimestre 1","2,254,831.66","715.53"
"05284","Frontino","2013","Trimestre 1","2,037,679.91","669.67"
"05284","Frontino","2014","Trimestre 1","1,443,377.13","575.16"
"05284","Frontino","2016","Trimestre 1","88,539,417.24","23,943.81"
"05284","Frontino","2023","Trimestre 1","998,916.47","109.50"
"05284","Frontino","2025","Trimestre 1","20,965,563.54","1,749.07"
"05284","Frontino","2012","Trimestre 1","1,013,406.25","316.93"
"05284","Frontino","2013","Trimestre 1","2,125,374.85","708.54"
"05284","Frontino","2014","Trimestre 1","291,508.90","106.74"
"05284","Frontino","2016","Trimestre 1","61,546,169.95","15,066.98"
"05284","Frontino","2020","Trimestre 1","785,943,365.20","152,642.69"
"05284","Frontino","2021","Trimestre 1","337,339,508.70","50,074.06"
"05284","Frontino","2022","Trimestre 1","131,859,442.33","17,671.09"
"05284","Frontino","2023","Trimestre 1","1,783,029.58","194.11"
"05284","Frontino","2025","Trimestre 1","26,244,765.26","2,140.39"
"05284","Frontino","2026","Trimestre 1","2,253,184.08","124.80"
"05284","Frontino","2012","Trimestre 2","2,265,807.84","745.08"
"05284","Frontino","2013","Trimestre 2","1,840,830.98","619.98"
"05284","Frontino","2014","Trimestre 2","309,802.75","111.51"
"05284","Frontino","2016","Trimestre 2","56,570,583.76","14,042.17"
"05284","Frontino","2017","Trimestre 2","8,797,090.54","2,361.04"
"05284","Frontino","2024","Trimestre 2","720,076.50","87.98"
"05284","Frontino","2025","Trimestre 2","12,501,898.14","985.05"
"05284","Frontino","2026","Trimestre 2","4,934,573.42","261.62"
"05284","Frontino","2012","Trimestre 2","4,700,759.20","1,559.98"
"05284","Frontino","2013","Trimestre 2","2,853,692.50","1,020.63"
"05284","Frontino","2014","Trimestre 2","750,564.98","289.61"
"05284","Frontino","2015","Trimestre 2","32,481,647.06","10,562.17"
"05284","Frontino","2016","Trimestre 2","47,312,061.80","12,345.44"
"05284","Frontino","2017","Trimestre 2","2,454,483.13","656.04"
"05284","Frontino","2023","Trimestre 2","607,553.63","64.81"
"05284","Frontino","2026","Trimestre 2","3,465,665.26","186.40"
"05284","Frontino","2012","Trimestre 2","7,277,642.88","2,486.15"
"05284","Frontino","2013","Trimestre 2","2,363,028.01","879.30"
"05284","Frontino","2014","Trimestre 2","1,218,030.73","479.78"
"05284","Frontino","2015","Trimestre 2","68,306,876.16","22,552.80"
"05284","Frontino","2019","Trimestre 2","216,402,030.20","51,784.17"
"05284","Frontino","2020","Trimestre 2","789,448,957.84","130,379.22"
"05284","Frontino","2021","Trimestre 2","443,528,731.58","66,656.85"
"05284","Frontino","2022","Trimestre 2","235,332,478.90","30,973.06"
"05284","Frontino","2025","Trimestre 2","49,669,923.46","3,665.87"
"05284","Frontino","2012","Trimestre 3","8,996,267.77","2,998.08"
"05284","Frontino","2013","Trimestre 3","2,958,188.01","1,122.00"
"05284","Frontino","2014","Trimestre 3","1,309,005.30","526.79"
"05284","Frontino","2015","Trimestre 3","39,145,168.02","12,595.66"
"05284","Frontino","2016","Trimestre 3","38,655,242.59","9,835.38"
"05284","Frontino","2017","Trimestre 3","3,398,003.38","884.97"
"05284","Frontino","2023","Trimestre 3","919,534.31","98.72"
"05284","Frontino","2025","Trimestre 3","24,628,574.66","1,740.35"
"05284","Frontino","2026","Trimestre 3","4,224,794.15","276.46"
"05284","Frontino","2012","Trimestre 3","11,800,960.12","4,004.92"
"05284","Frontino","2013","Trimestre 3","1,955,647.59","776.66"
"05284","Frontino","2014","Trimestre 3","361,779.02","144.33"
"05284","Frontino","2015","Trimestre 3","70,510,292.45","22,196.98"
"05284","Frontino","2016","Trimestre 3","70,380,913.78","17,351.52"
"05284","Frontino","2023","Trimestre 3","1,166,965.36","140.62"
"05284","Frontino","2024","Trimestre 3","18,881,177.75","1,895.66"
"05284","Frontino","2025","Trimestre 3","1,927,234.89","138.65"
"05284","Frontino","2012","Trimestre 3","3,881,524.97","1,285.00"
"05284","Frontino","2013","Trimestre 3","405,772.23","153.89"
"05284","Frontino","2014","Trimestre 3","686,948.54","271.60"
"05284","Frontino","2015","Trimestre 3","92,325,594.52","26,646.09"
"05284","Frontino","2019","Trimestre 3","46,442,904.71","9,525.29"
"05284","Frontino","2020","Trimestre 3","450,749,875.75","66,197.79"
"05284","Frontino","2021","Trimestre 3","424,451,531.29","62,534.56"
"05284","Frontino","2022","Trimestre 3","186,979,268.70","24,545.21"
"05284","Frontino","2023","Trimestre 3","594,003.53","73.93"
"05284","Frontino","2024","Trimestre 3","21,445,461.01","2,077.14"
"05284","Frontino","2012","Trimestre 4","4,152,293.57","1,283.02"
"05284","Frontino","2013","Trimestre 4","451,838.96","169.65"
"05284","Frontino","2014","Trimestre 4","601,941.23","239.60"
"05284","Frontino","2015","Trimestre 4","52,105,290.84","14,693.83"
"05284","Frontino","2017","Trimestre 4","221,709.98","56.16"
"05284","Frontino","2024","Trimestre 4","36,685,289.01","3,334.40"
"05284","Frontino","2025","Trimestre 4","5,954,678.55","402.41"
"05284","Frontino","2012","Trimestre 4","11,063,314.92","3,410.33"
"05284","Frontino","2013","Trimestre 4","302,079.89","118.27"
"05284","Frontino","2014","Trimestre 4","380,407.79","147.75"
"05284","Frontino","2015","Trimestre 4","38,951,309.34","11,107.88"
"05284","Frontino","2024","Trimestre 4","3,658,514.54","316.67"
"05284","Frontino","2025","Trimestre 4","7,498,127.35","463.05"
"05284","Frontino","2012","Trimestre 4","12,665,459.68","3,928.74"
"05284","Frontino","2013","Trimestre 4","890,654.06","353.05"
"05284","Frontino","2014","Trimestre 4","504,334.92","196.02"
"05284","Frontino","2015","Trimestre 4","107,176,290.93","32,024.51"
"05284","Frontino","2018","Trimestre 4","142,456,913.70","37,946.89"
"05284","Frontino","2019","Trimestre 4","55,150,288.47","10,488.64"
"05284","Frontino","2020","Trimestre 4","268,468,571.27","36,604.43"
"05284","Frontino","2021","Trimestre 4","458,551,907.42","65,291.05"
"05284","Frontino","2022","Trimestre 4","68,977,303.54","8,893.82"
"05284","Frontino","2023","Trimestre 4","1,935,150.59","239.13"
"05284","Frontino","2024","Trimestre 4","22,088,066.17","1,837.30"
"05284","Frontino","2025","Trimestre 4","17,851,930.79","1,121.17"
"05308","Girardota","2026","Trimestre 1","32,657,035.35","1,868.89"
"05308","Girardota","2026","Trimestre 3","1,802,014.74","102.61"
"05308","Girardota","2014","Trimestre 1","374,404.08","102.33"
"05308","Girardota","2018","Trimestre 1","22,093,403.31","5,185.56"
"05308","Girardota","2019","Trimestre 1","18,272,977.34","4,444.90"
"05308","Girardota","2023","Trimestre 1","7,105,442.26","534.34"
"05308","Girardota","2026","Trimestre 1","10,873,216.13","693.87"
"05308","Girardota","2012","Trimestre 1","3,742,454.43","1,187.60"
"05308","Girardota","2019","Trimestre 1","21,044,771.82","5,005.46"
"05308","Girardota","2024","Trimestre 1","4,031,450.33","327.62"
"05308","Girardota","2025","Trimestre 1","7,190,168.57","401.86"
"05308","Girardota","2013","Trimestre 1","712,852.77","158.43"
"05308","Girardota","2018","Trimestre 1","162,345,320.30","40,587.81"
"05308","Girardota","2020","Trimestre 1","1,092,908,329.00","200,973.42"
"05308","Girardota","2021","Trimestre 1","2,757,819,025.00","404,647.33"
"05308","Girardota","2022","Trimestre 1","721,920,264.33","98,402.00"
"05308","Girardota","2026","Trimestre 1","3,918,698.75","217.05"
"05308","Girardota","2012","Trimestre 2","614,224.73","201.98"
"05308","Girardota","2018","Trimestre 2","82,564,778.61","21,264.94"
"05308","Girardota","2024","Trimestre 2","1,784,747.34","137.25"
"05308","Girardota","2012","Trimestre 2","407,102.50","135.10"
"05308","Girardota","2017","Trimestre 2","4,268,519.91","1,140.90"
"05308","Girardota","2018","Trimestre 2","122,865,883.82","32,356.85"
"05308","Girardota","2026","Trimestre 2","10,315,341.37","564.38"
"05308","Girardota","2017","Trimestre 2","26,905,479.01","7,184.26"
"05308","Girardota","2018","Trimestre 2","23,925,012.66","5,473.57"
"05308","Girardota","2019","Trimestre 2","907,158,634.90","214,101.44"
"05308","Girardota","2020","Trimestre 2","3,717,735,277.60","570,467.27"
"05308","Girardota","2021","Trimestre 2","1,978,001,359.25","301,339.46"
"05308","Girardota","2022","Trimestre 2","1,086,838,442.45","147,439.06"
"05308","Girardota","2023","Trimestre 2","15,067,108.07","1,078.39"
"05308","Girardota","2026","Trimestre 2","10,590,262.02","603.11"
"05308","Girardota","2012","Trimestre 3","1,095,026.71","248.53"
"05308","Girardota","2014","Trimestre 3","263,296.95","70.64"
"05308","Girardota","2017","Trimestre 3","28,920,868.79","7,532.10"
"05308","Girardota","2018","Trimestre 3","11,299,063.63","2,965.24"
"05308","Girardota","2025","Trimestre 3","1,123,508.52","79.66"
"05308","Girardota","2017","Trimestre 3","24,282,930.05","6,283.98"
"05308","Girardota","2018","Trimestre 3","16,063,987.12","4,365.37"
"05308","Girardota","2024","Trimestre 3","1,678,246.12","112.33"
"05308","Girardota","2012","Trimestre 3","479,919.60","105.92"
"05308","Girardota","2013","Trimestre 3","421,105.03","106.47"
"05308","Girardota","2017","Trimestre 3","26,497,232.91","6,750.52"
"05308","Girardota","2018","Trimestre 3","25,314,999.77","6,919.88"
"05308","Girardota","2019","Trimestre 3","571,664,451.44","116,129.46"
"05308","Girardota","2020","Trimestre 3","3,059,962,050.82","438,381.70"
"05308","Girardota","2022","Trimestre 3","76,478,407.58","20,053.11"
"05308","Girardota","2023","Trimestre 3","12,143,376.16","1,007.61"
"05308","Girardota","2017","Trimestre 4","23,624,365.67","5,983.68"
"05308","Girardota","2018","Trimestre 4","28,768,827.85","7,681.93"
"05308","Girardota","2024","Trimestre 4","1,435,483.94","86.45"
"05308","Girardota","2025","Trimestre 4","2,630,205.30","185.56"
"05308","Girardota","2017","Trimestre 4","33,106,174.47","8,513.52"
"05308","Girardota","2018","Trimestre 4","32,848,566.12","8,527.04"
"05308","Girardota","2025","Trimestre 4","6,195,358.14","441.49"
"05308","Girardota","2017","Trimestre 4","43,862,859.35","9,865.95"
"05308","Girardota","2018","Trimestre 4","8,348,133.06","2,079.61"
"05308","Girardota","2019","Trimestre 4","937,985,650.00","178,969.21"
"05308","Girardota","2020","Trimestre 4","2,181,817,617.00","296,140.53"
"05308","Girardota","2021","Trimestre 4","3,297,942,095.27","466,077.80"
"05308","Girardota","2022","Trimestre 4","990,980,618.79","139,531.51"
"05308","Girardota","2023","Trimestre 4","5,325,876.11","430.61"
"05308","Girardota","2024","Trimestre 4","4,032,908.44","223.64"
"05310","Gomez Plata","2012","Trimestre 1","408,437.86","124.15"
"05310","Gomez Plata","2013","Trimestre 1","11,118,205.29","3,565.46"
"05310","Gomez Plata","2014","Trimestre 1","1,464,321.33","600.33"
"05310","Gomez Plata","2015","Trimestre 1","1,198,066.98","413.58"
"05310","Gomez Plata","2016","Trimestre 1","4,376,458.06","1,223.19"
"05310","Gomez Plata","2017","Trimestre 1","1,012,899.14","283.92"
"05310","Gomez Plata","2019","Trimestre 1","146,228.11","35.57"
"05310","Gomez Plata","2023","Trimestre 1","24,237,857.72","2,771.37"
"05310","Gomez Plata","2026","Trimestre 1","20,061,079.02","1,250.10"
"05310","Gomez Plata","2013","Trimestre 1","751,665.85","247.03"
"05310","Gomez Plata","2014","Trimestre 1","726,807.99","289.62"
"05310","Gomez Plata","2016","Trimestre 1","1,327,388.52","358.16"
"05310","Gomez Plata","2017","Trimestre 1","238,831.36","66.20"
"05310","Gomez Plata","2019","Trimestre 1","12,806,027.83","3,045.89"
"05310","Gomez Plata","2023","Trimestre 1","11,100,875.46","1,257.63"
"05310","Gomez Plata","2024","Trimestre 1","29,425,277.03","3,561.04"
"05310","Gomez Plata","2025","Trimestre 1","8,621,784.95","722.81"
"05310","Gomez Plata","2012","Trimestre 1","74,918.98","23.43"
"05310","Gomez Plata","2013","Trimestre 1","5,797,161.32","1,932.61"
"05310","Gomez Plata","2016","Trimestre 1","3,361,436.55","811.06"
"05310","Gomez Plata","2017","Trimestre 1","679,722.32","185.73"
"05310","Gomez Plata","2019","Trimestre 1","5,342,665.73","1,262.93"
"05310","Gomez Plata","2020","Trimestre 1","14,813,819.36","2,824.59"
"05310","Gomez Plata","2021","Trimestre 1","26,489,291.55","3,979.83"
"05310","Gomez Plata","2022","Trimestre 1","34,921,323.00","4,721.35"
"05310","Gomez Plata","2023","Trimestre 1","18,437,842.21","2,001.75"
"05310","Gomez Plata","2024","Trimestre 1","9,383,479.79","1,136.98"
"05310","Gomez Plata","2025","Trimestre 1","55,242,280.09","5,806.50"
"05310","Gomez Plata","2026","Trimestre 1","12,771,499.38","734.14"
"05310","Gomez Plata","2013","Trimestre 2","7,012,099.84","2,361.63"
"05310","Gomez Plata","2016","Trimestre 2","2,851,713.71","703.75"
"05310","Gomez Plata","2018","Trimestre 2","237,075.93","61.06"
"05310","Gomez Plata","2023","Trimestre 2","6,404,289.76","698.88"
"05310","Gomez Plata","2024","Trimestre 2","9,592,097.25","1,162.58"
"05310","Gomez Plata","2025","Trimestre 2","31,000,008.85","2,475.27"
"05310","Gomez Plata","2013","Trimestre 2","17,971,946.58","6,427.71"
"05310","Gomez Plata","2014","Trimestre 2","766,373.98","295.71"
"05310","Gomez Plata","2016","Trimestre 2","1,267,128.60","330.64"
"05310","Gomez Plata","2017","Trimestre 2","530,188.41","141.71"
"05310","Gomez Plata","2023","Trimestre 2","6,782,986.40","723.52"
"05310","Gomez Plata","2024","Trimestre 2","13,586,837.09","1,627.85"
"05310","Gomez Plata","2026","Trimestre 2","10,391,327.71","547.91"
"05310","Gomez Plata","2012","Trimestre 2","3,834,723.70","1,310.00"
"05310","Gomez Plata","2013","Trimestre 2","672,467.30","250.23"
"05310","Gomez Plata","2014","Trimestre 2","636,585.95","250.75"
"05310","Gomez Plata","2015","Trimestre 2","7,615,132.01","2,491.02"
"05310","Gomez Plata","2016","Trimestre 2","534,934.33","137.89"
"05310","Gomez Plata","2017","Trimestre 2","141,900.29","37.89"
"05310","Gomez Plata","2019","Trimestre 2","32,866,153.39","7,813.11"
"05310","Gomez Plata","2020","Trimestre 2","8,944,574.82","1,389.45"
"05310","Gomez Plata","2021","Trimestre 2","45,557,592.72","6,775.74"
"05310","Gomez Plata","2022","Trimestre 2","62,409,724.00","8,274.54"
"05310","Gomez Plata","2023","Trimestre 2","38,740,878.44","4,159.17"
"05310","Gomez Plata","2025","Trimestre 2","70,344,498.33","5,255.17"
"05310","Gomez Plata","2026","Trimestre 2","7,131,015.32","383.54"
"05310","Gomez Plata","2012","Trimestre 3","2,220,631.16","756.00"
"05310","Gomez Plata","2013","Trimestre 3","455,539.86","172.78"
"05310","Gomez Plata","2014","Trimestre 3","801,321.26","322.48"
"05310","Gomez Plata","2015","Trimestre 3","626,687.54","201.65"
"05310","Gomez Plata","2023","Trimestre 3","11,074,924.88","1,213.28"
"05310","Gomez Plata","2024","Trimestre 3","13,212,509.05","1,447.97"
"05310","Gomez Plata","2025","Trimestre 3","12,006,583.87","847.06"
"05310","Gomez Plata","2026","Trimestre 3","12,117,104.66","689.97"
"05310","Gomez Plata","2012","Trimestre 3","3,522,713.77","1,204.00"
"05310","Gomez Plata","2013","Trimestre 3","1,506,155.34","598.15"
"05310","Gomez Plata","2014","Trimestre 3","628,657.79","250.80"
"05310","Gomez Plata","2015","Trimestre 3","2,083,054.30","664.21"
"05310","Gomez Plata","2016","Trimestre 3","1,002,009.16","246.01"
"05310","Gomez Plata","2023","Trimestre 3","18,434,148.63","2,080.50"
"05310","Gomez Plata","2024","Trimestre 3","8,792,178.19","909.50"
"05310","Gomez Plata","2012","Trimestre 3","8,986,409.95","2,975.00"
"05310","Gomez Plata","2013","Trimestre 3","691,281.47","262.17"
"05310","Gomez Plata","2014","Trimestre 3","1,002,373.25","396.31"
"05310","Gomez Plata","2015","Trimestre 3","2,001,961.47","577.79"
"05310","Gomez Plata","2016","Trimestre 3","396,117.48","96.81"
"05310","Gomez Plata","2019","Trimestre 3","12,708,791.64","2,567.13"
"05310","Gomez Plata","2020","Trimestre 3","200,720,156.71","29,126.23"
"05310","Gomez Plata","2021","Trimestre 3","95,270,720.00","13,510.86"
"05310","Gomez Plata","2022","Trimestre 3","89,328,066.47","11,705.04"
"05310","Gomez Plata","2023","Trimestre 3","27,224,577.72","3,187.67"
"05310","Gomez Plata","2025","Trimestre 3","10,590,322.97","746.64"
"05310","Gomez Plata","2012","Trimestre 4","8,796,392.78","2,718.00"
"05310","Gomez Plata","2013","Trimestre 4","88,263.74","33.14"
"05310","Gomez Plata","2014","Trimestre 4","971,823.57","386.83"
"05310","Gomez Plata","2015","Trimestre 4","1,692,006.94","475.95"
"05310","Gomez Plata","2016","Trimestre 4","551,567.25","138.43"
"05310","Gomez Plata","2023","Trimestre 4","17,810,188.09","2,194.59"
"05310","Gomez Plata","2025","Trimestre 4","16,312,344.63","1,169.78"
"05310","Gomez Plata","2012","Trimestre 4","10,429,999.46","3,215.11"
"05310","Gomez Plata","2013","Trimestre 4","778,787.34","304.91"
"05310","Gomez Plata","2014","Trimestre 4","682,571.29","265.11"
"05310","Gomez Plata","2015","Trimestre 4","970,009.67","277.16"
"05310","Gomez Plata","2012","Trimestre 4","3,997,505.06","1,240.00"
"05310","Gomez Plata","2013","Trimestre 4","60,722.40","24.07"
"05310","Gomez Plata","2014","Trimestre 4","1,462,936.61","568.60"
"05310","Gomez Plata","2015","Trimestre 4","3,843,847.23","1,148.55"
"05310","Gomez Plata","2016","Trimestre 4","244,162.57","61.85"
"05310","Gomez Plata","2018","Trimestre 4","609,917.64","151.93"
"05310","Gomez Plata","2019","Trimestre 4","18,113,510.23","3,474.68"
"05310","Gomez Plata","2020","Trimestre 4","48,617,087.81","6,614.50"
"05310","Gomez Plata","2021","Trimestre 4","39,327,070.00","5,479.96"
"05310","Gomez Plata","2022","Trimestre 4","85,688,889.61","10,945.65"
"05310","Gomez Plata","2023","Trimestre 4","67,802,697.65","8,394.73"
"05310","Gomez Plata","2025","Trimestre 4","15,003,818.92","1,013.94"
"05315","Guadalupe - Antioquia","2012","Trimestre 1","32,832.94","9.98"
"05315","Guadalupe - Antioquia","2013","Trimestre 1","12,049,612.95","3,864.15"
"05315","Guadalupe - Antioquia","2012","Trimestre 1","2,719,550.50","863.00"
"05315","Guadalupe - Antioquia","2013","Trimestre 1","8,495,835.39","2,792.10"
"05315","Guadalupe - Antioquia","2012","Trimestre 1","6,551,813.55","2,049.00"
"05315","Guadalupe - Antioquia","2013","Trimestre 1","12,877,364.64","4,292.95"
"05315","Guadalupe - Antioquia","2012","Trimestre 2","7,944,962.58","2,612.60"
"05315","Guadalupe - Antioquia","2013","Trimestre 2","13,915,587.15","4,686.68"
"05315","Guadalupe - Antioquia","2012","Trimestre 2","12,345,662.17","4,097.00"
"05315","Guadalupe - Antioquia","2013","Trimestre 2","5,585,059.53","1,997.51"
"05315","Guadalupe - Antioquia","2012","Trimestre 2","7,386,878.03","2,523.47"
"05315","Guadalupe - Antioquia","2013","Trimestre 2","19,686,060.34","7,325.33"
"05315","Guadalupe - Antioquia","2012","Trimestre 3","4,470,635.74","1,522.00"
"05315","Guadalupe - Antioquia","2013","Trimestre 3","6,558,429.36","2,487.52"
"05315","Guadalupe - Antioquia","2012","Trimestre 3","4,129,972.28","1,411.55"
"05315","Guadalupe - Antioquia","2013","Trimestre 3","4,025,965.93","1,598.86"
"05315","Guadalupe - Antioquia","2012","Trimestre 3","13,123,783.30","4,344.70"
"05315","Guadalupe - Antioquia","2013","Trimestre 3","2,862,607.18","1,085.65"
"05315","Guadalupe - Antioquia","2012","Trimestre 4","13,489,420.43","4,168.10"
"05315","Guadalupe - Antioquia","2012","Trimestre 4","18,755,546.83","5,781.51"
"05315","Guadalupe - Antioquia","2013","Trimestre 4","48,477.86","18.98"
"05315","Guadalupe - Antioquia","2012","Trimestre 4","5,458,754.34","1,693.27"
"05315","Guadalupe - Antioquia","2013","Trimestre 4","5,752,479.92","2,280.25"
"05318","Guarne","2015","Trimestre 2","10,060,007.32","3,207.88"
"05318","Guarne","2015","Trimestre 2","1,672,581.08","543.88"
"05360","Itagui","2012","Trimestre 1","977,086.76","305.57"
"05361","Ituango","2016","Trimestre 1","17,222,445.80","4,813.57"
"05361","Ituango","2017","Trimestre 1","101,381.75","28.42"
"05361","Ituango","2012","Trimestre 1","223,992.64","71.08"
"05361","Ituango","2014","Trimestre 1","5,280,703.50","2,104.27"
"05361","Ituango","2017","Trimestre 1","138,311.96","38.34"
"05361","Ituango","2012","Trimestre 1","317,582.29","99.32"
"05361","Ituango","2014","Trimestre 1","1,790,705.28","655.69"
"05361","Ituango","2014","Trimestre 2","1,604,121.79","577.39"
"05361","Ituango","2016","Trimestre 2","17,728,533.24","4,277.61"
"05361","Ituango","2012","Trimestre 2","1,736,227.39","576.18"
"05361","Ituango","2014","Trimestre 2","2,991,120.52","1,154.14"
"05361","Ituango","2016","Trimestre 2","8,983,882.83","2,344.22"
"05361","Ituango","2013","Trimestre 2","759,619.58","282.66"
"05361","Ituango","2015","Trimestre 2","27,687,648.34","9,015.16"
"05361","Ituango","2016","Trimestre 2","90,596,244.56","23,372.11"
"05361","Ituango","2016","Trimestre 3","19,947,574.77","5,075.43"
"05361","Ituango","2015","Trimestre 3","9,830,880.76","3,094.81"
"05361","Ituango","2013","Trimestre 3","1,609,034.94","610.23"
"05361","Ituango","2013","Trimestre 4","275,902.48","103.59"
"05361","Ituango","2015","Trimestre 4","13,600,594.85","3,849.77"
"05361","Ituango","2016","Trimestre 4","190,433.66","47.79"
"05361","Ituango","2013","Trimestre 4","3,597,527.04","1,408.50"
"05361","Ituango","2015","Trimestre 4","43,305,290.07","12,373.58"
"05361","Ituango","2013","Trimestre 4","2,978,727.62","1,180.75"
"05361","Ituango","2015","Trimestre 4","7,952,392.32","2,376.19"
"05361","Ituango","2016","Trimestre 4","97,447.44","25.00"
"05364","Jardin","2016","Trimestre 1","21,581,121.47","6,031.79"
"05364","Jardin","2012","Trimestre 1","1,642,003.46","521.06"
"05364","Jardin","2016","Trimestre 1","18,553,065.66","5,006.04"
"05364","Jardin","2017","Trimestre 1","4,133,012.98","1,145.60"
"05364","Jardin","2016","Trimestre 1","20,527,382.66","4,999.88"
"05364","Jardin","2015","Trimestre 2","33,876,047.47","10,802.21"
"05364","Jardin","2016","Trimestre 2","14,917,718.22","3,701.49"
"05364","Jardin","2016","Trimestre 2","4,596,662.80","1,199.44"
"05364","Jardin","2016","Trimestre 2","5,022,122.85","1,294.55"
"05364","Jardin","2016","Trimestre 3","23,766,426.48","6,047.09"
"05364","Jardin","2017","Trimestre 3","79,705.33","22.09"
"05364","Jardin","2015","Trimestre 3","12,599,435.12","3,966.36"
"05364","Jardin","2016","Trimestre 3","3,213,117.69","796.70"
"05364","Jardin","2015","Trimestre 3","12,233,691.42","3,851.22"
"05364","Jardin","2016","Trimestre 3","5,274,266.88","1,289.02"
"05364","Jardin","2015","Trimestre 4","19,891,837.21","5,605.18"
"05364","Jardin","2016","Trimestre 4","15,191,653.44","3,812.74"
"05364","Jardin","2015","Trimestre 4","9,411,998.26","2,685.19"
"05364","Jardin","2016","Trimestre 4","6,249,505.37","1,578.33"
"05364","Jardin","2015","Trimestre 4","3,194,522.63","945.66"
"05364","Jardin","2016","Trimestre 4","4,521,357.53","1,145.33"
"05390","La Pintada","2014","Trimestre 1","476,472.16","195.34"
"05390","La Pintada","2018","Trimestre 1","4,765,991.81","1,225.67"
"05390","La Pintada","2019","Trimestre 1","15,726,284.79","3,825.42"
"05390","La Pintada","2018","Trimestre 1","36,603,207.81","9,312.31"
"05390","La Pintada","2019","Trimestre 1","20,252,964.10","4,817.13"
"05390","La Pintada","2012","Trimestre 1","381,725.48","119.38"
"05390","La Pintada","2018","Trimestre 1","17,663,950.78","4,508.18"
"05390","La Pintada","2019","Trimestre 1","18,203,593.73","4,303.07"
"05390","La Pintada","2020","Trimestre 1","9,647,262.48","1,859.89"
"05390","La Pintada","2022","Trimestre 1","9,273,463.49","1,242.20"
"05390","La Pintada","2012","Trimestre 2","256,236.14","84.26"
"05390","La Pintada","2017","Trimestre 2","1,864,273.48","500.35"
"05390","La Pintada","2018","Trimestre 2","8,282,553.88","2,133.21"
"05390","La Pintada","2023","Trimestre 2","4,335,641.68","462.47"
"05390","La Pintada","2012","Trimestre 2","2,991.17","- 0"
"05390","La Pintada","2017","Trimestre 2","2,173,993.22","581.07"
"05390","La Pintada","2018","Trimestre 2","18,043,145.82","4,751.68"
"05390","La Pintada","2023","Trimestre 2","8,016,688.29","859.36"
"05390","La Pintada","2013","Trimestre 2","2,327,823.11","866.20"
"05390","La Pintada","2017","Trimestre 2","2,381,595.50","635.93"
"05390","La Pintada","2018","Trimestre 2","46,656,126.93","12,177.52"
"05390","La Pintada","2021","Trimestre 2","15,277,596.36","2,204.51"
"05390","La Pintada","2022","Trimestre 2","11,432,319.80","1,505.47"
"05390","La Pintada","2017","Trimestre 3","2,255,467.60","587.41"
"05390","La Pintada","2018","Trimestre 3","9,615,734.67","2,523.48"
"05390","La Pintada","2023","Trimestre 3","5,535,738.75","633.41"
"05390","La Pintada","2012","Trimestre 3","121,597.99","41.56"
"05390","La Pintada","2015","Trimestre 3","211,972.65","66.73"
"05390","La Pintada","2017","Trimestre 3","4,199,290.90","1,086.70"
"05390","La Pintada","2018","Trimestre 3","11,871,402.65","3,226.04"
"05390","La Pintada","2023","Trimestre 3","3,771,337.14","454.28"
"05390","La Pintada","2014","Trimestre 3","139,564.88","55.18"
"05390","La Pintada","2017","Trimestre 3","7,203,120.23","1,835.09"
"05390","La Pintada","2018","Trimestre 3","54,290,604.67","14,840.39"
"05390","La Pintada","2019","Trimestre 3","3,817,622.62","912.65"
"05390","La Pintada","2021","Trimestre 3","18,580,123.75","4,968.11"
"05390","La Pintada","2022","Trimestre 3","25,199,784.11","3,255.74"
"05390","La Pintada","2013","Trimestre 4","1,479,096.75","555.35"
"05390","La Pintada","2017","Trimestre 4","3,933,406.66","996.27"
"05390","La Pintada","2018","Trimestre 4","16,309,587.35","4,355.03"
"05390","La Pintada","2023","Trimestre 4","2,803,221.32","300.95"
"05390","La Pintada","2017","Trimestre 4","1,792,127.29","460.86"
"05390","La Pintada","2018","Trimestre 4","35,286,791.22","9,159.97"
"05390","La Pintada","2013","Trimestre 4","163,196.18","64.69"
"05390","La Pintada","2017","Trimestre 4","2,471,478.56","621.44"
"05390","La Pintada","2018","Trimestre 4","25,541,992.15","6,362.49"
"05390","La Pintada","2019","Trimestre 4","8,920,769.38","1,732.47"
"05390","La Pintada","2020","Trimestre 4","23,528,024.28","3,567.61"
"05390","La Pintada","2021","Trimestre 4","16,858,813.61","4,474.30"
"05390","La Pintada","2022","Trimestre 4","6,964,753.65","890.62"
"05390","La Pintada","2023","Trimestre 4","4,420,262.83","532.07"
"05400","La Union - Antioquia","2026","Trimestre 1","1,389,463.51","76.96"
"05411","Liborina","2016","Trimestre 1","23,644,179.83","6,608.40"
"05411","Liborina","2017","Trimestre 1","172,327.43","48.30"
"05411","Liborina","2017","Trimestre 1","211,472.01","58.62"
"05411","Liborina","2016","Trimestre 1","69,233.51","16.70"
"05411","Liborina","2013","Trimestre 3","1,370,548.01","519.83"
"05411","Liborina","2015","Trimestre 3","1,044,810.77","301.54"
"05411","Liborina","2016","Trimestre 4","267,550.14","67.15"
"05425","Maceo","2012","Trimestre 1","5,426,222.77","1,649.37"
"05425","Maceo","2013","Trimestre 1","501,330.51","160.77"
"05425","Maceo","2022","Trimestre 1","1,450,145.56","199.25"
"05425","Maceo","2026","Trimestre 1","73,339,830.51","4,551.32"
"05425","Maceo","2016","Trimestre 1","48,088,592.59","12,975.41"
"05425","Maceo","2016","Trimestre 1","49,450,741.01","11,931.66"
"05425","Maceo","2020","Trimestre 1","463,753.33","89.89"
"05425","Maceo","2021","Trimestre 1","232,426,579.80","34,901.76"
"05425","Maceo","2022","Trimestre 1","123,631,949.96","16,761.63"
"05425","Maceo","2012","Trimestre 2","2,581,580.66","848.92"
"05425","Maceo","2016","Trimestre 2","71,163,780.62","17,664.55"
"05425","Maceo","2012","Trimestre 2","1,446,795.89","480.13"
"05425","Maceo","2013","Trimestre 2","2,085,069.13","745.73"
"05425","Maceo","2016","Trimestre 2","49,749,743.75","12,981.52"
"05425","Maceo","2012","Trimestre 2","7,207,494.92","2,462.19"
"05425","Maceo","2016","Trimestre 2","45,654,194.94","11,768.28"
"05425","Maceo","2021","Trimestre 2","307,446,355.67","46,430.91"
"05425","Maceo","2022","Trimestre 2","90,557,554.15","11,930.67"
"05425","Maceo","2023","Trimestre 2","3,572,603.17","383.55"
"05425","Maceo","2024","Trimestre 2","1,799,181.00","207.54"
"05425","Maceo","2026","Trimestre 2","46,272,766.82","2,488.77"
"05425","Maceo","2012","Trimestre 3","2,340,709.73","796.88"
"05425","Maceo","2013","Trimestre 3","860,010.11","326.19"
"05425","Maceo","2014","Trimestre 3","866,226.10","348.60"
"05425","Maceo","2016","Trimestre 3","55,498,883.97","14,121.05"
"05425","Maceo","2023","Trimestre 3","9,415,182.30","1,012.31"
"05425","Maceo","2026","Trimestre 3","1,662,925.40","94.69"
"05425","Maceo","2012","Trimestre 3","1,209,133.46","413.26"
"05425","Maceo","2012","Trimestre 3","1,738,137.82","575.42"
"05425","Maceo","2020","Trimestre 3","32,679,120.37","4,637.06"
"05425","Maceo","2021","Trimestre 3","82,915,972.56","11,827.47"
"05425","Maceo","2022","Trimestre 3","105,712,246.90","13,884.01"
"05425","Maceo","2025","Trimestre 3","6,113,497.65","439.82"
"05425","Maceo","2012","Trimestre 4","4,578,978.77","1,414.86"
"05425","Maceo","2023","Trimestre 4","868,986.89","103.28"
"05425","Maceo","2025","Trimestre 4","4,824,141.85","344.09"
"05425","Maceo","2012","Trimestre 4","1,284,062.56","395.82"
"05425","Maceo","2016","Trimestre 4","3,655.11","0.93"
"05425","Maceo","2025","Trimestre 4","11,096,839.84","685.29"
"05425","Maceo","2020","Trimestre 4","258,159,013.67","35,232.09"
"05425","Maceo","2021","Trimestre 4","86,674,318.00","12,187.79"
"05425","Maceo","2022","Trimestre 4","33,836,627.24","4,321.73"
"05480","Mutata","2026","Trimestre 1","387,858,610.42","21,577.31"
"05480","Mutata","2026","Trimestre 3","33,396,687.54","1,838.89"
"05480","Mutata","2013","Trimestre 1","1,280,284.04","410.57"
"05480","Mutata","2014","Trimestre 1","6,812,083.44","2,792.76"
"05480","Mutata","2015","Trimestre 1","2,007,931.06","693.15"
"05480","Mutata","2017","Trimestre 1","36,100,050.59","10,119.00"
"05480","Mutata","2018","Trimestre 1","24,263,057.82","6,239.73"
"05480","Mutata","2019","Trimestre 1","53,060,260.69","12,910.04"
"05480","Mutata","2023","Trimestre 1","352,018.59","40.25"
"05480","Mutata","2025","Trimestre 1","182,619,157.25","15,774.56"
"05480","Mutata","2026","Trimestre 1","375,080,751.57","22,356.36"
"05480","Mutata","2013","Trimestre 1","7,925,825.41","2,604.77"
"05480","Mutata","2014","Trimestre 1","3,136,225.93","1,249.73"
"05480","Mutata","2017","Trimestre 1","29,140,632.61","8,077.29"
"05480","Mutata","2018","Trimestre 1","41,880,780.72","10,654.99"
"05480","Mutata","2019","Trimestre 1","59,542,864.34","14,162.16"
"05480","Mutata","2023","Trimestre 1","523,823.10","56.87"
"05480","Mutata","2025","Trimestre 1","343,491,841.39","28,763.10"
"05480","Mutata","2013","Trimestre 1","6,781,737.75","2,260.84"
"05480","Mutata","2014","Trimestre 1","2,823,900.34","1,034.01"
"05480","Mutata","2015","Trimestre 1","13,128,523.26","4,295.34"
"05480","Mutata","2017","Trimestre 1","30,464,757.00","8,324.31"
"05480","Mutata","2018","Trimestre 1","10,844,127.87","2,767.63"
"05480","Mutata","2020","Trimestre 1","341,085,540.80","65,735.75"
"05480","Mutata","2021","Trimestre 1","245,444,023.10","35,850.23"
"05480","Mutata","2022","Trimestre 1","17,826,243.26","2,342.47"
"05480","Mutata","2025","Trimestre 1","471,388,199.43","39,185.70"
"05480","Mutata","2026","Trimestre 1","491,685,847.21","26,096.87"
"05480","Mutata","2013","Trimestre 2","8,856,137.53","2,982.69"
"05480","Mutata","2015","Trimestre 2","498,218.01","158.87"
"05480","Mutata","2017","Trimestre 2","20,442,166.31","5,486.45"
"05480","Mutata","2018","Trimestre 2","19,578,992.77","5,042.66"
"05480","Mutata","2024","Trimestre 2","47,788,403.42","5,512.51"
"05480","Mutata","2025","Trimestre 2","234,892,284.17","18,968.84"
"05480","Mutata","2026","Trimestre 2","111,484,924.19","5,966.25"
"05480","Mutata","2013","Trimestre 2","13,336,155.08","4,769.71"
"05480","Mutata","2015","Trimestre 2","6,445,975.43","2,096.06"
"05480","Mutata","2017","Trimestre 2","58,768,304.13","15,707.73"
"05480","Mutata","2018","Trimestre 2","109,010,779.03","28,579.67"
"05480","Mutata","2024","Trimestre 2","27,785,157.55","3,018.65"
"05480","Mutata","2026","Trimestre 2","373,342,369.39","20,423.73"
"05480","Mutata","2013","Trimestre 2","13,568,250.17","4,031.82"
"05480","Mutata","2015","Trimestre 2","6,655,817.97","7,744.46"
"05480","Mutata","2017","Trimestre 2","52,782,697.31","14,093.99"
"05480","Mutata","2018","Trimestre 2","69,708,967.55","18,201.64"
"05480","Mutata","2019","Trimestre 2","622,272,095.00","147,638.03"
"05480","Mutata","2020","Trimestre 2","340,799,005.44","60,538.37"
"05480","Mutata","2021","Trimestre 2","75,490,433.21","11,375.61"
"05480","Mutata","2022","Trimestre 2","91,108,580.88","11,972.91"
"05480","Mutata","2025","Trimestre 2","765,716,794.29","57,839.87"
"05480","Mutata","2026","Trimestre 2","5,189,156.17","295.48"
"05480","Mutata","2013","Trimestre 3","19,351,664.43","7,339.82"
"05480","Mutata","2014","Trimestre 3","4,616,915.54","1,858.01"
"05480","Mutata","2015","Trimestre 3","443,871.35","142.82"
"05480","Mutata","2017","Trimestre 3","36,399,238.52","9,479.75"
"05480","Mutata","2018","Trimestre 3","87,000,244.50","22,831.68"
"05480","Mutata","2024","Trimestre 3","137,829,722.70","14,788.42"
"05480","Mutata","2025","Trimestre 3","104,578,161.14","8,029.11"
"05480","Mutata","2026","Trimestre 3","404,119,627.85","23,295.60"
"05480","Mutata","2013","Trimestre 3","14,736,678.08","5,852.48"
"05480","Mutata","2014","Trimestre 3","4,817,704.42","1,922.00"
"05480","Mutata","2017","Trimestre 3","89,061,098.06","23,047.39"
"05480","Mutata","2018","Trimestre 3","73,492,617.91","19,835.54"
"05480","Mutata","2024","Trimestre 3","222,763,210.19","22,816.17"
"05480","Mutata","2025","Trimestre 3","110,236,536.70","7,825.91"
"05480","Mutata","2013","Trimestre 3","16,730,029.28","6,344.90"
"05480","Mutata","2014","Trimestre 3","6,867,537.84","2,715.23"
"05480","Mutata","2017","Trimestre 3","73,415,311.07","18,703.52"
"05480","Mutata","2018","Trimestre 3","102,695,134.90","27,717.28"
"05480","Mutata","2019","Trimestre 3","480,195,982.70","101,633.82"
"05480","Mutata","2020","Trimestre 3","171,843,820.09","24,570.97"
"05480","Mutata","2021","Trimestre 3","99,489,416.85","16,718.18"
"05480","Mutata","2022","Trimestre 3","341,972,925.80","44,795.30"
"05480","Mutata","2024","Trimestre 3","549,581,316.46","54,237.63"
"05480","Mutata","2025","Trimestre 3","240,548,036.32","17,246.34"
"05480","Mutata","2013","Trimestre 4","18,426,189.72","6,918.40"
"05480","Mutata","2014","Trimestre 4","852,867.32","339.48"
"05480","Mutata","2017","Trimestre 4","43,839,952.61","11,103.97"
"05480","Mutata","2018","Trimestre 4","104,777,460.20","27,977.96"
"05480","Mutata","2024","Trimestre 4","828,624,457.78","78,311.00"
"05480","Mutata","2025","Trimestre 4","83,147,202.01","5,735.91"
"05480","Mutata","2012","Trimestre 4","1,200,138.81","369.95"
"05480","Mutata","2013","Trimestre 4","17,446,537.48","6,830.65"
"05480","Mutata","2016","Trimestre 4","18,536,269.05","4,851.51"
"05480","Mutata","2017","Trimestre 4","78,479,745.30","20,181.70"
"05480","Mutata","2018","Trimestre 4","88,493,051.86","22,971.59"
"05480","Mutata","2024","Trimestre 4","475,734,630.83","42,773.61"
"05480","Mutata","2025","Trimestre 4","164,462,570.10","10,226.51"
"05480","Mutata","2012","Trimestre 4","11,268,837.80","3,495.52"
"05480","Mutata","2013","Trimestre 4","20,173,459.59","7,996.64"
"05480","Mutata","2016","Trimestre 4","22,876,480.65","5,798.17"
"05480","Mutata","2017","Trimestre 4","84,179,807.05","21,166.56"
"05480","Mutata","2018","Trimestre 4","193,107,869.79","48,995.26"
"05480","Mutata","2019","Trimestre 4","348,187,780.40","66,031.25"
"05480","Mutata","2020","Trimestre 4","280,897,999.19","38,280.92"
"05480","Mutata","2021","Trimestre 4","131,111,174.67","18,678.01"
"05480","Mutata","2022","Trimestre 4","235,672,199.59","30,506.48"
"05480","Mutata","2024","Trimestre 4","478,462,202.69","40,915.62"
"05480","Mutata","2025","Trimestre 4","450,997,586.30","28,355.16"
"05483","Nariño - Antioquia","2012","Trimestre 1","1,074,143.86","326.50"
"05483","Nariño - Antioquia","2013","Trimestre 1","358,324.86","114.91"
"05483","Nariño - Antioquia","2012","Trimestre 1","2,955,454.96","937.86"
"05483","Nariño - Antioquia","2013","Trimestre 1","4,435,111.49","1,457.57"
"05483","Nariño - Antioquia","2013","Trimestre 2","1,668,826.49","562.05"
"05483","Nariño - Antioquia","2012","Trimestre 2","31,575.65","- 0"
"05483","Nariño - Antioquia","2013","Trimestre 2","2,487,163.45","889.54"
"05483","Nariño - Antioquia","2013","Trimestre 2","199,324.22","74.17"
"05483","Nariño - Antioquia","2012","Trimestre 3","6,852,702.32","2,342.13"
"05483","Nariño - Antioquia","2012","Trimestre 3","9,091,075.20","3,009.65"
"05483","Nariño - Antioquia","2016","Trimestre 3","17,971,821.04","4,392.26"
"05483","Nariño - Antioquia","2012","Trimestre 4","2,178,450.30","673.12"
"05483","Nariño - Antioquia","2012","Trimestre 4","4,974,955.75","1,533.56"
"05483","Nariño - Antioquia","2013","Trimestre 4","1,343,945.17","526.18"
"05483","Nariño - Antioquia","2012","Trimestre 4","6,526,434.19","2,022.35"
"05495","Nechi","2026","Trimestre 1","209,860,262.08","811.05"
"05495","Nechi","2026","Trimestre 3","173,657,417.49","742.51"
"05495","Nechi","2026","Trimestre 2","41,876,052.05","313.59"
"05495","Nechi","2012","Trimestre 1","322,560,433.75","98,046.44"
"05495","Nechi","2013","Trimestre 1","124,439,191.57","39,905.99"
"05495","Nechi","2014","Trimestre 1","78,149,203.02","32,038.95"
"05495","Nechi","2015","Trimestre 1","21,203,190.01","7,319.47"
"05495","Nechi","2016","Trimestre 1","129,557,253.70","36,210.46"
"05495","Nechi","2017","Trimestre 1","522,425,372.49","146,438.09"
"05495","Nechi","2018","Trimestre 1","64,397,797.33","16,561.18"
"05495","Nechi","2019","Trimestre 1","78,497,633.35","19,094.56"
"05495","Nechi","2023","Trimestre 1","3,047,230.67","348.03"
"05495","Nechi","2024","Trimestre 1","15,271,438.48","1,854.10"
"05495","Nechi","2025","Trimestre 1","262,861,950.82","4,544.53"
"05495","Nechi","2026","Trimestre 1","291,408,869.43","4,576.02"
"05495","Nechi","2012","Trimestre 1","150,034,268.84","47,227.99"
"05495","Nechi","2013","Trimestre 1","175,315,348.60","57,616.23"
"05495","Nechi","2014","Trimestre 1","58,995,342.88","23,508.59"
"05495","Nechi","2015","Trimestre 1","46,422,084.54","15,029.27"
"05495","Nechi","2016","Trimestre 1","405,490,416.45","109,410.65"
"05495","Nechi","2017","Trimestre 1","693,764,422.78","192,368.88"
"05495","Nechi","2018","Trimestre 1","98,414,424.19","25,037.85"
"05495","Nechi","2019","Trimestre 1","161,691,391.00","38,526.87"
"05495","Nechi","2024","Trimestre 1","32,401,716.61","3,909.83"
"05495","Nechi","2025","Trimestre 1","321,661,394.12","3,670.45"
"05495","Nechi","2012","Trimestre 1","29,062,712.99","9,089.01"
"05495","Nechi","2013","Trimestre 1","136,103,234.13","45,372.98"
"05495","Nechi","2014","Trimestre 1","64,243,794.09","23,523.75"
"05495","Nechi","2015","Trimestre 1","3,566,210.20","1,166.78"
"05495","Nechi","2016","Trimestre 1","427,413,807.26","103,128.00"
"05495","Nechi","2017","Trimestre 1","318,134,007.76","86,954.71"
"05495","Nechi","2018","Trimestre 1","69,579,508.54","17,755.62"
"05495","Nechi","2019","Trimestre 1","190,255,389.70","44,987.59"
"05495","Nechi","2020","Trimestre 1","377,543,086.57","70,377.65"
"05495","Nechi","2021","Trimestre 1","342,124,893.90","51,509.99"
"05495","Nechi","2022","Trimestre 1","145,445,250.21","19,469.39"
"05495","Nechi","2023","Trimestre 1","14,740,833.79","1,761.08"
"05495","Nechi","2025","Trimestre 1","313,273,903.70","8,655.97"
"05495","Nechi","2026","Trimestre 1","548,824,421.10","2,645.49"
"05495","Nechi","2012","Trimestre 2","23,707,012.96","7,795.75"
"05495","Nechi","2013","Trimestre 2","132,588,949.46","44,655.10"
"05495","Nechi","2014","Trimestre 2","47,621,214.22","17,140.72"
"05495","Nechi","2015","Trimestre 2","169,502,849.42","55,041.84"
"05495","Nechi","2016","Trimestre 2","444,122,196.99","110,201.44"
"05495","Nechi","2017","Trimestre 2","497,960,206.90","133,659.74"
"05495","Nechi","2018","Trimestre 2","108,941,409.00","28,002.28"
"05495","Nechi","2023","Trimestre 2","90,622,712.04","9,980.14"
"05495","Nechi","2024","Trimestre 2","6,516,679.02","784.38"
"05495","Nechi","2025","Trimestre 2","306,046,474.46","9,538.34"
"05495","Nechi","2026","Trimestre 2","484,989,205.88","20,650.25"
"05495","Nechi","2012","Trimestre 2","184,140,387.74","61,108.36"
"05495","Nechi","2013","Trimestre 2","82,649,643.83","29,559.84"
"05495","Nechi","2014","Trimestre 2","47,724,053.83","18,414.61"
"05495","Nechi","2015","Trimestre 2","48,287,969.55","15,701.97"
"05495","Nechi","2016","Trimestre 2","452,347,400.73","117,866.15"
"05495","Nechi","2017","Trimestre 2","451,432,949.66","120,673.41"
"05495","Nechi","2018","Trimestre 2","87,757,038.00","23,077.43"
"05495","Nechi","2023","Trimestre 2","62,407,568.44","6,664.95"
"05495","Nechi","2024","Trimestre 2","49,479,162.95","5,990.69"
"05495","Nechi","2026","Trimestre 2","184,168,432.62","885.95"
"05495","Nechi","2012","Trimestre 2","89,759,348.37","30,495.80"
"05495","Nechi","2013","Trimestre 2","130,107,588.90","48,413.99"
"05495","Nechi","2014","Trimestre 2","177,849,966.94","70,054.77"
"05495","Nechi","2015","Trimestre 2","383,328,217.94","127,626.60"
"05495","Nechi","2016","Trimestre 2","418,992,485.73","108,003.68"
"05495","Nechi","2017","Trimestre 2","453,343,955.17","121,093.24"
"05495","Nechi","2018","Trimestre 2","248,095,259.60","64,776.41"
"05495","Nechi","2019","Trimestre 2","151,176,311.10","35,802.44"
"05495","Nechi","2020","Trimestre 2","436,972,977.01","65,672.17"
"05495","Nechi","2021","Trimestre 2","924,721,791.95","139,061.18"
"05495","Nechi","2022","Trimestre 2","46,720,317.42","6,160.00"
"05495","Nechi","2025","Trimestre 2","344,897,160.38","9,162.59"
"05495","Nechi","2026","Trimestre 2","239,346,586.24","7,887.71"
"05495","Nechi","2012","Trimestre 3","57,040,612.31","19,173.49"
"05495","Nechi","2013","Trimestre 3","100,181,567.91","37,997.49"
"05495","Nechi","2014","Trimestre 3","173,340,029.55","69,758.15"
"05495","Nechi","2015","Trimestre 3","325,431,965.46","104,713.59"
"05495","Nechi","2016","Trimestre 3","393,381,633.60","100,100.08"
"05495","Nechi","2017","Trimestre 3","130,527,082.24","34,069.34"
"05495","Nechi","2018","Trimestre 3","308,455,539.90","80,948.72"
"05495","Nechi","2023","Trimestre 3","40,695,405.91","4,389.34"
"05495","Nechi","2024","Trimestre 3","59,654,903.51","6,473.35"
"05495","Nechi","2025","Trimestre 3","489,423,552.16","11,111.49"
"05495","Nechi","2026","Trimestre 3","472,742,586.75","29,859.17"
"05495","Nechi","2012","Trimestre 3","51,342,090.93","17,513.71"
"05495","Nechi","2013","Trimestre 3","105,910,281.31","42,050.26"
"05495","Nechi","2014","Trimestre 3","186,410,122.91","74,367.42"
"05495","Nechi","2015","Trimestre 3","80,638,863.65","25,385.50"
"05495","Nechi","2016","Trimestre 3","546,421,311.94","134,155.57"
"05495","Nechi","2017","Trimestre 3","175,924,953.09","45,536.35"
"05495","Nechi","2018","Trimestre 3","106,070,284.10","28,806.76"
"05495","Nechi","2023","Trimestre 3","71,945,326.94","8,752.25"
"05495","Nechi","2024","Trimestre 3","49,986,080.31","1,444.53"
"05495","Nechi","2025","Trimestre 3","359,785,448.90","9,832.56"
"05495","Nechi","2012","Trimestre 3","136,079,257.56","45,049.78"
"05495","Nechi","2013","Trimestre 3","72,885,549.63","27,642.00"
"05495","Nechi","2014","Trimestre 3","137,341,322.54","54,300.87"
"05495","Nechi","2015","Trimestre 3","14,457,844.68","4,172.68"
"05495","Nechi","2016","Trimestre 3","633,924,304.54","154,929.32"
"05495","Nechi","2017","Trimestre 3","151,119,707.47","38,523.38"
"05495","Nechi","2018","Trimestre 3","100,101,501.30","27,360.63"
"05495","Nechi","2019","Trimestre 3","166,273,892.76","36,168.88"
"05495","Nechi","2020","Trimestre 3","557,323,454.64","79,817.99"
"05495","Nechi","2021","Trimestre 3","847,440,635.71","120,211.00"
"05495","Nechi","2022","Trimestre 3","28,777,288.78","3,694.10"
"05495","Nechi","2023","Trimestre 3","232,338,311.99","28,802.30"
"05495","Nechi","2024","Trimestre 3","150,990,540.08","6,432.03"
"05495","Nechi","2025","Trimestre 3","313,809,879.36","5,258.15"
"05495","Nechi","2012","Trimestre 4","103,808,470.71","32,075.81"
"05495","Nechi","2013","Trimestre 4","127,633,044.48","47,921.82"
"05495","Nechi","2014","Trimestre 4","93,525,850.11","37,227.54"
"05495","Nechi","2015","Trimestre 4","15,556,791.45","4,376.05"
"05495","Nechi","2016","Trimestre 4","506,497,043.84","127,037.68"
"05495","Nechi","2017","Trimestre 4","125,524,483.00","32,125.27"
"05495","Nechi","2018","Trimestre 4","67,798,614.32","18,155.26"
"05495","Nechi","2023","Trimestre 4","223,368,352.90","28,204.02"
"05495","Nechi","2024","Trimestre 4","137,758,479.90","4,589.38"
"05495","Nechi","2025","Trimestre 4","415,856,075.02","6,936.46"
"05495","Nechi","2012","Trimestre 4","202,581,199.68","62,446.87"
"05495","Nechi","2013","Trimestre 4","110,118,749.41","43,113.58"
"05495","Nechi","2014","Trimestre 4","107,194,044.00","41,634.06"
"05495","Nechi","2015","Trimestre 4","25,507,771.53","7,288.31"
"05495","Nechi","2016","Trimestre 4","589,541,778.99","154,301.16"
"05495","Nechi","2017","Trimestre 4","61,824,493.22","15,889.70"
"05495","Nechi","2018","Trimestre 4","54,345,490.91","14,175.72"
"05495","Nechi","2024","Trimestre 4","313,350,757.56","3,174.95"
"05495","Nechi","2025","Trimestre 4","410,252,492.00","5,858.50"
"05495","Nechi","2012","Trimestre 4","271,763,500.91","84,275.41"
"05495","Nechi","2013","Trimestre 4","198,816,362.90","78,809.63"
"05495","Nechi","2014","Trimestre 4","94,529,758.00","36,740.91"
"05495","Nechi","2015","Trimestre 4","81,560,490.10","24,370.45"
"05495","Nechi","2016","Trimestre 4","630,878,768.40","160,039.70"
"05495","Nechi","2017","Trimestre 4","43,438,922.06","11,040.67"
"05495","Nechi","2018","Trimestre 4","146,549,573.40","37,136.42"
"05495","Nechi","2019","Trimestre 4","606,026,202.30","115,755.82"
"05495","Nechi","2020","Trimestre 4","773,264,926.85","104,430.80"
"05495","Nechi","2021","Trimestre 4","778,624,034.63","110,703.26"
"05495","Nechi","2022","Trimestre 4","216,858,081.59","20,012.87"
"05495","Nechi","2023","Trimestre 4","203,450,935.96","24,768.98"
"05495","Nechi","2024","Trimestre 4","271,248,037.37","3,975.30"
"05495","Nechi","2025","Trimestre 4","350,519,294.00","7,307.69"
"05501","Olaya","2017","Trimestre 1","302,043.66","84.66"
"05501","Olaya","2017","Trimestre 1","218,679.33","60.61"
"05501","Olaya","2020","Trimestre 1","38,929.76","7.31"
"05501","Olaya","2020","Trimestre 2","8,697.94","1.26"
"05501","Olaya","2019","Trimestre 3","31,810.97","6.04"
"05501","Olaya","2020","Trimestre 3","74,005.08","11.02"
"05501","Olaya","2016","Trimestre 4","324,534.44","81.45"
"05501","Olaya","2019","Trimestre 4","8,110.74","1.54"
"05579","Puerto Berrio","2026","Trimestre 1","328,667,157.07","19,227.80"
"05579","Puerto Berrio","2026","Trimestre 3","1,240,188.39","70.54"
"05579","Puerto Berrio","2012","Trimestre 1","1,261,841.04","383.55"
"05579","Puerto Berrio","2013","Trimestre 1","23,902,460.61","7,665.20"
"05579","Puerto Berrio","2014","Trimestre 1","17,786,895.35","7,292.12"
"05579","Puerto Berrio","2016","Trimestre 1","41,666,602.54","11,645.56"
"05579","Puerto Berrio","2017","Trimestre 1","47,644,896.00","13,355.07"
"05579","Puerto Berrio","2018","Trimestre 1","363,211,644.80","93,407.13"
"05579","Puerto Berrio","2019","Trimestre 1","210,171,823.30","51,124.31"
"05579","Puerto Berrio","2022","Trimestre 1","70,905,968.19","9,742.48"
"05579","Puerto Berrio","2023","Trimestre 1","247,777,493.33","28,275.64"
"05579","Puerto Berrio","2024","Trimestre 1","10,502,479.42","1,268.04"
"05579","Puerto Berrio","2025","Trimestre 1","88,594,494.84","7,411.08"
"05579","Puerto Berrio","2026","Trimestre 1","108,195,782.55","6,752.97"
"05579","Puerto Berrio","2012","Trimestre 1","27,945,573.62","8,864.74"
"05579","Puerto Berrio","2013","Trimestre 1","1,119,998.24","368.08"
"05579","Puerto Berrio","2014","Trimestre 1","45,022,545.51","17,940.68"
"05579","Puerto Berrio","2015","Trimestre 1","1,065,659.44","345.01"
"05579","Puerto Berrio","2016","Trimestre 1","14,769,606.31","3,985.18"
"05579","Puerto Berrio","2017","Trimestre 1","70,638,151.76","19,579.70"
"05579","Puerto Berrio","2018","Trimestre 1","276,080,816.50","70,261.47"
"05579","Puerto Berrio","2019","Trimestre 1","282,409,351.20","67,282.26"
"05579","Puerto Berrio","2023","Trimestre 1","239,398,391.90","26,996.82"
"05579","Puerto Berrio","2024","Trimestre 1","187,642,460.50","22,417.91"
"05579","Puerto Berrio","2025","Trimestre 1","111,154,103.45","9,292.10"
"05579","Puerto Berrio","2012","Trimestre 1","25,179,361.32","7,874.54"
"05579","Puerto Berrio","2013","Trimestre 1","27,689,146.15","9,230.78"
"05579","Puerto Berrio","2014","Trimestre 1","24,126,499.30","8,834.25"
"05579","Puerto Berrio","2015","Trimestre 1","5,177,086.30","1,693.82"
"05579","Puerto Berrio","2016","Trimestre 1","14,919,427.21","3,599.82"
"05579","Puerto Berrio","2017","Trimestre 1","138,803,594.58","37,927.24"
"05579","Puerto Berrio","2018","Trimestre 1","111,141,316.30","28,349.13"
"05579","Puerto Berrio","2019","Trimestre 1","249,329,659.10","58,964.03"
"05579","Puerto Berrio","2020","Trimestre 1","1,170,795,998.39","219,831.19"
"05579","Puerto Berrio","2021","Trimestre 1","133,641,142.50","19,942.17"
"05579","Puerto Berrio","2022","Trimestre 1","874,937,771.70","117,517.45"
"05579","Puerto Berrio","2023","Trimestre 1","138,609,075.03","15,205.78"
"05579","Puerto Berrio","2024","Trimestre 1","207,556,296.61","25,321.14"
"05579","Puerto Berrio","2025","Trimestre 1","213,618,758.13","21,245.69"
"05579","Puerto Berrio","2026","Trimestre 1","36,781,827.65","2,022.48"
"05579","Puerto Berrio","2012","Trimestre 2","18,617,690.58","6,122.19"
"05579","Puerto Berrio","2013","Trimestre 2","15,710,841.24","5,291.31"
"05579","Puerto Berrio","2014","Trimestre 2","5,658,574.53","2,036.74"
"05579","Puerto Berrio","2015","Trimestre 2","976,528.51","311.39"
"05579","Puerto Berrio","2016","Trimestre 2","15,594,801.73","3,870.51"
"05579","Puerto Berrio","2017","Trimestre 2","156,226,483.24","41,929.43"
"05579","Puerto Berrio","2018","Trimestre 2","78,367,938.70","20,170.31"
"05579","Puerto Berrio","2023","Trimestre 2","253,057,540.70","27,380.86"
"05579","Puerto Berrio","2024","Trimestre 2","252,247,010.70","29,674.16"
"05579","Puerto Berrio","2025","Trimestre 2","111,718,147.30","8,992.31"
"05579","Puerto Berrio","2026","Trimestre 2","123,172,916.96","6,981.16"
"05579","Puerto Berrio","2012","Trimestre 2","7,140,403.69","2,351.89"
"05579","Puerto Berrio","2013","Trimestre 2","19,267,422.26","6,891.04"
"05579","Puerto Berrio","2014","Trimestre 2","7,984,351.66","3,080.81"
"05579","Puerto Berrio","2015","Trimestre 2","8,860,870.38","2,881.32"
"05579","Puerto Berrio","2016","Trimestre 2","11,322,068.44","2,954.34"
"05579","Puerto Berrio","2017","Trimestre 2","157,094,755.37","41,988.88"
"05579","Puerto Berrio","2018","Trimestre 2","184,490,295.53","49,016.59"
"05579","Puerto Berrio","2023","Trimestre 2","319,202,400.70","34,234.59"
"05579","Puerto Berrio","2024","Trimestre 2","165,493,942.80","18,115.34"
"05579","Puerto Berrio","2026","Trimestre 2","234,377,644.01","12,522.66"
"05579","Puerto Berrio","2012","Trimestre 2","10,629,415.01","3,631.17"
"05579","Puerto Berrio","2013","Trimestre 2","25,353,492.64","9,434.22"
"05579","Puerto Berrio","2014","Trimestre 2","19,881,740.55","7,831.38"
"05579","Puerto Berrio","2015","Trimestre 2","50,947,986.83","16,595.67"
"05579","Puerto Berrio","2016","Trimestre 2","56,867,836.75","14,658.82"
"05579","Puerto Berrio","2017","Trimestre 2","427,459,579.82","114,139.61"
"05579","Puerto Berrio","2018","Trimestre 2","77,186,906.15","20,177.33"
"05579","Puerto Berrio","2019","Trimestre 2","541,594,968.80","128,154.36"
"05579","Puerto Berrio","2020","Trimestre 2","1,251,126,355.30","190,934.01"
"05579","Puerto Berrio","2021","Trimestre 2","530,601,881.31","77,764.31"
"05579","Puerto Berrio","2022","Trimestre 2","478,547,735.18","63,055.15"
"05579","Puerto Berrio","2023","Trimestre 2","283,323,840.10","30,410.65"
"05579","Puerto Berrio","2024","Trimestre 2","48,227.00","5.19"
"05579","Puerto Berrio","2025","Trimestre 2","275,832,393.52","19,994.89"
"05579","Puerto Berrio","2026","Trimestre 2","105,106,579.56","5,984.96"
"05579","Puerto Berrio","2012","Trimestre 3","38,008,951.47","12,939.91"
"05579","Puerto Berrio","2013","Trimestre 3","10,531,043.84","3,994.28"
"05579","Puerto Berrio","2014","Trimestre 3","8,742,845.38","3,518.43"
"05579","Puerto Berrio","2015","Trimestre 3","10,338,815.40","3,326.70"
"05579","Puerto Berrio","2016","Trimestre 3","81,566,956.64","20,753.77"
"05579","Puerto Berrio","2017","Trimestre 3","346,348,313.54","90,258.36"
"05579","Puerto Berrio","2018","Trimestre 3","119,050,826.30","31,242.79"
"05579","Puerto Berrio","2023","Trimestre 3","216,672,956.80","24,037.62"
"05579","Puerto Berrio","2024","Trimestre 3","196,101,286.60","21,183.80"
"05579","Puerto Berrio","2025","Trimestre 3","248,045,940.74","17,508.38"
"05579","Puerto Berrio","2026","Trimestre 3","58,268,984.18","3,574.31"
"05579","Puerto Berrio","2012","Trimestre 3","148,021,126.33","50,590.95"
"05579","Puerto Berrio","2013","Trimestre 3","15,694,409.74","6,198.28"
"05579","Puerto Berrio","2014","Trimestre 3","32,634,432.90","13,019.35"
"05579","Puerto Berrio","2015","Trimestre 3","8,556,535.87","2,693.64"
"05579","Puerto Berrio","2016","Trimestre 3","143,363,557.35","35,198.15"
"05579","Puerto Berrio","2017","Trimestre 3","539,696,004.07","139,768.86"
"05579","Puerto Berrio","2018","Trimestre 3","142,005,275.20","38,589.77"
"05579","Puerto Berrio","2023","Trimestre 3","170,861,980.10","20,616.84"
"05579","Puerto Berrio","2024","Trimestre 3","150,303,027.74","15,310.83"
"05579","Puerto Berrio","2012","Trimestre 3","515,139,380.49","170,539.70"
"05579","Puerto Berrio","2013","Trimestre 3","10,926,740.22","4,143.99"
"05579","Puerto Berrio","2014","Trimestre 3","25,377,032.30","10,033.36"
"05579","Puerto Berrio","2015","Trimestre 3","7,008,796.25","2,022.81"
"05579","Puerto Berrio","2016","Trimestre 3","82,529,790.33","20,177.09"
"05579","Puerto Berrio","2017","Trimestre 3","409,155,065.00","104,237.66"
"05579","Puerto Berrio","2018","Trimestre 3","172,125,332.00","46,838.71"
"05579","Puerto Berrio","2019","Trimestre 3","957,970,349.50","205,848.64"
"05579","Puerto Berrio","2020","Trimestre 3","1,781,353,517.07","248,701.42"
"05579","Puerto Berrio","2021","Trimestre 3","646,017,538.26","91,271.53"
"05579","Puerto Berrio","2022","Trimestre 3","584,476,982.11","76,017.45"
"05579","Puerto Berrio","2023","Trimestre 3","186,395,854.88","22,729.00"
"05579","Puerto Berrio","2024","Trimestre 3","210,528,766.86","21,003.58"
"05579","Puerto Berrio","2025","Trimestre 3","260,405,032.52","18,597.69"
"05579","Puerto Berrio","2012","Trimestre 4","428,555,692.84","132,419.55"
"05579","Puerto Berrio","2013","Trimestre 4","6,031,428.17","2,264.59"
"05579","Puerto Berrio","2014","Trimestre 4","17,081,388.89","6,799.17"
"05579","Puerto Berrio","2015","Trimestre 4","43,712,631.27","12,296.15"
"05579","Puerto Berrio","2016","Trimestre 4","23,086,734.42","5,794.21"
"05579","Puerto Berrio","2017","Trimestre 4","403,471,306.60","102,256.02"
"05579","Puerto Berrio","2018","Trimestre 4","206,004,521.00","55,048.03"
"05579","Puerto Berrio","2023","Trimestre 4","220,005,182.90","27,558.44"
"05579","Puerto Berrio","2024","Trimestre 4","148,257,459.81","13,631.27"
"05579","Puerto Berrio","2012","Trimestre 4","28,182,808.33","8,687.52"
"05579","Puerto Berrio","2013","Trimestre 4","9,320,047.01","3,648.98"
"05579","Puerto Berrio","2014","Trimestre 4","16,953,777.43","6,584.83"
"05579","Puerto Berrio","2015","Trimestre 4","36,613,728.72","10,461.61"
"05579","Puerto Berrio","2016","Trimestre 4","76,582,741.63","20,043.75"
"05579","Puerto Berrio","2017","Trimestre 4","300,908,507.80","77,381.05"
"05579","Puerto Berrio","2018","Trimestre 4","229,750,757.50","59,749.85"
"05579","Puerto Berrio","2024","Trimestre 4","117,720,927.07","10,044.99"
"05579","Puerto Berrio","2025","Trimestre 4","279,872,946.00","18,298.83"
"05579","Puerto Berrio","2012","Trimestre 4","33,255,531.52","8,025.15"
"05579","Puerto Berrio","2013","Trimestre 4","11,209,826.77","4,339.43"
"05579","Puerto Berrio","2014","Trimestre 4","7,850,664.70","3,051.20"
"05579","Puerto Berrio","2015","Trimestre 4","28,638,135.99","8,701.62"
"05579","Puerto Berrio","2016","Trimestre 4","140,373,001.51","35,537.33"
"05579","Puerto Berrio","2017","Trimestre 4","326,262,866.73","82,111.36"
"05579","Puerto Berrio","2018","Trimestre 4","249,561,444.23","62,778.65"
"05579","Puerto Berrio","2019","Trimestre 4","705,416,888.50","134,764.70"
"05579","Puerto Berrio","2020","Trimestre 4","1,502,915,498.36","206,713.11"
"05579","Puerto Berrio","2021","Trimestre 4","1,453,534,200.49","219,977.72"
"05579","Puerto Berrio","2022","Trimestre 4","1,392,086,241.40","175,661.09"
"05579","Puerto Berrio","2023","Trimestre 4","328,253,376.71","40,350.14"
"05579","Puerto Berrio","2024","Trimestre 4","92,839,092.72","7,763.12"
"05579","Puerto Berrio","2025","Trimestre 4","13,484,186.37","970.09"
"05585","Puerto Nare","2026","Trimestre 1","336,761,323.38","18,911.60"
"05585","Puerto Nare","2026","Trimestre 3","1,184,528.61","70.54"
"05585","Puerto Nare","2026","Trimestre 2","13,911,966.48","792.17"
"05585","Puerto Nare","2013","Trimestre 1","217,065.48","69.61"
"05585","Puerto Nare","2014","Trimestre 1","536,086.06","219.78"
"05585","Puerto Nare","2016","Trimestre 1","118,822,182.49","33,210.07"
"05585","Puerto Nare","2017","Trimestre 1","40,625,011.14","11,387.37"
"05585","Puerto Nare","2018","Trimestre 1","8,970,526.17","2,306.95"
"05585","Puerto Nare","2019","Trimestre 1","22,485,789.30","5,469.67"
"05585","Puerto Nare","2023","Trimestre 1","47,333,545.25","5,347.47"
"05585","Puerto Nare","2024","Trimestre 1","3,913,126.89","472.46"
"05585","Puerto Nare","2025","Trimestre 1","60,969,842.82","5,097.41"
"05585","Puerto Nare","2026","Trimestre 1","292,469,909.60","17,467.36"
"05585","Puerto Nare","2012","Trimestre 1","812,593.65","253.26"
"05585","Puerto Nare","2013","Trimestre 1","129,867.22","42.68"
"05585","Puerto Nare","2014","Trimestre 1","44,429,720.94","17,704.45"
"05585","Puerto Nare","2015","Trimestre 1","3,877,189.09","1,255.25"
"05585","Puerto Nare","2016","Trimestre 1","114,123,361.23","30,793.11"
"05585","Puerto Nare","2017","Trimestre 1","55,712,847.54","15,442.66"
"05585","Puerto Nare","2019","Trimestre 1","8,439,208.03","2,007.25"
"05585","Puerto Nare","2023","Trimestre 1","109,913,160.90","12,075.64"
"05585","Puerto Nare","2024","Trimestre 1","85,101,967.95","10,287.65"
"05585","Puerto Nare","2025","Trimestre 1","77,095,055.27","6,449.06"
"05585","Puerto Nare","2012","Trimestre 1","451,656.25","141.25"
"05585","Puerto Nare","2013","Trimestre 1","365,927.79","121.99"
"05585","Puerto Nare","2014","Trimestre 1","812,314.11","297.44"
"05585","Puerto Nare","2016","Trimestre 1","144,899,830.55","35,184.33"
"05585","Puerto Nare","2017","Trimestre 1","17,272,295.71","4,719.55"
"05585","Puerto Nare","2018","Trimestre 1","14,437,861.72","3,684.82"
"05585","Puerto Nare","2019","Trimestre 1","27,654,882.91","6,537.22"
"05585","Puerto Nare","2020","Trimestre 1","44,464,179.33","8,593.79"
"05585","Puerto Nare","2021","Trimestre 1","3,870,199.61","586.87"
"05585","Puerto Nare","2023","Trimestre 1","122,539,913.15","13,354.72"
"05585","Puerto Nare","2024","Trimestre 1","79,914,083.18","9,701.78"
"05585","Puerto Nare","2025","Trimestre 1","212,039,984.10","18,686.02"
"05585","Puerto Nare","2026","Trimestre 1","163,953,293.15","8,713.75"
"05585","Puerto Nare","2012","Trimestre 2","634,295.45","208.58"
"05585","Puerto Nare","2013","Trimestre 2","124,586.71","41.96"
"05585","Puerto Nare","2014","Trimestre 2","945,355.40","340.27"
"05585","Puerto Nare","2015","Trimestre 2","4,716,903.32","1,504.10"
"05585","Puerto Nare","2016","Trimestre 2","158,699,411.95","39,391.15"
"05585","Puerto Nare","2017","Trimestre 2","50,545,303.31","13,565.79"
"05585","Puerto Nare","2018","Trimestre 2","27,877,271.47","7,179.92"
"05585","Puerto Nare","2023","Trimestre 2","142,932,605.80","15,299.53"
"05585","Puerto Nare","2024","Trimestre 2","158,429,958.10","19,331.90"
"05585","Puerto Nare","2025","Trimestre 2","216,765,420.08","17,659.72"
"05585","Puerto Nare","2026","Trimestre 2","97,793,724.86","5,200.47"
"05585","Puerto Nare","2013","Trimestre 2","986,236.89","352.73"
"05585","Puerto Nare","2014","Trimestre 2","550,179.34","212.29"
"05585","Puerto Nare","2015","Trimestre 2","180,141,731.00","58,577.31"
"05585","Puerto Nare","2016","Trimestre 2","30,439,578.89","7,942.79"
"05585","Puerto Nare","2017","Trimestre 2","42,093,801.97","11,250.93"
"05585","Puerto Nare","2018","Trimestre 2","18,292,622.78","4,817.38"
"05585","Puerto Nare","2023","Trimestre 2","157,478,352.10","16,895.23"
"05585","Puerto Nare","2024","Trimestre 2","189,202,246.90","22,208.16"
"05585","Puerto Nare","2026","Trimestre 2","227,771,045.93","12,502.51"
"05585","Puerto Nare","2012","Trimestre 2","1,382,403.26","472.25"
"05585","Puerto Nare","2013","Trimestre 2","316,333.48","117.71"
"05585","Puerto Nare","2015","Trimestre 2","3,466,922.07","1,154.31"
"05585","Puerto Nare","2016","Trimestre 2","50,166,374.27","12,931.38"
"05585","Puerto Nare","2017","Trimestre 2","32,456,443.21","8,666.47"
"05585","Puerto Nare","2018","Trimestre 2","20,328,934.77","5,305.97"
"05585","Puerto Nare","2019","Trimestre 2","9,057,804.15","2,141.52"
"05585","Puerto Nare","2022","Trimestre 2","55,885,692.45","7,325.22"
"05585","Puerto Nare","2023","Trimestre 2","1,904,688.47","204.79"
"05585","Puerto Nare","2025","Trimestre 2","311,119,967.79","23,408.19"
"05585","Puerto Nare","2026","Trimestre 2","944,105.75","53.76"
"05585","Puerto Nare","2012","Trimestre 3","414,958.42","141.27"
"05585","Puerto Nare","2013","Trimestre 3","672,763.67","255.17"
"05585","Puerto Nare","2015","Trimestre 3","1,710,207.33","550.29"
"05585","Puerto Nare","2016","Trimestre 3","45,169,103.03","11,492.76"
"05585","Puerto Nare","2017","Trimestre 3","34,745,881.35","9,052.74"
"05585","Puerto Nare","2018","Trimestre 3","37,855,658.41","9,934.55"
"05585","Puerto Nare","2023","Trimestre 3","214,697,458.64","24,505.35"
"05585","Puerto Nare","2024","Trimestre 3","119,151,556.80","12,801.68"
"05585","Puerto Nare","2025","Trimestre 3","247,133,161.74","17,940.85"
"05585","Puerto Nare","2026","Trimestre 3","41,089,846.04","2,380.40"
"05585","Puerto Nare","2012","Trimestre 3","2,565,612.33","876.88"
"05585","Puerto Nare","2013","Trimestre 3","488,395.70","193.96"
"05585","Puerto Nare","2014","Trimestre 3","442,817.72","176.66"
"05585","Puerto Nare","2015","Trimestre 3","3,454,189.21","1,087.40"
"05585","Puerto Nare","2016","Trimestre 3","60,281,215.70","15,192.94"
"05585","Puerto Nare","2018","Trimestre 3","11,441,115.64","3,109.11"
"05585","Puerto Nare","2023","Trimestre 3","32,584,637.33","3,993.91"
"05585","Puerto Nare","2024","Trimestre 3","86,082,953.85","8,652.70"
"05585","Puerto Nare","2025","Trimestre 3","117,759,114.10","8,470.61"
"05585","Puerto Nare","2012","Trimestre 3","2,476,201.49","819.76"
"05585","Puerto Nare","2013","Trimestre 3","635,935.71","241.18"
"05585","Puerto Nare","2014","Trimestre 3","133,696.98","52.86"
"05585","Puerto Nare","2015","Trimestre 3","151,037,493.64","43,590.94"
"05585","Puerto Nare","2016","Trimestre 3","42,121,549.30","10,294.39"
"05585","Puerto Nare","2017","Trimestre 3","2,413,182.07","614.79"
"05585","Puerto Nare","2018","Trimestre 3","13,403,866.33","3,663.96"
"05585","Puerto Nare","2019","Trimestre 3","4,225,719.88","922.63"
"05585","Puerto Nare","2020","Trimestre 3","37,926,134.46","6,551.83"
"05585","Puerto Nare","2021","Trimestre 3","30,690,449.88","4,307.13"
"05585","Puerto Nare","2022","Trimestre 3","153,194,842.48","19,830.90"
"05585","Puerto Nare","2023","Trimestre 3","97,932,058.21","12,127.39"
"05585","Puerto Nare","2024","Trimestre 3","87,931,915.94","8,530.10"
"05585","Puerto Nare","2025","Trimestre 3","37,087,727.96","2,660.65"
"05585","Puerto Nare","2012","Trimestre 4","1,838,407.25","568.05"
"05585","Puerto Nare","2013","Trimestre 4","518,582.75","194.71"
"05585","Puerto Nare","2014","Trimestre 4","586,214.39","233.34"
"05585","Puerto Nare","2015","Trimestre 4","67,129,233.21","18,891.96"
"05585","Puerto Nare","2016","Trimestre 4","61,182,306.33","15,355.27"
"05585","Puerto Nare","2017","Trimestre 4","11,140,486.93","2,821.71"
"05585","Puerto Nare","2018","Trimestre 4","18,530,522.15","4,948.07"
"05585","Puerto Nare","2023","Trimestre 4","105,449,827.80","13,202.36"
"05585","Puerto Nare","2024","Trimestre 4","110,484,091.06","10,013.19"
"05585","Puerto Nare","2025","Trimestre 4","131,691,751.64","9,141.89"
"05585","Puerto Nare","2012","Trimestre 4","1,901,601.22","586.18"
"05585","Puerto Nare","2013","Trimestre 4","384,579.09","150.57"
"05585","Puerto Nare","2014","Trimestre 4","212,564.92","82.56"
"05585","Puerto Nare","2015","Trimestre 4","91,922,736.51","26,253.46"
"05585","Puerto Nare","2016","Trimestre 4","99,478,298.61","25,735.20"
"05585","Puerto Nare","2017","Trimestre 4","30,011,813.11","7,717.78"
"05585","Puerto Nare","2018","Trimestre 4","18,804,723.92","4,881.45"
"05585","Puerto Nare","2024","Trimestre 4","130,166,705.44","11,090.89"
"05585","Puerto Nare","2025","Trimestre 4","123,641,867.10","7,696.66"
"05585","Puerto Nare","2012","Trimestre 4","383,889.44","119.08"
"05585","Puerto Nare","2013","Trimestre 4","926,022.91","367.07"
"05585","Puerto Nare","2014","Trimestre 4","504,103.36","195.93"
"05585","Puerto Nare","2015","Trimestre 4","82,020,857.97","24,481.79"
"05585","Puerto Nare","2016","Trimestre 4","90,196,078.82","22,957.40"
"05585","Puerto Nare","2017","Trimestre 4","23,546,178.43","5,920.56"
"05585","Puerto Nare","2018","Trimestre 4","24,942,311.39","6,213.11"
"05585","Puerto Nare","2019","Trimestre 4","46,934,113.59","9,077.33"
"05585","Puerto Nare","2021","Trimestre 4","55,055,127.38","7,845.80"
"05585","Puerto Nare","2022","Trimestre 4","250,779,305.35","31,306.93"
"05585","Puerto Nare","2023","Trimestre 4","122,794,261.45","14,847.66"
"05585","Puerto Nare","2024","Trimestre 4","126,264,282.89","10,533.65"
"05585","Puerto Nare","2025","Trimestre 4","167,605,563.20","10,526.49"
"05591","Puerto Triunfo","2017","Trimestre 1","298,890.90","82.85"
"05591","Puerto Triunfo","2016","Trimestre 1","133,862.99","32.30"
"05591","Puerto Triunfo","2016","Trimestre 2","253,003.63","61.05"
"05591","Puerto Triunfo","2016","Trimestre 4","612,348.88","153.68"
"05591","Puerto Triunfo","2015","Trimestre 4","8,237,958.02","2,353.82"
"05604","Remedios","2026","Trimestre 1","3,673,256,473.00","219,789.40"
"05604","Remedios","2026","Trimestre 3","886,966,953.87","48,713.83"
"05604","Remedios","2026","Trimestre 2","919,586,451.76","57,741.98"
"05604","Remedios","2012","Trimestre 1","162,779,043.99","142,398.21"
"05604","Remedios","2013","Trimestre 1","166,524,032.56","149,812.32"
"05604","Remedios","2014","Trimestre 1","286,284,838.57","164,725.02"
"05604","Remedios","2015","Trimestre 1","329,859,904.78","240,379.79"
"05604","Remedios","2016","Trimestre 1","221,373,575.49","173,655.40"
"05604","Remedios","2017","Trimestre 1","334,320,764.99","237,673.68"
"05604","Remedios","2018","Trimestre 1","255,537,761.10","305,638.67"
"05604","Remedios","2019","Trimestre 1","296,779,727.50","388,985.08"
"05604","Remedios","2022","Trimestre 1","919,243,993.47","364,485.36"
"05604","Remedios","2023","Trimestre 1","1,858,572,384.30","290,187.00"
"05604","Remedios","2024","Trimestre 1","261,605,459.30","31,554.15"
"05604","Remedios","2025","Trimestre 1","1,799,705,528.29","146,369.65"
"05604","Remedios","2026","Trimestre 1","3,412,460,573.02","205,011.72"
"05604","Remedios","2012","Trimestre 1","131,568,474.91","131,246.09"
"05604","Remedios","2013","Trimestre 1","119,004,349.93","128,924.91"
"05604","Remedios","2014","Trimestre 1","286,009,302.18","180,253.67"
"05604","Remedios","2015","Trimestre 1","290,893,055.13","171,955.81"
"05604","Remedios","2016","Trimestre 1","258,757,738.50","243,623.25"
"05604","Remedios","2017","Trimestre 1","418,459,778.00","264,152.85"
"05604","Remedios","2018","Trimestre 1","129,889,001.90","165,549.77"
"05604","Remedios","2019","Trimestre 1","232,528,114.30","218,125.64"
"05604","Remedios","2023","Trimestre 1","1,546,261,314.00","264,670.61"
"05604","Remedios","2024","Trimestre 1","1,356,176,783.00","170,519.46"
"05604","Remedios","2025","Trimestre 1","3,024,361,745.16","248,449.29"
"05604","Remedios","2012","Trimestre 1","242,919,909.21","188,226.46"
"05604","Remedios","2013","Trimestre 1","99,879,098.28","117,131.45"
"05604","Remedios","2014","Trimestre 1","548,198,871.92","259,153.50"
"05604","Remedios","2015","Trimestre 1","73,672,380.91","24,024.37"
"05604","Remedios","2016","Trimestre 1","222,750,587.93","128,566.55"
"05604","Remedios","2017","Trimestre 1","377,159,661.98","264,436.27"
"05604","Remedios","2018","Trimestre 1","424,661,688.29","418,111.88"
"05604","Remedios","2019","Trimestre 1","311,177,098.40","443,300.21"
"05604","Remedios","2020","Trimestre 1","2,945,292,163.39","1,207,888.62"
"05604","Remedios","2021","Trimestre 1","9,168,051,590.00","2,183,406.10"
"05604","Remedios","2022","Trimestre 1","8,020,248,216.39","1,165,021.79"
"05604","Remedios","2023","Trimestre 1","1,951,185,703.96","227,558.30"
"05604","Remedios","2024","Trimestre 1","1,149,924,158.38","145,011.90"
"05604","Remedios","2025","Trimestre 1","3,345,654,538.62","302,143.86"
"05604","Remedios","2026","Trimestre 1","4,314,004,531.10","213,744.60"
"05604","Remedios","2012","Trimestre 2","221,457,238.05","164,334.63"
"05604","Remedios","2013","Trimestre 2","198,913,039.43","144,500.96"
"05604","Remedios","2014","Trimestre 2","672,703,317.13","338,992.95"
"05604","Remedios","2015","Trimestre 2","148,521,426.52","152,608.95"
"05604","Remedios","2016","Trimestre 2","310,647,111.53","212,020.27"
"05604","Remedios","2017","Trimestre 2","357,796,610.03","257,406.17"
"05604","Remedios","2018","Trimestre 2","261,046,571.70","150,349.87"
"05604","Remedios","2023","Trimestre 2","2,950,066,598.00","331,601.79"
"05604","Remedios","2024","Trimestre 2","1,088,907,134.00","134,497.74"
"05604","Remedios","2025","Trimestre 2","2,420,113,227.00","189,440.40"
"05604","Remedios","2026","Trimestre 2","2,419,607,049.17","122,620.07"
"05604","Remedios","2012","Trimestre 2","191,455,007.26","179,921.17"
"05604","Remedios","2013","Trimestre 2","167,785,493.35","149,560.02"
"05604","Remedios","2014","Trimestre 2","431,766,339.51","208,849.89"
"05604","Remedios","2015","Trimestre 2","239,196,737.08","133,290.68"
"05604","Remedios","2016","Trimestre 2","168,091,123.47","166,735.26"
"05604","Remedios","2017","Trimestre 2","410,269,383.16","295,198.26"
"05604","Remedios","2018","Trimestre 2","242,549,317.71","390,187.40"
"05604","Remedios","2023","Trimestre 2","3,324,158,001.00","374,168.13"
"05604","Remedios","2024","Trimestre 2","1,451,445,022.00","166,868.01"
"05604","Remedios","2026","Trimestre 2","1,962,257,794.24","101,858.69"
"05604","Remedios","2012","Trimestre 2","227,612,361.17","180,026.17"
"05604","Remedios","2013","Trimestre 2","114,690,508.90","131,451.71"
"05604","Remedios","2014","Trimestre 2","398,827,355.09","293,750.89"
"05604","Remedios","2015","Trimestre 2","139,381,976.22","114,667.25"
"05604","Remedios","2016","Trimestre 2","201,054,594.74","220,072.63"
"05604","Remedios","2017","Trimestre 2","453,885,518.45","284,440.17"
"05604","Remedios","2018","Trimestre 2","349,237,297.50","240,259.26"
"05604","Remedios","2019","Trimestre 2","932,236,308.30","851,982.61"
"05604","Remedios","2020","Trimestre 2","2,828,452,539.68","1,165,193.28"
"05604","Remedios","2021","Trimestre 2","10,487,072,736.35","2,161,982.92"
"05604","Remedios","2022","Trimestre 2","6,326,489,349.11","902,101.07"
"05604","Remedios","2023","Trimestre 2","1,575,578,262.00","184,150.01"
"05604","Remedios","2025","Trimestre 2","5,327,287,111.47","372,640.81"
"05604","Remedios","2026","Trimestre 2","1,464,799,392.94","77,032.28"
"05604","Remedios","2012","Trimestre 3","333,713,721.45","226,042.41"
"05604","Remedios","2013","Trimestre 3","252,531,319.16","180,772.47"
"05604","Remedios","2014","Trimestre 3","1,015,122,052.59","456,699.74"
"05604","Remedios","2015","Trimestre 3","101,999,209.16","83,525.55"
"05604","Remedios","2016","Trimestre 3","267,622,870.20","243,682.54"
"05604","Remedios","2017","Trimestre 3","148,634,054.43","38,714.71"
"05604","Remedios","2018","Trimestre 3","324,501,756.20","380,866.75"
"05604","Remedios","2023","Trimestre 3","1,429,148,297.00","169,919.52"
"05604","Remedios","2024","Trimestre 3","1,464,720,886.00","167,794.57"
"05604","Remedios","2025","Trimestre 3","2,961,944,680.39","199,027.52"
"05604","Remedios","2026","Trimestre 3","2,162,350,821.50","119,967.89"
"05604","Remedios","2012","Trimestre 3","288,697,549.52","215,469.31"
"05604","Remedios","2013","Trimestre 3","170,331,617.05","202,036.37"
"05604","Remedios","2014","Trimestre 3","1,298,871,838.52","643,557.41"
"05604","Remedios","2015","Trimestre 3","204,172,437.75","65,048.38"
"05604","Remedios","2016","Trimestre 3","426,345,433.47","262,275.56"
"05604","Remedios","2017","Trimestre 3","329,936,159.14","342,603.62"
"05604","Remedios","2018","Trimestre 3","212,365,809.90","202,263.11"
"05604","Remedios","2023","Trimestre 3","1,794,154,190.00","226,833.54"
"05604","Remedios","2024","Trimestre 3","2,365,382,916.32","248,495.24"
"05604","Remedios","2025","Trimestre 3","2,334,831,715.00","150,296.22"
"05604","Remedios","2012","Trimestre 3","179,358,176.40","126,116.03"
"05604","Remedios","2013","Trimestre 3","210,294,514.24","198,283.68"
"05604","Remedios","2014","Trimestre 3","567,284,555.21","302,460.90"
"05604","Remedios","2015","Trimestre 3","143,355,624.71","41,381.27"
"05604","Remedios","2016","Trimestre 3","358,694,940.98","182,878.15"
"05604","Remedios","2017","Trimestre 3","989,640,005.58","458,646.21"
"05604","Remedios","2018","Trimestre 3","416,458,244.10","423,973.39"
"05604","Remedios","2019","Trimestre 3","2,040,827,181.59","1,186,980.97"
"05604","Remedios","2020","Trimestre 3","8,350,352,252.48","1,811,265.55"
"05604","Remedios","2021","Trimestre 3","6,788,655,828.56","979,987.84"
"05604","Remedios","2022","Trimestre 3","8,923,970,618.59","1,288,800.84"
"05604","Remedios","2023","Trimestre 3","2,151,983,518.88","286,127.84"
"05604","Remedios","2024","Trimestre 3","2,555,808,973.63","241,421.45"
"05604","Remedios","2025","Trimestre 3","2,479,941,097.86","156,193.79"
"05604","Remedios","2012","Trimestre 4","220,206,676.64","162,458.44"
"05604","Remedios","2013","Trimestre 4","130,874,494.46","143,853.93"
"05604","Remedios","2014","Trimestre 4","943,065,689.73","488,522.19"
"05604","Remedios","2015","Trimestre 4","494,781,454.86","596,494.52"
"05604","Remedios","2016","Trimestre 4","784,463,927.34","368,830.38"
"05604","Remedios","2017","Trimestre 4","189,611,120.00","187,335.48"
"05604","Remedios","2018","Trimestre 4","277,405,634.40","228,446.58"
"05604","Remedios","2023","Trimestre 4","2,579,691,411.00","340,410.87"
"05604","Remedios","2024","Trimestre 4","3,719,460,804.23","348,969.00"
"05604","Remedios","2025","Trimestre 4","2,263,741,272.24","142,272.57"
"05604","Remedios","2012","Trimestre 4","180,201,402.40","153,295.86"
"05604","Remedios","2013","Trimestre 4","204,346,863.50","141,031.51"
"05604","Remedios","2014","Trimestre 4","700,701,915.30","360,314.70"
"05604","Remedios","2015","Trimestre 4","536,832,025.29","153,384.25"
"05604","Remedios","2016","Trimestre 4","429,640,859.98","239,360.32"
"05604","Remedios","2017","Trimestre 4","184,285,436.90","265,547.13"
"05604","Remedios","2018","Trimestre 4","260,679,022.70","405,604.72"
"05604","Remedios","2024","Trimestre 4","2,564,031,564.69","223,744.25"
"05604","Remedios","2025","Trimestre 4","3,349,326,178.00","211,219.83"
"05604","Remedios","2012","Trimestre 4","175,147,250.69","124,980.75"
"05604","Remedios","2013","Trimestre 4","315,483,073.31","179,726.04"
"05604","Remedios","2014","Trimestre 4","805,154,578.10","361,749.72"
"05604","Remedios","2015","Trimestre 4","544,429,393.73","361,815.26"
"05604","Remedios","2016","Trimestre 4","493,728,374.17","290,747.94"
"05604","Remedios","2017","Trimestre 4","732,370,153.97","423,101.60"
"05604","Remedios","2018","Trimestre 4","714,852,496.55","290,713.36"
"05604","Remedios","2019","Trimestre 4","3,335,990,200.99","1,396,638.94"
"05604","Remedios","2020","Trimestre 4","9,265,332,000.84","1,845,199.85"
"05604","Remedios","2021","Trimestre 4","16,253,790,784.12","3,602,023.51"
"05604","Remedios","2022","Trimestre 4","10,807,973,170.18","1,434,692.48"
"05604","Remedios","2023","Trimestre 4","4,211,058,107.11","542,047.90"
"05604","Remedios","2024","Trimestre 4","4,371,507,279.77","365,066.66"
"05604","Remedios","2025","Trimestre 4","2,625,827,700.00","157,176.59"
"05607","Retiro","2012","Trimestre 1","389,119.46","123.48"
"05607","Retiro","2014","Trimestre 1","220,283.94","80.66"
"05607","Retiro","2012","Trimestre 2","534,702.12","175.83"
"05607","Retiro","2014","Trimestre 2","239,040.70","86.04"
"05607","Retiro","2012","Trimestre 2","167,059.30","57.07"
"05607","Retiro","2014","Trimestre 3","218,569.27","87.96"
"05607","Retiro","2014","Trimestre 3","206,084.56","81.48"
"05607","Retiro","2014","Trimestre 4","142,797.75","56.84"
"05607","Retiro","2016","Trimestre 4","723,329.16","183.23"
"05615","Rionegro - Antioquia","2017","Trimestre 1","8,744,267.60","1,634.04"
"05615","Rionegro - Antioquia","2013","Trimestre 4","5,246,950.18","2,079.86"
"05628","Sabanalarga - Antioquia","2013","Trimestre 1","1,091,252.16","349.95"
"05628","Sabanalarga - Antioquia","2014","Trimestre 1","1,710,314.05","701.18"
"05628","Sabanalarga - Antioquia","2016","Trimestre 1","5,720,232.79","1,598.77"
"05628","Sabanalarga - Antioquia","2018","Trimestre 1","1,129,758.63","290.54"
"05628","Sabanalarga - Antioquia","2013","Trimestre 1","1,324,231.78","435.20"
"05628","Sabanalarga - Antioquia","2015","Trimestre 1","1,944,633.11","629.58"
"05628","Sabanalarga - Antioquia","2016","Trimestre 1","7,859,410.52","2,120.65"
"05628","Sabanalarga - Antioquia","2017","Trimestre 1","1,114,534.30","308.93"
"05628","Sabanalarga - Antioquia","2018","Trimestre 1","2,999,500.01","763.11"
"05628","Sabanalarga - Antioquia","2014","Trimestre 1","2,996,298.60","1,097.14"
"05628","Sabanalarga - Antioquia","2016","Trimestre 1","6,243,561.90","1,506.47"
"05628","Sabanalarga - Antioquia","2017","Trimestre 1","4,568,957.82","1,248.44"
"05628","Sabanalarga - Antioquia","2018","Trimestre 1","3,262,332.50","832.61"
"05628","Sabanalarga - Antioquia","2020","Trimestre 1","423,164.17","82.02"
"05628","Sabanalarga - Antioquia","2014","Trimestre 2","7,654,219.87","2,755.05"
"05628","Sabanalarga - Antioquia","2015","Trimestre 2","11,135,640.09","3,605.25"
"05628","Sabanalarga - Antioquia","2016","Trimestre 2","3,497,004.35","868.04"
"05628","Sabanalarga - Antioquia","2017","Trimestre 2","685,311.92","183.93"
"05628","Sabanalarga - Antioquia","2018","Trimestre 2","2,085,344.09","537.09"
"05628","Sabanalarga - Antioquia","2012","Trimestre 2","1,007,721.83","334.42"
"05628","Sabanalarga - Antioquia","2014","Trimestre 2","3,766,197.75","1,453.21"
"05628","Sabanalarga - Antioquia","2015","Trimestre 2","3,794,128.67","1,233.75"
"05628","Sabanalarga - Antioquia","2016","Trimestre 2","1,389,648.87","362.61"
"05628","Sabanalarga - Antioquia","2018","Trimestre 2","1,016,020.55","267.57"
"05628","Sabanalarga - Antioquia","2012","Trimestre 2","1,631,016.30","557.18"
"05628","Sabanalarga - Antioquia","2014","Trimestre 2","9,263,030.01","3,648.69"
"05628","Sabanalarga - Antioquia","2015","Trimestre 2","3,534,890.33","1,176.94"
"05628","Sabanalarga - Antioquia","2016","Trimestre 2","4,742,949.88","1,222.59"
"05628","Sabanalarga - Antioquia","2017","Trimestre 2","3,899,805.05","1,041.32"
"05628","Sabanalarga - Antioquia","2014","Trimestre 3","8,621,881.85","3,469.75"
"05628","Sabanalarga - Antioquia","2015","Trimestre 3","3,751,522.78","1,207.12"
"05628","Sabanalarga - Antioquia","2014","Trimestre 3","4,923,784.16","1,964.32"
"05628","Sabanalarga - Antioquia","2015","Trimestre 3","1,615,191.56","508.47"
"05628","Sabanalarga - Antioquia","2014","Trimestre 3","3,847,392.37","1,521.15"
"05628","Sabanalarga - Antioquia","2016","Trimestre 3","1,614,748.49","394.64"
"05628","Sabanalarga - Antioquia","2013","Trimestre 4","8,132,968.04","3,053.65"
"05628","Sabanalarga - Antioquia","2016","Trimestre 4","2,571,882.01","645.48"
"05628","Sabanalarga - Antioquia","2013","Trimestre 4","5,368,654.60","2,101.93"
"05628","Sabanalarga - Antioquia","2017","Trimestre 4","3,267,601.10","840.29"
"05628","Sabanalarga - Antioquia","2012","Trimestre 4","1,527,723.93","473.89"
"05628","Sabanalarga - Antioquia","2013","Trimestre 4","16,005,536.62","6,344.50"
"05628","Sabanalarga - Antioquia","2014","Trimestre 4","824,246.17","320.36"
"05628","Sabanalarga - Antioquia","2015","Trimestre 4","3,065,439.30","915.96"
"05628","Sabanalarga - Antioquia","2016","Trimestre 4","1,427,867.46","361.70"
"05628","Sabanalarga - Antioquia","2017","Trimestre 4","3,462,273.26","870.57"
"05642","Salgar","2016","Trimestre 1","1,114,715.00","311.56"
"05642","Salgar","2016","Trimestre 1","629,616.73","169.89"
"05642","Salgar","2017","Trimestre 1","188,181.00","52.16"
"05642","Salgar","2016","Trimestre 2","1,167,019.00","289.68"
"05642","Salgar","2016","Trimestre 2","1,247,159.56","325.43"
"05642","Salgar","2016","Trimestre 2","203,956.48","52.57"
"05642","Salgar","2015","Trimestre 3","554,963.39","174.71"
"05642","Salgar","2016","Trimestre 3","178,377.04","43.79"
"05642","Salgar","2015","Trimestre 3","2,744,541.89","792.10"
"05642","Salgar","2016","Trimestre 3","295,057.91","72.11"
"05642","Salgar","2016","Trimestre 4","891,517.23","223.75"
"05642","Salgar","2015","Trimestre 4","3,555,011.33","1,015.77"
"05642","Salgar","2016","Trimestre 4","1,058,725.10","268.67"
"05642","Salgar","2015","Trimestre 4","781,581.18","233.54"
"05642","Salgar","2016","Trimestre 4","309,075.70","78.29"
"05649","San Carlos - Antioquia","2014","Trimestre 1","353,170.90","144.79"
"05649","San Carlos - Antioquia","2016","Trimestre 1","184,276,487.03","51,504.15"
"05649","San Carlos - Antioquia","2014","Trimestre 1","489,231.47","194.95"
"05649","San Carlos - Antioquia","2016","Trimestre 1","105,503,420.98","28,467.25"
"05649","San Carlos - Antioquia","2017","Trimestre 1","17,818,330.25","4,938.94"
"05649","San Carlos - Antioquia","2014","Trimestre 1","278,481.95","101.97"
"05649","San Carlos - Antioquia","2016","Trimestre 1","86,252,338.51","20,951.26"
"05649","San Carlos - Antioquia","2020","Trimestre 1","130,788.73","25.40"
"05649","San Carlos - Antioquia","2026","Trimestre 1","1,210,181.64","63.81"
"05649","San Carlos - Antioquia","2016","Trimestre 2","102,273,472.60","25,386.22"
"05649","San Carlos - Antioquia","2015","Trimestre 2","107,782,680.97","35,048.07"
"05649","San Carlos - Antioquia","2016","Trimestre 2","31,033,695.03","8,097.82"
"05649","San Carlos - Antioquia","2015","Trimestre 2","35,072,510.06","11,416.36"
"05649","San Carlos - Antioquia","2016","Trimestre 2","26,437,317.03","6,814.75"
"05649","San Carlos - Antioquia","2013","Trimestre 3","1,489,218.28","564.84"
"05649","San Carlos - Antioquia","2015","Trimestre 3","29,900,447.42","9,621.01"
"05649","San Carlos - Antioquia","2016","Trimestre 3","55,079,597.31","14,014.37"
"05649","San Carlos - Antioquia","2017","Trimestre 3","196,293.85","53.64"
"05649","San Carlos - Antioquia","2015","Trimestre 3","20,026,302.08","6,304.38"
"05649","San Carlos - Antioquia","2016","Trimestre 3","22,739,234.83","5,603.91"
"05649","San Carlos - Antioquia","2015","Trimestre 3","127,446,864.81","36,830.49"
"05649","San Carlos - Antioquia","2016","Trimestre 3","30,021,264.90","7,337.11"
"05649","San Carlos - Antioquia","2013","Trimestre 4","225,213.69","84.56"
"05649","San Carlos - Antioquia","2016","Trimestre 4","57,696,532.42","14,480.43"
"05649","San Carlos - Antioquia","2013","Trimestre 4","443,912.10","173.80"
"05649","San Carlos - Antioquia","2015","Trimestre 4","44,977,469.85","12,842.04"
"05649","San Carlos - Antioquia","2016","Trimestre 4","25,778,274.72","6,503.33"
"05649","San Carlos - Antioquia","2013","Trimestre 4","1,031,751.02","408.98"
"05649","San Carlos - Antioquia","2015","Trimestre 4","98,443,330.56","29,368.46"
"05649","San Carlos - Antioquia","2016","Trimestre 4","51,368,636.52","13,185.91"
"05649","San Carlos - Antioquia","2019","Trimestre 4","153,489.59","29.06"
"05652","San Francisco - Antioquia","2016","Trimestre 1","23,124,125.09","6,463.05"
"05652","San Francisco - Antioquia","2016","Trimestre 1","9,227,623.97","2,489.83"
"05652","San Francisco - Antioquia","2017","Trimestre 1","5,406,012.04","1,498.45"
"05652","San Francisco - Antioquia","2016","Trimestre 1","9,249,674.43","2,231.80"
"05652","San Francisco - Antioquia","2016","Trimestre 2","16,231,467.75","4,029.04"
"05652","San Francisco - Antioquia","2016","Trimestre 2","3,388,921.15","884.29"
"05652","San Francisco - Antioquia","2016","Trimestre 2","3,801,943.82","980.03"
"05652","San Francisco - Antioquia","2016","Trimestre 3","2,093,260.67","532.61"
"05652","San Francisco - Antioquia","2016","Trimestre 3","10,234,913.96","2,594.88"
"05652","San Francisco - Antioquia","2015","Trimestre 3","18,251,416.02","5,267.54"
"05652","San Francisco - Antioquia","2016","Trimestre 3","3,802,719.56","929.37"
"05652","San Francisco - Antioquia","2016","Trimestre 4","8,677,228.77","2,177.77"
"05652","San Francisco - Antioquia","2015","Trimestre 4","14,584,751.01","4,167.29"
"05652","San Francisco - Antioquia","2016","Trimestre 4","4,360,617.32","1,104.88"
"05652","San Francisco - Antioquia","2015","Trimestre 4","3,938,335.82","1,176.78"
"05652","San Francisco - Antioquia","2016","Trimestre 4","3,659,712.80","927.06"
"05659","San Juan de Uraba","2017","Trimestre 1","73,739.78","20.44"
"05659","San Juan de Uraba","2017","Trimestre 2","9,612.29","2.63"
"05659","San Juan de Uraba","2017","Trimestre 2","3,445.67","0.92"
"05660","San Luis - Antioquia","2013","Trimestre 1","3,247,749.80","1,041.51"
"05660","San Luis - Antioquia","2014","Trimestre 1","311,094.80","127.54"
"05660","San Luis - Antioquia","2017","Trimestre 1","622,034.98","174.36"
"05660","San Luis - Antioquia","2018","Trimestre 1","2,126,557.35","546.25"
"05660","San Luis - Antioquia","2019","Trimestre 1","2,680,336.08","651.99"
"05660","San Luis - Antioquia","2012","Trimestre 1","6,920,011.26","2,195.94"
"05660","San Luis - Antioquia","2014","Trimestre 1","522,181.50","208.08"
"05660","San Luis - Antioquia","2017","Trimestre 1","518,387.94","143.69"
"05660","San Luis - Antioquia","2019","Trimestre 1","3,603,964.97","857.20"
"05660","San Luis - Antioquia","2012","Trimestre 1","4,278,631.62","1,338.09"
"05660","San Luis - Antioquia","2014","Trimestre 1","1,117,013.84","409.01"
"05660","San Luis - Antioquia","2015","Trimestre 1","109,931,002.79","35,966.82"
"05660","San Luis - Antioquia","2016","Trimestre 1","62,275.54","15.03"
"05660","San Luis - Antioquia","2017","Trimestre 1","160,991.68","43.99"
"05660","San Luis - Antioquia","2018","Trimestre 1","4,511,818.39","1,149.43"
"05660","San Luis - Antioquia","2019","Trimestre 1","2,246,276.98","530.99"
"05660","San Luis - Antioquia","2020","Trimestre 1","1,668,693.13","319.59"
"05660","San Luis - Antioquia","2021","Trimestre 1","601,792.48","85.13"
"05660","San Luis - Antioquia","2012","Trimestre 2","1,951,877.15","641.85"
"05660","San Luis - Antioquia","2014","Trimestre 2","241,818.95","87.04"
"05660","San Luis - Antioquia","2015","Trimestre 2","54,304,756.82","17,316.40"
"05660","San Luis - Antioquia","2016","Trimestre 2","295,018.28","72.84"
"05660","San Luis - Antioquia","2018","Trimestre 2","2,389,934.42","615.54"
"05660","San Luis - Antioquia","2012","Trimestre 2","87,751.78","- 0"
"05660","San Luis - Antioquia","2014","Trimestre 2","263,595.75","101.71"
"05660","San Luis - Antioquia","2015","Trimestre 2","17,956,261.73","5,838.90"
"05660","San Luis - Antioquia","2016","Trimestre 2","61,774,397.14","16,119.19"
"05660","San Luis - Antioquia","2017","Trimestre 2","182,541.05","48.79"
"05660","San Luis - Antioquia","2013","Trimestre 2","31,630.66","11.77"
"05660","San Luis - Antioquia","2014","Trimestre 2","9,318,069.62","3,670.37"
"05660","San Luis - Antioquia","2015","Trimestre 2","2,756,393.91","917.74"
"05660","San Luis - Antioquia","2016","Trimestre 2","100,652,612.93","25,945.22"
"05660","San Luis - Antioquia","2017","Trimestre 2","253,802.66","67.77"
"05660","San Luis - Antioquia","2018","Trimestre 2","1,498,438.16","393.81"
"05660","San Luis - Antioquia","2019","Trimestre 2","3,982,708.86","929.99"
"05660","San Luis - Antioquia","2020","Trimestre 2","901,947.64","161.05"
"05660","San Luis - Antioquia","2012","Trimestre 3","3,526,162.54","1,200.46"
"05660","San Luis - Antioquia","2013","Trimestre 3","154,527.09","58.61"
"05660","San Luis - Antioquia","2014","Trimestre 3","8,312,962.66","3,345.43"
"05660","San Luis - Antioquia","2015","Trimestre 3","4,366,562.18","1,405.02"
"05660","San Luis - Antioquia","2016","Trimestre 3","153,279,219.04","39,000.13"
"05660","San Luis - Antioquia","2018","Trimestre 3","2,113,494.64","554.65"
"05660","San Luis - Antioquia","2014","Trimestre 3","4,865,154.55","1,940.93"
"05660","San Luis - Antioquia","2016","Trimestre 3","85,899,486.69","21,089.76"
"05660","San Luis - Antioquia","2018","Trimestre 3","1,684,897.66","457.87"
"05660","San Luis - Antioquia","2012","Trimestre 3","3,295,520.42","1,091.00"
"05660","San Luis - Antioquia","2014","Trimestre 3","2,162,749.72","855.09"
"05660","San Luis - Antioquia","2015","Trimestre 3","985,522.76","284.43"
"05660","San Luis - Antioquia","2016","Trimestre 3","48,917,436.17","11,955.28"
"05660","San Luis - Antioquia","2017","Trimestre 3","121,047.93","31.33"
"05660","San Luis - Antioquia","2018","Trimestre 3","1,964,267.04","535.71"
"05660","San Luis - Antioquia","2019","Trimestre 3","2,747,237.19","578.86"
"05660","San Luis - Antioquia","2020","Trimestre 3","6,003,530.82","844.16"
"05660","San Luis - Antioquia","2012","Trimestre 4","3,226,573.83","996.98"
"05660","San Luis - Antioquia","2016","Trimestre 4","485,926.87","121.96"
"05660","San Luis - Antioquia","2017","Trimestre 4","93,363,165.32","585.25"
"05660","San Luis - Antioquia","2018","Trimestre 4","1,638,221.58","437.44"
"05660","San Luis - Antioquia","2012","Trimestre 4","4,988,094.18","1,537.61"
"05660","San Luis - Antioquia","2015","Trimestre 4","245,757.25","70.22"
"05660","San Luis - Antioquia","2016","Trimestre 4","1,050,889.48","275.05"
"05660","San Luis - Antioquia","2017","Trimestre 4","1,249,480.29","316.47"
"05660","San Luis - Antioquia","2018","Trimestre 4","1,610,359.52","418.03"
"05660","San Luis - Antioquia","2013","Trimestre 4","1,862,363.83","738.23"
"05660","San Luis - Antioquia","2015","Trimestre 4","6,217,258.53","1,857.73"
"05660","San Luis - Antioquia","2016","Trimestre 4","146,287,064.16","36,604.76"
"05660","San Luis - Antioquia","2017","Trimestre 4","6,729,029.00","1,717.91"
"05660","San Luis - Antioquia","2018","Trimestre 4","3,304,700.68","823.20"
"05660","San Luis - Antioquia","2019","Trimestre 4","1,798,169.26","342.03"
"05660","San Luis - Antioquia","2020","Trimestre 4","1,571,769.86","212.36"
"05667","San Rafael","2013","Trimestre 1","601,646.50","192.94"
"05667","San Rafael","2023","Trimestre 1","12,781,912.01","1,639.98"
"05667","San Rafael","2025","Trimestre 1","36,181,273.12","3,045.11"
"05667","San Rafael","2012","Trimestre 1","321,335.53","101.97"
"05667","San Rafael","2013","Trimestre 1","2,911,879.80","956.97"
"05667","San Rafael","2014","Trimestre 1","1,603,836.02","639.10"
"05667","San Rafael","2023","Trimestre 1","8,369,201.90","1,027.88"
"05667","San Rafael","2012","Trimestre 1","234,061.86","73.20"
"05667","San Rafael","2014","Trimestre 1","3,405,388.77","1,246.93"
"05667","San Rafael","2022","Trimestre 1","54,337,511.83","7,293.77"
"05667","San Rafael","2014","Trimestre 2","722,456.34","260.04"
"05667","San Rafael","2012","Trimestre 2","2,049,072.56","680.00"
"05667","San Rafael","2014","Trimestre 2","566,143.85","218.45"
"05667","San Rafael","2024","Trimestre 2","12,367,726.94","1,336.56"
"05667","San Rafael","2012","Trimestre 2","1,186,598.17","405.36"
"05667","San Rafael","2022","Trimestre 2","35,616,037.37","4,713.11"
"05667","San Rafael","2012","Trimestre 3","1,077,387.97","366.79"
"05667","San Rafael","2024","Trimestre 3","33,869,524.01","3,663.37"
"05667","San Rafael","2012","Trimestre 3","1,382,343.31","472.46"
"05667","San Rafael","2014","Trimestre 3","586,446.48","233.96"
"05667","San Rafael","2024","Trimestre 3","78,118,449.72","7,927.14"
"05667","San Rafael","2022","Trimestre 3","47,266,909.70","6,285.86"
"05667","San Rafael","2024","Trimestre 3","40,826,405.21","3,966.55"
"05667","San Rafael","2012","Trimestre 4","1,053,269.33","325.45"
"05667","San Rafael","2024","Trimestre 4","44,089,313.71","4,159.67"
"05667","San Rafael","2012","Trimestre 4","1,825,755.17","562.80"
"05667","San Rafael","2024","Trimestre 4","53,809,666.41","4,791.87"
"05667","San Rafael","2012","Trimestre 4","2,730,263.72","846.91"
"05667","San Rafael","2021","Trimestre 4","34,853,233.88","4,971.61"
"05667","San Rafael","2022","Trimestre 4","39,541,134.46","5,058.51"
"05667","San Rafael","2024","Trimestre 4","39,424,882.07","3,367.25"
"05670","San Roque","2026","Trimestre 1","291,179,561.91","15,786.57"
"05670","San Roque","2026","Trimestre 3","86,460,586.70","4,624.82"
"05670","San Roque","2026","Trimestre 2","27,789,582.80","240.29"
"05670","San Roque","2012","Trimestre 1","13,096,146.19","3,980.74"
"05670","San Roque","2013","Trimestre 1","4,007,931.12","1,285.29"
"05670","San Roque","2014","Trimestre 1","320,095.43","131.23"
"05670","San Roque","2017","Trimestre 1","118,740,947.12","33,283.60"
"05670","San Roque","2018","Trimestre 1","66,379,793.86","17,070.89"
"05670","San Roque","2019","Trimestre 1","448,797.39","109.17"
"05670","San Roque","2022","Trimestre 1","5,137,336.26","705.87"
"05670","San Roque","2023","Trimestre 1","37,202,374.61","4,253.74"
"05670","San Roque","2025","Trimestre 1","34,099,200.86","2,849.43"
"05670","San Roque","2026","Trimestre 1","341,253,830.08","17,590.01"
"05670","San Roque","2012","Trimestre 1","7,315,181.17","2,321.34"
"05670","San Roque","2013","Trimestre 1","2,699,734.95","887.25"
"05670","San Roque","2014","Trimestre 1","629,087.18","250.68"
"05670","San Roque","2017","Trimestre 1","12,260,165.91","3,398.31"
"05670","San Roque","2018","Trimestre 1","82,960,892.93","21,106.28"
"05670","San Roque","2023","Trimestre 1","31,211,011.92","3,509.03"
"05670","San Roque","2024","Trimestre 1","42,580,221.35","5,145.49"
"05670","San Roque","2025","Trimestre 1","161,758,592.73","13,517.30"
"05670","San Roque","2012","Trimestre 1","12,249,748.98","3,830.96"
"05670","San Roque","2013","Trimestre 1","6,156,189.90","2,052.30"
"05670","San Roque","2017","Trimestre 1","95,997,776.71","26,230.81"
"05670","San Roque","2018","Trimestre 1","69,093,499.62","17,633.99"
"05670","San Roque","2019","Trimestre 1","1,828,325.17","432.19"
"05670","San Roque","2020","Trimestre 1","74,541,267.50","14,287.47"
"05670","San Roque","2021","Trimestre 1","151,147,367.70","22,228.59"
"05670","San Roque","2022","Trimestre 1","126,680,906.47","17,153.84"
"05670","San Roque","2023","Trimestre 1","45,153,393.63","4,902.19"
"05670","San Roque","2024","Trimestre 1","26,652,289.11","3,245.84"
"05670","San Roque","2025","Trimestre 1","109,739,008.40","10,059.93"
"05670","San Roque","2026","Trimestre 1","313,085,220.62","13,432.61"
"05670","San Roque","2012","Trimestre 2","38,205,794.21","12,563.49"
"05670","San Roque","2013","Trimestre 2","10,705,133.74","3,605.42"
"05670","San Roque","2016","Trimestre 2","13,236,558.67","3,285.63"
"05670","San Roque","2017","Trimestre 2","89,549,911.69","24,225.48"
"05670","San Roque","2018","Trimestre 2","64,032,592.93","16,491.89"
"05670","San Roque","2023","Trimestre 2","26,854,453.57","2,885.41"
"05670","San Roque","2024","Trimestre 2","60,266,875.20","7,356.98"
"05670","San Roque","2025","Trimestre 2","77,147,081.45","6,329.03"
"05670","San Roque","2026","Trimestre 2","117,087,397.82","5,046.68"
"05670","San Roque","2012","Trimestre 2","20,401,741.61","6,770.47"
"05670","San Roque","2013","Trimestre 2","11,466,887.65","4,101.16"
"05670","San Roque","2016","Trimestre 2","46,609,438.53","12,162.10"
"05670","San Roque","2017","Trimestre 2","62,278,075.82","16,645.83"
"05670","San Roque","2018","Trimestre 2","66,870,647.29","17,610.45"
"05670","San Roque","2023","Trimestre 2","20,391,443.55","2,179.41"
"05670","San Roque","2024","Trimestre 2","34,496,834.27","3,932.86"
"05670","San Roque","2026","Trimestre 2","152,509,424.80","7,138.40"
"05670","San Roque","2012","Trimestre 2","33,937,187.65","11,593.46"
"05670","San Roque","2013","Trimestre 2","390,290.64","145.23"
"05670","San Roque","2016","Trimestre 2","62,801,809.82","16,188.42"
"05670","San Roque","2017","Trimestre 2","113,171,045.15","30,218.76"
"05670","San Roque","2020","Trimestre 2","32,358,261.20","5,436.73"
"05670","San Roque","2021","Trimestre 2","114,129,865.00","17,237.64"
"05670","San Roque","2022","Trimestre 2","72,819,470.95","9,617.67"
"05670","San Roque","2023","Trimestre 2","32,067,631.35","3,445.52"
"05670","San Roque","2025","Trimestre 2","508,797,703.91","32,435.59"
"05670","San Roque","2026","Trimestre 2","285,734,047.20","14,083.29"
"05670","San Roque","2012","Trimestre 3","22,299,249.09","7,591.64"
"05670","San Roque","2013","Trimestre 3","2,437,910.76","924.67"
"05670","San Roque","2016","Trimestre 3","24,830,288.06","6,317.78"
"05670","San Roque","2017","Trimestre 3","115,968,302.78","30,202.58"
"05670","San Roque","2023","Trimestre 3","43,692,700.11","4,784.62"
"05670","San Roque","2024","Trimestre 3","53,761,495.26","5,785.64"
"05670","San Roque","2025","Trimestre 3","159,087,296.43","7,386.53"
"05670","San Roque","2026","Trimestre 3","230,526,363.17","9,752.87"
"05670","San Roque","2012","Trimestre 3","12,076,295.82","4,127.46"
"05670","San Roque","2013","Trimestre 3","303,874.99","120.68"
"05670","San Roque","2016","Trimestre 3","142,992,543.92","35,107.06"
"05670","San Roque","2017","Trimestre 3","115,376,705.94","29,857.39"
"05670","San Roque","2023","Trimestre 3","16,518,589.67","2,024.69"
"05670","San Roque","2024","Trimestre 3","25,896,291.10","2,648.90"
"05670","San Roque","2025","Trimestre 3","59,611,815.59","2,453.73"
"05670","San Roque","2012","Trimestre 3","20,617,724.24","6,825.61"
"05670","San Roque","2013","Trimestre 3","731,834.96","277.55"
"05670","San Roque","2016","Trimestre 3","217,007,114.78","53,035.93"
"05670","San Roque","2017","Trimestre 3","96,347,390.23","24,545.77"
"05670","San Roque","2019","Trimestre 3","45,492,625.71","9,344.21"
"05670","San Roque","2020","Trimestre 3","229,095,272.42","36,692.77"
"05670","San Roque","2021","Trimestre 3","121,639,273.80","17,305.57"
"05670","San Roque","2022","Trimestre 3","273,557,230.29","35,862.95"
"05670","San Roque","2023","Trimestre 3","58,223,329.75","7,169.43"
"05670","San Roque","2024","Trimestre 3","32,770,894.27","3,290.18"
"05670","San Roque","2025","Trimestre 3","51,564,074.37","3,058.79"
"05670","San Roque","2012","Trimestre 4","16,593,239.60","5,127.15"
"05670","San Roque","2013","Trimestre 4","452,131.93","169.76"
"05670","San Roque","2016","Trimestre 4","133,011,579.27","33,382.68"
"05670","San Roque","2017","Trimestre 4","67,749,255.05","17,159.82"
"05670","San Roque","2023","Trimestre 4","51,287,374.97","6,412.63"
"05670","San Roque","2024","Trimestre 4","83,802,948.67","7,866.08"
"05670","San Roque","2025","Trimestre 4","120,538,409.42","6,583.08"
"05670","San Roque","2012","Trimestre 4","9,120,341.29","2,811.40"
"05670","San Roque","2013","Trimestre 4","115,498.88","45.22"
"05670","San Roque","2016","Trimestre 4","128,787,890.31","33,707.74"
"05670","San Roque","2017","Trimestre 4","68,100,059.46","17,512.48"
"05670","San Roque","2018","Trimestre 4","2,734,850.84","709.93"
"05670","San Roque","2024","Trimestre 4","5,362,018.21","484.38"
"05670","San Roque","2025","Trimestre 4","138,594,776.50","6,830.46"
"05670","San Roque","2012","Trimestre 4","12,688,463.24","3,935.40"
"05670","San Roque","2013","Trimestre 4","166,173.02","65.87"
"05670","San Roque","2014","Trimestre 4","1,325,365.00","515.13"
"05670","San Roque","2016","Trimestre 4","153,769,398.90","38,708.37"
"05670","San Roque","2017","Trimestre 4","66,532,000.66","16,754.73"
"05670","San Roque","2018","Trimestre 4","1,486,154.87","370.20"
"05670","San Roque","2019","Trimestre 4","47,036,108.53","8,942.62"
"05670","San Roque","2020","Trimestre 4","277,483,593.90","37,497.63"
"05670","San Roque","2021","Trimestre 4","156,006,609.61","21,772.99"
"05670","San Roque","2022","Trimestre 4","374,283,673.18","48,629.93"
"05670","San Roque","2023","Trimestre 4","39,603,230.60","4,908.31"
"05670","San Roque","2024","Trimestre 4","240,224,618.02","21,445.06"
"05670","San Roque","2025","Trimestre 4","100,297,170.40","5,146.54"
"05674","San Vicente","2019","Trimestre 2","279,198.45","66.12"
"05674","San Vicente","2024","Trimestre 3","33,866.12","- 0"
"05674","San Vicente","2020","Trimestre 3","3,554,046.50","521.62"
"05674","San Vicente","2024","Trimestre 3","77,568.44","- 0"
"05674","San Vicente","2024","Trimestre 4","382,219.38","68.40"
"05674","San Vicente","2019","Trimestre 4","395,994.60","84.92"
"05679","Santa Barbara - Antioquia","2013","Trimestre 1","1,169,085.15","374.91"
"05679","Santa Barbara - Antioquia","2017","Trimestre 1","333,944,407.21","92,924.78"
"05679","Santa Barbara - Antioquia","2013","Trimestre 1","9,874,381.36","3,245.15"
"05679","Santa Barbara - Antioquia","2013","Trimestre 1","1,502,586.68","500.92"
"05679","Santa Barbara - Antioquia","2017","Trimestre 1","22,754,759.63","6,217.60"
"05679","Santa Barbara - Antioquia","2013","Trimestre 2","445,499.44","165.77"
"05679","Santa Barbara - Antioquia","2016","Trimestre 4","27,761,172.11","7,265.95"
"05679","Santa Barbara - Antioquia","2016","Trimestre 4","103,808,863.86","26,399.17"
"05679","Santa Barbara - Antioquia","2017","Trimestre 4","9,756,682.00","2,541.01"
"05686","Santa Rosa de Osos","2026","Trimestre 1","222,646,962.61","13,257.99"
"05686","Santa Rosa de Osos","2026","Trimestre 3","527,810,969.13","30,043.05"
"05686","Santa Rosa de Osos","2026","Trimestre 2","203,927,971.95","11,612.03"
"05686","Santa Rosa de Osos","2014","Trimestre 1","9,610,536.56","3,940.05"
"05686","Santa Rosa de Osos","2016","Trimestre 1","4,899,463.45","1,369.37"
"05686","Santa Rosa de Osos","2017","Trimestre 1","14,740,158.32","4,131.73"
"05686","Santa Rosa de Osos","2018","Trimestre 1","19,374,774.24","4,969.72"
"05686","Santa Rosa de Osos","2019","Trimestre 1","21,485,675.79","5,226.39"
"05686","Santa Rosa de Osos","2022","Trimestre 1","249,126.64","34.23"
"05686","Santa Rosa de Osos","2023","Trimestre 1","19,745,004.89","2,252.55"
"05686","Santa Rosa de Osos","2025","Trimestre 1","372,028,477.31","31,085.40"
"05686","Santa Rosa de Osos","2026","Trimestre 1","707,238,006.78","44,182.85"
"05686","Santa Rosa de Osos","2012","Trimestre 1","128,918.67","40.91"
"05686","Santa Rosa de Osos","2014","Trimestre 1","5,992,830.79","2,388.04"
"05686","Santa Rosa de Osos","2015","Trimestre 1","1,555,679.46","537.03"
"05686","Santa Rosa de Osos","2016","Trimestre 1","1,738,815.59","470.71"
"05686","Santa Rosa de Osos","2017","Trimestre 1","18,530,823.26","5,136.43"
"05686","Santa Rosa de Osos","2018","Trimestre 1","13,635,852.58","3,469.13"
"05686","Santa Rosa de Osos","2019","Trimestre 1","20,866,200.26","4,962.99"
"05686","Santa Rosa de Osos","2023","Trimestre 1","5,270,638.72","594.54"
"05686","Santa Rosa de Osos","2024","Trimestre 1","1,199,304.37","145.45"
"05686","Santa Rosa de Osos","2025","Trimestre 1","386,131,175.99","32,282.91"
"05686","Santa Rosa de Osos","2012","Trimestre 1","166,442.92","52.05"
"05686","Santa Rosa de Osos","2014","Trimestre 1","6,175,427.96","2,261.22"
"05686","Santa Rosa de Osos","2016","Trimestre 1","12,262,466.98","2,984.76"
"05686","Santa Rosa de Osos","2017","Trimestre 1","23,174,238.30","6,332.22"
"05686","Santa Rosa de Osos","2018","Trimestre 1","8,474,909.87","2,162.96"
"05686","Santa Rosa de Osos","2019","Trimestre 1","2,037,758.32","483.33"
"05686","Santa Rosa de Osos","2020","Trimestre 1","75,364,095.70","13,881.34"
"05686","Santa Rosa de Osos","2021","Trimestre 1","29,400,538.64","4,419.58"
"05686","Santa Rosa de Osos","2022","Trimestre 1","19,912,597.77","2,637.01"
"05686","Santa Rosa de Osos","2023","Trimestre 1","14,344,804.19","1,561.05"
"05686","Santa Rosa de Osos","2024","Trimestre 1","4,302,763.69","523.03"
"05686","Santa Rosa de Osos","2025","Trimestre 1","457,932,250.75","37,872.09"
"05686","Santa Rosa de Osos","2026","Trimestre 1","1,286,964,791.42","71,315.76"
"05686","Santa Rosa de Osos","2014","Trimestre 2","4,004,037.28","1,441.21"
"05686","Santa Rosa de Osos","2015","Trimestre 2","2,565,528.04","839.38"
"05686","Santa Rosa de Osos","2016","Trimestre 2","2,308,925.53","566.50"
"05686","Santa Rosa de Osos","2017","Trimestre 2","12,803,219.95","3,436.24"
"05686","Santa Rosa de Osos","2018","Trimestre 2","11,942,282.48","3,075.79"
"05686","Santa Rosa de Osos","2023","Trimestre 2","20,150,813.81","2,203.74"
"05686","Santa Rosa de Osos","2024","Trimestre 2","10,173,470.29","1,209.52"
"05686","Santa Rosa de Osos","2025","Trimestre 2","328,000,104.63","26,199.73"
"05686","Santa Rosa de Osos","2026","Trimestre 2","878,065,113.51","46,773.86"
"05686","Santa Rosa de Osos","2013","Trimestre 2","307,645.07","110.03"
"05686","Santa Rosa de Osos","2014","Trimestre 2","3,510,558.34","1,354.57"
"05686","Santa Rosa de Osos","2015","Trimestre 2","11,176,611.81","3,603.27"
"05686","Santa Rosa de Osos","2016","Trimestre 2","1,113,796.23","290.63"
"05686","Santa Rosa de Osos","2017","Trimestre 2","6,221,939.26","1,663.01"
"05686","Santa Rosa de Osos","2018","Trimestre 2","1,087,463,585.90","279,865.65"
"05686","Santa Rosa de Osos","2023","Trimestre 2","16,657,091.60","1,776.76"
"05686","Santa Rosa de Osos","2024","Trimestre 2","3,660,440.69","422.49"
"05686","Santa Rosa de Osos","2026","Trimestre 2","426,909,857.32","23,330.01"
"05686","Santa Rosa de Osos","2013","Trimestre 2","3,845,202.59","1,430.83"
"05686","Santa Rosa de Osos","2014","Trimestre 2","3,502,814.48","1,379.75"
"05686","Santa Rosa de Osos","2015","Trimestre 2","6,190,194.69","2,038.14"
"05686","Santa Rosa de Osos","2016","Trimestre 2","1,537,769.24","401.26"
"05686","Santa Rosa de Osos","2017","Trimestre 2","381,718,359.39","103,775.37"
"05686","Santa Rosa de Osos","2018","Trimestre 2","267,733,508.10","69,880.00"
"05686","Santa Rosa de Osos","2019","Trimestre 2","77,500,345.98","18,224.84"
"05686","Santa Rosa de Osos","2021","Trimestre 2","47,197,376.52","7,144.97"
"05686","Santa Rosa de Osos","2022","Trimestre 2","10,163,713.76","1,341.69"
"05686","Santa Rosa de Osos","2023","Trimestre 2","12,777,167.70","1,371.74"
"05686","Santa Rosa de Osos","2025","Trimestre 2","750,090,951.78","54,404.34"
"05686","Santa Rosa de Osos","2026","Trimestre 2","11,116,158.52","597.88"
"05686","Santa Rosa de Osos","2013","Trimestre 3","7,653,304.31","2,902.79"
"05686","Santa Rosa de Osos","2014","Trimestre 3","7,860,567.01","3,163.37"
"05686","Santa Rosa de Osos","2015","Trimestre 3","4,117,393.54","1,326.57"
"05686","Santa Rosa de Osos","2016","Trimestre 3","1,111,899.56","282.91"
"05686","Santa Rosa de Osos","2017","Trimestre 3","14,800,207.86","3,854.54"
"05686","Santa Rosa de Osos","2018","Trimestre 3","17,891,352.63","4,695.27"
"05686","Santa Rosa de Osos","2023","Trimestre 3","6,930,316.74","745.14"
"05686","Santa Rosa de Osos","2024","Trimestre 3","13,235,456.13","1,422.61"
"05686","Santa Rosa de Osos","2025","Trimestre 3","352,158,864.77","24,841.14"
"05686","Santa Rosa de Osos","2026","Trimestre 3","567,445,789.28","32,726.81"
"05686","Santa Rosa de Osos","2013","Trimestre 3","5,300,810.66","2,105.15"
"05686","Santa Rosa de Osos","2014","Trimestre 3","5,029,162.04","2,006.36"
"05686","Santa Rosa de Osos","2015","Trimestre 3","2,631,838.19","828.52"
"05686","Santa Rosa de Osos","2016","Trimestre 3","2,318,090.62","569.13"
"05686","Santa Rosa de Osos","2017","Trimestre 3","13,519,573.31","3,498.62"
"05686","Santa Rosa de Osos","2018","Trimestre 3","19,564,036.68","5,316.50"
"05686","Santa Rosa de Osos","2023","Trimestre 3","10,140,178.14","1,227.85"
"05686","Santa Rosa de Osos","2024","Trimestre 3","1,505,154.88","154.31"
"05686","Santa Rosa de Osos","2025","Trimestre 3","267,819,611.70","18,879.12"
"05686","Santa Rosa de Osos","2013","Trimestre 3","8,327,546.17","3,158.24"
"05686","Santa Rosa de Osos","2014","Trimestre 3","8,465,085.22","3,346.86"
"05686","Santa Rosa de Osos","2015","Trimestre 3","156,237.46","45.09"
"05686","Santa Rosa de Osos","2016","Trimestre 3","10,647,708.16","2,602.27"
"05686","Santa Rosa de Osos","2017","Trimestre 3","61,539,818.11","15,959.19"
"05686","Santa Rosa de Osos","2018","Trimestre 3","20,274,045.59","5,541.93"
"05686","Santa Rosa de Osos","2019","Trimestre 3","61,335,728.75","12,818.21"
"05686","Santa Rosa de Osos","2020","Trimestre 3","140,508,277.07","20,486.22"
"05686","Santa Rosa de Osos","2021","Trimestre 3","22,882,252.75","3,245.81"
"05686","Santa Rosa de Osos","2022","Trimestre 3","15,318,280.04","2,023.45"
"05686","Santa Rosa de Osos","2023","Trimestre 3","26,871,030.02","3,193.65"
"05686","Santa Rosa de Osos","2024","Trimestre 3","85,080,396.56","8,240.62"
"05686","Santa Rosa de Osos","2025","Trimestre 3","440,315,595.99","31,586.78"
"05686","Santa Rosa de Osos","2013","Trimestre 4","7,430,951.73","2,790.07"
"05686","Santa Rosa de Osos","2014","Trimestre 4","2,912,079.14","1,159.14"
"05686","Santa Rosa de Osos","2015","Trimestre 4","403,156.30","113.41"
"05686","Santa Rosa de Osos","2016","Trimestre 4","5,873,396.29","1,474.08"
"05686","Santa Rosa de Osos","2017","Trimestre 4","7,884,343.04","1,996.98"
"05686","Santa Rosa de Osos","2018","Trimestre 4","17,874,248.35","4,772.83"
"05686","Santa Rosa de Osos","2023","Trimestre 4","7,836,058.54","981.99"
"05686","Santa Rosa de Osos","2024","Trimestre 4","147,902,332.96","14,422.58"
"05686","Santa Rosa de Osos","2025","Trimestre 4","797,375,185.69","56,902.80"
"05686","Santa Rosa de Osos","2013","Trimestre 4","21,205,292.99","8,302.27"
"05686","Santa Rosa de Osos","2014","Trimestre 4","5,066,895.28","1,967.98"
"05686","Santa Rosa de Osos","2015","Trimestre 4","256,393.90","73.26"
"05686","Santa Rosa de Osos","2016","Trimestre 4","3,034,875.58","794.32"
"05686","Santa Rosa de Osos","2017","Trimestre 4","16,862,313.38","4,336.28"
"05686","Santa Rosa de Osos","2018","Trimestre 4","35,718,658.23","9,297.63"
"05686","Santa Rosa de Osos","2024","Trimestre 4","417,767,489.61","36,765.86"
"05686","Santa Rosa de Osos","2025","Trimestre 4","468,078,486.80","31,632.18"
"05686","Santa Rosa de Osos","2012","Trimestre 4","644,758.88","200.00"
"05686","Santa Rosa de Osos","2013","Trimestre 4","6,981,564.87","2,767.45"
"05686","Santa Rosa de Osos","2014","Trimestre 4","40,406,123.96","15,704.66"
"05686","Santa Rosa de Osos","2015","Trimestre 4","12,831,606.94","3,749.09"
"05686","Santa Rosa de Osos","2016","Trimestre 4","109,933,562.34","28,149.20"
"05686","Santa Rosa de Osos","2017","Trimestre 4","11,396,403.02","2,877.94"
"05686","Santa Rosa de Osos","2018","Trimestre 4","40,358,198.49","10,063.00"
"05686","Santa Rosa de Osos","2019","Trimestre 4","38,091,508.57","7,284.08"
"05686","Santa Rosa de Osos","2020","Trimestre 4","32,256,448.84","4,423.01"
"05686","Santa Rosa de Osos","2021","Trimestre 4","31,344,710.14","4,504.90"
"05686","Santa Rosa de Osos","2022","Trimestre 4","61,490,398.68","7,719.33"
"05686","Santa Rosa de Osos","2023","Trimestre 4","10,447,476.72","1,282.12"
"05686","Santa Rosa de Osos","2024","Trimestre 4","304,983,201.76","25,689.03"
"05686","Santa Rosa de Osos","2025","Trimestre 4","913,328,962.40","57,036.88"
"05690","Santo Domingo","2026","Trimestre 1","648,104,245.92","41,372.20"
"05690","Santo Domingo","2026","Trimestre 3","116,207,201.66","7,475.21"
"05690","Santo Domingo","2026","Trimestre 2","707,493,202.60","43,554.71"
"05690","Santo Domingo","2013","Trimestre 1","11,543,979.18","3,702.00"
"05690","Santo Domingo","2017","Trimestre 1","224,257.29","62.86"
"05690","Santo Domingo","2019","Trimestre 1","8,441,886.38","2,053.49"
"05690","Santo Domingo","2022","Trimestre 1","252,183.41","34.65"
"05690","Santo Domingo","2023","Trimestre 1","739,411,252.50","83,534.93"
"05690","Santo Domingo","2024","Trimestre 1","115,666,548.60","13,922.86"
"05690","Santo Domingo","2025","Trimestre 1","746,869,155.13","63,986.67"
"05690","Santo Domingo","2026","Trimestre 1","1,853,829,329.43","127,011.41"
"05690","Santo Domingo","2012","Trimestre 1","1,871,857.47","594.00"
"05690","Santo Domingo","2013","Trimestre 1","5,057,153.54","1,662.00"
"05690","Santo Domingo","2015","Trimestre 1","1,199,712.42","388.41"
"05690","Santo Domingo","2016","Trimestre 1","34,885,012.70","9,412.78"
"05690","Santo Domingo","2017","Trimestre 1","323,634.87","89.71"
"05690","Santo Domingo","2019","Trimestre 1","9,211,878.30","2,193.16"
"05690","Santo Domingo","2023","Trimestre 1","850,135,116.50","92,630.82"
"05690","Santo Domingo","2024","Trimestre 1","844,589,546.10","102,114.73"
"05690","Santo Domingo","2025","Trimestre 1","1,115,195,858.06","96,506.47"
"05690","Santo Domingo","2013","Trimestre 1","7,409,145.38","2,470.00"
"05690","Santo Domingo","2015","Trimestre 1","7,339,742.87","2,401.39"
"05690","Santo Domingo","2016","Trimestre 1","42,580,489.56","10,273.98"
"05690","Santo Domingo","2019","Trimestre 1","7,114,529.05","1,682.42"
"05690","Santo Domingo","2020","Trimestre 1","575,132,028.58","107,941.46"
"05690","Santo Domingo","2021","Trimestre 1","1,197,745,771.10","180,013.79"
"05690","Santo Domingo","2022","Trimestre 1","2,088,228,460.89","280,261.12"
"05690","Santo Domingo","2023","Trimestre 1","421,903,878.21","46,645.18"
"05690","Santo Domingo","2024","Trimestre 1","1,444,178,716.70","175,905.06"
"05690","Santo Domingo","2025","Trimestre 1","1,675,041,624.77","162,903.48"
"05690","Santo Domingo","2026","Trimestre 1","1,682,035,705.76","101,870.81"
"05690","Santo Domingo","2012","Trimestre 2","11,671,425.55","3,838.00"
"05690","Santo Domingo","2013","Trimestre 2","13,435,530.45","4,525.00"
"05690","Santo Domingo","2014","Trimestre 2","493,195.08","177.52"
"05690","Santo Domingo","2016","Trimestre 2","56,438,364.41","14,009.35"
"05690","Santo Domingo","2023","Trimestre 2","613,290,681.40","66,362.56"
"05690","Santo Domingo","2024","Trimestre 2","608,157,105.40","72,092.23"
"05690","Santo Domingo","2025","Trimestre 2","781,461,988.90","64,669.36"
"05690","Santo Domingo","2026","Trimestre 2","663,248,409.15","39,339.11"
"05690","Santo Domingo","2012","Trimestre 2","22,111,903.60","7,338.00"
"05690","Santo Domingo","2013","Trimestre 2","4,772,790.44","1,707.00"
"05690","Santo Domingo","2016","Trimestre 2","52,210,419.81","13,623.60"
"05690","Santo Domingo","2018","Trimestre 2","27,955.24","7.20"
"05690","Santo Domingo","2023","Trimestre 2","942,920,844.50","101,405.63"
"05690","Santo Domingo","2024","Trimestre 2","725,563,799.70","81,011.12"
"05690","Santo Domingo","2026","Trimestre 2","578,281,495.36","34,736.75"
"05690","Santo Domingo","2012","Trimestre 2","21,190,507.53","7,239.00"
"05690","Santo Domingo","2013","Trimestre 2","5,777,903.12","2,150.00"
"05690","Santo Domingo","2014","Trimestre 2","272,176.99","107.21"
"05690","Santo Domingo","2016","Trimestre 2","63,529,163.78","16,375.91"
"05690","Santo Domingo","2018","Trimestre 2","7,775,497.54","2,029.45"
"05690","Santo Domingo","2019","Trimestre 2","605,713,953.70","149,202.30"
"05690","Santo Domingo","2020","Trimestre 2","981,956,974.11","147,962.40"
"05690","Santo Domingo","2021","Trimestre 2","1,602,189,766.60","238,343.92"
"05690","Santo Domingo","2022","Trimestre 2","1,454,202,294.11","191,489.79"
"05690","Santo Domingo","2023","Trimestre 2","748,444,369.30","80,480.66"
"05690","Santo Domingo","2025","Trimestre 2","1,816,298,701.70","153,748.94"
"05690","Santo Domingo","2026","Trimestre 2","1,290,896,459.92","79,073.53"
"05690","Santo Domingo","2012","Trimestre 3","3,968,350.12","1,351.00"
"05690","Santo Domingo","2016","Trimestre 3","52,131,743.50","13,264.32"
"05690","Santo Domingo","2018","Trimestre 3","15,134,756.67","3,971.85"
"05690","Santo Domingo","2023","Trimestre 3","583,941,150.90","67,612.28"
"05690","Santo Domingo","2024","Trimestre 3","773,809,671.10","83,180.90"
"05690","Santo Domingo","2025","Trimestre 3","1,657,519,563.96","135,544.17"
"05690","Santo Domingo","2026","Trimestre 3","1,109,446,292.55","71,899.93"
"05690","Santo Domingo","2013","Trimestre 3","219,546.41","87.19"
"05690","Santo Domingo","2018","Trimestre 3","7,411,181.36","2,013.98"
"05690","Santo Domingo","2023","Trimestre 3","71,073,679.55","7,944.57"
"05690","Santo Domingo","2024","Trimestre 3","1,271,302,888.84","129,808.93"
"05690","Santo Domingo","2025","Trimestre 3","1,055,284,152.00","87,880.92"
"05690","Santo Domingo","2012","Trimestre 3","10,409,132.33","3,446.00"
"05690","Santo Domingo","2013","Trimestre 3","843,897.60","320.05"
"05690","Santo Domingo","2014","Trimestre 3","994,102.55","393.04"
"05690","Santo Domingo","2018","Trimestre 3","7,318,942.11","2,000.64"
"05690","Santo Domingo","2019","Trimestre 3","1,552,435.87","331.23"
"05690","Santo Domingo","2020","Trimestre 3","868,618,290.45","124,578.53"
"05690","Santo Domingo","2021","Trimestre 3","1,757,571,220.00","247,994.08"
"05690","Santo Domingo","2022","Trimestre 3","1,909,423,080.09","249,386.53"
"05690","Santo Domingo","2023","Trimestre 3","580,422,390.11","70,254.71"
"05690","Santo Domingo","2024","Trimestre 3","797,239,604.94","82,589.19"
"05690","Santo Domingo","2025","Trimestre 3","557,715,438.72","43,710.87"
"05690","Santo Domingo","2012","Trimestre 4","3,734,745.13","1,154.00"
"05690","Santo Domingo","2013","Trimestre 4","135,538.37","50.89"
"05690","Santo Domingo","2016","Trimestre 4","603,260.64","151.40"
"05690","Santo Domingo","2018","Trimestre 4","24,803,584.40","6,623.12"
"05690","Santo Domingo","2023","Trimestre 4","835,571,640.20","103,864.16"
"05690","Santo Domingo","2024","Trimestre 4","680,666,615.26","68,758.62"
"05690","Santo Domingo","2025","Trimestre 4","796,138,044.50","65,326.41"
"05690","Santo Domingo","2012","Trimestre 4","10,056,576.08","3,100.00"
"05690","Santo Domingo","2015","Trimestre 4","8,465,876.00","2,418.95"
"05690","Santo Domingo","2018","Trimestre 4","5,006,541.78","1,299.63"
"05690","Santo Domingo","2024","Trimestre 4","1,116,559,978.62","102,094.51"
"05690","Santo Domingo","2025","Trimestre 4","1,414,030,479.00","106,781.75"
"05690","Santo Domingo","2012","Trimestre 4","13,140,185.97","4,076.00"
"05690","Santo Domingo","2014","Trimestre 4","1,140,684.04","443.35"
"05690","Santo Domingo","2017","Trimestre 4","107,237.01","27.58"
"05690","Santo Domingo","2018","Trimestre 4","6,812,769.33","1,697.06"
"05690","Santo Domingo","2019","Trimestre 4","1,049,295,887.00","213,549.79"
"05690","Santo Domingo","2020","Trimestre 4","1,049,014,437.56","144,996.16"
"05690","Santo Domingo","2021","Trimestre 4","1,837,614,415.16","415,334.83"
"05690","Santo Domingo","2022","Trimestre 4","2,662,622,628.00","328,610.33"
"05690","Santo Domingo","2023","Trimestre 4","1,361,700,632.22","169,121.59"
"05690","Santo Domingo","2024","Trimestre 4","933,068,114.04","80,928.49"
"05690","Santo Domingo","2025","Trimestre 4","1,268,645,915.00","86,638.66"
"05736","Segovia","2026","Trimestre 1","816,763,933.32","417,947.61"
"05736","Segovia","2026","Trimestre 3","289,460,525.60","172,124.69"
"05736","Segovia","2026","Trimestre 2","130,480,837.56","1,522.56"
"05736","Segovia","2012","Trimestre 1","76,354,478.40","126,624.28"
"05736","Segovia","2013","Trimestre 1","1,891,549,403.57","686,457.10"
"05736","Segovia","2014","Trimestre 1","786,332,672.89","413,077.60"
"05736","Segovia","2015","Trimestre 1","624,780,212.97","273,131.09"
"05736","Segovia","2016","Trimestre 1","187,166,385.70","173,447.70"
"05736","Segovia","2017","Trimestre 1","172,950,223.98","168,960.02"
"05736","Segovia","2018","Trimestre 1","188,002,467.20","159,012.23"
"05736","Segovia","2019","Trimestre 1","712,729,579.80","303,444.54"
"05736","Segovia","2022","Trimestre 1","3,839,368,147.86","819,542.61"
"05736","Segovia","2023","Trimestre 1","901,421,749.66","334,931.59"
"05736","Segovia","2024","Trimestre 1","4,243,746.29","515.84"
"05736","Segovia","2025","Trimestre 1","680,468,984.39","368,174.75"
"05736","Segovia","2026","Trimestre 1","1,013,843,150.81","634,108.02"
"05736","Segovia","2012","Trimestre 1","166,796,737.62","148,485.12"
"05736","Segovia","2013","Trimestre 1","1,889,604,608.87","689,562.62"
"05736","Segovia","2014","Trimestre 1","828,927,028.43","391,043.63"
"05736","Segovia","2015","Trimestre 1","235,654,564.27","199,271.53"
"05736","Segovia","2016","Trimestre 1","314,290,072.01","242,918.55"
"05736","Segovia","2017","Trimestre 1","178,874,652.52","187,175.97"
"05736","Segovia","2018","Trimestre 1","293,365,949.70","364,370.53"
"05736","Segovia","2019","Trimestre 1","1,057,608,789.00","587,844.45"
"05736","Segovia","2023","Trimestre 1","1,257,373,572.00","420,176.50"
"05736","Segovia","2024","Trimestre 1","508,727,294.50","502,480.32"
"05736","Segovia","2025","Trimestre 1","949,414,781.42","508,060.63"
"05736","Segovia","2012","Trimestre 1","178,862,425.20","140,334.35"
"05736","Segovia","2013","Trimestre 1","1,607,611,425.43","650,767.12"
"05736","Segovia","2014","Trimestre 1","1,082,723,335.35","468,919.55"
"05736","Segovia","2015","Trimestre 1","249,191,349.99","81,644.38"
"05736","Segovia","2016","Trimestre 1","268,987,957.35","210,964.49"
"05736","Segovia","2017","Trimestre 1","216,781,380.92","224,239.59"
"05736","Segovia","2018","Trimestre 1","836,605,025.00","375,894.53"
"05736","Segovia","2019","Trimestre 1","884,049,796.10","389,051.26"
"05736","Segovia","2020","Trimestre 1","3,777,730,174.65","1,635,998.54"
"05736","Segovia","2021","Trimestre 1","2,594,572,564.00","952,024.84"
"05736","Segovia","2022","Trimestre 1","1,420,837,586.42","975,284.12"
"05736","Segovia","2023","Trimestre 1","1,157,187,149.40","475,013.69"
"05736","Segovia","2024","Trimestre 1","460,978,281.72","430,811.12"
"05736","Segovia","2025","Trimestre 1","1,192,933,645.40","817,492.70"
"05736","Segovia","2026","Trimestre 1","1,632,341,144.96","999,283.53"
"05736","Segovia","2012","Trimestre 2","286,814,979.33","193,213.00"
"05736","Segovia","2013","Trimestre 2","1,080,483,673.54","457,584.62"
"05736","Segovia","2014","Trimestre 2","684,735,954.68","305,379.88"
"05736","Segovia","2015","Trimestre 2","146,940,945.21","131,910.69"
"05736","Segovia","2016","Trimestre 2","169,018,664.73","185,546.56"
"05736","Segovia","2017","Trimestre 2","191,494,336.62","218,726.09"
"05736","Segovia","2018","Trimestre 2","706,490,253.50","461,908.72"
"05736","Segovia","2023","Trimestre 2","922,617,301.60","448,239.41"
"05736","Segovia","2024","Trimestre 2","582,290,027.00","396,636.61"
"05736","Segovia","2025","Trimestre 2","776,749,730.95","362,709.04"
"05736","Segovia","2026","Trimestre 2","1,902,874,616.71","752,207.48"
"05736","Segovia","2012","Trimestre 2","394,632,966.45","215,163.08"
"05736","Segovia","2013","Trimestre 2","453,922,947.60","303,499.72"
"05736","Segovia","2014","Trimestre 2","620,739,248.75","354,668.03"
"05736","Segovia","2015","Trimestre 2","69,642,793.29","80,797.41"
"05736","Segovia","2016","Trimestre 2","147,967,144.31","143,376.83"
"05736","Segovia","2017","Trimestre 2","279,910,170.94","273,355.62"
"05736","Segovia","2018","Trimestre 2","233,279,924.50","206,169.57"
"05736","Segovia","2023","Trimestre 2","878,469,843.60","464,537.54"
"05736","Segovia","2024","Trimestre 2","1,066,552,906.77","412,083.93"
"05736","Segovia","2026","Trimestre 2","854,857,781.28","470,814.84"
"05736","Segovia","2012","Trimestre 2","429,274,224.98","230,192.08"
"05736","Segovia","2013","Trimestre 2","756,413,028.69","403,653.33"
"05736","Segovia","2014","Trimestre 2","585,811,961.36","287,869.14"
"05736","Segovia","2015","Trimestre 2","499,790,589.37","214,402.38"
"05736","Segovia","2016","Trimestre 2","144,982,642.31","188,464.97"
"05736","Segovia","2017","Trimestre 2","252,460,438.72","270,148.63"
"05736","Segovia","2018","Trimestre 2","945,180,653.90","538,585.45"
"05736","Segovia","2019","Trimestre 2","2,507,904,017.00","1,435,754.04"
"05736","Segovia","2020","Trimestre 2","4,876,537,766.86","1,148,395.43"
"05736","Segovia","2021","Trimestre 2","3,264,161,974.47","1,312,684.85"
"05736","Segovia","2022","Trimestre 2","1,676,395,431.77","1,181,179.95"
"05736","Segovia","2023","Trimestre 2","657,246,728.00","472,663.94"
"05736","Segovia","2024","Trimestre 2","514,882.00","55.41"
"05736","Segovia","2025","Trimestre 2","1,493,234,468.98","1,122,982.72"
"05736","Segovia","2026","Trimestre 2","543,309,954.08","362,136.27"
"05736","Segovia","2012","Trimestre 3","619,960,752.84","308,684.32"
"05736","Segovia","2013","Trimestre 3","522,684,205.70","261,481.09"
"05736","Segovia","2014","Trimestre 3","361,240,280.23","252,397.89"
"05736","Segovia","2015","Trimestre 3","179,148,958.50","85,427.70"
"05736","Segovia","2016","Trimestre 3","228,663,018.06","197,656.83"
"05736","Segovia","2017","Trimestre 3","145,087,907.89","38,057.22"
"05736","Segovia","2018","Trimestre 3","459,127,515.30","279,192.37"
"05736","Segovia","2023","Trimestre 3","375,250,217.90","280,031.85"
"05736","Segovia","2024","Trimestre 3","1,436,066,967.00","509,367.90"
"05736","Segovia","2025","Trimestre 3","427,614,937.24","371,275.17"
"05736","Segovia","2026","Trimestre 3","726,837,096.44","452,735.88"
"05736","Segovia","2012","Trimestre 3","455,893,051.02","232,683.64"
"05736","Segovia","2013","Trimestre 3","546,822,852.11","322,629.02"
"05736","Segovia","2014","Trimestre 3","371,479,226.01","193,966.11"
"05736","Segovia","2015","Trimestre 3","733,002,648.48","230,752.73"
"05736","Segovia","2016","Trimestre 3","214,948,611.78","219,172.85"
"05736","Segovia","2017","Trimestre 3","157,629,908.18","281,229.48"
"05736","Segovia","2018","Trimestre 3","678,760,069.60","499,454.70"
"05736","Segovia","2023","Trimestre 3","478,450,776.60","453,871.58"
"05736","Segovia","2024","Trimestre 3","717,148,357.46","431,329.95"
"05736","Segovia","2025","Trimestre 3","639,635,634.80","601,778.67"
"05736","Segovia","2012","Trimestre 3","419,239,116.98","257,617.19"
"05736","Segovia","2013","Trimestre 3","533,854,540.09","316,105.40"
"05736","Segovia","2014","Trimestre 3","788,604,008.53","387,847.50"
"05736","Segovia","2015","Trimestre 3","1,343,582,281.06","388,512.93"
"05736","Segovia","2016","Trimestre 3","443,572,764.71","321,783.13"
"05736","Segovia","2017","Trimestre 3","214,720,958.32","128,177.45"
"05736","Segovia","2018","Trimestre 3","732,058,804.50","360,676.33"
"05736","Segovia","2019","Trimestre 3","2,673,900,481.74","1,196,858.84"
"05736","Segovia","2020","Trimestre 3","5,508,036,211.41","1,599,711.05"
"05736","Segovia","2021","Trimestre 3","1,005,756,336.58","144,206.94"
"05736","Segovia","2022","Trimestre 3","2,572,147,320.61","1,445,750.48"
"05736","Segovia","2023","Trimestre 3","739,869,403.96","682,994.91"
"05736","Segovia","2024","Trimestre 3","629,048,088.58","408,313.74"
"05736","Segovia","2025","Trimestre 3","885,010,981.44","788,920.45"
"05736","Segovia","2012","Trimestre 4","196,846,091.81","146,952.02"
"05736","Segovia","2013","Trimestre 4","547,921,869.63","275,972.47"
"05736","Segovia","2014","Trimestre 4","975,870,092.66","502,592.11"
"05736","Segovia","2015","Trimestre 4","1,481,026,651.80","1,253,701.95"
"05736","Segovia","2016","Trimestre 4","422,749,661.63","239,076.44"
"05736","Segovia","2017","Trimestre 4","429,776,476.70","413,689.33"
"05736","Segovia","2018","Trimestre 4","1,023,885,380.00","556,034.01"
"05736","Segovia","2023","Trimestre 4","531,250,321.70","515,173.77"
"05736","Segovia","2024","Trimestre 4","990,033,832.34","483,371.39"
"05736","Segovia","2025","Trimestre 4","705,220,681.15","567,809.15"
"05736","Segovia","2012","Trimestre 4","478,135,994.15","190,439.01"
"05736","Segovia","2013","Trimestre 4","675,430,411.32","346,455.35"
"05736","Segovia","2014","Trimestre 4","803,315,249.01","404,846.42"
"05736","Segovia","2015","Trimestre 4","248,410,842.13","70,910.69"
"05736","Segovia","2016","Trimestre 4","382,656,988.42","261,066.85"
"05736","Segovia","2017","Trimestre 4","300,395,339.30","284,072.41"
"05736","Segovia","2018","Trimestre 4","759,219,233.80","300,353.62"
"05736","Segovia","2024","Trimestre 4","1,070,571,834.59","334,561.92"
"05736","Segovia","2025","Trimestre 4","746,090,262.90","612,155.49"
"05736","Segovia","2012","Trimestre 4","1,136,180,281.73","429,415.06"
"05736","Segovia","2013","Trimestre 4","943,643,443.96","436,329.70"
"05736","Segovia","2014","Trimestre 4","1,400,818,997.73","655,370.38"
"05736","Segovia","2015","Trimestre 4","805,647,963.32","495,746.55"
"05736","Segovia","2016","Trimestre 4","439,563,557.85","314,353.45"
"05736","Segovia","2017","Trimestre 4","240,961,237.13","324,827.08"
"05736","Segovia","2018","Trimestre 4","350,861,575.90","451,111.75"
"05736","Segovia","2019","Trimestre 4","2,342,813,909.55","1,149,942.08"
"05736","Segovia","2020","Trimestre 4","5,136,047,738.87","1,341,304.04"
"05736","Segovia","2021","Trimestre 4","4,835,651,410.18","2,031,528.46"
"05736","Segovia","2022","Trimestre 4","3,047,754,872.99","2,042,384.60"
"05736","Segovia","2023","Trimestre 4","941,812,206.18","953,255.48"
"05736","Segovia","2024","Trimestre 4","857,986,489.44","601,580.39"
"05736","Segovia","2025","Trimestre 4","969,828,842.90","690,459.19"
"05756","Sonson","2012","Trimestre 1","1,351,381.54","410.77"
"05756","Sonson","2017","Trimestre 1","63,386,787.03","17,767.59"
"05756","Sonson","2012","Trimestre 1","1,327,884.89","404.06"
"05756","Sonson","2017","Trimestre 1","97,812,335.31","27,111.92"
"05756","Sonson","2012","Trimestre 1","9,380,220.91","2,933.55"
"05756","Sonson","2013","Trimestre 1","2,705,747.90","902.02"
"05756","Sonson","2015","Trimestre 1","24,875,242.24","8,138.59"
"05756","Sonson","2017","Trimestre 1","57,234,098.01","15,638.87"
"05756","Sonson","2020","Trimestre 1","33,983,908.60","4,045.40"
"05756","Sonson","2021","Trimestre 1","241,964,775.30","24,268.77"
"05756","Sonson","2012","Trimestre 2","398,282.08","130.97"
"05756","Sonson","2013","Trimestre 2","961,063.54","323.68"
"05756","Sonson","2015","Trimestre 2","184,033,020.46","58,683.43"
"05756","Sonson","2017","Trimestre 2","62,337,676.06","16,730.73"
"05756","Sonson","2012","Trimestre 2","4,345,598.50","1,433.77"
"05756","Sonson","2014","Trimestre 2","8,562,235.64","3,303.79"
"05756","Sonson","2015","Trimestre 2","33,061,675.92","10,750.78"
"05756","Sonson","2015","Trimestre 2","563,515,038.45","187,533.11"
"05756","Sonson","2020","Trimestre 2","263,415,542.13","26,664.00"
"05756","Sonson","2021","Trimestre 2","205,039,901.20","20,221.31"
"05756","Sonson","2012","Trimestre 3","7,076,117.55","2,409.02"
"05756","Sonson","2013","Trimestre 3","177,280.36","67.24"
"05756","Sonson","2015","Trimestre 3","1,603,180,747.59","515,852.27"
"05756","Sonson","2015","Trimestre 3","861,374,166.41","271,164.69"
"05756","Sonson","2012","Trimestre 3","705,078.26","233.42"
"05756","Sonson","2015","Trimestre 3","750,588,493.62","216,767.97"
"05756","Sonson","2019","Trimestre 3","16,057,217.63","2,032.54"
"05756","Sonson","2020","Trimestre 3","269,499,178.03","25,346.64"
"05756","Sonson","2021","Trimestre 3","93,893,904.72","8,955.49"
"05756","Sonson","2012","Trimestre 4","8,565,867.74","2,646.77"
"05756","Sonson","2013","Trimestre 4","4,308,037.42","1,617.52"
"05756","Sonson","2015","Trimestre 4","843,048,707.20","237,145.49"
"05756","Sonson","2012","Trimestre 4","5,910,411.97","1,821.92"
"05756","Sonson","2015","Trimestre 4","79,731,952.84","22,781.74"
"05756","Sonson","2016","Trimestre 4","23,150,057.83","6,059.08"
"05756","Sonson","2013","Trimestre 4","423,290.88","167.79"
"05756","Sonson","2016","Trimestre 4","66,609,879.05","16,873.27"
"05756","Sonson","2019","Trimestre 4","81,517,510.70","10,318.17"
"05756","Sonson","2020","Trimestre 4","170,994,071.70","15,679.48"
"05756","Sonson","2021","Trimestre 4","25,843,592.85","2,498.89"
"05789","Tamesis","2016","Trimestre 1","1,092,653.66","305.39"
"05789","Tamesis","2016","Trimestre 1","927,311.49","250.21"
"05789","Tamesis","2016","Trimestre 1","3,008,076.65","725.80"
"05789","Tamesis","2015","Trimestre 2","83,991.41","27.48"
"05789","Tamesis","2016","Trimestre 2","1,192,149.59","295.92"
"05789","Tamesis","2015","Trimestre 2","641,596.00","208.63"
"05789","Tamesis","2016","Trimestre 2","1,527,536.86","398.59"
"05789","Tamesis","2016","Trimestre 2","1,079,489.64","278.26"
"05789","Tamesis","2015","Trimestre 3","765,054.31","246.17"
"05789","Tamesis","2016","Trimestre 3","795,870.28","202.50"
"05789","Tamesis","2015","Trimestre 3","1,114,563.82","350.87"
"05789","Tamesis","2016","Trimestre 3","621,587.00","152.61"
"05789","Tamesis","2015","Trimestre 3","1,111,222.56","320.71"
"05789","Tamesis","2015","Trimestre 4","1,817,735.03","511.32"
"05789","Tamesis","2015","Trimestre 4","2,331,614.02","666.21"
"05789","Tamesis","2015","Trimestre 4","1,819,899.60","543.79"
"05790","Taraza","2026","Trimestre 1","139,625,414.51","5,988.11"
"05790","Taraza","2026","Trimestre 3","176,359,700.95","6,687.52"
"05790","Taraza","2026","Trimestre 2","175,649,219.29","6,632.36"
"05790","Taraza","2012","Trimestre 1","796,978,371.03","242,251.94"
"05790","Taraza","2013","Trimestre 1","479,352,447.07","152,892.26"
"05790","Taraza","2014","Trimestre 1","360,051,814.31","147,610.98"
"05790","Taraza","2015","Trimestre 1","130,188,265.12","44,941.78"
"05790","Taraza","2016","Trimestre 1","529,631,288.49","148,028.70"
"05790","Taraza","2017","Trimestre 1","176,690,724.62","49,527.17"
"05790","Taraza","2018","Trimestre 1","147,471,495.60","32,759.79"
"05790","Taraza","2019","Trimestre 1","231,245,899.20","56,411.44"
"05790","Taraza","2023","Trimestre 1","249,326,927.01","20,785.27"
"05790","Taraza","2024","Trimestre 1","24,195,687.34","1,956.28"
"05790","Taraza","2025","Trimestre 1","131,133,350.73","9,335.69"
"05790","Taraza","2026","Trimestre 1","216,141,662.50","8,858.72"
"05790","Taraza","2012","Trimestre 1","649,287,849.51","202,446.12"
"05790","Taraza","2013","Trimestre 1","412,379,454.48","135,258.43"
"05790","Taraza","2014","Trimestre 1","382,431,424.51","152,392.09"
"05790","Taraza","2015","Trimestre 1","72,315,560.97","23,412.35"
"05790","Taraza","2016","Trimestre 1","428,884,328.65","115,722.87"
"05790","Taraza","2017","Trimestre 1","110,805,429.73","30,713.39"
"05790","Taraza","2018","Trimestre 1","105,719,610.50","26,896.38"
"05790","Taraza","2019","Trimestre 1","199,230,014.70","47,386.49"
"05790","Taraza","2023","Trimestre 1","296,110,920.40","23,108.44"
"05790","Taraza","2024","Trimestre 1","147,421,524.10","12,030.44"
"05790","Taraza","2025","Trimestre 1","182,364,881.07","10,163.10"
"05790","Taraza","2012","Trimestre 1","1,460,892,030.85","456,876.21"
"05790","Taraza","2013","Trimestre 1","378,189,432.12","125,561.09"
"05790","Taraza","2014","Trimestre 1","482,122,878.55","176,535.93"
"05790","Taraza","2016","Trimestre 1","394,131,564.09","95,777.93"
"05790","Taraza","2017","Trimestre 1","51,438,726.86","14,055.32"
"05790","Taraza","2018","Trimestre 1","131,457,513.80","31,200.52"
"05790","Taraza","2019","Trimestre 1","142,979,661.50","33,928.68"
"05790","Taraza","2020","Trimestre 1","617,408,676.80","90,789.94"
"05790","Taraza","2021","Trimestre 1","610,176,009.40","70,217.69"
"05790","Taraza","2022","Trimestre 1","497,334,097.80","52,389.76"
"05790","Taraza","2023","Trimestre 1","127,386,446.67","9,562.36"
"05790","Taraza","2024","Trimestre 1","136,452,536.83","11,212.22"
"05790","Taraza","2025","Trimestre 1","423,859,957.52","25,863.47"
"05790","Taraza","2026","Trimestre 1","510,238,456.49","18,966.35"
"05790","Taraza","2012","Trimestre 2","1,248,395,802.15","410,519.10"
"05790","Taraza","2013","Trimestre 2","446,279,033.19","149,521.71"
"05790","Taraza","2014","Trimestre 2","466,983,949.89","168,085.60"
"05790","Taraza","2015","Trimestre 2","505,008,778.97","162,158.56"
"05790","Taraza","2016","Trimestre 2","352,827,095.46","87,578.17"
"05790","Taraza","2017","Trimestre 2","113,773,329.71","30,535.48"
"05790","Taraza","2018","Trimestre 2","69,182,956.81","17,818.39"
"05790","Taraza","2023","Trimestre 2","269,863,621.80","20,862.52"
"05790","Taraza","2024","Trimestre 2","63,224,268.12","4,862.05"
"05790","Taraza","2025","Trimestre 2","309,516,673.82","17,886.98"
"05790","Taraza","2026","Trimestre 2","216,682,262.19","7,754.04"
"05790","Taraza","2012","Trimestre 2","805,047,238.32","266,816.15"
"05790","Taraza","2013","Trimestre 2","277,841,578.36","99,178.23"
"05790","Taraza","2014","Trimestre 2","432,092,708.10","166,725.56"
"05790","Taraza","2015","Trimestre 2","353,395,017.06","114,711.84"
"05790","Taraza","2016","Trimestre 2","221,369,585.44","57,763.39"
"05790","Taraza","2017","Trimestre 2","116,927,477.11","31,252.65"
"05790","Taraza","2018","Trimestre 2","79,668,283.71","20,980.72"
"05790","Taraza","2023","Trimestre 2","137,510,923.10","9,839.95"
"05790","Taraza","2024","Trimestre 2","117,966,577.20","8,748.25"
"05790","Taraza","2026","Trimestre 2","86,962,428.67","3,229.43"
"05790","Taraza","2012","Trimestre 2","725,484,439.17","247,836.53"
"05790","Taraza","2013","Trimestre 2","215,675,079.13","80,254.27"
"05790","Taraza","2014","Trimestre 2","533,810,763.21","210,267.05"
"05790","Taraza","2015","Trimestre 2","123,695,904.26","40,885.23"
"05790","Taraza","2016","Trimestre 2","295,428,910.09","76,135.05"
"05790","Taraza","2017","Trimestre 2","123,921,921.77","33,089.50"
"05790","Taraza","2018","Trimestre 2","96,320,884.25","25,140.31"
"05790","Taraza","2019","Trimestre 2","454,756,553.00","104,799.85"
"05790","Taraza","2020","Trimestre 2","171,516,926.37","18,421.69"
"05790","Taraza","2021","Trimestre 2","604,063,068.99","76,013.68"
"05790","Taraza","2022","Trimestre 2","328,513,185.63","30,806.75"
"05790","Taraza","2023","Trimestre 2","71,460,232.76","6,049.70"
"05790","Taraza","2025","Trimestre 2","449,116,437.02","21,484.34"
"05790","Taraza","2026","Trimestre 2","79,845,077.50","3,030.31"
"05790","Taraza","2012","Trimestre 3","658,931,525.46","224,329.12"
"05790","Taraza","2013","Trimestre 3","192,381,828.56","72,967.78"
"05790","Taraza","2014","Trimestre 3","428,317,994.21","172,370.30"
"05790","Taraza","2015","Trimestre 3","44,282,432.69","14,248.67"
"05790","Taraza","2016","Trimestre 3","324,149,281.60","82,625.77"
"05790","Taraza","2017","Trimestre 3","93,852,198.51","24,470.24"
"05790","Taraza","2018","Trimestre 3","95,510,322.86","25,065.00"
"05790","Taraza","2023","Trimestre 3","208,611,664.10","17,058.64"
"05790","Taraza","2024","Trimestre 3","236,837,494.10","16,942.83"
"05790","Taraza","2025","Trimestre 3","206,723,202.33","9,720.13"
"05790","Taraza","2026","Trimestre 3","74,962,587.22","3,060.03"
"05790","Taraza","2012","Trimestre 3","684,180,084.95","233,794.98"
"05790","Taraza","2013","Trimestre 3","217,640,482.40","86,096.84"
"05790","Taraza","2014","Trimestre 3","251,598,948.40","100,374.19"
"05790","Taraza","2015","Trimestre 3","262,839,576.94","82,743.15"
"05790","Taraza","2016","Trimestre 3","200,345,051.68","49,281.30"
"05790","Taraza","2017","Trimestre 3","170,283,290.31","44,067.12"
"05790","Taraza","2018","Trimestre 3","134,791,776.40","36,629.51"
"05790","Taraza","2023","Trimestre 3","176,773,934.70","15,505.68"
"05790","Taraza","2024","Trimestre 3","234,140,111.54","15,788.08"
"05790","Taraza","2025","Trimestre 3","180,360,059.50","8,541.04"
"05790","Taraza","2012","Trimestre 3","466,955,760.66","154,588.25"
"05790","Taraza","2013","Trimestre 3","256,543,050.54","97,294.51"
"05790","Taraza","2014","Trimestre 3","213,571,617.24","84,440.17"
"05790","Taraza","2015","Trimestre 3","338,684,941.52","98,819.95"
"05790","Taraza","2016","Trimestre 3","247,373,923.61","60,461.65"
"05790","Taraza","2017","Trimestre 3","158,993,250.97","40,545.05"
"05790","Taraza","2018","Trimestre 3","156,068,589.70","42,661.50"
"05790","Taraza","2019","Trimestre 3","153,094,161.18","29,245.53"
"05790","Taraza","2020","Trimestre 3","790,182,929.47","95,615.77"
"05790","Taraza","2021","Trimestre 3","352,001,380.24","40,619.74"
"05790","Taraza","2022","Trimestre 3","415,806,768.63","37,804.61"
"05790","Taraza","2023","Trimestre 3","245,936,751.48","21,664.59"
"05790","Taraza","2024","Trimestre 3","198,379,360.60","12,863.33"
"05790","Taraza","2025","Trimestre 3","191,491,811.98","9,211.63"
"05790","Taraza","2012","Trimestre 4","400,921,782.85","123,880.94"
"05790","Taraza","2013","Trimestre 4","343,361,550.10","128,674.10"
"05790","Taraza","2014","Trimestre 4","247,902,387.38","98,676.43"
"05790","Taraza","2015","Trimestre 4","239,983,483.09","67,522.33"
"05790","Taraza","2016","Trimestre 4","283,767,916.87","71,218.86"
"05790","Taraza","2017","Trimestre 4","165,721,060.90","45,592.82"
"05790","Taraza","2018","Trimestre 4","141,658,031.20","37,825.91"
"05790","Taraza","2023","Trimestre 4","249,778,443.10","21,978.95"
"05790","Taraza","2024","Trimestre 4","169,891,274.33","10,348.87"
"05790","Taraza","2025","Trimestre 4","254,238,013.59","11,681.50"
"05790","Taraza","2012","Trimestre 4","504,390,200.98","155,481.31"
"05790","Taraza","2013","Trimestre 4","295,745,059.44","115,789.79"
"05790","Taraza","2014","Trimestre 4","193,088,813.98","74,995.50"
"05790","Taraza","2015","Trimestre 4","203,992,744.40","58,251.30"
"05790","Taraza","2016","Trimestre 4","236,565,224.01","61,084.63"
"05790","Taraza","2017","Trimestre 4","100,174,300.50","25,760.63"
"05790","Taraza","2018","Trimestre 4","145,311,078.20","37,739.94"
"05790","Taraza","2024","Trimestre 4","199,163,574.29","11,724.06"
"05790","Taraza","2025","Trimestre 4","226,505,363.60","9,399.95"
"05790","Taraza","2012","Trimestre 4","414,236,379.51","128,361.27"
"05790","Taraza","2013","Trimestre 4","387,329,385.66","153,535.08"
"05790","Taraza","2014","Trimestre 4","187,991,805.62","73,066.83"
"05790","Taraza","2015","Trimestre 4","234,611,142.25","69,952.48"
"05790","Taraza","2016","Trimestre 4","242,298,957.07","61,508.89"
"05790","Taraza","2017","Trimestre 4","99,431,400.67","25,066.07"
"05790","Taraza","2018","Trimestre 4","215,534,037.50","48,567.37"
"05790","Taraza","2019","Trimestre 4","541,289,097.00","81,848.45"
"05790","Taraza","2020","Trimestre 4","384,792,280.84","46,632.97"
"05790","Taraza","2021","Trimestre 4","789,244,890.54","94,572.65"
"05790","Taraza","2022","Trimestre 4","633,004,407.72","57,200.20"
"05790","Taraza","2023","Trimestre 4","472,117,292.46","39,104.76"
"05790","Taraza","2024","Trimestre 4","386,800,095.76","23,735.18"
"05790","Taraza","2025","Trimestre 4","514,162,151.20","22,355.90"
"05809","Titiribi","2026","Trimestre 1","87,401,006.03","5,204.48"
"05809","Titiribi","2026","Trimestre 3","67,590,919.25","3,848.75"
"05809","Titiribi","2026","Trimestre 2","142,896,730.56","8,136.80"
"05809","Titiribi","2012","Trimestre 1","25,884,860.23","7,868.04"
"05809","Titiribi","2026","Trimestre 1","82,732,186.57","5,173.10"
"05809","Titiribi","2026","Trimestre 1","151,045,372.05","8,279.25"
"05809","Titiribi","2026","Trimestre 2","307,112,235.19","16,296.93"
"05809","Titiribi","2026","Trimestre 2","77,809,915.48","4,241.27"
"05809","Titiribi","2026","Trimestre 2","102,433,675.91","5,832.76"
"05809","Titiribi","2025","Trimestre 3","8,470,633.15","597.60"
"05809","Titiribi","2026","Trimestre 3","275,744,821.61","15,685.20"
"05809","Titiribi","2025","Trimestre 3","32,620,508.86","2,300.16"
"05809","Titiribi","2025","Trimestre 3","29,322,743.31","2,109.55"
"05809","Titiribi","2025","Trimestre 4","19,992,148.54","1,429.69"
"05809","Titiribi","2025","Trimestre 4","28,061,908.14","1,925.59"
"05809","Titiribi","2025","Trimestre 4","51,558,227.99","3,184.00"
"05819","Toledo - Antioquia","2014","Trimestre 1","391,300.32","143.28"
"05819","Toledo - Antioquia","2014","Trimestre 2","1,453,511.15","560.85"
"05819","Toledo - Antioquia","2014","Trimestre 2","2,442,803.05","962.22"
"05819","Toledo - Antioquia","2012","Trimestre 3","1,200,991.35","408.87"
"05819","Toledo - Antioquia","2014","Trimestre 3","3,404,361.91","1,370.04"
"05819","Toledo - Antioquia","2012","Trimestre 3","206,857.03","70.70"
"05819","Toledo - Antioquia","2013","Trimestre 3","753,896.03","299.40"
"05819","Toledo - Antioquia","2012","Trimestre 3","383,621.53","127.00"
"05819","Toledo - Antioquia","2013","Trimestre 3","681,762.73","258.56"
"05819","Toledo - Antioquia","2012","Trimestre 4","274,122.80","84.50"
"05819","Toledo - Antioquia","2014","Trimestre 4","7,468,128.67","2,900.61"
"05842","Uramita","2015","Trimestre 4","19,326,783.69","5,436.53"
"05847","Urrao","2012","Trimestre 1","2,505,008.76","761.43"
"05847","Urrao","2013","Trimestre 1","1,069,174.54","342.87"
"05847","Urrao","2016","Trimestre 1","53,759,060.54","15,025.33"
"05847","Urrao","2012","Trimestre 1","1,082,242.44","343.43"
"05847","Urrao","2016","Trimestre 1","50,225,128.13","13,551.90"
"05847","Urrao","2017","Trimestre 1","19,184,521.68","5,317.62"
"05847","Urrao","2012","Trimestre 1","1,371,883.22","429.04"
"05847","Urrao","2016","Trimestre 1","49,445,400.50","12,093.43"
"05847","Urrao","2021","Trimestre 1","109,473,603.40","15,609.66"
"05847","Urrao","2012","Trimestre 2","1,522,657.95","500.71"
"05847","Urrao","2016","Trimestre 2","35,575,234.33","8,829.73"
"05847","Urrao","2012","Trimestre 2","618,307.64","205.19"
"05847","Urrao","2016","Trimestre 2","20,761,037.88","5,417.31"
"05847","Urrao","2012","Trimestre 2","494,650.08","168.98"
"05847","Urrao","2015","Trimestre 2","55,442,227.74","18,254.99"
"05847","Urrao","2016","Trimestre 2","72,246,745.50","18,623.04"
"05847","Urrao","2012","Trimestre 3","1,168,004.99","397.64"
"05847","Urrao","2016","Trimestre 3","22,478,135.16","5,719.30"
"05847","Urrao","2017","Trimestre 3","281,774.08","76.99"
"05847","Urrao","2012","Trimestre 3","10,055,387.49","3,436.75"
"05847","Urrao","2015","Trimestre 3","2,456,160.35","773.21"
"05847","Urrao","2016","Trimestre 3","23,210,742.81","5,718.56"
"05847","Urrao","2012","Trimestre 3","11,708,250.04","3,876.08"
"05847","Urrao","2015","Trimestre 3","88,795,337.15","25,627.23"
"05847","Urrao","2016","Trimestre 3","27,390,167.97","6,694.08"
"05847","Urrao","2020","Trimestre 3","35,688,275.27","4,777.82"
"05847","Urrao","2021","Trimestre 3","21,891,033.23","3,262.17"
"05847","Urrao","2012","Trimestre 4","14,176,302.85","4,380.34"
"05847","Urrao","2015","Trimestre 4","715,182.05","206.41"
"05847","Urrao","2016","Trimestre 4","38,348,335.43","9,624.50"
"05847","Urrao","2015","Trimestre 4","11,356,491.55","3,199.90"
"05847","Urrao","2016","Trimestre 4","21,803,430.66","5,522.08"
"05847","Urrao","2015","Trimestre 4","40,385,726.26","12,058.79"
"05847","Urrao","2016","Trimestre 4","21,307,393.88","5,416.60"
"05847","Urrao","2020","Trimestre 4","262,989,981.70","35,332.78"
"05854","Valdivia","2012","Trimestre 1","4,518,609.04","1,373.49"
"05854","Valdivia","2013","Trimestre 1","20,515,571.88","6,579.07"
"05854","Valdivia","2014","Trimestre 1","8,218,669.05","3,369.42"
"05854","Valdivia","2016","Trimestre 1","17,276,979.98","4,828.81"
"05854","Valdivia","2017","Trimestre 1","6,286,798.59","1,762.22"
"05854","Valdivia","2018","Trimestre 1","21,500,682.48","5,529.33"
"05854","Valdivia","2019","Trimestre 1","14,272,102.31","3,471.69"
"05854","Valdivia","2022","Trimestre 1","10,868,067.10","1,493.27"
"05854","Valdivia","2012","Trimestre 1","5,233,165.16","1,660.65"
"05854","Valdivia","2013","Trimestre 1","30,126,181.77","9,900.77"
"05854","Valdivia","2014","Trimestre 1","42,554,500.10","16,957.21"
"05854","Valdivia","2016","Trimestre 1","23,843,440.08","6,433.51"
"05854","Valdivia","2017","Trimestre 1","10,474,162.41","2,903.26"
"05854","Valdivia","2018","Trimestre 1","32,279,361.98","8,212.27"
"05854","Valdivia","2012","Trimestre 1","1,528,244.89","477.94"
"05854","Valdivia","2013","Trimestre 1","56,471,966.15","18,826.16"
"05854","Valdivia","2014","Trimestre 1","4,800,392.97","1,757.73"
"05854","Valdivia","2016","Trimestre 1","9,425,915.31","2,274.32"
"05854","Valdivia","2018","Trimestre 1","37,104,925.87","6,371.03"
"05854","Valdivia","2019","Trimestre 1","17,332,136.77","4,097.07"
"05854","Valdivia","2021","Trimestre 1","1,154,664.12","174.75"
"05854","Valdivia","2022","Trimestre 1","81,940,617.29","10,919.02"
"05854","Valdivia","2012","Trimestre 2","2,701,913.73","888.49"
"05854","Valdivia","2013","Trimestre 2","50,503,712.28","17,009.32"
"05854","Valdivia","2014","Trimestre 2","6,554,004.77","2,359.04"
"05854","Valdivia","2015","Trimestre 2","13,479,839.62","4,311.44"
"05854","Valdivia","2016","Trimestre 2","31,177,299.02","7,735.91"
"05854","Valdivia","2017","Trimestre 2","2,021,135.50","542.45"
"05854","Valdivia","2013","Trimestre 2","41,841,575.50","14,964.74"
"05854","Valdivia","2014","Trimestre 2","20,139,430.22","7,770.92"
"05854","Valdivia","2015","Trimestre 2","13,677,530.19","4,447.57"
"05854","Valdivia","2016","Trimestre 2","13,054,367.83","3,406.36"
"05854","Valdivia","2017","Trimestre 2","3,427,181.13","916.03"
"05854","Valdivia","2018","Trimestre 2","34,240,997.52","9,017.40"
"05854","Valdivia","2012","Trimestre 2","6,998,546.39","2,390.81"
"05854","Valdivia","2013","Trimestre 2","69,892,203.54","26,007.40"
"05854","Valdivia","2014","Trimestre 2","6,449,561.31","2,540.47"
"05854","Valdivia","2015","Trimestre 2","19,430,133.99","6,444.24"
"05854","Valdivia","2016","Trimestre 2","10,060,881.38","2,593.39"
"05854","Valdivia","2017","Trimestre 2","5,023,847.11","1,341.46"
"05854","Valdivia","2021","Trimestre 2","20,968,625.81","3,146.62"
"05854","Valdivia","2022","Trimestre 2","24,077,429.51","3,167.05"
"05854","Valdivia","2012","Trimestre 3","19,518,966.01","6,645.11"
"05854","Valdivia","2013","Trimestre 3","18,563,684.35","7,040.95"
"05854","Valdivia","2014","Trimestre 3","5,055,221.97","2,034.40"
"05854","Valdivia","2015","Trimestre 3","18,122,684.41","5,831.30"
"05854","Valdivia","2016","Trimestre 3","22,425,227.03","5,705.84"
"05854","Valdivia","2018","Trimestre 3","17,035,170.13","4,470.58"
"05854","Valdivia","2012","Trimestre 3","1,786,694.68","610.66"
"05854","Valdivia","2013","Trimestre 3","2,075,933.54","824.43"
"05854","Valdivia","2014","Trimestre 3","15,647,312.40","6,242.42"
"05854","Valdivia","2015","Trimestre 3","12,915,846.45","4,065.97"
"05854","Valdivia","2016","Trimestre 3","24,393,039.95","5,988.90"
"05854","Valdivia","2017","Trimestre 3","1,296,497.74","335.51"
"05854","Valdivia","2018","Trimestre 3","8,133,870.72","2,210.37"
"05854","Valdivia","2012","Trimestre 3","23,468,424.92","7,769.35"
"05854","Valdivia","2013","Trimestre 3","7,178,310.84","2,722.39"
"05854","Valdivia","2014","Trimestre 3","13,131,668.78","5,191.89"
"05854","Valdivia","2015","Trimestre 3","19,373,936.43","5,591.51"
"05854","Valdivia","2016","Trimestre 3","7,189,538.71","1,757.10"
"05854","Valdivia","2017","Trimestre 3","8,818,110.11","2,246.53"
"05854","Valdivia","2018","Trimestre 3","9,437,573.62","2,579.77"
"05854","Valdivia","2021","Trimestre 3","43,459,364.83","6,110.58"
"05854","Valdivia","2022","Trimestre 3","6,110,975.91","808.35"
"05854","Valdivia","2012","Trimestre 4","7,823,093.60","2,417.26"
"05854","Valdivia","2013","Trimestre 4","25,456,204.62","9,557.93"
"05854","Valdivia","2014","Trimestre 4","597,193.03","237.71"
"05854","Valdivia","2015","Trimestre 4","44,151,958.79","12,419.73"
"05854","Valdivia","2016","Trimestre 4","34,122,994.84","8,564.04"
"05854","Valdivia","2017","Trimestre 4","42,738,028.63","10,824.87"
"05854","Valdivia","2018","Trimestre 4","675,560.55","180.39"
"05854","Valdivia","2012","Trimestre 4","12,228,342.35","3,769.46"
"05854","Valdivia","2013","Trimestre 4","17,980,432.46","7,039.68"
"05854","Valdivia","2014","Trimestre 4","2,438,394.61","947.07"
"05854","Valdivia","2015","Trimestre 4","34,495,229.12","9,856.29"
"05854","Valdivia","2016","Trimestre 4","81,473.54","20.73"
"05854","Valdivia","2017","Trimestre 4","39,652,925.99","10,197.07"
"05854","Valdivia","2018","Trimestre 4","870,577.30","225.99"
"05854","Valdivia","2012","Trimestre 4","22,309,611.93","6,918.16"
"05854","Valdivia","2013","Trimestre 4","35,279,555.43","13,984.61"
"05854","Valdivia","2014","Trimestre 4","12,303,564.48","4,782.03"
"05854","Valdivia","2015","Trimestre 4","20,245,860.18","6,049.51"
"05854","Valdivia","2016","Trimestre 4","7,090,703.29","1,757.46"
"05854","Valdivia","2017","Trimestre 4","42,236,973.68","10,620.26"
"05854","Valdivia","2018","Trimestre 4","525,493.44","130.90"
"05854","Valdivia","2021","Trimestre 4","61,389,355.52","8,767.44"
"05856","Valparaiso - Antioquia","2016","Trimestre 1","66,478,238.24","17,937.36"
"05856","Valparaiso - Antioquia","2025","Trimestre 1","7,969,935.05","670.19"
"05856","Valparaiso - Antioquia","2016","Trimestre 1","93,453,249.28","22,548.75"
"05856","Valparaiso - Antioquia","2022","Trimestre 1","11,903,088.00","1,590.48"
"05856","Valparaiso - Antioquia","2016","Trimestre 2","95,062,971.59","23,596.90"
"05856","Valparaiso - Antioquia","2016","Trimestre 2","79,102,794.65","20,640.80"
"05856","Valparaiso - Antioquia","2016","Trimestre 2","38,458,166.36","9,913.36"
"05856","Valparaiso - Antioquia","2022","Trimestre 2","150,092,329.00","19,824.08"
"05856","Valparaiso - Antioquia","2016","Trimestre 3","104,841,111.97","26,675.61"
"05856","Valparaiso - Antioquia","2016","Trimestre 3","101,775,961.58","24,987.70"
"05856","Valparaiso - Antioquia","2022","Trimestre 3","124,201,167.90","16,302.77"
"05856","Valparaiso - Antioquia","2015","Trimestre 4","2,560,335.89","720.21"
"05856","Valparaiso - Antioquia","2015","Trimestre 4","6,126,512.61","1,750.52"
"05856","Valparaiso - Antioquia","2022","Trimestre 4","33,657,726.88","4,290.80"
"05856","Valparaiso - Antioquia","2023","Trimestre 4","772,696.54","93.01"
"05858","Vegachi","2012","Trimestre 1","8,850,484.83","2,690.22"
"05858","Vegachi","2013","Trimestre 1","40,891,661.80","13,113.41"
"05858","Vegachi","2014","Trimestre 1","228,355,317.75","93,619.17"
"05858","Vegachi","2015","Trimestre 1","1,897,469.44","737.49"
"05858","Vegachi","2016","Trimestre 1","71,634,839.32","20,021.50"
"05858","Vegachi","2017","Trimestre 1","67,399,590.00","18,892.40"
"05858","Vegachi","2018","Trimestre 1","25,184,355.10","6,476.66"
"05858","Vegachi","2019","Trimestre 1","36,413,020.20","8,857.47"
"05858","Vegachi","2022","Trimestre 1","6,417,183.64","881.72"
"05858","Vegachi","2023","Trimestre 1","1,787,197,317.90","203,320.87"
"05858","Vegachi","2024","Trimestre 1","156,693,528.30","19,130.42"
"05858","Vegachi","2025","Trimestre 1","24,920,407.13","2,096.75"
"05858","Vegachi","2012","Trimestre 1","6,340,365.70","2,012.00"
"05858","Vegachi","2013","Trimestre 1","50,179,381.08","16,483.04"
"05858","Vegachi","2014","Trimestre 1","491,814,471.49","195,979.28"
"05858","Vegachi","2015","Trimestre 1","477,538,235.80","164,849.10"
"05858","Vegachi","2016","Trimestre 1","38,136,704.83","10,290.16"
"05858","Vegachi","2017","Trimestre 1","61,707,339.00","17,104.23"
"05858","Vegachi","2018","Trimestre 1","17,112,176.82","4,353.55"
"05858","Vegachi","2019","Trimestre 1","30,936,040.77","7,358.08"
"05858","Vegachi","2023","Trimestre 1","2,877,698,531.00","316,932.92"
"05858","Vegachi","2024","Trimestre 1","2,262,270,107.00","274,322.24"
"05858","Vegachi","2025","Trimestre 1","16,624,791.21","1,528.39"
"05858","Vegachi","2012","Trimestre 1","14,823,917.83","4,636.00"
"05858","Vegachi","2013","Trimestre 1","54,109,459.66","18,038.57"
"05858","Vegachi","2014","Trimestre 1","386,071,098.87","141,365.25"
"05858","Vegachi","2015","Trimestre 1","17,050,170.25","5,695.26"
"05858","Vegachi","2016","Trimestre 1","54,572,210.22","13,286.64"
"05858","Vegachi","2017","Trimestre 1","41,180,144.64","11,273.48"
"05858","Vegachi","2018","Trimestre 1","69,930,779.78","17,847.68"
"05858","Vegachi","2019","Trimestre 1","21,577,020.55","5,100.50"
"05858","Vegachi","2020","Trimestre 1","49,680,163.73","8,567.31"
"05858","Vegachi","2021","Trimestre 1","173,952,133.20","25,716.43"
"05858","Vegachi","2022","Trimestre 1","139,196,584.93","18,356.21"
"05858","Vegachi","2023","Trimestre 1","2,276,896,523.56","248,205.22"
"05858","Vegachi","2024","Trimestre 1","2,041,692,132.05","248,824.11"
"05858","Vegachi","2025","Trimestre 1","8,421,277.18","697.43"
"05858","Vegachi","2012","Trimestre 2","6,167,183.69","2,028.00"
"05858","Vegachi","2013","Trimestre 2","26,834,955.70","9,037.84"
"05858","Vegachi","2014","Trimestre 2","633,933,349.53","228,177.15"
"05858","Vegachi","2015","Trimestre 2","26,057,195.58","8,446.82"
"05858","Vegachi","2016","Trimestre 2","46,452,665.65","11,530.66"
"05858","Vegachi","2017","Trimestre 2","45,172,795.25","12,130.34"
"05858","Vegachi","2018","Trimestre 2","46,214,042.29","11,902.64"
"05858","Vegachi","2023","Trimestre 2","2,362,823,271.00","254,809.10"
"05858","Vegachi","2024","Trimestre 2","4,046,333,467.00","479,642.76"
"05858","Vegachi","2025","Trimestre 2","1,592,848,009.00","192,113.71"
"05858","Vegachi","2012","Trimestre 2","8,408,519.92","2,790.43"
"05858","Vegachi","2013","Trimestre 2","30,095,678.68","10,763.79"
"05858","Vegachi","2014","Trimestre 2","486,273,453.46","187,631.53"
"05858","Vegachi","2015","Trimestre 2","20,724,999.26","6,739.22"
"05858","Vegachi","2016","Trimestre 2","109,070,743.47","28,419.49"
"05858","Vegachi","2017","Trimestre 2","53,373,483.48","14,291.59"
"05858","Vegachi","2018","Trimestre 2","28,955,541.44","7,625.47"
"05858","Vegachi","2023","Trimestre 2","3,503,950,144.00","375,625.46"
"05858","Vegachi","2024","Trimestre 2","2,410,373,412.00","267,933.02"
"05858","Vegachi","2012","Trimestre 2","649,890,675.48","222,012.55"
"05858","Vegachi","2013","Trimestre 2","19,747,117.99","7,348.05"
"05858","Vegachi","2014","Trimestre 2","773,717,469.10","304,481.04"
"05858","Vegachi","2015","Trimestre 2","34,858,775.89","11,361.75"
"05858","Vegachi","2016","Trimestre 2","118,310,484.14","30,500.55"
"05858","Vegachi","2017","Trimestre 2","47,203,384.73","12,605.99"
"05858","Vegachi","2018","Trimestre 2","33,028,869.33","8,630.94"
"05858","Vegachi","2019","Trimestre 2","5,254,948.45","1,227.53"
"05858","Vegachi","2020","Trimestre 2","35,147,956.13","5,289.37"
"05858","Vegachi","2021","Trimestre 2","194,284,784.29","28,977.85"
"05858","Vegachi","2022","Trimestre 2","129,875,004.85","17,070.24"
"05858","Vegachi","2023","Trimestre 2","3,800,582,835.00","408,360.78"
"05858","Vegachi","2024","Trimestre 2","297,783.00","34.35"
"05858","Vegachi","2025","Trimestre 2","1,861,235.53","138.90"
"05858","Vegachi","2012","Trimestre 3","934,606,757.92","318,189.92"
"05858","Vegachi","2013","Trimestre 3","155,283,277.15","58,896.81"
"05858","Vegachi","2014","Trimestre 3","551,305,998.49","221,865.02"
"05858","Vegachi","2015","Trimestre 3","14,441,398.57","4,646.78"
"05858","Vegachi","2016","Trimestre 3","43,378,262.09","11,041.21"
"05858","Vegachi","2017","Trimestre 3","3,592,252.71","993.74"
"05858","Vegachi","2018","Trimestre 3","33,685,212.45","8,840.09"
"05858","Vegachi","2023","Trimestre 3","3,774,832,857.00","429,796.33"
"05858","Vegachi","2024","Trimestre 3","2,162,449,275.00","232,454.83"
"05858","Vegachi","2025","Trimestre 3","995,249.32","70.57"
"05858","Vegachi","2012","Trimestre 3","569,174,981.06","194,533.74"
"05858","Vegachi","2013","Trimestre 3","72,954,876.03","28,973.08"
"05858","Vegachi","2014","Trimestre 3","413,919,291.64","165,131.11"
"05858","Vegachi","2015","Trimestre 3","19,979,702.70","6,289.71"
"05858","Vegachi","2016","Trimestre 3","80,526,669.66","19,770.64"
"05858","Vegachi","2017","Trimestre 3","10,298,213.18","2,664.99"
"05858","Vegachi","2018","Trimestre 3","20,531,089.76","5,579.30"
"05858","Vegachi","2023","Trimestre 3","3,251,774,201.00","390,631.02"
"05858","Vegachi","2024","Trimestre 3","286,903,340.57","29,579.76"
"05858","Vegachi","2025","Trimestre 3","34,792,051.35","2,477.70"
"05858","Vegachi","2012","Trimestre 3","350,364,054.14","115,989.93"
"05858","Vegachi","2013","Trimestre 3","62,580,629.83","23,733.84"
"05858","Vegachi","2014","Trimestre 3","446,858,657.49","176,675.26"
"05858","Vegachi","2015","Trimestre 3","16,396,219.44","4,794.83"
"05858","Vegachi","2016","Trimestre 3","63,886,205.58","15,613.61"
"05858","Vegachi","2017","Trimestre 3","51,720,365.15","13,182.34"
"05858","Vegachi","2018","Trimestre 3","21,168,682.10","5,786.48"
"05858","Vegachi","2019","Trimestre 3","77,230,254.33","16,516.17"
"05858","Vegachi","2020","Trimestre 3","57,642,169.43","7,605.88"
"05858","Vegachi","2021","Trimestre 3","229,758,420.06","34,383.01"
"05858","Vegachi","2022","Trimestre 3","1,942,589,637.49","252,056.26"
"05858","Vegachi","2023","Trimestre 3","3,731,853,428.14","458,673.13"
"05858","Vegachi","2024","Trimestre 3","143,681,063.16","14,270.21"
"05858","Vegachi","2025","Trimestre 3","20,348,121.17","1,453.16"
"05858","Vegachi","2012","Trimestre 4","313,251,592.47","96,791.70"
"05858","Vegachi","2013","Trimestre 4","32,073,854.22","12,042.63"
"05858","Vegachi","2014","Trimestre 4","769,346,014.93","306,234.72"
"05858","Vegachi","2015","Trimestre 4","20,141,984.39","5,695.75"
"05858","Vegachi","2016","Trimestre 4","50,601,456.46","12,695.88"
"05858","Vegachi","2017","Trimestre 4","44,838,273.61","11,360.84"
"05858","Vegachi","2018","Trimestre 4","28,554,448.77","7,624.69"
"05858","Vegachi","2023","Trimestre 4","4,065,016,681.00","508,176.81"
"05858","Vegachi","2024","Trimestre 4","93,078,997.78","9,944.55"
"05858","Vegachi","2025","Trimestre 4","4,143,266.09","291.71"
"05858","Vegachi","2012","Trimestre 4","298,016,353.01","91,865.33"
"05858","Vegachi","2013","Trimestre 4","55,085,150.07","21,566.88"
"05858","Vegachi","2014","Trimestre 4","453,027,441.63","175,955.40"
"05858","Vegachi","2015","Trimestre 4","142,027,933.42","40,535.47"
"05858","Vegachi","2016","Trimestre 4","76,361,518.19","19,986.15"
"05858","Vegachi","2017","Trimestre 4","48,914,855.75","12,578.85"
"05858","Vegachi","2018","Trimestre 4","23,572,308.62","6,119.05"
"05858","Vegachi","2024","Trimestre 4","28,153,272.13","2,457.48"
"05858","Vegachi","2012","Trimestre 4","38,094,127.72","11,816.55"
"05858","Vegachi","2013","Trimestre 4","132,792,143.85","52,638.02"
"05858","Vegachi","2014","Trimestre 4","539,852,703.48","209,824.42"
"05858","Vegachi","2015","Trimestre 4","410,801,765.83","122,641.60"
"05858","Vegachi","2016","Trimestre 4","66,848,157.05","16,948.64"
"05858","Vegachi","2017","Trimestre 4","46,939,480.25","11,802.68"
"05858","Vegachi","2018","Trimestre 4","14,732,202.63","3,669.78"
"05858","Vegachi","2019","Trimestre 4","71,996,370.79","13,948.42"
"05858","Vegachi","2020","Trimestre 4","262,700,261.81","35,444.23"
"05858","Vegachi","2021","Trimestre 4","209,692,893.98","29,283.44"
"05858","Vegachi","2022","Trimestre 4","7,158,904,750.28","888,585.37"
"05858","Vegachi","2023","Trimestre 4","6,139,158,920.17","749,324.68"
"05858","Vegachi","2024","Trimestre 4","128,313,840.85","10,825.38"
"05861","Venecia - Antioquia","2019","Trimestre 1","4,652,742.60","1,131.78"
"05861","Venecia - Antioquia","2019","Trimestre 1","480,600.76","114.31"
"05861","Venecia - Antioquia","2017","Trimestre 2","2,075,848.86","554.29"
"05861","Venecia - Antioquia","2017","Trimestre 3","1,243,596.21","323.88"
"05861","Venecia - Antioquia","2017","Trimestre 3","3,724,875.74","963.93"
"05861","Venecia - Antioquia","2017","Trimestre 3","1,301,012.05","331.45"
"05861","Venecia - Antioquia","2017","Trimestre 4","798,115.13","202.15"
"05861","Venecia - Antioquia","2023","Trimestre 4","781,763.40","98.90"
"05861","Venecia - Antioquia","2017","Trimestre 4","497,787.21","128.01"
"05861","Venecia - Antioquia","2017","Trimestre 4","1,720,736.72","432.67"
"05873","Vigia del Fuerte","2019","Trimestre 1","2,807,716.68","699.40"
"05873","Vigia del Fuerte","2018","Trimestre 2","175,853.34","45.90"
"05873","Vigia del Fuerte","2019","Trimestre 2","132,980.97","31.79"
"05873","Vigia del Fuerte","2021","Trimestre 2","9,646,749.40","1,986.35"
"05873","Vigia del Fuerte","2018","Trimestre 3","121,314.13","32.97"
"05873","Vigia del Fuerte","2018","Trimestre 3","119,735.90","32.73"
"05873","Vigia del Fuerte","2019","Trimestre 3","3,624,414.63","734.03"
"05873","Vigia del Fuerte","2019","Trimestre 4","931,387.73","176.27"
"05885","Yali","2026","Trimestre 1","43,327,908.07","2,452.14"
"05885","Yali","2026","Trimestre 2","8,197,597.04","466.79"
"05885","Yali","2012","Trimestre 1","6,735,227.45","2,047.26"
"05885","Yali","2014","Trimestre 1","2,054,459.93","842.27"
"05885","Yali","2016","Trimestre 1","5,301,046.49","1,481.61"
"05885","Yali","2017","Trimestre 1","9,685,050.18","2,713.19"
"05885","Yali","2018","Trimestre 1","2,275,265.60","585.13"
"05885","Yali","2019","Trimestre 1","15,396,407.23","3,757.45"
"05885","Yali","2023","Trimestre 1","31,660,985.97","2,928.35"
"05885","Yali","2025","Trimestre 1","696,245,530.04","58,372.36"
"05885","Yali","2026","Trimestre 1","16,142,810.37","961.26"
"05885","Yali","2012","Trimestre 1","15,387,015.03","4,882.79"
"05885","Yali","2013","Trimestre 1","1,476,478.88","485.24"
"05885","Yali","2016","Trimestre 1","5,406,543.59","1,458.81"
"05885","Yali","2017","Trimestre 1","4,574,648.89","1,268.02"
"05885","Yali","2019","Trimestre 1","23,920,686.96","5,709.47"
"05885","Yali","2023","Trimestre 1","34,995,499.74","3,546.23"
"05885","Yali","2025","Trimestre 1","1,143,029,233.83","96,183.11"
"05885","Yali","2012","Trimestre 1","2,820,861.10","882.19"
"05885","Yali","2014","Trimestre 1","2,448,986.13","896.73"
"05885","Yali","2016","Trimestre 1","2,922,529.54","705.16"
"05885","Yali","2017","Trimestre 1","2,148,278.43","587.28"
"05885","Yali","2018","Trimestre 1","10,953,210.55","2,795.47"
"05885","Yali","2019","Trimestre 1","19,893,422.41","4,708.39"
"05885","Yali","2020","Trimestre 1","19,794,550.73","3,707.00"
"05885","Yali","2021","Trimestre 1","13,982,724.51","2,093.31"
"05885","Yali","2022","Trimestre 1","14,197,908.84","1,861.39"
"05885","Yali","2023","Trimestre 1","21,216,169.15","1,780.98"
"05885","Yali","2025","Trimestre 1","770,521,722.51","63,924.52"
"05885","Yali","2026","Trimestre 1","21,955,204.03","1,157.65"
"05885","Yali","2012","Trimestre 2","4,471,664.33","1,470.45"
"05885","Yali","2014","Trimestre 2","3,300,895.34","1,188.12"
"05885","Yali","2015","Trimestre 2","2,076,427.81","676.66"
"05885","Yali","2016","Trimestre 2","4,164,385.73","1,033.70"
"05885","Yali","2017","Trimestre 2","101,523.11","27.25"
"05885","Yali","2018","Trimestre 2","3,931,981.53","1,012.70"
"05885","Yali","2023","Trimestre 2","12,570,634.39","1,025.46"
"05885","Yali","2025","Trimestre 2","1,136,922,070.92","91,525.87"
"05885","Yali","2026","Trimestre 2","24,179,395.85","1,299.23"
"05885","Yali","2012","Trimestre 2","2,106,808.19","699.16"
"05885","Yali","2014","Trimestre 2","4,146,546.89","1,599.97"
"05885","Yali","2015","Trimestre 2","1,774,529.74","577.03"
"05885","Yali","2016","Trimestre 2","6,665,378.50","1,739.24"
"05885","Yali","2017","Trimestre 2","2,192,827.76","586.26"
"05885","Yali","2018","Trimestre 2","3,713,105.71","977.85"
"05885","Yali","2023","Trimestre 2","19,519,117.31","1,419.08"
"05885","Yali","2012","Trimestre 2","7,283,962.82","2,488.31"
"05885","Yali","2013","Trimestre 2","160,706.33","59.80"
"05885","Yali","2014","Trimestre 2","6,955,428.17","2,739.73"
"05885","Yali","2015","Trimestre 2","3,603,219.01","1,199.69"
"05885","Yali","2016","Trimestre 2","6,386,236.79","1,646.18"
"05885","Yali","2017","Trimestre 2","1,733,106.06","462.77"
"05885","Yali","2018","Trimestre 2","3,383,399.05","883.09"
"05885","Yali","2019","Trimestre 2","9,956,271.95","2,354.09"
"05885","Yali","2020","Trimestre 2","16,708,704.32","2,528.23"
"05885","Yali","2021","Trimestre 2","47,972,864.53","7,170.18"
"05885","Yali","2022","Trimestre 2","10,937,718.04","1,431.20"
"05885","Yali","2023","Trimestre 2","35,974,699.99","2,578.64"
"05885","Yali","2025","Trimestre 2","1,068,021,259.99","78,335.13"
"05885","Yali","2026","Trimestre 2","5,583,174.13","317.92"
"05885","Yali","2012","Trimestre 3","4,074,770.05","1,387.23"
"05885","Yali","2014","Trimestre 3","4,116,909.76","1,656.79"
"05885","Yali","2015","Trimestre 3","1,370,832.38","441.09"
"05885","Yali","2016","Trimestre 3","3,442,718.66","875.96"
"05885","Yali","2017","Trimestre 3","592,598.32","156.05"
"05885","Yali","2018","Trimestre 3","6,693,686.56","1,756.64"
"05885","Yali","2023","Trimestre 3","10,864,710.29","879.19"
"05885","Yali","2024","Trimestre 3","67,624,048.60","7,228.56"
"05885","Yali","2025","Trimestre 3","417,471,130.24","29,490.60"
"05885","Yali","2026","Trimestre 3","524,921.75","29.89"
"05885","Yali","2012","Trimestre 3","1,518,629.03","519.04"
"05885","Yali","2013","Trimestre 3","913,518.53","362.79"
"05885","Yali","2014","Trimestre 3","5,816,738.90","2,320.56"
"05885","Yali","2015","Trimestre 3","1,931,482.84","608.04"
"05885","Yali","2016","Trimestre 3","6,919,651.00","1,698.89"
"05885","Yali","2017","Trimestre 3","2,601,033.14","673.10"
"05885","Yali","2018","Trimestre 3","5,888,415.02","1,600.17"
"05885","Yali","2023","Trimestre 3","556,229.30","59.72"
"05885","Yali","2024","Trimestre 3","1,691,401,856.83","172,736.55"
"05885","Yali","2025","Trimestre 3","146,917,878.40","10,438.79"
"05885","Yali","2012","Trimestre 3","1,169,199.90","387.07"
"05885","Yali","2013","Trimestre 3","92,524.19","35.09"
"05885","Yali","2014","Trimestre 3","6,490,803.72","2,566.28"
"05885","Yali","2015","Trimestre 3","2,801,265.10","808.47"
"05885","Yali","2016","Trimestre 3","3,634,207.02","888.19"
"05885","Yali","2017","Trimestre 3","6,731,819.83","1,715.02"
"05885","Yali","2018","Trimestre 3","10,685,822.30","2,920.98"
"05885","Yali","2019","Trimestre 3","36,839,861.08","7,825.21"
"05885","Yali","2020","Trimestre 3","44,400,043.00","6,695.00"
"05885","Yali","2021","Trimestre 3","42,144,314.50","7,775.27"
"05885","Yali","2022","Trimestre 3","31,677,540.84","3,207.18"
"05885","Yali","2023","Trimestre 3","7,614,481.72","631.82"
"05885","Yali","2024","Trimestre 3","2,804,966,056.11","277,257.03"
"05885","Yali","2025","Trimestre 3","101,175,771.62","7,240.85"
"05885","Yali","2012","Trimestre 4","2,207,965.79","682.24"
"05885","Yali","2013","Trimestre 4","82,244.54","30.88"
"05885","Yali","2014","Trimestre 4","5,407,396.88","2,152.39"
"05885","Yali","2015","Trimestre 4","17,813,349.98","5,010.81"
"05885","Yali","2016","Trimestre 4","14,885,764.60","3,735.97"
"05885","Yali","2017","Trimestre 4","6,170,616.34","1,562.92"
"05885","Yali","2018","Trimestre 4","9,254,456.75","2,471.15"
"05885","Yali","2024","Trimestre 4","2,732,604,918.33","253,387.25"
"05885","Yali","2025","Trimestre 4","9,413,739.14","656.70"
"05885","Yali","2012","Trimestre 4","634,277.99","195.52"
"05885","Yali","2013","Trimestre 4","1,927,595.09","754.69"
"05885","Yali","2015","Trimestre 4","14,094,102.49","4,022.47"
"05885","Yali","2016","Trimestre 4","4,992,365.75","1,306.66"
"05885","Yali","2017","Trimestre 4","7,246,165.69","1,863.41"
"05885","Yali","2018","Trimestre 4","26,380,782.08","6,848.09"
"05885","Yali","2024","Trimestre 4","2,300,991,363.34","202,989.50"
"05885","Yali","2025","Trimestre 4","2,015,573.09","136.21"
"05885","Yali","2014","Trimestre 4","4,031,874.91","1,567.07"
"05885","Yali","2015","Trimestre 4","14,104,378.13","4,214.42"
"05885","Yali","2016","Trimestre 4","1,297,752.70","328.74"
"05885","Yali","2017","Trimestre 4","8,811,403.31","2,215.58"
"05885","Yali","2018","Trimestre 4","45,973,652.00","11,512.21"
"05885","Yali","2019","Trimestre 4","38,298,732.01","7,277.73"
"05885","Yali","2020","Trimestre 4","59,424,010.22","8,224.02"
"05885","Yali","2021","Trimestre 4","33,076,925.16","4,721.45"
"05885","Yali","2022","Trimestre 4","204,166,182.72","19,755.51"
"05885","Yali","2024","Trimestre 4","1,835,174,644.87","155,869.08"
"05885","Yali","2025","Trimestre 4","2,518,768.36","163.25"
"05887","Yarumal","2017","Trimestre 1","677,967.06","190.04"
"05887","Yarumal","2018","Trimestre 1","8,925,964.20","2,295.49"
"05887","Yarumal","2019","Trimestre 1","23,530,557.73","5,723.81"
"05887","Yarumal","2017","Trimestre 1","403,978.40","111.98"
"05887","Yarumal","2018","Trimestre 1","5,199,943.05","1,322.93"
"05887","Yarumal","2019","Trimestre 1","14,787,165.81","3,517.10"
"05887","Yarumal","2018","Trimestre 1","15,177,304.43","3,873.54"
"05887","Yarumal","2019","Trimestre 1","4,658,022.07","1,101.09"
"05887","Yarumal","2016","Trimestre 2","372,134.68","92.37"
"05887","Yarumal","2017","Trimestre 2","104,326.29","28.00"
"05887","Yarumal","2018","Trimestre 2","6,567,150.74","1,691.40"
"05887","Yarumal","2025","Trimestre 2","1,243,212.85","101.02"
"05887","Yarumal","2018","Trimestre 2","2,878,212.27","757.98"
"05887","Yarumal","2025","Trimestre 2","2,593,419.40","193.48"
"05887","Yarumal","2018","Trimestre 3","2,886,010.39","784.27"
"05887","Yarumal","2019","Trimestre 3","5,879,301.97","1,405.52"
"05887","Yarumal","2016","Trimestre 4","952,241.46","238.99"
"05887","Yarumal","2017","Trimestre 4","2,272,703.40","575.64"
"05887","Yarumal","2018","Trimestre 4","4,394,757.50","1,173.50"
"05887","Yarumal","2017","Trimestre 4","10,377,352.65","2,668.62"
"05887","Yarumal","2018","Trimestre 4","7,754,374.81","2,012.93"
"05887","Yarumal","2017","Trimestre 4","13,690,887.22","3,442.50"
"05887","Yarumal","2018","Trimestre 4","4,923,058.62","1,226.33"
"05890","Yolombo","2026","Trimestre 1","1,190,277.03","- 0"
"05890","Yolombo","2026","Trimestre 3","5,852,630.25","318.24"
"05890","Yolombo","2026","Trimestre 2","5,095,095.65","223.08"
"05890","Yolombo","2013","Trimestre 1","8,138,785.97","2,610.00"
"05890","Yolombo","2014","Trimestre 1","1,360,648.27","557.83"
"05890","Yolombo","2019","Trimestre 1","6,953,886.80","1,694.97"
"05890","Yolombo","2022","Trimestre 1","719,796.22","98.90"
"05890","Yolombo","2023","Trimestre 1","65,555,362.69","7,431.50"
"05890","Yolombo","2025","Trimestre 1","343,812.99","28.82"
"05890","Yolombo","2026","Trimestre 1","12,197,182.48","525.61"
"05890","Yolombo","2012","Trimestre 1","2,940,139.76","933.00"
"05890","Yolombo","2014","Trimestre 1","5,543,084.15","2,208.82"
"05890","Yolombo","2019","Trimestre 1","8,637,319.59","2,063.43"
"05890","Yolombo","2023","Trimestre 1","87,263,551.48","9,646.33"
"05890","Yolombo","2024","Trimestre 1","666,535.09","81.25"
"05890","Yolombo","2025","Trimestre 1","8,978,830.66","748.55"
"05890","Yolombo","2012","Trimestre 1","4,793,152.03","1,499.00"
"05890","Yolombo","2014","Trimestre 1","7,703,165.12","2,820.62"
"05890","Yolombo","2018","Trimestre 1","252,880.63","64.54"
"05890","Yolombo","2019","Trimestre 1","10,251,821.02","2,427.01"
"05890","Yolombo","2020","Trimestre 1","28,804,402.59","5,442.15"
"05890","Yolombo","2021","Trimestre 1","32,558,677.70","4,895.23"
"05890","Yolombo","2022","Trimestre 1","27,419,226.37","3,665.65"
"05890","Yolombo","2023","Trimestre 1","53,673,451.76","5,851.28"
"05890","Yolombo","2024","Trimestre 1","655,173.07","80.05"
"05890","Yolombo","2025","Trimestre 1","5,261,912.74","468.90"
"05890","Yolombo","2026","Trimestre 1","16,455,068.05","706.41"
"05890","Yolombo","2012","Trimestre 2","4,689,249.14","1,542.00"
"05890","Yolombo","2013","Trimestre 2","11,939,807.03","4,021.25"
"05890","Yolombo","2014","Trimestre 2","1,273,966.90","458.55"
"05890","Yolombo","2015","Trimestre 2","3,122,367.62","1,002.37"
"05890","Yolombo","2018","Trimestre 2","190,367.39","49.03"
"05890","Yolombo","2023","Trimestre 2","45,379,498.04","4,927.94"
"05890","Yolombo","2024","Trimestre 2","780,564.12","90.04"
"05890","Yolombo","2025","Trimestre 2","1,873,286.36","147.60"
"05890","Yolombo","2026","Trimestre 2","9,100,623.26","431.30"
"05890","Yolombo","2012","Trimestre 2","17,312,614.06","5,745.32"
"05890","Yolombo","2013","Trimestre 2","22,908,667.13","8,193.34"
"05890","Yolombo","2014","Trimestre 2","146,013.02","56.34"
"05890","Yolombo","2015","Trimestre 2","1,075,026.19","349.57"
"05890","Yolombo","2023","Trimestre 2","72,215,803.68","7,762.24"
"05890","Yolombo","2026","Trimestre 2","1,004,009.51","- 0"
"05890","Yolombo","2012","Trimestre 2","8,044,137.96","2,748.00"
"05890","Yolombo","2013","Trimestre 2","12,086,620.86","4,497.52"
"05890","Yolombo","2014","Trimestre 2","2,872,291.02","1,131.39"
"05890","Yolombo","2015","Trimestre 2","28,500,356.80","9,325.78"
"05890","Yolombo","2019","Trimestre 2","11,974,178.18","2,795.83"
"05890","Yolombo","2020","Trimestre 2","1,869,137.27","293.86"
"05890","Yolombo","2021","Trimestre 2","50,851,204.19","7,636.20"
"05890","Yolombo","2022","Trimestre 2","63,714,162.90","8,408.49"
"05890","Yolombo","2023","Trimestre 2","14,792,613.96","1,588.62"
"05890","Yolombo","2025","Trimestre 2","10,983,326.43","544.59"
"05890","Yolombo","2026","Trimestre 2","12,304,446.05","577.57"
"05890","Yolombo","2012","Trimestre 3","752,136.00","256.06"
"05890","Yolombo","2013","Trimestre 3","1,263,069.82","479.07"
"05890","Yolombo","2015","Trimestre 3","5,022,220.91","1,615.99"
"05890","Yolombo","2018","Trimestre 3","480,847.70","126.19"
"05890","Yolombo","2023","Trimestre 3","2,738,866.40","294.02"
"05890","Yolombo","2025","Trimestre 3","6,257,593.83","249.47"
"05890","Yolombo","2026","Trimestre 3","20,241,330.09","1,046.56"
"05890","Yolombo","2012","Trimestre 3","1,457,069.32","498.00"
"05890","Yolombo","2013","Trimestre 3","367,178.08","145.82"
"05890","Yolombo","2015","Trimestre 3","12,543,298.09","3,948.69"
"05890","Yolombo","2018","Trimestre 3","260,277.09","70.73"
"05890","Yolombo","2023","Trimestre 3","3,365,804.67","364.32"
"05890","Yolombo","2024","Trimestre 3","2,471,663.69","248.15"
"05890","Yolombo","2025","Trimestre 3","1,239,031.00","- 0"
"05890","Yolombo","2012","Trimestre 3","16,894,571.53","5,593.04"
"05890","Yolombo","2013","Trimestre 3","716,241.11","271.64"
"05890","Yolombo","2015","Trimestre 3","8,683,238.84","2,506.07"
"05890","Yolombo","2018","Trimestre 3","3,125,907.94","854.47"
"05890","Yolombo","2019","Trimestre 3","34,135,916.74","7,074.83"
"05890","Yolombo","2020","Trimestre 3","124,982,388.73","18,044.53"
"05890","Yolombo","2021","Trimestre 3","26,658,522.33","6,170.10"
"05890","Yolombo","2022","Trimestre 3","833,217,882.40","109,579.14"
"05890","Yolombo","2023","Trimestre 3","1,013,680.01","117.00"
"05890","Yolombo","2024","Trimestre 3","5,347,598.73","17.31"
"05890","Yolombo","2025","Trimestre 3","3,796,072.27","240.78"
"05890","Yolombo","2012","Trimestre 4","6,472,047.93","1,999.80"
"05890","Yolombo","2013","Trimestre 4","639,232.94","240.01"
"05890","Yolombo","2014","Trimestre 4","198,092.93","78.85"
"05890","Yolombo","2018","Trimestre 4","5,407,854.90","1,444.02"
"05890","Yolombo","2023","Trimestre 4","2,344,974.01","296.66"
"05890","Yolombo","2024","Trimestre 4","1,204,390.14","112.96"
"05890","Yolombo","2025","Trimestre 4","13,532,568.57","820.49"
"05890","Yolombo","2012","Trimestre 4","13,349,293.73","4,115.00"
"05890","Yolombo","2013","Trimestre 4","645,409.38","252.69"
"05890","Yolombo","2018","Trimestre 4","7,897,824.02","2,050.17"
"05890","Yolombo","2024","Trimestre 4","14,349,338.61","1,218.53"
"05890","Yolombo","2025","Trimestre 4","6,062,805.27","242.72"
"05890","Yolombo","2012","Trimestre 4","3,320,508.23","1,030.00"
"05890","Yolombo","2013","Trimestre 4","1,172,192.07","464.65"
"05890","Yolombo","2018","Trimestre 4","48,245,175.11","12,227.66"
"05890","Yolombo","2019","Trimestre 4","50,989,470.54","9,764.13"
"05890","Yolombo","2020","Trimestre 4","68,846,933.46","9,445.15"
"05890","Yolombo","2021","Trimestre 4","31,639,487.23","4,634.20"
"05890","Yolombo","2022","Trimestre 4","107,979,878.69","13,859.84"
"05890","Yolombo","2023","Trimestre 4","2,241,079.62","270.05"
"05890","Yolombo","2024","Trimestre 4","34,315,737.37","2,867.42"
"05890","Yolombo","2025","Trimestre 4","26,571,465.01","1,603.48"
"05893","Yondo","2013","Trimestre 3","2,603,963.67","1,034.13"
"05895","Zaragoza","2026","Trimestre 1","737,219,544.33","33,676.52"
"05895","Zaragoza","2026","Trimestre 3","434,095,142.65","19,143.48"
"05895","Zaragoza","2026","Trimestre 2","137,865,397.70","8,465.86"
"05895","Zaragoza","2012","Trimestre 1","467,658,458.35","148,472.00"
"05895","Zaragoza","2013","Trimestre 1","242,464,252.11","102,230.49"
"05895","Zaragoza","2014","Trimestre 1","262,915,738.57","122,547.93"
"05895","Zaragoza","2015","Trimestre 1","390,831,832.94","159,648.11"
"05895","Zaragoza","2016","Trimestre 1","774,849,973.04","244,575.50"
"05895","Zaragoza","2017","Trimestre 1","596,761,368.59","176,596.06"
"05895","Zaragoza","2018","Trimestre 1","447,572,067.90","136,259.55"
"05895","Zaragoza","2019","Trimestre 1","560,819,470.20","147,140.04"
"05895","Zaragoza","2022","Trimestre 1","151,398,603.07","23,581.53"
"05895","Zaragoza","2023","Trimestre 1","779,918,306.80","89,962.82"
"05895","Zaragoza","2024","Trimestre 1","6,726,012.97","1,624.16"
"05895","Zaragoza","2025","Trimestre 1","851,819,083.91","65,445.37"
"05895","Zaragoza","2026","Trimestre 1","1,088,744,871.89","55,133.84"
"05895","Zaragoza","2012","Trimestre 1","659,116,223.98","214,798.19"
"05895","Zaragoza","2013","Trimestre 1","272,496,070.83","120,598.09"
"05895","Zaragoza","2014","Trimestre 1","301,244,359.46","131,102.87"
"05895","Zaragoza","2015","Trimestre 1","1,037,235,686.88","366,936.41"
"05895","Zaragoza","2016","Trimestre 1","1,221,691,922.47","349,600.89"
"05895","Zaragoza","2017","Trimestre 1","557,502,586.82","160,626.49"
"05895","Zaragoza","2018","Trimestre 1","510,116,835.20","186,931.20"
"05895","Zaragoza","2019","Trimestre 1","513,117,554.20","146,096.58"
"05895","Zaragoza","2023","Trimestre 1","553,779,158.00","61,372.98"
"05895","Zaragoza","2024","Trimestre 1","709,664,912.20","86,344.79"
"05895","Zaragoza","2025","Trimestre 1","1,187,237,839.43","89,179.63"
"05895","Zaragoza","2012","Trimestre 1","416,715,930.41","161,629.90"
"05895","Zaragoza","2013","Trimestre 1","158,616,261.70","88,919.41"
"05895","Zaragoza","2014","Trimestre 1","334,168,335.26","140,216.27"
"05895","Zaragoza","2015","Trimestre 1","84,438,872.98","53,631.89"
"05895","Zaragoza","2016","Trimestre 1","1,157,676,613.06","298,031.16"
"05895","Zaragoza","2017","Trimestre 1","322,790,603.51","92,923.40"
"05895","Zaragoza","2018","Trimestre 1","568,631,866.81","168,380.64"
"05895","Zaragoza","2019","Trimestre 1","524,105,476.50","129,145.22"
"05895","Zaragoza","2020","Trimestre 1","1,739,159,304.43","372,935.86"
"05895","Zaragoza","2021","Trimestre 1","294,718,771.90","48,859.60"
"05895","Zaragoza","2022","Trimestre 1","916,952,079.83","130,569.56"
"05895","Zaragoza","2023","Trimestre 1","569,025,648.75","62,299.21"
"05895","Zaragoza","2024","Trimestre 1","555,361,041.10","67,392.25"
"05895","Zaragoza","2025","Trimestre 1","1,429,535,446.01","126,237.67"
"05895","Zaragoza","2026","Trimestre 1","1,423,807,711.34","76,703.42"
"05895","Zaragoza","2012","Trimestre 2","341,424,144.03","160,431.50"
"05895","Zaragoza","2013","Trimestre 2","151,674,570.25","90,623.99"
"05895","Zaragoza","2014","Trimestre 2","227,361,748.54","98,150.68"
"05895","Zaragoza","2015","Trimestre 2","1,115,697,439.26","388,641.22"
"05895","Zaragoza","2016","Trimestre 2","1,116,608,926.63","294,224.36"
"05895","Zaragoza","2017","Trimestre 2","538,381,928.35","149,227.65"
"05895","Zaragoza","2018","Trimestre 2","486,146,197.40","133,523.23"
"05895","Zaragoza","2023","Trimestre 2","701,665,162.10","75,769.24"
"05895","Zaragoza","2024","Trimestre 2","662,766,540.60","78,622.30"
"05895","Zaragoza","2025","Trimestre 2","1,043,180,076.61","74,790.68"
"05895","Zaragoza","2026","Trimestre 2","1,141,589,208.45","119,713.17"
"05895","Zaragoza","2012","Trimestre 2","479,865,562.49","208,845.91"
"05895","Zaragoza","2013","Trimestre 2","104,944,932.61","50,243.04"
"05895","Zaragoza","2014","Trimestre 2","358,274,254.51","145,523.28"
"05895","Zaragoza","2015","Trimestre 2","672,870,489.91","249,218.60"
"05895","Zaragoza","2016","Trimestre 2","853,171,251.26","235,981.02"
"05895","Zaragoza","2017","Trimestre 2","479,367,981.37","133,086.03"
"05895","Zaragoza","2018","Trimestre 2","538,972,703.58","173,552.12"
"05895","Zaragoza","2023","Trimestre 2","1,035,617,731.00","111,851.42"
"05895","Zaragoza","2024","Trimestre 2","734,312,561.10","83,090.71"
"05895","Zaragoza","2026","Trimestre 2","767,587,226.41","40,073.95"
"05895","Zaragoza","2012","Trimestre 2","621,075,416.94","248,622.28"
"05895","Zaragoza","2013","Trimestre 2","138,538,363.30","51,551.14"
"05895","Zaragoza","2014","Trimestre 2","349,668,633.13","148,369.76"
"05895","Zaragoza","2015","Trimestre 2","1,346,200,709.16","477,561.09"
"05895","Zaragoza","2016","Trimestre 2","860,316,737.28","233,665.03"
"05895","Zaragoza","2017","Trimestre 2","1,328,135,830.14","364,044.64"
"05895","Zaragoza","2018","Trimestre 2","440,418,633.60","139,170.89"
"05895","Zaragoza","2019","Trimestre 2","832,173,747.80","224,529.28"
"05895","Zaragoza","2020","Trimestre 2","1,597,594,680.67","284,527.86"
"05895","Zaragoza","2021","Trimestre 2","1,984,259,388.60","308,721.62"
"05895","Zaragoza","2022","Trimestre 2","1,912,792,911.33","253,158.42"
"05895","Zaragoza","2023","Trimestre 2","726,958,380.20","89,413.19"
"05895","Zaragoza","2025","Trimestre 2","1,368,683,362.94","97,205.36"
"05895","Zaragoza","2026","Trimestre 2","405,759,882.31","29,398.88"
"05895","Zaragoza","2012","Trimestre 3","619,006,514.44","249,666.51"
"05895","Zaragoza","2013","Trimestre 3","211,545,827.82","80,236.42"
"05895","Zaragoza","2014","Trimestre 3","238,769,753.11","108,801.22"
"05895","Zaragoza","2015","Trimestre 3","1,016,650,534.18","356,738.06"
"05895","Zaragoza","2016","Trimestre 3","1,108,554,138.91","293,226.04"
"05895","Zaragoza","2017","Trimestre 3","345,997,338.49","97,552.44"
"05895","Zaragoza","2018","Trimestre 3","428,358,329.70","137,295.75"
"05895","Zaragoza","2023","Trimestre 3","678,701,365.20","78,339.10"
"05895","Zaragoza","2024","Trimestre 3","497,542,643.70","54,385.91"
"05895","Zaragoza","2025","Trimestre 3","1,308,322,936.57","83,057.23"
"05895","Zaragoza","2026","Trimestre 3","849,818,319.71","43,948.69"
"05895","Zaragoza","2012","Trimestre 3","375,821,237.39","160,494.02"
"05895","Zaragoza","2013","Trimestre 3","71,877,741.94","49,682.50"
"05895","Zaragoza","2014","Trimestre 3","107,808,728.28","109,787.36"
"05895","Zaragoza","2015","Trimestre 3","777,462,455.88","278,145.95"
"05895","Zaragoza","2016","Trimestre 3","942,603,306.29","241,338.62"
"05895","Zaragoza","2017","Trimestre 3","438,683,969.09","120,247.63"
"05895","Zaragoza","2018","Trimestre 3","435,912,594.10","125,794.07"
"05895","Zaragoza","2023","Trimestre 3","982,480,853.80","121,909.95"
"05895","Zaragoza","2024","Trimestre 3","706,705,953.57","78,628.32"
"05895","Zaragoza","2025","Trimestre 3","983,218,563.40","61,869.54"
"05895","Zaragoza","2012","Trimestre 3","407,083,272.37","156,954.21"
"05895","Zaragoza","2013","Trimestre 3","202,220,741.85","112,622.42"
"05895","Zaragoza","2014","Trimestre 3","210,115,796.97","102,647.23"
"05895","Zaragoza","2015","Trimestre 3","765,847,078.54","255,437.53"
"05895","Zaragoza","2016","Trimestre 3","1,026,886,071.11","261,483.98"
"05895","Zaragoza","2017","Trimestre 3","486,631,005.22","128,966.14"
"05895","Zaragoza","2018","Trimestre 3","405,673,351.80","135,653.49"
"05895","Zaragoza","2019","Trimestre 3","1,399,916,462.90","328,815.04"
"05895","Zaragoza","2020","Trimestre 3","2,581,275,116.63","410,230.66"
"05895","Zaragoza","2021","Trimestre 3","327,776,240.32","63,788.61"
"05895","Zaragoza","2022","Trimestre 3","1,416,854,934.82","185,226.11"
"05895","Zaragoza","2023","Trimestre 3","759,441,120.11","95,678.83"
"05895","Zaragoza","2024","Trimestre 3","577,987,397.56","56,890.72"
"05895","Zaragoza","2025","Trimestre 3","317,551,736.50","3,054.12"
"05895","Zaragoza","2012","Trimestre 4","262,842,642.30","99,766.53"
"05895","Zaragoza","2013","Trimestre 4","198,293,247.95","102,450.60"
"05895","Zaragoza","2014","Trimestre 4","564,035,290.95","251,168.27"
"05895","Zaragoza","2015","Trimestre 4","1,166,237,545.00","351,837.21"
"05895","Zaragoza","2016","Trimestre 4","1,105,441,336.73","293,984.00"
"05895","Zaragoza","2017","Trimestre 4","858,776,350.50","229,151.47"
"05895","Zaragoza","2018","Trimestre 4","520,297,573.10","171,547.34"
"05895","Zaragoza","2023","Trimestre 4","706,392,237.20","90,225.27"
"05895","Zaragoza","2024","Trimestre 4","1,006,595,135.52","102,025.00"
"05895","Zaragoza","2025","Trimestre 4","284,344,988.22","2,000.07"
"05895","Zaragoza","2012","Trimestre 4","403,463,676.69","144,468.72"
"05895","Zaragoza","2013","Trimestre 4","354,179,335.22","152,536.35"
"05895","Zaragoza","2014","Trimestre 4","628,536,612.23","267,983.76"
"05895","Zaragoza","2015","Trimestre 4","1,403,403,813.92","436,716.62"
"05895","Zaragoza","2016","Trimestre 4","998,792,996.91","270,216.85"
"05895","Zaragoza","2017","Trimestre 4","464,461,689.80","128,313.63"
"05895","Zaragoza","2018","Trimestre 4","431,059,611.40","119,614.51"
"05895","Zaragoza","2024","Trimestre 4","992,663,107.18","76,614.18"
"05895","Zaragoza","2025","Trimestre 4","550,743,602.50","19,502.82"
"05895","Zaragoza","2012","Trimestre 4","337,457,228.72","127,136.09"
"05895","Zaragoza","2013","Trimestre 4","560,273,033.03","239,360.20"
"05895","Zaragoza","2014","Trimestre 4","875,040,271.47","371,818.47"
"05895","Zaragoza","2015","Trimestre 4","1,691,626,941.99","536,389.30"
"05895","Zaragoza","2016","Trimestre 4","1,248,293,493.75","329,216.46"
"05895","Zaragoza","2017","Trimestre 4","384,587,760.24","119,412.66"
"05895","Zaragoza","2018","Trimestre 4","497,587,330.40","151,886.84"
"05895","Zaragoza","2019","Trimestre 4","2,048,120,710.05","452,137.55"
"05895","Zaragoza","2020","Trimestre 4","1,599,985,599.16","248,950.06"
"05895","Zaragoza","2021","Trimestre 4","2,224,782,445.75","323,487.52"
"05895","Zaragoza","2022","Trimestre 4","1,627,705,961.59","211,719.36"
"05895","Zaragoza","2023","Trimestre 4","1,486,214,168.00","183,624.10"
"05895","Zaragoza","2024","Trimestre 4","805,151,109.91","58,841.79"
"05895","Zaragoza","2025","Trimestre 4","962,004,804.80","69,300.38"
"08001","Barranquilla","2012","Trimestre 1","28,975,691.85","9,194.91"
"13006","Achi","2026","Trimestre 3","101,216,320.58","5,757.15"
"13006","Achi","2023","Trimestre 1","194,803,810.94","22,187.81"
"13006","Achi","2024","Trimestre 1","92,235,335.13","11,150.67"
"13006","Achi","2025","Trimestre 1","178,399,136.18","14,903.45"
"13006","Achi","2023","Trimestre 1","397,896,055.10","43,208.14"
"13006","Achi","2024","Trimestre 1","239,507,427.60","29,088.07"
"13006","Achi","2025","Trimestre 1","335,087,780.31","27,953.08"
"13006","Achi","2022","Trimestre 1","115,038,632.01","15,152.75"
"13006","Achi","2023","Trimestre 1","405,381,380.88","44,157.97"
"13006","Achi","2024","Trimestre 1","10,953,406.98","1,335.21"
"13006","Achi","2025","Trimestre 1","639,254,402.99","59,650.06"
"13006","Achi","2026","Trimestre 1","23,671,922.61","1,599.72"
"13006","Achi","2023","Trimestre 2","421,546,925.20","45,418.43"
"13006","Achi","2024","Trimestre 2","38,286,407.08","4,657.03"
"13006","Achi","2025","Trimestre 2","598,322,590.33","47,602.07"
"13006","Achi","2023","Trimestre 2","581,280,299.30","62,310.57"
"13006","Achi","2022","Trimestre 2","82,420,719.64","10,507.27"
"13006","Achi","2023","Trimestre 2","379,180,483.60","40,759.83"
"13006","Achi","2025","Trimestre 2","1,260,212,176.81","89,811.40"
"13006","Achi","2023","Trimestre 3","471,265,455.90","53,426.24"
"13006","Achi","2025","Trimestre 3","304,916,578.24","21,520.94"
"13006","Achi","2026","Trimestre 3","161,916,663.75","10,125.05"
"13006","Achi","2023","Trimestre 3","522,240,597.40","63,667.48"
"13006","Achi","2024","Trimestre 3","287,626,845.21","29,182.74"
"13006","Achi","2025","Trimestre 3","242,807,576.20","17,319.33"
"13006","Achi","2022","Trimestre 3","206,086,331.86","26,999.04"
"13006","Achi","2023","Trimestre 3","442,166,754.60","54,337.65"
"13006","Achi","2024","Trimestre 3","165,985,624.20","16,399.91"
"13006","Achi","2025","Trimestre 3","1,784,757,694.36","127,523.25"
"13006","Achi","2023","Trimestre 4","483,398,115.20","60,771.40"
"13006","Achi","2024","Trimestre 4","290,883,383.41","26,596.29"
"13006","Achi","2025","Trimestre 4","1,606,851,735.73","110,280.52"
"13006","Achi","2024","Trimestre 4","212,315,543.89","18,094.79"
"13006","Achi","2025","Trimestre 4","518,985,406.60","32,090.95"
"13006","Achi","2022","Trimestre 4","235,503,413.60","26,927.59"
"13006","Achi","2023","Trimestre 4","598,549,136.28","72,707.09"
"13006","Achi","2024","Trimestre 4","184,588,894.38","15,355.94"
"13030","Altos del Rosario","2026","Trimestre 1","647,871.19","77.15"
"13030","Altos del Rosario","2026","Trimestre 3","372,113.70","40.06"
"13030","Altos del Rosario","2026","Trimestre 2","1,063,161.35","114.58"
"13030","Altos del Rosario","2016","Trimestre 1","36,027,945.78","10,069.59"
"13030","Altos del Rosario","2022","Trimestre 1","22,654,803.56","3,112.77"
"13030","Altos del Rosario","2016","Trimestre 1","35,136,436.75","9,480.62"
"13030","Altos del Rosario","2018","Trimestre 1","9,826,565.00","2,500.00"
"13030","Altos del Rosario","2016","Trimestre 1","41,446,720.69","10,000.42"
"13030","Altos del Rosario","2026","Trimestre 1","29,703,799.99","2,419.75"
"13030","Altos del Rosario","2026","Trimestre 2","24,920,846.80","1,843.38"
"13030","Altos del Rosario","2016","Trimestre 2","66,117,524.11","17,252.47"
"13030","Altos del Rosario","2018","Trimestre 2","68,406,358.02","17,773.05"
"13030","Altos del Rosario","2026","Trimestre 2","14,928,934.46","1,187.20"
"13030","Altos del Rosario","2019","Trimestre 2","17,453,626.30","3,994.84"
"13030","Altos del Rosario","2023","Trimestre 3","726,623.82","86.36"
"13030","Altos del Rosario","2026","Trimestre 3","104,816,331.01","7,559.45"
"13030","Altos del Rosario","2023","Trimestre 3","13,246,347.53","1,623.61"
"13030","Altos del Rosario","2016","Trimestre 3","197,710.94","48.32"
"13030","Altos del Rosario","2019","Trimestre 3","44,213,309.02","9,416.70"
"13030","Altos del Rosario","2020","Trimestre 3","16,465,631.52","2,384.26"
"13030","Altos del Rosario","2023","Trimestre 3","57,568,734.28","7,100.71"
"13030","Altos del Rosario","2018","Trimestre 4","74,891,432.00","19,961.23"
"13030","Altos del Rosario","2023","Trimestre 4","90,592,397.68","11,379.04"
"13030","Altos del Rosario","2019","Trimestre 4","31,124,758.79","7,571.10"
"13030","Altos del Rosario","2021","Trimestre 4","813,630.65","- 0"
"13030","Altos del Rosario","2022","Trimestre 4","844,631.31","- 0"
"13030","Altos del Rosario","2023","Trimestre 4","40,782,849.52","5,159.39"
"13042","Arenal","2026","Trimestre 1","303,466,654.17","25,805.43"
"13042","Arenal","2026","Trimestre 3","63,881,816.56","3,560.00"
"13042","Arenal","2026","Trimestre 2","17,209,100.46","1,153.52"
"13042","Arenal","2013","Trimestre 1","2,182,816.16","700.00"
"13042","Arenal","2017","Trimestre 1","133,792,945.09","37,502.74"
"13042","Arenal","2019","Trimestre 1","267,372,552.60","65,038.39"
"13042","Arenal","2023","Trimestre 1","97,227,343.14","11,102.00"
"13042","Arenal","2025","Trimestre 1","20,941,766.30","2,986.34"
"13042","Arenal","2026","Trimestre 1","27,026,488.70","1,442.27"
"13042","Arenal","2013","Trimestre 1","4,792,033.33","1,574.87"
"13042","Arenal","2014","Trimestre 1","1,091,968.66","435.13"
"13042","Arenal","2017","Trimestre 1","166,066,837.16","46,030.91"
"13042","Arenal","2018","Trimestre 1","329,647,924.00","83,866.52"
"13042","Arenal","2019","Trimestre 1","293,376,340.80","69,779.02"
"13042","Arenal","2023","Trimestre 1","121,325,100.60","13,171.96"
"13042","Arenal","2024","Trimestre 1","113,176,327.50","13,751.54"
"13042","Arenal","2025","Trimestre 1","128,099,283.22","14,093.71"
"13042","Arenal","2013","Trimestre 1","1,543,261.99","514.48"
"13042","Arenal","2014","Trimestre 1","1,407,129.92","515.24"
"13042","Arenal","2017","Trimestre 1","156,402,704.51","42,736.09"
"13042","Arenal","2018","Trimestre 1","233,861,437.98","59,684.51"
"13042","Arenal","2019","Trimestre 1","59,242,259.61","14,004.03"
"13042","Arenal","2020","Trimestre 1","81,924,590.23","15,332.01"
"13042","Arenal","2021","Trimestre 1","65,144,544.06","9,394.45"
"13042","Arenal","2022","Trimestre 1","106,837,066.98","14,275.84"
"13042","Arenal","2023","Trimestre 1","90,891,018.84","9,898.99"
"13042","Arenal","2024","Trimestre 1","40,194,225.86","4,881.02"
"13042","Arenal","2025","Trimestre 1","100,348,235.21","8,430.51"
"13042","Arenal","2026","Trimestre 1","232,126,038.33","16,121.97"
"13042","Arenal","2013","Trimestre 2","495,852.73","167.00"
"13042","Arenal","2017","Trimestre 2","246,376,436.33","66,124.66"
"13042","Arenal","2018","Trimestre 2","97,792,212.21","25,186.84"
"13042","Arenal","2023","Trimestre 2","267,425,826.90","28,587.99"
"13042","Arenal","2024","Trimestre 2","97,923,981.63","11,612.61"
"13042","Arenal","2025","Trimestre 2","81,280,894.60","7,786.87"
"13042","Arenal","2026","Trimestre 2","132,206,697.10","6,979.97"
"13042","Arenal","2013","Trimestre 2","5,589,029.87","1,998.93"
"13042","Arenal","2014","Trimestre 2","7,779,378.82","3,001.72"
"13042","Arenal","2017","Trimestre 2","413,338,904.42","110,993.59"
"13042","Arenal","2018","Trimestre 2","11,375,141.40","2,995.65"
"13042","Arenal","2023","Trimestre 2","162,150,924.10","17,406.30"
"13042","Arenal","2024","Trimestre 2","258,180,676.90","29,125.80"
"13042","Arenal","2026","Trimestre 2","134,847,741.54","7,549.59"
"13042","Arenal","2013","Trimestre 2","1,298,200.77","483.07"
"13042","Arenal","2017","Trimestre 2","195,448,759.91","52,188.43"
"13042","Arenal","2018","Trimestre 2","8,685,909.93","2,284.11"
"13042","Arenal","2019","Trimestre 2","98,989,840.33","23,120.08"
"13042","Arenal","2020","Trimestre 2","164,484,259.55","26,471.66"
"13042","Arenal","2021","Trimestre 2","195,987,455.70","29,330.58"
"13042","Arenal","2022","Trimestre 2","109,420,117.74","14,399.49"
"13042","Arenal","2023","Trimestre 2","90,062,363.30","9,676.67"
"13042","Arenal","2025","Trimestre 2","244,027,659.45","17,157.79"
"13042","Arenal","2026","Trimestre 2","84,815,768.01","4,860.42"
"13042","Arenal","2012","Trimestre 3","2,360,389.93","803.58"
"13042","Arenal","2013","Trimestre 3","2,169,970.64","823.04"
"13042","Arenal","2014","Trimestre 3","13,158,138.47","5,295.30"
"13042","Arenal","2017","Trimestre 3","221,621,780.36","58,351.63"
"13042","Arenal","2018","Trimestre 3","223,734,725.80","58,715.23"
"13042","Arenal","2023","Trimestre 3","44,738,565.25","5,233.83"
"13042","Arenal","2024","Trimestre 3","349,380,117.10","37,363.69"
"13042","Arenal","2025","Trimestre 3","106,240,312.00","6,985.05"
"13042","Arenal","2026","Trimestre 3","214,836,474.62","18,648.00"
"13042","Arenal","2013","Trimestre 3","76,875,689.33","30,530.18"
"13042","Arenal","2014","Trimestre 3","1,001,841.88","399.68"
"13042","Arenal","2017","Trimestre 3","28,668,565.23","7,429.88"
"13042","Arenal","2018","Trimestre 3","11,324,977.49","3,077.55"
"13042","Arenal","2023","Trimestre 3","105,372,673.80","12,856.13"
"13042","Arenal","2024","Trimestre 3","152,749,740.30","15,216.66"
"13042","Arenal","2025","Trimestre 3","95,897,162.85","6,825.51"
"13042","Arenal","2012","Trimestre 3","73,779,694.36","24,425.17"
"13042","Arenal","2014","Trimestre 3","35,974,149.31","14,223.16"
"13042","Arenal","2017","Trimestre 3","189,476,100.68","48,338.51"
"13042","Arenal","2018","Trimestre 3","132,285,388.60","35,952.14"
"13042","Arenal","2019","Trimestre 3","157,835,210.60","34,849.97"
"13042","Arenal","2020","Trimestre 3","164,435,775.06","23,832.24"
"13042","Arenal","2021","Trimestre 3","154,171,290.50","21,832.56"
"13042","Arenal","2022","Trimestre 3","157,805,751.30","20,402.79"
"13042","Arenal","2023","Trimestre 3","127,752,580.06","15,836.33"
"13042","Arenal","2024","Trimestre 3","197,967,216.76","23,395.54"
"13042","Arenal","2025","Trimestre 3","104,214,838.57","7,336.54"
"13042","Arenal","2012","Trimestre 4","3,169,387.57","979.31"
"13042","Arenal","2013","Trimestre 4","3,826,768.34","1,436.82"
"13042","Arenal","2014","Trimestre 4","19,407,404.38","7,725.03"
"13042","Arenal","2017","Trimestre 4","165,886,996.10","43,546.19"
"13042","Arenal","2018","Trimestre 4","39,303,935.62","10,495.04"
"13042","Arenal","2023","Trimestre 4","167,206,847.70","21,145.81"
"13042","Arenal","2024","Trimestre 4","468,542,339.83","44,058.46"
"13042","Arenal","2025","Trimestre 4","130,875,337.80","8,881.04"
"13042","Arenal","2012","Trimestre 4","4,782,907.58","1,474.36"
"13042","Arenal","2014","Trimestre 4","25,888,764.65","10,055.17"
"13042","Arenal","2016","Trimestre 4","152,128,563.94","39,816.71"
"13042","Arenal","2017","Trimestre 4","103,861,915.70","26,708.93"
"13042","Arenal","2018","Trimestre 4","115,067,911.10","30,066.02"
"13042","Arenal","2024","Trimestre 4","395,464,574.05","53,339.26"
"13042","Arenal","2025","Trimestre 4","209,798,174.10","12,878.27"
"13042","Arenal","2012","Trimestre 4","2,916,985.89","904.83"
"13042","Arenal","2013","Trimestre 4","4,370,953.24","1,732.62"
"13042","Arenal","2014","Trimestre 4","22,067,907.36","8,577.14"
"13042","Arenal","2016","Trimestre 4","66,207,968.11","16,771.46"
"13042","Arenal","2017","Trimestre 4","282,132,746.75","72,705.79"
"13042","Arenal","2018","Trimestre 4","387,922,069.00","96,631.08"
"13042","Arenal","2019","Trimestre 4","489,642,526.08","114,355.31"
"13042","Arenal","2020","Trimestre 4","69,017,447.69","9,464.63"
"13042","Arenal","2021","Trimestre 4","235,393,290.59","33,546.99"
"13042","Arenal","2022","Trimestre 4","224,663,173.93","28,399.59"
"13042","Arenal","2023","Trimestre 4","237,714,139.39","28,851.84"
"13042","Arenal","2024","Trimestre 4","187,559,246.07","21,141.67"
"13042","Arenal","2025","Trimestre 4","361,677,950.60","22,321.00"
"13074","Barranco de Loba","2026","Trimestre 1","322,567,401.69","18,128.41"
"13074","Barranco de Loba","2026","Trimestre 3","167,326,081.53","9,518.54"
"13074","Barranco de Loba","2026","Trimestre 2","47,234,308.47","2,529.82"
"13074","Barranco de Loba","2016","Trimestre 1","1,476,198.35","412.59"
"13074","Barranco de Loba","2017","Trimestre 1","4,372,199.98","1,225.55"
"13074","Barranco de Loba","2022","Trimestre 1","8,130,299.16","1,117.11"
"13074","Barranco de Loba","2023","Trimestre 1","15,911,430.15","1,802.12"
"13074","Barranco de Loba","2024","Trimestre 1","1,407,519.76","169.94"
"13074","Barranco de Loba","2025","Trimestre 1","429,112,696.50","35,922.20"
"13074","Barranco de Loba","2026","Trimestre 1","307,704,652.15","18,921.46"
"13074","Barranco de Loba","2014","Trimestre 1","4,309,176.89","1,717.13"
"13074","Barranco de Loba","2015","Trimestre 1","3,211,094.02","1,039.60"
"13074","Barranco de Loba","2016","Trimestre 1","18,188,475.28","4,907.67"
"13074","Barranco de Loba","2017","Trimestre 1","1,006,693.43","930.13"
"13074","Barranco de Loba","2018","Trimestre 1","9,826,565.00","2,500.00"
"13074","Barranco de Loba","2023","Trimestre 1","14,480,036.71","1,584.44"
"13074","Barranco de Loba","2024","Trimestre 1","93,194,617.56","11,358.67"
"13074","Barranco de Loba","2025","Trimestre 1","372,830,121.41","31,128.71"
"13074","Barranco de Loba","2014","Trimestre 1","3,347,736.98","1,225.82"
"13074","Barranco de Loba","2016","Trimestre 1","8,260,510.87","2,017.87"
"13074","Barranco de Loba","2017","Trimestre 1","4,918,690.23","1,186.80"
"13074","Barranco de Loba","2021","Trimestre 1","74,326,056.47","11,166.74"
"13074","Barranco de Loba","2022","Trimestre 1","11,230,716.64","1,507.89"
"13074","Barranco de Loba","2023","Trimestre 1","37,397,194.86","4,080.56"
"13074","Barranco de Loba","2024","Trimestre 1","118,290,726.39","14,446.80"
"13074","Barranco de Loba","2025","Trimestre 1","453,232,188.89","36,858.86"
"13074","Barranco de Loba","2026","Trimestre 1","80,065,782.93","3,692.45"
"13074","Barranco de Loba","2014","Trimestre 2","1,632,555.74","587.62"
"13074","Barranco de Loba","2016","Trimestre 2","5,283,609.39","1,311.52"
"13074","Barranco de Loba","2017","Trimestre 2","827,910.35","754.07"
"13074","Barranco de Loba","2023","Trimestre 2","64,847,208.65","6,965.03"
"13074","Barranco de Loba","2024","Trimestre 2","101,042,536.90","12,068.80"
"13074","Barranco de Loba","2025","Trimestre 2","832,800,801.01","69,151.44"
"13074","Barranco de Loba","2026","Trimestre 2","60,721,061.69","2,798.51"
"13074","Barranco de Loba","2013","Trimestre 2","1,535,585.35","549.21"
"13074","Barranco de Loba","2015","Trimestre 2","66,722,201.43","21,696.29"
"13074","Barranco de Loba","2016","Trimestre 2","2,674,050.50","697.76"
"13074","Barranco de Loba","2017","Trimestre 2","3,119,937.16","837.36"
"13074","Barranco de Loba","2018","Trimestre 2","68,406,358.02","17,773.05"
"13074","Barranco de Loba","2023","Trimestre 2","199,946,661.10","21,398.39"
"13074","Barranco de Loba","2024","Trimestre 2","153,543,459.80","16,828.46"
"13074","Barranco de Loba","2026","Trimestre 2","417,477,498.58","22,123.13"
"13074","Barranco de Loba","2014","Trimestre 2","1,056,009.13","415.96"
"13074","Barranco de Loba","2015","Trimestre 2","16,868,812.73","5,616.46"
"13074","Barranco de Loba","2016","Trimestre 2","7,487,221.03","1,929.98"
"13074","Barranco de Loba","2017","Trimestre 2","3,549,828.96","948.81"
"13074","Barranco de Loba","2019","Trimestre 2","81,768,243.20","19,249.02"
"13074","Barranco de Loba","2021","Trimestre 2","83,410,882.50","12,336.93"
"13074","Barranco de Loba","2022","Trimestre 2","22,481,445.77","2,950.78"
"13074","Barranco de Loba","2023","Trimestre 2","70,844,327.47","7,612.69"
"13074","Barranco de Loba","2025","Trimestre 2","1,379,783,602.18","98,960.85"
"13074","Barranco de Loba","2026","Trimestre 2","60,476,365.76","3,429.62"
"13074","Barranco de Loba","2015","Trimestre 3","103,147,381.58","33,268.00"
"13074","Barranco de Loba","2016","Trimestre 3","10,313,532.25","2,624.16"
"13074","Barranco de Loba","2017","Trimestre 3","5,647,139.56","1,507.89"
"13074","Barranco de Loba","2023","Trimestre 3","76,878,012.95","8,478.96"
"13074","Barranco de Loba","2024","Trimestre 3","173,651,977.70","18,577.63"
"13074","Barranco de Loba","2025","Trimestre 3","847,796,079.16","59,778.16"
"13074","Barranco de Loba","2026","Trimestre 3","288,597,694.45","16,511.05"
"13074","Barranco de Loba","2014","Trimestre 3","9,998,967.55","3,989.04"
"13074","Barranco de Loba","2016","Trimestre 3","1,257,601.94","314.07"
"13074","Barranco de Loba","2017","Trimestre 3","3,288,900.55","856.56"
"13074","Barranco de Loba","2023","Trimestre 3","103,927,322.40","12,562.49"
"13074","Barranco de Loba","2024","Trimestre 3","382,385,951.43","38,458.63"
"13074","Barranco de Loba","2025","Trimestre 3","437,948,547.10","31,500.13"
"13074","Barranco de Loba","2015","Trimestre 3","25,363,844.51","7,320.26"
"13074","Barranco de Loba","2016","Trimestre 3","4,657,818.58","1,138.36"
"13074","Barranco de Loba","2017","Trimestre 3","942,027,799.95","243,198.03"
"13074","Barranco de Loba","2019","Trimestre 3","31,244,581.86","6,490.84"
"13074","Barranco de Loba","2020","Trimestre 3","7,913,769.12","1,200.00"
"13074","Barranco de Loba","2021","Trimestre 3","14,704,306.95","2,113.75"
"13074","Barranco de Loba","2022","Trimestre 3","40,402,939.14","5,220.95"
"13074","Barranco de Loba","2023","Trimestre 3","60,173,649.33","7,459.86"
"13074","Barranco de Loba","2024","Trimestre 3","519,916,094.02","50,569.52"
"13074","Barranco de Loba","2025","Trimestre 3","206,525.76","8.71"
"13074","Barranco de Loba","2014","Trimestre 4","13,070,993.11","5,202.85"
"13074","Barranco de Loba","2015","Trimestre 4","10,110,912.88","2,898.11"
"13074","Barranco de Loba","2016","Trimestre 4","10,099,147.70","2,515.35"
"13074","Barranco de Loba","2017","Trimestre 4","13,734,133.55","1,874.84"
"13074","Barranco de Loba","2018","Trimestre 4","74,891,432.00","19,961.23"
"13074","Barranco de Loba","2023","Trimestre 4","70,845,222.69","8,890.04"
"13074","Barranco de Loba","2024","Trimestre 4","517,030,588.21","46,973.93"
"13074","Barranco de Loba","2025","Trimestre 4","11,291,498.22","768.36"
"13074","Barranco de Loba","2016","Trimestre 4","543,032.52","135.94"
"13074","Barranco de Loba","2024","Trimestre 4","547,445,350.32","46,815.71"
"13074","Barranco de Loba","2025","Trimestre 4","23,012,690.89","2,118.30"
"13074","Barranco de Loba","2015","Trimestre 4","1,723,976.64","515.13"
"13074","Barranco de Loba","2016","Trimestre 4","2,924,069.00","740.71"
"13074","Barranco de Loba","2019","Trimestre 4","31,124,758.79","7,571.10"
"13074","Barranco de Loba","2020","Trimestre 4","4,090,155.55","1,509.43"
"13074","Barranco de Loba","2021","Trimestre 4","25,826,090.81","3,764.26"
"13074","Barranco de Loba","2022","Trimestre 4","71,838,817.97","8,966.40"
"13074","Barranco de Loba","2023","Trimestre 4","61,208,833.43","7,541.99"
"13074","Barranco de Loba","2024","Trimestre 4","419,348,654.50","34,898.62"
"13074","Barranco de Loba","2025","Trimestre 4","306,353,398.10","19,265.73"
"13212","Cordoba - Bolivar","2023","Trimestre 1","476,206,213.90","54,060.92"
"13212","Cordoba - Bolivar","2023","Trimestre 1","191,301,143.70","21,373.21"
"13212","Cordoba - Bolivar","2024","Trimestre 1","195,233,412.50","23,711.73"
"13212","Cordoba - Bolivar","2022","Trimestre 1","537,301,726.08","72,232.09"
"13212","Cordoba - Bolivar","2023","Trimestre 1","309,373,750.11","33,724.55"
"13212","Cordoba - Bolivar","2023","Trimestre 2","234,428,309.40","25,432.39"
"13212","Cordoba - Bolivar","2025","Trimestre 2","193,997,495.03","23,462.05"
"13212","Cordoba - Bolivar","2023","Trimestre 2","487,199,971.40","52,217.38"
"13212","Cordoba - Bolivar","2021","Trimestre 2","736,693,865.29","109,029.45"
"13212","Cordoba - Bolivar","2022","Trimestre 2","201,536,116.78","26,623.64"
"13212","Cordoba - Bolivar","2023","Trimestre 2","449,859,848.10","48,317.06"
"13212","Cordoba - Bolivar","2023","Trimestre 3","517,633,919.20","59,812.37"
"13212","Cordoba - Bolivar","2023","Trimestre 3","354,996,384.90","42,855.72"
"13212","Cordoba - Bolivar","2021","Trimestre 3","1,045,435,467.00","148,259.66"
"13212","Cordoba - Bolivar","2022","Trimestre 3","1,172,362,578.20","153,372.73"
"13212","Cordoba - Bolivar","2023","Trimestre 3","255,976,702.09","31,495.12"
"13212","Cordoba - Bolivar","2023","Trimestre 4","256,938,285.80","32,464.38"
"13212","Cordoba - Bolivar","2021","Trimestre 4","1,827,574,255.98","258,171.27"
"13212","Cordoba - Bolivar","2022","Trimestre 4","1,107,681,384.28","141,371.45"
"13212","Cordoba - Bolivar","2023","Trimestre 4","690,437,721.05","83,863.96"
"13244","El Carmen de Bolivar","2024","Trimestre 1","447,367.39","54.66"
"13244","El Carmen de Bolivar","2023","Trimestre 3","507,830.33","54.52"
"13244","El Carmen de Bolivar","2023","Trimestre 4","414,200.22","52.40"
"13300","Hatillo de Loba","2026","Trimestre 1","16,133,917.37","893.63"
"13300","Hatillo de Loba","2026","Trimestre 3","32,954,310.34","1,874.43"
"13300","Hatillo de Loba","2026","Trimestre 2","30,976,529.74","1,763.86"
"13300","Hatillo de Loba","2023","Trimestre 1","14,737,867.13","1,663.92"
"13300","Hatillo de Loba","2024","Trimestre 1","296,180.45","35.76"
"13300","Hatillo de Loba","2025","Trimestre 1","272,539.30","22.67"
"13300","Hatillo de Loba","2026","Trimestre 1","42,458,965.65","2,528.31"
"13300","Hatillo de Loba","2023","Trimestre 1","36,753,385.29","3,994.16"
"13300","Hatillo de Loba","2024","Trimestre 1","5,872,782.00","714.90"
"13300","Hatillo de Loba","2025","Trimestre 1","983,908.14","82.28"
"13300","Hatillo de Loba","2021","Trimestre 1","12,987,621.66","1,924.90"
"13300","Hatillo de Loba","2022","Trimestre 1","112,260,499.73","15,047.28"
"13300","Hatillo de Loba","2023","Trimestre 1","34,690,393.12","3,785.20"
"13300","Hatillo de Loba","2024","Trimestre 1","4,117,444.56","503.04"
"13300","Hatillo de Loba","2025","Trimestre 1","52,349,507.09","4,363.82"
"13300","Hatillo de Loba","2026","Trimestre 1","75,807,728.21","4,058.93"
"13300","Hatillo de Loba","2023","Trimestre 2","18,680,756.37","1,993.61"
"13300","Hatillo de Loba","2024","Trimestre 2","4,729,071.14","545.51"
"13300","Hatillo de Loba","2025","Trimestre 2","51,920,680.01","4,223.36"
"13300","Hatillo de Loba","2023","Trimestre 2","22,648,508.10","2,429.32"
"13300","Hatillo de Loba","2024","Trimestre 2","3,435,197.83","373.37"
"13300","Hatillo de Loba","2026","Trimestre 2","62,549,753.08","3,419.76"
"13300","Hatillo de Loba","2021","Trimestre 2","25,757,205.91","4,031.80"
"13300","Hatillo de Loba","2022","Trimestre 2","148,337,982.15","19,532.57"
"13300","Hatillo de Loba","2023","Trimestre 2","16,476,858.89","1,771.41"
"13300","Hatillo de Loba","2026","Trimestre 2","37,851,139.81","2,152.96"
"13300","Hatillo de Loba","2018","Trimestre 3","15,818,660.52","4,025.12"
"13300","Hatillo de Loba","2023","Trimestre 3","6,968,941.71","799.46"
"13300","Hatillo de Loba","2024","Trimestre 3","1,834,818.51","196.13"
"13300","Hatillo de Loba","2026","Trimestre 3","56,069,006.38","3,295.10"
"13300","Hatillo de Loba","2023","Trimestre 3","5,577,714.93","680.23"
"13300","Hatillo de Loba","2024","Trimestre 3","4,303,720.71","435.20"
"13300","Hatillo de Loba","2019","Trimestre 3","35,931,200.38","8,875.04"
"13300","Hatillo de Loba","2020","Trimestre 3","4,865,419.21","634.17"
"13300","Hatillo de Loba","2022","Trimestre 3","290,284,676.77","37,965.81"
"13300","Hatillo de Loba","2023","Trimestre 3","1,025,946.75","126.85"
"13300","Hatillo de Loba","2024","Trimestre 3","2,647,721.62","256.45"
"13300","Hatillo de Loba","2025","Trimestre 3","6,094,871.65","438.48"
"13300","Hatillo de Loba","2023","Trimestre 4","3,270,154.49","411.41"
"13300","Hatillo de Loba","2024","Trimestre 4","5,150,492.44","474.69"
"13300","Hatillo de Loba","2024","Trimestre 4","3,687,064.77","320.07"
"13300","Hatillo de Loba","2025","Trimestre 4","18,567,142.57","1,199.60"
"13300","Hatillo de Loba","2020","Trimestre 4","2,888,363.57","408.59"
"13300","Hatillo de Loba","2021","Trimestre 4","41,529,806.94","5,825.28"
"13300","Hatillo de Loba","2022","Trimestre 4","116,235,850.60","14,229.95"
"13300","Hatillo de Loba","2023","Trimestre 4","6,163,015.34","742.12"
"13300","Hatillo de Loba","2025","Trimestre 4","62,976,482.14","3,927.75"
"13430","Magangue","2023","Trimestre 1","624,020.15","70.95"
"13430","Magangue","2023","Trimestre 1","104,325.05","14.65"
"13430","Magangue","2022","Trimestre 1","32,550,522.24","4,383.66"
"13430","Magangue","2023","Trimestre 1","922,342.82","126.09"
"13430","Magangue","2023","Trimestre 2","37,082,245.09","4,871.51"
"13430","Magangue","2023","Trimestre 2","224,406.43","29.70"
"13430","Magangue","2022","Trimestre 2","1,888,123.23","251.97"
"13430","Magangue","2023","Trimestre 2","522,855.98","70.75"
"13430","Magangue","2024","Trimestre 3","511,383.92","52.90"
"13430","Magangue","2022","Trimestre 3","47,687,810.17","6,165.53"
"13430","Magangue","2021","Trimestre 4","23,115,801.09","3,355.08"
"13430","Magangue","2022","Trimestre 4","35,541,907.94","4,636.04"
"13440","Margarita","2023","Trimestre 1","106,603.82","14.97"
"13440","Margarita","2021","Trimestre 1","23,418,230.08","3,529.95"
"13440","Margarita","2022","Trimestre 1","68,326,945.17","9,313.75"
"13440","Margarita","2023","Trimestre 1","316,678.15","44.47"
"13440","Margarita","2023","Trimestre 2","3,985,508.70","533.01"
"13440","Margarita","2023","Trimestre 2","5,088,036.74","677.19"
"13440","Margarita","2021","Trimestre 2","35,341,248.19","5,323.20"
"13440","Margarita","2022","Trimestre 2","10,847,970.41","1,477.47"
"13440","Margarita","2023","Trimestre 2","2,230,783.63","300.38"
"13440","Margarita","2021","Trimestre 3","2,581,488.48","371.09"
"13440","Margarita","2022","Trimestre 3","3,182,847.64","418.46"
"13440","Margarita","2021","Trimestre 4","243,834,748.38","34,969.79"
"13440","Margarita","2022","Trimestre 4","7,254,005.32","965.14"
"13458","Montecristo","2026","Trimestre 1","1,539,983,117.12","88,648.13"
"13458","Montecristo","2026","Trimestre 3","660,289,801.50","38,159.81"
"13458","Montecristo","2026","Trimestre 2","796,145,898.68","44,985.07"
"13458","Montecristo","2012","Trimestre 1","160,754,429.21","48,863.40"
"13458","Montecristo","2013","Trimestre 1","1,842,577.49","590.89"
"13458","Montecristo","2014","Trimestre 1","2,516,345.71","1,031.63"
"13458","Montecristo","2016","Trimestre 1","26,347,769.26","7,364.04"
"13458","Montecristo","2019","Trimestre 1","28,551,386.87","6,945.13"
"13458","Montecristo","2022","Trimestre 1","70,784,789.15","9,725.83"
"13458","Montecristo","2023","Trimestre 1","337,150,905.03","38,242.77"
"13458","Montecristo","2024","Trimestre 1","24,538,004.05","2,962.65"
"13458","Montecristo","2025","Trimestre 1","384,694,437.49","32,179.44"
"13458","Montecristo","2026","Trimestre 1","1,893,236,603.62","117,854.84"
"13458","Montecristo","2012","Trimestre 1","135,114,008.73","42,859.52"
"13458","Montecristo","2013","Trimestre 1","9,912,933.79","3,257.82"
"13458","Montecristo","2014","Trimestre 1","5,052,171.30","2,013.20"
"13458","Montecristo","2016","Trimestre 1","36,697,449.90","9,901.82"
"13458","Montecristo","2018","Trimestre 1","47,080,134.18","11,977.77"
"13458","Montecristo","2019","Trimestre 1","28,734,657.10","6,834.48"
"13458","Montecristo","2023","Trimestre 1","549,172,528.40","60,221.29"
"13458","Montecristo","2024","Trimestre 1","788,005,290.90","96,002.38"
"13458","Montecristo","2025","Trimestre 1","454,880,427.14","37,759.74"
"13458","Montecristo","2012","Trimestre 1","6,792,302.23","2,124.21"
"13458","Montecristo","2013","Trimestre 1","3,760,966.19","1,253.80"
"13458","Montecristo","2014","Trimestre 1","10,648,814.26","3,899.21"
"13458","Montecristo","2018","Trimestre 1","104,593,301.42","26,670.23"
"13458","Montecristo","2019","Trimestre 1","47,891,401.36","11,320.84"
"13458","Montecristo","2020","Trimestre 1","129,490,056.50","25,105.10"
"13458","Montecristo","2021","Trimestre 1","602,484,554.00","88,285.28"
"13458","Montecristo","2022","Trimestre 1","749,865,111.11","99,909.44"
"13458","Montecristo","2023","Trimestre 1","1,116,996,740.20","121,878.13"
"13458","Montecristo","2024","Trimestre 1","843,374,375.35","103,038.51"
"13458","Montecristo","2025","Trimestre 1","1,519,886,078.63","124,521.83"
"13458","Montecristo","2026","Trimestre 1","1,752,874,780.39","97,231.35"
"13458","Montecristo","2012","Trimestre 2","88,335,772.77","28,996.46"
"13458","Montecristo","2013","Trimestre 2","18,392,484.05","6,194.47"
"13458","Montecristo","2015","Trimestre 2","404,958.02","132.49"
"13458","Montecristo","2016","Trimestre 2","91,506,464.51","22,714.09"
"13458","Montecristo","2018","Trimestre 2","19,814,455.60","5,103.30"
"13458","Montecristo","2023","Trimestre 2","643,975,253.20","69,338.51"
"13458","Montecristo","2024","Trimestre 2","561,177,473.20","65,008.68"
"13458","Montecristo","2025","Trimestre 2","1,474,241,814.74","122,246.85"
"13458","Montecristo","2026","Trimestre 2","2,505,842,551.44","137,411.16"
"13458","Montecristo","2012","Trimestre 2","35,610,866.62","11,782.08"
"13458","Montecristo","2013","Trimestre 2","35,361,204.51","12,647.02"
"13458","Montecristo","2016","Trimestre 2","168,104,629.09","43,864.62"
"13458","Montecristo","2017","Trimestre 2","212,201,673.62","57,596.99"
"13458","Montecristo","2018","Trimestre 2","45,470,840.24","11,974.79"
"13458","Montecristo","2023","Trimestre 2","849,310,244.40","91,152.91"
"13458","Montecristo","2024","Trimestre 2","768,672,096.80","83,097.86"
"13458","Montecristo","2026","Trimestre 2","1,689,871,342.03","91,199.32"
"13458","Montecristo","2012","Trimestre 2","5,488,484.89","1,874.95"
"13458","Montecristo","2013","Trimestre 2","19,274,574.20","7,172.21"
"13458","Montecristo","2016","Trimestre 2","65,625,529.08","16,916.29"
"13458","Montecristo","2018","Trimestre 2","274,182,760.64","71,385.39"
"13458","Montecristo","2019","Trimestre 2","153,431,111.80","35,957.09"
"13458","Montecristo","2020","Trimestre 2","171,970,324.00","26,080.97"
"13458","Montecristo","2021","Trimestre 2","2,159,044,120.20","346,871.72"
"13458","Montecristo","2022","Trimestre 2","1,246,808,906.71","163,793.72"
"13458","Montecristo","2023","Trimestre 2","993,741,546.30","106,824.85"
"13458","Montecristo","2025","Trimestre 2","2,534,745,147.31","179,786.20"
"13458","Montecristo","2026","Trimestre 2","602,835,230.22","35,007.15"
"13458","Montecristo","2012","Trimestre 3","10,195,422.86","3,470.97"
"13458","Montecristo","2013","Trimestre 3","1,685,956.24","639.46"
"13458","Montecristo","2016","Trimestre 3","1,163,530.90","296.05"
"13458","Montecristo","2017","Trimestre 3","1,533,060.93","410.47"
"13458","Montecristo","2018","Trimestre 3","72,432,898.48","19,008.74"
"13458","Montecristo","2023","Trimestre 3","763,142,776.00","90,087.55"
"13458","Montecristo","2024","Trimestre 3","751,991,907.70","80,422.34"
"13458","Montecristo","2025","Trimestre 3","1,005,687,607.59","70,980.21"
"13458","Montecristo","2026","Trimestre 3","1,660,451,588.89","94,545.86"
"13458","Montecristo","2012","Trimestre 3","11,149,025.41","3,786.30"
"13458","Montecristo","2013","Trimestre 3","1,172,617.70","448.80"
"13458","Montecristo","2015","Trimestre 3","17,046,184.20","5,366.22"
"13458","Montecristo","2016","Trimestre 3","69,038.07","16.95"
"13458","Montecristo","2017","Trimestre 3","42,138,012.02","10,904.55"
"13458","Montecristo","2018","Trimestre 3","120,129,339.20","32,645.01"
"13458","Montecristo","2023","Trimestre 3","841,016,959.70","102,861.02"
"13458","Montecristo","2024","Trimestre 3","675,062,362.69","67,883.69"
"13458","Montecristo","2025","Trimestre 3","570,345,308.30","40,440.73"
"13458","Montecristo","2012","Trimestre 3","113,418,793.96","37,547.91"
"13458","Montecristo","2015","Trimestre 3","63,522,597.24","18,333.26"
"13458","Montecristo","2017","Trimestre 3","58,576,336.95","14,923.12"
"13458","Montecristo","2018","Trimestre 3","32,140,078.45","8,785.52"
"13458","Montecristo","2019","Trimestre 3","653,290,560.14","142,797.06"
"13458","Montecristo","2020","Trimestre 3","1,161,859,126.59","179,402.92"
"13458","Montecristo","2021","Trimestre 3","136,020,626.06","19,242.88"
"13458","Montecristo","2022","Trimestre 3","1,629,946,880.89","212,051.77"
"13458","Montecristo","2023","Trimestre 3","820,215,541.76","101,754.10"
"13458","Montecristo","2024","Trimestre 3","621,333,024.46","60,293.99"
"13458","Montecristo","2025","Trimestre 3","1,049,512,888.30","75,260.48"
"13458","Montecristo","2012","Trimestre 4","17,102,349.44","5,284.46"
"13458","Montecristo","2013","Trimestre 4","803,215.99","301.58"
"13458","Montecristo","2014","Trimestre 4","17,579,623.39","6,997.49"
"13458","Montecristo","2017","Trimestre 4","76,656,608.39","19,511.76"
"13458","Montecristo","2018","Trimestre 4","67,306,929.92","17,972.48"
"13458","Montecristo","2023","Trimestre 4","733,465,223.30","92,660.99"
"13458","Montecristo","2024","Trimestre 4","902,871,911.38","81,797.12"
"13458","Montecristo","2025","Trimestre 4","1,145,416,233.07","79,491.95"
"13458","Montecristo","2012","Trimestre 4","8,085,487.17","2,492.40"
"13458","Montecristo","2013","Trimestre 4","34,135,078.45","13,364.53"
"13458","Montecristo","2014","Trimestre 4","25,173,392.04","9,777.32"
"13458","Montecristo","2015","Trimestre 4","194,405,770.59","55,547.39"
"13458","Montecristo","2017","Trimestre 4","151,728,039.00","39,018.09"
"13458","Montecristo","2018","Trimestre 4","121,472,946.00","31,598.96"
"13458","Montecristo","2024","Trimestre 4","1,084,438,500.37","92,484.88"
"13458","Montecristo","2025","Trimestre 4","1,050,978,033.00","68,405.07"
"13458","Montecristo","2012","Trimestre 4","46,421,276.38","14,354.43"
"13458","Montecristo","2013","Trimestre 4","13,190,065.82","5,074.52"
"13458","Montecristo","2014","Trimestre 4","17,527,029.84","6,803.20"
"13458","Montecristo","2015","Trimestre 4","169,115,161.77","50,611.43"
"13458","Montecristo","2016","Trimestre 4","81,232,306.91","22,319.86"
"13458","Montecristo","2017","Trimestre 4","161,546,735.34","40,687.50"
"13458","Montecristo","2018","Trimestre 4","89,161,406.53","22,214.21"
"13458","Montecristo","2019","Trimestre 4","283,729,800.00","56,561.15"
"13458","Montecristo","2020","Trimestre 4","443,873,734.40","59,602.76"
"13458","Montecristo","2021","Trimestre 4","1,876,210,788.84","266,107.42"
"13458","Montecristo","2022","Trimestre 4","1,733,194,131.15","211,733.94"
"13458","Montecristo","2023","Trimestre 4","1,180,407,894.55","142,880.88"
"13458","Montecristo","2024","Trimestre 4","1,479,016,285.60","122,989.75"
"13458","Montecristo","2025","Trimestre 4","1,600,749,797.00","101,645.10"
"13473","Morales - Bolivar","2026","Trimestre 1","18,308,365.43","1,406.09"
"13473","Morales - Bolivar","2026","Trimestre 3","8,073,711.82","603.30"
"13473","Morales - Bolivar","2012","Trimestre 1","396,065,723.02","120,389.33"
"13473","Morales - Bolivar","2016","Trimestre 1","11,349,608.15","3,172.15"
"13473","Morales - Bolivar","2017","Trimestre 1","67,827,878.76","17,495.36"
"13473","Morales - Bolivar","2023","Trimestre 1","7,084,963.94","799.20"
"13473","Morales - Bolivar","2024","Trimestre 1","3,823,759.25","461.67"
"13473","Morales - Bolivar","2025","Trimestre 1","20,638.81","- 0"
"13473","Morales - Bolivar","2026","Trimestre 1","16,370,242.64","1,372.10"
"13473","Morales - Bolivar","2012","Trimestre 1","770,957,221.98","244,649.28"
"13473","Morales - Bolivar","2016","Trimestre 1","79,315,904.23","21,542.98"
"13473","Morales - Bolivar","2017","Trimestre 1","78,735,174.03","21,824.05"
"13473","Morales - Bolivar","2023","Trimestre 1","11,992,265.48","1,301.97"
"13473","Morales - Bolivar","2024","Trimestre 1","7,486,686.20","912.62"
"13473","Morales - Bolivar","2025","Trimestre 1","15,738,272.93","1,727.71"
"13473","Morales - Bolivar","2012","Trimestre 1","515,493,155.36","161,214.21"
"13473","Morales - Bolivar","2016","Trimestre 1","114,734,047.80","28,969.01"
"13473","Morales - Bolivar","2017","Trimestre 1","92,540,832.70","25,416.72"
"13473","Morales - Bolivar","2020","Trimestre 1","30,606,525.61","5,569.57"
"13473","Morales - Bolivar","2021","Trimestre 1","34,792,714.73","5,028.65"
"13473","Morales - Bolivar","2023","Trimestre 1","6,391,416.86","693.90"
"13473","Morales - Bolivar","2024","Trimestre 1","10,827,338.55","1,322.90"
"13473","Morales - Bolivar","2025","Trimestre 1","5,375,725.72","522.05"
"13473","Morales - Bolivar","2026","Trimestre 1","11,191,316.93","827.98"
"13473","Morales - Bolivar","2012","Trimestre 2","409,929,385.94","134,800.07"
"13473","Morales - Bolivar","2016","Trimestre 2","131,517,674.47","32,250.57"
"13473","Morales - Bolivar","2017","Trimestre 2","85,229,340.63","22,964.71"
"13473","Morales - Bolivar","2023","Trimestre 2","6,591,174.28","703.06"
"13473","Morales - Bolivar","2024","Trimestre 2","10,725,908.89","1,237.26"
"13473","Morales - Bolivar","2025","Trimestre 2","6,738,406.64","673.73"
"13473","Morales - Bolivar","2026","Trimestre 2","30,083,773.14","2,130.19"
"13473","Morales - Bolivar","2012","Trimestre 2","387,591,355.09","128,625.08"
"13473","Morales - Bolivar","2016","Trimestre 2","338,921,198.26","87,687.82"
"13473","Morales - Bolivar","2017","Trimestre 2","191,265,974.41","51,534.14"
"13473","Morales - Bolivar","2023","Trimestre 2","13,606,577.93","1,459.85"
"13473","Morales - Bolivar","2024","Trimestre 2","9,530,110.68","1,025.60"
"13473","Morales - Bolivar","2026","Trimestre 2","17,546,330.67","1,257.88"
"13473","Morales - Bolivar","2012","Trimestre 2","578,535,075.36","197,636.39"
"13473","Morales - Bolivar","2016","Trimestre 2","308,603,530.91","79,731.00"
"13473","Morales - Bolivar","2017","Trimestre 2","96,891,055.46","25,875.70"
"13473","Morales - Bolivar","2020","Trimestre 2","75,304,844.64","11,623.90"
"13473","Morales - Bolivar","2021","Trimestre 2","30,843,976.06","4,509.00"
"13473","Morales - Bolivar","2022","Trimestre 2","26,564,149.44","3,495.17"
"13473","Morales - Bolivar","2023","Trimestre 2","11,880,888.44","1,277.42"
"13473","Morales - Bolivar","2025","Trimestre 2","21,446,711.41","1,968.60"
"13473","Morales - Bolivar","2026","Trimestre 2","623,786.42","- 0"
"13473","Morales - Bolivar","2012","Trimestre 3","391,232,442.12","133,192.64"
"13473","Morales - Bolivar","2016","Trimestre 3","167,982,234.71","42,741.14"
"13473","Morales - Bolivar","2017","Trimestre 3","45,170,570.74","11,912.18"
"13473","Morales - Bolivar","2018","Trimestre 3","14,116,589.57","3,704.65"
"13473","Morales - Bolivar","2023","Trimestre 3","4,022,682.34","478.10"
"13473","Morales - Bolivar","2024","Trimestre 3","12,223,111.30","1,306.57"
"13473","Morales - Bolivar","2025","Trimestre 3","35,885,936.05","3,414.24"
"13473","Morales - Bolivar","2026","Trimestre 3","6,754,588.64","484.00"
"13473","Morales - Bolivar","2016","Trimestre 3","314,215,389.41","77,531.32"
"13473","Morales - Bolivar","2023","Trimestre 3","15,070,179.64","1,823.25"
"13473","Morales - Bolivar","2024","Trimestre 3","13,580,401.75","1,811.99"
"13473","Morales - Bolivar","2025","Trimestre 3","1,740,283.99","100.30"
"13473","Morales - Bolivar","2012","Trimestre 3","1,298,271.93","429.80"
"13473","Morales - Bolivar","2014","Trimestre 3","53,925,384.27","21,320.57"
"13473","Morales - Bolivar","2015","Trimestre 3","3,693,222.57","1,065.90"
"13473","Morales - Bolivar","2016","Trimestre 3","351,434,358.39","85,924.73"
"13473","Morales - Bolivar","2018","Trimestre 3","18,330,948.89","4,995.64"
"13473","Morales - Bolivar","2019","Trimestre 3","3,446,749.97","866.67"
"13473","Morales - Bolivar","2020","Trimestre 3","63,870,734.99","9,469.09"
"13473","Morales - Bolivar","2021","Trimestre 3","40,865,231.54","5,798.35"
"13473","Morales - Bolivar","2022","Trimestre 3","34,205,056.88","4,404.60"
"13473","Morales - Bolivar","2023","Trimestre 3","13,947,663.77","1,727.41"
"13473","Morales - Bolivar","2024","Trimestre 3","19,007,969.47","2,743.20"
"13473","Morales - Bolivar","2025","Trimestre 3","11,307,263.20","1,059.06"
"13473","Morales - Bolivar","2016","Trimestre 4","325,963,155.26","81,653.50"
"13473","Morales - Bolivar","2023","Trimestre 4","5,784,021.54","731.73"
"13473","Morales - Bolivar","2024","Trimestre 4","19,888,329.22","2,541.40"
"13473","Morales - Bolivar","2025","Trimestre 4","14,491,218.36","1,302.90"
"13473","Morales - Bolivar","2014","Trimestre 4","261,669,579.64","101,632.20"
"13473","Morales - Bolivar","2015","Trimestre 4","23,278,996.00","6,577.01"
"13473","Morales - Bolivar","2016","Trimestre 4","320,768,528.16","83,749.33"
"13473","Morales - Bolivar","2018","Trimestre 4","60,684,619.54","15,937.65"
"13473","Morales - Bolivar","2024","Trimestre 4","5,982,982.14","627.97"
"13473","Morales - Bolivar","2025","Trimestre 4","30,951,540.53","2,559.19"
"13473","Morales - Bolivar","2014","Trimestre 4","364,868,663.47","141,813.61"
"13473","Morales - Bolivar","2015","Trimestre 4","8,796,793.09","2,623.03"
"13473","Morales - Bolivar","2016","Trimestre 4","131,194,358.33","33,291.74"
"13473","Morales - Bolivar","2017","Trimestre 4","146,512,693.10","38,313.73"
"13473","Morales - Bolivar","2019","Trimestre 4","271,507,906.06","61,932.91"
"13473","Morales - Bolivar","2020","Trimestre 4","39,617,125.50","5,398.53"
"13473","Morales - Bolivar","2021","Trimestre 4","82,832,827.42","11,639.43"
"13473","Morales - Bolivar","2022","Trimestre 4","86,518,027.10","10,488.04"
"13473","Morales - Bolivar","2023","Trimestre 4","43,875,457.06","5,307.47"
"13473","Morales - Bolivar","2024","Trimestre 4","5,086,185.39","527.10"
"13473","Morales - Bolivar","2025","Trimestre 4","45,371,353.68","3,672.62"
"13490","Norosi","2026","Trimestre 1","354,774,765.93","20,806.83"
"13490","Norosi","2026","Trimestre 3","41,645,642.03","2,530.16"
"13490","Norosi","2026","Trimestre 2","28,469,683.30","1,767.25"
"13490","Norosi","2012","Trimestre 1","2,330,908.63","708.51"
"13490","Norosi","2013","Trimestre 1","5,271,345.11","1,690.45"
"13490","Norosi","2016","Trimestre 1","76,118,280.04","21,274.59"
"13490","Norosi","2017","Trimestre 1","85,729,093.10","22,311.23"
"13490","Norosi","2018","Trimestre 1","4,689,913.72","804.07"
"13490","Norosi","2019","Trimestre 1","259,371,461.20","63,667.87"
"13490","Norosi","2022","Trimestre 1","292,278,320.01","40,159.04"
"13490","Norosi","2023","Trimestre 1","267,216,333.88","30,299.45"
"13490","Norosi","2024","Trimestre 1","35,056,792.18","4,251.64"
"13490","Norosi","2025","Trimestre 1","916,730,754.05","79,382.33"
"13490","Norosi","2026","Trimestre 1","281,159,188.66","17,718.14"
"13490","Norosi","2012","Trimestre 1","1,331,539.82","422.54"
"13490","Norosi","2014","Trimestre 1","1,283,169.20","511.32"
"13490","Norosi","2016","Trimestre 1","131,131,689.10","35,382.35"
"13490","Norosi","2017","Trimestre 1","99,792,735.76","26,578.30"
"13490","Norosi","2018","Trimestre 1","35,673,378.92","9,075.75"
"13490","Norosi","2019","Trimestre 1","53,643,554.16","12,759.02"
"13490","Norosi","2023","Trimestre 1","360,476,221.40","39,492.18"
"13490","Norosi","2024","Trimestre 1","106,822,513.20","12,968.01"
"13490","Norosi","2025","Trimestre 1","244,598,391.41","20,398.27"
"13490","Norosi","2012","Trimestre 1","3,186,119.11","996.42"
"13490","Norosi","2013","Trimestre 1","7,298,998.09","2,433.28"
"13490","Norosi","2014","Trimestre 1","49,322,274.23","18,060.03"
"13490","Norosi","2016","Trimestre 1","134,403,391.51","31,962.35"
"13490","Norosi","2017","Trimestre 1","54,417,271.30","14,869.19"
"13490","Norosi","2018","Trimestre 1","67,161,973.15","16,430.77"
"13490","Norosi","2019","Trimestre 1","431,515,179.70","102,270.81"
"13490","Norosi","2020","Trimestre 1","790,160,800.48","147,602.14"
"13490","Norosi","2021","Trimestre 1","1,122,503,961.00","168,957.41"
"13490","Norosi","2022","Trimestre 1","731,930,505.87","98,599.99"
"13490","Norosi","2023","Trimestre 1","574,821,212.13","62,854.46"
"13490","Norosi","2024","Trimestre 1","243,685,566.64","29,765.46"
"13490","Norosi","2025","Trimestre 1","326,053,484.62","29,341.54"
"13490","Norosi","2026","Trimestre 1","821,867,543.30","45,014.01"
"13490","Norosi","2012","Trimestre 2","3,480,079.72","1,144.38"
"13490","Norosi","2013","Trimestre 2","41,984,681.68","14,140.17"
"13490","Norosi","2015","Trimestre 2","599,671.73","191.22"
"13490","Norosi","2016","Trimestre 2","81,233,492.29","18,908.85"
"13490","Norosi","2017","Trimestre 2","343,538,710.67","91,770.67"
"13490","Norosi","2018","Trimestre 2","401,829,828.30","103,437.31"
"13490","Norosi","2023","Trimestre 2","369,204,063.50","39,531.94"
"13490","Norosi","2024","Trimestre 2","406,110,366.00","47,515.22"
"13490","Norosi","2025","Trimestre 2","234,359,954.07","22,669.28"
"13490","Norosi","2026","Trimestre 2","176,844,223.52","10,586.93"
"13490","Norosi","2012","Trimestre 2","3,973,674.21","1,318.69"
"13490","Norosi","2013","Trimestre 2","19,934,186.96","7,129.51"
"13490","Norosi","2014","Trimestre 2","996,122.90","384.36"
"13490","Norosi","2016","Trimestre 2","58,538,664.54","13,982.55"
"13490","Norosi","2017","Trimestre 2","273,858,896.82","73,721.32"
"13490","Norosi","2018","Trimestre 2","733,302,470.19","193,088.69"
"13490","Norosi","2023","Trimestre 2","908,916,359.90","97,777.28"
"13490","Norosi","2024","Trimestre 2","417,997,664.20","45,937.04"
"13490","Norosi","2026","Trimestre 2","227,336,729.52","12,912.25"
"13490","Norosi","2015","Trimestre 2","116,989,550.04","38,951.61"
"13490","Norosi","2016","Trimestre 2","68,742,671.95","16,144.59"
"13490","Norosi","2017","Trimestre 2","352,109,458.96","94,574.45"
"13490","Norosi","2018","Trimestre 2","877,917,829.40","226,913.57"
"13490","Norosi","2019","Trimestre 2","1,426,223,322.00","337,088.96"
"13490","Norosi","2020","Trimestre 2","347,069,686.21","55,386.13"
"13490","Norosi","2021","Trimestre 2","1,665,766,943.72","254,706.42"
"13490","Norosi","2022","Trimestre 2","935,275,247.38","123,005.83"
"13490","Norosi","2023","Trimestre 2","223,855,527.70","24,049.30"
"13490","Norosi","2025","Trimestre 2","426,868,547.21","32,415.57"
"13490","Norosi","2026","Trimestre 2","149,615,805.73","9,256.22"
"13490","Norosi","2013","Trimestre 3","176,468,833.58","66,932.20"
"13490","Norosi","2014","Trimestre 3","16,589,248.62","6,676.10"
"13490","Norosi","2015","Trimestre 3","23,773,641.28","7,915.42"
"13490","Norosi","2016","Trimestre 3","159,526,492.89","40,658.34"
"13490","Norosi","2017","Trimestre 3","158,674,599.91","41,326.67"
"13490","Norosi","2018","Trimestre 3","290,629,281.70","76,270.53"
"13490","Norosi","2023","Trimestre 3","367,660,823.30","43,275.29"
"13490","Norosi","2024","Trimestre 3","397,774,671.10","43,314.62"
"13490","Norosi","2025","Trimestre 3","555,995,149.17","41,051.69"
"13490","Norosi","2026","Trimestre 3","62,431,370.25","3,989.67"
"13490","Norosi","2012","Trimestre 3","8,307,079.86","2,839.21"
"13490","Norosi","2014","Trimestre 3","794,996.43","317.16"
"13490","Norosi","2015","Trimestre 3","49,902,746.77","15,709.62"
"13490","Norosi","2016","Trimestre 3","59,836,661.27","14,958.54"
"13490","Norosi","2017","Trimestre 3","543,301,753.19","143,312.73"
"13490","Norosi","2018","Trimestre 3","338,450,413.10","91,973.51"
"13490","Norosi","2023","Trimestre 3","275,797,542.30","33,680.88"
"13490","Norosi","2024","Trimestre 3","364,796,124.92","39,033.22"
"13490","Norosi","2025","Trimestre 3","125,618,262.70","8,965.46"
"13490","Norosi","2012","Trimestre 3","1,066,890.75","353.20"
"13490","Norosi","2014","Trimestre 3","32,815,653.02","12,974.38"
"13490","Norosi","2015","Trimestre 3","82,434,527.29","23,806.09"
"13490","Norosi","2016","Trimestre 3","49,561,194.41","12,112.62"
"13490","Norosi","2017","Trimestre 3","214,109,723.61","51,435.07"
"13490","Norosi","2018","Trimestre 3","314,960,860.80","86,094.86"
"13490","Norosi","2019","Trimestre 3","1,076,225,916.00","223,766.32"
"13490","Norosi","2020","Trimestre 3","1,350,974,541.74","200,213.06"
"13490","Norosi","2021","Trimestre 3","616,328,379.49","87,808.58"
"13490","Norosi","2022","Trimestre 3","359,475,216.69","47,280.11"
"13490","Norosi","2023","Trimestre 3","406,421,403.61","50,256.71"
"13490","Norosi","2024","Trimestre 3","806,454,512.63","80,043.55"
"13490","Norosi","2025","Trimestre 3","304,412,716.75","22,172.89"
"13490","Norosi","2013","Trimestre 4","3,325,817.03","1,248.73"
"13490","Norosi","2014","Trimestre 4","55,091,113.81","21,928.77"
"13490","Norosi","2015","Trimestre 4","156,709,730.19","44,081.68"
"13490","Norosi","2016","Trimestre 4","109,024,937.80","27,362.61"
"13490","Norosi","2017","Trimestre 4","287,344,277.10","68,293.50"
"13490","Norosi","2018","Trimestre 4","367,184,779.40","98,046.67"
"13490","Norosi","2023","Trimestre 4","365,585,124.30","46,038.78"
"13490","Norosi","2024","Trimestre 4","554,400,618.65","53,248.06"
"13490","Norosi","2025","Trimestre 4","362,157,209.91","26,271.80"
"13490","Norosi","2012","Trimestre 4","5,026,471.37","1,549.44"
"13490","Norosi","2013","Trimestre 4","1,072,132.02","419.76"
"13490","Norosi","2015","Trimestre 4","62,436,669.30","17,836.18"
"13490","Norosi","2016","Trimestre 4","115,274,055.11","27,813.64"
"13490","Norosi","2017","Trimestre 4","176,636,809.20","45,388.39"
"13490","Norosi","2018","Trimestre 4","330,447,723.60","86,013.40"
"13490","Norosi","2024","Trimestre 4","286,958,634.59","25,942.90"
"13490","Norosi","2025","Trimestre 4","120,845,991.30","8,285.31"
"13490","Norosi","2012","Trimestre 4","17,264,966.43","5,355.48"
"13490","Norosi","2013","Trimestre 4","2,893,836.49","1,142.09"
"13490","Norosi","2014","Trimestre 4","74,283,582.94","28,866.58"
"13490","Norosi","2015","Trimestre 4","55,841,041.06","16,801.10"
"13490","Norosi","2016","Trimestre 4","87,649,374.95","22,208.61"
"13490","Norosi","2017","Trimestre 4","256,113,120.92","62,297.96"
"13490","Norosi","2018","Trimestre 4","280,943,967.41","69,983.13"
"13490","Norosi","2019","Trimestre 4","811,124,574.71","158,718.37"
"13490","Norosi","2020","Trimestre 4","1,478,735,409.88","206,840.70"
"13490","Norosi","2021","Trimestre 4","2,327,804,693.40","318,389.04"
"13490","Norosi","2022","Trimestre 4","859,900,452.98","105,958.05"
"13490","Norosi","2023","Trimestre 4","654,207,066.56","79,858.19"
"13490","Norosi","2024","Trimestre 4","841,435,158.33","70,568.79"
"13490","Norosi","2025","Trimestre 4","309,760,672.90","20,404.48"
"13580","Regidor","2022","Trimestre 1","36,124,815.98","4,963.55"
"13580","Regidor","2021","Trimestre 4","203,604,167.46","28,713.94"
"13600","Rio Viejo","2026","Trimestre 1","190,303,534.08","- 0"
"13600","Rio Viejo","2026","Trimestre 3","2,774,541.85","- 0"
"13600","Rio Viejo","2026","Trimestre 2","6,098,468.06","- 0"
"13600","Rio Viejo","2015","Trimestre 1","378,083.95","146.95"
"13600","Rio Viejo","2017","Trimestre 1","173,244,876.35","47,140.41"
"13600","Rio Viejo","2018","Trimestre 1","24,926,276.77","6,410.29"
"13600","Rio Viejo","2019","Trimestre 1","213,857,718.80","52,574.86"
"13600","Rio Viejo","2025","Trimestre 1","45,499,924.07","- 0"
"13600","Rio Viejo","2026","Trimestre 1","1,077,940.29","- 0"
"13600","Rio Viejo","2013","Trimestre 1","951,724.65","312.78"
"13600","Rio Viejo","2016","Trimestre 1","8,252,019.70","1,484.39"
"13600","Rio Viejo","2017","Trimestre 1","118,891,731.83","33,033.38"
"13600","Rio Viejo","2018","Trimestre 1","78,407,616.47","19,947.87"
"13600","Rio Viejo","2019","Trimestre 1","63,148,694.39","15,019.80"
"13600","Rio Viejo","2023","Trimestre 1","132,976,050.00","15,000.00"
"13600","Rio Viejo","2025","Trimestre 1","43,391,813.11","- 0"
"13600","Rio Viejo","2012","Trimestre 1","4,282,436.73","1,339.28"
"13600","Rio Viejo","2016","Trimestre 1","15,554,128.38","3,752.96"
"13600","Rio Viejo","2017","Trimestre 1","168,002,648.31","46,065.27"
"13600","Rio Viejo","2018","Trimestre 1","81,428,580.95","20,782.14"
"13600","Rio Viejo","2019","Trimestre 1","14,708,501.36","3,476.88"
"13600","Rio Viejo","2021","Trimestre 1","13,713,743.42","2,068.84"
"13600","Rio Viejo","2022","Trimestre 1","30,839,806.15","4,234.50"
"13600","Rio Viejo","2025","Trimestre 1","35,983,399.57","- 0"
"13600","Rio Viejo","2026","Trimestre 1","71,715,556.75","- 0"
"13600","Rio Viejo","2016","Trimestre 2","23,933,829.12","5,940.95"
"13600","Rio Viejo","2018","Trimestre 2","44,956,367.31","11,578.72"
"13600","Rio Viejo","2024","Trimestre 2","42,870,007.66","5,237.92"
"13600","Rio Viejo","2025","Trimestre 2","11,475,360.52","- 0"
"13600","Rio Viejo","2026","Trimestre 2","26,433,377.82","- 0"
"13600","Rio Viejo","2012","Trimestre 2","1,111,591.73","368.89"
"13600","Rio Viejo","2014","Trimestre 2","257,790.47","99.47"
"13600","Rio Viejo","2016","Trimestre 2","25,850,760.16","6,745.40"
"13600","Rio Viejo","2017","Trimestre 2","390,018.64","104.68"
"13600","Rio Viejo","2018","Trimestre 2","95,008,534.64","25,020.59"
"13600","Rio Viejo","2023","Trimestre 2","74,516,556.80","8,000.00"
"13600","Rio Viejo","2026","Trimestre 2","12,013,251.13","- 0"
"13600","Rio Viejo","2012","Trimestre 2","177,153.40","60.52"
"13600","Rio Viejo","2016","Trimestre 2","31,614,625.93","8,149.30"
"13600","Rio Viejo","2017","Trimestre 2","75,438,198.00","20,144.32"
"13600","Rio Viejo","2018","Trimestre 2","315,394,823.40","82,319.88"
"13600","Rio Viejo","2021","Trimestre 2","257,143,815.10","39,158.07"
"13600","Rio Viejo","2022","Trimestre 2","15,356,520.75","2,006.34"
"13600","Rio Viejo","2025","Trimestre 2","20,741,665.08","- 0"
"13600","Rio Viejo","2026","Trimestre 2","13,465,961.43","- 0"
"13600","Rio Viejo","2012","Trimestre 3","14,749,211.84","5,021.28"
"13600","Rio Viejo","2016","Trimestre 3","15,765,188.02","2,674.18"
"13600","Rio Viejo","2017","Trimestre 3","39,880,924.54","10,485.11"
"13600","Rio Viejo","2018","Trimestre 3","146,831,575.00","38,149.18"
"13600","Rio Viejo","2025","Trimestre 3","57,849,436.95","- 0"
"13600","Rio Viejo","2026","Trimestre 3","111,360,243.48","- 0"
"13600","Rio Viejo","2012","Trimestre 3","2,262,158.63","773.17"
"13600","Rio Viejo","2016","Trimestre 3","12,792,815.22","2,093.90"
"13600","Rio Viejo","2017","Trimestre 3","34,677,661.69","8,990.44"
"13600","Rio Viejo","2018","Trimestre 3","93,837,748.16","25,500.30"
"13600","Rio Viejo","2024","Trimestre 3","72,066,958.38","- 0"
"13600","Rio Viejo","2025","Trimestre 3","739,105.27","- 0"
"13600","Rio Viejo","2012","Trimestre 3","2,156,889.42","714.05"
"13600","Rio Viejo","2016","Trimestre 3","16,511,237.01","2,690.20"
"13600","Rio Viejo","2017","Trimestre 3","75,242,105.48","19,168.92"
"13600","Rio Viejo","2018","Trimestre 3","115,311,165.10","31,520.42"
"13600","Rio Viejo","2020","Trimestre 3","297,360,131.35","42,775.14"
"13600","Rio Viejo","2021","Trimestre 3","224,764,917.20","31,778.89"
"13600","Rio Viejo","2022","Trimestre 3","30,434,054.57","4,074.53"
"13600","Rio Viejo","2024","Trimestre 3","186,592,843.91","- 0"
"13600","Rio Viejo","2025","Trimestre 3","6,267,870.77","- 0"
"13600","Rio Viejo","2016","Trimestre 4","58,555,666.65","13,431.31"
"13600","Rio Viejo","2017","Trimestre 4","69,449,934.83","12,878.44"
"13600","Rio Viejo","2018","Trimestre 4","93,690,762.20","25,017.56"
"13600","Rio Viejo","2023","Trimestre 4","23,713,753.20","3,000.00"
"13600","Rio Viejo","2024","Trimestre 4","199,561,609.65","- 0"
"13600","Rio Viejo","2025","Trimestre 4","10,851,525.11","- 0"
"13600","Rio Viejo","2016","Trimestre 4","121,105,823.00","31,697.11"
"13600","Rio Viejo","2018","Trimestre 4","93,913,713.99","24,378.72"
"13600","Rio Viejo","2024","Trimestre 4","294,171,075.54","- 0"
"13600","Rio Viejo","2025","Trimestre 4","10,144,496.65","- 0"
"13600","Rio Viejo","2012","Trimestre 4","1,157,986.95","359.20"
"13600","Rio Viejo","2014","Trimestre 4","5,229,059.29","2,032.38"
"13600","Rio Viejo","2016","Trimestre 4","166,890,575.29","40,913.79"
"13600","Rio Viejo","2017","Trimestre 4","95,450,910.09","24,366.61"
"13600","Rio Viejo","2018","Trimestre 4","59,406,050.11","14,798.00"
"13600","Rio Viejo","2020","Trimestre 4","97,993,699.15","13,323.24"
"13600","Rio Viejo","2021","Trimestre 4","216,495,466.10","30,821.53"
"13600","Rio Viejo","2022","Trimestre 4","70,919,756.75","9,028.61"
"13600","Rio Viejo","2024","Trimestre 4","74,311,550.49","- 0"
"13600","Rio Viejo","2025","Trimestre 4","14,181,475.44","- 0"
"13655","San Jacinto del Cauca","2012","Trimestre 1","178,017,911.43","54,110.86"
"13655","San Jacinto del Cauca","2013","Trimestre 1","9,114,567.16","2,922.92"
"13655","San Jacinto del Cauca","2023","Trimestre 1","3,137,557.04","358.75"
"13655","San Jacinto del Cauca","2026","Trimestre 1","505,737,465.58","30,115.22"
"13655","San Jacinto del Cauca","2012","Trimestre 1","180,377,448.32","57,239.51"
"13655","San Jacinto del Cauca","2013","Trimestre 1","27,982,672.85","9,196.32"
"13655","San Jacinto del Cauca","2024","Trimestre 1","3,823,819.52","466.12"
"13655","San Jacinto del Cauca","2013","Trimestre 1","171,802,423.17","57,274.08"
"13655","San Jacinto del Cauca","2021","Trimestre 1","137,257,651.10","20,008.69"
"13655","San Jacinto del Cauca","2023","Trimestre 1","84,134,562.32","9,181.34"
"13655","San Jacinto del Cauca","2013","Trimestre 2","30,540,519.53","10,285.85"
"13655","San Jacinto del Cauca","2023","Trimestre 2","87,215,545.84","9,425.89"
"13655","San Jacinto del Cauca","2023","Trimestre 2","217,277,336.50","23,241.78"
"13655","San Jacinto del Cauca","2021","Trimestre 2","70,367,242.95","10,446.50"
"13655","San Jacinto del Cauca","2022","Trimestre 2","57,953,339.10","7,571.64"
"13655","San Jacinto del Cauca","2023","Trimestre 2","104,112,513.20","11,183.49"
"13655","San Jacinto del Cauca","2023","Trimestre 3","258,564,437.80","29,466.36"
"13655","San Jacinto del Cauca","2023","Trimestre 3","127,197,583.50","15,450.65"
"13655","San Jacinto del Cauca","2020","Trimestre 3","247,682,026.61","33,955.86"
"13655","San Jacinto del Cauca","2022","Trimestre 3","193,600,736.42","25,331.70"
"13655","San Jacinto del Cauca","2023","Trimestre 3","504,794,360.31","62,534.69"
"13655","San Jacinto del Cauca","2025","Trimestre 3","189,265,226.42","13,499.73"
"13655","San Jacinto del Cauca","2023","Trimestre 4","207,042,937.10","25,976.70"
"13655","San Jacinto del Cauca","2025","Trimestre 4","255,512,327.15","17,267.22"
"13655","San Jacinto del Cauca","2025","Trimestre 4","41,491,662.35","2,633.58"
"13655","San Jacinto del Cauca","2020","Trimestre 4","625,536,874.64","86,058.51"
"13655","San Jacinto del Cauca","2021","Trimestre 4","555,843,637.04","81,927.33"
"13655","San Jacinto del Cauca","2022","Trimestre 4","90,536,977.67","11,765.95"
"13655","San Jacinto del Cauca","2023","Trimestre 4","155,927,043.88","19,075.95"
"13655","San Jacinto del Cauca","2025","Trimestre 4","330,212,044.20","20,843.12"
"13657","San Juan Nepomuceno","2022","Trimestre 4","477,263.14","63.46"
"13657","San Juan Nepomuceno","2023","Trimestre 4","359,874.84","44.11"
"13667","San Martin de Loba","2026","Trimestre 1","1,592,521,802.84","92,836.78"
"13667","San Martin de Loba","2026","Trimestre 3","20,486,655.25","1,143.78"
"13667","San Martin de Loba","2026","Trimestre 2","54,391,157.74","3,034.94"
"13667","San Martin de Loba","2013","Trimestre 1","1,827,952.62","586.20"
"13667","San Martin de Loba","2015","Trimestre 1","3,298,261.77","1,138.58"
"13667","San Martin de Loba","2016","Trimestre 1","37,474,381.80","10,473.86"
"13667","San Martin de Loba","2017","Trimestre 1","22,351,992.59","6,265.36"
"13667","San Martin de Loba","2018","Trimestre 1","177,906,950.70","45,751.30"
"13667","San Martin de Loba","2019","Trimestre 1","98,069,156.67","23,855.33"
"13667","San Martin de Loba","2022","Trimestre 1","382,274,901.03","52,529.14"
"13667","San Martin de Loba","2023","Trimestre 1","387,414,985.77","44,498.01"
"13667","San Martin de Loba","2024","Trimestre 1","93,240,164.23","11,269.78"
"13667","San Martin de Loba","2025","Trimestre 1","420,885,136.21","35,363.82"
"13667","San Martin de Loba","2026","Trimestre 1","1,122,962,977.65","67,188.70"
"13667","San Martin de Loba","2013","Trimestre 1","3,403,780.79","1,118.63"
"13667","San Martin de Loba","2015","Trimestre 1","1,463,679.42","473.87"
"13667","San Martin de Loba","2016","Trimestre 1","37,100,946.56","10,010.69"
"13667","San Martin de Loba","2017","Trimestre 1","26,112,095.89","7,237.83"
"13667","San Martin de Loba","2018","Trimestre 1","106,385,773.00","27,065.86"
"13667","San Martin de Loba","2019","Trimestre 1","156,985,791.40","37,571.70"
"13667","San Martin de Loba","2023","Trimestre 1","242,427,005.80","27,356.09"
"13667","San Martin de Loba","2024","Trimestre 1","275,048,054.40","33,475.75"
"13667","San Martin de Loba","2025","Trimestre 1","274,490,248.94","23,084.21"
"13667","San Martin de Loba","2026","Trimestre 1","4,025,880.00","248.62"
"13667","San Martin de Loba","2013","Trimestre 1","707,768.36","235.95"
"13667","San Martin de Loba","2014","Trimestre 1","1,669,771.96","611.41"
"13667","San Martin de Loba","2016","Trimestre 1","45,808,562.38","11,052.86"
"13667","San Martin de Loba","2017","Trimestre 1","18,425,201.75","4,867.12"
"13667","San Martin de Loba","2018","Trimestre 1","221,340,536.50","56,264.52"
"13667","San Martin de Loba","2019","Trimestre 1","539,387,284.60","135,666.62"
"13667","San Martin de Loba","2020","Trimestre 1","483,154,162.08","90,558.47"
"13667","San Martin de Loba","2021","Trimestre 1","1,132,531,341.00","168,067.04"
"13667","San Martin de Loba","2022","Trimestre 1","1,332,134,872.54","178,586.22"
"13667","San Martin de Loba","2023","Trimestre 1","265,803,208.87","29,583.11"
"13667","San Martin de Loba","2024","Trimestre 1","132,509,225.28","16,153.74"
"13667","San Martin de Loba","2025","Trimestre 1","303,676,769.68","24,953.16"
"13667","San Martin de Loba","2026","Trimestre 1","2,108,095,720.60","114,480.32"
"13667","San Martin de Loba","2013","Trimestre 2","3,325,033.98","1,119.85"
"13667","San Martin de Loba","2014","Trimestre 2","1,061,486.28","382.07"
"13667","San Martin de Loba","2015","Trimestre 2","79,359,019.77","25,420.28"
"13667","San Martin de Loba","2017","Trimestre 2","17,871,279.16","4,796.45"
"13667","San Martin de Loba","2018","Trimestre 2","69,153,642.64","17,810.84"
"13667","San Martin de Loba","2023","Trimestre 2","473,751,924.20","51,777.14"
"13667","San Martin de Loba","2024","Trimestre 2","453,447,544.60","52,895.32"
"13667","San Martin de Loba","2025","Trimestre 2","469,538,159.56","45,338.23"
"13667","San Martin de Loba","2026","Trimestre 2","407,696,459.86","22,083.98"
"13667","San Martin de Loba","2013","Trimestre 2","1,123,465.10","401.81"
"13667","San Martin de Loba","2016","Trimestre 2","37,577,199.93","9,805.26"
"13667","San Martin de Loba","2017","Trimestre 2","14,928,558.17","3,990.14"
"13667","San Martin de Loba","2018","Trimestre 2","314,320,008.72","82,967.84"
"13667","San Martin de Loba","2023","Trimestre 2","369,394,512.80","40,168.06"
"13667","San Martin de Loba","2024","Trimestre 2","376,182,928.60","42,236.23"
"13667","San Martin de Loba","2026","Trimestre 2","178,837,508.19","9,894.67"
"13667","San Martin de Loba","2014","Trimestre 2","3,609,613.68","1,421.82"
"13667","San Martin de Loba","2015","Trimestre 2","114,484,532.17","37,796.29"
"13667","San Martin de Loba","2016","Trimestre 2","33,828,883.72","8,720.07"
"13667","San Martin de Loba","2017","Trimestre 2","21,407,357.60","5,716.16"
"13667","San Martin de Loba","2018","Trimestre 2","325,310,178.40","83,520.81"
"13667","San Martin de Loba","2019","Trimestre 2","833,080,690.30","202,865.64"
"13667","San Martin de Loba","2020","Trimestre 2","998,593,722.83","149,790.79"
"13667","San Martin de Loba","2021","Trimestre 2","1,316,732,614.05","196,663.51"
"13667","San Martin de Loba","2022","Trimestre 2","1,428,755,174.20","188,590.12"
"13667","San Martin de Loba","2023","Trimestre 2","367,413,359.10","39,436.47"
"13667","San Martin de Loba","2024","Trimestre 2","12,747,663.00","1,554.42"
"13667","San Martin de Loba","2025","Trimestre 2","157,420,972.92","12,029.24"
"13667","San Martin de Loba","2026","Trimestre 2","57,943,573.37","3,395.55"
"13667","San Martin de Loba","2014","Trimestre 3","4,615,797.35","1,857.56"
"13667","San Martin de Loba","2016","Trimestre 3","16,430,535.57","4,180.56"
"13667","San Martin de Loba","2017","Trimestre 3","14,799,439.92","3,854.34"
"13667","San Martin de Loba","2018","Trimestre 3","73,278,080.36","19,230.54"
"13667","San Martin de Loba","2023","Trimestre 3","494,312,079.20","55,647.28"
"13667","San Martin de Loba","2024","Trimestre 3","690,815,880.10","74,172.67"
"13667","San Martin de Loba","2025","Trimestre 3","214,774,808.11","17,764.68"
"13667","San Martin de Loba","2026","Trimestre 3","217,370,825.04","13,985.65"
"13667","San Martin de Loba","2013","Trimestre 3","1,919,491.30","762.30"
"13667","San Martin de Loba","2014","Trimestre 3","6,627,125.91","2,643.86"
"13667","San Martin de Loba","2015","Trimestre 3","95,276,305.17","29,993.43"
"13667","San Martin de Loba","2016","Trimestre 3","13,765,579.94","3,379.68"
"13667","San Martin de Loba","2017","Trimestre 3","29,852,072.56","7,725.18"
"13667","San Martin de Loba","2018","Trimestre 3","61,721,586.30","16,772.77"
"13667","San Martin de Loba","2023","Trimestre 3","421,487,696.50","49,817.60"
"13667","San Martin de Loba","2024","Trimestre 3","476,137,382.97","53,824.06"
"13667","San Martin de Loba","2025","Trimestre 3","15,794,324.77","1,280.30"
"13667","San Martin de Loba","2013","Trimestre 3","1,305,674.78","495.18"
"13667","San Martin de Loba","2014","Trimestre 3","60,272.40","23.83"
"13667","San Martin de Loba","2015","Trimestre 3","110,131,611.64","31,785.09"
"13667","San Martin de Loba","2016","Trimestre 3","38,872,254.76","9,500.27"
"13667","San Martin de Loba","2017","Trimestre 3","37,011,666.53","9,429.21"
"13667","San Martin de Loba","2018","Trimestre 3","103,180,331.60","27,996.42"
"13667","San Martin de Loba","2019","Trimestre 3","394,946,247.26","85,779.15"
"13667","San Martin de Loba","2020","Trimestre 3","762,676,450.05","108,957.41"
"13667","San Martin de Loba","2021","Trimestre 3","231,070,923.87","33,289.70"
"13667","San Martin de Loba","2022","Trimestre 3","760,275,707.55","99,731.35"
"13667","San Martin de Loba","2023","Trimestre 3","370,215,786.00","45,108.58"
"13667","San Martin de Loba","2024","Trimestre 3","1,467,187,903.71","155,319.79"
"13667","San Martin de Loba","2025","Trimestre 3","134,617,403.18","9,677.93"
"13667","San Martin de Loba","2013","Trimestre 4","79,368.12","29.80"
"13667","San Martin de Loba","2014","Trimestre 4","1,229,784.03","489.51"
"13667","San Martin de Loba","2015","Trimestre 4","33,546,475.64","9,436.46"
"13667","San Martin de Loba","2016","Trimestre 4","46,745,075.19","11,731.88"
"13667","San Martin de Loba","2017","Trimestre 4","752,234,700.90","192,821.46"
"13667","San Martin de Loba","2018","Trimestre 4","259,178,625.80","67,958.67"
"13667","San Martin de Loba","2023","Trimestre 4","548,296,686.70","69,207.17"
"13667","San Martin de Loba","2024","Trimestre 4","1,608,759,347.79","161,528.93"
"13667","San Martin de Loba","2025","Trimestre 4","214,062,704.80","14,708.49"
"13667","San Martin de Loba","2014","Trimestre 4","1,346,115.76","522.83"
"13667","San Martin de Loba","2016","Trimestre 4","48,945,468.68","12,810.53"
"13667","San Martin de Loba","2017","Trimestre 4","34,862,788.97","8,965.25"
"13667","San Martin de Loba","2018","Trimestre 4","570,706,254.50","147,276.29"
"13667","San Martin de Loba","2024","Trimestre 4","804,760,778.99","74,053.04"
"13667","San Martin de Loba","2025","Trimestre 4","133,903,713.30","7,938.04"
"13667","San Martin de Loba","2012","Trimestre 4","1,170,705.90","283.97"
"13667","San Martin de Loba","2013","Trimestre 4","992,245.00","275.00"
"13667","San Martin de Loba","2014","Trimestre 4","22,570,571.20","8,707.13"
"13667","San Martin de Loba","2015","Trimestre 4","37,344,457.10","11,464.16"
"13667","San Martin de Loba","2016","Trimestre 4","66,841,800.89","16,951.15"
"13667","San Martin de Loba","2017","Trimestre 4","195,645,717.86","49,880.69"
"13667","San Martin de Loba","2018","Trimestre 4","207,179,345.46","51,950.92"
"13667","San Martin de Loba","2019","Trimestre 4","332,799,407.92","75,839.28"
"13667","San Martin de Loba","2020","Trimestre 4","2,283,075,036.70","315,833.09"
"13667","San Martin de Loba","2021","Trimestre 4","4,333,592,640.45","618,513.89"
"13667","San Martin de Loba","2022","Trimestre 4","703,220,092.70","90,207.10"
"13667","San Martin de Loba","2023","Trimestre 4","820,810,541.01","99,528.35"
"13667","San Martin de Loba","2024","Trimestre 4","678,722,368.19","57,272.85"
"13667","San Martin de Loba","2025","Trimestre 4","1,542,049,963.00","95,974.34"
"13670","San Pablo - Bolivar","2012","Trimestre 1","342,781,191.02","104,192.80"
"13670","San Pablo - Bolivar","2014","Trimestre 1","67,196,574.96","27,548.68"
"13670","San Pablo - Bolivar","2012","Trimestre 1","71,995,377.65","22,846.43"
"13670","San Pablo - Bolivar","2014","Trimestre 1","72,291,647.63","28,806.93"
"13670","San Pablo - Bolivar","2012","Trimestre 1","79,023,662.14","24,713.69"
"13670","San Pablo - Bolivar","2013","Trimestre 1","1,412,927.02","471.03"
"13670","San Pablo - Bolivar","2014","Trimestre 1","97,922,658.38","35,855.73"
"13670","San Pablo - Bolivar","2012","Trimestre 2","91,395,292.22","30,054.18"
"13670","San Pablo - Bolivar","2012","Trimestre 2","13,581,403.59","4,507.09"
"13670","San Pablo - Bolivar","2013","Trimestre 2","1,114,238.26","398.51"
"13670","San Pablo - Bolivar","2012","Trimestre 2","3,564,741.59","1,217.77"
"13670","San Pablo - Bolivar","2013","Trimestre 3","33,527,211.72","12,716.41"
"13670","San Pablo - Bolivar","2012","Trimestre 3","194,573,964.32","66,501.87"
"13670","San Pablo - Bolivar","2013","Trimestre 3","135,600,589.01","53,852.01"
"13670","San Pablo - Bolivar","2012","Trimestre 3","75,711,485.54","25,064.70"
"13670","San Pablo - Bolivar","2013","Trimestre 3","21,332,771.50","8,090.50"
"13670","San Pablo - Bolivar","2014","Trimestre 3","18,087,334.74","7,151.22"
"13670","San Pablo - Bolivar","2012","Trimestre 4","133,748,213.63","41,326.90"
"13670","San Pablo - Bolivar","2013","Trimestre 4","46,683,420.34","17,528.02"
"13670","San Pablo - Bolivar","2014","Trimestre 4","34,471,662.07","13,721.29"
"13670","San Pablo - Bolivar","2013","Trimestre 4","18,368,025.45","7,191.43"
"13670","San Pablo - Bolivar","2014","Trimestre 4","44,868,654.46","17,426.94"
"13670","San Pablo - Bolivar","2012","Trimestre 4","164,771,258.86","51,110.97"
"13670","San Pablo - Bolivar","2013","Trimestre 4","26,157,227.02","10,368.57"
"13670","San Pablo - Bolivar","2014","Trimestre 4","30,153,397.98","11,719.73"
"13683","Santa Rosa - Bolivar","2016","Trimestre 2","3,147,631.32","821.33"
"13683","Santa Rosa - Bolivar","2017","Trimestre 2","327,447.92","87.88"
"13683","Santa Rosa - Bolivar","2017","Trimestre 2","286,967.56","76.70"
"13683","Santa Rosa - Bolivar","2018","Trimestre 2","2,603,049.20","679.41"
"13683","Santa Rosa - Bolivar","2017","Trimestre 3","44,277.68","11.82"
"13683","Santa Rosa - Bolivar","2025","Trimestre 3","6,033,571.17","- 0"
"13683","Santa Rosa - Bolivar","2017","Trimestre 3","189,362.49","49.32"
"13683","Santa Rosa - Bolivar","2021","Trimestre 4","19,480,485.25","2,680.40"
"13688","Santa Rosa del Sur","2026","Trimestre 2","142,345.01","- 0"
"13688","Santa Rosa del Sur","2012","Trimestre 1","170,550,195.49","51,840.95"
"13688","Santa Rosa del Sur","2013","Trimestre 1","201,256,811.88","64,540.37"
"13688","Santa Rosa del Sur","2014","Trimestre 1","19,595,932.44","8,033.77"
"13688","Santa Rosa del Sur","2015","Trimestre 1","60,321,591.98","20,823.38"
"13688","Santa Rosa del Sur","2016","Trimestre 1","54,888,457.90","15,340.99"
"13688","Santa Rosa del Sur","2017","Trimestre 1","422,201.13","118.34"
"13688","Santa Rosa del Sur","2019","Trimestre 1","6,575,566.10","1,599.51"
"13688","Santa Rosa del Sur","2026","Trimestre 1","82,940,232.92","5,207.00"
"13688","Santa Rosa del Sur","2012","Trimestre 1","274,238,807.69","87,017.60"
"13688","Santa Rosa del Sur","2013","Trimestre 1","252,615,184.09","83,020.31"
"13688","Santa Rosa del Sur","2014","Trimestre 1","94,140,295.92","37,513.23"
"13688","Santa Rosa del Sur","2015","Trimestre 1","209,341,772.28","70,152.99"
"13688","Santa Rosa del Sur","2016","Trimestre 1","45,175,594.17","12,189.42"
"13688","Santa Rosa del Sur","2017","Trimestre 1","5,483,839.41","1,520.03"
"13688","Santa Rosa del Sur","2019","Trimestre 1","12,256,633.42","2,917.25"
"13688","Santa Rosa del Sur","2012","Trimestre 1","285,874,954.67","89,403.92"
"13688","Santa Rosa del Sur","2013","Trimestre 1","534,127,969.28","178,063.19"
"13688","Santa Rosa del Sur","2014","Trimestre 1","413,023,587.77","151,234.28"
"13688","Santa Rosa del Sur","2015","Trimestre 1","362,238,455.37","117,421.01"
"13688","Santa Rosa del Sur","2016","Trimestre 1","28,084,431.29","6,776.32"
"13688","Santa Rosa del Sur","2018","Trimestre 1","826,364.13","210.89"
"13688","Santa Rosa del Sur","2019","Trimestre 1","22,760,687.10","5,380.94"
"13688","Santa Rosa del Sur","2020","Trimestre 1","114,244,655.22","22,214.71"
"13688","Santa Rosa del Sur","2021","Trimestre 1","100,189,906.70","16,424.73"
"13688","Santa Rosa del Sur","2022","Trimestre 1","10,714,023.24","1,430.01"
"13688","Santa Rosa del Sur","2023","Trimestre 1","376,447.91","40.87"
"13688","Santa Rosa del Sur","2024","Trimestre 1","3,850,530.00","470.00"
"13688","Santa Rosa del Sur","2025","Trimestre 1","42,636,027.52","3,487.00"
"13688","Santa Rosa del Sur","2026","Trimestre 1","67,173,670.40","4,000.00"
"13688","Santa Rosa del Sur","2012","Trimestre 2","232,947,377.32","76,601.79"
"13688","Santa Rosa del Sur","2013","Trimestre 2","373,450,201.60","125,775.62"
"13688","Santa Rosa del Sur","2014","Trimestre 2","360,709,991.66","129,833.49"
"13688","Santa Rosa del Sur","2015","Trimestre 2","20,295,322.76","6,471.66"
"13688","Santa Rosa del Sur","2016","Trimestre 2","40,098,039.36","9,953.29"
"13688","Santa Rosa del Sur","2017","Trimestre 2","2,259,968.78","617.52"
"13688","Santa Rosa del Sur","2018","Trimestre 2","746,441.64","192.25"
"13688","Santa Rosa del Sur","2023","Trimestre 2","464,780.19","50.72"
"13688","Santa Rosa del Sur","2012","Trimestre 2","201,926,312.98","66,960.83"
"13688","Santa Rosa del Sur","2013","Trimestre 2","247,237,490.43","88,425.08"
"13688","Santa Rosa del Sur","2014","Trimestre 2","48,542,458.11","18,730.40"
"13688","Santa Rosa del Sur","2015","Trimestre 2","25,700,833.06","8,357.23"
"13688","Santa Rosa del Sur","2016","Trimestre 2","70,646,677.21","18,434.29"
"13688","Santa Rosa del Sur","2017","Trimestre 2","2,844,936.22","763.55"
"13688","Santa Rosa del Sur","2018","Trimestre 2","3,309,546.78","860.36"
"13688","Santa Rosa del Sur","2024","Trimestre 2","9,715,583.58","1,045.56"
"13688","Santa Rosa del Sur","2026","Trimestre 2","182,098,674.10","9,829.74"
"13688","Santa Rosa del Sur","2012","Trimestre 2","102,812,988.10","35,122.48"
"13688","Santa Rosa del Sur","2013","Trimestre 2","345,576,893.59","128,591.69"
"13688","Santa Rosa del Sur","2014","Trimestre 2","28,731,714.25","11,317.37"
"13688","Santa Rosa del Sur","2015","Trimestre 2","14,296,557.60","4,760.03"
"13688","Santa Rosa del Sur","2016","Trimestre 2","10,884,786.11","2,805.77"
"13688","Santa Rosa del Sur","2017","Trimestre 2","2,135,788.75","570.86"
"13688","Santa Rosa del Sur","2018","Trimestre 2","2,631,691.57","688.74"
"13688","Santa Rosa del Sur","2019","Trimestre 2","32,046,023.21","7,556.54"
"13688","Santa Rosa del Sur","2020","Trimestre 2","225,574,019.36","41,094.06"
"13688","Santa Rosa del Sur","2021","Trimestre 2","98,586,157.82","15,472.87"
"13688","Santa Rosa del Sur","2022","Trimestre 2","20,615,480.82","2,721.25"
"13688","Santa Rosa del Sur","2025","Trimestre 2","30,216,734.88","2,140.00"
"13688","Santa Rosa del Sur","2012","Trimestre 3","458,165,299.56","155,979.51"
"13688","Santa Rosa del Sur","2013","Trimestre 3","305,362,048.51","115,819.62"
"13688","Santa Rosa del Sur","2014","Trimestre 3","262,402,064.85","105,599.87"
"13688","Santa Rosa del Sur","2015","Trimestre 3","24,788,987.25","7,976.30"
"13688","Santa Rosa del Sur","2016","Trimestre 3","1,188,742.73","302.46"
"13688","Santa Rosa del Sur","2017","Trimestre 3","2,305,654.86","615.65"
"13688","Santa Rosa del Sur","2018","Trimestre 3","4,775,254.37","1,253.18"
"13688","Santa Rosa del Sur","2025","Trimestre 3","29,822,978.84","2,104.00"
"13688","Santa Rosa del Sur","2026","Trimestre 3","26,305,591.72","1,709.90"
"13688","Santa Rosa del Sur","2012","Trimestre 3","499,259,084.53","170,578.78"
"13688","Santa Rosa del Sur","2013","Trimestre 3","316,954,390.18","125,840.51"
"13688","Santa Rosa del Sur","2014","Trimestre 3","152,116,390.87","60,686.10"
"13688","Santa Rosa del Sur","2015","Trimestre 3","22,113,527.44","6,961.44"
"13688","Santa Rosa del Sur","2016","Trimestre 3","1,534,926.03","376.85"
"13688","Santa Rosa del Sur","2017","Trimestre 3","1,253,135.37","326.36"
"13688","Santa Rosa del Sur","2018","Trimestre 3","2,299,787.62","624.96"
"13688","Santa Rosa del Sur","2025","Trimestre 3","42,607,717.08","3,003.50"
"13688","Santa Rosa del Sur","2012","Trimestre 3","366,438,346.26","121,311.41"
"13688","Santa Rosa del Sur","2013","Trimestre 3","107,402,112.16","40,732.48"
"13688","Santa Rosa del Sur","2014","Trimestre 3","249,203,667.24","98,528.07"
"13688","Santa Rosa del Sur","2015","Trimestre 3","19,649,635.18","5,671.08"
"13688","Santa Rosa del Sur","2016","Trimestre 3","500,701.33","122.37"
"13688","Santa Rosa del Sur","2018","Trimestre 3","9,591,741.58","2,621.91"
"13688","Santa Rosa del Sur","2019","Trimestre 3","60,690,451.27","12,256.51"
"13688","Santa Rosa del Sur","2020","Trimestre 3","174,065,406.29","26,198.65"
"13688","Santa Rosa del Sur","2021","Trimestre 3","48,408,156.30","6,440.00"
"13688","Santa Rosa del Sur","2022","Trimestre 3","5,588,754.68","728.03"
"13688","Santa Rosa del Sur","2024","Trimestre 3","8,428,845.00","828.00"
"13688","Santa Rosa del Sur","2025","Trimestre 3","47,763,698.37","3,367.00"
"13688","Santa Rosa del Sur","2012","Trimestre 4","610,894,374.80","188,760.43"
"13688","Santa Rosa del Sur","2013","Trimestre 4","220,802,234.28","82,903.65"
"13688","Santa Rosa del Sur","2014","Trimestre 4","578,311,277.08","230,194.20"
"13688","Santa Rosa del Sur","2015","Trimestre 4","9,176,395.11","2,581.28"
"13688","Santa Rosa del Sur","2017","Trimestre 4","43,586,651.20","1,299.15"
"13688","Santa Rosa del Sur","2018","Trimestre 4","435,452.69","119.03"
"13688","Santa Rosa del Sur","2025","Trimestre 4","42,059,780.40","3,000.00"
"13688","Santa Rosa del Sur","2012","Trimestre 4","808,916,334.23","249,353.32"
"13688","Santa Rosa del Sur","2013","Trimestre 4","162,433,117.05","63,595.64"
"13688","Santa Rosa del Sur","2014","Trimestre 4","93,254,309.22","36,219.88"
"13688","Santa Rosa del Sur","2015","Trimestre 4","17,472,943.74","4,992.53"
"13688","Santa Rosa del Sur","2018","Trimestre 4","104,841,152.30","27,701.53"
"13688","Santa Rosa del Sur","2025","Trimestre 4","44,392,623.60","3,000.00"
"13688","Santa Rosa del Sur","2012","Trimestre 4","397,282,353.43","123,179.66"
"13688","Santa Rosa del Sur","2013","Trimestre 4","102,441,899.48","40,607.36"
"13688","Santa Rosa del Sur","2014","Trimestre 4","362,963,474.22","141,047.73"
"13688","Santa Rosa del Sur","2015","Trimestre 4","55,603,634.99","16,592.96"
"13688","Santa Rosa del Sur","2016","Trimestre 4","834,923.12","227.24"
"13688","Santa Rosa del Sur","2017","Trimestre 4","1,306,642.44","336.01"
"13688","Santa Rosa del Sur","2018","Trimestre 4","8,778,274.52","2,186.66"
"13688","Santa Rosa del Sur","2019","Trimestre 4","227,496,537.94","44,131.32"
"13688","Santa Rosa del Sur","2020","Trimestre 4","360,785,955.86","51,216.61"
"13688","Santa Rosa del Sur","2021","Trimestre 4","74,538,465.09","10,486.00"
"13688","Santa Rosa del Sur","2022","Trimestre 4","16,248,185.62","2,106.46"
"13688","Santa Rosa del Sur","2024","Trimestre 4","18,104,970.00","1,577.17"
"13688","Santa Rosa del Sur","2025","Trimestre 4","70,536,798.71","3,000.00"
"13744","Simiti","2012","Trimestre 1","122,474,060.70","37,227.58"
"13744","Simiti","2013","Trimestre 1","96,620,744.78","30,984.98"
"13744","Simiti","2014","Trimestre 1","6,805,702.32","2,790.14"
"13744","Simiti","2015","Trimestre 1","283,663,663.87","97,922.42"
"13744","Simiti","2016","Trimestre 1","613,868,833.96","172,257.37"
"13744","Simiti","2017","Trimestre 1","455,184,897.05","125,924.44"
"13744","Simiti","2018","Trimestre 1","273,008,999.20","70,209.72"
"13744","Simiti","2019","Trimestre 1","480,117,674.50","116,788.66"
"13744","Simiti","2012","Trimestre 1","132,328,648.03","41,992.10"
"13744","Simiti","2013","Trimestre 1","381,602,105.01","125,411.00"
"13744","Simiti","2014","Trimestre 1","8,899,059.90","3,546.12"
"13744","Simiti","2015","Trimestre 1","276,938,049.83","92,888.24"
"13744","Simiti","2016","Trimestre 1","835,213,506.42","226,335.69"
"13744","Simiti","2017","Trimestre 1","529,972,782.95","146,963.74"
"13744","Simiti","2018","Trimestre 1","290,452,281.10","73,894.66"
"13744","Simiti","2019","Trimestre 1","608,361,355.50","145,406.11"
"13744","Simiti","2023","Trimestre 1","5,662,563.46","638.75"
"13744","Simiti","2012","Trimestre 1","90,597,259.82","28,333.19"
"13744","Simiti","2013","Trimestre 1","323,476,975.51","107,838.10"
"13744","Simiti","2014","Trimestre 1","7,879,119.17","2,885.05"
"13744","Simiti","2015","Trimestre 1","91,270,034.82","29,548.91"
"13744","Simiti","2016","Trimestre 1","652,577,455.20","159,324.75"
"13744","Simiti","2017","Trimestre 1","450,183,568.03","123,260.68"
"13744","Simiti","2018","Trimestre 1","106,232,222.15","27,102.69"
"13744","Simiti","2019","Trimestre 1","645,121,995.80","152,580.90"
"13744","Simiti","2020","Trimestre 1","529,338,371.88","99,485.22"
"13744","Simiti","2021","Trimestre 1","203,887,046.40","31,489.44"
"13744","Simiti","2022","Trimestre 1","2,404,757.74","321.32"
"13744","Simiti","2023","Trimestre 1","12,221,063.28","1,326.81"
"13744","Simiti","2026","Trimestre 1","6,182,122.70","223.28"
"13744","Simiti","2012","Trimestre 2","99,232,591.95","32,631.38"
"13744","Simiti","2013","Trimestre 2","179,333,369.75","60,398.32"
"13744","Simiti","2014","Trimestre 2","5,768,982.22","2,076.48"
"13744","Simiti","2015","Trimestre 2","163,286,712.66","52,956.74"
"13744","Simiti","2016","Trimestre 2","663,700,628.12","164,464.82"
"13744","Simiti","2017","Trimestre 2","461,407,966.89","124,004.35"
"13744","Simiti","2018","Trimestre 2","283,719,532.70","72,999.11"
"13744","Simiti","2023","Trimestre 2","11,641,497.40","1,270.40"
"13744","Simiti","2012","Trimestre 2","30,693,516.77","10,185.87"
"13744","Simiti","2013","Trimestre 2","139,239,041.41","49,799.18"
"13744","Simiti","2014","Trimestre 2","281,083,622.86","108,457.80"
"13744","Simiti","2015","Trimestre 2","527,609,478.52","170,715.17"
"13744","Simiti","2016","Trimestre 2","773,343,072.57","200,945.97"
"13744","Simiti","2017","Trimestre 2","503,655,108.96","134,631.51"
"13744","Simiti","2018","Trimestre 2","128,439,722.51","33,667.13"
"13744","Simiti","2023","Trimestre 2","8,531,326.64","910.01"
"13744","Simiti","2012","Trimestre 2","45,401,126.27","15,509.72"
"13744","Simiti","2013","Trimestre 2","81,148,432.55","30,195.93"
"13744","Simiti","2014","Trimestre 2","517,625,126.52","203,205.10"
"13744","Simiti","2015","Trimestre 2","866,208,637.83","288,078.19"
"13744","Simiti","2016","Trimestre 2","683,369,712.15","176,274.35"
"13744","Simiti","2017","Trimestre 2","505,004,345.66","134,858.64"
"13744","Simiti","2018","Trimestre 2","310,307,294.00","80,992.66"
"13744","Simiti","2019","Trimestre 2","497,697,588.00","117,881.05"
"13744","Simiti","2020","Trimestre 2","40,037,744.38","6,000.19"
"13744","Simiti","2021","Trimestre 2","120,895,380.45","18,134.00"
"13744","Simiti","2022","Trimestre 2","3,011,650.82","398.72"
"13744","Simiti","2023","Trimestre 2","12,781,266.11","1,372.18"
"13744","Simiti","2012","Trimestre 3","58,699,593.85","19,995.57"
"13744","Simiti","2013","Trimestre 3","55,709,578.70","21,129.88"
"13744","Simiti","2014","Trimestre 3","176,342,983.25","70,966.65"
"13744","Simiti","2015","Trimestre 3","1,078,529,928.38","347,242.26"
"13744","Simiti","2016","Trimestre 3","712,918,141.82","181,470.64"
"13744","Simiti","2017","Trimestre 3","246,701,719.97","64,308.60"
"13744","Simiti","2018","Trimestre 3","421,508,911.00","110,617.58"
"13744","Simiti","2012","Trimestre 3","539,596,618.46","184,424.39"
"13744","Simiti","2013","Trimestre 3","38,948,462.72","15,467.88"
"13744","Simiti","2014","Trimestre 3","343,928,198.19","137,208.50"
"13744","Simiti","2015","Trimestre 3","881,895,948.53","278,022.05"
"13744","Simiti","2016","Trimestre 3","886,048,272.01","218,013.20"
"13744","Simiti","2017","Trimestre 3","672,722,073.52","174,233.84"
"13744","Simiti","2018","Trimestre 3","315,057,862.30","85,572.87"
"13744","Simiti","2012","Trimestre 3","405,254,087.36","134,161.57"
"13744","Simiti","2013","Trimestre 3","22,671,494.60","8,598.21"
"13744","Simiti","2014","Trimestre 3","142,310,747.71","56,265.64"
"13744","Simiti","2015","Trimestre 3","1,098,103,437.00","317,901.87"
"13744","Simiti","2016","Trimestre 3","812,204,903.49","198,544.16"
"13744","Simiti","2017","Trimestre 3","589,549,445.29","150,205.21"
"13744","Simiti","2018","Trimestre 3","291,026,113.10","79,542.67"
"13744","Simiti","2019","Trimestre 3","659,992,540.76","138,848.96"
"13744","Simiti","2020","Trimestre 3","88,093,365.52","12,056.05"
"13744","Simiti","2022","Trimestre 3","12,251,200.51","1,600.53"
"13744","Simiti","2012","Trimestre 4","79,291,574.16","24,500.33"
"13744","Simiti","2013","Trimestre 4","38,272,441.61","14,369.99"
"13744","Simiti","2014","Trimestre 4","82,635,376.89","32,892.64"
"13744","Simiti","2015","Trimestre 4","1,085,660,917.16","305,658.31"
"13744","Simiti","2016","Trimestre 4","869,342,548.31","218,159.46"
"13744","Simiti","2017","Trimestre 4","588,109,091.60","153,925.08"
"13744","Simiti","2018","Trimestre 4","421,054,340.10","112,462.07"
"13744","Simiti","2012","Trimestre 4","60,143,173.95","18,539.49"
"13744","Simiti","2013","Trimestre 4","59,515,736.38","23,301.54"
"13744","Simiti","2014","Trimestre 4","94,582,635.66","36,735.80"
"13744","Simiti","2015","Trimestre 4","1,261,639,230.07","360,016.00"
"13744","Simiti","2016","Trimestre 4","778,577,604.46","203,403.33"
"13744","Simiti","2017","Trimestre 4","499,206,674.90","128,011.58"
"13744","Simiti","2018","Trimestre 4","551,571,234.50","143,486.97"
"13744","Simiti","2025","Trimestre 4","2,562,042.35","105.48"
"13744","Simiti","2012","Trimestre 4","76,936,053.23","23,865.06"
"13744","Simiti","2013","Trimestre 4","55,510,388.00","22,003.99"
"13744","Simiti","2014","Trimestre 4","252,601,940.52","98,178.87"
"13744","Simiti","2015","Trimestre 4","1,123,949,236.32","335,116.46"
"13744","Simiti","2016","Trimestre 4","848,459,938.18","215,011.84"
"13744","Simiti","2017","Trimestre 4","322,109,508.38","81,657.03"
"13744","Simiti","2018","Trimestre 4","383,386,942.70","95,501.38"
"13744","Simiti","2019","Trimestre 4","485,874,271.10","92,247.38"
"13744","Simiti","2020","Trimestre 4","829,245,119.17","113,110.94"
"13744","Simiti","2021","Trimestre 4","439,011,917.47","62,458.63"
"13744","Simiti","2022","Trimestre 4","17,302,797.44","2,179.53"
"13744","Simiti","2025","Trimestre 4","11,156,339.80","467.95"
"13760","Soplaviento","2017","Trimestre 2","124,405.37","33.39"
"13760","Soplaviento","2017","Trimestre 3","117,963.75","31.50"
"13810","Tiquisio","2013","Trimestre 1","45,825,356.44","14,695.58"
"13810","Tiquisio","2014","Trimestre 1","52,956,048.16","21,710.47"
"13810","Tiquisio","2015","Trimestre 1","15,750,852.59","5,437.29"
"13810","Tiquisio","2016","Trimestre 1","50,896,497.11","14,225.26"
"13810","Tiquisio","2017","Trimestre 1","117,566,910.20","30,716.32"
"13810","Tiquisio","2019","Trimestre 1","214,629,397.40","52,208.62"
"13810","Tiquisio","2013","Trimestre 1","153,468,757.01","50,436.49"
"13810","Tiquisio","2014","Trimestre 1","69,275,050.66","27,604.87"
"13810","Tiquisio","2015","Trimestre 1","4,230,452.67","1,369.62"
"13810","Tiquisio","2016","Trimestre 1","125,838,938.43","33,954.24"
"13810","Tiquisio","2017","Trimestre 1","117,228,515.54","32,592.42"
"13810","Tiquisio","2018","Trimestre 1","137,199,836.90","34,905.34"
"13810","Tiquisio","2019","Trimestre 1","20,152,813.73","4,793.31"
"13810","Tiquisio","2013","Trimestre 1","72,412,577.45","24,140.31"
"13810","Tiquisio","2014","Trimestre 1","114,412,656.72","41,893.77"
"13810","Tiquisio","2016","Trimestre 1","131,299,692.06","31,821.17"
"13810","Tiquisio","2017","Trimestre 1","55,113,134.36","15,063.66"
"13810","Tiquisio","2018","Trimestre 1","168,426,491.40","42,985.68"
"13810","Tiquisio","2019","Trimestre 1","82,613,316.19","19,528.61"
"13810","Tiquisio","2020","Trimestre 1","20,056,346.64","3,796.00"
"13810","Tiquisio","2021","Trimestre 1","45,354,111.44","6,586.36"
"13810","Tiquisio","2014","Trimestre 2","111,233,799.67","40,037.35"
"13810","Tiquisio","2015","Trimestre 2","81,697,200.96","26,480.65"
"13810","Tiquisio","2016","Trimestre 2","85,942,357.57","21,301.49"
"13810","Tiquisio","2017","Trimestre 2","68,220,186.63","18,330.88"
"13810","Tiquisio","2018","Trimestre 2","179,157,921.50","46,142.95"
"13810","Tiquisio","2024","Trimestre 2","32,819,941.73","4,000.72"
"13810","Tiquisio","2012","Trimestre 2","476,138.17","158.01"
"13810","Tiquisio","2013","Trimestre 2","45,699,286.68","16,344.46"
"13810","Tiquisio","2014","Trimestre 2","64,549,209.95","24,906.70"
"13810","Tiquisio","2015","Trimestre 2","33,046,822.31","10,745.95"
"13810","Tiquisio","2016","Trimestre 2","30,171,197.92","7,872.76"
"13810","Tiquisio","2017","Trimestre 2","80,345,971.11","21,475.06"
"13810","Tiquisio","2018","Trimestre 2","75,106,158.93","19,779.28"
"13810","Tiquisio","2012","Trimestre 2","141,418,579.88","48,310.74"
"13810","Tiquisio","2013","Trimestre 2","82,002,688.48","30,513.80"
"13810","Tiquisio","2015","Trimestre 2","87,391,910.96","29,097.09"
"13810","Tiquisio","2016","Trimestre 2","33,165,357.96","8,549.03"
"13810","Tiquisio","2017","Trimestre 2","41,248,063.98","11,014.00"
"13810","Tiquisio","2018","Trimestre 2","162,695,044.30","42,269.56"
"13810","Tiquisio","2019","Trimestre 2","532,958,997.00","125,807.62"
"13810","Tiquisio","2020","Trimestre 2","72,343,231.13","11,978.14"
"13810","Tiquisio","2021","Trimestre 2","34,507,344.11","5,200.94"
"13810","Tiquisio","2022","Trimestre 2","28,714,965.52","3,751.63"
"13810","Tiquisio","2012","Trimestre 3","175,205,125.29","59,647.49"
"13810","Tiquisio","2013","Trimestre 3","38,804,176.18","14,717.89"
"13810","Tiquisio","2015","Trimestre 3","189,170,186.49","61,112.09"
"13810","Tiquisio","2016","Trimestre 3","40,393,646.58","10,277.70"
"13810","Tiquisio","2017","Trimestre 3","48,705,043.87","12,687.51"
"13810","Tiquisio","2018","Trimestre 3","102,213,916.70","26,824.24"
"13810","Tiquisio","2012","Trimestre 3","233,125,034.07","79,677.93"
"13810","Tiquisio","2015","Trimestre 3","103,380,292.03","32,559.66"
"13810","Tiquisio","2016","Trimestre 3","51,505,648.21","12,660.09"
"13810","Tiquisio","2017","Trimestre 3","40,482,021.07","10,476.01"
"13810","Tiquisio","2018","Trimestre 3","349,667,263.80","95,021.68"
"13810","Tiquisio","2023","Trimestre 3","16,706,326.21","2,024.90"
"13810","Tiquisio","2012","Trimestre 3","124,196,505.03","41,115.93"
"13810","Tiquisio","2013","Trimestre 3","49,797,578.57","18,885.84"
"13810","Tiquisio","2014","Trimestre 3","48,385,963.80","19,130.44"
"13810","Tiquisio","2015","Trimestre 3","52,590,947.88","15,427.79"
"13810","Tiquisio","2016","Trimestre 3","185,432,296.51","45,367.71"
"13810","Tiquisio","2017","Trimestre 3","250,284,373.76","66,765.09"
"13810","Tiquisio","2018","Trimestre 3","215,264,409.30","58,842.74"
"13810","Tiquisio","2019","Trimestre 3","521,112,158.70","106,374.93"
"13810","Tiquisio","2020","Trimestre 3","84,565,484.46","12,757.88"
"13810","Tiquisio","2021","Trimestre 3","63,857,233.00","9,034.66"
"13810","Tiquisio","2023","Trimestre 3","8,158,577.20","1,000.00"
"13810","Tiquisio","2012","Trimestre 4","114,931,732.69","35,512.79"
"13810","Tiquisio","2013","Trimestre 4","104,528,021.95","39,246.68"
"13810","Tiquisio","2014","Trimestre 4","132,453,651.30","52,722.58"
"13810","Tiquisio","2015","Trimestre 4","63,741,563.74","17,930.19"
"13810","Tiquisio","2016","Trimestre 4","159,289,475.73","39,977.79"
"13810","Tiquisio","2017","Trimestre 4","47,690,922.25","12,079.36"
"13810","Tiquisio","2018","Trimestre 4","41,243,845.11","11,013.04"
"13810","Tiquisio","2023","Trimestre 4","25,294,353.90","3,199.96"
"13810","Tiquisio","2012","Trimestre 4","42,807,762.52","13,195.75"
"13810","Tiquisio","2014","Trimestre 4","190,898,694.99","74,144.86"
"13810","Tiquisio","2015","Trimestre 4","102,092,467.55","29,096.81"
"13810","Tiquisio","2016","Trimestre 4","143,456,561.48","37,430.44"
"13810","Tiquisio","2017","Trimestre 4","18,161,708.72","4,670.43"
"13810","Tiquisio","2018","Trimestre 4","152,690,876.80","40,201.55"
"13810","Tiquisio","2012","Trimestre 4","484,375.11","150.25"
"13810","Tiquisio","2013","Trimestre 4","1,855,628.11","735.56"
"13810","Tiquisio","2014","Trimestre 4","145,924,542.80","56,719.60"
"13810","Tiquisio","2015","Trimestre 4","81,690,479.80","24,190.93"
"13810","Tiquisio","2016","Trimestre 4","182,419,555.30","46,265.65"
"13810","Tiquisio","2017","Trimestre 4","72,902,738.28","18,481.99"
"13810","Tiquisio","2018","Trimestre 4","59,934,916.50","14,929.74"
"13810","Tiquisio","2019","Trimestre 4","376,201,476.70","71,542.89"
"13810","Tiquisio","2020","Trimestre 4","82,597,075.14","11,569.49"
"13810","Tiquisio","2021","Trimestre 4","5,496,936.93","1,304.80"
"13810","Tiquisio","2023","Trimestre 4","32,847,662.08","3,953.90"
"15572","Puerto Boyaca","2026","Trimestre 1","15,926,631.42","610.82"
"15572","Puerto Boyaca","2026","Trimestre 2","7,007,678.99","266.02"
"15572","Puerto Boyaca","2026","Trimestre 1","3,270,686.01","129.84"
"15572","Puerto Boyaca","2025","Trimestre 1","7,544,746.46","408.71"
"15572","Puerto Boyaca","2026","Trimestre 1","26,624,297.95","942.34"
"15572","Puerto Boyaca","2025","Trimestre 2","12,378,138.83","656.85"
"15572","Puerto Boyaca","2026","Trimestre 2","15,028,779.53","529.01"
"15572","Puerto Boyaca","2026","Trimestre 2","9,266,378.27","332.26"
"15572","Puerto Boyaca","2025","Trimestre 2","33,933,255.71","1,600.55"
"15572","Puerto Boyaca","2026","Trimestre 2","19,667,179.37","746.59"
"15572","Puerto Boyaca","2025","Trimestre 3","58,339,915.11","2,742.99"
"15572","Puerto Boyaca","2025","Trimestre 3","33,582,758.91","1,594.10"
"15572","Puerto Boyaca","2025","Trimestre 3","8,872,508.49","425.54"
"15572","Puerto Boyaca","2025","Trimestre 4","43,140,048.07","1,994.50"
"15572","Puerto Boyaca","2025","Trimestre 4","24,091,970.24","1,021.91"
"15572","Puerto Boyaca","2025","Trimestre 4","7,661,941.30","319.42"
"17001","Manizales","2026","Trimestre 1","5,267,660.92","291.77"
"17001","Manizales","2026","Trimestre 3","4,880,810.74","277.62"
"17001","Manizales","2026","Trimestre 2","7,927,271.99","451.39"
"17001","Manizales","2012","Trimestre 1","27,522,865.46","8,365.93"
"17001","Manizales","2013","Trimestre 1","27,291,627.43","8,752.06"
"17001","Manizales","2015","Trimestre 1","45,888,821.64","15,841.10"
"17001","Manizales","2016","Trimestre 1","1,923,977.80","537.74"
"17001","Manizales","2017","Trimestre 1","16,418,624.81","4,060.89"
"17001","Manizales","2019","Trimestre 1","108,896,090.00","26,850.07"
"17001","Manizales","2023","Trimestre 1","4,803,040.22","547.38"
"17001","Manizales","2026","Trimestre 1","20,090,025.12","1,253.35"
"17001","Manizales","2012","Trimestre 1","18,664,880.17","5,922.96"
"17001","Manizales","2013","Trimestre 1","9,351,747.59","3,067.98"
"17001","Manizales","2014","Trimestre 1","4,379,488.70","1,745.15"
"17001","Manizales","2015","Trimestre 1","65,610,414.80","21,310.35"
"17001","Manizales","2016","Trimestre 1","5,571,058.82","1,503.20"
"17001","Manizales","2017","Trimestre 1","1,010,848.30","280.19"
"17001","Manizales","2018","Trimestre 1","3,481,630.59","885.77"
"17001","Manizales","2019","Trimestre 1","37,578,660.30","9,000.43"
"17001","Manizales","2012","Trimestre 1","5,706,323.00","1,804.02"
"17001","Manizales","2013","Trimestre 1","10,299,258.19","3,430.95"
"17001","Manizales","2014","Trimestre 1","6,557,292.61","2,401.04"
"17001","Manizales","2015","Trimestre 1","15,698,036.78","5,109.14"
"17001","Manizales","2016","Trimestre 1","315,396.30","76.10"
"17001","Manizales","2017","Trimestre 1","36,457,939.65","9,193.65"
"17001","Manizales","2018","Trimestre 1","27,957,587.14","7,081.22"
"17001","Manizales","2020","Trimestre 1","309,687,415.70","58,318.80"
"17001","Manizales","2021","Trimestre 1","777,144,754.40","116,126.56"
"17001","Manizales","2022","Trimestre 1","201,493,173.96","27,673.16"
"17001","Manizales","2026","Trimestre 1","5,216,488.24","275.05"
"17001","Manizales","2012","Trimestre 2","13,190,344.52","4,317.44"
"17001","Manizales","2013","Trimestre 2","12,479,013.72","4,202.85"
"17001","Manizales","2014","Trimestre 2","3,331,233.84","1,199.04"
"17001","Manizales","2015","Trimestre 2","1,587,553.81","519.41"
"17001","Manizales","2016","Trimestre 2","2,875,992.39","713.89"
"17001","Manizales","2017","Trimestre 2","27,286,428.96","7,565.76"
"17001","Manizales","2023","Trimestre 2","2,914,614.85","312.85"
"17001","Manizales","2026","Trimestre 2","10,988,708.19","585.92"
"17001","Manizales","2012","Trimestre 2","14,423,876.97","4,777.22"
"17001","Manizales","2013","Trimestre 2","7,058,733.87","2,524.57"
"17001","Manizales","2014","Trimestre 2","8,026,699.06","3,097.15"
"17001","Manizales","2016","Trimestre 2","4,220,261.79","1,101.22"
"17001","Manizales","2017","Trimestre 2","14,909,224.30","4,018.43"
"17001","Manizales","2018","Trimestre 2","85,997,106.74","22,571.76"
"17001","Manizales","2026","Trimestre 2","6,505,625.98","349.90"
"17001","Manizales","2012","Trimestre 2","16,475,261.01","5,628.20"
"17001","Manizales","2013","Trimestre 2","22,865,800.56","8,459.12"
"17001","Manizales","2014","Trimestre 2","6,186,828.39","2,436.98"
"17001","Manizales","2015","Trimestre 2","510,848.86","170.09"
"17001","Manizales","2016","Trimestre 2","26,278,761.95","6,775.66"
"17001","Manizales","2017","Trimestre 2","20,662,128.27","5,517.17"
"17001","Manizales","2018","Trimestre 2","58,507,096.90","15,205.60"
"17001","Manizales","2019","Trimestre 2","647,998,492.20","153,762.97"
"17001","Manizales","2020","Trimestre 2","777,442,777.89","120,527.68"
"17001","Manizales","2021","Trimestre 2","624,847,218.03","94,966.92"
"17001","Manizales","2022","Trimestre 2","5,463,914.10","717.99"
"17001","Manizales","2026","Trimestre 2","4,675,758.01","266.13"
"17001","Manizales","2012","Trimestre 3","42,071,355.31","14,322.93"
"17001","Manizales","2013","Trimestre 3","31,168,456.99","11,799.75"
"17001","Manizales","2014","Trimestre 3","8,942,778.11","3,598.89"
"17001","Manizales","2015","Trimestre 3","20,301,528.26","6,674.22"
"17001","Manizales","2016","Trimestre 3","1,538,446.73","391.44"
"17001","Manizales","2017","Trimestre 3","83,497,560.07","21,931.20"
"17001","Manizales","2018","Trimestre 3","41,729,572.80","10,909.31"
"17001","Manizales","2023","Trimestre 3","5,816,692.65","691.32"
"17001","Manizales","2026","Trimestre 3","5,457,294.13","310.41"
"17001","Manizales","2012","Trimestre 3","34,953,161.84","11,946.36"
"17001","Manizales","2013","Trimestre 3","49,657,038.74","19,513.70"
"17001","Manizales","2014","Trimestre 3","7,958,424.08","3,174.98"
"17001","Manizales","2015","Trimestre 3","8,944,305.55","2,815.71"
"17001","Manizales","2016","Trimestre 3","3,455,854.29","848.47"
"17001","Manizales","2017","Trimestre 3","36,639,851.31","9,543.49"
"17001","Manizales","2012","Trimestre 3","40,361,909.02","13,362.03"
"17001","Manizales","2013","Trimestre 3","32,507,611.56","12,384.41"
"17001","Manizales","2014","Trimestre 3","25,463,072.20","10,074.52"
"17001","Manizales","2015","Trimestre 3","783,028.86","225.99"
"17001","Manizales","2016","Trimestre 3","657,781.69","160.76"
"17001","Manizales","2018","Trimestre 3","113,153,910.70","30,863.50"
"17001","Manizales","2019","Trimestre 3","446,119,577.30","99,434.66"
"17001","Manizales","2020","Trimestre 3","903,599,582.42","129,848.62"
"17001","Manizales","2025","Trimestre 3","5,100,743.71","366.96"
"17001","Manizales","2012","Trimestre 4","54,021,761.41","16,692.20"
"17001","Manizales","2013","Trimestre 4","24,748,030.10","9,292.03"
"17001","Manizales","2014","Trimestre 4","18,927,570.92","7,525.64"
"17001","Manizales","2015","Trimestre 4","553,866.69","155.80"
"17001","Manizales","2016","Trimestre 4","2,783,017.95","698.47"
"17001","Manizales","2018","Trimestre 4","48,634,442.50","12,986.50"
"17001","Manizales","2025","Trimestre 4","4,932,612.38","333.34"
"17001","Manizales","2012","Trimestre 4","43,352,050.37","13,363.53"
"17001","Manizales","2013","Trimestre 4","9,487,803.90","3,714.66"
"17001","Manizales","2014","Trimestre 4","25,346,819.45","9,846.96"
"17001","Manizales","2015","Trimestre 4","22,066,481.01","6,305.04"
"17001","Manizales","2016","Trimestre 4","1,119,012.94","292.88"
"17001","Manizales","2012","Trimestre 4","38,163,830.36","11,464.93"
"17001","Manizales","2013","Trimestre 4","8,356,280.15","3,312.38"
"17001","Manizales","2014","Trimestre 4","25,022,854.07","9,725.64"
"17001","Manizales","2015","Trimestre 4","5,663,753.45","1,655.40"
"17001","Manizales","2016","Trimestre 4","8,842,163.79","2,301.73"
"17001","Manizales","2017","Trimestre 4","118,362,125.76","30,809.26"
"17001","Manizales","2018","Trimestre 4","187,141,371.17","47,788.94"
"17001","Manizales","2019","Trimestre 4","426,549,625.88","89,845.51"
"17001","Manizales","2020","Trimestre 4","967,854,203.44","131,790.73"
"17001","Manizales","2021","Trimestre 4","1,269,390,232.22","180,758.98"
"17001","Manizales","2022","Trimestre 4","161,666,708.90","22,790.96"
"17001","Manizales","2025","Trimestre 4","4,746,560.27","298.64"
"17013","Aguadas","2012","Trimestre 1","278,553.63","84.67"
"17013","Aguadas","2015","Trimestre 1","10,192,520.51","3,518.52"
"17013","Aguadas","2013","Trimestre 1","222,368.70","73.08"
"17013","Aguadas","2015","Trimestre 2","10,399,056.56","3,368.97"
"17013","Aguadas","2014","Trimestre 3","238,647.03","96.04"
"17013","Aguadas","2013","Trimestre 4","214,130.00","57.00"
"17013","Aguadas","2014","Trimestre 4","93,380.00","45.00"
"17042","Anserma","2012","Trimestre 1","1,967,936.83","598.18"
"17042","Anserma","2013","Trimestre 1","4,009,459.09","1,285.78"
"17042","Anserma","2014","Trimestre 1","2,122,394.41","870.12"
"17042","Anserma","2012","Trimestre 1","3,339,847.51","1,059.84"
"17042","Anserma","2013","Trimestre 1","10,935,294.13","3,585.31"
"17042","Anserma","2014","Trimestre 1","39,709,049.27","15,823.35"
"17042","Anserma","2015","Trimestre 1","10,659,528.70","3,451.05"
"17042","Anserma","2024","Trimestre 1","4,542,758.83","548.48"
"17042","Anserma","2012","Trimestre 1","14,487,597.80","4,530.82"
"17042","Anserma","2013","Trimestre 1","15,381,595.42","5,117.39"
"17042","Anserma","2014","Trimestre 1","73,261,676.00","27,199.79"
"17042","Anserma","2015","Trimestre 1","9,094,362.57","2,975.46"
"17042","Anserma","2021","Trimestre 1","9,252,378.11","933.52"
"17042","Anserma","2022","Trimestre 1","62,257,087.86","7,006.97"
"17042","Anserma","2024","Trimestre 1","475,475.37","57.96"
"17042","Anserma","2012","Trimestre 2","989,760.00","325.47"
"17042","Anserma","2013","Trimestre 2","25,025,654.16","8,408.44"
"17042","Anserma","2014","Trimestre 2","78,272,309.83","28,200.78"
"17042","Anserma","2015","Trimestre 2","1,542,701.15","499.20"
"17042","Anserma","2024","Trimestre 2","3,919,686.80","474.93"
"17042","Anserma","2012","Trimestre 2","2,573,615.63","844.47"
"17042","Anserma","2013","Trimestre 2","8,797,024.87","3,095.64"
"17042","Anserma","2015","Trimestre 2","1,068,991.07","344.94"
"17042","Anserma","2024","Trimestre 2","5,776,793.30","621.68"
"17042","Anserma","2012","Trimestre 2","1,457,949.78","486.19"
"17042","Anserma","2013","Trimestre 2","6,512,892.52","2,381.18"
"17042","Anserma","2014","Trimestre 2","32,427,757.41","12,414.28"
"17042","Anserma","2015","Trimestre 2","8,676,802.64","2,843.26"
"17042","Anserma","2022","Trimestre 2","10,052,325.68","1,323.75"
"17042","Anserma","2023","Trimestre 2","462,244.33","49.70"
"17042","Anserma","2012","Trimestre 3","7,540,012.10","2,566.95"
"17042","Anserma","2012","Trimestre 3","3,644,282.50","1,245.55"
"17042","Anserma","2013","Trimestre 3","5,929,964.66","2,327.07"
"17042","Anserma","2015","Trimestre 3","320,696.16","100.96"
"17042","Anserma","2023","Trimestre 3","3,941,574.43","337.61"
"17042","Anserma","2012","Trimestre 3","6,018,840.63","1,992.57"
"17042","Anserma","2013","Trimestre 3","7,687,321.50","2,915.43"
"17042","Anserma","2021","Trimestre 3","11,752,702.13","1,411.39"
"17042","Anserma","2022","Trimestre 3","42,068,363.01","3,767.44"
"17042","Anserma","2023","Trimestre 3","406,297.14","49.80"
"17042","Anserma","2012","Trimestre 4","5,098,186.01","1,575.29"
"17042","Anserma","2013","Trimestre 4","3,712,221.79","1,393.81"
"17042","Anserma","2023","Trimestre 4","514,525.67","64.04"
"17042","Anserma","2012","Trimestre 4","6,536,547.37","2,014.93"
"17042","Anserma","2012","Trimestre 4","7,338,965.71","2,229.99"
"17042","Anserma","2020","Trimestre 4","8,130,895.47","738.38"
"17042","Anserma","2021","Trimestre 4","53,925,135.38","7,263.07"
"17042","Anserma","2022","Trimestre 4","106,860,814.00","8,311.71"
"17042","Anserma","2023","Trimestre 4","5,512,682.91","666.33"
"17174","Chinchina","2014","Trimestre 1","10,322,583.11","4,231.96"
"17174","Chinchina","2023","Trimestre 1","18,059,253.69","2,040.61"
"17174","Chinchina","2023","Trimestre 1","24,203,157.46","2,677.86"
"17174","Chinchina","2017","Trimestre 1","116,828,958.63","29,411.03"
"17174","Chinchina","2020","Trimestre 1","42,084,184.61","8,158.15"
"17174","Chinchina","2021","Trimestre 1","175,101,823.80","25,982.67"
"17174","Chinchina","2022","Trimestre 1","72,545,810.24","9,849.32"
"17174","Chinchina","2023","Trimestre 1","26,025,789.89","2,826.89"
"17174","Chinchina","2023","Trimestre 2","3,850,747.83","420.22"
"17174","Chinchina","2016","Trimestre 2","288,044,498.25","75,161.30"
"17174","Chinchina","2023","Trimestre 2","16,132,600.90","1,760.50"
"17174","Chinchina","2013","Trimestre 2","6,738,996.84","2,507.63"
"17174","Chinchina","2014","Trimestre 2","11,052,222.33","4,312.81"
"17174","Chinchina","2016","Trimestre 2","397,808,121.05","102,569.06"
"17174","Chinchina","2020","Trimestre 2","1,711,179,469.31","290,505.72"
"17174","Chinchina","2021","Trimestre 2","77,972,793.57","11,733.99"
"17174","Chinchina","2022","Trimestre 2","40,056,141.19","5,224.23"
"17174","Chinchina","2023","Trimestre 2","15,297,973.05","1,660.31"
"17174","Chinchina","2013","Trimestre 3","11,974,562.37","4,541.79"
"17174","Chinchina","2014","Trimestre 3","15,418,451.86","6,204.93"
"17174","Chinchina","2016","Trimestre 3","29,697,123.24","7,556.09"
"17174","Chinchina","2023","Trimestre 3","55,984,402.17","5,986.80"
"17174","Chinchina","2013","Trimestre 3","6,617,150.85","2,576.36"
"17174","Chinchina","2014","Trimestre 3","15,862,032.14","6,338.16"
"17174","Chinchina","2023","Trimestre 3","45,083,254.08","5,230.06"
"17174","Chinchina","2013","Trimestre 3","6,576,864.80","2,494.29"
"17174","Chinchina","2014","Trimestre 3","909,719.94","362.23"
"17174","Chinchina","2019","Trimestre 3","6,143,131.50","1,219.66"
"17174","Chinchina","2020","Trimestre 3","1,306,186,316.26","250,215.18"
"17174","Chinchina","2021","Trimestre 3","19,882,668.17","2,941.29"
"17174","Chinchina","2022","Trimestre 3","94,806,865.97","12,416.01"
"17174","Chinchina","2023","Trimestre 3","53,380,528.78","6,407.66"
"17174","Chinchina","2013","Trimestre 4","217,063.81","81.50"
"17174","Chinchina","2023","Trimestre 4","30,698,817.18","3,650.89"
"17174","Chinchina","2016","Trimestre 4","42,565,707.28","11,019.00"
"17174","Chinchina","2019","Trimestre 4","175,320,087.76","35,471.39"
"17174","Chinchina","2020","Trimestre 4","198,073,665.57","29,637.04"
"17174","Chinchina","2021","Trimestre 4","135,130,322.34","20,096.85"
"17174","Chinchina","2022","Trimestre 4","63,448,952.25","8,005.81"
"17272","Filadelfia","2013","Trimestre 1","1,588,809.52","509.51"
"17272","Filadelfia","2014","Trimestre 1","15,926,846.77","6,529.55"
"17272","Filadelfia","2013","Trimestre 3","18,605.88","332.25"
"17272","Filadelfia","2017","Trimestre 3","108,205.81","28.89"
"17272","Filadelfia","2013","Trimestre 4","22,888,355.43","8,593.79"
"17272","Filadelfia","2013","Trimestre 4","27,323,351.93","10,697.61"
"17272","Filadelfia","2012","Trimestre 4","1,775,182.39","550.65"
"17272","Filadelfia","2013","Trimestre 4","31,382,620.79","12,439.89"
"17272","Filadelfia","2016","Trimestre 4","65,122,296.07","16,531.89"
"17380","La Dorada","2012","Trimestre 1","2,814,454.31","855.49"
"17380","La Dorada","2014","Trimestre 1","173,475.48","71.12"
"17380","La Dorada","2018","Trimestre 1","3,752,537.58","965.04"
"17380","La Dorada","2019","Trimestre 1","9,649,657.75","2,347.28"
"17380","La Dorada","2022","Trimestre 1","39,029,767.22","5,362.69"
"17380","La Dorada","2026","Trimestre 1","590,422.24","41.62"
"17380","La Dorada","2012","Trimestre 1","1,198,776.60","380.41"
"17380","La Dorada","2013","Trimestre 1","542,776.80","178.38"
"17380","La Dorada","2014","Trimestre 1","848,770.80","338.22"
"17380","La Dorada","2015","Trimestre 1","1,226,350.91","397.03"
"17380","La Dorada","2018","Trimestre 1","3,234,669.36","822.94"
"17380","La Dorada","2019","Trimestre 1","11,581,927.48","2,754.74"
"17380","La Dorada","2023","Trimestre 1","4,888,539.74","636.22"
"17380","La Dorada","2012","Trimestre 1","513,689.04","160.65"
"17380","La Dorada","2013","Trimestre 1","860,840.70","286.98"
"17380","La Dorada","2015","Trimestre 1","741,729.06","242.68"
"17380","La Dorada","2019","Trimestre 1","4,476,454.43","1,058.17"
"17380","La Dorada","2020","Trimestre 1","21,052,481.97","3,999.26"
"17380","La Dorada","2021","Trimestre 1","10,494,770.83","1,576.93"
"17380","La Dorada","2022","Trimestre 1","156,142,592.80","20,794.82"
"17380","La Dorada","2023","Trimestre 1","8,896,487.25","1,133.02"
"17380","La Dorada","2015","Trimestre 2","3,314,021.56","1,056.76"
"17380","La Dorada","2018","Trimestre 2","3,638,645.69","937.15"
"17380","La Dorada","2013","Trimestre 2","269,591.36","96.42"
"17380","La Dorada","2015","Trimestre 2","2,482,389.67","826.51"
"17380","La Dorada","2017","Trimestre 2","1,863,466.56","497.58"
"17380","La Dorada","2018","Trimestre 2","2,655,496.49","693.10"
"17380","La Dorada","2019","Trimestre 2","8,436,217.56","1,972.50"
"17380","La Dorada","2020","Trimestre 2","47,732,180.39","7,147.54"
"17380","La Dorada","2021","Trimestre 2","75,931,143.30","11,053.54"
"17380","La Dorada","2022","Trimestre 2","178,116,833.24","23,466.26"
"17380","La Dorada","2015","Trimestre 3","656,886.32","211.37"
"17380","La Dorada","2018","Trimestre 3","2,742,916.25","719.83"
"17380","La Dorada","2013","Trimestre 3","1,671,841.24","663.95"
"17380","La Dorada","2014","Trimestre 3","689,167.35","274.94"
"17380","La Dorada","2018","Trimestre 3","2,592,246.50","704.44"
"17380","La Dorada","2015","Trimestre 3","2,186,459.02","631.03"
"17380","La Dorada","2017","Trimestre 3","2,860,499.41","728.75"
"17380","La Dorada","2018","Trimestre 3","2,707,032.55","739.97"
"17380","La Dorada","2019","Trimestre 3","27,442,774.31","5,972.40"
"17380","La Dorada","2020","Trimestre 3","33,628,080.16","4,862.72"
"17380","La Dorada","2021","Trimestre 3","234,853,731.70","62,375.68"
"17380","La Dorada","2022","Trimestre 3","41,581,576.94","5,493.16"
"17380","La Dorada","2014","Trimestre 4","1,610,142.55","640.91"
"17380","La Dorada","2018","Trimestre 4","3,260,621.70","870.66"
"17380","La Dorada","2024","Trimestre 4","44,678.71","- 0"
"17380","La Dorada","2014","Trimestre 4","158,599.80","61.60"
"17380","La Dorada","2015","Trimestre 4","1,110,758.36","317.38"
"17380","La Dorada","2017","Trimestre 4","3,256,985.06","837.56"
"17380","La Dorada","2012","Trimestre 4","666,680.68","206.80"
"17380","La Dorada","2015","Trimestre 4","28,995,888.53","9,497.05"
"17380","La Dorada","2017","Trimestre 4","2,478,676.97","623.25"
"17380","La Dorada","2018","Trimestre 4","9,040,614.87","2,252.01"
"17380","La Dorada","2019","Trimestre 4","23,287,138.45","4,522.51"
"17380","La Dorada","2020","Trimestre 4","61,514,789.63","6,961.62"
"17380","La Dorada","2021","Trimestre 4","372,578,680.28","84,923.33"
"17380","La Dorada","2022","Trimestre 4","23,990,821.31","3,097.46"
"17388","La Merced","2014","Trimestre 1","669,607.54","274.52"
"17388","La Merced","2014","Trimestre 1","1,257,270.92","501.00"
"17388","La Merced","2014","Trimestre 1","1,691,822.20","619.48"
"17388","La Merced","2014","Trimestre 2","800,136.23","288.00"
"17388","La Merced","2014","Trimestre 2","423,967.51","167.00"
"17388","La Merced","2014","Trimestre 3","1,530,680.66","616.00"
"17388","La Merced","2013","Trimestre 3","1,223,255.48","485.80"
"17388","La Merced","2014","Trimestre 3","599,079.79","239.00"
"17388","La Merced","2013","Trimestre 3","1,108,945.52","420.57"
"17388","La Merced","2014","Trimestre 3","1,182,861.64","467.67"
"17388","La Merced","2013","Trimestre 4","2,193,516.33","823.59"
"17388","La Merced","2014","Trimestre 4","1,321,582.58","526.05"
"17388","La Merced","2013","Trimestre 4","3,786,319.94","1,482.42"
"17388","La Merced","2013","Trimestre 4","511,183.21","202.63"
"17433","Manzanares","2014","Trimestre 1","90,640.45","37.16"
"17433","Manzanares","2014","Trimestre 1","381,422.37","151.99"
"17433","Manzanares","2013","Trimestre 1","10,607,150.40","3,390.41"
"17433","Manzanares","2014","Trimestre 1","426,612.38","156.21"
"17433","Manzanares","2013","Trimestre 2","1,600,743.24","539.12"
"17433","Manzanares","2013","Trimestre 2","1,305,485.40","466.91"
"17433","Manzanares","2014","Trimestre 2","295,110.09","113.87"
"17433","Manzanares","2013","Trimestre 2","1,730,656.67","643.99"
"17433","Manzanares","2014","Trimestre 2","127,520.29","50.23"
"17433","Manzanares","2013","Trimestre 3","666,752.38","252.89"
"17433","Manzanares","2013","Trimestre 3","828,177.70","328.90"
"17433","Manzanares","2013","Trimestre 3","222,595.95","84.42"
"17433","Manzanares","2013","Trimestre 4","782,851.94","293.93"
"17433","Manzanares","2013","Trimestre 4","1,158,283.66","453.49"
"17433","Manzanares","2013","Trimestre 4","1,231,123.32","488.01"
"17433","Manzanares","2020","Trimestre 4","955,462.75","127.50"
"17442","Marmato","2026","Trimestre 1","1,726,847,199.07","97,447.85"
"17442","Marmato","2026","Trimestre 3","13,042,707.52","763.47"
"17442","Marmato","2026","Trimestre 2","1,124,151,066.07","64,346.50"
"17442","Marmato","2012","Trimestre 1","225,532,795.07","82,192.06"
"17442","Marmato","2013","Trimestre 1","231,806,536.70","90,211.78"
"17442","Marmato","2014","Trimestre 1","165,134,525.26","102,160.86"
"17442","Marmato","2015","Trimestre 1","204,000,694.42","89,573.88"
"17442","Marmato","2016","Trimestre 1","228,711,960.54","81,099.92"
"17442","Marmato","2017","Trimestre 1","518,161,073.70","154,296.85"
"17442","Marmato","2018","Trimestre 1","455,603,717.00","120,865.31"
"17442","Marmato","2019","Trimestre 1","490,830,538.90","122,082.67"
"17442","Marmato","2022","Trimestre 1","351,878,469.44","54,040.32"
"17442","Marmato","2023","Trimestre 1","761,761,249.20","91,358.55"
"17442","Marmato","2024","Trimestre 1","261,858,477.00","31,616.06"
"17442","Marmato","2025","Trimestre 1","993,492,270.38","85,635.62"
"17442","Marmato","2026","Trimestre 1","2,537,362,914.72","157,082.39"
"17442","Marmato","2012","Trimestre 1","203,210,491.09","81,027.62"
"17442","Marmato","2013","Trimestre 1","132,278,583.81","52,463.14"
"17442","Marmato","2014","Trimestre 1","138,758,393.61","102,875.72"
"17442","Marmato","2015","Trimestre 1","218,285,817.02","109,358.67"
"17442","Marmato","2016","Trimestre 1","255,906,946.62","78,105.92"
"17442","Marmato","2017","Trimestre 1","544,507,819.25","150,946.97"
"17442","Marmato","2018","Trimestre 1","473,830,004.90","120,595.27"
"17442","Marmato","2019","Trimestre 1","594,759,566.90","141,499.59"
"17442","Marmato","2023","Trimestre 1","988,057,174.20","109,155.06"
"17442","Marmato","2024","Trimestre 1","1,081,146,372.00","135,929.38"
"17442","Marmato","2025","Trimestre 1","1,256,603,172.52","106,592.78"
"17442","Marmato","2012","Trimestre 1","182,074,981.79","80,627.72"
"17442","Marmato","2013","Trimestre 1","166,982,096.18","103,089.49"
"17442","Marmato","2014","Trimestre 1","136,667,119.37","85,764.95"
"17442","Marmato","2016","Trimestre 1","238,237,316.40","67,761.50"
"17442","Marmato","2017","Trimestre 1","639,670,554.32","194,978.08"
"17442","Marmato","2018","Trimestre 1","782,403,138.00","209,413.17"
"17442","Marmato","2019","Trimestre 1","415,635,719.60","101,549.20"
"17442","Marmato","2020","Trimestre 1","1,600,270,556.04","323,262.63"
"17442","Marmato","2021","Trimestre 1","2,485,115,541.00","391,233.20"
"17442","Marmato","2022","Trimestre 1","2,240,645,749.26","302,834.19"
"17442","Marmato","2023","Trimestre 1","1,338,665,346.99","147,401.56"
"17442","Marmato","2024","Trimestre 1","939,119,560.77","115,953.83"
"17442","Marmato","2025","Trimestre 1","1,109,335,495.50","90,548.24"
"17442","Marmato","2026","Trimestre 1","2,021,205,145.85","109,021.90"
"17442","Marmato","2012","Trimestre 2","152,995,131.17","71,081.64"
"17442","Marmato","2013","Trimestre 2","257,933,484.57","121,957.46"
"17442","Marmato","2014","Trimestre 2","154,305,996.99","90,210.09"
"17442","Marmato","2015","Trimestre 2","318,249,409.52","128,807.08"
"17442","Marmato","2016","Trimestre 2","418,609,183.03","122,617.36"
"17442","Marmato","2017","Trimestre 2","487,839,509.42","140,420.37"
"17442","Marmato","2018","Trimestre 2","604,950,714.30","155,807.85"
"17442","Marmato","2023","Trimestre 2","982,800,116.60","108,535.79"
"17442","Marmato","2024","Trimestre 2","1,367,405,166.00","160,843.07"
"17442","Marmato","2025","Trimestre 2","1,763,340,755.61","171,218.91"
"17442","Marmato","2026","Trimestre 2","1,777,352,884.05","96,097.06"
"17442","Marmato","2012","Trimestre 2","324,292,582.54","138,088.16"
"17442","Marmato","2013","Trimestre 2","91,828,938.14","66,368.91"
"17442","Marmato","2014","Trimestre 2","157,033,468.16","79,666.55"
"17442","Marmato","2015","Trimestre 2","600,798,253.64","217,584.80"
"17442","Marmato","2016","Trimestre 2","255,096,694.26","77,283.41"
"17442","Marmato","2017","Trimestre 2","590,059,699.71","158,243.81"
"17442","Marmato","2018","Trimestre 2","361,684,667.64","95,145.78"
"17442","Marmato","2023","Trimestre 2","1,246,458,486.00","133,620.18"
"17442","Marmato","2024","Trimestre 2","976,623,529.00","106,839.62"
"17442","Marmato","2026","Trimestre 2","607,446,268.75","34,615.88"
"17442","Marmato","2012","Trimestre 2","249,367,514.90","95,581.14"
"17442","Marmato","2013","Trimestre 2","223,221,176.96","112,931.32"
"17442","Marmato","2014","Trimestre 2","256,878,363.64","138,214.34"
"17442","Marmato","2015","Trimestre 2","236,076,235.94","85,032.36"
"17442","Marmato","2016","Trimestre 2","396,529,399.49","108,475.11"
"17442","Marmato","2017","Trimestre 2","590,097,901.46","157,572.11"
"17442","Marmato","2018","Trimestre 2","813,172,094.13","222,754.36"
"17442","Marmato","2019","Trimestre 2","985,276,953.80","240,965.68"
"17442","Marmato","2020","Trimestre 2","1,950,636,377.07","306,139.14"
"17442","Marmato","2021","Trimestre 2","2,414,294,156.45","377,771.76"
"17442","Marmato","2022","Trimestre 2","3,326,820,534.62","456,587.31"
"17442","Marmato","2023","Trimestre 2","885,934,802.90","99,935.57"
"17442","Marmato","2025","Trimestre 2","2,840,724,796.63","204,633.93"
"17442","Marmato","2026","Trimestre 2","841,841,297.24","47,969.63"
"17442","Marmato","2012","Trimestre 3","382,590,825.64","175,851.91"
"17442","Marmato","2013","Trimestre 3","196,633,440.05","99,886.96"
"17442","Marmato","2014","Trimestre 3","151,884,566.50","97,036.36"
"17442","Marmato","2015","Trimestre 3","131,548,484.99","42,354.60"
"17442","Marmato","2016","Trimestre 3","261,521,598.10","66,541.15"
"17442","Marmato","2017","Trimestre 3","637,829,654.05","166,115.23"
"17442","Marmato","2018","Trimestre 3","388,994,664.00","102,084.79"
"17442","Marmato","2023","Trimestre 3","1,035,037,874.00","118,506.61"
"17442","Marmato","2024","Trimestre 3","1,249,079,325.00","136,136.58"
"17442","Marmato","2025","Trimestre 3","1,189,462,130.12","85,440.16"
"17442","Marmato","2026","Trimestre 3","1,886,878,095.25","113,877.59"
"17442","Marmato","2012","Trimestre 3","171,838,237.96","86,131.50"
"17442","Marmato","2013","Trimestre 3","214,627,600.29","133,891.47"
"17442","Marmato","2014","Trimestre 3","215,215,970.48","120,192.09"
"17442","Marmato","2015","Trimestre 3","545,746,851.68","203,343.53"
"17442","Marmato","2016","Trimestre 3","368,340,567.06","113,045.11"
"17442","Marmato","2017","Trimestre 3","693,796,446.68","208,368.43"
"17442","Marmato","2018","Trimestre 3","597,231,804.10","175,197.34"
"17442","Marmato","2023","Trimestre 3","1,217,309,868.00","147,864.69"
"17442","Marmato","2024","Trimestre 3","1,290,071,219.39","133,432.83"
"17442","Marmato","2025","Trimestre 3","700,881,368.00","50,667.93"
"17442","Marmato","2012","Trimestre 3","362,975,201.26","154,177.69"
"17442","Marmato","2013","Trimestre 3","150,350,216.64","89,908.65"
"17442","Marmato","2014","Trimestre 3","174,391,457.79","95,604.18"
"17442","Marmato","2015","Trimestre 3","189,275,846.60","76,152.79"
"17442","Marmato","2016","Trimestre 3","303,021,331.35","74,057.56"
"17442","Marmato","2017","Trimestre 3","499,316,581.55","133,502.39"
"17442","Marmato","2018","Trimestre 3","370,113,174.40","101,004.39"
"17442","Marmato","2019","Trimestre 3","1,418,226,927.30","292,384.66"
"17442","Marmato","2020","Trimestre 3","2,815,471,711.31","419,879.93"
"17442","Marmato","2021","Trimestre 3","662,571,476.71","102,088.78"
"17442","Marmato","2022","Trimestre 3","3,245,585,032.80","442,066.41"
"17442","Marmato","2023","Trimestre 3","1,021,915,547.20","128,491.85"
"17442","Marmato","2024","Trimestre 3","1,438,304,672.07","142,130.91"
"17442","Marmato","2025","Trimestre 3","2,070,148,065.70","149,064.20"
"17442","Marmato","2012","Trimestre 4","298,674,399.30","129,371.30"
"17442","Marmato","2013","Trimestre 4","168,086,621.88","102,789.51"
"17442","Marmato","2014","Trimestre 4","197,613,533.79","112,801.01"
"17442","Marmato","2015","Trimestre 4","392,637,996.63","121,776.79"
"17442","Marmato","2016","Trimestre 4","304,277,575.74","76,366.29"
"17442","Marmato","2017","Trimestre 4","683,389,679.60","178,363.51"
"17442","Marmato","2018","Trimestre 4","498,190,749.40","142,079.31"
"17442","Marmato","2023","Trimestre 4","1,106,563,236.00","141,343.99"
"17442","Marmato","2024","Trimestre 4","1,002,606,619.24","94,078.80"
"17442","Marmato","2025","Trimestre 4","1,434,845,794.59","97,738.96"
"17442","Marmato","2012","Trimestre 4","201,979,835.97","92,552.33"
"17442","Marmato","2013","Trimestre 4","209,926,301.77","120,219.28"
"17442","Marmato","2014","Trimestre 4","224,544,951.42","90,920.57"
"17442","Marmato","2015","Trimestre 4","96,712,414.38","27,633.15"
"17442","Marmato","2016","Trimestre 4","436,717,270.93","137,190.08"
"17442","Marmato","2017","Trimestre 4","285,735,654.40","73,479.23"
"17442","Marmato","2018","Trimestre 4","542,530,685.10","145,282.07"
"17442","Marmato","2024","Trimestre 4","1,349,175,714.20","119,429.89"
"17442","Marmato","2025","Trimestre 4","853,984,398.40","54,019.28"
"17442","Marmato","2012","Trimestre 4","448,759,502.22","165,485.81"
"17442","Marmato","2013","Trimestre 4","432,410,681.41","214,819.92"
"17442","Marmato","2014","Trimestre 4","476,859,752.56","357,349.67"
"17442","Marmato","2015","Trimestre 4","700,704,814.31","301,524.64"
"17442","Marmato","2016","Trimestre 4","1,259,224,595.59","332,008.09"
"17442","Marmato","2017","Trimestre 4","1,328,115,125.79","350,388.10"
"17442","Marmato","2018","Trimestre 4","789,499,302.83","199,414.66"
"17442","Marmato","2019","Trimestre 4","1,506,787,694.85","322,017.23"
"17442","Marmato","2020","Trimestre 4","3,155,590,212.96","448,736.93"
"17442","Marmato","2021","Trimestre 4","4,369,771,299.81","669,463.14"
"17442","Marmato","2022","Trimestre 4","3,636,725,499.98","455,456.96"
"17442","Marmato","2023","Trimestre 4","2,292,661,759.51","284,997.06"
"17442","Marmato","2024","Trimestre 4","1,515,746,738.31","127,910.87"
"17442","Marmato","2025","Trimestre 4","1,922,589,760.00","121,109.24"
"17486","Neira","2013","Trimestre 1","3,125,106.71","1,002.18"
"17486","Neira","2016","Trimestre 1","5,828,821.93","1,629.12"
"17486","Neira","2017","Trimestre 1","5,503,875.29","1,542.76"
"17486","Neira","2012","Trimestre 1","1,723,747.53","547.00"
"17486","Neira","2013","Trimestre 1","7,193,889.16","2,364.22"
"17486","Neira","2016","Trimestre 1","91,327,481.23","24,642.26"
"17486","Neira","2012","Trimestre 1","5,450,891.44","1,704.70"
"17486","Neira","2013","Trimestre 1","10,971,483.21","3,643.01"
"17486","Neira","2016","Trimestre 1","45,315,927.46","10,934.00"
"17486","Neira","2017","Trimestre 1","297,992,056.36","77,167.57"
"17486","Neira","2013","Trimestre 2","12,834,662.42","4,314.69"
"17486","Neira","2014","Trimestre 2","808,332.07","290.95"
"17486","Neira","2016","Trimestre 2","47,379,434.25","11,704.94"
"17486","Neira","2012","Trimestre 2","248,118.58","82.34"
"17486","Neira","2013","Trimestre 2","15,322,235.46","5,427.17"
"17486","Neira","2016","Trimestre 2","42,771,798.68","11,160.72"
"17486","Neira","2013","Trimestre 2","8,285,150.10","3,077.24"
"17486","Neira","2014","Trimestre 2","323,433.90","127.40"
"17486","Neira","2016","Trimestre 2","12,923,577.29","3,331.31"
"17486","Neira","2014","Trimestre 3","3,238,582.33","1,303.32"
"17486","Neira","2016","Trimestre 3","40,751,230.84","10,368.68"
"17486","Neira","2012","Trimestre 3","5,157,147.63","1,762.62"
"17486","Neira","2013","Trimestre 3","1,155,748.76","437.96"
"17486","Neira","2014","Trimestre 3","12,173,251.20","4,856.46"
"17486","Neira","2016","Trimestre 3","47,330,300.44","11,620.38"
"17486","Neira","2012","Trimestre 3","4,712,564.00","1,560.12"
"17486","Neira","2013","Trimestre 3","5,615,981.27","2,177.38"
"17486","Neira","2016","Trimestre 3","28,382,117.97","6,936.51"
"17486","Neira","2020","Trimestre 3","599,110,905.89","154,236.95"
"17486","Neira","2012","Trimestre 4","3,033,428.61","937.30"
"17486","Neira","2013","Trimestre 4","7,539,944.39","2,830.99"
"17486","Neira","2012","Trimestre 4","4,230,412.27","1,304.05"
"17486","Neira","2016","Trimestre 4","43,179,388.47","11,301.37"
"17486","Neira","2012","Trimestre 4","2,729,443.21","809.24"
"17486","Neira","2016","Trimestre 4","35,664,947.45","9,034.46"
"17486","Neira","2017","Trimestre 4","31,307,803.30","8,714.75"
"17486","Neira","2020","Trimestre 4","270,646,604.90","72,972.48"
"17495","Norcasia","2012","Trimestre 1","8,460,272.88","2,571.61"
"17495","Norcasia","2014","Trimestre 1","292,678.89","119.99"
"17495","Norcasia","2016","Trimestre 1","18,220,550.44","5,092.53"
"17495","Norcasia","2012","Trimestre 1","13,124,903.64","4,164.95"
"17495","Norcasia","2013","Trimestre 1","2,520,574.18","828.37"
"17495","Norcasia","2016","Trimestre 1","36,373,394.58","9,814.38"
"17495","Norcasia","2017","Trimestre 1","14,329,128.70","3,971.79"
"17495","Norcasia","2012","Trimestre 1","3,257,808.55","1,018.84"
"17495","Norcasia","2013","Trimestre 1","1,453,572.34","484.58"
"17495","Norcasia","2016","Trimestre 1","23,845,879.69","5,782.01"
"17495","Norcasia","2012","Trimestre 2","775,246.62","254.93"
"17495","Norcasia","2013","Trimestre 2","1,746,589.27","588.24"
"17495","Norcasia","2014","Trimestre 2","687,978.25","247.63"
"17495","Norcasia","2016","Trimestre 2","91,380,031.75","22,682.71"
"17495","Norcasia","2012","Trimestre 2","1,204,884.80","399.85"
"17495","Norcasia","2013","Trimestre 2","182,747.27","65.36"
"17495","Norcasia","2014","Trimestre 2","1,483,403.13","572.38"
"17495","Norcasia","2016","Trimestre 2","96,018,188.85","25,054.64"
"17495","Norcasia","2012","Trimestre 2","1,203,605.61","411.17"
"17495","Norcasia","2014","Trimestre 2","5,870,629.86","2,312.43"
"17495","Norcasia","2015","Trimestre 2","18,917,651.39","6,187.92"
"17495","Norcasia","2016","Trimestre 2","5,935,377.52","1,529.96"
"17495","Norcasia","2013","Trimestre 3","995,606.91","377.62"
"17495","Norcasia","2015","Trimestre 3","45,402,146.88","14,731.36"
"17495","Norcasia","2016","Trimestre 3","7,588,811.15","1,930.89"
"17495","Norcasia","2017","Trimestre 3","75,327.65","20.58"
"17495","Norcasia","2014","Trimestre 3","383,335.87","152.93"
"17495","Norcasia","2015","Trimestre 3","47,439,648.68","14,934.23"
"17495","Norcasia","2016","Trimestre 3","10,903,444.23","2,685.64"
"17495","Norcasia","2012","Trimestre 3","492,545.88","163.06"
"17495","Norcasia","2015","Trimestre 3","322,780.93","93.16"
"17495","Norcasia","2016","Trimestre 3","8,839,793.57","2,160.42"
"17495","Norcasia","2019","Trimestre 3","132,099.54","28.33"
"17495","Norcasia","2012","Trimestre 4","2,850,574.97","880.80"
"17495","Norcasia","2015","Trimestre 4","4,476,647.05","1,259.26"
"17495","Norcasia","2016","Trimestre 4","20,516,674.51","5,149.19"
"17495","Norcasia","2012","Trimestre 4","10,099,202.99","3,113.14"
"17495","Norcasia","2013","Trimestre 4","413,977.41","162.08"
"17495","Norcasia","2015","Trimestre 4","10,883,561.95","3,101.49"
"17495","Norcasia","2016","Trimestre 4","5,228,108.22","1,338.44"
"17495","Norcasia","2012","Trimestre 4","2,100,495.48","651.56"
"17495","Norcasia","2013","Trimestre 4","517,263.02","205.04"
"17495","Norcasia","2015","Trimestre 4","22,490,076.62","6,698.07"
"17495","Norcasia","2016","Trimestre 4","12,886,508.79","3,264.18"
"17513","Pacora","2026","Trimestre 1","1,324,530.17","- 0"
"17513","Pacora","2026","Trimestre 2","1,011,525.61","- 0"
"17513","Pacora","2025","Trimestre 1","704,206.00","- 0"
"17513","Pacora","2026","Trimestre 1","1,696,795.02","- 0"
"17513","Pacora","2025","Trimestre 1","933,057.47","- 0"
"17513","Pacora","2025","Trimestre 1","795,701.43","- 0"
"17513","Pacora","2026","Trimestre 1","1,430,331.79","- 0"
"17513","Pacora","2025","Trimestre 2","845,221.06","- 0"
"17513","Pacora","2026","Trimestre 2","1,538,609.49","- 0"
"17513","Pacora","2026","Trimestre 2","500,189.10","- 0"
"17513","Pacora","2025","Trimestre 2","2,098,234.06","- 0"
"17513","Pacora","2026","Trimestre 2","727,793.61","- 0"
"17513","Pacora","2025","Trimestre 3","888,170.79","- 0"
"17513","Pacora","2026","Trimestre 3","1,687,538.48","- 0"
"17513","Pacora","2025","Trimestre 3","505,733.57","- 0"
"17513","Pacora","2024","Trimestre 3","778,553.34","- 0"
"17513","Pacora","2025","Trimestre 3","1,696,486.73","- 0"
"17513","Pacora","2024","Trimestre 4","242,019.90","- 0"
"17513","Pacora","2024","Trimestre 4","955,845.60","- 0"
"17513","Pacora","2025","Trimestre 4","501,420.15","- 0"
"17513","Pacora","2024","Trimestre 4","813,190.30","- 0"
"17513","Pacora","2025","Trimestre 4","1,035,770.54","- 0"
"17524","Palestina - Caldas","2014","Trimestre 1","4,387,440.94","1,798.73"
"17524","Palestina - Caldas","2015","Trimestre 1","10,604,071.79","3,660.59"
"17524","Palestina - Caldas","2017","Trimestre 1","247,311,887.40","69,322.59"
"17524","Palestina - Caldas","2022","Trimestre 1","7,015,129.47","985.11"
"17524","Palestina - Caldas","2023","Trimestre 1","31,531,949.79","3,563.88"
"17524","Palestina - Caldas","2014","Trimestre 1","684,489.41","272.76"
"17524","Palestina - Caldas","2017","Trimestre 1","14,425,711.03","4,021.54"
"17524","Palestina - Caldas","2023","Trimestre 1","41,065,458.13","4,584.43"
"17524","Palestina - Caldas","2014","Trimestre 1","1,670,515.07","611.68"
"17524","Palestina - Caldas","2017","Trimestre 1","398,002,929.26","101,860.12"
"17524","Palestina - Caldas","2021","Trimestre 1","155,663,058.90","22,974.28"
"17524","Palestina - Caldas","2022","Trimestre 1","172,718,674.73","23,940.15"
"17524","Palestina - Caldas","2023","Trimestre 1","36,634,833.77","3,983.58"
"17524","Palestina - Caldas","2017","Trimestre 2","47,682,712.05","13,365.67"
"17524","Palestina - Caldas","2023","Trimestre 2","35,528,107.09","3,865.95"
"17524","Palestina - Caldas","2023","Trimestre 2","25,863,936.04","2,822.45"
"17524","Palestina - Caldas","2014","Trimestre 2","5,343,259.98","2,104.70"
"17524","Palestina - Caldas","2021","Trimestre 2","149,390,500.41","22,833.02"
"17524","Palestina - Caldas","2022","Trimestre 2","132,090,651.90","17,484.91"
"17524","Palestina - Caldas","2023","Trimestre 2","30,613,837.96","3,315.00"
"17524","Palestina - Caldas","2014","Trimestre 3","1,979,711.17","793.64"
"17524","Palestina - Caldas","2016","Trimestre 3","215,635,844.55","54,866.05"
"17524","Palestina - Caldas","2023","Trimestre 3","63,724,623.83","6,826.10"
"17524","Palestina - Caldas","2014","Trimestre 3","5,108,245.59","2,037.91"
"17524","Palestina - Caldas","2016","Trimestre 3","328,832,448.81","80,969.08"
"17524","Palestina - Caldas","2023","Trimestre 3","127,354,744.70","14,513.36"
"17524","Palestina - Caldas","2014","Trimestre 3","18,075,017.22","7,146.35"
"17524","Palestina - Caldas","2016","Trimestre 3","166,418,998.88","40,672.34"
"17524","Palestina - Caldas","2017","Trimestre 3","11,533,688.79","3,018.72"
"17524","Palestina - Caldas","2020","Trimestre 3","30,647,475.39","4,437.95"
"17524","Palestina - Caldas","2021","Trimestre 3","90,940,714.65","12,958.01"
"17524","Palestina - Caldas","2022","Trimestre 3","173,241,453.40","22,890.93"
"17524","Palestina - Caldas","2023","Trimestre 3","78,882,479.62","9,337.04"
"17524","Palestina - Caldas","2013","Trimestre 4","614,149.42","230.59"
"17524","Palestina - Caldas","2014","Trimestre 4","17,702,444.08","7,036.33"
"17524","Palestina - Caldas","2016","Trimestre 4","179,634,341.98","44,990.24"
"17524","Palestina - Caldas","2023","Trimestre 4","64,217,714.34","7,663.87"
"17524","Palestina - Caldas","2013","Trimestre 4","1,475,045.85","577.51"
"17524","Palestina - Caldas","2014","Trimestre 4","14,899,105.21","5,817.93"
"17524","Palestina - Caldas","2016","Trimestre 4","377,321,100.74","98,756.50"
"17524","Palestina - Caldas","2013","Trimestre 4","3,382,150.14","1,340.66"
"17524","Palestina - Caldas","2014","Trimestre 4","17,210,551.30","6,689.23"
"17524","Palestina - Caldas","2016","Trimestre 4","322,246,870.94","81,662.49"
"17524","Palestina - Caldas","2017","Trimestre 4","63,859.16","17.90"
"17524","Palestina - Caldas","2020","Trimestre 4","179,192,350.40","24,073.12"
"17524","Palestina - Caldas","2021","Trimestre 4","193,488,086.98","28,028.98"
"17524","Palestina - Caldas","2022","Trimestre 4","178,408,291.60","22,503.21"
"17541","Pensilvania","2023","Trimestre 1","2,308,109.62","260.36"
"17541","Pensilvania","2024","Trimestre 1","2,348,074.92","283.50"
"17541","Pensilvania","2023","Trimestre 1","8,464,481.42","923.68"
"17541","Pensilvania","2024","Trimestre 1","11,505,535.10","1,399.17"
"17541","Pensilvania","2023","Trimestre 1","7,304,801.37","797.15"
"17541","Pensilvania","2024","Trimestre 2","8,452,355.34","975.00"
"17541","Pensilvania","2023","Trimestre 2","1,509,371.97","161.00"
"17541","Pensilvania","2024","Trimestre 2","4,654,419.90","502.18"
"17541","Pensilvania","2023","Trimestre 2","2,510,628.47","269.94"
"17541","Pensilvania","2023","Trimestre 3","4,269,966.66","507.49"
"17541","Pensilvania","2023","Trimestre 3","10,416,835.48","1,241.84"
"17541","Pensilvania","2023","Trimestre 3","12,409,639.17","1,527.96"
"17541","Pensilvania","2022","Trimestre 4","5,868,918.34","693.64"
"17541","Pensilvania","2023","Trimestre 4","16,132,636.62","1,944.53"
"17614","Riosucio - Caldas","2012","Trimestre 1","13,641,429.64","4,146.49"
"17614","Riosucio - Caldas","2013","Trimestre 1","41,623,965.44","13,348.25"
"17614","Riosucio - Caldas","2014","Trimestre 1","50,341,082.62","20,042.99"
"17614","Riosucio - Caldas","2016","Trimestre 1","340,406,434.34","97,308.41"
"17614","Riosucio - Caldas","2023","Trimestre 1","10,137,828.10","1,143.57"
"17614","Riosucio - Caldas","2026","Trimestre 1","6,334,839.69","398.57"
"17614","Riosucio - Caldas","2012","Trimestre 1","8,043,615.47","2,547.50"
"17614","Riosucio - Caldas","2013","Trimestre 1","38,116,271.37","12,526.66"
"17614","Riosucio - Caldas","2014","Trimestre 1","49,120,897.38","19,573.80"
"17614","Riosucio - Caldas","2016","Trimestre 1","28,035,757.29","7,632.30"
"17614","Riosucio - Caldas","2012","Trimestre 1","17,627,895.78","5,512.91"
"17614","Riosucio - Caldas","2013","Trimestre 1","43,038,855.61","14,347.94"
"17614","Riosucio - Caldas","2014","Trimestre 1","37,811,987.53","13,845.38"
"17614","Riosucio - Caldas","2015","Trimestre 1","11,483,808.21","3,749.32"
"17614","Riosucio - Caldas","2016","Trimestre 1","41,072,016.52","10,245.88"
"17614","Riosucio - Caldas","2020","Trimestre 1","437,464.13","81.75"
"17614","Riosucio - Caldas","2021","Trimestre 1","13,817,735.11","1,993.84"
"17614","Riosucio - Caldas","2022","Trimestre 1","10,002,065.61","1,366.45"
"17614","Riosucio - Caldas","2023","Trimestre 1","10,368,706.20","1,125.96"
"17614","Riosucio - Caldas","2012","Trimestre 2","15,734,012.19","5,173.93"
"17614","Riosucio - Caldas","2013","Trimestre 2","43,451,158.69","14,634.07"
"17614","Riosucio - Caldas","2014","Trimestre 2","59,533,913.96","21,428.56"
"17614","Riosucio - Caldas","2015","Trimestre 2","8,244,442.52","2,642.52"
"17614","Riosucio - Caldas","2016","Trimestre 2","7,849,661.92","1,917.18"
"17614","Riosucio - Caldas","2023","Trimestre 2","10,774,799.65","1,175.82"
"17614","Riosucio - Caldas","2026","Trimestre 2","16,291,043.78","876.21"
"17614","Riosucio - Caldas","2012","Trimestre 2","15,299,273.87","4,977.19"
"17614","Riosucio - Caldas","2013","Trimestre 2","40,185,469.50","14,372.43"
"17614","Riosucio - Caldas","2014","Trimestre 2","43,479,510.41","16,776.83"
"17614","Riosucio - Caldas","2015","Trimestre 2","8,898,052.95","2,893.41"
"17614","Riosucio - Caldas","2023","Trimestre 2","952,042.16","102.21"
"17614","Riosucio - Caldas","2024","Trimestre 2","563,479.16","60.64"
"17614","Riosucio - Caldas","2012","Trimestre 2","32,981,580.36","11,267.01"
"17614","Riosucio - Caldas","2013","Trimestre 2","37,614,525.55","13,996.64"
"17614","Riosucio - Caldas","2014","Trimestre 2","29,398,110.19","11,579.86"
"17614","Riosucio - Caldas","2015","Trimestre 2","551,361,133.66","178,839.27"
"17614","Riosucio - Caldas","2016","Trimestre 2","48,594,723.78","12,526.26"
"17614","Riosucio - Caldas","2019","Trimestre 2","140,889.56","32.25"
"17614","Riosucio - Caldas","2020","Trimestre 2","538,991.13","80.56"
"17614","Riosucio - Caldas","2021","Trimestre 2","34,972,807.68","5,221.39"
"17614","Riosucio - Caldas","2022","Trimestre 2","8,816,392.89","1,166.78"
"17614","Riosucio - Caldas","2012","Trimestre 3","51,928,607.77","17,678.77"
"17614","Riosucio - Caldas","2013","Trimestre 3","42,562,973.25","16,143.55"
"17614","Riosucio - Caldas","2014","Trimestre 3","46,705,291.19","18,795.86"
"17614","Riosucio - Caldas","2015","Trimestre 3","186,923,625.61","60,418.86"
"17614","Riosucio - Caldas","2023","Trimestre 3","13,942,665.58","1,499.10"
"17614","Riosucio - Caldas","2024","Trimestre 3","6,862,069.67","733.51"
"17614","Riosucio - Caldas","2026","Trimestre 3","11,087,984.07","631.37"
"17614","Riosucio - Caldas","2012","Trimestre 3","39,306,254.42","13,228.79"
"17614","Riosucio - Caldas","2013","Trimestre 3","55,127,198.77","21,559.73"
"17614","Riosucio - Caldas","2014","Trimestre 3","61,945,050.81","24,712.68"
"17614","Riosucio - Caldas","2015","Trimestre 3","40,891,226.89","12,872.75"
"17614","Riosucio - Caldas","2023","Trimestre 3","7,522,027.12","888.93"
"17614","Riosucio - Caldas","2012","Trimestre 3","36,221,212.97","11,991.23"
"17614","Riosucio - Caldas","2013","Trimestre 3","25,919,098.70","9,600.49"
"17614","Riosucio - Caldas","2014","Trimestre 3","51,922,711.77","20,528.77"
"17614","Riosucio - Caldas","2015","Trimestre 3","2,269,740.78","655.07"
"17614","Riosucio - Caldas","2019","Trimestre 3","347,486.14","75.97"
"17614","Riosucio - Caldas","2020","Trimestre 3","52,625,146.91","7,390.36"
"17614","Riosucio - Caldas","2021","Trimestre 3","17,702,127.70","2,514.50"
"17614","Riosucio - Caldas","2022","Trimestre 3","40,743,884.26","5,249.62"
"17614","Riosucio - Caldas","2023","Trimestre 3","13,467,217.02","1,652.54"
"17614","Riosucio - Caldas","2012","Trimestre 4","39,075,434.38","12,073.93"
"17614","Riosucio - Caldas","2013","Trimestre 4","43,472,154.40","16,322.30"
"17614","Riosucio - Caldas","2014","Trimestre 4","43,869,306.28","17,461.98"
"17614","Riosucio - Caldas","2015","Trimestre 4","30,520,879.28","8,585.37"
"17614","Riosucio - Caldas","2023","Trimestre 4","7,163,990.55","891.66"
"17614","Riosucio - Caldas","2012","Trimestre 4","38,782,601.72","11,954.97"
"17614","Riosucio - Caldas","2013","Trimestre 4","43,901,962.07","17,188.45"
"17614","Riosucio - Caldas","2014","Trimestre 4","48,787,820.18","18,949.14"
"17614","Riosucio - Caldas","2015","Trimestre 4","19,791,730.64","5,655.07"
"17614","Riosucio - Caldas","2012","Trimestre 4","32,714,114.50","9,704.48"
"17614","Riosucio - Caldas","2013","Trimestre 4","50,393,760.72","19,957.97"
"17614","Riosucio - Caldas","2014","Trimestre 4","95,895,082.08","37,290.11"
"17614","Riosucio - Caldas","2015","Trimestre 4","111,291,984.26","32,505.11"
"17614","Riosucio - Caldas","2016","Trimestre 4","66,260.63","17.08"
"17614","Riosucio - Caldas","2018","Trimestre 4","240,472.73","62.42"
"17614","Riosucio - Caldas","2019","Trimestre 4","1,201,600.03","231.66"
"17614","Riosucio - Caldas","2020","Trimestre 4","56,292,974.55","7,586.13"
"17614","Riosucio - Caldas","2021","Trimestre 4","39,894,915.38","5,707.97"
"17614","Riosucio - Caldas","2022","Trimestre 4","1,354,128.67","169.75"
"17614","Riosucio - Caldas","2023","Trimestre 4","13,491,822.64","1,693.45"
"17616","Risaralda - Caldas","2015","Trimestre 2","1,016,920.58","324.27"
"17616","Risaralda - Caldas","2015","Trimestre 2","896,352.33","291.47"
"17616","Risaralda - Caldas","2014","Trimestre 4","109,598.64","42.57"
"17662","Samana","2013","Trimestre 1","174,594.11","55.99"
"17662","Samana","2013","Trimestre 1","1,006,197.07","330.68"
"17662","Samana","2012","Trimestre 1","1,737,045.97","543.24"
"17662","Samana","2012","Trimestre 2","951,686.46","312.95"
"17662","Samana","2012","Trimestre 2","1,622,322.31","554.21"
"17662","Samana","2020","Trimestre 2","1,245,097.71","190.40"
"17662","Samana","2012","Trimestre 3","8,421,068.07","2,866.90"
"17662","Samana","2012","Trimestre 3","1,664,716.32","568.97"
"17662","Samana","2012","Trimestre 3","4,881,115.82","1,615.92"
"17662","Samana","2019","Trimestre 3","948,169.62","192.72"
"17662","Samana","2012","Trimestre 4","435,871.29","134.68"
"17662","Samana","2012","Trimestre 4","2,958,547.36","911.99"
"17662","Samana","2012","Trimestre 4","6,729.72","- 0"
"17777","Supia","2026","Trimestre 1","2,211,171.27","27.89"
"17777","Supia","2026","Trimestre 2","1,330,954.76","- 0"
"17777","Supia","2012","Trimestre 1","14,344,804.70","4,360.29"
"17777","Supia","2013","Trimestre 1","10,996,404.15","3,526.40"
"17777","Supia","2014","Trimestre 1","17,524,064.25","6,978.74"
"17777","Supia","2015","Trimestre 1","2,210,911.27","763.22"
"17777","Supia","2016","Trimestre 1","27,903,306.87","7,798.80"
"17777","Supia","2019","Trimestre 1","4,068,991.74","989.78"
"17777","Supia","2023","Trimestre 1","12,241,891.58","1,401.93"
"17777","Supia","2025","Trimestre 1","12,022,886.96","1,007.51"
"17777","Supia","2026","Trimestre 1","2,232,625.02","- 0"
"17777","Supia","2012","Trimestre 1","11,814,368.14","3,745.28"
"17777","Supia","2013","Trimestre 1","10,851,337.01","3,566.22"
"17777","Supia","2014","Trimestre 1","18,631,776.36","7,424.43"
"17777","Supia","2016","Trimestre 1","31,280,107.95","8,458.39"
"17777","Supia","2019","Trimestre 1","7,103,211.92","1,689.49"
"17777","Supia","2023","Trimestre 1","17,313,772.50","1,995.10"
"17777","Supia","2024","Trimestre 1","18,250,408.22","2,270.36"
"17777","Supia","2025","Trimestre 1","8,665,962.63","619.60"
"17777","Supia","2012","Trimestre 1","15,964,329.89","4,992.65"
"17777","Supia","2013","Trimestre 1","6,890,805.17","2,297.20"
"17777","Supia","2014","Trimestre 1","14,403,609.52","5,274.08"
"17777","Supia","2015","Trimestre 1","56,865.36","18.61"
"17777","Supia","2016","Trimestre 1","39,732,151.22","10,103.02"
"17777","Supia","2017","Trimestre 1","3,441,448.79","940.36"
"17777","Supia","2019","Trimestre 1","12,372,144.71","2,924.60"
"17777","Supia","2020","Trimestre 1","35,755,681.23","6,748.24"
"17777","Supia","2021","Trimestre 1","85,136,299.99","12,773.97"
"17777","Supia","2022","Trimestre 1","16,651,881.25","2,197.88"
"17777","Supia","2023","Trimestre 1","21,386,746.86","2,389.59"
"17777","Supia","2024","Trimestre 1","9,333,425.46","1,130.95"
"17777","Supia","2025","Trimestre 1","3,279,593.05","119.11"
"17777","Supia","2026","Trimestre 1","1,882,015.51","- 0"
"17777","Supia","2012","Trimestre 2","16,246,028.32","5,342.30"
"17777","Supia","2013","Trimestre 2","9,785,430.86","3,295.67"
"17777","Supia","2014","Trimestre 2","15,350,808.06","5,525.35"
"17777","Supia","2016","Trimestre 2","15,549,264.12","3,825.48"
"17777","Supia","2017","Trimestre 2","3,344,404.16","897.60"
"17777","Supia","2018","Trimestre 2","2,618,376.66","674.38"
"17777","Supia","2023","Trimestre 2","21,861,758.23","2,378.37"
"17777","Supia","2024","Trimestre 2","6,710,554.35","813.94"
"17777","Supia","2025","Trimestre 2","1,836,798.94","21.34"
"17777","Supia","2026","Trimestre 2","2,024,486.17","- 0"
"17777","Supia","2012","Trimestre 2","10,744,352.70","3,457.02"
"17777","Supia","2013","Trimestre 2","10,612,370.83","3,795.54"
"17777","Supia","2014","Trimestre 2","16,305,072.33","6,291.41"
"17777","Supia","2015","Trimestre 2","188,391.75","61.26"
"17777","Supia","2016","Trimestre 2","10,786,603.28","2,760.03"
"17777","Supia","2017","Trimestre 2","4,855,154.77","1,297.70"
"17777","Supia","2018","Trimestre 2","2,363,910.01","622.54"
"17777","Supia","2023","Trimestre 2","4,734,735.27","507.92"
"17777","Supia","2024","Trimestre 2","7,279,653.58","846.09"
"17777","Supia","2026","Trimestre 2","658,143.56","- 0"
"17777","Supia","2012","Trimestre 2","15,753,513.32","5,381.64"
"17777","Supia","2013","Trimestre 2","8,756,210.62","3,258.25"
"17777","Supia","2014","Trimestre 2","15,195,401.73","5,985.44"
"17777","Supia","2015","Trimestre 2","16,630,708.18","5,436.66"
"17777","Supia","2017","Trimestre 2","4,666,355.75","1,246.00"
"17777","Supia","2018","Trimestre 2","2,260,303.05","589.95"
"17777","Supia","2019","Trimestre 2","23,322,794.81","5,476.96"
"17777","Supia","2020","Trimestre 2","37,102,046.94","5,535.47"
"17777","Supia","2021","Trimestre 2","67,128,706.46","10,099.53"
"17777","Supia","2022","Trimestre 2","25,632,265.98","3,389.50"
"17777","Supia","2023","Trimestre 2","12,297,028.66","1,321.38"
"17777","Supia","2025","Trimestre 2","6,196,985.64","202.83"
"17777","Supia","2026","Trimestre 2","957,623.18","- 0"
"17777","Supia","2012","Trimestre 3","17,420,792.68","5,930.80"
"17777","Supia","2013","Trimestre 3","19,020,094.27","7,214.06"
"17777","Supia","2014","Trimestre 3","24,631,906.99","9,912.75"
"17777","Supia","2015","Trimestre 3","9,369,353.73","3,017.71"
"17777","Supia","2016","Trimestre 3","382,677,579.16","97,367.89"
"17777","Supia","2017","Trimestre 3","5,226,866.95","1,361.28"
"17777","Supia","2018","Trimestre 3","3,573,004.41","937.67"
"17777","Supia","2023","Trimestre 3","16,781,671.18","1,815.99"
"17777","Supia","2024","Trimestre 3","1,079,385.39","116.16"
"17777","Supia","2025","Trimestre 3","4,850,656.47","200.79"
"17777","Supia","2026","Trimestre 3","2,220,445.37","- 0"
"17777","Supia","2012","Trimestre 3","9,841,149.73","3,227.12"
"17777","Supia","2013","Trimestre 3","17,827,711.47","7,000.37"
"17777","Supia","2014","Trimestre 3","31,437,702.09","12,541.92"
"17777","Supia","2015","Trimestre 3","17,626,926.68","5,549.04"
"17777","Supia","2016","Trimestre 3","487,766,138.13","120,380.14"
"17777","Supia","2017","Trimestre 3","98,684.00","26.35"
"17777","Supia","2018","Trimestre 3","8,378,997.05","2,276.98"
"17777","Supia","2023","Trimestre 3","5,866,603.84","685.96"
"17777","Supia","2024","Trimestre 3","1,651,605.72","170.85"
"17777","Supia","2025","Trimestre 3","2,863,437.32","123.89"
"17777","Supia","2012","Trimestre 3","7,561,905.39","2,503.41"
"17777","Supia","2013","Trimestre 3","9,895,236.58","3,752.79"
"17777","Supia","2014","Trimestre 3","24,638,208.53","9,741.25"
"17777","Supia","2015","Trimestre 3","22,255,578.59","6,561.80"
"17777","Supia","2016","Trimestre 3","320,333,782.48","78,288.68"
"17777","Supia","2018","Trimestre 3","2,046,087.41","559.30"
"17777","Supia","2019","Trimestre 3","29,512,366.26","6,437.05"
"17777","Supia","2020","Trimestre 3","42,430,154.35","6,068.79"
"17777","Supia","2021","Trimestre 3","59,436,430.28","8,421.09"
"17777","Supia","2022","Trimestre 3","65,988,772.58","8,670.15"
"17777","Supia","2023","Trimestre 3","13,455,529.14","1,631.33"
"17777","Supia","2024","Trimestre 3","4,202,509.87","279.98"
"17777","Supia","2025","Trimestre 3","4,048,984.94","97.64"
"17777","Supia","2012","Trimestre 4","10,024,165.97","3,097.37"
"17777","Supia","2013","Trimestre 4","17,431,901.65","6,545.08"
"17777","Supia","2014","Trimestre 4","16,615,386.89","6,613.68"
"17777","Supia","2015","Trimestre 4","29,905,329.68","8,440.56"
"17777","Supia","2017","Trimestre 4","5,059,532.03","1,288.98"
"17777","Supia","2018","Trimestre 4","11,715,953.25","3,159.55"
"17777","Supia","2023","Trimestre 4","14,052,338.20","1,637.99"
"17777","Supia","2024","Trimestre 4","1,094,919.38","- 0"
"17777","Supia","2025","Trimestre 4","4,852,473.98","152.83"
"17777","Supia","2012","Trimestre 4","9,571,200.30","2,950.38"
"17777","Supia","2013","Trimestre 4","16,443,750.77","6,438.04"
"17777","Supia","2014","Trimestre 4","23,500,138.45","9,127.43"
"17777","Supia","2015","Trimestre 4","16,950,692.46","4,840.01"
"17777","Supia","2017","Trimestre 4","4,888,501.93","1,238.18"
"17777","Supia","2018","Trimestre 4","8,099,169.50","2,102.43"
"17777","Supia","2024","Trimestre 4","1,593,905.79","- 0"
"17777","Supia","2025","Trimestre 4","2,915,082.28","55.06"
"17777","Supia","2012","Trimestre 4","8,844,259.84","2,628.88"
"17777","Supia","2013","Trimestre 4","15,882,502.49","6,295.73"
"17777","Supia","2014","Trimestre 4","38,309,771.30","14,889.87"
"17777","Supia","2015","Trimestre 4","44,094,937.13","13,160.18"
"17777","Supia","2016","Trimestre 4","2,095,351.04","548.42"
"17777","Supia","2017","Trimestre 4","20,953,940.62","5,873.48"
"17777","Supia","2018","Trimestre 4","5,634,595.89","1,406.65"
"17777","Supia","2019","Trimestre 4","62,095,353.87","11,850.21"
"17777","Supia","2020","Trimestre 4","491,319,693.60","65,260.42"
"17777","Supia","2021","Trimestre 4","73,068,710.25","10,270.25"
"17777","Supia","2022","Trimestre 4","86,948,477.43","10,757.87"
"17777","Supia","2023","Trimestre 4","12,287,848.87","1,502.09"
"17777","Supia","2024","Trimestre 4","14,012,552.35","1,279.97"
"17777","Supia","2025","Trimestre 4","4,588,369.31","140.65"
"17867","Victoria","2012","Trimestre 1","3,753,647.54","1,140.97"
"17867","Victoria","2023","Trimestre 1","12,389,874.89","1,050.23"
"17867","Victoria","2012","Trimestre 1","3,368,713.19","1,069.00"
"17867","Victoria","2019","Trimestre 1","720,880.11","171.46"
"17867","Victoria","2012","Trimestre 1","2,626,544.99","821.42"
"17867","Victoria","2019","Trimestre 1","678,213.50","160.32"
"17867","Victoria","2020","Trimestre 1","4,276,542.03","783.38"
"17867","Victoria","2023","Trimestre 1","10,692,269.03","824.66"
"17867","Victoria","2012","Trimestre 2","4,059,119.88","1,334.79"
"17867","Victoria","2023","Trimestre 2","5,801,321.04","414.05"
"17867","Victoria","2012","Trimestre 2","3,579,458.56","1,187.87"
"17867","Victoria","2012","Trimestre 2","3,036,544.99","1,037.33"
"17867","Victoria","2019","Trimestre 2","2,448,762.44","574.53"
"17867","Victoria","2020","Trimestre 2","12,363,331.97","1,822.72"
"17867","Victoria","2021","Trimestre 2","43,722,476.71","4,755.24"
"17867","Victoria","2023","Trimestre 2","2,300,745.26","164.67"
"17867","Victoria","2012","Trimestre 3","2,661,438.19","906.07"
"17867","Victoria","2023","Trimestre 3","3,676,072.01","291.27"
"17867","Victoria","2019","Trimestre 3","7,468,078.54","1,590.25"
"17867","Victoria","2020","Trimestre 3","14,988,611.41","2,056.68"
"17867","Victoria","2022","Trimestre 3","11,257,571.29","975.79"
"17867","Victoria","2023","Trimestre 3","11,587,946.46","956.69"
"17867","Victoria","2023","Trimestre 4","11,335,174.03","956.00"
"17867","Victoria","2024","Trimestre 4","1,179,395.66","79.04"
"17867","Victoria","2020","Trimestre 4","6,042,066.98","611.41"
"17867","Victoria","2022","Trimestre 4","46,620,964.61","3,968.87"
"17873","Villamaria","2012","Trimestre 1","1,144,711.66","347.95"
"17873","Villamaria","2013","Trimestre 1","7,679,397.10","2,462.68"
"17873","Villamaria","2014","Trimestre 1","2,759,229.33","1,131.21"
"17873","Villamaria","2015","Trimestre 1","222,909,084.15","76,949.57"
"17873","Villamaria","2013","Trimestre 1","10,251,885.57","3,369.21"
"17873","Villamaria","2015","Trimestre 1","18,684,984.04","6,450.17"
"17873","Villamaria","2013","Trimestre 1","12,142,245.30","4,034.15"
"17873","Villamaria","2014","Trimestre 1","16,400,721.35","6,005.35"
"17873","Villamaria","2020","Trimestre 1","6,068,003.16","11,571.14"
"17873","Villamaria","2013","Trimestre 2","8,180,967.02","2,753.44"
"17873","Villamaria","2014","Trimestre 2","87,419,717.63","31,488.93"
"17873","Villamaria","2012","Trimestre 2","31,420,056.77","10,426.98"
"17873","Villamaria","2013","Trimestre 2","19,654,601.78","6,933.33"
"17873","Villamaria","2012","Trimestre 2","36,845,723.13","12,587.06"
"17873","Villamaria","2013","Trimestre 2","1,663,076.49","602.08"
"17873","Villamaria","2014","Trimestre 2","126,898,614.74","49,226.66"
"17873","Villamaria","2012","Trimestre 3","75,252,930.76","25,619.39"
"17873","Villamaria","2013","Trimestre 3","3,562,217.10","1,351.10"
"17873","Villamaria","2014","Trimestre 3","111,668,779.23","44,853.91"
"17873","Villamaria","2012","Trimestre 3","107,500,592.38","36,730.85"
"17873","Villamaria","2013","Trimestre 3","6,965,343.05","2,738.49"
"17873","Villamaria","2014","Trimestre 3","109,725,756.54","43,804.18"
"17873","Villamaria","2012","Trimestre 3","5,143,398.17","1,702.75"
"17873","Villamaria","2013","Trimestre 3","8,271,691.07","3,170.71"
"17873","Villamaria","2014","Trimestre 3","80,352,035.71","31,816.18"
"17873","Villamaria","2019","Trimestre 3","10,676,518.52","22,960.17"
"17873","Villamaria","2020","Trimestre 3","17,805,426.22","26,248.28"
"17873","Villamaria","2012","Trimestre 4","6,870,474.68","2,122.91"
"17873","Villamaria","2013","Trimestre 4","4,778,686.94","1,794.23"
"17873","Villamaria","2014","Trimestre 4","109,270,118.20","43,464.39"
"17873","Villamaria","2012","Trimestre 4","2,720,433.59","838.59"
"17873","Villamaria","2014","Trimestre 4","3,631,642.43","1,430.50"
"17873","Villamaria","2012","Trimestre 4","7,562,033.98","2,302.29"
"17873","Villamaria","2014","Trimestre 4","44,813,844.42","17,417.81"
"17873","Villamaria","2019","Trimestre 4","6,966,371.42","13,388.00"
"18001","Florencia - Caqueta","2017","Trimestre 1","124,325.79","34.46"
"18610","San Jose del Fragua","2013","Trimestre 3","1,072,832.34","406.87"
"18610","San Jose del Fragua","2013","Trimestre 4","4,218,648.41","1,583.96"
"18610","San Jose del Fragua","2013","Trimestre 4","1,290,766.39","505.36"
"18756","Solano","2022","Trimestre 1","25,447,598.33","3,496.50"
"18756","Solano","2016","Trimestre 1","8,364,371.12","2,256.90"
"18756","Solano","2022","Trimestre 1","43,063,125.57","5,744.25"
"18756","Solano","2015","Trimestre 2","3,448,629.87","1,128.31"
"18756","Solano","2021","Trimestre 2","215,348,299.93","31,653.94"
"18756","Solano","2022","Trimestre 2","121,366,010.91","15,984.00"
"18756","Solano","2015","Trimestre 3","2,001,721.71","644.09"
"18756","Solano","2015","Trimestre 3","2,548,525.25","735.53"
"18756","Solano","2020","Trimestre 3","48,523,855.00","8,000.18"
"18756","Solano","2022","Trimestre 3","40,902,154.70","5,494.50"
"18756","Solano","2015","Trimestre 4","2,997,922.22","843.30"
"18756","Solano","2015","Trimestre 4","2,719,883.87","777.15"
"18756","Solano","2021","Trimestre 4","118,576,502.00","16,783.20"
"19001","Popayan","2013","Trimestre 1","581,772.27","186.57"
"19001","Popayan","2023","Trimestre 1","5,650,595.62","637.40"
"19001","Popayan","2012","Trimestre 1","3,228,178.46","1,022.70"
"19001","Popayan","2013","Trimestre 1","234,785.81","77.16"
"19001","Popayan","2016","Trimestre 1","520,300.69","140.39"
"19001","Popayan","2012","Trimestre 1","1,787,375.67","558.98"
"19001","Popayan","2013","Trimestre 1","47,723.90","15.91"
"19001","Popayan","2026","Trimestre 1","10,655,144.37","760.00"
"19001","Popayan","2012","Trimestre 2","22,000,655.10","7,228.74"
"19001","Popayan","2013","Trimestre 2","1,369,275.51","460.63"
"19001","Popayan","2015","Trimestre 2","213,870.72","69.24"
"19001","Popayan","2012","Trimestre 2","512,051.76","169.65"
"19001","Popayan","2013","Trimestre 2","816,901.53","292.17"
"19001","Popayan","2015","Trimestre 2","1,214,180.51","397.25"
"19001","Popayan","2012","Trimestre 2","126,897.15","43.35"
"19001","Popayan","2025","Trimestre 2","10,237,946.68","725.90"
"19001","Popayan","2015","Trimestre 3","1,974,261.85","638.66"
"19001","Popayan","2012","Trimestre 3","597,164.35","204.10"
"19001","Popayan","2016","Trimestre 3","49,589.23","12.17"
"19001","Popayan","2012","Trimestre 3","629,134.18","209.92"
"19001","Popayan","2024","Trimestre 3","1,235,248.34","127.78"
"19001","Popayan","2012","Trimestre 4","680,668.63","210.32"
"19001","Popayan","2014","Trimestre 4","6,882,554.87","2,739.57"
"19001","Popayan","2016","Trimestre 4","75,500.77","18.95"
"19001","Popayan","2012","Trimestre 4","478,401.06","147.47"
"19001","Popayan","2015","Trimestre 4","860,095.43","245.75"
"19001","Popayan","2016","Trimestre 4","327,470.49","81.38"
"19001","Popayan","2012","Trimestre 4","355,133.19","110.16"
"19001","Popayan","2014","Trimestre 4","1,334,755.99","518.78"
"19001","Popayan","2016","Trimestre 4","343,688.84","87.06"
"19022","Almaguer","2021","Trimestre 1","4,471,977.00","- 0"
"19022","Almaguer","2025","Trimestre 1","6,525,315.35","540.00"
"19022","Almaguer","2025","Trimestre 2","7,548,995.06","555.00"
"19022","Almaguer","2025","Trimestre 3","3,546,506.00","250.00"
"19022","Almaguer","2017","Trimestre 4","747,717.00","190.00"
"19022","Almaguer","2018","Trimestre 4","766,361.99","200.00"
"19022","Almaguer","2019","Trimestre 4","1,021,466.01","241.46"
"19022","Almaguer","2022","Trimestre 4","6,646,821.00","760.00"
"19022","Almaguer","2023","Trimestre 4","9,108,664.00","1,025.00"
"19022","Almaguer","2024","Trimestre 4","2,332,281.58","194.00"
"19050","Argelia - Cauca","2015","Trimestre 2","337,441.92","116.49"
"19050","Argelia - Cauca","2014","Trimestre 2","75,252.81","27.09"
"19050","Argelia - Cauca","2015","Trimestre 3","200,745.45","66.84"
"19050","Argelia - Cauca","2014","Trimestre 4","82,041.26","31.89"
"19100","Bolivar - Cauca","2012","Trimestre 1","711,797.14","216.36"
"19100","Bolivar - Cauca","2013","Trimestre 1","5,494,412.71","1,761.98"
"19100","Bolivar - Cauca","2014","Trimestre 1","5,927,484.36","2,430.10"
"19100","Bolivar - Cauca","2012","Trimestre 1","3,143,775.17","997.62"
"19100","Bolivar - Cauca","2013","Trimestre 1","3,304,857.39","1,071.76"
"19100","Bolivar - Cauca","2014","Trimestre 1","11,992,506.05","4,778.80"
"19100","Bolivar - Cauca","2016","Trimestre 1","36,681,004.65","9,897.38"
"19100","Bolivar - Cauca","2017","Trimestre 1","1,307,468.11","348.61"
"19100","Bolivar - Cauca","2012","Trimestre 1","2,310,763.57","727.34"
"19100","Bolivar - Cauca","2013","Trimestre 1","12,510,613.44","4,170.69"
"19100","Bolivar - Cauca","2014","Trimestre 1","1,503,044.38","550.36"
"19100","Bolivar - Cauca","2016","Trimestre 1","4,556,875.55","1,099.50"
"19100","Bolivar - Cauca","2017","Trimestre 1","1,247,393.26","343.78"
"19100","Bolivar - Cauca","2012","Trimestre 2","14,771,513.03","4,792.57"
"19100","Bolivar - Cauca","2013","Trimestre 2","5,841,807.25","1,967.03"
"19100","Bolivar - Cauca","2014","Trimestre 2","432,740.34","155.76"
"19100","Bolivar - Cauca","2015","Trimestre 2","6,918,116.52","2,369.79"
"19100","Bolivar - Cauca","2016","Trimestre 2","76,695,762.39","19,037.72"
"19100","Bolivar - Cauca","2012","Trimestre 2","38,571,848.13","12,797.39"
"19100","Bolivar - Cauca","2013","Trimestre 2","3,428,500.88","1,226.21"
"19100","Bolivar - Cauca","2014","Trimestre 2","1,636,971.82","631.64"
"19100","Bolivar - Cauca","2015","Trimestre 2","4,165,101.48","1,353.94"
"19100","Bolivar - Cauca","2016","Trimestre 2","39,675,444.61","10,364.35"
"19100","Bolivar - Cauca","2012","Trimestre 2","8,208,767.21","2,803.74"
"19100","Bolivar - Cauca","2013","Trimestre 2","1,507,008.28","560.77"
"19100","Bolivar - Cauca","2016","Trimestre 2","25,884,164.32","6,672.16"
"19100","Bolivar - Cauca","2012","Trimestre 3","8,707,126.37","2,965.28"
"19100","Bolivar - Cauca","2013","Trimestre 3","15,602,009.53","5,917.63"
"19100","Bolivar - Cauca","2014","Trimestre 3","1,546,654.55","609.22"
"19100","Bolivar - Cauca","2015","Trimestre 3","1,652,654.77","539.90"
"19100","Bolivar - Cauca","2012","Trimestre 3","17,464,215.10","5,924.74"
"19100","Bolivar - Cauca","2013","Trimestre 3","167,760.47","17.42"
"19100","Bolivar - Cauca","2014","Trimestre 3","18,893.32","7.54"
"19100","Bolivar - Cauca","2012","Trimestre 3","6,170,586.47","2,051.43"
"19100","Bolivar - Cauca","2013","Trimestre 3","293,971.95","111.49"
"19100","Bolivar - Cauca","2012","Trimestre 4","21,185,422.66","6,546.09"
"19100","Bolivar - Cauca","2013","Trimestre 4","2,920,611.91","1,096.59"
"19100","Bolivar - Cauca","2014","Trimestre 4","508,671.24","202.47"
"19100","Bolivar - Cauca","2012","Trimestre 4","25,267,050.08","7,788.72"
"19100","Bolivar - Cauca","2013","Trimestre 4","10,481.49","4.10"
"19100","Bolivar - Cauca","2014","Trimestre 4","384,738.39","149.43"
"19100","Bolivar - Cauca","2012","Trimestre 4","10,679,728.51","3,212.34"
"19100","Bolivar - Cauca","2013","Trimestre 4","60,786.23","24.10"
"19100","Bolivar - Cauca","2014","Trimestre 4","1,924,712.04","748.02"
"19100","Bolivar - Cauca","2016","Trimestre 4","1,450,326.58","370.53"
"19110","Buenos Aires","2026","Trimestre 1","142,902,394.55","8,308.27"
"19110","Buenos Aires","2026","Trimestre 3","60,390,189.36","3,435.03"
"19110","Buenos Aires","2026","Trimestre 2","139,175,915.22","7,924.93"
"19110","Buenos Aires","2012","Trimestre 1","25,176,649.05","7,652.77"
"19110","Buenos Aires","2013","Trimestre 1","73,811,458.54","23,670.35"
"19110","Buenos Aires","2014","Trimestre 1","115,489,091.99","47,338.40"
"19110","Buenos Aires","2016","Trimestre 1","347,261,153.35","97,144.65"
"19110","Buenos Aires","2017","Trimestre 1","63,250,509.06","17,729.39"
"19110","Buenos Aires","2018","Trimestre 1","10,598,632.24","2,725.65"
"19110","Buenos Aires","2019","Trimestre 1","43,333,598.90","10,658.29"
"19110","Buenos Aires","2022","Trimestre 1","123,323,653.93","16,944.67"
"19110","Buenos Aires","2023","Trimestre 1","66,798,286.19","7,555.83"
"19110","Buenos Aires","2025","Trimestre 1","194,705,452.73","16,320.36"
"19110","Buenos Aires","2026","Trimestre 1","248,297,506.83","14,988.96"
"19110","Buenos Aires","2012","Trimestre 1","41,440,004.85","13,131.05"
"19110","Buenos Aires","2013","Trimestre 1","192,364,084.41","63,182.18"
"19110","Buenos Aires","2014","Trimestre 1","199,313,787.40","79,422.98"
"19110","Buenos Aires","2015","Trimestre 1","2,503,026.63","864.06"
"19110","Buenos Aires","2016","Trimestre 1","18,526,138.12","4,998.78"
"19110","Buenos Aires","2017","Trimestre 1","288,477,969.08","79,961.20"
"19110","Buenos Aires","2018","Trimestre 1","9,710,021.94","2,470.35"
"19110","Buenos Aires","2019","Trimestre 1","373,461,084.20","90,113.41"
"19110","Buenos Aires","2023","Trimestre 1","54,923,886.30","6,139.44"
"19110","Buenos Aires","2024","Trimestre 1","80,492,904.11","9,754.24"
"19110","Buenos Aires","2025","Trimestre 1","16,806,348.46","1,400.97"
"19110","Buenos Aires","2012","Trimestre 1","79,011,217.48","24,712.95"
"19110","Buenos Aires","2013","Trimestre 1","124,769,685.82","41,594.69"
"19110","Buenos Aires","2014","Trimestre 1","169,857,863.93","62,993.27"
"19110","Buenos Aires","2015","Trimestre 1","173,771,462.96","56,742.73"
"19110","Buenos Aires","2016","Trimestre 1","100,452,223.20","26,314.94"
"19110","Buenos Aires","2017","Trimestre 1","275,862,786.91","75,417.48"
"19110","Buenos Aires","2018","Trimestre 1","328,611,487.20","83,863.45"
"19110","Buenos Aires","2019","Trimestre 1","65,608,271.91","15,508.86"
"19110","Buenos Aires","2020","Trimestre 1","67,576,151.45","12,818.91"
"19110","Buenos Aires","2021","Trimestre 1","104,235,938.00","15,244.30"
"19110","Buenos Aires","2022","Trimestre 1","289,846,872.23","38,942.54"
"19110","Buenos Aires","2023","Trimestre 1","73,481,892.02","7,994.50"
"19110","Buenos Aires","2024","Trimestre 1","104,697,349.30","12,781.70"
"19110","Buenos Aires","2025","Trimestre 1","131,792,447.45","10,767.70"
"19110","Buenos Aires","2026","Trimestre 1","266,060,239.75","14,233.18"
"19110","Buenos Aires","2012","Trimestre 2","275,377,997.97","90,466.87"
"19110","Buenos Aires","2013","Trimestre 2","105,320,017.31","35,453.67"
"19110","Buenos Aires","2014","Trimestre 2","189,123,216.04","68,102.31"
"19110","Buenos Aires","2015","Trimestre 2","838,082,218.68","273,661.38"
"19110","Buenos Aires","2016","Trimestre 2","17,779,790.10","4,409.50"
"19110","Buenos Aires","2017","Trimestre 2","466,373,941.11","125,176.58"
"19110","Buenos Aires","2018","Trimestre 2","2,846,813.64","733.21"
"19110","Buenos Aires","2023","Trimestre 2","96,152,491.88","10,455.14"
"19110","Buenos Aires","2024","Trimestre 2","108,053,759.90","13,079.03"
"19110","Buenos Aires","2025","Trimestre 2","266,244,749.64","25,365.73"
"19110","Buenos Aires","2026","Trimestre 2","80,531,100.20","4,314.43"
"19110","Buenos Aires","2012","Trimestre 2","290,091,066.97","96,260.46"
"19110","Buenos Aires","2013","Trimestre 2","19,179,707.77","6,859.67"
"19110","Buenos Aires","2014","Trimestre 2","84,961,908.17","32,697.56"
"19110","Buenos Aires","2015","Trimestre 2","805,090,253.88","260,974.68"
"19110","Buenos Aires","2016","Trimestre 2","241,312,380.77","60,370.92"
"19110","Buenos Aires","2017","Trimestre 2","328,915,334.80","87,916.52"
"19110","Buenos Aires","2018","Trimestre 2","246,176,367.55","63,985.07"
"19110","Buenos Aires","2023","Trimestre 2","29,276,912.90","3,137.25"
"19110","Buenos Aires","2024","Trimestre 2","71,299,237.14","7,768.78"
"19110","Buenos Aires","2026","Trimestre 2","171,512,224.28","9,677.75"
"19110","Buenos Aires","2012","Trimestre 2","67,869,662.40","23,185.31"
"19110","Buenos Aires","2013","Trimestre 2","31,882,463.13","11,844.60"
"19110","Buenos Aires","2014","Trimestre 2","153,291,979.75","59,803.79"
"19110","Buenos Aires","2015","Trimestre 2","399,615,051.31","132,991.85"
"19110","Buenos Aires","2016","Trimestre 2","646,025,379.53","167,032.58"
"19110","Buenos Aires","2017","Trimestre 2","421,098,903.21","112,444.21"
"19110","Buenos Aires","2018","Trimestre 2","96,079,017.14","24,730.40"
"19110","Buenos Aires","2019","Trimestre 2","169,681,013.10","39,872.37"
"19110","Buenos Aires","2020","Trimestre 2","279,385,385.05","42,485.59"
"19110","Buenos Aires","2021","Trimestre 2","43,577,761.95","6,464.15"
"19110","Buenos Aires","2022","Trimestre 2","354,914,702.05","46,771.80"
"19110","Buenos Aires","2023","Trimestre 2","138,724,495.40","14,904.67"
"19110","Buenos Aires","2025","Trimestre 2","347,717,179.00","25,179.12"
"19110","Buenos Aires","2026","Trimestre 2","170,647,624.98","9,712.88"
"19110","Buenos Aires","2012","Trimestre 3","157,263,951.28","53,542.07"
"19110","Buenos Aires","2013","Trimestre 3","109,629,178.16","41,574.17"
"19110","Buenos Aires","2014","Trimestre 3","222,329,592.63","89,440.58"
"19110","Buenos Aires","2015","Trimestre 3","867,458,093.50","283,588.97"
"19110","Buenos Aires","2016","Trimestre 3","351,606,049.98","89,543.78"
"19110","Buenos Aires","2017","Trimestre 3","80,350,443.78","21,266.70"
"19110","Buenos Aires","2018","Trimestre 3","127,687,986.76","33,056.56"
"19110","Buenos Aires","2023","Trimestre 3","90,009,884.18","9,851.14"
"19110","Buenos Aires","2024","Trimestre 3","79,298,434.51","8,495.76"
"19110","Buenos Aires","2025","Trimestre 3","141,064,242.31","9,943.89"
"19110","Buenos Aires","2026","Trimestre 3","107,140,087.88","6,992.69"
"19110","Buenos Aires","2012","Trimestre 3","145,814,316.51","49,822.31"
"19110","Buenos Aires","2013","Trimestre 3","39,786,756.56","15,764.70"
"19110","Buenos Aires","2014","Trimestre 3","158,163,246.36","63,100.45"
"19110","Buenos Aires","2015","Trimestre 3","590,511,389.91","186,204.64"
"19110","Buenos Aires","2016","Trimestre 3","433,847,663.21","107,615.41"
"19110","Buenos Aires","2017","Trimestre 3","692,415,283.54","179,540.97"
"19110","Buenos Aires","2018","Trimestre 3","79,505,303.07","21,398.51"
"19110","Buenos Aires","2023","Trimestre 3","120,025,969.10","14,711.63"
"19110","Buenos Aires","2024","Trimestre 3","94,035,234.90","9,458.06"
"19110","Buenos Aires","2025","Trimestre 3","86,668,213.03","6,217.02"
"19110","Buenos Aires","2012","Trimestre 3","85,693,468.31","28,378.04"
"19110","Buenos Aires","2013","Trimestre 3","93,931,941.25","35,661.24"
"19110","Buenos Aires","2014","Trimestre 3","179,613,933.86","71,019.84"
"19110","Buenos Aires","2015","Trimestre 3","753,409,254.77","218,889.58"
"19110","Buenos Aires","2016","Trimestre 3","470,629,186.10","115,554.95"
"19110","Buenos Aires","2017","Trimestre 3","305,905,869.61","77,933.56"
"19110","Buenos Aires","2018","Trimestre 3","107,158,126.30","29,010.19"
"19110","Buenos Aires","2019","Trimestre 3","181,929,997.66","37,246.43"
"19110","Buenos Aires","2020","Trimestre 3","405,809,727.14","60,020.80"
"19110","Buenos Aires","2021","Trimestre 3","61,415,850.61","9,129.76"
"19110","Buenos Aires","2022","Trimestre 3","251,048,448.22","32,888.03"
"19110","Buenos Aires","2023","Trimestre 3","82,294,009.48","10,145.72"
"19110","Buenos Aires","2024","Trimestre 3","92,532,688.15","9,215.18"
"19110","Buenos Aires","2025","Trimestre 3","269,043,897.33","19,197.73"
"19110","Buenos Aires","2012","Trimestre 4","255,063,706.68","78,812.21"
"19110","Buenos Aires","2013","Trimestre 4","90,951,916.40","34,151.05"
"19110","Buenos Aires","2014","Trimestre 4","203,428,272.61","80,973.71"
"19110","Buenos Aires","2015","Trimestre 4","1,023,961,218.49","288,286.14"
"19110","Buenos Aires","2016","Trimestre 4","6,023,256.56","1,511.69"
"19110","Buenos Aires","2017","Trimestre 4","303,217,656.30","76,800.26"
"19110","Buenos Aires","2018","Trimestre 4","65,406,458.71","17,465.01"
"19110","Buenos Aires","2023","Trimestre 4","103,632,380.70","12,979.87"
"19110","Buenos Aires","2024","Trimestre 4","119,110,819.83","11,227.93"
"19110","Buenos Aires","2025","Trimestre 4","277,221,771.01","18,854.02"
"19110","Buenos Aires","2012","Trimestre 4","81,649,600.72","25,168.98"
"19110","Buenos Aires","2013","Trimestre 4","289,201,185.06","113,227.74"
"19110","Buenos Aires","2014","Trimestre 4","197,742,008.13","76,802.80"
"19110","Buenos Aires","2015","Trimestre 4","791,948,318.84","226,030.21"
"19110","Buenos Aires","2016","Trimestre 4","230,162,359.27","58,650.77"
"19110","Buenos Aires","2017","Trimestre 4","11,132,957.94","2,862.93"
"19110","Buenos Aires","2018","Trimestre 4","14,253,598.97","3,700.04"
"19110","Buenos Aires","2024","Trimestre 4","119,054,036.15","10,230.22"
"19110","Buenos Aires","2025","Trimestre 4","39,715,380.74","2,452.64"
"19110","Buenos Aires","2012","Trimestre 4","236,326,950.07","73,300.99"
"19110","Buenos Aires","2013","Trimestre 4","192,920,130.30","76,462.85"
"19110","Buenos Aires","2014","Trimestre 4","168,441,699.67","65,479.89"
"19110","Buenos Aires","2015","Trimestre 4","635,262,596.04","188,800.34"
"19110","Buenos Aires","2016","Trimestre 4","92,933,527.74","23,541.44"
"19110","Buenos Aires","2017","Trimestre 4","394,900,870.20","101,766.77"
"19110","Buenos Aires","2018","Trimestre 4","138,402,884.19","36,099.32"
"19110","Buenos Aires","2019","Trimestre 4","197,255,163.19","38,599.26"
"19110","Buenos Aires","2020","Trimestre 4","314,532,555.75","47,710.07"
"19110","Buenos Aires","2021","Trimestre 4","695,018,891.89","102,540.79"
"19110","Buenos Aires","2022","Trimestre 4","263,504,934.35","31,476.68"
"19110","Buenos Aires","2023","Trimestre 4","190,743,981.91","23,205.66"
"19110","Buenos Aires","2024","Trimestre 4","155,256,711.88","13,279.27"
"19110","Buenos Aires","2025","Trimestre 4","171,095,983.20","10,762.55"
"19137","Caldono","2014","Trimestre 1","99,615.71","40.84"
"19137","Caldono","2014","Trimestre 1","141,159.15","56.25"
"19137","Caldono","2013","Trimestre 1","1,363,456.13","454.54"
"19137","Caldono","2013","Trimestre 2","96,706.42","32.57"
"19137","Caldono","2014","Trimestre 2","367,579.81","132.31"
"19137","Caldono","2015","Trimestre 2","449,375.64","155.13"
"19137","Caldono","2013","Trimestre 2","93,238.01","33.35"
"19137","Caldono","2014","Trimestre 2","165,858.51","64.00"
"19137","Caldono","2013","Trimestre 2","84,651.92","31.50"
"19137","Caldono","2013","Trimestre 3","251,506.36","95.39"
"19137","Caldono","2013","Trimestre 3","185,996.27","73.87"
"19137","Caldono","2014","Trimestre 3","71,809.36","28.65"
"19137","Caldono","2013","Trimestre 3","123,711.09","46.92"
"19137","Caldono","2014","Trimestre 3","77,771.38","30.75"
"19137","Caldono","2013","Trimestre 4","2,784,247.10","1,045.39"
"19137","Caldono","2014","Trimestre 4","105,289.97","41.91"
"19137","Caldono","2013","Trimestre 4","423,519.61","166.35"
"19137","Caldono","2014","Trimestre 4","624,346.59","242.59"
"19142","Caloto","2012","Trimestre 1","745,024.87","226.46"
"19142","Caloto","2013","Trimestre 1","208,306.77","66.80"
"19142","Caloto","2014","Trimestre 1","561,771.09","229.08"
"19142","Caloto","2013","Trimestre 1","226,275.98","74.36"
"19142","Caloto","2014","Trimestre 1","11,065,364.36","4,409.35"
"19142","Caloto","2012","Trimestre 1","2,654,683.58","830.22"
"19142","Caloto","2013","Trimestre 1","301,470.93","100.50"
"19142","Caloto","2014","Trimestre 1","13,856,704.73","5,165.91"
"19142","Caloto","2012","Trimestre 2","45,810,862.25","15,064.32"
"19142","Caloto","2013","Trimestre 2","467,011.05","157.01"
"19142","Caloto","2012","Trimestre 2","16,781,602.93","5,569.10"
"19142","Caloto","2013","Trimestre 2","503,940.40","180.24"
"19142","Caloto","2015","Trimestre 2","886,455.94","287.06"
"19142","Caloto","2013","Trimestre 2","673,212.52","250.51"
"19142","Caloto","2013","Trimestre 3","362,515.39","137.50"
"19142","Caloto","2013","Trimestre 3","480,256.45","190.73"
"19142","Caloto","2013","Trimestre 3","160,343.97","60.81"
"19142","Caloto","2013","Trimestre 4","712,107.52","267.37"
"19142","Caloto","2013","Trimestre 4","785,385.49","307.49"
"19142","Caloto","2013","Trimestre 4","762,334.62","301.16"
"19256","El Tambo - Cauca","2026","Trimestre 1","59,054,705.23","3,393.50"
"19256","El Tambo - Cauca","2012","Trimestre 1","2,003,381.24","603.75"
"19256","El Tambo - Cauca","2013","Trimestre 1","25,757,109.39","8,259.96"
"19256","El Tambo - Cauca","2014","Trimestre 1","16,180,910.51","6,633.71"
"19256","El Tambo - Cauca","2015","Trimestre 1","3,023,730.10","1,043.81"
"19256","El Tambo - Cauca","2016","Trimestre 1","1,340,806.79","374.75"
"19256","El Tambo - Cauca","2017","Trimestre 1","8,836,517.07","2,476.91"
"19256","El Tambo - Cauca","2018","Trimestre 1","27,047,791.92","6,955.88"
"19256","El Tambo - Cauca","2019","Trimestre 1","81,049,785.71","20,138.64"
"19256","El Tambo - Cauca","2023","Trimestre 1","26,123,963.53","2,963.82"
"19256","El Tambo - Cauca","2024","Trimestre 1","772,752.70","93.30"
"19256","El Tambo - Cauca","2025","Trimestre 1","5,685,551.93","476.65"
"19256","El Tambo - Cauca","2026","Trimestre 1","109,180,010.21","6,828.71"
"19256","El Tambo - Cauca","2012","Trimestre 1","8,234,849.33","2,613.18"
"19256","El Tambo - Cauca","2013","Trimestre 1","36,805,775.45","12,095.97"
"19256","El Tambo - Cauca","2014","Trimestre 1","16,952,590.51","6,755.30"
"19256","El Tambo - Cauca","2015","Trimestre 1","628,899.71","217.10"
"19256","El Tambo - Cauca","2016","Trimestre 1","3,381,634.47","912.44"
"19256","El Tambo - Cauca","2017","Trimestre 1","2,991,822.29","811.89"
"19256","El Tambo - Cauca","2019","Trimestre 1","9,123,426.10","2,169.99"
"19256","El Tambo - Cauca","2023","Trimestre 1","9,845,858.40","1,068.94"
"19256","El Tambo - Cauca","2024","Trimestre 1","45,524,530.36","5,527.43"
"19256","El Tambo - Cauca","2025","Trimestre 1","33,649,798.26","2,811.34"
"19256","El Tambo - Cauca","2012","Trimestre 1","34,532,022.41","10,799.47"
"19256","El Tambo - Cauca","2013","Trimestre 1","135,977,899.21","45,331.19"
"19256","El Tambo - Cauca","2014","Trimestre 1","10,039,917.22","3,676.25"
"19256","El Tambo - Cauca","2015","Trimestre 1","174,284,592.18","57,021.79"
"19256","El Tambo - Cauca","2016","Trimestre 1","6,629,124.55","1,599.50"
"19256","El Tambo - Cauca","2017","Trimestre 1","13,689,320.24","3,745.19"
"19256","El Tambo - Cauca","2018","Trimestre 1","11,594,919.50","2,955.27"
"19256","El Tambo - Cauca","2019","Trimestre 1","210,290,668.30","49,859.79"
"19256","El Tambo - Cauca","2020","Trimestre 1","37,134,083.52","6,993.70"
"19256","El Tambo - Cauca","2021","Trimestre 1","45,603,087.62","5,043.11"
"19256","El Tambo - Cauca","2022","Trimestre 1","10,895,560.44","1,497.05"
"19256","El Tambo - Cauca","2023","Trimestre 1","15,801,473.10","1,719.27"
"19256","El Tambo - Cauca","2024","Trimestre 1","18,133,029.78","2,215.52"
"19256","El Tambo - Cauca","2025","Trimestre 1","29,927,562.00","2,431.83"
"19256","El Tambo - Cauca","2026","Trimestre 1","95,988,762.44","5,267.14"
"19256","El Tambo - Cauca","2012","Trimestre 2","45,826,292.30","15,031.04"
"19256","El Tambo - Cauca","2013","Trimestre 2","9,350,629.79","3,142.83"
"19256","El Tambo - Cauca","2014","Trimestre 2","13,534,149.87","4,871.46"
"19256","El Tambo - Cauca","2015","Trimestre 2","88,692,053.06","28,980.95"
"19256","El Tambo - Cauca","2016","Trimestre 2","1,331,695.54","330.56"
"19256","El Tambo - Cauca","2017","Trimestre 2","1,546,215.10","414.99"
"19256","El Tambo - Cauca","2018","Trimestre 2","8,127,052.89","2,093.16"
"19256","El Tambo - Cauca","2023","Trimestre 2","10,125,354.70","1,080.04"
"19256","El Tambo - Cauca","2024","Trimestre 2","46,529,420.15","5,426.98"
"19256","El Tambo - Cauca","2025","Trimestre 2","33,507,374.59","2,960.64"
"19256","El Tambo - Cauca","2026","Trimestre 2","52,577,186.17","2,772.27"
"19256","El Tambo - Cauca","2012","Trimestre 2","32,249,193.01","10,700.21"
"19256","El Tambo - Cauca","2013","Trimestre 2","9,327,772.19","3,336.10"
"19256","El Tambo - Cauca","2014","Trimestre 2","3,701,537.24","1,399.06"
"19256","El Tambo - Cauca","2015","Trimestre 2","552,808,149.21","179,654.33"
"19256","El Tambo - Cauca","2016","Trimestre 2","4,475,802.97","1,167.90"
"19256","El Tambo - Cauca","2017","Trimestre 2","13,469,937.93","3,611.09"
"19256","El Tambo - Cauca","2018","Trimestre 2","2,699,515.38","710.92"
"19256","El Tambo - Cauca","2023","Trimestre 2","12,303,801.28","1,320.92"
"19256","El Tambo - Cauca","2024","Trimestre 2","35,227,028.26","3,791.02"
"19256","El Tambo - Cauca","2026","Trimestre 2","71,415,916.14","3,869.45"
"19256","El Tambo - Cauca","2012","Trimestre 2","7,345,047.34","2,509.18"
"19256","El Tambo - Cauca","2013","Trimestre 2","32,682,333.84","12,161.34"
"19256","El Tambo - Cauca","2014","Trimestre 2","8,203,206.36","3,215.68"
"19256","El Tambo - Cauca","2015","Trimestre 2","586,056,703.11","195,033.93"
"19256","El Tambo - Cauca","2016","Trimestre 2","14,961,695.48","3,875.11"
"19256","El Tambo - Cauca","2017","Trimestre 2","14,644,408.20","3,911.91"
"19256","El Tambo - Cauca","2018","Trimestre 2","14,259,223.00","3,735.15"
"19256","El Tambo - Cauca","2019","Trimestre 2","109,322,243.80","26,012.32"
"19256","El Tambo - Cauca","2020","Trimestre 2","11,325,132.42","1,640.58"
"19256","El Tambo - Cauca","2021","Trimestre 2","30,004,353.76","4,578.85"
"19256","El Tambo - Cauca","2022","Trimestre 2","19,003,463.86","2,490.60"
"19256","El Tambo - Cauca","2023","Trimestre 2","23,378,567.49","2,511.75"
"19256","El Tambo - Cauca","2025","Trimestre 2","142,195,324.00","10,348.59"
"19256","El Tambo - Cauca","2026","Trimestre 2","52,240,163.16","2,974.65"
"19256","El Tambo - Cauca","2012","Trimestre 3","6,424,068.27","2,187.27"
"19256","El Tambo - Cauca","2013","Trimestre 3","16,937,211.27","6,411.33"
"19256","El Tambo - Cauca","2014","Trimestre 3","5,012,789.83","2,013.84"
"19256","El Tambo - Cauca","2015","Trimestre 3","107,302,293.86","34,779.25"
"19256","El Tambo - Cauca","2016","Trimestre 3","8,162,963.90","2,082.52"
"19256","El Tambo - Cauca","2017","Trimestre 3","13,486,214.75","3,617.30"
"19256","El Tambo - Cauca","2018","Trimestre 3","5,644,235.21","1,481.23"
"19256","El Tambo - Cauca","2023","Trimestre 3","33,945,986.21","3,892.05"
"19256","El Tambo - Cauca","2024","Trimestre 3","22,234,860.75","2,376.76"
"19256","El Tambo - Cauca","2025","Trimestre 3","107,743,458.08","7,597.71"
"19256","El Tambo - Cauca","2026","Trimestre 3","123,228,637.28","7,132.27"
"19256","El Tambo - Cauca","2012","Trimestre 3","6,668,999.53","2,278.60"
"19256","El Tambo - Cauca","2013","Trimestre 3","6,888,645.87","2,735.74"
"19256","El Tambo - Cauca","2014","Trimestre 3","8,364,154.39","3,338.46"
"19256","El Tambo - Cauca","2015","Trimestre 3","11,303,105.90","3,596.35"
"19256","El Tambo - Cauca","2017","Trimestre 3","26,311,114.43","6,847.77"
"19256","El Tambo - Cauca","2018","Trimestre 3","14,744,938.29","4,006.92"
"19256","El Tambo - Cauca","2023","Trimestre 3","33,687,279.11","4,097.29"
"19256","El Tambo - Cauca","2024","Trimestre 3","35,587,809.21","3,630.22"
"19256","El Tambo - Cauca","2025","Trimestre 3","23,065,241.67","1,659.37"
"19256","El Tambo - Cauca","2012","Trimestre 3","92,826,885.51","30,735.48"
"19256","El Tambo - Cauca","2013","Trimestre 3","15,045,345.69","5,713.29"
"19256","El Tambo - Cauca","2014","Trimestre 3","3,012,685.90","1,192.25"
"19256","El Tambo - Cauca","2015","Trimestre 3","6,409,841.44","1,849.94"
"19256","El Tambo - Cauca","2016","Trimestre 3","3,682,168.45","942.13"
"19256","El Tambo - Cauca","2017","Trimestre 3","11,690,149.65","2,978.22"
"19256","El Tambo - Cauca","2018","Trimestre 3","8,221,956.98","2,247.48"
"19256","El Tambo - Cauca","2019","Trimestre 3","29,138,655.36","6,087.17"
"19256","El Tambo - Cauca","2020","Trimestre 3","41,511,180.00","5,907.15"
"19256","El Tambo - Cauca","2021","Trimestre 3","26,075,916.83","3,705.15"
"19256","El Tambo - Cauca","2022","Trimestre 3","54,886,489.55","7,153.31"
"19256","El Tambo - Cauca","2023","Trimestre 3","40,663,356.03","5,040.15"
"19256","El Tambo - Cauca","2024","Trimestre 3","49,924,871.10","4,879.35"
"19256","El Tambo - Cauca","2025","Trimestre 3","157,277,344.32","11,221.30"
"19256","El Tambo - Cauca","2012","Trimestre 4","49,070,570.31","15,162.33"
"19256","El Tambo - Cauca","2013","Trimestre 4","13,837,909.99","5,195.66"
"19256","El Tambo - Cauca","2014","Trimestre 4","3,319,662.19","1,321.38"
"19256","El Tambo - Cauca","2015","Trimestre 4","2,768,806.71","778.85"
"19256","El Tambo - Cauca","2016","Trimestre 4","5,617,989.28","1,401.93"
"19256","El Tambo - Cauca","2017","Trimestre 4","8,248,124.03","2,089.12"
"19256","El Tambo - Cauca","2018","Trimestre 4","77,691,851.50","20,745.92"
"19256","El Tambo - Cauca","2023","Trimestre 4","46,797,827.21","5,920.34"
"19256","El Tambo - Cauca","2024","Trimestre 4","44,413,938.82","4,148.59"
"19256","El Tambo - Cauca","2025","Trimestre 4","57,459,754.70","3,961.22"
"19256","El Tambo - Cauca","2012","Trimestre 4","114,445,976.87","35,278.66"
"19256","El Tambo - Cauca","2013","Trimestre 4","12,363,973.23","4,840.73"
"19256","El Tambo - Cauca","2014","Trimestre 4","8,890,158.84","3,452.93"
"19256","El Tambo - Cauca","2015","Trimestre 4","3,336,635.80","953.37"
"19256","El Tambo - Cauca","2016","Trimestre 4","10,771,227.66","2,750.38"
"19256","El Tambo - Cauca","2018","Trimestre 4","95,207,807.44","24,714.65"
"19256","El Tambo - Cauca","2024","Trimestre 4","10,488,101.27","903.20"
"19256","El Tambo - Cauca","2025","Trimestre 4","94,436,474.60","6,128.94"
"19256","El Tambo - Cauca","2012","Trimestre 4","47,362,676.42","14,689.59"
"19256","El Tambo - Cauca","2013","Trimestre 4","10,537,563.87","4,175.28"
"19256","El Tambo - Cauca","2014","Trimestre 4","14,226,734.90","5,529.41"
"19256","El Tambo - Cauca","2015","Trimestre 4","5,858,624.92","1,750.57"
"19256","El Tambo - Cauca","2016","Trimestre 4","2,907,059.87","740.97"
"19256","El Tambo - Cauca","2017","Trimestre 4","18,964,453.42","4,928.72"
"19256","El Tambo - Cauca","2018","Trimestre 4","61,333,913.85","15,278.23"
"19256","El Tambo - Cauca","2019","Trimestre 4","25,516,954.02","4,854.39"
"19256","El Tambo - Cauca","2020","Trimestre 4","22,297,608.78","3,063.27"
"19256","El Tambo - Cauca","2021","Trimestre 4","33,769,319.68","4,877.66"
"19256","El Tambo - Cauca","2022","Trimestre 4","64,265,563.50","7,967.59"
"19256","El Tambo - Cauca","2023","Trimestre 4","67,293,755.68","8,203.36"
"19256","El Tambo - Cauca","2024","Trimestre 4","23,184,595.05","1,928.51"
"19256","El Tambo - Cauca","2025","Trimestre 4","50,689,053.65","3,160.59"
"19318","Guapi","2012","Trimestre 1","178,574.36","54.28"
"19318","Guapi","2013","Trimestre 1","56,987,666.67","18,247.39"
"19318","Guapi","2016","Trimestre 1","516,657,619.60","144,402.64"
"19318","Guapi","2017","Trimestre 1","290,657,051.78","80,673.65"
"19318","Guapi","2023","Trimestre 1","18,531,155.02","2,094.62"
"19318","Guapi","2024","Trimestre 1","12,705,370.28","1,540.89"
"19318","Guapi","2012","Trimestre 1","39,455,761.73","12,520.57"
"19318","Guapi","2013","Trimestre 1","122,635,839.65","40,285.03"
"19318","Guapi","2014","Trimestre 1","28,902,331.38","11,517.06"
"19318","Guapi","2015","Trimestre 1","8,307,578.38","2,689.60"
"19318","Guapi","2016","Trimestre 1","542,219,321.06","147,487.35"
"19318","Guapi","2017","Trimestre 1","309,961,272.58","85,996.20"
"19318","Guapi","2023","Trimestre 1","26,107,818.77","2,834.46"
"19318","Guapi","2024","Trimestre 1","52,026,349.83","6,333.11"
"19318","Guapi","2012","Trimestre 1","76,522,414.12","23,936.06"
"19318","Guapi","2013","Trimestre 1","12,182,153.13","4,061.19"
"19318","Guapi","2014","Trimestre 1","7,034,994.16","2,575.96"
"19318","Guapi","2015","Trimestre 1","23,702,204.36","7,673.65"
"19318","Guapi","2016","Trimestre 1","302,333,267.32","73,874.66"
"19318","Guapi","2017","Trimestre 1","211,782,139.43","58,490.88"
"19318","Guapi","2021","Trimestre 1","8,647,431.21","1,288.60"
"19318","Guapi","2023","Trimestre 1","31,628,164.46","3,446.72"
"19318","Guapi","2024","Trimestre 1","91,409,684.65","11,155.29"
"19318","Guapi","2012","Trimestre 2","83,627,512.63","26,781.65"
"19318","Guapi","2013","Trimestre 2","105,665,116.42","35,587.33"
"19318","Guapi","2014","Trimestre 2","6,648,020.50","2,392.88"
"19318","Guapi","2015","Trimestre 2","401,487,632.13","132,311.55"
"19318","Guapi","2016","Trimestre 2","690,544,504.85","171,407.89"
"19318","Guapi","2017","Trimestre 2","204,271,029.39","55,282.28"
"19318","Guapi","2023","Trimestre 2","26,144,135.28","2,818.46"
"19318","Guapi","2024","Trimestre 2","116,010,745.10","13,744.75"
"19318","Guapi","2025","Trimestre 2","48,101,219.12","5,391.82"
"19318","Guapi","2012","Trimestre 2","63,098,522.04","20,920.22"
"19318","Guapi","2013","Trimestre 2","3,470,939.85","1,241.39"
"19318","Guapi","2014","Trimestre 2","421,007.24","151.54"
"19318","Guapi","2015","Trimestre 2","190,373,696.68","61,568.78"
"19318","Guapi","2016","Trimestre 2","339,606,232.07","89,060.70"
"19318","Guapi","2017","Trimestre 2","101,459,154.03","27,145.30"
"19318","Guapi","2023","Trimestre 2","26,466,746.18","2,837.41"
"19318","Guapi","2024","Trimestre 2","66,912,300.29","7,235.99"
"19318","Guapi","2012","Trimestre 2","113,716,594.42","38,847.32"
"19318","Guapi","2013","Trimestre 2","2,494,361.09","928.17"
"19318","Guapi","2014","Trimestre 2","45,235,880.91","17,708.58"
"19318","Guapi","2015","Trimestre 2","143,822,516.09","47,676.68"
"19318","Guapi","2016","Trimestre 2","266,527,595.80","68,322.68"
"19318","Guapi","2017","Trimestre 2","145,620,213.39","38,899.87"
"19318","Guapi","2018","Trimestre 2","103,858,252.60","26,257.07"
"19318","Guapi","2022","Trimestre 2","6,140,488.93","836.02"
"19318","Guapi","2023","Trimestre 2","217,851,793.90","23,409.11"
"19318","Guapi","2012","Trimestre 3","93,321,882.77","31,772.18"
"19318","Guapi","2013","Trimestre 3","1,418,058.31","537.85"
"19318","Guapi","2014","Trimestre 3","9,660,359.22","3,887.67"
"19318","Guapi","2015","Trimestre 3","267,439,365.27","86,143.08"
"19318","Guapi","2016","Trimestre 3","852,526,036.55","218,606.56"
"19318","Guapi","2017","Trimestre 3","7,861,363.77","2,047.40"
"19318","Guapi","2023","Trimestre 3","133,660,736.70","15,626.48"
"19318","Guapi","2024","Trimestre 3","55,571,087.10","5,940.55"
"19318","Guapi","2012","Trimestre 3","285,422,358.42","97,517.30"
"19318","Guapi","2013","Trimestre 3","1,046,601.42","394.39"
"19318","Guapi","2014","Trimestre 3","13,511,416.73","5,390.31"
"19318","Guapi","2015","Trimestre 3","128,520,168.29","40,546.28"
"19318","Guapi","2016","Trimestre 3","444,330,277.39","110,811.43"
"19318","Guapi","2017","Trimestre 3","188,177,354.64","48,742.93"
"19318","Guapi","2023","Trimestre 3","84,097,300.20","10,211.16"
"19318","Guapi","2024","Trimestre 3","91,028,353.02","9,202.19"
"19318","Guapi","2012","Trimestre 3","4,368,482.67","1,446.21"
"19318","Guapi","2013","Trimestre 3","4,769,676.00","1,808.91"
"19318","Guapi","2014","Trimestre 3","2,129,993.20","842.14"
"19318","Guapi","2015","Trimestre 3","381,260,884.60","110,379.24"
"19318","Guapi","2016","Trimestre 3","587,086,332.24","144,006.37"
"19318","Guapi","2017","Trimestre 3","1,531,645,457.27","408,168.37"
"19318","Guapi","2021","Trimestre 3","33,589,399.13","4,737.65"
"19318","Guapi","2022","Trimestre 3","69,384,711.71","8,923.28"
"19318","Guapi","2023","Trimestre 3","69,937,665.54","8,654.46"
"19318","Guapi","2024","Trimestre 3","87,458,145.17","8,512.83"
"19318","Guapi","2012","Trimestre 4","22,699,127.16","7,013.81"
"19318","Guapi","2013","Trimestre 4","5,407,077.76","2,038.96"
"19318","Guapi","2014","Trimestre 4","28,840,952.78","11,480.01"
"19318","Guapi","2015","Trimestre 4","227,094,535.95","63,961.46"
"19318","Guapi","2016","Trimestre 4","864,523,173.65","216,921.92"
"19318","Guapi","2017","Trimestre 4","87,260,966.99","22,101.83"
"19318","Guapi","2023","Trimestre 4","71,318,553.70","8,989.86"
"19318","Guapi","2024","Trimestre 4","58,795,103.57","5,478.99"
"19318","Guapi","2012","Trimestre 4","18,234,064.70","5,620.76"
"19318","Guapi","2013","Trimestre 4","1,005,391.95","393.63"
"19318","Guapi","2014","Trimestre 4","50,741,352.77","19,738.99"
"19318","Guapi","2015","Trimestre 4","424,201,166.69","121,620.80"
"19318","Guapi","2016","Trimestre 4","655,821,971.66","167,797.86"
"19318","Guapi","2017","Trimestre 4","235,744,475.70","60,134.32"
"19318","Guapi","2012","Trimestre 4","21,940,154.06","6,789.82"
"19318","Guapi","2013","Trimestre 4","9,122,512.57","3,616.11"
"19318","Guapi","2014","Trimestre 4","135,768,481.60","52,769.18"
"19318","Guapi","2015","Trimestre 4","253,424,017.50","74,050.91"
"19318","Guapi","2016","Trimestre 4","1,474,793,965.66","372,059.89"
"19318","Guapi","2017","Trimestre 4","195,081,041.40","50,131.70"
"19318","Guapi","2021","Trimestre 4","136,077,581.98","19,475.76"
"19318","Guapi","2022","Trimestre 4","107,591,619.68","13,299.66"
"19318","Guapi","2023","Trimestre 4","96,034,847.79","11,666.61"
"19318","Guapi","2024","Trimestre 4","23,727,345.54","2,014.90"
"19392","La Sierra","2026","Trimestre 1","32,674,202.26","1,809.77"
"19392","La Sierra","2026","Trimestre 3","11,713,677.41","666.27"
"19392","La Sierra","2012","Trimestre 1","278,981.32","84.80"
"19392","La Sierra","2023","Trimestre 1","143,361,223.68","16,541.73"
"19392","La Sierra","2012","Trimestre 1","538,426.88","170.86"
"19392","La Sierra","2014","Trimestre 1","914,419.92","364.38"
"19392","La Sierra","2012","Trimestre 1","351,272.65","111.47"
"19392","La Sierra","2014","Trimestre 1","387,808.44","142.00"
"19392","La Sierra","2020","Trimestre 1","37,305,936.50","8,000.16"
"19392","La Sierra","2022","Trimestre 1","186,362,067.00","25,030.35"
"19392","La Sierra","2023","Trimestre 1","23,503,838.70","2,564.90"
"19392","La Sierra","2026","Trimestre 1","31,811,978.91","1,677.37"
"19392","La Sierra","2012","Trimestre 2","616,012.14","197.39"
"19392","La Sierra","2014","Trimestre 2","4,307,681.48","1,550.50"
"19392","La Sierra","2014","Trimestre 2","3,722,574.48","1,436.38"
"19392","La Sierra","2015","Trimestre 2","2,279,181.21","745.69"
"19392","La Sierra","2026","Trimestre 2","30,237,371.64","1,626.31"
"19392","La Sierra","2014","Trimestre 2","603,074.23","237.55"
"19392","La Sierra","2020","Trimestre 2","63,646,793.52","11,420.97"
"19392","La Sierra","2021","Trimestre 2","6,808,228.66","998.00"
"19392","La Sierra","2022","Trimestre 2","31,597,643.00","4,172.92"
"19392","La Sierra","2026","Trimestre 2","22,549,682.92","1,284.02"
"19392","La Sierra","2012","Trimestre 3","388,786.69","132.36"
"19392","La Sierra","2014","Trimestre 3","3,475,949.16","1,398.84"
"19392","La Sierra","2012","Trimestre 3","315,873.90","107.96"
"19392","La Sierra","2013","Trimestre 3","77,156.25","30.64"
"19392","La Sierra","2014","Trimestre 3","1,840,280.37","734.17"
"19392","La Sierra","2023","Trimestre 3","60,688,310.77","7,438.59"
"19392","La Sierra","2014","Trimestre 3","277,713.36","109.80"
"19392","La Sierra","2018","Trimestre 3","6,452,185.60","1,722.88"
"19392","La Sierra","2021","Trimestre 3","76,045,000.40","11,143.10"
"19392","La Sierra","2022","Trimestre 3","58,903,535.34","7,650.98"
"19392","La Sierra","2025","Trimestre 3","120,571.37","8.60"
"19392","La Sierra","2025","Trimestre 4","73,911,435.58","5,184.22"
"19392","La Sierra","2012","Trimestre 4","146,534.05","45.17"
"19392","La Sierra","2018","Trimestre 4","19,602,724.22","5,088.60"
"19392","La Sierra","2019","Trimestre 4","135,668,264.81","28,889.19"
"19392","La Sierra","2020","Trimestre 4","197,404,825.25","26,653.40"
"19392","La Sierra","2021","Trimestre 4","297,933,694.07","56,901.14"
"19392","La Sierra","2022","Trimestre 4","77,340,533.32","9,976.01"
"19392","La Sierra","2023","Trimestre 4","7,836,626.62","943.30"
"19392","La Sierra","2025","Trimestre 4","50,088,099.49","3,151.40"
"19397","La Vega - Cauca","2016","Trimestre 1","36,380,363.16","9,816.26"
"19397","La Vega - Cauca","2016","Trimestre 1","40,576,251.77","9,790.39"
"19397","La Vega - Cauca","2016","Trimestre 2","35,016,453.18","8,691.92"
"19397","La Vega - Cauca","2016","Trimestre 2","38,857,320.20","10,139.29"
"19397","La Vega - Cauca","2012","Trimestre 4","69,784.00","22.00"
"19397","La Vega - Cauca","2013","Trimestre 4","850,785.00","319.00"
"19397","La Vega - Cauca","2014","Trimestre 4","1,266,956.00","493.00"
"19397","La Vega - Cauca","2015","Trimestre 4","1,897,405.00","621.00"
"19397","La Vega - Cauca","2016","Trimestre 4","2,513,298.00","626.00"
"19418","Lopez","2012","Trimestre 1","13,116,990.83","3,987.08"
"19418","Lopez","2013","Trimestre 1","32,295,663.78","10,356.79"
"19418","Lopez","2014","Trimestre 1","17,891,225.24","7,334.89"
"19418","Lopez","2012","Trimestre 1","4,468,804.36","1,275.98"
"19418","Lopez","2013","Trimestre 1","41,299,864.85","13,513.19"
"19418","Lopez","2014","Trimestre 1","88,819,718.48","35,393.07"
"19418","Lopez","2012","Trimestre 1","30,441,656.28","9,529.51"
"19418","Lopez","2013","Trimestre 1","58,564,032.23","19,510.01"
"19418","Lopez","2014","Trimestre 1","81,387,181.59","30,345.61"
"19418","Lopez","2023","Trimestre 1","10,018,258.80","1,089.67"
"19418","Lopez","2012","Trimestre 2","5,503,937.75","1,809.90"
"19418","Lopez","2013","Trimestre 2","64,743,397.20","21,805.16"
"19418","Lopez","2014","Trimestre 2","33,653,349.61","12,156.97"
"19418","Lopez","2015","Trimestre 2","4,354,165.63","1,452.33"
"19418","Lopez","2016","Trimestre 2","24,441,272.70","6,066.91"
"19418","Lopez","2023","Trimestre 2","5,789,349.69","621.57"
"19418","Lopez","2012","Trimestre 2","33,689,780.54","11,115.68"
"19418","Lopez","2013","Trimestre 2","23,795,835.76","8,510.64"
"19418","Lopez","2014","Trimestre 2","166,844.52","63.10"
"19418","Lopez","2015","Trimestre 2","2,102,229.00","680.96"
"19418","Lopez","2023","Trimestre 2","15,153,691.43","1,622.55"
"19418","Lopez","2012","Trimestre 2","76,777,462.10","26,228.35"
"19418","Lopez","2013","Trimestre 2","21,984,155.73","8,180.47"
"19418","Lopez","2016","Trimestre 2","3,601,036.76","933.72"
"19418","Lopez","2018","Trimestre 2","511,273,376.30","131,691.02"
"19418","Lopez","2019","Trimestre 2","123,605,827.50","29,390.93"
"19418","Lopez","2023","Trimestre 2","12,250,187.27","1,316.38"
"19418","Lopez","2012","Trimestre 3","73,351,383.15","24,972.02"
"19418","Lopez","2013","Trimestre 3","4,638,396.61","1,759.28"
"19418","Lopez","2015","Trimestre 3","1,676,182.75","553.42"
"19418","Lopez","2018","Trimestre 3","39,686,460.79","10,415.01"
"19418","Lopez","2023","Trimestre 3","13,075,719.63","1,536.57"
"19418","Lopez","2012","Trimestre 3","177,013,193.35","60,311.82"
"19418","Lopez","2013","Trimestre 3","6,485,070.42","2,455.30"
"19418","Lopez","2015","Trimestre 3","2,604,835.83","830.28"
"19418","Lopez","2023","Trimestre 3","15,455,784.60","1,877.37"
"19418","Lopez","2012","Trimestre 3","147,254,515.32","48,749.41"
"19418","Lopez","2013","Trimestre 3","10,632,461.30","3,974.78"
"19418","Lopez","2018","Trimestre 3","141,776,669.30","38,677.91"
"19418","Lopez","2012","Trimestre 4","148,207,696.89","45,794.74"
"19418","Lopez","2013","Trimestre 4","5,666,270.92","2,127.49"
"19418","Lopez","2012","Trimestre 4","120,062,877.81","37,022.01"
"19418","Lopez","2013","Trimestre 4","2,276,083.97","891.13"
"19418","Lopez","2014","Trimestre 4","10,511,482.32","4,082.65"
"19418","Lopez","2016","Trimestre 4","8,266,646.55","2,044.26"
"19418","Lopez","2017","Trimestre 4","84,975,673.30","21,769.47"
"19418","Lopez","2018","Trimestre 4","167,592,145.10","44,333.85"
"19418","Lopez","2012","Trimestre 4","14,771,388.35","4,383.09"
"19418","Lopez","2013","Trimestre 4","43,189.09","17.12"
"19418","Lopez","2014","Trimestre 4","22,223,700.97","8,637.25"
"19418","Lopez","2021","Trimestre 4","3,076,769.95","432.06"
"19418","Lopez","2022","Trimestre 4","19,300,086.45","2,511.80"
"19532","Patia","2013","Trimestre 1","22,413,607.55","7,187.74"
"19532","Patia","2014","Trimestre 1","72,480,743.61","29,715.04"
"19532","Patia","2015","Trimestre 1","20,691,901.21","7,142.97"
"19532","Patia","2012","Trimestre 1","6,100,175.51","1,935.78"
"19532","Patia","2013","Trimestre 1","26,479,558.13","8,701.41"
"19532","Patia","2014","Trimestre 1","90,502,693.65","36,063.71"
"19532","Patia","2012","Trimestre 1","2,751,569.84","860.52"
"19532","Patia","2013","Trimestre 1","67,894,962.64","22,634.26"
"19532","Patia","2014","Trimestre 1","93,948,682.64","34,967.21"
"19532","Patia","2016","Trimestre 1","511,757.44","123.48"
"19532","Patia","2012","Trimestre 2","1,618,032.55","506.02"
"19532","Patia","2013","Trimestre 2","19,289,717.91","6,493.18"
"19532","Patia","2014","Trimestre 2","26,051,045.51","9,418.29"
"19532","Patia","2015","Trimestre 2","4,829,248.16","1,629.10"
"19532","Patia","2012","Trimestre 2","19,373,197.59","6,429.14"
"19532","Patia","2013","Trimestre 2","13,994,176.37","5,005.05"
"19532","Patia","2014","Trimestre 2","2,529,488.60","960.17"
"19532","Patia","2012","Trimestre 2","56,992,893.08","19,469.64"
"19532","Patia","2013","Trimestre 2","11,105,462.23","4,132.42"
"19532","Patia","2014","Trimestre 2","13,138,784.19","5,086.36"
"19532","Patia","2012","Trimestre 3","94,778,714.43","32,273.38"
"19532","Patia","2013","Trimestre 3","13,562,405.34","5,144.03"
"19532","Patia","2014","Trimestre 3","21,718,883.51","8,737.99"
"19532","Patia","2015","Trimestre 3","116,419.28","37.46"
"19532","Patia","2012","Trimestre 3","67,149,541.96","22,948.83"
"19532","Patia","2013","Trimestre 3","18,563,919.79","7,372.42"
"19532","Patia","2014","Trimestre 3","26,535,838.05","10,597.46"
"19532","Patia","2012","Trimestre 3","101,480,642.85","33,595.72"
"19532","Patia","2013","Trimestre 3","14,432,191.81","5,480.79"
"19532","Patia","2014","Trimestre 3","6,818,742.89","2,697.88"
"19532","Patia","2016","Trimestre 3","83,499.07","20.41"
"19532","Patia","2012","Trimestre 4","93,536,368.16","28,901.83"
"19532","Patia","2013","Trimestre 4","29,360,581.66","11,023.89"
"19532","Patia","2014","Trimestre 4","7,117,251.65","2,832.99"
"19532","Patia","2016","Trimestre 4","62,073.42","15.58"
"19532","Patia","2012","Trimestre 4","69,657,879.88","21,472.46"
"19532","Patia","2013","Trimestre 4","26,470,017.75","10,363.51"
"19532","Patia","2014","Trimestre 4","1,304,881.10","506.81"
"19532","Patia","2015","Trimestre 4","359,080.76","102.60"
"19532","Patia","2016","Trimestre 4","197,855.68","49.51"
"19532","Patia","2012","Trimestre 4","156,704,390.38","48,608.68"
"19532","Patia","2013","Trimestre 4","64,797,081.05","25,685.18"
"19532","Patia","2014","Trimestre 4","976,726.57","379.62"
"19532","Patia","2016","Trimestre 4","84,117.26","21.31"
"19622","Rosas","2026","Trimestre 1","6,809,382.27","377.16"
"19622","Rosas","2022","Trimestre 1","1,300,274.38","170.47"
"19622","Rosas","2023","Trimestre 1","10,449,225.55","1,183.65"
"19622","Rosas","2023","Trimestre 2","4,729,490.52","504.48"
"19622","Rosas","2026","Trimestre 2","3,728,216.68","196.58"
"19622","Rosas","2026","Trimestre 2","6,695,430.46","381.25"
"19622","Rosas","2022","Trimestre 2","2,443,997.85","319.31"
"19622","Rosas","2023","Trimestre 2","1,273,301.66","136.70"
"19622","Rosas","2023","Trimestre 3","1,285,727.50","138.24"
"19622","Rosas","2024","Trimestre 3","1,906,672.59","205.19"
"19622","Rosas","2025","Trimestre 3","14,684,797.04","1,037.50"
"19622","Rosas","2023","Trimestre 3","2,790,886.09","342.08"
"19622","Rosas","2024","Trimestre 3","2,310,271.45","231.95"
"19622","Rosas","2022","Trimestre 3","2,358,427.90","307.17"
"19622","Rosas","2024","Trimestre 3","5,834,331.81","573.76"
"19622","Rosas","2024","Trimestre 4","5,417,582.23","524.73"
"19622","Rosas","2021","Trimestre 4","6,334,379.70","889.51"
"19622","Rosas","2023","Trimestre 4","1,698,586.54","204.46"
"19698","Santander de Quilichao","2026","Trimestre 3","646,979.95","36.80"
"19698","Santander de Quilichao","2013","Trimestre 1","86,038,032.07","27,591.25"
"19698","Santander de Quilichao","2014","Trimestre 1","173,596,240.63","71,166.45"
"19698","Santander de Quilichao","2012","Trimestre 1","351,335.67","111.49"
"19698","Santander de Quilichao","2013","Trimestre 1","63,684,032.91","20,929.34"
"19698","Santander de Quilichao","2014","Trimestre 1","227,413,035.87","90,620.03"
"19698","Santander de Quilichao","2013","Trimestre 1","150,862,560.20","50,291.56"
"19698","Santander de Quilichao","2014","Trimestre 1","238,470,570.77","88,534.48"
"19698","Santander de Quilichao","2026","Trimestre 1","840,409.88","45.03"
"19698","Santander de Quilichao","2012","Trimestre 2","26,603.75","8.32"
"19698","Santander de Quilichao","2013","Trimestre 2","162,041,148.83","54,368.32"
"19698","Santander de Quilichao","2014","Trimestre 2","5,340,008.07","1,922.08"
"19698","Santander de Quilichao","2015","Trimestre 2","18,641,186.26","6,364.71"
"19698","Santander de Quilichao","2026","Trimestre 2","65,817.89","3.54"
"19698","Santander de Quilichao","2013","Trimestre 2","200,617,464.96","71,317.09"
"19698","Santander de Quilichao","2014","Trimestre 2","7,608,364.61","2,827.16"
"19698","Santander de Quilichao","2015","Trimestre 2","6,617,561.74","2,127.55"
"19698","Santander de Quilichao","2026","Trimestre 2","840,507.02","47.86"
"19698","Santander de Quilichao","2012","Trimestre 2","803,096.52","274.35"
"19698","Santander de Quilichao","2013","Trimestre 2","128,115,719.48","47,366.47"
"19698","Santander de Quilichao","2014","Trimestre 2","531,605.24","209.40"
"19698","Santander de Quilichao","2012","Trimestre 3","953,079.62","324.47"
"19698","Santander de Quilichao","2013","Trimestre 3","217,507,768.76","82,473.69"
"19698","Santander de Quilichao","2014","Trimestre 3","535,470.86","215.49"
"19698","Santander de Quilichao","2015","Trimestre 3","3,642,561.08","1,189.92"
"19698","Santander de Quilichao","2026","Trimestre 3","1,355,588.12","85.30"
"19698","Santander de Quilichao","2012","Trimestre 3","1,879,209.80","642.28"
"19698","Santander de Quilichao","2013","Trimestre 3","271,900,122.16","107,684.62"
"19698","Santander de Quilichao","2014","Trimestre 3","1,342,417.65","536.40"
"19698","Santander de Quilichao","2015","Trimestre 3","1,459,615.77","459.49"
"19698","Santander de Quilichao","2012","Trimestre 3","73,084,473.87","24,197.86"
"19698","Santander de Quilichao","2013","Trimestre 3","249,459,843.89","95,578.21"
"19698","Santander de Quilichao","2012","Trimestre 4","55,199,209.39","17,056.02"
"19698","Santander de Quilichao","2013","Trimestre 4","299,826,722.32","112,581.28"
"19698","Santander de Quilichao","2012","Trimestre 4","104,676,272.73","32,267.09"
"19698","Santander de Quilichao","2013","Trimestre 4","215,444,653.32","84,350.66"
"19698","Santander de Quilichao","2014","Trimestre 4","558,509.95","216.92"
"19698","Santander de Quilichao","2012","Trimestre 4","103,700,826.08","32,167.32"
"19698","Santander de Quilichao","2013","Trimestre 4","256,050,974.45","101,495.10"
"19698","Santander de Quilichao","2014","Trimestre 4","195,331.88","75.92"
"19701","Santa Rosa - Cauca","2012","Trimestre 1","910,538.43","276.77"
"19701","Santa Rosa - Cauca","2012","Trimestre 1","3,336,948.33","1,058.92"
"19701","Santa Rosa - Cauca","2012","Trimestre 1","6,720,645.06","2,101.80"
"19701","Santa Rosa - Cauca","2025","Trimestre 1","25,586,816.98","2,132.90"
"19701","Santa Rosa - Cauca","2012","Trimestre 2","867,997.65","285.43"
"19701","Santa Rosa - Cauca","2014","Trimestre 2","1,927,889.07","693.92"
"19701","Santa Rosa - Cauca","2025","Trimestre 2","10,460,364.89","849.98"
"19701","Santa Rosa - Cauca","2012","Trimestre 2","1,010,373.57","335.30"
"19701","Santa Rosa - Cauca","2013","Trimestre 2","13,966,073.95","4,995.00"
"19701","Santa Rosa - Cauca","2024","Trimestre 2","7,175,180.93","772.17"
"19701","Santa Rosa - Cauca","2026","Trimestre 2","2,083,727.26","124.08"
"19701","Santa Rosa - Cauca","2014","Trimestre 2","2,474,675.50","974.77"
"19701","Santa Rosa - Cauca","2015","Trimestre 2","4,519,689.39","1,464.60"
"19701","Santa Rosa - Cauca","2023","Trimestre 2","6,498,169.45","698.68"
"19701","Santa Rosa - Cauca","2025","Trimestre 2","6,522,869.41","513.95"
"19701","Santa Rosa - Cauca","2012","Trimestre 3","140,933.71","47.98"
"19701","Santa Rosa - Cauca","2014","Trimestre 3","767,700.96","308.95"
"19701","Santa Rosa - Cauca","2015","Trimestre 3","2,242,888.97","733.81"
"19701","Santa Rosa - Cauca","2015","Trimestre 3","1,590,938.44","500.84"
"19701","Santa Rosa - Cauca","2023","Trimestre 3","3,400,601.15","404.17"
"19701","Santa Rosa - Cauca","2012","Trimestre 3","396,308.23","131.20"
"19701","Santa Rosa - Cauca","2015","Trimestre 3","880,575.02","254.14"
"19701","Santa Rosa - Cauca","2013","Trimestre 4","7,830,277.22","2,940.00"
"19701","Santa Rosa - Cauca","2015","Trimestre 4","1,148,288.30","323.01"
"19701","Santa Rosa - Cauca","2013","Trimestre 4","7,661,698.15","2,999.70"
"19701","Santa Rosa - Cauca","2015","Trimestre 4","1,032,056.20","294.89"
"19701","Santa Rosa - Cauca","2015","Trimestre 4","1,213,769.19","362.68"
"19701","Santa Rosa - Cauca","2023","Trimestre 4","5,984,752.77","757.12"
"19760","Sotara","2026","Trimestre 1","26,861,071.45","1,489.41"
"19780","Suarez - Cauca","2012","Trimestre 1","27,545,984.11","8,271.53"
"19780","Suarez - Cauca","2013","Trimestre 1","89,126,909.57","28,566.92"
"19780","Suarez - Cauca","2014","Trimestre 1","37,652,522.42","15,366.82"
"19780","Suarez - Cauca","2017","Trimestre 1","486,831.35","123.32"
"19780","Suarez - Cauca","2019","Trimestre 1","129,613,483.70","31,528.49"
"19780","Suarez - Cauca","2022","Trimestre 1","20,869,796.28","2,867.51"
"19780","Suarez - Cauca","2026","Trimestre 1","61,874,675.41","3,684.46"
"19780","Suarez - Cauca","2012","Trimestre 1","28,523,231.76","9,051.33"
"19780","Suarez - Cauca","2013","Trimestre 1","205,003,135.86","67,295.48"
"19780","Suarez - Cauca","2014","Trimestre 1","51,692,790.96","20,725.23"
"19780","Suarez - Cauca","2015","Trimestre 1","757,924.09","261.64"
"19780","Suarez - Cauca","2016","Trimestre 1","9,604,213.17","2,869.76"
"19780","Suarez - Cauca","2017","Trimestre 1","1,463,098.93","407.07"
"19780","Suarez - Cauca","2019","Trimestre 1","60,889,648.00","14,482.49"
"19780","Suarez - Cauca","2012","Trimestre 1","24,478,130.30","7,659.36"
"19780","Suarez - Cauca","2013","Trimestre 1","75,115,969.92","24,900.67"
"19780","Suarez - Cauca","2014","Trimestre 1","95,802,350.49","35,561.51"
"19780","Suarez - Cauca","2015","Trimestre 1","196,786.07","63.71"
"19780","Suarez - Cauca","2017","Trimestre 1","39,068,812.58","10,678.15"
"19780","Suarez - Cauca","2018","Trimestre 1","56,210,515.62","14,346.00"
"19780","Suarez - Cauca","2020","Trimestre 1","15,776,964.24","2,993.13"
"19780","Suarez - Cauca","2021","Trimestre 1","618,003,391.80","93,123.33"
"19780","Suarez - Cauca","2022","Trimestre 1","87,584,218.26","11,646.92"
"19780","Suarez - Cauca","2026","Trimestre 1","27,170,388.96","1,432.63"
"19780","Suarez - Cauca","2012","Trimestre 2","100,272,150.10","32,699.36"
"19780","Suarez - Cauca","2013","Trimestre 2","170,597,226.76","57,366.28"
"19780","Suarez - Cauca","2014","Trimestre 2","117,054,512.08","42,132.45"
"19780","Suarez - Cauca","2015","Trimestre 2","333,730,184.86","109,204.75"
"19780","Suarez - Cauca","2017","Trimestre 2","3,732,963.88","1,006.11"
"19780","Suarez - Cauca","2018","Trimestre 2","51,545,980.47","13,275.91"
"19780","Suarez - Cauca","2026","Trimestre 2","8,636,460.15","464.51"
"19780","Suarez - Cauca","2012","Trimestre 2","141,666,959.19","46,990.62"
"19780","Suarez - Cauca","2013","Trimestre 2","100,872,027.53","36,077.12"
"19780","Suarez - Cauca","2014","Trimestre 2","39,990,486.41","15,272.41"
"19780","Suarez - Cauca","2015","Trimestre 2","274,124,470.51","88,195.21"
"19780","Suarez - Cauca","2017","Trimestre 2","2,093,234.74","560.15"
"19780","Suarez - Cauca","2018","Trimestre 2","20,196,583.85","5,318.79"
"19780","Suarez - Cauca","2012","Trimestre 2","51,006,586.29","17,404.69"
"19780","Suarez - Cauca","2013","Trimestre 2","219,675,115.06","80,990.83"
"19780","Suarez - Cauca","2014","Trimestre 2","20,157,029.14","7,914.60"
"19780","Suarez - Cauca","2015","Trimestre 2","111,175,455.28","36,994.67"
"19780","Suarez - Cauca","2016","Trimestre 2","6,847,299.47","1,724.09"
"19780","Suarez - Cauca","2017","Trimestre 2","1,267,120.52","338.60"
"19780","Suarez - Cauca","2018","Trimestre 2","6,986,396.32","1,823.49"
"19780","Suarez - Cauca","2019","Trimestre 2","851,585,231.80","204,932.61"
"19780","Suarez - Cauca","2020","Trimestre 2","821,823,721.81","138,799.54"
"19780","Suarez - Cauca","2021","Trimestre 2","333,588,445.61","50,310.70"
"19780","Suarez - Cauca","2022","Trimestre 2","34,816,492.20","4,564.55"
"19780","Suarez - Cauca","2023","Trimestre 2","1,863,000.00","200.00"
"19780","Suarez - Cauca","2012","Trimestre 3","76,187,546.46","25,943.21"
"19780","Suarez - Cauca","2013","Trimestre 3","242,452,247.63","91,950.83"
"19780","Suarez - Cauca","2014","Trimestre 3","38,506,688.59","15,434.08"
"19780","Suarez - Cauca","2015","Trimestre 3","215,879,719.97","70,078.81"
"19780","Suarez - Cauca","2016","Trimestre 3","5,756,458.04","1,527.40"
"19780","Suarez - Cauca","2018","Trimestre 3","69,854,108.21","17,908.25"
"19780","Suarez - Cauca","2012","Trimestre 3","129,742,929.00","44,342.78"
"19780","Suarez - Cauca","2013","Trimestre 3","205,024,780.14","81,181.39"
"19780","Suarez - Cauca","2014","Trimestre 3","48,728,304.64","19,439.92"
"19780","Suarez - Cauca","2015","Trimestre 3","185,450,575.37","59,163.36"
"19780","Suarez - Cauca","2017","Trimestre 3","2,127,362.24","551.64"
"19780","Suarez - Cauca","2018","Trimestre 3","28,678,612.79","7,793.38"
"19780","Suarez - Cauca","2012","Trimestre 3","183,144,175.21","60,663.35"
"19780","Suarez - Cauca","2013","Trimestre 3","275,753,653.61","104,921.48"
"19780","Suarez - Cauca","2014","Trimestre 3","88,425,377.40","34,984.64"
"19780","Suarez - Cauca","2015","Trimestre 3","71,476,492.37","21,990.50"
"19780","Suarez - Cauca","2016","Trimestre 3","2,202,719.58","553.63"
"19780","Suarez - Cauca","2018","Trimestre 3","30,440,790.79","8,321.02"
"19780","Suarez - Cauca","2019","Trimestre 3","60,808,788.65","12,554.90"
"19780","Suarez - Cauca","2020","Trimestre 3","649,517,993.55","92,149.19"
"19780","Suarez - Cauca","2021","Trimestre 3","122,246,491.67","17,143.18"
"19780","Suarez - Cauca","2022","Trimestre 3","7,166,977.61","962.76"
"19780","Suarez - Cauca","2023","Trimestre 3","3,470,000.00","420.00"
"19780","Suarez - Cauca","2024","Trimestre 3","3,015,377.56","292.06"
"19780","Suarez - Cauca","2012","Trimestre 4","142,030,283.89","43,885.98"
"19780","Suarez - Cauca","2013","Trimestre 4","304,959,888.44","114,502.32"
"19780","Suarez - Cauca","2014","Trimestre 4","71,835,447.77","28,593.78"
"19780","Suarez - Cauca","2015","Trimestre 4","2,461,416.65","692.38"
"19780","Suarez - Cauca","2018","Trimestre 4","41,125,754.95","10,981.51"
"19780","Suarez - Cauca","2023","Trimestre 4","4,763,299.28","592.86"
"19780","Suarez - Cauca","2024","Trimestre 4","12,274,787.99","883.48"
"19780","Suarez - Cauca","2012","Trimestre 4","101,668,266.92","31,340.41"
"19780","Suarez - Cauca","2013","Trimestre 4","328,783,321.23","128,724.90"
"19780","Suarez - Cauca","2014","Trimestre 4","47,029,569.46","18,266.24"
"19780","Suarez - Cauca","2015","Trimestre 4","7,992,670.92","2,253.13"
"19780","Suarez - Cauca","2016","Trimestre 4","7,433,424.89","1,848.69"
"19780","Suarez - Cauca","2018","Trimestre 4","37,306,234.70","9,684.19"
"19780","Suarez - Cauca","2024","Trimestre 4","10,780,268.36","845.39"
"19780","Suarez - Cauca","2012","Trimestre 4","115,409,761.95","35,789.90"
"19780","Suarez - Cauca","2013","Trimestre 4","85,115,801.36","33,688.81"
"19780","Suarez - Cauca","2014","Trimestre 4","77,434,146.76","30,094.58"
"19780","Suarez - Cauca","2015","Trimestre 4","2,439,696.88","768.03"
"19780","Suarez - Cauca","2016","Trimestre 4","1,856,236.78","470.21"
"19780","Suarez - Cauca","2017","Trimestre 4","583,586,768.87","148,743.68"
"19780","Suarez - Cauca","2018","Trimestre 4","142,732,868.61","45,685.87"
"19780","Suarez - Cauca","2019","Trimestre 4","1,020,914,608.07","204,739.72"
"19780","Suarez - Cauca","2020","Trimestre 4","725,167,776.80","98,756.59"
"19780","Suarez - Cauca","2021","Trimestre 4","735,313,549.01","103,940.43"
"19780","Suarez - Cauca","2022","Trimestre 4","9,004,426.29","1,078.76"
"19780","Suarez - Cauca","2023","Trimestre 4","2,480,000.00","300.00"
"19780","Suarez - Cauca","2025","Trimestre 4","29,259,117.33","1,840.90"
"19809","Timbiqui","2012","Trimestre 1","83,349,280.56","25,181.63"
"19809","Timbiqui","2013","Trimestre 1","221,298,110.98","70,578.13"
"19809","Timbiqui","2014","Trimestre 1","507,939,896.26","206,915.36"
"19809","Timbiqui","2015","Trimestre 1","356,618,003.00","123,106.70"
"19809","Timbiqui","2016","Trimestre 1","457,798,283.78","127,951.81"
"19809","Timbiqui","2017","Trimestre 1","101,946,152.35","27,225.56"
"19809","Timbiqui","2019","Trimestre 1","68,436,655.69","16,647.22"
"19809","Timbiqui","2023","Trimestre 1","5,630,117.31","635.09"
"19809","Timbiqui","2025","Trimestre 1","21,084,722.49","2,042.20"
"19809","Timbiqui","2012","Trimestre 1","377,174,805.09","119,589.14"
"19809","Timbiqui","2013","Trimestre 1","383,915,821.02","126,131.88"
"19809","Timbiqui","2014","Trimestre 1","429,143,491.96","171,006.01"
"19809","Timbiqui","2015","Trimestre 1","396,434,518.64","129,073.56"
"19809","Timbiqui","2016","Trimestre 1","1,172,616,557.87","317,216.14"
"19809","Timbiqui","2017","Trimestre 1","289,211,321.33","80,532.64"
"19809","Timbiqui","2018","Trimestre 1","30,974,158.31","7,880.21"
"19809","Timbiqui","2019","Trimestre 1","78,396,240.97","18,646.40"
"19809","Timbiqui","2012","Trimestre 1","403,372,452.88","126,149.97"
"19809","Timbiqui","2013","Trimestre 1","412,931,764.82","137,593.80"
"19809","Timbiqui","2014","Trimestre 1","501,984,231.28","184,522.37"
"19809","Timbiqui","2015","Trimestre 1","149,659,324.90","48,556.55"
"19809","Timbiqui","2016","Trimestre 1","323,399,426.28","78,314.30"
"19809","Timbiqui","2017","Trimestre 1","145,625,663.29","40,109.72"
"19809","Timbiqui","2018","Trimestre 1","32,003,935.96","8,168.02"
"19809","Timbiqui","2019","Trimestre 1","87,452,409.29","20,672.50"
"19809","Timbiqui","2020","Trimestre 1","160,575,367.72","30,276.04"
"19809","Timbiqui","2021","Trimestre 1","294,361,750.80","44,418.17"
"19809","Timbiqui","2024","Trimestre 1","54,161,164.54","6,617.49"
"19809","Timbiqui","2025","Trimestre 1","36,584,745.66","2,033.12"
"19809","Timbiqui","2012","Trimestre 2","380,245,009.22","125,033.99"
"19809","Timbiqui","2013","Trimestre 2","330,687,390.50","111,358.37"
"19809","Timbiqui","2014","Trimestre 2","685,043,882.81","246,947.95"
"19809","Timbiqui","2015","Trimestre 2","316,620,212.94","103,707.91"
"19809","Timbiqui","2016","Trimestre 2","278,557,912.55","69,144.73"
"19809","Timbiqui","2017","Trimestre 2","57,932,936.53","15,633.51"
"19809","Timbiqui","2018","Trimestre 2","31,531,991.42","8,121.21"
"19809","Timbiqui","2023","Trimestre 2","22,794,447.79","1,620.94"
"19809","Timbiqui","2025","Trimestre 2","29,319,977.52","1,540.12"
"19809","Timbiqui","2012","Trimestre 2","605,145,163.08","200,773.84"
"19809","Timbiqui","2013","Trimestre 2","414,307,115.22","148,177.94"
"19809","Timbiqui","2014","Trimestre 2","155,661,223.43","58,205.62"
"19809","Timbiqui","2015","Trimestre 2","419,186,148.11","134,885.72"
"19809","Timbiqui","2016","Trimestre 2","655,175,906.89","171,192.20"
"19809","Timbiqui","2017","Trimestre 2","46,639,316.84","12,487.95"
"19809","Timbiqui","2018","Trimestre 2","30,442,910.16","8,017.17"
"19809","Timbiqui","2012","Trimestre 2","340,715,083.65","116,393.46"
"19809","Timbiqui","2013","Trimestre 2","292,695,121.64","108,868.96"
"19809","Timbiqui","2014","Trimestre 2","807,396,605.55","314,418.30"
"19809","Timbiqui","2015","Trimestre 2","69,560,423.55","23,160.11"
"19809","Timbiqui","2016","Trimestre 2","314,816,365.42","80,402.97"
"19809","Timbiqui","2017","Trimestre 2","93,234,538.24","24,917.37"
"19809","Timbiqui","2018","Trimestre 2","37,123,869.27","9,633.81"
"19809","Timbiqui","2019","Trimestre 2","313,204,656.30","73,522.90"
"19809","Timbiqui","2020","Trimestre 2","143,386,660.49","20,879.41"
"19809","Timbiqui","2021","Trimestre 2","380,721,776.61","57,634.15"
"19809","Timbiqui","2022","Trimestre 2","9,928,734.16","1,314.49"
"19809","Timbiqui","2012","Trimestre 3","241,704,950.74","82,286.94"
"19809","Timbiqui","2013","Trimestre 3","330,087,747.36","125,175.89"
"19809","Timbiqui","2014","Trimestre 3","510,087,704.71","204,868.43"
"19809","Timbiqui","2015","Trimestre 3","610,061,083.70","197,819.23"
"19809","Timbiqui","2016","Trimestre 3","236,611,685.01","59,782.91"
"19809","Timbiqui","2017","Trimestre 3","10,994,077.23","3,081.69"
"19809","Timbiqui","2018","Trimestre 3","30,086,678.42","7,895.72"
"19809","Timbiqui","2012","Trimestre 3","267,368,626.59","91,320.55"
"19809","Timbiqui","2013","Trimestre 3","423,106,124.72","167,442.42"
"19809","Timbiqui","2014","Trimestre 3","536,403,699.14","214,204.21"
"19809","Timbiqui","2015","Trimestre 3","536,027,003.90","169,438.95"
"19809","Timbiqui","2016","Trimestre 3","132,047,446.20","33,509.38"
"19809","Timbiqui","2017","Trimestre 3","18,512,530.57","4,943.19"
"19809","Timbiqui","2018","Trimestre 3","44,938,788.30","11,964.46"
"19809","Timbiqui","2012","Trimestre 3","184,055,854.34","60,932.69"
"19809","Timbiqui","2013","Trimestre 3","395,150,468.29","149,401.54"
"19809","Timbiqui","2014","Trimestre 3","657,225,813.68","259,962.96"
"19809","Timbiqui","2015","Trimestre 3","701,087,413.35","204,621.19"
"19809","Timbiqui","2016","Trimestre 3","113,535,214.40","28,105.08"
"19809","Timbiqui","2017","Trimestre 3","439,406,762.57","118,218.15"
"19809","Timbiqui","2018","Trimestre 3","35,467,304.89","9,695.02"
"19809","Timbiqui","2019","Trimestre 3","311,820,210.36","67,689.62"
"19809","Timbiqui","2020","Trimestre 3","522,241,005.56","75,514.71"
"19809","Timbiqui","2021","Trimestre 3","29,396,850.80","4,173.96"
"19809","Timbiqui","2022","Trimestre 3","1,057,671.88","142.08"
"19809","Timbiqui","2012","Trimestre 4","150,910,047.14","46,629.74"
"19809","Timbiqui","2013","Trimestre 4","487,641,606.90","183,092.66"
"19809","Timbiqui","2014","Trimestre 4","659,688,867.53","262,423.94"
"19809","Timbiqui","2015","Trimestre 4","929,872,477.52","262,013.41"
"19809","Timbiqui","2016","Trimestre 4","244,790,045.05","61,436.36"
"19809","Timbiqui","2017","Trimestre 4","14,365,914.35","3,638.66"
"19809","Timbiqui","2018","Trimestre 4","125,034,354.40","33,238.69"
"19809","Timbiqui","2012","Trimestre 4","238,928,254.46","73,651.07"
"19809","Timbiqui","2013","Trimestre 4","474,364,924.08","185,722.86"
"19809","Timbiqui","2014","Trimestre 4","483,239,666.85","187,901.67"
"19809","Timbiqui","2015","Trimestre 4","353,731,962.70","101,615.55"
"19809","Timbiqui","2016","Trimestre 4","535,334,677.41","136,044.73"
"19809","Timbiqui","2017","Trimestre 4","51,773,595.09","13,241.83"
"19809","Timbiqui","2018","Trimestre 4","100,772,033.10","26,225.84"
"19809","Timbiqui","2024","Trimestre 4","20,916,019.93","2,025.86"
"19809","Timbiqui","2012","Trimestre 4","216,845,464.48","66,746.88"
"19809","Timbiqui","2013","Trimestre 4","621,514,290.90","246,364.21"
"19809","Timbiqui","2014","Trimestre 4","571,071,980.45","221,955.89"
"19809","Timbiqui","2015","Trimestre 4","269,155,362.07","79,825.25"
"19809","Timbiqui","2016","Trimestre 4","416,322,548.72","104,338.13"
"19809","Timbiqui","2017","Trimestre 4","51,345,155.64","13,262.87"
"19809","Timbiqui","2018","Trimestre 4","61,585,303.37","15,625.59"
"19809","Timbiqui","2019","Trimestre 4","232,216,672.81","44,705.10"
"19809","Timbiqui","2020","Trimestre 4","458,149,779.90","62,495.37"
"19809","Timbiqui","2021","Trimestre 4","252,765,084.92","35,968.44"
"19809","Timbiqui","2024","Trimestre 4","24,443,421.26","1,355.48"
"19821","Toribio","2013","Trimestre 1","878,999.49","281.88"
"19821","Toribio","2013","Trimestre 1","422,870.22","138.39"
"19821","Toribio","2013","Trimestre 1","936,013.83","312.04"
"19821","Toribio","2013","Trimestre 2","968,972.51","325.99"
"19821","Toribio","2012","Trimestre 4","2,315,768.53","715.55"
"19821","Toribio","2012","Trimestre 4","770,593.25","237.54"
"19821","Toribio","2012","Trimestre 4","821,648.48","254.87"
"23001","Monteria","2012","Trimestre 1","7,710,068.03","2,411.23"
"23001","Monteria","2012","Trimestre 2","4,423,586.06","1,468.00"
"23068","Ayapel","2026","Trimestre 1","18,346,298.59","1,016.17"
"23068","Ayapel","2026","Trimestre 2","18,294,286.84","1,041.71"
"23068","Ayapel","2012","Trimestre 1","51,557,063.00","15,671.44"
"23068","Ayapel","2013","Trimestre 1","120,907,029.05","38,773.27"
"23068","Ayapel","2014","Trimestre 1","80,571,968.44","33,032.21"
"23068","Ayapel","2015","Trimestre 1","67,158,725.43","23,183.60"
"23068","Ayapel","2016","Trimestre 1","528,696,296.22","147,767.37"
"23068","Ayapel","2017","Trimestre 1","67,113,446.15","18,812.19"
"23068","Ayapel","2018","Trimestre 1","206,240,482.70","53,038.86"
"23068","Ayapel","2019","Trimestre 1","449,156,433.70","109,438.78"
"23068","Ayapel","2022","Trimestre 1","583,472,304.30","80,169.09"
"23068","Ayapel","2023","Trimestre 1","622,366,559.10","72,273.84"
"23068","Ayapel","2024","Trimestre 1","96,009,129.04","11,614.28"
"23068","Ayapel","2025","Trimestre 1","9,270,079.81","777.16"
"23068","Ayapel","2026","Trimestre 1","16,079,193.55","957.47"
"23068","Ayapel","2012","Trimestre 1","94,915,180.03","30,119.61"
"23068","Ayapel","2013","Trimestre 1","131,224,462.45","43,126.05"
"23068","Ayapel","2014","Trimestre 1","55,423,036.90","22,085.09"
"23068","Ayapel","2015","Trimestre 1","76,466,755.59","24,756.31"
"23068","Ayapel","2016","Trimestre 1","167,500,932.64","45,195.61"
"23068","Ayapel","2017","Trimestre 1","125,467,799.83","34,777.55"
"23068","Ayapel","2018","Trimestre 1","315,014,046.20","80,143.48"
"23068","Ayapel","2019","Trimestre 1","352,870,837.10","83,929.68"
"23068","Ayapel","2023","Trimestre 1","829,849,158.90","89,722.99"
"23068","Ayapel","2024","Trimestre 1","703,658,195.20","85,508.91"
"23068","Ayapel","2025","Trimestre 1","15,954,062.38","1,329.92"
"23068","Ayapel","2012","Trimestre 1","58,860,130.80","18,407.79"
"23068","Ayapel","2013","Trimestre 1","162,006,993.04","54,008.56"
"23068","Ayapel","2014","Trimestre 1","142,911,434.54","52,328.99"
"23068","Ayapel","2016","Trimestre 1","46,293,047.98","11,169.76"
"23068","Ayapel","2017","Trimestre 1","208,213,004.12","56,892.94"
"23068","Ayapel","2018","Trimestre 1","496,905,122.80","127,137.53"
"23068","Ayapel","2019","Trimestre 1","378,977,326.70","89,591.75"
"23068","Ayapel","2020","Trimestre 1","5,051,918,818.82","850,083.16"
"23068","Ayapel","2021","Trimestre 1","1,648,630,895.00","232,448.49"
"23068","Ayapel","2022","Trimestre 1","957,321,687.79","125,024.73"
"23068","Ayapel","2023","Trimestre 1","1,404,360,922.50","154,365.40"
"23068","Ayapel","2024","Trimestre 1","535,354,668.08","65,329.99"
"23068","Ayapel","2025","Trimestre 1","24,752,797.66","2,024.13"
"23068","Ayapel","2012","Trimestre 2","35,681,992.88","11,733.57"
"23068","Ayapel","2013","Trimestre 2","142,216,848.87","47,897.72"
"23068","Ayapel","2014","Trimestre 2","143,765,949.67","51,746.93"
"23068","Ayapel","2015","Trimestre 2","204,014,088.23","66,026.39"
"23068","Ayapel","2016","Trimestre 2","62,447,334.93","15,500.92"
"23068","Ayapel","2017","Trimestre 2","55,595,282.63","14,921.75"
"23068","Ayapel","2018","Trimestre 2","130,560,057.10","33,626.35"
"23068","Ayapel","2023","Trimestre 2","946,806,558.20","101,039.98"
"23068","Ayapel","2024","Trimestre 2","708,727,293.10","85,974.23"
"23068","Ayapel","2025","Trimestre 2","9,561,756.17","753.39"
"23068","Ayapel","2026","Trimestre 2","13,099,016.69","690.68"
"23068","Ayapel","2012","Trimestre 2","142,336,777.88","47,227.90"
"23068","Ayapel","2013","Trimestre 2","70,171,517.75","25,097.01"
"23068","Ayapel","2014","Trimestre 2","168,532,561.06","65,029.30"
"23068","Ayapel","2015","Trimestre 2","92,501,047.47","30,078.89"
"23068","Ayapel","2016","Trimestre 2","70,317,282.82","18,348.34"
"23068","Ayapel","2017","Trimestre 2","188,403,957.83","50,357.39"
"23068","Ayapel","2018","Trimestre 2","265,870,524.48","70,017.26"
"23068","Ayapel","2023","Trimestre 2","1,125,676,274.00","121,188.21"
"23068","Ayapel","2024","Trimestre 2","480,961,379.50","56,094.35"
"23068","Ayapel","2026","Trimestre 2","13,047,560.38","701.76"
"23068","Ayapel","2012","Trimestre 2","103,246,949.81","35,270.73"
"23068","Ayapel","2013","Trimestre 2","68,301,882.73","25,415.63"
"23068","Ayapel","2014","Trimestre 2","180,333,437.61","71,033.00"
"23068","Ayapel","2015","Trimestre 2","75,910,548.92","25,274.38"
"23068","Ayapel","2016","Trimestre 2","72,546,351.05","18,700.27"
"23068","Ayapel","2017","Trimestre 2","230,949,693.89","61,667.95"
"23068","Ayapel","2018","Trimestre 2","318,575,757.01","82,671.31"
"23068","Ayapel","2019","Trimestre 2","1,367,809,077.00","296,552.44"
"23068","Ayapel","2020","Trimestre 2","7,505,046,680.18","1,036,217.56"
"23068","Ayapel","2021","Trimestre 2","2,549,828,377.19","366,648.60"
"23068","Ayapel","2022","Trimestre 2","1,392,636,724.05","183,504.41"
"23068","Ayapel","2023","Trimestre 2","762,416,377.20","81,163.18"
"23068","Ayapel","2025","Trimestre 2","31,775,246.80","2,277.83"
"23068","Ayapel","2012","Trimestre 3","110,811,315.88","37,725.02"
"23068","Ayapel","2013","Trimestre 3","54,485,182.78","20,665.48"
"23068","Ayapel","2014","Trimestre 3","145,127,709.70","58,404.52"
"23068","Ayapel","2015","Trimestre 3","56,877,811.79","18,301.46"
"23068","Ayapel","2016","Trimestre 3","53,355,261.41","13,575.63"
"23068","Ayapel","2017","Trimestre 3","205,936,349.35","53,635.90"
"23068","Ayapel","2018","Trimestre 3","235,499,466.10","61,926.55"
"23068","Ayapel","2023","Trimestre 3","938,247,381.30","104,130.53"
"23068","Ayapel","2024","Trimestre 3","926,536,563.80","102,638.44"
"23068","Ayapel","2025","Trimestre 3","11,686,870.50","823.83"
"23068","Ayapel","2026","Trimestre 3","16,352,945.57","930.15"
"23068","Ayapel","2012","Trimestre 3","118,343,755.01","40,447.76"
"23068","Ayapel","2013","Trimestre 3","36,118,237.76","14,313.49"
"23068","Ayapel","2014","Trimestre 3","133,219,854.45","53,147.42"
"23068","Ayapel","2015","Trimestre 3","35,139,793.42","11,062.17"
"23068","Ayapel","2016","Trimestre 3","60,873,329.35","14,945.42"
"23068","Ayapel","2017","Trimestre 3","300,389,744.22","77,735.91"
"23068","Ayapel","2018","Trimestre 3","68,284,006.02","18,556.10"
"23068","Ayapel","2023","Trimestre 3","869,785,743.00","103,864.86"
"23068","Ayapel","2024","Trimestre 3","1,252,923,735.03","131,640.59"
"23068","Ayapel","2025","Trimestre 3","14,057,069.19","1,011.30"
"23068","Ayapel","2012","Trimestre 3","180,070,165.88","59,613.21"
"23068","Ayapel","2013","Trimestre 3","50,724,567.00","19,237.40"
"23068","Ayapel","2014","Trimestre 3","89,880,715.85","35,536.29"
"23068","Ayapel","2015","Trimestre 3","42,633,442.52","12,304.44"
"23068","Ayapel","2016","Trimestre 3","96,490,714.90","23,582.06"
"23068","Ayapel","2017","Trimestre 3","324,271,251.84","82,702.26"
"23068","Ayapel","2018","Trimestre 3","187,886,318.00","51,316.08"
"23068","Ayapel","2019","Trimestre 3","1,355,775,537.30","248,354.15"
"23068","Ayapel","2020","Trimestre 3","4,282,565,935.41","509,253.77"
"23068","Ayapel","2021","Trimestre 3","346,284,794.87","46,257.15"
"23068","Ayapel","2022","Trimestre 3","1,396,211,248.32","179,408.82"
"23068","Ayapel","2023","Trimestre 3","772,848,923.50","92,320.63"
"23068","Ayapel","2024","Trimestre 3","2,057,382,987.95","212,293.41"
"23068","Ayapel","2025","Trimestre 3","15,082,917.65","1,075.82"
"23068","Ayapel","2012","Trimestre 4","127,099,428.76","39,272.49"
"23068","Ayapel","2013","Trimestre 4","112,756,178.46","42,336.07"
"23068","Ayapel","2014","Trimestre 4","42,248,360.94","16,816.77"
"23068","Ayapel","2015","Trimestre 4","160,000,640.89","45,007.40"
"23068","Ayapel","2016","Trimestre 4","90,708,885.58","22,765.73"
"23068","Ayapel","2017","Trimestre 4","224,148,838.00","56,786.14"
"23068","Ayapel","2018","Trimestre 4","274,151,108.50","73,204.57"
"23068","Ayapel","2023","Trimestre 4","1,065,886,051.00","132,154.34"
"23068","Ayapel","2024","Trimestre 4","2,248,741,846.05","222,436.84"
"23068","Ayapel","2025","Trimestre 4","21,246,605.61","1,435.82"
"23068","Ayapel","2012","Trimestre 4","124,033,916.50","38,234.20"
"23068","Ayapel","2013","Trimestre 4","95,388,537.91","37,346.42"
"23068","Ayapel","2014","Trimestre 4","36,627,103.64","14,225.93"
"23068","Ayapel","2015","Trimestre 4","51,118,921.07","14,606.16"
"23068","Ayapel","2016","Trimestre 4","83,940,030.92","21,969.68"
"23068","Ayapel","2017","Trimestre 4","209,469,206.60","53,866.70"
"23068","Ayapel","2018","Trimestre 4","254,659,338.40","66,106.09"
"23068","Ayapel","2024","Trimestre 4","1,074,608,054.69","82,710.75"
"23068","Ayapel","2025","Trimestre 4","12,695,403.00","784.01"
"23068","Ayapel","2012","Trimestre 4","132,994,309.43","41,247.61"
"23068","Ayapel","2013","Trimestre 4","111,607,695.41","44,240.63"
"23068","Ayapel","2014","Trimestre 4","55,570,142.91","21,598.46"
"23068","Ayapel","2015","Trimestre 4","89,690,482.78","26,457.55"
"23068","Ayapel","2016","Trimestre 4","72,988,937.15","18,489.18"
"23068","Ayapel","2017","Trimestre 4","444,785,559.08","112,405.73"
"23068","Ayapel","2018","Trimestre 4","557,359,943.40","141,658.21"
"23068","Ayapel","2019","Trimestre 4","6,742,271,048.37","1,307,596.30"
"23068","Ayapel","2020","Trimestre 4","4,102,010,431.45","523,592.84"
"23068","Ayapel","2021","Trimestre 4","3,318,234,360.13","448,800.19"
"23068","Ayapel","2022","Trimestre 4","2,378,502,528.21","295,918.71"
"23068","Ayapel","2023","Trimestre 4","1,357,890,843.00","166,791.60"
"23068","Ayapel","2024","Trimestre 4","12,428,489.46","1,033.81"
"23079","Buenavista - Cordoba","2022","Trimestre 2","702,271.73","92.07"
"23162","Cerete","2025","Trimestre 1","633,561.08","53.11"
"23466","Montelibano","2013","Trimestre 1","1,007,089.01","322.96"
"23466","Montelibano","2013","Trimestre 2","1,123,833.87","378.50"
"23466","Montelibano","2012","Trimestre 4","2,667,688.96","824.29"
"23466","Montelibano","2013","Trimestre 4","378,372.49","148.14"
"23466","Montelibano","2012","Trimestre 4","18,780.47","- 0"
"23555","Planeta Rica","2013","Trimestre 1","2,404,964.48","771.24"
"23555","Planeta Rica","2013","Trimestre 1","1,442,962.31","474.22"
"23555","Planeta Rica","2013","Trimestre 2","35,036.30","11.80"
"23555","Planeta Rica","2012","Trimestre 4","1,912,495.07","592.33"
"23580","Puerto Libertador","2012","Trimestre 1","47,431,857.09","14,417.53"
"23580","Puerto Libertador","2013","Trimestre 1","80,120,610.17","25,693.61"
"23580","Puerto Libertador","2015","Trimestre 1","27,142,048.42","9,369.60"
"23580","Puerto Libertador","2016","Trimestre 1","36,994,211.91","10,462.22"
"23580","Puerto Libertador","2017","Trimestre 1","7,818,828.27","2,191.65"
"23580","Puerto Libertador","2019","Trimestre 1","5,845,360.70","1,421.88"
"23580","Puerto Libertador","2023","Trimestre 1","173,035,752.95","19,717.03"
"23580","Puerto Libertador","2024","Trimestre 1","51,160,287.70","6,204.65"
"23580","Puerto Libertador","2025","Trimestre 1","13,057,765.39","1,141.52"
"23580","Puerto Libertador","2012","Trimestre 1","110,421,476.36","35,019.30"
"23580","Puerto Libertador","2013","Trimestre 1","83,712,504.91","27,511.56"
"23580","Puerto Libertador","2015","Trimestre 1","59,447,771.93","19,246.37"
"23580","Puerto Libertador","2016","Trimestre 1","46,292,199.61","12,490.70"
"23580","Puerto Libertador","2017","Trimestre 1","8,790,822.32","2,436.67"
"23580","Puerto Libertador","2019","Trimestre 1","3,426,219.66","814.92"
"23580","Puerto Libertador","2023","Trimestre 1","144,459,263.50","15,877.57"
"23580","Puerto Libertador","2024","Trimestre 1","209,304,853.70","25,425.40"
"23580","Puerto Libertador","2025","Trimestre 1","18,652,880.62","1,563.77"
"23580","Puerto Libertador","2012","Trimestre 1","74,400,079.68","23,267.72"
"23580","Puerto Libertador","2013","Trimestre 1","56,319,193.77","18,775.23"
"23580","Puerto Libertador","2014","Trimestre 1","4,114,333.84","1,506.52"
"23580","Puerto Libertador","2016","Trimestre 1","41,274,624.75","10,036.65"
"23580","Puerto Libertador","2017","Trimestre 1","126,041.23","34.44"
"23580","Puerto Libertador","2020","Trimestre 1","73,110,010.02","13,844.33"
"23580","Puerto Libertador","2021","Trimestre 1","143,661,750.20","21,598.09"
"23580","Puerto Libertador","2022","Trimestre 1","117,691,798.10","15,933.39"
"23580","Puerto Libertador","2023","Trimestre 1","196,695,528.21","21,428.82"
"23580","Puerto Libertador","2024","Trimestre 1","92,666,858.80","11,318.07"
"23580","Puerto Libertador","2025","Trimestre 1","42,034,709.59","3,506.85"
"23580","Puerto Libertador","2012","Trimestre 2","90,203,089.79","29,662.14"
"23580","Puerto Libertador","2013","Trimestre 2","1,205,248.73","405.92"
"23580","Puerto Libertador","2015","Trimestre 2","30,319,028.29","9,819.99"
"23580","Puerto Libertador","2016","Trimestre 2","29,601,561.39","7,347.81"
"23580","Puerto Libertador","2023","Trimestre 2","152,937,239.90","16,453.92"
"23580","Puerto Libertador","2024","Trimestre 2","261,731,588.90","30,734.07"
"23580","Puerto Libertador","2025","Trimestre 2","17,710,542.94","1,460.46"
"23580","Puerto Libertador","2012","Trimestre 2","84,629,791.57","27,546.83"
"23580","Puerto Libertador","2013","Trimestre 2","3,309,470.22","1,183.64"
"23580","Puerto Libertador","2015","Trimestre 2","3,375,060.05","1,097.48"
"23580","Puerto Libertador","2016","Trimestre 2","14,601,881.93","3,810.16"
"23580","Puerto Libertador","2017","Trimestre 2","102,950.48","27.63"
"23580","Puerto Libertador","2023","Trimestre 2","190,000,842.60","20,337.15"
"23580","Puerto Libertador","2024","Trimestre 2","163,697,018.40","17,805.77"
"23580","Puerto Libertador","2012","Trimestre 2","92,970,007.38","31,759.97"
"23580","Puerto Libertador","2015","Trimestre 2","1,360,206.24","452.88"
"23580","Puerto Libertador","2016","Trimestre 2","37,020,026.01","9,542.65"
"23580","Puerto Libertador","2017","Trimestre 2","108,597.69","29.03"
"23580","Puerto Libertador","2018","Trimestre 2","2,673,810.26","697.88"
"23580","Puerto Libertador","2019","Trimestre 2","30,893,244.31","7,302.69"
"23580","Puerto Libertador","2020","Trimestre 2","119,244,429.30","18,185.08"
"23580","Puerto Libertador","2021","Trimestre 2","188,503,150.45","28,853.10"
"23580","Puerto Libertador","2022","Trimestre 2","305,553,234.95","40,521.22"
"23580","Puerto Libertador","2023","Trimestre 2","231,546,737.80","24,879.30"
"23580","Puerto Libertador","2025","Trimestre 2","1,397,955.04","113.56"
"23580","Puerto Libertador","2012","Trimestre 3","77,510,807.42","26,388.07"
"23580","Puerto Libertador","2013","Trimestre 3","11,355,829.90","4,307.11"
"23580","Puerto Libertador","2015","Trimestre 3","28,582,014.77","9,196.78"
"23580","Puerto Libertador","2016","Trimestre 3","14,299,086.23","3,661.30"
"23580","Puerto Libertador","2017","Trimestre 3","391,930.83","106.39"
"23580","Puerto Libertador","2018","Trimestre 3","3,124,919.43","820.08"
"23580","Puerto Libertador","2023","Trimestre 3","104,525,221.70","12,059.18"
"23580","Puerto Libertador","2024","Trimestre 3","173,061,943.80","18,560.02"
"23580","Puerto Libertador","2012","Trimestre 3","91,755,637.43","30,542.23"
"23580","Puerto Libertador","2013","Trimestre 3","1,561,721.30","27,887.88"
"23580","Puerto Libertador","2014","Trimestre 3","355,286.90","141.74"
"23580","Puerto Libertador","2015","Trimestre 3","57,545,073.95","18,115.46"
"23580","Puerto Libertador","2016","Trimestre 3","6,138,106.79","1,528.01"
"23580","Puerto Libertador","2017","Trimestre 3","98,083.74","25.54"
"23580","Puerto Libertador","2018","Trimestre 3","3,724,946.79","1,012.25"
"23580","Puerto Libertador","2023","Trimestre 3","170,670,673.00","20,724.66"
"23580","Puerto Libertador","2024","Trimestre 3","127,359,200.76","12,857.64"
"23580","Puerto Libertador","2012","Trimestre 3","81,670,668.49","27,037.52"
"23580","Puerto Libertador","2014","Trimestre 3","410,348.05","162.24"
"23580","Puerto Libertador","2015","Trimestre 3","6,491,579.09","1,873.53"
"23580","Puerto Libertador","2016","Trimestre 3","19,937,420.32","4,872.65"
"23580","Puerto Libertador","2018","Trimestre 3","3,321,627.01","907.97"
"23580","Puerto Libertador","2019","Trimestre 3","173,146,040.59","36,040.99"
"23580","Puerto Libertador","2020","Trimestre 3","162,339,518.84","23,292.14"
"23580","Puerto Libertador","2021","Trimestre 3","178,282,808.72","25,350.07"
"23580","Puerto Libertador","2022","Trimestre 3","247,881,151.96","32,291.33"
"23580","Puerto Libertador","2023","Trimestre 3","151,025,812.28","18,710.25"
"23580","Puerto Libertador","2024","Trimestre 3","27,175,674.06","2,675.43"
"23580","Puerto Libertador","2012","Trimestre 4","113,955,779.70","35,211.23"
"23580","Puerto Libertador","2015","Trimestre 4","17,312,289.20","4,869.86"
"23580","Puerto Libertador","2016","Trimestre 4","22,526,540.10","5,653.62"
"23580","Puerto Libertador","2018","Trimestre 4","3,823,233.05","1,020.89"
"23580","Puerto Libertador","2023","Trimestre 4","131,687,231.10","16,582.99"
"23580","Puerto Libertador","2024","Trimestre 4","41,149,147.50","3,944.43"
"23580","Puerto Libertador","2012","Trimestre 4","106,865,070.29","32,941.80"
"23580","Puerto Libertador","2013","Trimestre 4","148,166.52","58.01"
"23580","Puerto Libertador","2015","Trimestre 4","50,088,856.78","14,298.08"
"23580","Puerto Libertador","2016","Trimestre 4","123,287.47","32.27"
"23580","Puerto Libertador","2018","Trimestre 4","3,384,307.13","878.52"
"23580","Puerto Libertador","2012","Trimestre 4","85,552,123.38","25,555.44"
"23580","Puerto Libertador","2014","Trimestre 4","177,322.53","68.92"
"23580","Puerto Libertador","2015","Trimestre 4","61,340,447.97","18,300.95"
"23580","Puerto Libertador","2016","Trimestre 4","14,852,507.81","3,762.36"
"23580","Puerto Libertador","2018","Trimestre 4","4,761,195.40","1,186.01"
"23580","Puerto Libertador","2019","Trimestre 4","113,036,804.20","21,502.69"
"23580","Puerto Libertador","2020","Trimestre 4","161,932,871.10","21,800.17"
"23580","Puerto Libertador","2021","Trimestre 4","395,443,688.55","56,153.75"
"23580","Puerto Libertador","2022","Trimestre 4","446,360,222.39","55,684.53"
"23580","Puerto Libertador","2023","Trimestre 4","217,856,812.95","26,452.55"
"23580","Puerto Libertador","2024","Trimestre 4","2,439,990.15","202.96"
"23660","Sahagun","2025","Trimestre 1","794,414.68","66.60"
"23670","San Andres Sotavento","2025","Trimestre 1","732,371.50","61.05"
"23672","San Antero","2012","Trimestre 1","983,383.79","312.06"
"23678","San Carlos - Cordoba","2015","Trimestre 4","10,452,242.85","2,950.93"
"23682","San Jose de Ure","2026","Trimestre 1","2,529,534,638.30","141,903.91"
"23682","San Jose de Ure","2026","Trimestre 3","1,527,609,038.15","86,900.55"
"23682","San Jose de Ure","2026","Trimestre 2","724,253,294.40","41,236.71"
"23682","San Jose de Ure","2016","Trimestre 1","4,339,504.88","1,212.87"
"23682","San Jose de Ure","2017","Trimestre 1","6,205,836.54","1,739.52"
"23682","San Jose de Ure","2019","Trimestre 1","33,809,272.38","8,224.11"
"23682","San Jose de Ure","2022","Trimestre 1","196,895,416.69","27,053.43"
"23682","San Jose de Ure","2023","Trimestre 1","443,065,638.27","49,990.19"
"23682","San Jose de Ure","2024","Trimestre 1","152,996,861.50","18,481.38"
"23682","San Jose de Ure","2025","Trimestre 1","757,548,372.37","63,684.56"
"23682","San Jose de Ure","2026","Trimestre 1","2,875,587,628.17","172,212.48"
"23682","San Jose de Ure","2015","Trimestre 1","30,112,500.62","9,749.00"
"23682","San Jose de Ure","2016","Trimestre 1","27,658,084.57","7,462.79"
"23682","San Jose de Ure","2017","Trimestre 1","6,708,493.81","1,859.48"
"23682","San Jose de Ure","2019","Trimestre 1","25,684,887.96","6,109.10"
"23682","San Jose de Ure","2023","Trimestre 1","584,579,572.50","63,697.37"
"23682","San Jose de Ure","2024","Trimestre 1","198,011,080.80","24,080.04"
"23682","San Jose de Ure","2025","Trimestre 1","616,050,132.16","51,512.65"
"23682","San Jose de Ure","2016","Trimestre 1","22,117,007.43","5,361.43"
"23682","San Jose de Ure","2019","Trimestre 1","20,339,909.89","4,808.06"
"23682","San Jose de Ure","2020","Trimestre 1","58,238,032.24","12,176.16"
"23682","San Jose de Ure","2021","Trimestre 1","1,040,891,876.00","158,262.17"
"23682","San Jose de Ure","2022","Trimestre 1","834,965,981.45","112,134.26"
"23682","San Jose de Ure","2023","Trimestre 1","664,753,540.85","72,518.36"
"23682","San Jose de Ure","2024","Trimestre 1","118,242,833.35","14,445.45"
"23682","San Jose de Ure","2025","Trimestre 1","282,112,172.59","23,440.02"
"23682","San Jose de Ure","2026","Trimestre 1","3,288,674,870.92","175,837.83"
"23682","San Jose de Ure","2015","Trimestre 2","3,572,416.34","1,168.81"
"23682","San Jose de Ure","2016","Trimestre 2","18,847,744.39","4,678.46"
"23682","San Jose de Ure","2023","Trimestre 2","623,885,348.70","66,692.07"
"23682","San Jose de Ure","2024","Trimestre 2","123,598,701.00","14,499.24"
"23682","San Jose de Ure","2025","Trimestre 2","564,343,801.10","44,644.66"
"23682","San Jose de Ure","2026","Trimestre 2","3,904,132,881.35","209,319.78"
"23682","San Jose de Ure","2016","Trimestre 2","9,399,922.78","2,452.78"
"23682","San Jose de Ure","2023","Trimestre 2","837,381,958.30","90,006.56"
"23682","San Jose de Ure","2024","Trimestre 2","129,355,557.00","14,790.71"
"23682","San Jose de Ure","2026","Trimestre 2","2,608,135,005.66","146,472.73"
"23682","San Jose de Ure","2016","Trimestre 2","7,975,401.55","2,055.82"
"23682","San Jose de Ure","2019","Trimestre 2","52,462,246.52","12,408.66"
"23682","San Jose de Ure","2020","Trimestre 2","258,160,069.71","40,681.06"
"23682","San Jose de Ure","2021","Trimestre 2","1,106,192,614.94","165,510.14"
"23682","San Jose de Ure","2022","Trimestre 2","370,585,810.15","48,522.72"
"23682","San Jose de Ure","2023","Trimestre 2","525,802,600.80","56,531.29"
"23682","San Jose de Ure","2025","Trimestre 2","1,534,207,452.76","108,760.55"
"23682","San Jose de Ure","2026","Trimestre 2","740,183,700.41","42,108.06"
"23682","San Jose de Ure","2015","Trimestre 3","16,356,409.72","5,262.97"
"23682","San Jose de Ure","2016","Trimestre 3","4,651,370.58","1,183.49"
"23682","San Jose de Ure","2017","Trimestre 3","250,707.83","68.50"
"23682","San Jose de Ure","2023","Trimestre 3","1,157,113,859.00","132,877.47"
"23682","San Jose de Ure","2024","Trimestre 3","227,182,757.10","24,312.47"
"23682","San Jose de Ure","2025","Trimestre 3","888,602,744.38","63,105.40"
"23682","San Jose de Ure","2026","Trimestre 3","1,913,672,178.50","119,523.84"
"23682","San Jose de Ure","2015","Trimestre 3","32,514,480.78","10,235.71"
"23682","San Jose de Ure","2016","Trimestre 3","35,805,858.89","8,794.37"
"23682","San Jose de Ure","2023","Trimestre 3","1,488,780,343.00","176,749.43"
"23682","San Jose de Ure","2024","Trimestre 3","539,651,931.08","54,506.01"
"23682","San Jose de Ure","2025","Trimestre 3","453,775,041.20","32,486.47"
"23682","San Jose de Ure","2015","Trimestre 3","5,029,590.26","1,563.27"
"23682","San Jose de Ure","2016","Trimestre 3","9,473,170.59","2,315.22"
"23682","San Jose de Ure","2020","Trimestre 3","739,937,079.35","101,643.11"
"23682","San Jose de Ure","2021","Trimestre 3","683,508,172.48","96,908.15"
"23682","San Jose de Ure","2022","Trimestre 3","956,878,894.94","124,551.79"
"23682","San Jose de Ure","2023","Trimestre 3","1,569,904,612.17","192,353.24"
"23682","San Jose de Ure","2024","Trimestre 3","2,017,925,349.16","196,488.47"
"23682","San Jose de Ure","2025","Trimestre 3","762,006,291.29","54,491.83"
"23682","San Jose de Ure","2015","Trimestre 4","2,632,812.97","740.60"
"23682","San Jose de Ure","2016","Trimestre 4","19,476,645.36","4,888.17"
"23682","San Jose de Ure","2023","Trimestre 4","1,240,057,694.00","152,475.59"
"23682","San Jose de Ure","2024","Trimestre 4","1,308,216,970.39","119,234.24"
"23682","San Jose de Ure","2025","Trimestre 4","919,486,049.38","62,889.94"
"23682","San Jose de Ure","2015","Trimestre 4","61,571,768.83","17,531.68"
"23682","San Jose de Ure","2016","Trimestre 4","3,519,484.75","921.16"
"23682","San Jose de Ure","2018","Trimestre 4","119,908,171.10","31,259.66"
"23682","San Jose de Ure","2024","Trimestre 4","1,254,015,072.94","107,002.62"
"23682","San Jose de Ure","2025","Trimestre 4","1,558,685,007.00","98,108.27"
"23682","San Jose de Ure","2015","Trimestre 4","7,319,445.29","2,169.69"
"23682","San Jose de Ure","2016","Trimestre 4","13,498,891.16","3,387.78"
"23682","San Jose de Ure","2018","Trimestre 4","38,392,938.36","9,694.91"
"23682","San Jose de Ure","2019","Trimestre 4","105,913,346.50","20,084.35"
"23682","San Jose de Ure","2020","Trimestre 4","905,348,525.36","123,790.80"
"23682","San Jose de Ure","2021","Trimestre 4","1,556,165,536.27","223,383.92"
"23682","San Jose de Ure","2022","Trimestre 4","2,234,476,788.02","277,242.68"
"23682","San Jose de Ure","2023","Trimestre 4","1,326,567,041.32","160,667.24"
"23682","San Jose de Ure","2024","Trimestre 4","1,438,937,651.28","120,039.28"
"23682","San Jose de Ure","2025","Trimestre 4","4,100,964,965.00","257,519.08"
"27001","Quibdo","2026","Trimestre 1","782,999.30","43.69"
"27001","Quibdo","2012","Trimestre 1","165,259,159.61","50,232.67"
"27001","Quibdo","2013","Trimestre 1","589,927,001.10","189,070.90"
"27001","Quibdo","2014","Trimestre 1","364,700,717.45","147,519.74"
"27001","Quibdo","2016","Trimestre 1","203,083,873.79","56,766.12"
"27001","Quibdo","2017","Trimestre 1","357,598,682.62","100,108.27"
"27001","Quibdo","2018","Trimestre 1","279,301.76","71.83"
"27001","Quibdo","2019","Trimestre 1","87,638,748.08","21,639.76"
"27001","Quibdo","2023","Trimestre 1","83,809,656.34","10,504.66"
"27001","Quibdo","2024","Trimestre 1","6,045,034.13","730.67"
"27001","Quibdo","2025","Trimestre 1","51,035,280.28","3,838.64"
"27001","Quibdo","2026","Trimestre 1","25,329,858.51","1,521.95"
"27001","Quibdo","2012","Trimestre 1","273,592,259.03","86,819.54"
"27001","Quibdo","2013","Trimestre 1","570,113,638.92","187,296.70"
"27001","Quibdo","2014","Trimestre 1","405,906,131.89","161,746.34"
"27001","Quibdo","2015","Trimestre 1","134,947,276.82","45,612.72"
"27001","Quibdo","2016","Trimestre 1","242,645,175.47","65,472.13"
"27001","Quibdo","2017","Trimestre 1","423,240,804.92","117,331.46"
"27001","Quibdo","2018","Trimestre 1","9,242,772.72","2,367.93"
"27001","Quibdo","2019","Trimestre 1","43,588,420.24","10,419.21"
"27001","Quibdo","2023","Trimestre 1","80,843,803.88","9,004.10"
"27001","Quibdo","2024","Trimestre 1","85,547,899.33","10,380.87"
"27001","Quibdo","2025","Trimestre 1","14,020,947.79","1,175.09"
"27001","Quibdo","2012","Trimestre 1","557,257,984.98","174,275.66"
"27001","Quibdo","2013","Trimestre 1","518,355,850.56","172,802.35"
"27001","Quibdo","2014","Trimestre 1","376,527,063.20","137,870.57"
"27001","Quibdo","2015","Trimestre 1","182,415,707.11","59,370.70"
"27001","Quibdo","2016","Trimestre 1","220,429,178.05","53,478.91"
"27001","Quibdo","2017","Trimestre 1","377,371,927.74","103,464.96"
"27001","Quibdo","2018","Trimestre 1","34,446,608.55","8,805.22"
"27001","Quibdo","2019","Trimestre 1","91,751,986.23","21,702.32"
"27001","Quibdo","2020","Trimestre 1","69,356,505.38","13,203.03"
"27001","Quibdo","2021","Trimestre 1","108,050,406.10","11,811.14"
"27001","Quibdo","2022","Trimestre 1","35,654,701.32","4,760.83"
"27001","Quibdo","2023","Trimestre 1","84,958,733.60","9,275.48"
"27001","Quibdo","2024","Trimestre 1","105,904,735.04","12,920.77"
"27001","Quibdo","2025","Trimestre 1","27,474,437.79","1,684.94"
"27001","Quibdo","2026","Trimestre 1","4,427,653.34","236.66"
"27001","Quibdo","2012","Trimestre 2","455,250,586.83","149,703.37"
"27001","Quibdo","2013","Trimestre 2","531,589,783.49","179,028.16"
"27001","Quibdo","2014","Trimestre 2","528,646,620.31","190,280.38"
"27001","Quibdo","2015","Trimestre 2","288,806,725.41","93,677.61"
"27001","Quibdo","2016","Trimestre 2","220,944,129.50","54,770.13"
"27001","Quibdo","2017","Trimestre 2","359,236,894.80","96,536.61"
"27001","Quibdo","2018","Trimestre 2","47,232,891.79","12,122.58"
"27001","Quibdo","2023","Trimestre 2","101,744,917.00","10,952.17"
"27001","Quibdo","2024","Trimestre 2","105,100,536.00","12,356.66"
"27001","Quibdo","2025","Trimestre 2","51,030,957.05","5,660.73"
"27001","Quibdo","2026","Trimestre 2","3,266,176.99","173.42"
"27001","Quibdo","2012","Trimestre 2","468,541,373.56","154,078.85"
"27001","Quibdo","2013","Trimestre 2","1,092,664,511.15","390,727.79"
"27001","Quibdo","2014","Trimestre 2","411,247,850.63","158,682.45"
"27001","Quibdo","2015","Trimestre 2","616,103,935.29","199,147.16"
"27001","Quibdo","2016","Trimestre 2","558,622,793.34","145,507.22"
"27001","Quibdo","2017","Trimestre 2","364,808,259.88","97,574.59"
"27001","Quibdo","2018","Trimestre 2","101,047,153.16","26,534.36"
"27001","Quibdo","2023","Trimestre 2","120,340,371.80","12,896.47"
"27001","Quibdo","2024","Trimestre 2","55,944,756.65","6,169.89"
"27001","Quibdo","2026","Trimestre 2","1,105,331.54","59.45"
"27001","Quibdo","2012","Trimestre 2","381,833,517.63","130,440.14"
"27001","Quibdo","2013","Trimestre 2","665,122,470.64","247,472.69"
"27001","Quibdo","2014","Trimestre 2","450,760,794.80","177,480.96"
"27001","Quibdo","2015","Trimestre 2","400,838,856.31","133,080.82"
"27001","Quibdo","2016","Trimestre 2","650,143,673.87","167,610.67"
"27001","Quibdo","2017","Trimestre 2","273,715,788.34","73,101.26"
"27001","Quibdo","2018","Trimestre 2","143,495,152.20","37,491.54"
"27001","Quibdo","2019","Trimestre 2","1,483,056,966.00","278,231.37"
"27001","Quibdo","2020","Trimestre 2","315,585,434.16","46,486.67"
"27001","Quibdo","2021","Trimestre 2","49,211,891.44","5,956.36"
"27001","Quibdo","2022","Trimestre 2","51,726,899.74","6,795.73"
"27001","Quibdo","2023","Trimestre 2","179,266,948.10","19,306.68"
"27001","Quibdo","2025","Trimestre 2","6,048,738.19","411.87"
"27001","Quibdo","2026","Trimestre 2","17,673,652.09","678.50"
"27001","Quibdo","2012","Trimestre 3","680,301,337.29","231,604.34"
"27001","Quibdo","2013","Trimestre 3","803,818,822.54","304,877.42"
"27001","Quibdo","2014","Trimestre 3","393,927,506.17","158,530.35"
"27001","Quibdo","2015","Trimestre 3","314,716,880.76","101,319.50"
"27001","Quibdo","2016","Trimestre 3","659,228,455.39","167,774.25"
"27001","Quibdo","2017","Trimestre 3","127,135,715.25","33,453.14"
"27001","Quibdo","2018","Trimestre 3","134,669,584.20","35,395.88"
"27001","Quibdo","2023","Trimestre 3","208,926,017.60","23,947.34"
"27001","Quibdo","2024","Trimestre 3","140,974,053.70","15,465.32"
"27001","Quibdo","2025","Trimestre 3","1,685,238.22","118.88"
"27001","Quibdo","2012","Trimestre 3","657,120,261.69","222,683.73"
"27001","Quibdo","2013","Trimestre 3","443,878,597.16","173,955.30"
"27001","Quibdo","2014","Trimestre 3","448,170,545.08","178,795.48"
"27001","Quibdo","2015","Trimestre 3","492,929,970.22","155,331.36"
"27001","Quibdo","2016","Trimestre 3","1,045,850,387.01","257,891.80"
"27001","Quibdo","2017","Trimestre 3","167,977,049.45","43,823.30"
"27001","Quibdo","2018","Trimestre 3","174,658,448.00","47,462.77"
"27001","Quibdo","2023","Trimestre 3","118,292,454.60","14,265.24"
"27001","Quibdo","2024","Trimestre 3","129,509,689.82","13,778.41"
"27001","Quibdo","2025","Trimestre 3","2,296,716.92","149.57"
"27001","Quibdo","2012","Trimestre 3","721,988,418.50","239,018.20"
"27001","Quibdo","2013","Trimestre 3","548,563,265.05","207,025.86"
"27001","Quibdo","2014","Trimestre 3","391,049,534.93","154,609.91"
"27001","Quibdo","2015","Trimestre 3","1,178,768,602.60","341,221.11"
"27001","Quibdo","2016","Trimestre 3","549,792,261.92","134,382.94"
"27001","Quibdo","2017","Trimestre 3","134,821,472.42","34,463.18"
"27001","Quibdo","2018","Trimestre 3","213,707,563.90","58,291.31"
"27001","Quibdo","2019","Trimestre 3","1,282,983,564.00","201,384.30"
"27001","Quibdo","2020","Trimestre 3","658,549,978.68","93,209.23"
"27001","Quibdo","2021","Trimestre 3","54,096,386.33","6,477.45"
"27001","Quibdo","2022","Trimestre 3","207,414,017.59","27,215.54"
"27001","Quibdo","2023","Trimestre 3","67,092,352.50","8,263.91"
"27001","Quibdo","2024","Trimestre 3","25,808,443.41","2,526.20"
"27001","Quibdo","2025","Trimestre 3","546,808.29","39.21"
"27001","Quibdo","2012","Trimestre 4","764,265,456.72","236,150.61"
"27001","Quibdo","2013","Trimestre 4","397,786,549.12","149,355.18"
"27001","Quibdo","2014","Trimestre 4","536,032,622.15","213,365.37"
"27001","Quibdo","2015","Trimestre 4","293,647,869.47","83,030.18"
"27001","Quibdo","2016","Trimestre 4","245,709,858.62","61,654.85"
"27001","Quibdo","2017","Trimestre 4","378,991,596.60","105,836.30"
"27001","Quibdo","2018","Trimestre 4","235,917,888.50","63,225.97"
"27001","Quibdo","2023","Trimestre 4","79,447,514.92","9,976.49"
"27001","Quibdo","2024","Trimestre 4","298,431,345.13","30,661.74"
"27001","Quibdo","2025","Trimestre 4","868,010.12","58.75"
"27001","Quibdo","2012","Trimestre 4","774,679,565.78","238,799.63"
"27001","Quibdo","2013","Trimestre 4","352,035,115.23","137,828.42"
"27001","Quibdo","2014","Trimestre 4","284,909,902.75","110,658.72"
"27001","Quibdo","2015","Trimestre 4","516,745,674.87","147,599.47"
"27001","Quibdo","2016","Trimestre 4","407,384,178.05","105,483.92"
"27001","Quibdo","2017","Trimestre 4","341,740,542.20","87,811.94"
"27001","Quibdo","2018","Trimestre 4","216,391,862.80","56,634.11"
"27001","Quibdo","2024","Trimestre 4","3,964,322.28","348.45"
"27001","Quibdo","2025","Trimestre 4","1,330,003.00","89.88"
"27001","Quibdo","2012","Trimestre 4","868,215,084.56","265,197.31"
"27001","Quibdo","2013","Trimestre 4","449,616,773.49","178,225.43"
"27001","Quibdo","2014","Trimestre 4","524,662,333.37","203,920.66"
"27001","Quibdo","2015","Trimestre 4","1,257,003,036.22","375,494.90"
"27001","Quibdo","2016","Trimestre 4","333,722,100.11","84,575.28"
"27001","Quibdo","2017","Trimestre 4","81,818,979.61","20,835.49"
"27001","Quibdo","2018","Trimestre 4","285,967,656.70","71,937.56"
"27001","Quibdo","2019","Trimestre 4","344,992,318.78","54,602.48"
"27001","Quibdo","2020","Trimestre 4","479,999,510.09","63,728.84"
"27001","Quibdo","2021","Trimestre 4","120,658,132.86","13,291.75"
"27001","Quibdo","2022","Trimestre 4","173,423,680.82","21,945.00"
"27001","Quibdo","2023","Trimestre 4","81,539,910.11","9,823.66"
"27001","Quibdo","2024","Trimestre 4","9,120,348.15","770.91"
"27001","Quibdo","2025","Trimestre 4","7,718,904.15","451.64"
"27006","Acandi","2012","Trimestre 1","9,556,886.58","2,904.94"
"27006","Acandi","2016","Trimestre 1","1,466,831.60","409.97"
"27006","Acandi","2017","Trimestre 1","418,420,195.94","113,905.40"
"27006","Acandi","2014","Trimestre 1","3,618,229.97","1,441.80"
"27006","Acandi","2015","Trimestre 1","275,497,461.77","91,230.02"
"27006","Acandi","2016","Trimestre 1","862,962,662.10","232,847.20"
"27006","Acandi","2017","Trimestre 1","123,923,015.57","34,389.93"
"27006","Acandi","2014","Trimestre 1","1,146,372.28","419.76"
"27006","Acandi","2015","Trimestre 1","469,582,143.99","153,636.15"
"27006","Acandi","2016","Trimestre 1","1,425,311,204.57","348,430.11"
"27006","Acandi","2017","Trimestre 1","149,980,469.78","41,122.42"
"27006","Acandi","2014","Trimestre 2","1,976,169.79","711.30"
"27006","Acandi","2015","Trimestre 2","812,041,176.83","260,165.24"
"27006","Acandi","2016","Trimestre 2","148,270,188.10","36,789.06"
"27006","Acandi","2017","Trimestre 2","156,101,893.49","42,436.10"
"27006","Acandi","2015","Trimestre 2","660,073,369.93","213,457.06"
"27006","Acandi","2016","Trimestre 2","222,743,833.77","58,121.98"
"27006","Acandi","2017","Trimestre 2","105,016,192.50","28,068.97"
"27006","Acandi","2015","Trimestre 2","122,225,444.58","40,609.83"
"27006","Acandi","2016","Trimestre 2","451,959,369.73","116,501.55"
"27006","Acandi","2017","Trimestre 2","39,637,784.29","10,584.02"
"27006","Acandi","2015","Trimestre 3","5,372,646.49","1,746.15"
"27006","Acandi","2016","Trimestre 3","82,773,969.94","21,060.88"
"27006","Acandi","2017","Trimestre 3","10,354,720.94","2,706.78"
"27006","Acandi","2012","Trimestre 3","65,129.24","22.26"
"27006","Acandi","2015","Trimestre 3","214,223,139.17","68,205.25"
"27006","Acandi","2016","Trimestre 3","367,740,138.96","90,286.35"
"27006","Acandi","2015","Trimestre 3","31,775,445.71","9,170.71"
"27006","Acandi","2016","Trimestre 3","620,277,270.39","151,594.02"
"27006","Acandi","2012","Trimestre 4","216,058.57","66.76"
"27006","Acandi","2014","Trimestre 4","169,033,765.79","67,283.13"
"27006","Acandi","2016","Trimestre 4","1,604,353,669.97","402,147.05"
"27006","Acandi","2023","Trimestre 4","24,178,700.85","3,058.82"
"27006","Acandi","2014","Trimestre 4","204,362,720.16","79,481.11"
"27006","Acandi","2015","Trimestre 4","470,193,147.69","134,185.12"
"27006","Acandi","2016","Trimestre 4","467,836,780.56","121,904.73"
"27006","Acandi","2014","Trimestre 4","173,038,360.20","67,254.87"
"27006","Acandi","2015","Trimestre 4","82,341,391.92","24,603.79"
"27006","Acandi","2016","Trimestre 4","549,891,066.90","139,800.89"
"27006","Acandi","2017","Trimestre 4","2,083,484.33","542.62"
"27025","Alto Baudo","2026","Trimestre 1","711,872.97","42.39"
"27025","Alto Baudo","2012","Trimestre 1","3,790,459.16","1,185.42"
"27025","Alto Baudo","2012","Trimestre 2","12,662,362.94","3,960.00"
"27050","Atrato","2026","Trimestre 1","13,135,755.60","735.48"
"27050","Atrato","2026","Trimestre 3","9,906,699.05","563.49"
"27050","Atrato","2026","Trimestre 2","2,185,890.35","124.47"
"27050","Atrato","2012","Trimestre 1","354,023.34","107.61"
"27050","Atrato","2013","Trimestre 1","8,871,588.54","2,845.00"
"27050","Atrato","2014","Trimestre 1","115,043,454.86","47,164.54"
"27050","Atrato","2015","Trimestre 1","383,305.71","132.32"
"27050","Atrato","2016","Trimestre 1","83,476,070.01","23,332.82"
"27050","Atrato","2017","Trimestre 1","122,352,514.06","34,272.39"
"27050","Atrato","2018","Trimestre 1","1,338,527.56","344.23"
"27050","Atrato","2019","Trimestre 1","85,018,599.06","20,752.39"
"27050","Atrato","2022","Trimestre 1","9,225,818.66","1,267.63"
"27050","Atrato","2023","Trimestre 1","91,415,081.18","10,475.34"
"27050","Atrato","2024","Trimestre 1","79,638,451.39","9,629.58"
"27050","Atrato","2025","Trimestre 1","13,356,740.40","1,181.59"
"27050","Atrato","2026","Trimestre 1","6,650,205.59","396.08"
"27050","Atrato","2012","Trimestre 1","36,774.31","- 0"
"27050","Atrato","2013","Trimestre 1","8,911,605.22","2,928.74"
"27050","Atrato","2014","Trimestre 1","45,406,402.54","18,093.64"
"27050","Atrato","2015","Trimestre 1","378,582,359.50","130,413.46"
"27050","Atrato","2016","Trimestre 1","137,524,663.87","37,208.10"
"27050","Atrato","2017","Trimestre 1","151,507,785.35","42,052.39"
"27050","Atrato","2018","Trimestre 1","7,314,780.24","1,872.29"
"27050","Atrato","2019","Trimestre 1","91,016,932.78","21,783.55"
"27050","Atrato","2023","Trimestre 1","241,235,949.70","26,874.09"
"27050","Atrato","2024","Trimestre 1","181,350,953.20","22,011.33"
"27050","Atrato","2025","Trimestre 1","32,912,720.15","2,753.84"
"27050","Atrato","2013","Trimestre 1","356,692,096.77","118,911.08"
"27050","Atrato","2014","Trimestre 1","68,860,773.64","25,214.32"
"27050","Atrato","2015","Trimestre 1","64,072,935.23","20,824.39"
"27050","Atrato","2016","Trimestre 1","146,292,216.26","36,224.29"
"27050","Atrato","2017","Trimestre 1","16,773,303.41","4,597.01"
"27050","Atrato","2018","Trimestre 1","19,647,639.53","5,015.07"
"27050","Atrato","2019","Trimestre 1","67,126,091.68","15,879.41"
"27050","Atrato","2020","Trimestre 1","78,535,027.12","14,756.64"
"27050","Atrato","2021","Trimestre 1","373,466,005.40","54,984.27"
"27050","Atrato","2022","Trimestre 1","271,951,531.54","36,483.60"
"27050","Atrato","2023","Trimestre 1","173,615,269.31","18,953.07"
"27050","Atrato","2024","Trimestre 1","284,680,453.12","34,743.12"
"27050","Atrato","2025","Trimestre 1","28,743,958.68","2,359.14"
"27050","Atrato","2026","Trimestre 1","12,911,313.94","691.22"
"27050","Atrato","2012","Trimestre 2","1,596,230.14","524.90"
"27050","Atrato","2013","Trimestre 2","220,324,112.33","74,203.74"
"27050","Atrato","2014","Trimestre 2","18,959,828.16","6,824.38"
"27050","Atrato","2015","Trimestre 2","81,310,091.21","26,386.21"
"27050","Atrato","2016","Trimestre 2","434,486,885.50","107,745.45"
"27050","Atrato","2017","Trimestre 2","60,856,402.50","16,503.13"
"27050","Atrato","2018","Trimestre 2","25,042,070.79","6,422.45"
"27050","Atrato","2023","Trimestre 2","105,133,288.90","11,306.57"
"27050","Atrato","2024","Trimestre 2","260,850,183.90","30,568.27"
"27050","Atrato","2025","Trimestre 2","123,057,542.38","13,499.54"
"27050","Atrato","2026","Trimestre 2","14,105,619.18","756.10"
"27050","Atrato","2012","Trimestre 2","20,652,935.63","6,852.91"
"27050","Atrato","2013","Trimestre 2","2,999,839.99","1,072.90"
"27050","Atrato","2014","Trimestre 2","220,061,528.99","84,912.06"
"27050","Atrato","2015","Trimestre 2","66,157,195.33","21,398.37"
"27050","Atrato","2016","Trimestre 2","60,112,000.35","15,501.81"
"27050","Atrato","2017","Trimestre 2","97,050,197.37","26,023.35"
"27050","Atrato","2018","Trimestre 2","124,854,106.95","32,852.26"
"27050","Atrato","2023","Trimestre 2","313,313,607.00","33,637.97"
"27050","Atrato","2024","Trimestre 2","206,410,630.60","22,614.77"
"27050","Atrato","2026","Trimestre 2","13,012,432.32","728.69"
"27050","Atrato","2012","Trimestre 2","2,242,932.82","766.22"
"27050","Atrato","2013","Trimestre 2","25,357,443.11","9,435.69"
"27050","Atrato","2014","Trimestre 2","434,639,085.86","170,620.22"
"27050","Atrato","2015","Trimestre 2","53,184,294.74","17,649.19"
"27050","Atrato","2016","Trimestre 2","188,782,092.43","48,662.88"
"27050","Atrato","2017","Trimestre 2","97,507,641.88","26,055.83"
"27050","Atrato","2018","Trimestre 2","103,728,788.80","27,117.61"
"27050","Atrato","2019","Trimestre 2","226,497,962.00","53,356.38"
"27050","Atrato","2020","Trimestre 2","81,859,221.15","12,608.11"
"27050","Atrato","2021","Trimestre 2","424,290,400.89","63,507.15"
"27050","Atrato","2022","Trimestre 2","208,122,781.30","27,357.64"
"27050","Atrato","2023","Trimestre 2","176,975,713.40","19,017.79"
"27050","Atrato","2025","Trimestre 2","36,400,956.07","2,627.58"
"27050","Atrato","2026","Trimestre 2","962,029.18","54.78"
"27050","Atrato","2013","Trimestre 3","259,913,867.54","98,581.75"
"27050","Atrato","2014","Trimestre 3","480,941,875.67","193,548.01"
"27050","Atrato","2015","Trimestre 3","129,958,247.05","41,816.41"
"27050","Atrato","2016","Trimestre 3","16,674,474.21","4,242.63"
"27050","Atrato","2017","Trimestre 3","77,507,258.07","20,527.38"
"27050","Atrato","2018","Trimestre 3","54,691,247.87","14,370.87"
"27050","Atrato","2023","Trimestre 3","225,772,183.10","25,939.28"
"27050","Atrato","2024","Trimestre 3","120,358,824.90","12,905.57"
"27050","Atrato","2025","Trimestre 3","29,156,491.02","2,077.20"
"27050","Atrato","2026","Trimestre 3","7,733,690.40","439.95"
"27050","Atrato","2013","Trimestre 3","27,621,287.43","10,969.44"
"27050","Atrato","2014","Trimestre 3","412,531,357.82","164,577.40"
"27050","Atrato","2015","Trimestre 3","258,083,790.64","81,252.14"
"27050","Atrato","2016","Trimestre 3","47,025,100.77","11,545.45"
"27050","Atrato","2017","Trimestre 3","60,281,567.99","15,690.68"
"27050","Atrato","2018","Trimestre 3","47,379,225.04","12,875.25"
"27050","Atrato","2023","Trimestre 3","189,540,341.50","22,767.26"
"27050","Atrato","2024","Trimestre 3","85,236,676.19","8,665.89"
"27050","Atrato","2025","Trimestre 3","34,793,852.98","2,491.33"
"27050","Atrato","2014","Trimestre 3","413,784,135.39","163,598.53"
"27050","Atrato","2015","Trimestre 3","528,537,075.42","154,761.28"
"27050","Atrato","2016","Trimestre 3","26,066,681.94","6,374.04"
"27050","Atrato","2017","Trimestre 3","26,707,504.47","6,868.27"
"27050","Atrato","2018","Trimestre 3","73,878,563.27","20,104.36"
"27050","Atrato","2019","Trimestre 3","240,634,068.02","51,169.04"
"27050","Atrato","2020","Trimestre 3","424,941,908.31","60,190.70"
"27050","Atrato","2021","Trimestre 3","276,856,494.12","39,040.52"
"27050","Atrato","2022","Trimestre 3","292,501,181.45","38,267.66"
"27050","Atrato","2023","Trimestre 3","245,273,074.36","30,146.60"
"27050","Atrato","2024","Trimestre 3","127,405,757.58","12,450.41"
"27050","Atrato","2025","Trimestre 3","56,086,403.84","4,023.65"
"27050","Atrato","2013","Trimestre 4","65,985,812.02","24,775.40"
"27050","Atrato","2014","Trimestre 4","358,602,986.97","142,740.31"
"27050","Atrato","2015","Trimestre 4","103,929,105.80","29,313.51"
"27050","Atrato","2016","Trimestre 4","38,916,924.01","9,766.19"
"27050","Atrato","2017","Trimestre 4","70,396,771.11","11,339.98"
"27050","Atrato","2018","Trimestre 4","115,184,490.90","30,827.22"
"27050","Atrato","2023","Trimestre 4","240,859,721.50","30,307.01"
"27050","Atrato","2024","Trimestre 4","109,328,839.98","10,271.12"
"27050","Atrato","2025","Trimestre 4","10,720,093.45","744.28"
"27050","Atrato","2012","Trimestre 4","2,404,884.19","741.32"
"27050","Atrato","2013","Trimestre 4","359,290,577.82","140,669.07"
"27050","Atrato","2014","Trimestre 4","235,983,406.04","91,655.72"
"27050","Atrato","2015","Trimestre 4","123,415,926.43","35,252.06"
"27050","Atrato","2016","Trimestre 4","227,960,499.40","59,655.81"
"27050","Atrato","2017","Trimestre 4","20,331,628.79","5,208.34"
"27050","Atrato","2018","Trimestre 4","100,650,145.70","26,302.02"
"27050","Atrato","2024","Trimestre 4","24,159,460.37","2,076.38"
"27050","Atrato","2025","Trimestre 4","462,460.78","31.03"
"27050","Atrato","2012","Trimestre 4","57,980,909.42","17,985.30"
"27050","Atrato","2013","Trimestre 4","183,465,875.85","72,724.79"
"27050","Atrato","2014","Trimestre 4","367,426,647.47","142,807.82"
"27050","Atrato","2015","Trimestre 4","37,829,287.21","11,246.91"
"27050","Atrato","2016","Trimestre 4","240,840,955.21","61,016.84"
"27050","Atrato","2017","Trimestre 4","18,137,177.38","4,657.29"
"27050","Atrato","2018","Trimestre 4","147,101,947.10","37,261.96"
"27050","Atrato","2019","Trimestre 4","112,570,298.64","22,373.66"
"27050","Atrato","2020","Trimestre 4","670,502,952.27","90,886.06"
"27050","Atrato","2021","Trimestre 4","458,893,238.98","65,325.70"
"27050","Atrato","2022","Trimestre 4","333,941,060.05","40,248.38"
"27050","Atrato","2023","Trimestre 4","421,288,836.93","50,867.66"
"27050","Atrato","2024","Trimestre 4","14,691,494.59","1,271.79"
"27050","Atrato","2025","Trimestre 4","11,409,385.87","720.51"
"27073","Bagado","2012","Trimestre 1","7,109,417.71","2,161.00"
"27073","Bagado","2013","Trimestre 1","50,148,266.43","16,081.88"
"27073","Bagado","2014","Trimestre 1","26,096,587.00","10,698.86"
"27073","Bagado","2016","Trimestre 1","1,125,714.51","314.63"
"27073","Bagado","2017","Trimestre 1","235,319,566.18","65,961.09"
"27073","Bagado","2018","Trimestre 1","333,259,936.90","85,704.45"
"27073","Bagado","2019","Trimestre 1","180,976,161.60","44,257.14"
"27073","Bagado","2023","Trimestre 1","651,937.25","73.54"
"27073","Bagado","2012","Trimestre 1","27,611,230.58","8,761.92"
"27073","Bagado","2013","Trimestre 1","56,593,794.92","18,599.18"
"27073","Bagado","2014","Trimestre 1","42,682,412.61","17,008.18"
"27073","Bagado","2015","Trimestre 1","14,994,384.10","4,854.47"
"27073","Bagado","2016","Trimestre 1","27,889,805.03","7,525.31"
"27073","Bagado","2017","Trimestre 1","313,413,454.25","86,872.89"
"27073","Bagado","2018","Trimestre 1","473,132,254.40","120,511.37"
"27073","Bagado","2019","Trimestre 1","125,289,140.40","29,799.79"
"27073","Bagado","2023","Trimestre 1","8,080,121.38","894.64"
"27073","Bagado","2012","Trimestre 1","48,956,059.72","15,310.41"
"27073","Bagado","2013","Trimestre 1","82,117,302.94","27,375.59"
"27073","Bagado","2014","Trimestre 1","56,130,948.00","20,553.12"
"27073","Bagado","2015","Trimestre 1","19,457,720.14","6,366.00"
"27073","Bagado","2016","Trimestre 1","32,669,151.97","7,882.54"
"27073","Bagado","2017","Trimestre 1","233,143,109.40","63,704.94"
"27073","Bagado","2019","Trimestre 1","269,390,482.50","63,757.27"
"27073","Bagado","2020","Trimestre 1","525,844,070.57","99,582.29"
"27073","Bagado","2021","Trimestre 1","221,123,174.10","33,259.34"
"27073","Bagado","2022","Trimestre 1","127,576.19","17.22"
"27073","Bagado","2023","Trimestre 1","6,224,014.36","677.38"
"27073","Bagado","2012","Trimestre 2","44,587,073.26","14,661.89"
"27073","Bagado","2013","Trimestre 2","82,403,130.75","27,752.84"
"27073","Bagado","2014","Trimestre 2","59,204,038.77","21,309.83"
"27073","Bagado","2015","Trimestre 2","8,945,254.35","2,863.71"
"27073","Bagado","2016","Trimestre 2","35,502,421.51","8,799.66"
"27073","Bagado","2017","Trimestre 2","639,589,485.72","171,858.16"
"27073","Bagado","2023","Trimestre 2","8,242,318.61","888.59"
"27073","Bagado","2012","Trimestre 2","51,088,228.06","16,954.01"
"27073","Bagado","2013","Trimestre 2","54,730,306.50","19,574.43"
"27073","Bagado","2014","Trimestre 2","39,264,239.44","15,150.34"
"27073","Bagado","2015","Trimestre 2","12,962,209.44","4,211.24"
"27073","Bagado","2016","Trimestre 2","47,046,254.28","12,276.08"
"27073","Bagado","2017","Trimestre 2","479,297,216.71","128,108.24"
"27073","Bagado","2018","Trimestre 2","56,525,488.80","14,975.72"
"27073","Bagado","2023","Trimestre 2","6,137,027.49","658.64"
"27073","Bagado","2012","Trimestre 2","90,381,237.25","30,875.61"
"27073","Bagado","2013","Trimestre 2","87,718,021.87","32,640.52"
"27073","Bagado","2014","Trimestre 2","14,366,729.28","5,659.03"
"27073","Bagado","2015","Trimestre 2","32,795,563.96","10,746.00"
"27073","Bagado","2016","Trimestre 2","42,140,561.70","10,862.57"
"27073","Bagado","2017","Trimestre 2","661,585,963.66","176,664.55"
"27073","Bagado","2018","Trimestre 2","361,254.78","94.29"
"27073","Bagado","2019","Trimestre 2","669,651,549.50","159,637.19"
"27073","Bagado","2020","Trimestre 2","804,161,558.93","119,544.35"
"27073","Bagado","2021","Trimestre 2","670,042,846.44","101,243.34"
"27073","Bagado","2022","Trimestre 2","2,884,418.03","376.85"
"27073","Bagado","2023","Trimestre 2","405,183.78","43.50"
"27073","Bagado","2012","Trimestre 3","72,391,101.79","24,645.10"
"27073","Bagado","2013","Trimestre 3","79,310,316.89","30,081.31"
"27073","Bagado","2014","Trimestre 3","54,485,425.97","21,926.86"
"27073","Bagado","2015","Trimestre 3","18,142,627.27","5,837.72"
"27073","Bagado","2016","Trimestre 3","13,971,449.48","3,554.87"
"27073","Bagado","2017","Trimestre 3","467,541,882.15","121,768.04"
"27073","Bagado","2023","Trimestre 3","382,608.75","41.08"
"27073","Bagado","2012","Trimestre 3","40,077,392.80","13,697.73"
"27073","Bagado","2013","Trimestre 3","54,545,740.36","21,662.13"
"27073","Bagado","2014","Trimestre 3","46,309,239.05","18,474.85"
"27073","Bagado","2015","Trimestre 3","25,533,445.64","8,038.21"
"27073","Bagado","2016","Trimestre 3","37,474,678.29","9,200.66"
"27073","Bagado","2017","Trimestre 3","431,469,265.21","111,656.59"
"27073","Bagado","2018","Trimestre 3","20,814,136.78","5,580.04"
"27073","Bagado","2012","Trimestre 3","91,645,977.88","30,339.90"
"27073","Bagado","2013","Trimestre 3","65,854,477.81","24,975.45"
"27073","Bagado","2014","Trimestre 3","28,918,657.57","11,433.62"
"27073","Bagado","2015","Trimestre 3","23,123,443.16","6,673.66"
"27073","Bagado","2016","Trimestre 3","235,302,455.74","57,507.26"
"27073","Bagado","2017","Trimestre 3","167,886,880.97","42,771.40"
"27073","Bagado","2018","Trimestre 3","39,775,968.59","10,872.80"
"27073","Bagado","2019","Trimestre 3","617,921,408.20","128,851.01"
"27073","Bagado","2020","Trimestre 3","1,052,654,300.72","151,639.17"
"27073","Bagado","2021","Trimestre 3","1,005,784.56","143.56"
"27073","Bagado","2022","Trimestre 3","31,441,760.14","4,100.90"
"27073","Bagado","2012","Trimestre 4","83,298,860.80","25,738.54"
"27073","Bagado","2013","Trimestre 4","89,509,828.95","33,607.86"
"27073","Bagado","2014","Trimestre 4","60,539,085.69","24,097.31"
"27073","Bagado","2015","Trimestre 4","1,565,731.83","440.43"
"27073","Bagado","2016","Trimestre 4","269,229,285.10","67,570.02"
"27073","Bagado","2017","Trimestre 4","463,150,886.40","117,308.83"
"27073","Bagado","2018","Trimestre 4","39,781,742.08","10,622.63"
"27073","Bagado","2023","Trimestre 4","1,225,447.72","155.03"
"27073","Bagado","2012","Trimestre 4","71,036,130.52","21,897.31"
"27073","Bagado","2013","Trimestre 4","72,202,511.22","28,268.65"
"27073","Bagado","2014","Trimestre 4","7,386,880.48","2,869.06"
"27073","Bagado","2015","Trimestre 4","8,754,058.98","2,501.29"
"27073","Bagado","2016","Trimestre 4","236,693,439.05","61,949.93"
"27073","Bagado","2017","Trimestre 4","571,906,021.90","147,070.25"
"27073","Bagado","2018","Trimestre 4","73,905,166.69","19,184.77"
"27073","Bagado","2012","Trimestre 4","91,693,562.91","28,436.44"
"27073","Bagado","2013","Trimestre 4","71,981,885.39","28,533.19"
"27073","Bagado","2014","Trimestre 4","53,960,080.79","20,972.68"
"27073","Bagado","2015","Trimestre 4","6,871,635.70","2,053.26"
"27073","Bagado","2016","Trimestre 4","293,197,170.01","74,413.31"
"27073","Bagado","2017","Trimestre 4","1,085,619,984.56","276,469.74"
"27073","Bagado","2018","Trimestre 4","165,875,888.10","41,319.55"
"27073","Bagado","2019","Trimestre 4","567,440,727.10","107,830.05"
"27073","Bagado","2020","Trimestre 4","1,493,932,501.60","204,071.80"
"27073","Bagado","2021","Trimestre 4","750,632,751.96","106,571.13"
"27073","Bagado","2022","Trimestre 4","12,885,884.67","1,619.51"
"27077","Bajo Baudo","2015","Trimestre 2","54,403,614.70","17,690.61"
"27077","Bajo Baudo","2014","Trimestre 3","96,294.45","38.07"
"27099","Bojaya","2013","Trimestre 4","642,535.50","241.25"
"27135","El Canton del San Pablo","2026","Trimestre 1","714,566,872.27","40,086.02"
"27135","El Canton del San Pablo","2026","Trimestre 3","393,909,368.39","22,343.62"
"27135","El Canton del San Pablo","2026","Trimestre 2","264,108,010.85","14,965.89"
"27135","El Canton del San Pablo","2012","Trimestre 1","374,147,258.98","113,726.93"
"27135","El Canton del San Pablo","2013","Trimestre 1","223,622,548.50","71,712.77"
"27135","El Canton del San Pablo","2014","Trimestre 1","66,814,507.01","27,392.04"
"27135","El Canton del San Pablo","2015","Trimestre 1","15,042,953.85","5,192.92"
"27135","El Canton del San Pablo","2016","Trimestre 1","68,413,841.23","19,121.25"
"27135","El Canton del San Pablo","2017","Trimestre 1","3,779,212.41","1,059.33"
"27135","El Canton del San Pablo","2018","Trimestre 1","1,869,500.14","480.78"
"27135","El Canton del San Pablo","2019","Trimestre 1","117,467,751.60","28,765.09"
"27135","El Canton del San Pablo","2022","Trimestre 1","102,318,791.38","14,099.89"
"27135","El Canton del San Pablo","2023","Trimestre 1","799,060,538.60","90,620.23"
"27135","El Canton del San Pablo","2024","Trimestre 1","79,160,803.57","9,572.60"
"27135","El Canton del San Pablo","2025","Trimestre 1","297,208,925.03","25,148.41"
"27135","El Canton del San Pablo","2026","Trimestre 1","1,065,195,917.06","64,345.32"
"27135","El Canton del San Pablo","2012","Trimestre 1","534,795,750.06","169,699.52"
"27135","El Canton del San Pablo","2013","Trimestre 1","214,628,329.05","70,536.18"
"27135","El Canton del San Pablo","2014","Trimestre 1","101,490,514.41","40,442.16"
"27135","El Canton del San Pablo","2015","Trimestre 1","72,876,651.47","23,594.00"
"27135","El Canton del San Pablo","2016","Trimestre 1","176,808,622.26","48,167.26"
"27135","El Canton del San Pablo","2017","Trimestre 1","8,172,021.07","2,265.15"
"27135","El Canton del San Pablo","2018","Trimestre 1","477,824.76","122.88"
"27135","El Canton del San Pablo","2019","Trimestre 1","155,577,846.20","37,205.20"
"27135","El Canton del San Pablo","2023","Trimestre 1","1,454,182,756.00","160,798.56"
"27135","El Canton del San Pablo","2024","Trimestre 1","586,404,644.70","71,189.85"
"27135","El Canton del San Pablo","2025","Trimestre 1","438,716,754.66","36,643.29"
"27135","El Canton del San Pablo","2012","Trimestre 1","284,588,991.51","89,001.75"
"27135","El Canton del San Pablo","2013","Trimestre 1","248,617,716.29","82,882.13"
"27135","El Canton del San Pablo","2014","Trimestre 1","162,591,201.66","59,535.01"
"27135","El Canton del San Pablo","2015","Trimestre 1","47,555,710.53","15,559.10"
"27135","El Canton del San Pablo","2016","Trimestre 1","261,954,699.34","63,611.31"
"27135","El Canton del San Pablo","2017","Trimestre 1","2,222,695.94","608.66"
"27135","El Canton del San Pablo","2018","Trimestre 1","6,612,113.84","1,685.81"
"27135","El Canton del San Pablo","2019","Trimestre 1","117,655,121.30","27,835.49"
"27135","El Canton del San Pablo","2020","Trimestre 1","848,189,318.72","159,286.02"
"27135","El Canton del San Pablo","2021","Trimestre 1","2,044,392,947.00","303,221.18"
"27135","El Canton del San Pablo","2022","Trimestre 1","7,330,368,346.04","1,023,838.14"
"27135","El Canton del San Pablo","2023","Trimestre 1","1,686,601,279.15","184,157.69"
"27135","El Canton del San Pablo","2024","Trimestre 1","524,356,030.50","63,983.44"
"27135","El Canton del San Pablo","2025","Trimestre 1","419,742,955.99","34,370.62"
"27135","El Canton del San Pablo","2026","Trimestre 1","1,173,464,679.19","62,584.04"
"27135","El Canton del San Pablo","2012","Trimestre 2","631,162,451.88","207,549.75"
"27135","El Canton del San Pablo","2013","Trimestre 2","175,272,443.19","59,030.63"
"27135","El Canton del San Pablo","2014","Trimestre 2","188,765,790.51","67,944.11"
"27135","El Canton del San Pablo","2015","Trimestre 2","38,481,124.24","12,284.59"
"27135","El Canton del San Pablo","2016","Trimestre 2","247,752,067.86","60,720.36"
"27135","El Canton del San Pablo","2017","Trimestre 2","7,441,212.73","2,002.91"
"27135","El Canton del San Pablo","2018","Trimestre 2","6,375,311.42","1,641.37"
"27135","El Canton del San Pablo","2023","Trimestre 2","1,461,452,347.00","157,177.28"
"27135","El Canton del San Pablo","2024","Trimestre 2","633,745,865.00","74,592.43"
"27135","El Canton del San Pablo","2025","Trimestre 2","884,921,001.30","83,694.33"
"27135","El Canton del San Pablo","2026","Trimestre 2","832,008,890.87","44,347.22"
"27135","El Canton del San Pablo","2012","Trimestre 2","469,842,455.05","155,916.39"
"27135","El Canton del San Pablo","2013","Trimestre 2","176,810,479.51","63,236.69"
"27135","El Canton del San Pablo","2014","Trimestre 2","175,520,490.40","67,725.63"
"27135","El Canton del San Pablo","2015","Trimestre 2","28,388,414.92","9,225.56"
"27135","El Canton del San Pablo","2016","Trimestre 2","138,003,287.85","34,790.56"
"27135","El Canton del San Pablo","2017","Trimestre 2","3,985,007.41","1,067.76"
"27135","El Canton del San Pablo","2018","Trimestre 2","824,238.01","215.50"
"27135","El Canton del San Pablo","2023","Trimestre 2","1,574,680,845.00","168,685.38"
"27135","El Canton del San Pablo","2024","Trimestre 2","466,613,374.70","50,974.05"
"27135","El Canton del San Pablo","2026","Trimestre 2","965,081,636.56","53,211.43"
"27135","El Canton del San Pablo","2012","Trimestre 2","248,119,147.70","84,761.28"
"27135","El Canton del San Pablo","2013","Trimestre 2","149,162,190.79","55,504.34"
"27135","El Canton del San Pablo","2014","Trimestre 2","163,812,624.23","64,525.48"
"27135","El Canton del San Pablo","2015","Trimestre 2","549,059,679.31","180,812.78"
"27135","El Canton del San Pablo","2016","Trimestre 2","64,942,992.11","16,814.75"
"27135","El Canton del San Pablo","2017","Trimestre 2","4,688,817.42","1,252.94"
"27135","El Canton del San Pablo","2018","Trimestre 2","19,176,072.39","5,020.83"
"27135","El Canton del San Pablo","2019","Trimestre 2","711,386,884.70","168,039.49"
"27135","El Canton del San Pablo","2020","Trimestre 2","1,172,288,017.56","178,519.96"
"27135","El Canton del San Pablo","2021","Trimestre 2","3,102,994,779.60","466,354.87"
"27135","El Canton del San Pablo","2022","Trimestre 2","2,860,395,499.12","376,223.00"
"27135","El Canton del San Pablo","2023","Trimestre 2","1,355,078,119.00","145,587.58"
"27135","El Canton del San Pablo","2025","Trimestre 2","1,145,389,809.40","82,949.82"
"27135","El Canton del San Pablo","2026","Trimestre 2","436,180,019.00","24,700.03"
"27135","El Canton del San Pablo","2012","Trimestre 3","306,196,032.25","104,242.53"
"27135","El Canton del San Pablo","2013","Trimestre 3","140,424,566.13","53,261.11"
"27135","El Canton del San Pablo","2014","Trimestre 3","123,930,204.01","49,873.89"
"27135","El Canton del San Pablo","2015","Trimestre 3","175,169,983.09","56,383.02"
"27135","El Canton del San Pablo","2016","Trimestre 3","9,965,562.08","2,552.50"
"27135","El Canton del San Pablo","2017","Trimestre 3","1,943,779.57","518.30"
"27135","El Canton del San Pablo","2018","Trimestre 3","107,289,815.40","28,156.32"
"27135","El Canton del San Pablo","2023","Trimestre 3","1,654,257,101.00","186,598.65"
"27135","El Canton del San Pablo","2024","Trimestre 3","554,415,411.00","59,532.40"
"27135","El Canton del San Pablo","2025","Trimestre 3","646,142,430.93","45,600.36"
"27135","El Canton del San Pablo","2026","Trimestre 3","797,387,920.18","48,273.19"
"27135","El Canton del San Pablo","2012","Trimestre 3","441,120,558.95","150,767.05"
"27135","El Canton del San Pablo","2013","Trimestre 3","126,997,094.24","50,396.07"
"27135","El Canton del San Pablo","2014","Trimestre 3","97,353,927.19","38,838.88"
"27135","El Canton del San Pablo","2015","Trimestre 3","98,962,211.88","31,153.78"
"27135","El Canton del San Pablo","2016","Trimestre 3","5,975,887.92","1,467.18"
"27135","El Canton del San Pablo","2017","Trimestre 3","4,117,158.11","1,072.26"
"27135","El Canton del San Pablo","2018","Trimestre 3","79,765,404.39","21,676.16"
"27135","El Canton del San Pablo","2023","Trimestre 3","1,342,885,948.00","161,703.49"
"27135","El Canton del San Pablo","2024","Trimestre 3","620,689,975.02","62,773.13"
"27135","El Canton del San Pablo","2025","Trimestre 3","505,202,572.00","36,228.01"
"27135","El Canton del San Pablo","2012","Trimestre 3","320,656,471.85","106,155.07"
"27135","El Canton del San Pablo","2013","Trimestre 3","102,508,715.79","38,876.65"
"27135","El Canton del San Pablo","2014","Trimestre 3","138,730,021.70","54,849.92"
"27135","El Canton del San Pablo","2015","Trimestre 3","85,492,829.97","24,674.09"
"27135","El Canton del San Pablo","2016","Trimestre 3","1,998,188.63","488.39"
"27135","El Canton del San Pablo","2017","Trimestre 3","2,902,313.93","750.80"
"27135","El Canton del San Pablo","2018","Trimestre 3","60,428,242.26","16,497.05"
"27135","El Canton del San Pablo","2019","Trimestre 3","872,989,691.70","183,875.50"
"27135","El Canton del San Pablo","2020","Trimestre 3","2,187,458,565.39","313,743.24"
"27135","El Canton del San Pablo","2021","Trimestre 3","2,698,870,498.38","382,078.65"
"27135","El Canton del San Pablo","2022","Trimestre 3","4,003,939,201.58","522,466.34"
"27135","El Canton del San Pablo","2023","Trimestre 3","737,119,878.27","90,178.19"
"27135","El Canton del San Pablo","2024","Trimestre 3","850,689,170.85","83,099.48"
"27135","El Canton del San Pablo","2025","Trimestre 3","531,904,979.81","37,954.75"
"27135","El Canton del San Pablo","2012","Trimestre 4","547,345,716.17","169,124.51"
"27135","El Canton del San Pablo","2013","Trimestre 4","187,401,285.00","70,362.74"
"27135","El Canton del San Pablo","2014","Trimestre 4","136,530,326.85","54,345.28"
"27135","El Canton del San Pablo","2015","Trimestre 4","154,108,261.24","43,715.96"
"27135","El Canton del San Pablo","2016","Trimestre 4","5,359,935.73","1,345.21"
"27135","El Canton del San Pablo","2017","Trimestre 4","10,129,847.31","2,537.72"
"27135","El Canton del San Pablo","2018","Trimestre 4","118,289,043.10","31,711.34"
"27135","El Canton del San Pablo","2023","Trimestre 4","718,374,931.10","89,966.08"
"27135","El Canton del San Pablo","2024","Trimestre 4","999,798,876.91","92,187.72"
"27135","El Canton del San Pablo","2025","Trimestre 4","444,956,357.01","30,458.35"
"27135","El Canton del San Pablo","2012","Trimestre 4","391,155,780.15","120,576.12"
"27135","El Canton del San Pablo","2013","Trimestre 4","235,248,837.18","92,104.38"
"27135","El Canton del San Pablo","2014","Trimestre 4","82,430,835.16","32,016.05"
"27135","El Canton del San Pablo","2015","Trimestre 4","252,274,475.67","71,832.41"
"27135","El Canton del San Pablo","2016","Trimestre 4","14,022,906.77","3,670.22"
"27135","El Canton del San Pablo","2017","Trimestre 4","2,939,002.11","755.79"
"27135","El Canton del San Pablo","2018","Trimestre 4","69,786,254.82","18,245.26"
"27135","El Canton del San Pablo","2024","Trimestre 4","579,036,354.93","50,611.82"
"27135","El Canton del San Pablo","2025","Trimestre 4","702,506,906.30","44,347.10"
"27135","El Canton del San Pablo","2012","Trimestre 4","310,024,176.81","96,147.55"
"27135","El Canton del San Pablo","2013","Trimestre 4","327,831,516.43","129,950.47"
"27135","El Canton del San Pablo","2014","Trimestre 4","242,946,031.15","94,425.90"
"27135","El Canton del San Pablo","2015","Trimestre 4","494,474,210.49","147,731.04"
"27135","El Canton del San Pablo","2016","Trimestre 4","11,207,442.35","2,883.72"
"27135","El Canton del San Pablo","2017","Trimestre 4","8,196,677.45","2,104.70"
"27135","El Canton del San Pablo","2018","Trimestre 4","244,089,585.50","61,328.58"
"27135","El Canton del San Pablo","2019","Trimestre 4","1,013,658,630.55","193,945.07"
"27135","El Canton del San Pablo","2020","Trimestre 4","3,251,787,019.54","439,320.00"
"27135","El Canton del San Pablo","2021","Trimestre 4","6,262,717,281.76","889,730.58"
"27135","El Canton del San Pablo","2022","Trimestre 4","5,222,445,519.78","672,227.90"
"27135","El Canton del San Pablo","2023","Trimestre 4","937,816,909.14","113,124.25"
"27135","El Canton del San Pablo","2024","Trimestre 4","533,903,577.86","44,756.58"
"27135","El Canton del San Pablo","2025","Trimestre 4","1,369,082,469.00","85,773.35"
"27160","Certegui","2026","Trimestre 1","1,357,596,687.15","76,004.86"
"27160","Certegui","2026","Trimestre 3","302,210,667.37","17,112.69"
"27160","Certegui","2026","Trimestre 2","245,266,002.99","13,909.34"
"27160","Certegui","2012","Trimestre 1","42,458,953.82","12,905.95"
"27160","Certegui","2013","Trimestre 1","58,208,340.58","18,666.64"
"27160","Certegui","2016","Trimestre 1","44,931,568.14","12,562.15"
"27160","Certegui","2017","Trimestre 1","44,183,908.74","11,897.74"
"27160","Certegui","2018","Trimestre 1","555,033.23","142.74"
"27160","Certegui","2019","Trimestre 1","9,076,728.46","2,224.17"
"27160","Certegui","2022","Trimestre 1","3,164,752.91","454.13"
"27160","Certegui","2023","Trimestre 1","95,091,359.74","10,760.38"
"27160","Certegui","2024","Trimestre 1","15,865,441.08","1,917.34"
"27160","Certegui","2025","Trimestre 1","1,186,501,812.46","99,449.77"
"27160","Certegui","2026","Trimestre 1","983,033,488.75","59,844.83"
"27160","Certegui","2012","Trimestre 1","49,469,858.36","14,408.65"
"27160","Certegui","2013","Trimestre 1","60,441,248.75","19,863.62"
"27160","Certegui","2015","Trimestre 1","30,723,200.74","9,946.72"
"27160","Certegui","2016","Trimestre 1","86,035,917.89","23,214.47"
"27160","Certegui","2017","Trimestre 1","21,878,747.97","6,066.27"
"27160","Certegui","2018","Trimestre 1","363,593.09","93.46"
"27160","Certegui","2019","Trimestre 1","9,097,938.31","2,167.48"
"27160","Certegui","2023","Trimestre 1","172,702,095.40","19,110.58"
"27160","Certegui","2024","Trimestre 1","211,781,457.70","25,691.12"
"27160","Certegui","2025","Trimestre 1","1,969,568,791.84","164,619.92"
"27160","Certegui","2012","Trimestre 1","57,799,680.64","18,076.15"
"27160","Certegui","2015","Trimestre 1","587,664.05","190.26"
"27160","Certegui","2016","Trimestre 1","99,580,081.44","24,060.86"
"27160","Certegui","2017","Trimestre 1","7,348,664.00","2,009.66"
"27160","Certegui","2018","Trimestre 1","2,312,414.45","589.52"
"27160","Certegui","2019","Trimestre 1","5,734,734.26","1,356.10"
"27160","Certegui","2020","Trimestre 1","13,527,782.10","2,506.25"
"27160","Certegui","2021","Trimestre 1","280,458,743.00","41,606.46"
"27160","Certegui","2022","Trimestre 1","178,308,928.90","23,815.25"
"27160","Certegui","2023","Trimestre 1","242,352,939.62","26,445.69"
"27160","Certegui","2024","Trimestre 1","345,742,437.50","42,220.69"
"27160","Certegui","2025","Trimestre 1","1,985,645,175.21","162,614.66"
"27160","Certegui","2026","Trimestre 1","1,799,560,900.17","96,414.98"
"27160","Certegui","2012","Trimestre 2","85,994,135.49","28,278.08"
"27160","Certegui","2015","Trimestre 2","55,111,765.64","17,627.40"
"27160","Certegui","2016","Trimestre 2","93,900,973.89","23,308.46"
"27160","Certegui","2017","Trimestre 2","19,254,565.50","5,250.96"
"27160","Certegui","2018","Trimestre 2","4,393,674.80","1,128.41"
"27160","Certegui","2023","Trimestre 2","188,136,226.00","20,291.40"
"27160","Certegui","2024","Trimestre 2","919,150,202.40","107,265.88"
"27160","Certegui","2026","Trimestre 2","1,078,514,488.97","57,634.56"
"27160","Certegui","2012","Trimestre 2","130,167,124.71","43,185.78"
"27160","Certegui","2015","Trimestre 2","20,480,072.03","6,659.04"
"27160","Certegui","2016","Trimestre 2","95,205,151.55","24,837.71"
"27160","Certegui","2017","Trimestre 2","20,766,065.02","5,572.48"
"27160","Certegui","2018","Trimestre 2","2,352,731.13","612.72"
"27160","Certegui","2023","Trimestre 2","215,442,246.50","23,072.45"
"27160","Certegui","2024","Trimestre 2","1,389,688,188.00","152,002.78"
"27160","Certegui","2026","Trimestre 2","614,455,254.81","34,155.72"
"27160","Certegui","2012","Trimestre 2","73,063,560.14","24,959.62"
"27160","Certegui","2015","Trimestre 2","47,995,774.24","15,655.74"
"27160","Certegui","2016","Trimestre 2","94,906,199.79","24,578.98"
"27160","Certegui","2017","Trimestre 2","25,934,089.55","6,930.60"
"27160","Certegui","2018","Trimestre 2","15,902,619.16","4,203.46"
"27160","Certegui","2019","Trimestre 2","48,069,869.82","11,266.81"
"27160","Certegui","2020","Trimestre 2","66,229,857.52","9,941.02"
"27160","Certegui","2021","Trimestre 2","561,806,068.86","84,450.47"
"27160","Certegui","2022","Trimestre 2","301,858,376.51","39,643.27"
"27160","Certegui","2023","Trimestre 2","216,848,648.80","23,300.77"
"27160","Certegui","2025","Trimestre 2","2,823,929,738.18","206,132.69"
"27160","Certegui","2026","Trimestre 2","201,418,730.95","11,365.41"
"27160","Certegui","2012","Trimestre 3","100,724,220.01","34,290.93"
"27160","Certegui","2015","Trimestre 3","160,267,822.54","51,569.06"
"27160","Certegui","2016","Trimestre 3","257,553,606.34","65,532.26"
"27160","Certegui","2017","Trimestre 3","23,395,652.73","6,238.58"
"27160","Certegui","2018","Trimestre 3","11,031,989.50","2,894.70"
"27160","Certegui","2023","Trimestre 3","317,326,008.60","36,631.65"
"27160","Certegui","2024","Trimestre 3","1,593,989,171.00","170,785.89"
"27160","Certegui","2025","Trimestre 3","1,322,870,873.78","93,376.85"
"27160","Certegui","2026","Trimestre 3","509,129,955.31","31,057.11"
"27160","Certegui","2012","Trimestre 3","75,377,208.05","25,762.57"
"27160","Certegui","2015","Trimestre 3","109,840,890.37","34,723.53"
"27160","Certegui","2016","Trimestre 3","81,965,058.98","20,303.61"
"27160","Certegui","2017","Trimestre 3","35,260,315.66","9,154.93"
"27160","Certegui","2018","Trimestre 3","10,894,383.92","2,960.54"
"27160","Certegui","2023","Trimestre 3","217,675,456.80","26,395.80"
"27160","Certegui","2024","Trimestre 3","2,022,617,338.90","205,162.86"
"27160","Certegui","2025","Trimestre 3","721,469,168.00","51,635.26"
"27160","Certegui","2012","Trimestre 3","127,281,303.02","42,137.17"
"27160","Certegui","2015","Trimestre 3","51,881,354.14","14,979.50"
"27160","Certegui","2016","Trimestre 3","225,577,630.97","55,130.66"
"27160","Certegui","2017","Trimestre 3","34,560,214.43","8,864.94"
"27160","Certegui","2018","Trimestre 3","15,842,056.88","4,317.64"
"27160","Certegui","2019","Trimestre 3","78,330,957.14","16,171.35"
"27160","Certegui","2020","Trimestre 3","155,645,985.55","22,019.94"
"27160","Certegui","2021","Trimestre 3","248,261,818.14","35,171.85"
"27160","Certegui","2022","Trimestre 3","461,695,833.33","60,054.28"
"27160","Certegui","2023","Trimestre 3","175,643,525.46","21,659.50"
"27160","Certegui","2024","Trimestre 3","1,786,834,794.30","174,976.15"
"27160","Certegui","2025","Trimestre 3","752,266,544.57","53,661.09"
"27160","Certegui","2012","Trimestre 4","87,716,509.41","27,103.55"
"27160","Certegui","2015","Trimestre 4","72,598,577.11","20,446.96"
"27160","Certegui","2016","Trimestre 4","302,495,074.20","75,917.41"
"27160","Certegui","2017","Trimestre 4","85,336,954.45","25,756.31"
"27160","Certegui","2018","Trimestre 4","17,314,632.46","4,629.18"
"27160","Certegui","2023","Trimestre 4","230,595,499.58","29,010.64"
"27160","Certegui","2024","Trimestre 4","1,742,083,961.85","160,903.39"
"27160","Certegui","2025","Trimestre 4","782,066,589.15","53,377.93"
"27160","Certegui","2012","Trimestre 4","80,564,987.47","24,834.64"
"27160","Certegui","2015","Trimestre 4","252,428,732.75","72,100.07"
"27160","Certegui","2016","Trimestre 4","206,321,664.36","53,723.55"
"27160","Certegui","2017","Trimestre 4","47,424,531.07","12,425.40"
"27160","Certegui","2018","Trimestre 4","14,612,347.49","3,811.16"
"27160","Certegui","2024","Trimestre 4","1,319,164,656.70","113,161.35"
"27160","Certegui","2025","Trimestre 4","802,910,073.00","50,799.05"
"27160","Certegui","2012","Trimestre 4","136,226,462.07","42,256.56"
"27160","Certegui","2013","Trimestre 4","457,628,952.44","166,576.71"
"27160","Certegui","2014","Trimestre 4","194,707,634.73","74,533.00"
"27160","Certegui","2015","Trimestre 4","96,860,334.48","28,899.17"
"27160","Certegui","2016","Trimestre 4","85,405,466.78","21,829.12"
"27160","Certegui","2017","Trimestre 4","59,617,286.89","15,834.22"
"27160","Certegui","2018","Trimestre 4","17,670,891.36","4,450.68"
"27160","Certegui","2019","Trimestre 4","62,571,893.19","11,966.02"
"27160","Certegui","2020","Trimestre 4","409,533,311.18","55,664.24"
"27160","Certegui","2021","Trimestre 4","395,303,836.67","56,367.50"
"27160","Certegui","2022","Trimestre 4","554,238,673.95","90,471.40"
"27160","Certegui","2023","Trimestre 4","349,197,441.95","42,463.32"
"27160","Certegui","2024","Trimestre 4","1,730,529,955.12","145,210.43"
"27160","Certegui","2025","Trimestre 4","1,513,952,352.00","95,527.77"
"27205","Condoto","2026","Trimestre 1","3,312,941,671.83","207,889.83"
"27205","Condoto","2026","Trimestre 3","508,394,574.23","36,984.67"
"27205","Condoto","2026","Trimestre 2","83,162,568.03","5,284.21"
"27205","Condoto","2012","Trimestre 1","88,767,400.47","25,662.97"
"27205","Condoto","2013","Trimestre 1","342,474,829.74","109,821.88"
"27205","Condoto","2014","Trimestre 1","103,619,940.04","42,481.22"
"27205","Condoto","2015","Trimestre 1","4,237,549.69","1,462.83"
"27205","Condoto","2016","Trimestre 1","53,849,253.45","15,050.54"
"27205","Condoto","2017","Trimestre 1","173,487,892.96","48,174.57"
"27205","Condoto","2018","Trimestre 1","18,353,489.68","4,719.97"
"27205","Condoto","2019","Trimestre 1","164,061,070.90","35,772.04"
"27205","Condoto","2022","Trimestre 1","7,245,269.31","995.50"
"27205","Condoto","2023","Trimestre 1","225,747,162.97","25,854.38"
"27205","Condoto","2024","Trimestre 1","20,115,545.30","2,434.70"
"27205","Condoto","2025","Trimestre 1","130,990,106.59","11,597.47"
"27205","Condoto","2026","Trimestre 1","2,250,726,136.98","149,356.82"
"27205","Condoto","2012","Trimestre 1","445,499,939.09","139,668.92"
"27205","Condoto","2013","Trimestre 1","111,646,745.92","36,691.96"
"27205","Condoto","2014","Trimestre 1","251,945,438.00","100,395.76"
"27205","Condoto","2015","Trimestre 1","28,284,246.24","9,157.10"
"27205","Condoto","2016","Trimestre 1","157,668,021.88","42,763.75"
"27205","Condoto","2017","Trimestre 1","455,559,052.46","126,390.52"
"27205","Condoto","2018","Trimestre 1","92,963,778.93","23,808.20"
"27205","Condoto","2019","Trimestre 1","298,073,714.70","68,434.45"
"27205","Condoto","2023","Trimestre 1","242,586,509.30","26,893.79"
"27205","Condoto","2024","Trimestre 1","200,781,454.30","24,420.04"
"27205","Condoto","2025","Trimestre 1","376,475,958.10","33,417.55"
"27205","Condoto","2012","Trimestre 1","208,482,224.96","64,544.96"
"27205","Condoto","2013","Trimestre 1","140,309,513.84","46,767.23"
"27205","Condoto","2014","Trimestre 1","270,863,312.37","99,180.33"
"27205","Condoto","2015","Trimestre 1","47,625,900.02","15,581.37"
"27205","Condoto","2016","Trimestre 1","244,336,659.82","60,308.46"
"27205","Condoto","2017","Trimestre 1","561,437,966.32","153,802.51"
"27205","Condoto","2018","Trimestre 1","191,115,208.75","48,618.55"
"27205","Condoto","2019","Trimestre 1","410,659,716.40","92,089.26"
"27205","Condoto","2020","Trimestre 1","847,386,753.47","139,493.94"
"27205","Condoto","2021","Trimestre 1","398,533,375.20","58,499.74"
"27205","Condoto","2022","Trimestre 1","337,840,368.45","45,220.03"
"27205","Condoto","2023","Trimestre 1","211,483,611.84","22,643.59"
"27205","Condoto","2024","Trimestre 1","237,604,300.82","28,995.47"
"27205","Condoto","2025","Trimestre 1","711,059,127.65","62,698.85"
"27205","Condoto","2026","Trimestre 1","3,441,078,177.44","208,497.94"
"27205","Condoto","2012","Trimestre 2","318,002,224.43","104,523.89"
"27205","Condoto","2013","Trimestre 2","141,165,763.64","47,543.72"
"27205","Condoto","2014","Trimestre 2","466,945,692.32","168,071.83"
"27205","Condoto","2015","Trimestre 2","74,368,567.47","23,714.24"
"27205","Condoto","2016","Trimestre 2","369,977,302.38","91,662.97"
"27205","Condoto","2017","Trimestre 2","518,147,569.76","139,381.99"
"27205","Condoto","2018","Trimestre 2","171,392,285.60","43,452.01"
"27205","Condoto","2023","Trimestre 2","92,743,740.33","9,858.52"
"27205","Condoto","2024","Trimestre 2","216,932,185.90","25,466.56"
"27205","Condoto","2025","Trimestre 2","426,474,982.53","38,015.29"
"27205","Condoto","2026","Trimestre 2","3,338,339,309.97","192,802.22"
"27205","Condoto","2012","Trimestre 2","346,462,485.80","114,260.58"
"27205","Condoto","2013","Trimestre 2","381,224,519.33","136,345.87"
"27205","Condoto","2014","Trimestre 2","327,560,129.41","126,391.04"
"27205","Condoto","2015","Trimestre 2","42,569,396.91","13,842.44"
"27205","Condoto","2016","Trimestre 2","266,290,756.15","68,872.74"
"27205","Condoto","2017","Trimestre 2","241,272,847.91","64,635.17"
"27205","Condoto","2018","Trimestre 2","289,063,928.79","75,873.15"
"27205","Condoto","2023","Trimestre 2","248,126,405.00","26,546.13"
"27205","Condoto","2024","Trimestre 2","349,932,840.60","38,175.36"
"27205","Condoto","2026","Trimestre 2","3,028,738,531.35","193,737.58"
"27205","Condoto","2012","Trimestre 2","201,152,676.30","67,734.81"
"27205","Condoto","2013","Trimestre 2","775,819,737.25","288,688.20"
"27205","Condoto","2014","Trimestre 2","390,877,367.70","153,780.26"
"27205","Condoto","2015","Trimestre 2","276,828,861.01","91,328.71"
"27205","Condoto","2016","Trimestre 2","127,099,804.80","32,845.03"
"27205","Condoto","2017","Trimestre 2","522,455,321.89","140,857.94"
"27205","Condoto","2018","Trimestre 2","212,373,628.10","54,106.12"
"27205","Condoto","2019","Trimestre 2","786,240,446.90","175,840.06"
"27205","Condoto","2020","Trimestre 2","1,176,925,451.34","154,490.55"
"27205","Condoto","2021","Trimestre 2","619,358,893.53","93,418.71"
"27205","Condoto","2022","Trimestre 2","302,204,892.60","39,873.05"
"27205","Condoto","2023","Trimestre 2","273,585,483.10","29,406.41"
"27205","Condoto","2025","Trimestre 2","735,289,895.16","55,773.81"
"27205","Condoto","2026","Trimestre 2","1,233,506,875.45","79,703.62"
"27205","Condoto","2012","Trimestre 3","159,474,318.00","54,292.03"
"27205","Condoto","2013","Trimestre 3","444,964,213.35","168,768.80"
"27205","Condoto","2014","Trimestre 3","385,477,769.53","155,129.88"
"27205","Condoto","2015","Trimestre 3","426,812,550.04","138,675.47"
"27205","Condoto","2016","Trimestre 3","280,163,856.55","71,383.45"
"27205","Condoto","2017","Trimestre 3","318,249,831.94","84,217.87"
"27205","Condoto","2018","Trimestre 3","218,712,178.30","56,317.97"
"27205","Condoto","2023","Trimestre 3","320,772,907.40","36,920.44"
"27205","Condoto","2024","Trimestre 3","651,829,627.10","69,700.09"
"27205","Condoto","2025","Trimestre 3","646,124,606.84","49,161.86"
"27205","Condoto","2026","Trimestre 3","2,147,983,887.15","153,876.59"
"27205","Condoto","2012","Trimestre 3","141,939,800.09","48,343.85"
"27205","Condoto","2013","Trimestre 3","366,502,067.98","145,455.69"
"27205","Condoto","2014","Trimestre 3","386,590,060.70","154,228.24"
"27205","Condoto","2015","Trimestre 3","64,064,239.29","20,170.08"
"27205","Condoto","2016","Trimestre 3","501,700,701.30","123,967.15"
"27205","Condoto","2017","Trimestre 3","291,983,741.57","75,868.73"
"27205","Condoto","2018","Trimestre 3","220,562,443.30","58,356.30"
"27205","Condoto","2023","Trimestre 3","309,347,403.70","37,663.01"
"27205","Condoto","2024","Trimestre 3","338,295,020.87","34,336.67"
"27205","Condoto","2025","Trimestre 3","570,773,690.30","44,460.79"
"27205","Condoto","2012","Trimestre 3","165,758,766.85","54,875.34"
"27205","Condoto","2013","Trimestre 3","267,404,248.16","101,413.64"
"27205","Condoto","2014","Trimestre 3","283,095,760.39","111,928.05"
"27205","Condoto","2015","Trimestre 3","44,169,007.24","12,794.97"
"27205","Condoto","2016","Trimestre 3","675,670,028.60","165,288.35"
"27205","Condoto","2017","Trimestre 3","310,887,895.44","80,081.66"
"27205","Condoto","2018","Trimestre 3","288,078,090.10","76,803.36"
"27205","Condoto","2019","Trimestre 3","1,044,938,375.80","195,481.92"
"27205","Condoto","2020","Trimestre 3","1,623,738,808.76","215,603.71"
"27205","Condoto","2021","Trimestre 3","435,535,406.11","61,865.91"
"27205","Condoto","2022","Trimestre 3","374,724,266.61","48,735.88"
"27205","Condoto","2023","Trimestre 3","191,380,335.18","23,678.03"
"27205","Condoto","2024","Trimestre 3","1,372,750,794.67","141,920.75"
"27205","Condoto","2025","Trimestre 3","950,887,833.88","74,050.44"
"27205","Condoto","2012","Trimestre 4","106,440,308.29","32,889.02"
"27205","Condoto","2013","Trimestre 4","327,405,963.24","122,929.69"
"27205","Condoto","2014","Trimestre 4","343,803,810.11","136,849.56"
"27205","Condoto","2015","Trimestre 4","69,074,899.44","19,436.07"
"27205","Condoto","2016","Trimestre 4","444,971,528.99","111,547.56"
"27205","Condoto","2017","Trimestre 4","288,208,724.20","109,718.67"
"27205","Condoto","2018","Trimestre 4","399,165,257.70","103,029.05"
"27205","Condoto","2023","Trimestre 4","186,327,953.20","23,526.22"
"27205","Condoto","2024","Trimestre 4","1,372,367,248.29","137,800.24"
"27205","Condoto","2025","Trimestre 4","407,729,981.68","30,756.71"
"27205","Condoto","2012","Trimestre 4","124,412,907.55","38,351.03"
"27205","Condoto","2013","Trimestre 4","201,994,395.21","79,084.63"
"27205","Condoto","2014","Trimestre 4","243,532,668.26","94,587.84"
"27205","Condoto","2015","Trimestre 4","167,544,095.72","47,686.70"
"27205","Condoto","2016","Trimestre 4","370,113,386.61","96,417.50"
"27205","Condoto","2017","Trimestre 4","106,383,301.40","27,209.67"
"27205","Condoto","2018","Trimestre 4","304,715,048.10","74,980.43"
"27205","Condoto","2024","Trimestre 4","772,895,918.97","72,018.24"
"27205","Condoto","2025","Trimestre 4","427,183,409.90","29,747.75"
"27205","Condoto","2012","Trimestre 4","738,488,912.06","229,032.31"
"27205","Condoto","2013","Trimestre 4","172,091,301.55","68,215.97"
"27205","Condoto","2014","Trimestre 4","321,272,876.73","124,869.22"
"27205","Condoto","2015","Trimestre 4","164,783,164.48","49,219.42"
"27205","Condoto","2016","Trimestre 4","710,083,301.70","180,966.50"
"27205","Condoto","2017","Trimestre 4","812,102,876.95","216,226.22"
"27205","Condoto","2018","Trimestre 4","285,354,462.00","66,487.72"
"27205","Condoto","2019","Trimestre 4","1,140,943,004.86","195,349.61"
"27205","Condoto","2020","Trimestre 4","1,338,491,009.00","170,796.68"
"27205","Condoto","2021","Trimestre 4","713,375,124.95","101,041.21"
"27205","Condoto","2022","Trimestre 4","693,298,197.11","88,702.50"
"27205","Condoto","2023","Trimestre 4","293,091,270.22","35,586.50"
"27205","Condoto","2024","Trimestre 4","495,853,918.29","44,804.95"
"27205","Condoto","2025","Trimestre 4","2,847,538,402.00","198,887.84"
"27245","El Carmen de Atrato","2023","Trimestre 1","696,471,536.00","2,552.79"
"27245","El Carmen de Atrato","2024","Trimestre 1","707,668,280.00","2,888.00"
"27245","El Carmen de Atrato","2023","Trimestre 2","748,535,289.00","2,715.63"
"27245","El Carmen de Atrato","2024","Trimestre 2","784,695,529.00","2,860.00"
"27245","El Carmen de Atrato","2025","Trimestre 2","722,992,083.00","2,050.00"
"27245","El Carmen de Atrato","2023","Trimestre 3","496,996,223.35","2,098.00"
"27245","El Carmen de Atrato","2024","Trimestre 3","650,931,007.00","2,196.00"
"27245","El Carmen de Atrato","2025","Trimestre 3","877,066,299.00","2,102.00"
"27245","El Carmen de Atrato","2021","Trimestre 4","3,319,376,088.00","15,849.65"
"27245","El Carmen de Atrato","2022","Trimestre 4","1,281,699,223.00","5,212.46"
"27245","El Carmen de Atrato","2023","Trimestre 4","556,040,594.00","2,273.00"
"27245","El Carmen de Atrato","2024","Trimestre 4","949,304,148.00","2,699.00"
"27245","El Carmen de Atrato","2013","Trimestre 1","19,458.25","6.24"
"27245","El Carmen de Atrato","2026","Trimestre 1","696,926.83","41.50"
"27245","El Carmen de Atrato","2014","Trimestre 2","151,713,112.97","60,587.88"
"27245","El Carmen de Atrato","2015","Trimestre 2","191,186,587.43","75,006.45"
"27245","El Carmen de Atrato","2016","Trimestre 2","613,500,841.00","170,668.41"
"27245","El Carmen de Atrato","2018","Trimestre 2","620,645,381.00","165,276.03"
"27245","El Carmen de Atrato","2015","Trimestre 3","76,862.20","24.73"
"27245","El Carmen de Atrato","2013","Trimestre 3","94,107,718.80","37,767.00"
"27245","El Carmen de Atrato","2015","Trimestre 3","117,475.05","36.98"
"27245","El Carmen de Atrato","2017","Trimestre 3","365,936,965.00","102,861.18"
"27245","El Carmen de Atrato","2020","Trimestre 3","305,270,653.31","55,959.68"
"27245","El Carmen de Atrato","2013","Trimestre 4","27,235,978.58","10,179.00"
"27245","El Carmen de Atrato","2018","Trimestre 4","70,084.31","18.71"
"27245","El Carmen de Atrato","2012","Trimestre 4","2,755,631.61","849.44"
"27245","El Carmen de Atrato","2012","Trimestre 4","186,485,763.00","61,212.93"
"27245","El Carmen de Atrato","2014","Trimestre 4","365,468,617.11","526,529.59"
"27245","El Carmen de Atrato","2015","Trimestre 4","727,360,977.26","210,507.37"
"27245","El Carmen de Atrato","2016","Trimestre 4","392,407,710.89","114,049.15"
"27245","El Carmen de Atrato","2018","Trimestre 4","639,620,035.58","173,071.69"
"27245","El Carmen de Atrato","2019","Trimestre 4","1,075,855,542.59","243,418.40"
"27250","El Litoral del San Juan","2024","Trimestre 3","321,717.52","33.28"
"27361","Istmina","2026","Trimestre 1","58,657,424.66","3,216.98"
"27361","Istmina","2026","Trimestre 3","11,018,588.89","612.12"
"27361","Istmina","2026","Trimestre 2","10,416,512.17","573.41"
"27361","Istmina","2012","Trimestre 1","79,550,964.47","24,180.55"
"27361","Istmina","2013","Trimestre 1","472,619,616.23","151,562.80"
"27361","Istmina","2014","Trimestre 1","308,760,404.88","125,482.48"
"27361","Istmina","2015","Trimestre 1","490,602,051.89","175,064.21"
"27361","Istmina","2016","Trimestre 1","566,406,467.37","158,523.14"
"27361","Istmina","2017","Trimestre 1","1,023,669,697.81","282,078.18"
"27361","Istmina","2018","Trimestre 1","16,650,432.71","4,281.99"
"27361","Istmina","2019","Trimestre 1","85,704,975.25","20,851.91"
"27361","Istmina","2022","Trimestre 1","135,926,873.87","14,227.99"
"27361","Istmina","2023","Trimestre 1","310,037,166.33","32,665.67"
"27361","Istmina","2024","Trimestre 1","20,426,014.85","2,469.92"
"27361","Istmina","2025","Trimestre 1","59,715,851.06","4,973.19"
"27361","Istmina","2026","Trimestre 1","22,709,788.27","1,306.01"
"27361","Istmina","2012","Trimestre 1","189,461,253.89","60,122.09"
"27361","Istmina","2013","Trimestre 1","656,330,310.98","215,352.86"
"27361","Istmina","2014","Trimestre 1","585,029,683.34","233,123.88"
"27361","Istmina","2015","Trimestre 1","654,230,134.31","216,842.26"
"27361","Istmina","2016","Trimestre 1","972,141,961.71","263,239.12"
"27361","Istmina","2017","Trimestre 1","770,208,514.49","213,659.41"
"27361","Istmina","2018","Trimestre 1","190,031,059.50","48,144.58"
"27361","Istmina","2019","Trimestre 1","155,708,293.30","37,164.63"
"27361","Istmina","2023","Trimestre 1","388,351,834.70","40,517.29"
"27361","Istmina","2024","Trimestre 1","237,188,326.50","28,758.24"
"27361","Istmina","2025","Trimestre 1","103,588,620.87","8,642.15"
"27361","Istmina","2012","Trimestre 1","445,477,926.54","139,317.80"
"27361","Istmina","2013","Trimestre 1","552,988,422.82","184,350.74"
"27361","Istmina","2014","Trimestre 1","279,741,973.54","102,431.38"
"27361","Istmina","2015","Trimestre 1","997,157,678.32","325,749.41"
"27361","Istmina","2016","Trimestre 1","1,040,794,888.47","255,230.24"
"27361","Istmina","2017","Trimestre 1","437,519,539.24","119,686.88"
"27361","Istmina","2018","Trimestre 1","93,533,820.98","23,855.83"
"27361","Istmina","2019","Trimestre 1","170,516,103.10","40,361.13"
"27361","Istmina","2020","Trimestre 1","776,686,188.81","137,792.24"
"27361","Istmina","2021","Trimestre 1","2,660,243,731.00","271,856.20"
"27361","Istmina","2022","Trimestre 1","680,811,744.39","77,900.32"
"27361","Istmina","2023","Trimestre 1","424,480,999.43","46,409.36"
"27361","Istmina","2024","Trimestre 1","175,504,209.12","21,376.21"
"27361","Istmina","2025","Trimestre 1","99,304,408.73","8,101.10"
"27361","Istmina","2026","Trimestre 1","70,342,558.56","3,593.41"
"27361","Istmina","2012","Trimestre 2","614,638,552.72","202,116.08"
"27361","Istmina","2013","Trimestre 2","714,857,694.42","240,759.46"
"27361","Istmina","2014","Trimestre 2","367,306,456.85","132,207.81"
"27361","Istmina","2015","Trimestre 2","996,411,343.56","319,483.97"
"27361","Istmina","2016","Trimestre 2","920,883,297.18","228,512.71"
"27361","Istmina","2017","Trimestre 2","388,177,381.45","105,198.75"
"27361","Istmina","2018","Trimestre 2","1,013,564,394.00","259,116.11"
"27361","Istmina","2023","Trimestre 2","319,703,051.10","33,305.95"
"27361","Istmina","2024","Trimestre 2","267,877,218.10","31,996.37"
"27361","Istmina","2025","Trimestre 2","240,484,764.87","24,723.06"
"27361","Istmina","2026","Trimestre 2","50,840,550.20","2,575.96"
"27361","Istmina","2012","Trimestre 2","626,353,728.52","206,884.31"
"27361","Istmina","2013","Trimestre 2","980,446,873.08","350,659.19"
"27361","Istmina","2014","Trimestre 2","254,580,770.44","98,231.52"
"27361","Istmina","2015","Trimestre 2","1,172,247,180.44","379,863.36"
"27361","Istmina","2016","Trimestre 2","787,759,366.61","205,201.13"
"27361","Istmina","2017","Trimestre 2","476,455,524.25","127,700.36"
"27361","Istmina","2018","Trimestre 2","454,819,784.34","119,746.03"
"27361","Istmina","2023","Trimestre 2","425,681,074.60","44,647.53"
"27361","Istmina","2024","Trimestre 2","310,118,269.30","34,383.74"
"27361","Istmina","2026","Trimestre 2","39,772,776.36","1,874.73"
"27361","Istmina","2012","Trimestre 2","815,964,757.20","278,745.98"
"27361","Istmina","2013","Trimestre 2","876,722,599.00","326,234.89"
"27361","Istmina","2014","Trimestre 2","354,736,638.84","139,730.09"
"27361","Istmina","2015","Trimestre 2","1,426,216,074.38","470,729.43"
"27361","Istmina","2016","Trimestre 2","1,337,986,279.58","345,355.22"
"27361","Istmina","2017","Trimestre 2","3,654,749,995.74","983,170.08"
"27361","Istmina","2018","Trimestre 2","415,275,036.50","108,482.41"
"27361","Istmina","2019","Trimestre 2","950,492,945.00","180,634.78"
"27361","Istmina","2020","Trimestre 2","1,410,161,174.21","174,319.94"
"27361","Istmina","2021","Trimestre 2","2,610,611,666.48","308,405.53"
"27361","Istmina","2022","Trimestre 2","761,159,208.73","83,700.35"
"27361","Istmina","2023","Trimestre 2","237,009,744.40","25,467.99"
"27361","Istmina","2025","Trimestre 2","115,933,394.01","8,247.95"
"27361","Istmina","2026","Trimestre 2","40,071,623.76","2,056.90"
"27361","Istmina","2012","Trimestre 3","714,384,164.44","243,207.62"
"27361","Istmina","2013","Trimestre 3","643,382,047.92","244,025.96"
"27361","Istmina","2014","Trimestre 3","200,351,769.04","80,628.63"
"27361","Istmina","2015","Trimestre 3","1,734,968,326.64","561,180.76"
"27361","Istmina","2016","Trimestre 3","1,224,371,384.56","311,861.20"
"27361","Istmina","2017","Trimestre 3","336,434,720.23","89,315.54"
"27361","Istmina","2018","Trimestre 3","309,493,724.10","81,223.40"
"27361","Istmina","2023","Trimestre 3","223,006,247.90","25,762.85"
"27361","Istmina","2024","Trimestre 3","182,925,874.90","19,617.34"
"27361","Istmina","2025","Trimestre 3","103,241,940.81","6,738.75"
"27361","Istmina","2026","Trimestre 3","25,949,782.71","1,557.77"
"27361","Istmina","2012","Trimestre 3","619,741,984.74","207,577.87"
"27361","Istmina","2013","Trimestre 3","462,212,929.04","180,367.33"
"27361","Istmina","2014","Trimestre 3","226,173,464.88","90,230.82"
"27361","Istmina","2015","Trimestre 3","1,183,915,532.40","373,065.70"
"27361","Istmina","2016","Trimestre 3","646,092,155.41","159,811.73"
"27361","Istmina","2017","Trimestre 3","697,117,755.90","181,159.42"
"27361","Istmina","2018","Trimestre 3","463,680,502.20","126,004.64"
"27361","Istmina","2023","Trimestre 3","123,077,390.30","14,983.57"
"27361","Istmina","2024","Trimestre 3","104,007,189.39","10,502.90"
"27361","Istmina","2025","Trimestre 3","55,808,004.23","4,070.11"
"27361","Istmina","2012","Trimestre 3","1,033,837,771.80","342,257.63"
"27361","Istmina","2013","Trimestre 3","1,285,990,003.64","485,538.62"
"27361","Istmina","2014","Trimestre 3","392,805,235.86","155,304.07"
"27361","Istmina","2015","Trimestre 3","541,265,950.64","162,824.36"
"27361","Istmina","2016","Trimestre 3","647,516,577.57","158,279.25"
"27361","Istmina","2017","Trimestre 3","150,818,273.19","38,988.27"
"27361","Istmina","2018","Trimestre 3","559,125,618.70","152,831.05"
"27361","Istmina","2019","Trimestre 3","958,341,597.30","158,116.97"
"27361","Istmina","2020","Trimestre 3","2,945,766,233.58","316,213.95"
"27361","Istmina","2021","Trimestre 3","1,306,992,697.24","136,660.67"
"27361","Istmina","2022","Trimestre 3","1,031,697,140.11","117,788.51"
"27361","Istmina","2023","Trimestre 3","148,393,156.07","17,219.17"
"27361","Istmina","2024","Trimestre 3","103,842,951.06","10,118.15"
"27361","Istmina","2025","Trimestre 3","70,152,195.48","4,943.53"
"27361","Istmina","2012","Trimestre 4","723,905,408.61","223,679.75"
"27361","Istmina","2013","Trimestre 4","548,563,110.22","205,966.60"
"27361","Istmina","2014","Trimestre 4","731,263,751.24","291,005.46"
"27361","Istmina","2015","Trimestre 4","962,580,568.89","270,917.19"
"27361","Istmina","2016","Trimestre 4","1,127,518,627.87","282,897.38"
"27361","Istmina","2017","Trimestre 4","213,927,284.36","47,454.08"
"27361","Istmina","2018","Trimestre 4","633,610,138.20","169,457.37"
"27361","Istmina","2023","Trimestre 4","332,233,371.80","39,712.81"
"27361","Istmina","2024","Trimestre 4","135,935,426.66","12,569.01"
"27361","Istmina","2025","Trimestre 4","54,622,116.26","3,703.71"
"27361","Istmina","2012","Trimestre 4","794,638,046.77","244,951.95"
"27361","Istmina","2013","Trimestre 4","582,010,752.09","227,868.24"
"27361","Istmina","2014","Trimestre 4","746,448,745.36","290,286.21"
"27361","Istmina","2015","Trimestre 4","710,459,702.00","202,690.06"
"27361","Istmina","2016","Trimestre 4","1,013,371,162.74","265,103.83"
"27361","Istmina","2017","Trimestre 4","36,128,479.24","9,258.95"
"27361","Istmina","2018","Trimestre 4","337,344,816.90","87,620.56"
"27361","Istmina","2024","Trimestre 4","93,969,974.40","8,146.55"
"27361","Istmina","2025","Trimestre 4","25,393,419.58","1,545.24"
"27361","Istmina","2012","Trimestre 4","742,768,554.23","224,442.64"
"27361","Istmina","2013","Trimestre 4","548,747,844.96","217,520.40"
"27361","Istmina","2014","Trimestre 4","1,253,231,411.38","487,087.74"
"27361","Istmina","2015","Trimestre 4","306,263,200.57","91,296.93"
"27361","Istmina","2016","Trimestre 4","713,255,647.12","180,952.31"
"27361","Istmina","2017","Trimestre 4","3,282,231,849.46","840,164.30"
"27361","Istmina","2018","Trimestre 4","202,116,214.39","51,527.16"
"27361","Istmina","2019","Trimestre 4","962,730,223.77","153,714.88"
"27361","Istmina","2020","Trimestre 4","3,619,954,678.25","368,284.74"
"27361","Istmina","2021","Trimestre 4","2,711,007,630.98","287,222.04"
"27361","Istmina","2022","Trimestre 4","1,038,764,689.14","133,841.91"
"27361","Istmina","2023","Trimestre 4","515,101,282.25","62,639.21"
"27361","Istmina","2024","Trimestre 4","62,342,173.03","5,144.68"
"27361","Istmina","2025","Trimestre 4","159,732,400.10","9,970.28"
"27413","Lloro","2026","Trimestre 1","5,232,396,577.98","295,858.21"
"27413","Lloro","2026","Trimestre 3","1,767,060,015.04","100,440.87"
"27413","Lloro","2026","Trimestre 2","1,254,375,757.97","71,344.86"
"27413","Lloro","2012","Trimestre 1","25,822,260.58","7,849.01"
"27413","Lloro","2013","Trimestre 1","55,814,363.87","17,898.92"
"27413","Lloro","2014","Trimestre 1","27,554,082.20","11,296.39"
"27413","Lloro","2015","Trimestre 1","302,440,819.91","104,404.41"
"27413","Lloro","2016","Trimestre 1","875,966,592.57","244,830.77"
"27413","Lloro","2017","Trimestre 1","166,737,613.74","46,360.33"
"27413","Lloro","2018","Trimestre 1","1,188,889.02","305.75"
"27413","Lloro","2019","Trimestre 1","71,194,229.21","17,347.24"
"27413","Lloro","2022","Trimestre 1","35,508,724.87","4,878.90"
"27413","Lloro","2023","Trimestre 1","120,848,848.53","13,683.87"
"27413","Lloro","2024","Trimestre 1","7,338,685.88","887.73"
"27413","Lloro","2025","Trimestre 1","754,090,875.95","63,309.40"
"27413","Lloro","2026","Trimestre 1","4,398,742,438.55","267,645.86"
"27413","Lloro","2012","Trimestre 1","47,863,465.26","15,172.30"
"27413","Lloro","2013","Trimestre 1","51,408,687.33","16,895.12"
"27413","Lloro","2014","Trimestre 1","62,112,956.09","24,750.90"
"27413","Lloro","2015","Trimestre 1","446,997,679.02","147,230.20"
"27413","Lloro","2016","Trimestre 1","1,007,552,695.62","272,854.06"
"27413","Lloro","2017","Trimestre 1","109,157,509.19","30,470.09"
"27413","Lloro","2018","Trimestre 1","2,621,390.28","668.56"
"27413","Lloro","2019","Trimestre 1","95,173,648.12","22,749.25"
"27413","Lloro","2023","Trimestre 1","314,461,477.00","34,765.99"
"27413","Lloro","2024","Trimestre 1","91,713,683.38","11,127.55"
"27413","Lloro","2025","Trimestre 1","1,248,504,882.58","104,391.71"
"27413","Lloro","2012","Trimestre 1","62,544,836.57","19,560.14"
"27413","Lloro","2013","Trimestre 1","70,378,610.23","23,462.24"
"27413","Lloro","2014","Trimestre 1","75,803,830.14","27,756.62"
"27413","Lloro","2015","Trimestre 1","323,809,344.08","105,826.58"
"27413","Lloro","2016","Trimestre 1","726,660,707.43","176,843.10"
"27413","Lloro","2017","Trimestre 1","21,126,904.75","5,825.13"
"27413","Lloro","2018","Trimestre 1","10,688,841.62","2,728.55"
"27413","Lloro","2019","Trimestre 1","77,368,266.69","18,307.99"
"27413","Lloro","2020","Trimestre 1","95,834,334.04","17,801.62"
"27413","Lloro","2021","Trimestre 1","701,390,706.00","103,924.02"
"27413","Lloro","2022","Trimestre 1","693,419,470.06","92,948.69"
"27413","Lloro","2023","Trimestre 1","361,637,906.67","39,517.05"
"27413","Lloro","2024","Trimestre 1","96,752,937.61","11,789.88"
"27413","Lloro","2025","Trimestre 1","1,521,013,889.79","124,439.62"
"27413","Lloro","2026","Trimestre 1","6,337,516,958.95","341,841.14"
"27413","Lloro","2012","Trimestre 2","54,404,888.03","17,890.36"
"27413","Lloro","2013","Trimestre 2","37,332,205.41","12,573.25"
"27413","Lloro","2014","Trimestre 2","90,333,853.17","32,514.65"
"27413","Lloro","2015","Trimestre 2","315,717,126.59","101,414.97"
"27413","Lloro","2016","Trimestre 2","500,991,249.81","124,354.21"
"27413","Lloro","2017","Trimestre 2","46,202,900.59","12,539.72"
"27413","Lloro","2018","Trimestre 2","17,261,621.60","4,429.56"
"27413","Lloro","2023","Trimestre 2","260,395,151.00","27,977.58"
"27413","Lloro","2024","Trimestre 2","83,885,987.18","9,868.26"
"27413","Lloro","2025","Trimestre 2","1,801,063,707.84","145,183.38"
"27413","Lloro","2026","Trimestre 2","4,852,219,612.35","259,113.39"
"27413","Lloro","2012","Trimestre 2","34,018,919.49","11,277.83"
"27413","Lloro","2013","Trimestre 2","41,163,831.00","14,722.34"
"27413","Lloro","2014","Trimestre 2","86,962,159.65","33,554.87"
"27413","Lloro","2015","Trimestre 2","411,957,774.56","133,897.12"
"27413","Lloro","2016","Trimestre 2","36,478,393.52","9,518.36"
"27413","Lloro","2017","Trimestre 2","104,680,155.53","28,044.01"
"27413","Lloro","2018","Trimestre 2","21,462,667.06","5,640.30"
"27413","Lloro","2023","Trimestre 2","303,344,337.60","32,484.64"
"27413","Lloro","2024","Trimestre 2","97,130,990.77","10,559.51"
"27413","Lloro","2026","Trimestre 2","3,934,943,962.41","219,192.23"
"27413","Lloro","2012","Trimestre 2","76,709,733.46","26,205.21"
"27413","Lloro","2013","Trimestre 2","21,669,942.14","8,063.54"
"27413","Lloro","2014","Trimestre 2","95,603,241.52","37,657.94"
"27413","Lloro","2015","Trimestre 2","544,431,554.51","179,993.80"
"27413","Lloro","2016","Trimestre 2","110,240,377.00","28,416.66"
"27413","Lloro","2017","Trimestre 2","145,866,117.62","38,976.13"
"27413","Lloro","2018","Trimestre 2","242,967,516.00","63,434.81"
"27413","Lloro","2019","Trimestre 2","346,967,224.70","82,191.32"
"27413","Lloro","2020","Trimestre 2","132,644,946.33","20,203.17"
"27413","Lloro","2021","Trimestre 2","1,777,727,560.64","266,001.70"
"27413","Lloro","2022","Trimestre 2","362,528,174.88","47,658.98"
"27413","Lloro","2023","Trimestre 2","221,468,509.70","23,794.97"
"27413","Lloro","2025","Trimestre 2","3,869,054,276.80","279,718.71"
"27413","Lloro","2026","Trimestre 2","1,162,653,513.81","65,955.02"
"27413","Lloro","2012","Trimestre 3","54,993,437.96","18,722.17"
"27413","Lloro","2013","Trimestre 3","76,268,174.89","28,927.47"
"27413","Lloro","2014","Trimestre 3","118,258,616.64","47,591.45"
"27413","Lloro","2015","Trimestre 3","369,846,130.28","119,389.76"
"27413","Lloro","2016","Trimestre 3","148,046,685.87","37,668.77"
"27413","Lloro","2017","Trimestre 3","108,776,897.26","28,776.30"
"27413","Lloro","2018","Trimestre 3","151,716,225.40","39,814.75"
"27413","Lloro","2023","Trimestre 3","224,019,278.00","25,207.91"
"27413","Lloro","2024","Trimestre 3","111,071,116.70","11,894.58"
"27413","Lloro","2025","Trimestre 3","2,873,101,605.54","202,747.68"
"27413","Lloro","2026","Trimestre 3","2,748,531,685.40","167,839.76"
"27413","Lloro","2012","Trimestre 3","20,402,896.87","6,973.34"
"27413","Lloro","2013","Trimestre 3","65,412,725.35","25,977.81"
"27413","Lloro","2014","Trimestre 3","165,561,402.69","66,049.93"
"27413","Lloro","2015","Trimestre 3","104,660,732.39","33,175.04"
"27413","Lloro","2016","Trimestre 3","149,384,706.38","36,979.44"
"27413","Lloro","2017","Trimestre 3","83,953,711.52","21,840.27"
"27413","Lloro","2018","Trimestre 3","106,965,354.30","29,066.59"
"27413","Lloro","2023","Trimestre 3","198,047,418.40","23,871.03"
"27413","Lloro","2024","Trimestre 3","608,091,746.72","61,353.60"
"27413","Lloro","2025","Trimestre 3","2,483,112,314.00","177,742.33"
"27413","Lloro","2012","Trimestre 3","70,899,108.96","23,471.54"
"27413","Lloro","2013","Trimestre 3","45,391,916.76","17,214.98"
"27413","Lloro","2014","Trimestre 3","533,545,838.28","211,134.17"
"27413","Lloro","2015","Trimestre 3","37,993,485.83","11,029.45"
"27413","Lloro","2016","Trimestre 3","31,490,929.96","7,698.03"
"27413","Lloro","2017","Trimestre 3","16,047,303.91","4,136.25"
"27413","Lloro","2018","Trimestre 3","59,283,948.91","16,164.57"
"27413","Lloro","2019","Trimestre 3","272,035,264.30","58,844.92"
"27413","Lloro","2020","Trimestre 3","506,280,782.01","71,422.44"
"27413","Lloro","2021","Trimestre 3","973,535,634.24","138,044.59"
"27413","Lloro","2022","Trimestre 3","740,524,983.96","96,523.09"
"27413","Lloro","2023","Trimestre 3","79,939,809.62","9,826.94"
"27413","Lloro","2024","Trimestre 3","1,117,760,653.23","109,405.36"
"27413","Lloro","2025","Trimestre 3","3,490,437,955.61","249,504.82"
"27413","Lloro","2012","Trimestre 4","63,515,337.68","19,625.62"
"27413","Lloro","2013","Trimestre 4","61,914,907.37","23,246.92"
"27413","Lloro","2014","Trimestre 4","274,587,918.64","109,201.04"
"27413","Lloro","2015","Trimestre 4","138,694,870.80","39,021.70"
"27413","Lloro","2016","Trimestre 4","26,583,433.59","6,671.80"
"27413","Lloro","2017","Trimestre 4","121,660,832.81","6,604.02"
"27413","Lloro","2018","Trimestre 4","86,411,396.72","23,153.19"
"27413","Lloro","2023","Trimestre 4","80,676,551.15","10,125.78"
"27413","Lloro","2024","Trimestre 4","1,521,459,985.98","139,637.48"
"27413","Lloro","2025","Trimestre 4","2,864,912,853.22","195,989.38"
"27413","Lloro","2012","Trimestre 4","64,132,332.70","19,769.18"
"27413","Lloro","2013","Trimestre 4","66,358,318.65","25,980.54"
"27413","Lloro","2014","Trimestre 4","233,346,103.68","90,631.39"
"27413","Lloro","2015","Trimestre 4","345,387,065.16","98,685.53"
"27413","Lloro","2016","Trimestre 4","168,328,900.83","44,054.00"
"27413","Lloro","2017","Trimestre 4","12,782,911.30","3,280.48"
"27413","Lloro","2018","Trimestre 4","52,614,586.94","13,785.45"
"27413","Lloro","2024","Trimestre 4","2,106,488,287.43","182,733.80"
"27413","Lloro","2025","Trimestre 4","3,287,164,912.00","207,780.10"
"27413","Lloro","2012","Trimestre 4","83,502,637.98","25,901.97"
"27413","Lloro","2013","Trimestre 4","90,159,422.63","35,738.66"
"27413","Lloro","2014","Trimestre 4","378,086,210.29","146,946.12"
"27413","Lloro","2015","Trimestre 4","188,339,682.80","55,576.91"
"27413","Lloro","2016","Trimestre 4","48,701,596.76","12,357.32"
"27413","Lloro","2017","Trimestre 4","12,606,724.93","3,237.48"
"27413","Lloro","2018","Trimestre 4","80,134,369.81","20,356.70"
"27413","Lloro","2019","Trimestre 4","87,182,620.23","16,868.28"
"27413","Lloro","2020","Trimestre 4","1,371,118,833.87","185,263.32"
"27413","Lloro","2021","Trimestre 4","1,331,128,482.22","189,839.15"
"27413","Lloro","2022","Trimestre 4","793,395,305.02","99,042.13"
"27413","Lloro","2023","Trimestre 4","182,077,816.27","22,125.72"
"27413","Lloro","2024","Trimestre 4","2,067,839,739.81","174,059.88"
"27413","Lloro","2025","Trimestre 4","5,619,013,363.00","354,751.94"
"27425","Medio Atrato","2026","Trimestre 1","818,675,873.08","45,778.67"
"27425","Medio Atrato","2012","Trimestre 1","245,631,865.09","74,663.00"
"27425","Medio Atrato","2013","Trimestre 1","48,104,276.32","15,426.40"
"27425","Medio Atrato","2014","Trimestre 1","34,282,946.39","14,055.03"
"27425","Medio Atrato","2016","Trimestre 1","361,557,454.72","101,534.08"
"27425","Medio Atrato","2017","Trimestre 1","41,385,445.47","11,593.55"
"27425","Medio Atrato","2018","Trimestre 1","10,729,363.39","2,759.27"
"27425","Medio Atrato","2019","Trimestre 1","30,672,093.07","7,484.71"
"27425","Medio Atrato","2022","Trimestre 1","51,034,134.07","7,012.09"
"27425","Medio Atrato","2023","Trimestre 1","132,273,936.46","14,920.80"
"27425","Medio Atrato","2025","Trimestre 1","123,647,391.00","10,500.00"
"27425","Medio Atrato","2026","Trimestre 1","190,229,007.20","12,536.70"
"27425","Medio Atrato","2012","Trimestre 1","674,769,791.33","214,125.95"
"27425","Medio Atrato","2013","Trimestre 1","106,601,577.17","35,033.90"
"27425","Medio Atrato","2014","Trimestre 1","41,821,606.89","16,665.16"
"27425","Medio Atrato","2015","Trimestre 1","49,117,719.55","15,901.99"
"27425","Medio Atrato","2016","Trimestre 1","101,762,868.93","27,507.24"
"27425","Medio Atrato","2017","Trimestre 1","52,825,869.18","14,663.55"
"27425","Medio Atrato","2018","Trimestre 1","1,894,721.33","483.73"
"27425","Medio Atrato","2019","Trimestre 1","71,599,257.27","17,134.80"
"27425","Medio Atrato","2023","Trimestre 1","48,941,452.57","5,313.45"
"27425","Medio Atrato","2024","Trimestre 1","202,132,624.00","24,509.91"
"27425","Medio Atrato","2012","Trimestre 1","212,321,167.60","66,400.86"
"27425","Medio Atrato","2013","Trimestre 1","108,104,958.59","36,039.14"
"27425","Medio Atrato","2014","Trimestre 1","90,040,001.19","32,969.39"
"27425","Medio Atrato","2015","Trimestre 1","45,619,507.74","14,909.85"
"27425","Medio Atrato","2016","Trimestre 1","192,720,277.13","46,519.10"
"27425","Medio Atrato","2017","Trimestre 1","56,727,535.68","15,519.71"
"27425","Medio Atrato","2018","Trimestre 1","55,266,946.39","14,104.80"
"27425","Medio Atrato","2019","Trimestre 1","49,307,075.53","11,669.42"
"27425","Medio Atrato","2020","Trimestre 1","141,804,978.13","26,287.93"
"27425","Medio Atrato","2021","Trimestre 1","115,298,024.90","17,244.75"
"27425","Medio Atrato","2022","Trimestre 1","128,799,968.96","17,143.70"
"27425","Medio Atrato","2023","Trimestre 1","196,390,816.19","21,400.35"
"27425","Medio Atrato","2024","Trimestre 1","157,727,551.14","19,226.84"
"27425","Medio Atrato","2026","Trimestre 1","828,026,276.65","44,643.55"
"27425","Medio Atrato","2012","Trimestre 2","249,664,003.04","82,098.84"
"27425","Medio Atrato","2013","Trimestre 2","90,002,599.06","30,312.29"
"27425","Medio Atrato","2014","Trimestre 2","98,513,442.64","35,458.80"
"27425","Medio Atrato","2015","Trimestre 2","62,377,736.49","20,155.96"
"27425","Medio Atrato","2016","Trimestre 2","175,990,449.83","43,684.42"
"27425","Medio Atrato","2017","Trimestre 2","30,977,265.45","8,363.82"
"27425","Medio Atrato","2018","Trimestre 2","61,372,185.98","15,733.18"
"27425","Medio Atrato","2023","Trimestre 2","372,045,472.10","39,984.31"
"27425","Medio Atrato","2024","Trimestre 2","545,644,869.90","64,853.30"
"27425","Medio Atrato","2026","Trimestre 2","224,062,696.28","12,051.16"
"27425","Medio Atrato","2012","Trimestre 2","87,686,253.90","29,099.34"
"27425","Medio Atrato","2013","Trimestre 2","56,513,751.52","20,212.28"
"27425","Medio Atrato","2014","Trimestre 2","53,898,501.28","20,797.06"
"27425","Medio Atrato","2015","Trimestre 2","88,293,357.53","28,632.33"
"27425","Medio Atrato","2016","Trimestre 2","281,093,346.60","73,076.90"
"27425","Medio Atrato","2017","Trimestre 2","29,146,552.09","7,808.79"
"27425","Medio Atrato","2018","Trimestre 2","105,595,169.05","27,745.25"
"27425","Medio Atrato","2023","Trimestre 2","200,344,572.60","21,421.68"
"27425","Medio Atrato","2024","Trimestre 2","177,367,383.90","19,087.71"
"27425","Medio Atrato","2026","Trimestre 2","144,611,969.88","8,112.72"
"27425","Medio Atrato","2012","Trimestre 2","97,705,839.60","33,377.80"
"27425","Medio Atrato","2013","Trimestre 2","61,386,188.51","22,842.25"
"27425","Medio Atrato","2014","Trimestre 2","21,046,038.71","8,289.99"
"27425","Medio Atrato","2015","Trimestre 2","124,265,333.92","41,057.63"
"27425","Medio Atrato","2016","Trimestre 2","243,444,210.87","62,752.61"
"27425","Medio Atrato","2017","Trimestre 2","55,463,725.53","14,813.91"
"27425","Medio Atrato","2018","Trimestre 2","149,326,647.00","39,037.23"
"27425","Medio Atrato","2019","Trimestre 2","130,154,696.00","30,670.61"
"27425","Medio Atrato","2020","Trimestre 2","253,610,424.23","38,811.62"
"27425","Medio Atrato","2021","Trimestre 2","271,783,237.61","40,219.28"
"27425","Medio Atrato","2022","Trimestre 2","62,054,065.11","7,908.68"
"27425","Medio Atrato","2023","Trimestre 2","361,519,820.30","38,862.58"
"27425","Medio Atrato","2025","Trimestre 2","529,908,781.40","41,748.74"
"27425","Medio Atrato","2026","Trimestre 2","35,430,766.74","2,015.29"
"27425","Medio Atrato","2012","Trimestre 3","100,318,469.87","34,152.80"
"27425","Medio Atrato","2013","Trimestre 3","51,318,482.47","19,464.39"
"27425","Medio Atrato","2014","Trimestre 3","48,065,650.83","19,343.32"
"27425","Medio Atrato","2015","Trimestre 3","68,402,005.13","22,096.20"
"27425","Medio Atrato","2016","Trimestre 3","121,916,775.48","31,020.32"
"27425","Medio Atrato","2017","Trimestre 3","24,905,657.36","6,603.13"
"27425","Medio Atrato","2018","Trimestre 3","89,377,970.07","23,495.39"
"27425","Medio Atrato","2023","Trimestre 3","187,919,003.90","22,334.37"
"27425","Medio Atrato","2024","Trimestre 3","163,560,042.10","17,483.49"
"27425","Medio Atrato","2025","Trimestre 3","139,936,902.44","11,025.91"
"27425","Medio Atrato","2026","Trimestre 3","226,209,562.63","14,802.59"
"27425","Medio Atrato","2012","Trimestre 3","54,070,354.82","18,480.27"
"27425","Medio Atrato","2013","Trimestre 3","21,874,958.90","8,687.36"
"27425","Medio Atrato","2014","Trimestre 3","45,209,592.66","18,036.15"
"27425","Medio Atrato","2015","Trimestre 3","104,353,041.53","33,264.55"
"27425","Medio Atrato","2016","Trimestre 3","133,443,109.86","32,762.51"
"27425","Medio Atrato","2017","Trimestre 3","37,501,114.55","9,750.02"
"27425","Medio Atrato","2018","Trimestre 3","67,885,987.45","18,431.98"
"27425","Medio Atrato","2023","Trimestre 3","212,216,354.90","25,579.97"
"27425","Medio Atrato","2024","Trimestre 3","480,698,629.96","49,189.73"
"27425","Medio Atrato","2012","Trimestre 3","64,491,814.55","21,350.37"
"27425","Medio Atrato","2013","Trimestre 3","78,646,606.21","29,826.90"
"27425","Medio Atrato","2014","Trimestre 3","49,539,244.50","19,586.41"
"27425","Medio Atrato","2015","Trimestre 3","47,873,222.79","13,816.69"
"27425","Medio Atrato","2016","Trimestre 3","123,024,542.81","30,067.90"
"27425","Medio Atrato","2017","Trimestre 3","69,290,686.61","17,785.66"
"27425","Medio Atrato","2018","Trimestre 3","94,896,367.86","25,699.45"
"27425","Medio Atrato","2019","Trimestre 3","144,184,137.99","30,346.27"
"27425","Medio Atrato","2020","Trimestre 3","636,864,306.04","91,999.66"
"27425","Medio Atrato","2021","Trimestre 3","238,795.07","33.53"
"27425","Medio Atrato","2022","Trimestre 3","73,963,855.06","9,935.77"
"27425","Medio Atrato","2023","Trimestre 3","233,833,356.63","28,795.83"
"27425","Medio Atrato","2024","Trimestre 3","179,490,330.22","18,014.94"
"27425","Medio Atrato","2025","Trimestre 3","191,652,539.56","13,670.01"
"27425","Medio Atrato","2012","Trimestre 4","27,385,540.54","8,461.87"
"27425","Medio Atrato","2013","Trimestre 4","68,570,931.62","25,746.03"
"27425","Medio Atrato","2014","Trimestre 4","60,444,069.37","24,059.49"
"27425","Medio Atrato","2015","Trimestre 4","155,122,849.95","43,649.37"
"27425","Medio Atrato","2016","Trimestre 4","101,078,805.30","25,366.87"
"27425","Medio Atrato","2017","Trimestre 4","93,048,111.64","33,416.37"
"27425","Medio Atrato","2018","Trimestre 4","83,504,757.32","22,582.88"
"27425","Medio Atrato","2023","Trimestre 4","223,526,225.10","28,086.01"
"27425","Medio Atrato","2024","Trimestre 4","319,200,521.45","30,916.76"
"27425","Medio Atrato","2025","Trimestre 4","18,511,724.04","1,251.00"
"27425","Medio Atrato","2012","Trimestre 4","111,437,874.85","34,351.39"
"27425","Medio Atrato","2013","Trimestre 4","115,566,451.23","45,246.46"
"27425","Medio Atrato","2014","Trimestre 4","67,803,661.36","26,334.87"
"27425","Medio Atrato","2015","Trimestre 4","343,198,796.07","98,061.30"
"27425","Medio Atrato","2016","Trimestre 4","111,321,042.60","29,108.42"
"27425","Medio Atrato","2017","Trimestre 4","67,845,160.44","17,381.79"
"27425","Medio Atrato","2018","Trimestre 4","28,758,140.84","7,532.38"
"27425","Medio Atrato","2024","Trimestre 4","119,922,680.79","10,830.71"
"27425","Medio Atrato","2012","Trimestre 4","151,430,067.74","46,972.62"
"27425","Medio Atrato","2013","Trimestre 4","85,401,959.08","33,852.83"
"27425","Medio Atrato","2014","Trimestre 4","154,540,624.79","60,065.35"
"27425","Medio Atrato","2015","Trimestre 4","386,732,555.17","114,713.08"
"27425","Medio Atrato","2016","Trimestre 4","107,199,995.63","27,196.13"
"27425","Medio Atrato","2017","Trimestre 4","28,452,942.69","7,304.13"
"27425","Medio Atrato","2018","Trimestre 4","38,348,225.98","9,649.17"
"27425","Medio Atrato","2019","Trimestre 4","109,533,296.92","20,922.34"
"27425","Medio Atrato","2020","Trimestre 4","354,498,589.38","48,115.45"
"27425","Medio Atrato","2021","Trimestre 4","72,371,920.63","10,402.08"
"27425","Medio Atrato","2022","Trimestre 4","119,627,588.80","14,165.48"
"27425","Medio Atrato","2023","Trimestre 4","284,074,805.27","34,544.25"
"27425","Medio Atrato","2024","Trimestre 4","394,861,869.82","34,066.51"
"27425","Medio Atrato","2025","Trimestre 4","247,259,934.50","16,432.28"
"27430","Medio Baudo","2013","Trimestre 1","213,916,794.44","68,600.26"
"27430","Medio Baudo","2013","Trimestre 1","431,330,665.75","141,753.97"
"27430","Medio Baudo","2016","Trimestre 1","1,731,865.16","467.30"
"27430","Medio Baudo","2013","Trimestre 1","401,212,991.43","133,753.09"
"27430","Medio Baudo","2016","Trimestre 1","1,356,150.57","327.22"
"27430","Medio Baudo","2021","Trimestre 1","346,588.16","52.45"
"27430","Medio Baudo","2013","Trimestre 2","3,141,984.16","1,058.20"
"27430","Medio Baudo","2024","Trimestre 2","405,713.06","46.80"
"27430","Medio Baudo","2015","Trimestre 2","7,839,121.12","2,574.36"
"27430","Medio Baudo","2017","Trimestre 2","32,926.92","8.80"
"27430","Medio Baudo","2021","Trimestre 2","364,518.93","57.06"
"27430","Medio Baudo","2015","Trimestre 3","2,441,976.79","785.75"
"27430","Medio Baudo","2017","Trimestre 3","16,615.61","4.44"
"27430","Medio Baudo","2015","Trimestre 3","4,658,489.09","1,466.51"
"27430","Medio Baudo","2016","Trimestre 3","230,237.98","56.53"
"27430","Medio Baudo","2025","Trimestre 3","931,624.14","66.45"
"27430","Medio Baudo","2012","Trimestre 4","988,650,824.43","305,483.51"
"27430","Medio Baudo","2015","Trimestre 4","4,588,906.74","1,310.21"
"27430","Medio Baudo","2012","Trimestre 4","1,644,519,121.39","506,932.90"
"27430","Medio Baudo","2012","Trimestre 4","602,843,459.83","186,998.11"
"27430","Medio Baudo","2015","Trimestre 4","2,804,957.81","838.13"
"27430","Medio Baudo","2021","Trimestre 4","835,633.84","117.73"
"27450","Medio San Juan","2026","Trimestre 1","2,629,117,096.40","125,627.63"
"27450","Medio San Juan","2026","Trimestre 3","545,252,647.49","27,261.17"
"27450","Medio San Juan","2026","Trimestre 2","630,313,422.47","35,284.52"
"27450","Medio San Juan","2012","Trimestre 1","35,263,629.83","10,718.84"
"27450","Medio San Juan","2013","Trimestre 1","73,601,112.16","23,602.89"
"27450","Medio San Juan","2016","Trimestre 1","4,451,514.16","1,266.41"
"27450","Medio San Juan","2017","Trimestre 1","6,898,137.53","1,933.58"
"27450","Medio San Juan","2018","Trimestre 1","2,665,665.33","685.53"
"27450","Medio San Juan","2019","Trimestre 1","19,817,379.27","4,825.54"
"27450","Medio San Juan","2022","Trimestre 1","11,332,744.13","1,556.74"
"27450","Medio San Juan","2023","Trimestre 1","3,746,848.42","423.76"
"27450","Medio San Juan","2024","Trimestre 1","1,117,616.53","135.27"
"27450","Medio San Juan","2025","Trimestre 1","922,472,576.78","76,635.95"
"27450","Medio San Juan","2026","Trimestre 1","1,799,053,300.55","96,213.91"
"27450","Medio San Juan","2012","Trimestre 1","55,151,525.00","17,501.34"
"27450","Medio San Juan","2013","Trimestre 1","53,972,619.29","17,737.74"
"27450","Medio San Juan","2016","Trimestre 1","1,196,574.17","323.25"
"27450","Medio San Juan","2017","Trimestre 1","10,236,180.13","2,837.30"
"27450","Medio San Juan","2018","Trimestre 1","302,158.88","77.70"
"27450","Medio San Juan","2019","Trimestre 1","24,303,254.82","5,811.26"
"27450","Medio San Juan","2023","Trimestre 1","7,502,484.91","820.23"
"27450","Medio San Juan","2024","Trimestre 1","17,473,549.00","2,129.18"
"27450","Medio San Juan","2025","Trimestre 1","1,728,722,910.36","142,502.92"
"27450","Medio San Juan","2012","Trimestre 1","22,581,830.34","7,062.19"
"27450","Medio San Juan","2016","Trimestre 1","3,126,355.77","755.86"
"27450","Medio San Juan","2017","Trimestre 1","616,796.58","169.49"
"27450","Medio San Juan","2018","Trimestre 1","7,912,368.22","2,016.59"
"27450","Medio San Juan","2019","Trimestre 1","15,230,003.15","3,605.07"
"27450","Medio San Juan","2020","Trimestre 1","22,933,429.56","4,269.81"
"27450","Medio San Juan","2021","Trimestre 1","53,699,601.69","7,944.24"
"27450","Medio San Juan","2022","Trimestre 1","62,575,065.06","8,390.34"
"27450","Medio San Juan","2023","Trimestre 1","7,420,942.34","808.66"
"27450","Medio San Juan","2024","Trimestre 1","112,435,048.14","13,732.60"
"27450","Medio San Juan","2025","Trimestre 1","1,728,344,517.44","137,847.23"
"27450","Medio San Juan","2026","Trimestre 1","3,618,234,612.31","171,160.54"
"27450","Medio San Juan","2012","Trimestre 2","61,149,696.11","20,108.30"
"27450","Medio San Juan","2016","Trimestre 2","23,626,476.25","5,844.79"
"27450","Medio San Juan","2017","Trimestre 2","4,006,354.39","1,087.87"
"27450","Medio San Juan","2018","Trimestre 2","64,677,067.03","16,656.77"
"27450","Medio San Juan","2023","Trimestre 2","11,803,530.48","1,274.94"
"27450","Medio San Juan","2024","Trimestre 2","511,086,773.40","60,205.19"
"27450","Medio San Juan","2025","Trimestre 2","1,775,736,008.22","140,259.72"
"27450","Medio San Juan","2026","Trimestre 2","2,872,415,593.29","140,342.72"
"27450","Medio San Juan","2012","Trimestre 2","65,756,630.86","21,821.83"
"27450","Medio San Juan","2016","Trimestre 2","16,987,559.65","4,427.68"
"27450","Medio San Juan","2017","Trimestre 2","6,951,137.92","1,864.65"
"27450","Medio San Juan","2018","Trimestre 2","63,483,643.61","16,716.52"
"27450","Medio San Juan","2023","Trimestre 2","29,971,059.42","3,235.41"
"27450","Medio San Juan","2024","Trimestre 2","806,830,230.60","89,195.83"
"27450","Medio San Juan","2026","Trimestre 2","3,074,100,383.16","149,508.02"
"27450","Medio San Juan","2012","Trimestre 2","50,672,695.91","17,310.56"
"27450","Medio San Juan","2016","Trimestre 2","3,231,932.08","833.55"
"27450","Medio San Juan","2017","Trimestre 2","9,131,623.37","2,440.10"
"27450","Medio San Juan","2018","Trimestre 2","7,858,537.72","2,060.02"
"27450","Medio San Juan","2019","Trimestre 2","49,617,490.22","11,725.70"
"27450","Medio San Juan","2020","Trimestre 2","100,859,232.71","14,819.38"
"27450","Medio San Juan","2021","Trimestre 2","117,787,162.92","17,795.99"
"27450","Medio San Juan","2022","Trimestre 2","29,541,590.23","3,896.23"
"27450","Medio San Juan","2023","Trimestre 2","7,970,213.46","856.70"
"27450","Medio San Juan","2025","Trimestre 2","2,431,583,351.77","173,490.58"
"27450","Medio San Juan","2026","Trimestre 2","960,376,755.45","46,172.18"
"27450","Medio San Juan","2012","Trimestre 3","204,305,285.42","69,554.46"
"27450","Medio San Juan","2016","Trimestre 3","5,411,178.12","1,376.98"
"27450","Medio San Juan","2017","Trimestre 3","8,101,571.71","2,157.65"
"27450","Medio San Juan","2018","Trimestre 3","5,773,707.40","1,515.21"
"27450","Medio San Juan","2023","Trimestre 3","6,788,749.88","784.84"
"27450","Medio San Juan","2024","Trimestre 3","1,050,482,335.00","112,687.76"
"27450","Medio San Juan","2025","Trimestre 3","1,034,929,085.75","69,832.32"
"27450","Medio San Juan","2026","Trimestre 3","2,124,969,798.90","114,900.18"
"27450","Medio San Juan","2012","Trimestre 3","80,542,043.07","27,527.82"
"27450","Medio San Juan","2015","Trimestre 3","839,698.32","264.34"
"27450","Medio San Juan","2016","Trimestre 3","4,827,033.74","1,185.86"
"27450","Medio San Juan","2017","Trimestre 3","7,623,097.90","1,985.35"
"27450","Medio San Juan","2018","Trimestre 3","8,108,295.72","2,203.42"
"27450","Medio San Juan","2023","Trimestre 3","20,357,164.82","2,463.51"
"27450","Medio San Juan","2024","Trimestre 3","1,471,732,576.15","149,588.95"
"27450","Medio San Juan","2025","Trimestre 3","1,194,105,961.00","82,035.41"
"27450","Medio San Juan","2012","Trimestre 3","93,626,246.87","30,995.48"
"27450","Medio San Juan","2016","Trimestre 3","4,130,366.81","1,009.73"
"27450","Medio San Juan","2017","Trimestre 3","9,277,201.63","2,396.03"
"27450","Medio San Juan","2018","Trimestre 3","9,636,723.44","2,634.21"
"27450","Medio San Juan","2019","Trimestre 3","41,219,357.78","8,822.37"
"27450","Medio San Juan","2020","Trimestre 3","60,255,085.06","8,957.64"
"27450","Medio San Juan","2021","Trimestre 3","22,676,794.11","3,213.91"
"27450","Medio San Juan","2022","Trimestre 3","23,084,733.51","3,021.35"
"27450","Medio San Juan","2023","Trimestre 3","12,790,810.32","1,572.96"
"27450","Medio San Juan","2024","Trimestre 3","2,073,084,077.78","193,787.47"
"27450","Medio San Juan","2025","Trimestre 3","1,329,418,710.53","88,921.79"
"27450","Medio San Juan","2012","Trimestre 4","104,502,226.87","32,290.17"
"27450","Medio San Juan","2015","Trimestre 4","2,847,274.16","800.92"
"27450","Medio San Juan","2016","Trimestre 4","10,603,209.24","2,656.18"
"27450","Medio San Juan","2017","Trimestre 4","8,339,118.00","4,377.92"
"27450","Medio San Juan","2018","Trimestre 4","18,455,655.11","4,943.27"
"27450","Medio San Juan","2023","Trimestre 4","8,374,608.48","1,051.04"
"27450","Medio San Juan","2024","Trimestre 4","2,375,376,743.49","208,887.94"
"27450","Medio San Juan","2025","Trimestre 4","1,367,378,248.37","91,328.92"
"27450","Medio San Juan","2012","Trimestre 4","154,703,286.82","47,688.22"
"27450","Medio San Juan","2015","Trimestre 4","10,508,193.86","3,002.50"
"27450","Medio San Juan","2016","Trimestre 4","6,632,591.86","1,735.95"
"27450","Medio San Juan","2017","Trimestre 4","6,062,616.08","1,547.34"
"27450","Medio San Juan","2018","Trimestre 4","30,477,875.02","7,982.02"
"27450","Medio San Juan","2024","Trimestre 4","2,096,903,508.85","177,424.81"
"27450","Medio San Juan","2025","Trimestre 4","1,350,762,988.00","84,303.34"
"27450","Medio San Juan","2012","Trimestre 4","151,074,340.29","46,862.28"
"27450","Medio San Juan","2015","Trimestre 4","3,902,107.71","1,165.96"
"27450","Medio San Juan","2016","Trimestre 4","8,332,459.21","2,111.83"
"27450","Medio San Juan","2017","Trimestre 4","10,146,376.99","2,605.49"
"27450","Medio San Juan","2018","Trimestre 4","46,465,073.66","11,797.73"
"27450","Medio San Juan","2019","Trimestre 4","29,440,747.57","5,789.94"
"27450","Medio San Juan","2020","Trimestre 4","34,348,245.02","4,820.67"
"27450","Medio San Juan","2021","Trimestre 4","128,360,227.54","18,321.78"
"27450","Medio San Juan","2022","Trimestre 4","35,866,393.92","4,541.38"
"27450","Medio San Juan","2023","Trimestre 4","7,339,524.09","886.77"
"27450","Medio San Juan","2024","Trimestre 4","1,857,262,065.34","152,916.83"
"27450","Medio San Juan","2025","Trimestre 4","3,326,193,660.00","193,338.81"
"27491","Novita","2026","Trimestre 1","86,264,876.67","4,834.48"
"27491","Novita","2026","Trimestre 3","50,385,497.22","2,865.91"
"27491","Novita","2026","Trimestre 2","44,331,213.37","2,524.30"
"27491","Novita","2012","Trimestre 1","2,447,263,397.01","743,844.31"
"27491","Novita","2013","Trimestre 1","1,825,813,473.49","585,514.00"
"27491","Novita","2014","Trimestre 1","130,597,128.03","53,455.95"
"27491","Novita","2015","Trimestre 1","164,501,610.40","56,786.96"
"27491","Novita","2016","Trimestre 1","25,993,763.65","7,265.10"
"27491","Novita","2017","Trimestre 1","192,838,179.36","52,374.49"
"27491","Novita","2018","Trimestre 1","6,456,987.60","1,660.54"
"27491","Novita","2019","Trimestre 1","33,817,645.72","8,226.14"
"27491","Novita","2022","Trimestre 1","91,441,017.51","12,562.37"
"27491","Novita","2023","Trimestre 1","622,596,911.68","70,834.56"
"27491","Novita","2024","Trimestre 1","242,719,699.20","29,372.13"
"27491","Novita","2025","Trimestre 1","80,418,839.33","7,697.90"
"27491","Novita","2026","Trimestre 1","227,812,255.16","12,648.56"
"27491","Novita","2012","Trimestre 1","1,661,999,068.13","523,327.51"
"27491","Novita","2013","Trimestre 1","1,357,042,342.34","445,982.97"
"27491","Novita","2014","Trimestre 1","206,297,083.65","82,205.70"
"27491","Novita","2015","Trimestre 1","387,816,167.51","128,045.28"
"27491","Novita","2016","Trimestre 1","118,873,625.65","32,095.23"
"27491","Novita","2017","Trimestre 1","116,498,338.09","32,328.64"
"27491","Novita","2018","Trimestre 1","595,839.68","153.22"
"27491","Novita","2019","Trimestre 1","32,749,122.08","7,792.06"
"27491","Novita","2023","Trimestre 1","655,318,654.70","72,717.61"
"27491","Novita","2024","Trimestre 1","1,117,605,570.00","135,590.03"
"27491","Novita","2025","Trimestre 1","6,112,545.98","508.12"
"27491","Novita","2012","Trimestre 1","1,073,663,509.01","335,775.20"
"27491","Novita","2013","Trimestre 1","591,756,552.19","197,233.91"
"27491","Novita","2014","Trimestre 1","151,219,642.14","55,371.15"
"27491","Novita","2015","Trimestre 1","169,846,460.51","55,569.74"
"27491","Novita","2016","Trimestre 1","123,847,627.41","29,882.42"
"27491","Novita","2017","Trimestre 1","116,977,548.34","31,978.34"
"27491","Novita","2018","Trimestre 1","10,794,988.36","2,750.60"
"27491","Novita","2019","Trimestre 1","29,646,039.88","7,008.07"
"27491","Novita","2020","Trimestre 1","85,708,049.46","16,304.77"
"27491","Novita","2021","Trimestre 1","454,844,481.60","67,447.55"
"27491","Novita","2022","Trimestre 1","857,566,716.00","115,197.25"
"27491","Novita","2023","Trimestre 1","912,816,185.05","99,646.43"
"27491","Novita","2024","Trimestre 1","1,320,815,001.28","161,065.95"
"27491","Novita","2025","Trimestre 1","20,049,733.99","1,333.89"
"27491","Novita","2026","Trimestre 1","125,414,539.03","6,684.92"
"27491","Novita","2012","Trimestre 2","1,145,458,039.56","372,818.68"
"27491","Novita","2013","Trimestre 2","1,255,077,494.64","422,611.11"
"27491","Novita","2014","Trimestre 2","183,224,781.64","65,949.69"
"27491","Novita","2015","Trimestre 2","86,997,443.65","27,917.83"
"27491","Novita","2016","Trimestre 2","85,148,655.34","21,068.83"
"27491","Novita","2017","Trimestre 2","83,709,407.23","22,505.08"
"27491","Novita","2018","Trimestre 2","141,233,732.30","36,375.33"
"27491","Novita","2023","Trimestre 2","692,790,701.00","75,012.81"
"27491","Novita","2024","Trimestre 2","1,460,368,542.00","172,409.78"
"27491","Novita","2025","Trimestre 2","875,156,981.40","105,527.31"
"27491","Novita","2026","Trimestre 2","98,286,469.34","5,234.01"
"27491","Novita","2012","Trimestre 2","474,696,161.38","156,812.30"
"27491","Novita","2013","Trimestre 2","1,768,490,160.62","632,504.77"
"27491","Novita","2014","Trimestre 2","106,874,272.54","41,238.08"
"27491","Novita","2015","Trimestre 2","114,528,976.59","37,184.18"
"27491","Novita","2016","Trimestre 2","216,161,832.57","56,078.47"
"27491","Novita","2017","Trimestre 2","170,019,865.54","45,481.21"
"27491","Novita","2018","Trimestre 2","33,439,952.51","8,804.35"
"27491","Novita","2023","Trimestre 2","779,461,740.30","83,686.66"
"27491","Novita","2024","Trimestre 2","923,676,278.50","101,954.41"
"27491","Novita","2026","Trimestre 2","24,500,441.19","1,380.68"
"27491","Novita","2012","Trimestre 2","413,925,937.09","141,403.40"
"27491","Novita","2013","Trimestre 2","632,876,397.45","235,497.94"
"27491","Novita","2014","Trimestre 2","120,094,691.57","47,305.07"
"27491","Novita","2015","Trimestre 2","289,993,876.71","95,707.25"
"27491","Novita","2016","Trimestre 2","815,895,556.07","210,315.20"
"27491","Novita","2017","Trimestre 2","193,027,166.36","51,568.40"
"27491","Novita","2018","Trimestre 2","11,127,192.20","2,921.23"
"27491","Novita","2019","Trimestre 2","71,478,953.12","16,819.79"
"27491","Novita","2020","Trimestre 2","59,765,041.81","8,836.56"
"27491","Novita","2021","Trimestre 2","738,120,658.89","110,237.82"
"27491","Novita","2022","Trimestre 2","972,336,043.73","128,075.32"
"27491","Novita","2023","Trimestre 2","1,147,921,711.00","123,103.06"
"27491","Novita","2025","Trimestre 2","45,468,541.64","3,090.75"
"27491","Novita","2026","Trimestre 2","88,141,126.04","26.27"
"27491","Novita","2012","Trimestre 3","596,107,948.16","202,941.23"
"27491","Novita","2013","Trimestre 3","211,843,090.80","80,349.17"
"27491","Novita","2014","Trimestre 3","160,777,793.31","64,702.67"
"27491","Novita","2015","Trimestre 3","151,712,809.22","48,984.97"
"27491","Novita","2016","Trimestre 3","119,679,886.53","30,478.71"
"27491","Novita","2017","Trimestre 3","74,258,935.22","19,487.73"
"27491","Novita","2018","Trimestre 3","7,099,805.30","1,863.15"
"27491","Novita","2023","Trimestre 3","1,386,113,880.00","158,898.76"
"27491","Novita","2024","Trimestre 3","762,644,897.50","81,919.93"
"27491","Novita","2025","Trimestre 3","23,132,417.56","1,411.19"
"27491","Novita","2026","Trimestre 3","4,414,287.92","288.86"
"27491","Novita","2012","Trimestre 3","2,074,568,444.01","709,050.06"
"27491","Novita","2013","Trimestre 3","207,711,502.15","82,489.92"
"27491","Novita","2014","Trimestre 3","117,419,797.97","46,844.06"
"27491","Novita","2015","Trimestre 3","295,524,430.27","93,042.22"
"27491","Novita","2016","Trimestre 3","31,413,049.18","7,712.43"
"27491","Novita","2017","Trimestre 3","40,419,573.99","10,476.11"
"27491","Novita","2018","Trimestre 3","21,451,722.72","5,829.48"
"27491","Novita","2023","Trimestre 3","1,784,878,869.00","216,269.86"
"27491","Novita","2024","Trimestre 3","503,196,553.28","51,329.27"
"27491","Novita","2025","Trimestre 3","28,946,063.03","2,746.39"
"27491","Novita","2012","Trimestre 3","3,325,551,306.17","1,100,941.89"
"27491","Novita","2013","Trimestre 3","150,583,330.72","57,109.06"
"27491","Novita","2014","Trimestre 3","168,205,096.02","66,503.53"
"27491","Novita","2015","Trimestre 3","566,174,663.38","164,450.68"
"27491","Novita","2016","Trimestre 3","55,424,504.30","13,558.61"
"27491","Novita","2017","Trimestre 3","38,421,641.39","9,812.14"
"27491","Novita","2018","Trimestre 3","16,632,564.88","4,546.53"
"27491","Novita","2019","Trimestre 3","163,420,465.88","34,798.80"
"27491","Novita","2020","Trimestre 3","248,807,265.12","35,172.01"
"27491","Novita","2021","Trimestre 3","305,731,154.30","43,306.58"
"27491","Novita","2022","Trimestre 3","1,127,699,846.75","148,327.80"
"27491","Novita","2023","Trimestre 3","1,810,514,380.17","222,408.79"
"27491","Novita","2024","Trimestre 3","382,982,499.54","37,745.20"
"27491","Novita","2025","Trimestre 3","20,124,130.76","1,194.59"
"27491","Novita","2012","Trimestre 4","3,609,156,632.90","1,115,194.37"
"27491","Novita","2013","Trimestre 4","228,926,611.84","85,954.08"
"27491","Novita","2014","Trimestre 4","130,340,432.93","51,881.42"
"27491","Novita","2015","Trimestre 4","113,553,107.78","31,963.27"
"27491","Novita","2016","Trimestre 4","93,669,547.03","23,481.08"
"27491","Novita","2017","Trimestre 4","202,899,619.46","12,557.79"
"27491","Novita","2018","Trimestre 4","34,574,599.73","9,232.90"
"27491","Novita","2023","Trimestre 4","1,800,814,906.00","225,593.40"
"27491","Novita","2024","Trimestre 4","346,637,093.23","32,313.34"
"27491","Novita","2025","Trimestre 4","20,864,680.06","1,757.89"
"27491","Novita","2012","Trimestre 4","2,274,355,238.71","701,083.67"
"27491","Novita","2013","Trimestre 4","200,394,484.27","78,458.24"
"27491","Novita","2014","Trimestre 4","149,517,292.75","58,072.37"
"27491","Novita","2015","Trimestre 4","91,335,940.43","25,990.83"
"27491","Novita","2016","Trimestre 4","162,784,998.29","42,486.41"
"27491","Novita","2017","Trimestre 4","42,178,474.03","11,134.83"
"27491","Novita","2018","Trimestre 4","14,776,346.44","3,838.73"
"27491","Novita","2024","Trimestre 4","126,032,841.64","11,200.67"
"27491","Novita","2025","Trimestre 4","148,103,301.60","10,294.50"
"27491","Novita","2012","Trimestre 4","2,414,295,693.63","748,898.78"
"27491","Novita","2013","Trimestre 4","316,799,900.44","125,577.61"
"27491","Novita","2014","Trimestre 4","254,618,529.81","98,962.66"
"27491","Novita","2015","Trimestre 4","107,324,931.88","32,045.48"
"27491","Novita","2016","Trimestre 4","419,119,066.35","106,228.23"
"27491","Novita","2017","Trimestre 4","9,477,555.30","2,423.55"
"27491","Novita","2018","Trimestre 4","26,301,316.68","6,555.92"
"27491","Novita","2019","Trimestre 4","291,052,683.70","55,414.46"
"27491","Novita","2020","Trimestre 4","552,769,071.91","74,699.64"
"27491","Novita","2021","Trimestre 4","1,738,503,918.45","247,270.14"
"27491","Novita","2022","Trimestre 4","1,615,154,799.76","203,778.06"
"27491","Novita","2023","Trimestre 4","4,086,204,478.05","496,305.07"
"27491","Novita","2024","Trimestre 4","43,264,655.00","3,679.25"
"27491","Novita","2025","Trimestre 4","124,451,660.60","7,808.62"
"27493","MUNICIPIO NUEVO BELEN DE BAJIRA","2026","Trimestre 1","522,412,317.51","28,982.94"
"27493","MUNICIPIO NUEVO BELEN DE BAJIRA","2026","Trimestre 3","184,417,216.21","10,128.76"
"27493","MUNICIPIO NUEVO BELEN DE BAJIRA","2026","Trimestre 2","58,228,645.99","3,212.86"
"27493","MUNICIPIO NUEVO BELEN DE BAJIRA","2025","Trimestre 1","376,605,802.63","31,442.14"
"27493","MUNICIPIO NUEVO BELEN DE BAJIRA","2026","Trimestre 1","457,861,718.09","27,529.76"
"27493","MUNICIPIO NUEVO BELEN DE BAJIRA","2025","Trimestre 1","500,731,382.35","41,921.42"
"27493","MUNICIPIO NUEVO BELEN DE BAJIRA","2025","Trimestre 1","250,532,061.74","20,773.11"
"27493","MUNICIPIO NUEVO BELEN DE BAJIRA","2026","Trimestre 1","639,586,591.16","34,179.63"
"27493","MUNICIPIO NUEVO BELEN DE BAJIRA","2025","Trimestre 2","2,013,475,766.49","163,902.77"
"27493","MUNICIPIO NUEVO BELEN DE BAJIRA","2026","Trimestre 2","116,175,817.04","6,189.75"
"27493","MUNICIPIO NUEVO BELEN DE BAJIRA","2026","Trimestre 2","202,315,808.23","10,948.52"
"27493","MUNICIPIO NUEVO BELEN DE BAJIRA","2025","Trimestre 2","628,766,798.92","48,659.94"
"27493","MUNICIPIO NUEVO BELEN DE BAJIRA","2026","Trimestre 2","28,723,802.55","1,583.98"
"27493","MUNICIPIO NUEVO BELEN DE BAJIRA","2025","Trimestre 3","419,453,218.67","30,775.69"
"27493","MUNICIPIO NUEVO BELEN DE BAJIRA","2026","Trimestre 3","490,924,824.00","28,308.23"
"27493","MUNICIPIO NUEVO BELEN DE BAJIRA","2025","Trimestre 3","18,516,498.54","1,312.68"
"27493","MUNICIPIO NUEVO BELEN DE BAJIRA","2025","Trimestre 3","103,327,463.84","7,374.99"
"27493","MUNICIPIO NUEVO BELEN DE BAJIRA","2024","Trimestre 4","9,021,462.72","814.97"
"27493","MUNICIPIO NUEVO BELEN DE BAJIRA","2025","Trimestre 4","160,336,496.76","11,021.14"
"27493","MUNICIPIO NUEVO BELEN DE BAJIRA","2024","Trimestre 4","223,358,600.87","19,027.80"
"27493","MUNICIPIO NUEVO BELEN DE BAJIRA","2025","Trimestre 4","128,762,050.00","8,090.95"
"27493","MUNICIPIO NUEVO BELEN DE BAJIRA","2024","Trimestre 4","535,777,768.59","45,147.06"
"27493","MUNICIPIO NUEVO BELEN DE BAJIRA","2025","Trimestre 4","889,536,792.40","55,955.20"
"27495","Nuqui","2022","Trimestre 1","300,827.70","40.00"
"27495","Nuqui","2024","Trimestre 3","734,078.73","75.94"
"27495","Nuqui","2023","Trimestre 4","1,243,035.92","148.56"
"27580","Rio Iro","2026","Trimestre 1","2,471,712.29","137.83"
"27580","Rio Iro","2026","Trimestre 3","1,020,224.08","58.03"
"27580","Rio Iro","2026","Trimestre 2","332,444.59","18.93"
"27580","Rio Iro","2012","Trimestre 1","4,812,297.04","1,462.76"
"27580","Rio Iro","2013","Trimestre 1","1,494,666.48","479.32"
"27580","Rio Iro","2016","Trimestre 1","3,626,046.09","1,013.46"
"27580","Rio Iro","2017","Trimestre 1","2,984,200.05","832.53"
"27580","Rio Iro","2018","Trimestre 1","1,894,043.91","487.09"
"27580","Rio Iro","2019","Trimestre 1","4,462,760.31","1,085.57"
"27580","Rio Iro","2023","Trimestre 1","2,386,066.04","269.52"
"27580","Rio Iro","2024","Trimestre 1","417,468.41","50.63"
"27580","Rio Iro","2025","Trimestre 1","2,110,328.01","176.92"
"27580","Rio Iro","2026","Trimestre 1","649,457.02","39.24"
"27580","Rio Iro","2012","Trimestre 1","31,116,217.78","9,874.17"
"27580","Rio Iro","2013","Trimestre 1","4,876,927.77","1,602.77"
"27580","Rio Iro","2016","Trimestre 1","19,613,421.10","5,292.65"
"27580","Rio Iro","2017","Trimestre 1","4,868,850.41","1,350.66"
"27580","Rio Iro","2018","Trimestre 1","386,261.47","99.33"
"27580","Rio Iro","2019","Trimestre 1","7,322,354.14","1,743.20"
"27580","Rio Iro","2023","Trimestre 1","10,756,869.39","1,180.60"
"27580","Rio Iro","2024","Trimestre 1","3,534,704.82","430.85"
"27580","Rio Iro","2025","Trimestre 1","1,958,595.45","163.41"
"27580","Rio Iro","2012","Trimestre 1","26,164,353.69","8,182.58"
"27580","Rio Iro","2016","Trimestre 1","4,716,061.29","1,140.22"
"27580","Rio Iro","2017","Trimestre 1","1,485,720.62","408.91"
"27580","Rio Iro","2018","Trimestre 1","4,593,863.46","1,171.34"
"27580","Rio Iro","2019","Trimestre 1","7,567,972.79","1,790.41"
"27580","Rio Iro","2020","Trimestre 1","18,708,154.93","3,510.40"
"27580","Rio Iro","2021","Trimestre 1","28,853,184.07","4,296.15"
"27580","Rio Iro","2022","Trimestre 1","8,467,179.66","1,135.73"
"27580","Rio Iro","2023","Trimestre 1","8,367,697.21","912.69"
"27580","Rio Iro","2024","Trimestre 1","1,423,129.53","173.86"
"27580","Rio Iro","2025","Trimestre 1","6,283,391.51","512.30"
"27580","Rio Iro","2026","Trimestre 1","467,338.70","24.67"
"27580","Rio Iro","2012","Trimestre 2","29,102,535.10","9,570.00"
"27580","Rio Iro","2016","Trimestre 2","5,075,638.98","1,259.89"
"27580","Rio Iro","2017","Trimestre 2","2,466,951.36","669.45"
"27580","Rio Iro","2018","Trimestre 2","4,499,361.95","1,157.21"
"27580","Rio Iro","2023","Trimestre 2","6,117,726.13","654.34"
"27580","Rio Iro","2024","Trimestre 2","3,734,809.05","447.24"
"27580","Rio Iro","2025","Trimestre 2","6,497,070.19","560.31"
"27580","Rio Iro","2026","Trimestre 2","1,028,847.28","54.72"
"27580","Rio Iro","2012","Trimestre 2","31,369,297.84","10,410.14"
"27580","Rio Iro","2016","Trimestre 2","5,266,816.97","1,364.12"
"27580","Rio Iro","2017","Trimestre 2","3,884,205.21","1,041.83"
"27580","Rio Iro","2018","Trimestre 2","2,345,661.83","612.35"
"27580","Rio Iro","2023","Trimestre 2","7,193,078.20","770.42"
"27580","Rio Iro","2024","Trimestre 2","5,209,844.81","568.75"
"27580","Rio Iro","2026","Trimestre 2","894,761.12","50.36"
"27580","Rio Iro","2012","Trimestre 2","26,735,006.86","9,133.09"
"27580","Rio Iro","2016","Trimestre 2","3,975,764.66","1,025.24"
"27580","Rio Iro","2017","Trimestre 2","6,064,194.48","1,620.42"
"27580","Rio Iro","2018","Trimestre 2","8,882,078.02","2,325.71"
"27580","Rio Iro","2019","Trimestre 2","20,106,181.90","4,714.67"
"27580","Rio Iro","2020","Trimestre 2","16,209,857.09","2,433.49"
"27580","Rio Iro","2021","Trimestre 2","21,147,134.84","3,174.76"
"27580","Rio Iro","2022","Trimestre 2","10,276,231.31","1,354.70"
"27580","Rio Iro","2023","Trimestre 2","5,102,106.08","548.37"
"27580","Rio Iro","2025","Trimestre 2","5,378,480.73","384.11"
"27580","Rio Iro","2026","Trimestre 2","126,934.65","7.22"
"27580","Rio Iro","2012","Trimestre 3","20,943,175.29","7,129.97"
"27580","Rio Iro","2016","Trimestre 3","3,489,078.74","888.05"
"27580","Rio Iro","2017","Trimestre 3","6,451,540.07","1,714.69"
"27580","Rio Iro","2018","Trimestre 3","6,528,230.47","1,713.22"
"27580","Rio Iro","2023","Trimestre 3","10,357,159.45","1,190.23"
"27580","Rio Iro","2024","Trimestre 3","3,107,001.67","332.21"
"27580","Rio Iro","2025","Trimestre 3","3,221,427.78","227.11"
"27580","Rio Iro","2026","Trimestre 3","798,624.55","52.26"
"27580","Rio Iro","2012","Trimestre 3","5,109,132.42","1,746.21"
"27580","Rio Iro","2015","Trimestre 3","1,283,959.47","404.20"
"27580","Rio Iro","2016","Trimestre 3","3,772,491.97","926.21"
"27580","Rio Iro","2017","Trimestre 3","5,935,419.13","1,545.60"
"27580","Rio Iro","2018","Trimestre 3","6,522,653.72","1,772.52"
"27580","Rio Iro","2023","Trimestre 3","4,763,751.96","581.28"
"27580","Rio Iro","2024","Trimestre 3","4,843,271.07","488.45"
"27580","Rio Iro","2025","Trimestre 3","1,416,386.28","101.36"
"27580","Rio Iro","2015","Trimestre 3","2,012,219.24","580.75"
"27580","Rio Iro","2016","Trimestre 3","2,981,708.84","729.15"
"27580","Rio Iro","2017","Trimestre 3","1,299,275.35","336.23"
"27580","Rio Iro","2018","Trimestre 3","6,272,596.15","1,714.62"
"27580","Rio Iro","2019","Trimestre 3","26,156,241.56","5,513.46"
"27580","Rio Iro","2020","Trimestre 3","32,188,165.06","4,583.79"
"27580","Rio Iro","2021","Trimestre 3","15,072,511.13","2,141.38"
"27580","Rio Iro","2022","Trimestre 3","24,155,639.83","3,163.15"
"27580","Rio Iro","2023","Trimestre 3","3,031,321.82","375.96"
"27580","Rio Iro","2024","Trimestre 3","4,003,515.48","388.89"
"27580","Rio Iro","2025","Trimestre 3","1,944,046.96","138.70"
"27580","Rio Iro","2012","Trimestre 4","1,789,732.02","553.01"
"27580","Rio Iro","2015","Trimestre 4","40,495,587.10","11,392.26"
"27580","Rio Iro","2016","Trimestre 4","3,847,535.61","965.64"
"27580","Rio Iro","2017","Trimestre 4","24,314,452.66","2,136.12"
"27580","Rio Iro","2018","Trimestre 4","8,332,082.90","2,225.67"
"27580","Rio Iro","2023","Trimestre 4","2,742,470.03","345.00"
"27580","Rio Iro","2024","Trimestre 4","8,884,462.11","481.25"
"27580","Rio Iro","2025","Trimestre 4","2,004,655.38","136.89"
"27580","Rio Iro","2012","Trimestre 4","603,132,840.41","185,919.32"
"27580","Rio Iro","2015","Trimestre 4","95,596,996.57","27,314.84"
"27580","Rio Iro","2016","Trimestre 4","4,960,276.06","1,296.88"
"27580","Rio Iro","2017","Trimestre 4","3,009,156.86","770.74"
"27580","Rio Iro","2018","Trimestre 4","5,640,901.19","1,466.14"
"27580","Rio Iro","2024","Trimestre 4","4,268,521.92","271.83"
"27580","Rio Iro","2025","Trimestre 4","648,104.87","40.08"
"27580","Rio Iro","2012","Trimestre 4","148,968,226.81","46,066.59"
"27580","Rio Iro","2015","Trimestre 4","4,498,331.89","1,344.11"
"27580","Rio Iro","2016","Trimestre 4","29,873,179.07","7,567.79"
"27580","Rio Iro","2017","Trimestre 4","3,914,779.13","1,006.54"
"27580","Rio Iro","2018","Trimestre 4","5,059,409.46","1,262.49"
"27580","Rio Iro","2019","Trimestre 4","11,625,980.83","2,243.81"
"27580","Rio Iro","2020","Trimestre 4","73,120,382.57","9,926.57"
"27580","Rio Iro","2021","Trimestre 4","17,253,031.68","2,425.84"
"27580","Rio Iro","2022","Trimestre 4","24,545,419.39","3,036.82"
"27580","Rio Iro","2023","Trimestre 4","8,276,803.72","1,009.48"
"27580","Rio Iro","2024","Trimestre 4","9,335,106.12","379.80"
"27580","Rio Iro","2025","Trimestre 4","1,816,438.12","113.78"
"27600","Rio Quito","2026","Trimestre 1","1,498,200.02","83.92"
"27600","Rio Quito","2026","Trimestre 3","167,019.28","9.50"
"27600","Rio Quito","2026","Trimestre 2","213,551.30","12.16"
"27600","Rio Quito","2012","Trimestre 1","5,146,076.48","1,564.22"
"27600","Rio Quito","2013","Trimestre 1","63,089,075.20","20,231.82"
"27600","Rio Quito","2014","Trimestre 1","42,481,341.03","17,416.14"
"27600","Rio Quito","2015","Trimestre 1","28,471,516.79","9,828.54"
"27600","Rio Quito","2016","Trimestre 1","694,321,252.41","194,060.52"
"27600","Rio Quito","2017","Trimestre 1","97,050,742.00","26,648.14"
"27600","Rio Quito","2018","Trimestre 1","3,157,199.73","811.94"
"27600","Rio Quito","2019","Trimestre 1","27,952,110.57","6,799.35"
"27600","Rio Quito","2022","Trimestre 1","662,508.98","91.03"
"27600","Rio Quito","2023","Trimestre 1","25,981,109.37","2,969.03"
"27600","Rio Quito","2024","Trimestre 1","49,609.73","6.02"
"27600","Rio Quito","2025","Trimestre 1","2,192,393.68","183.80"
"27600","Rio Quito","2026","Trimestre 1","126,286.50","7.52"
"27600","Rio Quito","2012","Trimestre 1","33,353,793.60","10,579.06"
"27600","Rio Quito","2013","Trimestre 1","84,343,478.36","27,601.58"
"27600","Rio Quito","2014","Trimestre 1","79,200,693.81","31,560.06"
"27600","Rio Quito","2015","Trimestre 1","101,725,291.40","32,933.83"
"27600","Rio Quito","2016","Trimestre 1","1,195,980,066.73","323,156.72"
"27600","Rio Quito","2017","Trimestre 1","105,813,303.66","29,336.59"
"27600","Rio Quito","2018","Trimestre 1","1,883,658.05","484.40"
"27600","Rio Quito","2019","Trimestre 1","27,132,663.67","6,453.45"
"27600","Rio Quito","2023","Trimestre 1","20,746,610.98","2,332.85"
"27600","Rio Quito","2025","Trimestre 1","61,180.91","5.10"
"27600","Rio Quito","2012","Trimestre 1","58,061,846.40","18,158.14"
"27600","Rio Quito","2013","Trimestre 1","69,152,200.03","23,053.39"
"27600","Rio Quito","2014","Trimestre 1","124,665,196.17","45,647.88"
"27600","Rio Quito","2015","Trimestre 1","101,894,998.49","33,311.54"
"27600","Rio Quito","2016","Trimestre 1","410,379,430.04","100,237.42"
"27600","Rio Quito","2017","Trimestre 1","61,574,225.81","16,883.95"
"27600","Rio Quito","2018","Trimestre 1","18,448,029.41","4,708.54"
"27600","Rio Quito","2019","Trimestre 1","38,776,927.05","9,166.31"
"27600","Rio Quito","2020","Trimestre 1","141,187,332.34","26,219.05"
"27600","Rio Quito","2021","Trimestre 1","288,742,257.40","43,348.66"
"27600","Rio Quito","2022","Trimestre 1","12,717,344.77","1,710.13"
"27600","Rio Quito","2023","Trimestre 1","85,965,837.59","9,370.04"
"27600","Rio Quito","2024","Trimestre 1","631,365.85","77.14"
"27600","Rio Quito","2025","Trimestre 1","1,447,502.43","117.62"
"27600","Rio Quito","2026","Trimestre 1","1,186,484.59","62.94"
"27600","Rio Quito","2012","Trimestre 2","27,806,891.28","9,143.94"
"27600","Rio Quito","2013","Trimestre 2","96,356,759.17","32,452.34"
"27600","Rio Quito","2014","Trimestre 2","68,499,462.63","24,655.61"
"27600","Rio Quito","2015","Trimestre 2","386,652,749.70","123,903.44"
"27600","Rio Quito","2016","Trimestre 2","1,442,395,864.48","357,756.09"
"27600","Rio Quito","2017","Trimestre 2","31,853,666.24","8,590.12"
"27600","Rio Quito","2018","Trimestre 2","13,978,551.39","3,586.23"
"27600","Rio Quito","2023","Trimestre 2","3,093,123.34","331.67"
"27600","Rio Quito","2024","Trimestre 2","846,420.32","100.76"
"27600","Rio Quito","2025","Trimestre 2","2,754,038.24","238.92"
"27600","Rio Quito","2026","Trimestre 2","334,667.24","18.00"
"27600","Rio Quito","2012","Trimestre 2","40,345,063.87","13,380.35"
"27600","Rio Quito","2013","Trimestre 2","127,782,470.78","45,701.71"
"27600","Rio Quito","2014","Trimestre 2","58,220,052.35","22,464.56"
"27600","Rio Quito","2015","Trimestre 2","408,129,156.61","132,214.58"
"27600","Rio Quito","2016","Trimestre 2","255,276,446.21","66,580.75"
"27600","Rio Quito","2017","Trimestre 2","26,370,084.80","7,069.29"
"27600","Rio Quito","2018","Trimestre 2","6,844,251.78","1,794.01"
"27600","Rio Quito","2023","Trimestre 2","42,956,075.92","4,582.95"
"27600","Rio Quito","2024","Trimestre 2","852,903.09","93.33"
"27600","Rio Quito","2012","Trimestre 2","35,386,378.45","12,088.53"
"27600","Rio Quito","2013","Trimestre 2","105,941,184.57","39,421.49"
"27600","Rio Quito","2014","Trimestre 2","121,902,807.63","48,017.29"
"27600","Rio Quito","2015","Trimestre 2","220,497,788.23","72,389.19"
"27600","Rio Quito","2016","Trimestre 2","119,847,731.99","30,893.15"
"27600","Rio Quito","2017","Trimestre 2","25,606,693.38","6,842.71"
"27600","Rio Quito","2018","Trimestre 2","23,136,655.32","6,060.91"
"27600","Rio Quito","2019","Trimestre 2","93,587,398.19","22,018.14"
"27600","Rio Quito","2020","Trimestre 2","206,366,395.73","31,724.09"
"27600","Rio Quito","2021","Trimestre 2","231,559,716.68","35,563.01"
"27600","Rio Quito","2022","Trimestre 2","18,124,368.50","2,382.50"
"27600","Rio Quito","2023","Trimestre 2","3,117,275.75","335.00"
"27600","Rio Quito","2025","Trimestre 2","6,457,544.97","456.73"
"27600","Rio Quito","2026","Trimestre 2","163,425.16","9.30"
"27600","Rio Quito","2012","Trimestre 3","41,073,183.54","13,983.11"
"27600","Rio Quito","2013","Trimestre 3","73,755,802.72","27,974.56"
"27600","Rio Quito","2014","Trimestre 3","183,886,657.42","74,002.49"
"27600","Rio Quito","2015","Trimestre 3","85,567,985.95","27,533.04"
"27600","Rio Quito","2016","Trimestre 3","107,722,137.77","27,411.22"
"27600","Rio Quito","2017","Trimestre 3","29,236,122.28","7,779.62"
"27600","Rio Quito","2018","Trimestre 3","21,172,395.83","5,556.32"
"27600","Rio Quito","2023","Trimestre 3","5,656,240.34","639.71"
"27600","Rio Quito","2024","Trimestre 3","1,166,047.44","124.85"
"27600","Rio Quito","2025","Trimestre 3","2,396,586.56","168.94"
"27600","Rio Quito","2026","Trimestre 3","459,375.68","27.45"
"27600","Rio Quito","2012","Trimestre 3","58,630,482.39","19,868.25"
"27600","Rio Quito","2013","Trimestre 3","114,126,723.37","45,110.65"
"27600","Rio Quito","2014","Trimestre 3","75,751,637.99","30,220.75"
"27600","Rio Quito","2015","Trimestre 3","74,073,069.20","23,319.67"
"27600","Rio Quito","2016","Trimestre 3","78,095,169.74","19,604.20"
"27600","Rio Quito","2017","Trimestre 3","39,312,079.00","10,223.72"
"27600","Rio Quito","2018","Trimestre 3","89,096,015.98","24,211.74"
"27600","Rio Quito","2023","Trimestre 3","3,205,255.41","390.56"
"27600","Rio Quito","2024","Trimestre 3","962,246.22","97.50"
"27600","Rio Quito","2012","Trimestre 3","37,107,085.26","12,284.50"
"27600","Rio Quito","2013","Trimestre 3","142,715,926.79","54,064.41"
"27600","Rio Quito","2014","Trimestre 3","103,736,221.33","41,014.36"
"27600","Rio Quito","2015","Trimestre 3","437,148,659.70","126,236.41"
"27600","Rio Quito","2016","Trimestre 3","80,609,209.06","19,703.88"
"27600","Rio Quito","2017","Trimestre 3","30,734,177.68","7,940.23"
"27600","Rio Quito","2018","Trimestre 3","140,418,348.10","38,311.45"
"27600","Rio Quito","2019","Trimestre 3","137,186,502.57","28,998.30"
"27600","Rio Quito","2020","Trimestre 3","650,207,620.30","94,284.67"
"27600","Rio Quito","2021","Trimestre 3","37,413,799.72","5,288.13"
"27600","Rio Quito","2022","Trimestre 3","15,264,769.38","1,987.48"
"27600","Rio Quito","2023","Trimestre 3","5,838,154.63","725.22"
"27600","Rio Quito","2024","Trimestre 3","1,679,090.17","162.63"
"27600","Rio Quito","2025","Trimestre 3","1,506,208.25","108.09"
"27600","Rio Quito","2012","Trimestre 4","49,689,892.80","15,353.69"
"27600","Rio Quito","2013","Trimestre 4","137,742,800.21","51,717.69"
"27600","Rio Quito","2014","Trimestre 4","72,299,047.20","28,778.31"
"27600","Rio Quito","2015","Trimestre 4","874,884,780.52","246,757.65"
"27600","Rio Quito","2016","Trimestre 4","253,171,509.76","63,475.71"
"27600","Rio Quito","2017","Trimestre 4","38,830,839.28","15,103.61"
"27600","Rio Quito","2018","Trimestre 4","77,064,811.18","20,578.05"
"27600","Rio Quito","2023","Trimestre 4","1,817,936.31","229.78"
"27600","Rio Quito","2024","Trimestre 4","2,348,691.94","212.17"
"27600","Rio Quito","2025","Trimestre 4","1,114,698.78","75.33"
"27600","Rio Quito","2012","Trimestre 4","48,726,514.89","15,020.24"
"27600","Rio Quito","2013","Trimestre 4","105,489,354.41","41,301.08"
"27600","Rio Quito","2014","Trimestre 4","43,010,755.28","16,705.33"
"27600","Rio Quito","2015","Trimestre 4","80,496,651.37","22,978.11"
"27600","Rio Quito","2016","Trimestre 4","411,006,396.38","107,568.05"
"27600","Rio Quito","2017","Trimestre 4","24,936,904.97","6,394.70"
"27600","Rio Quito","2018","Trimestre 4","62,017,508.80","16,207.96"
"27600","Rio Quito","2024","Trimestre 4","2,562,680.50","217.62"
"27600","Rio Quito","2025","Trimestre 4","1,191,474.38","73.58"
"27600","Rio Quito","2012","Trimestre 4","67,668,848.14","20,748.21"
"27600","Rio Quito","2013","Trimestre 4","117,933,552.71","46,748.16"
"27600","Rio Quito","2014","Trimestre 4","63,684,827.43","24,752.40"
"27600","Rio Quito","2015","Trimestre 4","149,068,603.59","44,537.93"
"27600","Rio Quito","2016","Trimestre 4","343,258,602.51","86,973.95"
"27600","Rio Quito","2017","Trimestre 4","22,971,680.03","5,896.74"
"27600","Rio Quito","2018","Trimestre 4","58,031,752.52","14,769.64"
"27600","Rio Quito","2019","Trimestre 4","169,824,380.04","32,609.07"
"27600","Rio Quito","2020","Trimestre 4","423,978,919.27","58,924.04"
"27600","Rio Quito","2021","Trimestre 4","271,234,717.75","38,489.10"
"27600","Rio Quito","2022","Trimestre 4","126,068,029.02","15,978.69"
"27600","Rio Quito","2023","Trimestre 4","4,424,760.59","541.98"
"27600","Rio Quito","2024","Trimestre 4","5,335,975.71","443.85"
"27600","Rio Quito","2025","Trimestre 4","1,223,954.17","76.49"
"27615","Riosucio - Choco","2016","Trimestre 1","32,800,105.76","9,167.43"
"27615","Riosucio - Choco","2016","Trimestre 1","72,092,883.01","19,452.32"
"27615","Riosucio - Choco","2017","Trimestre 2","6,608,660.51","1,764.96"
"27615","Riosucio - Choco","2017","Trimestre 3","14,647,457.50","3,859.57"
"27615","Riosucio - Choco","2017","Trimestre 3","16,368,358.57","4,262.95"
"27615","Riosucio - Choco","2017","Trimestre 3","17,371,788.89","4,481.26"
"27615","Riosucio - Choco","2017","Trimestre 4","22,301,740.00","53.06"
"27615","Riosucio - Choco","2015","Trimestre 4","5,734,989.55","1,713.63"
"27660","San Jose del Palmar","2013","Trimestre 1","16,547,216.40","5,306.47"
"27660","San Jose del Palmar","2013","Trimestre 1","27,719,929.22","9,097.62"
"27660","San Jose del Palmar","2016","Trimestre 1","2,088,787.25","563.60"
"27660","San Jose del Palmar","2017","Trimestre 1","70,033.15","19.41"
"27660","San Jose del Palmar","2012","Trimestre 1","875,141.95","273.69"
"27660","San Jose del Palmar","2013","Trimestre 1","14,119,189.15","4,674.57"
"27660","San Jose del Palmar","2014","Trimestre 1","360,035.62","131.83"
"27660","San Jose del Palmar","2012","Trimestre 2","6,404,383.07","2,106.00"
"27660","San Jose del Palmar","2013","Trimestre 2","18,439,418.94","6,195.87"
"27660","San Jose del Palmar","2012","Trimestre 2","3,326,729.57","1,104.00"
"27660","San Jose del Palmar","2014","Trimestre 2","412,785.98","159.28"
"27660","San Jose del Palmar","2015","Trimestre 2","261,776.45","85.12"
"27660","San Jose del Palmar","2014","Trimestre 2","2,399,935.36","945.33"
"27660","San Jose del Palmar","2017","Trimestre 2","39,521.61","10.55"
"27660","San Jose del Palmar","2012","Trimestre 3","2,063,277.70","702.43"
"27660","San Jose del Palmar","2013","Trimestre 3","1,215,972.41","461.20"
"27660","San Jose del Palmar","2014","Trimestre 3","3,636,197.51","1,463.33"
"27660","San Jose del Palmar","2015","Trimestre 3","1,965,386.95","639.09"
"27660","San Jose del Palmar","2017","Trimestre 3","141,189.03","37.70"
"27660","San Jose del Palmar","2012","Trimestre 3","3,485,116.70","1,191.15"
"27660","San Jose del Palmar","2013","Trimestre 3","637,135.31","253.03"
"27660","San Jose del Palmar","2012","Trimestre 3","4,823,904.86","1,596.98"
"27660","San Jose del Palmar","2015","Trimestre 3","18,132,225.55","5,301.89"
"27660","San Jose del Palmar","2012","Trimestre 4","13,523,219.23","4,178.54"
"27660","San Jose del Palmar","2013","Trimestre 4","5,804,079.12","2,179.23"
"27660","San Jose del Palmar","2015","Trimestre 4","9,936,348.86","2,807.87"
"27660","San Jose del Palmar","2012","Trimestre 4","15,134,660.39","4,665.35"
"27660","San Jose del Palmar","2015","Trimestre 4","35,135,789.69","10,034.74"
"27660","San Jose del Palmar","2012","Trimestre 4","33,085,126.51","10,253.09"
"27660","San Jose del Palmar","2013","Trimestre 4","25,656.29","10.17"
"27660","San Jose del Palmar","2015","Trimestre 4","62,337,059.85","18,626.45"
"27660","San Jose del Palmar","2016","Trimestre 4","4,810,175.67","1,218.49"
"27745","Sipi","2026","Trimestre 1","6,116,776.79","342.00"
"27745","Sipi","2026","Trimestre 3","193,039.13","10.98"
"27745","Sipi","2026","Trimestre 2","1,199,821.14","68.32"
"27745","Sipi","2012","Trimestre 1","159,590,322.83","48,509.55"
"27745","Sipi","2013","Trimestre 1","282,646,164.25","90,640.85"
"27745","Sipi","2014","Trimestre 1","48,642,083.83","19,873.97"
"27745","Sipi","2016","Trimestre 1","11,182,314.45","3,125.39"
"27745","Sipi","2017","Trimestre 1","61,849,127.98","17,336.58"
"27745","Sipi","2018","Trimestre 1","707,402.69","181.92"
"27745","Sipi","2019","Trimestre 1","4,169,164.08","1,014.15"
"27745","Sipi","2022","Trimestre 1","3,607,860.27","495.72"
"27745","Sipi","2023","Trimestre 1","345,142,673.41","39,077.95"
"27745","Sipi","2024","Trimestre 1","24,563,290.21","2,969.87"
"27745","Sipi","2025","Trimestre 1","1,055,521.85","88.49"
"27745","Sipi","2026","Trimestre 1","10,748,626.93","640.05"
"27745","Sipi","2012","Trimestre 1","401,791,210.32","124,655.66"
"27745","Sipi","2013","Trimestre 1","348,719,421.09","114,604.33"
"27745","Sipi","2014","Trimestre 1","77,903,073.39","31,042.98"
"27745","Sipi","2016","Trimestre 1","16,039,792.36","4,327.91"
"27745","Sipi","2017","Trimestre 1","67,275,150.17","18,647.81"
"27745","Sipi","2018","Trimestre 1","123,761.76","31.49"
"27745","Sipi","2019","Trimestre 1","3,713,924.49","883.35"
"27745","Sipi","2023","Trimestre 1","470,734,628.20","52,378.37"
"27745","Sipi","2024","Trimestre 1","430,677,005.50","52,140.92"
"27745","Sipi","2025","Trimestre 1","7,592,975.97","633.04"
"27745","Sipi","2012","Trimestre 1","580,333,982.58","181,492.39"
"27745","Sipi","2013","Trimestre 1","343,112,697.86","114,384.09"
"27745","Sipi","2014","Trimestre 1","49,764,619.80","18,222.00"
"27745","Sipi","2015","Trimestre 1","8,494,068.18","2,779.06"
"27745","Sipi","2016","Trimestre 1","9,212,810.20","2,222.90"
"27745","Sipi","2017","Trimestre 1","218,220.15","59.63"
"27745","Sipi","2018","Trimestre 1","2,566,965.28","654.38"
"27745","Sipi","2019","Trimestre 1","3,376,412.77","798.33"
"27745","Sipi","2020","Trimestre 1","10,233,086.47","1,901.27"
"27745","Sipi","2021","Trimestre 1","11,210,833.69","1,677.17"
"27745","Sipi","2022","Trimestre 1","137,114,844.27","18,392.19"
"27745","Sipi","2023","Trimestre 1","619,798,347.25","67,656.44"
"27745","Sipi","2024","Trimestre 1","266,679,813.94","32,411.10"
"27745","Sipi","2025","Trimestre 1","5,983,677.92","488.02"
"27745","Sipi","2026","Trimestre 1","5,420,208.14","286.68"
"27745","Sipi","2012","Trimestre 2","482,583,102.30","158,691.32"
"27745","Sipi","2013","Trimestre 2","93,940,706.01","31,638.62"
"27745","Sipi","2014","Trimestre 2","63,693,748.03","22,925.85"
"27745","Sipi","2015","Trimestre 2","4,491,617.58","1,432.26"
"27745","Sipi","2016","Trimestre 2","2,975,164.22","738.51"
"27745","Sipi","2017","Trimestre 2","2,720,096.73","742.67"
"27745","Sipi","2018","Trimestre 2","1,103,542.53","284.22"
"27745","Sipi","2023","Trimestre 2","397,622,145.50","42,898.32"
"27745","Sipi","2024","Trimestre 2","272,039,229.30","32,470.94"
"27745","Sipi","2025","Trimestre 2","237,793,013.31","28,639.21"
"27745","Sipi","2026","Trimestre 2","2,022,754.17","107.83"
"27745","Sipi","2012","Trimestre 2","526,017,028.63","174,557.73"
"27745","Sipi","2013","Trimestre 2","80,596,967.22","28,825.70"
"27745","Sipi","2014","Trimestre 2","123,631,416.74","47,703.92"
"27745","Sipi","2015","Trimestre 2","595,395.15","193.61"
"27745","Sipi","2016","Trimestre 2","119,455,494.66","31,170.29"
"27745","Sipi","2017","Trimestre 2","4,466,733.76","1,198.43"
"27745","Sipi","2018","Trimestre 2","567,826.61","149.54"
"27745","Sipi","2023","Trimestre 2","630,436,235.10","67,598.37"
"27745","Sipi","2024","Trimestre 2","186,989,138.70","21,254.74"
"27745","Sipi","2026","Trimestre 2","3,193,558.57","177.99"
"27745","Sipi","2012","Trimestre 2","363,068,300.64","124,029.66"
"27745","Sipi","2013","Trimestre 2","94,104,564.48","35,017.00"
"27745","Sipi","2014","Trimestre 2","119,170,767.84","46,941.14"
"27745","Sipi","2015","Trimestre 2","57,188,785.53","18,560.07"
"27745","Sipi","2016","Trimestre 2","98,515,181.98","25,616.78"
"27745","Sipi","2017","Trimestre 2","4,551,366.93","1,216.33"
"27745","Sipi","2018","Trimestre 2","4,046,458.94","1,061.37"
"27745","Sipi","2019","Trimestre 2","6,384,660.16","1,510.39"
"27745","Sipi","2020","Trimestre 2","12,719,067.56","1,900.63"
"27745","Sipi","2021","Trimestre 2","18,672,657.52","2,724.68"
"27745","Sipi","2022","Trimestre 2","144,625,159.19","19,096.48"
"27745","Sipi","2023","Trimestre 2","495,428,601.30","53,242.23"
"27745","Sipi","2025","Trimestre 2","15,891,138.21","1,705.98"
"27745","Sipi","2026","Trimestre 2","919,589.94","52.36"
"27745","Sipi","2012","Trimestre 3","341,743,386.24","116,344.40"
"27745","Sipi","2013","Trimestre 3","90,034,832.23","34,148.97"
"27745","Sipi","2014","Trimestre 3","88,440,812.71","35,591.71"
"27745","Sipi","2015","Trimestre 3","6,649,902.24","2,142.20"
"27745","Sipi","2016","Trimestre 3","210,184,281.94","53,478.96"
"27745","Sipi","2017","Trimestre 3","6,726,481.69","1,795.16"
"27745","Sipi","2018","Trimestre 3","5,071,857.41","1,331.02"
"27745","Sipi","2023","Trimestre 3","446,988,451.10","51,131.33"
"27745","Sipi","2024","Trimestre 3","120,610,504.80","12,974.37"
"27745","Sipi","2025","Trimestre 3","10,266,575.07","723.73"
"27745","Sipi","2026","Trimestre 3","3,393,411.53","220.77"
"27745","Sipi","2012","Trimestre 3","386,980,206.85","132,262.85"
"27745","Sipi","2013","Trimestre 3","114,394,874.91","45,430.44"
"27745","Sipi","2014","Trimestre 3","77,813,653.20","31,043.38"
"27745","Sipi","2015","Trimestre 3","18,885,725.88","5,958.81"
"27745","Sipi","2016","Trimestre 3","4,802,403.01","1,179.07"
"27745","Sipi","2018","Trimestre 3","18,383,900.41","4,995.80"
"27745","Sipi","2023","Trimestre 3","192,963,469.90","23,297.70"
"27745","Sipi","2024","Trimestre 3","41,718,020.50","4,276.56"
"27745","Sipi","2025","Trimestre 3","7,172,230.44","636.14"
"27745","Sipi","2012","Trimestre 3","534,347,047.21","176,898.50"
"27745","Sipi","2013","Trimestre 3","94,594,926.53","35,875.33"
"27745","Sipi","2014","Trimestre 3","36,202,125.03","14,313.30"
"27745","Sipi","2015","Trimestre 3","60,933,019.34","17,585.88"
"27745","Sipi","2016","Trimestre 3","4,266,174.23","1,042.88"
"27745","Sipi","2017","Trimestre 3","3,438,146.76","889.05"
"27745","Sipi","2018","Trimestre 3","36,577,614.33","9,974.27"
"27745","Sipi","2019","Trimestre 3","7,305,941.15","1,496.77"
"27745","Sipi","2020","Trimestre 3","20,776,556.44","2,800.75"
"27745","Sipi","2021","Trimestre 3","26,121,240.28","3,686.18"
"27745","Sipi","2022","Trimestre 3","673,371,829.57","87,488.32"
"27745","Sipi","2023","Trimestre 3","418,774,541.88","51,333.38"
"27745","Sipi","2024","Trimestre 3","57,224,192.73","5,573.15"
"27745","Sipi","2025","Trimestre 3","6,578,978.55","470.94"
"27745","Sipi","2012","Trimestre 4","387,318,571.37","119,677.68"
"27745","Sipi","2013","Trimestre 4","115,131,010.43","43,227.74"
"27745","Sipi","2014","Trimestre 4","144,622,774.21","57,566.44"
"27745","Sipi","2015","Trimestre 4","101,252,122.56","28,864.97"
"27745","Sipi","2016","Trimestre 4","16,487,648.83","4,138.00"
"27745","Sipi","2017","Trimestre 4","11,010,622.20","1,748.98"
"27745","Sipi","2018","Trimestre 4","3,896,159.21","1,040.36"
"27745","Sipi","2023","Trimestre 4","385,825,480.30","48,363.37"
"27745","Sipi","2024","Trimestre 4","37,670,423.73","3,591.24"
"27745","Sipi","2025","Trimestre 4","5,314,688.08","366.10"
"27745","Sipi","2012","Trimestre 4","454,311,212.80","140,044.16"
"27745","Sipi","2013","Trimestre 4","109,847,507.19","43,007.38"
"27745","Sipi","2014","Trimestre 4","149,222,502.82","57,957.87"
"27745","Sipi","2015","Trimestre 4","153,678,389.52","43,815.76"
"27745","Sipi","2016","Trimestre 4","5,836,506.95","1,527.59"
"27745","Sipi","2017","Trimestre 4","3,432,788.28","881.82"
"27745","Sipi","2018","Trimestre 4","4,414,858.41","1,146.04"
"27745","Sipi","2024","Trimestre 4","14,278,414.80","1,390.56"
"27745","Sipi","2025","Trimestre 4","1,476,691.61","93.94"
"27745","Sipi","2012","Trimestre 4","376,760,234.71","116,868.57"
"27745","Sipi","2013","Trimestre 4","104,407,735.41","41,386.61"
"27745","Sipi","2014","Trimestre 4","129,142,574.45","50,193.88"
"27745","Sipi","2015","Trimestre 4","408,661,377.57","120,105.58"
"27745","Sipi","2016","Trimestre 4","33,311,380.02","8,490.64"
"27745","Sipi","2017","Trimestre 4","4,694,344.50","1,206.93"
"27745","Sipi","2018","Trimestre 4","3,147,339.76","785.71"
"27745","Sipi","2019","Trimestre 4","10,640,876.33","2,036.95"
"27745","Sipi","2020","Trimestre 4","172,126,518.46","23,156.03"
"27745","Sipi","2021","Trimestre 4","308,940,644.09","43,283.80"
"27745","Sipi","2022","Trimestre 4","1,047,587,378.50","130,642.46"
"27745","Sipi","2023","Trimestre 4","634,123,396.64","77,354.41"
"27745","Sipi","2024","Trimestre 4","8,462,422.36","705.58"
"27745","Sipi","2025","Trimestre 4","2,730,502.09","171.64"
"27787","Tado","2026","Trimestre 1","3,258,405.49","125.66"
"27787","Tado","2026","Trimestre 3","6,428,324.69","340.22"
"27787","Tado","2026","Trimestre 2","32,798,617.23","1,855.27"
"27787","Tado","2012","Trimestre 1","646,970,778.99","196,655.18"
"27787","Tado","2013","Trimestre 1","234,214,873.32","75,109.58"
"27787","Tado","2014","Trimestre 1","161,067,433.83","66,033.06"
"27787","Tado","2016","Trimestre 1","167,968,545.55","46,946.36"
"27787","Tado","2017","Trimestre 1","701,581,089.92","192,253.36"
"27787","Tado","2018","Trimestre 1","699,629.26","179.92"
"27787","Tado","2019","Trimestre 1","5,207,061.91","1,266.62"
"27787","Tado","2022","Trimestre 1","4,562,309.32","626.68"
"27787","Tado","2023","Trimestre 1","7,418,269.95","839.81"
"27787","Tado","2024","Trimestre 1","31,494,064.96","3,814.35"
"27787","Tado","2025","Trimestre 1","4,392,511.77","269.19"
"27787","Tado","2026","Trimestre 1","45,223,277.35","2,812.30"
"27787","Tado","2012","Trimestre 1","623,827,203.72","197,960.24"
"27787","Tado","2013","Trimestre 1","344,473,945.36","113,209.08"
"27787","Tado","2014","Trimestre 1","411,724,006.83","164,064.66"
"27787","Tado","2015","Trimestre 1","30,209,421.09","9,780.38"
"27787","Tado","2016","Trimestre 1","398,406,113.96","107,904.76"
"27787","Tado","2017","Trimestre 1","511,251,608.13","142,169.27"
"27787","Tado","2018","Trimestre 1","540,638.31","137.71"
"27787","Tado","2019","Trimestre 1","6,731,332.35","1,601.76"
"27787","Tado","2023","Trimestre 1","116,419,918.60","12,707.05"
"27787","Tado","2024","Trimestre 1","94,430,424.08","11,422.94"
"27787","Tado","2025","Trimestre 1","4,367,913.08","362.00"
"27787","Tado","2012","Trimestre 1","752,962,916.62","235,479.99"
"27787","Tado","2013","Trimestre 1","415,288,936.66","138,445.61"
"27787","Tado","2014","Trimestre 1","31,349,322.75","11,478.99"
"27787","Tado","2015","Trimestre 1","114,109,909.01","37,138.37"
"27787","Tado","2016","Trimestre 1","289,141,795.59","70,101.07"
"27787","Tado","2017","Trimestre 1","214,730,997.11","57,934.50"
"27787","Tado","2018","Trimestre 1","4,267,330.40","1,087.25"
"27787","Tado","2019","Trimestre 1","2,103,680.67","497.28"
"27787","Tado","2020","Trimestre 1","17,437,182.91","3,278.63"
"27787","Tado","2021","Trimestre 1","386,287,167.40","50,918.53"
"27787","Tado","2022","Trimestre 1","116,700,609.75","15,685.88"
"27787","Tado","2023","Trimestre 1","37,667,842.82","4,108.56"
"27787","Tado","2024","Trimestre 1","69,780,471.56","8,485.30"
"27787","Tado","2025","Trimestre 1","3,426,455.62","270.47"
"27787","Tado","2026","Trimestre 1","5,002,522.71","188.94"
"27787","Tado","2012","Trimestre 2","578,558,223.92","190,251.52"
"27787","Tado","2013","Trimestre 2","120,582,358.42","40,611.36"
"27787","Tado","2014","Trimestre 2","8,744,309.24","3,147.42"
"27787","Tado","2015","Trimestre 2","66,828,866.85","21,648.25"
"27787","Tado","2016","Trimestre 2","109,494,837.74","27,160.91"
"27787","Tado","2017","Trimestre 2","103,097,343.84","28,108.98"
"27787","Tado","2018","Trimestre 2","1,499,958.07","385.19"
"27787","Tado","2023","Trimestre 2","22,882,069.85","2,493.73"
"27787","Tado","2024","Trimestre 2","93,866,627.44","11,277.91"
"27787","Tado","2025","Trimestre 2","65,671,123.52","7,700.38"
"27787","Tado","2026","Trimestre 2","23,709,967.29","1,250.89"
"27787","Tado","2012","Trimestre 2","692,568,390.34","229,833.98"
"27787","Tado","2013","Trimestre 2","49,888,494.11","17,842.74"
"27787","Tado","2014","Trimestre 2","3,954,211.18","1,525.76"
"27787","Tado","2015","Trimestre 2","69,465,669.09","22,504.26"
"27787","Tado","2016","Trimestre 2","415,996,142.79","107,209.70"
"27787","Tado","2017","Trimestre 2","73,131,045.53","19,626.96"
"27787","Tado","2018","Trimestre 2","764,180.26","199.63"
"27787","Tado","2023","Trimestre 2","69,977,991.14","7,506.64"
"27787","Tado","2024","Trimestre 2","176,777,210.10","19,791.05"
"27787","Tado","2026","Trimestre 2","80,858,950.07","4,522.16"
"27787","Tado","2012","Trimestre 2","463,820,360.22","158,448.10"
"27787","Tado","2013","Trimestre 2","90,523,817.29","33,684.57"
"27787","Tado","2014","Trimestre 2","1,951,086.67","768.53"
"27787","Tado","2015","Trimestre 2","316,491,404.07","103,530.50"
"27787","Tado","2016","Trimestre 2","255,631,248.02","66,217.87"
"27787","Tado","2017","Trimestre 2","427,715,626.19","115,126.93"
"27787","Tado","2018","Trimestre 2","95,138,627.30","24,836.56"
"27787","Tado","2019","Trimestre 2","187,575,766.20","43,877.29"
"27787","Tado","2020","Trimestre 2","199,954,717.48","31,883.53"
"27787","Tado","2021","Trimestre 2","542,585,026.97","79,887.58"
"27787","Tado","2022","Trimestre 2","160,873,366.78","21,138.29"
"27787","Tado","2023","Trimestre 2","52,598,232.80","5,651.64"
"27787","Tado","2025","Trimestre 2","2,270,969.52","153.29"
"27787","Tado","2026","Trimestre 2","2,894,306.89","143.07"
"27787","Tado","2012","Trimestre 3","429,302,669.36","146,153.41"
"27787","Tado","2013","Trimestre 3","92,807,808.62","35,200.72"
"27787","Tado","2014","Trimestre 3","21,869,177.49","8,800.93"
"27787","Tado","2015","Trimestre 3","258,593,681.52","83,418.74"
"27787","Tado","2016","Trimestre 3","755,558,255.72","192,351.62"
"27787","Tado","2017","Trimestre 3","116,765,639.86","31,047.27"
"27787","Tado","2018","Trimestre 3","160,333,445.20","42,076.24"
"27787","Tado","2023","Trimestre 3","59,809,275.58","6,802.52"
"27787","Tado","2024","Trimestre 3","99,871,919.13","10,714.39"
"27787","Tado","2025","Trimestre 3","481,219.68","32.82"
"27787","Tado","2026","Trimestre 3","30,745,552.14","1,689.90"
"27787","Tado","2012","Trimestre 3","533,221,774.43","182,245.58"
"27787","Tado","2013","Trimestre 3","100,286,619.23","39,827.53"
"27787","Tado","2014","Trimestre 3","58,491,003.07","23,334.70"
"27787","Tado","2015","Trimestre 3","308,320,036.05","97,060.62"
"27787","Tado","2016","Trimestre 3","318,948,189.91","78,411.68"
"27787","Tado","2017","Trimestre 3","189,601,259.24","49,254.09"
"27787","Tado","2018","Trimestre 3","19,714,888.45","5,357.50"
"27787","Tado","2023","Trimestre 3","144,613,276.80","17,475.09"
"27787","Tado","2024","Trimestre 3","55,451,084.50","5,583.10"
"27787","Tado","2025","Trimestre 3","10,264,345.67","1,240.89"
"27787","Tado","2012","Trimestre 3","560,956,556.27","185,707.73"
"27787","Tado","2013","Trimestre 3","76,593,487.98","29,048.25"
"27787","Tado","2014","Trimestre 3","3,996,239.65","1,580.00"
"27787","Tado","2015","Trimestre 3","408,256,698.18","118,414.01"
"27787","Tado","2016","Trimestre 3","201,541,407.66","49,271.27"
"27787","Tado","2017","Trimestre 3","115,238,262.79","29,745.99"
"27787","Tado","2018","Trimestre 3","16,610,586.80","4,540.52"
"27787","Tado","2019","Trimestre 3","96,703,805.21","20,772.70"
"27787","Tado","2020","Trimestre 3","590,093,131.46","103,059.07"
"27787","Tado","2021","Trimestre 3","139,745,623.51","19,792.45"
"27787","Tado","2022","Trimestre 3","318,711,067.00","41,591.04"
"27787","Tado","2023","Trimestre 3","188,902,517.25","23,317.41"
"27787","Tado","2024","Trimestre 3","40,321,512.01","3,794.93"
"27787","Tado","2025","Trimestre 3","2,176,476.33","143.32"
"27787","Tado","2012","Trimestre 4","250,082,223.37","77,272.98"
"27787","Tado","2013","Trimestre 4","374,255,610.57","140,520.12"
"27787","Tado","2014","Trimestre 4","2,865,864.42","1,140.74"
"27787","Tado","2015","Trimestre 4","151,717,147.30","42,834.66"
"27787","Tado","2016","Trimestre 4","382,681,891.10","96,033.34"
"27787","Tado","2017","Trimestre 4","59,362,510.73","46,723.26"
"27787","Tado","2018","Trimestre 4","8,588,070.65","2,306.19"
"27787","Tado","2023","Trimestre 4","244,122,989.40","30,752.00"
"27787","Tado","2024","Trimestre 4","68,334,257.77","5,781.87"
"27787","Tado","2025","Trimestre 4","1,074,141.32","57.63"
"27787","Tado","2012","Trimestre 4","344,912,744.36","106,321.43"
"27787","Tado","2013","Trimestre 4","119,825,972.91","46,914.14"
"27787","Tado","2014","Trimestre 4","13,173,457.09","5,116.56"
"27787","Tado","2015","Trimestre 4","345,087,054.20","98,445.73"
"27787","Tado","2016","Trimestre 4","399,706,070.04","103,467.71"
"27787","Tado","2017","Trimestre 4","25,676,340.16","6,538.74"
"27787","Tado","2018","Trimestre 4","3,986,850.53","1,034.93"
"27787","Tado","2024","Trimestre 4","55,945,141.74","4,188.96"
"27787","Tado","2025","Trimestre 4","2,053,135.54","126.19"
"27787","Tado","2012","Trimestre 4","378,065,984.87","117,269.80"
"27787","Tado","2013","Trimestre 4","104,240,682.69","41,320.39"
"27787","Tado","2014","Trimestre 4","54,042,581.54","20,991.54"
"27787","Tado","2015","Trimestre 4","1,229,007,252.50","366,902.89"
"27787","Tado","2016","Trimestre 4","641,211,088.29","164,423.10"
"27787","Tado","2017","Trimestre 4","441,766,616.40","112,685.91"
"27787","Tado","2018","Trimestre 4","172,860,993.89","45,638.66"
"27787","Tado","2019","Trimestre 4","51,402,738.79","11,506.14"
"27787","Tado","2020","Trimestre 4","1,059,240,075.00","165,096.19"
"27787","Tado","2021","Trimestre 4","286,230,105.47","40,459.20"
"27787","Tado","2022","Trimestre 4","160,450,946.57","42,318.00"
"27787","Tado","2023","Trimestre 4","758,955,201.51","92,237.74"
"27787","Tado","2024","Trimestre 4","23,316,326.43","1,931.61"
"27787","Tado","2025","Trimestre 4","77,926,078.20","4,758.70"
"27800","Unguia","2014","Trimestre 1","1,390,072.27","569.89"
"27800","Unguia","2016","Trimestre 1","400,044,909.55","111,810.10"
"27800","Unguia","2014","Trimestre 1","2,788,757.40","1,111.27"
"27800","Unguia","2016","Trimestre 1","231,893,692.89","62,570.26"
"27800","Unguia","2024","Trimestre 1","387,784.70","47.03"
"27800","Unguia","2014","Trimestre 1","4,238,103.59","1,551.84"
"27800","Unguia","2016","Trimestre 1","243,870,758.54","58,842.05"
"27800","Unguia","2014","Trimestre 2","1,797,806.09","647.10"
"27800","Unguia","2015","Trimestre 2","168,862,515.45","54,343.12"
"27800","Unguia","2016","Trimestre 2","131,636,567.44","32,675.34"
"27800","Unguia","2014","Trimestre 2","473,466.78","182.69"
"27800","Unguia","2015","Trimestre 2","103,345,822.26","33,605.32"
"27800","Unguia","2016","Trimestre 2","98,328,052.71","25,657.37"
"27800","Unguia","2015","Trimestre 2","275,371,280.21","91,225.83"
"27800","Unguia","2016","Trimestre 2","1,519,882.30","391.78"
"27800","Unguia","2013","Trimestre 3","115,480.07","43.80"
"27800","Unguia","2015","Trimestre 3","239,564,963.65","77,084.34"
"27800","Unguia","2013","Trimestre 3","37,568.90","14.92"
"27800","Unguia","2015","Trimestre 3","257,909,132.54","81,191.02"
"27800","Unguia","2015","Trimestre 3","227,786,557.95","65,741.49"
"27800","Unguia","2013","Trimestre 4","4,457,904.66","1,673.79"
"27800","Unguia","2014","Trimestre 4","546,796.78","217.65"
"27800","Unguia","2015","Trimestre 4","294,620,998.19","82,875.45"
"27800","Unguia","2013","Trimestre 4","1,942,204.85","760.41"
"27800","Unguia","2015","Trimestre 4","378,495,699.44","108,041.63"
"27800","Unguia","2015","Trimestre 4","610,686,416.18","182,024.66"
"27810","Union Panamericana","2026","Trimestre 1","8,458,060,109.04","490,467.57"
"27810","Union Panamericana","2026","Trimestre 3","1,989,983,111.46","111,933.66"
"27810","Union Panamericana","2026","Trimestre 2","1,888,623,674.99","106,111.56"
"27810","Union Panamericana","2012","Trimestre 1","684,214,260.74","207,975.83"
"27810","Union Panamericana","2013","Trimestre 1","256,829,079.81","82,361.66"
"27810","Union Panamericana","2014","Trimestre 1","115,701,737.14","47,434.41"
"27810","Union Panamericana","2015","Trimestre 1","615,895.27","212.61"
"27810","Union Panamericana","2016","Trimestre 1","125,053,114.39","34,951.58"
"27810","Union Panamericana","2017","Trimestre 1","9,887,193.12","2,766.78"
"27810","Union Panamericana","2018","Trimestre 1","1,317,226.25","338.75"
"27810","Union Panamericana","2019","Trimestre 1","45,129,129.55","10,986.31"
"27810","Union Panamericana","2022","Trimestre 1","78,024,288.53","9,352.97"
"27810","Union Panamericana","2023","Trimestre 1","782,357,159.20","86,596.90"
"27810","Union Panamericana","2024","Trimestre 1","170,464,922.00","20,624.71"
"27810","Union Panamericana","2025","Trimestre 1","1,862,175,964.15","156,707.38"
"27810","Union Panamericana","2026","Trimestre 1","6,565,639,270.23","396,178.27"
"27810","Union Panamericana","2012","Trimestre 1","1,836,987,956.11","582,934.79"
"27810","Union Panamericana","2013","Trimestre 1","175,245,994.65","57,593.43"
"27810","Union Panamericana","2014","Trimestre 1","128,180,543.79","51,077.66"
"27810","Union Panamericana","2015","Trimestre 1","32,803,789.30","10,620.31"
"27810","Union Panamericana","2016","Trimestre 1","318,940,182.48","86,195.63"
"27810","Union Panamericana","2017","Trimestre 1","22,482,081.62","6,234.76"
"27810","Union Panamericana","2018","Trimestre 1","18,379,805.87","4,726.52"
"27810","Union Panamericana","2019","Trimestre 1","90,026,808.11","21,578.65"
"27810","Union Panamericana","2023","Trimestre 1","1,556,622,145.00","170,466.32"
"27810","Union Panamericana","2024","Trimestre 1","1,104,834,426.00","132,088.76"
"27810","Union Panamericana","2025","Trimestre 1","1,736,224,489.51","144,168.32"
"27810","Union Panamericana","2012","Trimestre 1","1,442,527,307.32","451,132.87"
"27810","Union Panamericana","2013","Trimestre 1","177,560,718.30","59,193.73"
"27810","Union Panamericana","2014","Trimestre 1","32,654,721.80","11,956.98"
"27810","Union Panamericana","2015","Trimestre 1","36,543,957.69","11,956.32"
"27810","Union Panamericana","2016","Trimestre 1","562,818,750.48","136,765.26"
"27810","Union Panamericana","2017","Trimestre 1","9,370,389.41","2,415.61"
"27810","Union Panamericana","2018","Trimestre 1","10,525,162.94","2,685.07"
"27810","Union Panamericana","2019","Trimestre 1","89,253,912.50","21,139.02"
"27810","Union Panamericana","2020","Trimestre 1","2,135,762,843.39","392,530.60"
"27810","Union Panamericana","2021","Trimestre 1","1,526,223,006.00","215,317.22"
"27810","Union Panamericana","2022","Trimestre 1","1,057,617,196.14","136,631.87"
"27810","Union Panamericana","2023","Trimestre 1","1,860,814,127.15","202,104.60"
"27810","Union Panamericana","2024","Trimestre 1","1,336,704,919.59","162,594.62"
"27810","Union Panamericana","2025","Trimestre 1","2,199,006,106.16","174,569.67"
"27810","Union Panamericana","2026","Trimestre 1","10,531,510,743.36","585,342.75"
"27810","Union Panamericana","2012","Trimestre 2","1,449,660,801.05","476,702.54"
"27810","Union Panamericana","2013","Trimestre 2","45,028,923.96","15,165.45"
"27810","Union Panamericana","2014","Trimestre 2","34,750,307.60","12,507.98"
"27810","Union Panamericana","2015","Trimestre 2","242,401,390.96","77,746.07"
"27810","Union Panamericana","2016","Trimestre 2","641,521,981.54","159,048.11"
"27810","Union Panamericana","2017","Trimestre 2","10,962,403.04","2,979.68"
"27810","Union Panamericana","2018","Trimestre 2","31,000,876.33","7,968.13"
"27810","Union Panamericana","2023","Trimestre 2","1,366,651,344.00","145,316.11"
"27810","Union Panamericana","2024","Trimestre 2","2,674,062,515.00","312,109.56"
"27810","Union Panamericana","2025","Trimestre 2","2,120,643,237.27","167,779.52"
"27810","Union Panamericana","2026","Trimestre 2","6,092,550,563.89","331,228.22"
"27810","Union Panamericana","2012","Trimestre 2","876,737,009.59","290,936.96"
"27810","Union Panamericana","2013","Trimestre 2","28,616,017.19","10,234.59"
"27810","Union Panamericana","2014","Trimestre 2","66,984,365.61","25,846.32"
"27810","Union Panamericana","2015","Trimestre 2","207,125,555.56","67,161.61"
"27810","Union Panamericana","2016","Trimestre 2","957,105,566.62","248,952.74"
"27810","Union Panamericana","2017","Trimestre 2","11,777,677.36","3,158.95"
"27810","Union Panamericana","2018","Trimestre 2","26,355,883.84","6,921.17"
"27810","Union Panamericana","2023","Trimestre 2","1,416,344,592.00","151,350.76"
"27810","Union Panamericana","2024","Trimestre 2","2,149,291,329.00","236,177.20"
"27810","Union Panamericana","2026","Trimestre 2","5,722,811,981.59","319,130.39"
"27810","Union Panamericana","2012","Trimestre 2","951,081,963.95","324,904.08"
"27810","Union Panamericana","2013","Trimestre 2","44,454,264.10","16,541.76"
"27810","Union Panamericana","2014","Trimestre 2","25,632,837.19","10,096.73"
"27810","Union Panamericana","2015","Trimestre 2","231,261,423.74","75,752.35"
"27810","Union Panamericana","2016","Trimestre 2","979,030,910.12","252,623.62"
"27810","Union Panamericana","2017","Trimestre 2","20,259,893.86","5,413.66"
"27810","Union Panamericana","2018","Trimestre 2","56,324,740.25","14,722.83"
"27810","Union Panamericana","2019","Trimestre 2","475,911,135.50","112,894.32"
"27810","Union Panamericana","2020","Trimestre 2","2,601,670,688.21","327,294.46"
"27810","Union Panamericana","2021","Trimestre 2","2,422,792,404.83","346,051.11"
"27810","Union Panamericana","2022","Trimestre 2","1,279,872,154.76","161,701.87"
"27810","Union Panamericana","2023","Trimestre 2","1,114,937,464.00","117,807.62"
"27810","Union Panamericana","2025","Trimestre 2","4,401,293,858.89","318,559.18"
"27810","Union Panamericana","2026","Trimestre 2","1,986,494,049.80","111,049.72"
"27810","Union Panamericana","2012","Trimestre 3","1,241,622,354.38","422,702.57"
"27810","Union Panamericana","2013","Trimestre 3","100,347,112.01","38,060.28"
"27810","Union Panamericana","2014","Trimestre 3","56,493,047.39","22,734.80"
"27810","Union Panamericana","2015","Trimestre 3","331,015,427.72","106,510.17"
"27810","Union Panamericana","2016","Trimestre 3","391,140,448.92","99,662.39"
"27810","Union Panamericana","2017","Trimestre 3","17,296,689.40","4,595.41"
"27810","Union Panamericana","2018","Trimestre 3","150,492,916.00","39,514.04"
"27810","Union Panamericana","2023","Trimestre 3","1,351,014,996.00","150,778.82"
"27810","Union Panamericana","2024","Trimestre 3","1,677,909,303.00","179,401.07"
"27810","Union Panamericana","2025","Trimestre 3","3,039,523,540.56","215,278.58"
"27810","Union Panamericana","2026","Trimestre 3","5,614,242,143.47","332,833.15"
"27810","Union Panamericana","2012","Trimestre 3","839,336,089.65","286,238.06"
"27810","Union Panamericana","2013","Trimestre 3","100,839,590.42","39,436.22"
"27810","Union Panamericana","2014","Trimestre 3","85,203,442.96","33,991.50"
"27810","Union Panamericana","2015","Trimestre 3","309,708,741.29","97,665.79"
"27810","Union Panamericana","2016","Trimestre 3","264,766,063.00","65,043.27"
"27810","Union Panamericana","2017","Trimestre 3","17,361,338.76","4,519.69"
"27810","Union Panamericana","2018","Trimestre 3","241,045,561.90","65,503.85"
"27810","Union Panamericana","2023","Trimestre 3","1,636,983,966.00","194,243.14"
"27810","Union Panamericana","2024","Trimestre 3","1,200,553,508.90","120,556.35"
"27810","Union Panamericana","2025","Trimestre 3","2,496,106,646.00","178,991.52"
"27810","Union Panamericana","2012","Trimestre 3","652,733,123.70","216,090.86"
"27810","Union Panamericana","2013","Trimestre 3","126,686,781.13","48,046.24"
"27810","Union Panamericana","2014","Trimestre 3","55,520,750.47","21,951.33"
"27810","Union Panamericana","2015","Trimestre 3","369,949,930.58","108,172.69"
"27810","Union Panamericana","2016","Trimestre 3","275,914,437.41","67,591.68"
"27810","Union Panamericana","2018","Trimestre 3","38,846,915.44","10,587.41"
"27810","Union Panamericana","2019","Trimestre 3","1,433,679,719.90","304,324.04"
"27810","Union Panamericana","2020","Trimestre 3","4,443,951,406.41","526,540.98"
"27810","Union Panamericana","2021","Trimestre 3","1,137,870,452.32","156,079.32"
"27810","Union Panamericana","2022","Trimestre 3","2,860,530,472.32","370,059.77"
"27810","Union Panamericana","2023","Trimestre 3","1,651,891,336.42","201,686.98"
"27810","Union Panamericana","2024","Trimestre 3","1,700,409,391.35","166,568.58"
"27810","Union Panamericana","2025","Trimestre 3","3,388,090,847.31","240,813.52"
"27810","Union Panamericana","2012","Trimestre 4","232,444,226.06","71,823.01"
"27810","Union Panamericana","2013","Trimestre 4","121,164,119.48","45,492.96"
"27810","Union Panamericana","2014","Trimestre 4","14,883,134.33","5,924.16"
"27810","Union Panamericana","2015","Trimestre 4","520,912,892.79","146,947.26"
"27810","Union Panamericana","2016","Trimestre 4","18,134,030.04","4,543.06"
"27810","Union Panamericana","2017","Trimestre 4","31,552,053.89","8,022.15"
"27810","Union Panamericana","2018","Trimestre 4","30,227,135.68","8,127.39"
"27810","Union Panamericana","2023","Trimestre 4","1,774,561,327.00","223,047.29"
"27810","Union Panamericana","2024","Trimestre 4","2,106,451,003.43","194,586.40"
"27810","Union Panamericana","2025","Trimestre 4","3,579,637,182.00","245,328.31"
"27810","Union Panamericana","2012","Trimestre 4","194,072,502.37","59,824.01"
"27810","Union Panamericana","2013","Trimestre 4","318,206,418.36","124,583.84"
"27810","Union Panamericana","2014","Trimestre 4","11,353,928.36","4,409.85"
"27810","Union Panamericana","2015","Trimestre 4","207,124,375.89","59,063.71"
"27810","Union Panamericana","2016","Trimestre 4","29,841,233.55","7,699.23"
"27810","Union Panamericana","2017","Trimestre 4","25,328,128.35","6,456.62"
"27810","Union Panamericana","2018","Trimestre 4","63,711,503.11","16,589.07"
"27810","Union Panamericana","2024","Trimestre 4","1,884,134,292.73","163,590.14"
"27810","Union Panamericana","2025","Trimestre 4","3,826,692,393.00","241,682.03"
"27810","Union Panamericana","2012","Trimestre 4","296,224,756.25","90,871.30"
"27810","Union Panamericana","2013","Trimestre 4","66,967,188.85","26,545.40"
"27810","Union Panamericana","2014","Trimestre 4","35,357,301.33","13,609.94"
"27810","Union Panamericana","2015","Trimestre 4","275,030,011.55","81,779.96"
"27810","Union Panamericana","2016","Trimestre 4","199,618,977.25","50,589.89"
"27810","Union Panamericana","2017","Trimestre 4","26,254,695.89","6,866.79"
"27810","Union Panamericana","2018","Trimestre 4","103,323,723.60","26,055.74"
"27810","Union Panamericana","2019","Trimestre 4","2,304,967,298.56","446,228.22"
"27810","Union Panamericana","2020","Trimestre 4","3,262,660,536.75","348,795.92"
"27810","Union Panamericana","2021","Trimestre 4","3,314,387,648.65","416,745.76"
"27810","Union Panamericana","2022","Trimestre 4","4,216,559,044.50","504,690.84"
"27810","Union Panamericana","2023","Trimestre 4","3,308,689,494.11","400,829.02"
"27810","Union Panamericana","2024","Trimestre 4","3,955,972,856.69","328,590.00"
"27810","Union Panamericana","2025","Trimestre 4","11,136,744,810.00","722,843.88"
"41001","Neiva","2026","Trimestre 1","107,576,540.59","3,972.32"
"41001","Neiva","2026","Trimestre 3","37,390,895.80","1,152.16"
"41001","Neiva","2026","Trimestre 2","102,778,113.15","3,551.72"
"41001","Neiva","2012","Trimestre 1","45,860.84","13.94"
"41001","Neiva","2013","Trimestre 1","107,497,802.28","34,473.11"
"41001","Neiva","2014","Trimestre 1","1,321,883.52","251.65"
"41001","Neiva","2022","Trimestre 1","8,423,253.30","771.57"
"41001","Neiva","2024","Trimestre 1","66,553,318.91","5,363.04"
"41001","Neiva","2025","Trimestre 1","34,686,757.34","1,938.65"
"41001","Neiva","2026","Trimestre 1","114,768,197.75","4,410.74"
"41001","Neiva","2012","Trimestre 1","93,662,021.92","29,719.32"
"41001","Neiva","2013","Trimestre 1","33,124,842.56","10,886.26"
"41001","Neiva","2014","Trimestre 1","1,425,459.14","568.02"
"41001","Neiva","2023","Trimestre 1","38,016,035.73","2,804.10"
"41001","Neiva","2024","Trimestre 1","81,818,556.39","6,649.07"
"41001","Neiva","2025","Trimestre 1","66,911,132.97","3,455.05"
"41001","Neiva","2012","Trimestre 1","95,126,673.11","29,749.71"
"41001","Neiva","2013","Trimestre 1","101,970,568.04","33,994.11"
"41001","Neiva","2014","Trimestre 1","1,518,801.26","556.13"
"41001","Neiva","2015","Trimestre 1","32,979.16","10.79"
"41001","Neiva","2022","Trimestre 1","75,980,550.65","6,747.92"
"41001","Neiva","2023","Trimestre 1","161,810,888.43","11,765.84"
"41001","Neiva","2024","Trimestre 1","144,417,672.74","11,758.31"
"41001","Neiva","2025","Trimestre 1","157,454,416.57","7,925.22"
"41001","Neiva","2026","Trimestre 1","91,336,791.10","2,776.69"
"41001","Neiva","2012","Trimestre 2","92,949,159.10","30,565.15"
"41001","Neiva","2013","Trimestre 2","98,212,480.53","33,077.33"
"41001","Neiva","2014","Trimestre 2","632,552.14","227.68"
"41001","Neiva","2015","Trimestre 2","15,121,096.58","5,219.89"
"41001","Neiva","2023","Trimestre 2","68,290,200.15","4,879.27"
"41001","Neiva","2024","Trimestre 2","69,664,552.00","5,540.01"
"41001","Neiva","2025","Trimestre 2","79,718,148.04","3,945.05"
"41001","Neiva","2026","Trimestre 2","52,651,376.56","1,499.31"
"41001","Neiva","2012","Trimestre 2","1,940,851.68","153.06"
"41001","Neiva","2013","Trimestre 2","110,008,653.48","39,344.86"
"41001","Neiva","2015","Trimestre 2","354,825.99","115.38"
"41001","Neiva","2023","Trimestre 2","34,913,149.21","2,498.82"
"41001","Neiva","2024","Trimestre 2","148,673,496.00","11,058.05"
"41001","Neiva","2026","Trimestre 2","17,153,034.26","651.15"
"41001","Neiva","2012","Trimestre 2","40,900,753.17","13,972.32"
"41001","Neiva","2013","Trimestre 2","56,112,200.21","20,879.76"
"41001","Neiva","2014","Trimestre 2","1,468,806.24","578.56"
"41001","Neiva","2019","Trimestre 2","31,426,629.59","5,727.00"
"41001","Neiva","2021","Trimestre 2","61,305,610.58","5,731.69"
"41001","Neiva","2022","Trimestre 2","127,770,197.80","11,203.71"
"41001","Neiva","2023","Trimestre 2","36,173,223.23","2,592.87"
"41001","Neiva","2025","Trimestre 2","244,035,615.71","10,947.49"
"41001","Neiva","2026","Trimestre 2","11,552,317.66","438.54"
"41001","Neiva","2012","Trimestre 3","822,103.50","279.88"
"41001","Neiva","2013","Trimestre 3","55,338,021.53","20,988.95"
"41001","Neiva","2014","Trimestre 3","290,630.54","116.96"
"41001","Neiva","2023","Trimestre 3","104,660,522.80","8,001.12"
"41001","Neiva","2024","Trimestre 3","129,224,289.40","9,222.85"
"41001","Neiva","2025","Trimestre 3","95,211,096.63","4,249.61"
"41001","Neiva","2026","Trimestre 3","32,029,199.34","1,214.54"
"41001","Neiva","2012","Trimestre 3","103,512,920.81","34,940.58"
"41001","Neiva","2013","Trimestre 3","37,500,820.97","14,135.38"
"41001","Neiva","2014","Trimestre 3","552,983.23","220.61"
"41001","Neiva","2023","Trimestre 3","95,315,573.00","8,082.45"
"41001","Neiva","2024","Trimestre 3","163,143,519.30","10,994.62"
"41001","Neiva","2025","Trimestre 3","129,282,170.43","5,703.31"
"41001","Neiva","2012","Trimestre 3","141,314,724.89","46,783.01"
"41001","Neiva","2013","Trimestre 3","1,700,332.47","144.14"
"41001","Neiva","2014","Trimestre 3","658,114.91","260.20"
"41001","Neiva","2021","Trimestre 3","176,817,224.29","16,653.39"
"41001","Neiva","2022","Trimestre 3","148,095,077.80","12,752.05"
"41001","Neiva","2023","Trimestre 3","102,583,901.73","8,862.28"
"41001","Neiva","2024","Trimestre 3","33,542,838.69","1,796.08"
"41001","Neiva","2025","Trimestre 3","107,410,705.54","4,639.17"
"41001","Neiva","2012","Trimestre 4","96,066,577.07","29,683.64"
"41001","Neiva","2013","Trimestre 4","3,582,857.87","1,345.24"
"41001","Neiva","2014","Trimestre 4","1,595,068.90","634.91"
"41001","Neiva","2023","Trimestre 4","117,546,752.10","10,347.54"
"41001","Neiva","2024","Trimestre 4","90,389,129.59","4,986.01"
"41001","Neiva","2025","Trimestre 4","105,381,192.40","4,458.54"
"41001","Neiva","2012","Trimestre 4","35,242,265.21","10,863.64"
"41001","Neiva","2013","Trimestre 4","1,171,667.43","458.73"
"41001","Neiva","2014","Trimestre 4","387,874.34","150.65"
"41001","Neiva","2024","Trimestre 4","79,734,343.56","4,313.36"
"41001","Neiva","2025","Trimestre 4","93,048,885.88","3,428.38"
"41001","Neiva","2012","Trimestre 4","90,796,471.75","27,279.69"
"41001","Neiva","2013","Trimestre 4","564,690.57","223.84"
"41001","Neiva","2014","Trimestre 4","643,501.72","250.11"
"41001","Neiva","2017","Trimestre 4","2,911,405.94","- 0"
"41001","Neiva","2018","Trimestre 4","3,038.84","- 0"
"41001","Neiva","2019","Trimestre 4","203,800.86","- 0"
"41001","Neiva","2021","Trimestre 4","139,875,010.47","13,047.25"
"41001","Neiva","2022","Trimestre 4","103,301,517.10","8,726.41"
"41001","Neiva","2023","Trimestre 4","260,816,422.77","19,384.60"
"41001","Neiva","2024","Trimestre 4","171,961,739.91","8,893.61"
"41001","Neiva","2025","Trimestre 4","204,653,509.30","8,537.46"
"41013","Agrado","2012","Trimestre 3","694,094.10","236.30"
"41013","Agrado","2012","Trimestre 3","1,151,611.41","393.60"
"41013","Agrado","2012","Trimestre 4","12,993.73","- 0"
"41016","Aipe","2014","Trimestre 1","68,193.53","24.97"
"41016","Aipe","2017","Trimestre 1","246,468.95","66.50"
"41016","Aipe","2018","Trimestre 1","867,273.00","219.67"
"41016","Aipe","2021","Trimestre 1","31,519,254.00","4,571.40"
"41016","Aipe","2022","Trimestre 1","45,599,763.40","6,093.00"
"41016","Aipe","2014","Trimestre 2","314,414.64","113.17"
"41016","Aipe","2014","Trimestre 2","151,481.38","58.45"
"41016","Aipe","2013","Trimestre 2","252,427.18","93.93"
"41016","Aipe","2014","Trimestre 2","80,046.08","31.53"
"41016","Aipe","2021","Trimestre 2","35,706,400.08","5,466.60"
"41016","Aipe","2013","Trimestre 3","162,067.57","61.47"
"41016","Aipe","2013","Trimestre 3","212,898.83","84.55"
"41016","Aipe","2014","Trimestre 3","392,440.85","155.16"
"41016","Aipe","2022","Trimestre 3","54,382,383.93","7,198.27"
"41016","Aipe","2013","Trimestre 4","420,864.08","158.02"
"41016","Aipe","2018","Trimestre 4","4,598,516.39","1,175.90"
"41016","Aipe","2020","Trimestre 4","25,016,898.31","3,356.95"
"41016","Aipe","2021","Trimestre 4","171,818,052.68","24,227.06"
"41016","Aipe","2022","Trimestre 4","31,439,292.23","4,018.46"
"41132","Campoalegre","2026","Trimestre 1","40,374,629.61","1,960.89"
"41132","Campoalegre","2026","Trimestre 3","95,271.14","- 0"
"41132","Campoalegre","2026","Trimestre 2","22,494,681.08","944.03"
"41132","Campoalegre","2019","Trimestre 1","68,590,230.19","11,351.72"
"41132","Campoalegre","2023","Trimestre 1","9,836,238.42","739.70"
"41132","Campoalegre","2024","Trimestre 1","12,322,726.40","992.87"
"41132","Campoalegre","2023","Trimestre 1","83,436,021.54","6,108.59"
"41132","Campoalegre","2024","Trimestre 1","16,519,569.74","1,342.48"
"41132","Campoalegre","2025","Trimestre 1","46,237,424.33","2,360.01"
"41132","Campoalegre","2020","Trimestre 1","69,068,904.22","8,579.21"
"41132","Campoalegre","2021","Trimestre 1","71,454,818.44","7,145.90"
"41132","Campoalegre","2022","Trimestre 1","174,893,074.16","15,592.24"
"41132","Campoalegre","2023","Trimestre 1","35,062,472.54","2,542.90"
"41132","Campoalegre","2024","Trimestre 1","52,845,973.98","4,300.80"
"41132","Campoalegre","2025","Trimestre 1","59,265,373.36","3,706.41"
"41132","Campoalegre","2026","Trimestre 1","51,923,622.09","2,652.41"
"41132","Campoalegre","2023","Trimestre 2","31,342,789.29","2,248.25"
"41132","Campoalegre","2024","Trimestre 2","39,627,393.26","3,160.68"
"41132","Campoalegre","2026","Trimestre 2","59,767,489.07","2,384.25"
"41132","Campoalegre","2018","Trimestre 2","70,948,523.32","17,566.08"
"41132","Campoalegre","2023","Trimestre 2","49,210,966.97","3,522.15"
"41132","Campoalegre","2024","Trimestre 2","66,567,430.96","4,934.10"
"41132","Campoalegre","2026","Trimestre 2","172,471.15","- 0"
"41132","Campoalegre","2018","Trimestre 2","33,780,139.97","5,877.88"
"41132","Campoalegre","2019","Trimestre 2","96,463,216.55","15,121.93"
"41132","Campoalegre","2020","Trimestre 2","131,885,935.29","14,523.61"
"41132","Campoalegre","2021","Trimestre 2","175,700,203.84","17,371.55"
"41132","Campoalegre","2022","Trimestre 2","74,557,606.24","6,545.73"
"41132","Campoalegre","2023","Trimestre 2","25,587,595.49","1,834.10"
"41132","Campoalegre","2025","Trimestre 2","43,025,864.09","2,507.50"
"41132","Campoalegre","2026","Trimestre 2","184,662.48","- 0"
"41132","Campoalegre","2018","Trimestre 3","42,185,198.88","7,380.51"
"41132","Campoalegre","2023","Trimestre 3","89,521,420.37","6,855.12"
"41132","Campoalegre","2024","Trimestre 3","42,884,592.03","3,066.70"
"41132","Campoalegre","2026","Trimestre 3","342,604.31","- 0"
"41132","Campoalegre","2018","Trimestre 3","26,861,018.52","4,875.02"
"41132","Campoalegre","2023","Trimestre 3","29,284,607.04","2,374.67"
"41132","Campoalegre","2024","Trimestre 3","66,292,087.63","4,837.23"
"41132","Campoalegre","2018","Trimestre 3","37,259,060.19","6,676.22"
"41132","Campoalegre","2019","Trimestre 3","87,282,355.50","12,000.64"
"41132","Campoalegre","2020","Trimestre 3","142,849,447.51","13,439.89"
"41132","Campoalegre","2021","Trimestre 3","148,793,464.86","13,994.22"
"41132","Campoalegre","2022","Trimestre 3","261,643,390.90","22,826.39"
"41132","Campoalegre","2023","Trimestre 3","27,043,240.39","2,228.00"
"41132","Campoalegre","2024","Trimestre 3","28,886,985.69","2,180.42"
"41132","Campoalegre","2025","Trimestre 3","16,502,148.46","- 0"
"41132","Campoalegre","2018","Trimestre 4","33,989,681.69","6,083.94"
"41132","Campoalegre","2023","Trimestre 4","53,256,443.71","4,463.37"
"41132","Campoalegre","2024","Trimestre 4","7,550,678.97","524.97"
"41132","Campoalegre","2018","Trimestre 4","21,835,809.89","3,778.85"
"41132","Campoalegre","2024","Trimestre 4","25,882,451.74","1,755.88"
"41132","Campoalegre","2025","Trimestre 4","114,520,039.40","9,000.00"
"41132","Campoalegre","2017","Trimestre 4","40,959,076.03","7,763.35"
"41132","Campoalegre","2020","Trimestre 4","265,956,174.71","24,644.34"
"41132","Campoalegre","2021","Trimestre 4","186,711,762.55","17,833.46"
"41132","Campoalegre","2022","Trimestre 4","237,662,091.80","19,919.47"
"41132","Campoalegre","2023","Trimestre 4","91,818,701.85","7,411.24"
"41132","Campoalegre","2024","Trimestre 4","28,823,361.29","1,845.26"
"41132","Campoalegre","2025","Trimestre 4","36,572,051.21","1,957.25"
"41298","Garzon","2025","Trimestre 1","4,444,116.52","376.62"
"41298","Garzon","2021","Trimestre 1","38,608,269.05","5,395.08"
"41298","Garzon","2025","Trimestre 1","12,196,087.92","991.02"
"41298","Garzon","2023","Trimestre 2","9,717,624.38","1,287.11"
"41298","Garzon","2019","Trimestre 2","25,651,736.71","6,267.43"
"41298","Garzon","2021","Trimestre 2","32,326,210.45","4,363.81"
"41298","Garzon","2022","Trimestre 2","47,477,811.82","6,282.48"
"41298","Garzon","2023","Trimestre 3","12,654,899.24","1,504.05"
"41298","Garzon","2025","Trimestre 3","28,721,554.79","2,088.75"
"41298","Garzon","2019","Trimestre 3","2,610,424.29","642.69"
"41298","Garzon","2022","Trimestre 3","23,439,634.17","3,090.04"
"41298","Garzon","2023","Trimestre 4","39,619,400.16","4,866.19"
"41298","Garzon","2024","Trimestre 4","36,883,164.85","3,346.73"
"41298","Garzon","2021","Trimestre 4","118,141,591.19","17,260.16"
"41298","Garzon","2022","Trimestre 4","13,418,562.39","1,788.03"
"41298","Garzon","2023","Trimestre 4","35,011,510.81","4,315.41"
"41298","Garzon","2024","Trimestre 4","14,395,692.33","1,227.31"
"41306","Gigante","2014","Trimestre 2","118,334.30","45.66"
"41306","Gigante","2018","Trimestre 4","426,656.39","108.64"
"41349","Hobo","2019","Trimestre 2","15,437,458.33","3,794.44"
"41349","Hobo","2019","Trimestre 3","1,807,529.19","448.94"
"41349","Hobo","2016","Trimestre 4","781,412.35","213.40"
"41357","Iquira","2026","Trimestre 1","37,019,791.72","2,291.69"
"41357","Iquira","2026","Trimestre 3","20,112,480.06","1,204.81"
"41357","Iquira","2026","Trimestre 2","54,181,675.20","3,045.04"
"41357","Iquira","2012","Trimestre 1","2,427,729.62","737.94"
"41357","Iquira","2013","Trimestre 1","878,084.57","281.59"
"41357","Iquira","2014","Trimestre 1","4,324,690.96","1,773.00"
"41357","Iquira","2015","Trimestre 1","1,439,748.71","497.01"
"41357","Iquira","2023","Trimestre 1","2,149,980.90","245.83"
"41357","Iquira","2024","Trimestre 1","8,801,978.06","1,059.50"
"41357","Iquira","2025","Trimestre 1","12,442,967.28","1,043.16"
"41357","Iquira","2026","Trimestre 1","51,655,039.66","3,322.39"
"41357","Iquira","2012","Trimestre 1","4,971,204.22","1,566.20"
"41357","Iquira","2013","Trimestre 1","1,523,475.11","500.68"
"41357","Iquira","2014","Trimestre 1","6,977,201.15","2,780.29"
"41357","Iquira","2023","Trimestre 1","19,406,315.86","2,110.84"
"41357","Iquira","2024","Trimestre 1","10,368,936.73","1,253.68"
"41357","Iquira","2025","Trimestre 1","41,631,386.54","3,670.89"
"41357","Iquira","2012","Trimestre 1","556,760.26","174.12"
"41357","Iquira","2013","Trimestre 1","5,510,304.40","1,836.98"
"41357","Iquira","2014","Trimestre 1","16,557,099.46","6,062.61"
"41357","Iquira","2015","Trimestre 1","12,256,144.04","4,009.92"
"41357","Iquira","2018","Trimestre 1","32,002,146.95","8,210.83"
"41357","Iquira","2020","Trimestre 1","45,604,844.09","8,856.75"
"41357","Iquira","2021","Trimestre 1","4,483,430.93","598.30"
"41357","Iquira","2022","Trimestre 1","75,034,702.50","10,001.50"
"41357","Iquira","2023","Trimestre 1","43,694,500.07","4,776.13"
"41357","Iquira","2024","Trimestre 1","4,087,812.32","499.10"
"41357","Iquira","2025","Trimestre 1","14,650,883.30","1,228.17"
"41357","Iquira","2026","Trimestre 1","99,166,786.71","5,897.12"
"41357","Iquira","2013","Trimestre 2","3,514,883.22","1,183.79"
"41357","Iquira","2014","Trimestre 2","6,905,898.01","2,485.70"
"41357","Iquira","2015","Trimestre 2","4,532,473.38","1,445.29"
"41357","Iquira","2023","Trimestre 2","39,210,912.32","4,185.50"
"41357","Iquira","2024","Trimestre 2","29,481,488.45","3,512.45"
"41357","Iquira","2025","Trimestre 2","4,177,580.88","329.16"
"41357","Iquira","2012","Trimestre 2","6,763.18","- 0"
"41357","Iquira","2013","Trimestre 2","3,861,095.19","1,380.93"
"41357","Iquira","2014","Trimestre 2","7,662,469.92","2,956.61"
"41357","Iquira","2015","Trimestre 2","4,831,421.16","1,571.05"
"41357","Iquira","2023","Trimestre 2","20,142,784.22","2,163.90"
"41357","Iquira","2024","Trimestre 2","21,880,817.81","2,372.16"
"41357","Iquira","2026","Trimestre 2","21,881,274.70","1,201.53"
"41357","Iquira","2012","Trimestre 2","105,176.81","35.93"
"41357","Iquira","2013","Trimestre 2","5,645,172.59","2,100.61"
"41357","Iquira","2014","Trimestre 2","10,139,652.65","3,993.99"
"41357","Iquira","2018","Trimestre 2","7,802,125.30","2,036.40"
"41357","Iquira","2020","Trimestre 2","10,422,973.13","1,838.24"
"41357","Iquira","2022","Trimestre 2","33,804,692.99","4,428.54"
"41357","Iquira","2023","Trimestre 2","35,422,316.36","3,808.54"
"41357","Iquira","2025","Trimestre 2","108,921,979.75","8,205.52"
"41357","Iquira","2026","Trimestre 2","24,249,376.37","1,447.04"
"41357","Iquira","2012","Trimestre 3","107,271.76","36.52"
"41357","Iquira","2013","Trimestre 3","5,437,634.68","2,062.42"
"41357","Iquira","2014","Trimestre 3","4,130,576.55","1,662.29"
"41357","Iquira","2024","Trimestre 3","38,543,920.79","4,337.06"
"41357","Iquira","2025","Trimestre 3","23,973,978.03","2,000.45"
"41357","Iquira","2026","Trimestre 3","15,770,230.01","922.96"
"41357","Iquira","2012","Trimestre 3","1,577,175.13","539.05"
"41357","Iquira","2013","Trimestre 3","10,525,939.63","4,180.24"
"41357","Iquira","2014","Trimestre 3","7,125,665.58","2,842.75"
"41357","Iquira","2023","Trimestre 3","1,266,795.76","150.56"
"41357","Iquira","2024","Trimestre 3","15,542,613.89","1,560.47"
"41357","Iquira","2025","Trimestre 3","17,232,258.50","1,214.90"
"41357","Iquira","2012","Trimestre 3","266,813.31","88.33"
"41357","Iquira","2013","Trimestre 3","10,348,549.74","3,924.71"
"41357","Iquira","2014","Trimestre 3","8,120,358.96","3,210.56"
"41357","Iquira","2019","Trimestre 3","108,997,474.40","25,538.39"
"41357","Iquira","2020","Trimestre 3","78,141,018.54","12,804.24"
"41357","Iquira","2021","Trimestre 3","5,484,248.75","828.61"
"41357","Iquira","2022","Trimestre 3","27,210,241.61","3,530.53"
"41357","Iquira","2023","Trimestre 3","37,673,625.64","4,489.81"
"41357","Iquira","2024","Trimestre 3","30,821,280.80","3,102.61"
"41357","Iquira","2025","Trimestre 3","29,473,781.23","2,086.47"
"41357","Iquira","2012","Trimestre 4","2,287,288.67","706.75"
"41357","Iquira","2013","Trimestre 4","6,352,086.01","2,384.99"
"41357","Iquira","2014","Trimestre 4","12,261,186.19","4,880.51"
"41357","Iquira","2023","Trimestre 4","9,695,545.42","1,209.93"
"41357","Iquira","2024","Trimestre 4","16,838,583.62","1,521.12"
"41357","Iquira","2025","Trimestre 4","43,641,479.74","3,372.88"
"41357","Iquira","2012","Trimestre 4","1,388,326.55","427.96"
"41357","Iquira","2013","Trimestre 4","15,187,208.77","5,946.08"
"41357","Iquira","2014","Trimestre 4","8,862,021.02","3,442.00"
"41357","Iquira","2024","Trimestre 4","26,444,761.91","2,245.66"
"41357","Iquira","2025","Trimestre 4","29,123,313.54","2,077.28"
"41357","Iquira","2012","Trimestre 4","21,111,566.89","1,729.67"
"41357","Iquira","2013","Trimestre 4","14,274,153.56","5,658.19"
"41357","Iquira","2014","Trimestre 4","23,676,993.50","9,196.54"
"41357","Iquira","2015","Trimestre 4","46,091,229.35","14,106.15"
"41357","Iquira","2016","Trimestre 4","16,775.00","4.00"
"41357","Iquira","2017","Trimestre 4","137,472,619.30","35,813.25"
"41357","Iquira","2018","Trimestre 4","531,842.89","141.09"
"41357","Iquira","2019","Trimestre 4","51,967,857.93","9,924.79"
"41357","Iquira","2020","Trimestre 4","92,689,120.19","12,636.67"
"41357","Iquira","2021","Trimestre 4","199,447,401.18","28,865.50"
"41357","Iquira","2022","Trimestre 4","98,739,068.74","12,489.17"
"41357","Iquira","2023","Trimestre 4","55,183,609.06","6,659.24"
"41357","Iquira","2024","Trimestre 4","80,275,782.87","7,278.93"
"41357","Iquira","2025","Trimestre 4","24,016,688.32","1,663.42"
"41524","Palermo","2026","Trimestre 1","11,681,632.09","333.72"
"41524","Palermo","2026","Trimestre 3","46,254,225.22","2,186.39"
"41524","Palermo","2026","Trimestre 2","40,049,129.67","2,336.21"
"41524","Palermo","2012","Trimestre 1","7,646,193.56","2,324.16"
"41524","Palermo","2013","Trimestre 1","4,489,210.90","1,439.63"
"41524","Palermo","2014","Trimestre 1","8,070,585.58","3,308.71"
"41524","Palermo","2016","Trimestre 1","4,166,463.76","1,164.50"
"41524","Palermo","2019","Trimestre 1","28,003,033.17","4,541.16"
"41524","Palermo","2023","Trimestre 1","25,525,012.92","1,935.80"
"41524","Palermo","2026","Trimestre 1","13,748,907.41","711.61"
"41524","Palermo","2012","Trimestre 1","5,650,277.09","1,791.24"
"41524","Palermo","2013","Trimestre 1","8,079,031.00","2,655.12"
"41524","Palermo","2014","Trimestre 1","23,364,184.27","9,310.21"
"41524","Palermo","2016","Trimestre 1","2,173,136.57","586.36"
"41524","Palermo","2019","Trimestre 1","25,866,798.02","4,101.58"
"41524","Palermo","2023","Trimestre 1","22,960,654.00","1,678.45"
"41524","Palermo","2024","Trimestre 1","29,682,799.25","2,404.57"
"41524","Palermo","2025","Trimestre 1","32,212,332.60","1,988.48"
"41524","Palermo","2012","Trimestre 1","5,373,318.48","1,680.44"
"41524","Palermo","2013","Trimestre 1","2,011,987.92","670.74"
"41524","Palermo","2014","Trimestre 1","11,581,020.08","4,240.55"
"41524","Palermo","2015","Trimestre 1","2,661,745.27","870.86"
"41524","Palermo","2016","Trimestre 1","4,235,781.56","1,022.03"
"41524","Palermo","2017","Trimestre 1","56,570.74","13.65"
"41524","Palermo","2018","Trimestre 1","43,834,940.86","11,187.52"
"41524","Palermo","2020","Trimestre 1","57,201,158.75","7,063.64"
"41524","Palermo","2021","Trimestre 1","88,187,957.92","8,838.26"
"41524","Palermo","2022","Trimestre 1","101,126,453.81","9,016.89"
"41524","Palermo","2023","Trimestre 1","49,263,492.44","3,583.98"
"41524","Palermo","2024","Trimestre 1","42,724,147.85","3,478.16"
"41524","Palermo","2025","Trimestre 1","54,004,882.16","4,600.00"
"41524","Palermo","2026","Trimestre 1","67,046,248.25","3,596.10"
"41524","Palermo","2012","Trimestre 2","12,181,498.82","4,005.73"
"41524","Palermo","2013","Trimestre 2","539,677.79","181.76"
"41524","Palermo","2014","Trimestre 2","8,787,746.19","3,163.05"
"41524","Palermo","2015","Trimestre 2","2,973,584.03","948.20"
"41524","Palermo","2018","Trimestre 2","4,966,131.11","1,279.05"
"41524","Palermo","2023","Trimestre 2","38,558,655.44","2,770.49"
"41524","Palermo","2024","Trimestre 2","19,631,220.75","1,509.67"
"41524","Palermo","2025","Trimestre 2","6,439,507.52","242.97"
"41524","Palermo","2026","Trimestre 2","123,149,131.41","5,651.76"
"41524","Palermo","2012","Trimestre 2","11,824,508.14","3,922.83"
"41524","Palermo","2013","Trimestre 2","2,238,765.85","800.70"
"41524","Palermo","2014","Trimestre 2","8,136,662.37","3,139.58"
"41524","Palermo","2016","Trimestre 2","2,894,777.06","755.35"
"41524","Palermo","2017","Trimestre 2","1,005,819.44","272.25"
"41524","Palermo","2018","Trimestre 2","99,856,361.81","26,297.27"
"41524","Palermo","2023","Trimestre 2","13,757,935.53","984.69"
"41524","Palermo","2024","Trimestre 2","37,625,951.60","2,699.46"
"41524","Palermo","2026","Trimestre 2","26,729,936.95","283.86"
"41524","Palermo","2012","Trimestre 2","12,233,474.02","4,179.14"
"41524","Palermo","2013","Trimestre 2","1,246,844.62","463.96"
"41524","Palermo","2014","Trimestre 2","4,690,070.76","1,847.41"
"41524","Palermo","2018","Trimestre 2","79,826,768.39","20,835.25"
"41524","Palermo","2019","Trimestre 2","183,463,723.60","28,788.39"
"41524","Palermo","2020","Trimestre 2","141,288,886.95","15,311.45"
"41524","Palermo","2021","Trimestre 2","73,404,155.56","7,400.22"
"41524","Palermo","2022","Trimestre 2","74,556,311.69","6,540.65"
"41524","Palermo","2023","Trimestre 2","53,495,434.14","3,831.45"
"41524","Palermo","2025","Trimestre 2","16,983,761.81","- 0"
"41524","Palermo","2026","Trimestre 2","27,180,102.86","239.81"
"41524","Palermo","2012","Trimestre 3","14,473,257.30","4,927.33"
"41524","Palermo","2013","Trimestre 3","274,990.20","104.30"
"41524","Palermo","2014","Trimestre 3","11,467,978.77","4,615.12"
"41524","Palermo","2017","Trimestre 3","7,183.42","1.92"
"41524","Palermo","2023","Trimestre 3","41,982,317.42","3,326.43"
"41524","Palermo","2024","Trimestre 3","17,598,981.10","1,255.70"
"41524","Palermo","2025","Trimestre 3","5,334,522.72","124.70"
"41524","Palermo","2026","Trimestre 3","43,982,254.92","77.93"
"41524","Palermo","2012","Trimestre 3","4,257,421.95","1,455.11"
"41524","Palermo","2013","Trimestre 3","622,293.26","214.85"
"41524","Palermo","2014","Trimestre 3","14,134,122.07","5,638.74"
"41524","Palermo","2023","Trimestre 3","8,153,616.38","666.26"
"41524","Palermo","2024","Trimestre 3","16,742,515.40","754.25"
"41524","Palermo","2025","Trimestre 3","6,715,581.44","- 0"
"41524","Palermo","2012","Trimestre 3","146,199.07","48.40"
"41524","Palermo","2013","Trimestre 3","503,728.16","191.04"
"41524","Palermo","2014","Trimestre 3","9,614,042.06","3,801.12"
"41524","Palermo","2019","Trimestre 3","87,767,337.75","12,494.81"
"41524","Palermo","2020","Trimestre 3","255,957,099.27","24,542.69"
"41524","Palermo","2021","Trimestre 3","95,105,573.73","9,019.89"
"41524","Palermo","2022","Trimestre 3","80,331,495.40","6,897.09"
"41524","Palermo","2023","Trimestre 3","40,465,407.91","3,340.45"
"41524","Palermo","2024","Trimestre 3","8,745,137.85","- 0"
"41524","Palermo","2025","Trimestre 3","29,566,840.14","531.84"
"41524","Palermo","2012","Trimestre 4","11,973,709.40","3,699.76"
"41524","Palermo","2013","Trimestre 4","7,544,472.11","2,832.69"
"41524","Palermo","2014","Trimestre 4","9,679,421.05","3,852.85"
"41524","Palermo","2023","Trimestre 4","7,707,202.18","650.02"
"41524","Palermo","2024","Trimestre 4","11,342,247.88","406.00"
"41524","Palermo","2025","Trimestre 4","10,408,695.74","245.46"
"41524","Palermo","2012","Trimestre 4","4,452,143.55","1,372.40"
"41524","Palermo","2013","Trimestre 4","4,351,334.74","1,703.63"
"41524","Palermo","2014","Trimestre 4","6,328,080.34","2,457.82"
"41524","Palermo","2015","Trimestre 4","10,951,978.53","3,129.30"
"41524","Palermo","2016","Trimestre 4","2,633,541.28","654.66"
"41524","Palermo","2024","Trimestre 4","7,775,755.65","- 0"
"41524","Palermo","2025","Trimestre 4","49,012,754.50","1,305.89"
"41524","Palermo","2012","Trimestre 4","5,808,313.24","1,762.37"
"41524","Palermo","2013","Trimestre 4","5,231,687.59","2,073.81"
"41524","Palermo","2014","Trimestre 4","16,448,620.16","6,393.09"
"41524","Palermo","2015","Trimestre 4","1,812,277.06","541.51"
"41524","Palermo","2017","Trimestre 4","8,507,088.91","1.00"
"41524","Palermo","2018","Trimestre 4","26,080,315.23","4,330.68"
"41524","Palermo","2019","Trimestre 4","23,402,436.01","3,010.21"
"41524","Palermo","2020","Trimestre 4","208,136,779.69","18,337.16"
"41524","Palermo","2021","Trimestre 4","56,081,515.13","5,018.98"
"41524","Palermo","2022","Trimestre 4","282,387,070.49","23,989.07"
"41524","Palermo","2023","Trimestre 4","59,501,430.85","4,834.27"
"41524","Palermo","2024","Trimestre 4","13,719,439.37","- 0"
"41524","Palermo","2025","Trimestre 4","5,649,203.94","- 0"
"41551","Pitalito","2015","Trimestre 4","1,979,711.01","591.54"
"41615","Rivera","2026","Trimestre 3","28,653,149.76","950.70"
"41615","Rivera","2026","Trimestre 2","17,204,073.34","1,878.18"
"41615","Rivera","2018","Trimestre 1","28,266,752.25","4,846.24"
"41615","Rivera","2019","Trimestre 1","12,259,482.20","1,988.08"
"41615","Rivera","2022","Trimestre 1","25,448,035.01","2,331.04"
"41615","Rivera","2025","Trimestre 1","30,221.00","2.73"
"41615","Rivera","2026","Trimestre 1","22,647,469.48","1,153.17"
"41615","Rivera","2018","Trimestre 1","19,928,273.82","3,380.00"
"41615","Rivera","2019","Trimestre 1","46,189,134.12","7,324.00"
"41615","Rivera","2023","Trimestre 1","144,393,010.60","10,725.31"
"41615","Rivera","2024","Trimestre 1","38,418.84","5.00"
"41615","Rivera","2025","Trimestre 1","29,556,625.75","2,117.59"
"41615","Rivera","2026","Trimestre 1","178,237.00","8.03"
"41615","Rivera","2017","Trimestre 1","64,757,880.63","11,796.47"
"41615","Rivera","2018","Trimestre 1","189,143,196.18","32,156.30"
"41615","Rivera","2020","Trimestre 1","73,686,702.04","9,021.18"
"41615","Rivera","2021","Trimestre 1","118,013,655.45","11,830.91"
"41615","Rivera","2022","Trimestre 1","219,473,104.84","19,598.28"
"41615","Rivera","2023","Trimestre 1","73,405,350.08","5,340.33"
"41615","Rivera","2024","Trimestre 1","38,418.85","5.00"
"41615","Rivera","2025","Trimestre 1","69,041,384.23","4,857.81"
"41615","Rivera","2026","Trimestre 1","27,429,194.77","3.24"
"41615","Rivera","2017","Trimestre 2","177,871,367.28","31,825.78"
"41615","Rivera","2023","Trimestre 2","120,436,633.50","8,564.40"
"41615","Rivera","2024","Trimestre 2","282,531.75","32.70"
"41615","Rivera","2025","Trimestre 2","28,586,336.66","1,946.24"
"41615","Rivera","2026","Trimestre 2","64,314,040.45","1,860.80"
"41615","Rivera","2017","Trimestre 2","86,692,592.64","15,447.60"
"41615","Rivera","2018","Trimestre 2","18,472,287.96","3,243.13"
"41615","Rivera","2023","Trimestre 2","101,769,096.70","7,274.30"
"41615","Rivera","2026","Trimestre 2","23,762,440.19","1,667.69"
"41615","Rivera","2019","Trimestre 2","184,998,529.60","28,844.04"
"41615","Rivera","2020","Trimestre 2","82,254,013.98","9,694.38"
"41615","Rivera","2021","Trimestre 2","145,868,323.66","14,483.39"
"41615","Rivera","2022","Trimestre 2","120,210,741.12","10,543.01"
"41615","Rivera","2023","Trimestre 2","95,702,596.21","6,992.48"
"41615","Rivera","2025","Trimestre 2","85,687,686.78","5,265.72"
"41615","Rivera","2026","Trimestre 2","25,442,116.61","1,844.74"
"41615","Rivera","2017","Trimestre 3","134,050,330.19","23,786.30"
"41615","Rivera","2018","Trimestre 3","14,276,421.23","2,497.73"
"41615","Rivera","2023","Trimestre 3","75,805,336.04","5,853.09"
"41615","Rivera","2024","Trimestre 3","3,322,429.28","257.62"
"41615","Rivera","2025","Trimestre 3","29,709,675.75","1,796.00"
"41615","Rivera","2026","Trimestre 3","47,202,759.60","3,418.81"
"41615","Rivera","2017","Trimestre 3","61,323,853.70","10,616.18"
"41615","Rivera","2018","Trimestre 3","12,760,182.87","2,311.71"
"41615","Rivera","2023","Trimestre 3","30,918,478.43","2,526.46"
"41615","Rivera","2024","Trimestre 3","15,432,048.74","1,177.45"
"41615","Rivera","2025","Trimestre 3","55,586,440.60","3,386.29"
"41615","Rivera","2018","Trimestre 3","6,816,017.27","1,242.11"
"41615","Rivera","2019","Trimestre 3","111,167,262.30","15,419.25"
"41615","Rivera","2020","Trimestre 3","340,311,318.51","32,430.38"
"41615","Rivera","2021","Trimestre 3","179,922,964.10","16,945.82"
"41615","Rivera","2022","Trimestre 3","272,105,988.50","23,482.08"
"41615","Rivera","2023","Trimestre 3","40,342,358.85","3,304.82"
"41615","Rivera","2024","Trimestre 3","35,414,072.44","3,107.71"
"41615","Rivera","2025","Trimestre 3","139,539,143.63","10,114.61"
"41615","Rivera","2018","Trimestre 4","5,035,583.18","896.41"
"41615","Rivera","2023","Trimestre 4","14,738,334.75","1,243.02"
"41615","Rivera","2024","Trimestre 4","47,234,682.01","4,124.51"
"41615","Rivera","2025","Trimestre 4","57,278,521.99","3,373.65"
"41615","Rivera","2018","Trimestre 4","28,962,672.55","5,012.21"
"41615","Rivera","2024","Trimestre 4","31,392,540.91","2,514.22"
"41615","Rivera","2025","Trimestre 4","97,375,056.36","3,250.10"
"41615","Rivera","2017","Trimestre 4","240,037,815.87","43,682.84"
"41615","Rivera","2018","Trimestre 4","17,514,398.38","2,909.56"
"41615","Rivera","2019","Trimestre 4","102,990,143.48","14,465.72"
"41615","Rivera","2020","Trimestre 4","73,878,330.94","6,704.83"
"41615","Rivera","2021","Trimestre 4","212,908,024.81","20,276.69"
"41615","Rivera","2022","Trimestre 4","190,118,083.90","15,965.39"
"41615","Rivera","2023","Trimestre 4","26,283,188.33","2,109.15"
"41615","Rivera","2024","Trimestre 4","76,662,790.04","6,083.09"
"41615","Rivera","2025","Trimestre 4","69,979,621.84","2,945.36"
"41791","Tarqui","2016","Trimestre 1","1,201,712.07","335.87"
"41791","Tarqui","2016","Trimestre 1","2,844,610.46","767.54"
"41791","Tarqui","2017","Trimestre 1","695,007.14","192.64"
"41791","Tarqui","2016","Trimestre 1","4,978,256.91","1,201.17"
"41791","Tarqui","2021","Trimestre 1","29,309,479.57","4,177.19"
"41791","Tarqui","2016","Trimestre 2","2,329,384.71","578.21"
"41791","Tarqui","2016","Trimestre 2","1,140,179.62","297.51"
"41791","Tarqui","2016","Trimestre 2","319,656.73","82.40"
"41791","Tarqui","2015","Trimestre 3","6,210,128.59","1,998.22"
"41791","Tarqui","2016","Trimestre 3","812,488.43","206.73"
"41791","Tarqui","2016","Trimestre 3","4,340,357.19","1,070.22"
"41791","Tarqui","2016","Trimestre 3","1,289,487.23","315.15"
"41791","Tarqui","2015","Trimestre 4","2,399,628.73","675.00"
"41791","Tarqui","2016","Trimestre 4","2,802,803.39","703.44"
"41791","Tarqui","2015","Trimestre 4","1,848,746.60","520.04"
"41791","Tarqui","2016","Trimestre 4","461,801.55","113.38"
"41791","Tarqui","2015","Trimestre 4","4,594,575.61","1,372.87"
"41791","Tarqui","2016","Trimestre 4","1,635,813.24","414.38"
"41791","Tarqui","2019","Trimestre 4","23,346,447.52","4,450.80"
"41791","Tarqui","2020","Trimestre 4","67,509,160.25","11,244.10"
"41791","Tarqui","2021","Trimestre 4","71,396,360.79","10,631.28"
"41797","Tesalia","2013","Trimestre 1","122,954.92","39.43"
"41797","Tesalia","2014","Trimestre 1","1,013,411.93","415.47"
"41797","Tesalia","2016","Trimestre 1","11,568,812.91","3,233.41"
"41797","Tesalia","2018","Trimestre 1","32,092,354.35","8,253.19"
"41797","Tesalia","2019","Trimestre 1","22,792,510.69","5,544.28"
"41797","Tesalia","2013","Trimestre 1","139,878.07","45.97"
"41797","Tesalia","2014","Trimestre 1","249,471.66","99.41"
"41797","Tesalia","2016","Trimestre 1","45,799,709.34","12,357.82"
"41797","Tesalia","2017","Trimestre 1","9,169,326.33","2,541.58"
"41797","Tesalia","2018","Trimestre 1","12,342,322.87","3,140.04"
"41797","Tesalia","2019","Trimestre 1","13,834,415.07","3,290.49"
"41797","Tesalia","2012","Trimestre 1","495,047.23","154.82"
"41797","Tesalia","2013","Trimestre 1","36,505.79","12.17"
"41797","Tesalia","2014","Trimestre 1","774,762.61","283.69"
"41797","Tesalia","2015","Trimestre 1","676,607.66","221.37"
"41797","Tesalia","2016","Trimestre 1","46,159,621.03","11,230.12"
"41797","Tesalia","2017","Trimestre 1","2,301,259.77","643.19"
"41797","Tesalia","2018","Trimestre 1","60,874,228.16","15,524.87"
"41797","Tesalia","2019","Trimestre 1","14,314,209.40","3,383.68"
"41797","Tesalia","2020","Trimestre 1","129,493,475.25","23,891.73"
"41797","Tesalia","2021","Trimestre 1","2,472,777.75","373.74"
"41797","Tesalia","2013","Trimestre 2","242,435.28","81.65"
"41797","Tesalia","2014","Trimestre 2","649,888.43","233.92"
"41797","Tesalia","2016","Trimestre 2","26,338,366.09","6,537.81"
"41797","Tesalia","2017","Trimestre 2","2,114,954.64","567.63"
"41797","Tesalia","2018","Trimestre 2","43,362,918.88","11,168.32"
"41797","Tesalia","2012","Trimestre 2","105,152.08","34.90"
"41797","Tesalia","2014","Trimestre 2","297,468.49","114.78"
"41797","Tesalia","2016","Trimestre 2","24,679,463.74","6,331.67"
"41797","Tesalia","2017","Trimestre 2","8,455,029.16","2,259.88"
"41797","Tesalia","2018","Trimestre 2","17,868,986.60","4,705.82"
"41797","Tesalia","2014","Trimestre 2","755,347.62","297.53"
"41797","Tesalia","2016","Trimestre 2","7,995,386.92","2,052.26"
"41797","Tesalia","2017","Trimestre 2","3,736,520.47","997.72"
"41797","Tesalia","2018","Trimestre 2","71,914,043.02","18,828.51"
"41797","Tesalia","2019","Trimestre 2","53,981,848.96","12,721.58"
"41797","Tesalia","2020","Trimestre 2","79,922,572.15","11,889.11"
"41797","Tesalia","2021","Trimestre 2","3,498,039.68","502.43"
"41797","Tesalia","2022","Trimestre 2","2,143,885.26","281.07"
"41797","Tesalia","2013","Trimestre 3","100,741.86","38.21"
"41797","Tesalia","2014","Trimestre 3","672,157.66","270.50"
"41797","Tesalia","2015","Trimestre 3","20,894,203.29","6,723.09"
"41797","Tesalia","2016","Trimestre 3","33,228,354.14","8,454.57"
"41797","Tesalia","2017","Trimestre 3","17,110,152.40","4,458.76"
"41797","Tesalia","2018","Trimestre 3","40,519,887.71","10,633.73"
"41797","Tesalia","2012","Trimestre 3","16,932.73","5.79"
"41797","Tesalia","2013","Trimestre 3","732,492.83","290.90"
"41797","Tesalia","2014","Trimestre 3","909,322.91","362.77"
"41797","Tesalia","2015","Trimestre 3","90,650,401.54","28,537.18"
"41797","Tesalia","2016","Trimestre 3","49,189,368.76","12,087.57"
"41797","Tesalia","2017","Trimestre 3","12,523,778.15","3,240.93"
"41797","Tesalia","2018","Trimestre 3","42,761,763.55","11,620.46"
"41797","Tesalia","2014","Trimestre 3","652,752.87","258.08"
"41797","Tesalia","2015","Trimestre 3","11,031,182.12","3,229.84"
"41797","Tesalia","2016","Trimestre 3","22,458,457.97","5,496.32"
"41797","Tesalia","2017","Trimestre 3","15,360,695.39","3,913.34"
"41797","Tesalia","2018","Trimestre 3","39,278,805.56","10,736.90"
"41797","Tesalia","2019","Trimestre 3","284,817,986.47","63,751.91"
"41797","Tesalia","2020","Trimestre 3","127,420,932.65","18,138.58"
"41797","Tesalia","2022","Trimestre 3","10,462,078.12","1,405.40"
"41797","Tesalia","2013","Trimestre 4","897,339.12","336.92"
"41797","Tesalia","2014","Trimestre 4","2,863,742.96","1,139.90"
"41797","Tesalia","2016","Trimestre 4","37,484,051.18","9,407.59"
"41797","Tesalia","2017","Trimestre 4","20,649,052.49","5,230.08"
"41797","Tesalia","2018","Trimestre 4","40,911,847.08","10,924.39"
"41797","Tesalia","2013","Trimestre 4","724,256.14","283.56"
"41797","Tesalia","2014","Trimestre 4","3,180,955.76","1,235.48"
"41797","Tesalia","2015","Trimestre 4","5,946,069.81","1,698.97"
"41797","Tesalia","2016","Trimestre 4","9,670,176.90","2,429.49"
"41797","Tesalia","2017","Trimestre 4","33,808,699.77","8,694.18"
"41797","Tesalia","2018","Trimestre 4","56,040,777.85","14,547.42"
"41797","Tesalia","2013","Trimestre 4","519,962.35","206.11"
"41797","Tesalia","2014","Trimestre 4","6,634,543.60","2,578.65"
"41797","Tesalia","2015","Trimestre 4","6,058,422.00","1,837.12"
"41797","Tesalia","2016","Trimestre 4","21,481,291.89","5,449.93"
"41797","Tesalia","2017","Trimestre 4","48,032,866.79","12,081.00"
"41797","Tesalia","2018","Trimestre 4","13,049,984.79","3,251.20"
"41797","Tesalia","2019","Trimestre 4","119,328,821.00","22,583.91"
"41797","Tesalia","2020","Trimestre 4","41,130,708.50","5,546.42"
"41797","Tesalia","2021","Trimestre 4","5,019,438.20","728.02"
"41885","Yaguara","2019","Trimestre 1","7,993,872.05","1,296.34"
"41885","Yaguara","2019","Trimestre 2","13,868,889.67","2,098.64"
"41885","Yaguara","2019","Trimestre 3","4,078,658.07","583.11"
"41885","Yaguara","2018","Trimestre 4","43,944.40","11.18"
"41885","Yaguara","2018","Trimestre 4","46,463,945.53","8,224.21"
"41885","Yaguara","2019","Trimestre 4","41,805,763.45","7,395.11"
"44110","El Molino","2020","Trimestre 1","448,234,559.20","56,967.38"
"44110","El Molino","2021","Trimestre 1","84,411,933.51","10,769.49"
"44110","El Molino","2020","Trimestre 2","845,004,970.55","88,222.91"
"44110","El Molino","2019","Trimestre 3","683,703,318.70","91,403.52"
"44110","El Molino","2020","Trimestre 3","3,355,848,172.50","331,183.17"
"44110","El Molino","2019","Trimestre 4","715,294,799.30","90,254.92"
"44110","El Molino","2020","Trimestre 4","1,482,205,093.00","132,245.38"
"44650","San Juan del Cesar","2018","Trimestre 1","43,859,379.24","11,158.37"
"44650","San Juan del Cesar","2018","Trimestre 1","23,893,222.78","6,098.01"
"44650","San Juan del Cesar","2020","Trimestre 1","204,861,292.90","26,051.08"
"44650","San Juan del Cesar","2021","Trimestre 1","70,480,467.76","8,859.69"
"44650","San Juan del Cesar","2020","Trimestre 2","381,822,575.07","39,697.25"
"44650","San Juan del Cesar","2019","Trimestre 3","293,015,708.00","39,172.94"
"44650","San Juan del Cesar","2020","Trimestre 3","1,701,703,009.92","165,687.25"
"44650","San Juan del Cesar","2019","Trimestre 4","306,554,914.00","38,680.68"
"44650","San Juan del Cesar","2020","Trimestre 4","745,784,827.50","66,592.61"
"47001","Santa Marta","2012","Trimestre 1","826,827.81","262.38"
"47189","Cienaga - Magalena","2012","Trimestre 1","91,984.88","27.96"
"47189","Cienaga - Magalena","2013","Trimestre 4","2,130,581.15","799.96"
"47245","El Banco","2021","Trimestre 3","167,462.59","23.49"
"47605","Remolino","2021","Trimestre 3","153,809.65","21.57"
"50223","Cubarral","2026","Trimestre 1","1,280,153.44","91.31"
"50223","Cubarral","2023","Trimestre 2","569,492.10","64.24"
"50223","Cubarral","2025","Trimestre 2","12,596,421.66","1,023.55"
"50223","Cubarral","2025","Trimestre 2","29,550,711.57","2,328.36"
"50223","Cubarral","2026","Trimestre 2","447,378.32","31.90"
"50223","Cubarral","2025","Trimestre 3","6,721,344.61","483.55"
"50223","Cubarral","2022","Trimestre 4","545,670.22","64.48"
"50330","Mesetas","2026","Trimestre 1","274,516.24","19.58"
"50330","Mesetas","2025","Trimestre 2","3,058,805.73","248.55"
"50330","Mesetas","2025","Trimestre 2","24,355,387.91","1,919.01"
"50330","Mesetas","2025","Trimestre 3","8,900,838.45","640.01"
"52001","Pasto","2012","Trimestre 1","5,946,544.54","1,887.03"
"52079","Barbacoas","2026","Trimestre 1","112,616,557.33","6,342.40"
"52079","Barbacoas","2026","Trimestre 2","34,920,296.05","1,301.30"
"52079","Barbacoas","2012","Trimestre 1","16,075,739.01","4,886.43"
"52079","Barbacoas","2013","Trimestre 1","60,893,612.05","19,527.77"
"52079","Barbacoas","2014","Trimestre 1","79,954,805.27","32,779.19"
"52079","Barbacoas","2015","Trimestre 1","752,655,671.16","259,821.31"
"52079","Barbacoas","2016","Trimestre 1","499,280,300.67","139,545.78"
"52079","Barbacoas","2017","Trimestre 1","540,541,045.12","149,500.33"
"52079","Barbacoas","2018","Trimestre 1","104,555,595.50","26,888.56"
"52079","Barbacoas","2019","Trimestre 1","59,670,364.42","14,576.75"
"52079","Barbacoas","2023","Trimestre 1","55,344,594.54","6,349.31"
"52079","Barbacoas","2024","Trimestre 1","4,436,534.61","537.37"
"52079","Barbacoas","2025","Trimestre 1","89,962,380.60","7,522.31"
"52079","Barbacoas","2026","Trimestre 1","407,427,205.60","24,947.15"
"52079","Barbacoas","2012","Trimestre 1","85,114,966.26","27,009.69"
"52079","Barbacoas","2013","Trimestre 1","31,383,184.44","10,313.88"
"52079","Barbacoas","2014","Trimestre 1","151,850,149.68","60,509.57"
"52079","Barbacoas","2015","Trimestre 1","522,663,370.86","172,306.89"
"52079","Barbacoas","2016","Trimestre 1","24,847,942.70","6,704.55"
"52079","Barbacoas","2017","Trimestre 1","388,344,748.80","107,877.89"
"52079","Barbacoas","2018","Trimestre 1","150,530,319.20","38,296.78"
"52079","Barbacoas","2019","Trimestre 1","84,320,008.74","20,096.53"
"52079","Barbacoas","2023","Trimestre 1","35,304,479.68","4,005.57"
"52079","Barbacoas","2024","Trimestre 1","127,468,826.40","15,492.75"
"52079","Barbacoas","2025","Trimestre 1","16,676,267.15","1,398.06"
"52079","Barbacoas","2012","Trimestre 1","61,155,727.67","19,125.71"
"52079","Barbacoas","2013","Trimestre 1","49,045,146.51","16,350.27"
"52079","Barbacoas","2014","Trimestre 1","130,751,800.75","47,876.57"
"52079","Barbacoas","2015","Trimestre 1","109,023,119.74","35,596.99"
"52079","Barbacoas","2016","Trimestre 1","360,401,308.57","86,958.98"
"52079","Barbacoas","2017","Trimestre 1","574,734,934.57","157,338.90"
"52079","Barbacoas","2018","Trimestre 1","124,985,995.70","31,898.83"
"52079","Barbacoas","2019","Trimestre 1","7,896,466.79","1,878.16"
"52079","Barbacoas","2020","Trimestre 1","170,308,241.49","32,956.50"
"52079","Barbacoas","2021","Trimestre 1","112,716,933.80","16,282.49"
"52079","Barbacoas","2023","Trimestre 1","25,055,136.01","2,756.49"
"52079","Barbacoas","2024","Trimestre 1","92,980,186.73","11,320.43"
"52079","Barbacoas","2025","Trimestre 1","63,097,975.23","5,165.82"
"52079","Barbacoas","2026","Trimestre 1","68,250,524.60","3,721.23"
"52079","Barbacoas","2012","Trimestre 2","45,746,271.04","15,043.08"
"52079","Barbacoas","2013","Trimestre 2","73,519,575.66","24,760.92"
"52079","Barbacoas","2014","Trimestre 2","138,018,322.36","49,678.14"
"52079","Barbacoas","2015","Trimestre 2","637,265,077.02","210,185.00"
"52079","Barbacoas","2016","Trimestre 2","558,221,404.47","138,235.66"
"52079","Barbacoas","2017","Trimestre 2","185,111,965.85","50,154.61"
"52079","Barbacoas","2018","Trimestre 2","123,572,003.00","31,826.54"
"52079","Barbacoas","2023","Trimestre 2","51,391,347.90","5,567.14"
"52079","Barbacoas","2024","Trimestre 2","95,206,303.23","11,540.63"
"52079","Barbacoas","2025","Trimestre 2","180,460,992.24","14,702.77"
"52079","Barbacoas","2026","Trimestre 2","206,824,671.08","10,937.93"
"52079","Barbacoas","2012","Trimestre 2","195,060,648.75","64,732.33"
"52079","Barbacoas","2013","Trimestre 2","48,064,951.16","17,190.55"
"52079","Barbacoas","2014","Trimestre 2","75,621,734.26","29,177.85"
"52079","Barbacoas","2015","Trimestre 2","860,130,285.98","279,446.31"
"52079","Barbacoas","2016","Trimestre 2","432,915,195.24","111,130.14"
"52079","Barbacoas","2017","Trimestre 2","249,515,876.90","66,817.34"
"52079","Barbacoas","2018","Trimestre 2","38,733,595.32","10,200.53"
"52079","Barbacoas","2023","Trimestre 2","40,099,418.95","4,330.99"
"52079","Barbacoas","2024","Trimestre 2","199,710,461.30","22,415.38"
"52079","Barbacoas","2026","Trimestre 2","103,670,326.65","5,631.66"
"52079","Barbacoas","2012","Trimestre 2","178,622,630.13","61,020.21"
"52079","Barbacoas","2013","Trimestre 2","13,325,479.07","4,958.51"
"52079","Barbacoas","2014","Trimestre 2","169,152,428.46","66,548.04"
"52079","Barbacoas","2015","Trimestre 2","260,505,439.67","86,411.03"
"52079","Barbacoas","2016","Trimestre 2","609,420,876.36","157,614.88"
"52079","Barbacoas","2017","Trimestre 2","333,049,375.02","88,969.82"
"52079","Barbacoas","2018","Trimestre 2","18,591,808.66","4,852.57"
"52079","Barbacoas","2019","Trimestre 2","525,808,639.40","124,452.33"
"52079","Barbacoas","2020","Trimestre 2","598,402.66","86.69"
"52079","Barbacoas","2021","Trimestre 2","134,991,055.10","20,687.41"
"52079","Barbacoas","2023","Trimestre 2","22,409,287.39","2,404.65"
"52079","Barbacoas","2025","Trimestre 2","248,353,412.05","19,305.78"
"52079","Barbacoas","2026","Trimestre 2","27,935,355.46","1,590.69"
"52079","Barbacoas","2012","Trimestre 3","69,484,881.11","23,663.76"
"52079","Barbacoas","2013","Trimestre 3","3,650,678.99","1,384.65"
"52079","Barbacoas","2014","Trimestre 3","202,889,756.91","81,650.01"
"52079","Barbacoas","2015","Trimestre 3","512,134,261.71","165,839.18"
"52079","Barbacoas","2016","Trimestre 3","703,072,025.65","179,624.83"
"52079","Barbacoas","2017","Trimestre 3","97,457,418.39","25,381.64"
"52079","Barbacoas","2018","Trimestre 3","38,776,266.47","10,155.23"
"52079","Barbacoas","2023","Trimestre 3","50,980,707.91","5,575.22"
"52079","Barbacoas","2024","Trimestre 3","82,162,629.37","8,820.46"
"52079","Barbacoas","2025","Trimestre 3","248,516,784.58","17,547.54"
"52079","Barbacoas","2026","Trimestre 3","78,658,356.03","4,478.95"
"52079","Barbacoas","2012","Trimestre 3","179,125,433.96","61,200.31"
"52079","Barbacoas","2013","Trimestre 3","13,094,046.83","5,194.43"
"52079","Barbacoas","2014","Trimestre 3","384,927,861.63","153,565.12"
"52079","Barbacoas","2015","Trimestre 3","1,123,795,982.59","354,327.77"
"52079","Barbacoas","2016","Trimestre 3","573,389,010.70","143,541.59"
"52079","Barbacoas","2017","Trimestre 3","129,932,170.57","33,806.90"
"52079","Barbacoas","2018","Trimestre 3","55,638,074.40","14,755.88"
"52079","Barbacoas","2023","Trimestre 3","191,767,784.90","21,691.84"
"52079","Barbacoas","2024","Trimestre 3","243,628,099.87","25,287.41"
"52079","Barbacoas","2025","Trimestre 3","69,640,663.99","5,010.12"
"52079","Barbacoas","2012","Trimestre 3","176,234,584.88","58,343.42"
"52079","Barbacoas","2013","Trimestre 3","22,629,228.67","8,582.18"
"52079","Barbacoas","2014","Trimestre 3","386,782,832.21","152,922.98"
"52079","Barbacoas","2015","Trimestre 3","874,175,635.08","255,625.01"
"52079","Barbacoas","2016","Trimestre 3","530,030,231.50","130,084.37"
"52079","Barbacoas","2017","Trimestre 3","112,792,975.40","28,735.50"
"52079","Barbacoas","2018","Trimestre 3","57,621,719.84","15,722.82"
"52079","Barbacoas","2019","Trimestre 3","229,082,382.30","49,205.20"
"52079","Barbacoas","2020","Trimestre 3","262,809,644.34","45,409.21"
"52079","Barbacoas","2021","Trimestre 3","151,830,195.15","21,652.66"
"52079","Barbacoas","2022","Trimestre 3","61,099,409.70","8,109.80"
"52079","Barbacoas","2023","Trimestre 3","32,994,934.26","3,964.46"
"52079","Barbacoas","2024","Trimestre 3","149,864,257.86","14,975.43"
"52079","Barbacoas","2025","Trimestre 3","256,349,036.53","18,337.87"
"52079","Barbacoas","2012","Trimestre 4","180,819,271.30","55,871.40"
"52079","Barbacoas","2013","Trimestre 4","19,587,450.46","7,354.41"
"52079","Barbacoas","2014","Trimestre 4","692,191,685.05","275,519.83"
"52079","Barbacoas","2015","Trimestre 4","62,203,443.03","17,497.53"
"52079","Barbacoas","2016","Trimestre 4","576,267,271.12","144,629.11"
"52079","Barbacoas","2017","Trimestre 4","113,258,794.20","28,686.67"
"52079","Barbacoas","2018","Trimestre 4","111,866,928.20","29,936.64"
"52079","Barbacoas","2023","Trimestre 4","99,785,740.29","12,526.87"
"52079","Barbacoas","2024","Trimestre 4","444,534,470.47","41,153.27"
"52079","Barbacoas","2025","Trimestre 4","130,942,368.28","8,848.89"
"52079","Barbacoas","2012","Trimestre 4","127,790,274.75","39,392.12"
"52079","Barbacoas","2013","Trimestre 4","62,186,381.30","24,347.15"
"52079","Barbacoas","2014","Trimestre 4","773,113,446.04","300,496.48"
"52079","Barbacoas","2015","Trimestre 4","167,406,538.05","47,602.79"
"52079","Barbacoas","2016","Trimestre 4","1,097,782,847.12","279,656.97"
"52079","Barbacoas","2017","Trimestre 4","109,007,350.10","28,032.12"
"52079","Barbacoas","2018","Trimestre 4","110,073,454.00","29,393.81"
"52079","Barbacoas","2024","Trimestre 4","257,006,588.64","22,375.54"
"52079","Barbacoas","2025","Trimestre 4","491,394,766.00","34,360.77"
"52079","Barbacoas","2012","Trimestre 4","73,852,455.20","22,908.55"
"52079","Barbacoas","2013","Trimestre 4","64,963,219.77","25,751.04"
"52079","Barbacoas","2014","Trimestre 4","1,361,857,043.74","529,313.37"
"52079","Barbacoas","2015","Trimestre 4","226,361,167.26","67,378.07"
"52079","Barbacoas","2016","Trimestre 4","1,050,805,290.17","267,500.25"
"52079","Barbacoas","2017","Trimestre 4","238,769,393.41","61,411.84"
"52079","Barbacoas","2018","Trimestre 4","56,574,977.82","14,428.79"
"52079","Barbacoas","2019","Trimestre 4","60,998,562.13","11,576.01"
"52079","Barbacoas","2020","Trimestre 4","588,205,400.34","81,513.20"
"52079","Barbacoas","2021","Trimestre 4","38,367,123.81","5,574.71"
"52079","Barbacoas","2022","Trimestre 4","405,879,253.50","49,430.86"
"52079","Barbacoas","2023","Trimestre 4","181,898,364.75","22,430.90"
"52079","Barbacoas","2024","Trimestre 4","216,947,884.52","19,792.72"
"52079","Barbacoas","2025","Trimestre 4","120,298,285.60","7,717.48"
"52203","Colon - Nariño","2016","Trimestre 2","593,783.47","163.28"
"52203","Colon - Nariño","2015","Trimestre 3","618,741.86","206.01"
"52203","Colon - Nariño","2015","Trimestre 3","286,533.68","82.70"
"52233","Cumbitara","2012","Trimestre 1","995,058.58","302.46"
"52233","Cumbitara","2013","Trimestre 1","2,890,360.43","926.90"
"52233","Cumbitara","2014","Trimestre 1","18,194,442.13","7,459.20"
"52233","Cumbitara","2016","Trimestre 1","380,955.09","106.47"
"52233","Cumbitara","2017","Trimestre 1","896,250.39","251.22"
"52233","Cumbitara","2012","Trimestre 1","4,268,332.93","1,354.48"
"52233","Cumbitara","2013","Trimestre 1","1,407,817.83","462.67"
"52233","Cumbitara","2014","Trimestre 1","3,280,347.82","1,307.16"
"52233","Cumbitara","2016","Trimestre 1","1,969,945.82","531.54"
"52233","Cumbitara","2017","Trimestre 1","1,133,533.20","314.20"
"52233","Cumbitara","2012","Trimestre 1","3,214,107.41","1,005.17"
"52233","Cumbitara","2013","Trimestre 1","1,717,931.84","572.71"
"52233","Cumbitara","2014","Trimestre 1","3,832,288.66","1,403.25"
"52233","Cumbitara","2016","Trimestre 1","3,431,329.41","832.11"
"52233","Cumbitara","2012","Trimestre 2","4,719,580.25","1,551.97"
"52233","Cumbitara","2013","Trimestre 2","1,469,327.43","494.86"
"52233","Cumbitara","2014","Trimestre 2","2,447,361.13","880.90"
"52233","Cumbitara","2016","Trimestre 2","2,644,603.54","656.45"
"52233","Cumbitara","2012","Trimestre 2","26,080,143.54","8,654.89"
"52233","Cumbitara","2013","Trimestre 2","48,153,063.11","17,222.06"
"52233","Cumbitara","2016","Trimestre 2","1,582,464.51","412.92"
"52233","Cumbitara","2012","Trimestre 2","106,302,522.05","36,314.56"
"52233","Cumbitara","2013","Trimestre 2","58,428,330.10","21,477.19"
"52233","Cumbitara","2016","Trimestre 2","905,272.40","233.35"
"52233","Cumbitara","2017","Trimestre 2","67,411.07","18.00"
"52233","Cumbitara","2012","Trimestre 3","89,769,073.26","30,561.32"
"52233","Cumbitara","2013","Trimestre 3","669,810.75","254.05"
"52233","Cumbitara","2015","Trimestre 3","7,090,478.44","2,281.49"
"52233","Cumbitara","2016","Trimestre 3","6,564,367.30","1,670.23"
"52233","Cumbitara","2012","Trimestre 3","121,948,597.17","41,679.83"
"52233","Cumbitara","2013","Trimestre 3","559,152.14","222.06"
"52233","Cumbitara","2016","Trimestre 3","5,361,392.72","1,316.31"
"52233","Cumbitara","2012","Trimestre 3","130,509,344.74","43,205.83"
"52233","Cumbitara","2015","Trimestre 3","1,224,729.63","353.47"
"52233","Cumbitara","2016","Trimestre 3","2,591,640.16","633.39"
"52233","Cumbitara","2012","Trimestre 4","124,458,601.48","38,456.50"
"52233","Cumbitara","2013","Trimestre 4","7,913,012.83","2,971.06"
"52233","Cumbitara","2016","Trimestre 4","4,278,390.21","1,073.77"
"52233","Cumbitara","2012","Trimestre 4","70,531,861.22","21,741.87"
"52233","Cumbitara","2013","Trimestre 4","1,420,876.32","556.30"
"52233","Cumbitara","2015","Trimestre 4","4,843,919.71","1,384.05"
"52233","Cumbitara","2016","Trimestre 4","1,877,118.78","482.64"
"52233","Cumbitara","2012","Trimestre 4","4,515,794.48","1,400.77"
"52233","Cumbitara","2013","Trimestre 4","33,731,517.69","13,370.97"
"52233","Cumbitara","2015","Trimestre 4","436,867.61","130.54"
"52233","Cumbitara","2016","Trimestre 4","2,724,242.44","690.09"
"52250","El Charco","2013","Trimestre 1","39,684.22","12.73"
"52250","El Charco","2014","Trimestre 1","26,098,061.10","10,699.46"
"52250","El Charco","2015","Trimestre 1","802,069,604.58","276,879.30"
"52250","El Charco","2016","Trimestre 1","1,011,212.68","288.37"
"52250","El Charco","2017","Trimestre 1","58,364,387.41","16,359.79"
"52250","El Charco","2019","Trimestre 1","59,610,326.75","14,631.42"
"52250","El Charco","2014","Trimestre 1","82,504,016.45","32,876.38"
"52250","El Charco","2015","Trimestre 1","74,127,647.25","24,044.36"
"52250","El Charco","2016","Trimestre 1","4,263,527.92","1,191.63"
"52250","El Charco","2017","Trimestre 1","110,632,593.56","30,801.03"
"52250","El Charco","2019","Trimestre 1","33,547,513.16","8,002.79"
"52250","El Charco","2024","Trimestre 1","2,377,146.32","287.01"
"52250","El Charco","2013","Trimestre 1","754,301.99","251.46"
"52250","El Charco","2014","Trimestre 1","44,357,324.07","16,242.05"
"52250","El Charco","2016","Trimestre 1","69,307,800.26","16,722.85"
"52250","El Charco","2017","Trimestre 1","77,520,961.77","21,298.64"
"52250","El Charco","2019","Trimestre 1","9,432,446.80","2,243.49"
"52250","El Charco","2020","Trimestre 1","38,287,523.81","7,193.74"
"52250","El Charco","2013","Trimestre 2","220,351.01","74.21"
"52250","El Charco","2014","Trimestre 2","57,019,072.66","20,610.95"
"52250","El Charco","2015","Trimestre 2","105,456,474.57","35,947.66"
"52250","El Charco","2016","Trimestre 2","138,157,903.62","34,294.09"
"52250","El Charco","2017","Trimestre 2","136,604,466.17","36,960.09"
"52250","El Charco","2014","Trimestre 2","719,503.96","269.35"
"52250","El Charco","2015","Trimestre 2","142,847,498.64","46,456.58"
"52250","El Charco","2016","Trimestre 2","30,215,878.81","8,072.12"
"52250","El Charco","2017","Trimestre 2","84,387,612.96","22,605.02"
"52250","El Charco","2014","Trimestre 2","107,961,172.90","41,471.78"
"52250","El Charco","2016","Trimestre 2","155,317,644.98","40,036.22"
"52250","El Charco","2017","Trimestre 2","91,273,605.19","24,384.72"
"52250","El Charco","2018","Trimestre 2","446,626,746.10","116,695.63"
"52250","El Charco","2019","Trimestre 2","65,820,954.97","15,428.86"
"52250","El Charco","2020","Trimestre 2","293,704,713.85","42,692.53"
"52250","El Charco","2014","Trimestre 3","117,807,262.47","47,314.50"
"52250","El Charco","2015","Trimestre 3","84,173,056.61","27,296.30"
"52250","El Charco","2016","Trimestre 3","187,419,272.68","47,688.09"
"52250","El Charco","2017","Trimestre 3","9,386,902.12","2,444.71"
"52250","El Charco","2018","Trimestre 3","106,478,253.60","27,943.34"
"52250","El Charco","2024","Trimestre 3","58,952,599.33","6,344.29"
"52250","El Charco","2014","Trimestre 3","286,904,749.63","114,496.43"
"52250","El Charco","2015","Trimestre 3","184,899,008.36","58,332.26"
"52250","El Charco","2016","Trimestre 3","529,841,277.91","130,692.79"
"52250","El Charco","2017","Trimestre 3","743,211.12","198.45"
"52250","El Charco","2024","Trimestre 3","109,760,457.83","14,325.88"
"52250","El Charco","2014","Trimestre 3","413,266,840.49","163,570.99"
"52250","El Charco","2015","Trimestre 3","178,781,005.23","52,179.99"
"52250","El Charco","2016","Trimestre 3","545,650,687.81","133,386.49"
"52250","El Charco","2017","Trimestre 3","1,421,928.36","383.84"
"52250","El Charco","2018","Trimestre 3","22,401,937.37","6,087.70"
"52250","El Charco","2019","Trimestre 3","142,665,888.70","29,101.02"
"52250","El Charco","2020","Trimestre 3","242,853,701.87","35,652.74"
"52250","El Charco","2024","Trimestre 3","5,091,225.80","506.46"
"52250","El Charco","2014","Trimestre 4","213,096,530.11","84,813.50"
"52250","El Charco","2015","Trimestre 4","65,482,720.93","18,419.97"
"52250","El Charco","2016","Trimestre 4","214,764,025.06","53,872.05"
"52250","El Charco","2018","Trimestre 4","25,500,039.38","6,809.09"
"52250","El Charco","2024","Trimestre 4","57,007,909.73","6,799.86"
"52250","El Charco","2013","Trimestre 4","1,685,129.17","659.76"
"52250","El Charco","2014","Trimestre 4","499,068,778.69","194,334.72"
"52250","El Charco","2015","Trimestre 4","32,732,379.78","9,289.94"
"52250","El Charco","2016","Trimestre 4","358,059,239.43","91,726.61"
"52250","El Charco","2018","Trimestre 4","11,415,461.95","2,995.30"
"52250","El Charco","2024","Trimestre 4","8,542,165.59","996.14"
"52250","El Charco","2013","Trimestre 4","58,454,883.75","23,171.17"
"52250","El Charco","2014","Trimestre 4","833,719,668.07","324,042.07"
"52250","El Charco","2015","Trimestre 4","24,523,109.16","7,095.44"
"52250","El Charco","2016","Trimestre 4","254,370,023.89","64,209.75"
"52250","El Charco","2017","Trimestre 4","7,783,847.71","2,029.46"
"52250","El Charco","2018","Trimestre 4","131,163,083.31","34,386.09"
"52250","El Charco","2019","Trimestre 4","60,617,920.29","11,719.20"
"52250","El Charco","2020","Trimestre 4","247,720,442.90","36,113.55"
"52250","El Charco","2023","Trimestre 4","4,234,151.56","512.92"
"52250","El Charco","2024","Trimestre 4","31,963,938.78","3,700.18"
"52385","La Llanada","2026","Trimestre 1","29,943,475.51","1,684.53"
"52385","La Llanada","2026","Trimestre 2","22,853,150.56","2,152.56"
"52385","La Llanada","2012","Trimestre 1","1,493,734.39","454.04"
"52385","La Llanada","2013","Trimestre 1","47,208,312.98","15,139.08"
"52385","La Llanada","2014","Trimestre 1","2,978,060.74","1,220.92"
"52385","La Llanada","2026","Trimestre 1","43,481,459.16","2,601.81"
"52385","La Llanada","2012","Trimestre 1","8,256,530.10","2,620.06"
"52385","La Llanada","2013","Trimestre 1","134,171,595.05","44,094.61"
"52385","La Llanada","2014","Trimestre 1","6,535,123.61","2,604.13"
"52385","La Llanada","2017","Trimestre 1","6,308,333.86","1,748.56"
"52385","La Llanada","2012","Trimestre 1","6,635,142.13","2,075.06"
"52385","La Llanada","2013","Trimestre 1","63,151,583.08","21,052.96"
"52385","La Llanada","2022","Trimestre 1","1,508,685.91","206.84"
"52385","La Llanada","2025","Trimestre 1","47,295,054.55","3,906.30"
"52385","La Llanada","2026","Trimestre 1","22,588,311.52","1,220.21"
"52385","La Llanada","2012","Trimestre 2","5,772,131.47","1,849.31"
"52385","La Llanada","2013","Trimestre 2","44,635,798.36","15,033.05"
"52385","La Llanada","2015","Trimestre 2","3,578,446.26","1,144.75"
"52385","La Llanada","2025","Trimestre 2","13,993,423.72","1,102.57"
"52385","La Llanada","2026","Trimestre 2","41,361,891.10","2,199.08"
"52385","La Llanada","2012","Trimestre 2","72,281,516.69","23,987.16"
"52385","La Llanada","2013","Trimestre 2","5,139,511.35","1,805.20"
"52385","La Llanada","2026","Trimestre 2","16,376,755.78","880.82"
"52385","La Llanada","2012","Trimestre 2","51,409,623.19","17,562.31"
"52385","La Llanada","2017","Trimestre 2","15,389,534.32","4,109.29"
"52385","La Llanada","2018","Trimestre 2","39,873,585.38","10,123.17"
"52385","La Llanada","2025","Trimestre 2","26,652,127.44","1,882.52"
"52385","La Llanada","2026","Trimestre 2","16,051,595.36","913.02"
"52385","La Llanada","2012","Trimestre 3","63,963,488.69","21,775.97"
"52385","La Llanada","2025","Trimestre 3","11,701,907.69","824.89"
"52385","La Llanada","2026","Trimestre 3","5,902,730.90","386.26"
"52385","La Llanada","2012","Trimestre 3","31,943,172.62","10,917.60"
"52385","La Llanada","2017","Trimestre 3","9,447,960.15","2,444.96"
"52385","La Llanada","2012","Trimestre 3","106,854,455.59","35,374.75"
"52385","La Llanada","2013","Trimestre 3","1,160,467.96","440.11"
"52385","La Llanada","2016","Trimestre 3","8,513,672.09","2,080.72"
"52385","La Llanada","2017","Trimestre 3","151,063,261.21","39,974.57"
"52385","La Llanada","2020","Trimestre 3","173,865,096.90","28,626.58"
"52385","La Llanada","2021","Trimestre 3","2,523,104.97","362.70"
"52385","La Llanada","2025","Trimestre 3","22,701,486.07","1,619.23"
"52385","La Llanada","2012","Trimestre 4","121,478,928.61","37,535.81"
"52385","La Llanada","2013","Trimestre 4","1,938,100.15","727.69"
"52385","La Llanada","2016","Trimestre 4","1,982,867.22","497.65"
"52385","La Llanada","2025","Trimestre 4","24,168,458.50","1,653.02"
"52385","La Llanada","2012","Trimestre 4","70,877,515.47","21,848.42"
"52385","La Llanada","2013","Trimestre 4","858,502.51","336.12"
"52385","La Llanada","2015","Trimestre 4","4,424,730.10","1,244.66"
"52385","La Llanada","2016","Trimestre 4","10,292,471.79","2,693.86"
"52385","La Llanada","2012","Trimestre 4","34,113,934.44","10,581.92"
"52385","La Llanada","2014","Trimestre 4","103,029,268.43","40,065.98"
"52385","La Llanada","2016","Trimestre 4","102,494,465.73","28,891.15"
"52385","La Llanada","2017","Trimestre 4","55,188,640.94","14,145.54"
"52385","La Llanada","2019","Trimestre 4","89,291,166.40","18,139.36"
"52385","La Llanada","2020","Trimestre 4","20,991,271.64","2,801.96"
"52385","La Llanada","2021","Trimestre 4","3,735,496.81","530.40"
"52385","La Llanada","2022","Trimestre 4","16,551.18","2.11"
"52385","La Llanada","2025","Trimestre 4","12,968,132.25","811.84"
"52418","Los Andes","2012","Trimestre 1","12,949,121.81","3,921.01"
"52418","Los Andes","2014","Trimestre 1","5,631,406.21","2,308.72"
"52418","Los Andes","2013","Trimestre 1","81,887,073.40","27,298.84"
"52418","Los Andes","2017","Trimestre 1","4,303,297.75","1,175.85"
"52418","Los Andes","2021","Trimestre 1","8,775,183.02","1,328.06"
"52418","Los Andes","2022","Trimestre 1","12,209,256.20","1,631.39"
"52418","Los Andes","2012","Trimestre 2","61,240,691.87","20,323.18"
"52418","Los Andes","2013","Trimestre 2","941,696.44","336.80"
"52418","Los Andes","2017","Trimestre 2","6,524,299.30","1,743.83"
"52418","Los Andes","2012","Trimestre 2","46,851,483.26","16,005.18"
"52418","Los Andes","2021","Trimestre 2","8,857,706.60","1,242.21"
"52418","Los Andes","2012","Trimestre 3","62,585,992.41","21,307.01"
"52418","Los Andes","2012","Trimestre 3","101,312,803.07","34,615.75"
"52418","Los Andes","2013","Trimestre 3","965,397.60","383.40"
"52418","Los Andes","2012","Trimestre 3","84,469,097.08","27,997.16"
"52418","Los Andes","2014","Trimestre 3","3,481,465.05","1,376.47"
"52418","Los Andes","2020","Trimestre 3","37,634,210.61","5,246.20"
"52418","Los Andes","2012","Trimestre 4","76,196,373.71","23,543.94"
"52418","Los Andes","2017","Trimestre 4","6,330,397.29","1,603.39"
"52418","Los Andes","2012","Trimestre 4","54,193,980.16","16,705.62"
"52418","Los Andes","2017","Trimestre 4","4,666,546.11","1,200.04"
"52418","Los Andes","2016","Trimestre 4","4,989,009.19","1,263.79"
"52418","Los Andes","2020","Trimestre 4","15,808,285.46","2,192.76"
"52418","Los Andes","2021","Trimestre 4","55,882,458.77","7,890.60"
"52418","Los Andes","2022","Trimestre 4","20,883,403.52","2,717.86"
"52427","Magüi","2012","Trimestre 1","7,183,472.78","2,183.51"
"52427","Magüi","2013","Trimestre 1","36,175,940.38","11,601.14"
"52427","Magüi","2014","Trimestre 1","472,905,026.72","193,677.53"
"52427","Magüi","2016","Trimestre 1","110,081,414.47","30,767.08"
"52427","Magüi","2017","Trimestre 1","337,666,350.21","93,490.70"
"52427","Magüi","2012","Trimestre 1","14,501,412.16","4,601.76"
"52427","Magüi","2013","Trimestre 1","47,568,540.93","15,622.78"
"52427","Magüi","2014","Trimestre 1","487,297,490.05","194,179.34"
"52427","Magüi","2015","Trimestre 1","133,399,747.03","43,257.49"
"52427","Magüi","2016","Trimestre 1","2,592,202.00","711.33"
"52427","Magüi","2017","Trimestre 1","287,128,883.49","79,893.01"
"52427","Magüi","2018","Trimestre 1","66,945,517.99","17,031.77"
"52427","Magüi","2012","Trimestre 1","13,913,154.99","4,351.17"
"52427","Magüi","2013","Trimestre 1","102,307,358.99","34,106.39"
"52427","Magüi","2014","Trimestre 1","407,289,206.69","149,161.25"
"52427","Magüi","2015","Trimestre 1","578,135,199.57","188,978.95"
"52427","Magüi","2016","Trimestre 1","361,835,745.50","87,305.08"
"52427","Magüi","2017","Trimestre 1","340,939,773.04","93,604.34"
"52427","Magüi","2018","Trimestre 1","89,855,884.69","22,932.95"
"52427","Magüi","2020","Trimestre 1","149,738,728.61","27,609.24"
"52427","Magüi","2012","Trimestre 2","23,523,051.47","7,457.76"
"52427","Magüi","2013","Trimestre 2","85,630,930.27","28,839.95"
"52427","Magüi","2014","Trimestre 2","474,589,327.00","170,823.07"
"52427","Magüi","2015","Trimestre 2","456,842,427.03","148,750.45"
"52427","Magüi","2016","Trimestre 2","524,815,574.96","130,198.10"
"52427","Magüi","2017","Trimestre 2","150,479,527.31","40,832.30"
"52427","Magüi","2018","Trimestre 2","78,938,440.99","20,330.96"
"52427","Magüi","2012","Trimestre 2","115,726,923.76","38,384.86"
"52427","Magüi","2013","Trimestre 2","165,276,988.23","59,111.71"
"52427","Magüi","2014","Trimestre 2","205,331,189.50","78,595.76"
"52427","Magüi","2015","Trimestre 2","546,401,715.10","177,185.05"
"52427","Magüi","2016","Trimestre 2","122,471,878.48","32,344.52"
"52427","Magüi","2017","Trimestre 2","119,813,226.79","32,149.09"
"52427","Magüi","2018","Trimestre 2","28,432,665.07","7,487.77"
"52427","Magüi","2012","Trimestre 2","71,133,890.45","24,300.42"
"52427","Magüi","2013","Trimestre 2","216,555,694.99","80,581.96"
"52427","Magüi","2014","Trimestre 2","266,290,425.87","104,891.30"
"52427","Magüi","2015","Trimestre 2","189,059,281.57","62,588.35"
"52427","Magüi","2016","Trimestre 2","843,195,469.47","217,222.95"
"52427","Magüi","2017","Trimestre 2","204,486,209.57","54,654.53"
"52427","Magüi","2020","Trimestre 2","241,895,018.80","35,155.55"
"52427","Magüi","2012","Trimestre 3","102,395,476.27","34,859.90"
"52427","Magüi","2013","Trimestre 3","258,176,368.31","97,902.63"
"52427","Magüi","2014","Trimestre 3","81,697,122.35","32,851.42"
"52427","Magüi","2015","Trimestre 3","491,242,091.37","159,431.42"
"52427","Magüi","2016","Trimestre 3","829,084,394.39","211,150.46"
"52427","Magüi","2017","Trimestre 3","1,928,791.13","502.33"
"52427","Magüi","2012","Trimestre 3","84,096,686.63","28,742.73"
"52427","Magüi","2013","Trimestre 3","439,605,971.50","174,496.66"
"52427","Magüi","2014","Trimestre 3","506,993,863.36","202,262.76"
"52427","Magüi","2015","Trimestre 3","487,342,016.07","153,725.68"
"52427","Magüi","2016","Trimestre 3","502,098,499.38","123,817.07"
"52427","Magüi","2017","Trimestre 3","13,215,434.28","3,528.77"
"52427","Magüi","2024","Trimestre 3","31,987,953.58","- 0"
"52427","Magüi","2012","Trimestre 3","94,272,877.53","31,209.55"
"52427","Magüi","2013","Trimestre 3","323,507,495.17","122,690.92"
"52427","Magüi","2014","Trimestre 3","429,930,971.41","170,106.60"
"52427","Magüi","2015","Trimestre 3","1,172,757,764.65","342,271.65"
"52427","Magüi","2016","Trimestre 3","663,435,145.59","162,626.52"
"52427","Magüi","2019","Trimestre 3","55,018,215.92","10,446.40"
"52427","Magüi","2020","Trimestre 3","126,494.17","30.24"
"52427","Magüi","2012","Trimestre 4","139,854,683.74","43,213.74"
"52427","Magüi","2013","Trimestre 4","359,711,400.66","135,059.27"
"52427","Magüi","2014","Trimestre 4","161,705,332.10","64,297.52"
"52427","Magüi","2015","Trimestre 4","142,968,500.72","40,216.34"
"52427","Magüi","2016","Trimestre 4","488,566,641.05","122,618.38"
"52427","Magüi","2017","Trimestre 4","23,050,543.99","5,838.34"
"52427","Magüi","2024","Trimestre 4","16,583,918.49","- 0"
"52427","Magüi","2012","Trimestre 4","109,331,526.68","33,702.10"
"52427","Magüi","2013","Trimestre 4","411,783,710.59","161,094.96"
"52427","Magüi","2014","Trimestre 4","91,747,949.59","35,634.81"
"52427","Magüi","2015","Trimestre 4","141,082,998.65","40,019.88"
"52427","Magüi","2016","Trimestre 4","572,283,781.22","146,128.13"
"52427","Magüi","2017","Trimestre 4","92,338,847.49","23,745.68"
"52427","Magüi","2024","Trimestre 4","2,484,963.55","- 0"
"52427","Magüi","2012","Trimestre 4","138,001,204.18","42,796.15"
"52427","Magüi","2013","Trimestre 4","404,326,372.04","159,823.68"
"52427","Magüi","2014","Trimestre 4","128,542,938.11","49,960.82"
"52427","Magüi","2015","Trimestre 4","6,999,883.43","2,055.23"
"52427","Magüi","2016","Trimestre 4","392,665,658.96","99,897.53"
"52427","Magüi","2017","Trimestre 4","136,204,404.50","35,016.95"
"52427","Magüi","2019","Trimestre 4","320,188,146.80","61,155.80"
"52427","Magüi","2024","Trimestre 4","9,298,487.84","- 0"
"52435","Mallama","2017","Trimestre 1","10,857,945.19","3,043.53"
"52435","Mallama","2017","Trimestre 1","7,769,275.97","2,156.76"
"52435","Mallama","2016","Trimestre 1","385,537.69","93.02"
"52435","Mallama","2017","Trimestre 1","2,322,137.46","634.51"
"52435","Mallama","2016","Trimestre 2","653,930.37","162.32"
"52435","Mallama","2015","Trimestre 2","282,313.23","92.37"
"52435","Mallama","2016","Trimestre 4","24,301,665.15","6,360.49"
"52435","Mallama","2013","Trimestre 4","976,526.44","335.00"
"52435","Mallama","2016","Trimestre 4","38,629,775.30","9,785.49"
"52480","Nariño - Nariño","2026","Trimestre 1","24,350,455.52","1,450.00"
"52480","Nariño - Nariño","2020","Trimestre 1","1,378,646.84","256.92"
"52480","Nariño - Nariño","2021","Trimestre 1","45,443,736.58","6,805.59"
"52480","Nariño - Nariño","2019","Trimestre 2","633,501.67","148.89"
"52480","Nariño - Nariño","2020","Trimestre 2","1,002,506.86","145.97"
"52480","Nariño - Nariño","2019","Trimestre 3","776,344.44","168.46"
"52480","Nariño - Nariño","2018","Trimestre 4","98,632.70","24.57"
"52480","Nariño - Nariño","2019","Trimestre 4","863,926.20","165.75"
"52480","Nariño - Nariño","2020","Trimestre 4","61,508,840.61","9,326.86"
"52540","Policarpa","2012","Trimestre 2","60,990.04","20.24"
"52540","Policarpa","2013","Trimestre 2","6,316,607.80","2,259.15"
"52540","Policarpa","2012","Trimestre 2","3,433,658.44","1,172.99"
"52540","Policarpa","2012","Trimestre 4","53,529.19","16.54"
"52621","Roberto Payan","2013","Trimestre 1","131,157,687.78","42,060.52"
"52621","Roberto Payan","2014","Trimestre 1","145,684,072.63","59,673.98"
"52621","Roberto Payan","2016","Trimestre 1","144,288,513.62","40,327.76"
"52621","Roberto Payan","2017","Trimestre 1","39,190,045.03","10,687.56"
"52621","Roberto Payan","2022","Trimestre 1","19,363,204.27","2,690.10"
"52621","Roberto Payan","2023","Trimestre 1","518,000,455.76","58,676.20"
"52621","Roberto Payan","2024","Trimestre 1","57,907,066.40","7,014.54"
"52621","Roberto Payan","2025","Trimestre 1","17,675,679.22","1,483.99"
"52621","Roberto Payan","2012","Trimestre 1","6,558,796.34","2,081.32"
"52621","Roberto Payan","2013","Trimestre 1","282,279,349.10","92,769.24"
"52621","Roberto Payan","2014","Trimestre 1","620,734,775.99","247,367.79"
"52621","Roberto Payan","2015","Trimestre 1","18,856,264.90","6,104.76"
"52621","Roberto Payan","2016","Trimestre 1","802,248,586.01","217,688.01"
"52621","Roberto Payan","2017","Trimestre 1","51,153,949.66","14,212.43"
"52621","Roberto Payan","2023","Trimestre 1","830,369,071.50","91,469.14"
"52621","Roberto Payan","2024","Trimestre 1","61,625,294.47","7,488.87"
"52621","Roberto Payan","2025","Trimestre 1","7,936,870.66","665.39"
"52621","Roberto Payan","2013","Trimestre 1","169,744,994.69","56,588.19"
"52621","Roberto Payan","2014","Trimestre 1","816,950,406.35","299,137.64"
"52621","Roberto Payan","2015","Trimestre 1","378,657,760.05","123,515.76"
"52621","Roberto Payan","2016","Trimestre 1","186,372,430.17","45,049.81"
"52621","Roberto Payan","2017","Trimestre 1","107,398,193.86","29,411.81"
"52621","Roberto Payan","2021","Trimestre 1","398,064,171.40","59,982.70"
"52621","Roberto Payan","2022","Trimestre 1","240,235,546.45","32,551.46"
"52621","Roberto Payan","2023","Trimestre 1","530,898,162.09","57,899.14"
"52621","Roberto Payan","2024","Trimestre 1","63,215,939.14","7,708.76"
"52621","Roberto Payan","2025","Trimestre 1","21,573,127.32","1,763.69"
"52621","Roberto Payan","2012","Trimestre 2","30,245,778.59","9,945.94"
"52621","Roberto Payan","2013","Trimestre 2","213,360,946.62","71,858.59"
"52621","Roberto Payan","2014","Trimestre 2","260,948,664.12","93,942.53"
"52621","Roberto Payan","2015","Trimestre 2","82,370,295.47","26,911.79"
"52621","Roberto Payan","2016","Trimestre 2","120,345,372.50","29,872.60"
"52621","Roberto Payan","2017","Trimestre 2","41,435,268.82","11,279.14"
"52621","Roberto Payan","2023","Trimestre 2","607,527,938.80","65,494.36"
"52621","Roberto Payan","2024","Trimestre 2","49,472,558.95","5,960.15"
"52621","Roberto Payan","2025","Trimestre 2","39,815,538.93","3,248.18"
"52621","Roberto Payan","2012","Trimestre 2","79,717,992.74","26,455.01"
"52621","Roberto Payan","2013","Trimestre 2","325,118,271.72","116,279.33"
"52621","Roberto Payan","2014","Trimestre 2","114,272,411.21","44,092.70"
"52621","Roberto Payan","2015","Trimestre 2","154,999,599.03","50,399.33"
"52621","Roberto Payan","2016","Trimestre 2","257,182,948.27","66,376.93"
"52621","Roberto Payan","2017","Trimestre 2","44,177,944.82","11,835.04"
"52621","Roberto Payan","2023","Trimestre 2","296,568,829.30","31,783.17"
"52621","Roberto Payan","2024","Trimestre 2","96,581,573.10","10,869.81"
"52621","Roberto Payan","2012","Trimestre 2","229,696,817.45","78,467.93"
"52621","Roberto Payan","2013","Trimestre 2","363,405,822.35","135,215.48"
"52621","Roberto Payan","2014","Trimestre 2","155,630,213.07","61,291.83"
"52621","Roberto Payan","2015","Trimestre 2","281,586,720.98","93,326.69"
"52621","Roberto Payan","2016","Trimestre 2","194,000,691.58","50,007.55"
"52621","Roberto Payan","2017","Trimestre 2","72,995,364.17","19,503.27"
"52621","Roberto Payan","2021","Trimestre 2","226,048,770.46","34,473.10"
"52621","Roberto Payan","2022","Trimestre 2","246,934,269.96","32,349.12"
"52621","Roberto Payan","2023","Trimestre 2","460,790,929.20","49,477.98"
"52621","Roberto Payan","2025","Trimestre 2","56,356,733.02","4,325.13"
"52621","Roberto Payan","2012","Trimestre 3","150,477,071.75","51,251.18"
"52621","Roberto Payan","2013","Trimestre 3","408,286,456.15","154,806.30"
"52621","Roberto Payan","2014","Trimestre 3","27,936,411.19","11,228.86"
"52621","Roberto Payan","2015","Trimestre 3","300,908,284.86","97,418.30"
"52621","Roberto Payan","2016","Trimestre 3","130,952,988.79","33,319.48"
"52621","Roberto Payan","2017","Trimestre 3","579,973.94","151.05"
"52621","Roberto Payan","2023","Trimestre 3","222,121,184.80","25,200.92"
"52621","Roberto Payan","2024","Trimestre 3","286,734.24","30.65"
"52621","Roberto Payan","2025","Trimestre 3","38,667,136.33","2,734.78"
"52621","Roberto Payan","2012","Trimestre 3","175,818,731.94","60,091.67"
"52621","Roberto Payan","2013","Trimestre 3","634,834,369.94","251,984.37"
"52621","Roberto Payan","2014","Trimestre 3","7,786,158.57","3,106.25"
"52621","Roberto Payan","2015","Trimestre 3","290,709,467.69","91,900.88"
"52621","Roberto Payan","2016","Trimestre 3","62,542,502.16","15,573.84"
"52621","Roberto Payan","2023","Trimestre 3","187,632,112.60","22,173.61"
"52621","Roberto Payan","2024","Trimestre 3","32,802,204.12","3,349.92"
"52621","Roberto Payan","2012","Trimestre 3","177,475,162.55","58,754.12"
"52621","Roberto Payan","2013","Trimestre 3","400,677,749.43","151,957.91"
"52621","Roberto Payan","2014","Trimestre 3","14,232,278.70","5,627.04"
"52621","Roberto Payan","2015","Trimestre 3","155,639,274.68","45,666.68"
"52621","Roberto Payan","2016","Trimestre 3","115,744,333.90","28,287.59"
"52621","Roberto Payan","2021","Trimestre 3","385,986,699.74","54,531.31"
"52621","Roberto Payan","2022","Trimestre 3","768,475,326.00","100,165.50"
"52621","Roberto Payan","2023","Trimestre 3","89,201,446.43","10,934.04"
"52621","Roberto Payan","2024","Trimestre 3","34,797,299.64","3,493.63"
"52621","Roberto Payan","2012","Trimestre 4","276,398,875.15","85,404.57"
"52621","Roberto Payan","2013","Trimestre 4","477,945,285.51","179,452.03"
"52621","Roberto Payan","2014","Trimestre 4","22,909,026.94","9,118.84"
"52621","Roberto Payan","2015","Trimestre 4","27,559,786.25","7,752.43"
"52621","Roberto Payan","2016","Trimestre 4","28,616,183.80","7,181.97"
"52621","Roberto Payan","2023","Trimestre 4","236,469,924.90","29,063.00"
"52621","Roberto Payan","2024","Trimestre 4","88,963,007.46","8,166.62"
"52621","Roberto Payan","2012","Trimestre 4","286,148,647.92","88,207.04"
"52621","Roberto Payan","2013","Trimestre 4","242,094,935.21","94,735.75"
"52621","Roberto Payan","2015","Trimestre 4","36,315,247.47","10,376.32"
"52621","Roberto Payan","2016","Trimestre 4","155,836,006.61","39,450.50"
"52621","Roberto Payan","2017","Trimestre 4","36,508,945.35","9,388.57"
"52621","Roberto Payan","2024","Trimestre 4","37,475,928.53","3,287.28"
"52621","Roberto Payan","2012","Trimestre 4","277,687,301.24","86,136.79"
"52621","Roberto Payan","2013","Trimestre 4","314,453,744.80","124,647.60"
"52621","Roberto Payan","2014","Trimestre 4","6,961,669.20","2,705.79"
"52621","Roberto Payan","2015","Trimestre 4","299,877,644.65","89,301.82"
"52621","Roberto Payan","2016","Trimestre 4","99,450,714.53","25,471.04"
"52621","Roberto Payan","2017","Trimestre 4","64,144,488.47","16,534.19"
"52621","Roberto Payan","2021","Trimestre 4","479,064,648.24","69,027.60"
"52621","Roberto Payan","2022","Trimestre 4","1,211,074,537.53","150,976.68"
"52621","Roberto Payan","2023","Trimestre 4","490,168,372.58","59,552.87"
"52621","Roberto Payan","2024","Trimestre 4","43,938,790.38","4,742.84"
"52678","Samaniego","2017","Trimestre 1","7,708,601.96","2,160.75"
"52678","Samaniego","2016","Trimestre 1","21,312,709.65","5,750.66"
"52678","Samaniego","2017","Trimestre 1","5,879,838.70","1,629.79"
"52678","Samaniego","2016","Trimestre 1","20,566,781.21","4,962.43"
"52678","Samaniego","2017","Trimestre 1","13,765,607.79","3,761.37"
"52678","Samaniego","2014","Trimestre 2","119,911.53","43.16"
"52685","San Bernardo - Nariño","2025","Trimestre 2","32,324,343.01","2,546.90"
"52693","San Pablo - Nariño","2017","Trimestre 1","612,535.25","170.81"
"52693","San Pablo - Nariño","2016","Trimestre 2","3,066,865.96","810.43"
"52693","San Pablo - Nariño","2016","Trimestre 3","540,010.78","134.67"
"52693","San Pablo - Nariño","2016","Trimestre 4","1,285,124.67","322.50"
"52693","San Pablo - Nariño","2016","Trimestre 4","320,464.93","83.88"
"52696","Santa Barbara - Nariño","2026","Trimestre 1","31,400,142.22","1,739.20"
"52696","Santa Barbara - Nariño","2012","Trimestre 1","6,599,355.65","2,005.96"
"52696","Santa Barbara - Nariño","2013","Trimestre 1","195,976,844.56","62,670.57"
"52696","Santa Barbara - Nariño","2014","Trimestre 1","3,742,345.79","1,529.04"
"52696","Santa Barbara - Nariño","2016","Trimestre 1","910,113,894.28","254,371.25"
"52696","Santa Barbara - Nariño","2019","Trimestre 1","6,826,034.95","1,660.43"
"52696","Santa Barbara - Nariño","2022","Trimestre 1","8,131,149.94","1,117.22"
"52696","Santa Barbara - Nariño","2023","Trimestre 1","21,736,495.43","2,473.54"
"52696","Santa Barbara - Nariño","2024","Trimestre 1","7,672,283.02","926.33"
"52696","Santa Barbara - Nariño","2026","Trimestre 1","37,871,339.83","2,255.13"
"52696","Santa Barbara - Nariño","2012","Trimestre 1","16,428,926.99","5,109.36"
"52696","Santa Barbara - Nariño","2013","Trimestre 1","246,968,905.63","81,125.82"
"52696","Santa Barbara - Nariño","2014","Trimestre 1","6,707,583.54","2,672.85"
"52696","Santa Barbara - Nariño","2015","Trimestre 1","584,749,825.88","190,954.06"
"52696","Santa Barbara - Nariño","2016","Trimestre 1","789,941,802.54","213,144.49"
"52696","Santa Barbara - Nariño","2017","Trimestre 1","589,097,770.39","163,729.94"
"52696","Santa Barbara - Nariño","2019","Trimestre 1","10,619,971.17","2,525.94"
"52696","Santa Barbara - Nariño","2023","Trimestre 1","79,781,858.92","8,690.54"
"52696","Santa Barbara - Nariño","2012","Trimestre 1","35,473,098.18","11,093.78"
"52696","Santa Barbara - Nariño","2013","Trimestre 1","362,231,578.49","120,726.85"
"52696","Santa Barbara - Nariño","2014","Trimestre 1","2,169,815.42","794.51"
"52696","Santa Barbara - Nariño","2015","Trimestre 1","1,115,139,536.72","363,959.79"
"52696","Santa Barbara - Nariño","2016","Trimestre 1","673,976,778.79","164,885.97"
"52696","Santa Barbara - Nariño","2017","Trimestre 1","307,157,676.43","84,117.17"
"52696","Santa Barbara - Nariño","2019","Trimestre 1","11,952,692.68","2,825.84"
"52696","Santa Barbara - Nariño","2020","Trimestre 1","43,342,885.96","8,143.58"
"52696","Santa Barbara - Nariño","2021","Trimestre 1","146,435,753.00","21,694.22"
"52696","Santa Barbara - Nariño","2022","Trimestre 1","13,818,054.98","1,828.91"
"52696","Santa Barbara - Nariño","2023","Trimestre 1","59,205,133.29","6,460.87"
"52696","Santa Barbara - Nariño","2024","Trimestre 1","38,428,061.47","4,693.52"
"52696","Santa Barbara - Nariño","2025","Trimestre 1","17,041,073.75","1,384.71"
"52696","Santa Barbara - Nariño","2026","Trimestre 1","59,160,610.91","3,192.35"
"52696","Santa Barbara - Nariño","2012","Trimestre 2","40,142,932.40","13,047.83"
"52696","Santa Barbara - Nariño","2013","Trimestre 2","356,350,682.50","120,007.50"
"52696","Santa Barbara - Nariño","2014","Trimestre 2","4,625,435.86","1,664.87"
"52696","Santa Barbara - Nariño","2015","Trimestre 2","194,903,376.51","64,398.21"
"52696","Santa Barbara - Nariño","2016","Trimestre 2","717,555,838.15","177,676.11"
"52696","Santa Barbara - Nariño","2017","Trimestre 2","166,492,105.04","45,002.03"
"52696","Santa Barbara - Nariño","2023","Trimestre 2","37,460,914.16","4,010.77"
"52696","Santa Barbara - Nariño","2024","Trimestre 2","29,278,698.83","3,377.37"
"52696","Santa Barbara - Nariño","2026","Trimestre 2","80,055,847.44","4,293.50"
"52696","Santa Barbara - Nariño","2012","Trimestre 2","261,788,244.66","86,876.38"
"52696","Santa Barbara - Nariño","2013","Trimestre 2","662,363,320.68","236,895.84"
"52696","Santa Barbara - Nariño","2014","Trimestre 2","108,259.30","41.77"
"52696","Santa Barbara - Nariño","2015","Trimestre 2","17,745,565.97","5,770.39"
"52696","Santa Barbara - Nariño","2016","Trimestre 2","929,693,537.40","242,321.10"
"52696","Santa Barbara - Nariño","2017","Trimestre 2","150,428,530.87","40,246.97"
"52696","Santa Barbara - Nariño","2023","Trimestre 2","66,529,308.60","7,137.59"
"52696","Santa Barbara - Nariño","2024","Trimestre 2","57,657,296.95","6,269.89"
"52696","Santa Barbara - Nariño","2026","Trimestre 2","38,116,448.97","2,170.42"
"52696","Santa Barbara - Nariño","2012","Trimestre 2","473,070,901.09","161,541.26"
"52696","Santa Barbara - Nariño","2013","Trimestre 2","8,819,830.71","3,281.92"
"52696","Santa Barbara - Nariño","2014","Trimestre 2","21,633,116.06","8,521.24"
"52696","Santa Barbara - Nariño","2015","Trimestre 2","149,010,497.93","49,385.67"
"52696","Santa Barbara - Nariño","2016","Trimestre 2","1,580,414,235.82","407,323.39"
"52696","Santa Barbara - Nariño","2017","Trimestre 2","188,800,936.82","50,442.81"
"52696","Santa Barbara - Nariño","2018","Trimestre 2","26,483,417.43","7,068.20"
"52696","Santa Barbara - Nariño","2019","Trimestre 2","94,954,981.46","22,602.32"
"52696","Santa Barbara - Nariño","2020","Trimestre 2","165,660,283.70","24,106.97"
"52696","Santa Barbara - Nariño","2021","Trimestre 2","104,128,891.79","15,834.49"
"52696","Santa Barbara - Nariño","2022","Trimestre 2","64,358,041.59","8,456.21"
"52696","Santa Barbara - Nariño","2023","Trimestre 2","30,121,217.22","3,238.60"
"52696","Santa Barbara - Nariño","2025","Trimestre 2","83,400,632.51","6,208.44"
"52696","Santa Barbara - Nariño","2026","Trimestre 2","11,544,063.62","657.34"
"52696","Santa Barbara - Nariño","2012","Trimestre 3","533,296,130.52","181,560.30"
"52696","Santa Barbara - Nariño","2013","Trimestre 3","9,304,571.76","3,518.79"
"52696","Santa Barbara - Nariño","2014","Trimestre 3","2,795,031.53","1,120.74"
"52696","Santa Barbara - Nariño","2015","Trimestre 3","346,389,352.72","114,659.88"
"52696","Santa Barbara - Nariño","2016","Trimestre 3","611,310,624.11","155,566.98"
"52696","Santa Barbara - Nariño","2017","Trimestre 3","22,946,344.44","5,976.11"
"52696","Santa Barbara - Nariño","2018","Trimestre 3","36,702,254.49","9,631.86"
"52696","Santa Barbara - Nariño","2023","Trimestre 3","38,462,345.85","4,571.29"
"52696","Santa Barbara - Nariño","2024","Trimestre 3","66,079,567.09","7,063.47"
"52696","Santa Barbara - Nariño","2025","Trimestre 3","70,771,001.73","5,422.16"
"52696","Santa Barbara - Nariño","2026","Trimestre 3","32,340,352.85","2,007.69"
"52696","Santa Barbara - Nariño","2012","Trimestre 3","218,423,029.12","74,653.05"
"52696","Santa Barbara - Nariño","2013","Trimestre 3","6,948,745.23","2,759.22"
"52696","Santa Barbara - Nariño","2015","Trimestre 3","36,151,468.44","11,380.65"
"52696","Santa Barbara - Nariño","2016","Trimestre 3","694,053,885.13","170,468.45"
"52696","Santa Barbara - Nariño","2017","Trimestre 3","16,733,819.09","4,468.24"
"52696","Santa Barbara - Nariño","2023","Trimestre 3","48,012,396.73","5,865.77"
"52696","Santa Barbara - Nariño","2024","Trimestre 3","116,150,761.96","11,676.39"
"52696","Santa Barbara - Nariño","2025","Trimestre 3","64,010,261.47","4,515.90"
"52696","Santa Barbara - Nariño","2012","Trimestre 3","170,330,317.20","56,388.78"
"52696","Santa Barbara - Nariño","2013","Trimestre 3","4,443,852.16","1,685.34"
"52696","Santa Barbara - Nariño","2014","Trimestre 3","12,057,843.77","4,767.33"
"52696","Santa Barbara - Nariño","2015","Trimestre 3","445,735,951.33","128,928.30"
"52696","Santa Barbara - Nariño","2016","Trimestre 3","724,940,544.18","177,219.79"
"52696","Santa Barbara - Nariño","2017","Trimestre 3","6,230,608.64","1,662.41"
"52696","Santa Barbara - Nariño","2019","Trimestre 3","36,578,736.44","7,759.51"
"52696","Santa Barbara - Nariño","2020","Trimestre 3","234,688,077.72","33,711.82"
"52696","Santa Barbara - Nariño","2021","Trimestre 3","27,096,363.19","3,872.95"
"52696","Santa Barbara - Nariño","2022","Trimestre 3","100,621,807.91","12,936.24"
"52696","Santa Barbara - Nariño","2023","Trimestre 3","30,236,015.58","3,763.30"
"52696","Santa Barbara - Nariño","2024","Trimestre 3","111,819,591.46","10,879.71"
"52696","Santa Barbara - Nariño","2025","Trimestre 3","26,543,438.47","1,909.60"
"52696","Santa Barbara - Nariño","2012","Trimestre 4","285,867,770.39","88,330.65"
"52696","Santa Barbara - Nariño","2013","Trimestre 4","4,796,385.98","1,800.88"
"52696","Santa Barbara - Nariño","2015","Trimestre 4","140,359,364.92","39,482.40"
"52696","Santa Barbara - Nariño","2016","Trimestre 4","495,300,447.31","124,308.40"
"52696","Santa Barbara - Nariño","2017","Trimestre 4","123,867,295.70","33,107.54"
"52696","Santa Barbara - Nariño","2018","Trimestre 4","3,300,305.33","881.26"
"52696","Santa Barbara - Nariño","2023","Trimestre 4","22,565,523.15","2,847.66"
"52696","Santa Barbara - Nariño","2024","Trimestre 4","68,269,084.71","6,346.43"
"52696","Santa Barbara - Nariño","2025","Trimestre 4","55,135,486.08","3,951.00"
"52696","Santa Barbara - Nariño","2012","Trimestre 4","385,367,181.34","118,799.19"
"52696","Santa Barbara - Nariño","2013","Trimestre 4","1,383,501.88","541.67"
"52696","Santa Barbara - Nariño","2015","Trimestre 4","800,546,159.02","228,739.34"
"52696","Santa Barbara - Nariño","2016","Trimestre 4","309,766,883.15","78,625.40"
"52696","Santa Barbara - Nariño","2017","Trimestre 4","127,795,945.90","34,137.44"
"52696","Santa Barbara - Nariño","2018","Trimestre 4","294,045.35","76.33"
"52696","Santa Barbara - Nariño","2024","Trimestre 4","23,481,463.87","1,994.02"
"52696","Santa Barbara - Nariño","2012","Trimestre 4","403,390,943.19","125,129.24"
"52696","Santa Barbara - Nariño","2013","Trimestre 4","7,666,026.65","3,038.77"
"52696","Santa Barbara - Nariño","2015","Trimestre 4","1,363,304,213.68","403,530.37"
"52696","Santa Barbara - Nariño","2016","Trimestre 4","458,442,457.76","115,906.43"
"52696","Santa Barbara - Nariño","2018","Trimestre 4","46,432,007.82","11,822.78"
"52696","Santa Barbara - Nariño","2019","Trimestre 4","348,931,834.40","66,807.90"
"52696","Santa Barbara - Nariño","2020","Trimestre 4","198,242,819.80","26,670.66"
"52696","Santa Barbara - Nariño","2021","Trimestre 4","176,240,525.55","24,950.73"
"52696","Santa Barbara - Nariño","2022","Trimestre 4","111,970,360.92","13,862.97"
"52696","Santa Barbara - Nariño","2023","Trimestre 4","59,670,476.12","7,257.58"
"52696","Santa Barbara - Nariño","2024","Trimestre 4","27,362,489.11","2,276.03"
"52696","Santa Barbara - Nariño","2025","Trimestre 4","68,652,674.87","4,319.43"
"52699","Santacruz","2012","Trimestre 1","254,307.26","77.30"
"52699","Santacruz","2014","Trimestre 1","12,176,773.54","4,992.13"
"52699","Santacruz","2012","Trimestre 1","1,487,590.97","472.06"
"52699","Santacruz","2014","Trimestre 1","17,955,359.59","7,154.89"
"52699","Santacruz","2014","Trimestre 1","19,036,181.41","6,970.36"
"52699","Santacruz","2016","Trimestre 1","1,304,399.20","314.73"
"52699","Santacruz","2014","Trimestre 2","4,662,321.58","1,678.15"
"52699","Santacruz","2015","Trimestre 2","14,974,548.04","5,037.92"
"52699","Santacruz","2015","Trimestre 2","8,996,323.77","2,920.62"
"52699","Santacruz","2013","Trimestre 2","13,267,973.62","4,937.11"
"52699","Santacruz","2014","Trimestre 2","2,420,499.06","953.43"
"52699","Santacruz","2015","Trimestre 2","37,776,036.66","12,577.51"
"52699","Santacruz","2013","Trimestre 3","11,835,362.19","4,488.99"
"52699","Santacruz","2015","Trimestre 3","4,631,584.90","1,542.08"
"52699","Santacruz","2013","Trimestre 3","8,440,487.97","3,352.03"
"52699","Santacruz","2015","Trimestre 3","1,723,005.28","542.41"
"52699","Santacruz","2015","Trimestre 4","2,108,752.95","593.18"
"52699","Santacruz","2014","Trimestre 4","3,440,895.68","1,336.44"
"52699","Santacruz","2013","Trimestre 4","6,591,546.43","2,612.85"
"52699","Santacruz","2014","Trimestre 4","9,974,182.69","3,876.67"
"52699","Santacruz","2016","Trimestre 4","33,633,230.30","8,370.17"
"52835","San Andres de Tumaco","2016","Trimestre 1","1,227,192,237.56","342,996.19"
"52835","San Andres de Tumaco","2017","Trimestre 1","480,792,169.97","132,237.50"
"52835","San Andres de Tumaco","2018","Trimestre 1","45,116,154.04","11,602.52"
"52835","San Andres de Tumaco","2019","Trimestre 1","380,743,104.90","92,833.21"
"52835","San Andres de Tumaco","2013","Trimestre 1","971,502.18","313.42"
"52835","San Andres de Tumaco","2014","Trimestre 1","5,454,606.91","2,173.56"
"52835","San Andres de Tumaco","2016","Trimestre 1","1,426,353,067.08","386,174.77"
"52835","San Andres de Tumaco","2017","Trimestre 1","555,970,361.08","154,493.61"
"52835","San Andres de Tumaco","2018","Trimestre 1","37,561,095.50","9,556.01"
"52835","San Andres de Tumaco","2019","Trimestre 1","324,387,946.20","77,627.14"
"52835","San Andres de Tumaco","2012","Trimestre 1","8,013,485.11","2,506.12"
"52835","San Andres de Tumaco","2013","Trimestre 1","3,301,072.24","1,088.08"
"52835","San Andres de Tumaco","2014","Trimestre 1","1,341,948.16","491.37"
"52835","San Andres de Tumaco","2016","Trimestre 1","628,078,068.65","154,887.31"
"52835","San Andres de Tumaco","2017","Trimestre 1","360,990,048.86","98,808.65"
"52835","San Andres de Tumaco","2018","Trimestre 1","68,911,142.33","17,587.45"
"52835","San Andres de Tumaco","2019","Trimestre 1","278,977,935.20","65,993.52"
"52835","San Andres de Tumaco","2021","Trimestre 1","97,510,755.58","13,561.95"
"52835","San Andres de Tumaco","2012","Trimestre 2","140,437.12","43.92"
"52835","San Andres de Tumaco","2013","Trimestre 2","2,157,086.74","726.49"
"52835","San Andres de Tumaco","2014","Trimestre 2","1,687,317.00","607.33"
"52835","San Andres de Tumaco","2016","Trimestre 2","1,153,415,792.60","286,020.82"
"52835","San Andres de Tumaco","2017","Trimestre 2","265,481,471.06","71,962.07"
"52835","San Andres de Tumaco","2018","Trimestre 2","112,572,826.30","28,993.65"
"52835","San Andres de Tumaco","2012","Trimestre 2","66,618,844.40","22,107.96"
"52835","San Andres de Tumaco","2016","Trimestre 2","978,765,690.60","254,330.45"
"52835","San Andres de Tumaco","2017","Trimestre 2","260,390,432.88","69,656.22"
"52835","San Andres de Tumaco","2018","Trimestre 2","31,588,255.93","8,308.64"
"52835","San Andres de Tumaco","2014","Trimestre 2","1,702,297.08","670.53"
"52835","San Andres de Tumaco","2016","Trimestre 2","319,966,484.92","82,240.58"
"52835","San Andres de Tumaco","2017","Trimestre 2","271,693,939.01","72,559.09"
"52835","San Andres de Tumaco","2018","Trimestre 2","121,134,616.40","31,616.84"
"52835","San Andres de Tumaco","2019","Trimestre 2","528,618,117.00","124,978.69"
"52835","San Andres de Tumaco","2020","Trimestre 2","117,128,971.28","17,319.35"
"52835","San Andres de Tumaco","2013","Trimestre 3","876,188.03","329.89"
"52835","San Andres de Tumaco","2014","Trimestre 3","1,318,523.10","530.62"
"52835","San Andres de Tumaco","2015","Trimestre 3","73,164,384.53","23,541.96"
"52835","San Andres de Tumaco","2016","Trimestre 3","620,520,604.79","158,214.47"
"52835","San Andres de Tumaco","2017","Trimestre 3","4,930,718.75","1,284.15"
"52835","San Andres de Tumaco","2018","Trimestre 3","196,374,627.60","51,480.77"
"52835","San Andres de Tumaco","2014","Trimestre 3","768,706.85","306.67"
"52835","San Andres de Tumaco","2015","Trimestre 3","83,881,662.56","26,406.35"
"52835","San Andres de Tumaco","2016","Trimestre 3","849,352,092.91","209,802.39"
"52835","San Andres de Tumaco","2018","Trimestre 3","176,411,682.10","47,907.54"
"52835","San Andres de Tumaco","2014","Trimestre 3","898,299.53","355.16"
"52835","San Andres de Tumaco","2015","Trimestre 3","401,363,751.46","115,837.61"
"52835","San Andres de Tumaco","2016","Trimestre 3","1,012,000,092.53","247,431.50"
"52835","San Andres de Tumaco","2018","Trimestre 3","303,234,642.20","82,889.49"
"52835","San Andres de Tumaco","2019","Trimestre 3","441,458,446.08","93,138.32"
"52835","San Andres de Tumaco","2020","Trimestre 3","132,694,752.85","20,017.68"
"52835","San Andres de Tumaco","2012","Trimestre 4","1,885,366.66","582.56"
"52835","San Andres de Tumaco","2014","Trimestre 4","1,618,008.99","644.04"
"52835","San Andres de Tumaco","2015","Trimestre 4","1,432,586,129.66","403,830.83"
"52835","San Andres de Tumaco","2016","Trimestre 4","925,678,719.34","232,322.90"
"52835","San Andres de Tumaco","2018","Trimestre 4","306,806,604.30","82,014.37"
"52835","San Andres de Tumaco","2012","Trimestre 4","402,068.40","123.94"
"52835","San Andres de Tumaco","2013","Trimestre 4","160,395.56","62.80"
"52835","San Andres de Tumaco","2014","Trimestre 4","704,606.11","273.67"
"52835","San Andres de Tumaco","2015","Trimestre 4","1,468,650,267.12","418,969.05"
"52835","San Andres de Tumaco","2016","Trimestre 4","496,797,760.14","128,320.66"
"52835","San Andres de Tumaco","2018","Trimestre 4","136,351,609.50","35,671.71"
"52835","San Andres de Tumaco","2012","Trimestre 4","4,192,813.65","1,292.46"
"52835","San Andres de Tumaco","2014","Trimestre 4","960,808.19","373.44"
"52835","San Andres de Tumaco","2015","Trimestre 4","1,460,191,067.96","433,132.09"
"52835","San Andres de Tumaco","2016","Trimestre 4","339,280,720.48","85,944.84"
"52835","San Andres de Tumaco","2017","Trimestre 4","6,542,873.67","1,775.20"
"52835","San Andres de Tumaco","2018","Trimestre 4","283,100,236.30","72,018.37"
"52835","San Andres de Tumaco","2019","Trimestre 4","258,932,717.90","49,424.68"
"52835","San Andres de Tumaco","2020","Trimestre 4","426,750,062.10","57,934.99"
"63001","Armenia - Quindio","2012","Trimestre 1","8,671,778.88","2,635.90"
"63001","Armenia - Quindio","2013","Trimestre 1","9,574,217.73","3,070.32"
"63001","Armenia - Quindio","2014","Trimestre 1","11,021,350.27","4,518.44"
"63001","Armenia - Quindio","2015","Trimestre 1","48,626,345.88","16,786.11"
"63001","Armenia - Quindio","2012","Trimestre 1","38,193.46","12.12"
"63001","Armenia - Quindio","2013","Trimestre 1","5,283,197.41","1,730.50"
"63001","Armenia - Quindio","2014","Trimestre 1","4,284,789.84","1,707.41"
"63001","Armenia - Quindio","2015","Trimestre 1","11,946,429.39","4,123.98"
"63001","Armenia - Quindio","2012","Trimestre 1","4,499,903.22","1,407.29"
"63001","Armenia - Quindio","2013","Trimestre 1","8,311,875.36","2,762.17"
"63001","Armenia - Quindio","2015","Trimestre 1","36,201,398.41","11,844.24"
"63001","Armenia - Quindio","2012","Trimestre 2","4,879,981.76","1,604.72"
"63001","Armenia - Quindio","2013","Trimestre 2","13,349,127.29","4,492.62"
"63001","Armenia - Quindio","2015","Trimestre 2","42,575,728.71","13,726.04"
"63001","Armenia - Quindio","2012","Trimestre 2","9,317,678.63","3,089.63"
"63001","Armenia - Quindio","2013","Trimestre 2","4,623,243.00","1,653.51"
"63001","Armenia - Quindio","2014","Trimestre 2","1,094,784.06","422.43"
"63001","Armenia - Quindio","2015","Trimestre 2","44,487,941.76","14,412.34"
"63001","Armenia - Quindio","2012","Trimestre 2","5,317,883.59","1,816.67"
"63001","Armenia - Quindio","2013","Trimestre 2","4,033,413.35","1,500.86"
"63001","Armenia - Quindio","2014","Trimestre 2","1,811,788.34","713.66"
"63001","Armenia - Quindio","2015","Trimestre 2","22,596,623.25","7,523.53"
"63001","Armenia - Quindio","2012","Trimestre 3","14,027,163.05","4,775.46"
"63001","Armenia - Quindio","2013","Trimestre 3","6,807,137.31","2,581.58"
"63001","Armenia - Quindio","2012","Trimestre 3","15,103,441.26","5,160.34"
"63001","Armenia - Quindio","2013","Trimestre 3","6,551,482.37","2,601.84"
"63001","Armenia - Quindio","2014","Trimestre 3","2,036,269.70","812.36"
"63001","Armenia - Quindio","2015","Trimestre 3","28,837,140.07","9,094.49"
"63001","Armenia - Quindio","2012","Trimestre 3","11,780,322.56","3,899.94"
"63001","Armenia - Quindio","2013","Trimestre 3","6,415,882.69","2,451.94"
"63001","Armenia - Quindio","2014","Trimestre 3","13,484,602.50","5,331.43"
"63001","Armenia - Quindio","2015","Trimestre 3","4,094,594.88","1,289.00"
"63001","Armenia - Quindio","2012","Trimestre 4","8,915,263.82","2,754.73"
"63001","Armenia - Quindio","2013","Trimestre 4","8,444,770.75","3,170.72"
"63001","Armenia - Quindio","2014","Trimestre 4","14,537,886.63","5,772.70"
"63001","Armenia - Quindio","2012","Trimestre 4","4,310,832.44","1,328.84"
"63001","Armenia - Quindio","2013","Trimestre 4","3,395,458.45","1,328.72"
"63001","Armenia - Quindio","2014","Trimestre 4","16,297,055.84","6,329.76"
"63001","Armenia - Quindio","2012","Trimestre 4","17,863,527.57","5,536.92"
"63001","Armenia - Quindio","2013","Trimestre 4","8,847,681.72","3,500.74"
"63001","Armenia - Quindio","2014","Trimestre 4","14,256,736.66","5,541.17"
"63111","Buenavista - Quindio","2015","Trimestre 2","292,716.13","95.77"
"63111","Buenavista - Quindio","2015","Trimestre 2","191,395.52","62.24"
"63111","Buenavista - Quindio","2015","Trimestre 3","302,071.24","98.58"
"63130","Calarca","2025","Trimestre 3","745,941.28","69.00"
"63401","La Tebaida","2012","Trimestre 1","25,261,988.38","7,678.71"
"63401","La Tebaida","2012","Trimestre 1","3,965,218.07","1,258.29"
"63401","La Tebaida","2012","Trimestre 1","5,386,940.11","1,684.70"
"63401","La Tebaida","2015","Trimestre 2","3,701,116.74","1,193.91"
"63401","La Tebaida","2015","Trimestre 3","1,511,824.27","480.02"
"63594","Quimbaya","2012","Trimestre 1","128,193.88","40.68"
"63690","Salento","2016","Trimestre 1","255,797.29","69.02"
"63690","Salento","2016","Trimestre 1","567,257.44","136.87"
"63690","Salento","2015","Trimestre 2","4,805,541.17","1,560.43"
"63690","Salento","2015","Trimestre 3","3,569,589.03","1,125.06"
"63690","Salento","2012","Trimestre 4","41,686.13","12.85"
"63690","Salento","2013","Trimestre 4","51,083.10","20.00"
"66001","Pereira","2013","Trimestre 1","3,042,565.08","975.71"
"66001","Pereira","2014","Trimestre 1","2,901,226.13","1,189.42"
"66001","Pereira","2012","Trimestre 1","2,600,558.35","825.24"
"66001","Pereira","2013","Trimestre 1","2,567,859.47","843.91"
"66001","Pereira","2012","Trimestre 1","6,113,839.69","1,912.03"
"66001","Pereira","2013","Trimestre 1","1,655,299.07","551.83"
"66001","Pereira","2016","Trimestre 1","251,885.24","60.78"
"66001","Pereira","2013","Trimestre 2","4,444,087.48","1,496.74"
"66001","Pereira","2015","Trimestre 2","180,193.27","60.73"
"66001","Pereira","2012","Trimestre 2","2,317,380.53","769.04"
"66001","Pereira","2012","Trimestre 2","6,866,116.69","2,345.57"
"66001","Pereira","2013","Trimestre 2","170,569.07","63.47"
"66001","Pereira","2015","Trimestre 2","23,331,605.75","7,535.23"
"66001","Pereira","2012","Trimestre 3","18,279,906.70","6,223.28"
"66001","Pereira","2013","Trimestre 3","1,542,692.41","585.12"
"66001","Pereira","2013","Trimestre 3","95,861.13","38.07"
"66001","Pereira","2015","Trimestre 3","456,854.59","143.82"
"66001","Pereira","2017","Trimestre 3","54,045.70","14.43"
"66001","Pereira","2012","Trimestre 3","4,470,550.16","1,480.00"
"66001","Pereira","2016","Trimestre 3","79,066.46","19.32"
"66001","Pereira","2012","Trimestre 4","5,059,900.02","1,563.46"
"66001","Pereira","2016","Trimestre 4","141,366.79","35.48"
"66001","Pereira","2012","Trimestre 4","9,714,652.49","2,994.60"
"66001","Pereira","2013","Trimestre 4","4,911,738.78","1,923.04"
"66001","Pereira","2016","Trimestre 4","62,030.17","15.16"
"66001","Pereira","2012","Trimestre 4","4,393,213.15","1,356.75"
"66001","Pereira","2015","Trimestre 4","854,771.68","255.41"
"66088","Belen de Umbria - Risaralda","2024","Trimestre 1","179,066.59","21.62"
"66088","Belen de Umbria - Risaralda","2024","Trimestre 1","259,312.91","31.61"
"66088","Belen de Umbria - Risaralda","2014","Trimestre 2","3,057,461.85","1,179.74"
"66088","Belen de Umbria - Risaralda","2014","Trimestre 2","3,920,303.16","1,544.20"
"66088","Belen de Umbria - Risaralda","2014","Trimestre 3","7,093,934.55","2,854.85"
"66088","Belen de Umbria - Risaralda","2013","Trimestre 3","141,185.54","56.07"
"66088","Belen de Umbria - Risaralda","2014","Trimestre 3","5,254,205.49","2,096.14"
"66088","Belen de Umbria - Risaralda","2017","Trimestre 3","57,906.11","15.46"
"66088","Belen de Umbria - Risaralda","2014","Trimestre 3","5,046,238.97","1,995.14"
"66088","Belen de Umbria - Risaralda","2014","Trimestre 4","5,942,385.97","2,365.34"
"66088","Belen de Umbria - Risaralda","2014","Trimestre 4","6,706,067.93","2,604.63"
"66088","Belen de Umbria - Risaralda","2014","Trimestre 4","5,445,386.60","2,116.46"
"66088","Belen de Umbria - Risaralda","2023","Trimestre 4","912,433.72","111.70"
"66318","Guatica","2016","Trimestre 1","63,181,807.07","17,658.93"
"66318","Guatica","2016","Trimestre 1","72,658,526.37","19,604.94"
"66318","Guatica","2016","Trimestre 1","72,653,561.40","17,962.36"
"66318","Guatica","2016","Trimestre 2","32,649,888.65","7,877.89"
"66318","Guatica","2015","Trimestre 3","70,113,030.35","22,071.92"
"66318","Guatica","2015","Trimestre 3","69,025,725.50","20,358.14"
"66318","Guatica","2015","Trimestre 4","66,893,145.50","19,987.82"
"66440","Marsella","2016","Trimestre 1","2,068,278.98","578.07"
"66440","Marsella","2016","Trimestre 1","8,064,638.91","2,176.03"
"66440","Marsella","2017","Trimestre 1","3,690,954.27","1,023.07"
"66440","Marsella","2016","Trimestre 1","7,242,421.77","1,764.89"
"66440","Marsella","2016","Trimestre 2","4,365,038.46","1,083.51"
"66440","Marsella","2016","Trimestre 2","1,295,381.75","333.91"
"66440","Marsella","2016","Trimestre 3","3,434,047.11","873.75"
"66440","Marsella","2017","Trimestre 3","44,773.83","12.23"
"66440","Marsella","2015","Trimestre 3","13,362,345.42","4,206.53"
"66440","Marsella","2016","Trimestre 3","1,225,621.48","309.17"
"66440","Marsella","2017","Trimestre 3","257,559.56","68.77"
"66440","Marsella","2015","Trimestre 3","2,831,593.62","817.23"
"66440","Marsella","2016","Trimestre 3","6,140,081.87","1,500.62"
"66440","Marsella","2016","Trimestre 4","4,569,619.19","1,146.86"
"66440","Marsella","2015","Trimestre 4","10,166,308.91","2,904.81"
"66440","Marsella","2016","Trimestre 4","632,787.05","157.59"
"66440","Marsella","2015","Trimestre 4","7,009,519.05","2,094.46"
"66456","Mistrato","2012","Trimestre 1","1,869,273.51","568.19"
"66456","Mistrato","2013","Trimestre 1","4,120,595.61","1,321.42"
"66456","Mistrato","2014","Trimestre 1","4,720,962.42","1,935.46"
"66456","Mistrato","2018","Trimestre 1","52,335,907.62","13,401.94"
"66456","Mistrato","2019","Trimestre 1","2,915,888.07","709.29"
"66456","Mistrato","2023","Trimestre 1","858,251.81","96.81"
"66456","Mistrato","2024","Trimestre 1","1,731,529.25","209.06"
"66456","Mistrato","2012","Trimestre 1","4,510,201.43","1,428.68"
"66456","Mistrato","2013","Trimestre 1","1,389,530.53","456.66"
"66456","Mistrato","2014","Trimestre 1","7,170,660.26","2,857.38"
"66456","Mistrato","2017","Trimestre 1","5,208,873.43","1,457.59"
"66456","Mistrato","2018","Trimestre 1","34,987,720.52","8,901.31"
"66456","Mistrato","2024","Trimestre 1","3,147,813.70","383.05"
"66456","Mistrato","2012","Trimestre 1","7,654,078.64","2,393.72"
"66456","Mistrato","2014","Trimestre 1","883,702.93","323.58"
"66456","Mistrato","2017","Trimestre 1","2,371,285.91","652.26"
"66456","Mistrato","2012","Trimestre 2","7,242,365.88","2,381.56"
"66456","Mistrato","2013","Trimestre 2","151,784.38","51.12"
"66456","Mistrato","2014","Trimestre 2","3,255,637.63","1,171.83"
"66456","Mistrato","2015","Trimestre 2","149,090.22","48.78"
"66456","Mistrato","2017","Trimestre 2","3,785,566.66","1,027.72"
"66456","Mistrato","2023","Trimestre 2","3,153,396.42","341.91"
"66456","Mistrato","2024","Trimestre 2","2,621,019.65","320.24"
"66456","Mistrato","2012","Trimestre 2","6,657,369.02","2,180.44"
"66456","Mistrato","2013","Trimestre 2","2,951,077.56","1,055.46"
"66456","Mistrato","2014","Trimestre 2","1,730,101.38","667.57"
"66456","Mistrato","2016","Trimestre 2","2,042,295.74","532.91"
"66456","Mistrato","2017","Trimestre 2","1,787,088.42","478.27"
"66456","Mistrato","2023","Trimestre 2","1,906,574.93","203.37"
"66456","Mistrato","2024","Trimestre 2","210,485.32","24.28"
"66456","Mistrato","2012","Trimestre 2","13,060,542.01","4,461.68"
"66456","Mistrato","2013","Trimestre 2","12,384,237.66","4,608.27"
"66456","Mistrato","2014","Trimestre 2","2,431,466.36","957.75"
"66456","Mistrato","2016","Trimestre 2","422,826.23","104.96"
"66456","Mistrato","2017","Trimestre 2","6,608,342.88","1,767.60"
"66456","Mistrato","2019","Trimestre 2","11,455,016.10","2,726.67"
"66456","Mistrato","2012","Trimestre 3","6,537,790.74","2,225.75"
"66456","Mistrato","2013","Trimestre 3","12,060,923.96","4,574.54"
"66456","Mistrato","2014","Trimestre 3","2,468,421.35","993.38"
"66456","Mistrato","2016","Trimestre 3","1,316,576.96","339.37"
"66456","Mistrato","2023","Trimestre 3","1,234,520.07","146.72"
"66456","Mistrato","2012","Trimestre 3","5,011,644.68","1,640.17"
"66456","Mistrato","2013","Trimestre 3","4,109,305.33","1,607.28"
"66456","Mistrato","2014","Trimestre 3","2,761,833.03","1,101.82"
"66456","Mistrato","2015","Trimestre 3","887,554.07","279.41"
"66456","Mistrato","2016","Trimestre 3","34,568.67","8.80"
"66456","Mistrato","2017","Trimestre 3","99,522,859.45","25,792.93"
"66456","Mistrato","2023","Trimestre 3","1,825,022.40","223.69"
"66456","Mistrato","2012","Trimestre 3","5,735,383.58","1,898.73"
"66456","Mistrato","2013","Trimestre 3","805,585.36","305.52"
"66456","Mistrato","2014","Trimestre 3","3,168,562.77","1,252.76"
"66456","Mistrato","2016","Trimestre 3","985,778.19","251.71"
"66456","Mistrato","2017","Trimestre 3","72,522,128.72","18,475.97"
"66456","Mistrato","2019","Trimestre 3","4,390,164.30","1,029.44"
"66456","Mistrato","2022","Trimestre 3","6,433,137.59","820.61"
"66456","Mistrato","2023","Trimestre 3","1,394,756.31","173.60"
"66456","Mistrato","2012","Trimestre 4","6,197,896.93","1,915.09"
"66456","Mistrato","2013","Trimestre 4","3,042,595.37","1,142.39"
"66456","Mistrato","2014","Trimestre 4","2,191,960.46","872.50"
"66456","Mistrato","2017","Trimestre 4","67,972,008.72","17,216.24"
"66456","Mistrato","2012","Trimestre 4","13,792,561.65","4,251.64"
"66456","Mistrato","2013","Trimestre 4","3,747,609.17","1,467.26"
"66456","Mistrato","2016","Trimestre 4","84,461,045.92","20,986.39"
"66456","Mistrato","2017","Trimestre 4","7,877,100.58","2,025.66"
"66456","Mistrato","2018","Trimestre 4","17,537,709.44","4,583.58"
"66456","Mistrato","2012","Trimestre 4","6,132,773.35","1,823.67"
"66456","Mistrato","2013","Trimestre 4","1,178,675.52","467.22"
"66456","Mistrato","2016","Trimestre 4","2,567,623.36","650.42"
"66456","Mistrato","2017","Trimestre 4","56,512,638.97","14,394.76"
"66456","Mistrato","2018","Trimestre 4","11,665,102.66","3,034.05"
"66456","Mistrato","2021","Trimestre 4","20,975,174.57","3,172.91"
"66456","Mistrato","2022","Trimestre 4","4,219,525.19","495.32"
"66456","Mistrato","2023","Trimestre 4","2,368,756.12","288.76"
"66572","Pueblo Rico","2024","Trimestre 1","569,004.40","68.70"
"66572","Pueblo Rico","2024","Trimestre 1","281,462.39","34.31"
"66572","Pueblo Rico","2016","Trimestre 1","2,109,854.52","509.07"
"66572","Pueblo Rico","2016","Trimestre 2","2,759,186.82","684.90"
"66572","Pueblo Rico","2024","Trimestre 2","277,292.49","33.88"
"66572","Pueblo Rico","2016","Trimestre 2","13,705,938.62","3,546.04"
"66572","Pueblo Rico","2016","Trimestre 2","12,919,583.45","3,365.11"
"66572","Pueblo Rico","2017","Trimestre 3","216,375.81","57.78"
"66572","Pueblo Rico","2015","Trimestre 4","3,743,755.63","1,053.10"
"66572","Pueblo Rico","2015","Trimestre 4","1,166,775.06","333.38"
"66572","Pueblo Rico","2015","Trimestre 4","2,072,414.48","619.24"
"66572","Pueblo Rico","2023","Trimestre 4","3,192,657.37","389.23"
"66594","Quinchia","2026","Trimestre 1","7,037,449.58","419.06"
"66594","Quinchia","2026","Trimestre 2","40,824,143.34","2,095.68"
"66594","Quinchia","2012","Trimestre 1","25,131,479.08","7,639.04"
"66594","Quinchia","2013","Trimestre 1","33,561,671.59","10,762.78"
"66594","Quinchia","2014","Trimestre 1","45,777,809.40","18,349.10"
"66594","Quinchia","2015","Trimestre 1","30,124,556.77","10,399.18"
"66594","Quinchia","2016","Trimestre 1","24,817,660.89","6,936.38"
"66594","Quinchia","2017","Trimestre 1","13,544,957.32","3,796.71"
"66594","Quinchia","2018","Trimestre 1","37,690,908.35","9,692.97"
"66594","Quinchia","2019","Trimestre 1","51,409,932.15","12,505.47"
"66594","Quinchia","2022","Trimestre 1","4,019,650.66","552.30"
"66594","Quinchia","2023","Trimestre 1","62,345,085.78","7,072.41"
"66594","Quinchia","2024","Trimestre 1","993,205.25","120.19"
"66594","Quinchia","2025","Trimestre 1","17,990,243.08","1,703.25"
"66594","Quinchia","2012","Trimestre 1","30,838,020.45","9,775.92"
"66594","Quinchia","2013","Trimestre 1","20,783,805.65","6,830.46"
"66594","Quinchia","2014","Trimestre 1","35,312,226.84","14,071.29"
"66594","Quinchia","2015","Trimestre 1","13,328,941.37","4,363.44"
"66594","Quinchia","2016","Trimestre 1","31,497,304.18","8,498.70"
"66594","Quinchia","2017","Trimestre 1","22,264,160.45","6,171.25"
"66594","Quinchia","2018","Trimestre 1","65,739,916.38","16,725.05"
"66594","Quinchia","2019","Trimestre 1","56,674,032.05","13,498.60"
"66594","Quinchia","2023","Trimestre 1","103,909,124.60","11,506.47"
"66594","Quinchia","2024","Trimestre 1","38,396,830.09","4,642.62"
"66594","Quinchia","2025","Trimestre 1","53,025,474.77","4,449.60"
"66594","Quinchia","2012","Trimestre 1","33,130,912.76","10,361.29"
"66594","Quinchia","2013","Trimestre 1","23,079,937.81","7,694.20"
"66594","Quinchia","2014","Trimestre 1","34,327,988.85","12,569.67"
"66594","Quinchia","2016","Trimestre 1","35,053,925.16","8,488.09"
"66594","Quinchia","2017","Trimestre 1","33,107,706.82","9,046.48"
"66594","Quinchia","2018","Trimestre 1","53,412,784.85","13,631.97"
"66594","Quinchia","2019","Trimestre 1","56,545,315.98","13,366.51"
"66594","Quinchia","2020","Trimestre 1","110,160,594.70","20,901.85"
"66594","Quinchia","2021","Trimestre 1","149,501,413.00","22,508.38"
"66594","Quinchia","2022","Trimestre 1","88,165,693.24","11,730.08"
"66594","Quinchia","2023","Trimestre 1","57,717,157.21","6,277.46"
"66594","Quinchia","2024","Trimestre 1","39,251,991.02","4,778.79"
"66594","Quinchia","2025","Trimestre 1","12,927,560.91","1,092.50"
"66594","Quinchia","2012","Trimestre 2","37,347,649.45","12,281.30"
"66594","Quinchia","2013","Trimestre 2","28,017,015.15","9,435.95"
"66594","Quinchia","2014","Trimestre 2","37,330,430.29","13,436.67"
"66594","Quinchia","2015","Trimestre 2","30,247,550.94","9,779.13"
"66594","Quinchia","2016","Trimestre 2","20,898,889.98","5,187.60"
"66594","Quinchia","2017","Trimestre 2","18,025,272.21","4,837.78"
"66594","Quinchia","2018","Trimestre 2","40,077,052.74","10,322.03"
"66594","Quinchia","2023","Trimestre 2","64,372,254.31","6,986.46"
"66594","Quinchia","2024","Trimestre 2","73,755,701.49","8,779.16"
"66594","Quinchia","2025","Trimestre 2","4,931,378.17","400.71"
"66594","Quinchia","2026","Trimestre 2","6,420,150.90","350.04"
"66594","Quinchia","2012","Trimestre 2","24,328,581.21","7,902.32"
"66594","Quinchia","2013","Trimestre 2","34,561,964.82","12,361.17"
"66594","Quinchia","2014","Trimestre 2","34,528,527.68","13,323.04"
"66594","Quinchia","2015","Trimestre 2","12,083,006.86","3,928.61"
"66594","Quinchia","2016","Trimestre 2","17,242,405.64","4,499.17"
"66594","Quinchia","2017","Trimestre 2","23,481,985.15","6,276.32"
"66594","Quinchia","2018","Trimestre 2","39,388,880.54","10,373.10"
"66594","Quinchia","2023","Trimestre 2","101,332,444.30","10,887.17"
"66594","Quinchia","2024","Trimestre 2","14,986,659.86","1,652.20"
"66594","Quinchia","2026","Trimestre 2","7,198,878.40","387.19"
"66594","Quinchia","2012","Trimestre 2","30,383,511.15","10,379.47"
"66594","Quinchia","2013","Trimestre 2","28,722,225.15","10,687.75"
"66594","Quinchia","2014","Trimestre 2","42,326,718.66","16,632.28"
"66594","Quinchia","2015","Trimestre 2","9,446,177.01","3,145.10"
"66594","Quinchia","2016","Trimestre 2","24,749,645.66","6,379.72"
"66594","Quinchia","2017","Trimestre 2","26,115,646.02","6,973.36"
"66594","Quinchia","2018","Trimestre 2","46,870,191.15","12,214.12"
"66594","Quinchia","2019","Trimestre 2","75,238,844.85","17,803.06"
"66594","Quinchia","2020","Trimestre 2","92,563,195.16","14,105.74"
"66594","Quinchia","2021","Trimestre 2","137,763,269.71","20,707.03"
"66594","Quinchia","2022","Trimestre 2","109,828,196.43","14,471.14"
"66594","Quinchia","2023","Trimestre 2","52,815,706.85","5,677.80"
"66594","Quinchia","2025","Trimestre 2","21,550,330.67","1,685.62"
"66594","Quinchia","2026","Trimestre 2","7,204,195.36","410.22"
"66594","Quinchia","2012","Trimestre 3","35,100,658.99","11,949.80"
"66594","Quinchia","2013","Trimestre 3","26,971,134.14","10,229.78"
"66594","Quinchia","2014","Trimestre 3","44,214,116.79","17,774.21"
"66594","Quinchia","2015","Trimestre 3","16,410,021.90","5,280.22"
"66594","Quinchia","2016","Trimestre 3","15,542,928.24","3,954.72"
"66594","Quinchia","2017","Trimestre 3","17,534,171.32","4,567.56"
"66594","Quinchia","2018","Trimestre 3","53,664,988.88","14,083.43"
"66594","Quinchia","2023","Trimestre 3","46,162,166.36","5,370.26"
"66594","Quinchia","2024","Trimestre 3","25,384,775.71","2,721.89"
"66594","Quinchia","2025","Trimestre 3","26,279,173.44","1,908.88"
"66594","Quinchia","2026","Trimestre 3","9,116,791.33","518.56"
"66594","Quinchia","2012","Trimestre 3","32,241,844.56","10,779.42"
"66594","Quinchia","2013","Trimestre 3","39,391,973.23","15,471.75"
"66594","Quinchia","2014","Trimestre 3","59,469,559.78","23,734.64"
"66594","Quinchia","2015","Trimestre 3","29,926,575.90","9,424.96"
"66594","Quinchia","2016","Trimestre 3","27,369,100.00","6,721.47"
"66594","Quinchia","2017","Trimestre 3","41,950,999.12","10,882.78"
"66594","Quinchia","2018","Trimestre 3","50,926,691.98","13,829.44"
"66594","Quinchia","2023","Trimestre 3","37,723,742.58","4,542.26"
"66594","Quinchia","2024","Trimestre 3","5,882,268.45","608.49"
"66594","Quinchia","2025","Trimestre 3","17,804,859.36","1,367.95"
"66594","Quinchia","2012","Trimestre 3","22,009,817.31","7,286.47"
"66594","Quinchia","2013","Trimestre 3","23,307,298.25","8,717.00"
"66594","Quinchia","2014","Trimestre 3","64,573,026.91","25,530.35"
"66594","Quinchia","2015","Trimestre 3","27,374,270.21","7,900.49"
"66594","Quinchia","2016","Trimestre 3","24,591,180.48","6,010.02"
"66594","Quinchia","2017","Trimestre 3","41,866,917.04","10,666.15"
"66594","Quinchia","2018","Trimestre 3","61,624,587.22","16,844.39"
"66594","Quinchia","2019","Trimestre 3","154,656,258.23","33,205.29"
"66594","Quinchia","2020","Trimestre 3","233,029,383.47","33,583.49"
"66594","Quinchia","2021","Trimestre 3","118,655,961.50","21,209.93"
"66594","Quinchia","2022","Trimestre 3","101,568,120.64","13,429.33"
"66594","Quinchia","2023","Trimestre 3","57,744,962.18","7,120.50"
"66594","Quinchia","2024","Trimestre 3","7,756,617.52","784.56"
"66594","Quinchia","2025","Trimestre 3","17,525,325.93","1,252.06"
"66594","Quinchia","2012","Trimestre 4","31,483,318.91","9,728.04"
"66594","Quinchia","2013","Trimestre 4","59,447,605.20","22,320.53"
"66594","Quinchia","2014","Trimestre 4","49,204,903.61","19,579.01"
"66594","Quinchia","2015","Trimestre 4","23,883,397.47","6,718.28"
"66594","Quinchia","2016","Trimestre 4","25,008,352.27","6,276.49"
"66594","Quinchia","2017","Trimestre 4","69,570,686.82","17,621.16"
"66594","Quinchia","2018","Trimestre 4","71,013,967.03","19,073.27"
"66594","Quinchia","2023","Trimestre 4","16,159,809.48","2,040.18"
"66594","Quinchia","2024","Trimestre 4","16,854,048.89","1,730.09"
"66594","Quinchia","2025","Trimestre 4","23,513,083.48","1,755.69"
"66594","Quinchia","2012","Trimestre 4","29,853,951.75","9,202.66"
"66594","Quinchia","2013","Trimestre 4","61,857,888.17","24,218.54"
"66594","Quinchia","2014","Trimestre 4","51,340,447.23","19,961.05"
"66594","Quinchia","2015","Trimestre 4","28,606,030.53","8,150.39"
"66594","Quinchia","2016","Trimestre 4","25,024,646.99","6,536.84"
"66594","Quinchia","2017","Trimestre 4","70,941,735.77","18,243.24"
"66594","Quinchia","2018","Trimestre 4","42,646,742.43","11,098.10"
"66594","Quinchia","2024","Trimestre 4","15,282,681.17","1,350.33"
"66594","Quinchia","2025","Trimestre 4","6,976,034.16","492.16"
"66594","Quinchia","2012","Trimestre 4","30,543,329.97","9,247.31"
"66594","Quinchia","2013","Trimestre 4","55,403,150.70","21,961.48"
"66594","Quinchia","2014","Trimestre 4","77,918,890.43","30,284.76"
"66594","Quinchia","2015","Trimestre 4","32,929,810.40","9,833.14"
"66594","Quinchia","2016","Trimestre 4","15,737,413.91","3,986.52"
"66594","Quinchia","2017","Trimestre 4","54,022,709.81","13,583.72"
"66594","Quinchia","2018","Trimestre 4","42,353,245.95","10,550.16"
"66594","Quinchia","2019","Trimestre 4","139,584,333.90","26,644.97"
"66594","Quinchia","2020","Trimestre 4","312,288,642.90","42,443.89"
"66594","Quinchia","2021","Trimestre 4","172,160,576.70","26,815.98"
"66594","Quinchia","2022","Trimestre 4","195,664,112.00","24,308.11"
"66594","Quinchia","2023","Trimestre 4","57,698,203.49","7,074.13"
"66594","Quinchia","2024","Trimestre 4","41,396,830.12","3,479.64"
"66594","Quinchia","2025","Trimestre 4","16,122,669.41","1,007.39"
"66682","Santa Rosa de Cabal","2016","Trimestre 1","38,424,348.97","10,739.37"
"66682","Santa Rosa de Cabal","2014","Trimestre 1","566,775.72","225.85"
"66682","Santa Rosa de Cabal","2016","Trimestre 1","99,806,153.64","27,033.73"
"66682","Santa Rosa de Cabal","2016","Trimestre 1","114,666,856.19","28,288.95"
"66682","Santa Rosa de Cabal","2017","Trimestre 1","28,963,312.45","7,896.59"
"66682","Santa Rosa de Cabal","2021","Trimestre 1","66,091,713.51","9,976.03"
"66682","Santa Rosa de Cabal","2016","Trimestre 2","55,491,598.14","13,774.34"
"66682","Santa Rosa de Cabal","2016","Trimestre 2","52,416,178.74","13,677.29"
"66682","Santa Rosa de Cabal","2016","Trimestre 2","61,700,091.07","15,904.43"
"66682","Santa Rosa de Cabal","2020","Trimestre 2","831,024,933.54","147,906.06"
"66682","Santa Rosa de Cabal","2021","Trimestre 2","92,802,725.27","14,038.37"
"66682","Santa Rosa de Cabal","2016","Trimestre 3","29,125,432.92","7,410.63"
"66682","Santa Rosa de Cabal","2012","Trimestre 3","747,158.15","247.95"
"66682","Santa Rosa de Cabal","2019","Trimestre 3","163,150,865.10","36,265.57"
"66682","Santa Rosa de Cabal","2020","Trimestre 3","1,179,520,338.89","232,457.46"
"66682","Santa Rosa de Cabal","2015","Trimestre 4","103,313,131.29","29,061.48"
"66682","Santa Rosa de Cabal","2015","Trimestre 4","70,518,155.93","20,149.09"
"66682","Santa Rosa de Cabal","2015","Trimestre 4","63,604,518.82","19,005.17"
"66682","Santa Rosa de Cabal","2016","Trimestre 4","18,493,602.67","4,990.00"
"66682","Santa Rosa de Cabal","2019","Trimestre 4","102,705,646.19","21,487.63"
"66682","Santa Rosa de Cabal","2020","Trimestre 4","509,097,432.52","68,293.60"
"66682","Santa Rosa de Cabal","2021","Trimestre 4","285,305,630.99","40,995.90"
"68001","Bucaramanga","2021","Trimestre 1","838.20","- 0"
"68001","Bucaramanga","2012","Trimestre 2","2,478,113.96","775.00"
"68001","Bucaramanga","2012","Trimestre 2","12,053.37","4.00"
"68132","California","2026","Trimestre 3","1,252,117.17","71.22"
"68132","California","2012","Trimestre 1","2,034,041.37","618.27"
"68132","California","2013","Trimestre 1","56,155,502.73","18,008.32"
"68132","California","2026","Trimestre 1","10,805,990.12","679.88"
"68132","California","2024","Trimestre 1","5,003,861.45","609.97"
"68132","California","2016","Trimestre 1","2,225,101.40","536.88"
"68132","California","2020","Trimestre 1","25,011,864.00","6,000.00"
"68132","California","2024","Trimestre 1","6,708,702.65","809.99"
"68132","California","2025","Trimestre 1","43,423,842.33","3,528.50"
"68132","California","2026","Trimestre 1","15,269,076.45","894.85"
"68132","California","2013","Trimestre 2","8,955,812.83","3,016.26"
"68132","California","2023","Trimestre 2","25,603,561.91","3,048.71"
"68132","California","2025","Trimestre 2","11,787,997.09","928.80"
"68132","California","2026","Trimestre 2","14,186,845.24","777.89"
"68132","California","2023","Trimestre 2","17,124,680.47","1,838.48"
"68132","California","2026","Trimestre 2","2,616,911.94","140.75"
"68132","California","2020","Trimestre 2","16,016,298.80","3,000.00"
"68132","California","2023","Trimestre 2","10,010,511.90","1,076.32"
"68132","California","2025","Trimestre 2","26,103,747.33","1,846.85"
"68132","California","2026","Trimestre 2","7,274,012.13","413.73"
"68132","California","2014","Trimestre 3","5,480,060.40","2,205.37"
"68132","California","2024","Trimestre 3","10,496,107.85","1,129.56"
"68132","California","2025","Trimestre 3","14,083,589.36","997.18"
"68132","California","2026","Trimestre 3","4,145,418.52","235.79"
"68132","California","2014","Trimestre 3","158,593,966.68","63,270.30"
"68132","California","2024","Trimestre 3","9,673,537.47","971.22"
"68132","California","2014","Trimestre 3","128,914,593.63","50,969.18"
"68132","California","2019","Trimestre 3","7,490,000.00","2,000.00"
"68132","California","2020","Trimestre 3","21,212,119.08","3,098.00"
"68132","California","2025","Trimestre 3","8,380,434.62","602.91"
"68132","California","2012","Trimestre 4","6,587,456.09","2,035.46"
"68132","California","2014","Trimestre 4","30,086,736.24","11,975.89"
"68132","California","2024","Trimestre 4","3,033,362.71","274.02"
"68132","California","2025","Trimestre 4","8,656,561.60","585.00"
"68132","California","2014","Trimestre 4","8,160,989.33","3,169.72"
"68132","California","2025","Trimestre 4","7,057,518.24","435.84"
"68132","California","2012","Trimestre 4","2,403,274.25","745.48"
"68132","California","2013","Trimestre 4","641,018.80","228.00"
"68132","California","2014","Trimestre 4","52,426,020.60","20,369.06"
"68132","California","2015","Trimestre 4","4,383,409.63","1,317.06"
"68132","California","2016","Trimestre 4","766,693.00","175.00"
"68132","California","2020","Trimestre 4","3,230,561.95","441.00"
"68132","California","2022","Trimestre 4","2,351,232.76","306.00"
"68132","California","2023","Trimestre 4","77,668,277.88","9,533.31"
"68132","California","2024","Trimestre 4","10,343,209.15","860.36"
"68132","California","2025","Trimestre 4","2,613,596.20","164.44"
"68307","Giron","2021","Trimestre 1","161.80","- 0"
"68406","Lebrija","2026","Trimestre 2","43,985,918.07","- 0"
"68406","Lebrija","2025","Trimestre 1","4,688,206.47","- 0"
"68406","Lebrija","2026","Trimestre 1","35,528,944.80","2,006.13"
"68406","Lebrija","2025","Trimestre 1","7,727,193.08","- 0"
"68406","Lebrija","2021","Trimestre 1","21,614,798.84","- 0"
"68406","Lebrija","2026","Trimestre 1","25,092,547.41","1,344.30"
"68406","Lebrija","2025","Trimestre 2","14,676,187.87","- 0"
"68406","Lebrija","2026","Trimestre 2","23,032,582.78","1,147.76"
"68406","Lebrija","2025","Trimestre 2","22,102,395.83","- 0"
"68406","Lebrija","2025","Trimestre 3","7,673,525.10","- 0"
"68406","Lebrija","2024","Trimestre 3","8,616,682.32","- 0"
"68406","Lebrija","2024","Trimestre 3","9,651,538.04","419.17"
"68406","Lebrija","2025","Trimestre 3","16,994,217.18","- 0"
"68406","Lebrija","2025","Trimestre 4","11,165,708.53","- 0"
"68406","Lebrija","2024","Trimestre 4","13,812,178.29","- 0"
"68406","Lebrija","2016","Trimestre 4","14,634,562.26","2,471.43"
"68406","Lebrija","2021","Trimestre 4","9,242,683.63","852.82"
"68406","Lebrija","2022","Trimestre 4","5,112,459.70","- 0"
"68406","Lebrija","2024","Trimestre 4","14,971,264.60","581.49"
"68406","Lebrija","2025","Trimestre 4","20,249,628.00","1,231.17"
"68444","Matanza","2022","Trimestre 1","3,272,123.25","442.26"
"68444","Matanza","2021","Trimestre 2","1,039,013.12","149.94"
"68444","Matanza","2022","Trimestre 2","4,218,981.54","557.52"
"68615","Rionegro - Santander","2026","Trimestre 2","15,374,295.25","3,506.91"
"68615","Rionegro - Santander","2016","Trimestre 1","4,991,782.11","1,395.17"
"68615","Rionegro - Santander","2023","Trimestre 1","19,674,695.67","2,260.84"
"68615","Rionegro - Santander","2025","Trimestre 1","14,764,932.41","1,078.75"
"68615","Rionegro - Santander","2026","Trimestre 1","12,207,250.16","- 0"
"68615","Rionegro - Santander","2015","Trimestre 1","22,952,403.41","7,430.90"
"68615","Rionegro - Santander","2016","Trimestre 1","9,745,136.11","2,629.46"
"68615","Rionegro - Santander","2017","Trimestre 1","9,934,589.44","1,835.80"
"68615","Rionegro - Santander","2023","Trimestre 1","21,195,761.82","2,390.93"
"68615","Rionegro - Santander","2024","Trimestre 1","35,944,456.39","2,901.27"
"68615","Rionegro - Santander","2025","Trimestre 1","24,335,848.74","1,792.01"
"68615","Rionegro - Santander","2016","Trimestre 1","8,213,029.60","1,981.67"
"68615","Rionegro - Santander","2017","Trimestre 1","10,388,305.67","1,900.63"
"68615","Rionegro - Santander","2021","Trimestre 1","23,229,182.16","- 0"
"68615","Rionegro - Santander","2022","Trimestre 1","6,746,579.35","926.98"
"68615","Rionegro - Santander","2023","Trimestre 1","25,538,587.52","2,772.66"
"68615","Rionegro - Santander","2024","Trimestre 1","19,876,814.70","1,615.31"
"68615","Rionegro - Santander","2026","Trimestre 1","8,770,539.51","- 0"
"68615","Rionegro - Santander","2015","Trimestre 2","29,891,354.50","9,651.41"
"68615","Rionegro - Santander","2016","Trimestre 2","4,849,695.44","1,203.81"
"68615","Rionegro - Santander","2017","Trimestre 2","9,278,323.11","1,660.13"
"68615","Rionegro - Santander","2023","Trimestre 2","33,085,760.58","2,407.03"
"68615","Rionegro - Santander","2024","Trimestre 2","24,518,777.83","1,997.16"
"68615","Rionegro - Santander","2025","Trimestre 2","46,220,857.22","3,339.44"
"68615","Rionegro - Santander","2015","Trimestre 2","6,929,532.03","2,253.30"
"68615","Rionegro - Santander","2016","Trimestre 2","12,860,058.19","3,355.66"
"68615","Rionegro - Santander","2017","Trimestre 2","19,415,582.86","3,459.63"
"68615","Rionegro - Santander","2023","Trimestre 2","38,530,047.73","2,739.92"
"68615","Rionegro - Santander","2024","Trimestre 2","22,141,920.08","1,702.75"
"68615","Rionegro - Santander","2026","Trimestre 2","8,050,524.88","- 0"
"68615","Rionegro - Santander","2015","Trimestre 2","37,037,336.79","12,003.24"
"68615","Rionegro - Santander","2016","Trimestre 2","11,705,654.32","3,017.37"
"68615","Rionegro - Santander","2017","Trimestre 2","5,956,972.75","1,060.41"
"68615","Rionegro - Santander","2022","Trimestre 2","43,693,046.14","5,768.77"
"68615","Rionegro - Santander","2023","Trimestre 2","39,193,147.37","2,805.15"
"68615","Rionegro - Santander","2025","Trimestre 2","69,608,790.18","4,542.04"
"68615","Rionegro - Santander","2015","Trimestre 3","8,973,366.10","2,946.21"
"68615","Rionegro - Santander","2016","Trimestre 3","15,494,986.79","3,942.52"
"68615","Rionegro - Santander","2023","Trimestre 3","31,551,942.49","2,261.62"
"68615","Rionegro - Santander","2024","Trimestre 3","31,238,896.24","2,241.22"
"68615","Rionegro - Santander","2025","Trimestre 3","24,166,828.01","1,497.55"
"68615","Rionegro - Santander","2015","Trimestre 3","9,371,618.01","2,950.23"
"68615","Rionegro - Santander","2016","Trimestre 3","7,498,969.33","1,227.41"
"68615","Rionegro - Santander","2017","Trimestre 3","7,419,246.85","1,279.98"
"68615","Rionegro - Santander","2023","Trimestre 3","28,233,828.30","2,237.08"
"68615","Rionegro - Santander","2024","Trimestre 3","27,137,186.25","2,481.57"
"68615","Rionegro - Santander","2016","Trimestre 3","13,975,485.08","3,431.22"
"68615","Rionegro - Santander","2022","Trimestre 3","22,858,939.24","3,038.82"
"68615","Rionegro - Santander","2023","Trimestre 3","32,959,509.69","2,693.24"
"68615","Rionegro - Santander","2024","Trimestre 3","18,550,733.09","1,635.91"
"68615","Rionegro - Santander","2025","Trimestre 3","53,521,206.80","3,345.31"
"68615","Rionegro - Santander","2016","Trimestre 4","11,068,867.33","1,852.01"
"68615","Rionegro - Santander","2023","Trimestre 4","33,520,374.95","2,781.39"
"68615","Rionegro - Santander","2025","Trimestre 4","35,165,032.27","2,203.09"
"68615","Rionegro - Santander","2016","Trimestre 4","16,348,964.44","2,852.68"
"68615","Rionegro - Santander","2024","Trimestre 4","43,499,764.83","3,562.97"
"68615","Rionegro - Santander","2015","Trimestre 4","16,335,283.87","4,881.02"
"68615","Rionegro - Santander","2016","Trimestre 4","6,293,893.03","1,062.89"
"68615","Rionegro - Santander","2020","Trimestre 4","36,354,015.73","5,361.17"
"68615","Rionegro - Santander","2021","Trimestre 4","23,927,170.10","3,251.89"
"68615","Rionegro - Santander","2022","Trimestre 4","79,405,949.92","10,327.67"
"68615","Rionegro - Santander","2023","Trimestre 4","58,337,198.11","4,794.38"
"68615","Rionegro - Santander","2024","Trimestre 4","25,133,851.63","1,865.92"
"68615","Rionegro - Santander","2025","Trimestre 4","7,077,805.20","- 0"
"68655","Sabana de Torres","2024","Trimestre 4","5,510,366.74","653.35"
"68780","Surata","2020","Trimestre 1","41,444,556.89","8,913.80"
"68780","Surata","2021","Trimestre 1","1,803,993.42","268.05"
"68780","Surata","2022","Trimestre 1","10,549,769.08","1,422.90"
"68780","Surata","2021","Trimestre 2","8,079,441.65","1,154.19"
"68780","Surata","2022","Trimestre 2","5,173,585.48","683.29"
"68780","Surata","2026","Trimestre 3","701,768.92","39.96"
"68780","Surata","2020","Trimestre 3","38,662,913.64","6,063.00"
"68780","Surata","2020","Trimestre 4","17,567,556.90","2,405.99"
"68867","Vetas","2026","Trimestre 1","17,157,780.10","950.34"
"68867","Vetas","2026","Trimestre 3","6,585,833.91","374.60"
"68867","Vetas","2012","Trimestre 1","1,964,317.97","597.08"
"68867","Vetas","2014","Trimestre 1","2,768,282.72","1,133.54"
"68867","Vetas","2015","Trimestre 1","1,534,127.12","529.59"
"68867","Vetas","2016","Trimestre 1","10,457,367.09","2,922.77"
"68867","Vetas","2017","Trimestre 1","8,471,899.51","2,374.71"
"68867","Vetas","2018","Trimestre 1","11,700,666.02","3,009.06"
"68867","Vetas","2019","Trimestre 1","11,725,957.19","2,852.34"
"68867","Vetas","2023","Trimestre 1","4,889,778.79","559.10"
"68867","Vetas","2026","Trimestre 1","20,865,417.30","1,293.16"
"68867","Vetas","2012","Trimestre 1","8,092,140.68","2,567.89"
"68867","Vetas","2013","Trimestre 1","7,036,715.75","2,312.57"
"68867","Vetas","2014","Trimestre 1","5,744,899.97","2,289.24"
"68867","Vetas","2015","Trimestre 1","20,902,319.41","6,767.18"
"68867","Vetas","2016","Trimestre 1","12,890,226.37","3,478.08"
"68867","Vetas","2017","Trimestre 1","14,140,403.63","3,919.48"
"68867","Vetas","2018","Trimestre 1","8,682,202.55","2,208.86"
"68867","Vetas","2019","Trimestre 1","19,475,913.69","4,632.31"
"68867","Vetas","2023","Trimestre 1","29,684,516.33","3,246.93"
"68867","Vetas","2024","Trimestre 1","118,594,786.40","14,421.95"
"68867","Vetas","2025","Trimestre 1","11,978,680.48","999.19"
"68867","Vetas","2012","Trimestre 1","8,785,153.81","2,747.45"
"68867","Vetas","2013","Trimestre 1","4,288,815.30","1,429.77"
"68867","Vetas","2014","Trimestre 1","8,471,236.73","3,101.86"
"68867","Vetas","2015","Trimestre 1","3,709,956.86","1,213.81"
"68867","Vetas","2016","Trimestre 1","23,591,435.85","5,692.23"
"68867","Vetas","2017","Trimestre 1","30,915,453.20","8,447.46"
"68867","Vetas","2018","Trimestre 1","14,809,581.36","3,779.69"
"68867","Vetas","2019","Trimestre 1","12,945,916.20","3,060.23"
"68867","Vetas","2020","Trimestre 1","65,855,762.80","12,072.65"
"68867","Vetas","2021","Trimestre 1","66,152,904.99","9,935.06"
"68867","Vetas","2022","Trimestre 1","27,274,913.61","3,650.71"
"68867","Vetas","2023","Trimestre 1","36,561,119.60","3,989.80"
"68867","Vetas","2024","Trimestre 1","15,024,374.76","1,835.70"
"68867","Vetas","2025","Trimestre 1","36,338,722.50","2,973.58"
"68867","Vetas","2026","Trimestre 1","64,950,830.35","3,501.41"
"68867","Vetas","2012","Trimestre 2","4,785,010.78","1,573.49"
"68867","Vetas","2013","Trimestre 2","5,988,238.19","2,016.80"
"68867","Vetas","2014","Trimestre 2","7,128,380.34","2,565.78"
"68867","Vetas","2015","Trimestre 2","33,725,811.12","10,813.69"
"68867","Vetas","2016","Trimestre 2","7,521,677.50","1,867.06"
"68867","Vetas","2017","Trimestre 2","24,731,030.56","6,637.53"
"68867","Vetas","2018","Trimestre 2","31,814,688.74","8,194.02"
"68867","Vetas","2023","Trimestre 2","15,965,592.98","1,703.00"
"68867","Vetas","2024","Trimestre 2","30,606,715.56","3,530.56"
"68867","Vetas","2025","Trimestre 2","46,797,226.99","3,714.95"
"68867","Vetas","2026","Trimestre 2","36,743,163.38","1,959.06"
"68867","Vetas","2012","Trimestre 2","7,682,877.03","2,549.62"
"68867","Vetas","2014","Trimestre 2","6,522,459.14","2,516.73"
"68867","Vetas","2015","Trimestre 2","8,016,121.28","2,606.63"
"68867","Vetas","2016","Trimestre 2","23,556,619.71","6,146.78"
"68867","Vetas","2017","Trimestre 2","11,079,519.77","2,961.36"
"68867","Vetas","2018","Trimestre 2","13,162,548.69","3,466.37"
"68867","Vetas","2023","Trimestre 2","21,108,053.25","2,264.55"
"68867","Vetas","2024","Trimestre 2","45,926,604.52","4,977.02"
"68867","Vetas","2026","Trimestre 2","10,823,311.20","602.11"
"68867","Vetas","2012","Trimestre 2","5,289,606.16","1,807.01"
"68867","Vetas","2013","Trimestre 2","6,994,756.39","2,602.80"
"68867","Vetas","2014","Trimestre 2","8,305,371.18","3,271.47"
"68867","Vetas","2015","Trimestre 2","8,926,849.02","2,972.19"
"68867","Vetas","2016","Trimestre 2","18,151,843.61","4,679.00"
"68867","Vetas","2017","Trimestre 2","16,218,540.62","4,330.65"
"68867","Vetas","2018","Trimestre 2","12,277,734.56","3,204.56"
"68867","Vetas","2019","Trimestre 2","24,555,767.06","5,847.02"
"68867","Vetas","2020","Trimestre 2","67,897,486.27","10,225.82"
"68867","Vetas","2021","Trimestre 2","106,954,307.51","16,001.45"
"68867","Vetas","2022","Trimestre 2","66,429,080.82","8,753.67"
"68867","Vetas","2023","Trimestre 2","24,042,211.55","2,584.75"
"68867","Vetas","2025","Trimestre 2","60,680,742.07","4,314.11"
"68867","Vetas","2026","Trimestre 2","12,456,122.06","708.50"
"68867","Vetas","2012","Trimestre 3","7,392,087.52","2,516.59"
"68867","Vetas","2013","Trimestre 3","10,438,554.33","3,959.20"
"68867","Vetas","2014","Trimestre 3","26,431,848.29","10,637.11"
"68867","Vetas","2015","Trimestre 3","7,747,880.35","2,493.02"
"68867","Vetas","2016","Trimestre 3","10,610,424.65","2,699.70"
"68867","Vetas","2017","Trimestre 3","10,943,324.08","2,850.06"
"68867","Vetas","2018","Trimestre 3","17,770,940.65","4,663.67"
"68867","Vetas","2023","Trimestre 3","24,442,443.88","2,905.01"
"68867","Vetas","2024","Trimestre 3","30,923,329.33","3,305.50"
"68867","Vetas","2025","Trimestre 3","131,864,699.08","9,519.38"
"68867","Vetas","2026","Trimestre 3","58,817,306.47","3,513.80"
"68867","Vetas","2012","Trimestre 3","5,446,009.50","1,861.35"
"68867","Vetas","2013","Trimestre 3","5,280,067.19","2,096.91"
"68867","Vetas","2014","Trimestre 3","69,883,835.61","27,879.82"
"68867","Vetas","2015","Trimestre 3","15,438,266.98","4,860.04"
"68867","Vetas","2016","Trimestre 3","14,236,627.29","3,495.33"
"68867","Vetas","2017","Trimestre 3","25,418,713.22","6,577.90"
"68867","Vetas","2018","Trimestre 3","26,648,355.80","7,241.66"
"68867","Vetas","2023","Trimestre 3","28,725,371.29","3,520.88"
"68867","Vetas","2024","Trimestre 3","24,345,848.73","2,444.31"
"68867","Vetas","2025","Trimestre 3","2,639,887.85","189.92"
"68867","Vetas","2012","Trimestre 3","8,194,880.92","2,712.96"
"68867","Vetas","2013","Trimestre 3","9,477,968.05","3,594.54"
"68867","Vetas","2014","Trimestre 3","32,449,465.94","12,829.60"
"68867","Vetas","2015","Trimestre 3","3,841,376.97","1,108.66"
"68867","Vetas","2016","Trimestre 3","21,744,193.97","5,314.22"
"68867","Vetas","2017","Trimestre 3","31,290,389.74","7,971.64"
"68867","Vetas","2018","Trimestre 3","19,043,794.89","5,205.64"
"68867","Vetas","2019","Trimestre 3","90,094,572.27","18,678.25"
"68867","Vetas","2020","Trimestre 3","96,863,310.75","14,444.97"
"68867","Vetas","2021","Trimestre 3","72,893,866.89","10,282.97"
"68867","Vetas","2022","Trimestre 3","122,762,959.13","15,732.71"
"68867","Vetas","2023","Trimestre 3","68,626,186.34","8,541.50"
"68867","Vetas","2024","Trimestre 3","21,094,014.55","2,043.10"
"68867","Vetas","2025","Trimestre 3","67,306,249.30","4,820.03"
"68867","Vetas","2012","Trimestre 4","7,746,327.43","2,393.54"
"68867","Vetas","2013","Trimestre 4","1,633,571.61","613.35"
"68867","Vetas","2014","Trimestre 4","42,241,929.52","16,814.21"
"68867","Vetas","2015","Trimestre 4","9,507,843.47","2,674.51"
"68867","Vetas","2016","Trimestre 4","14,928,813.23","3,746.77"
"68867","Vetas","2017","Trimestre 4","25,047,193.91","6,344.06"
"68867","Vetas","2018","Trimestre 4","21,150,636.50","5,647.70"
"68867","Vetas","2023","Trimestre 4","13,101,070.82","1,641.12"
"68867","Vetas","2024","Trimestre 4","50,038,812.99","4,598.96"
"68867","Vetas","2025","Trimestre 4","20,828,036.64","1,421.09"
"68867","Vetas","2012","Trimestre 4","6,535,995.88","2,014.76"
"68867","Vetas","2013","Trimestre 4","12,903,717.76","5,052.05"
"68867","Vetas","2014","Trimestre 4","18,708,931.33","7,266.53"
"68867","Vetas","2015","Trimestre 4","9,533,750.31","2,724.07"
"68867","Vetas","2016","Trimestre 4","23,033,907.90","6,028.68"
"68867","Vetas","2017","Trimestre 4","19,778,690.82","5,086.25"
"68867","Vetas","2018","Trimestre 4","18,790,470.48","4,877.75"
"68867","Vetas","2024","Trimestre 4","29,764,635.48","2,527.58"
"68867","Vetas","2025","Trimestre 4","55,037,040.42","3,507.13"
"68867","Vetas","2012","Trimestre 4","4,490,326.51","1,392.87"
"68867","Vetas","2013","Trimestre 4","9,915,738.34","3,930.54"
"68867","Vetas","2014","Trimestre 4","75,579,740.97","29,375.60"
"68867","Vetas","2015","Trimestre 4","17,872,760.12","5,340.42"
"68867","Vetas","2016","Trimestre 4","22,304,142.49","5,649.97"
"68867","Vetas","2017","Trimestre 4","35,383,580.89","8,897.14"
"68867","Vetas","2018","Trimestre 4","37,222,929.00","9,307.49"
"68867","Vetas","2019","Trimestre 4","61,692,941.34","11,845.43"
"68867","Vetas","2020","Trimestre 4","114,335,796.00","15,741.76"
"68867","Vetas","2021","Trimestre 4","106,247,869.08","15,069.29"
"68867","Vetas","2022","Trimestre 4","114,709,890.61","13,923.06"
"68867","Vetas","2023","Trimestre 4","119,141,228.32","14,454.49"
"68867","Vetas","2024","Trimestre 4","51,054,837.52","4,258.24"
"68867","Vetas","2025","Trimestre 4","72,861,543.82","4,584.24"
"70771","Sucre - Sucre","2026","Trimestre 1","56,142,242.31","3,343.11"
"70771","Sucre - Sucre","2023","Trimestre 1","9,815,940.13","1,122.36"
"70771","Sucre - Sucre","2025","Trimestre 1","127,729,362.72","10,879.79"
"70771","Sucre - Sucre","2023","Trimestre 1","12,804,001.55","1,586.92"
"70771","Sucre - Sucre","2024","Trimestre 1","61,419,268.61","7,445.39"
"70771","Sucre - Sucre","2025","Trimestre 1","84,466,936.98","7,072.28"
"70771","Sucre - Sucre","2021","Trimestre 1","279,290,524.10","40,163.19"
"70771","Sucre - Sucre","2022","Trimestre 1","25,777,459.09","3,454.17"
"70771","Sucre - Sucre","2023","Trimestre 1","23,548,120.99","3,276.63"
"70771","Sucre - Sucre","2024","Trimestre 1","17,215,309.32","2,098.53"
"70771","Sucre - Sucre","2025","Trimestre 1","122,221,499.64","10,179.65"
"70771","Sucre - Sucre","2026","Trimestre 1","82,208,714.01","4,334.67"
"70771","Sucre - Sucre","2023","Trimestre 2","107,432,878.10","12,849.63"
"70771","Sucre - Sucre","2024","Trimestre 2","87,961,538.10","10,146.58"
"70771","Sucre - Sucre","2025","Trimestre 2","252,594,709.60","20,258.25"
"70771","Sucre - Sucre","2023","Trimestre 2","224,386,363.40","24,724.70"
"70771","Sucre - Sucre","2024","Trimestre 2","8,056,091.58","929.29"
"70771","Sucre - Sucre","2021","Trimestre 2","221,695,692.27","33,235.95"
"70771","Sucre - Sucre","2022","Trimestre 2","70,339,234.02","9,422.14"
"70771","Sucre - Sucre","2023","Trimestre 2","121,607,832.90","13,231.85"
"70771","Sucre - Sucre","2025","Trimestre 2","226,688,883.41","16,403.72"
"70771","Sucre - Sucre","2023","Trimestre 3","52,534,872.65","5,826.08"
"70771","Sucre - Sucre","2025","Trimestre 3","221,758,445.86","15,635.66"
"70771","Sucre - Sucre","2026","Trimestre 3","63,223,598.40","3,333.63"
"70771","Sucre - Sucre","2023","Trimestre 3","58,441,481.19","7,011.42"
"70771","Sucre - Sucre","2024","Trimestre 3","16,110,047.25","1,617.44"
"70771","Sucre - Sucre","2025","Trimestre 3","140,804,345.20","10,026.45"
"70771","Sucre - Sucre","2020","Trimestre 3","23,282,657.70","3,185.80"
"70771","Sucre - Sucre","2021","Trimestre 3","22,498,227.13","3,213.55"
"70771","Sucre - Sucre","2022","Trimestre 3","160,603,980.16","20,654.73"
"70771","Sucre - Sucre","2025","Trimestre 3","9,736,254.44","700.45"
"70771","Sucre - Sucre","2024","Trimestre 4","50,486,345.48","4,712.56"
"70771","Sucre - Sucre","2024","Trimestre 4","11,055,578.68","998.71"
"70771","Sucre - Sucre","2025","Trimestre 4","34,609,673.16","2,338.88"
"70771","Sucre - Sucre","2020","Trimestre 4","418,788,316.27","56,425.09"
"70771","Sucre - Sucre","2021","Trimestre 4","234,320,995.76","34,824.22"
"70771","Sucre - Sucre","2022","Trimestre 4","180,694,848.90","22,252.45"
"70771","Sucre - Sucre","2024","Trimestre 4","70,238,679.21","5,914.57"
"70771","Sucre - Sucre","2025","Trimestre 4","30,276,856.90","1,869.76"
"73001","Ibague","2013","Trimestre 2","4,952,767.05","1,668.06"
"73001","Ibague","2015","Trimestre 2","800,145.67","257.61"
"73001","Ibague","2013","Trimestre 2","41,129.32","14.71"
"73001","Ibague","2015","Trimestre 2","217,774.24","70.81"
"73001","Ibague","2013","Trimestre 2","5,057,277.67","1,881.85"
"73001","Ibague","2023","Trimestre 2","51,647,639.03","5,551.75"
"73001","Ibague","2013","Trimestre 3","2,653,800.48","1,006.55"
"73001","Ibague","2015","Trimestre 3","367,138.63","119.92"
"73001","Ibague","2023","Trimestre 3","97,576,676.13","11,597.09"
"73001","Ibague","2013","Trimestre 3","2,274,555.18","903.31"
"73001","Ibague","2015","Trimestre 3","257,543.20","81.08"
"73001","Ibague","2023","Trimestre 3","133,651,347.40","16,264.09"
"73001","Ibague","2013","Trimestre 3","4,929,174.10","1,869.40"
"73001","Ibague","2023","Trimestre 3","120,586,639.49","14,919.82"
"73001","Ibague","2023","Trimestre 4","54,885,285.28","6,931.42"
"73001","Ibague","2021","Trimestre 4","2,812,864.40","440.30"
"73043","Anzoategui","2023","Trimestre 1","4,432,357.67","499.98"
"73043","Anzoategui","2021","Trimestre 1","189,154,396.20","28,431.00"
"73043","Anzoategui","2022","Trimestre 1","9,053,003.34","1,219.88"
"73043","Anzoategui","2023","Trimestre 2","9,313,638.14","999.90"
"73043","Anzoategui","2020","Trimestre 3","425,440,395.95","68,949.00"
"73043","Anzoategui","2022","Trimestre 3","3,439,503.90","449.96"
"73043","Anzoategui","2019","Trimestre 4","62,140,457.49","12,287.00"
"73043","Anzoategui","2020","Trimestre 4","147,431,746.40","20,284.00"
"73043","Anzoategui","2021","Trimestre 4","6,164,781.02","863.91"
"73043","Anzoategui","2022","Trimestre 4","40,968,933.39","6,105.00"
"73055","Armero","2015","Trimestre 4","7,154,733.19","2,137.85"
"73067","Ataco","2026","Trimestre 1","261,194,701.89","10,929.38"
"73067","Ataco","2026","Trimestre 3","138,115,303.12","5,670.77"
"73067","Ataco","2026","Trimestre 2","89,965,624.54","- 0"
"73067","Ataco","2012","Trimestre 1","1,745,705.84","530.63"
"73067","Ataco","2014","Trimestre 1","1,183,301.79","485.12"
"73067","Ataco","2017","Trimestre 1","28,795,053.30","8,071.38"
"73067","Ataco","2022","Trimestre 1","26,692,139.82","2,445.00"
"73067","Ataco","2023","Trimestre 1","58,416,378.77","4,393.00"
"73067","Ataco","2024","Trimestre 1","17,173,496.91","1,382.32"
"73067","Ataco","2025","Trimestre 1","86,022,516.70","4,937.17"
"73067","Ataco","2026","Trimestre 1","71,213,931.60","2,902.97"
"73067","Ataco","2012","Trimestre 1","5,333,942.94","1,692.63"
"73067","Ataco","2013","Trimestre 1","45,826,117.99","15,060.45"
"73067","Ataco","2014","Trimestre 1","442,855.49","176.47"
"73067","Ataco","2017","Trimestre 1","52,454,307.77","14,562.15"
"73067","Ataco","2023","Trimestre 1","69,221,006.05","5,049.50"
"73067","Ataco","2024","Trimestre 1","15,579,447.63","1,266.08"
"73067","Ataco","2025","Trimestre 1","211,351,588.63","14,101.40"
"73067","Ataco","2012","Trimestre 1","1,116,622.16","349.21"
"73067","Ataco","2013","Trimestre 1","15,728,025.83","5,243.28"
"73067","Ataco","2017","Trimestre 1","76,033,262.35","20,841.99"
"73067","Ataco","2020","Trimestre 1","3,400,776.64","607.24"
"73067","Ataco","2021","Trimestre 1","203,757,661.90","21,844.86"
"73067","Ataco","2022","Trimestre 1","54,582,933.99","5,515.49"
"73067","Ataco","2023","Trimestre 1","20,618,206.20","1,500.00"
"73067","Ataco","2025","Trimestre 1","178,108,103.24","10,500.52"
"73067","Ataco","2026","Trimestre 1","138,505,978.03","5,473.42"
"73067","Ataco","2012","Trimestre 2","723,914.24","238.05"
"73067","Ataco","2013","Trimestre 2","8,866,648.42","2,986.23"
"73067","Ataco","2017","Trimestre 2","90,001,440.28","24,198.03"
"73067","Ataco","2023","Trimestre 2","67,654,551.83","4,811.00"
"73067","Ataco","2025","Trimestre 2","211,974,983.50","13,327.27"
"73067","Ataco","2026","Trimestre 2","266,781,176.32","9,758.49"
"73067","Ataco","2012","Trimestre 2","1,434,139.86","475.93"
"73067","Ataco","2013","Trimestre 2","10,665,998.32","3,814.72"
"73067","Ataco","2017","Trimestre 2","66,181,016.30","17,697.14"
"73067","Ataco","2023","Trimestre 2","18,303,129.26","1,310.00"
"73067","Ataco","2024","Trimestre 2","72,287,392.88","5,302.88"
"73067","Ataco","2026","Trimestre 2","424,544,022.89","19,647.09"
"73067","Ataco","2012","Trimestre 2","523,542.24","178.85"
"73067","Ataco","2013","Trimestre 2","682,921.27","254.12"
"73067","Ataco","2017","Trimestre 2","86,807,886.44","23,185.65"
"73067","Ataco","2020","Trimestre 2","10,376,018.69","1,553.06"
"73067","Ataco","2021","Trimestre 2","46,233,890.02","5,680.75"
"73067","Ataco","2022","Trimestre 2","368,741,637.46","32,064.21"
"73067","Ataco","2023","Trimestre 2","131,083,938.00","9,382.00"
"73067","Ataco","2025","Trimestre 2","386,141,656.34","20,892.01"
"73067","Ataco","2026","Trimestre 2","244,816,067.65","9,544.54"
"73067","Ataco","2012","Trimestre 3","4,877,457.72","1,660.50"
"73067","Ataco","2013","Trimestre 3","1,567,734.18","594.62"
"73067","Ataco","2015","Trimestre 3","4,353,012.55","1,419.56"
"73067","Ataco","2017","Trimestre 3","53,632,444.04","13,967.94"
"73067","Ataco","2024","Trimestre 3","69,580,858.83","4,958.49"
"73067","Ataco","2025","Trimestre 3","177,503,685.66","9,069.90"
"73067","Ataco","2026","Trimestre 3","264,446,654.08","12,793.42"
"73067","Ataco","2012","Trimestre 3","927,960.05","317.16"
"73067","Ataco","2013","Trimestre 3","781,191.39","310.24"
"73067","Ataco","2015","Trimestre 3","2,485,160.99","784.61"
"73067","Ataco","2017","Trimestre 3","104,333,744.41","27,103.64"
"73067","Ataco","2024","Trimestre 3","118,645,995.39","8,777.55"
"73067","Ataco","2025","Trimestre 3","119,784,952.80","5,899.36"
"73067","Ataco","2014","Trimestre 3","5,160,106.51","2,040.16"
"73067","Ataco","2017","Trimestre 3","39,734,074.19","10,122.78"
"73067","Ataco","2020","Trimestre 3","96,357,041.33","9,829.57"
"73067","Ataco","2021","Trimestre 3","18,794,908.59","2,668.46"
"73067","Ataco","2022","Trimestre 3","268,453,028.04","22,421.20"
"73067","Ataco","2024","Trimestre 3","163,621,802.07","11,320.94"
"73067","Ataco","2025","Trimestre 3","214,329,055.91","11,016.96"
"73067","Ataco","2012","Trimestre 4","4,465,641.87","1,379.84"
"73067","Ataco","2013","Trimestre 4","5,013,907.61","1,882.55"
"73067","Ataco","2017","Trimestre 4","71,351,384.61","18,091.30"
"73067","Ataco","2024","Trimestre 4","148,273,516.88","11,060.27"
"73067","Ataco","2025","Trimestre 4","139,815,666.26","6,546.46"
"73067","Ataco","2012","Trimestre 4","3,130,482.37","964.99"
"73067","Ataco","2013","Trimestre 4","2,853,603.91","1,117.24"
"73067","Ataco","2016","Trimestre 4","15,754,535.63","4,123.45"
"73067","Ataco","2017","Trimestre 4","64,866,934.74","16,630.54"
"73067","Ataco","2024","Trimestre 4","54,364,863.63","3,170.63"
"73067","Ataco","2025","Trimestre 4","311,553,952.90","13,171.19"
"73067","Ataco","2013","Trimestre 4","3,838,654.68","1,521.62"
"73067","Ataco","2014","Trimestre 4","143,103.30","55.62"
"73067","Ataco","2015","Trimestre 4","37,965,939.03","12,142.10"
"73067","Ataco","2016","Trimestre 4","36,326,300.89","9,201.99"
"73067","Ataco","2017","Trimestre 4","409,890,476.38","107,553.67"
"73067","Ataco","2019","Trimestre 4","28,580,438.96","5,478.00"
"73067","Ataco","2020","Trimestre 4","147,134,645.92","20,359.76"
"73067","Ataco","2021","Trimestre 4","279,741,904.30","27,720.90"
"73067","Ataco","2023","Trimestre 4","31,866,040.06","2,570.19"
"73067","Ataco","2024","Trimestre 4","218,720,593.68","14,363.15"
"73067","Ataco","2025","Trimestre 4","536,842,351.50","27,420.37"
"73124","Cajamarca","2015","Trimestre 2","3,611,445.63","1,171.21"
"73124","Cajamarca","2015","Trimestre 3","233,968.21","77.90"
"73124","Cajamarca","2015","Trimestre 3","1,782,834.00","561.24"
"73124","Cajamarca","2025","Trimestre 3","324,226.82","31.00"
"73152","Casabianca","2016","Trimestre 2","62,370,749.31","16,274.80"
"73152","Casabianca","2016","Trimestre 3","61,984,944.08","15,218.34"
"73152","Casabianca","2016","Trimestre 3","5,876,008.54","1,436.08"
"73152","Casabianca","2016","Trimestre 4","126,004.75","31.20"
"73168","Chaparral","2026","Trimestre 1","29,221,753.78","- 0"
"73168","Chaparral","2026","Trimestre 3","11,431,210.59","- 0"
"73168","Chaparral","2026","Trimestre 2","2,415,773.56","- 0"
"73168","Chaparral","2018","Trimestre 1","13,285,843.29","3,416.72"
"73168","Chaparral","2019","Trimestre 1","54,453,003.99","13,279.19"
"73168","Chaparral","2025","Trimestre 1","4,256,807.64","162.84"
"73168","Chaparral","2026","Trimestre 1","1,912,249.64","- 0"
"73168","Chaparral","2012","Trimestre 1","1,203,629.56","381.95"
"73168","Chaparral","2018","Trimestre 1","23,040,936.55","5,861.90"
"73168","Chaparral","2019","Trimestre 1","71,281,326.63","17,085.46"
"73168","Chaparral","2024","Trimestre 1","30,315,096.58","3,660.16"
"73168","Chaparral","2025","Trimestre 1","42,394,443.29","- 0"
"73168","Chaparral","2018","Trimestre 1","15,039,070.33","3,838.26"
"73168","Chaparral","2019","Trimestre 1","85,778,716.97","20,306.04"
"73168","Chaparral","2020","Trimestre 1","348,420,277.80","66,254.61"
"73168","Chaparral","2021","Trimestre 1","298,747,192.60","44,183.42"
"73168","Chaparral","2022","Trimestre 1","281,478,339.59","37,974.63"
"73168","Chaparral","2023","Trimestre 1","59,497,264.38","6,868.65"
"73168","Chaparral","2024","Trimestre 1","22,863,928.55","2,763.13"
"73168","Chaparral","2025","Trimestre 1","13,375,015.64","- 0"
"73168","Chaparral","2026","Trimestre 1","15,258,123.68","- 0"
"73168","Chaparral","2013","Trimestre 2","347,631.36","117.08"
"73168","Chaparral","2015","Trimestre 2","2,453,864.87","798.56"
"73168","Chaparral","2017","Trimestre 2","8,480,115.24","2,275.97"
"73168","Chaparral","2018","Trimestre 2","15,197,242.56","3,914.12"
"73168","Chaparral","2023","Trimestre 2","69,509,974.36","7,485.62"
"73168","Chaparral","2024","Trimestre 2","16,970,254.57","2,041.38"
"73168","Chaparral","2025","Trimestre 2","38,620,433.38","- 0"
"73168","Chaparral","2026","Trimestre 2","7,163,657.40","- 0"
"73168","Chaparral","2013","Trimestre 2","313,265.05","112.04"
"73168","Chaparral","2015","Trimestre 2","9,276,058.62","3,003.02"
"73168","Chaparral","2017","Trimestre 2","17,460,340.84","4,673.45"
"73168","Chaparral","2018","Trimestre 2","19,938,221.41","5,250.75"
"73168","Chaparral","2023","Trimestre 2","132,543,221.00","14,168.11"
"73168","Chaparral","2024","Trimestre 2","3,056,434.66","337.36"
"73168","Chaparral","2026","Trimestre 2","106,558,458.29","- 0"
"73168","Chaparral","2013","Trimestre 2","242,564.44","90.26"
"73168","Chaparral","2017","Trimestre 2","27,119,490.26","7,243.56"
"73168","Chaparral","2018","Trimestre 2","66,828,312.30","17,470.49"
"73168","Chaparral","2019","Trimestre 2","309,047,568.50","73,265.40"
"73168","Chaparral","2020","Trimestre 2","47,552,093.62","9,116.12"
"73168","Chaparral","2021","Trimestre 2","403,625,176.15","61,484.37"
"73168","Chaparral","2022","Trimestre 2","158,803,762.57","20,705.18"
"73168","Chaparral","2023","Trimestre 2","153,788,762.70","16,519.24"
"73168","Chaparral","2025","Trimestre 2","54,764,141.62","- 0"
"73168","Chaparral","2026","Trimestre 2","6,595,539.49","- 0"
"73168","Chaparral","2013","Trimestre 3","599,626.29","227.43"
"73168","Chaparral","2015","Trimestre 3","9,664,337.46","3,147.60"
"73168","Chaparral","2018","Trimestre 3","40,412,812.51","10,605.63"
"73168","Chaparral","2023","Trimestre 3","78,532,893.96","8,443.77"
"73168","Chaparral","2024","Trimestre 3","3,393,308.90","363.11"
"73168","Chaparral","2025","Trimestre 3","15,495,015.74","- 0"
"73168","Chaparral","2026","Trimestre 3","32,736,441.29","- 0"
"73168","Chaparral","2013","Trimestre 3","513,575.93","203.96"
"73168","Chaparral","2015","Trimestre 3","5,921,697.28","1,877.47"
"73168","Chaparral","2017","Trimestre 3","18,862,038.48","4,881.15"
"73168","Chaparral","2018","Trimestre 3","39,578,557.90","10,731.65"
"73168","Chaparral","2023","Trimestre 3","69,740,150.50","8,110.00"
"73168","Chaparral","2024","Trimestre 3","22,063,570.44","986.19"
"73168","Chaparral","2025","Trimestre 3","3,216,487.67","- 0"
"73168","Chaparral","2018","Trimestre 3","24,348,367.06","6,655.65"
"73168","Chaparral","2019","Trimestre 3","284,791,082.80","61,376.98"
"73168","Chaparral","2020","Trimestre 3","782,297,888.33","120,133.71"
"73168","Chaparral","2021","Trimestre 3","320,314,897.54","45,527.46"
"73168","Chaparral","2022","Trimestre 3","33,894,032.79","4,448.73"
"73168","Chaparral","2023","Trimestre 3","106,797,051.19","12,992.69"
"73168","Chaparral","2024","Trimestre 3","11,703,003.22","- 0"
"73168","Chaparral","2025","Trimestre 3","17,242,337.55","26.00"
"73168","Chaparral","2018","Trimestre 4","36,014,047.29","9,726.68"
"73168","Chaparral","2023","Trimestre 4","93,119,414.15","10,821.28"
"73168","Chaparral","2024","Trimestre 4","37,985,346.48","400.17"
"73168","Chaparral","2025","Trimestre 4","3,754,356.08","- 0"
"73168","Chaparral","2016","Trimestre 4","72,256,722.75","18,911.80"
"73168","Chaparral","2018","Trimestre 4","54,230,004.69","14,077.37"
"73168","Chaparral","2024","Trimestre 4","9,132,002.69","694.32"
"73168","Chaparral","2025","Trimestre 4","8,365,904.00","- 0"
"73168","Chaparral","2016","Trimestre 4","3,204,937.55","579.12"
"73168","Chaparral","2017","Trimestre 4","87,384,859.04","22,207.61"
"73168","Chaparral","2018","Trimestre 4","60,408,096.69","15,150.41"
"73168","Chaparral","2019","Trimestre 4","391,257,790.02","75,402.00"
"73168","Chaparral","2020","Trimestre 4","318,217,983.08","42,880.56"
"73168","Chaparral","2021","Trimestre 4","573,121,828.27","80,076.35"
"73168","Chaparral","2022","Trimestre 4","33,423,623.10","4,474.75"
"73168","Chaparral","2023","Trimestre 4","277,094,100.42","34,309.35"
"73168","Chaparral","2024","Trimestre 4","46,842,136.61","614.01"
"73168","Chaparral","2025","Trimestre 4","117,626,801.00","- 0"
"73217","Coyaima","2012","Trimestre 1","915,900.92","278.40"
"73217","Coyaima","2016","Trimestre 1","5,059,126.05","1,413.99"
"73217","Coyaima","2018","Trimestre 1","163,376,249.30","42,073.40"
"73217","Coyaima","2019","Trimestre 1","153,283,678.30","37,626.81"
"73217","Coyaima","2023","Trimestre 1","12,249,713.47","1,450.38"
"73217","Coyaima","2024","Trimestre 1","8,291,305.49","998.03"
"73217","Coyaima","2012","Trimestre 1","1,113,232.88","351.90"
"73217","Coyaima","2014","Trimestre 1","761,062.98","303.27"
"73217","Coyaima","2016","Trimestre 1","14,941,602.85","4,031.59"
"73217","Coyaima","2017","Trimestre 1","5,605,362.03","1,553.71"
"73217","Coyaima","2018","Trimestre 1","65,037,802.06","16,725.77"
"73217","Coyaima","2019","Trimestre 1","85,158,583.27","20,308.05"
"73217","Coyaima","2023","Trimestre 1","18,658,203.79","2,093.97"
"73217","Coyaima","2024","Trimestre 1","22,186,284.85","2,678.71"
"73217","Coyaima","2012","Trimestre 1","1,101,817.43","344.58"
"73217","Coyaima","2014","Trimestre 1","1,658,110.51","607.14"
"73217","Coyaima","2016","Trimestre 1","14,939,152.56","3,650.77"
"73217","Coyaima","2017","Trimestre 1","11,998,991.83","3,363.37"
"73217","Coyaima","2018","Trimestre 1","64,600,002.07","16,417.50"
"73217","Coyaima","2019","Trimestre 1","40,455,721.90","9,598.04"
"73217","Coyaima","2020","Trimestre 1","153,396,482.20","29,558.67"
"73217","Coyaima","2021","Trimestre 1","105,641,612.50","14,517.62"
"73217","Coyaima","2022","Trimestre 1","234,160,427.35","31,633.87"
"73217","Coyaima","2023","Trimestre 1","64,630,560.83","7,036.39"
"73217","Coyaima","2024","Trimestre 1","38,550,834.76","4,654.52"
"73217","Coyaima","2012","Trimestre 2","3,219,434.10","1,058.67"
"73217","Coyaima","2014","Trimestre 2","2,185,483.21","786.64"
"73217","Coyaima","2016","Trimestre 2","7,365,008.14","1,828.17"
"73217","Coyaima","2017","Trimestre 2","112,304,005.74","30,141.13"
"73217","Coyaima","2023","Trimestre 2","61,509,869.94","6,625.37"
"73217","Coyaima","2024","Trimestre 2","17,457,516.10","1,729.28"
"73217","Coyaima","2012","Trimestre 2","291,309.51","95.91"
"73217","Coyaima","2014","Trimestre 2","943,253.44","363.96"
"73217","Coyaima","2016","Trimestre 2","3,393,139.56","885.39"
"73217","Coyaima","2017","Trimestre 2","6,829,320.57","1,825.36"
"73217","Coyaima","2018","Trimestre 2","10,935,976.32","2,880.00"
"73217","Coyaima","2023","Trimestre 2","103,671,302.70","11,084.07"
"73217","Coyaima","2014","Trimestre 2","1,039,355.08","409.40"
"73217","Coyaima","2016","Trimestre 2","8,730,060.53","2,254.19"
"73217","Coyaima","2019","Trimestre 2","903,854,435.90","215,007.97"
"73217","Coyaima","2021","Trimestre 2","244,090,125.07","41,406.96"
"73217","Coyaima","2022","Trimestre 2","124,267,858.67","16,399.01"
"73217","Coyaima","2023","Trimestre 2","98,402,916.56","10,570.79"
"73217","Coyaima","2014","Trimestre 3","959,408.77","386.10"
"73217","Coyaima","2015","Trimestre 3","325,078.93","104.60"
"73217","Coyaima","2016","Trimestre 3","13,710,027.44","3,488.36"
"73217","Coyaima","2017","Trimestre 3","111,431,088.77","29,021.53"
"73217","Coyaima","2018","Trimestre 3","60,107,563.12","15,774.17"
"73217","Coyaima","2014","Trimestre 3","1,121,933.57","447.59"
"73217","Coyaima","2015","Trimestre 3","15,921,455.35","5,012.15"
"73217","Coyaima","2016","Trimestre 3","2,442,982.13","602.72"
"73217","Coyaima","2017","Trimestre 3","163,624,421.53","42,343.02"
"73217","Coyaima","2018","Trimestre 3","45,994,494.28","12,281.55"
"73217","Coyaima","2023","Trimestre 3","75,683,428.03","8,708.04"
"73217","Coyaima","2014","Trimestre 3","186,685.09","73.81"
"73217","Coyaima","2015","Trimestre 3","6,431,601.80","1,860.98"
"73217","Coyaima","2016","Trimestre 3","7,164,951.85","1,751.09"
"73217","Coyaima","2017","Trimestre 3","258,616,245.29","66,206.61"
"73217","Coyaima","2018","Trimestre 3","62,427,743.62","17,008.61"
"73217","Coyaima","2019","Trimestre 3","1,229,663,973.10","264,150.92"
"73217","Coyaima","2020","Trimestre 3","228,536,617.38","35,750.44"
"73217","Coyaima","2021","Trimestre 3","201,856,730.16","28,622.95"
"73217","Coyaima","2022","Trimestre 3","63,310,344.00","8,271.54"
"73217","Coyaima","2023","Trimestre 3","30,194,400.02","3,672.35"
"73217","Coyaima","2013","Trimestre 4","1,383,242.44","519.36"
"73217","Coyaima","2014","Trimestre 4","300,618.90","119.66"
"73217","Coyaima","2015","Trimestre 4","1,377,867.31","387.59"
"73217","Coyaima","2016","Trimestre 4","6,999,121.64","1,756.61"
"73217","Coyaima","2017","Trimestre 4","41,414,259.05","10,489.58"
"73217","Coyaima","2018","Trimestre 4","9,013,796.11","2,463.93"
"73217","Coyaima","2023","Trimestre 4","53,149,853.61","6,139.71"
"73217","Coyaima","2012","Trimestre 4","210,636.61","64.93"
"73217","Coyaima","2013","Trimestre 4","1,463,888.28","573.14"
"73217","Coyaima","2014","Trimestre 4","473,404.94","183.87"
"73217","Coyaima","2015","Trimestre 4","11,465,997.63","3,276.17"
"73217","Coyaima","2016","Trimestre 4","1,059,784.68","268.91"
"73217","Coyaima","2017","Trimestre 4","35,234,709.63","9,060.89"
"73217","Coyaima","2018","Trimestre 4","100,712,517.70","26,446.28"
"73217","Coyaima","2012","Trimestre 4","1,482.88","- 0"
"73217","Coyaima","2013","Trimestre 4","1,892,762.87","750.28"
"73217","Coyaima","2014","Trimestre 4","871,921.54","338.89"
"73217","Coyaima","2015","Trimestre 4","14,557,074.41","4,349.69"
"73217","Coyaima","2016","Trimestre 4","3,285,886.28","832.36"
"73217","Coyaima","2017","Trimestre 4","658,848,654.11","170,118.26"
"73217","Coyaima","2018","Trimestre 4","93,089,327.92","23,188.74"
"73217","Coyaima","2019","Trimestre 4","1,182,295,510.42","226,457.25"
"73217","Coyaima","2020","Trimestre 4","116,738,421.40","18,033.58"
"73217","Coyaima","2021","Trimestre 4","301,288,618.48","42,509.05"
"73217","Coyaima","2022","Trimestre 4","129,944,247.62","16,937.25"
"73217","Coyaima","2023","Trimestre 4","78,130,980.13","9,682.01"
"73270","Falan","2026","Trimestre 1","798,525.07","- 0"
"73270","Falan","2026","Trimestre 3","158,776.00","- 0"
"73270","Falan","2026","Trimestre 2","142,046.30","4,853.89"
"73270","Falan","2012","Trimestre 1","9,814,944.29","2,983.38"
"73270","Falan","2023","Trimestre 1","67,168,128.88","8,812.61"
"73270","Falan","2024","Trimestre 1","67,837,909.21","7,652.27"
"73270","Falan","2026","Trimestre 1","2,112,800.06","- 0"
"73270","Falan","2012","Trimestre 1","10,843,380.40","3,440.95"
"73270","Falan","2023","Trimestre 1","146,734,131.70","19,437.53"
"73270","Falan","2024","Trimestre 1","361,490,609.90","39,806.14"
"73270","Falan","2025","Trimestre 1","914,904.18","- 0"
"73270","Falan","2012","Trimestre 1","6,198,770.25","1,938.59"
"73270","Falan","2022","Trimestre 1","75,851,938.40","10,085.77"
"73270","Falan","2023","Trimestre 1","30,916,443.49","3,673.51"
"73270","Falan","2024","Trimestre 1","176,983,268.24","19,010.46"
"73270","Falan","2025","Trimestre 1","433,775.28","- 0"
"73270","Falan","2026","Trimestre 1","1,758,211.75","- 0"
"73270","Falan","2016","Trimestre 2","101,973,942.99","25,312.37"
"73270","Falan","2023","Trimestre 2","8,544,739.49","915.71"
"73270","Falan","2024","Trimestre 2","143,531,551.50","17,234.23"
"73270","Falan","2025","Trimestre 2","979,220.17","- 0"
"73270","Falan","2026","Trimestre 2","789,349.67","- 0"
"73270","Falan","2016","Trimestre 2","127,533,490.90","32,714.48"
"73270","Falan","2023","Trimestre 2","77,270,146.60","9,925.79"
"73270","Falan","2024","Trimestre 2","81,642,289.91","9,830.35"
"73270","Falan","2026","Trimestre 2","1,610,423.19","- 0"
"73270","Falan","2016","Trimestre 2","38,655,435.27","9,964.21"
"73270","Falan","2022","Trimestre 2","48,464,777.32","7,221.92"
"73270","Falan","2023","Trimestre 2","6,994,713.58","751.46"
"73270","Falan","2025","Trimestre 2","1,087,334.84","- 0"
"73270","Falan","2026","Trimestre 2","960,157.66","- 0"
"73270","Falan","2016","Trimestre 3","37,505,963.62","9,542.96"
"73270","Falan","2023","Trimestre 3","65,877,608.52","8,485.82"
"73270","Falan","2025","Trimestre 3","505,781.34","- 0"
"73270","Falan","2016","Trimestre 3","57,195,523.60","14,066.16"
"73270","Falan","2023","Trimestre 3","13,748,889.07","1,743.81"
"73270","Falan","2025","Trimestre 3","665,741.15","- 0"
"73270","Falan","2016","Trimestre 3","116,296,768.76","28,441.40"
"73270","Falan","2022","Trimestre 3","156,562,722.98","22,695.13"
"73270","Falan","2024","Trimestre 3","1,550,891.19","- 0"
"73270","Falan","2025","Trimestre 3","1,390,955.54","- 0"
"73270","Falan","2016","Trimestre 4","9,654,501.32","2,423.05"
"73270","Falan","2023","Trimestre 4","20,089,174.40","2,690.82"
"73270","Falan","2025","Trimestre 4","895,841.78","- 0"
"73270","Falan","2024","Trimestre 4","1,005,492.94","- 0"
"73270","Falan","2025","Trimestre 4","2,979,316.56","- 0"
"73270","Falan","2016","Trimestre 4","192,997.12","47.93"
"73270","Falan","2020","Trimestre 4","134,040,077.98","19,998.00"
"73270","Falan","2021","Trimestre 4","12,201,589.12","1,670.93"
"73270","Falan","2022","Trimestre 4","230,173,406.00","31,903.88"
"73270","Falan","2023","Trimestre 4","301,803,821.91","37,715.45"
"73270","Falan","2024","Trimestre 4","2,226,702.32","- 0"
"73270","Falan","2025","Trimestre 4","1,938,951.75","- 0"
"73283","Fresno","2012","Trimestre 1","429,392.76","136.26"
"73283","Fresno","2012","Trimestre 2","2,756,043.84","906.29"
"73283","Fresno","2012","Trimestre 2","6,278,750.06","2,083.65"
"73283","Fresno","2012","Trimestre 2","6,036,850.38","2,062.28"
"73283","Fresno","2012","Trimestre 3","9,259,826.31","3,152.45"
"73283","Fresno","2012","Trimestre 3","2,261,500.32","772.94"
"73349","Honda","2015","Trimestre 4","843,130.84","280.72"
"73408","Lerida","2012","Trimestre 1","2,635,452.26","801.08"
"73408","Lerida","2022","Trimestre 1","3,159,534.21","434.12"
"73408","Lerida","2023","Trimestre 1","14,353,586.89","1,711.85"
"73408","Lerida","2024","Trimestre 1","14,770,458.57","1,777.93"
"73408","Lerida","2012","Trimestre 1","3,607,359.26","1,144.73"
"73408","Lerida","2023","Trimestre 1","18,177,287.58","2,020.71"
"73408","Lerida","2024","Trimestre 1","17,725,687.94","2,140.15"
"73408","Lerida","2012","Trimestre 1","1,926,693.63","602.55"
"73408","Lerida","2022","Trimestre 1","75,351,016.74","10,071.01"
"73408","Lerida","2023","Trimestre 1","27,591,601.72","3,003.37"
"73408","Lerida","2024","Trimestre 1","16,343,429.65","1,973.26"
"73408","Lerida","2023","Trimestre 2","19,054,106.51","2,048.61"
"73408","Lerida","2024","Trimestre 2","6,267,645.01","765.79"
"73408","Lerida","2023","Trimestre 2","34,426,492.42","3,684.57"
"73408","Lerida","2024","Trimestre 2","771,066.27","94.21"
"73408","Lerida","2022","Trimestre 2","31,537,202.68","4,160.99"
"73408","Lerida","2023","Trimestre 2","21,455,268.67","2,304.91"
"73408","Lerida","2023","Trimestre 3","26,043,515.36","2,800.17"
"73408","Lerida","2023","Trimestre 3","24,037,245.16","2,874.64"
"73408","Lerida","2022","Trimestre 3","19,544,818.50","2,564.84"
"73408","Lerida","2023","Trimestre 3","14,407,476.23","1,765.93"
"73408","Lerida","2023","Trimestre 4","14,899,964.08","1,800.36"
"73408","Lerida","2021","Trimestre 4","3,771,219.96","541.45"
"73408","Lerida","2022","Trimestre 4","48,065,460.83","6,220.96"
"73408","Lerida","2023","Trimestre 4","29,454,141.17","3,655.16"
"73411","Libano","2026","Trimestre 1","407,352,225.46","24,769.01"
"73411","Libano","2026","Trimestre 3","43,714,753.91","2,598.37"
"73411","Libano","2026","Trimestre 2","85,870,929.81","- 0"
"73411","Libano","2013","Trimestre 1","30,871,257.12","9,900.00"
"73411","Libano","2014","Trimestre 1","37,953,980.60","15,560.05"
"73411","Libano","2015","Trimestre 1","32,331,731.13","11,161.11"
"73411","Libano","2016","Trimestre 1","66,468,506.06","18,577.54"
"73411","Libano","2017","Trimestre 1","37,991,102.46","10,649.07"
"73411","Libano","2018","Trimestre 1","50,398,651.50","12,961.02"
"73411","Libano","2019","Trimestre 1","100,131,972.69","24,357.11"
"73411","Libano","2022","Trimestre 1","64,886,501.71","8,915.41"
"73411","Libano","2023","Trimestre 1","172,623,041.00","19,472.27"
"73411","Libano","2025","Trimestre 1","97,147,155.03","8,109.27"
"73411","Libano","2026","Trimestre 1","376,434,544.38","24,915.79"
"73411","Libano","2012","Trimestre 1","29,027,656.38","9,211.40"
"73411","Libano","2014","Trimestre 1","36,504,974.17","14,546.58"
"73411","Libano","2016","Trimestre 1","93,982,858.08","25,358.74"
"73411","Libano","2017","Trimestre 1","36,178,440.67","10,028.05"
"73411","Libano","2019","Trimestre 1","47,658,432.92","11,335.47"
"73411","Libano","2023","Trimestre 1","196,239,330.80","21,513.42"
"73411","Libano","2024","Trimestre 1","141,603,800.70","17,261.37"
"73411","Libano","2025","Trimestre 1","183,697,912.72","16,311.57"
"73411","Libano","2012","Trimestre 1","38,304,562.41","11,979.29"
"73411","Libano","2013","Trimestre 1","34,496,021.00","11,500.00"
"73411","Libano","2014","Trimestre 1","41,574,511.58","15,223.08"
"73411","Libano","2017","Trimestre 1","35,577,331.65","9,721.29"
"73411","Libano","2018","Trimestre 1","92,783,576.46","23,642.05"
"73411","Libano","2019","Trimestre 1","56,808,079.53","13,428.62"
"73411","Libano","2020","Trimestre 1","309,044,246.30","58,032.13"
"73411","Libano","2021","Trimestre 1","523,040,861.10","78,830.40"
"73411","Libano","2022","Trimestre 1","492,186,010.78","65,833.99"
"73411","Libano","2023","Trimestre 1","134,516,918.10","14,679.41"
"73411","Libano","2024","Trimestre 1","127,125,182.28","15,532.34"
"73411","Libano","2025","Trimestre 1","162,158,137.87","13,744.90"
"73411","Libano","2026","Trimestre 1","312,859,796.54","18,096.24"
"73411","Libano","2012","Trimestre 2","27,808,667.55","9,144.53"
"73411","Libano","2013","Trimestre 2","29,427,790.38","9,911.09"
"73411","Libano","2014","Trimestre 2","41,554,964.00","14,957.24"
"73411","Libano","2016","Trimestre 2","42,573,743.69","10,567.82"
"73411","Libano","2017","Trimestre 2","57,835,773.24","15,522.47"
"73411","Libano","2018","Trimestre 2","63,508,781.71","16,356.98"
"73411","Libano","2023","Trimestre 2","163,251,690.90","17,581.72"
"73411","Libano","2024","Trimestre 2","135,599,552.60","15,826.19"
"73411","Libano","2025","Trimestre 2","177,312,683.01","15,084.56"
"73411","Libano","2026","Trimestre 2","132,525,434.67","7,509.07"
"73411","Libano","2012","Trimestre 2","36,244,236.51","12,027.92"
"73411","Libano","2013","Trimestre 2","32,447,789.21","11,605.03"
"73411","Libano","2014","Trimestre 2","31,391,477.59","12,112.59"
"73411","Libano","2016","Trimestre 2","44,414,267.76","11,589.30"
"73411","Libano","2017","Trimestre 2","44,418,908.80","11,872.39"
"73411","Libano","2023","Trimestre 2","321,740,760.40","34,486.56"
"73411","Libano","2024","Trimestre 2","152,651,075.30","16,427.82"
"73411","Libano","2026","Trimestre 2","187,903,112.42","11,247.78"
"73411","Libano","2012","Trimestre 2","34,607,356.85","11,822.40"
"73411","Libano","2013","Trimestre 2","43,934,234.74","16,348.25"
"73411","Libano","2014","Trimestre 2","35,368,308.95","13,931.51"
"73411","Libano","2015","Trimestre 2","344,926,277.52","112,171.73"
"73411","Libano","2016","Trimestre 2","62,167,600.93","16,024.94"
"73411","Libano","2017","Trimestre 2","52,397,909.73","13,991.21"
"73411","Libano","2018","Trimestre 2","82,420,943.64","21,577.04"
"73411","Libano","2019","Trimestre 2","228,599,275.10","53,862.49"
"73411","Libano","2020","Trimestre 2","410,222,355.99","61,129.41"
"73411","Libano","2021","Trimestre 2","320,452,130.73","48,437.69"
"73411","Libano","2022","Trimestre 2","467,613,545.12","61,477.06"
"73411","Libano","2023","Trimestre 2","238,482,170.10","25,641.34"
"73411","Libano","2025","Trimestre 2","329,250,345.07","24,786.49"
"73411","Libano","2026","Trimestre 2","200,699,526.36","12,105.56"
"73411","Libano","2012","Trimestre 3","26,262,576.36","8,940.93"
"73411","Libano","2013","Trimestre 3","50,422,195.93","19,124.45"
"73411","Libano","2014","Trimestre 3","32,307,997.16","13,001.88"
"73411","Libano","2015","Trimestre 3","35,712,215.13","11,491.05"
"73411","Libano","2016","Trimestre 3","42,628,777.26","10,846.40"
"73411","Libano","2017","Trimestre 3","51,824,610.32","13,497.11"
"73411","Libano","2018","Trimestre 3","39,663,209.84","10,408.91"
"73411","Libano","2023","Trimestre 3","164,612,770.90","19,564.40"
"73411","Libano","2024","Trimestre 3","132,321,216.70","14,173.40"
"73411","Libano","2025","Trimestre 3","163,849,685.13","11,993.59"
"73411","Libano","2012","Trimestre 3","33,401,704.86","11,416.10"
"73411","Libano","2013","Trimestre 3","28,184,125.96","11,192.96"
"73411","Libano","2014","Trimestre 3","34,608,814.40","13,807.02"
"73411","Libano","2015","Trimestre 3","32,250,274.29","10,152.54"
"73411","Libano","2016","Trimestre 3","109,883,759.78","26,978.30"
"73411","Libano","2017","Trimestre 3","47,871,491.27","12,388.27"
"73411","Libano","2018","Trimestre 3","57,688,855.32","15,676.88"
"73411","Libano","2023","Trimestre 3","166,531,997.90","20,411.89"
"73411","Libano","2024","Trimestre 3","98,494,304.16","9,962.73"
"73411","Libano","2025","Trimestre 3","42,810,241.41","3,599.20"
"73411","Libano","2012","Trimestre 3","25,635,101.22","8,486.64"
"73411","Libano","2013","Trimestre 3","25,535,436.92","9,684.37"
"73411","Libano","2014","Trimestre 3","37,465,126.09","14,812.65"
"73411","Libano","2015","Trimestre 3","32,664,089.43","9,427.18"
"73411","Libano","2016","Trimestre 3","69,285,492.61","16,933.18"
"73411","Libano","2017","Trimestre 3","28,996,965.94","7,387.36"
"73411","Libano","2018","Trimestre 3","56,463,232.70","15,434.28"
"73411","Libano","2019","Trimestre 3","336,830,688.90","69,838.94"
"73411","Libano","2020","Trimestre 3","482,209,165.79","67,471.54"
"73411","Libano","2021","Trimestre 3","543,021,836.01","76,880.56"
"73411","Libano","2022","Trimestre 3","385,986,142.17","50,098.82"
"73411","Libano","2023","Trimestre 3","129,203,564.24","16,005.92"
"73411","Libano","2024","Trimestre 3","162,728,857.96","17,919.63"
"73411","Libano","2025","Trimestre 3","189,467,259.89","14,789.91"
"73411","Libano","2012","Trimestre 4","25,567,146.04","7,900.00"
"73411","Libano","2013","Trimestre 4","36,138,993.24","13,568.95"
"73411","Libano","2015","Trimestre 4","35,147,629.60","9,886.86"
"73411","Libano","2016","Trimestre 4","60,678,094.97","15,228.73"
"73411","Libano","2017","Trimestre 4","78,420,072.05","19,862.57"
"73411","Libano","2018","Trimestre 4","26,760,309.45","7,145.61"
"73411","Libano","2023","Trimestre 4","208,288,251.10","26,253.50"
"73411","Libano","2024","Trimestre 4","288,124,203.41","26,379.97"
"73411","Libano","2025","Trimestre 4","164,352,663.41","12,401.82"
"73411","Libano","2012","Trimestre 4","27,845,880.59","8,583.66"
"73411","Libano","2015","Trimestre 4","37,100,034.94","10,600.56"
"73411","Libano","2016","Trimestre 4","65,959,447.62","17,263.61"
"73411","Libano","2018","Trimestre 4","69,627,885.62","18,074.45"
"73411","Libano","2024","Trimestre 4","202,940,179.51","18,684.66"
"73411","Libano","2025","Trimestre 4","395,203,425.00","51,985.93"
"73411","Libano","2012","Trimestre 4","39,330,614.06","12,200.10"
"73411","Libano","2013","Trimestre 4","31,008,242.93","12,291.48"
"73411","Libano","2014","Trimestre 4","126,032,786.65","48,985.20"
"73411","Libano","2015","Trimestre 4","27,502,374.70","8,217.77"
"73411","Libano","2016","Trimestre 4","90,827,727.13","23,008.01"
"73411","Libano","2017","Trimestre 4","118,942,872.30","30,326.85"
"73411","Libano","2018","Trimestre 4","55,144,414.71","13,736.43"
"73411","Libano","2019","Trimestre 4","371,154,676.00","71,024.18"
"73411","Libano","2020","Trimestre 4","485,080,127.90","66,977.21"
"73411","Libano","2021","Trimestre 4","622,640,457.01","87,883.61"
"73411","Libano","2022","Trimestre 4","445,631,123.50","53,611.14"
"73411","Libano","2023","Trimestre 4","366,285,791.94","44,419.84"
"73411","Libano","2024","Trimestre 4","235,710,783.40","22,099.71"
"73411","Libano","2025","Trimestre 4","187,930,182.30","13,486.21"
"73443","Mariquita","2012","Trimestre 1","2,716,876.65","825.83"
"73443","Mariquita","2022","Trimestre 1","7,445,123.74","1,022.96"
"73443","Mariquita","2023","Trimestre 1","12,719,865.11","1,501.56"
"73443","Mariquita","2024","Trimestre 1","164,408.82","19.79"
"73443","Mariquita","2012","Trimestre 1","2,709,876.08","859.93"
"73443","Mariquita","2023","Trimestre 1","21,285,065.95","2,378.67"
"73443","Mariquita","2024","Trimestre 1","7,677,915.09","927.01"
"73443","Mariquita","2012","Trimestre 1","3,771,721.42","1,179.56"
"73443","Mariquita","2022","Trimestre 1","71,604,893.41","9,632.79"
"73443","Mariquita","2023","Trimestre 1","39,041,198.85","4,251.13"
"73443","Mariquita","2024","Trimestre 1","20,313,374.16","2,452.58"
"73443","Mariquita","2013","Trimestre 2","1,479,392.94","498.25"
"73443","Mariquita","2023","Trimestre 2","28,796,284.03","3,100.34"
"73443","Mariquita","2024","Trimestre 2","3,425,888.10","418.58"
"73443","Mariquita","2023","Trimestre 2","39,175,740.52","4,191.01"
"73443","Mariquita","2022","Trimestre 2","56,155,821.98","7,397.58"
"73443","Mariquita","2023","Trimestre 2","40,607,013.46","4,362.08"
"73443","Mariquita","2023","Trimestre 3","15,567,124.23","1,673.76"
"73443","Mariquita","2013","Trimestre 3","369,368.76","146.69"
"73443","Mariquita","2023","Trimestre 3","24,955,595.51","2,887.83"
"73443","Mariquita","2022","Trimestre 3","25,092,099.02","3,278.30"
"73443","Mariquita","2023","Trimestre 3","24,190,262.98","2,965.01"
"73443","Mariquita","2012","Trimestre 4","303,731.22","93.85"
"73443","Mariquita","2023","Trimestre 4","21,019,647.48","2,525.58"
"73443","Mariquita","2021","Trimestre 4","13,456,507.12","1,935.92"
"73443","Mariquita","2022","Trimestre 4","93,861,782.18","12,122.12"
"73443","Mariquita","2023","Trimestre 4","41,101,989.31","5,147.24"
"73504","Ortega","2022","Trimestre 1","4,041,994.18","555.37"
"73504","Ortega","2023","Trimestre 1","14,959,930.34","1,791.99"
"73504","Ortega","2024","Trimestre 1","17,490,473.33","2,105.34"
"73504","Ortega","2023","Trimestre 1","20,486,626.24","2,302.41"
"73504","Ortega","2024","Trimestre 1","16,234,184.12","1,960.07"
"73504","Ortega","2022","Trimestre 1","51,830,786.30","6,931.12"
"73504","Ortega","2023","Trimestre 1","44,893,789.34","4,886.31"
"73504","Ortega","2024","Trimestre 1","19,285,687.62","2,328.50"
"73504","Ortega","2023","Trimestre 2","24,946,618.81","2,686.25"
"73504","Ortega","2024","Trimestre 2","3,360,820.95","410.63"
"73504","Ortega","2023","Trimestre 2","55,611,653.06","5,950.51"
"73504","Ortega","2022","Trimestre 2","38,314,472.46","5,060.47"
"73504","Ortega","2023","Trimestre 2","38,866,569.90","4,176.19"
"73504","Ortega","2023","Trimestre 3","17,948,287.09","1,929.78"
"73504","Ortega","2023","Trimestre 3","18,738,076.71","2,227.04"
"73504","Ortega","2022","Trimestre 3","27,348,727.02","3,573.13"
"73504","Ortega","2023","Trimestre 3","25,696,825.85","3,149.67"
"73504","Ortega","2023","Trimestre 4","20,220,204.20","2,431.32"
"73504","Ortega","2021","Trimestre 4","23,263,417.74","3,349.35"
"73504","Ortega","2022","Trimestre 4","122,502,785.81","15,911.92"
"73504","Ortega","2023","Trimestre 4","27,925,507.55","3,504.88"
"73520","Palocabildo","2016","Trimestre 2","25,719,094.66","6,629.61"
"73520","Palocabildo","2016","Trimestre 3","59,959,176.82","15,255.92"
"73520","Palocabildo","2016","Trimestre 4","99,257.50","25.36"
"73624","Rovira","2017","Trimestre 2","9,680,138.14","2,587.33"
"73686","Santa Isabel","2012","Trimestre 1","17,222,325.90","5,234.95"
"73686","Santa Isabel","2013","Trimestre 1","15,102,998.56","4,843.33"
"73686","Santa Isabel","2014","Trimestre 1","6,779,325.06","2,779.33"
"73686","Santa Isabel","2015","Trimestre 1","11,976,469.42","4,134.35"
"73686","Santa Isabel","2016","Trimestre 1","17,090,822.05","4,776.78"
"73686","Santa Isabel","2017","Trimestre 1","41,042,857.10","11,504.49"
"73686","Santa Isabel","2018","Trimestre 1","6,299,452.31","1,620.03"
"73686","Santa Isabel","2019","Trimestre 1","34,153,091.00","8,507.51"
"73686","Santa Isabel","2012","Trimestre 1","48,366,969.25","15,348.38"
"73686","Santa Isabel","2013","Trimestre 1","30,251,971.61","9,942.11"
"73686","Santa Isabel","2014","Trimestre 1","25,606,066.46","10,203.56"
"73686","Santa Isabel","2015","Trimestre 1","1,772,310.16","573.79"
"73686","Santa Isabel","2016","Trimestre 1","2,622,422.51","707.59"
"73686","Santa Isabel","2017","Trimestre 1","6,019,055.23","1,668.38"
"73686","Santa Isabel","2012","Trimestre 1","26,622,841.92","8,325.97"
"73686","Santa Isabel","2013","Trimestre 1","23,274,975.31","7,759.22"
"73686","Santa Isabel","2014","Trimestre 1","25,052,860.74","9,173.45"
"73686","Santa Isabel","2016","Trimestre 1","39,081,124.12","9,429.64"
"73686","Santa Isabel","2017","Trimestre 1","21,446,770.84","5,860.20"
"73686","Santa Isabel","2018","Trimestre 1","79,027,740.58","20,102.98"
"73686","Santa Isabel","2020","Trimestre 1","81,841,575.05","15,942.69"
"73686","Santa Isabel","2012","Trimestre 2","36,071,151.90","11,861.54"
"73686","Santa Isabel","2013","Trimestre 2","16,033,561.20","5,400.00"
"73686","Santa Isabel","2014","Trimestre 2","17,393,322.48","6,260.53"
"73686","Santa Isabel","2015","Trimestre 2","13,119,550.81","4,201.75"
"73686","Santa Isabel","2016","Trimestre 2","22,317,272.29","5,539.68"
"73686","Santa Isabel","2017","Trimestre 2","4,785,931.13","1,284.49"
"73686","Santa Isabel","2018","Trimestre 2","9,081,102.95","2,338.88"
"73686","Santa Isabel","2012","Trimestre 2","36,166,341.62","12,002.07"
"73686","Santa Isabel","2013","Trimestre 2","33,244,736.17","11,890.06"
"73686","Santa Isabel","2014","Trimestre 2","26,640,119.58","10,279.25"
"73686","Santa Isabel","2015","Trimestre 2","10,017,822.07","3,257.53"
"73686","Santa Isabel","2016","Trimestre 2","18,347,994.55","4,787.66"
"73686","Santa Isabel","2017","Trimestre 2","25,005,392.93","6,683.50"
"73686","Santa Isabel","2018","Trimestre 2","23,750,583.26","6,254.74"
"73686","Santa Isabel","2012","Trimestre 2","11,429,759.90","3,904.58"
"73686","Santa Isabel","2013","Trimestre 2","14,861,304.30","5,530.00"
"73686","Santa Isabel","2014","Trimestre 2","14,615,505.57","5,757.02"
"73686","Santa Isabel","2015","Trimestre 2","13,780,047.35","4,588.06"
"73686","Santa Isabel","2016","Trimestre 2","12,383,832.47","3,192.18"
"73686","Santa Isabel","2017","Trimestre 2","16,850,032.51","4,499.27"
"73686","Santa Isabel","2018","Trimestre 2","33,134,598.82","8,663.52"
"73686","Santa Isabel","2019","Trimestre 2","36,727,356.65","8,782.10"
"73686","Santa Isabel","2020","Trimestre 2","19,687,255.83","2,868.05"
"73686","Santa Isabel","2021","Trimestre 2","18,732,537.53","2,875.15"
"73686","Santa Isabel","2012","Trimestre 3","23,508,553.12","8,003.34"
"73686","Santa Isabel","2013","Trimestre 3","44,474,748.39","16,868.66"
"73686","Santa Isabel","2014","Trimestre 3","5,112,423.70","2,057.42"
"73686","Santa Isabel","2015","Trimestre 3","13,299,519.97","4,279.36"
"73686","Santa Isabel","2016","Trimestre 3","15,355,226.40","3,906.96"
"73686","Santa Isabel","2017","Trimestre 3","26,399,963.97","6,875.56"
"73686","Santa Isabel","2018","Trimestre 3","13,907,311.65","3,649.73"
"73686","Santa Isabel","2012","Trimestre 3","29,642,875.64","10,131.40"
"73686","Santa Isabel","2013","Trimestre 3","21,010,457.78","8,344.03"
"73686","Santa Isabel","2014","Trimestre 3","7,336,421.35","2,926.83"
"73686","Santa Isabel","2015","Trimestre 3","13,260,536.28","4,174.48"
"73686","Santa Isabel","2016","Trimestre 3","17,227,584.52","4,229.66"
"73686","Santa Isabel","2017","Trimestre 3","20,629,156.66","5,338.45"
"73686","Santa Isabel","2018","Trimestre 3","24,856,791.63","6,754.80"
"73686","Santa Isabel","2013","Trimestre 3","20,709,887.80","7,854.27"
"73686","Santa Isabel","2014","Trimestre 3","13,371,999.59","5,286.91"
"73686","Santa Isabel","2015","Trimestre 3","9,717,541.00","2,804.58"
"73686","Santa Isabel","2016","Trimestre 3","16,252,477.90","3,972.06"
"73686","Santa Isabel","2018","Trimestre 3","3,813,887.92","1,042.53"
"73686","Santa Isabel","2019","Trimestre 3","83,948,580.37","19,615.43"
"73686","Santa Isabel","2020","Trimestre 3","15,370,408.46","2,265.20"
"73686","Santa Isabel","2012","Trimestre 4","18,770,816.08","5,800.00"
"73686","Santa Isabel","2013","Trimestre 4","20,820,600.60","7,817.42"
"73686","Santa Isabel","2014","Trimestre 4","7,775,191.51","3,094.88"
"73686","Santa Isabel","2015","Trimestre 4","11,853,244.95","3,334.26"
"73686","Santa Isabel","2016","Trimestre 4","17,559,226.79","4,406.94"
"73686","Santa Isabel","2017","Trimestre 4","30,769,657.65","7,793.47"
"73686","Santa Isabel","2018","Trimestre 4","55,473,766.72","14,957.62"
"73686","Santa Isabel","2012","Trimestre 4","79,697,683.06","24,581.35"
"73686","Santa Isabel","2013","Trimestre 4","13,273,380.58","5,196.78"
"73686","Santa Isabel","2014","Trimestre 4","6,474,167.22","2,514.56"
"73686","Santa Isabel","2015","Trimestre 4","9,908,020.89","2,831.01"
"73686","Santa Isabel","2016","Trimestre 4","14,123,144.57","3,696.46"
"73686","Santa Isabel","2018","Trimestre 4","29,844,670.33","7,747.27"
"73686","Santa Isabel","2024","Trimestre 4","3,588,073.33","324.13"
"73686","Santa Isabel","2012","Trimestre 4","25,125,383.13","7,793.73"
"73686","Santa Isabel","2013","Trimestre 4","27,626,144.00","10,950.84"
"73686","Santa Isabel","2014","Trimestre 4","9,777,104.34","3,800.07"
"73686","Santa Isabel","2015","Trimestre 4","12,204,194.04","3,646.64"
"73686","Santa Isabel","2016","Trimestre 4","40,670,102.56","10,302.34"
"73686","Santa Isabel","2017","Trimestre 4","90,041,276.13","23,334.70"
"73686","Santa Isabel","2019","Trimestre 4","35,602,041.54","6,913.36"
"73686","Santa Isabel","2020","Trimestre 4","100,578,920.55","16,910.67"
"73686","Santa Isabel","2021","Trimestre 4","29,473,784.23","4,357.27"
"73854","Valle de San Juan","2013","Trimestre 1","3,452,092.57","1,107.04"
"73854","Valle de San Juan","2012","Trimestre 1","2,707,544.14","859.19"
"73854","Valle de San Juan","2012","Trimestre 1","484,655.14","151.57"
"73854","Valle de San Juan","2013","Trimestre 1","5,042,748.34","1,681.11"
"73854","Valle de San Juan","2013","Trimestre 2","1,495,901.57","503.81"
"73854","Valle de San Juan","2013","Trimestre 2","5,275,709.28","1,963.13"
"73854","Valle de San Juan","2012","Trimestre 3","431,378.16","146.86"
"73854","Valle de San Juan","2012","Trimestre 3","9,075,581.52","3,101.87"
"73854","Valle de San Juan","2012","Trimestre 3","33,446,572.05","11,072.67"
"73854","Valle de San Juan","2012","Trimestre 4","8,033,003.10","2,482.12"
"73854","Valle de San Juan","2012","Trimestre 4","1,701,669.99","524.55"
"73854","Valle de San Juan","2012","Trimestre 4","5,447,438.83","1,689.76"
"73861","Venadillo","2012","Trimestre 1","3,300,664.79","1,003.28"
"73861","Venadillo","2023","Trimestre 1","6,118,848.62","690.22"
"73861","Venadillo","2012","Trimestre 1","5,314,625.62","1,686.50"
"73861","Venadillo","2023","Trimestre 1","9,695,539.02","1,071.67"
"73861","Venadillo","2024","Trimestre 1","371,385.11","44.84"
"73861","Venadillo","2012","Trimestre 1","2,436,993.26","762.14"
"73861","Venadillo","2023","Trimestre 1","18,063,669.62","1,967.07"
"73861","Venadillo","2024","Trimestre 1","5,921,538.49","714.95"
"73861","Venadillo","2023","Trimestre 2","8,660,764.57","928.96"
"73861","Venadillo","2024","Trimestre 2","1,228,582.50","150.11"
"73861","Venadillo","2023","Trimestre 2","14,445,800.97","1,547.65"
"73861","Venadillo","2023","Trimestre 2","11,233,636.76","1,206.83"
"73861","Venadillo","2023","Trimestre 3","10,026,423.70","1,078.03"
"73861","Venadillo","2023","Trimestre 3","17,026,375.97","2,014.10"
"73861","Venadillo","2023","Trimestre 4","3,434,761.00","421.00"
"73861","Venadillo","2023","Trimestre 4","17,101,971.07","2,145.87"
"73870","Villahermosa","2026","Trimestre 1","9,094,668.12","- 0"
"73870","Villahermosa","2026","Trimestre 3","1,808,352.77","- 0"
"73870","Villahermosa","2026","Trimestre 2","1,617,812.67","956,954.11"
"73870","Villahermosa","2026","Trimestre 1","24,063,383.97","- 0"
"73870","Villahermosa","2025","Trimestre 1","10,420,148.69","- 0"
"73870","Villahermosa","2025","Trimestre 1","4,940,411.22","- 0"
"73870","Villahermosa","2026","Trimestre 1","20,024,859.91","- 0"
"73870","Villahermosa","2025","Trimestre 2","11,152,664.84","- 0"
"73870","Villahermosa","2026","Trimestre 2","8,990,166.54","8,700.95"
"73870","Villahermosa","2026","Trimestre 2","18,341,646.51","- 0"
"73870","Villahermosa","2025","Trimestre 2","12,384,019.00","- 0"
"73870","Villahermosa","2026","Trimestre 2","10,935,555.59","- 0"
"73870","Villahermosa","2025","Trimestre 3","5,760,512.21","- 0"
"73870","Villahermosa","2025","Trimestre 3","7,582,347.85","- 0"
"73870","Villahermosa","2024","Trimestre 3","17,663,616.70","- 0"
"73870","Villahermosa","2025","Trimestre 3","15,842,056.34","- 0"
"73870","Villahermosa","2025","Trimestre 4","10,203,040.62","- 0"
"73870","Villahermosa","2024","Trimestre 4","11,451,894.22","- 0"
"73870","Villahermosa","2025","Trimestre 4","33,932,429.43","- 0"
"73870","Villahermosa","2024","Trimestre 4","25,360,654.95","- 0"
"73870","Villahermosa","2025","Trimestre 4","22,083,367.75","- 0"
"76001","Cali","2012","Trimestre 1","40,858,586.83","12,418.62"
"76001","Cali","2013","Trimestre 1","9,091,508.76","2,915.53"
"76001","Cali","2012","Trimestre 1","47,391,365.97","15,038.79"
"76001","Cali","2013","Trimestre 1","2,366,272.27","777.66"
"76001","Cali","2012","Trimestre 1","18,884,669.72","5,945.02"
"76001","Cali","2013","Trimestre 1","19,668,661.09","6,556.98"
"76001","Cali","2012","Trimestre 2","35,248,382.12","11,255.97"
"76001","Cali","2013","Trimestre 2","2,271,980.61","763.37"
"76001","Cali","2012","Trimestre 2","26,358,732.75","8,737.46"
"76001","Cali","2013","Trimestre 2","125,449.73","44.87"
"76001","Cali","2012","Trimestre 2","8,441,729.03","2,882.52"
"76001","Cali","2012","Trimestre 3","12,627,370.25","4,302.66"
"76001","Cali","2014","Trimestre 3","31,279,762.01","12,537.49"
"76001","Cali","2012","Trimestre 3","18,353,464.12","6,272.30"
"76001","Cali","2012","Trimestre 3","57,982,763.72","19,195.51"
"76001","Cali","2014","Trimestre 3","590,373.59","233.42"
"76001","Cali","2012","Trimestre 4","5,094,949.66","1,574.29"
"76001","Cali","2012","Trimestre 4","1,260,835.12","388.66"
"76001","Cali","2014","Trimestre 4","23,195,213.06","9,122.32"
"76001","Cali","2012","Trimestre 4","3,114,947.14","966.17"
"76109","Buenaventura","2012","Trimestre 1","24,457,647.09","7,434.22"
"76109","Buenaventura","2013","Trimestre 1","179,040,294.52","57,378.08"
"76109","Buenaventura","2014","Trimestre 1","101,912,812.98","41,312.80"
"76109","Buenaventura","2016","Trimestre 1","321,375,566.10","89,847.00"
"76109","Buenaventura","2017","Trimestre 1","32,137,231.52","8,947.45"
"76109","Buenaventura","2019","Trimestre 1","46,549,572.97","11,323.19"
"76109","Buenaventura","2012","Trimestre 1","156,982,826.89","49,814.47"
"76109","Buenaventura","2013","Trimestre 1","179,515,231.38","58,996.49"
"76109","Buenaventura","2014","Trimestre 1","154,894,744.52","61,811.73"
"76109","Buenaventura","2015","Trimestre 1","2,172,183.41","703.25"
"76109","Buenaventura","2016","Trimestre 1","76,752,972.57","20,709.72"
"76109","Buenaventura","2017","Trimestre 1","10,150,744.52","2,761.23"
"76109","Buenaventura","2018","Trimestre 1","140,580,132.10","35,955.77"
"76109","Buenaventura","2019","Trimestre 1","52,031,888.13","12,422.08"
"76109","Buenaventura","2012","Trimestre 1","95,527,775.83","29,875.15"
"76109","Buenaventura","2013","Trimestre 1","153,524,049.04","50,899.95"
"76109","Buenaventura","2014","Trimestre 1","185,592,497.14","68,470.74"
"76109","Buenaventura","2015","Trimestre 1","60,375,397.95","19,753.40"
"76109","Buenaventura","2016","Trimestre 1","38,979,956.92","9,405.23"
"76109","Buenaventura","2017","Trimestre 1","5,481,367.47","1,503.87"
"76109","Buenaventura","2019","Trimestre 1","68,267,843.03","16,145.67"
"76109","Buenaventura","2020","Trimestre 1","68,584,162.12","13,802.60"
"76109","Buenaventura","2021","Trimestre 1","93,825,567.09","17,510.83"
"76109","Buenaventura","2012","Trimestre 2","144,549,140.65","46,808.12"
"76109","Buenaventura","2013","Trimestre 2","238,974,605.37","80,381.44"
"76109","Buenaventura","2014","Trimestre 2","137,522,328.58","49,499.61"
"76109","Buenaventura","2015","Trimestre 2","411,483,731.39","136,208.81"
"76109","Buenaventura","2016","Trimestre 2","46,360,849.05","11,507.87"
"76109","Buenaventura","2017","Trimestre 2","5,473,278.16","1,468.97"
"76109","Buenaventura","2018","Trimestre 2","38,175,209.75","9,832.20"
"76109","Buenaventura","2012","Trimestre 2","124,797,897.16","40,638.99"
"76109","Buenaventura","2013","Trimestre 2","215,185,678.96","76,961.68"
"76109","Buenaventura","2014","Trimestre 2","138,228,219.80","53,325.05"
"76109","Buenaventura","2015","Trimestre 2","308,691,055.31","100,016.26"
"76109","Buenaventura","2016","Trimestre 2","409,847,120.03","106,944.04"
"76109","Buenaventura","2017","Trimestre 2","7,869,438.78","2,106.75"
"76109","Buenaventura","2012","Trimestre 2","83,086,241.17","28,247.33"
"76109","Buenaventura","2013","Trimestre 2","121,133,163.54","45,074.54"
"76109","Buenaventura","2014","Trimestre 2","124,909,884.39","49,073.40"
"76109","Buenaventura","2015","Trimestre 2","277,301,984.49","92,151.64"
"76109","Buenaventura","2016","Trimestre 2","522,587,402.03","134,707.33"
"76109","Buenaventura","2017","Trimestre 2","5,723,020.72","1,528.20"
"76109","Buenaventura","2018","Trimestre 2","85,151,262.28","22,339.30"
"76109","Buenaventura","2019","Trimestre 2","346,954,787.20","81,908.91"
"76109","Buenaventura","2020","Trimestre 2","276,617,821.89","40,411.39"
"76109","Buenaventura","2021","Trimestre 2","771,405.07","132.58"
"76109","Buenaventura","2022","Trimestre 2","214,680.00","27.00"
"76109","Buenaventura","2012","Trimestre 3","84,412,834.02","28,751.89"
"76109","Buenaventura","2013","Trimestre 3","128,103,778.30","48,557.89"
"76109","Buenaventura","2014","Trimestre 3","139,330,871.39","55,923.02"
"76109","Buenaventura","2015","Trimestre 3","196,924,429.42","63,363.98"
"76109","Buenaventura","2018","Trimestre 3","1,792,705.38","461.03"
"76109","Buenaventura","2012","Trimestre 3","238,124,225.60","80,923.71"
"76109","Buenaventura","2013","Trimestre 3","121,867,679.27","47,857.04"
"76109","Buenaventura","2014","Trimestre 3","139,855,594.47","55,810.76"
"76109","Buenaventura","2015","Trimestre 3","344,163,730.49","108,510.72"
"76109","Buenaventura","2017","Trimestre 3","21,162,909.86","5,845.43"
"76109","Buenaventura","2018","Trimestre 3","13,752,888.47","3,536.83"
"76109","Buenaventura","2012","Trimestre 3","243,352,374.13","80,563.13"
"76109","Buenaventura","2013","Trimestre 3","95,319,955.97","35,952.56"
"76109","Buenaventura","2014","Trimestre 3","153,411,572.27","60,654.59"
"76109","Buenaventura","2015","Trimestre 3","351,743,850.24","101,573.16"
"76109","Buenaventura","2016","Trimestre 3","578.78","0.14"
"76109","Buenaventura","2018","Trimestre 3","9,977,809.48","2,727.44"
"76109","Buenaventura","2019","Trimestre 3","215,574,625.50","46,878.20"
"76109","Buenaventura","2020","Trimestre 3","107,204,601.89","16,148.97"
"76109","Buenaventura","2012","Trimestre 4","152,340,998.23","47,071.89"
"76109","Buenaventura","2013","Trimestre 4","103,344,347.97","38,802.25"
"76109","Buenaventura","2014","Trimestre 4","179,182,253.28","71,249.08"
"76109","Buenaventura","2015","Trimestre 4","111,599,700.12","31,392.45"
"76109","Buenaventura","2018","Trimestre 4","7,688,911.69","2,053.11"
"76109","Buenaventura","2012","Trimestre 4","202,264,417.83","62,349.62"
"76109","Buenaventura","2013","Trimestre 4","77,229,232.87","30,236.71"
"76109","Buenaventura","2014","Trimestre 4","165,192,990.21","64,486.77"
"76109","Buenaventura","2016","Trimestre 4","38,936,915.84","9,776.82"
"76109","Buenaventura","2018","Trimestre 4","39,046,772.47","10,290.40"
"76109","Buenaventura","2012","Trimestre 4","114,121,131.66","34,615.96"
"76109","Buenaventura","2013","Trimestre 4","185,666,977.16","73,429.39"
"76109","Buenaventura","2014","Trimestre 4","160,045,776.29","62,198.35"
"76109","Buenaventura","2015","Trimestre 4","87,043,101.45","26,008.67"
"76109","Buenaventura","2016","Trimestre 4","120,940,832.65","30,455.74"
"76109","Buenaventura","2017","Trimestre 4","1,409,631.80","376.40"
"76109","Buenaventura","2018","Trimestre 4","6,520,013.92","1,624.13"
"76109","Buenaventura","2019","Trimestre 4","317,290,968.80","61,592.37"
"76109","Buenaventura","2020","Trimestre 4","73,342,041.75","11,359.94"
"76111","Guadalajara de Buga","2012","Trimestre 3","9,149,264.73","3,114.81"
"76111","Guadalajara de Buga","2012","Trimestre 3","5,613,198.62","1,918.49"
"76111","Guadalajara de Buga","2012","Trimestre 4","288,132.03","89.03"
"76147","Cartago","2015","Trimestre 2","21,274,757.71","6,951.37"
"76233","Dagua","2017","Trimestre 1","1,824,696.31","462.22"
"76233","Dagua","2017","Trimestre 1","2,276,547.13","638.13"
"76233","Dagua","2017","Trimestre 1","1,645,930.44","449.74"
"76233","Dagua","2013","Trimestre 2","37,225.77","12.54"
"76233","Dagua","2013","Trimestre 2","256,176.66","91.62"
"76233","Dagua","2016","Trimestre 3","989,630.30","251.80"
"76250","El Dovio","2015","Trimestre 2","1,234,387.78","401.44"
"76250","El Dovio","2024","Trimestre 2","907,911.91","110.93"
"76250","El Dovio","2015","Trimestre 2","3,655,282.21","1,184.15"
"76250","El Dovio","2012","Trimestre 3","324,781.99","110.57"
"76250","El Dovio","2015","Trimestre 3","485,846.20","152.95"
"76250","El Dovio","2014","Trimestre 3","1,193,698.53","471.95"
"76250","El Dovio","2014","Trimestre 4","199,288.88","77.40"
"76250","El Dovio","2023","Trimestre 4","1,646,107.56","198.98"
"76306","Ginebra","2012","Trimestre 1","971,828.78","295.40"
"76306","Ginebra","2013","Trimestre 1","456,667.59","146.45"
"76306","Ginebra","2014","Trimestre 1","746,135.44","303.16"
"76306","Ginebra","2012","Trimestre 1","259,885.67","82.47"
"76306","Ginebra","2013","Trimestre 1","633,096.90","208.06"
"76306","Ginebra","2014","Trimestre 1","88,010.72","35.07"
"76306","Ginebra","2012","Trimestre 1","3,142,789.50","983.99"
"76306","Ginebra","2013","Trimestre 1","353,670.91","117.90"
"76306","Ginebra","2012","Trimestre 2","947,728.41","300.13"
"76306","Ginebra","2013","Trimestre 2","691,891.64","232.22"
"76306","Ginebra","2014","Trimestre 2","107,328.27","38.63"
"76306","Ginebra","2015","Trimestre 2","1,309,829.49","444.25"
"76306","Ginebra","2012","Trimestre 2","569,069.64","188.85"
"76306","Ginebra","2014","Trimestre 2","580,978.99","222.14"
"76306","Ginebra","2015","Trimestre 2","1,390,510.69","448.64"
"76306","Ginebra","2012","Trimestre 2","343,485.86","117.34"
"76306","Ginebra","2014","Trimestre 2","129,790.69","50.74"
"76306","Ginebra","2012","Trimestre 3","1,589,595.76","542.25"
"76306","Ginebra","2013","Trimestre 3","531,947.85","201.76"
"76306","Ginebra","2014","Trimestre 3","391,128.42","157.40"
"76306","Ginebra","2013","Trimestre 3","587,875.48","233.47"
"76306","Ginebra","2014","Trimestre 3","137,907.42","55.02"
"76306","Ginebra","2013","Trimestre 3","491,686.53","187.41"
"76306","Ginebra","2014","Trimestre 3","195,273.97","77.21"
"76306","Ginebra","2012","Trimestre 4","3,129,451.04","966.97"
"76306","Ginebra","2013","Trimestre 4","456,262.53","171.31"
"76306","Ginebra","2013","Trimestre 4","122,330.22","47.89"
"76306","Ginebra","2014","Trimestre 4","332,956.33","129.32"
"76306","Ginebra","2012","Trimestre 4","2,939,262.31","911.74"
"76306","Ginebra","2013","Trimestre 4","325,066.40","128.40"
"76306","Ginebra","2014","Trimestre 4","726,267.89","282.25"
"76364","Jamundi","2012","Trimestre 1","143,959.86","43.39"
"76364","Jamundi","2013","Trimestre 1","128,481.81","41.20"
"76364","Jamundi","2014","Trimestre 1","21,790.78","8.93"
"76364","Jamundi","2017","Trimestre 1","28,625.32","8.02"
"76364","Jamundi","2012","Trimestre 1","217,910.68","69.15"
"76364","Jamundi","2013","Trimestre 1","104,519.38","34.35"
"76364","Jamundi","2014","Trimestre 1","6,722.01","2.68"
"76364","Jamundi","2012","Trimestre 1","173,098.86","54.20"
"76364","Jamundi","2013","Trimestre 1","71,815.32","23.94"
"76364","Jamundi","2014","Trimestre 1","295,779.40","108.30"
"76364","Jamundi","2017","Trimestre 1","40,035.66","10.94"
"76364","Jamundi","2012","Trimestre 2","418,362.66","133.51"
"76364","Jamundi","2013","Trimestre 2","70,730.68","23.81"
"76364","Jamundi","2014","Trimestre 2","22,302.96","8.03"
"76364","Jamundi","2017","Trimestre 2","107,333.12","28.81"
"76364","Jamundi","2012","Trimestre 2","462,692.32","152.37"
"76364","Jamundi","2013","Trimestre 2","130,385.53","46.63"
"76364","Jamundi","2014","Trimestre 2","32,392.40","12.50"
"76364","Jamundi","2015","Trimestre 2","213,030.87","68.79"
"76364","Jamundi","2017","Trimestre 2","110,362.70","29.50"
"76364","Jamundi","2012","Trimestre 2","77,748.29","26.56"
"76364","Jamundi","2013","Trimestre 2","86,102.04","32.04"
"76364","Jamundi","2014","Trimestre 2","52,602.44","20.72"
"76364","Jamundi","2017","Trimestre 2","222,387.77","59.40"
"76364","Jamundi","2023","Trimestre 2","28,807,267.47","4,390.07"
"76364","Jamundi","2012","Trimestre 3","19,268.97","6.56"
"76364","Jamundi","2013","Trimestre 3","65,489.58","24.61"
"76364","Jamundi","2014","Trimestre 3","53,512.70","21.54"
"76364","Jamundi","2012","Trimestre 3","117,062.94","40.01"
"76364","Jamundi","2013","Trimestre 3","6,924.56","2.75"
"76364","Jamundi","2014","Trimestre 3","114,338.26","45.61"
"76364","Jamundi","2015","Trimestre 3","341,460.82","109.11"
"76364","Jamundi","2017","Trimestre 3","164,167.00","42.85"
"76364","Jamundi","2012","Trimestre 3","157,888.96","52.27"
"76364","Jamundi","2013","Trimestre 3","58,613.77","22.23"
"76364","Jamundi","2014","Trimestre 3","34,999.98","13.84"
"76364","Jamundi","2024","Trimestre 3","13,619,628.28","2,000.17"
"76364","Jamundi","2012","Trimestre 4","128,159.36","39.60"
"76364","Jamundi","2013","Trimestre 4","62,009.94","23.28"
"76364","Jamundi","2014","Trimestre 4","18,312.48","7.29"
"76364","Jamundi","2024","Trimestre 4","39,754,593.23","5,426.11"
"76364","Jamundi","2012","Trimestre 4","228,414.04","70.41"
"76364","Jamundi","2013","Trimestre 4","28,442.05","11.14"
"76364","Jamundi","2014","Trimestre 4","554,175.75","215.24"
"76364","Jamundi","2016","Trimestre 4","128,335.06","32.64"
"76364","Jamundi","2012","Trimestre 4","182,241.10","56.53"
"76364","Jamundi","2013","Trimestre 4","47,258.78","18.73"
"76364","Jamundi","2014","Trimestre 4","347,700.81","135.13"
"76364","Jamundi","2016","Trimestre 4","45,752.55","11.59"
"76364","Jamundi","2017","Trimestre 4","116,630.42","30.66"
"76520","Palmira","2012","Trimestre 1","2,671,556.58","847.77"
"76520","Palmira","2012","Trimestre 1","143,954.44","45.02"
"76520","Palmira","2012","Trimestre 2","826,173.80","266.83"
"76834","Tulua","2013","Trimestre 1","264,006.84","86.76"
"76834","Tulua","2012","Trimestre 1","149,166.47","46.65"
"76834","Tulua","2013","Trimestre 2","2,443,455.34","822.94"
"76834","Tulua","2014","Trimestre 2","142,197.82","51.18"
"76834","Tulua","2014","Trimestre 2","241,429.69","91.27"
"76834","Tulua","2015","Trimestre 2","1,937,519.26","626.78"
"76834","Tulua","2012","Trimestre 2","394,771.63","134.86"
"76834","Tulua","2012","Trimestre 3","4,960,378.91","1,688.73"
"76834","Tulua","2012","Trimestre 3","3,033,425.21","1,036.77"
"76834","Tulua","2012","Trimestre 3","245,125.10","81.15"
"76834","Tulua","2012","Trimestre 4","241,690.44","74.68"
"76834","Tulua","2012","Trimestre 4","86,032.39","26.52"
"76834","Tulua","2014","Trimestre 4","318,376.22","123.66"
"76834","Tulua","2012","Trimestre 4","373,412.11","115.83"
"76892","Yumbo","2012","Trimestre 1","5,959,830.31","1,891.24"
"86001","Mocoa","2013","Trimestre 1","278,153.14","89.20"
"86001","Mocoa","2013","Trimestre 1","156,339.68","51.38"
"86001","Mocoa","2014","Trimestre 1","290,950.14","106.54"
"86001","Mocoa","2012","Trimestre 2","5,680,742.52","1,868.04"
"86001","Mocoa","2015","Trimestre 2","8,070,148.95","2,745.37"
"86001","Mocoa","2012","Trimestre 2","96,095.48","31.89"
"86001","Mocoa","2015","Trimestre 2","3,068,835.04","991.85"
"86001","Mocoa","2014","Trimestre 3","453,072.78","182.33"
"86001","Mocoa","2015","Trimestre 3","790,856.85","263.32"
"86001","Mocoa","2012","Trimestre 3","261,285.53","86.50"
"86001","Mocoa","2013","Trimestre 4","2,827,429.48","1,061.60"
"86001","Mocoa","2014","Trimestre 4","138,638.92","55.18"
"86001","Mocoa","2014","Trimestre 4","1,161,780.83","451.23"
"86001","Mocoa","2014","Trimestre 4","3,691,015.31","1,434.59"
"86001","Mocoa","2015","Trimestre 4","2,114,689.97","633.47"
"86320","Orito","2014","Trimestre 1","2,000,968.41","820.34"
"86320","Orito","2014","Trimestre 1","3,197,182.24","1,274.02"
"86320","Orito","2013","Trimestre 2","5,520,562.96","1,859.29"
"86320","Orito","2014","Trimestre 2","2,413,021.95","868.54"
"86320","Orito","2014","Trimestre 2","1,535,598.77","592.52"
"86320","Orito","2013","Trimestre 2","1,979,617.10","736.63"
"86320","Orito","2016","Trimestre 2","389,746.54","96.74"
"86320","Orito","2013","Trimestre 3","2,437,478.37","924.50"
"86320","Orito","2014","Trimestre 3","2,045,193.23","815.92"
"86320","Orito","2014","Trimestre 3","3,920,260.51","1,549.96"
"86320","Orito","2013","Trimestre 4","1,128,527.76","441.84"
"86320","Orito","2013","Trimestre 4","623,192.96","247.03"
"86569","Puerto Caicedo","2014","Trimestre 1","3,552,505.57","1,415.61"
"86569","Puerto Caicedo","2013","Trimestre 2","1,471,322.87","547.49"
"86569","Puerto Caicedo","2014","Trimestre 2","9,690,170.93","3,816.94"
"86569","Puerto Caicedo","2013","Trimestre 3","1,232,525.61","467.48"
"86569","Puerto Caicedo","2014","Trimestre 3","487,258.39","196.09"
"86569","Puerto Caicedo","2013","Trimestre 3","592,717.39","235.39"
"86569","Puerto Caicedo","2013","Trimestre 4","966,293.50","362.81"
"86569","Puerto Caicedo","2013","Trimestre 4","1,085,636.79","430.34"
"86571","Puerto Guzman","2016","Trimestre 1","2,449,952.93","684.75"
"86571","Puerto Guzman","2017","Trimestre 1","3,312,630.02","839.14"
"86571","Puerto Guzman","2012","Trimestre 1","6,137.26","- 0"
"86571","Puerto Guzman","2016","Trimestre 1","9,059,365.24","2,444.43"
"86571","Puerto Guzman","2017","Trimestre 1","9,960,510.17","2,787.75"
"86571","Puerto Guzman","2014","Trimestre 1","1,002,392.99","367.04"
"86571","Puerto Guzman","2017","Trimestre 1","12,550,717.52","3,448.07"
"86571","Puerto Guzman","2014","Trimestre 2","1,079,544.91","388.57"
"86571","Puerto Guzman","2015","Trimestre 2","11,338,169.74","3,738.54"
"86571","Puerto Guzman","2017","Trimestre 2","41,894,128.40","11,344.61"
"86571","Puerto Guzman","2012","Trimestre 2","119,177.68","39.55"
"86571","Puerto Guzman","2015","Trimestre 2","12,902,743.13","4,193.96"
"86571","Puerto Guzman","2017","Trimestre 2","20,959,612.74","5,606.49"
"86571","Puerto Guzman","2016","Trimestre 2","16,170,057.82","4,048.06"
"86571","Puerto Guzman","2017","Trimestre 2","18,433,014.46","4,923.57"
"86571","Puerto Guzman","2015","Trimestre 3","7,568,277.24","2,465.99"
"86571","Puerto Guzman","2014","Trimestre 3","649,663.18","259.18"
"86571","Puerto Guzman","2015","Trimestre 3","1,930,353.00","607.68"
"86571","Puerto Guzman","2017","Trimestre 3","29,934,097.90","7,992.96"
"86571","Puerto Guzman","2012","Trimestre 3","223,104.62","73.86"
"86571","Puerto Guzman","2013","Trimestre 3","1,605,047.09","608.72"
"86571","Puerto Guzman","2015","Trimestre 3","847,658.71","266.85"
"86571","Puerto Guzman","2016","Trimestre 3","3,467,000.97","893.69"
"86571","Puerto Guzman","2013","Trimestre 4","2,402,206.01","901.95"
"86571","Puerto Guzman","2015","Trimestre 4","2,373,068.87","667.53"
"86571","Puerto Guzman","2015","Trimestre 4","6,250,355.56","1,768.75"
"86571","Puerto Guzman","2016","Trimestre 4","66,420,184.41","16,778.38"
"86571","Puerto Guzman","2012","Trimestre 4","1,570.65","- 0"
"86571","Puerto Guzman","2014","Trimestre 4","643,759.00","250.21"
"86571","Puerto Guzman","2015","Trimestre 4","15,997,713.66","4,812.76"
"86571","Puerto Guzman","2016","Trimestre 4","11,202,250.40","2,867.32"
"86571","Puerto Guzman","2017","Trimestre 4","29,934,097.90","7,992.96"
"86571","Puerto Guzman","2019","Trimestre 4","14,012,559.15","2,651.86"
"86573","Leguizamo","2012","Trimestre 1","1,540,059.70","488.71"
"86573","Leguizamo","2014","Trimestre 1","2,420,986.84","964.72"
"86573","Leguizamo","2014","Trimestre 1","6,084,108.17","2,227.78"
"86573","Leguizamo","2012","Trimestre 2","810,279.14","266.45"
"86573","Leguizamo","2014","Trimestre 2","2,049,960.14","737.86"
"86573","Leguizamo","2015","Trimestre 2","12,584,927.91","4,243.73"
"86573","Leguizamo","2012","Trimestre 2","147,774.29","49.04"
"86573","Leguizamo","2013","Trimestre 2","737,056.41","263.61"
"86573","Leguizamo","2014","Trimestre 2","1,432,606.98","552.78"
"86573","Leguizamo","2015","Trimestre 2","27,659,913.67","8,999.32"
"86573","Leguizamo","2012","Trimestre 2","2,873,027.69","981.47"
"86573","Leguizamo","2014","Trimestre 2","1,094,673.95","431.19"
"86573","Leguizamo","2016","Trimestre 2","4,331,773.10","1,063.85"
"86573","Leguizamo","2012","Trimestre 3","3,969,201.95","1,351.29"
"86573","Leguizamo","2015","Trimestre 3","1,829,887.72","591.80"
"86573","Leguizamo","2013","Trimestre 3","777,691.34","308.85"
"86573","Leguizamo","2014","Trimestre 3","389,126.14","155.24"
"86573","Leguizamo","2012","Trimestre 3","396,912.36","131.40"
"86573","Leguizamo","2012","Trimestre 4","3,580,727.35","1,106.41"
"86573","Leguizamo","2014","Trimestre 4","234,294.82","93.26"
"86573","Leguizamo","2015","Trimestre 4","679,104.76","194.04"
"86573","Leguizamo","2012","Trimestre 4","22,956.29","- 0"
"86573","Leguizamo","2014","Trimestre 4","1,949,008.75","757.52"
"86749","Sibundoy","2012","Trimestre 1","12,642,601.98","3,953.82"
"86749","Sibundoy","2012","Trimestre 2","12,257,552.05","4,067.76"
"86749","Sibundoy","2012","Trimestre 2","21,004,742.98","7,175.54"
"86749","Sibundoy","2012","Trimestre 3","50,619,727.82","17,233.17"
"86749","Sibundoy","2012","Trimestre 3","14,023,941.07","4,793.13"
"86885","Villagarzon","2016","Trimestre 1","14,652,056.58","4,095.16"
"86885","Villagarzon","2016","Trimestre 1","46,733,408.07","12,609.75"
"86885","Villagarzon","2016","Trimestre 1","17,196,143.88","4,149.15"
"86885","Villagarzon","2012","Trimestre 2","145,573.51","47.87"
"86885","Villagarzon","2016","Trimestre 2","14,657,856.23","3,638.43"
"86885","Villagarzon","2014","Trimestre 2","255,382.32","98.54"
"86885","Villagarzon","2016","Trimestre 2","36,571,246.06","9,542.77"
"86885","Villagarzon","2016","Trimestre 2","23,203,324.40","5,981.12"
"86885","Villagarzon","2012","Trimestre 3","131,416.72","44.74"
"86885","Villagarzon","2012","Trimestre 4","283,329.56","87.60"
"91001","Leticia","2016","Trimestre 2","2,124,416.63","512.59"
"91001","Leticia","2015","Trimestre 4","592,715.93","166.73"
"91001","Leticia","2015","Trimestre 4","802,054.78","229.17"
"94001","Inirida","2012","Trimestre 1","16,444,632.58","4,998.56"
"94001","Inirida","2013","Trimestre 1","1,350,227.71","433.00"
"94001","Inirida","2014","Trimestre 1","299,741,436.65","122,120.69"
"94001","Inirida","2016","Trimestre 1","545,944,955.62","152,588.27"
"94001","Inirida","2019","Trimestre 1","25,157,033.53","6,266.60"
"94001","Inirida","2023","Trimestre 1","11,113,586.82","1,419.76"
"94001","Inirida","2012","Trimestre 1","23,840,631.37","7,553.26"
"94001","Inirida","2013","Trimestre 1","1,350,399.97","443.80"
"94001","Inirida","2014","Trimestre 1","331,515,716.31","132,103.09"
"94001","Inirida","2016","Trimestre 1","420,466,530.39","113,703.35"
"94001","Inirida","2019","Trimestre 1","20,031,733.46","4,989.89"
"94001","Inirida","2023","Trimestre 1","37,836,805.11","4,902.90"
"94001","Inirida","2024","Trimestre 1","36,298,942.80","4,388.16"
"94001","Inirida","2012","Trimestre 1","18,034,178.57","5,639.97"
"94001","Inirida","2013","Trimestre 1","1,698,404.09","566.20"
"94001","Inirida","2014","Trimestre 1","277,984,409.32","101,787.82"
"94001","Inirida","2016","Trimestre 1","339,421,295.62","65,296.84"
"94001","Inirida","2019","Trimestre 1","29,781,090.32","7,311.08"
"94001","Inirida","2020","Trimestre 1","272,919,936.50","51,864.88"
"94001","Inirida","2021","Trimestre 1","154,176,986.30","21,208.22"
"94001","Inirida","2022","Trimestre 1","73,843,346.67","10,545.26"
"94001","Inirida","2023","Trimestre 1","50,051,039.80","6,036.40"
"94001","Inirida","2024","Trimestre 1","13,242,315.63","1,606.01"
"94001","Inirida","2012","Trimestre 2","19,125,841.58","6,289.29"
"94001","Inirida","2013","Trimestre 2","1,689,462.28","569.00"
"94001","Inirida","2014","Trimestre 2","223,440,348.29","80,424.83"
"94001","Inirida","2015","Trimestre 2","92,551,600.23","30,280.69"
"94001","Inirida","2016","Trimestre 2","278,604,458.23","23,999.71"
"94001","Inirida","2023","Trimestre 2","61,279,003.51","6,942.75"
"94001","Inirida","2024","Trimestre 2","13,520,578.90","1,635.90"
"94001","Inirida","2012","Trimestre 2","21,320,411.44","7,044.31"
"94001","Inirida","2014","Trimestre 2","244,997,589.33","94,533.79"
"94001","Inirida","2015","Trimestre 2","189,934,132.99","61,118.31"
"94001","Inirida","2016","Trimestre 2","76,748,290.74","12,996.70"
"94001","Inirida","2023","Trimestre 2","28,277,182.53","3,085.80"
"94001","Inirida","2024","Trimestre 2","11,901,883.02","1,437.00"
"94001","Inirida","2012","Trimestre 2","23,036,443.99","7,869.60"
"94001","Inirida","2013","Trimestre 2","8,040,019.38","2,991.75"
"94001","Inirida","2014","Trimestre 2","126,181,920.93","49,702.82"
"94001","Inirida","2015","Trimestre 2","337,429,879.27","110,563.49"
"94001","Inirida","2016","Trimestre 2","178,238,146.81","30,640.93"
"94001","Inirida","2018","Trimestre 2","15,881,377.47","4,096.18"
"94001","Inirida","2019","Trimestre 2","71,159,826.54","16,903.04"
"94001","Inirida","2021","Trimestre 2","219,716,044.08","32,145.35"
"94001","Inirida","2022","Trimestre 2","69,290,916.09","9,466.69"
"94001","Inirida","2023","Trimestre 2","55,375,076.64","5,928.19"
"94001","Inirida","2012","Trimestre 3","3,948,258.70","1,344.16"
"94001","Inirida","2013","Trimestre 3","19,749,912.47","7,490.87"
"94001","Inirida","2014","Trimestre 3","245,438,232.74","98,773.02"
"94001","Inirida","2015","Trimestre 3","124,263,820.33","39,984.12"
"94001","Inirida","2016","Trimestre 3","180,929,425.41","30,789.63"
"94001","Inirida","2023","Trimestre 3","49,132,751.72","5,294.36"
"94001","Inirida","2024","Trimestre 3","4,271,342.91","515.71"
"94001","Inirida","2012","Trimestre 3","1,763,411.16","582.75"
"94001","Inirida","2013","Trimestre 3","7,085,364.98","2,517.73"
"94001","Inirida","2014","Trimestre 3","214,467,757.42","85,560.88"
"94001","Inirida","2015","Trimestre 3","309,581,192.62","97,457.63"
"94001","Inirida","2018","Trimestre 3","2,720,679.87","713.85"
"94001","Inirida","2023","Trimestre 3","23,504,434.70","2,607.77"
"94001","Inirida","2012","Trimestre 3","1,030,038.92","341.00"
"94001","Inirida","2013","Trimestre 3","5,766,506.15","2,186.96"
"94001","Inirida","2014","Trimestre 3","150,701,662.22","59,583.17"
"94001","Inirida","2015","Trimestre 3","268,293,123.16","77,790.34"
"94001","Inirida","2016","Trimestre 3","69,951,809.31","11,460.27"
"94001","Inirida","2018","Trimestre 3","6,246,415.13","1,687.02"
"94001","Inirida","2019","Trimestre 3","137,087,976.90","31,570.61"
"94001","Inirida","2021","Trimestre 3","235,880,241.20","34,945.44"
"94001","Inirida","2022","Trimestre 3","125,713,377.07","16,810.07"
"94001","Inirida","2023","Trimestre 3","34,582,772.04","3,948.64"
"94001","Inirida","2012","Trimestre 4","91,228,140.32","28,188.61"
"94001","Inirida","2013","Trimestre 4","91,446,718.20","34,335.10"
"94001","Inirida","2014","Trimestre 4","160,438,743.39","63,861.92"
"94001","Inirida","2015","Trimestre 4","366,482,913.43","103,208.00"
"94001","Inirida","2018","Trimestre 4","32,922,101.36","8,741.86"
"94001","Inirida","2023","Trimestre 4","19,714,621.00","2,352.98"
"94001","Inirida","2012","Trimestre 4","123,660,817.53","38,119.19"
"94001","Inirida","2013","Trimestre 4","128,133,721.94","50,166.78"
"94001","Inirida","2014","Trimestre 4","203,711,189.74","79,121.22"
"94001","Inirida","2015","Trimestre 4","310,687,998.73","88,757.43"
"94001","Inirida","2018","Trimestre 4","35,200,024.09","9,222.58"
"94001","Inirida","2012","Trimestre 4","132,794,913.58","40,727.09"
"94001","Inirida","2013","Trimestre 4","162,220,251.70","64,284.23"
"94001","Inirida","2014","Trimestre 4","389,456,650.24","151,370.23"
"94001","Inirida","2015","Trimestre 4","278,633,212.80","83,256.22"
"94001","Inirida","2016","Trimestre 4","54,035.42","14.58"
"94001","Inirida","2018","Trimestre 4","67,728,362.86","17,540.99"
"94001","Inirida","2019","Trimestre 4","348,789,157.60","68,277.49"
"94001","Inirida","2020","Trimestre 4","69,376,961.73","12,387.81"
"94001","Inirida","2021","Trimestre 4","119,209,086.42","16,804.71"
"94001","Inirida","2022","Trimestre 4","138,374,950.30","18,039.39"
"94001","Inirida","2023","Trimestre 4","140,476,941.14","17,366.69"
"95001","San Jose del Guaviare","2015","Trimestre 2","634,582.40","206.52"
"97666","Taraira","2012","Trimestre 1","344,402.87","109.29"
"99001","Puerto Carreño","2019","Trimestre 3","3,627,545.55","796.24"
"99001","Puerto Carreño","2023","Trimestre 4","4,015,781.82","508.03"
"99001","Puerto Carreño","2018","Trimestre 4","12,331,729.85","3,201.15"
"99773","Cumaribo","2019","Trimestre 4","9,251,842.81","1,752.10"
